plot_id,plot_number,area_name,plot_area_sqft,zoning,ownership_type,registration_date,last_transfer_date,market_value_aed,is_mortgaged,developer_id
PLOT-000001,162-A,Dubai Creek Harbour,229421,Mixed,Leasehold,2009-09-11,2017-09-06,262854393,True,DEV-0164
PLOT-000002,5672-A,Motor City,11971,Mixed,Freehold,2008-09-07,2016-10-15,58544788,True,DEV-0079
PLOT-000003,5352-A,Jebel Ali,413762,Mixed,Freehold,2002-10-29,2022-07-08,443501237,False,DEV-0152
PLOT-000004,5274-C,DIFC,453325,Commercial,Leasehold,2013-09-09,2024-04-02,79514899,True,DEV-0118
PLOT-000005,7917-E,JLT,351796,Mixed,Leasehold,2007-04-28,2022-10-30,235137320,True,DEV-0076
PLOT-000006,9629-A,Dubai Marina,189082,Residential,Leasehold,2021-03-06,2021-12-03,464210053,False,DEV-0066
PLOT-000007,4631-E,Sports City,305793,Residential,Freehold,2019-01-19,2018-05-03,231013860,False,DEV-0046
PLOT-000008,3595-D,Sports City,117437,Residential,Government,2003-06-29,2024-10-28,258873270,False,DEV-0029
PLOT-000009,905-E,Muhaisnah,55815,Industrial,Leasehold,2015-10-10,2017-06-28,191346260,True,DEV-0050
PLOT-000010,2136-C,Umm Suqeim,422021,Residential,Freehold,2019-09-28,2015-01-30,346842738,True,DEV-0057
PLOT-000011,8704-E,Nad Al Sheba,105391,Industrial,Government,2000-01-12,2019-11-19,19260820,False,DEV-0156
PLOT-000012,3969-A,Dubai Creek Harbour,85218,Industrial,Freehold,2005-02-08,2018-08-29,357119503,False,DEV-0138
PLOT-000013,3737-E,Dubai Land,194390,Residential,Leasehold,2019-09-12,2023-04-21,16650924,True,DEV-0051
PLOT-000014,6660-D,Dubai South,205847,Industrial,Leasehold,2012-10-02,2020-04-16,369804032,False,DEV-0099
PLOT-000015,2380-B,Dubai Land,286512,Residential,Freehold,2019-03-31,2017-08-31,432288665,True,DEV-0166
PLOT-000016,8139-C,Ras Al Khor,426081,Commercial,Freehold,2003-04-20,2018-08-19,153242223,False,DEV-0004
PLOT-000017,4317-E,Muhaisnah,154835,Commercial,Government,2013-06-04,2019-07-14,316282027,True,DEV-0062
PLOT-000018,1226-A,Al Twar,467784,Residential,Leasehold,2010-12-04,2023-12-10,129718240,False,DEV-0168
PLOT-000019,8476-C,Dubai South,246134,Commercial,Freehold,2010-07-01,2015-06-23,138751343,False,DEV-0171
PLOT-000020,9900-D,Al Karama,499316,Mixed,Leasehold,2017-10-22,2015-02-02,210640360,False,DEV-0133
PLOT-000021,1710-A,Dubailand,360875,Industrial,Freehold,2010-02-26,2024-10-16,112701201,False,DEV-0084
PLOT-000022,1598-E,Al Twar,362040,Commercial,Government,2019-08-11,2015-08-04,216741565,False,DEV-0022
PLOT-000023,267-B,Umm Suqeim,159539,Mixed,Leasehold,2023-06-05,2020-05-11,223265797,False,DEV-0012
PLOT-000024,3480-B,Jumeirah,177040,Commercial,Leasehold,2016-01-21,2019-06-11,22611508,True,DEV-0140
PLOT-000025,3673-E,Al Quoz,258080,Commercial,Leasehold,2023-07-31,2021-12-15,58615865,True,DEV-0169
PLOT-000026,1987-C,Deira,143208,Residential,Government,2020-09-22,2024-10-20,111838187,False,DEV-0080
PLOT-000027,8450-E,Dubai Marina,395478,Residential,Freehold,2016-01-11,2020-06-02,188211609,True,DEV-0097
PLOT-000028,8852-E,Al Wasl,332607,Industrial,Leasehold,2016-11-13,2022-07-28,95087699,True,DEV-0145
PLOT-000029,5987-C,Al Satwa,379354,Industrial,Freehold,2020-07-15,2015-08-01,447526732,False,DEV-0022
PLOT-000030,379-D,Al Safa,268402,Industrial,Government,2019-03-20,2017-11-10,147750602,True,DEV-0122
PLOT-000031,4653-E,Al Satwa,455455,Industrial,Leasehold,2010-11-10,2021-07-21,400986085,False,DEV-0181
PLOT-000032,6962-B,Umm Suqeim,97904,Industrial,Government,2015-12-18,2024-06-04,489622788,True,DEV-0047
PLOT-000033,8736-C,Al Safa,120834,Mixed,Freehold,2005-01-17,2021-11-20,84842634,False,DEV-0175
PLOT-000034,3492-C,Dubai Land,154790,Commercial,Freehold,2010-02-14,2021-03-09,356053313,True,DEV-0090
PLOT-000035,9283-C,Al Qusais,106091,Green,Leasehold,2015-10-19,2021-12-04,124731854,False,DEV-0154
PLOT-000036,67-B,DIFC,183355,Mixed,Freehold,2013-02-16,2016-01-07,130705041,True,DEV-0153
PLOT-000037,5777-D,Al Mizhar,473748,Commercial,Leasehold,2006-02-13,2021-07-22,231371017,False,DEV-0101
PLOT-000038,2266-E,Al Satwa,322603,Residential,Government,2018-02-26,2019-11-05,364387462,False,DEV-0167
PLOT-000039,9657-B,Town Square,279324,Industrial,Freehold,2008-03-28,2020-07-12,356382336,True,DEV-0040
PLOT-000040,2663-C,JLT,25216,Residential,Leasehold,2007-06-22,2021-01-01,230124090,False,DEV-0008
PLOT-000041,845-B,DIFC,17499,Residential,Government,2014-05-07,2023-09-04,271000411,True,DEV-0010
PLOT-000042,5167-B,Dubai South,478828,Residential,Freehold,2017-04-01,2020-01-02,316063429,False,DEV-0168
PLOT-000043,8063-D,Al Qusais,107597,Residential,Leasehold,2009-10-14,2019-08-26,255615606,False,DEV-0022
PLOT-000044,1775-B,Muhaisnah,269679,Mixed,Leasehold,2020-03-25,2023-05-06,279479286,True,DEV-0101
PLOT-000045,8587-E,Dubai Hills Estate,71991,Mixed,Leasehold,2018-07-26,2015-05-16,185392538,False,DEV-0068
PLOT-000046,9143-C,Al Qusais,137637,Residential,Leasehold,2020-01-05,2022-10-25,326761052,True,DEV-0044
PLOT-000047,7419-C,Jumeirah,10907,Commercial,Leasehold,2004-04-05,2022-07-06,244531892,False,DEV-0127
PLOT-000048,8352-D,Jebel Ali,497680,Commercial,Leasehold,2017-04-02,2022-02-09,448544482,True,DEV-0048
PLOT-000049,8512-B,DIFC,42870,Residential,Freehold,2002-02-19,2021-05-29,129864297,True,DEV-0097
PLOT-000050,2161-A,Downtown Dubai,85203,Commercial,Freehold,2012-03-16,2016-07-07,342549742,True,DEV-0060
PLOT-000051,4053-D,Umm Suqeim,38262,Commercial,Freehold,2008-04-29,2018-06-17,372008503,False,DEV-0026
PLOT-000052,4861-D,DIFC,485374,Industrial,Freehold,2005-06-12,2016-02-27,20879746,False,DEV-0056
PLOT-000053,7783-B,JVC,164875,Mixed,Leasehold,2008-10-28,2022-12-10,99059966,True,DEV-0189
PLOT-000054,7283-C,Muhaisnah,236803,Mixed,Government,2000-01-24,2024-05-26,59617842,True,DEV-0196
PLOT-000055,3758-E,Umm Suqeim,92924,Commercial,Freehold,2008-01-08,2024-02-05,267454873,False,DEV-0040
PLOT-000056,2639-A,Jebel Ali,10614,Residential,Leasehold,2002-10-10,2024-02-14,426073599,False,DEV-0137
PLOT-000057,5646-E,Discovery Gardens,183558,Commercial,Freehold,2021-03-27,2023-05-23,216316708,False,DEV-0052
PLOT-000058,7270-A,Al Barsha,312233,Residential,Leasehold,2008-12-29,2022-07-10,266748395,True,DEV-0026
PLOT-000059,9398-B,Dubai South,139945,Residential,Leasehold,2021-06-01,2018-12-13,111184159,False,DEV-0087
PLOT-000060,6999-E,Emaar Beachfront,405829,Commercial,Freehold,2009-01-04,2017-02-03,290628865,False,DEV-0079
PLOT-000061,4896-C,Dubai Investment Park,218947,Mixed,Leasehold,2015-02-28,2022-10-21,13277835,True,DEV-0190
PLOT-000062,4876-E,Downtown Dubai,287614,Residential,Freehold,2023-12-11,2016-10-22,74845377,False,DEV-0076
PLOT-000063,8953-E,Jebel Ali,372395,Commercial,Freehold,2007-08-14,2024-11-28,254744614,True,DEV-0040
PLOT-000064,2549-B,Bur Dubai,257453,Mixed,Freehold,2007-02-27,2017-07-24,435140767,False,DEV-0085
PLOT-000065,9163-B,JVC,302287,Mixed,Government,2001-08-23,2020-05-10,400820946,True,DEV-0079
PLOT-000066,8885-E,International City,24165,Residential,Government,2018-03-02,2016-02-12,493177258,False,DEV-0058
PLOT-000067,7327-D,Al Qusais,336216,Residential,Freehold,2011-06-08,2022-06-18,253674175,True,DEV-0037
PLOT-000068,1937-E,Jebel Ali,42535,Commercial,Government,2008-01-05,2020-11-19,59328626,True,DEV-0077
PLOT-000069,8588-C,Emaar Beachfront,363767,Residential,Government,2022-03-16,2022-07-28,323734378,False,DEV-0060
PLOT-000070,4431-B,Ras Al Khor,292498,Commercial,Freehold,2014-03-23,2024-10-11,159341244,False,DEV-0176
PLOT-000071,5253-B,Dubai Marina,93921,Commercial,Freehold,2006-07-09,2015-04-17,385940472,False,DEV-0084
PLOT-000072,9510-C,Arabian Ranches,119228,Residential,Leasehold,2012-11-11,2022-03-28,469950380,True,DEV-0084
PLOT-000073,2235-E,Downtown Dubai,387745,Industrial,Freehold,2000-06-16,2020-09-24,395286774,False,DEV-0039
PLOT-000074,5786-A,Dubai South,377430,Residential,Freehold,2015-10-20,2015-01-24,212510547,False,DEV-0098
PLOT-000075,6019-B,Dubai Marina,353356,Residential,Government,2014-01-24,2022-05-09,479677177,False,DEV-0036
PLOT-000076,9980-C,Warqa,466744,Residential,Freehold,2022-08-18,2020-11-14,321360563,False,DEV-0101
PLOT-000077,6537-B,Dubailand,409922,Residential,Leasehold,2011-10-08,2021-06-18,102945052,False,DEV-0174
PLOT-000078,9707-B,Business Bay,45418,Mixed,Government,2006-07-27,2019-07-25,473994224,True,DEV-0189
PLOT-000079,3505-D,Mirdif,382948,Commercial,Government,2008-12-30,2017-05-22,455593246,True,DEV-0139
PLOT-000080,7599-E,Al Karama,379783,Residential,Freehold,2010-09-19,2015-11-23,473376094,True,DEV-0135
PLOT-000081,4967-D,Nad Al Sheba,40358,Commercial,Freehold,2017-06-14,2022-07-10,238816409,True,DEV-0169
PLOT-000082,7655-E,Nad Al Sheba,405833,Commercial,Freehold,2015-03-15,2018-08-27,188206865,False,DEV-0037
PLOT-000083,9438-D,Al Furjan,437270,Mixed,Leasehold,2023-05-10,2017-06-22,79863295,False,DEV-0040
PLOT-000084,9671-E,Discovery Gardens,35600,Residential,Leasehold,2008-07-31,2017-12-12,382478808,False,DEV-0106
PLOT-000085,7217-E,Dubai Creek Harbour,158268,Residential,Leasehold,2000-01-31,2020-09-13,274047550,False,DEV-0009
PLOT-000086,1914-A,DIFC,62202,Mixed,Freehold,2014-12-15,2015-12-30,209621089,True,DEV-0155
PLOT-000087,8074-B,Arabian Ranches,135745,Commercial,Leasehold,2001-10-28,2015-01-21,198186806,True,DEV-0155
PLOT-000088,9849-D,Motor City,56844,Mixed,Freehold,2019-04-28,2017-06-22,174878375,False,DEV-0076
PLOT-000089,3315-B,Dubai Investment Park,440816,Commercial,Leasehold,2018-01-26,2016-07-17,12434208,False,DEV-0068
PLOT-000090,3628-D,Nad Al Sheba,402198,Mixed,Leasehold,2021-12-18,2024-09-02,233095307,False,DEV-0008
PLOT-000091,8711-A,Deira,99480,Industrial,Freehold,2001-09-28,2017-01-01,137190186,False,DEV-0182
PLOT-000092,8352-D,Al Safa,196848,Mixed,Government,2018-09-11,2020-09-18,436123835,True,DEV-0047
PLOT-000093,427-C,Ras Al Khor,381696,Residential,Leasehold,2016-09-07,2016-01-28,414804856,True,DEV-0020
PLOT-000094,7248-A,Arabian Ranches,188438,Commercial,Freehold,2019-09-09,2015-09-03,483349967,False,DEV-0005
PLOT-000095,9239-E,Nad Al Sheba,480262,Mixed,Freehold,2000-09-29,2023-06-22,20291110,False,DEV-0072
PLOT-000096,8223-A,Dubai Marina,409258,Industrial,Freehold,2020-06-26,2021-09-23,476836953,False,DEV-0084
PLOT-000097,1868-E,Al Wasl,314199,Residential,Freehold,2019-02-11,2020-10-11,494676687,True,DEV-0057
PLOT-000098,4688-E,Bur Dubai,269141,Green,Freehold,2020-05-12,2023-08-14,192700390,False,DEV-0102
PLOT-000099,6401-E,Al Mizhar,291787,Mixed,Leasehold,2002-11-01,2016-10-09,55242824,False,DEV-0170
PLOT-000100,4433-B,Dubai Marina,474147,Residential,Freehold,2008-03-09,2016-10-13,288365818,False,DEV-0107
PLOT-000101,5428-E,Deira,40118,Residential,Government,2002-04-01,2016-12-28,34219395,True,DEV-0102
PLOT-000102,1003-B,Dubai Investment Park,332549,Residential,Freehold,2003-01-01,2021-08-13,326027221,True,DEV-0029
PLOT-000103,3434-B,JLT,257929,Residential,Freehold,2020-04-26,2015-07-29,2112969,False,DEV-0134
PLOT-000104,9934-D,Al Karama,149826,Residential,Freehold,2020-03-17,2019-10-23,491697040,False,DEV-0145
PLOT-000105,3424-A,Emaar Beachfront,121033,Residential,Freehold,2001-07-07,2023-01-24,489395354,False,DEV-0073
PLOT-000106,325-A,Al Barsha,459171,Mixed,Leasehold,2016-09-30,2016-10-02,10082829,True,DEV-0043
PLOT-000107,993-B,JVC,337972,Residential,Freehold,2008-03-03,2024-11-30,316946347,False,DEV-0170
PLOT-000108,1246-E,JVC,145296,Commercial,Freehold,2007-09-24,2023-12-26,42884167,True,DEV-0073
PLOT-000109,9370-A,Al Quoz,325783,Industrial,Government,2016-03-06,2019-07-29,198835902,True,DEV-0045
PLOT-000110,2543-C,JVC,33843,Mixed,Leasehold,2022-06-06,2017-07-17,258384392,False,DEV-0067
PLOT-000111,7482-D,Dubai South,61009,Residential,Freehold,2010-12-22,2023-04-13,337248949,False,DEV-0180
PLOT-000112,8592-C,Arabian Ranches,482756,Residential,Government,2007-01-23,2023-11-04,277376619,True,DEV-0062
PLOT-000113,6191-A,Al Barsha,196778,Residential,Freehold,2020-01-16,2019-11-22,9241913,False,DEV-0013
PLOT-000114,235-A,Al Wasl,484171,Residential,Freehold,2005-02-09,2020-04-16,154451379,False,DEV-0096
PLOT-000115,396-A,Warqa,124473,Residential,Leasehold,2007-07-18,2018-11-02,23261931,True,DEV-0070
PLOT-000116,5600-E,Discovery Gardens,465076,Industrial,Government,2023-04-20,2021-06-15,44688639,True,DEV-0141
PLOT-000117,2813-A,Arabian Ranches,161762,Industrial,Leasehold,2004-07-22,2022-01-09,95115676,True,DEV-0147
PLOT-000118,5120-E,Bur Dubai,299030,Residential,Leasehold,2023-05-12,2017-07-01,363269509,False,DEV-0145
PLOT-000119,917-A,Warqa,97568,Commercial,Freehold,2016-04-23,2017-11-19,77280555,False,DEV-0080
PLOT-000120,9137-C,Discovery Gardens,304272,Industrial,Government,2014-02-12,2017-09-08,112765554,False,DEV-0189
PLOT-000121,8610-D,Town Square,20432,Commercial,Freehold,2002-11-15,2017-03-28,343011497,True,DEV-0188
PLOT-000122,419-E,Downtown Dubai,176323,Residential,Freehold,2000-04-29,2016-05-22,404652647,False,DEV-0038
PLOT-000123,5557-B,Sports City,77635,Residential,Leasehold,2010-02-16,2017-03-07,471435038,True,DEV-0154
PLOT-000124,1597-A,Business Bay,464600,Residential,Freehold,2020-03-04,2024-01-21,487279319,False,DEV-0054
PLOT-000125,331-A,Al Wasl,323239,Commercial,Freehold,2005-06-21,2018-11-22,412033504,False,DEV-0168
PLOT-000126,6548-D,Emaar Beachfront,441210,Residential,Leasehold,2000-05-15,2018-05-22,180922253,False,DEV-0098
PLOT-000127,9778-A,Arabian Ranches,378812,Mixed,Freehold,2000-07-12,2024-10-06,203669485,True,DEV-0002
PLOT-000128,3401-A,Al Mizhar,254090,Residential,Freehold,2019-02-23,2024-05-19,390168076,False,DEV-0038
PLOT-000129,6685-D,Dubai Marina,22298,Residential,Leasehold,2004-02-19,2020-12-04,29367198,False,DEV-0048
PLOT-000130,6842-D,Ras Al Khor,136103,Mixed,Freehold,2016-01-07,2017-03-25,330396856,False,DEV-0003
PLOT-000131,6378-B,Al Quoz,139344,Mixed,Leasehold,2003-12-16,2017-05-16,322825880,True,DEV-0043
PLOT-000132,1534-C,Dubailand,78588,Residential,Freehold,2019-08-22,2017-01-21,436840023,False,DEV-0117
PLOT-000133,5824-B,Al Furjan,137993,Mixed,Leasehold,2001-11-13,2018-09-23,140817904,True,DEV-0154
PLOT-000134,2512-D,Town Square,48235,Industrial,Leasehold,2022-01-14,2015-05-15,375300682,False,DEV-0162
PLOT-000135,3492-C,Discovery Gardens,267830,Mixed,Freehold,2004-07-05,2022-09-14,478857619,False,DEV-0092
PLOT-000136,8027-C,Al Wasl,21435,Mixed,Freehold,2014-02-08,2024-06-16,383144848,False,DEV-0116
PLOT-000137,3622-C,Al Karama,236252,Mixed,Leasehold,2000-07-04,2018-11-02,469313958,True,DEV-0199
PLOT-000138,2969-E,Motor City,200848,Residential,Leasehold,2015-04-07,2018-01-22,252784366,False,DEV-0016
PLOT-000139,2216-E,Umm Suqeim,289160,Mixed,Government,2020-05-11,2015-04-19,40490024,False,DEV-0042
PLOT-000140,9327-B,Al Satwa,55169,Commercial,Leasehold,2012-05-07,2021-02-03,174813131,True,DEV-0159
PLOT-000141,8426-E,DIFC,459599,Industrial,Government,2005-06-06,2016-12-16,211559164,False,DEV-0103
PLOT-000142,3454-B,Dubai Investment Park,316366,Industrial,Leasehold,2021-08-18,2021-08-25,234869664,True,DEV-0111
PLOT-000143,3114-C,Al Barsha,386248,Residential,Freehold,2009-01-17,2022-03-13,466115400,True,DEV-0155
PLOT-000144,4190-D,JLT,263942,Commercial,Freehold,2019-04-07,2020-02-23,414722090,False,DEV-0081
PLOT-000145,4627-C,Umm Suqeim,132484,Commercial,Leasehold,2004-05-25,2024-05-30,492586666,True,DEV-0183
PLOT-000146,5448-B,Downtown Dubai,323344,Residential,Freehold,2018-11-08,2019-02-11,229256119,False,DEV-0027
PLOT-000147,9249-C,Al Safa,104911,Residential,Freehold,2002-02-20,2016-04-21,454504100,False,DEV-0057
PLOT-000148,2637-D,Al Qusais,433206,Residential,Freehold,2022-06-26,2016-04-17,161477252,False,DEV-0074
PLOT-000149,5250-E,Arabian Ranches,12474,Commercial,Freehold,2018-01-25,2018-07-13,59572322,False,DEV-0198
PLOT-000150,7338-B,JVC,203560,Mixed,Freehold,2016-08-27,2023-03-20,442104414,False,DEV-0072
PLOT-000151,8416-A,JLT,331075,Residential,Freehold,2011-04-29,2020-05-22,84564536,True,DEV-0163
PLOT-000152,6179-B,Ras Al Khor,494542,Commercial,Freehold,2023-05-12,2023-01-22,241654764,False,DEV-0143
PLOT-000153,1977-C,Al Barsha,114599,Residential,Leasehold,2019-11-27,2015-08-21,280118368,True,DEV-0169
PLOT-000154,1125-E,JVC,361983,Residential,Freehold,2015-11-20,2016-09-14,480992865,False,DEV-0056
PLOT-000155,1154-A,Town Square,479906,Residential,Leasehold,2018-01-04,2019-10-25,443235723,False,DEV-0135
PLOT-000156,464-E,Arabian Ranches,403694,Mixed,Government,2004-07-20,2024-06-11,35078950,True,DEV-0045
PLOT-000157,317-C,Al Furjan,290896,Residential,Government,2000-06-14,2019-05-27,309055229,False,DEV-0169
PLOT-000158,8922-D,Al Karama,16288,Residential,Freehold,2005-04-27,2017-07-11,51936322,False,DEV-0054
PLOT-000159,579-E,Al Qusais,11066,Mixed,Government,2004-12-05,2019-03-12,340119425,False,DEV-0110
PLOT-000160,1528-A,Dubailand,492516,Commercial,Freehold,2009-08-05,2023-07-10,284881776,False,DEV-0198
PLOT-000161,2977-D,Jebel Ali,490764,Mixed,Leasehold,2020-06-12,2023-12-05,293942733,True,DEV-0080
PLOT-000162,8604-A,JLT,349815,Residential,Freehold,2018-05-26,2023-08-30,485174439,True,DEV-0166
PLOT-000163,560-A,Al Qusais,166404,Residential,Freehold,2001-09-23,2023-06-18,365684323,True,DEV-0103
PLOT-000164,8587-C,Jumeirah,62837,Mixed,Freehold,2014-03-11,2018-06-20,21581885,False,DEV-0141
PLOT-000165,6713-A,Jebel Ali,314031,Commercial,Freehold,2017-01-30,2019-10-01,330962131,False,DEV-0007
PLOT-000166,6771-D,Al Satwa,413165,Residential,Freehold,2005-10-12,2016-09-12,120876382,False,DEV-0170
PLOT-000167,522-E,Palm Jumeirah,347261,Mixed,Freehold,2021-05-27,2023-02-03,247547326,False,DEV-0110
PLOT-000168,3222-A,Al Quoz,479828,Residential,Leasehold,2006-12-31,2021-02-25,220507050,False,DEV-0055
PLOT-000169,1839-B,Al Safa,336304,Residential,Freehold,2005-12-26,2017-05-09,363151285,False,DEV-0115
PLOT-000170,867-A,Dubai Hills Estate,419488,Residential,Freehold,2017-11-20,2015-09-14,108720999,True,DEV-0200
PLOT-000171,6825-A,Dubai Investment Park,213739,Residential,Government,2011-10-29,2018-01-26,439004887,True,DEV-0048
PLOT-000172,1450-C,International City,411672,Mixed,Freehold,2022-07-09,2016-12-27,18254148,False,DEV-0084
PLOT-000173,1423-E,Al Barsha,399786,Commercial,Leasehold,2004-08-16,2016-03-22,317389915,False,DEV-0044
PLOT-000174,2193-B,Arabian Ranches,318371,Mixed,Freehold,2005-01-07,2022-06-02,214791346,False,DEV-0072
PLOT-000175,5169-E,Dubai South,254075,Residential,Government,2009-10-02,2018-10-19,249646182,False,DEV-0017
PLOT-000176,7729-C,Business Bay,395489,Commercial,Leasehold,2002-12-12,2017-11-06,348723947,False,DEV-0112
PLOT-000177,3665-D,Dubai Hills Estate,361478,Commercial,Government,2012-02-22,2019-08-07,220818521,False,DEV-0188
PLOT-000178,1949-B,Al Quoz,388090,Residential,Leasehold,2020-12-10,2021-03-07,476858372,False,DEV-0056
PLOT-000179,8033-E,Al Qusais,67726,Residential,Freehold,2017-06-29,2016-01-27,94245360,False,DEV-0119
PLOT-000180,6789-C,Al Qusais,39492,Industrial,Leasehold,2012-02-15,2022-11-10,63687975,False,DEV-0027
PLOT-000181,7690-E,Al Barsha,377549,Commercial,Freehold,2001-03-22,2021-02-20,91742349,False,DEV-0043
PLOT-000182,1061-E,Al Safa,248533,Residential,Freehold,2002-03-04,2017-04-19,316065262,False,DEV-0079
PLOT-000183,3869-B,Bur Dubai,432389,Mixed,Freehold,2009-06-01,2016-10-01,363148647,False,DEV-0005
PLOT-000184,7022-A,Jumeirah,135580,Green,Freehold,2009-08-18,2015-11-02,428572326,True,DEV-0037
PLOT-000185,1200-D,Umm Suqeim,236810,Mixed,Freehold,2002-10-06,2016-06-06,282834883,False,DEV-0045
PLOT-000186,1862-C,Nad Al Sheba,468422,Residential,Leasehold,2012-07-13,2015-12-25,424617191,True,DEV-0066
PLOT-000187,4906-B,Business Bay,373827,Industrial,Leasehold,2004-01-02,2018-01-08,444604627,False,DEV-0048
PLOT-000188,6186-C,Palm Jumeirah,300245,Mixed,Freehold,2008-02-11,2021-01-16,234624011,False,DEV-0154
PLOT-000189,3076-C,Al Quoz,43036,Commercial,Freehold,2019-08-13,2018-02-01,400815064,True,DEV-0115
PLOT-000190,1174-C,Dubai Marina,309413,Commercial,Freehold,2017-06-02,2022-09-06,123837344,False,DEV-0036
PLOT-000191,33-D,Al Karama,248145,Residential,Government,2011-10-28,2020-07-03,142592782,False,DEV-0194
PLOT-000192,1844-B,Emaar Beachfront,370720,Residential,Leasehold,2008-04-12,2023-06-01,250906440,False,DEV-0158
PLOT-000193,7310-A,Nad Al Sheba,133454,Residential,Government,2006-12-01,2021-09-01,339551820,True,DEV-0075
PLOT-000194,6542-D,JLT,101557,Industrial,Leasehold,2023-08-07,2020-08-26,313717507,False,DEV-0072
PLOT-000195,2974-E,Bur Dubai,484999,Residential,Freehold,2013-06-22,2016-11-16,66111711,False,DEV-0103
PLOT-000196,2987-C,Business Bay,346975,Industrial,Freehold,2019-08-24,2017-07-28,92614754,True,DEV-0153
PLOT-000197,5769-E,Dubai Creek Harbour,453234,Residential,Freehold,2015-01-19,2016-09-14,416195466,True,DEV-0085
PLOT-000198,200-E,Mirdif,344119,Mixed,Leasehold,2006-07-14,2016-12-20,302738283,False,DEV-0050
PLOT-000199,703-D,Al Mizhar,221477,Industrial,Freehold,2003-01-04,2017-10-28,354228627,True,DEV-0148
PLOT-000200,1438-E,Business Bay,424316,Commercial,Leasehold,2002-05-10,2015-12-05,113539649,True,DEV-0078
PLOT-000201,9777-C,Deira,467483,Commercial,Leasehold,2012-05-19,2022-01-28,97971835,False,DEV-0131
PLOT-000202,6939-B,Al Quoz,40212,Residential,Government,2016-08-09,2018-07-09,50067927,False,DEV-0119
PLOT-000203,5220-B,JLT,85128,Commercial,Leasehold,2017-11-13,2021-03-09,7465976,True,DEV-0182
PLOT-000204,1739-E,Warqa,485550,Residential,Freehold,2017-03-04,2015-10-22,392150428,False,DEV-0134
PLOT-000205,3212-E,Umm Suqeim,473746,Commercial,Freehold,2014-01-11,2024-04-13,269760131,False,DEV-0134
PLOT-000206,1697-C,Bur Dubai,212097,Residential,Freehold,2004-12-13,2021-04-13,107963489,False,DEV-0171
PLOT-000207,3625-D,Al Wasl,409663,Commercial,Freehold,2005-02-18,2022-09-08,172468814,True,DEV-0088
PLOT-000208,6025-C,Ras Al Khor,297741,Residential,Government,2015-02-07,2018-03-15,186734836,False,DEV-0166
PLOT-000209,5150-B,Nad Al Sheba,227664,Residential,Freehold,2012-06-23,2021-08-08,349268524,False,DEV-0016
PLOT-000210,728-B,Al Twar,239007,Mixed,Leasehold,2022-10-05,2018-06-06,163831354,False,DEV-0053
PLOT-000211,1708-E,Al Mizhar,463904,Industrial,Leasehold,2006-10-23,2024-12-05,262935789,False,DEV-0037
PLOT-000212,5071-C,Downtown Dubai,265747,Commercial,Freehold,2013-03-17,2022-04-06,4082216,True,DEV-0101
PLOT-000213,8473-A,Deira,163085,Industrial,Leasehold,2009-07-31,2023-06-29,167071431,True,DEV-0154
PLOT-000214,7308-B,Nad Al Sheba,409498,Industrial,Government,2011-05-31,2024-10-30,427691694,False,DEV-0136
PLOT-000215,9022-B,Jebel Ali,292937,Residential,Leasehold,2003-05-30,2021-02-02,167490499,True,DEV-0178
PLOT-000216,9265-B,Dubai Land,313218,Mixed,Leasehold,2005-02-27,2022-01-31,372963177,False,DEV-0132
PLOT-000217,1048-C,Dubai Creek Harbour,390175,Commercial,Leasehold,2003-03-01,2016-03-26,368808715,False,DEV-0163
PLOT-000218,7008-C,Dubai Land,400220,Commercial,Freehold,2008-08-22,2019-03-28,52061201,False,DEV-0032
PLOT-000219,1586-B,Al Barsha,432588,Mixed,Leasehold,2011-06-27,2015-02-11,408649813,True,DEV-0148
PLOT-000220,7313-B,Al Twar,167259,Mixed,Freehold,2009-08-11,2024-04-19,9857767,True,DEV-0078
PLOT-000221,6964-A,Bur Dubai,12902,Commercial,Freehold,2005-07-21,2016-01-22,367154862,False,DEV-0181
PLOT-000222,9868-C,Jebel Ali,438554,Mixed,Leasehold,2008-05-01,2018-06-10,400346149,False,DEV-0062
PLOT-000223,5836-C,Downtown Dubai,335293,Residential,Leasehold,2005-12-24,2023-12-07,323411861,False,DEV-0012
PLOT-000224,4485-A,Dubailand,365533,Industrial,Freehold,2004-04-22,2024-01-03,160897263,False,DEV-0074
PLOT-000225,3940-D,Dubai Marina,441825,Residential,Leasehold,2000-09-13,2024-11-28,242619450,False,DEV-0029
PLOT-000226,4239-A,Al Barsha,6751,Residential,Freehold,2004-02-29,2023-07-07,411069532,False,DEV-0045
PLOT-000227,8692-D,Warqa,358005,Mixed,Freehold,2011-08-25,2020-04-20,408148322,False,DEV-0071
PLOT-000228,5510-B,Al Qusais,394369,Mixed,Freehold,2021-05-01,2020-04-29,55565473,False,DEV-0154
PLOT-000229,6622-A,Motor City,22882,Green,Freehold,2012-10-03,2021-07-10,469676333,True,DEV-0160
PLOT-000230,3406-D,Dubai Creek Harbour,66564,Mixed,Government,2023-08-10,2020-03-26,256259675,True,DEV-0082
PLOT-000231,8790-D,Arabian Ranches,175675,Residential,Freehold,2013-06-03,2023-10-28,11503013,True,DEV-0172
PLOT-000232,9136-E,DIFC,164416,Residential,Freehold,2005-09-28,2021-07-18,270521439,False,DEV-0007
PLOT-000233,7844-C,Downtown Dubai,305861,Commercial,Freehold,2018-03-29,2017-04-30,363410294,True,DEV-0028
PLOT-000234,5490-C,Warqa,333069,Mixed,Leasehold,2010-12-15,2015-02-24,464046291,True,DEV-0109
PLOT-000235,6528-E,Town Square,38997,Mixed,Freehold,2023-03-27,2018-09-29,474188072,False,DEV-0005
PLOT-000236,7540-A,Al Satwa,219267,Residential,Government,2008-12-07,2023-09-18,70556905,True,DEV-0145
PLOT-000237,9248-D,Al Quoz,80749,Commercial,Leasehold,2015-05-06,2017-09-08,302840580,True,DEV-0103
PLOT-000238,5015-A,Al Twar,27083,Residential,Government,2006-03-05,2021-10-18,94865879,False,DEV-0092
PLOT-000239,2425-C,DIFC,493522,Residential,Freehold,2018-03-11,2024-04-24,25442168,True,DEV-0142
PLOT-000240,2424-C,Sports City,100192,Mixed,Leasehold,2013-06-09,2016-07-02,314703198,False,DEV-0141
PLOT-000241,2130-D,Business Bay,368169,Commercial,Freehold,2017-10-28,2023-06-14,178911014,True,DEV-0022
PLOT-000242,8900-D,Ras Al Khor,433180,Residential,Freehold,2003-07-23,2018-02-13,234875299,True,DEV-0050
PLOT-000243,3776-A,Al Satwa,24899,Residential,Government,2006-06-16,2023-08-27,46766673,True,DEV-0084
PLOT-000244,6545-A,Motor City,19754,Mixed,Freehold,2007-04-26,2016-03-04,245376198,True,DEV-0069
PLOT-000245,9310-B,Jumeirah,161949,Residential,Freehold,2008-08-07,2023-12-23,237246952,False,DEV-0125
PLOT-000246,5135-C,Downtown Dubai,160919,Commercial,Freehold,2018-12-01,2020-09-15,183502037,True,DEV-0059
PLOT-000247,1795-B,Warqa,274355,Mixed,Leasehold,2000-09-02,2020-10-20,51670999,False,DEV-0190
PLOT-000248,4214-C,Palm Jumeirah,442923,Commercial,Government,2011-08-12,2019-12-09,213013458,False,DEV-0065
PLOT-000249,2619-D,Al Twar,201569,Commercial,Freehold,2021-02-15,2017-06-01,176056342,False,DEV-0096
PLOT-000250,9474-C,Muhaisnah,29922,Residential,Freehold,2017-04-15,2024-07-19,414621990,False,DEV-0012
PLOT-000251,6066-C,Dubai Land,20602,Residential,Freehold,2011-03-11,2024-10-04,138535632,True,DEV-0093
PLOT-000252,8772-A,Al Qusais,40656,Commercial,Freehold,2015-09-18,2024-04-03,365286307,False,DEV-0183
PLOT-000253,4129-D,Dubai Land,67900,Mixed,Freehold,2006-01-21,2023-01-25,240876761,True,DEV-0005
PLOT-000254,3267-A,Jebel Ali,368487,Mixed,Government,2015-01-04,2022-12-07,129458756,True,DEV-0147
PLOT-000255,8276-E,JLT,341141,Residential,Freehold,2010-12-07,2023-07-23,469059156,True,DEV-0162
PLOT-000256,4301-D,DIFC,496708,Commercial,Freehold,2019-01-09,2018-03-06,369958712,False,DEV-0180
PLOT-000257,6860-A,Business Bay,21581,Residential,Government,2009-09-13,2015-01-15,213270117,False,DEV-0178
PLOT-000258,1227-A,Nad Al Sheba,481315,Industrial,Leasehold,2012-02-09,2019-10-28,395409996,False,DEV-0063
PLOT-000259,4396-E,Al Quoz,189073,Residential,Government,2021-04-09,2023-01-29,435668253,False,DEV-0027
PLOT-000260,3956-A,Dubai Marina,394823,Residential,Freehold,2011-11-08,2019-07-23,34956638,False,DEV-0054
PLOT-000261,822-D,Dubai Hills Estate,363619,Mixed,Government,2008-11-13,2017-02-17,10149523,True,DEV-0005
PLOT-000262,9397-B,JLT,119539,Mixed,Freehold,2001-05-08,2023-04-05,200370717,True,DEV-0066
PLOT-000263,6116-B,Town Square,30715,Residential,Freehold,2012-11-13,2021-02-02,366996699,False,DEV-0098
PLOT-000264,5169-D,Al Satwa,66038,Residential,Leasehold,2014-01-28,2015-12-13,163300175,False,DEV-0088
PLOT-000265,8186-E,Arabian Ranches,418609,Residential,Leasehold,2006-02-04,2017-09-29,91703757,False,DEV-0172
PLOT-000266,7294-E,JVC,181763,Green,Freehold,2001-05-19,2016-08-07,244050897,True,DEV-0022
PLOT-000267,4546-B,JVC,83071,Commercial,Freehold,2007-01-22,2015-11-29,380852121,False,DEV-0144
PLOT-000268,46-E,Downtown Dubai,254966,Commercial,Freehold,2019-05-13,2024-03-01,347747475,False,DEV-0145
PLOT-000269,333-C,Motor City,341975,Mixed,Freehold,2009-11-30,2021-04-08,24604837,True,DEV-0002
PLOT-000270,557-C,Al Quoz,360405,Residential,Freehold,2007-10-17,2023-06-11,203096096,False,DEV-0079
PLOT-000271,5628-E,Dubai Creek Harbour,186327,Residential,Freehold,2006-12-03,2021-11-16,227159528,True,DEV-0118
PLOT-000272,7824-B,Mirdif,117426,Mixed,Freehold,2020-11-29,2016-02-19,418021438,True,DEV-0129
PLOT-000273,1626-A,DIFC,332789,Commercial,Freehold,2007-02-05,2019-09-10,98874200,False,DEV-0128
PLOT-000274,5374-E,Muhaisnah,138422,Mixed,Freehold,2003-05-08,2015-04-28,422433003,False,DEV-0196
PLOT-000275,9914-E,JVC,8847,Residential,Freehold,2000-01-12,2022-12-23,374489845,False,DEV-0181
PLOT-000276,2045-C,Business Bay,376404,Commercial,Freehold,2014-12-27,2015-04-18,57579223,True,DEV-0172
PLOT-000277,209-B,Sports City,101454,Residential,Leasehold,2017-02-26,2024-01-05,84885818,False,DEV-0060
PLOT-000278,1190-A,Jebel Ali,408868,Residential,Freehold,2008-07-15,2021-07-24,303157286,False,DEV-0151
PLOT-000279,5779-B,Al Quoz,489418,Commercial,Leasehold,2006-09-27,2021-08-24,489855750,True,DEV-0044
PLOT-000280,3994-B,Arabian Ranches,265836,Residential,Leasehold,2013-06-15,2017-03-12,244790495,True,DEV-0008
PLOT-000281,6608-B,Dubailand,265184,Industrial,Leasehold,2023-11-24,2024-02-23,373712513,False,DEV-0030
PLOT-000282,5829-D,JVC,149400,Residential,Freehold,2015-03-01,2023-05-26,439820199,True,DEV-0090
PLOT-000283,7912-A,Nad Al Sheba,261116,Residential,Leasehold,2002-01-25,2021-03-28,144805368,True,DEV-0006
PLOT-000284,9299-D,Dubai Investment Park,208909,Residential,Freehold,2011-02-03,2017-04-08,282066875,True,DEV-0160
PLOT-000285,4958-D,Nad Al Sheba,383131,Industrial,Freehold,2009-04-16,2017-02-03,68425924,True,DEV-0100
PLOT-000286,2197-C,Discovery Gardens,470938,Commercial,Freehold,2000-12-18,2018-06-15,222772634,False,DEV-0084
PLOT-000287,335-E,International City,68077,Residential,Leasehold,2011-06-12,2019-01-08,35927680,False,DEV-0101
PLOT-000288,2530-E,Al Safa,330857,Residential,Freehold,2020-11-10,2021-10-02,279316113,False,DEV-0103
PLOT-000289,5267-D,Al Furjan,192237,Commercial,Leasehold,2004-02-15,2022-10-02,367393765,True,DEV-0069
PLOT-000290,3785-B,Jumeirah,175537,Industrial,Freehold,2020-05-11,2015-01-19,344089088,False,DEV-0066
PLOT-000291,4644-D,Mirdif,426487,Mixed,Freehold,2018-01-25,2021-09-25,122244966,True,DEV-0031
PLOT-000292,2004-A,DIFC,201401,Industrial,Freehold,2021-09-23,2016-02-04,304916346,False,DEV-0044
PLOT-000293,9512-E,International City,325111,Commercial,Leasehold,2000-02-29,2016-10-06,240094874,False,DEV-0144
PLOT-000294,8388-B,Dubai South,465770,Residential,Leasehold,2007-02-05,2017-12-25,389908756,True,DEV-0088
PLOT-000295,2382-D,International City,104025,Commercial,Freehold,2022-10-29,2022-03-25,77449994,True,DEV-0060
PLOT-000296,729-B,Nad Al Sheba,396309,Commercial,Freehold,2013-01-30,2021-09-08,173397498,False,DEV-0101
PLOT-000297,4073-C,Al Quoz,378190,Green,Freehold,2023-07-24,2021-07-09,25988424,False,DEV-0125
PLOT-000298,6436-D,Discovery Gardens,397676,Residential,Freehold,2000-06-16,2020-04-06,49647591,False,DEV-0200
PLOT-000299,4927-B,Bur Dubai,279236,Mixed,Freehold,2017-05-03,2021-01-21,27189163,False,DEV-0127
PLOT-000300,5966-D,Al Quoz,384600,Industrial,Government,2010-04-11,2016-12-20,271390982,True,DEV-0127
PLOT-000301,7791-B,Ras Al Khor,478723,Commercial,Freehold,2007-02-03,2022-02-19,414814324,False,DEV-0155
PLOT-000302,1359-C,Dubai Investment Park,73283,Residential,Freehold,2010-01-01,2017-09-03,66952642,True,DEV-0036
PLOT-000303,2233-D,Dubailand,74744,Industrial,Freehold,2005-05-26,2021-11-26,190577637,False,DEV-0151
PLOT-000304,5778-C,Emaar Beachfront,428507,Residential,Government,2004-07-13,2023-11-04,169322622,True,DEV-0174
PLOT-000305,8675-E,Jumeirah,401117,Industrial,Freehold,2021-12-09,2021-09-25,210304673,False,DEV-0100
PLOT-000306,6074-C,Al Wasl,132735,Commercial,Leasehold,2015-01-10,2017-01-16,280974550,False,DEV-0109
PLOT-000307,1607-B,Dubailand,139425,Green,Government,2000-09-15,2017-10-13,183041434,False,DEV-0157
PLOT-000308,2582-E,Al Mizhar,190426,Commercial,Government,2023-08-06,2017-01-29,232220844,True,DEV-0027
PLOT-000309,2082-B,Muhaisnah,316449,Residential,Government,2017-01-19,2017-06-17,423795774,False,DEV-0068
PLOT-000310,7982-E,Arabian Ranches,85506,Residential,Leasehold,2009-02-20,2022-07-30,173825553,False,DEV-0173
PLOT-000311,5108-B,Dubai Hills Estate,37499,Residential,Leasehold,2001-10-18,2020-10-17,495755283,True,DEV-0018
PLOT-000312,9569-C,Dubai South,194238,Industrial,Leasehold,2011-12-17,2016-05-28,299934114,True,DEV-0154
PLOT-000313,6960-B,Downtown Dubai,86935,Industrial,Leasehold,2017-06-14,2023-12-06,440924316,True,DEV-0177
PLOT-000314,1998-E,Dubailand,31467,Mixed,Government,2002-05-14,2015-04-18,357701034,False,DEV-0145
PLOT-000315,300-B,Nad Al Sheba,153151,Green,Freehold,2000-05-14,2021-02-18,67818419,False,DEV-0064
PLOT-000316,5464-C,Al Mizhar,120842,Industrial,Freehold,2002-09-23,2021-06-15,300925945,False,DEV-0043
PLOT-000317,3884-E,Deira,52602,Mixed,Leasehold,2000-04-21,2016-07-19,31938333,False,DEV-0176
PLOT-000318,4727-E,Bur Dubai,67174,Commercial,Freehold,2004-07-20,2020-05-12,92854694,True,DEV-0183
PLOT-000319,5752-C,Umm Suqeim,326242,Residential,Freehold,2007-08-07,2019-12-13,51314412,False,DEV-0004
PLOT-000320,4846-B,DIFC,334819,Commercial,Leasehold,2004-01-06,2017-09-15,91791303,True,DEV-0069
PLOT-000321,4377-D,Dubai Hills Estate,297393,Mixed,Government,2013-02-23,2024-02-05,304552545,False,DEV-0161
PLOT-000322,8877-B,Al Mizhar,302237,Green,Freehold,2013-04-03,2016-01-06,164139167,False,DEV-0145
PLOT-000323,1306-C,Dubai South,419604,Residential,Freehold,2017-01-04,2017-11-01,19667493,True,DEV-0199
PLOT-000324,3466-E,Downtown Dubai,311289,Residential,Government,2011-01-26,2018-02-22,93638708,True,DEV-0162
PLOT-000325,3221-E,Dubailand,64734,Residential,Government,2013-03-12,2022-04-03,327766401,True,DEV-0031
PLOT-000326,6179-C,Jebel Ali,324125,Residential,Leasehold,2002-11-12,2018-03-07,232603566,True,DEV-0170
PLOT-000327,1345-A,Dubai Creek Harbour,100420,Residential,Leasehold,2004-08-09,2019-02-20,290543624,True,DEV-0093
PLOT-000328,4616-B,Warqa,123347,Residential,Leasehold,2019-05-10,2023-08-04,69168764,False,DEV-0182
PLOT-000329,1749-D,Al Safa,410092,Mixed,Government,2020-08-04,2023-08-17,329791415,False,DEV-0135
PLOT-000330,3301-D,Al Karama,442836,Residential,Government,2011-02-11,2019-01-28,225689824,True,DEV-0173
PLOT-000331,5216-B,Umm Suqeim,420287,Residential,Freehold,2011-07-04,2024-11-16,291050972,True,DEV-0029
PLOT-000332,3734-D,Al Satwa,396397,Commercial,Freehold,2018-06-01,2018-04-05,446531491,False,DEV-0030
PLOT-000333,3808-A,Dubai Land,225296,Mixed,Leasehold,2023-05-25,2017-05-18,264213402,False,DEV-0089
PLOT-000334,788-E,Dubai Hills Estate,211692,Residential,Leasehold,2002-10-14,2020-12-06,416888147,False,DEV-0195
PLOT-000335,8371-B,Muhaisnah,110488,Mixed,Freehold,2008-12-25,2015-11-09,369096127,False,DEV-0005
PLOT-000336,9294-B,Al Safa,481098,Residential,Leasehold,2008-11-28,2015-01-04,130662755,False,DEV-0108
PLOT-000337,8198-B,Palm Jumeirah,79106,Industrial,Leasehold,2012-05-21,2022-06-10,422426547,False,DEV-0158
PLOT-000338,8280-E,Dubai Marina,9548,Industrial,Leasehold,2012-02-02,2015-05-28,497004937,False,DEV-0074
PLOT-000339,2812-C,Jumeirah,43313,Residential,Leasehold,2020-06-27,2021-02-13,326790235,False,DEV-0170
PLOT-000340,2786-C,Al Satwa,259345,Residential,Leasehold,2005-02-08,2024-03-24,454840919,False,DEV-0199
PLOT-000341,5205-B,Downtown Dubai,252044,Mixed,Freehold,2010-05-19,2019-09-27,147395566,True,DEV-0146
PLOT-000342,2108-A,Mirdif,31619,Residential,Freehold,2001-12-16,2016-02-29,12459428,True,DEV-0115
PLOT-000343,5101-D,Emaar Beachfront,471737,Mixed,Freehold,2012-04-17,2018-04-25,51687878,False,DEV-0197
PLOT-000344,1273-E,Sports City,427569,Residential,Freehold,2010-09-06,2019-12-25,250034666,True,DEV-0079
PLOT-000345,6622-C,Al Quoz,108460,Commercial,Freehold,2011-03-02,2017-06-17,341743994,True,DEV-0052
PLOT-000346,5014-D,Nad Al Sheba,243348,Green,Government,2003-09-29,2019-01-04,185181396,True,DEV-0173
PLOT-000347,5368-B,Dubai Marina,460983,Residential,Freehold,2006-06-19,2020-12-31,211872835,True,DEV-0191
PLOT-000348,7137-C,Dubai Marina,61841,Mixed,Freehold,2006-05-06,2019-04-17,437067867,False,DEV-0072
PLOT-000349,9714-C,Al Barsha,428922,Mixed,Leasehold,2013-02-10,2015-10-24,284799940,False,DEV-0002
PLOT-000350,5464-B,Al Furjan,237700,Residential,Leasehold,2010-03-09,2017-09-25,49372672,False,DEV-0179
PLOT-000351,9244-D,Al Wasl,240563,Mixed,Freehold,2017-11-13,2023-08-01,475936144,False,DEV-0018
PLOT-000352,330-C,Al Mizhar,292713,Residential,Leasehold,2021-08-22,2018-12-08,235824208,True,DEV-0137
PLOT-000353,8925-A,Al Safa,192304,Commercial,Government,2000-10-23,2019-08-25,150027730,False,DEV-0024
PLOT-000354,3225-A,Al Safa,243336,Commercial,Freehold,2012-04-24,2022-02-02,34921160,True,DEV-0105
PLOT-000355,8533-C,Al Furjan,206139,Mixed,Freehold,2008-11-07,2016-07-12,128710097,False,DEV-0177
PLOT-000356,5066-B,Ras Al Khor,166939,Mixed,Leasehold,2015-02-22,2015-02-05,87188573,False,DEV-0134
PLOT-000357,4578-D,Al Twar,469061,Residential,Leasehold,2013-08-18,2022-04-08,5663301,False,DEV-0183
PLOT-000358,5056-D,Sports City,488373,Residential,Freehold,2008-02-22,2021-04-10,396693057,False,DEV-0149
PLOT-000359,3940-A,Deira,208017,Green,Leasehold,2015-07-11,2020-11-23,485207740,False,DEV-0128
PLOT-000360,2023-E,Al Karama,274334,Residential,Government,2006-02-22,2022-05-18,42864298,False,DEV-0144
PLOT-000361,6277-E,Umm Suqeim,480573,Residential,Freehold,2007-09-10,2016-10-26,343018586,True,DEV-0190
PLOT-000362,5278-D,Motor City,172000,Mixed,Leasehold,2013-09-04,2018-03-03,471102043,True,DEV-0017
PLOT-000363,9021-D,Dubai Hills Estate,484062,Residential,Freehold,2002-01-30,2016-05-27,41448266,False,DEV-0074
PLOT-000364,8444-D,Jebel Ali,25933,Residential,Leasehold,2014-11-26,2018-11-21,267878760,False,DEV-0002
PLOT-000365,1873-E,Al Qusais,252856,Commercial,Freehold,2012-08-09,2019-06-13,165131405,False,DEV-0096
PLOT-000366,898-C,Emaar Beachfront,445245,Commercial,Freehold,2016-11-01,2015-10-15,469113445,False,DEV-0113
PLOT-000367,156-C,Jumeirah,437653,Commercial,Freehold,2019-10-20,2018-12-09,90353635,True,DEV-0197
PLOT-000368,5886-B,Dubai Hills Estate,302060,Commercial,Freehold,2016-03-10,2016-07-30,132563426,False,DEV-0059
PLOT-000369,7133-C,Dubai Creek Harbour,159120,Residential,Freehold,2003-03-18,2018-10-01,324839008,True,DEV-0116
PLOT-000370,742-C,Downtown Dubai,427310,Industrial,Freehold,2006-02-27,2018-08-13,67697048,False,DEV-0019
PLOT-000371,1097-E,Al Barsha,403166,Industrial,Freehold,2012-02-26,2019-06-18,283645868,True,DEV-0094
PLOT-000372,9902-C,Mirdif,75194,Residential,Leasehold,2023-04-21,2017-08-17,1910250,False,DEV-0169
PLOT-000373,93-B,Emaar Beachfront,291854,Commercial,Leasehold,2022-06-04,2021-09-09,316863596,True,DEV-0191
PLOT-000374,9545-C,Al Wasl,303226,Commercial,Leasehold,2021-03-03,2021-01-10,290067447,False,DEV-0130
PLOT-000375,1164-D,Arabian Ranches,13137,Industrial,Freehold,2014-04-20,2023-01-30,205158268,False,DEV-0162
PLOT-000376,6163-E,Jebel Ali,342512,Mixed,Government,2007-04-20,2020-09-04,386748488,False,DEV-0001
PLOT-000377,1593-A,International City,170221,Residential,Freehold,2008-12-18,2024-03-31,163358307,False,DEV-0118
PLOT-000378,3136-B,Dubai South,295395,Residential,Freehold,2022-09-08,2017-03-06,167405974,True,DEV-0105
PLOT-000379,5512-B,Dubai Marina,394829,Residential,Freehold,2023-08-14,2022-01-29,17425148,True,DEV-0185
PLOT-000380,6800-E,Al Barsha,291511,Commercial,Freehold,2020-03-11,2023-05-05,116447951,True,DEV-0030
PLOT-000381,5973-C,Business Bay,458926,Residential,Leasehold,2006-11-20,2016-05-06,244667198,True,DEV-0002
PLOT-000382,186-A,Al Barsha,446998,Commercial,Leasehold,2010-04-20,2018-03-22,377720862,False,DEV-0063
PLOT-000383,9228-E,Mirdif,428666,Commercial,Leasehold,2013-05-30,2023-05-15,116202931,False,DEV-0092
PLOT-000384,2418-E,Town Square,464434,Residential,Freehold,2005-11-02,2019-12-03,292767035,False,DEV-0119
PLOT-000385,3246-C,Al Satwa,397576,Commercial,Freehold,2005-09-22,2022-10-06,440097748,False,DEV-0146
PLOT-000386,344-A,Al Wasl,471079,Green,Leasehold,2007-10-06,2015-06-01,453923457,False,DEV-0198
PLOT-000387,4231-D,Arabian Ranches,103233,Green,Leasehold,2023-01-13,2019-04-14,271820512,True,DEV-0170
PLOT-000388,1337-C,Arabian Ranches,499072,Industrial,Freehold,2019-04-17,2022-11-28,182410957,True,DEV-0026
PLOT-000389,7131-B,Palm Jumeirah,185347,Residential,Freehold,2011-01-24,2019-11-30,6450167,False,DEV-0044
PLOT-000390,974-D,JLT,33510,Commercial,Freehold,2005-09-08,2019-06-27,395374407,False,DEV-0074
PLOT-000391,5875-E,Business Bay,242732,Residential,Freehold,2007-01-03,2023-12-12,75479408,False,DEV-0005
PLOT-000392,7449-C,Town Square,219996,Residential,Freehold,2018-06-20,2019-12-24,220688369,False,DEV-0009
PLOT-000393,7559-D,Al Wasl,473372,Industrial,Freehold,2011-12-06,2019-08-13,397369526,False,DEV-0168
PLOT-000394,1882-A,Motor City,241810,Residential,Freehold,2020-11-14,2024-09-21,329178248,False,DEV-0148
PLOT-000395,1327-C,JVC,448441,Residential,Freehold,2005-02-02,2021-01-20,18246576,True,DEV-0068
PLOT-000396,5742-A,Al Quoz,51380,Residential,Leasehold,2019-08-30,2016-08-14,228703917,True,DEV-0147
PLOT-000397,5770-C,Discovery Gardens,305819,Mixed,Leasehold,2017-08-02,2024-06-27,37138427,False,DEV-0168
PLOT-000398,2032-E,Deira,39198,Mixed,Government,2012-12-07,2017-01-05,475740926,False,DEV-0126
PLOT-000399,296-A,Warqa,337741,Green,Leasehold,2016-03-31,2021-11-03,244863678,False,DEV-0152
PLOT-000400,5879-C,Dubai Investment Park,217433,Residential,Leasehold,2010-09-11,2020-07-05,136977016,True,DEV-0186
PLOT-000401,7435-D,Dubai Land,314356,Commercial,Freehold,2016-12-03,2024-10-29,152521239,False,DEV-0165
PLOT-000402,214-D,Mirdif,186980,Industrial,Leasehold,2019-04-16,2024-03-27,150846684,False,DEV-0102
PLOT-000403,9367-A,Dubai Hills Estate,259536,Commercial,Freehold,2022-08-03,2022-12-11,303602148,False,DEV-0166
PLOT-000404,6784-B,Dubailand,130997,Residential,Freehold,2012-01-11,2024-08-02,70209830,False,DEV-0037
PLOT-000405,461-C,Al Furjan,41318,Mixed,Freehold,2003-11-17,2017-06-17,442092675,False,DEV-0062
PLOT-000406,9968-B,Emaar Beachfront,148074,Commercial,Freehold,2005-02-19,2020-03-06,342301868,False,DEV-0056
PLOT-000407,888-B,Jumeirah,287698,Mixed,Leasehold,2017-01-13,2015-12-14,157201685,True,DEV-0029
PLOT-000408,6970-D,Al Mizhar,339879,Residential,Leasehold,2013-01-07,2016-10-29,331148044,True,DEV-0123
PLOT-000409,5788-A,Ras Al Khor,451595,Residential,Leasehold,2005-10-12,2019-07-10,68688535,False,DEV-0091
PLOT-000410,2129-D,Al Mizhar,208556,Green,Freehold,2021-06-19,2019-07-17,209990993,False,DEV-0006
PLOT-000411,531-A,Business Bay,168675,Commercial,Freehold,2021-12-11,2021-04-09,35807396,True,DEV-0070
PLOT-000412,898-D,Al Quoz,463262,Industrial,Leasehold,2010-10-01,2017-02-01,61054269,False,DEV-0157
PLOT-000413,7687-A,DIFC,474966,Industrial,Freehold,2023-11-29,2021-12-22,197666832,True,DEV-0002
PLOT-000414,3921-A,Al Barsha,254932,Residential,Government,2009-04-10,2020-12-26,84447993,False,DEV-0147
PLOT-000415,6192-A,Al Qusais,383250,Mixed,Government,2012-03-20,2024-06-12,224759674,False,DEV-0104
PLOT-000416,1844-B,Warqa,110623,Residential,Government,2006-07-11,2022-08-11,172754475,True,DEV-0103
PLOT-000417,515-B,Ras Al Khor,174141,Residential,Leasehold,2002-01-11,2018-05-01,19507162,True,DEV-0110
PLOT-000418,8123-E,International City,44081,Commercial,Government,2004-12-12,2019-05-04,291856993,True,DEV-0071
PLOT-000419,8996-D,Al Karama,173362,Industrial,Freehold,2003-10-07,2017-11-06,385520229,False,DEV-0193
PLOT-000420,3991-E,Bur Dubai,400550,Commercial,Freehold,2018-07-05,2017-11-28,448390852,True,DEV-0047
PLOT-000421,3809-A,Al Safa,176877,Green,Government,2006-01-28,2024-12-28,379597919,False,DEV-0131
PLOT-000422,6933-E,Dubai Land,48456,Residential,Leasehold,2006-01-06,2023-10-20,388854388,True,DEV-0168
PLOT-000423,6625-C,Jebel Ali,323441,Mixed,Leasehold,2014-04-08,2020-04-16,455293493,False,DEV-0087
PLOT-000424,3959-B,Al Safa,359137,Commercial,Freehold,2019-07-24,2019-08-25,371283066,False,DEV-0031
PLOT-000425,3536-B,Dubai Creek Harbour,200112,Commercial,Government,2020-02-06,2018-09-14,381712143,True,DEV-0072
PLOT-000426,7601-E,DIFC,237547,Residential,Leasehold,2011-07-26,2018-11-05,332782406,True,DEV-0115
PLOT-000427,8594-C,Nad Al Sheba,488316,Commercial,Government,2005-04-28,2018-07-01,260425381,False,DEV-0143
PLOT-000428,74-D,Warqa,484006,Residential,Freehold,2008-07-28,2018-09-11,161508212,True,DEV-0110
PLOT-000429,1436-B,Umm Suqeim,273480,Residential,Leasehold,2012-12-12,2017-11-22,129176894,False,DEV-0059
PLOT-000430,2976-C,Al Satwa,221909,Commercial,Leasehold,2007-02-18,2024-08-08,230839508,False,DEV-0111
PLOT-000431,8315-B,Al Safa,420918,Mixed,Leasehold,2010-07-05,2016-02-18,239877893,False,DEV-0022
PLOT-000432,3320-E,Deira,102871,Residential,Leasehold,2014-04-09,2020-03-25,213024216,False,DEV-0177
PLOT-000433,9282-B,Sports City,408853,Residential,Freehold,2011-08-05,2024-06-09,352435413,False,DEV-0188
PLOT-000434,5016-E,Al Quoz,256754,Commercial,Leasehold,2011-08-10,2024-12-16,459995748,True,DEV-0150
PLOT-000435,8468-D,Al Qusais,298217,Industrial,Leasehold,2007-08-13,2022-10-17,485120234,False,DEV-0115
PLOT-000436,3913-D,Bur Dubai,193316,Commercial,Freehold,2010-08-23,2015-05-19,354376461,False,DEV-0022
PLOT-000437,7942-B,Arabian Ranches,115295,Residential,Government,2018-01-20,2024-07-30,39732617,True,DEV-0148
PLOT-000438,807-E,Al Wasl,173075,Commercial,Freehold,2017-02-14,2021-09-08,67432456,False,DEV-0004
PLOT-000439,4098-B,Muhaisnah,388534,Mixed,Freehold,2008-04-12,2016-03-12,367234195,True,DEV-0019
PLOT-000440,8810-B,Mirdif,306541,Mixed,Leasehold,2021-05-19,2021-07-05,408727346,True,DEV-0029
PLOT-000441,7351-A,Ras Al Khor,389477,Residential,Freehold,2015-04-21,2024-08-23,199491708,False,DEV-0029
PLOT-000442,2032-D,Arabian Ranches,241883,Mixed,Leasehold,2001-09-28,2017-06-08,52183645,False,DEV-0003
PLOT-000443,2298-D,Deira,132866,Residential,Freehold,2002-08-25,2022-07-18,423391039,False,DEV-0067
PLOT-000444,9394-A,Arabian Ranches,189831,Mixed,Leasehold,2007-01-21,2018-01-19,127183691,False,DEV-0183
PLOT-000445,3292-C,Al Barsha,57073,Residential,Leasehold,2000-06-09,2020-07-01,286296745,False,DEV-0013
PLOT-000446,1617-B,Jumeirah,77995,Residential,Leasehold,2002-06-14,2019-09-09,38473223,True,DEV-0035
PLOT-000447,620-C,Al Safa,335686,Mixed,Freehold,2011-10-20,2018-11-03,262265891,False,DEV-0110
PLOT-000448,5058-A,Dubai Land,100461,Mixed,Freehold,2014-06-21,2024-12-01,365881104,True,DEV-0086
PLOT-000449,4694-B,International City,178501,Residential,Freehold,2022-04-09,2022-03-25,485059842,False,DEV-0086
PLOT-000450,5214-B,Bur Dubai,27032,Green,Freehold,2002-06-09,2024-01-07,392905203,False,DEV-0030
PLOT-000451,8046-C,Dubai South,497309,Residential,Freehold,2012-07-18,2024-09-28,325287588,False,DEV-0043
PLOT-000452,5292-D,Motor City,81367,Residential,Leasehold,2018-09-01,2023-06-26,36745233,True,DEV-0177
PLOT-000453,3110-C,Al Twar,359043,Residential,Leasehold,2012-07-16,2015-04-02,365749403,False,DEV-0147
PLOT-000454,7397-E,Dubai Land,399396,Residential,Leasehold,2015-10-30,2015-01-25,319853326,True,DEV-0063
PLOT-000455,4517-D,Dubai Investment Park,376443,Residential,Freehold,2014-09-14,2020-06-18,238697572,True,DEV-0039
PLOT-000456,229-A,Muhaisnah,198382,Residential,Freehold,2020-01-14,2015-02-22,63729604,True,DEV-0013
PLOT-000457,9726-A,Al Qusais,292259,Commercial,Leasehold,2007-11-15,2015-08-31,173054271,False,DEV-0002
PLOT-000458,629-C,Dubai Marina,330868,Mixed,Freehold,2003-07-02,2018-07-06,163430047,True,DEV-0193
PLOT-000459,5017-E,DIFC,81530,Commercial,Freehold,2007-04-19,2022-09-24,92193933,False,DEV-0148
PLOT-000460,8484-C,Ras Al Khor,334733,Residential,Government,2020-07-09,2021-04-17,498467562,False,DEV-0126
PLOT-000461,1075-A,Jebel Ali,376992,Industrial,Freehold,2021-12-25,2017-07-19,137855100,True,DEV-0049
PLOT-000462,3036-A,DIFC,25180,Mixed,Freehold,2022-12-02,2021-12-23,249256389,True,DEV-0024
PLOT-000463,608-A,Dubai Marina,295430,Commercial,Freehold,2022-07-27,2015-12-04,1333064,False,DEV-0140
PLOT-000464,4291-B,Sports City,166694,Residential,Freehold,2005-09-14,2020-08-28,25293578,True,DEV-0133
PLOT-000465,7052-B,DIFC,458600,Commercial,Freehold,2001-06-03,2017-08-16,351436259,False,DEV-0047
PLOT-000466,1539-C,Sports City,397699,Industrial,Leasehold,2001-11-12,2019-05-20,438928141,False,DEV-0054
PLOT-000467,1994-E,Dubai Marina,414879,Residential,Government,2003-07-18,2021-05-09,375863898,False,DEV-0162
PLOT-000468,3867-D,Sports City,441359,Commercial,Freehold,2010-10-09,2017-05-15,476706531,True,DEV-0155
PLOT-000469,9485-D,Dubai South,144787,Commercial,Government,2010-04-15,2024-01-04,6403782,True,DEV-0029
PLOT-000470,3842-A,Deira,76126,Industrial,Freehold,2009-08-01,2019-12-28,170700544,True,DEV-0181
PLOT-000471,2827-B,Al Mizhar,34330,Residential,Freehold,2006-07-26,2016-06-22,23277948,False,DEV-0053
PLOT-000472,4415-D,Al Wasl,133900,Commercial,Freehold,2001-11-17,2018-03-10,292937293,True,DEV-0178
PLOT-000473,7159-E,Palm Jumeirah,453931,Green,Freehold,2011-01-23,2020-12-08,417752315,True,DEV-0008
PLOT-000474,777-D,Mirdif,351408,Mixed,Government,2018-06-19,2016-02-25,216316886,False,DEV-0024
PLOT-000475,1109-B,Ras Al Khor,356841,Residential,Freehold,2012-09-28,2023-07-13,84664531,False,DEV-0017
PLOT-000476,3951-B,Business Bay,496241,Mixed,Freehold,2010-03-22,2022-07-10,202304492,False,DEV-0173
PLOT-000477,6185-D,Dubai Hills Estate,291978,Green,Leasehold,2007-11-29,2023-07-07,80288645,False,DEV-0098
PLOT-000478,5658-A,Arabian Ranches,279417,Residential,Government,2021-08-15,2019-05-26,130110193,True,DEV-0079
PLOT-000479,5743-D,Al Wasl,367747,Commercial,Leasehold,2011-03-13,2021-03-15,84199253,True,DEV-0088
PLOT-000480,1453-B,Deira,58931,Commercial,Freehold,2004-11-12,2016-05-05,429820127,True,DEV-0187
PLOT-000481,7079-D,Nad Al Sheba,169844,Mixed,Leasehold,2017-06-25,2020-07-09,203876618,True,DEV-0015
PLOT-000482,6211-D,Al Twar,331194,Residential,Freehold,2019-02-20,2022-01-28,361924013,False,DEV-0058
PLOT-000483,27-B,International City,20632,Green,Government,2019-01-21,2019-09-09,100156576,False,DEV-0007
PLOT-000484,8094-D,Dubai Marina,330206,Commercial,Leasehold,2014-06-16,2015-06-21,351944454,False,DEV-0097
PLOT-000485,5606-E,Bur Dubai,160613,Residential,Leasehold,2022-09-30,2015-05-09,323720371,True,DEV-0185
PLOT-000486,3781-D,Business Bay,319490,Residential,Freehold,2015-08-23,2015-10-29,403393642,False,DEV-0169
PLOT-000487,3972-A,Al Barsha,347034,Commercial,Freehold,2021-04-19,2023-04-02,293441254,False,DEV-0188
PLOT-000488,3523-B,Emaar Beachfront,410096,Commercial,Freehold,2019-03-11,2016-07-05,148346173,False,DEV-0106
PLOT-000489,5809-E,Umm Suqeim,319890,Mixed,Freehold,2013-11-20,2018-08-24,148463547,True,DEV-0083
PLOT-000490,1244-C,Al Furjan,356831,Residential,Freehold,2010-07-24,2020-07-12,86148571,False,DEV-0012
PLOT-000491,4479-B,Jumeirah,69584,Industrial,Freehold,2013-08-19,2024-07-29,80322656,True,DEV-0064
PLOT-000492,7491-D,Ras Al Khor,295302,Residential,Government,2012-01-04,2024-11-03,64642518,False,DEV-0095
PLOT-000493,1004-C,Sports City,150011,Commercial,Leasehold,2013-08-06,2019-11-27,168304629,False,DEV-0079
PLOT-000494,8325-B,Al Wasl,488640,Green,Government,2017-07-20,2022-10-07,272184859,False,DEV-0109
PLOT-000495,5380-E,Nad Al Sheba,102825,Mixed,Government,2006-10-19,2020-03-02,484342639,True,DEV-0173
PLOT-000496,7314-E,JVC,334727,Commercial,Leasehold,2018-06-14,2019-02-24,117458184,False,DEV-0011
PLOT-000497,9282-E,Dubai Investment Park,293663,Residential,Leasehold,2002-12-12,2020-02-17,1372064,False,DEV-0167
PLOT-000498,6402-E,Dubai Creek Harbour,435154,Residential,Government,2008-12-14,2024-10-21,289722466,False,DEV-0001
PLOT-000499,995-B,Dubai Hills Estate,210760,Green,Leasehold,2023-10-15,2017-08-23,273079652,False,DEV-0098
PLOT-000500,3018-A,Sports City,301349,Residential,Freehold,2013-12-02,2020-08-30,381919036,True,DEV-0021
PLOT-000501,8480-E,Jumeirah,15579,Mixed,Freehold,2015-01-08,2024-01-01,289846953,False,DEV-0065
PLOT-000502,4642-D,Al Karama,453413,Mixed,Freehold,2002-02-05,2022-01-29,271570105,False,DEV-0113
PLOT-000503,7950-B,Mirdif,363528,Mixed,Government,2008-03-08,2020-11-28,127944334,False,DEV-0172
PLOT-000504,5479-D,Downtown Dubai,182630,Mixed,Government,2004-04-20,2022-09-13,185530921,False,DEV-0087
PLOT-000505,1045-E,Dubai Land,120978,Mixed,Government,2012-08-21,2019-12-02,491429686,False,DEV-0044
PLOT-000506,5120-A,Bur Dubai,302851,Commercial,Freehold,2002-11-03,2024-09-07,459191310,False,DEV-0057
PLOT-000507,1446-B,Al Quoz,80336,Residential,Leasehold,2019-01-10,2017-02-27,104136897,False,DEV-0198
PLOT-000508,1037-B,Al Satwa,195220,Commercial,Freehold,2002-07-06,2019-05-18,305121727,False,DEV-0160
PLOT-000509,2034-D,Business Bay,343910,Residential,Freehold,2012-03-25,2016-07-20,151155148,False,DEV-0086
PLOT-000510,335-B,Al Karama,94718,Mixed,Freehold,2001-06-01,2019-04-29,334286594,False,DEV-0029
PLOT-000511,8831-D,Dubai Marina,426468,Residential,Leasehold,2011-09-23,2016-08-27,399062945,False,DEV-0081
PLOT-000512,482-D,Sports City,314009,Commercial,Freehold,2006-01-18,2016-10-13,321528093,True,DEV-0103
PLOT-000513,2646-D,Palm Jumeirah,442671,Residential,Leasehold,2017-06-19,2017-09-18,244208454,False,DEV-0174
PLOT-000514,3170-D,DIFC,480625,Mixed,Leasehold,2012-08-29,2024-04-16,370815640,True,DEV-0147
PLOT-000515,9654-E,Al Quoz,364330,Mixed,Freehold,2014-12-09,2015-04-13,416975671,False,DEV-0100
PLOT-000516,7496-E,Al Qusais,193237,Residential,Freehold,2003-01-03,2017-03-18,10504620,False,DEV-0007
PLOT-000517,5686-C,Dubai Marina,131301,Residential,Freehold,2009-06-07,2017-10-26,120193284,False,DEV-0193
PLOT-000518,2698-D,International City,234615,Green,Freehold,2001-02-17,2024-10-27,272301358,False,DEV-0014
PLOT-000519,1901-A,Al Satwa,100811,Industrial,Freehold,2007-04-07,2023-03-15,469270714,True,DEV-0083
PLOT-000520,1805-D,Palm Jumeirah,277765,Residential,Freehold,2008-10-05,2022-07-05,107388764,True,DEV-0031
PLOT-000521,3693-D,JVC,245960,Mixed,Freehold,2016-03-16,2016-11-13,13704052,True,DEV-0046
PLOT-000522,2225-D,JVC,187474,Green,Leasehold,2000-03-20,2020-12-02,13372030,False,DEV-0022
PLOT-000523,8573-C,Al Qusais,461260,Residential,Government,2009-10-19,2022-03-05,114801097,False,DEV-0070
PLOT-000524,8909-E,Motor City,353676,Commercial,Leasehold,2006-11-14,2019-10-30,136708065,False,DEV-0029
PLOT-000525,1099-B,Dubai Investment Park,297276,Industrial,Freehold,2016-08-12,2018-01-13,89963609,False,DEV-0043
PLOT-000526,9645-D,Jebel Ali,412131,Residential,Leasehold,2010-01-08,2016-08-20,362827401,True,DEV-0085
PLOT-000527,692-E,Dubai Creek Harbour,188805,Commercial,Freehold,2000-06-19,2015-11-10,313390837,True,DEV-0036
PLOT-000528,825-A,Dubai Creek Harbour,18320,Commercial,Government,2008-02-18,2018-07-25,200487228,False,DEV-0086
PLOT-000529,2111-E,Muhaisnah,153880,Commercial,Government,2000-12-07,2019-04-01,141077955,True,DEV-0078
PLOT-000530,8281-B,Al Safa,69174,Residential,Leasehold,2004-08-09,2022-09-22,465790001,False,DEV-0134
PLOT-000531,7500-B,Al Karama,397511,Residential,Freehold,2011-12-01,2022-01-21,396188805,True,DEV-0155
PLOT-000532,9379-B,Business Bay,327200,Commercial,Leasehold,2023-06-20,2020-01-18,97043481,False,DEV-0166
PLOT-000533,5755-B,Muhaisnah,295211,Industrial,Freehold,2014-04-11,2023-03-25,30378133,False,DEV-0009
PLOT-000534,7648-E,JVC,457492,Green,Freehold,2007-10-21,2023-10-17,300884235,True,DEV-0109
PLOT-000535,8427-B,Dubailand,96679,Industrial,Freehold,2023-05-14,2024-03-07,283750744,False,DEV-0009
PLOT-000536,849-C,Dubai Investment Park,133937,Mixed,Leasehold,2015-12-18,2017-03-25,17449446,True,DEV-0070
PLOT-000537,1307-A,Motor City,274605,Residential,Freehold,2009-04-20,2024-05-29,406032666,False,DEV-0076
PLOT-000538,7980-B,Al Wasl,110687,Residential,Freehold,2003-03-20,2022-05-14,156576610,False,DEV-0039
PLOT-000539,3310-D,Sports City,56250,Residential,Freehold,2017-07-18,2023-12-26,37312538,False,DEV-0107
PLOT-000540,2107-B,Bur Dubai,326275,Residential,Freehold,2011-10-12,2020-04-15,161728756,False,DEV-0155
PLOT-000541,2576-C,International City,176358,Mixed,Freehold,2004-08-22,2019-02-20,368018226,False,DEV-0066
PLOT-000542,3743-D,Sports City,422664,Residential,Leasehold,2017-07-18,2018-05-26,79483880,False,DEV-0097
PLOT-000543,3746-E,Emaar Beachfront,105366,Mixed,Government,2021-10-31,2020-09-07,306396624,False,DEV-0147
PLOT-000544,9499-D,Dubai Hills Estate,74636,Industrial,Freehold,2022-10-20,2020-10-08,465925629,False,DEV-0176
PLOT-000545,4133-C,Al Karama,359145,Residential,Freehold,2012-10-02,2021-09-26,332756116,True,DEV-0142
PLOT-000546,7733-E,Emaar Beachfront,468160,Residential,Freehold,2015-09-09,2021-06-21,309502033,True,DEV-0168
PLOT-000547,3734-C,JLT,364844,Industrial,Freehold,2000-01-08,2024-04-11,466803263,True,DEV-0024
PLOT-000548,8663-C,Al Safa,353957,Residential,Freehold,2021-09-08,2020-10-12,329150332,False,DEV-0175
PLOT-000549,8806-A,Al Satwa,325685,Residential,Government,2013-06-17,2021-11-18,160005286,False,DEV-0194
PLOT-000550,551-D,Al Qusais,49797,Industrial,Leasehold,2020-12-16,2018-06-27,373089766,False,DEV-0160
PLOT-000551,2733-B,Dubai Hills Estate,106595,Commercial,Government,2022-01-21,2023-08-24,472415069,False,DEV-0068
PLOT-000552,7429-D,Ras Al Khor,146125,Mixed,Freehold,2017-09-04,2016-09-11,496459714,False,DEV-0127
PLOT-000553,3124-A,Bur Dubai,11093,Industrial,Freehold,2023-03-16,2023-04-26,451201279,False,DEV-0173
PLOT-000554,6151-A,DIFC,478460,Residential,Freehold,2013-09-17,2024-07-22,209544012,True,DEV-0115
PLOT-000555,4760-E,JLT,100895,Commercial,Leasehold,2018-11-21,2021-04-07,59204226,False,DEV-0032
PLOT-000556,8329-C,Emaar Beachfront,143775,Mixed,Freehold,2014-05-06,2018-09-13,423327100,False,DEV-0119
PLOT-000557,6581-B,Motor City,327589,Residential,Leasehold,2018-11-20,2018-09-03,126283189,True,DEV-0076
PLOT-000558,6780-E,Mirdif,281101,Commercial,Freehold,2009-11-27,2018-11-08,394911161,True,DEV-0016
PLOT-000559,8607-C,Town Square,75859,Residential,Leasehold,2000-12-13,2015-10-02,316693143,False,DEV-0109
PLOT-000560,3571-A,Al Barsha,185673,Residential,Freehold,2016-08-15,2024-06-19,96202310,True,DEV-0086
PLOT-000561,3855-B,Deira,304300,Commercial,Freehold,2020-04-04,2021-05-31,299167664,False,DEV-0197
PLOT-000562,6394-C,Nad Al Sheba,123085,Residential,Freehold,2010-12-28,2017-03-05,313925739,True,DEV-0147
PLOT-000563,6066-A,DIFC,36327,Industrial,Freehold,2001-02-19,2021-05-23,165962676,False,DEV-0060
PLOT-000564,3254-B,Business Bay,122665,Commercial,Freehold,2022-08-04,2024-09-26,347979500,False,DEV-0104
PLOT-000565,9075-C,International City,415940,Residential,Freehold,2019-04-24,2023-10-07,54323674,False,DEV-0066
PLOT-000566,1059-D,Muhaisnah,87346,Commercial,Leasehold,2004-03-04,2015-02-13,45431003,False,DEV-0174
PLOT-000567,9036-B,Al Qusais,352262,Commercial,Freehold,2001-01-07,2018-06-20,326861957,True,DEV-0120
PLOT-000568,5451-C,Nad Al Sheba,460273,Residential,Freehold,2001-05-21,2019-02-15,84423444,True,DEV-0174
PLOT-000569,7573-B,International City,473412,Mixed,Leasehold,2012-10-29,2020-01-07,497072285,False,DEV-0103
PLOT-000570,4437-B,JVC,57295,Residential,Freehold,2004-01-06,2022-04-01,179078620,False,DEV-0019
PLOT-000571,2821-B,Warqa,95781,Commercial,Leasehold,2004-01-11,2022-04-28,258795580,True,DEV-0126
PLOT-000572,8826-A,Mirdif,413901,Residential,Leasehold,2020-05-02,2017-11-05,433053989,True,DEV-0061
PLOT-000573,5072-E,Al Twar,100835,Mixed,Freehold,2008-07-25,2021-07-07,267057957,True,DEV-0054
PLOT-000574,3030-A,Discovery Gardens,402113,Residential,Leasehold,2012-09-26,2021-08-13,318618801,False,DEV-0149
PLOT-000575,6625-C,Business Bay,11038,Mixed,Freehold,2009-03-06,2023-12-15,365948118,True,DEV-0070
PLOT-000576,3380-C,Palm Jumeirah,147526,Residential,Freehold,2011-01-20,2017-05-07,157422837,True,DEV-0182
PLOT-000577,7143-C,JLT,278868,Mixed,Leasehold,2009-02-16,2017-01-19,206833982,True,DEV-0078
PLOT-000578,6601-C,Mirdif,359171,Industrial,Government,2009-12-31,2019-04-24,49739736,False,DEV-0128
PLOT-000579,3323-C,Palm Jumeirah,434250,Residential,Freehold,2003-07-18,2021-10-01,216056782,False,DEV-0066
PLOT-000580,7567-E,Ras Al Khor,394853,Green,Freehold,2016-03-12,2015-12-15,377432593,False,DEV-0098
PLOT-000581,5384-B,Palm Jumeirah,13455,Residential,Government,2001-03-15,2023-06-04,270515531,True,DEV-0081
PLOT-000582,255-B,Al Wasl,457571,Mixed,Freehold,2002-11-08,2017-08-18,27465529,False,DEV-0087
PLOT-000583,6788-E,JVC,478624,Residential,Government,2000-11-26,2019-06-23,392301638,True,DEV-0077
PLOT-000584,4081-A,Jebel Ali,286051,Residential,Government,2012-07-21,2023-06-20,214568032,False,DEV-0050
PLOT-000585,4338-A,Emaar Beachfront,262207,Commercial,Freehold,2023-02-27,2019-01-24,111478297,True,DEV-0114
PLOT-000586,2583-A,Business Bay,106608,Commercial,Leasehold,2016-09-09,2024-05-18,370223771,False,DEV-0132
PLOT-000587,1941-D,Al Mizhar,41532,Commercial,Leasehold,2002-12-09,2024-04-14,397467185,False,DEV-0191
PLOT-000588,8755-E,Dubailand,174364,Industrial,Freehold,2013-12-28,2020-01-22,253260495,True,DEV-0166
PLOT-000589,5592-A,Dubai Land,17528,Residential,Freehold,2015-10-19,2015-12-22,123117054,False,DEV-0078
PLOT-000590,2578-A,Palm Jumeirah,6833,Residential,Leasehold,2017-06-08,2022-12-15,472951493,False,DEV-0126
PLOT-000591,822-A,Dubai Land,246473,Mixed,Freehold,2001-10-27,2023-02-24,184384359,False,DEV-0196
PLOT-000592,5748-E,Dubai Creek Harbour,186047,Commercial,Freehold,2009-09-03,2022-09-21,1921794,True,DEV-0060
PLOT-000593,8225-C,Al Wasl,108471,Residential,Freehold,2013-01-07,2020-08-12,499518960,False,DEV-0111
PLOT-000594,6894-A,Bur Dubai,490575,Commercial,Leasehold,2011-10-31,2020-03-02,49292753,False,DEV-0044
PLOT-000595,1725-B,Muhaisnah,380722,Commercial,Leasehold,2000-02-13,2019-06-01,167422993,False,DEV-0072
PLOT-000596,4437-B,Al Quoz,324816,Green,Freehold,2001-06-23,2015-04-21,94046329,False,DEV-0081
PLOT-000597,6170-C,Dubai Investment Park,180430,Mixed,Freehold,2020-09-13,2016-06-10,442175474,True,DEV-0023
PLOT-000598,3154-C,Al Qusais,30462,Residential,Freehold,2013-04-15,2015-11-11,231781274,True,DEV-0057
PLOT-000599,1415-A,Dubai Marina,169381,Mixed,Leasehold,2007-02-27,2017-09-24,352554799,True,DEV-0129
PLOT-000600,7624-B,Bur Dubai,350941,Mixed,Government,2012-05-11,2017-03-20,408923346,False,DEV-0071
PLOT-000601,7420-D,Sports City,206358,Residential,Freehold,2000-05-18,2015-11-06,50595294,False,DEV-0169
PLOT-000602,899-A,Dubai Hills Estate,302903,Residential,Freehold,2007-09-28,2016-06-09,254067918,True,DEV-0084
PLOT-000603,3393-C,Emaar Beachfront,288383,Residential,Leasehold,2015-02-13,2021-10-30,494641502,False,DEV-0115
PLOT-000604,4425-E,International City,137664,Residential,Freehold,2002-09-20,2017-01-26,141355783,False,DEV-0105
PLOT-000605,5441-E,Discovery Gardens,132422,Residential,Leasehold,2014-08-15,2022-06-29,319573816,False,DEV-0128
PLOT-000606,7489-B,Al Twar,275116,Residential,Leasehold,2010-10-23,2017-03-02,459574769,False,DEV-0196
PLOT-000607,1350-E,Ras Al Khor,190053,Green,Freehold,2015-08-13,2024-12-29,490409771,False,DEV-0019
PLOT-000608,7928-D,Discovery Gardens,146019,Commercial,Government,2018-11-11,2015-05-22,123505363,False,DEV-0056
PLOT-000609,7694-C,Deira,319532,Residential,Leasehold,2003-12-06,2019-04-09,201854066,True,DEV-0182
PLOT-000610,5349-E,Motor City,83299,Mixed,Leasehold,2011-11-04,2023-02-26,483767587,False,DEV-0051
PLOT-000611,6205-D,Town Square,438684,Residential,Freehold,2001-03-17,2018-06-15,169455389,True,DEV-0141
PLOT-000612,5682-D,Arabian Ranches,245982,Residential,Freehold,2015-08-31,2015-09-06,423783568,True,DEV-0054
PLOT-000613,6188-E,Al Twar,475015,Residential,Leasehold,2007-03-24,2024-12-11,395315034,True,DEV-0171
PLOT-000614,9602-A,Al Furjan,62737,Mixed,Freehold,2022-01-05,2017-02-26,292823906,False,DEV-0090
PLOT-000615,2220-D,Motor City,187749,Mixed,Leasehold,2019-07-20,2015-01-08,214865408,False,DEV-0152
PLOT-000616,6652-C,Emaar Beachfront,396413,Commercial,Leasehold,2020-04-19,2024-11-04,116617529,False,DEV-0173
PLOT-000617,4940-A,Dubai Investment Park,95697,Mixed,Government,2008-06-29,2016-07-11,477188406,False,DEV-0190
PLOT-000618,2598-C,Town Square,434392,Residential,Freehold,2001-04-10,2021-06-23,114155154,True,DEV-0092
PLOT-000619,4165-A,Town Square,81837,Mixed,Government,2013-12-13,2020-12-31,117242942,True,DEV-0170
PLOT-000620,2455-E,Al Satwa,246967,Mixed,Leasehold,2023-10-05,2015-09-03,137706573,True,DEV-0107
PLOT-000621,2952-C,Business Bay,212490,Residential,Government,2019-10-28,2023-12-18,359615367,False,DEV-0179
PLOT-000622,7820-E,Dubai Investment Park,374264,Commercial,Leasehold,2014-11-01,2023-01-26,150642376,True,DEV-0184
PLOT-000623,5649-B,Muhaisnah,178297,Residential,Freehold,2005-10-09,2023-11-23,450634343,True,DEV-0131
PLOT-000624,8876-E,Al Safa,40793,Green,Leasehold,2020-10-13,2018-06-04,207954922,False,DEV-0183
PLOT-000625,7351-E,Deira,170485,Commercial,Government,2011-10-19,2019-04-03,362766396,True,DEV-0101
PLOT-000626,6397-C,Al Twar,462265,Commercial,Freehold,2001-08-15,2015-02-25,330382533,False,DEV-0013
PLOT-000627,4731-C,Jumeirah,448674,Green,Leasehold,2016-05-16,2021-04-06,322754439,True,DEV-0124
PLOT-000628,3786-D,Muhaisnah,44264,Residential,Freehold,2001-04-11,2021-03-29,269735722,True,DEV-0129
PLOT-000629,8578-C,Al Twar,52086,Commercial,Freehold,2013-08-17,2019-05-17,11569350,True,DEV-0094
PLOT-000630,3767-C,JVC,129232,Residential,Freehold,2017-12-23,2020-02-04,101887870,False,DEV-0178
PLOT-000631,7428-A,Al Barsha,234062,Commercial,Leasehold,2002-10-02,2018-10-16,395138976,False,DEV-0144
PLOT-000632,6227-C,Dubai Land,383717,Residential,Leasehold,2002-06-10,2018-11-15,139895757,False,DEV-0064
PLOT-000633,2432-C,JVC,265671,Commercial,Freehold,2009-10-23,2023-04-29,92977816,True,DEV-0045
PLOT-000634,5352-E,Dubai Investment Park,112448,Residential,Freehold,2000-10-04,2024-11-08,317662228,False,DEV-0047
PLOT-000635,6427-D,Emaar Beachfront,250030,Commercial,Government,2006-07-03,2018-03-23,107796467,False,DEV-0154
PLOT-000636,5315-B,Al Twar,38423,Commercial,Freehold,2014-09-07,2023-12-24,271514765,False,DEV-0175
PLOT-000637,8702-B,International City,259046,Green,Freehold,2010-09-09,2017-11-07,382387124,False,DEV-0187
PLOT-000638,5625-D,Al Safa,57236,Residential,Freehold,2012-04-28,2022-02-12,279731930,False,DEV-0110
PLOT-000639,3794-E,Al Barsha,65178,Green,Leasehold,2019-10-11,2016-03-28,155991391,False,DEV-0055
PLOT-000640,3978-C,Sports City,480261,Residential,Freehold,2019-08-15,2018-03-02,141120846,False,DEV-0097
PLOT-000641,2091-A,Downtown Dubai,238860,Mixed,Government,2015-10-20,2020-02-06,38103406,False,DEV-0174
PLOT-000642,2592-D,Jumeirah,380956,Commercial,Leasehold,2012-10-22,2024-07-25,205064136,False,DEV-0060
PLOT-000643,1079-E,Ras Al Khor,189114,Residential,Freehold,2003-05-17,2022-03-19,458152508,False,DEV-0040
PLOT-000644,7579-C,Emaar Beachfront,329653,Industrial,Freehold,2021-01-16,2015-08-29,108677939,False,DEV-0083
PLOT-000645,3767-C,Al Safa,90923,Industrial,Freehold,2007-10-17,2021-12-21,14584808,False,DEV-0110
PLOT-000646,855-E,Umm Suqeim,35330,Mixed,Government,2003-06-10,2018-06-07,365465515,False,DEV-0140
PLOT-000647,6008-A,Dubai Marina,149451,Green,Freehold,2013-08-04,2020-10-26,452390598,True,DEV-0016
PLOT-000648,4283-E,Motor City,15034,Commercial,Government,2011-07-14,2021-05-16,445159957,True,DEV-0080
PLOT-000649,7891-E,Emaar Beachfront,499532,Residential,Leasehold,2014-08-23,2019-05-17,189793946,False,DEV-0165
PLOT-000650,7460-A,Motor City,190779,Mixed,Leasehold,2001-09-07,2016-07-04,45586746,True,DEV-0129
PLOT-000651,2415-A,Dubailand,177483,Residential,Government,2017-11-29,2015-11-01,72372746,False,DEV-0194
PLOT-000652,8470-C,Nad Al Sheba,41989,Commercial,Freehold,2008-11-25,2018-02-14,285561531,False,DEV-0138
PLOT-000653,9512-D,Palm Jumeirah,299974,Industrial,Leasehold,2005-04-27,2015-12-12,414631845,False,DEV-0013
PLOT-000654,24-A,Deira,68965,Mixed,Leasehold,2017-01-23,2016-08-31,157165475,False,DEV-0074
PLOT-000655,2261-C,Downtown Dubai,498430,Residential,Freehold,2014-03-04,2015-11-04,92504124,True,DEV-0188
PLOT-000656,8919-A,Al Barsha,345006,Residential,Leasehold,2004-01-21,2017-01-20,234026658,True,DEV-0133
PLOT-000657,9809-E,Town Square,124319,Residential,Leasehold,2006-04-27,2018-01-22,300909870,True,DEV-0191
PLOT-000658,5926-D,Al Mizhar,495199,Residential,Freehold,2020-05-01,2022-03-30,333919730,False,DEV-0086
PLOT-000659,5398-E,Umm Suqeim,19617,Commercial,Leasehold,2000-06-04,2015-02-25,137670605,True,DEV-0166
PLOT-000660,5419-E,Dubailand,174007,Mixed,Leasehold,2003-04-04,2018-12-21,390401000,False,DEV-0107
PLOT-000661,9770-E,Dubai Marina,230826,Commercial,Government,2016-08-28,2015-05-22,319310723,False,DEV-0150
PLOT-000662,6292-E,Warqa,59326,Industrial,Leasehold,2017-06-17,2017-08-28,497479581,False,DEV-0115
PLOT-000663,7472-D,Ras Al Khor,93520,Residential,Leasehold,2015-06-05,2022-08-19,72490040,True,DEV-0004
PLOT-000664,6676-C,Al Safa,173826,Mixed,Freehold,2012-11-26,2018-02-12,307232830,True,DEV-0096
PLOT-000665,580-E,Al Twar,499128,Residential,Freehold,2003-12-06,2024-03-04,90112826,True,DEV-0056
PLOT-000666,8885-E,Al Wasl,323204,Industrial,Government,2002-09-14,2016-10-10,143851150,True,DEV-0016
PLOT-000667,8102-B,International City,127839,Mixed,Freehold,2017-01-04,2021-10-09,2080896,False,DEV-0115
PLOT-000668,538-A,JVC,453341,Mixed,Freehold,2004-11-13,2017-11-08,196524988,False,DEV-0111
PLOT-000669,1853-D,Ras Al Khor,313974,Commercial,Leasehold,2007-09-03,2022-05-01,345591243,True,DEV-0042
PLOT-000670,4748-B,Business Bay,227853,Mixed,Leasehold,2005-09-19,2018-04-19,426722734,True,DEV-0162
PLOT-000671,4698-C,Dubai Land,60714,Commercial,Freehold,2007-08-23,2022-04-10,185480153,False,DEV-0051
PLOT-000672,6823-C,Nad Al Sheba,392707,Residential,Leasehold,2000-03-01,2023-02-22,138034784,False,DEV-0159
PLOT-000673,7398-B,Business Bay,97211,Mixed,Government,2015-09-08,2020-05-24,376446342,False,DEV-0109
PLOT-000674,1001-C,Emaar Beachfront,332536,Commercial,Freehold,2020-11-28,2015-11-20,185234805,True,DEV-0097
PLOT-000675,5361-D,Dubai Investment Park,247863,Mixed,Freehold,2022-04-13,2015-08-04,70039136,False,DEV-0192
PLOT-000676,6509-D,Umm Suqeim,135613,Residential,Government,2021-07-23,2018-11-13,289310142,False,DEV-0181
PLOT-000677,4686-D,Al Furjan,476002,Commercial,Freehold,2001-10-09,2018-10-13,268019128,True,DEV-0002
PLOT-000678,8787-E,Dubai Hills Estate,141370,Residential,Government,2009-11-23,2023-03-27,347712097,False,DEV-0162
PLOT-000679,2796-E,Al Satwa,381115,Mixed,Government,2005-07-08,2018-03-14,181443292,False,DEV-0079
PLOT-000680,901-E,Al Qusais,184850,Mixed,Leasehold,2012-10-16,2017-12-25,11470301,False,DEV-0068
PLOT-000681,878-C,Dubai Investment Park,50576,Residential,Freehold,2000-07-14,2016-03-15,65101505,True,DEV-0164
PLOT-000682,2578-D,Dubai Creek Harbour,244543,Green,Leasehold,2003-05-09,2016-01-25,349926808,False,DEV-0034
PLOT-000683,1711-E,Al Safa,234358,Residential,Leasehold,2014-09-14,2018-12-17,384065973,True,DEV-0026
PLOT-000684,7231-B,International City,481412,Commercial,Leasehold,2013-01-04,2024-02-18,48083465,False,DEV-0109
PLOT-000685,5442-D,Bur Dubai,44364,Industrial,Leasehold,2001-07-07,2017-11-22,403983809,False,DEV-0145
PLOT-000686,8443-D,Deira,228332,Mixed,Government,2009-07-08,2020-04-04,46751088,False,DEV-0077
PLOT-000687,5404-D,Al Twar,395328,Residential,Freehold,2009-05-12,2022-04-03,481396793,False,DEV-0181
PLOT-000688,1344-B,Sports City,258706,Commercial,Freehold,2006-07-02,2024-01-10,494403815,True,DEV-0195
PLOT-000689,3131-A,Al Qusais,334083,Residential,Government,2014-08-10,2015-02-18,224396480,True,DEV-0158
PLOT-000690,6141-C,Mirdif,70873,Mixed,Government,2020-01-30,2016-06-29,304030294,True,DEV-0114
PLOT-000691,912-B,Dubai Hills Estate,238518,Commercial,Leasehold,2009-02-25,2024-03-27,134267424,True,DEV-0116
PLOT-000692,4012-B,Al Wasl,51121,Commercial,Freehold,2016-12-18,2015-04-05,325469231,False,DEV-0193
PLOT-000693,9730-B,Jebel Ali,437802,Commercial,Government,2023-04-20,2017-12-20,402522928,True,DEV-0065
PLOT-000694,8670-C,Dubai South,498135,Residential,Leasehold,2014-08-07,2015-01-06,80751023,False,DEV-0168
PLOT-000695,862-E,Al Karama,172965,Commercial,Freehold,2001-05-08,2019-07-19,146689236,False,DEV-0054
PLOT-000696,9625-D,Al Wasl,90423,Commercial,Freehold,2010-02-17,2022-11-19,277554580,False,DEV-0160
PLOT-000697,7595-D,Al Twar,260416,Residential,Leasehold,2011-07-14,2019-01-26,29299787,False,DEV-0163
PLOT-000698,127-C,Warqa,79391,Mixed,Freehold,2004-07-22,2021-10-16,137804538,True,DEV-0098
PLOT-000699,5271-D,JLT,210313,Residential,Freehold,2017-08-30,2021-07-26,161738706,False,DEV-0194
PLOT-000700,1708-D,Al Qusais,121511,Residential,Freehold,2017-11-29,2021-01-06,369036607,True,DEV-0008
PLOT-000701,4372-B,Deira,98203,Residential,Freehold,2006-02-14,2018-10-23,233541049,False,DEV-0133
PLOT-000702,6382-D,Ras Al Khor,474184,Commercial,Freehold,2007-07-21,2018-07-29,257219027,False,DEV-0175
PLOT-000703,4220-A,Business Bay,28740,Mixed,Leasehold,2003-03-04,2018-05-28,444801789,False,DEV-0152
PLOT-000704,8567-B,Al Quoz,28429,Mixed,Freehold,2016-04-22,2021-11-15,127270445,True,DEV-0101
PLOT-000705,6776-C,Nad Al Sheba,78159,Residential,Freehold,2018-01-18,2024-11-17,155173617,False,DEV-0075
PLOT-000706,9737-B,Mirdif,310153,Commercial,Freehold,2017-08-30,2024-06-15,473033541,True,DEV-0032
PLOT-000707,5056-A,Al Furjan,182989,Residential,Government,2007-01-29,2020-09-27,243235033,True,DEV-0142
PLOT-000708,5161-E,Mirdif,357089,Residential,Leasehold,2019-09-22,2016-08-26,412468003,True,DEV-0145
PLOT-000709,9410-D,Al Furjan,403165,Residential,Freehold,2010-02-07,2019-04-01,54001668,False,DEV-0188
PLOT-000710,441-A,Al Satwa,184254,Industrial,Freehold,2007-10-19,2016-11-18,212420864,False,DEV-0189
PLOT-000711,4259-A,Jebel Ali,459846,Industrial,Leasehold,2007-09-14,2023-07-28,351683877,False,DEV-0152
PLOT-000712,3990-A,Dubai Investment Park,193665,Commercial,Freehold,2023-08-12,2019-11-12,250147395,False,DEV-0107
PLOT-000713,2456-C,Downtown Dubai,371194,Residential,Freehold,2009-03-05,2015-09-15,350528336,False,DEV-0113
PLOT-000714,508-E,Al Twar,468989,Residential,Freehold,2023-01-18,2023-07-17,262793694,False,DEV-0157
PLOT-000715,8087-A,Bur Dubai,91149,Residential,Freehold,2009-06-26,2022-03-14,80012947,False,DEV-0143
PLOT-000716,7418-D,Ras Al Khor,165108,Residential,Leasehold,2020-05-20,2023-11-18,477091903,False,DEV-0168
PLOT-000717,8301-D,Warqa,488444,Commercial,Freehold,2017-10-05,2016-04-19,286366245,True,DEV-0119
PLOT-000718,2845-D,Bur Dubai,156122,Residential,Freehold,2008-10-21,2019-07-01,252754059,True,DEV-0119
PLOT-000719,368-C,Al Wasl,467078,Mixed,Freehold,2019-03-10,2020-03-27,179928812,True,DEV-0109
PLOT-000720,5426-A,Palm Jumeirah,301558,Industrial,Government,2023-07-24,2016-08-24,5236718,True,DEV-0119
PLOT-000721,5309-C,Discovery Gardens,392831,Commercial,Leasehold,2022-09-15,2017-09-01,10231049,True,DEV-0035
PLOT-000722,659-E,International City,356640,Residential,Freehold,2006-07-06,2021-12-05,122141790,True,DEV-0050
PLOT-000723,1212-A,Dubai Marina,480145,Commercial,Freehold,2003-08-17,2023-12-04,235854389,False,DEV-0058
PLOT-000724,7209-A,Al Satwa,185781,Commercial,Leasehold,2011-02-18,2021-04-17,287104333,True,DEV-0156
PLOT-000725,4254-E,Dubai South,448049,Commercial,Freehold,2013-11-04,2015-02-19,160179888,False,DEV-0060
PLOT-000726,5429-E,Sports City,16893,Industrial,Freehold,2007-01-24,2019-02-16,381541487,True,DEV-0152
PLOT-000727,354-E,Al Karama,23419,Residential,Freehold,2009-01-24,2024-02-28,122648596,True,DEV-0106
PLOT-000728,1346-D,Dubai Investment Park,443404,Green,Freehold,2023-09-18,2018-04-29,190202189,True,DEV-0027
PLOT-000729,8795-B,Jebel Ali,187646,Industrial,Freehold,2017-09-03,2018-09-09,234267043,True,DEV-0110
PLOT-000730,7-C,Al Satwa,468240,Mixed,Leasehold,2008-12-05,2020-12-16,475173380,False,DEV-0141
PLOT-000731,92-C,Dubai South,34310,Residential,Freehold,2019-03-27,2021-07-30,5109197,False,DEV-0051
PLOT-000732,1793-D,Al Quoz,211021,Commercial,Leasehold,2007-08-13,2020-11-16,325531646,True,DEV-0111
PLOT-000733,6087-B,Sports City,466028,Mixed,Freehold,2000-05-24,2019-05-08,39100874,True,DEV-0097
PLOT-000734,9666-B,Discovery Gardens,239170,Residential,Leasehold,2007-08-19,2017-12-30,173214808,False,DEV-0038
PLOT-000735,5383-A,Palm Jumeirah,457630,Commercial,Government,2016-11-07,2019-08-01,206403417,False,DEV-0178
PLOT-000736,9986-B,Palm Jumeirah,437712,Industrial,Leasehold,2002-04-24,2015-02-18,50354800,False,DEV-0035
PLOT-000737,8237-A,Al Safa,242521,Mixed,Freehold,2019-06-12,2023-06-14,300871475,False,DEV-0030
PLOT-000738,6880-A,Al Barsha,20843,Residential,Freehold,2006-01-14,2021-06-10,388725314,True,DEV-0055
PLOT-000739,2776-B,Dubailand,440172,Residential,Leasehold,2014-01-13,2022-06-12,59107764,True,DEV-0040
PLOT-000740,5021-C,Bur Dubai,321447,Residential,Freehold,2004-11-15,2016-07-14,129562128,False,DEV-0117
PLOT-000741,4289-A,Dubai South,102341,Commercial,Leasehold,2003-12-20,2019-07-27,336447879,True,DEV-0151
PLOT-000742,5017-D,Umm Suqeim,108887,Residential,Freehold,2021-04-26,2016-05-16,388489196,False,DEV-0121
PLOT-000743,9091-E,Al Barsha,349449,Mixed,Leasehold,2008-04-10,2024-09-05,35423710,True,DEV-0091
PLOT-000744,5932-D,Al Safa,425061,Commercial,Leasehold,2005-07-28,2017-04-25,14377569,False,DEV-0049
PLOT-000745,4397-B,Arabian Ranches,75514,Mixed,Leasehold,2004-11-16,2021-11-16,350327246,False,DEV-0006
PLOT-000746,6321-A,Dubai Investment Park,5117,Residential,Freehold,2014-02-06,2017-07-30,451139707,False,DEV-0092
PLOT-000747,2931-E,Al Furjan,95593,Mixed,Leasehold,2008-08-08,2017-01-27,107315320,False,DEV-0074
PLOT-000748,7312-B,Dubai Creek Harbour,42982,Industrial,Freehold,2018-03-01,2015-12-28,103505760,False,DEV-0160
PLOT-000749,4692-C,Ras Al Khor,300733,Commercial,Freehold,2013-11-23,2016-06-11,175161634,True,DEV-0115
PLOT-000750,1880-B,Al Twar,311511,Commercial,Freehold,2013-06-15,2015-05-17,314755318,False,DEV-0067
PLOT-000751,7509-E,Ras Al Khor,131438,Commercial,Leasehold,2006-03-31,2022-05-02,340667253,False,DEV-0171
PLOT-000752,1506-E,Deira,261757,Residential,Government,2018-03-01,2018-08-03,198571176,True,DEV-0182
PLOT-000753,6055-D,Dubailand,72826,Residential,Freehold,2012-11-09,2023-07-12,188407205,True,DEV-0004
PLOT-000754,8913-C,Muhaisnah,23736,Mixed,Leasehold,2004-06-14,2020-03-29,47931601,False,DEV-0170
PLOT-000755,2004-B,Town Square,484538,Industrial,Freehold,2021-01-25,2021-04-18,444669836,True,DEV-0082
PLOT-000756,7786-B,Al Quoz,139047,Residential,Freehold,2022-06-05,2021-06-21,217238354,True,DEV-0130
PLOT-000757,8087-E,Al Mizhar,359670,Commercial,Leasehold,2021-07-02,2016-09-26,131815555,False,DEV-0182
PLOT-000758,7629-C,Bur Dubai,477405,Commercial,Freehold,2014-01-30,2018-07-05,382638630,True,DEV-0168
PLOT-000759,2654-B,Dubai Hills Estate,90185,Mixed,Leasehold,2009-11-27,2021-12-27,120413315,False,DEV-0082
PLOT-000760,5065-C,International City,287154,Green,Government,2011-02-22,2020-11-01,275712974,False,DEV-0025
PLOT-000761,5343-D,Sports City,120237,Residential,Freehold,2000-05-02,2022-01-27,468939192,False,DEV-0141
PLOT-000762,3630-D,Dubai Hills Estate,358373,Residential,Leasehold,2010-02-05,2020-02-08,62804186,False,DEV-0027
PLOT-000763,962-C,Al Qusais,104713,Commercial,Leasehold,2016-07-17,2018-02-02,126533889,True,DEV-0021
PLOT-000764,7943-D,Jumeirah,401534,Residential,Leasehold,2006-04-23,2018-12-17,390078711,True,DEV-0058
PLOT-000765,3983-D,Dubai Marina,342458,Commercial,Freehold,2021-01-22,2022-04-11,106222050,True,DEV-0057
PLOT-000766,123-D,Deira,439944,Mixed,Leasehold,2021-12-30,2020-05-29,264182445,True,DEV-0199
PLOT-000767,5978-E,Palm Jumeirah,358506,Residential,Government,2010-04-22,2015-10-25,105221500,True,DEV-0102
PLOT-000768,3369-E,Mirdif,90679,Commercial,Government,2002-01-24,2021-10-18,414197690,False,DEV-0115
PLOT-000769,419-D,Al Barsha,105552,Residential,Leasehold,2015-08-17,2020-09-13,276182190,False,DEV-0014
PLOT-000770,8904-E,Jumeirah,284184,Residential,Freehold,2003-07-05,2018-04-21,372041892,False,DEV-0056
PLOT-000771,3521-A,Muhaisnah,78450,Residential,Leasehold,2004-02-14,2022-12-07,315930089,True,DEV-0023
PLOT-000772,9757-C,Dubai Land,203508,Commercial,Government,2003-10-08,2021-05-20,429056874,False,DEV-0070
PLOT-000773,8908-C,Palm Jumeirah,420825,Industrial,Freehold,2009-03-21,2016-10-12,293903966,True,DEV-0106
PLOT-000774,7727-A,Nad Al Sheba,33242,Green,Leasehold,2017-10-31,2023-06-27,88284183,False,DEV-0063
PLOT-000775,2320-D,Al Wasl,212124,Residential,Leasehold,2015-02-17,2020-05-27,407445714,False,DEV-0093
PLOT-000776,7321-C,Discovery Gardens,323445,Mixed,Leasehold,2018-09-24,2017-09-26,425457893,False,DEV-0086
PLOT-000777,9936-B,Bur Dubai,355358,Residential,Government,2016-07-13,2018-07-10,162813414,False,DEV-0158
PLOT-000778,6894-A,Muhaisnah,464108,Mixed,Leasehold,2007-06-03,2015-07-08,310332381,True,DEV-0179
PLOT-000779,9914-B,Palm Jumeirah,33253,Commercial,Freehold,2003-04-14,2015-11-17,246306116,False,DEV-0166
PLOT-000780,385-E,Town Square,468351,Green,Leasehold,2018-05-23,2015-11-26,200085532,False,DEV-0185
PLOT-000781,858-D,DIFC,28755,Mixed,Leasehold,2006-08-03,2018-07-26,483920237,False,DEV-0059
PLOT-000782,9469-A,Al Wasl,217376,Residential,Freehold,2002-03-26,2019-09-19,315611855,False,DEV-0162
PLOT-000783,7644-D,Dubailand,190298,Mixed,Government,2021-04-29,2019-07-10,251010491,False,DEV-0158
PLOT-000784,3635-D,Al Qusais,61177,Green,Freehold,2019-09-22,2017-09-12,94022242,True,DEV-0012
PLOT-000785,3326-E,JLT,495956,Mixed,Freehold,2015-05-11,2019-05-01,472919988,True,DEV-0190
PLOT-000786,9862-C,Al Twar,61962,Commercial,Government,2020-01-22,2017-05-16,358222910,False,DEV-0016
PLOT-000787,1856-A,Muhaisnah,167972,Residential,Leasehold,2023-08-05,2015-10-08,22380975,False,DEV-0174
PLOT-000788,8673-A,Al Karama,64219,Commercial,Leasehold,2017-07-12,2020-06-25,345009797,False,DEV-0156
PLOT-000789,5778-B,Dubai Marina,217570,Residential,Freehold,2006-02-27,2024-03-12,396058487,True,DEV-0137
PLOT-000790,9659-B,Al Barsha,46170,Commercial,Freehold,2014-09-19,2023-02-04,359997351,True,DEV-0093
PLOT-000791,1205-C,Mirdif,479496,Green,Government,2015-04-04,2019-02-09,337085204,False,DEV-0078
PLOT-000792,7896-C,Town Square,450411,Residential,Leasehold,2018-04-25,2023-09-23,110993189,False,DEV-0071
PLOT-000793,1147-C,Discovery Gardens,55521,Residential,Freehold,2007-02-21,2024-05-21,4540564,False,DEV-0073
PLOT-000794,9283-B,Umm Suqeim,131346,Residential,Freehold,2013-01-22,2021-03-01,139721848,False,DEV-0076
PLOT-000795,4382-E,Al Safa,456913,Residential,Freehold,2001-03-01,2022-04-30,357828725,False,DEV-0200
PLOT-000796,4645-D,JVC,441396,Mixed,Leasehold,2009-01-09,2022-02-19,79211325,False,DEV-0188
PLOT-000797,7101-D,Umm Suqeim,159118,Mixed,Government,2004-11-20,2024-05-09,337178750,True,DEV-0029
PLOT-000798,4056-B,Al Wasl,172226,Mixed,Freehold,2020-03-01,2021-06-06,467221057,False,DEV-0130
PLOT-000799,8647-A,JVC,163180,Residential,Freehold,2008-02-16,2023-11-01,407470581,True,DEV-0180
PLOT-000800,1032-D,Al Barsha,88046,Industrial,Freehold,2010-02-22,2021-07-19,332759091,True,DEV-0186
PLOT-000801,7305-B,Muhaisnah,281795,Commercial,Freehold,2019-01-22,2016-08-15,111759941,False,DEV-0061
PLOT-000802,8929-C,Muhaisnah,489058,Residential,Leasehold,2023-07-29,2024-07-21,168279671,False,DEV-0111
PLOT-000803,5355-A,Bur Dubai,56441,Mixed,Leasehold,2012-08-23,2017-03-21,217153532,False,DEV-0157
PLOT-000804,6862-C,Downtown Dubai,319784,Commercial,Government,2014-10-07,2022-02-21,408090963,False,DEV-0065
PLOT-000805,743-D,Palm Jumeirah,181099,Commercial,Freehold,2021-08-17,2015-12-12,222456709,False,DEV-0116
PLOT-000806,6472-B,Al Wasl,240753,Commercial,Freehold,2017-05-18,2020-03-18,174468395,False,DEV-0181
PLOT-000807,7481-D,Discovery Gardens,85990,Commercial,Leasehold,2019-06-30,2015-09-02,306358470,True,DEV-0007
PLOT-000808,5843-B,Discovery Gardens,72176,Residential,Freehold,2004-04-05,2019-09-04,235682899,True,DEV-0002
PLOT-000809,9688-E,Town Square,156009,Commercial,Government,2020-04-13,2018-12-06,126380194,False,DEV-0005
PLOT-000810,8148-A,Al Twar,173287,Residential,Leasehold,2016-01-22,2019-06-24,205992901,False,DEV-0132
PLOT-000811,997-D,Al Qusais,11660,Mixed,Government,2011-05-24,2019-06-05,492960344,True,DEV-0059
PLOT-000812,8905-B,Jumeirah,368545,Residential,Government,2003-02-21,2019-08-16,6271501,True,DEV-0147
PLOT-000813,7155-A,Arabian Ranches,172865,Commercial,Freehold,2002-06-03,2021-03-18,204611628,True,DEV-0109
PLOT-000814,1914-A,Discovery Gardens,451666,Industrial,Freehold,2008-10-22,2022-07-31,353056056,False,DEV-0100
PLOT-000815,2769-A,Umm Suqeim,231083,Green,Government,2023-09-27,2016-11-17,21914328,False,DEV-0002
PLOT-000816,4167-D,Al Qusais,6773,Residential,Leasehold,2004-10-27,2023-01-17,133268473,False,DEV-0042
PLOT-000817,1135-A,Palm Jumeirah,328927,Residential,Freehold,2017-05-25,2019-11-21,223992153,False,DEV-0065
PLOT-000818,494-C,Downtown Dubai,376402,Mixed,Government,2008-12-09,2023-06-19,380746179,False,DEV-0040
PLOT-000819,1761-E,Ras Al Khor,189999,Commercial,Leasehold,2005-11-29,2016-05-12,446107595,False,DEV-0174
PLOT-000820,2193-E,Business Bay,482799,Residential,Leasehold,2022-08-30,2021-06-13,71051747,True,DEV-0104
PLOT-000821,1575-D,Dubai South,442483,Commercial,Freehold,2017-10-27,2022-01-17,381970513,False,DEV-0025
PLOT-000822,8404-B,Emaar Beachfront,199047,Commercial,Government,2001-04-28,2024-10-25,486308667,True,DEV-0103
PLOT-000823,8877-D,Umm Suqeim,302616,Commercial,Freehold,2022-02-14,2019-09-26,123773139,True,DEV-0066
PLOT-000824,754-B,Downtown Dubai,149007,Green,Freehold,2005-12-06,2024-03-29,231827868,True,DEV-0014
PLOT-000825,3199-C,Dubai Land,445703,Mixed,Freehold,2019-03-16,2021-11-20,67624576,False,DEV-0001
PLOT-000826,8664-B,Mirdif,181181,Mixed,Freehold,2018-09-15,2015-12-26,357477626,True,DEV-0183
PLOT-000827,5548-C,Muhaisnah,155157,Residential,Freehold,2008-10-01,2024-04-01,444334303,True,DEV-0173
PLOT-000828,8259-A,Warqa,143711,Commercial,Freehold,2003-05-15,2022-11-29,235707573,False,DEV-0104
PLOT-000829,5255-C,Al Mizhar,382552,Mixed,Freehold,2021-12-13,2018-05-07,251458353,False,DEV-0097
PLOT-000830,7934-C,Business Bay,390962,Residential,Leasehold,2008-12-05,2020-03-08,145140806,True,DEV-0094
PLOT-000831,8437-A,Arabian Ranches,86728,Green,Freehold,2009-04-22,2017-02-17,468446429,True,DEV-0086
PLOT-000832,948-C,Umm Suqeim,263792,Residential,Leasehold,2006-02-10,2024-03-07,467739651,True,DEV-0175
PLOT-000833,3470-B,Al Mizhar,36168,Commercial,Government,2016-02-01,2015-12-29,470429287,False,DEV-0164
PLOT-000834,4856-C,Bur Dubai,472230,Mixed,Leasehold,2010-07-01,2021-11-15,58996996,False,DEV-0198
PLOT-000835,6825-E,Downtown Dubai,239461,Commercial,Freehold,2017-02-20,2024-01-18,336470497,True,DEV-0041
PLOT-000836,4143-B,Discovery Gardens,266661,Residential,Government,2003-01-07,2022-02-04,15837460,False,DEV-0009
PLOT-000837,1631-A,Dubai Creek Harbour,365793,Residential,Government,2018-05-29,2021-09-30,457593578,True,DEV-0050
PLOT-000838,8333-E,Dubai Investment Park,241587,Residential,Freehold,2019-04-25,2024-11-28,416536510,True,DEV-0155
PLOT-000839,9516-E,Dubai Investment Park,367574,Mixed,Leasehold,2023-02-17,2021-06-29,438985906,False,DEV-0183
PLOT-000840,2150-E,Dubai Marina,84590,Residential,Freehold,2001-04-27,2020-07-21,377230813,True,DEV-0007
PLOT-000841,8462-A,Dubai Investment Park,93329,Commercial,Freehold,2021-05-04,2024-08-15,174296988,False,DEV-0106
PLOT-000842,7101-C,Palm Jumeirah,124281,Residential,Leasehold,2000-04-04,2018-09-30,58227101,True,DEV-0001
PLOT-000843,8703-B,Dubai Marina,349453,Industrial,Freehold,2002-03-08,2019-03-25,1816049,False,DEV-0083
PLOT-000844,682-B,Arabian Ranches,5666,Commercial,Freehold,2011-12-04,2020-01-04,382902180,False,DEV-0004
PLOT-000845,7652-C,JVC,498545,Residential,Leasehold,2023-04-12,2017-09-13,191811345,False,DEV-0146
PLOT-000846,1-C,Dubailand,375041,Residential,Freehold,2021-12-29,2015-06-06,377150055,True,DEV-0070
PLOT-000847,240-A,Arabian Ranches,5096,Mixed,Freehold,2011-03-12,2020-01-15,340097663,False,DEV-0135
PLOT-000848,7062-E,Dubai Marina,109159,Mixed,Freehold,2016-12-19,2021-05-27,19525386,False,DEV-0156
PLOT-000849,8636-B,JVC,494277,Industrial,Freehold,2014-07-06,2024-08-09,368847670,False,DEV-0003
PLOT-000850,9667-D,Sports City,275477,Residential,Leasehold,2007-11-10,2023-06-09,155297447,False,DEV-0047
PLOT-000851,3714-C,Jumeirah,169243,Residential,Leasehold,2019-05-27,2015-05-15,193370358,False,DEV-0004
PLOT-000852,5299-A,Business Bay,491845,Residential,Freehold,2010-03-09,2017-05-17,264152480,False,DEV-0071
PLOT-000853,9927-B,Al Twar,121069,Residential,Leasehold,2015-09-05,2020-07-15,69687274,False,DEV-0096
PLOT-000854,3956-D,Al Qusais,329448,Commercial,Government,2004-01-02,2023-02-03,17204193,True,DEV-0120
PLOT-000855,3489-D,Emaar Beachfront,326709,Mixed,Leasehold,2000-03-15,2021-02-13,416224577,False,DEV-0144
PLOT-000856,5230-B,Al Safa,361165,Commercial,Freehold,2007-07-05,2019-03-30,432985266,False,DEV-0185
PLOT-000857,9303-D,Arabian Ranches,130232,Residential,Freehold,2013-11-08,2024-12-13,78514226,True,DEV-0122
PLOT-000858,4055-E,Dubai Marina,344992,Commercial,Leasehold,2003-05-25,2015-12-04,378524615,True,DEV-0105
PLOT-000859,9705-E,Jebel Ali,287547,Green,Leasehold,2008-04-17,2018-05-25,277936413,False,DEV-0098
PLOT-000860,5657-D,Al Wasl,112508,Residential,Government,2000-02-10,2024-09-15,364569709,False,DEV-0022
PLOT-000861,859-E,Al Barsha,218262,Mixed,Government,2012-10-07,2019-12-31,19900580,True,DEV-0183
PLOT-000862,8225-D,Dubai South,485425,Mixed,Freehold,2008-09-12,2017-10-24,23052037,True,DEV-0064
PLOT-000863,8707-E,Dubailand,236143,Mixed,Freehold,2011-06-29,2017-06-20,208297087,True,DEV-0103
PLOT-000864,7249-A,Arabian Ranches,487707,Commercial,Freehold,2016-07-11,2019-12-04,44807259,False,DEV-0195
PLOT-000865,5559-C,Bur Dubai,97140,Residential,Freehold,2021-05-26,2020-11-23,274034519,False,DEV-0015
PLOT-000866,4504-B,Al Karama,25543,Commercial,Freehold,2009-03-13,2019-12-26,158046806,False,DEV-0018
PLOT-000867,4166-B,International City,307002,Residential,Leasehold,2011-08-29,2022-10-30,419015357,False,DEV-0124
PLOT-000868,3126-D,Motor City,206187,Commercial,Freehold,2000-11-22,2015-02-21,18294224,False,DEV-0162
PLOT-000869,4531-A,Town Square,131408,Industrial,Freehold,2021-07-29,2016-09-17,372646600,False,DEV-0083
PLOT-000870,696-C,Dubai Investment Park,121232,Industrial,Freehold,2013-09-22,2023-02-13,280683360,True,DEV-0181
PLOT-000871,1726-E,Al Satwa,385961,Industrial,Freehold,2004-04-08,2023-03-06,330926898,False,DEV-0042
PLOT-000872,3843-D,Business Bay,128492,Commercial,Freehold,2011-09-29,2023-06-21,165246334,True,DEV-0198
PLOT-000873,8792-D,DIFC,344094,Residential,Leasehold,2019-12-15,2024-01-11,81370655,False,DEV-0041
PLOT-000874,1499-E,Al Satwa,407926,Commercial,Leasehold,2008-08-06,2020-12-06,42827465,True,DEV-0173
PLOT-000875,1248-E,Al Karama,336998,Mixed,Freehold,2013-06-29,2024-06-11,235788440,True,DEV-0112
PLOT-000876,2220-B,Deira,117268,Residential,Freehold,2023-01-01,2021-04-16,311573628,True,DEV-0153
PLOT-000877,18-D,Mirdif,286644,Residential,Leasehold,2007-04-14,2015-04-26,267669152,False,DEV-0118
PLOT-000878,212-B,Warqa,298506,Residential,Leasehold,2022-06-07,2018-05-12,139064310,False,DEV-0191
PLOT-000879,6420-B,JLT,318800,Residential,Freehold,2001-11-08,2022-04-15,392275685,True,DEV-0047
PLOT-000880,1579-A,Warqa,363218,Green,Freehold,2011-12-23,2017-09-12,454786482,True,DEV-0189
PLOT-000881,8690-D,DIFC,35759,Mixed,Government,2022-02-09,2018-11-07,390697209,True,DEV-0013
PLOT-000882,775-C,Sports City,10396,Residential,Freehold,2011-04-24,2022-08-20,397683412,True,DEV-0117
PLOT-000883,4842-B,JVC,367233,Residential,Leasehold,2016-04-28,2018-04-07,42023435,True,DEV-0031
PLOT-000884,8517-A,Business Bay,473037,Industrial,Government,2015-03-17,2016-02-05,63541885,True,DEV-0125
PLOT-000885,4330-D,Jumeirah,352702,Residential,Government,2004-01-02,2024-05-25,22278108,False,DEV-0054
PLOT-000886,9747-A,Emaar Beachfront,125205,Green,Government,2016-02-02,2017-03-25,114414954,True,DEV-0030
PLOT-000887,1621-E,Bur Dubai,463667,Residential,Leasehold,2008-07-31,2015-10-07,384595774,True,DEV-0156
PLOT-000888,6883-D,Bur Dubai,308746,Residential,Freehold,2005-10-19,2021-10-08,155201198,False,DEV-0036
PLOT-000889,3755-A,Deira,16659,Residential,Freehold,2008-05-23,2022-07-10,180790584,False,DEV-0016
PLOT-000890,8306-B,Al Wasl,80037,Residential,Leasehold,2019-01-12,2022-08-22,376399087,True,DEV-0134
PLOT-000891,5704-B,Mirdif,316337,Commercial,Leasehold,2018-09-16,2018-09-13,253024316,False,DEV-0034
PLOT-000892,2284-C,Warqa,301974,Residential,Freehold,2019-10-28,2016-07-15,327753664,True,DEV-0164
PLOT-000893,1734-D,Downtown Dubai,126532,Mixed,Freehold,2018-02-25,2020-10-14,379861032,True,DEV-0116
PLOT-000894,7449-D,Al Karama,125697,Commercial,Leasehold,2021-07-08,2020-09-29,419494464,False,DEV-0039
PLOT-000895,9615-E,DIFC,384773,Residential,Freehold,2006-04-11,2018-10-06,416386696,False,DEV-0067
PLOT-000896,2100-B,Palm Jumeirah,240894,Commercial,Freehold,2008-07-04,2017-12-27,88527293,False,DEV-0195
PLOT-000897,8952-E,Palm Jumeirah,497616,Mixed,Freehold,2004-04-19,2016-05-16,59175058,True,DEV-0017
PLOT-000898,2970-D,Nad Al Sheba,251407,Residential,Freehold,2016-08-17,2015-02-11,219711763,False,DEV-0024
PLOT-000899,1712-B,Ras Al Khor,339035,Mixed,Freehold,2018-12-28,2023-08-30,177898113,True,DEV-0151
PLOT-000900,6034-E,Al Twar,183571,Industrial,Freehold,2009-09-21,2016-02-16,235972161,False,DEV-0183
PLOT-000901,2143-A,Town Square,267698,Residential,Government,2018-10-04,2022-08-06,286468577,False,DEV-0186
PLOT-000902,8691-C,Sports City,329283,Industrial,Freehold,2007-02-17,2022-05-05,336063912,False,DEV-0199
PLOT-000903,9836-A,Jumeirah,90293,Residential,Freehold,2011-05-26,2020-12-30,27640193,True,DEV-0179
PLOT-000904,5780-B,Warqa,396793,Residential,Leasehold,2011-04-17,2023-09-05,216070194,False,DEV-0023
PLOT-000905,7042-A,Ras Al Khor,226567,Residential,Government,2018-04-20,2019-03-10,354151832,False,DEV-0097
PLOT-000906,9078-E,Al Qusais,291651,Industrial,Government,2008-12-26,2018-12-04,428101516,True,DEV-0108
PLOT-000907,8944-B,Arabian Ranches,209932,Residential,Freehold,2020-05-18,2020-04-24,80002113,False,DEV-0131
PLOT-000908,878-E,Palm Jumeirah,125466,Commercial,Freehold,2011-08-11,2018-06-25,389216734,True,DEV-0085
PLOT-000909,3888-E,Al Barsha,170285,Residential,Leasehold,2008-11-28,2019-06-15,471740973,False,DEV-0125
PLOT-000910,8711-C,Al Wasl,132220,Residential,Leasehold,2005-04-09,2022-11-26,83039060,False,DEV-0196
PLOT-000911,326-B,Bur Dubai,378892,Residential,Leasehold,2021-02-04,2023-09-21,123593407,False,DEV-0132
PLOT-000912,6756-A,Al Barsha,49273,Industrial,Freehold,2007-12-29,2021-02-08,189484340,False,DEV-0051
PLOT-000913,2667-B,International City,367495,Residential,Freehold,2015-01-17,2022-04-17,313539249,True,DEV-0005
PLOT-000914,639-E,Palm Jumeirah,238647,Commercial,Freehold,2008-01-08,2022-10-03,446560784,False,DEV-0057
PLOT-000915,9278-B,Al Satwa,181626,Commercial,Leasehold,2005-10-16,2022-09-22,99365694,True,DEV-0105
PLOT-000916,1078-A,Dubailand,207971,Residential,Government,2010-10-23,2015-02-11,15901617,False,DEV-0185
PLOT-000917,1502-B,Al Quoz,481013,Commercial,Leasehold,2012-02-20,2020-12-22,418123778,False,DEV-0045
PLOT-000918,5931-A,Dubai Hills Estate,213340,Industrial,Leasehold,2003-08-26,2020-03-18,374546749,True,DEV-0114
PLOT-000919,3098-C,Al Satwa,300508,Residential,Freehold,2018-04-14,2021-12-18,5035606,False,DEV-0108
PLOT-000920,8906-A,Nad Al Sheba,362694,Industrial,Leasehold,2010-10-28,2019-11-05,393401209,True,DEV-0077
PLOT-000921,8137-C,Ras Al Khor,28237,Industrial,Leasehold,2009-08-19,2016-04-09,65810419,False,DEV-0109
PLOT-000922,7689-B,Mirdif,174902,Commercial,Freehold,2007-11-28,2023-01-16,233023635,False,DEV-0045
PLOT-000923,196-A,Dubai Creek Harbour,335438,Industrial,Leasehold,2005-03-04,2016-02-19,68082699,True,DEV-0031
PLOT-000924,5429-B,Ras Al Khor,139261,Residential,Leasehold,2005-09-13,2024-05-13,40677182,True,DEV-0023
PLOT-000925,6757-A,Jumeirah,154626,Mixed,Freehold,2012-04-16,2018-02-25,17426231,False,DEV-0177
PLOT-000926,4945-C,Muhaisnah,167268,Residential,Freehold,2023-06-20,2020-05-31,270641996,False,DEV-0075
PLOT-000927,1960-B,Ras Al Khor,194290,Commercial,Leasehold,2022-09-18,2019-07-15,320174068,True,DEV-0113
PLOT-000928,9006-C,Al Safa,337494,Commercial,Leasehold,2014-05-14,2017-12-31,252720838,True,DEV-0175
PLOT-000929,8643-E,Discovery Gardens,178174,Residential,Leasehold,2004-03-24,2023-09-14,447531996,False,DEV-0030
PLOT-000930,4588-C,Umm Suqeim,349282,Industrial,Leasehold,2020-08-27,2018-01-15,477646889,True,DEV-0101
PLOT-000931,9015-C,JLT,83825,Commercial,Freehold,2008-01-03,2023-03-01,368491545,False,DEV-0167
PLOT-000932,322-B,JVC,261029,Green,Government,2022-05-08,2015-03-05,295466176,False,DEV-0095
PLOT-000933,4154-A,Umm Suqeim,442668,Commercial,Freehold,2002-10-14,2020-05-02,489119053,True,DEV-0019
PLOT-000934,528-A,Al Qusais,247674,Commercial,Freehold,2021-10-12,2015-09-05,59251918,False,DEV-0004
PLOT-000935,1715-E,Nad Al Sheba,160454,Commercial,Leasehold,2021-01-17,2018-02-20,488759095,True,DEV-0188
PLOT-000936,3965-E,Deira,124407,Residential,Freehold,2021-01-29,2016-11-19,188301126,False,DEV-0069
PLOT-000937,2180-D,DIFC,468723,Commercial,Leasehold,2021-11-27,2017-05-20,435822498,False,DEV-0130
PLOT-000938,3092-A,Jumeirah,11582,Residential,Freehold,2001-11-18,2023-02-02,411898795,False,DEV-0130
PLOT-000939,9839-A,Motor City,247404,Commercial,Freehold,2012-03-26,2017-11-19,91518374,False,DEV-0033
PLOT-000940,353-D,Dubai South,373380,Residential,Government,2009-11-10,2020-07-12,199577629,False,DEV-0034
PLOT-000941,4516-B,Discovery Gardens,460677,Commercial,Freehold,2018-07-01,2020-04-19,170347549,True,DEV-0065
PLOT-000942,3211-B,Arabian Ranches,476541,Industrial,Government,2000-06-21,2024-05-08,212197732,True,DEV-0071
PLOT-000943,6502-E,Al Karama,211950,Residential,Freehold,2012-05-16,2021-07-23,84585750,True,DEV-0152
PLOT-000944,5472-C,Dubai Investment Park,273018,Residential,Freehold,2022-03-14,2020-10-12,74943722,False,DEV-0117
PLOT-000945,8488-A,Arabian Ranches,57860,Residential,Leasehold,2005-03-17,2019-11-25,390123238,False,DEV-0195
PLOT-000946,1287-C,Dubai Investment Park,309160,Industrial,Leasehold,2018-06-09,2018-11-06,168225141,False,DEV-0188
PLOT-000947,637-C,Al Karama,40127,Residential,Leasehold,2004-06-09,2020-08-05,288551461,False,DEV-0125
PLOT-000948,3157-D,JLT,126572,Residential,Government,2001-09-22,2017-02-01,370318031,True,DEV-0150
PLOT-000949,4518-A,Palm Jumeirah,182739,Residential,Leasehold,2019-02-19,2023-10-03,83974408,False,DEV-0018
PLOT-000950,3047-B,Dubailand,482339,Residential,Leasehold,2008-03-21,2017-10-13,287248270,False,DEV-0032
PLOT-000951,4858-C,Dubai South,119556,Residential,Leasehold,2018-01-06,2020-07-19,262962859,False,DEV-0097
PLOT-000952,3516-C,Sports City,312980,Commercial,Freehold,2013-08-14,2016-06-14,479953823,False,DEV-0105
PLOT-000953,2978-B,Umm Suqeim,28456,Green,Leasehold,2017-07-24,2023-01-26,195386167,True,DEV-0029
PLOT-000954,8855-E,International City,76620,Mixed,Leasehold,2018-08-02,2021-10-26,32887158,True,DEV-0120
PLOT-000955,6844-E,Dubai Creek Harbour,54084,Residential,Leasehold,2003-04-03,2018-01-24,32978622,True,DEV-0051
PLOT-000956,5810-B,Al Furjan,265577,Commercial,Government,2004-12-24,2017-05-14,417925927,False,DEV-0163
PLOT-000957,7290-A,Emaar Beachfront,246413,Mixed,Freehold,2004-05-21,2015-08-22,30538086,False,DEV-0089
PLOT-000958,614-D,Umm Suqeim,93188,Commercial,Government,2009-12-16,2023-05-20,171183752,False,DEV-0060
PLOT-000959,2402-D,Deira,454228,Residential,Leasehold,2003-01-04,2023-12-08,351204599,False,DEV-0029
PLOT-000960,7544-A,Jebel Ali,83474,Green,Government,2021-05-31,2024-12-20,287409856,True,DEV-0014
PLOT-000961,3035-D,Dubai Marina,421151,Green,Freehold,2015-06-15,2018-03-31,1261368,True,DEV-0115
PLOT-000962,4870-C,Warqa,84399,Commercial,Freehold,2016-05-16,2015-01-30,365627219,True,DEV-0115
PLOT-000963,4809-A,JLT,442200,Residential,Freehold,2009-06-23,2016-05-23,134384330,True,DEV-0173
PLOT-000964,6067-B,Al Twar,65889,Commercial,Freehold,2020-05-27,2017-06-04,42276387,False,DEV-0112
PLOT-000965,7648-C,Sports City,480866,Residential,Leasehold,2008-12-04,2023-08-28,73641087,True,DEV-0034
PLOT-000966,5840-C,Discovery Gardens,279829,Mixed,Government,2021-08-02,2018-10-09,491669445,False,DEV-0129
PLOT-000967,4154-E,Emaar Beachfront,257028,Mixed,Leasehold,2008-05-31,2020-09-23,345265150,True,DEV-0108
PLOT-000968,6403-A,International City,414079,Mixed,Leasehold,2009-02-21,2017-03-29,133847533,False,DEV-0065
PLOT-000969,4503-D,JVC,178792,Commercial,Freehold,2009-05-03,2020-11-29,347895034,False,DEV-0066
PLOT-000970,3537-D,Al Barsha,129148,Commercial,Freehold,2008-12-18,2024-02-29,475553060,True,DEV-0011
PLOT-000971,7450-B,Muhaisnah,395991,Mixed,Freehold,2017-08-26,2021-05-20,422158738,True,DEV-0153
PLOT-000972,9053-C,Sports City,218517,Commercial,Leasehold,2015-08-19,2020-03-28,385845868,False,DEV-0157
PLOT-000973,4772-C,Dubai Hills Estate,324016,Mixed,Leasehold,2017-05-29,2022-03-16,145000897,False,DEV-0008
PLOT-000974,7373-A,Muhaisnah,96737,Residential,Freehold,2001-07-27,2018-08-26,187628632,False,DEV-0063
PLOT-000975,4788-A,Palm Jumeirah,498004,Mixed,Freehold,2023-10-29,2019-05-03,374135069,False,DEV-0059
PLOT-000976,5458-C,Discovery Gardens,283484,Residential,Government,2003-03-26,2020-09-16,309830059,False,DEV-0158
PLOT-000977,6343-C,Al Wasl,155581,Residential,Freehold,2016-07-30,2023-12-21,260712977,False,DEV-0150
PLOT-000978,2133-C,Al Karama,435453,Residential,Government,2007-02-15,2016-02-22,151473399,True,DEV-0076
PLOT-000979,8371-A,Deira,33892,Residential,Freehold,2010-06-12,2024-03-31,347775850,False,DEV-0129
PLOT-000980,2053-E,Emaar Beachfront,157012,Residential,Freehold,2014-05-27,2023-05-16,458372486,True,DEV-0098
PLOT-000981,6988-D,Deira,405374,Commercial,Leasehold,2003-04-03,2018-06-05,405435207,False,DEV-0043
PLOT-000982,8013-A,Al Furjan,132567,Commercial,Leasehold,2007-05-02,2022-11-25,268428649,False,DEV-0037
PLOT-000983,3772-E,Al Satwa,10889,Industrial,Government,2000-07-18,2022-01-05,125312837,False,DEV-0048
PLOT-000984,1704-E,Warqa,210923,Residential,Government,2019-04-18,2022-07-24,444600951,False,DEV-0052
PLOT-000985,7664-D,Dubai Land,441958,Mixed,Freehold,2009-12-26,2015-10-25,125588319,False,DEV-0040
PLOT-000986,4993-D,Warqa,220469,Industrial,Leasehold,2019-04-16,2022-10-15,494922214,False,DEV-0031
PLOT-000987,1138-B,Dubai Investment Park,365274,Residential,Government,2018-10-18,2018-03-04,491953559,False,DEV-0044
PLOT-000988,4737-D,Nad Al Sheba,264988,Residential,Freehold,2003-04-04,2019-11-28,448347784,True,DEV-0004
PLOT-000989,4773-C,Dubai South,340631,Residential,Freehold,2001-04-26,2015-03-08,223985641,False,DEV-0033
PLOT-000990,7434-D,Downtown Dubai,322605,Residential,Freehold,2003-04-13,2015-09-23,437013590,True,DEV-0141
PLOT-000991,1092-D,Al Quoz,243061,Industrial,Freehold,2016-08-07,2015-07-05,105297594,False,DEV-0021
PLOT-000992,6818-C,Ras Al Khor,317101,Residential,Freehold,2019-12-28,2015-10-15,129447788,False,DEV-0072
PLOT-000993,8490-A,Dubai Creek Harbour,457251,Residential,Government,2011-12-02,2017-12-14,404818715,False,DEV-0009
PLOT-000994,8012-D,Al Furjan,444319,Residential,Freehold,2003-05-02,2024-12-29,453419459,False,DEV-0095
PLOT-000995,175-A,Al Karama,327266,Residential,Leasehold,2000-03-17,2023-10-29,172589589,False,DEV-0113
PLOT-000996,8564-B,Al Barsha,127727,Commercial,Freehold,2010-07-31,2023-11-06,168161875,True,DEV-0187
PLOT-000997,2646-C,Jebel Ali,94577,Residential,Leasehold,2000-09-13,2021-12-12,284900744,False,DEV-0120
PLOT-000998,7762-C,Bur Dubai,342759,Commercial,Government,2008-12-25,2021-03-18,324523991,True,DEV-0200
PLOT-000999,8527-E,Sports City,289883,Commercial,Leasehold,2021-10-13,2024-05-17,156034156,False,DEV-0173
PLOT-001000,4630-B,Palm Jumeirah,467069,Mixed,Freehold,2013-05-15,2021-02-01,313544505,False,DEV-0183
PLOT-001001,5782-C,Al Wasl,471308,Commercial,Leasehold,2008-06-13,2020-08-07,424308004,False,DEV-0107
PLOT-001002,6831-D,International City,226869,Mixed,Leasehold,2023-04-01,2024-06-01,293479470,False,DEV-0091
PLOT-001003,481-D,Dubailand,420196,Residential,Freehold,2018-03-23,2015-11-21,317628265,False,DEV-0188
PLOT-001004,4442-E,Sports City,284237,Residential,Freehold,2022-03-23,2021-06-27,90860259,False,DEV-0136
PLOT-001005,5480-A,Emaar Beachfront,361825,Residential,Leasehold,2010-02-10,2016-10-02,405846208,False,DEV-0140
PLOT-001006,1391-C,Dubai Land,56375,Mixed,Freehold,2005-07-09,2021-11-11,355431317,False,DEV-0103
PLOT-001007,3368-B,Al Safa,428324,Mixed,Freehold,2011-10-29,2019-09-10,194442350,False,DEV-0175
PLOT-001008,9912-C,Dubai Hills Estate,435549,Mixed,Freehold,2012-12-09,2023-09-02,34873107,False,DEV-0018
PLOT-001009,4548-A,Dubai Creek Harbour,364823,Mixed,Leasehold,2007-06-04,2016-10-29,301083749,False,DEV-0109
PLOT-001010,3375-B,Dubailand,187512,Residential,Leasehold,2014-03-20,2021-02-11,468120259,False,DEV-0027
PLOT-001011,1440-C,Mirdif,128405,Green,Freehold,2010-08-06,2018-02-21,406928087,True,DEV-0093
PLOT-001012,9715-D,Arabian Ranches,241866,Commercial,Leasehold,2014-04-22,2018-06-26,45788214,False,DEV-0013
PLOT-001013,8929-B,Al Twar,46775,Commercial,Freehold,2000-01-31,2018-06-21,139914283,False,DEV-0162
PLOT-001014,5471-D,Mirdif,333393,Industrial,Freehold,2015-10-22,2020-09-25,482387431,True,DEV-0162
PLOT-001015,773-A,Al Quoz,368465,Mixed,Leasehold,2018-10-01,2022-05-24,106760172,False,DEV-0193
PLOT-001016,5646-B,Al Qusais,250798,Residential,Leasehold,2001-06-28,2018-08-25,401438823,False,DEV-0026
PLOT-001017,8048-C,Ras Al Khor,166938,Commercial,Freehold,2015-02-18,2021-07-07,130599921,True,DEV-0036
PLOT-001018,8380-E,Al Qusais,415447,Residential,Government,2023-06-25,2019-03-10,36124698,False,DEV-0017
PLOT-001019,4542-A,Dubai Hills Estate,125694,Residential,Freehold,2009-10-09,2017-07-04,80593720,True,DEV-0089
PLOT-001020,6398-E,Arabian Ranches,181065,Commercial,Leasehold,2018-05-28,2016-02-19,419031765,False,DEV-0121
PLOT-001021,6142-A,Bur Dubai,305556,Mixed,Leasehold,2012-09-12,2024-12-18,245260205,False,DEV-0038
PLOT-001022,9788-D,Al Wasl,318779,Residential,Government,2012-07-15,2019-08-02,179523727,False,DEV-0014
PLOT-001023,3682-A,Al Twar,404847,Mixed,Leasehold,2000-09-11,2022-12-07,77264150,True,DEV-0173
PLOT-001024,1278-A,Dubai Marina,299628,Residential,Government,2017-10-10,2015-05-18,1821158,True,DEV-0076
PLOT-001025,3941-D,Town Square,352769,Mixed,Leasehold,2004-02-01,2022-04-09,12088595,False,DEV-0069
PLOT-001026,6707-B,Mirdif,437864,Residential,Freehold,2005-12-01,2016-02-18,55219528,True,DEV-0010
PLOT-001027,9362-C,Town Square,281589,Mixed,Freehold,2022-03-27,2016-08-08,91555782,True,DEV-0152
PLOT-001028,402-D,Ras Al Khor,467861,Industrial,Government,2005-04-29,2024-05-04,332529725,False,DEV-0041
PLOT-001029,6791-B,Palm Jumeirah,482875,Commercial,Freehold,2015-10-01,2017-09-21,352371329,True,DEV-0015
PLOT-001030,6841-E,Business Bay,263256,Mixed,Leasehold,2009-07-10,2019-01-01,89099196,False,DEV-0112
PLOT-001031,5073-D,DIFC,494476,Commercial,Freehold,2018-01-25,2016-01-20,73842665,True,DEV-0101
PLOT-001032,6858-C,Jumeirah,449007,Commercial,Leasehold,2003-03-19,2018-10-14,165783627,False,DEV-0145
PLOT-001033,7373-D,Deira,189612,Mixed,Freehold,2013-07-10,2024-02-26,380274428,False,DEV-0131
PLOT-001034,124-B,Dubai Marina,293646,Residential,Leasehold,2005-09-25,2018-12-31,362499106,False,DEV-0182
PLOT-001035,4370-D,Dubai Investment Park,450074,Residential,Leasehold,2014-07-09,2021-07-09,368310236,False,DEV-0168
PLOT-001036,9829-E,Al Qusais,94136,Commercial,Leasehold,2003-09-06,2015-01-28,415873130,False,DEV-0143
PLOT-001037,897-A,Deira,72997,Residential,Leasehold,2006-06-04,2019-12-02,382492936,True,DEV-0041
PLOT-001038,9396-C,Al Safa,146549,Industrial,Leasehold,2023-07-24,2016-04-14,412219690,True,DEV-0015
PLOT-001039,1519-E,JLT,170548,Residential,Freehold,2008-03-08,2020-03-15,65973989,False,DEV-0122
PLOT-001040,4623-A,Town Square,424361,Commercial,Freehold,2012-11-14,2016-10-01,80520887,True,DEV-0055
PLOT-001041,5521-D,Town Square,152001,Commercial,Freehold,2020-01-01,2024-10-20,287867289,False,DEV-0039
PLOT-001042,8114-A,Dubai Land,406647,Residential,Freehold,2016-10-21,2021-02-04,418886284,True,DEV-0004
PLOT-001043,916-B,Palm Jumeirah,416272,Residential,Freehold,2010-06-26,2024-06-22,359786120,False,DEV-0188
PLOT-001044,6270-E,Jebel Ali,13578,Residential,Government,2013-07-11,2018-04-03,13394623,False,DEV-0037
PLOT-001045,450-B,Downtown Dubai,110196,Residential,Freehold,2009-01-23,2022-05-13,417148703,False,DEV-0028
PLOT-001046,9535-B,Deira,347597,Residential,Freehold,2015-05-01,2017-12-21,420027771,False,DEV-0061
PLOT-001047,5274-B,Dubailand,300905,Commercial,Freehold,2020-03-25,2023-02-25,110539403,False,DEV-0031
PLOT-001048,5303-A,Muhaisnah,97703,Mixed,Freehold,2022-12-12,2019-01-21,4447730,False,DEV-0064
PLOT-001049,4157-B,Bur Dubai,36666,Industrial,Freehold,2006-06-17,2023-07-15,485099443,True,DEV-0192
PLOT-001050,6010-B,Muhaisnah,208207,Mixed,Freehold,2003-02-09,2016-05-06,266997281,False,DEV-0037
PLOT-001051,7637-C,JVC,387772,Commercial,Leasehold,2020-06-06,2022-05-31,199193848,False,DEV-0075
PLOT-001052,7527-C,Bur Dubai,267414,Commercial,Freehold,2004-10-15,2020-11-21,390893302,False,DEV-0087
PLOT-001053,2871-E,Al Barsha,183090,Residential,Leasehold,2016-08-22,2022-04-05,467811590,False,DEV-0022
PLOT-001054,1414-B,Al Karama,228175,Residential,Government,2009-12-24,2020-07-03,308732034,False,DEV-0055
PLOT-001055,5846-B,Jumeirah,267189,Residential,Leasehold,2012-06-05,2016-01-09,302996119,True,DEV-0079
PLOT-001056,2955-C,Al Barsha,150647,Residential,Leasehold,2018-02-03,2024-02-24,60221073,True,DEV-0132
PLOT-001057,7476-C,Emaar Beachfront,28091,Mixed,Government,2018-07-06,2017-10-12,360053393,False,DEV-0196
PLOT-001058,325-A,DIFC,146104,Mixed,Freehold,2021-08-17,2017-02-06,155955510,True,DEV-0092
PLOT-001059,3033-C,Al Twar,221621,Residential,Leasehold,2012-06-03,2020-04-12,224125899,False,DEV-0118
PLOT-001060,3455-B,Dubai Creek Harbour,408834,Residential,Freehold,2010-05-12,2022-05-09,132930678,False,DEV-0012
PLOT-001061,5085-E,Al Wasl,243907,Residential,Leasehold,2006-10-29,2023-06-03,330995965,True,DEV-0086
PLOT-001062,106-B,Al Qusais,263398,Commercial,Leasehold,2021-07-21,2018-02-06,256300631,False,DEV-0143
PLOT-001063,3223-C,Arabian Ranches,423806,Residential,Freehold,2001-05-21,2020-10-12,458985733,True,DEV-0119
PLOT-001064,431-B,Dubai Investment Park,377605,Mixed,Freehold,2008-07-22,2015-01-02,236823521,False,DEV-0180
PLOT-001065,9549-B,Downtown Dubai,36987,Residential,Leasehold,2010-03-12,2021-07-07,175602171,True,DEV-0136
PLOT-001066,8315-B,Al Quoz,472141,Residential,Leasehold,2021-08-01,2016-11-10,496987942,False,DEV-0111
PLOT-001067,9756-E,Dubailand,78268,Green,Freehold,2002-01-14,2016-09-18,65534830,False,DEV-0051
PLOT-001068,7333-B,Al Furjan,419483,Residential,Leasehold,2013-07-20,2019-04-29,372690954,True,DEV-0030
PLOT-001069,6055-E,Al Furjan,6213,Commercial,Freehold,2010-01-21,2024-11-12,62199230,True,DEV-0036
PLOT-001070,9793-E,Al Quoz,179082,Commercial,Leasehold,2020-02-18,2017-09-17,426073891,False,DEV-0115
PLOT-001071,4394-B,Dubai Investment Park,26983,Commercial,Freehold,2014-09-24,2020-08-14,399222542,True,DEV-0080
PLOT-001072,7109-B,Al Safa,264274,Residential,Government,2020-10-25,2023-03-21,222140540,False,DEV-0055
PLOT-001073,281-E,Palm Jumeirah,164391,Mixed,Freehold,2021-01-25,2021-08-13,253962836,True,DEV-0004
PLOT-001074,234-E,Al Wasl,487070,Commercial,Freehold,2002-02-12,2022-06-26,348942951,True,DEV-0182
PLOT-001075,363-E,Al Qusais,460204,Residential,Leasehold,2020-11-14,2023-06-06,478715964,False,DEV-0013
PLOT-001076,346-A,Dubai South,166945,Commercial,Leasehold,2016-05-16,2019-03-31,374083340,True,DEV-0090
PLOT-001077,8053-C,Umm Suqeim,76904,Residential,Leasehold,2016-05-26,2024-07-26,185875151,False,DEV-0048
PLOT-001078,629-E,Al Twar,354115,Mixed,Leasehold,2012-03-14,2021-07-31,237254470,False,DEV-0116
PLOT-001079,8943-E,Dubai Hills Estate,236076,Industrial,Leasehold,2003-02-12,2024-05-26,208965003,False,DEV-0136
PLOT-001080,2891-D,Al Quoz,100982,Residential,Freehold,2000-07-01,2024-08-12,60228841,True,DEV-0134
PLOT-001081,1751-D,Al Barsha,256661,Residential,Freehold,2023-09-28,2021-11-13,210999385,True,DEV-0129
PLOT-001082,940-D,Emaar Beachfront,369052,Commercial,Freehold,2016-12-12,2021-03-03,492268256,False,DEV-0076
PLOT-001083,8348-B,Dubai South,352235,Residential,Freehold,2003-03-20,2018-02-24,14244256,False,DEV-0084
PLOT-001084,7506-A,Arabian Ranches,22555,Commercial,Freehold,2013-10-03,2022-04-28,357625958,False,DEV-0019
PLOT-001085,112-D,Ras Al Khor,94133,Mixed,Leasehold,2007-12-16,2017-07-09,458597709,True,DEV-0002
PLOT-001086,4483-B,Dubai Marina,411550,Mixed,Government,2008-04-03,2022-12-30,365625470,False,DEV-0107
PLOT-001087,4889-B,International City,373193,Industrial,Freehold,2023-01-25,2023-01-04,51786754,True,DEV-0062
PLOT-001088,6125-D,Ras Al Khor,55414,Residential,Freehold,2001-02-12,2017-08-14,494037995,True,DEV-0174
PLOT-001089,1760-B,Discovery Gardens,367145,Green,Government,2019-07-26,2022-02-04,51488155,False,DEV-0060
PLOT-001090,7564-D,Arabian Ranches,420746,Commercial,Freehold,2002-11-17,2015-01-12,351359537,False,DEV-0021
PLOT-001091,5349-B,Dubailand,204829,Commercial,Freehold,2022-12-12,2018-09-25,127535886,False,DEV-0155
PLOT-001092,463-A,International City,25371,Industrial,Leasehold,2003-10-09,2023-05-05,41458617,False,DEV-0154
PLOT-001093,6788-D,Umm Suqeim,214177,Commercial,Leasehold,2015-11-09,2020-09-18,494359879,False,DEV-0174
PLOT-001094,8171-A,Warqa,451635,Green,Freehold,2018-08-26,2018-07-02,62212228,False,DEV-0153
PLOT-001095,3852-E,Al Twar,453352,Commercial,Leasehold,2001-08-16,2016-11-29,194673569,True,DEV-0040
PLOT-001096,3601-E,Al Barsha,402144,Commercial,Leasehold,2002-02-19,2023-10-13,215822449,True,DEV-0106
PLOT-001097,7629-B,Arabian Ranches,341957,Mixed,Freehold,2009-08-01,2022-02-22,34614777,False,DEV-0084
PLOT-001098,2336-E,Al Wasl,404138,Residential,Freehold,2018-06-20,2023-01-29,99575330,True,DEV-0053
PLOT-001099,5845-E,DIFC,413642,Industrial,Leasehold,2013-05-17,2019-09-02,217437048,True,DEV-0011
PLOT-001100,8553-C,Al Furjan,428234,Mixed,Government,2013-08-24,2022-01-22,123439380,True,DEV-0052
PLOT-001101,8599-C,Al Wasl,257278,Industrial,Freehold,2007-06-24,2016-05-12,266667084,False,DEV-0081
PLOT-001102,7816-D,Al Qusais,35731,Commercial,Leasehold,2007-05-11,2021-02-14,63908290,True,DEV-0135
PLOT-001103,4218-E,JLT,368777,Residential,Leasehold,2004-05-24,2018-12-21,142587007,False,DEV-0139
PLOT-001104,7717-D,Al Twar,161916,Green,Freehold,2020-08-08,2023-05-03,365893241,True,DEV-0149
PLOT-001105,4996-C,Al Karama,199346,Commercial,Freehold,2015-08-04,2018-08-28,303800601,False,DEV-0191
PLOT-001106,8588-B,Discovery Gardens,313669,Industrial,Freehold,2018-10-25,2018-01-16,397287537,True,DEV-0192
PLOT-001107,3221-A,Umm Suqeim,477558,Mixed,Leasehold,2016-01-21,2022-10-17,365427755,True,DEV-0029
PLOT-001108,7987-B,Downtown Dubai,274355,Residential,Leasehold,2010-10-23,2023-12-03,226373356,True,DEV-0120
PLOT-001109,8526-D,Jumeirah,82082,Residential,Freehold,2008-03-26,2023-03-11,354496530,True,DEV-0126
PLOT-001110,5248-B,Al Quoz,281291,Residential,Freehold,2011-07-02,2015-10-12,64687996,False,DEV-0076
PLOT-001111,252-A,DIFC,496718,Industrial,Leasehold,2012-07-10,2017-04-19,172315869,True,DEV-0040
PLOT-001112,3675-C,Nad Al Sheba,416642,Industrial,Freehold,2023-07-15,2023-04-04,139773719,False,DEV-0085
PLOT-001113,5508-E,Dubailand,339877,Industrial,Freehold,2020-10-24,2023-05-08,111838239,True,DEV-0183
PLOT-001114,189-B,Sports City,81125,Residential,Leasehold,2011-04-06,2015-05-09,458000757,False,DEV-0049
PLOT-001115,1126-A,Motor City,249333,Residential,Freehold,2014-09-07,2017-03-23,219571670,True,DEV-0102
PLOT-001116,6800-C,Dubai Investment Park,128197,Industrial,Leasehold,2000-08-09,2017-11-27,170875245,False,DEV-0109
PLOT-001117,7957-E,Bur Dubai,337333,Residential,Leasehold,2022-12-31,2017-05-11,234877226,True,DEV-0096
PLOT-001118,1431-B,Al Karama,220355,Residential,Freehold,2003-01-12,2019-06-23,355278507,False,DEV-0191
PLOT-001119,6895-E,Al Barsha,305473,Commercial,Freehold,2019-10-09,2023-03-17,350192555,False,DEV-0170
PLOT-001120,4355-C,Al Mizhar,494211,Commercial,Government,2003-05-04,2018-08-05,141929317,True,DEV-0040
PLOT-001121,9660-A,Al Karama,249529,Commercial,Freehold,2003-09-17,2017-11-15,344909798,False,DEV-0051
PLOT-001122,4847-B,Jebel Ali,426634,Commercial,Freehold,2010-08-01,2024-05-15,448846729,False,DEV-0064
PLOT-001123,9362-C,Emaar Beachfront,206586,Commercial,Freehold,2021-06-20,2015-01-10,322765640,False,DEV-0142
PLOT-001124,4722-B,Dubai Investment Park,9773,Mixed,Government,2013-02-26,2017-11-06,18442753,False,DEV-0124
PLOT-001125,9-D,Al Quoz,144171,Residential,Leasehold,2014-01-03,2018-04-13,416523465,False,DEV-0196
PLOT-001126,1418-C,Emaar Beachfront,17573,Mixed,Freehold,2012-03-13,2015-08-22,118523706,False,DEV-0173
PLOT-001127,3274-D,Muhaisnah,245319,Green,Freehold,2022-01-20,2018-12-05,193408054,False,DEV-0089
PLOT-001128,1908-C,Al Qusais,293153,Commercial,Leasehold,2007-10-18,2021-12-08,255116256,True,DEV-0063
PLOT-001129,4594-A,Al Karama,328096,Commercial,Freehold,2012-09-05,2022-02-18,262999134,False,DEV-0021
PLOT-001130,5285-B,Umm Suqeim,55341,Residential,Government,2018-01-16,2020-09-04,222015152,True,DEV-0113
PLOT-001131,6200-E,Al Qusais,72089,Commercial,Freehold,2018-02-06,2021-08-08,250480688,False,DEV-0180
PLOT-001132,2952-B,Al Mizhar,148890,Residential,Government,2016-03-15,2020-09-26,495728269,True,DEV-0124
PLOT-001133,2978-B,Dubai South,481428,Green,Freehold,2018-10-15,2016-08-15,283994105,True,DEV-0155
PLOT-001134,9241-C,Downtown Dubai,210778,Residential,Freehold,2011-08-19,2024-04-20,380374935,False,DEV-0086
PLOT-001135,2380-A,Jumeirah,71904,Commercial,Leasehold,2011-07-25,2023-07-22,88510144,False,DEV-0035
PLOT-001136,4226-A,Al Furjan,272830,Industrial,Freehold,2012-03-12,2023-07-29,330504715,False,DEV-0196
PLOT-001137,2270-B,Al Mizhar,219938,Residential,Freehold,2017-03-27,2017-07-24,185060565,True,DEV-0040
PLOT-001138,9389-C,Sports City,436803,Mixed,Freehold,2009-03-25,2016-01-04,211902473,True,DEV-0030
PLOT-001139,5379-D,Dubai Marina,28247,Residential,Leasehold,2008-09-20,2024-03-13,303929659,True,DEV-0050
PLOT-001140,8611-D,Dubai Land,106170,Commercial,Freehold,2022-07-14,2021-10-02,124358016,False,DEV-0189
PLOT-001141,9525-E,Al Barsha,98630,Residential,Government,2001-09-08,2017-09-03,416741323,False,DEV-0186
PLOT-001142,2988-D,Motor City,398988,Mixed,Freehold,2011-10-25,2018-01-26,152872613,False,DEV-0046
PLOT-001143,6167-C,Town Square,280609,Industrial,Leasehold,2011-08-05,2023-09-27,251808944,True,DEV-0036
PLOT-001144,9852-E,Al Mizhar,269321,Industrial,Leasehold,2002-03-27,2020-07-03,455870244,False,DEV-0097
PLOT-001145,9357-D,Dubai Investment Park,317753,Mixed,Freehold,2019-11-05,2022-05-30,63212165,False,DEV-0192
PLOT-001146,3509-B,Mirdif,432411,Industrial,Leasehold,2020-10-25,2017-07-04,127754942,False,DEV-0056
PLOT-001147,5561-A,Al Wasl,110556,Commercial,Leasehold,2006-10-29,2016-04-07,444577789,True,DEV-0109
PLOT-001148,9876-C,Dubai South,349254,Residential,Leasehold,2003-05-05,2017-10-31,10177765,True,DEV-0056
PLOT-001149,972-C,Business Bay,389490,Industrial,Freehold,2007-02-23,2018-05-22,26584953,False,DEV-0051
PLOT-001150,3089-C,Al Barsha,173441,Green,Leasehold,2009-06-12,2017-11-16,271448787,True,DEV-0105
PLOT-001151,4810-D,Dubai Marina,74442,Residential,Freehold,2014-10-28,2017-04-30,204660459,True,DEV-0127
PLOT-001152,6989-E,Dubai Investment Park,468552,Commercial,Government,2012-08-02,2018-06-28,366696623,False,DEV-0192
PLOT-001153,5326-E,Al Wasl,10914,Residential,Freehold,2000-03-22,2023-04-01,171323339,True,DEV-0121
PLOT-001154,6002-E,Sports City,95974,Mixed,Freehold,2002-02-22,2016-12-10,365492653,True,DEV-0003
PLOT-001155,9306-D,Al Mizhar,286686,Commercial,Leasehold,2003-09-18,2023-07-15,5053431,False,DEV-0037
PLOT-001156,5142-E,Nad Al Sheba,433732,Commercial,Leasehold,2015-05-22,2017-07-15,220877846,False,DEV-0193
PLOT-001157,4519-C,Muhaisnah,412223,Commercial,Freehold,2011-05-03,2019-08-14,276645551,False,DEV-0104
PLOT-001158,122-B,Al Furjan,28234,Mixed,Government,2010-03-18,2021-06-08,78036277,False,DEV-0045
PLOT-001159,6749-A,Town Square,396278,Residential,Freehold,2006-08-20,2022-11-07,207349668,False,DEV-0125
PLOT-001160,6278-A,Dubai Creek Harbour,108365,Mixed,Freehold,2000-01-04,2021-11-05,314647193,True,DEV-0013
PLOT-001161,1857-B,Downtown Dubai,121516,Commercial,Leasehold,2011-12-11,2020-10-22,41880766,True,DEV-0145
PLOT-001162,4471-C,Motor City,275465,Commercial,Leasehold,2011-12-21,2023-01-17,165575659,False,DEV-0108
PLOT-001163,4013-C,Dubai South,397946,Commercial,Freehold,2019-05-16,2017-09-30,390161933,False,DEV-0012
PLOT-001164,8381-E,JVC,436008,Residential,Freehold,2019-08-14,2022-08-27,239992080,False,DEV-0068
PLOT-001165,1097-C,Downtown Dubai,175200,Residential,Leasehold,2011-05-18,2023-06-17,11132617,False,DEV-0077
PLOT-001166,8711-D,Dubai Marina,444011,Commercial,Freehold,2021-07-29,2022-11-26,191701801,True,DEV-0040
PLOT-001167,3631-E,Al Karama,111256,Residential,Freehold,2022-08-24,2022-12-07,125590518,True,DEV-0175
PLOT-001168,1869-E,International City,201060,Residential,Leasehold,2006-12-18,2015-09-26,98293291,False,DEV-0103
PLOT-001169,9982-E,Dubailand,119933,Commercial,Government,2018-02-20,2017-04-07,442730630,False,DEV-0196
PLOT-001170,5224-B,Al Karama,141971,Commercial,Freehold,2012-02-14,2016-10-01,50578722,False,DEV-0062
PLOT-001171,3684-C,Dubai Creek Harbour,113538,Green,Leasehold,2019-01-07,2018-08-22,355116634,False,DEV-0125
PLOT-001172,3828-E,Ras Al Khor,486918,Residential,Freehold,2009-04-19,2022-03-27,394648381,True,DEV-0196
PLOT-001173,6958-D,Al Twar,367149,Residential,Freehold,2004-08-03,2023-08-29,226308625,False,DEV-0027
PLOT-001174,367-E,Dubai Creek Harbour,185343,Residential,Freehold,2008-09-22,2020-10-07,243204232,False,DEV-0171
PLOT-001175,7361-D,Umm Suqeim,80884,Commercial,Freehold,2001-05-10,2022-08-08,373663824,True,DEV-0132
PLOT-001176,1077-D,Al Satwa,304282,Mixed,Leasehold,2018-12-28,2015-02-10,396583893,True,DEV-0082
PLOT-001177,8733-B,Al Karama,352304,Commercial,Government,2023-04-11,2018-12-23,137888327,True,DEV-0154
PLOT-001178,7292-A,Dubai Marina,172973,Residential,Freehold,2011-01-19,2024-05-21,241788678,False,DEV-0160
PLOT-001179,3948-B,Al Qusais,31029,Mixed,Leasehold,2010-02-08,2017-11-07,140818599,True,DEV-0011
PLOT-001180,4189-D,Business Bay,38823,Industrial,Leasehold,2015-09-19,2015-04-12,13271330,True,DEV-0024
PLOT-001181,4488-D,Downtown Dubai,393007,Residential,Freehold,2001-11-28,2024-12-28,314014499,True,DEV-0174
PLOT-001182,5947-A,Al Twar,118113,Residential,Freehold,2005-09-03,2015-10-12,108412751,False,DEV-0164
PLOT-001183,8150-A,Al Furjan,451649,Green,Freehold,2011-01-19,2021-08-29,123457086,False,DEV-0113
PLOT-001184,7148-D,Ras Al Khor,143940,Residential,Freehold,2018-11-14,2022-11-14,221985742,False,DEV-0193
PLOT-001185,4474-D,Al Mizhar,145308,Mixed,Freehold,2019-01-22,2021-12-29,472128588,True,DEV-0060
PLOT-001186,2473-E,Palm Jumeirah,249791,Industrial,Freehold,2013-08-01,2023-01-12,184957849,True,DEV-0196
PLOT-001187,1992-C,Ras Al Khor,404902,Residential,Government,2012-08-23,2015-11-29,247432347,False,DEV-0072
PLOT-001188,9359-B,Dubai Investment Park,483403,Commercial,Leasehold,2013-10-21,2022-12-24,458221301,True,DEV-0196
PLOT-001189,9582-E,Deira,187238,Commercial,Freehold,2010-03-25,2016-08-02,174459956,False,DEV-0094
PLOT-001190,7057-E,Deira,334313,Residential,Leasehold,2014-10-27,2022-08-03,104218807,True,DEV-0150
PLOT-001191,1166-E,Dubai Hills Estate,438425,Residential,Government,2022-03-29,2019-02-13,421941627,True,DEV-0110
PLOT-001192,858-C,Al Mizhar,454421,Residential,Leasehold,2007-06-03,2015-10-15,297814895,False,DEV-0089
PLOT-001193,1529-D,Nad Al Sheba,138827,Commercial,Government,2006-04-30,2019-03-18,404092428,False,DEV-0049
PLOT-001194,6020-E,Dubai Creek Harbour,179617,Commercial,Freehold,2004-11-20,2023-04-27,239444755,False,DEV-0189
PLOT-001195,2777-B,Al Quoz,172884,Residential,Freehold,2012-05-26,2018-08-10,326479482,True,DEV-0013
PLOT-001196,5765-B,Motor City,494288,Industrial,Leasehold,2015-05-26,2015-07-21,114090962,False,DEV-0186
PLOT-001197,5277-E,Sports City,8859,Commercial,Freehold,2011-09-29,2018-01-31,214244268,False,DEV-0037
PLOT-001198,4592-B,Warqa,117537,Residential,Leasehold,2022-11-23,2018-08-09,362642924,True,DEV-0118
PLOT-001199,8158-A,Deira,64234,Mixed,Leasehold,2019-07-18,2017-02-15,303525608,True,DEV-0021
PLOT-001200,2442-D,Al Wasl,39076,Mixed,Freehold,2016-02-02,2018-09-24,467115871,True,DEV-0171
PLOT-001201,1482-D,Business Bay,292531,Residential,Freehold,2023-06-21,2021-06-28,244105433,True,DEV-0140
PLOT-001202,8959-B,Al Qusais,40271,Commercial,Freehold,2018-06-16,2015-08-17,17937582,True,DEV-0154
PLOT-001203,8049-C,Discovery Gardens,149728,Residential,Government,2009-12-07,2018-12-27,84173789,False,DEV-0060
PLOT-001204,7160-C,Mirdif,350832,Residential,Government,2017-02-06,2021-03-09,140557389,True,DEV-0023
PLOT-001205,8971-C,Bur Dubai,259668,Residential,Leasehold,2017-04-09,2019-10-12,89706076,True,DEV-0021
PLOT-001206,1721-A,Town Square,394203,Green,Freehold,2006-08-22,2019-08-10,53313722,True,DEV-0058
PLOT-001207,7916-A,Warqa,482606,Industrial,Leasehold,2011-12-12,2016-10-18,140704535,False,DEV-0176
PLOT-001208,4631-D,Al Quoz,415887,Mixed,Leasehold,2003-10-24,2015-10-31,278407240,False,DEV-0146
PLOT-001209,4385-B,Al Wasl,383687,Mixed,Government,2022-12-22,2019-04-18,350662926,True,DEV-0174
PLOT-001210,4805-E,Al Safa,238599,Commercial,Government,2005-08-09,2024-04-21,430292676,False,DEV-0098
PLOT-001211,8185-E,Al Wasl,311553,Commercial,Freehold,2018-05-04,2024-01-23,34987825,True,DEV-0160
PLOT-001212,8736-E,Dubai South,270251,Commercial,Freehold,2018-07-09,2017-11-11,393036150,False,DEV-0182
PLOT-001213,6170-E,Al Furjan,225330,Mixed,Leasehold,2018-06-07,2017-10-01,395514311,True,DEV-0176
PLOT-001214,2604-D,Dubailand,437066,Green,Freehold,2012-12-28,2023-10-13,461670965,False,DEV-0017
PLOT-001215,4984-B,Al Barsha,443745,Industrial,Freehold,2004-10-01,2015-11-30,400954451,True,DEV-0119
PLOT-001216,7485-A,Dubai Marina,344975,Residential,Freehold,2020-02-14,2018-03-17,73526243,False,DEV-0133
PLOT-001217,392-C,Emaar Beachfront,28741,Commercial,Freehold,2001-06-27,2018-11-08,409637150,True,DEV-0093
PLOT-001218,2364-B,Downtown Dubai,294853,Commercial,Freehold,2008-09-06,2021-08-19,77155287,True,DEV-0043
PLOT-001219,3564-E,Town Square,135537,Residential,Freehold,2012-11-07,2015-09-08,52445867,False,DEV-0049
PLOT-001220,1613-B,Dubai Creek Harbour,436206,Residential,Leasehold,2004-01-26,2022-09-26,433931206,True,DEV-0040
PLOT-001221,7970-A,Jebel Ali,153684,Residential,Freehold,2015-01-25,2021-08-13,389031087,False,DEV-0176
PLOT-001222,95-A,Jebel Ali,48551,Residential,Freehold,2002-10-29,2023-09-14,221021290,True,DEV-0064
PLOT-001223,2757-B,Al Safa,288522,Commercial,Freehold,2012-04-18,2018-01-29,85321226,False,DEV-0155
PLOT-001224,4014-C,Jebel Ali,474359,Residential,Leasehold,2019-05-05,2023-12-03,310567095,True,DEV-0060
PLOT-001225,781-D,International City,272554,Commercial,Leasehold,2021-03-27,2022-12-16,275856170,False,DEV-0185
PLOT-001226,6597-C,Al Quoz,45357,Residential,Leasehold,2019-12-29,2022-01-13,401973258,False,DEV-0175
PLOT-001227,8114-E,Dubai Hills Estate,10990,Residential,Leasehold,2010-10-18,2017-07-07,114636554,True,DEV-0077
PLOT-001228,5945-C,Warqa,39860,Mixed,Freehold,2000-12-26,2021-12-07,238207438,True,DEV-0089
PLOT-001229,5867-C,Al Furjan,419659,Industrial,Government,2015-05-23,2020-01-16,357298206,True,DEV-0003
PLOT-001230,6235-B,Motor City,382240,Industrial,Freehold,2000-10-11,2019-09-20,71885665,True,DEV-0106
PLOT-001231,5071-B,Mirdif,221079,Residential,Freehold,2000-04-18,2015-02-09,7449254,True,DEV-0196
PLOT-001232,188-D,Discovery Gardens,57992,Residential,Leasehold,2004-06-30,2024-12-25,67749074,False,DEV-0188
PLOT-001233,1856-C,Al Wasl,388456,Residential,Freehold,2011-04-14,2022-07-11,424732583,True,DEV-0040
PLOT-001234,3861-E,Dubai South,35891,Mixed,Freehold,2016-07-12,2023-02-12,118973200,True,DEV-0133
PLOT-001235,1010-D,Deira,145557,Mixed,Leasehold,2002-01-03,2020-09-02,145565072,False,DEV-0062
PLOT-001236,9034-E,Al Wasl,327079,Commercial,Government,2006-08-24,2016-09-08,499045065,False,DEV-0198
PLOT-001237,2681-B,Al Twar,474617,Mixed,Freehold,2017-03-14,2016-09-27,252706730,False,DEV-0111
PLOT-001238,7514-B,Jumeirah,170458,Mixed,Freehold,2005-07-27,2019-05-30,240301544,False,DEV-0065
PLOT-001239,4726-D,Jumeirah,71459,Mixed,Leasehold,2002-05-31,2019-02-17,169612028,False,DEV-0199
PLOT-001240,7521-E,Dubai Hills Estate,409900,Mixed,Leasehold,2000-06-02,2024-04-25,471084603,True,DEV-0018
PLOT-001241,9960-B,Nad Al Sheba,288788,Commercial,Freehold,2006-11-18,2018-09-14,76420653,False,DEV-0016
PLOT-001242,5836-E,JVC,179375,Residential,Freehold,2001-10-26,2024-10-24,365245055,False,DEV-0160
PLOT-001243,7117-B,Warqa,278291,Green,Freehold,2001-09-28,2020-12-23,320580759,True,DEV-0134
PLOT-001244,6084-B,Al Mizhar,28960,Commercial,Freehold,2012-02-01,2023-08-29,392971338,False,DEV-0036
PLOT-001245,7915-C,Al Twar,468779,Residential,Freehold,2006-01-04,2017-05-26,116334859,True,DEV-0072
PLOT-001246,6254-E,Nad Al Sheba,483414,Mixed,Freehold,2006-01-04,2020-12-19,480935302,False,DEV-0127
PLOT-001247,9806-D,Dubailand,315108,Residential,Leasehold,2023-04-16,2018-10-08,47050253,False,DEV-0163
PLOT-001248,1667-A,DIFC,344190,Industrial,Freehold,2007-11-20,2021-06-29,379925774,False,DEV-0158
PLOT-001249,5388-B,DIFC,74916,Residential,Leasehold,2016-01-08,2017-02-13,327500410,True,DEV-0198
PLOT-001250,5149-B,Dubai Investment Park,128735,Green,Leasehold,2005-02-15,2020-05-04,148036587,False,DEV-0091
PLOT-001251,1042-A,Al Twar,248376,Green,Leasehold,2021-11-23,2023-12-30,189150988,True,DEV-0082
PLOT-001252,181-D,Bur Dubai,348508,Commercial,Freehold,2008-03-28,2018-03-02,118460975,False,DEV-0092
PLOT-001253,6597-B,Palm Jumeirah,204039,Residential,Freehold,2008-08-04,2018-06-15,489776214,False,DEV-0010
PLOT-001254,376-B,Dubailand,225406,Residential,Freehold,2008-04-03,2022-09-20,267257683,True,DEV-0010
PLOT-001255,360-A,Bur Dubai,292787,Residential,Freehold,2012-10-05,2020-09-28,118928921,False,DEV-0118
PLOT-001256,4201-B,Dubai South,274615,Commercial,Leasehold,2006-05-04,2017-05-03,336126617,True,DEV-0029
PLOT-001257,4137-C,Al Wasl,240894,Residential,Freehold,2012-08-27,2021-04-30,57501385,True,DEV-0054
PLOT-001258,2138-A,Nad Al Sheba,343428,Mixed,Leasehold,2019-04-28,2016-08-04,337686399,True,DEV-0153
PLOT-001259,3367-D,Nad Al Sheba,196776,Mixed,Freehold,2008-09-02,2018-06-28,45387257,False,DEV-0166
PLOT-001260,5041-C,Mirdif,159760,Residential,Freehold,2014-01-01,2024-04-03,245557447,True,DEV-0145
PLOT-001261,1400-B,Business Bay,400989,Residential,Freehold,2020-05-19,2022-04-17,87824874,True,DEV-0164
PLOT-001262,26-B,Dubai Hills Estate,24640,Industrial,Freehold,2019-03-28,2019-10-05,398608076,False,DEV-0157
PLOT-001263,7342-D,Al Furjan,38789,Commercial,Government,2014-06-26,2021-01-19,482934531,False,DEV-0127
PLOT-001264,7544-E,Sports City,426148,Mixed,Freehold,2021-09-29,2024-12-29,217607676,False,DEV-0041
PLOT-001265,8017-A,Downtown Dubai,113367,Residential,Leasehold,2011-01-09,2022-08-04,467877372,True,DEV-0063
PLOT-001266,5530-B,Al Qusais,404109,Industrial,Freehold,2006-03-06,2021-05-04,233217828,False,DEV-0060
PLOT-001267,2628-C,Al Qusais,322722,Residential,Leasehold,2008-01-13,2020-09-27,262618880,True,DEV-0065
PLOT-001268,5782-C,Dubailand,373134,Commercial,Freehold,2017-01-18,2019-07-08,17662741,False,DEV-0190
PLOT-001269,4468-E,Al Barsha,134306,Industrial,Leasehold,2008-01-03,2015-10-25,355673533,False,DEV-0006
PLOT-001270,7312-A,Mirdif,347025,Residential,Government,2017-06-05,2019-10-06,120245693,True,DEV-0007
PLOT-001271,8661-B,Dubai Land,497371,Mixed,Freehold,2021-10-05,2019-09-28,301008753,False,DEV-0140
PLOT-001272,5913-B,JLT,458154,Mixed,Freehold,2023-12-17,2015-07-13,174650882,True,DEV-0068
PLOT-001273,5063-E,Palm Jumeirah,478572,Residential,Freehold,2011-11-20,2022-02-06,37419675,False,DEV-0051
PLOT-001274,1187-D,Arabian Ranches,348224,Industrial,Freehold,2011-04-05,2018-09-24,412707993,False,DEV-0157
PLOT-001275,7452-C,Al Barsha,87036,Residential,Freehold,2001-09-10,2018-08-01,211137160,False,DEV-0053
PLOT-001276,2520-B,Mirdif,324855,Residential,Leasehold,2017-05-24,2016-09-04,497739630,True,DEV-0141
PLOT-001277,6352-A,Arabian Ranches,222653,Industrial,Leasehold,2002-12-02,2022-05-29,236382547,True,DEV-0193
PLOT-001278,2409-D,Business Bay,49752,Residential,Leasehold,2010-11-12,2017-05-30,41265289,False,DEV-0019
PLOT-001279,9660-B,Palm Jumeirah,269387,Commercial,Freehold,2012-01-16,2015-06-17,96089382,False,DEV-0016
PLOT-001280,4778-E,Al Safa,265319,Industrial,Leasehold,2000-02-04,2017-07-23,39611386,True,DEV-0053
PLOT-001281,6779-D,Motor City,357081,Mixed,Leasehold,2018-07-19,2016-03-11,223551515,False,DEV-0005
PLOT-001282,9062-B,Al Qusais,492149,Residential,Freehold,2013-07-26,2019-08-22,188215556,True,DEV-0037
PLOT-001283,3797-C,Muhaisnah,199647,Green,Government,2008-03-05,2019-08-06,342628352,False,DEV-0045
PLOT-001284,9138-E,Motor City,446350,Residential,Leasehold,2017-07-28,2024-07-13,246832982,True,DEV-0087
PLOT-001285,2167-A,Sports City,164246,Residential,Leasehold,2005-08-27,2019-12-05,425328071,True,DEV-0195
PLOT-001286,1507-C,JVC,330704,Mixed,Freehold,2011-10-14,2022-07-29,386770195,False,DEV-0082
PLOT-001287,5783-B,International City,161822,Commercial,Freehold,2007-01-19,2016-02-19,177252746,True,DEV-0082
PLOT-001288,185-C,Downtown Dubai,289056,Industrial,Freehold,2005-08-08,2015-01-19,86184877,False,DEV-0046
PLOT-001289,4240-D,Al Satwa,47111,Commercial,Freehold,2009-03-23,2015-02-22,354565748,True,DEV-0174
PLOT-001290,5080-E,JLT,344619,Residential,Leasehold,2018-06-26,2015-03-09,359260209,True,DEV-0121
PLOT-001291,8570-A,Dubai Investment Park,177617,Residential,Freehold,2015-03-28,2023-04-27,305181269,False,DEV-0165
PLOT-001292,4820-A,Bur Dubai,340782,Industrial,Freehold,2009-04-12,2016-01-14,248578110,True,DEV-0118
PLOT-001293,2104-B,Dubai Hills Estate,377116,Commercial,Freehold,2018-11-29,2016-02-24,396682908,True,DEV-0172
PLOT-001294,7111-C,Dubai Hills Estate,465712,Mixed,Leasehold,2016-11-05,2024-04-09,209012721,True,DEV-0034
PLOT-001295,6789-B,Dubai Creek Harbour,41872,Commercial,Freehold,2014-01-06,2021-04-30,350626502,False,DEV-0157
PLOT-001296,1049-A,Al Furjan,286778,Commercial,Government,2011-06-11,2017-01-04,132119811,False,DEV-0034
PLOT-001297,257-C,Town Square,426401,Mixed,Freehold,2004-08-24,2020-12-24,206508198,True,DEV-0060
PLOT-001298,6643-D,Bur Dubai,480585,Residential,Leasehold,2023-03-06,2024-05-26,62330907,True,DEV-0198
PLOT-001299,4425-E,Deira,406850,Residential,Freehold,2003-01-06,2023-05-13,399627301,False,DEV-0180
PLOT-001300,2506-A,Deira,334307,Residential,Government,2011-04-22,2020-04-24,430933950,True,DEV-0168
PLOT-001301,2530-C,Ras Al Khor,69545,Commercial,Freehold,2010-09-07,2016-01-16,233655102,False,DEV-0103
PLOT-001302,7558-C,Al Qusais,346682,Mixed,Freehold,2000-11-04,2019-05-01,194424280,True,DEV-0079
PLOT-001303,580-A,Al Safa,138541,Residential,Leasehold,2007-08-07,2022-11-29,117229285,True,DEV-0032
PLOT-001304,2697-B,Motor City,385115,Residential,Freehold,2021-02-19,2017-05-15,270069734,False,DEV-0035
PLOT-001305,1087-E,Emaar Beachfront,109291,Residential,Leasehold,2016-10-11,2023-06-29,405499078,False,DEV-0045
PLOT-001306,9667-A,Jumeirah,92635,Mixed,Leasehold,2011-07-19,2024-12-29,477263729,False,DEV-0074
PLOT-001307,6812-A,Al Furjan,399742,Residential,Freehold,2020-04-18,2016-05-09,426147924,True,DEV-0153
PLOT-001308,9501-C,Discovery Gardens,437489,Mixed,Freehold,2020-05-17,2021-04-05,240917271,False,DEV-0112
PLOT-001309,8391-E,Muhaisnah,286248,Green,Leasehold,2005-08-24,2016-10-04,84556764,False,DEV-0078
PLOT-001310,6896-B,Muhaisnah,91126,Residential,Freehold,2007-12-14,2024-11-14,379189800,True,DEV-0159
PLOT-001311,3828-A,JVC,175615,Mixed,Freehold,2000-06-07,2019-06-06,161584098,True,DEV-0100
PLOT-001312,5546-A,Dubai Hills Estate,425787,Commercial,Leasehold,2003-05-27,2024-11-12,408261307,False,DEV-0055
PLOT-001313,4151-C,Business Bay,364138,Residential,Leasehold,2016-11-20,2024-06-25,238941051,True,DEV-0061
PLOT-001314,7784-A,JVC,477949,Green,Freehold,2023-03-23,2018-11-10,131066575,True,DEV-0065
PLOT-001315,2791-B,Warqa,438098,Residential,Government,2009-10-04,2022-06-30,95107235,False,DEV-0185
PLOT-001316,7230-C,Al Quoz,9524,Green,Leasehold,2021-03-08,2024-09-30,111977532,False,DEV-0070
PLOT-001317,6199-A,Dubai South,24831,Commercial,Government,2017-07-29,2016-04-16,56562623,False,DEV-0029
PLOT-001318,5668-E,Al Mizhar,141510,Green,Freehold,2008-01-03,2024-02-05,356072068,False,DEV-0006
PLOT-001319,1546-C,Warqa,12309,Mixed,Leasehold,2019-04-06,2016-12-12,313120613,False,DEV-0084
PLOT-001320,6883-C,Al Furjan,263393,Residential,Freehold,2023-09-03,2023-08-25,266528535,False,DEV-0142
PLOT-001321,4097-C,Al Barsha,67432,Residential,Government,2013-10-01,2022-03-06,76894205,False,DEV-0092
PLOT-001322,1766-E,Mirdif,293336,Residential,Freehold,2000-12-22,2024-06-29,452237215,True,DEV-0169
PLOT-001323,991-A,Al Furjan,164499,Green,Freehold,2003-03-03,2016-08-06,27761629,True,DEV-0182
PLOT-001324,2554-A,JLT,180361,Residential,Freehold,2004-07-07,2024-04-09,378534048,True,DEV-0016
PLOT-001325,3121-A,Dubai Creek Harbour,58116,Residential,Freehold,2001-10-10,2022-04-01,117521607,False,DEV-0048
PLOT-001326,7874-C,Ras Al Khor,144428,Industrial,Freehold,2023-02-08,2018-08-21,410434806,False,DEV-0049
PLOT-001327,8305-B,Town Square,210541,Mixed,Leasehold,2003-02-27,2020-05-08,437228393,False,DEV-0162
PLOT-001328,4334-E,Dubai Marina,340033,Residential,Freehold,2019-11-23,2017-02-02,321933694,True,DEV-0074
PLOT-001329,4013-E,Dubai Hills Estate,101487,Commercial,Freehold,2017-12-11,2022-12-05,236353257,True,DEV-0017
PLOT-001330,9526-A,Al Satwa,144520,Industrial,Freehold,2016-10-28,2015-05-01,439164294,True,DEV-0038
PLOT-001331,8448-B,Nad Al Sheba,33679,Commercial,Leasehold,2002-07-28,2021-01-05,187283350,True,DEV-0033
PLOT-001332,9368-C,Sports City,441327,Residential,Freehold,2000-10-27,2018-11-06,77043909,True,DEV-0009
PLOT-001333,3863-A,Bur Dubai,103280,Commercial,Leasehold,2015-02-05,2016-05-28,358491129,False,DEV-0030
PLOT-001334,5181-E,Umm Suqeim,138802,Commercial,Leasehold,2004-05-09,2015-12-17,205599649,False,DEV-0143
PLOT-001335,3654-E,Deira,462646,Commercial,Freehold,2013-11-26,2016-01-15,167882728,False,DEV-0006
PLOT-001336,2887-E,Dubai Creek Harbour,284658,Industrial,Freehold,2002-12-02,2022-05-04,467308445,True,DEV-0070
PLOT-001337,5047-E,Warqa,104071,Commercial,Freehold,2019-09-01,2023-02-21,309323567,False,DEV-0155
PLOT-001338,5077-C,Arabian Ranches,326382,Residential,Leasehold,2015-09-12,2023-09-21,285981219,False,DEV-0111
PLOT-001339,6028-D,JLT,40465,Mixed,Freehold,2007-08-13,2019-06-29,13104184,True,DEV-0013
PLOT-001340,308-E,Al Mizhar,408634,Residential,Leasehold,2021-02-06,2019-11-30,205413726,False,DEV-0037
PLOT-001341,481-B,Al Quoz,229107,Mixed,Freehold,2019-04-26,2023-09-07,245906072,True,DEV-0126
PLOT-001342,1080-C,Palm Jumeirah,473480,Residential,Freehold,2009-05-12,2024-04-26,471291465,False,DEV-0150
PLOT-001343,6771-C,JVC,420712,Commercial,Government,2023-07-01,2021-07-29,179590418,False,DEV-0055
PLOT-001344,771-C,Muhaisnah,110211,Residential,Freehold,2021-11-30,2019-06-18,426736293,False,DEV-0200
PLOT-001345,7171-B,Palm Jumeirah,365548,Mixed,Freehold,2021-01-16,2019-05-16,315655666,False,DEV-0026
PLOT-001346,3955-E,Al Twar,481213,Mixed,Freehold,2008-01-14,2017-07-03,47521871,False,DEV-0150
PLOT-001347,5708-E,Umm Suqeim,83412,Industrial,Leasehold,2001-03-12,2020-02-16,11501548,False,DEV-0049
PLOT-001348,7701-C,International City,355416,Industrial,Freehold,2005-04-17,2018-11-02,410120678,False,DEV-0144
PLOT-001349,6751-C,Dubailand,251647,Commercial,Government,2019-07-04,2024-10-31,438495092,True,DEV-0194
PLOT-001350,4435-E,Al Qusais,8332,Residential,Freehold,2018-11-15,2019-06-06,495914844,False,DEV-0044
PLOT-001351,9552-A,Emaar Beachfront,430714,Residential,Leasehold,2010-01-11,2017-06-12,304665498,True,DEV-0058
PLOT-001352,5550-B,Warqa,452139,Mixed,Freehold,2019-03-17,2016-08-12,34303937,False,DEV-0073
PLOT-001353,1114-B,Town Square,193062,Residential,Freehold,2001-12-19,2017-12-24,361647284,False,DEV-0048
PLOT-001354,2554-A,Dubai Land,303329,Residential,Freehold,2015-02-02,2021-09-16,322643240,False,DEV-0130
PLOT-001355,7034-A,Deira,115145,Residential,Government,2002-02-14,2015-04-16,244187723,False,DEV-0074
PLOT-001356,7687-C,Bur Dubai,434009,Commercial,Freehold,2020-05-03,2021-03-24,299359669,False,DEV-0176
PLOT-001357,3623-B,DIFC,345401,Commercial,Government,2015-07-29,2017-01-14,284355704,False,DEV-0017
PLOT-001358,9093-E,Emaar Beachfront,197864,Residential,Freehold,2021-11-16,2024-06-17,201354772,False,DEV-0146
PLOT-001359,7794-D,Bur Dubai,465904,Commercial,Leasehold,2017-03-29,2023-10-30,444714082,True,DEV-0150
PLOT-001360,1020-B,International City,495573,Mixed,Leasehold,2016-03-03,2018-10-28,60360067,True,DEV-0162
PLOT-001361,2481-C,Dubai Hills Estate,166913,Residential,Government,2011-04-22,2024-04-09,49388236,True,DEV-0107
PLOT-001362,1847-B,Al Wasl,470818,Mixed,Freehold,2008-04-26,2023-05-22,319444323,True,DEV-0143
PLOT-001363,7811-A,Al Qusais,213851,Residential,Freehold,2017-09-19,2023-03-23,438430942,True,DEV-0024
PLOT-001364,5476-E,Al Mizhar,496398,Industrial,Leasehold,2010-04-24,2015-06-02,50937339,False,DEV-0059
PLOT-001365,3314-D,Palm Jumeirah,317223,Residential,Leasehold,2013-03-25,2022-02-08,310607923,True,DEV-0159
PLOT-001366,8919-B,Muhaisnah,70353,Residential,Leasehold,2020-12-01,2017-09-03,282213288,False,DEV-0126
PLOT-001367,2501-B,Emaar Beachfront,60355,Commercial,Leasehold,2007-05-20,2017-12-23,181824064,False,DEV-0020
PLOT-001368,8537-A,Discovery Gardens,114101,Mixed,Leasehold,2008-06-04,2015-06-30,60305912,False,DEV-0029
PLOT-001369,5745-B,Al Satwa,246661,Mixed,Freehold,2023-08-09,2022-07-25,238427995,True,DEV-0067
PLOT-001370,1539-A,Al Twar,454956,Residential,Leasehold,2004-10-05,2019-04-15,86903045,False,DEV-0124
PLOT-001371,522-D,Dubailand,410537,Commercial,Freehold,2023-04-01,2022-05-22,474408009,True,DEV-0159
PLOT-001372,7971-C,Al Qusais,356285,Residential,Freehold,2004-09-20,2018-08-11,345156916,False,DEV-0138
PLOT-001373,6148-B,Dubai Creek Harbour,41139,Green,Government,2010-10-12,2018-01-15,173711179,False,DEV-0008
PLOT-001374,1102-D,Nad Al Sheba,380374,Commercial,Leasehold,2004-01-01,2018-05-02,235030015,False,DEV-0154
PLOT-001375,7476-E,Ras Al Khor,63913,Commercial,Freehold,2000-02-03,2017-05-23,123085233,False,DEV-0006
PLOT-001376,6293-D,Deira,475142,Residential,Freehold,2003-03-19,2021-05-20,473959659,False,DEV-0090
PLOT-001377,612-A,Business Bay,265180,Mixed,Freehold,2005-10-09,2020-06-14,294573329,True,DEV-0108
PLOT-001378,5570-E,Bur Dubai,347269,Residential,Leasehold,2001-04-25,2021-06-16,416783527,True,DEV-0020
PLOT-001379,4950-B,Town Square,449712,Industrial,Freehold,2016-11-23,2016-04-19,398740771,False,DEV-0014
PLOT-001380,2966-D,Arabian Ranches,249322,Residential,Leasehold,2006-09-19,2024-07-23,60283680,True,DEV-0165
PLOT-001381,2774-B,Emaar Beachfront,483849,Industrial,Leasehold,2002-12-07,2020-02-06,407017996,True,DEV-0119
PLOT-001382,9993-B,International City,402946,Mixed,Freehold,2005-04-07,2019-05-09,152503232,False,DEV-0069
PLOT-001383,6881-C,Nad Al Sheba,482492,Industrial,Freehold,2020-10-22,2023-11-19,184112651,True,DEV-0097
PLOT-001384,8946-D,Al Safa,436670,Residential,Leasehold,2000-04-03,2016-02-24,497026830,True,DEV-0018
PLOT-001385,8150-D,DIFC,313627,Residential,Freehold,2000-04-08,2018-04-10,387737279,False,DEV-0132
PLOT-001386,9266-B,Al Mizhar,8296,Mixed,Leasehold,2009-05-31,2015-10-29,250601639,True,DEV-0015
PLOT-001387,3657-C,JLT,16587,Commercial,Government,2022-11-30,2023-03-07,109847343,False,DEV-0127
PLOT-001388,4834-C,Dubai Creek Harbour,243299,Residential,Leasehold,2012-09-15,2017-04-30,204499337,False,DEV-0037
PLOT-001389,1251-D,Dubai Creek Harbour,157011,Residential,Freehold,2017-06-11,2022-07-30,393555469,True,DEV-0185
PLOT-001390,6833-D,Bur Dubai,228838,Industrial,Freehold,2000-04-09,2020-04-25,191491543,True,DEV-0169
PLOT-001391,5363-E,Al Quoz,295827,Mixed,Leasehold,2003-09-17,2021-04-20,251685991,True,DEV-0144
PLOT-001392,3711-D,DIFC,354729,Residential,Leasehold,2004-01-20,2015-12-18,448792607,True,DEV-0183
PLOT-001393,8448-D,Dubai Land,87610,Mixed,Leasehold,2000-06-14,2022-06-10,37344934,True,DEV-0016
PLOT-001394,2463-E,JLT,404785,Residential,Leasehold,2004-01-17,2015-09-13,356601128,False,DEV-0160
PLOT-001395,1420-E,Dubai South,418901,Industrial,Leasehold,2013-09-05,2016-03-30,364186325,False,DEV-0154
PLOT-001396,7808-B,Palm Jumeirah,166637,Mixed,Freehold,2005-12-21,2016-03-05,46410716,False,DEV-0141
PLOT-001397,501-E,Dubailand,121487,Mixed,Leasehold,2021-11-13,2017-10-02,70820453,False,DEV-0052
PLOT-001398,5235-E,Sports City,199185,Mixed,Freehold,2010-03-21,2019-12-25,398313912,True,DEV-0095
PLOT-001399,4154-D,Warqa,290366,Commercial,Leasehold,2010-03-16,2018-11-08,10661778,False,DEV-0127
PLOT-001400,1920-C,Palm Jumeirah,371378,Residential,Freehold,2007-10-21,2020-12-28,330567139,False,DEV-0095
PLOT-001401,550-C,Dubai Marina,335477,Commercial,Freehold,2011-09-14,2022-03-29,14666311,True,DEV-0140
PLOT-001402,5651-A,Business Bay,406783,Residential,Freehold,2007-04-27,2018-03-20,204273066,False,DEV-0144
PLOT-001403,6936-A,Jumeirah,362934,Commercial,Government,2014-03-28,2018-07-27,359857520,False,DEV-0031
PLOT-001404,8373-C,Dubai Hills Estate,128835,Residential,Leasehold,2001-03-28,2020-07-10,24661285,True,DEV-0033
PLOT-001405,8060-B,Dubai South,97082,Commercial,Freehold,2007-02-12,2020-03-23,289541927,True,DEV-0051
PLOT-001406,1734-E,Discovery Gardens,368144,Residential,Leasehold,2017-03-24,2017-09-26,13465124,True,DEV-0007
PLOT-001407,4132-B,Al Barsha,49096,Mixed,Freehold,2002-05-08,2018-08-27,217243492,False,DEV-0059
PLOT-001408,8445-E,JLT,444549,Residential,Freehold,2001-10-12,2016-03-08,4598719,True,DEV-0041
PLOT-001409,3088-B,Umm Suqeim,12771,Mixed,Freehold,2002-08-06,2023-08-28,423940764,False,DEV-0024
PLOT-001410,1027-D,Business Bay,105653,Mixed,Leasehold,2019-10-22,2018-04-05,499221651,False,DEV-0171
PLOT-001411,726-A,Mirdif,6818,Green,Freehold,2019-10-28,2018-02-09,401463156,False,DEV-0191
PLOT-001412,752-A,Al Mizhar,290713,Mixed,Leasehold,2009-03-17,2015-04-24,132284739,False,DEV-0168
PLOT-001413,5980-C,Dubai Land,370260,Green,Government,2004-04-27,2023-01-11,111050012,True,DEV-0108
PLOT-001414,2665-C,Sports City,209319,Residential,Freehold,2018-01-25,2016-06-12,91446520,False,DEV-0091
PLOT-001415,6073-C,Dubai South,54430,Commercial,Leasehold,2019-04-17,2023-08-06,325205257,False,DEV-0041
PLOT-001416,9195-D,Emaar Beachfront,361328,Residential,Leasehold,2022-05-12,2024-07-20,96582468,True,DEV-0124
PLOT-001417,246-B,Muhaisnah,326271,Mixed,Leasehold,2010-07-10,2024-07-01,222447772,False,DEV-0001
PLOT-001418,4862-E,Dubai Hills Estate,81607,Commercial,Freehold,2004-09-03,2019-08-07,50205422,True,DEV-0148
PLOT-001419,3842-B,Al Satwa,415195,Residential,Leasehold,2015-03-10,2017-05-11,493018528,False,DEV-0149
PLOT-001420,8500-C,Palm Jumeirah,55610,Mixed,Leasehold,2008-04-19,2016-09-06,136532521,False,DEV-0171
PLOT-001421,4226-D,Dubai Land,470683,Mixed,Freehold,2017-10-04,2017-03-28,397610805,True,DEV-0084
PLOT-001422,102-E,Emaar Beachfront,316714,Mixed,Leasehold,2010-05-14,2015-07-09,23737119,True,DEV-0195
PLOT-001423,5672-B,Jebel Ali,390082,Industrial,Leasehold,2015-10-04,2016-08-13,258068616,False,DEV-0111
PLOT-001424,6343-B,Al Mizhar,292558,Residential,Leasehold,2015-05-09,2016-09-02,281773708,True,DEV-0101
PLOT-001425,1245-C,Palm Jumeirah,333490,Residential,Freehold,2002-07-03,2022-06-30,214925190,False,DEV-0044
PLOT-001426,8727-C,Dubai Investment Park,420055,Commercial,Freehold,2014-05-16,2023-01-29,490222210,False,DEV-0022
PLOT-001427,3628-B,Dubai Investment Park,307086,Mixed,Freehold,2018-04-06,2021-10-11,464799458,False,DEV-0059
PLOT-001428,7691-B,Palm Jumeirah,174798,Mixed,Leasehold,2004-11-04,2019-10-18,418661510,False,DEV-0187
PLOT-001429,5239-B,Arabian Ranches,289653,Mixed,Leasehold,2018-10-24,2019-12-15,274476537,False,DEV-0062
PLOT-001430,3098-D,Jumeirah,243409,Residential,Freehold,2004-12-05,2017-07-19,36018739,True,DEV-0194
PLOT-001431,4899-E,Downtown Dubai,427997,Industrial,Leasehold,2019-04-19,2022-11-26,192278441,False,DEV-0186
PLOT-001432,3210-E,Deira,206620,Mixed,Freehold,2003-12-07,2021-09-01,239104251,False,DEV-0067
PLOT-001433,2099-C,Al Wasl,25196,Residential,Freehold,2011-01-18,2018-03-25,133455208,False,DEV-0146
PLOT-001434,7410-C,Al Barsha,43217,Residential,Freehold,2005-07-25,2024-03-06,210909950,False,DEV-0114
PLOT-001435,4554-D,International City,494758,Commercial,Freehold,2019-12-21,2021-01-11,70980862,True,DEV-0177
PLOT-001436,5163-D,Arabian Ranches,200225,Industrial,Leasehold,2006-11-05,2016-07-18,121121343,False,DEV-0099
PLOT-001437,9350-E,Al Barsha,19816,Commercial,Freehold,2023-08-28,2021-08-29,413809818,True,DEV-0040
PLOT-001438,7835-E,Downtown Dubai,216620,Mixed,Leasehold,2021-09-23,2016-04-17,106361773,False,DEV-0124
PLOT-001439,5897-C,Emaar Beachfront,327175,Residential,Government,2002-08-28,2024-01-28,496000084,False,DEV-0100
PLOT-001440,4030-E,Sports City,379652,Industrial,Leasehold,2017-09-03,2016-09-02,102300248,True,DEV-0020
PLOT-001441,2378-C,DIFC,53327,Industrial,Freehold,2002-07-29,2022-09-24,243491220,False,DEV-0170
PLOT-001442,3526-E,Dubailand,191983,Commercial,Freehold,2008-03-02,2017-08-13,246140038,False,DEV-0068
PLOT-001443,7362-D,Emaar Beachfront,31222,Commercial,Freehold,2011-03-24,2023-03-22,107091370,False,DEV-0047
PLOT-001444,1829-A,Al Satwa,220086,Green,Freehold,2018-12-02,2017-11-02,189930757,False,DEV-0027
PLOT-001445,5877-E,Dubai Hills Estate,239909,Commercial,Government,2022-10-21,2020-01-25,176411970,False,DEV-0168
PLOT-001446,3153-E,Umm Suqeim,326462,Commercial,Freehold,2013-02-12,2021-01-21,391791987,False,DEV-0130
PLOT-001447,2566-E,Motor City,416144,Green,Leasehold,2003-01-11,2024-10-04,137144567,False,DEV-0168
PLOT-001448,6153-B,Al Qusais,340538,Residential,Leasehold,2017-08-23,2022-09-03,143257819,True,DEV-0119
PLOT-001449,1226-A,Warqa,53282,Mixed,Freehold,2017-08-20,2021-02-07,371256840,False,DEV-0042
PLOT-001450,1144-C,JVC,220059,Industrial,Freehold,2008-05-21,2018-08-03,453184804,False,DEV-0079
PLOT-001451,7714-B,Al Furjan,374069,Residential,Leasehold,2011-03-23,2023-11-11,460547685,True,DEV-0002
PLOT-001452,5342-B,Motor City,417451,Commercial,Freehold,2010-06-17,2022-06-18,35777046,False,DEV-0144
PLOT-001453,6833-E,Arabian Ranches,55981,Commercial,Leasehold,2017-09-19,2017-10-26,333047284,True,DEV-0128
PLOT-001454,2063-C,Business Bay,489088,Residential,Leasehold,2011-06-13,2021-05-17,302944928,True,DEV-0166
PLOT-001455,2485-D,Dubai Hills Estate,352423,Commercial,Leasehold,2013-08-20,2019-02-10,43298150,True,DEV-0123
PLOT-001456,6737-E,JVC,22633,Residential,Leasehold,2021-02-15,2018-02-11,69624941,False,DEV-0026
PLOT-001457,5148-C,Al Furjan,58096,Residential,Freehold,2023-06-20,2018-11-29,420544522,True,DEV-0071
PLOT-001458,7743-A,Muhaisnah,487062,Commercial,Freehold,2011-05-30,2015-09-01,413386428,False,DEV-0040
PLOT-001459,4079-C,Jebel Ali,109539,Residential,Freehold,2015-12-24,2017-12-31,56151352,False,DEV-0105
PLOT-001460,7140-A,International City,93561,Commercial,Freehold,2017-10-17,2024-07-19,285622699,False,DEV-0168
PLOT-001461,5612-E,Al Barsha,134085,Residential,Government,2010-11-03,2018-12-16,210319600,False,DEV-0055
PLOT-001462,4919-A,Discovery Gardens,147261,Residential,Freehold,2021-07-19,2019-06-28,158756472,False,DEV-0122
PLOT-001463,4793-E,Al Mizhar,406574,Mixed,Freehold,2014-10-27,2023-11-28,246305392,True,DEV-0116
PLOT-001464,9071-D,Al Karama,120579,Residential,Government,2023-01-16,2016-06-26,262532127,True,DEV-0088
PLOT-001465,8307-E,Deira,154265,Mixed,Leasehold,2014-11-04,2015-11-05,128116261,False,DEV-0022
PLOT-001466,2435-E,Bur Dubai,497153,Residential,Freehold,2015-08-27,2020-02-21,463128495,False,DEV-0004
PLOT-001467,6225-E,Jebel Ali,13513,Industrial,Government,2002-03-22,2024-04-12,456016407,False,DEV-0162
PLOT-001468,3080-B,International City,160349,Mixed,Leasehold,2005-07-04,2019-06-16,321425759,False,DEV-0043
PLOT-001469,8700-B,Downtown Dubai,212735,Residential,Freehold,2005-10-20,2021-11-16,168720702,False,DEV-0009
PLOT-001470,4339-B,Mirdif,66981,Residential,Leasehold,2020-06-07,2021-07-23,95385301,False,DEV-0191
PLOT-001471,5851-E,Ras Al Khor,203182,Commercial,Freehold,2012-10-22,2024-06-11,324460389,True,DEV-0166
PLOT-001472,9265-A,Town Square,263106,Residential,Government,2008-12-06,2023-09-03,445239779,False,DEV-0165
PLOT-001473,6091-D,Arabian Ranches,251245,Commercial,Government,2019-11-03,2016-03-02,119370114,True,DEV-0156
PLOT-001474,7172-A,Business Bay,137938,Residential,Leasehold,2019-09-27,2015-01-27,398279699,True,DEV-0186
PLOT-001475,6143-D,Nad Al Sheba,348578,Industrial,Freehold,2018-09-28,2024-05-19,209006153,False,DEV-0076
PLOT-001476,787-E,Mirdif,225454,Residential,Freehold,2015-11-20,2021-10-15,239939891,False,DEV-0006
PLOT-001477,7510-C,Dubai Investment Park,342653,Mixed,Freehold,2021-03-12,2017-12-06,337437640,False,DEV-0010
PLOT-001478,7292-A,JVC,359471,Residential,Leasehold,2010-02-28,2019-07-27,375213904,False,DEV-0141
PLOT-001479,4635-B,Business Bay,476562,Mixed,Freehold,2015-12-25,2018-01-25,334275987,False,DEV-0154
PLOT-001480,307-A,Mirdif,44899,Commercial,Leasehold,2015-05-12,2022-09-15,392657944,False,DEV-0013
PLOT-001481,1265-E,Emaar Beachfront,89539,Residential,Leasehold,2014-03-08,2024-10-26,404841628,False,DEV-0189
PLOT-001482,1705-D,Mirdif,154351,Residential,Freehold,2004-10-26,2015-04-14,366297059,False,DEV-0150
PLOT-001483,1822-E,Town Square,271412,Mixed,Freehold,2015-10-29,2017-11-28,473620806,False,DEV-0120
PLOT-001484,7652-D,Mirdif,487228,Mixed,Freehold,2018-02-07,2017-03-24,47290551,True,DEV-0133
PLOT-001485,1203-E,Al Safa,455146,Residential,Leasehold,2011-11-26,2017-05-17,339973697,False,DEV-0033
PLOT-001486,4707-B,Mirdif,194647,Residential,Freehold,2000-12-13,2019-02-04,483560265,True,DEV-0002
PLOT-001487,3083-B,Al Karama,448183,Commercial,Leasehold,2004-01-16,2022-05-31,127116106,True,DEV-0193
PLOT-001488,7807-E,Dubai Marina,137325,Commercial,Freehold,2021-05-15,2023-12-04,457539160,False,DEV-0192
PLOT-001489,7225-D,Bur Dubai,343831,Mixed,Freehold,2000-06-14,2016-03-07,82478803,False,DEV-0047
PLOT-001490,523-A,Jebel Ali,267247,Residential,Freehold,2013-10-14,2016-12-08,286590120,False,DEV-0145
PLOT-001491,9713-A,Ras Al Khor,147194,Commercial,Freehold,2019-11-23,2015-04-25,452589897,True,DEV-0184
PLOT-001492,4589-E,Al Quoz,108869,Mixed,Government,2019-08-12,2023-01-05,196077698,False,DEV-0056
PLOT-001493,52-E,Downtown Dubai,401736,Residential,Freehold,2015-08-28,2023-10-05,289047059,False,DEV-0044
PLOT-001494,9134-E,Mirdif,306647,Residential,Leasehold,2006-02-17,2023-05-01,433920183,False,DEV-0062
PLOT-001495,975-B,Deira,328340,Industrial,Leasehold,2018-11-11,2018-06-18,23888867,True,DEV-0081
PLOT-001496,1971-B,Ras Al Khor,458981,Green,Freehold,2015-07-27,2019-11-27,206832684,True,DEV-0078
PLOT-001497,9486-A,Jebel Ali,96737,Commercial,Leasehold,2005-06-18,2016-09-24,415219664,True,DEV-0047
PLOT-001498,2723-B,Muhaisnah,287862,Residential,Freehold,2005-06-05,2017-01-04,290094789,False,DEV-0018
PLOT-001499,5727-B,Mirdif,390649,Residential,Freehold,2022-12-08,2016-08-10,494057202,False,DEV-0198
PLOT-001500,1274-D,Dubailand,468929,Residential,Freehold,2000-04-01,2023-11-19,238823795,False,DEV-0054
PLOT-001501,541-D,Al Satwa,69471,Commercial,Government,2002-05-24,2017-02-11,71566475,True,DEV-0148
PLOT-001502,6503-B,Al Qusais,497533,Residential,Freehold,2021-02-22,2016-02-17,83515076,False,DEV-0085
PLOT-001503,2568-A,Al Wasl,416868,Residential,Government,2016-03-08,2024-12-24,81547531,False,DEV-0027
PLOT-001504,5538-B,Muhaisnah,270642,Residential,Leasehold,2020-07-09,2022-06-13,141835375,False,DEV-0079
PLOT-001505,8539-E,Deira,257876,Commercial,Government,2004-07-21,2023-09-29,55582673,False,DEV-0139
PLOT-001506,3303-A,Nad Al Sheba,236583,Commercial,Freehold,2011-04-10,2021-08-28,414173494,False,DEV-0140
PLOT-001507,9050-B,Business Bay,477592,Residential,Government,2002-04-12,2018-07-14,208835123,True,DEV-0019
PLOT-001508,7648-A,Jebel Ali,324638,Residential,Leasehold,2013-01-19,2023-05-22,400143230,True,DEV-0094
PLOT-001509,6514-B,Warqa,389840,Commercial,Freehold,2011-12-04,2019-03-06,96302044,True,DEV-0185
PLOT-001510,1692-D,Al Satwa,292408,Residential,Freehold,2023-03-26,2015-04-07,77610259,False,DEV-0081
PLOT-001511,6391-D,Downtown Dubai,375571,Mixed,Freehold,2009-10-18,2015-05-18,414531586,False,DEV-0135
PLOT-001512,6394-B,Jebel Ali,92873,Industrial,Freehold,2017-06-15,2020-12-12,150637348,True,DEV-0096
PLOT-001513,5901-A,Jumeirah,439351,Mixed,Leasehold,2004-08-29,2018-04-27,29015087,True,DEV-0028
PLOT-001514,7233-C,Dubai Hills Estate,148851,Residential,Freehold,2008-11-18,2023-06-13,255211735,False,DEV-0062
PLOT-001515,3626-D,Sports City,437520,Commercial,Leasehold,2016-03-18,2015-02-06,361502904,False,DEV-0066
PLOT-001516,6255-C,Dubai Investment Park,399671,Mixed,Freehold,2017-05-15,2019-04-11,215278964,False,DEV-0172
PLOT-001517,7752-E,Bur Dubai,248740,Commercial,Leasehold,2002-08-13,2021-10-13,217686411,False,DEV-0101
PLOT-001518,5502-A,Sports City,303864,Commercial,Freehold,2010-10-19,2023-03-06,362854120,False,DEV-0171
PLOT-001519,965-B,Al Twar,363417,Residential,Government,2019-09-06,2015-09-20,485373298,False,DEV-0136
PLOT-001520,790-A,Ras Al Khor,357611,Residential,Government,2013-08-31,2020-07-19,310566711,False,DEV-0166
PLOT-001521,2122-B,Sports City,131861,Mixed,Leasehold,2010-10-24,2019-10-08,228605437,False,DEV-0164
PLOT-001522,9382-B,Jumeirah,222508,Mixed,Freehold,2003-09-02,2020-07-29,477948833,True,DEV-0011
PLOT-001523,7476-C,Discovery Gardens,469559,Industrial,Freehold,2013-05-26,2015-11-30,219423941,True,DEV-0141
PLOT-001524,3932-A,Dubai Marina,358401,Green,Freehold,2009-12-02,2024-08-21,226310012,True,DEV-0114
PLOT-001525,2914-A,Bur Dubai,271892,Commercial,Freehold,2013-08-06,2022-01-26,124241941,True,DEV-0010
PLOT-001526,1205-C,Arabian Ranches,100658,Residential,Freehold,2000-03-18,2018-12-06,146159071,False,DEV-0142
PLOT-001527,6119-C,Al Mizhar,74851,Commercial,Leasehold,2003-09-20,2022-05-27,8939802,False,DEV-0198
PLOT-001528,8556-E,Al Twar,408299,Commercial,Leasehold,2022-10-28,2020-03-10,123878699,False,DEV-0111
PLOT-001529,2024-E,Downtown Dubai,467031,Residential,Leasehold,2012-10-05,2020-02-12,387922457,True,DEV-0017
PLOT-001530,8739-E,JVC,454553,Green,Leasehold,2017-06-04,2022-07-29,320734791,False,DEV-0143
PLOT-001531,4564-E,Downtown Dubai,120222,Mixed,Freehold,2022-12-11,2021-06-10,495027426,True,DEV-0161
PLOT-001532,1651-C,International City,87543,Residential,Freehold,2008-10-10,2017-08-09,205921540,False,DEV-0013
PLOT-001533,2740-C,Sports City,270982,Mixed,Leasehold,2012-02-03,2023-07-15,86117012,False,DEV-0085
PLOT-001534,8421-B,Bur Dubai,41339,Commercial,Freehold,2000-04-22,2022-04-22,212843068,False,DEV-0156
PLOT-001535,2827-C,Al Twar,352837,Mixed,Leasehold,2014-05-03,2023-07-20,364931173,True,DEV-0050
PLOT-001536,9138-B,Bur Dubai,400205,Commercial,Government,2018-06-10,2024-10-06,475369875,True,DEV-0076
PLOT-001537,2443-C,Al Safa,200359,Industrial,Freehold,2017-03-02,2020-03-13,325373948,False,DEV-0086
PLOT-001538,2020-C,Town Square,173927,Mixed,Freehold,2007-07-18,2019-05-23,351513816,False,DEV-0117
PLOT-001539,8220-E,Sports City,402793,Residential,Freehold,2018-08-20,2020-08-13,388133533,False,DEV-0185
PLOT-001540,621-C,Al Karama,456516,Commercial,Leasehold,2023-03-10,2020-08-21,235713746,False,DEV-0011
PLOT-001541,8013-D,Al Barsha,298355,Residential,Leasehold,2000-01-31,2016-12-30,318941840,False,DEV-0002
PLOT-001542,5753-D,Al Twar,325198,Mixed,Leasehold,2015-10-01,2018-05-27,106160847,True,DEV-0056
PLOT-001543,5050-E,Ras Al Khor,197434,Residential,Leasehold,2005-01-15,2017-12-21,326705789,False,DEV-0195
PLOT-001544,3817-C,Al Qusais,157133,Industrial,Freehold,2010-03-07,2019-12-29,78849577,True,DEV-0028
PLOT-001545,5581-C,Emaar Beachfront,426304,Commercial,Freehold,2006-06-09,2024-07-10,352942176,True,DEV-0083
PLOT-001546,575-B,Muhaisnah,495931,Commercial,Leasehold,2007-02-09,2022-01-15,282690359,False,DEV-0148
PLOT-001547,5430-E,Jebel Ali,61356,Mixed,Freehold,2005-08-27,2022-06-16,168680470,True,DEV-0013
PLOT-001548,4190-A,Umm Suqeim,202220,Industrial,Freehold,2010-07-15,2019-01-13,282781431,True,DEV-0145
PLOT-001549,479-D,Dubai Land,251140,Commercial,Freehold,2004-03-30,2021-06-24,29375078,True,DEV-0129
PLOT-001550,5722-C,Dubai Hills Estate,267699,Residential,Freehold,2001-12-29,2024-10-31,192804987,True,DEV-0094
PLOT-001551,2887-E,Town Square,54467,Residential,Freehold,2004-10-25,2018-04-24,178133171,False,DEV-0014
PLOT-001552,311-C,Al Mizhar,402018,Green,Leasehold,2009-07-03,2023-10-13,187073559,True,DEV-0186
PLOT-001553,7846-E,DIFC,112722,Commercial,Leasehold,2008-05-28,2021-09-19,323824473,False,DEV-0119
PLOT-001554,6727-B,Dubailand,199590,Mixed,Freehold,2018-09-03,2019-12-10,58819680,True,DEV-0059
PLOT-001555,4318-C,Al Quoz,113485,Residential,Leasehold,2017-06-25,2021-05-11,132538843,False,DEV-0088
PLOT-001556,349-A,Ras Al Khor,256424,Mixed,Government,2013-03-15,2016-04-18,427093517,False,DEV-0106
PLOT-001557,4148-A,Nad Al Sheba,234663,Commercial,Freehold,2017-11-08,2023-10-17,290213456,True,DEV-0106
PLOT-001558,3356-C,Al Barsha,323777,Commercial,Leasehold,2011-12-04,2016-04-30,203717504,False,DEV-0081
PLOT-001559,7215-D,Motor City,10257,Mixed,Leasehold,2022-01-13,2022-06-26,421327148,False,DEV-0058
PLOT-001560,6240-C,Discovery Gardens,227099,Residential,Freehold,2000-09-02,2018-12-15,271079321,True,DEV-0077
PLOT-001561,3705-A,Warqa,372457,Commercial,Freehold,2022-09-30,2019-02-15,64129010,False,DEV-0061
PLOT-001562,9891-A,Bur Dubai,176194,Mixed,Freehold,2012-11-01,2015-02-02,107991881,False,DEV-0149
PLOT-001563,8295-E,Mirdif,439911,Residential,Leasehold,2022-09-08,2021-08-06,173002728,False,DEV-0113
PLOT-001564,3536-D,Al Furjan,244791,Residential,Freehold,2020-01-09,2020-09-08,34019060,False,DEV-0174
PLOT-001565,6042-A,Discovery Gardens,150220,Residential,Government,2019-03-23,2018-08-11,221654882,True,DEV-0097
PLOT-001566,901-D,Dubai South,254957,Green,Freehold,2018-08-05,2023-08-26,364578898,False,DEV-0002
PLOT-001567,8925-B,Jumeirah,256938,Residential,Leasehold,2020-07-09,2024-02-09,101385388,False,DEV-0124
PLOT-001568,4133-C,Al Satwa,242839,Residential,Freehold,2001-04-24,2020-08-20,302352062,False,DEV-0152
PLOT-001569,2042-A,Al Satwa,346804,Mixed,Leasehold,2020-10-26,2022-07-05,306926609,True,DEV-0190
PLOT-001570,9412-A,Jumeirah,119747,Residential,Leasehold,2017-05-29,2024-01-30,235350287,True,DEV-0144
PLOT-001571,5280-C,Al Barsha,452806,Industrial,Government,2008-02-03,2020-05-18,23426851,False,DEV-0132
PLOT-001572,6212-C,Bur Dubai,344044,Commercial,Leasehold,2012-01-06,2019-07-03,496288716,False,DEV-0117
PLOT-001573,6601-C,Bur Dubai,59392,Commercial,Leasehold,2004-02-13,2015-12-07,310624596,False,DEV-0198
PLOT-001574,2569-D,Al Karama,236498,Residential,Freehold,2001-02-07,2015-02-03,197504064,False,DEV-0133
PLOT-001575,1767-A,Motor City,350487,Residential,Leasehold,2022-08-02,2016-07-18,451313985,False,DEV-0127
PLOT-001576,2350-E,Al Karama,83815,Commercial,Freehold,2006-03-13,2024-03-03,113890301,False,DEV-0087
PLOT-001577,6378-D,Jumeirah,63262,Industrial,Freehold,2018-03-04,2021-01-02,446438027,False,DEV-0153
PLOT-001578,9669-D,Bur Dubai,214264,Mixed,Freehold,2010-02-04,2019-09-20,96240808,True,DEV-0193
PLOT-001579,9274-A,Al Satwa,424000,Mixed,Leasehold,2015-04-07,2022-01-28,249106423,False,DEV-0156
PLOT-001580,3327-A,Dubai Creek Harbour,474535,Residential,Freehold,2023-10-02,2024-02-03,481408893,False,DEV-0146
PLOT-001581,5443-D,Sports City,316906,Commercial,Freehold,2023-05-24,2024-07-17,424760529,False,DEV-0003
PLOT-001582,2968-C,Al Barsha,75773,Residential,Freehold,2001-04-09,2024-09-02,289502371,False,DEV-0134
PLOT-001583,2768-C,Al Wasl,123591,Residential,Freehold,2022-08-05,2017-07-09,367609427,True,DEV-0088
PLOT-001584,2573-E,Al Satwa,463109,Residential,Leasehold,2013-02-10,2019-06-17,396364128,False,DEV-0154
PLOT-001585,7121-E,Dubailand,112794,Green,Government,2005-05-10,2022-04-04,357593134,False,DEV-0057
PLOT-001586,3430-E,Business Bay,228998,Residential,Leasehold,2022-05-24,2020-01-15,286977340,True,DEV-0031
PLOT-001587,5531-B,Deira,468078,Residential,Freehold,2022-10-03,2024-01-11,356421802,False,DEV-0165
PLOT-001588,7597-D,Arabian Ranches,20585,Industrial,Freehold,2000-09-03,2019-02-28,484909088,True,DEV-0195
PLOT-001589,6004-D,JVC,486566,Residential,Freehold,2016-05-01,2020-06-13,34236807,True,DEV-0133
PLOT-001590,5070-D,Al Safa,403223,Residential,Freehold,2014-04-19,2021-01-18,71822461,True,DEV-0115
PLOT-001591,3569-D,Al Barsha,183895,Residential,Leasehold,2014-09-02,2021-10-19,115500817,False,DEV-0078
PLOT-001592,6697-B,Dubailand,288179,Residential,Freehold,2005-09-30,2021-04-01,264024527,False,DEV-0113
PLOT-001593,6422-C,Dubai Hills Estate,232147,Green,Leasehold,2017-01-24,2015-01-27,471924258,False,DEV-0019
PLOT-001594,6220-B,JLT,371965,Industrial,Leasehold,2002-08-06,2017-04-20,182937502,True,DEV-0092
PLOT-001595,2385-D,Nad Al Sheba,26388,Mixed,Government,2004-12-14,2021-02-24,35792506,True,DEV-0007
PLOT-001596,8799-C,Dubai Land,342707,Residential,Freehold,2006-12-02,2017-01-16,454061029,False,DEV-0069
PLOT-001597,1404-B,Palm Jumeirah,19515,Residential,Freehold,2023-03-19,2020-11-21,211504283,True,DEV-0019
PLOT-001598,2049-E,Deira,372736,Residential,Freehold,2022-01-05,2022-05-07,152638897,True,DEV-0082
PLOT-001599,3458-B,Al Safa,286062,Commercial,Freehold,2009-07-13,2015-01-02,376023549,False,DEV-0140
PLOT-001600,1526-C,Al Barsha,392687,Residential,Freehold,2019-05-11,2020-11-01,399823139,True,DEV-0082
PLOT-001601,1135-E,Nad Al Sheba,245915,Commercial,Leasehold,2006-04-12,2024-08-19,178129649,False,DEV-0135
PLOT-001602,6623-E,Warqa,98071,Industrial,Freehold,2001-09-20,2021-10-25,122762886,False,DEV-0024
PLOT-001603,5679-C,Dubai Creek Harbour,251263,Green,Freehold,2016-01-25,2021-06-21,293959977,False,DEV-0121
PLOT-001604,5663-A,Arabian Ranches,307774,Commercial,Government,2004-05-09,2024-10-07,298759403,True,DEV-0151
PLOT-001605,4331-A,Al Mizhar,77082,Residential,Leasehold,2008-10-27,2021-03-04,173467512,True,DEV-0180
PLOT-001606,3406-A,International City,126576,Green,Leasehold,2007-01-08,2023-11-18,456750481,False,DEV-0010
PLOT-001607,5740-A,Al Quoz,59057,Residential,Government,2006-01-29,2020-07-30,113007887,False,DEV-0062
PLOT-001608,703-A,Ras Al Khor,35562,Residential,Leasehold,2004-07-30,2017-02-13,75524905,False,DEV-0069
PLOT-001609,3401-E,Mirdif,394787,Residential,Government,2009-06-05,2018-03-28,144204227,False,DEV-0017
PLOT-001610,5585-E,Dubai Marina,48212,Residential,Freehold,2021-12-09,2015-04-19,461711198,False,DEV-0077
PLOT-001611,413-E,Al Twar,105220,Residential,Freehold,2018-05-03,2024-08-11,337002637,False,DEV-0162
PLOT-001612,3845-B,Al Wasl,134940,Commercial,Freehold,2018-05-06,2023-06-18,494709569,False,DEV-0111
PLOT-001613,413-A,Al Satwa,180803,Industrial,Leasehold,2013-08-03,2018-02-10,29187140,False,DEV-0119
PLOT-001614,2187-D,Dubailand,192480,Commercial,Freehold,2019-09-07,2019-06-24,85595411,False,DEV-0198
PLOT-001615,1215-A,Al Qusais,399723,Residential,Leasehold,2001-01-17,2016-09-14,304087038,True,DEV-0085
PLOT-001616,8319-D,Sports City,126462,Mixed,Freehold,2022-12-30,2021-12-16,450947933,True,DEV-0184
PLOT-001617,6735-B,Downtown Dubai,213662,Residential,Freehold,2018-12-30,2019-09-10,84725109,False,DEV-0072
PLOT-001618,2250-B,Palm Jumeirah,457410,Commercial,Leasehold,2006-10-22,2019-07-12,498830531,True,DEV-0132
PLOT-001619,9351-E,Bur Dubai,249959,Residential,Freehold,2000-08-12,2021-01-03,32526864,False,DEV-0075
PLOT-001620,5169-C,Dubai Hills Estate,8995,Residential,Freehold,2017-02-06,2023-01-09,93437122,True,DEV-0076
PLOT-001621,9538-C,Deira,375380,Residential,Government,2012-05-06,2018-10-12,268280688,False,DEV-0002
PLOT-001622,7028-E,Business Bay,251068,Mixed,Freehold,2008-07-29,2016-07-29,335144397,False,DEV-0015
PLOT-001623,2483-B,Dubai Creek Harbour,366275,Residential,Leasehold,2023-03-23,2022-12-16,254961077,False,DEV-0136
PLOT-001624,1381-D,Downtown Dubai,289085,Commercial,Freehold,2011-01-18,2022-07-02,359034565,True,DEV-0095
PLOT-001625,4457-D,Bur Dubai,381388,Residential,Freehold,2007-10-15,2017-07-19,421243784,True,DEV-0042
PLOT-001626,5028-B,Bur Dubai,190251,Mixed,Leasehold,2016-08-06,2022-06-12,23529789,False,DEV-0199
PLOT-001627,7544-B,Sports City,299164,Mixed,Freehold,2001-05-13,2022-02-18,383143593,True,DEV-0175
PLOT-001628,6307-E,DIFC,441467,Residential,Leasehold,2021-04-23,2015-01-24,47522998,False,DEV-0057
PLOT-001629,9918-D,Al Satwa,109548,Commercial,Freehold,2009-08-10,2018-08-18,115202092,False,DEV-0141
PLOT-001630,6374-D,Al Qusais,172136,Residential,Leasehold,2016-01-07,2022-10-30,381301619,False,DEV-0092
PLOT-001631,3074-A,Jebel Ali,311806,Residential,Leasehold,2012-03-24,2015-12-20,296474929,True,DEV-0057
PLOT-001632,7631-E,Emaar Beachfront,260502,Commercial,Leasehold,2020-09-14,2015-04-30,192225596,True,DEV-0190
PLOT-001633,1853-E,Jebel Ali,356804,Industrial,Freehold,2008-05-27,2019-08-14,207273516,False,DEV-0002
PLOT-001634,1672-B,JLT,383663,Residential,Leasehold,2014-02-06,2019-09-27,436351495,False,DEV-0090
PLOT-001635,9321-D,Mirdif,315816,Mixed,Leasehold,2010-08-07,2023-12-22,32259667,False,DEV-0186
PLOT-001636,9566-A,Al Qusais,424950,Residential,Government,2001-08-20,2020-06-10,13722308,True,DEV-0158
PLOT-001637,2560-B,Sports City,214543,Residential,Leasehold,2020-04-14,2017-06-01,354731550,False,DEV-0182
PLOT-001638,2783-A,Al Mizhar,304991,Residential,Leasehold,2023-02-20,2016-11-02,321902392,False,DEV-0171
PLOT-001639,7776-A,Al Karama,131214,Green,Freehold,2012-10-21,2021-06-08,80310298,False,DEV-0139
PLOT-001640,1924-B,Emaar Beachfront,392164,Industrial,Leasehold,2004-04-08,2022-06-15,48990430,False,DEV-0143
PLOT-001641,5359-B,Bur Dubai,235709,Residential,Leasehold,2010-05-03,2016-05-09,261811009,False,DEV-0148
PLOT-001642,79-E,Dubai Marina,110771,Industrial,Government,2021-05-31,2021-08-03,199771976,False,DEV-0111
PLOT-001643,81-D,Jebel Ali,198891,Residential,Leasehold,2008-01-12,2016-04-26,124915071,False,DEV-0142
PLOT-001644,2732-D,Al Safa,190788,Mixed,Freehold,2018-03-22,2024-06-19,3247941,False,DEV-0095
PLOT-001645,653-B,Umm Suqeim,101823,Residential,Leasehold,2007-10-20,2023-10-22,415872172,False,DEV-0168
PLOT-001646,1073-C,Ras Al Khor,375168,Residential,Government,2016-01-22,2017-04-06,204783671,False,DEV-0048
PLOT-001647,4068-A,Palm Jumeirah,204087,Residential,Freehold,2013-10-22,2023-04-13,188078608,False,DEV-0146
PLOT-001648,4-D,Al Karama,203975,Commercial,Freehold,2006-12-25,2016-02-21,275707235,True,DEV-0146
PLOT-001649,2318-C,Dubai Hills Estate,61309,Commercial,Freehold,2009-11-13,2022-05-29,203579938,True,DEV-0054
PLOT-001650,99-D,Jumeirah,397046,Commercial,Leasehold,2011-02-15,2019-07-12,115676934,True,DEV-0153
PLOT-001651,6073-D,Bur Dubai,194065,Residential,Freehold,2008-04-24,2020-10-02,202545032,False,DEV-0061
PLOT-001652,2093-E,Jebel Ali,379667,Mixed,Leasehold,2005-01-23,2024-06-02,103359108,False,DEV-0039
PLOT-001653,5834-C,Deira,57152,Mixed,Freehold,2004-06-23,2016-02-04,52189070,True,DEV-0079
PLOT-001654,1444-C,Al Mizhar,36521,Mixed,Freehold,2020-10-28,2022-11-23,452345694,False,DEV-0043
PLOT-001655,7224-D,Sports City,492393,Green,Freehold,2015-07-16,2018-10-09,41915490,False,DEV-0178
PLOT-001656,7753-B,Bur Dubai,24438,Residential,Government,2006-10-04,2018-04-20,416485080,False,DEV-0138
PLOT-001657,4228-D,Warqa,473606,Mixed,Freehold,2013-11-08,2020-02-26,57055567,True,DEV-0105
PLOT-001658,9923-D,Downtown Dubai,493723,Green,Government,2019-08-13,2018-02-20,288613394,False,DEV-0047
PLOT-001659,7694-D,Sports City,335047,Residential,Leasehold,2017-11-14,2023-05-30,329325129,False,DEV-0122
PLOT-001660,3048-A,Deira,489580,Mixed,Government,2009-05-01,2017-04-10,291848320,False,DEV-0083
PLOT-001661,7880-D,Nad Al Sheba,185728,Commercial,Freehold,2012-03-02,2018-09-03,168050379,False,DEV-0053
PLOT-001662,4631-E,Emaar Beachfront,460925,Commercial,Freehold,2007-03-15,2020-08-10,216815966,True,DEV-0085
PLOT-001663,1613-D,Nad Al Sheba,343904,Industrial,Freehold,2023-05-22,2018-05-19,286769592,False,DEV-0090
PLOT-001664,9355-B,Deira,16279,Residential,Leasehold,2013-02-22,2020-03-10,204903705,False,DEV-0190
PLOT-001665,4651-D,Al Furjan,385689,Residential,Government,2009-09-08,2019-01-18,16552758,False,DEV-0009
PLOT-001666,2080-A,Town Square,135235,Commercial,Freehold,2019-10-27,2021-08-16,342232764,False,DEV-0112
PLOT-001667,8894-C,Town Square,313536,Commercial,Leasehold,2012-06-09,2024-10-03,30911157,False,DEV-0053
PLOT-001668,3687-C,Warqa,202417,Commercial,Leasehold,2008-11-04,2023-01-23,412047385,False,DEV-0058
PLOT-001669,693-D,Downtown Dubai,228737,Residential,Government,2012-05-11,2022-01-28,127055808,True,DEV-0087
PLOT-001670,3565-B,Al Karama,248510,Industrial,Leasehold,2010-06-23,2021-06-25,36909709,False,DEV-0052
PLOT-001671,191-D,Umm Suqeim,351437,Residential,Freehold,2002-05-11,2018-09-02,114577421,False,DEV-0141
PLOT-001672,904-E,Jebel Ali,187172,Residential,Freehold,2000-07-21,2020-08-20,72553166,True,DEV-0070
PLOT-001673,1917-A,Bur Dubai,19321,Commercial,Freehold,2003-01-26,2016-12-26,371412283,False,DEV-0043
PLOT-001674,8159-B,Motor City,104729,Residential,Leasehold,2002-08-10,2024-07-14,190798671,False,DEV-0018
PLOT-001675,6487-B,Bur Dubai,167743,Mixed,Freehold,2000-02-27,2017-12-17,454271174,False,DEV-0192
PLOT-001676,781-D,Palm Jumeirah,91936,Mixed,Leasehold,2012-08-20,2021-01-24,308655984,True,DEV-0176
PLOT-001677,5665-D,Dubai South,449335,Commercial,Leasehold,2005-08-11,2017-04-19,435949066,True,DEV-0135
PLOT-001678,5495-B,Dubai Hills Estate,398351,Commercial,Freehold,2011-08-23,2021-06-08,338902374,False,DEV-0183
PLOT-001679,2092-A,Al Quoz,217739,Industrial,Freehold,2017-10-23,2021-05-20,478560823,False,DEV-0011
PLOT-001680,2064-B,Al Safa,425567,Residential,Leasehold,2008-10-24,2024-10-05,390821901,False,DEV-0086
PLOT-001681,5865-C,Town Square,93142,Mixed,Leasehold,2019-01-09,2021-04-30,244578760,False,DEV-0182
PLOT-001682,4545-B,Dubai Investment Park,302679,Residential,Freehold,2023-05-27,2023-10-02,385301359,True,DEV-0076
PLOT-001683,1650-C,Ras Al Khor,292511,Industrial,Leasehold,2019-01-03,2018-09-23,191761116,False,DEV-0092
PLOT-001684,222-D,Al Quoz,403042,Mixed,Freehold,2012-03-17,2024-06-13,157921913,True,DEV-0132
PLOT-001685,8898-B,Dubai Investment Park,228674,Residential,Freehold,2000-11-24,2024-01-31,359123281,False,DEV-0145
PLOT-001686,8796-C,Dubai Hills Estate,460684,Residential,Freehold,2023-08-29,2022-05-11,51114611,False,DEV-0166
PLOT-001687,2066-E,Dubailand,205045,Commercial,Government,2001-09-17,2024-08-10,136268595,False,DEV-0110
PLOT-001688,6741-D,Deira,187561,Commercial,Leasehold,2002-03-26,2024-10-26,207028354,True,DEV-0114
PLOT-001689,6339-D,Arabian Ranches,390920,Residential,Freehold,2000-05-30,2017-10-29,20906035,True,DEV-0035
PLOT-001690,1372-B,Dubai Land,385505,Residential,Freehold,2007-03-29,2024-04-07,212792546,False,DEV-0127
PLOT-001691,6639-E,Arabian Ranches,267081,Residential,Leasehold,2004-08-30,2024-11-27,16287440,False,DEV-0065
PLOT-001692,183-D,JVC,461566,Mixed,Government,2004-01-27,2023-06-14,86934572,True,DEV-0027
PLOT-001693,7145-B,Al Quoz,268962,Industrial,Freehold,2011-12-10,2019-01-21,76870276,False,DEV-0194
PLOT-001694,6773-D,Al Safa,14520,Industrial,Leasehold,2007-03-13,2022-11-21,299900602,True,DEV-0197
PLOT-001695,3089-A,Al Barsha,430208,Commercial,Freehold,2004-01-22,2019-01-04,347233999,False,DEV-0056
PLOT-001696,9265-E,Umm Suqeim,442025,Residential,Freehold,2010-12-11,2016-05-31,430667966,False,DEV-0041
PLOT-001697,3547-A,Al Furjan,204195,Residential,Freehold,2002-06-07,2017-02-12,73757141,True,DEV-0140
PLOT-001698,8619-C,Dubai South,204344,Mixed,Government,2005-10-11,2020-04-04,493241999,False,DEV-0113
PLOT-001699,3837-A,Al Wasl,380398,Residential,Freehold,2001-09-30,2015-05-16,491459790,True,DEV-0020
PLOT-001700,7852-D,Al Wasl,362575,Residential,Government,2020-10-01,2015-03-31,31093383,False,DEV-0012
PLOT-001701,3628-E,Al Wasl,187914,Mixed,Freehold,2021-04-26,2020-05-12,133937602,False,DEV-0055
PLOT-001702,2250-C,Al Twar,474760,Residential,Government,2020-08-19,2020-07-06,37131116,False,DEV-0163
PLOT-001703,5605-C,Arabian Ranches,40841,Residential,Leasehold,2005-05-08,2018-02-09,449533935,False,DEV-0029
PLOT-001704,2208-D,Dubai Hills Estate,296431,Residential,Freehold,2010-08-27,2024-05-15,308577800,True,DEV-0083
PLOT-001705,8825-D,Al Barsha,244458,Residential,Freehold,2007-12-20,2020-03-22,150841995,False,DEV-0016
PLOT-001706,3219-D,Town Square,109533,Commercial,Freehold,2017-08-26,2019-12-13,226122003,False,DEV-0118
PLOT-001707,4469-B,Dubai South,145352,Residential,Freehold,2008-09-08,2015-03-01,347827543,True,DEV-0109
PLOT-001708,3988-E,Dubai Creek Harbour,271198,Mixed,Leasehold,2003-05-07,2022-02-15,321574805,True,DEV-0030
PLOT-001709,7206-A,Sports City,91987,Industrial,Leasehold,2013-04-27,2016-11-26,212173568,True,DEV-0055
PLOT-001710,8115-A,Al Wasl,232295,Commercial,Government,2014-01-20,2022-10-30,17081299,True,DEV-0138
PLOT-001711,9320-C,Al Mizhar,324844,Residential,Freehold,2014-09-22,2023-06-12,391713519,False,DEV-0172
PLOT-001712,1600-C,Mirdif,407979,Industrial,Leasehold,2007-07-19,2022-06-01,332786970,False,DEV-0163
PLOT-001713,2526-A,Umm Suqeim,7160,Residential,Freehold,2001-11-05,2023-12-30,17276659,False,DEV-0075
PLOT-001714,8036-E,Emaar Beachfront,309775,Commercial,Freehold,2016-04-26,2023-06-07,360045026,False,DEV-0099
PLOT-001715,7307-E,Business Bay,491282,Residential,Freehold,2007-09-24,2022-11-21,167193118,True,DEV-0005
PLOT-001716,9493-C,Al Safa,277854,Residential,Freehold,2016-07-03,2017-07-08,283677243,False,DEV-0034
PLOT-001717,6767-B,Dubai Creek Harbour,286891,Residential,Leasehold,2004-06-01,2024-02-04,181943941,True,DEV-0089
PLOT-001718,2403-E,Al Furjan,251152,Commercial,Leasehold,2012-12-22,2021-08-18,259334990,True,DEV-0122
PLOT-001719,746-A,Al Wasl,72615,Industrial,Freehold,2009-07-08,2018-10-03,187467569,False,DEV-0055
PLOT-001720,2133-A,Al Mizhar,58411,Residential,Freehold,2006-09-07,2023-10-12,326012649,False,DEV-0084
PLOT-001721,3754-C,Sports City,234983,Industrial,Leasehold,2008-12-27,2020-06-11,316955608,True,DEV-0192
PLOT-001722,3185-E,Al Mizhar,22111,Commercial,Freehold,2007-04-30,2019-10-27,72999193,False,DEV-0101
PLOT-001723,3061-A,Downtown Dubai,239591,Mixed,Freehold,2022-03-25,2017-01-10,363546559,True,DEV-0184
PLOT-001724,9421-A,Sports City,172210,Industrial,Leasehold,2003-10-03,2018-09-06,185940261,True,DEV-0097
PLOT-001725,1924-A,JVC,469209,Mixed,Leasehold,2013-07-09,2019-01-15,487682233,True,DEV-0106
PLOT-001726,88-A,Sports City,204084,Residential,Leasehold,2021-07-23,2019-10-15,320837444,False,DEV-0009
PLOT-001727,6351-E,Al Wasl,371833,Residential,Freehold,2004-12-09,2018-07-02,297095223,False,DEV-0181
PLOT-001728,7896-D,Arabian Ranches,34563,Green,Freehold,2008-11-01,2020-06-25,245020602,False,DEV-0038
PLOT-001729,5381-A,Emaar Beachfront,229047,Commercial,Leasehold,2014-08-27,2018-10-26,61636660,False,DEV-0079
PLOT-001730,9196-B,Motor City,380950,Mixed,Freehold,2011-06-20,2018-04-30,218493625,False,DEV-0167
PLOT-001731,8609-B,Town Square,389681,Residential,Leasehold,2008-03-22,2016-02-03,113059943,False,DEV-0020
PLOT-001732,7296-D,Dubai Investment Park,439663,Commercial,Leasehold,2012-01-11,2024-12-23,104988819,True,DEV-0042
PLOT-001733,1284-A,Dubai Land,260324,Residential,Leasehold,2020-04-04,2020-05-12,231250814,False,DEV-0092
PLOT-001734,2006-C,Dubai South,335275,Residential,Freehold,2004-06-06,2019-02-19,488507959,False,DEV-0137
PLOT-001735,4351-A,Warqa,309379,Residential,Freehold,2003-09-01,2015-07-23,198161094,False,DEV-0131
PLOT-001736,1641-B,Town Square,385069,Mixed,Freehold,2011-05-19,2020-06-29,482117842,True,DEV-0137
PLOT-001737,736-A,Dubai Creek Harbour,328621,Commercial,Leasehold,2003-04-05,2023-01-15,472283422,False,DEV-0179
PLOT-001738,9302-E,Palm Jumeirah,66422,Industrial,Leasehold,2022-06-28,2024-11-06,429827866,False,DEV-0131
PLOT-001739,1721-A,Jumeirah,303878,Residential,Leasehold,2020-07-25,2015-02-10,465670814,False,DEV-0168
PLOT-001740,2205-B,Al Twar,289263,Residential,Freehold,2003-05-01,2021-09-16,187695932,True,DEV-0151
PLOT-001741,1862-E,Palm Jumeirah,55537,Green,Freehold,2005-07-24,2021-03-30,450257877,True,DEV-0010
PLOT-001742,8500-D,Muhaisnah,26455,Residential,Freehold,2022-07-02,2020-02-08,414406878,True,DEV-0195
PLOT-001743,7174-C,Warqa,250967,Residential,Government,2000-02-03,2024-08-31,284302326,False,DEV-0027
PLOT-001744,7990-A,Downtown Dubai,319001,Industrial,Government,2014-11-20,2022-02-24,354846870,False,DEV-0060
PLOT-001745,5738-D,Downtown Dubai,96219,Industrial,Freehold,2020-07-23,2017-07-28,244933241,False,DEV-0093
PLOT-001746,8894-D,International City,187126,Mixed,Leasehold,2016-12-18,2018-06-07,56124805,False,DEV-0038
PLOT-001747,4160-D,Deira,188174,Residential,Freehold,2023-03-11,2015-03-17,253706706,True,DEV-0023
PLOT-001748,6383-A,Al Safa,343035,Commercial,Freehold,2009-08-05,2023-09-22,304952996,False,DEV-0054
PLOT-001749,4795-E,Al Qusais,370753,Residential,Freehold,2017-10-07,2021-03-08,337471550,False,DEV-0012
PLOT-001750,7287-E,Motor City,340112,Industrial,Leasehold,2000-12-20,2016-09-09,426555827,False,DEV-0011
PLOT-001751,5174-E,Jumeirah,238346,Residential,Leasehold,2006-11-25,2019-09-17,383892585,True,DEV-0109
PLOT-001752,9567-C,DIFC,169570,Mixed,Freehold,2000-06-12,2017-06-05,23935395,False,DEV-0008
PLOT-001753,7655-E,Bur Dubai,330527,Commercial,Freehold,2007-12-22,2015-07-23,356432782,True,DEV-0089
PLOT-001754,279-E,Al Mizhar,478493,Commercial,Leasehold,2022-04-07,2020-04-27,339119294,True,DEV-0056
PLOT-001755,4300-C,DIFC,41347,Commercial,Leasehold,2009-12-17,2020-05-27,340558089,False,DEV-0175
PLOT-001756,4263-E,Motor City,205424,Industrial,Freehold,2007-12-16,2021-05-24,272724172,True,DEV-0054
PLOT-001757,8670-B,Ras Al Khor,192158,Commercial,Government,2008-09-13,2022-02-20,54787542,False,DEV-0171
PLOT-001758,3813-A,Al Twar,438278,Mixed,Freehold,2013-10-06,2016-10-22,300742047,False,DEV-0129
PLOT-001759,9554-E,Ras Al Khor,454146,Commercial,Leasehold,2007-02-02,2017-01-24,207987646,True,DEV-0097
PLOT-001760,5381-A,Motor City,229554,Commercial,Government,2017-11-17,2016-07-22,494514215,False,DEV-0199
PLOT-001761,6742-A,Dubai Creek Harbour,407505,Commercial,Freehold,2002-06-24,2015-01-15,292966303,False,DEV-0170
PLOT-001762,3550-E,Ras Al Khor,291119,Commercial,Freehold,2022-06-04,2022-01-26,314112580,True,DEV-0140
PLOT-001763,6464-C,JLT,426990,Commercial,Leasehold,2011-11-20,2024-12-10,23551436,True,DEV-0015
PLOT-001764,9294-C,Bur Dubai,463220,Commercial,Freehold,2000-12-06,2022-09-01,150090141,True,DEV-0063
PLOT-001765,1750-B,Dubai Land,37956,Residential,Freehold,2008-06-02,2023-01-06,342775317,True,DEV-0160
PLOT-001766,8041-D,Muhaisnah,248785,Mixed,Government,2007-01-31,2015-04-28,280903940,False,DEV-0080
PLOT-001767,2464-E,Jumeirah,288936,Green,Leasehold,2000-05-19,2024-03-11,253721059,False,DEV-0036
PLOT-001768,2617-A,Motor City,157068,Residential,Freehold,2016-02-14,2019-11-02,441451368,True,DEV-0072
PLOT-001769,9114-B,Dubai Creek Harbour,71987,Residential,Freehold,2000-03-19,2018-11-08,499447177,True,DEV-0071
PLOT-001770,6989-D,Dubai Hills Estate,499555,Commercial,Freehold,2001-01-21,2023-06-25,373099040,True,DEV-0144
PLOT-001771,7356-B,Al Barsha,34572,Residential,Freehold,2014-05-06,2024-09-20,157678427,True,DEV-0129
PLOT-001772,1888-D,Al Wasl,327020,Commercial,Freehold,2020-12-18,2018-03-11,85038926,False,DEV-0025
PLOT-001773,4952-B,Umm Suqeim,435796,Industrial,Freehold,2000-07-30,2022-07-14,270586356,False,DEV-0100
PLOT-001774,936-D,Al Qusais,84896,Residential,Freehold,2009-06-19,2024-09-15,186192941,True,DEV-0051
PLOT-001775,7578-A,Al Furjan,451511,Commercial,Leasehold,2020-03-18,2024-09-29,458686390,False,DEV-0067
PLOT-001776,1220-A,Business Bay,369229,Green,Freehold,2020-02-18,2019-02-28,140685870,True,DEV-0072
PLOT-001777,3131-E,Muhaisnah,93359,Residential,Freehold,2016-02-28,2015-03-05,365466278,True,DEV-0144
PLOT-001778,3791-D,Al Quoz,464803,Industrial,Leasehold,2002-09-22,2023-09-08,199609111,True,DEV-0177
PLOT-001779,9475-E,Al Safa,339402,Mixed,Freehold,2022-12-19,2020-07-01,246205305,False,DEV-0116
PLOT-001780,6485-A,DIFC,412955,Residential,Freehold,2019-12-29,2022-05-16,426278430,False,DEV-0119
PLOT-001781,1779-D,Motor City,145089,Green,Government,2014-09-21,2019-03-26,167432598,False,DEV-0115
PLOT-001782,286-D,Town Square,197454,Residential,Government,2009-10-03,2018-10-05,448285966,False,DEV-0196
PLOT-001783,3204-E,Emaar Beachfront,11810,Industrial,Leasehold,2012-01-07,2021-06-21,49511759,True,DEV-0054
PLOT-001784,6298-C,Dubai Creek Harbour,388877,Mixed,Freehold,2022-06-24,2022-07-23,195217920,True,DEV-0152
PLOT-001785,2117-E,DIFC,425333,Residential,Leasehold,2002-06-15,2019-07-26,63619445,False,DEV-0033
PLOT-001786,4557-E,Dubai Hills Estate,344629,Green,Freehold,2010-06-04,2015-04-18,473200032,True,DEV-0014
PLOT-001787,7425-A,Dubai Land,418605,Commercial,Leasehold,2010-04-20,2020-10-08,186164792,True,DEV-0084
PLOT-001788,3719-D,Bur Dubai,472863,Industrial,Freehold,2012-12-17,2019-10-18,409451261,True,DEV-0072
PLOT-001789,9243-B,Town Square,485381,Mixed,Government,2017-06-10,2015-05-12,7182330,False,DEV-0177
PLOT-001790,5180-A,Dubai Hills Estate,294521,Industrial,Freehold,2010-03-18,2022-01-09,154557837,False,DEV-0087
PLOT-001791,7964-E,JLT,304444,Residential,Freehold,2009-08-09,2018-05-13,258849712,False,DEV-0112
PLOT-001792,5370-E,International City,441922,Mixed,Freehold,2006-03-08,2020-02-05,288570477,False,DEV-0042
PLOT-001793,8633-C,Al Satwa,82021,Mixed,Leasehold,2013-11-06,2020-01-25,491978033,False,DEV-0114
PLOT-001794,9069-D,Dubai Marina,74193,Residential,Freehold,2017-05-17,2021-10-14,287962979,False,DEV-0109
PLOT-001795,4787-C,Motor City,375913,Mixed,Leasehold,2005-01-13,2022-11-16,213533977,False,DEV-0090
PLOT-001796,7942-E,Downtown Dubai,240964,Commercial,Leasehold,2008-08-09,2019-04-03,478928554,False,DEV-0030
PLOT-001797,2168-D,International City,175129,Commercial,Leasehold,2005-05-28,2020-06-05,139963617,False,DEV-0089
PLOT-001798,5006-A,Al Qusais,71222,Residential,Freehold,2015-06-09,2019-08-24,66779265,True,DEV-0156
PLOT-001799,4471-D,Warqa,165390,Residential,Leasehold,2000-08-20,2019-09-21,11133582,False,DEV-0110
PLOT-001800,2336-E,Al Barsha,339242,Commercial,Freehold,2021-10-16,2023-05-02,184388293,True,DEV-0177
PLOT-001801,1756-E,JVC,460373,Commercial,Leasehold,2016-01-22,2022-01-03,448894899,False,DEV-0130
PLOT-001802,6644-A,Deira,150802,Residential,Government,2014-09-07,2019-01-23,485934684,True,DEV-0029
PLOT-001803,7348-B,JLT,335686,Residential,Government,2020-03-02,2019-09-27,375847567,False,DEV-0126
PLOT-001804,3318-D,Emaar Beachfront,44922,Industrial,Freehold,2007-12-07,2020-01-02,24840665,False,DEV-0064
PLOT-001805,664-E,Town Square,233078,Mixed,Freehold,2016-02-06,2024-04-24,139743895,True,DEV-0034
PLOT-001806,1208-C,Al Barsha,494148,Residential,Freehold,2008-12-08,2020-09-22,397784123,False,DEV-0025
PLOT-001807,8332-B,Discovery Gardens,153273,Commercial,Government,2005-09-19,2024-08-23,449149405,True,DEV-0041
PLOT-001808,8362-D,Motor City,136960,Industrial,Freehold,2018-07-17,2017-04-20,112832820,True,DEV-0078
PLOT-001809,1762-B,Dubai Creek Harbour,127477,Residential,Leasehold,2013-08-01,2020-08-30,224422760,True,DEV-0039
PLOT-001810,8482-C,Sports City,472207,Industrial,Leasehold,2017-02-17,2016-04-25,239822082,False,DEV-0130
PLOT-001811,4997-D,Al Furjan,324852,Residential,Leasehold,2021-07-18,2015-01-07,63970784,False,DEV-0126
PLOT-001812,2437-C,Palm Jumeirah,482623,Mixed,Leasehold,2004-02-27,2019-07-18,74205891,True,DEV-0056
PLOT-001813,4441-D,Dubai Hills Estate,238785,Residential,Leasehold,2012-02-12,2024-05-30,220844628,True,DEV-0101
PLOT-001814,2371-D,Al Qusais,320716,Residential,Freehold,2015-05-26,2017-10-14,31674855,False,DEV-0007
PLOT-001815,5501-B,Mirdif,351102,Industrial,Leasehold,2016-03-15,2020-01-06,256450665,True,DEV-0172
PLOT-001816,5362-D,Dubailand,178391,Mixed,Leasehold,2020-02-14,2018-02-09,244558009,True,DEV-0055
PLOT-001817,2881-B,Business Bay,85933,Commercial,Government,2022-03-09,2020-12-06,387818358,False,DEV-0014
PLOT-001818,4546-C,Motor City,360419,Green,Leasehold,2009-04-19,2023-04-22,123184627,False,DEV-0057
PLOT-001819,8768-C,Dubai Investment Park,410820,Industrial,Government,2005-09-24,2019-03-12,52049968,True,DEV-0152
PLOT-001820,5452-C,Al Twar,267645,Residential,Freehold,2011-07-20,2018-02-24,492860723,True,DEV-0169
PLOT-001821,2495-B,Dubai Investment Park,85771,Green,Freehold,2021-03-25,2023-08-26,25071444,True,DEV-0143
PLOT-001822,1864-D,Al Safa,307492,Commercial,Government,2011-09-06,2018-11-26,273411116,True,DEV-0067
PLOT-001823,7630-A,Umm Suqeim,425506,Mixed,Freehold,2001-09-30,2015-08-19,463450235,False,DEV-0020
PLOT-001824,299-E,JVC,448660,Residential,Leasehold,2007-11-10,2021-03-02,365319261,False,DEV-0154
PLOT-001825,6887-B,Umm Suqeim,50625,Commercial,Freehold,2020-02-16,2022-02-12,297621745,True,DEV-0015
PLOT-001826,3030-E,Dubai South,127627,Residential,Freehold,2012-09-14,2015-11-12,142647092,False,DEV-0075
PLOT-001827,641-A,Dubai Creek Harbour,380947,Residential,Government,2018-09-06,2020-11-01,148536212,False,DEV-0079
PLOT-001828,2191-E,JLT,208807,Residential,Freehold,2019-02-10,2022-12-17,452165149,False,DEV-0045
PLOT-001829,168-A,Arabian Ranches,28898,Commercial,Freehold,2005-04-26,2016-05-09,29326747,False,DEV-0119
PLOT-001830,7640-B,Al Barsha,118307,Mixed,Freehold,2013-03-26,2019-04-14,443727240,False,DEV-0175
PLOT-001831,1729-E,Muhaisnah,376209,Industrial,Leasehold,2001-03-02,2021-02-03,1499359,False,DEV-0022
PLOT-001832,9176-E,Deira,231830,Green,Leasehold,2007-10-23,2024-07-01,108289830,False,DEV-0069
PLOT-001833,4363-E,Business Bay,475015,Mixed,Leasehold,2007-09-17,2018-02-21,199897675,True,DEV-0145
PLOT-001834,3186-D,Emaar Beachfront,401517,Commercial,Leasehold,2020-10-29,2020-07-12,348239914,False,DEV-0103
PLOT-001835,4280-E,Discovery Gardens,387999,Residential,Freehold,2003-07-18,2024-08-23,385949573,False,DEV-0105
PLOT-001836,7969-A,Emaar Beachfront,357463,Residential,Freehold,2004-07-29,2023-05-12,431939928,False,DEV-0042
PLOT-001837,1195-B,Emaar Beachfront,351116,Mixed,Leasehold,2006-04-06,2021-11-21,7130668,False,DEV-0107
PLOT-001838,6407-C,Downtown Dubai,143316,Commercial,Government,2011-09-28,2020-05-05,354723154,False,DEV-0013
PLOT-001839,4155-D,Bur Dubai,383251,Commercial,Government,2021-03-20,2020-07-07,5022846,False,DEV-0039
PLOT-001840,7188-C,Umm Suqeim,446724,Residential,Freehold,2012-01-04,2018-06-22,253837290,False,DEV-0014
PLOT-001841,3787-E,Al Barsha,101560,Residential,Freehold,2006-05-24,2015-04-07,374688512,True,DEV-0117
PLOT-001842,6795-A,JVC,351323,Residential,Freehold,2015-05-16,2015-09-10,56697948,True,DEV-0174
PLOT-001843,5479-B,Al Karama,78912,Residential,Leasehold,2018-10-17,2021-06-19,419244609,False,DEV-0169
PLOT-001844,2123-B,Dubai Land,85439,Residential,Freehold,2023-07-13,2020-08-11,25370294,True,DEV-0013
PLOT-001845,577-A,Downtown Dubai,69539,Mixed,Freehold,2019-01-02,2016-07-14,389396247,True,DEV-0126
PLOT-001846,9125-A,Dubailand,27848,Residential,Leasehold,2007-03-28,2022-08-27,326866985,False,DEV-0044
PLOT-001847,9357-D,Al Quoz,132543,Residential,Freehold,2005-03-01,2021-11-21,207050018,True,DEV-0054
PLOT-001848,9588-D,Ras Al Khor,144140,Residential,Leasehold,2023-01-26,2024-07-17,90838044,False,DEV-0172
PLOT-001849,5393-B,Bur Dubai,201517,Mixed,Freehold,2018-07-08,2018-05-14,215865629,False,DEV-0076
PLOT-001850,9037-A,Downtown Dubai,360104,Commercial,Government,2023-05-07,2015-03-25,226444555,True,DEV-0173
PLOT-001851,7967-D,Motor City,213549,Commercial,Freehold,2019-11-10,2024-07-10,386004076,False,DEV-0077
PLOT-001852,5608-C,Downtown Dubai,294242,Mixed,Leasehold,2002-01-23,2016-06-26,12455837,False,DEV-0080
PLOT-001853,1295-C,Discovery Gardens,195503,Residential,Freehold,2008-04-13,2020-02-11,178467442,False,DEV-0087
PLOT-001854,2830-E,Mirdif,84617,Residential,Freehold,2005-02-14,2018-11-14,9168999,False,DEV-0157
PLOT-001855,1889-C,Sports City,241096,Mixed,Freehold,2005-07-13,2024-03-24,291305963,False,DEV-0159
PLOT-001856,280-C,Arabian Ranches,317810,Residential,Freehold,2014-09-10,2018-05-07,299418096,False,DEV-0046
PLOT-001857,1313-A,Al Twar,125339,Residential,Leasehold,2014-07-22,2021-09-10,441110759,False,DEV-0052
PLOT-001858,5467-D,Palm Jumeirah,399133,Green,Leasehold,2002-02-11,2017-12-20,72930801,False,DEV-0143
PLOT-001859,4410-B,Jebel Ali,262806,Green,Freehold,2014-08-27,2016-12-31,433457659,False,DEV-0133
PLOT-001860,2646-A,Town Square,292618,Residential,Leasehold,2006-11-05,2017-09-04,297062751,True,DEV-0058
PLOT-001861,6128-D,Dubai Creek Harbour,308210,Commercial,Freehold,2016-08-24,2024-11-10,387933617,True,DEV-0121
PLOT-001862,6165-A,Al Wasl,115252,Residential,Leasehold,2021-08-21,2024-05-05,144778569,False,DEV-0027
PLOT-001863,2952-D,Jebel Ali,363708,Mixed,Government,2005-12-28,2020-06-24,206636620,False,DEV-0010
PLOT-001864,1231-C,DIFC,343460,Commercial,Freehold,2000-08-09,2017-12-03,431328337,True,DEV-0083
PLOT-001865,9511-D,Dubai South,341356,Commercial,Freehold,2012-01-31,2018-08-22,159045482,False,DEV-0038
PLOT-001866,7083-A,Dubai South,438989,Industrial,Leasehold,2008-07-20,2021-01-11,143646659,True,DEV-0017
PLOT-001867,3303-E,Umm Suqeim,116736,Commercial,Freehold,2017-11-21,2017-07-16,91610285,True,DEV-0177
PLOT-001868,723-C,Dubailand,94498,Green,Leasehold,2023-01-06,2019-09-19,81694559,False,DEV-0062
PLOT-001869,8983-E,Jumeirah,119019,Commercial,Government,2018-02-10,2019-11-22,320717800,True,DEV-0007
PLOT-001870,2318-B,Dubai Land,377552,Industrial,Freehold,2018-06-18,2020-10-02,162651659,True,DEV-0037
PLOT-001871,804-B,Ras Al Khor,471966,Commercial,Freehold,2003-11-06,2020-08-03,113840106,True,DEV-0080
PLOT-001872,219-B,Dubai Hills Estate,196724,Commercial,Freehold,2015-11-04,2016-09-28,197426087,False,DEV-0041
PLOT-001873,5566-E,Downtown Dubai,447092,Mixed,Leasehold,2006-07-30,2019-04-08,259789127,True,DEV-0141
PLOT-001874,5740-D,Motor City,481744,Commercial,Freehold,2021-09-23,2018-09-28,317055071,True,DEV-0122
PLOT-001875,4101-D,Dubai Land,143775,Commercial,Leasehold,2018-04-29,2020-05-09,71602332,True,DEV-0098
PLOT-001876,1002-A,Town Square,410822,Residential,Freehold,2009-10-21,2016-02-15,392275790,False,DEV-0145
PLOT-001877,8094-D,Emaar Beachfront,335300,Residential,Leasehold,2002-07-05,2017-06-05,105763476,False,DEV-0131
PLOT-001878,5215-D,Sports City,344703,Commercial,Leasehold,2001-09-30,2024-04-27,432985457,False,DEV-0180
PLOT-001879,2141-D,Al Satwa,221630,Commercial,Government,2023-05-21,2022-04-18,290623380,True,DEV-0013
PLOT-001880,8998-C,Ras Al Khor,463967,Commercial,Leasehold,2003-09-13,2023-11-05,325607180,False,DEV-0065
PLOT-001881,9447-C,Ras Al Khor,180321,Mixed,Leasehold,2006-02-22,2020-10-11,43537801,False,DEV-0138
PLOT-001882,7906-E,Deira,50463,Commercial,Government,2008-07-29,2023-07-19,250848342,False,DEV-0103
PLOT-001883,2729-A,Al Qusais,278760,Commercial,Freehold,2007-02-13,2017-11-21,94484449,True,DEV-0124
PLOT-001884,3947-C,Sports City,436977,Industrial,Government,2016-02-18,2021-06-24,369672746,False,DEV-0134
PLOT-001885,2359-A,Dubai Investment Park,442741,Residential,Leasehold,2003-08-10,2015-08-06,413323473,False,DEV-0126
PLOT-001886,6860-C,Al Wasl,265110,Residential,Government,2005-04-04,2024-11-29,358033106,True,DEV-0042
PLOT-001887,4278-C,Dubai Marina,288262,Residential,Leasehold,2007-05-16,2017-08-08,432151255,False,DEV-0096
PLOT-001888,8213-C,Mirdif,162255,Industrial,Freehold,2020-07-30,2016-04-05,380526027,False,DEV-0003
PLOT-001889,9257-E,Ras Al Khor,279081,Commercial,Leasehold,2004-03-31,2020-11-08,290987171,False,DEV-0060
PLOT-001890,5587-E,Nad Al Sheba,354999,Mixed,Leasehold,2022-12-03,2021-12-17,319454132,True,DEV-0049
PLOT-001891,4953-C,Umm Suqeim,288530,Commercial,Freehold,2004-12-22,2016-03-23,347336272,False,DEV-0149
PLOT-001892,7117-C,Al Satwa,331715,Commercial,Freehold,2004-02-29,2022-07-22,138311748,True,DEV-0183
PLOT-001893,4673-E,Motor City,467432,Residential,Freehold,2011-02-20,2019-03-03,122441352,True,DEV-0179
PLOT-001894,4950-B,Jebel Ali,258066,Mixed,Freehold,2012-05-29,2024-04-13,421377148,False,DEV-0077
PLOT-001895,566-D,Palm Jumeirah,141486,Industrial,Leasehold,2010-01-04,2016-12-02,243589835,False,DEV-0018
PLOT-001896,9410-A,Jebel Ali,226089,Commercial,Freehold,2018-08-12,2017-06-09,389904676,False,DEV-0126
PLOT-001897,7592-E,Dubai Investment Park,72329,Commercial,Freehold,2004-12-01,2018-11-21,279705674,True,DEV-0068
PLOT-001898,1971-E,Town Square,461184,Commercial,Freehold,2013-01-12,2016-05-02,320628329,False,DEV-0144
PLOT-001899,5786-E,International City,103002,Commercial,Freehold,2016-07-01,2015-06-09,135435148,True,DEV-0112
PLOT-001900,334-A,Al Furjan,457821,Residential,Freehold,2004-03-17,2023-05-09,74388137,False,DEV-0142
PLOT-001901,5762-E,Emaar Beachfront,48857,Industrial,Freehold,2015-03-12,2017-04-22,212912080,True,DEV-0020
PLOT-001902,7787-E,JVC,281734,Mixed,Leasehold,2004-12-09,2020-11-19,199471949,False,DEV-0086
PLOT-001903,7568-E,Mirdif,483386,Green,Leasehold,2009-05-29,2022-11-15,36290174,False,DEV-0011
PLOT-001904,9410-A,Muhaisnah,288468,Mixed,Freehold,2003-07-17,2019-07-08,475287929,False,DEV-0027
PLOT-001905,2477-D,Dubai South,414163,Mixed,Freehold,2003-01-27,2017-06-17,115647405,True,DEV-0155
PLOT-001906,1421-C,Dubailand,466445,Residential,Freehold,2008-11-02,2021-02-06,306078606,True,DEV-0170
PLOT-001907,3228-D,Dubai Marina,396309,Residential,Government,2011-08-30,2016-05-04,187226405,False,DEV-0128
PLOT-001908,5606-C,Al Barsha,95438,Mixed,Freehold,2005-10-15,2018-03-26,219207227,False,DEV-0098
PLOT-001909,3088-E,Al Barsha,84427,Green,Freehold,2015-06-12,2022-11-19,178077905,False,DEV-0062
PLOT-001910,9497-D,Arabian Ranches,407407,Commercial,Freehold,2001-09-01,2017-06-15,21885872,True,DEV-0111
PLOT-001911,4386-D,Jumeirah,83554,Commercial,Government,2000-07-22,2017-01-12,354592922,False,DEV-0120
PLOT-001912,270-D,Business Bay,464085,Residential,Freehold,2016-01-03,2024-09-23,62428117,True,DEV-0166
PLOT-001913,4801-E,Dubai Investment Park,427951,Residential,Freehold,2016-03-30,2024-12-17,176343418,False,DEV-0060
PLOT-001914,2854-E,Deira,278550,Residential,Freehold,2008-08-25,2018-05-13,385829012,True,DEV-0100
PLOT-001915,6003-C,Business Bay,46551,Residential,Leasehold,2014-12-07,2022-09-08,449705185,True,DEV-0176
PLOT-001916,7866-C,Mirdif,254750,Residential,Leasehold,2021-05-31,2024-10-08,83557326,True,DEV-0009
PLOT-001917,5171-B,Dubai Land,208627,Commercial,Leasehold,2006-12-17,2022-11-29,73918273,True,DEV-0160
PLOT-001918,3577-C,Al Twar,256522,Commercial,Freehold,2020-03-02,2018-10-20,462429716,False,DEV-0107
PLOT-001919,4780-D,Deira,219775,Mixed,Leasehold,2017-12-05,2019-06-05,373077797,False,DEV-0131
PLOT-001920,5871-D,Warqa,407185,Industrial,Freehold,2019-09-16,2019-01-07,352965570,True,DEV-0190
PLOT-001921,2648-B,Warqa,374678,Industrial,Leasehold,2019-09-28,2018-01-02,278294585,False,DEV-0174
PLOT-001922,8142-D,Dubai Creek Harbour,114935,Mixed,Freehold,2016-11-17,2016-04-04,74978082,False,DEV-0180
PLOT-001923,434-A,Al Twar,39174,Green,Leasehold,2001-07-10,2016-09-25,279014457,False,DEV-0038
PLOT-001924,8337-A,Al Wasl,242206,Residential,Leasehold,2014-02-28,2018-02-07,373690860,False,DEV-0196
PLOT-001925,4221-C,Nad Al Sheba,31355,Residential,Freehold,2009-10-06,2020-06-09,136483021,False,DEV-0140
PLOT-001926,7061-D,Arabian Ranches,278113,Mixed,Freehold,2003-10-30,2024-12-11,101843384,True,DEV-0046
PLOT-001927,3032-B,JLT,332003,Industrial,Leasehold,2021-05-25,2022-04-07,447314455,False,DEV-0136
PLOT-001928,577-E,Town Square,368106,Commercial,Leasehold,2020-03-22,2016-12-20,36441731,False,DEV-0048
PLOT-001929,2553-D,Jebel Ali,424398,Residential,Freehold,2013-01-05,2017-04-05,394254004,False,DEV-0087
PLOT-001930,1612-A,Al Wasl,476276,Mixed,Freehold,2020-11-27,2024-08-26,175817952,False,DEV-0050
PLOT-001931,2442-A,International City,444294,Industrial,Leasehold,2018-02-06,2019-09-03,376840889,True,DEV-0145
PLOT-001932,5977-C,International City,240758,Residential,Freehold,2006-07-26,2022-11-10,180547438,False,DEV-0143
PLOT-001933,9850-B,Dubai Investment Park,54451,Residential,Freehold,2014-10-18,2024-09-18,408879563,False,DEV-0096
PLOT-001934,5419-A,International City,94734,Industrial,Government,2003-03-24,2018-04-29,404141104,False,DEV-0130
PLOT-001935,5055-A,Al Wasl,105713,Residential,Leasehold,2022-09-10,2023-01-26,42389647,False,DEV-0088
PLOT-001936,7215-E,Deira,176312,Residential,Leasehold,2004-09-17,2021-02-16,63272569,False,DEV-0187
PLOT-001937,8446-A,Deira,277831,Residential,Leasehold,2002-01-21,2017-04-08,208073199,True,DEV-0018
PLOT-001938,64-D,Town Square,431239,Mixed,Freehold,2009-12-30,2021-11-24,241621637,False,DEV-0137
PLOT-001939,1345-A,Al Furjan,120205,Mixed,Freehold,2007-12-15,2023-10-01,69030466,True,DEV-0193
PLOT-001940,3832-D,Al Barsha,269065,Commercial,Government,2015-11-15,2016-02-22,494321629,False,DEV-0065
PLOT-001941,297-B,Bur Dubai,263008,Commercial,Leasehold,2021-09-24,2015-07-27,41292004,True,DEV-0067
PLOT-001942,6194-B,Al Karama,68700,Residential,Leasehold,2001-12-22,2020-07-31,86755020,False,DEV-0192
PLOT-001943,6643-A,JLT,327854,Residential,Freehold,2011-07-15,2023-12-18,238567423,True,DEV-0044
PLOT-001944,7647-E,Town Square,219635,Residential,Leasehold,2013-08-16,2019-07-06,479150398,False,DEV-0074
PLOT-001945,605-A,Sports City,103817,Residential,Freehold,2021-01-12,2015-07-13,400524772,True,DEV-0049
PLOT-001946,9816-A,Motor City,281337,Commercial,Leasehold,2014-03-23,2021-09-02,199881683,False,DEV-0094
PLOT-001947,490-C,Jebel Ali,255396,Mixed,Leasehold,2009-07-19,2018-03-28,432780577,False,DEV-0007
PLOT-001948,5755-A,Palm Jumeirah,284022,Commercial,Leasehold,2020-12-21,2016-08-24,327727037,False,DEV-0090
PLOT-001949,5482-C,Warqa,491710,Mixed,Freehold,2020-03-15,2019-09-14,195420005,False,DEV-0022
PLOT-001950,600-D,Dubai Hills Estate,28945,Mixed,Leasehold,2009-10-19,2016-11-04,444366900,False,DEV-0082
PLOT-001951,701-B,Arabian Ranches,418221,Industrial,Freehold,2022-06-16,2021-04-05,208370967,False,DEV-0094
PLOT-001952,2279-C,Dubai Marina,9558,Residential,Leasehold,2001-04-17,2017-06-19,311480506,False,DEV-0171
PLOT-001953,9690-E,Al Quoz,368650,Residential,Freehold,2021-11-10,2020-01-01,484051924,True,DEV-0121
PLOT-001954,1538-E,Sports City,399534,Commercial,Freehold,2013-07-29,2016-04-22,143978446,False,DEV-0136
PLOT-001955,7440-D,Dubai Creek Harbour,13067,Commercial,Freehold,2002-07-19,2021-05-22,167844183,False,DEV-0002
PLOT-001956,9096-B,Dubai Hills Estate,172662,Commercial,Freehold,2022-01-19,2015-03-23,247408007,True,DEV-0086
PLOT-001957,8779-A,JLT,70756,Residential,Freehold,2022-03-28,2017-09-18,395664619,True,DEV-0140
PLOT-001958,1531-D,Dubai Hills Estate,464691,Mixed,Freehold,2009-03-04,2024-08-14,374884729,False,DEV-0118
PLOT-001959,5933-E,International City,240503,Commercial,Freehold,2009-04-30,2019-11-18,232934231,False,DEV-0117
PLOT-001960,4471-B,Umm Suqeim,323630,Green,Freehold,2007-01-24,2024-09-17,416729107,False,DEV-0133
PLOT-001961,7902-D,Downtown Dubai,93382,Residential,Government,2007-08-04,2019-12-02,8045869,False,DEV-0199
PLOT-001962,5446-C,Motor City,303979,Residential,Freehold,2022-12-04,2021-05-03,127048920,True,DEV-0115
PLOT-001963,1108-B,Al Mizhar,11212,Mixed,Freehold,2019-10-31,2015-05-26,467449512,True,DEV-0069
PLOT-001964,3430-E,Jumeirah,242965,Green,Leasehold,2006-05-20,2018-01-06,7094853,False,DEV-0007
PLOT-001965,1149-C,Umm Suqeim,489876,Commercial,Leasehold,2008-02-12,2019-04-26,117219456,True,DEV-0025
PLOT-001966,4396-C,Warqa,361979,Commercial,Leasehold,2019-04-15,2017-04-06,366004594,False,DEV-0009
PLOT-001967,7565-B,Palm Jumeirah,41185,Residential,Freehold,2017-11-13,2022-08-07,409594438,False,DEV-0055
PLOT-001968,1318-D,Al Qusais,87759,Mixed,Government,2006-07-22,2020-12-27,497995726,False,DEV-0020
PLOT-001969,6400-A,Discovery Gardens,213613,Industrial,Freehold,2004-11-16,2015-09-07,374167280,True,DEV-0145
PLOT-001970,3503-B,Jumeirah,404096,Commercial,Freehold,2016-07-01,2020-02-11,384169661,False,DEV-0079
PLOT-001971,4711-E,Arabian Ranches,322545,Mixed,Freehold,2022-08-20,2021-05-30,201687653,False,DEV-0053
PLOT-001972,5132-D,Emaar Beachfront,256555,Commercial,Freehold,2006-06-05,2021-08-02,178110777,False,DEV-0052
PLOT-001973,8611-B,Jumeirah,74526,Commercial,Leasehold,2012-01-28,2016-03-12,14496529,True,DEV-0066
PLOT-001974,6864-D,Bur Dubai,386942,Residential,Freehold,2010-05-16,2020-11-30,6468438,False,DEV-0173
PLOT-001975,9496-D,Jebel Ali,25132,Residential,Freehold,2014-09-17,2019-12-11,318237543,True,DEV-0061
PLOT-001976,8338-E,Town Square,85797,Mixed,Leasehold,2007-06-25,2021-05-11,311254693,False,DEV-0072
PLOT-001977,8417-C,Bur Dubai,167620,Residential,Freehold,2013-01-30,2018-04-09,251615687,False,DEV-0012
PLOT-001978,3678-D,Emaar Beachfront,30802,Commercial,Leasehold,2014-05-30,2021-12-08,333846358,True,DEV-0173
PLOT-001979,7078-D,Emaar Beachfront,483765,Commercial,Leasehold,2019-11-19,2016-04-22,285092003,False,DEV-0198
PLOT-001980,881-A,Dubailand,25670,Residential,Government,2002-05-20,2020-12-31,176358244,True,DEV-0007
PLOT-001981,2736-B,Ras Al Khor,12164,Residential,Government,2015-03-12,2015-06-21,236656065,False,DEV-0026
PLOT-001982,5410-E,Al Satwa,499564,Industrial,Freehold,2014-06-17,2024-02-22,1798760,False,DEV-0043
PLOT-001983,6731-B,JVC,320656,Residential,Government,2008-12-08,2021-01-10,2383681,False,DEV-0104
PLOT-001984,7844-C,Al Barsha,66486,Residential,Freehold,2012-05-17,2021-11-29,56532536,True,DEV-0087
PLOT-001985,2637-E,Al Safa,319774,Mixed,Freehold,2000-04-14,2015-10-29,332062618,False,DEV-0026
PLOT-001986,4217-B,Al Karama,85192,Green,Freehold,2007-01-29,2022-12-01,71821325,False,DEV-0113
PLOT-001987,5323-A,Al Karama,442758,Residential,Freehold,2006-08-09,2024-08-11,217844782,False,DEV-0115
PLOT-001988,1186-E,Bur Dubai,486630,Residential,Government,2009-07-17,2018-10-06,475150443,False,DEV-0015
PLOT-001989,5856-A,Dubai Hills Estate,224001,Commercial,Freehold,2015-12-13,2016-10-16,206425005,False,DEV-0077
PLOT-001990,2516-C,Warqa,105823,Mixed,Leasehold,2015-10-11,2024-12-28,76747157,False,DEV-0191
PLOT-001991,2568-E,Jumeirah,384854,Commercial,Freehold,2006-11-24,2022-01-11,203010190,False,DEV-0067
PLOT-001992,2387-A,Jebel Ali,212654,Residential,Freehold,2013-07-22,2016-06-15,166337053,True,DEV-0187
PLOT-001993,5085-A,Business Bay,364503,Residential,Freehold,2023-11-13,2024-02-25,421881558,False,DEV-0108
PLOT-001994,4804-D,Dubai Hills Estate,142281,Industrial,Freehold,2022-06-05,2015-09-14,141080296,True,DEV-0135
PLOT-001995,593-C,Al Quoz,292747,Industrial,Government,2001-03-20,2024-12-24,70150797,False,DEV-0174
PLOT-001996,8846-C,Arabian Ranches,58564,Mixed,Freehold,2001-09-29,2019-05-17,20758163,False,DEV-0085
PLOT-001997,3911-B,Al Quoz,240919,Mixed,Freehold,2008-05-30,2022-09-29,214197930,False,DEV-0194
PLOT-001998,7833-B,Dubailand,404047,Industrial,Freehold,2022-10-17,2021-05-14,101445701,False,DEV-0185
PLOT-001999,7969-E,Dubai Marina,107287,Commercial,Leasehold,2017-05-28,2017-07-03,31349120,False,DEV-0181
PLOT-002000,9475-E,Mirdif,488173,Residential,Freehold,2004-02-03,2021-03-16,233090455,False,DEV-0146
PLOT-002001,1364-E,Dubai Land,410375,Green,Freehold,2006-11-13,2020-11-10,239538849,True,DEV-0087
PLOT-002002,4029-B,Al Safa,376995,Residential,Freehold,2001-05-14,2024-10-13,268543674,False,DEV-0181
PLOT-002003,9973-E,Al Karama,136606,Residential,Government,2007-09-10,2019-06-16,9666859,False,DEV-0144
PLOT-002004,5608-A,Muhaisnah,272626,Commercial,Freehold,2005-10-10,2015-11-21,343229269,False,DEV-0113
PLOT-002005,1669-D,Al Qusais,114184,Residential,Leasehold,2004-12-08,2021-05-20,263808520,False,DEV-0064
PLOT-002006,1767-B,Al Safa,404857,Residential,Government,2007-04-10,2024-10-23,123806370,False,DEV-0188
PLOT-002007,6819-E,Al Barsha,366229,Residential,Freehold,2000-04-02,2022-09-11,1814665,True,DEV-0155
PLOT-002008,4620-B,Al Wasl,146532,Commercial,Government,2006-07-28,2019-02-05,372213045,True,DEV-0136
PLOT-002009,4065-B,Al Satwa,189895,Residential,Leasehold,2010-11-06,2024-01-27,410223070,True,DEV-0052
PLOT-002010,8351-D,Dubai Creek Harbour,99242,Mixed,Freehold,2020-08-02,2024-10-12,466310660,False,DEV-0019
PLOT-002011,1962-A,Muhaisnah,84303,Residential,Leasehold,2005-12-19,2015-04-23,293316866,False,DEV-0159
PLOT-002012,7368-D,Al Furjan,469387,Mixed,Leasehold,2001-12-19,2019-09-22,384295412,True,DEV-0183
PLOT-002013,3733-C,International City,74100,Green,Leasehold,2023-07-16,2022-12-16,122160073,True,DEV-0013
PLOT-002014,7613-E,DIFC,408068,Commercial,Freehold,2023-02-24,2016-08-03,322225443,True,DEV-0093
PLOT-002015,7143-E,Al Karama,266580,Mixed,Freehold,2020-12-02,2019-08-12,208952498,False,DEV-0170
PLOT-002016,7291-D,Dubai South,26479,Commercial,Freehold,2017-07-08,2024-08-19,285950257,False,DEV-0072
PLOT-002017,7045-D,Jumeirah,252048,Residential,Leasehold,2006-01-12,2018-06-22,59869277,False,DEV-0003
PLOT-002018,3568-B,Warqa,288057,Commercial,Freehold,2002-12-07,2015-02-02,103065092,False,DEV-0194
PLOT-002019,1299-C,Nad Al Sheba,302312,Residential,Freehold,2022-12-09,2015-11-26,383005916,True,DEV-0003
PLOT-002020,3036-B,Dubai Hills Estate,449880,Commercial,Government,2023-09-06,2019-05-24,488758671,False,DEV-0176
PLOT-002021,4758-A,Sports City,422894,Residential,Leasehold,2010-08-18,2017-12-18,339428774,False,DEV-0063
PLOT-002022,7094-D,Emaar Beachfront,249123,Residential,Freehold,2018-08-03,2017-03-02,61982943,False,DEV-0027
PLOT-002023,946-A,Jumeirah,34870,Commercial,Leasehold,2013-05-02,2023-03-12,136225644,True,DEV-0139
PLOT-002024,765-B,Dubai Investment Park,349535,Residential,Freehold,2019-07-21,2015-04-15,212426267,False,DEV-0079
PLOT-002025,3677-E,Nad Al Sheba,192665,Residential,Freehold,2000-07-24,2023-05-12,142993650,False,DEV-0041
PLOT-002026,1325-E,Al Wasl,189537,Residential,Leasehold,2016-02-14,2017-02-26,179769758,False,DEV-0053
PLOT-002027,3620-A,Dubai Creek Harbour,81552,Mixed,Government,2017-12-12,2022-07-20,94462362,True,DEV-0006
PLOT-002028,3266-A,Al Mizhar,317945,Residential,Leasehold,2021-11-08,2017-11-25,382833870,True,DEV-0042
PLOT-002029,8637-D,Motor City,462818,Commercial,Freehold,2019-11-30,2022-08-28,458029902,False,DEV-0131
PLOT-002030,8473-B,JVC,405224,Mixed,Government,2019-02-09,2023-10-28,139951276,True,DEV-0196
PLOT-002031,8017-C,Al Wasl,479848,Commercial,Leasehold,2007-03-01,2018-11-06,381555933,False,DEV-0196
PLOT-002032,4787-C,Al Qusais,144817,Residential,Leasehold,2002-02-03,2023-08-03,289870476,False,DEV-0043
PLOT-002033,596-E,Jumeirah,348542,Commercial,Freehold,2009-09-26,2022-03-28,442877884,True,DEV-0109
PLOT-002034,7908-C,Downtown Dubai,212972,Industrial,Leasehold,2000-08-04,2015-01-30,213162118,False,DEV-0072
PLOT-002035,9281-E,Jumeirah,184050,Residential,Leasehold,2020-08-23,2018-01-31,29191344,True,DEV-0189
PLOT-002036,304-E,International City,291362,Mixed,Government,2015-05-21,2017-05-04,6185921,True,DEV-0028
PLOT-002037,3047-A,Al Wasl,363591,Commercial,Government,2000-03-11,2016-05-03,208078978,True,DEV-0067
PLOT-002038,2713-E,Bur Dubai,301702,Mixed,Leasehold,2018-04-14,2016-10-21,343142532,True,DEV-0136
PLOT-002039,3124-E,JVC,319133,Residential,Freehold,2016-11-02,2023-04-24,413070198,False,DEV-0059
PLOT-002040,4076-B,Al Qusais,430524,Residential,Leasehold,2011-05-27,2020-09-07,304303981,False,DEV-0002
PLOT-002041,2258-A,Nad Al Sheba,106189,Residential,Leasehold,2006-02-28,2020-12-24,144175978,False,DEV-0046
PLOT-002042,2510-C,Al Twar,282615,Residential,Freehold,2008-03-16,2019-03-02,312727871,False,DEV-0021
PLOT-002043,2074-B,Al Mizhar,24075,Residential,Freehold,2022-12-09,2017-06-25,399924372,False,DEV-0186
PLOT-002044,8902-E,Discovery Gardens,482295,Commercial,Freehold,2011-09-19,2020-03-08,393032184,False,DEV-0087
PLOT-002045,104-C,Muhaisnah,21447,Commercial,Freehold,2022-09-13,2019-04-11,320297135,False,DEV-0139
PLOT-002046,4814-C,Nad Al Sheba,337308,Residential,Freehold,2002-05-01,2021-11-15,198055422,False,DEV-0088
PLOT-002047,7113-D,Dubai Investment Park,48874,Mixed,Government,2016-09-12,2021-07-11,429839478,False,DEV-0132
PLOT-002048,2143-A,Al Barsha,155591,Commercial,Freehold,2000-08-25,2024-04-06,54530027,False,DEV-0106
PLOT-002049,9388-B,Al Mizhar,96052,Commercial,Freehold,2008-05-06,2016-01-11,100400377,False,DEV-0068
PLOT-002050,1605-C,Ras Al Khor,260196,Residential,Leasehold,2014-06-14,2021-01-16,454691917,True,DEV-0113
PLOT-002051,4742-E,Al Quoz,87093,Commercial,Freehold,2019-09-04,2015-04-17,244272864,False,DEV-0050
PLOT-002052,5965-E,Dubai South,145767,Residential,Freehold,2022-12-18,2023-07-02,119096436,True,DEV-0165
PLOT-002053,5292-C,Downtown Dubai,79751,Commercial,Government,2008-09-13,2016-12-14,15450781,False,DEV-0150
PLOT-002054,830-D,Dubai Marina,443154,Residential,Government,2021-07-28,2020-11-05,229905589,True,DEV-0125
PLOT-002055,3423-B,Al Wasl,205245,Commercial,Freehold,2019-04-02,2023-01-16,284944191,True,DEV-0168
PLOT-002056,893-B,Sports City,30972,Green,Freehold,2020-01-27,2019-08-24,208005364,False,DEV-0098
PLOT-002057,2096-E,Al Barsha,179032,Mixed,Leasehold,2011-08-23,2015-07-24,404312572,True,DEV-0024
PLOT-002058,9711-D,DIFC,429440,Commercial,Leasehold,2011-10-21,2022-01-20,313681833,True,DEV-0050
PLOT-002059,8601-C,Dubai Marina,201678,Mixed,Freehold,2006-02-05,2015-05-11,404204828,False,DEV-0093
PLOT-002060,7967-C,Business Bay,143217,Mixed,Leasehold,2021-04-19,2022-07-17,50655038,True,DEV-0083
PLOT-002061,1803-A,DIFC,227065,Green,Leasehold,2009-05-16,2021-02-19,259563026,False,DEV-0177
PLOT-002062,8351-D,DIFC,442055,Commercial,Freehold,2014-04-12,2019-10-17,67600441,False,DEV-0058
PLOT-002063,4475-D,Muhaisnah,188980,Commercial,Leasehold,2001-11-15,2019-11-21,232449167,True,DEV-0135
PLOT-002064,3288-D,JLT,149255,Residential,Leasehold,2014-09-19,2024-02-09,285957496,False,DEV-0047
PLOT-002065,8682-B,JLT,328264,Mixed,Freehold,2022-10-06,2016-03-04,275539201,True,DEV-0116
PLOT-002066,8648-E,Downtown Dubai,417059,Commercial,Freehold,2018-09-12,2016-08-01,476483946,True,DEV-0171
PLOT-002067,8776-E,Mirdif,355955,Mixed,Leasehold,2001-06-21,2016-07-23,257202938,False,DEV-0067
PLOT-002068,275-B,Arabian Ranches,484768,Residential,Leasehold,2023-01-12,2024-04-03,283738518,True,DEV-0060
PLOT-002069,8212-C,Al Karama,164556,Industrial,Government,2018-07-20,2017-10-27,222258963,False,DEV-0104
PLOT-002070,305-D,Motor City,70723,Commercial,Freehold,2002-07-02,2016-09-12,302366669,True,DEV-0054
PLOT-002071,3439-C,Al Satwa,457174,Industrial,Leasehold,2020-02-07,2015-08-27,220155050,False,DEV-0133
PLOT-002072,1785-B,Business Bay,338628,Mixed,Government,2011-04-03,2023-05-22,495321018,False,DEV-0154
PLOT-002073,4915-A,Dubai Marina,472668,Commercial,Freehold,2018-05-04,2023-07-10,319488664,False,DEV-0077
PLOT-002074,1729-D,Al Barsha,306573,Industrial,Leasehold,2022-07-17,2017-09-03,60465751,True,DEV-0042
PLOT-002075,6692-B,Bur Dubai,74049,Residential,Leasehold,2014-04-02,2020-12-19,123384025,False,DEV-0003
PLOT-002076,5014-A,Nad Al Sheba,86091,Mixed,Leasehold,2016-11-06,2024-11-04,427989627,False,DEV-0066
PLOT-002077,6258-D,Town Square,376831,Residential,Leasehold,2007-06-04,2015-03-09,415047273,True,DEV-0142
PLOT-002078,5756-C,Downtown Dubai,53833,Commercial,Leasehold,2014-01-22,2021-06-08,362722663,False,DEV-0062
PLOT-002079,586-A,Nad Al Sheba,138790,Residential,Leasehold,2010-06-23,2016-07-03,388886038,True,DEV-0023
PLOT-002080,8869-B,Al Safa,130563,Residential,Leasehold,2010-09-08,2018-11-04,261595098,False,DEV-0116
PLOT-002081,4018-A,Dubai South,142934,Green,Freehold,2015-11-22,2024-02-03,15082910,False,DEV-0173
PLOT-002082,6451-E,International City,312299,Residential,Government,2001-07-20,2017-06-13,14507245,True,DEV-0164
PLOT-002083,7185-A,Business Bay,415439,Industrial,Leasehold,2002-01-25,2016-03-02,200876095,False,DEV-0118
PLOT-002084,1008-A,Arabian Ranches,242464,Industrial,Freehold,2019-10-20,2023-05-22,145590720,True,DEV-0072
PLOT-002085,8048-C,Al Furjan,468588,Industrial,Government,2017-10-13,2022-01-05,468705236,True,DEV-0175
PLOT-002086,9335-D,Nad Al Sheba,445490,Residential,Leasehold,2015-04-16,2022-03-23,434731097,True,DEV-0164
PLOT-002087,7517-D,Dubai Investment Park,133794,Green,Leasehold,2008-09-15,2015-05-19,487362765,True,DEV-0003
PLOT-002088,7986-E,Dubai Hills Estate,191834,Residential,Freehold,2022-06-27,2017-08-15,200728521,True,DEV-0148
PLOT-002089,4988-B,Muhaisnah,31803,Residential,Government,2013-02-25,2016-02-12,395236190,False,DEV-0032
PLOT-002090,501-E,Motor City,118584,Commercial,Leasehold,2017-05-30,2024-01-26,489445699,True,DEV-0036
PLOT-002091,932-B,JLT,229922,Residential,Leasehold,2003-07-16,2016-11-21,309863492,False,DEV-0194
PLOT-002092,7743-D,Emaar Beachfront,141829,Residential,Freehold,2001-03-27,2019-02-15,302432179,True,DEV-0076
PLOT-002093,8875-D,Warqa,437392,Industrial,Freehold,2016-12-13,2017-12-26,394664575,False,DEV-0125
PLOT-002094,5007-D,Dubai Land,402296,Commercial,Freehold,2004-09-20,2023-10-04,284002685,False,DEV-0057
PLOT-002095,5205-E,Business Bay,136635,Commercial,Leasehold,2017-04-10,2017-03-23,193659205,True,DEV-0122
PLOT-002096,7324-C,Al Qusais,406255,Residential,Freehold,2008-01-23,2019-07-17,407733547,True,DEV-0161
PLOT-002097,2672-C,Emaar Beachfront,293044,Commercial,Leasehold,2004-09-16,2024-04-22,225911949,True,DEV-0001
PLOT-002098,3534-D,Muhaisnah,139452,Residential,Government,2013-08-10,2020-12-22,367132344,True,DEV-0129
PLOT-002099,1352-D,Al Furjan,447932,Industrial,Government,2010-05-27,2020-03-23,149072422,True,DEV-0144
PLOT-002100,4030-D,Dubai Investment Park,156179,Residential,Leasehold,2006-07-06,2016-10-24,76193303,False,DEV-0067
PLOT-002101,3016-C,Dubai Creek Harbour,389159,Residential,Freehold,2018-06-07,2020-09-12,374048283,False,DEV-0077
PLOT-002102,9315-B,Dubailand,197074,Mixed,Leasehold,2022-01-25,2018-08-25,5616064,False,DEV-0103
PLOT-002103,4924-B,Jumeirah,141586,Commercial,Freehold,2019-10-30,2018-12-02,426585587,False,DEV-0132
PLOT-002104,7622-E,Town Square,27192,Residential,Freehold,2002-04-17,2023-06-25,349172650,False,DEV-0129
PLOT-002105,8433-D,Dubai Creek Harbour,151979,Commercial,Leasehold,2009-12-04,2018-02-19,340487567,False,DEV-0112
PLOT-002106,2579-B,Al Wasl,9594,Residential,Leasehold,2017-09-21,2024-04-12,247643270,False,DEV-0068
PLOT-002107,7939-C,Al Barsha,384696,Commercial,Government,2018-07-28,2016-07-13,304589109,False,DEV-0088
PLOT-002108,5955-E,Deira,42428,Residential,Freehold,2018-04-05,2024-04-17,463116322,True,DEV-0156
PLOT-002109,4240-B,Al Furjan,297090,Residential,Leasehold,2001-12-10,2018-08-13,151815459,True,DEV-0087
PLOT-002110,259-D,Nad Al Sheba,47372,Residential,Freehold,2011-04-11,2017-07-14,120354854,True,DEV-0127
PLOT-002111,6488-D,Al Wasl,149260,Residential,Government,2014-12-16,2015-08-15,175344389,False,DEV-0148
PLOT-002112,802-B,Dubai South,151496,Residential,Leasehold,2022-04-18,2017-02-14,352587154,False,DEV-0169
PLOT-002113,9748-B,Umm Suqeim,462169,Residential,Government,2002-12-29,2022-08-05,357746199,True,DEV-0029
PLOT-002114,6040-E,Muhaisnah,198579,Residential,Freehold,2014-12-01,2015-12-02,306380808,False,DEV-0177
PLOT-002115,5031-B,Jebel Ali,327533,Residential,Leasehold,2016-09-13,2020-07-27,284125227,True,DEV-0006
PLOT-002116,9739-D,Al Qusais,421265,Commercial,Leasehold,2018-04-16,2017-08-30,158570534,False,DEV-0167
PLOT-002117,7520-E,JLT,382023,Mixed,Freehold,2009-02-16,2021-09-17,389499200,False,DEV-0077
PLOT-002118,6399-D,Jumeirah,101508,Mixed,Freehold,2003-12-19,2016-06-17,129785626,False,DEV-0071
PLOT-002119,366-B,JVC,49659,Commercial,Leasehold,2021-07-15,2018-08-15,43002743,False,DEV-0010
PLOT-002120,5612-C,Arabian Ranches,289862,Green,Leasehold,2005-12-08,2017-01-15,69403680,True,DEV-0058
PLOT-002121,2685-A,Dubailand,369174,Residential,Freehold,2018-12-09,2021-09-28,172590929,False,DEV-0022
PLOT-002122,2063-A,Warqa,192492,Residential,Government,2010-03-13,2018-08-27,295062847,False,DEV-0122
PLOT-002123,3222-D,Al Barsha,354029,Industrial,Leasehold,2001-10-31,2015-12-13,253482489,False,DEV-0082
PLOT-002124,8475-B,JVC,158405,Residential,Freehold,2009-01-04,2015-03-18,249660526,False,DEV-0104
PLOT-002125,6467-D,Deira,441220,Residential,Leasehold,2018-09-18,2023-04-26,62505807,False,DEV-0087
PLOT-002126,5577-B,Al Safa,174482,Commercial,Freehold,2006-06-19,2022-04-21,372711743,False,DEV-0169
PLOT-002127,9640-A,Bur Dubai,142363,Mixed,Freehold,2001-10-18,2020-07-14,241712715,False,DEV-0023
PLOT-002128,1127-D,International City,178651,Mixed,Freehold,2004-03-15,2022-11-14,279103504,False,DEV-0093
PLOT-002129,8957-C,Arabian Ranches,264166,Residential,Freehold,2023-08-28,2022-09-09,50136293,False,DEV-0158
PLOT-002130,2700-B,Discovery Gardens,252713,Mixed,Freehold,2023-09-14,2022-12-10,317260328,False,DEV-0076
PLOT-002131,6025-C,Palm Jumeirah,39040,Residential,Freehold,2010-03-24,2019-05-18,298849290,True,DEV-0065
PLOT-002132,3575-C,Business Bay,465888,Residential,Freehold,2018-09-03,2017-01-07,255053973,False,DEV-0005
PLOT-002133,5893-E,JLT,72269,Mixed,Freehold,2013-07-07,2023-08-10,344819131,True,DEV-0135
PLOT-002134,8821-A,Muhaisnah,129982,Residential,Leasehold,2023-07-05,2021-01-05,52722392,False,DEV-0091
PLOT-002135,2477-D,JLT,494501,Green,Freehold,2017-07-27,2016-02-12,296633496,False,DEV-0015
PLOT-002136,7859-C,Al Barsha,432258,Residential,Leasehold,2012-06-05,2021-10-27,211553460,False,DEV-0074
PLOT-002137,7474-C,Deira,146207,Commercial,Freehold,2005-07-05,2016-11-20,45728306,False,DEV-0105
PLOT-002138,8075-E,Al Twar,180097,Commercial,Freehold,2019-09-13,2017-05-21,325927940,False,DEV-0093
PLOT-002139,7241-D,Al Safa,434556,Commercial,Leasehold,2014-01-14,2024-06-05,433955311,True,DEV-0117
PLOT-002140,1551-D,JVC,16050,Industrial,Freehold,2005-06-27,2018-04-18,249428269,False,DEV-0108
PLOT-002141,8776-D,Dubailand,14593,Commercial,Leasehold,2014-05-03,2015-06-15,110927924,True,DEV-0040
PLOT-002142,8429-E,JLT,274134,Residential,Leasehold,2013-02-09,2016-12-30,45374984,False,DEV-0097
PLOT-002143,2319-D,Emaar Beachfront,438855,Green,Freehold,2005-01-24,2018-07-23,329688773,False,DEV-0090
PLOT-002144,9857-A,Jebel Ali,211982,Industrial,Freehold,2005-08-06,2017-09-21,378645398,True,DEV-0053
PLOT-002145,9264-E,Al Qusais,156393,Mixed,Government,2002-10-12,2020-12-29,106429392,False,DEV-0129
PLOT-002146,1647-D,Warqa,132216,Residential,Government,2017-05-04,2022-08-11,138687355,False,DEV-0031
PLOT-002147,9040-D,Downtown Dubai,130734,Residential,Leasehold,2014-12-14,2018-09-19,481577528,False,DEV-0115
PLOT-002148,591-D,Dubai Creek Harbour,366695,Commercial,Leasehold,2015-12-25,2015-09-22,186309764,False,DEV-0077
PLOT-002149,335-D,Al Twar,390902,Mixed,Freehold,2006-05-20,2019-09-29,461772296,False,DEV-0045
PLOT-002150,3159-C,Al Qusais,335338,Commercial,Freehold,2020-06-09,2023-11-26,214205263,False,DEV-0046
PLOT-002151,8445-E,Deira,150609,Residential,Freehold,2021-07-07,2021-12-25,351876487,True,DEV-0021
PLOT-002152,9769-A,Umm Suqeim,363793,Residential,Freehold,2007-09-21,2015-02-24,31300670,False,DEV-0144
PLOT-002153,2833-E,Al Furjan,317161,Residential,Freehold,2012-06-09,2018-06-18,228815107,False,DEV-0018
PLOT-002154,6424-C,Motor City,59262,Residential,Leasehold,2012-03-03,2022-12-09,37654730,False,DEV-0094
PLOT-002155,6673-A,Muhaisnah,419813,Commercial,Leasehold,2000-06-27,2019-09-05,324815521,True,DEV-0163
PLOT-002156,4012-A,Dubailand,173007,Residential,Leasehold,2005-02-05,2019-11-02,349556411,False,DEV-0073
PLOT-002157,5087-E,Al Barsha,76954,Commercial,Government,2001-05-10,2017-09-02,344300059,True,DEV-0088
PLOT-002158,3877-B,DIFC,181631,Residential,Government,2004-12-30,2017-10-19,499033034,False,DEV-0009
PLOT-002159,5585-C,Al Twar,146051,Commercial,Government,2004-05-18,2018-08-12,244543806,True,DEV-0029
PLOT-002160,6264-E,Jumeirah,464939,Commercial,Freehold,2001-05-06,2020-05-08,382068252,True,DEV-0004
PLOT-002161,2406-B,Warqa,277846,Residential,Freehold,2011-04-08,2022-02-26,404483440,True,DEV-0151
PLOT-002162,1770-A,JVC,464068,Residential,Leasehold,2019-05-05,2016-05-06,103923548,True,DEV-0030
PLOT-002163,3222-D,Jebel Ali,251399,Mixed,Freehold,2008-05-24,2015-06-04,319127227,False,DEV-0199
PLOT-002164,6157-A,Dubai Hills Estate,143137,Mixed,Freehold,2010-10-25,2018-05-30,187679860,False,DEV-0039
PLOT-002165,7460-B,Town Square,316306,Commercial,Freehold,2018-04-07,2015-12-18,234013084,False,DEV-0054
PLOT-002166,3164-C,Jumeirah,195850,Residential,Freehold,2006-07-01,2022-04-04,365862085,False,DEV-0042
PLOT-002167,8070-C,Dubai Investment Park,251249,Residential,Freehold,2013-09-06,2015-02-28,183383407,True,DEV-0147
PLOT-002168,7739-C,Emaar Beachfront,409658,Commercial,Leasehold,2019-06-14,2017-04-03,206443068,True,DEV-0039
PLOT-002169,3050-B,Al Wasl,414558,Residential,Freehold,2022-09-29,2016-12-26,198517732,True,DEV-0190
PLOT-002170,1219-C,Dubai South,171623,Residential,Government,2011-08-22,2018-07-15,434997812,True,DEV-0157
PLOT-002171,8907-A,Discovery Gardens,112473,Residential,Freehold,2020-08-22,2023-02-28,240479025,True,DEV-0176
PLOT-002172,1428-E,Dubai Marina,91582,Residential,Freehold,2021-09-28,2021-09-19,164345884,False,DEV-0134
PLOT-002173,5278-B,Emaar Beachfront,189807,Commercial,Government,2001-12-21,2019-01-03,138821948,True,DEV-0131
PLOT-002174,1617-A,Al Satwa,334437,Commercial,Leasehold,2022-11-08,2023-07-24,457952804,False,DEV-0084
PLOT-002175,3853-C,Deira,49553,Commercial,Leasehold,2010-04-03,2021-06-02,306311877,False,DEV-0016
PLOT-002176,3652-A,International City,437735,Residential,Freehold,2006-10-20,2015-02-08,264434897,False,DEV-0165
PLOT-002177,7266-D,Dubai Marina,20574,Residential,Freehold,2001-08-16,2022-04-05,235068152,True,DEV-0091
PLOT-002178,6714-B,Umm Suqeim,234630,Residential,Government,2016-08-12,2018-10-02,236315250,True,DEV-0152
PLOT-002179,1276-E,Al Mizhar,45556,Residential,Leasehold,2017-05-28,2023-10-30,72854890,False,DEV-0003
PLOT-002180,2849-B,Al Karama,62869,Industrial,Freehold,2020-07-22,2023-12-03,419208424,False,DEV-0191
PLOT-002181,3286-E,Al Quoz,424064,Commercial,Leasehold,2020-03-21,2020-09-21,269814583,True,DEV-0088
PLOT-002182,4281-A,Al Karama,332352,Residential,Freehold,2011-07-08,2018-01-23,209358517,False,DEV-0070
PLOT-002183,1220-D,International City,9119,Mixed,Leasehold,2010-09-17,2019-09-20,61345684,True,DEV-0070
PLOT-002184,3450-C,Al Quoz,220710,Residential,Leasehold,2023-02-09,2016-04-10,404319017,False,DEV-0086
PLOT-002185,6971-A,Deira,148133,Residential,Leasehold,2002-01-18,2016-01-12,88853004,False,DEV-0099
PLOT-002186,3274-A,Bur Dubai,300446,Commercial,Freehold,2020-03-31,2019-05-04,339105071,False,DEV-0031
PLOT-002187,3886-B,Dubai Creek Harbour,8368,Commercial,Freehold,2019-06-11,2016-01-05,290652543,False,DEV-0132
PLOT-002188,260-E,Mirdif,379923,Residential,Leasehold,2015-04-08,2015-02-07,354634920,False,DEV-0098
PLOT-002189,3872-B,Warqa,33046,Commercial,Leasehold,2017-11-11,2016-02-19,43230028,False,DEV-0120
PLOT-002190,2059-E,Dubai Hills Estate,211080,Commercial,Leasehold,2017-11-21,2017-03-30,419751609,False,DEV-0182
PLOT-002191,1792-A,Dubai South,51405,Residential,Leasehold,2020-10-23,2015-10-26,15676396,False,DEV-0117
PLOT-002192,3177-E,Al Barsha,253803,Commercial,Leasehold,2003-07-23,2017-11-13,80514965,True,DEV-0065
PLOT-002193,2794-D,Umm Suqeim,470768,Residential,Freehold,2005-10-13,2018-03-12,458027638,False,DEV-0029
PLOT-002194,7021-A,Sports City,313600,Commercial,Freehold,2004-01-22,2018-06-01,474805939,False,DEV-0037
PLOT-002195,4335-B,JLT,161908,Industrial,Freehold,2002-09-13,2019-04-03,461103536,False,DEV-0180
PLOT-002196,5796-D,Emaar Beachfront,423577,Commercial,Freehold,2013-05-29,2019-08-09,53391080,True,DEV-0089
PLOT-002197,96-C,Al Karama,329519,Commercial,Freehold,2022-11-02,2024-06-09,105449459,False,DEV-0171
PLOT-002198,1734-D,Downtown Dubai,92653,Commercial,Leasehold,2018-12-29,2023-10-31,358615724,False,DEV-0190
PLOT-002199,7020-E,Dubai Creek Harbour,354187,Mixed,Freehold,2000-09-29,2017-07-12,200407476,True,DEV-0187
PLOT-002200,2508-B,Dubai Marina,85016,Residential,Leasehold,2014-07-09,2018-05-23,267105775,True,DEV-0154
PLOT-002201,7347-C,Jumeirah,178700,Residential,Freehold,2011-03-24,2017-04-29,242955589,False,DEV-0035
PLOT-002202,5519-A,Al Furjan,208561,Commercial,Leasehold,2011-10-02,2019-11-02,25558240,False,DEV-0027
PLOT-002203,7418-B,Sports City,248536,Residential,Freehold,2014-07-25,2024-08-28,173212545,True,DEV-0007
PLOT-002204,2562-E,Bur Dubai,146502,Residential,Freehold,2012-05-05,2017-08-14,228465403,False,DEV-0073
PLOT-002205,7939-E,DIFC,25174,Commercial,Freehold,2006-01-02,2015-08-26,1039908,False,DEV-0001
PLOT-002206,4982-E,Nad Al Sheba,368172,Residential,Leasehold,2009-01-27,2019-07-12,356749589,False,DEV-0095
PLOT-002207,178-B,Jumeirah,16734,Green,Leasehold,2009-07-11,2019-03-04,179662553,False,DEV-0094
PLOT-002208,6461-A,Emaar Beachfront,481466,Residential,Freehold,2013-03-09,2019-12-02,367630396,True,DEV-0055
PLOT-002209,6823-A,Nad Al Sheba,116405,Commercial,Freehold,2014-12-21,2018-02-03,453132928,True,DEV-0056
PLOT-002210,6063-B,Discovery Gardens,219735,Residential,Freehold,2020-03-26,2021-08-02,398334671,False,DEV-0111
PLOT-002211,834-C,Jumeirah,324877,Residential,Government,2020-03-12,2020-06-01,394679765,True,DEV-0171
PLOT-002212,7820-E,Al Karama,269252,Residential,Freehold,2002-07-23,2019-12-21,68833685,False,DEV-0180
PLOT-002213,3060-B,Umm Suqeim,289165,Residential,Freehold,2004-06-30,2021-12-25,140069713,True,DEV-0058
PLOT-002214,344-B,Al Barsha,219387,Industrial,Freehold,2015-10-13,2023-10-14,367524228,True,DEV-0145
PLOT-002215,9819-E,Al Qusais,233807,Industrial,Freehold,2002-06-08,2023-01-13,84046984,False,DEV-0107
PLOT-002216,6730-E,Dubai Hills Estate,210423,Residential,Freehold,2008-02-09,2016-01-26,368676466,False,DEV-0030
PLOT-002217,7889-B,Al Safa,122276,Residential,Leasehold,2018-07-17,2020-12-09,453962645,False,DEV-0125
PLOT-002218,7471-D,Al Mizhar,257741,Residential,Government,2017-09-17,2022-05-28,276911214,True,DEV-0183
PLOT-002219,5597-A,JLT,184982,Residential,Freehold,2000-09-08,2018-05-19,474378754,False,DEV-0120
PLOT-002220,8897-C,Jumeirah,85882,Residential,Freehold,2010-04-11,2022-01-05,193110540,False,DEV-0102
PLOT-002221,7198-C,Dubai Investment Park,318923,Industrial,Leasehold,2018-10-22,2023-05-13,355067082,True,DEV-0127
PLOT-002222,5275-A,JVC,319375,Commercial,Freehold,2017-05-23,2023-06-22,248850021,True,DEV-0082
PLOT-002223,1201-A,Motor City,485059,Commercial,Freehold,2010-12-19,2023-11-16,44402459,True,DEV-0084
PLOT-002224,1562-E,Dubai South,15447,Mixed,Freehold,2004-10-12,2018-04-16,445965324,False,DEV-0066
PLOT-002225,2826-D,Dubai Investment Park,95688,Industrial,Leasehold,2003-01-03,2021-02-11,280393068,False,DEV-0160
PLOT-002226,4538-A,Deira,313417,Commercial,Leasehold,2017-03-23,2018-09-18,85891311,False,DEV-0188
PLOT-002227,9311-D,Muhaisnah,364004,Residential,Leasehold,2021-03-07,2022-02-02,245233867,True,DEV-0005
PLOT-002228,6730-B,JLT,239960,Residential,Government,2008-05-24,2021-02-07,15813183,False,DEV-0176
PLOT-002229,6978-B,Jebel Ali,321263,Commercial,Government,2019-09-28,2016-03-05,224425898,False,DEV-0198
PLOT-002230,2723-D,International City,53264,Residential,Leasehold,2018-12-14,2020-05-10,327586121,False,DEV-0069
PLOT-002231,375-A,Al Twar,450014,Commercial,Leasehold,2014-04-24,2024-07-13,440979770,True,DEV-0029
PLOT-002232,1736-A,Al Wasl,496714,Commercial,Freehold,2014-06-03,2017-04-25,21181062,False,DEV-0136
PLOT-002233,3155-B,Discovery Gardens,264792,Green,Freehold,2017-07-14,2015-10-27,499512595,False,DEV-0141
PLOT-002234,8108-E,Jebel Ali,440685,Residential,Leasehold,2005-12-02,2019-02-05,313531045,False,DEV-0194
PLOT-002235,957-B,Palm Jumeirah,53720,Mixed,Freehold,2009-01-05,2017-11-07,214692659,True,DEV-0197
PLOT-002236,7550-A,Sports City,338334,Residential,Freehold,2005-11-29,2019-02-03,465281480,False,DEV-0023
PLOT-002237,1871-B,Al Satwa,83595,Commercial,Leasehold,2017-12-31,2019-01-26,432543793,True,DEV-0139
PLOT-002238,4419-B,JVC,166793,Commercial,Freehold,2014-05-23,2018-08-14,21123487,False,DEV-0137
PLOT-002239,3005-C,Sports City,224937,Residential,Government,2022-06-11,2021-08-22,325832958,True,DEV-0151
PLOT-002240,3901-E,Arabian Ranches,137585,Mixed,Freehold,2009-01-22,2021-07-31,84519834,True,DEV-0045
PLOT-002241,4231-B,Al Safa,135017,Commercial,Leasehold,2009-07-12,2023-08-20,134074661,False,DEV-0021
PLOT-002242,6409-C,Dubai Hills Estate,53700,Commercial,Leasehold,2012-01-02,2018-10-29,252170466,False,DEV-0001
PLOT-002243,4963-E,Al Qusais,298402,Commercial,Freehold,2011-07-02,2022-11-11,119712506,True,DEV-0030
PLOT-002244,5413-B,Al Furjan,487232,Commercial,Freehold,2005-08-13,2023-11-06,64536669,False,DEV-0162
PLOT-002245,7052-B,Al Barsha,253138,Residential,Leasehold,2000-04-25,2015-11-29,199006032,False,DEV-0187
PLOT-002246,655-B,International City,446503,Commercial,Government,2007-06-16,2022-05-01,296900179,False,DEV-0194
PLOT-002247,9502-D,Palm Jumeirah,24631,Residential,Freehold,2008-06-27,2023-01-07,120289787,True,DEV-0025
PLOT-002248,6603-A,Al Mizhar,87044,Residential,Freehold,2003-11-24,2022-09-25,22097589,True,DEV-0146
PLOT-002249,7363-B,JVC,146683,Residential,Freehold,2009-03-15,2015-06-28,313956983,True,DEV-0104
PLOT-002250,96-E,Al Twar,78037,Residential,Freehold,2017-08-24,2018-06-08,479479714,True,DEV-0119
PLOT-002251,1995-A,Emaar Beachfront,32244,Industrial,Government,2004-12-16,2019-11-07,451378007,False,DEV-0194
PLOT-002252,2304-B,Al Quoz,190443,Mixed,Freehold,2003-07-14,2022-04-15,454059815,False,DEV-0137
PLOT-002253,1054-C,Al Twar,446736,Commercial,Leasehold,2000-10-06,2021-06-29,261675727,False,DEV-0157
PLOT-002254,4544-A,Bur Dubai,203215,Residential,Leasehold,2023-10-11,2017-11-13,146200592,True,DEV-0200
PLOT-002255,4214-B,Dubai Land,321265,Commercial,Government,2003-06-04,2023-04-30,36861044,False,DEV-0162
PLOT-002256,8657-A,Discovery Gardens,240508,Residential,Leasehold,2001-06-29,2018-03-04,310339123,True,DEV-0002
PLOT-002257,1246-D,Al Quoz,289379,Residential,Leasehold,2010-07-15,2020-04-18,358820236,False,DEV-0066
PLOT-002258,2403-E,Al Mizhar,344535,Industrial,Freehold,2005-09-11,2019-02-17,346423777,False,DEV-0168
PLOT-002259,1561-C,Umm Suqeim,106661,Green,Government,2000-08-15,2021-09-18,231374848,False,DEV-0154
PLOT-002260,8242-D,Al Karama,34000,Residential,Leasehold,2020-05-23,2015-04-24,36875609,False,DEV-0100
PLOT-002261,6182-E,Dubai Land,77042,Residential,Freehold,2006-07-28,2019-07-09,261995821,True,DEV-0196
PLOT-002262,2345-C,Al Barsha,16387,Green,Leasehold,2011-10-03,2019-11-13,228997569,False,DEV-0170
PLOT-002263,9869-A,Dubai Land,444058,Commercial,Leasehold,2006-01-08,2017-11-10,269873420,True,DEV-0078
PLOT-002264,7423-B,JVC,297220,Commercial,Leasehold,2010-06-23,2020-01-06,111606124,False,DEV-0170
PLOT-002265,7703-E,International City,145733,Residential,Freehold,2007-12-31,2015-07-22,187605676,True,DEV-0180
PLOT-002266,4138-C,Bur Dubai,164676,Mixed,Freehold,2010-02-01,2017-06-17,464585851,False,DEV-0157
PLOT-002267,1676-A,International City,222253,Commercial,Leasehold,2020-05-11,2017-05-13,161542555,False,DEV-0193
PLOT-002268,2698-A,Emaar Beachfront,262512,Mixed,Freehold,2011-01-30,2021-03-13,334209477,False,DEV-0056
PLOT-002269,1101-C,Emaar Beachfront,385498,Residential,Leasehold,2000-06-29,2019-01-18,272201209,True,DEV-0116
PLOT-002270,1677-C,Al Quoz,349697,Industrial,Leasehold,2011-01-12,2018-12-18,395882375,False,DEV-0189
PLOT-002271,7544-A,Dubailand,52665,Mixed,Leasehold,2002-01-27,2022-07-29,316183539,True,DEV-0045
PLOT-002272,9487-B,Downtown Dubai,100499,Industrial,Freehold,2020-05-31,2023-06-10,394349307,True,DEV-0146
PLOT-002273,1643-C,Dubailand,35540,Mixed,Freehold,2011-09-16,2016-09-05,339127565,True,DEV-0130
PLOT-002274,1414-A,DIFC,401015,Residential,Freehold,2013-03-14,2017-09-25,193357280,False,DEV-0091
PLOT-002275,5455-A,Al Mizhar,369862,Industrial,Freehold,2005-09-30,2017-03-15,88109953,False,DEV-0130
PLOT-002276,7633-D,Al Wasl,327538,Mixed,Freehold,2019-10-02,2019-11-17,312426441,False,DEV-0128
PLOT-002277,1052-E,DIFC,88571,Residential,Freehold,2000-07-24,2024-02-29,228116296,True,DEV-0168
PLOT-002278,1948-A,Jumeirah,126222,Commercial,Leasehold,2016-01-20,2017-07-31,364673589,False,DEV-0025
PLOT-002279,5606-E,Al Safa,100943,Mixed,Freehold,2012-02-26,2024-06-09,131820459,True,DEV-0156
PLOT-002280,1367-C,Palm Jumeirah,382648,Green,Leasehold,2023-03-03,2016-02-12,486767587,False,DEV-0128
PLOT-002281,7913-D,Discovery Gardens,250355,Mixed,Freehold,2008-01-29,2021-11-21,281083203,True,DEV-0136
PLOT-002282,8116-D,Motor City,318601,Residential,Leasehold,2002-04-14,2021-10-04,264571059,False,DEV-0011
PLOT-002283,2875-A,Al Wasl,489386,Residential,Freehold,2014-02-07,2023-03-22,249447388,True,DEV-0107
PLOT-002284,2218-B,Motor City,407113,Residential,Leasehold,2015-03-06,2016-11-28,400555578,True,DEV-0177
PLOT-002285,7949-B,JLT,334841,Commercial,Freehold,2009-08-05,2018-08-05,344349974,False,DEV-0199
PLOT-002286,9622-A,Dubai Creek Harbour,205159,Mixed,Freehold,2004-07-22,2022-04-02,309465502,True,DEV-0159
PLOT-002287,5514-E,International City,324740,Commercial,Freehold,2001-08-02,2018-06-26,309346700,True,DEV-0129
PLOT-002288,9401-A,Nad Al Sheba,122236,Residential,Freehold,2021-05-11,2019-11-24,360170798,False,DEV-0052
PLOT-002289,166-A,Palm Jumeirah,112774,Commercial,Freehold,2022-02-26,2017-12-20,21266061,False,DEV-0014
PLOT-002290,8287-D,Nad Al Sheba,349361,Residential,Freehold,2022-12-17,2017-02-16,76026908,True,DEV-0016
PLOT-002291,7372-B,Business Bay,480850,Mixed,Government,2017-03-27,2022-12-19,355247470,True,DEV-0181
PLOT-002292,3144-B,Al Furjan,450360,Mixed,Government,2001-07-14,2017-05-13,410966838,False,DEV-0153
PLOT-002293,4428-C,Jumeirah,203747,Commercial,Freehold,2000-01-31,2021-11-28,227150218,True,DEV-0181
PLOT-002294,3070-C,Al Quoz,404126,Mixed,Freehold,2016-09-01,2018-07-06,487177574,True,DEV-0006
PLOT-002295,1401-C,Downtown Dubai,14528,Mixed,Leasehold,2003-03-12,2023-09-04,432588865,False,DEV-0103
PLOT-002296,5240-E,DIFC,191429,Industrial,Freehold,2014-07-11,2017-05-03,427936113,True,DEV-0197
PLOT-002297,5459-E,Deira,205277,Residential,Leasehold,2000-12-05,2021-09-11,91126777,False,DEV-0102
PLOT-002298,9240-B,Downtown Dubai,282999,Residential,Leasehold,2014-02-06,2018-05-20,3225316,False,DEV-0065
PLOT-002299,5804-D,Nad Al Sheba,72762,Mixed,Leasehold,2018-04-05,2017-11-26,456257982,False,DEV-0128
PLOT-002300,1966-E,Al Mizhar,312808,Mixed,Freehold,2004-05-08,2021-09-24,249747574,False,DEV-0136
PLOT-002301,775-C,Bur Dubai,205790,Commercial,Government,2023-06-20,2016-06-17,351729531,True,DEV-0037
PLOT-002302,4136-E,Arabian Ranches,135342,Mixed,Leasehold,2021-08-03,2021-10-31,247628968,True,DEV-0017
PLOT-002303,7445-B,Al Twar,158423,Green,Government,2000-12-16,2019-05-18,385013055,True,DEV-0141
PLOT-002304,8743-A,Town Square,84444,Mixed,Freehold,2000-01-22,2022-07-27,255153113,False,DEV-0041
PLOT-002305,2357-B,Palm Jumeirah,421823,Industrial,Freehold,2017-10-12,2015-07-10,339678410,False,DEV-0138
PLOT-002306,5501-E,Al Qusais,102023,Residential,Government,2010-01-11,2020-08-21,4946381,False,DEV-0043
PLOT-002307,9822-E,Palm Jumeirah,241575,Mixed,Freehold,2001-08-07,2019-12-09,319227673,True,DEV-0166
PLOT-002308,2799-C,JLT,485825,Commercial,Leasehold,2021-09-30,2015-06-22,229412301,False,DEV-0124
PLOT-002309,6403-A,Dubai Hills Estate,455179,Industrial,Leasehold,2019-11-11,2018-07-14,362119590,False,DEV-0195
PLOT-002310,6694-A,Al Mizhar,181961,Residential,Freehold,2007-10-26,2018-01-31,494143588,False,DEV-0095
PLOT-002311,6276-C,International City,314398,Mixed,Leasehold,2013-02-19,2018-02-28,480208353,False,DEV-0077
PLOT-002312,4603-B,DIFC,204568,Commercial,Freehold,2016-03-27,2018-06-04,148701296,True,DEV-0131
PLOT-002313,4091-D,Dubai Land,38780,Commercial,Freehold,2022-03-25,2023-08-27,269840343,False,DEV-0074
PLOT-002314,5156-E,Discovery Gardens,232938,Commercial,Leasehold,2020-08-21,2015-01-26,275179447,False,DEV-0003
PLOT-002315,939-C,Dubai Land,220174,Residential,Freehold,2016-03-09,2016-06-01,480292275,False,DEV-0002
PLOT-002316,8413-E,Al Satwa,232290,Mixed,Freehold,2015-09-02,2017-05-17,150692524,True,DEV-0140
PLOT-002317,9306-D,Al Furjan,29811,Commercial,Leasehold,2003-11-20,2015-05-22,41614168,True,DEV-0173
PLOT-002318,9987-E,Sports City,208310,Commercial,Leasehold,2005-05-20,2021-01-21,488708962,False,DEV-0044
PLOT-002319,5276-A,Warqa,370059,Industrial,Freehold,2002-12-17,2015-11-25,201771525,False,DEV-0170
PLOT-002320,8539-B,Warqa,212518,Industrial,Leasehold,2013-11-17,2016-06-09,174165726,False,DEV-0026
PLOT-002321,4051-E,Dubai Hills Estate,277512,Mixed,Freehold,2007-06-23,2022-07-11,217562420,True,DEV-0170
PLOT-002322,2566-C,Dubai Marina,32675,Residential,Freehold,2004-08-29,2019-07-18,32807136,False,DEV-0004
PLOT-002323,6022-A,Town Square,329782,Residential,Leasehold,2000-04-02,2016-04-01,175369954,True,DEV-0020
PLOT-002324,1224-C,Dubai South,283557,Mixed,Leasehold,2020-12-01,2016-12-16,203404251,False,DEV-0173
PLOT-002325,4254-A,Deira,85529,Mixed,Freehold,2005-09-25,2023-11-02,366294407,True,DEV-0075
PLOT-002326,9654-C,Arabian Ranches,224142,Mixed,Leasehold,2020-02-15,2023-05-28,441842073,False,DEV-0063
PLOT-002327,2934-D,Al Mizhar,311252,Commercial,Leasehold,2010-02-28,2018-01-10,102036515,False,DEV-0137
PLOT-002328,2072-A,Discovery Gardens,105630,Commercial,Government,2022-07-15,2018-08-08,460148038,False,DEV-0027
PLOT-002329,762-E,Discovery Gardens,188360,Residential,Government,2020-09-14,2020-07-26,460756725,True,DEV-0021
PLOT-002330,5893-E,Deira,431334,Mixed,Freehold,2017-10-04,2019-10-25,420496902,True,DEV-0103
PLOT-002331,9838-E,Al Satwa,102694,Commercial,Freehold,2023-02-20,2022-02-16,119283522,False,DEV-0151
PLOT-002332,8393-C,Al Furjan,332199,Green,Leasehold,2019-01-14,2021-02-15,247918000,False,DEV-0173
PLOT-002333,5421-B,Al Barsha,285476,Residential,Freehold,2014-03-06,2016-03-16,452721360,False,DEV-0174
PLOT-002334,3755-D,Business Bay,401306,Residential,Government,2023-01-29,2023-10-30,91072366,False,DEV-0133
PLOT-002335,7417-C,Al Quoz,352591,Residential,Government,2001-09-03,2023-11-17,335790437,False,DEV-0067
PLOT-002336,9220-D,Dubailand,285583,Industrial,Leasehold,2013-09-09,2023-08-10,218107401,False,DEV-0141
PLOT-002337,5283-A,International City,151235,Residential,Government,2004-01-23,2023-10-18,412351381,True,DEV-0103
PLOT-002338,1899-C,Al Barsha,158189,Residential,Leasehold,2006-01-10,2022-12-03,213124542,False,DEV-0017
PLOT-002339,398-D,Dubai Hills Estate,324367,Residential,Freehold,2013-11-08,2024-05-06,202773632,False,DEV-0036
PLOT-002340,7835-A,Al Karama,189906,Residential,Leasehold,2000-01-28,2015-08-04,173826554,True,DEV-0056
PLOT-002341,1822-B,Al Quoz,206794,Commercial,Freehold,2017-04-14,2019-09-25,406644010,False,DEV-0130
PLOT-002342,3733-A,Al Barsha,73919,Residential,Leasehold,2012-08-21,2019-09-28,31520495,True,DEV-0167
PLOT-002343,8079-E,International City,142894,Commercial,Government,2001-07-18,2017-07-11,14947951,False,DEV-0031
PLOT-002344,5482-B,JLT,173248,Residential,Freehold,2015-03-06,2016-03-16,74419418,True,DEV-0078
PLOT-002345,8663-A,JVC,200555,Commercial,Government,2004-11-08,2020-07-14,240689908,True,DEV-0075
PLOT-002346,9674-A,Dubai South,85996,Mixed,Leasehold,2015-06-12,2015-11-11,449742771,True,DEV-0003
PLOT-002347,1480-B,Mirdif,253664,Industrial,Freehold,2016-06-11,2016-04-22,444123930,True,DEV-0136
PLOT-002348,628-C,Nad Al Sheba,485908,Mixed,Government,2022-05-30,2016-08-20,28071534,False,DEV-0170
PLOT-002349,5370-E,Town Square,465657,Residential,Freehold,2015-09-17,2018-06-01,319672047,False,DEV-0159
PLOT-002350,7236-E,Nad Al Sheba,459074,Commercial,Leasehold,2011-01-24,2024-08-25,44099296,True,DEV-0114
PLOT-002351,2521-E,Al Safa,304075,Residential,Government,2021-10-25,2021-03-02,340817511,True,DEV-0104
PLOT-002352,5431-D,Ras Al Khor,213248,Residential,Freehold,2003-06-21,2020-10-29,390228402,False,DEV-0124
PLOT-002353,5978-B,Jumeirah,279852,Residential,Leasehold,2008-04-06,2024-02-19,289872540,True,DEV-0173
PLOT-002354,2189-B,International City,162986,Residential,Freehold,2016-05-24,2023-03-10,55723961,False,DEV-0194
PLOT-002355,8430-C,Emaar Beachfront,235688,Industrial,Leasehold,2017-10-04,2019-03-28,106279256,False,DEV-0008
PLOT-002356,8589-B,Dubai Hills Estate,365053,Residential,Freehold,2004-05-09,2019-10-21,89789573,True,DEV-0054
PLOT-002357,8828-D,Al Safa,304393,Green,Leasehold,2005-06-28,2022-06-09,20587319,True,DEV-0114
PLOT-002358,2680-A,Dubailand,225847,Residential,Leasehold,2023-12-17,2017-04-06,290544168,False,DEV-0072
PLOT-002359,4735-D,Dubai Creek Harbour,124373,Mixed,Leasehold,2017-04-22,2017-06-15,281694466,False,DEV-0068
PLOT-002360,6175-B,Jumeirah,48780,Mixed,Freehold,2017-06-03,2022-01-19,39254371,False,DEV-0135
PLOT-002361,9389-C,Town Square,134758,Residential,Leasehold,2021-03-09,2018-04-14,394934197,True,DEV-0130
PLOT-002362,5917-C,Al Barsha,155454,Residential,Leasehold,2000-08-18,2017-05-03,465497613,False,DEV-0198
PLOT-002363,9278-B,Al Wasl,233662,Mixed,Freehold,2004-08-21,2015-05-10,141845382,True,DEV-0194
PLOT-002364,9167-C,Warqa,431400,Residential,Freehold,2009-05-11,2023-06-03,322937669,True,DEV-0171
PLOT-002365,7463-C,Dubai Creek Harbour,442879,Mixed,Freehold,2019-04-08,2020-11-14,22273723,True,DEV-0068
PLOT-002366,6183-C,Bur Dubai,119128,Green,Government,2007-08-24,2023-02-11,340941425,False,DEV-0133
PLOT-002367,237-E,International City,236082,Commercial,Leasehold,2015-07-13,2018-01-01,444279937,True,DEV-0197
PLOT-002368,7920-C,Palm Jumeirah,346949,Commercial,Leasehold,2002-02-15,2019-12-28,275955483,False,DEV-0122
PLOT-002369,3714-D,Dubai Creek Harbour,79976,Residential,Freehold,2021-03-03,2023-03-05,304794385,False,DEV-0113
PLOT-002370,4357-D,Muhaisnah,91726,Residential,Leasehold,2023-11-11,2023-05-06,180285591,True,DEV-0127
PLOT-002371,2856-C,Sports City,46623,Industrial,Leasehold,2004-05-27,2022-07-06,112441185,False,DEV-0001
PLOT-002372,34-E,Dubailand,457259,Green,Freehold,2014-11-02,2022-06-08,445286510,False,DEV-0115
PLOT-002373,9798-A,International City,452416,Residential,Leasehold,2019-02-12,2017-04-07,451671218,False,DEV-0004
PLOT-002374,8245-B,Dubai Marina,407860,Commercial,Leasehold,2012-04-17,2024-02-13,488271245,False,DEV-0071
PLOT-002375,4101-B,Al Quoz,11370,Commercial,Government,2014-07-27,2020-09-04,300324277,False,DEV-0084
PLOT-002376,8539-A,Palm Jumeirah,490412,Mixed,Leasehold,2007-02-28,2018-05-27,489725510,True,DEV-0105
PLOT-002377,3103-D,Al Satwa,105122,Mixed,Freehold,2002-05-06,2024-08-11,280384369,True,DEV-0016
PLOT-002378,526-A,Dubai Land,57458,Residential,Leasehold,2017-09-06,2021-06-03,168951886,False,DEV-0166
PLOT-002379,9829-C,Deira,430076,Commercial,Leasehold,2005-12-23,2015-10-08,80992958,True,DEV-0150
PLOT-002380,9838-A,DIFC,458172,Mixed,Freehold,2001-05-22,2018-08-19,297665602,False,DEV-0155
PLOT-002381,7776-E,Dubai Investment Park,228544,Commercial,Government,2018-04-13,2018-12-28,417451141,False,DEV-0129
PLOT-002382,8845-B,Business Bay,94707,Mixed,Freehold,2002-05-11,2018-11-03,39915219,True,DEV-0076
PLOT-002383,9604-B,Jumeirah,449855,Residential,Leasehold,2018-10-22,2019-08-22,157032875,False,DEV-0071
PLOT-002384,8329-B,Dubai Investment Park,238330,Commercial,Leasehold,2000-04-29,2023-06-02,190801425,True,DEV-0017
PLOT-002385,281-E,Al Furjan,391608,Commercial,Freehold,2001-05-03,2023-12-19,376413512,True,DEV-0078
PLOT-002386,7423-D,Al Mizhar,127873,Residential,Leasehold,2022-04-14,2016-09-24,267768761,True,DEV-0036
PLOT-002387,3189-C,Mirdif,432021,Commercial,Freehold,2016-09-28,2024-08-20,110297013,True,DEV-0025
PLOT-002388,7466-C,Bur Dubai,393950,Residential,Leasehold,2001-02-09,2023-01-06,340843231,True,DEV-0136
PLOT-002389,4951-E,Downtown Dubai,57448,Mixed,Freehold,2022-01-15,2019-09-27,470076009,True,DEV-0163
PLOT-002390,5750-B,International City,393457,Commercial,Leasehold,2007-02-14,2016-09-23,171226262,False,DEV-0021
PLOT-002391,3191-B,Arabian Ranches,472361,Commercial,Freehold,2021-01-24,2024-07-16,4902992,False,DEV-0054
PLOT-002392,3571-A,Al Barsha,172567,Commercial,Freehold,2002-08-17,2017-03-05,491065954,True,DEV-0167
PLOT-002393,9669-E,Dubai Hills Estate,466820,Industrial,Leasehold,2000-08-17,2023-10-30,358788042,False,DEV-0092
PLOT-002394,2244-D,Al Wasl,236596,Commercial,Freehold,2018-05-01,2022-07-08,370858920,False,DEV-0049
PLOT-002395,2340-C,Warqa,387286,Commercial,Freehold,2000-06-10,2019-04-21,363653756,True,DEV-0136
PLOT-002396,5284-B,Emaar Beachfront,443892,Industrial,Freehold,2009-05-14,2022-10-06,429618441,False,DEV-0085
PLOT-002397,6941-E,Dubai Marina,450039,Mixed,Freehold,2011-05-12,2018-11-02,190078340,False,DEV-0170
PLOT-002398,607-B,Al Wasl,209418,Residential,Government,2009-05-19,2018-06-13,355717901,False,DEV-0006
PLOT-002399,6191-D,Ras Al Khor,119050,Residential,Leasehold,2022-12-16,2022-06-08,19828205,True,DEV-0113
PLOT-002400,9060-C,Palm Jumeirah,353789,Residential,Freehold,2018-03-20,2016-09-28,251272813,False,DEV-0050
PLOT-002401,9510-E,Ras Al Khor,485950,Industrial,Freehold,2019-03-06,2020-03-10,74062500,False,DEV-0126
PLOT-002402,3568-E,Sports City,148095,Mixed,Leasehold,2002-01-11,2023-12-12,63985372,False,DEV-0168
PLOT-002403,2174-A,Business Bay,36143,Commercial,Freehold,2018-01-07,2015-03-06,384520678,False,DEV-0010
PLOT-002404,1756-A,Al Quoz,479959,Commercial,Freehold,2021-10-19,2021-09-24,76047091,True,DEV-0073
PLOT-002405,2512-D,Umm Suqeim,430690,Residential,Freehold,2011-10-29,2021-06-29,236394591,False,DEV-0193
PLOT-002406,134-E,Emaar Beachfront,424303,Residential,Government,2022-06-06,2017-07-13,115337578,False,DEV-0088
PLOT-002407,5935-D,Al Safa,221111,Commercial,Leasehold,2018-09-18,2024-10-29,58304516,False,DEV-0064
PLOT-002408,6293-E,Business Bay,406111,Commercial,Leasehold,2002-12-24,2019-08-21,342498074,True,DEV-0155
PLOT-002409,7047-A,Al Furjan,209488,Residential,Freehold,2017-12-01,2021-12-29,228078560,False,DEV-0041
PLOT-002410,5820-B,Arabian Ranches,165825,Residential,Leasehold,2019-11-14,2019-09-10,458794512,True,DEV-0120
PLOT-002411,913-B,Motor City,67236,Commercial,Freehold,2006-12-09,2022-03-18,118651349,False,DEV-0037
PLOT-002412,1869-D,Downtown Dubai,42402,Green,Leasehold,2020-06-20,2019-07-31,41453927,False,DEV-0013
PLOT-002413,567-C,Downtown Dubai,448517,Industrial,Leasehold,2006-11-02,2023-02-15,35398580,True,DEV-0075
PLOT-002414,1484-D,Al Quoz,111037,Commercial,Leasehold,2005-01-07,2022-11-06,243441730,False,DEV-0192
PLOT-002415,6036-E,Town Square,363415,Commercial,Freehold,2003-10-16,2023-04-01,293412156,False,DEV-0197
PLOT-002416,5241-D,Downtown Dubai,406781,Mixed,Government,2012-12-01,2017-04-05,417752521,False,DEV-0120
PLOT-002417,9491-B,Al Qusais,24691,Mixed,Freehold,2009-06-14,2023-03-26,101441382,False,DEV-0161
PLOT-002418,1111-C,Downtown Dubai,44965,Residential,Leasehold,2022-10-29,2019-01-21,30832966,False,DEV-0192
PLOT-002419,9930-C,Arabian Ranches,396891,Residential,Government,2022-01-13,2015-10-14,417899670,True,DEV-0107
PLOT-002420,9730-C,Business Bay,260628,Residential,Leasehold,2022-03-20,2019-10-26,361509995,True,DEV-0123
PLOT-002421,9418-D,JLT,9754,Residential,Freehold,2021-08-15,2016-05-21,360521708,False,DEV-0170
PLOT-002422,6358-C,Al Furjan,354802,Residential,Leasehold,2015-08-12,2023-05-23,166885790,False,DEV-0037
PLOT-002423,9585-E,Al Twar,439569,Commercial,Leasehold,2016-09-20,2023-10-30,377098313,False,DEV-0101
PLOT-002424,7607-A,Ras Al Khor,8379,Residential,Leasehold,2007-12-18,2024-06-14,351431928,True,DEV-0094
PLOT-002425,3751-C,Muhaisnah,264501,Mixed,Leasehold,2012-07-13,2015-09-19,306963024,True,DEV-0153
PLOT-002426,7012-D,Dubai Hills Estate,431175,Industrial,Freehold,2022-04-04,2017-07-06,233376584,False,DEV-0120
PLOT-002427,5479-B,Al Twar,317667,Commercial,Freehold,2014-10-10,2017-02-23,168089253,False,DEV-0058
PLOT-002428,2930-E,Dubai Investment Park,294833,Green,Government,2006-05-23,2017-07-15,212905841,False,DEV-0027
PLOT-002429,6123-C,Downtown Dubai,422007,Residential,Government,2010-09-30,2019-12-21,376017129,False,DEV-0199
PLOT-002430,585-C,DIFC,122085,Residential,Government,2008-11-30,2020-05-12,495076997,False,DEV-0061
PLOT-002431,2021-C,Dubai Hills Estate,437119,Residential,Government,2017-07-03,2022-03-01,352113591,False,DEV-0085
PLOT-002432,8019-B,Bur Dubai,321849,Commercial,Government,2010-07-16,2024-06-18,294330957,True,DEV-0100
PLOT-002433,3861-C,Emaar Beachfront,163974,Residential,Freehold,2019-04-23,2015-06-13,61251543,False,DEV-0044
PLOT-002434,6943-A,Al Twar,70833,Residential,Government,2021-04-03,2019-12-30,150341983,False,DEV-0002
PLOT-002435,8827-E,Downtown Dubai,399694,Residential,Government,2016-12-01,2020-06-12,324357267,False,DEV-0064
PLOT-002436,5678-D,Downtown Dubai,110689,Mixed,Leasehold,2001-09-18,2015-12-10,24374722,True,DEV-0025
PLOT-002437,962-B,Al Furjan,161931,Mixed,Freehold,2011-05-09,2019-01-13,351024242,True,DEV-0168
PLOT-002438,8754-B,Jumeirah,397238,Commercial,Leasehold,2006-04-05,2016-04-14,207235729,True,DEV-0073
PLOT-002439,1945-B,Dubai South,417610,Commercial,Government,2013-09-10,2024-03-12,65790903,False,DEV-0166
PLOT-002440,7649-A,Dubai Investment Park,234203,Commercial,Leasehold,2004-01-15,2019-01-20,325513080,False,DEV-0118
PLOT-002441,3017-C,Al Wasl,429181,Mixed,Freehold,2008-09-22,2022-08-27,432003795,False,DEV-0195
PLOT-002442,7074-A,Jumeirah,83529,Mixed,Freehold,2006-06-11,2020-09-28,489233394,True,DEV-0157
PLOT-002443,1631-E,Town Square,418988,Mixed,Freehold,2021-05-11,2019-06-24,297250229,True,DEV-0037
PLOT-002444,2846-B,Muhaisnah,99515,Residential,Freehold,2006-04-06,2019-10-11,424190272,False,DEV-0076
PLOT-002445,5759-B,Mirdif,316515,Residential,Government,2003-07-16,2016-04-28,112245728,True,DEV-0096
PLOT-002446,6693-C,International City,13940,Commercial,Freehold,2019-01-22,2022-06-04,435698656,True,DEV-0179
PLOT-002447,9581-B,Jumeirah,430151,Green,Freehold,2002-02-01,2017-10-06,494177892,True,DEV-0015
PLOT-002448,6854-A,Al Wasl,301337,Residential,Government,2005-11-04,2019-08-01,317046727,True,DEV-0061
PLOT-002449,1755-D,Palm Jumeirah,419422,Mixed,Leasehold,2017-09-27,2024-05-14,494290839,False,DEV-0151
PLOT-002450,9621-E,Dubai South,467921,Residential,Leasehold,2011-06-16,2022-12-20,251936350,True,DEV-0048
PLOT-002451,9521-C,Sports City,165804,Residential,Freehold,2012-01-06,2023-05-29,66540879,True,DEV-0057
PLOT-002452,3076-B,Dubai Creek Harbour,443505,Residential,Freehold,2023-09-15,2019-09-27,401197714,True,DEV-0156
PLOT-002453,528-B,Nad Al Sheba,25377,Industrial,Freehold,2023-10-02,2018-03-03,56033108,True,DEV-0002
PLOT-002454,910-B,Arabian Ranches,225981,Mixed,Freehold,2011-08-20,2022-10-21,455811502,False,DEV-0007
PLOT-002455,9606-D,Jumeirah,31525,Commercial,Freehold,2008-02-13,2016-04-29,110711235,False,DEV-0114
PLOT-002456,1352-D,Dubai Investment Park,159274,Mixed,Freehold,2006-02-04,2016-07-25,315504508,True,DEV-0114
PLOT-002457,5246-B,Dubailand,191925,Residential,Government,2006-05-11,2016-06-02,112611625,True,DEV-0121
PLOT-002458,1772-B,Warqa,317984,Mixed,Freehold,2016-09-18,2016-10-07,187231765,False,DEV-0029
PLOT-002459,150-A,Al Qusais,193678,Commercial,Freehold,2005-08-04,2022-02-01,112369814,False,DEV-0053
PLOT-002460,1629-A,Dubailand,90555,Residential,Freehold,2015-09-02,2019-09-10,103644561,True,DEV-0094
PLOT-002461,8394-E,Palm Jumeirah,319339,Mixed,Leasehold,2005-02-28,2023-06-15,413493799,False,DEV-0162
PLOT-002462,9489-C,Al Twar,90996,Commercial,Freehold,2008-06-15,2020-02-06,335173625,True,DEV-0087
PLOT-002463,3624-D,Palm Jumeirah,397373,Mixed,Freehold,2004-02-13,2016-06-26,113254578,False,DEV-0166
PLOT-002464,323-A,Dubai Creek Harbour,111452,Residential,Leasehold,2001-10-13,2015-07-26,11817244,False,DEV-0176
PLOT-002465,6670-A,Jumeirah,191394,Mixed,Leasehold,2008-10-18,2017-03-22,14152255,False,DEV-0029
PLOT-002466,3958-C,Al Quoz,417268,Residential,Freehold,2021-10-02,2020-01-26,388353319,False,DEV-0177
PLOT-002467,1939-D,International City,262606,Mixed,Freehold,2012-09-23,2017-03-24,67905145,False,DEV-0194
PLOT-002468,3577-B,DIFC,398918,Industrial,Freehold,2012-04-22,2018-01-18,394104907,True,DEV-0047
PLOT-002469,3506-B,Umm Suqeim,158254,Residential,Freehold,2010-02-27,2016-02-17,87632907,False,DEV-0200
PLOT-002470,1219-E,Dubai Land,71889,Mixed,Government,2019-07-01,2018-10-21,62369590,True,DEV-0095
PLOT-002471,1850-C,Jebel Ali,278771,Residential,Freehold,2013-05-25,2024-07-18,312818158,False,DEV-0128
PLOT-002472,3820-B,Dubai Marina,288493,Industrial,Leasehold,2008-07-19,2016-01-17,204003211,True,DEV-0180
PLOT-002473,9449-E,Arabian Ranches,212364,Residential,Freehold,2022-03-12,2015-10-03,425690869,True,DEV-0160
PLOT-002474,4176-E,Dubai Hills Estate,349398,Residential,Freehold,2016-04-23,2023-06-04,63978563,False,DEV-0075
PLOT-002475,6393-E,Al Qusais,11693,Residential,Freehold,2017-03-28,2024-12-29,183339735,False,DEV-0040
PLOT-002476,6026-B,Motor City,469180,Mixed,Freehold,2000-04-10,2023-08-03,289170287,False,DEV-0141
PLOT-002477,4666-B,Al Barsha,417247,Mixed,Freehold,2018-12-09,2018-09-08,350826305,False,DEV-0047
PLOT-002478,4429-E,Palm Jumeirah,143502,Mixed,Government,2014-01-17,2016-03-16,53867826,True,DEV-0055
PLOT-002479,3526-C,Dubai Hills Estate,274516,Commercial,Leasehold,2020-05-02,2020-08-29,86994576,False,DEV-0196
PLOT-002480,1153-C,Dubai Investment Park,313654,Residential,Freehold,2014-06-14,2021-02-08,120274671,False,DEV-0053
PLOT-002481,6339-C,Dubailand,300020,Commercial,Leasehold,2017-06-25,2024-11-20,475147879,True,DEV-0198
PLOT-002482,7269-A,Dubai Marina,238227,Industrial,Leasehold,2004-01-08,2020-09-14,361697703,True,DEV-0056
PLOT-002483,7760-B,Al Quoz,146336,Mixed,Leasehold,2011-11-17,2018-06-26,125414768,True,DEV-0165
PLOT-002484,9051-A,Bur Dubai,366745,Commercial,Freehold,2020-01-29,2019-04-30,409136680,True,DEV-0045
PLOT-002485,4213-E,Al Quoz,189230,Residential,Government,2018-07-20,2022-12-20,100420485,False,DEV-0001
PLOT-002486,2372-C,Al Satwa,481750,Mixed,Leasehold,2010-04-18,2016-08-16,107312889,False,DEV-0172
PLOT-002487,1986-D,Jebel Ali,283152,Mixed,Freehold,2018-03-27,2019-09-12,265631071,False,DEV-0129
PLOT-002488,9131-C,Dubai Creek Harbour,125624,Mixed,Freehold,2007-12-31,2023-01-05,84875803,False,DEV-0005
PLOT-002489,5923-E,Dubai Investment Park,245764,Mixed,Freehold,2016-11-28,2022-01-23,446511485,False,DEV-0173
PLOT-002490,1469-D,Jebel Ali,281967,Commercial,Leasehold,2014-06-05,2024-09-21,224423619,False,DEV-0109
PLOT-002491,3134-B,Dubai South,345066,Residential,Freehold,2011-08-30,2022-08-08,279191703,True,DEV-0122
PLOT-002492,653-C,Al Karama,243025,Commercial,Freehold,2021-11-15,2021-07-21,41880915,False,DEV-0125
PLOT-002493,7183-B,Bur Dubai,218779,Mixed,Freehold,2001-05-08,2018-11-16,353957193,False,DEV-0176
PLOT-002494,3547-A,Al Mizhar,147867,Residential,Freehold,2010-05-05,2024-08-12,258895691,True,DEV-0143
PLOT-002495,9752-D,Dubai Investment Park,407646,Industrial,Freehold,2001-07-28,2018-06-10,261458975,True,DEV-0054
PLOT-002496,6917-C,Al Quoz,498001,Commercial,Leasehold,2014-04-25,2020-03-31,426072337,True,DEV-0144
PLOT-002497,1729-B,DIFC,222263,Commercial,Freehold,2014-06-03,2022-03-09,484075500,False,DEV-0008
PLOT-002498,9632-E,Mirdif,495146,Residential,Freehold,2011-01-02,2022-01-07,78575023,False,DEV-0020
PLOT-002499,5508-C,Town Square,384559,Industrial,Freehold,2004-08-08,2023-10-06,292421754,False,DEV-0032
PLOT-002500,6589-D,Al Satwa,340131,Commercial,Freehold,2002-04-01,2019-11-03,216309537,True,DEV-0020
PLOT-002501,9101-E,Al Quoz,82766,Green,Government,2015-06-21,2017-09-25,96608367,True,DEV-0189
PLOT-002502,5613-A,Muhaisnah,18702,Commercial,Freehold,2004-12-26,2017-05-20,439484242,False,DEV-0029
PLOT-002503,6622-A,Al Karama,231868,Residential,Freehold,2004-08-07,2016-09-18,213841386,True,DEV-0064
PLOT-002504,2743-E,Bur Dubai,158610,Green,Freehold,2006-01-29,2023-03-15,404755390,True,DEV-0092
PLOT-002505,7217-D,Al Wasl,439420,Residential,Freehold,2017-09-05,2019-10-07,35177867,False,DEV-0066
PLOT-002506,2981-D,Town Square,95311,Commercial,Leasehold,2021-04-07,2018-03-29,113796926,False,DEV-0188
PLOT-002507,2772-C,Al Twar,94538,Residential,Leasehold,2020-12-10,2021-09-01,170929923,False,DEV-0149
PLOT-002508,6449-D,Al Safa,489159,Residential,Freehold,2006-09-05,2017-11-10,490976431,False,DEV-0030
PLOT-002509,5457-C,Emaar Beachfront,169531,Commercial,Freehold,2010-10-24,2019-05-25,138714083,False,DEV-0012
PLOT-002510,4424-D,Umm Suqeim,449833,Residential,Freehold,2014-01-03,2018-12-19,458157490,False,DEV-0015
PLOT-002511,3365-C,Jebel Ali,157970,Mixed,Leasehold,2011-02-14,2015-08-20,3454859,False,DEV-0085
PLOT-002512,6846-D,Dubai Hills Estate,158078,Mixed,Leasehold,2022-03-07,2018-09-15,309287678,True,DEV-0137
PLOT-002513,7453-B,JLT,265346,Commercial,Leasehold,2011-09-14,2015-06-11,232191839,True,DEV-0182
PLOT-002514,325-E,Al Karama,104695,Commercial,Freehold,2013-08-28,2018-01-19,249521184,False,DEV-0079
PLOT-002515,6759-D,Umm Suqeim,204792,Residential,Leasehold,2008-06-03,2016-04-29,174844728,True,DEV-0101
PLOT-002516,698-A,Nad Al Sheba,243777,Residential,Freehold,2020-06-16,2024-01-25,67238368,True,DEV-0085
PLOT-002517,6371-A,DIFC,472789,Commercial,Leasehold,2000-04-18,2024-08-04,377444102,False,DEV-0164
PLOT-002518,822-B,Palm Jumeirah,367393,Green,Freehold,2013-05-06,2016-03-08,378863902,True,DEV-0131
PLOT-002519,8154-D,Al Quoz,7650,Green,Freehold,2021-02-23,2023-01-18,29049953,False,DEV-0036
PLOT-002520,1964-E,Arabian Ranches,180252,Commercial,Freehold,2004-12-21,2021-11-22,2699228,True,DEV-0046
PLOT-002521,3135-A,Dubailand,5731,Mixed,Leasehold,2005-02-09,2021-03-17,88746743,True,DEV-0198
PLOT-002522,5726-E,Al Furjan,261430,Commercial,Government,2009-02-06,2015-01-10,8162598,True,DEV-0023
PLOT-002523,9170-B,Al Safa,58063,Commercial,Government,2000-03-02,2017-12-22,246029680,False,DEV-0112
PLOT-002524,99-D,DIFC,382937,Mixed,Leasehold,2014-08-26,2020-03-17,282905844,False,DEV-0103
PLOT-002525,6710-A,Dubailand,157015,Industrial,Freehold,2004-09-17,2023-03-01,54967178,False,DEV-0174
PLOT-002526,8992-E,Al Safa,9122,Mixed,Freehold,2012-02-12,2021-11-09,151831303,False,DEV-0048
PLOT-002527,1006-E,Al Furjan,141504,Commercial,Leasehold,2005-11-03,2020-07-01,32042856,True,DEV-0124
PLOT-002528,2360-E,Al Wasl,295928,Industrial,Freehold,2006-12-23,2024-04-01,169533561,False,DEV-0093
PLOT-002529,2741-B,Jebel Ali,312227,Residential,Leasehold,2014-05-31,2015-10-12,371075738,True,DEV-0151
PLOT-002530,8383-E,Bur Dubai,99637,Green,Freehold,2005-04-21,2023-12-08,133185026,True,DEV-0146
PLOT-002531,866-C,Deira,333158,Commercial,Freehold,2012-12-21,2021-06-27,37058402,False,DEV-0118
PLOT-002532,6188-C,Nad Al Sheba,467597,Residential,Freehold,2005-10-09,2022-06-22,328156283,False,DEV-0052
PLOT-002533,7214-B,Dubai Marina,402850,Commercial,Freehold,2012-09-13,2022-09-17,457557451,True,DEV-0138
PLOT-002534,6198-D,Dubai Investment Park,220814,Residential,Government,2021-07-26,2016-09-13,119334377,True,DEV-0082
PLOT-002535,9060-E,Dubai Hills Estate,124067,Residential,Leasehold,2021-11-22,2022-05-28,93266001,False,DEV-0063
PLOT-002536,3907-A,Al Twar,198864,Residential,Freehold,2010-07-05,2015-04-12,139884074,False,DEV-0129
PLOT-002537,3561-E,Al Satwa,480215,Residential,Leasehold,2017-02-13,2024-11-02,194317306,False,DEV-0193
PLOT-002538,5278-E,Umm Suqeim,369750,Residential,Leasehold,2012-04-17,2024-03-21,371253580,False,DEV-0130
PLOT-002539,179-C,Al Twar,402650,Residential,Government,2016-05-17,2022-10-27,104677955,True,DEV-0176
PLOT-002540,3880-D,Al Mizhar,410373,Mixed,Freehold,2006-02-03,2015-04-14,298921301,False,DEV-0073
PLOT-002541,135-E,Al Qusais,121416,Residential,Government,2020-10-04,2022-01-28,263242125,False,DEV-0102
PLOT-002542,5895-B,Al Twar,41969,Industrial,Freehold,2006-09-01,2020-03-06,471536343,True,DEV-0050
PLOT-002543,2334-C,Umm Suqeim,166840,Mixed,Government,2003-08-08,2015-10-22,470994325,False,DEV-0185
PLOT-002544,2436-B,Dubai Creek Harbour,160975,Residential,Freehold,2003-12-01,2017-11-14,4641153,True,DEV-0165
PLOT-002545,1743-B,Discovery Gardens,373836,Mixed,Freehold,2003-02-15,2023-11-15,85233237,True,DEV-0197
PLOT-002546,8600-E,Warqa,290060,Residential,Leasehold,2008-08-04,2022-11-15,472659373,False,DEV-0057
PLOT-002547,1388-A,JLT,168454,Residential,Leasehold,2016-11-14,2024-12-05,56702180,True,DEV-0171
PLOT-002548,358-C,International City,79174,Commercial,Freehold,2015-07-11,2023-06-16,498425999,False,DEV-0025
PLOT-002549,6732-C,Dubai Investment Park,431707,Residential,Freehold,2003-01-06,2018-01-23,154009326,False,DEV-0161
PLOT-002550,2334-B,Dubailand,254407,Residential,Freehold,2008-01-29,2019-12-17,333670918,False,DEV-0162
PLOT-002551,9467-E,Dubai Hills Estate,100596,Residential,Freehold,2002-12-15,2016-09-14,73789552,False,DEV-0023
PLOT-002552,4131-D,Arabian Ranches,391066,Residential,Freehold,2019-06-07,2019-03-21,432862358,True,DEV-0182
PLOT-002553,2989-B,Al Wasl,349410,Commercial,Freehold,2002-04-11,2016-11-21,354743847,True,DEV-0125
PLOT-002554,6671-E,Town Square,81436,Residential,Freehold,2020-10-01,2015-12-20,94905811,True,DEV-0109
PLOT-002555,2688-E,International City,463865,Residential,Government,2007-01-12,2019-09-03,363174421,False,DEV-0131
PLOT-002556,4703-D,JLT,39196,Mixed,Leasehold,2008-03-15,2019-11-08,288475178,True,DEV-0181
PLOT-002557,8860-D,Warqa,345906,Commercial,Government,2006-02-12,2021-03-09,247124530,False,DEV-0162
PLOT-002558,8317-E,Dubailand,9902,Mixed,Freehold,2014-03-18,2015-06-05,219725557,False,DEV-0023
PLOT-002559,1924-B,Nad Al Sheba,363522,Commercial,Government,2011-05-07,2017-07-10,57547293,False,DEV-0179
PLOT-002560,6063-E,Al Twar,280882,Mixed,Freehold,2010-03-11,2024-06-19,149308448,False,DEV-0129
PLOT-002561,9658-E,Jebel Ali,139224,Commercial,Leasehold,2009-11-09,2019-09-26,246932023,True,DEV-0025
PLOT-002562,1121-A,Al Safa,368595,Mixed,Government,2003-04-25,2024-10-15,381505803,False,DEV-0064
PLOT-002563,7225-B,Dubai Creek Harbour,30431,Commercial,Freehold,2011-09-25,2023-06-29,484717868,False,DEV-0003
PLOT-002564,965-C,Al Qusais,251612,Mixed,Government,2017-04-26,2020-12-22,313102846,True,DEV-0158
PLOT-002565,7015-A,Al Satwa,399347,Industrial,Leasehold,2016-05-16,2022-12-10,4331015,True,DEV-0161
PLOT-002566,8148-C,Palm Jumeirah,108590,Residential,Leasehold,2002-12-19,2015-10-27,102382890,False,DEV-0146
PLOT-002567,99-B,Umm Suqeim,484630,Mixed,Freehold,2011-06-19,2022-06-14,418776774,False,DEV-0132
PLOT-002568,4096-E,Palm Jumeirah,339959,Residential,Freehold,2004-08-26,2018-11-18,29033984,False,DEV-0111
PLOT-002569,6856-D,JVC,441952,Commercial,Freehold,2006-11-30,2016-01-10,44632947,False,DEV-0003
PLOT-002570,5411-E,Umm Suqeim,133923,Industrial,Leasehold,2020-07-22,2016-02-11,69366029,True,DEV-0150
PLOT-002571,7783-C,Deira,259910,Mixed,Leasehold,2006-06-27,2019-09-15,346516432,False,DEV-0048
PLOT-002572,60-A,Deira,36057,Commercial,Freehold,2004-06-18,2016-12-11,409100869,False,DEV-0167
PLOT-002573,7695-D,Dubai South,77191,Residential,Freehold,2018-06-19,2019-08-08,269684566,False,DEV-0056
PLOT-002574,8113-B,Nad Al Sheba,359791,Industrial,Leasehold,2014-01-01,2021-07-21,170250853,False,DEV-0052
PLOT-002575,6785-A,Downtown Dubai,475537,Commercial,Government,2009-07-30,2024-09-16,280008470,True,DEV-0126
PLOT-002576,8458-C,Al Furjan,487145,Mixed,Freehold,2002-04-24,2021-08-27,198470714,True,DEV-0007
PLOT-002577,6191-C,Town Square,161468,Commercial,Leasehold,2023-12-13,2018-02-20,454546506,False,DEV-0134
PLOT-002578,2465-C,Warqa,489093,Residential,Government,2002-04-11,2019-12-31,232615271,False,DEV-0015
PLOT-002579,9974-A,Dubai Marina,283048,Residential,Freehold,2015-03-16,2023-09-14,10409151,False,DEV-0153
PLOT-002580,4906-C,Al Barsha,478522,Residential,Freehold,2008-12-12,2018-08-09,381404277,True,DEV-0062
PLOT-002581,8238-A,Dubailand,271545,Residential,Freehold,2016-04-24,2016-01-20,62575509,False,DEV-0088
PLOT-002582,682-E,Al Wasl,20602,Residential,Freehold,2017-11-07,2020-01-24,412188359,False,DEV-0195
PLOT-002583,3246-D,International City,61470,Commercial,Freehold,2006-02-13,2018-03-02,480912640,False,DEV-0031
PLOT-002584,2375-A,Al Karama,198726,Mixed,Leasehold,2003-03-19,2022-08-16,180664852,False,DEV-0155
PLOT-002585,4235-E,International City,303187,Residential,Freehold,2012-02-01,2024-01-19,42669848,False,DEV-0169
PLOT-002586,7373-C,Discovery Gardens,300771,Residential,Freehold,2012-07-30,2016-07-07,451649849,False,DEV-0177
PLOT-002587,547-E,Muhaisnah,195257,Commercial,Freehold,2010-11-17,2022-07-28,232350797,False,DEV-0034
PLOT-002588,1838-C,JLT,334060,Residential,Government,2008-05-02,2022-07-14,420209876,False,DEV-0070
PLOT-002589,3772-A,Al Quoz,177269,Residential,Freehold,2011-02-14,2019-11-20,120515490,False,DEV-0094
PLOT-002590,6661-B,Bur Dubai,317628,Residential,Freehold,2003-09-12,2022-08-22,446513359,False,DEV-0051
PLOT-002591,5604-C,International City,208569,Residential,Leasehold,2015-05-25,2015-07-29,183181932,False,DEV-0137
PLOT-002592,7118-D,Sports City,207934,Green,Freehold,2010-05-01,2022-04-02,330546104,False,DEV-0171
PLOT-002593,3150-B,Arabian Ranches,366568,Residential,Freehold,2020-02-21,2023-04-15,165555658,True,DEV-0083
PLOT-002594,329-C,Dubai Investment Park,311042,Commercial,Freehold,2021-04-16,2023-11-29,493697663,True,DEV-0154
PLOT-002595,4493-D,Al Mizhar,274513,Residential,Leasehold,2010-02-21,2019-06-20,81348218,False,DEV-0034
PLOT-002596,63-D,Downtown Dubai,385457,Commercial,Leasehold,2000-01-05,2019-04-27,410568342,True,DEV-0132
PLOT-002597,3401-A,Dubai South,176518,Commercial,Freehold,2022-04-25,2017-02-02,209825525,False,DEV-0127
PLOT-002598,3741-B,Downtown Dubai,457918,Residential,Freehold,2018-04-12,2020-08-18,294923738,True,DEV-0113
PLOT-002599,9788-D,Al Satwa,164743,Industrial,Leasehold,2018-07-08,2023-12-23,227540143,True,DEV-0165
PLOT-002600,1245-A,Jebel Ali,207584,Industrial,Freehold,2018-09-09,2015-07-26,78734702,True,DEV-0139
PLOT-002601,6849-D,Business Bay,207474,Residential,Leasehold,2002-12-09,2016-08-05,176120586,False,DEV-0040
PLOT-002602,3287-E,Dubai Marina,446490,Residential,Government,2004-04-04,2021-04-26,310494510,True,DEV-0125
PLOT-002603,4644-E,Al Twar,461023,Residential,Government,2023-09-15,2019-02-06,202513636,False,DEV-0087
PLOT-002604,7760-D,Al Satwa,299966,Mixed,Freehold,2010-10-30,2020-09-13,182992611,False,DEV-0036
PLOT-002605,3659-C,Arabian Ranches,137887,Industrial,Freehold,2019-08-11,2019-07-22,250726947,False,DEV-0081
PLOT-002606,940-C,Deira,166562,Commercial,Freehold,2002-06-11,2020-11-14,239986451,False,DEV-0151
PLOT-002607,3714-A,Umm Suqeim,460980,Residential,Freehold,2022-10-04,2021-11-26,296337185,False,DEV-0134
PLOT-002608,3431-E,Business Bay,67516,Green,Freehold,2000-05-02,2015-05-31,436190658,False,DEV-0095
PLOT-002609,2491-B,Dubai Marina,191256,Mixed,Freehold,2020-11-29,2020-03-27,256744981,False,DEV-0183
PLOT-002610,4655-C,Jumeirah,327846,Industrial,Leasehold,2009-08-11,2017-12-15,165956113,False,DEV-0056
PLOT-002611,6843-C,Downtown Dubai,358399,Residential,Government,2008-09-14,2019-05-13,62795292,True,DEV-0060
PLOT-002612,4174-C,Jebel Ali,252113,Commercial,Freehold,2011-05-22,2022-07-06,375897516,False,DEV-0136
PLOT-002613,7859-B,Jebel Ali,415017,Residential,Leasehold,2009-11-21,2021-04-16,252449514,True,DEV-0031
PLOT-002614,8727-B,Nad Al Sheba,237264,Mixed,Freehold,2012-08-21,2021-10-01,395512898,False,DEV-0115
PLOT-002615,226-C,JVC,385375,Commercial,Freehold,2013-12-24,2017-04-13,294846446,False,DEV-0012
PLOT-002616,2937-B,Downtown Dubai,227269,Residential,Freehold,2017-10-12,2022-04-15,379255308,False,DEV-0128
PLOT-002617,294-C,Al Twar,398592,Mixed,Freehold,2004-04-29,2015-08-05,205045487,False,DEV-0126
PLOT-002618,7684-C,DIFC,46806,Residential,Leasehold,2002-01-30,2019-10-01,249556110,True,DEV-0068
PLOT-002619,4836-B,Al Wasl,123957,Commercial,Freehold,2014-02-27,2015-10-19,3600505,False,DEV-0173
PLOT-002620,4923-D,Al Twar,303294,Residential,Leasehold,2001-10-04,2020-05-30,486256689,False,DEV-0039
PLOT-002621,8523-B,Dubailand,451180,Commercial,Freehold,2007-05-29,2019-08-25,60128708,True,DEV-0049
PLOT-002622,2183-D,Dubai Marina,432481,Green,Leasehold,2017-11-20,2019-02-10,109293919,True,DEV-0071
PLOT-002623,7470-D,Dubai South,40119,Mixed,Freehold,2002-05-30,2024-12-28,141178932,True,DEV-0111
PLOT-002624,8068-A,Downtown Dubai,195157,Residential,Freehold,2021-01-09,2020-04-18,58660589,True,DEV-0007
PLOT-002625,4841-D,Dubailand,195081,Mixed,Freehold,2015-07-31,2015-03-02,322210034,False,DEV-0028
PLOT-002626,2905-C,Al Satwa,440120,Commercial,Leasehold,2007-01-02,2023-07-08,353697161,False,DEV-0093
PLOT-002627,9368-C,Mirdif,13938,Commercial,Leasehold,2023-06-24,2015-10-21,106918734,False,DEV-0125
PLOT-002628,8182-D,JLT,168508,Industrial,Leasehold,2017-05-31,2019-08-08,162874642,True,DEV-0094
PLOT-002629,8859-A,Dubai Marina,117285,Residential,Leasehold,2005-03-07,2022-08-27,94552359,True,DEV-0071
PLOT-002630,8655-C,Dubai Investment Park,50990,Commercial,Government,2019-07-22,2023-04-16,446846095,False,DEV-0152
PLOT-002631,8433-A,Dubai Marina,179916,Residential,Freehold,2014-09-09,2024-10-04,198805177,False,DEV-0069
PLOT-002632,824-B,Al Safa,97458,Commercial,Freehold,2021-03-04,2023-04-16,466563330,False,DEV-0122
PLOT-002633,67-B,JLT,78392,Residential,Leasehold,2014-12-21,2021-06-11,274284586,True,DEV-0138
PLOT-002634,8942-D,JVC,301934,Industrial,Leasehold,2020-10-12,2018-02-08,17124264,False,DEV-0036
PLOT-002635,7320-D,Al Safa,153323,Commercial,Freehold,2013-04-19,2024-05-15,122447613,False,DEV-0005
PLOT-002636,6810-D,Dubai Investment Park,364099,Industrial,Government,2004-05-11,2017-10-11,66549391,True,DEV-0128
PLOT-002637,8399-C,Al Safa,128058,Commercial,Leasehold,2000-10-31,2022-07-29,468933640,True,DEV-0036
PLOT-002638,5332-A,Palm Jumeirah,385146,Residential,Leasehold,2022-02-12,2018-08-09,264183705,False,DEV-0132
PLOT-002639,6046-A,Al Mizhar,14080,Commercial,Government,2017-10-25,2021-07-08,387206718,True,DEV-0180
PLOT-002640,2744-B,Al Karama,69060,Residential,Freehold,2007-09-01,2024-09-28,484639846,True,DEV-0131
PLOT-002641,9828-D,Nad Al Sheba,210721,Green,Government,2014-08-06,2023-09-10,362386219,False,DEV-0151
PLOT-002642,435-A,Dubai South,389549,Commercial,Leasehold,2014-12-16,2016-10-23,283682537,False,DEV-0013
PLOT-002643,133-A,JLT,163442,Residential,Freehold,2006-04-25,2019-11-12,322926068,False,DEV-0057
PLOT-002644,5210-B,JLT,320233,Residential,Freehold,2014-02-06,2021-12-19,280362494,False,DEV-0139
PLOT-002645,2944-E,Mirdif,448943,Residential,Leasehold,2001-08-07,2018-08-26,480267178,True,DEV-0042
PLOT-002646,4083-A,DIFC,229663,Mixed,Freehold,2001-05-30,2017-02-28,317492279,False,DEV-0033
PLOT-002647,9787-C,Al Barsha,346292,Industrial,Government,2017-02-28,2023-09-18,138436520,False,DEV-0076
PLOT-002648,9298-C,Dubai Hills Estate,376770,Residential,Leasehold,2001-11-13,2021-07-23,204512501,False,DEV-0116
PLOT-002649,8206-C,Dubai Creek Harbour,380879,Residential,Freehold,2000-12-04,2018-01-27,148641903,False,DEV-0159
PLOT-002650,8463-D,Motor City,111501,Industrial,Leasehold,2022-05-21,2019-03-16,176689250,False,DEV-0052
PLOT-002651,9096-E,Al Karama,298955,Residential,Leasehold,2005-08-25,2021-06-19,400918663,False,DEV-0060
PLOT-002652,8248-D,Umm Suqeim,136557,Green,Government,2004-11-10,2021-10-24,161860804,False,DEV-0161
PLOT-002653,9194-C,Arabian Ranches,85465,Residential,Leasehold,2012-03-06,2019-12-16,359574156,False,DEV-0123
PLOT-002654,4732-E,Al Satwa,260132,Mixed,Leasehold,2009-04-10,2017-12-13,442074988,True,DEV-0108
PLOT-002655,8054-D,Dubailand,147492,Residential,Freehold,2007-09-17,2017-05-30,1023876,False,DEV-0141
PLOT-002656,9194-E,Ras Al Khor,183476,Commercial,Leasehold,2010-11-23,2017-07-05,234527581,False,DEV-0182
PLOT-002657,9072-E,Dubai Marina,82420,Mixed,Leasehold,2012-03-24,2017-12-05,425974403,False,DEV-0045
PLOT-002658,2481-E,Jebel Ali,118322,Residential,Freehold,2002-03-31,2020-04-04,416026626,False,DEV-0084
PLOT-002659,4658-A,Dubai Marina,329395,Residential,Freehold,2017-11-24,2023-08-11,318632097,False,DEV-0138
PLOT-002660,9609-E,Palm Jumeirah,199296,Industrial,Freehold,2000-08-07,2021-09-25,6001405,False,DEV-0044
PLOT-002661,7072-D,Jebel Ali,35012,Residential,Freehold,2012-07-17,2023-06-26,261788660,False,DEV-0093
PLOT-002662,2806-D,Nad Al Sheba,38050,Mixed,Government,2008-05-25,2017-04-14,134636061,True,DEV-0159
PLOT-002663,3213-E,Dubai Creek Harbour,314567,Commercial,Government,2017-05-12,2019-03-01,204924245,False,DEV-0071
PLOT-002664,5877-A,Al Mizhar,260747,Commercial,Freehold,2006-09-07,2015-01-29,486022747,True,DEV-0110
PLOT-002665,752-A,Al Mizhar,489235,Residential,Freehold,2003-01-08,2023-10-06,399868808,False,DEV-0071
PLOT-002666,5448-B,Ras Al Khor,57313,Residential,Freehold,2021-05-01,2022-07-04,433877287,False,DEV-0055
PLOT-002667,9768-C,Arabian Ranches,138444,Residential,Freehold,2006-02-20,2024-12-29,346337041,True,DEV-0160
PLOT-002668,9720-E,Emaar Beachfront,283192,Residential,Leasehold,2022-01-18,2018-06-01,166735818,False,DEV-0131
PLOT-002669,9052-E,Al Twar,340599,Residential,Leasehold,2021-01-08,2017-03-05,376039177,False,DEV-0003
PLOT-002670,6156-B,Al Wasl,215968,Commercial,Government,2002-12-02,2022-02-28,101604623,False,DEV-0082
PLOT-002671,174-E,Al Twar,352426,Residential,Leasehold,2016-05-30,2021-10-08,104692208,True,DEV-0034
PLOT-002672,2619-A,JVC,456074,Mixed,Freehold,2023-06-26,2019-09-24,301016636,True,DEV-0109
PLOT-002673,159-E,Dubailand,232248,Residential,Freehold,2006-07-29,2024-04-19,14350595,True,DEV-0089
PLOT-002674,3357-E,Umm Suqeim,283965,Residential,Freehold,2000-10-10,2024-05-06,130028623,True,DEV-0160
PLOT-002675,6310-B,Al Barsha,241438,Residential,Freehold,2021-12-10,2022-12-13,454403387,False,DEV-0085
PLOT-002676,4315-D,Discovery Gardens,365990,Green,Freehold,2011-07-31,2021-02-12,380283240,False,DEV-0071
PLOT-002677,6651-B,Palm Jumeirah,497631,Residential,Freehold,2010-10-23,2016-11-13,421972578,False,DEV-0199
PLOT-002678,4821-D,Al Safa,208710,Residential,Government,2002-08-10,2023-07-11,303945820,True,DEV-0182
PLOT-002679,6904-C,Dubai Creek Harbour,384540,Mixed,Freehold,2016-06-20,2021-06-20,315542086,False,DEV-0183
PLOT-002680,6402-B,Al Twar,247327,Residential,Freehold,2005-08-01,2017-08-14,137430069,True,DEV-0026
PLOT-002681,5462-C,Dubai South,217479,Residential,Freehold,2004-07-18,2016-09-21,215968459,False,DEV-0146
PLOT-002682,8981-A,Ras Al Khor,143372,Industrial,Leasehold,2019-10-05,2020-12-05,255464897,True,DEV-0075
PLOT-002683,3360-C,Al Mizhar,12188,Mixed,Government,2003-06-12,2016-08-28,462720286,False,DEV-0011
PLOT-002684,5100-A,Dubai Creek Harbour,389950,Mixed,Leasehold,2003-08-20,2022-09-02,284331673,False,DEV-0011
PLOT-002685,8369-B,Sports City,398584,Residential,Leasehold,2018-04-17,2017-08-10,213089694,True,DEV-0098
PLOT-002686,9725-C,Al Satwa,236567,Residential,Freehold,2023-09-28,2024-05-03,373966561,False,DEV-0191
PLOT-002687,9446-D,Dubai South,373414,Mixed,Leasehold,2012-07-01,2016-05-25,50028641,False,DEV-0194
PLOT-002688,4692-B,Umm Suqeim,159033,Commercial,Government,2017-05-10,2020-01-09,119300944,False,DEV-0018
PLOT-002689,7078-A,Sports City,321150,Residential,Government,2013-07-26,2017-12-16,299082244,False,DEV-0117
PLOT-002690,8216-B,Dubai Hills Estate,398593,Residential,Government,2005-07-26,2019-09-27,50570637,False,DEV-0055
PLOT-002691,7820-D,Al Wasl,452691,Commercial,Freehold,2015-04-04,2023-03-08,300387560,False,DEV-0154
PLOT-002692,3210-B,Dubai South,161133,Industrial,Leasehold,2005-12-13,2019-12-26,436609559,True,DEV-0001
PLOT-002693,4371-A,Dubai Marina,310551,Commercial,Freehold,2004-06-14,2021-12-23,359615094,False,DEV-0097
PLOT-002694,4606-B,Al Wasl,413329,Residential,Freehold,2012-01-09,2015-04-27,497878735,True,DEV-0089
PLOT-002695,475-C,Al Satwa,450307,Commercial,Freehold,2004-07-20,2021-02-26,298135849,False,DEV-0089
PLOT-002696,3301-D,Emaar Beachfront,200774,Mixed,Leasehold,2017-09-22,2022-12-18,26369543,True,DEV-0174
PLOT-002697,1744-D,Jumeirah,489989,Commercial,Leasehold,2020-04-22,2018-07-05,165964182,True,DEV-0031
PLOT-002698,8736-A,Dubai Investment Park,120711,Industrial,Freehold,2020-05-15,2023-02-14,378706109,True,DEV-0043
PLOT-002699,9553-B,Sports City,218252,Green,Freehold,2011-05-26,2022-03-01,133866797,True,DEV-0146
PLOT-002700,2287-D,Dubailand,78191,Residential,Freehold,2004-12-14,2024-06-14,414490509,False,DEV-0186
PLOT-002701,2877-E,JVC,77259,Commercial,Leasehold,2002-01-06,2019-05-20,79666173,False,DEV-0103
PLOT-002702,9670-D,Dubai South,277316,Residential,Government,2018-10-04,2022-09-23,268556772,True,DEV-0188
PLOT-002703,6287-B,Al Twar,70323,Mixed,Freehold,2017-01-16,2019-09-16,144491708,True,DEV-0060
PLOT-002704,2943-D,Motor City,164233,Mixed,Leasehold,2005-10-04,2018-11-13,429577947,False,DEV-0048
PLOT-002705,3315-A,Ras Al Khor,29784,Industrial,Freehold,2016-11-03,2019-07-14,494220156,True,DEV-0061
PLOT-002706,4304-E,Al Quoz,104590,Mixed,Leasehold,2014-10-07,2015-09-07,226426982,True,DEV-0200
PLOT-002707,8614-D,Al Safa,156688,Industrial,Government,2011-08-05,2023-02-17,320426039,True,DEV-0124
PLOT-002708,8071-A,Al Barsha,469919,Mixed,Freehold,2014-08-02,2016-07-09,14179785,False,DEV-0083
PLOT-002709,3121-B,Al Satwa,156714,Mixed,Freehold,2000-11-22,2015-04-17,493951490,True,DEV-0014
PLOT-002710,8442-A,Business Bay,41589,Residential,Freehold,2003-10-11,2016-05-19,159606975,False,DEV-0189
PLOT-002711,5325-C,Dubai Hills Estate,241760,Commercial,Freehold,2018-09-01,2024-08-20,214812410,True,DEV-0088
PLOT-002712,7643-A,Al Furjan,122753,Residential,Leasehold,2017-03-12,2024-03-24,454066646,False,DEV-0115
PLOT-002713,5932-C,Business Bay,232292,Residential,Leasehold,2022-03-11,2021-12-17,154286531,True,DEV-0177
PLOT-002714,4165-B,Warqa,153382,Mixed,Leasehold,2003-08-16,2016-10-18,479143487,True,DEV-0110
PLOT-002715,762-E,Al Barsha,410428,Residential,Freehold,2011-08-19,2019-03-31,8955272,False,DEV-0123
PLOT-002716,8308-D,Sports City,495237,Residential,Freehold,2021-04-24,2018-11-19,155255788,False,DEV-0140
PLOT-002717,9231-A,Town Square,9961,Residential,Leasehold,2014-08-16,2021-04-01,368725755,True,DEV-0134
PLOT-002718,9473-A,Motor City,487087,Residential,Leasehold,2007-12-21,2020-05-29,358978794,True,DEV-0039
PLOT-002719,7940-A,Sports City,43271,Mixed,Freehold,2021-06-01,2022-11-10,194218086,True,DEV-0076
PLOT-002720,5256-A,Al Quoz,366337,Mixed,Freehold,2010-10-01,2020-03-11,128969527,True,DEV-0108
PLOT-002721,5438-D,Umm Suqeim,426144,Mixed,Freehold,2011-11-19,2021-07-20,387163356,True,DEV-0182
PLOT-002722,1497-A,Jebel Ali,357035,Residential,Leasehold,2021-01-31,2015-04-23,235375459,False,DEV-0142
PLOT-002723,6511-E,Al Mizhar,411102,Commercial,Freehold,2010-06-16,2023-03-06,473994836,False,DEV-0182
PLOT-002724,1216-D,Business Bay,217437,Green,Leasehold,2005-11-10,2018-09-07,128529740,False,DEV-0081
PLOT-002725,8149-B,Dubai South,410583,Commercial,Freehold,2020-04-10,2020-06-04,457075378,False,DEV-0069
PLOT-002726,9501-D,JLT,476465,Residential,Government,2007-04-17,2015-04-16,157064035,False,DEV-0012
PLOT-002727,1071-D,Mirdif,435527,Industrial,Leasehold,2016-03-11,2023-05-07,153712021,True,DEV-0183
PLOT-002728,8751-A,Motor City,397069,Mixed,Leasehold,2008-05-07,2017-12-13,468593808,False,DEV-0081
PLOT-002729,3507-E,Al Twar,378691,Mixed,Freehold,2016-01-26,2016-12-30,485123892,True,DEV-0131
PLOT-002730,1039-B,Warqa,152307,Commercial,Freehold,2006-07-30,2024-10-21,224830677,True,DEV-0160
PLOT-002731,1828-A,Discovery Gardens,32938,Residential,Government,2015-03-03,2024-12-02,94228050,True,DEV-0144
PLOT-002732,5420-A,Al Qusais,102961,Residential,Leasehold,2006-02-23,2023-07-27,420502089,False,DEV-0193
PLOT-002733,6880-A,Mirdif,148192,Residential,Freehold,2022-08-09,2020-03-10,115980647,False,DEV-0154
PLOT-002734,3552-C,Jebel Ali,56024,Commercial,Leasehold,2011-09-29,2022-01-05,430999592,True,DEV-0165
PLOT-002735,4469-B,Al Satwa,34105,Industrial,Leasehold,2021-03-15,2016-09-18,161984028,False,DEV-0041
PLOT-002736,9098-B,Al Furjan,240811,Residential,Freehold,2017-10-27,2016-08-30,373599799,False,DEV-0087
PLOT-002737,1674-E,International City,384229,Mixed,Freehold,2003-08-25,2015-07-18,6190926,True,DEV-0156
PLOT-002738,5701-E,Umm Suqeim,6364,Green,Freehold,2010-04-30,2023-11-14,233141753,True,DEV-0078
PLOT-002739,1960-D,Dubai Hills Estate,352736,Residential,Freehold,2014-07-13,2024-01-27,115238564,True,DEV-0062
PLOT-002740,1497-E,Al Quoz,120571,Residential,Leasehold,2019-02-24,2016-03-29,278257285,True,DEV-0144
PLOT-002741,2901-C,International City,487828,Residential,Leasehold,2013-06-05,2023-03-19,336071649,False,DEV-0188
PLOT-002742,3262-A,Downtown Dubai,64978,Commercial,Freehold,2005-02-20,2016-11-05,412268105,True,DEV-0158
PLOT-002743,666-A,Al Twar,377880,Residential,Freehold,2016-12-25,2022-07-02,230637723,False,DEV-0052
PLOT-002744,5582-C,Dubailand,289373,Green,Freehold,2008-07-21,2024-03-29,398780404,False,DEV-0049
PLOT-002745,9759-E,Jumeirah,143937,Commercial,Government,2002-11-07,2017-02-23,486306699,False,DEV-0067
PLOT-002746,8560-A,Al Karama,246126,Residential,Freehold,2002-05-18,2022-06-08,239932740,True,DEV-0178
PLOT-002747,1072-E,Al Safa,287616,Residential,Freehold,2004-04-14,2024-02-14,457545054,False,DEV-0107
PLOT-002748,4123-A,Warqa,311553,Residential,Freehold,2015-12-07,2023-10-10,150033419,False,DEV-0137
PLOT-002749,4668-D,Dubai Creek Harbour,460610,Commercial,Freehold,2001-04-22,2019-04-03,324705562,False,DEV-0173
PLOT-002750,2058-E,Al Wasl,143428,Residential,Leasehold,2012-03-18,2018-10-05,228327449,False,DEV-0137
PLOT-002751,8775-A,JLT,444634,Mixed,Leasehold,2008-04-09,2024-09-30,379029414,False,DEV-0012
PLOT-002752,2086-D,JVC,316854,Mixed,Leasehold,2006-09-20,2015-02-13,107279045,True,DEV-0106
PLOT-002753,6742-E,Mirdif,251502,Mixed,Leasehold,2022-09-25,2018-08-25,62139593,False,DEV-0199
PLOT-002754,605-A,Jebel Ali,255017,Mixed,Freehold,2014-10-07,2017-08-15,300529841,True,DEV-0019
PLOT-002755,9911-D,Town Square,400261,Mixed,Freehold,2022-01-10,2020-05-07,477784561,False,DEV-0013
PLOT-002756,5956-D,Emaar Beachfront,94515,Residential,Leasehold,2018-01-12,2022-02-26,461598527,True,DEV-0150
PLOT-002757,2142-E,JLT,284730,Residential,Freehold,2001-06-23,2016-07-08,282126129,False,DEV-0049
PLOT-002758,4486-B,Al Karama,218670,Residential,Leasehold,2020-02-03,2023-01-08,298618175,True,DEV-0112
PLOT-002759,5640-B,Bur Dubai,309979,Residential,Leasehold,2002-02-14,2016-09-02,423754179,True,DEV-0131
PLOT-002760,1292-C,Umm Suqeim,280610,Residential,Freehold,2013-10-20,2024-10-23,109603952,False,DEV-0154
PLOT-002761,8485-C,Al Satwa,374288,Green,Freehold,2021-09-12,2021-03-23,428961929,False,DEV-0173
PLOT-002762,1144-E,JVC,115683,Commercial,Leasehold,2016-05-10,2017-01-30,101822180,False,DEV-0159
PLOT-002763,6168-E,Dubai Land,198754,Industrial,Freehold,2023-05-19,2016-10-05,212720355,False,DEV-0001
PLOT-002764,8125-B,Warqa,25998,Commercial,Freehold,2007-03-22,2018-08-25,415599392,False,DEV-0054
PLOT-002765,7800-A,Al Furjan,43773,Mixed,Government,2016-03-08,2023-03-29,64607210,False,DEV-0061
PLOT-002766,444-E,Motor City,210791,Mixed,Freehold,2008-05-05,2021-12-18,62316348,True,DEV-0030
PLOT-002767,4504-C,Emaar Beachfront,457589,Industrial,Freehold,2002-11-23,2017-12-08,349131307,True,DEV-0129
PLOT-002768,1710-E,Al Qusais,296903,Residential,Freehold,2020-10-22,2022-07-11,392526409,False,DEV-0059
PLOT-002769,5584-C,Bur Dubai,77772,Residential,Freehold,2011-11-03,2015-09-06,424533311,False,DEV-0019
PLOT-002770,6292-D,Al Safa,121363,Mixed,Freehold,2014-05-14,2023-12-24,291566823,True,DEV-0174
PLOT-002771,4617-C,Mirdif,57320,Industrial,Freehold,2005-03-05,2021-10-15,64428165,True,DEV-0118
PLOT-002772,1093-C,Al Qusais,397938,Industrial,Leasehold,2018-03-08,2023-03-04,342207997,True,DEV-0140
PLOT-002773,9312-D,Deira,165216,Residential,Freehold,2018-06-13,2015-12-18,349347122,False,DEV-0061
PLOT-002774,1762-E,Al Satwa,330531,Residential,Leasehold,2004-11-17,2019-10-31,199322306,True,DEV-0009
PLOT-002775,4612-E,Al Mizhar,194673,Commercial,Freehold,2020-01-12,2023-09-03,400322483,True,DEV-0198
PLOT-002776,8234-A,Dubailand,230258,Mixed,Government,2013-06-02,2019-06-05,369153691,False,DEV-0085
PLOT-002777,2322-B,Town Square,184163,Residential,Freehold,2023-03-27,2019-02-02,422277358,True,DEV-0039
PLOT-002778,6415-C,Al Mizhar,168029,Green,Leasehold,2009-01-15,2016-06-28,441244382,True,DEV-0096
PLOT-002779,9112-A,Umm Suqeim,70762,Mixed,Leasehold,2005-11-21,2017-03-28,388866368,False,DEV-0085
PLOT-002780,373-B,Business Bay,367256,Residential,Government,2019-04-08,2019-09-17,83783037,False,DEV-0109
PLOT-002781,3332-B,Nad Al Sheba,486137,Mixed,Leasehold,2008-10-30,2022-05-18,299790887,False,DEV-0032
PLOT-002782,9578-A,Al Wasl,201466,Commercial,Leasehold,2018-09-11,2018-10-21,223771476,True,DEV-0011
PLOT-002783,8-E,Al Satwa,16384,Commercial,Government,2001-08-08,2017-12-15,70392224,False,DEV-0172
PLOT-002784,6153-A,Al Quoz,111418,Industrial,Freehold,2002-10-17,2019-12-23,118752479,True,DEV-0105
PLOT-002785,3820-D,Motor City,167217,Industrial,Leasehold,2018-12-04,2020-02-09,207068220,False,DEV-0012
PLOT-002786,2664-E,Al Qusais,215357,Residential,Freehold,2007-06-17,2020-09-11,335932050,True,DEV-0056
PLOT-002787,3677-B,Dubai Marina,214557,Mixed,Leasehold,2023-06-30,2024-01-31,228046508,False,DEV-0102
PLOT-002788,3976-D,Al Safa,156372,Residential,Freehold,2007-01-28,2017-01-03,8326839,True,DEV-0159
PLOT-002789,2034-B,Al Qusais,205591,Commercial,Leasehold,2021-08-26,2017-06-06,307831975,False,DEV-0073
PLOT-002790,8813-B,Town Square,68483,Commercial,Leasehold,2012-06-23,2023-09-01,358504651,False,DEV-0170
PLOT-002791,8481-A,Arabian Ranches,110071,Mixed,Government,2008-05-07,2016-07-03,277811539,True,DEV-0174
PLOT-002792,1574-B,Downtown Dubai,455139,Commercial,Leasehold,2000-10-06,2015-02-07,71388565,False,DEV-0070
PLOT-002793,8755-C,Sports City,112784,Mixed,Freehold,2015-09-24,2021-09-17,376965527,True,DEV-0004
PLOT-002794,6616-E,DIFC,255735,Commercial,Government,2020-09-28,2021-10-11,79397504,False,DEV-0035
PLOT-002795,9273-B,Business Bay,483994,Industrial,Freehold,2022-12-14,2015-11-26,229873667,False,DEV-0042
PLOT-002796,6762-E,Dubai Land,168716,Residential,Freehold,2014-11-22,2015-01-31,31152220,False,DEV-0046
PLOT-002797,4307-D,Al Karama,201802,Industrial,Freehold,2013-09-15,2017-03-17,53186107,False,DEV-0166
PLOT-002798,2243-C,Bur Dubai,280379,Commercial,Government,2011-04-27,2023-12-14,319202623,True,DEV-0094
PLOT-002799,5402-C,DIFC,372701,Residential,Leasehold,2003-03-01,2021-06-11,274814595,False,DEV-0064
PLOT-002800,9927-A,Muhaisnah,183841,Commercial,Freehold,2000-11-23,2021-03-21,359876514,True,DEV-0162
PLOT-002801,6410-E,Al Twar,312904,Residential,Leasehold,2000-08-18,2021-05-28,295479865,False,DEV-0183
PLOT-002802,5707-C,Al Wasl,217911,Commercial,Leasehold,2015-06-08,2021-12-19,259494059,False,DEV-0031
PLOT-002803,3210-C,Muhaisnah,491234,Mixed,Leasehold,2001-03-02,2020-10-01,45867155,True,DEV-0181
PLOT-002804,9509-B,Muhaisnah,323381,Residential,Leasehold,2020-10-13,2024-06-22,360024289,True,DEV-0147
PLOT-002805,6324-C,Al Twar,31834,Commercial,Leasehold,2021-02-03,2023-11-11,349000841,False,DEV-0166
PLOT-002806,9571-E,DIFC,241328,Residential,Freehold,2019-11-23,2024-08-29,67571158,True,DEV-0012
PLOT-002807,4251-C,Palm Jumeirah,22103,Mixed,Leasehold,2005-01-28,2015-12-14,189004664,False,DEV-0120
PLOT-002808,2088-D,Dubai Land,270790,Commercial,Leasehold,2011-12-11,2023-03-15,159147454,False,DEV-0163
PLOT-002809,7459-C,DIFC,180924,Mixed,Freehold,2000-01-02,2024-03-29,477176072,False,DEV-0160
PLOT-002810,2721-A,Al Quoz,211478,Mixed,Government,2013-09-30,2023-08-11,394321246,False,DEV-0068
PLOT-002811,9380-C,Al Karama,46889,Residential,Freehold,2020-03-23,2020-09-27,439884788,True,DEV-0155
PLOT-002812,3398-A,Al Qusais,374855,Green,Leasehold,2017-11-05,2020-12-13,290215712,False,DEV-0044
PLOT-002813,6367-E,Al Mizhar,184604,Residential,Leasehold,2010-09-29,2015-11-01,397911918,False,DEV-0158
PLOT-002814,1543-B,Ras Al Khor,382580,Residential,Government,2023-04-06,2015-02-11,127998505,False,DEV-0066
PLOT-002815,719-C,Al Barsha,331413,Residential,Leasehold,2007-03-26,2017-11-02,223613742,True,DEV-0014
PLOT-002816,9704-E,Business Bay,143947,Residential,Freehold,2016-05-17,2017-09-11,279219965,True,DEV-0039
PLOT-002817,5042-D,JVC,291876,Mixed,Freehold,2010-03-04,2023-03-09,100567547,True,DEV-0013
PLOT-002818,4829-B,Al Mizhar,400432,Mixed,Leasehold,2013-08-05,2016-08-25,59711516,False,DEV-0118
PLOT-002819,5458-D,Warqa,329608,Residential,Freehold,2023-09-19,2024-02-13,436871011,False,DEV-0199
PLOT-002820,5967-C,Al Mizhar,391455,Mixed,Leasehold,2012-06-10,2020-10-06,367912317,False,DEV-0099
PLOT-002821,8055-E,Emaar Beachfront,103391,Residential,Freehold,2023-11-10,2015-01-12,478335282,False,DEV-0105
PLOT-002822,9670-A,Ras Al Khor,6082,Mixed,Freehold,2013-07-21,2016-09-17,304428931,True,DEV-0112
PLOT-002823,2366-D,Dubai Hills Estate,140925,Commercial,Freehold,2010-02-01,2021-06-23,143158228,False,DEV-0082
PLOT-002824,375-A,Al Satwa,129562,Residential,Government,2006-12-20,2023-10-09,129436720,True,DEV-0021
PLOT-002825,8386-D,Ras Al Khor,120145,Mixed,Leasehold,2014-06-01,2015-08-18,97947026,False,DEV-0151
PLOT-002826,9065-B,Arabian Ranches,464149,Residential,Freehold,2002-10-06,2017-07-18,189716647,False,DEV-0192
PLOT-002827,6356-E,Al Barsha,384346,Industrial,Freehold,2016-04-25,2018-07-19,349893629,False,DEV-0173
PLOT-002828,366-D,Mirdif,386642,Commercial,Leasehold,2010-02-07,2020-07-12,252848255,True,DEV-0174
PLOT-002829,2804-C,Dubai South,154282,Residential,Freehold,2015-03-26,2023-09-18,49208080,False,DEV-0036
PLOT-002830,9845-A,Mirdif,124717,Residential,Leasehold,2021-04-08,2017-12-17,471137419,False,DEV-0080
PLOT-002831,959-B,Dubai Marina,488965,Residential,Leasehold,2020-12-16,2022-05-18,54678852,False,DEV-0096
PLOT-002832,4472-B,Umm Suqeim,125844,Mixed,Freehold,2011-11-04,2020-08-09,239830776,True,DEV-0019
PLOT-002833,7718-A,Dubai Land,167837,Residential,Government,2001-10-01,2018-12-11,492185349,False,DEV-0094
PLOT-002834,7750-E,Dubai Investment Park,300658,Mixed,Government,2016-06-21,2016-06-03,368923916,False,DEV-0106
PLOT-002835,1723-E,Dubai Investment Park,80857,Commercial,Freehold,2008-09-11,2024-07-30,145054961,True,DEV-0117
PLOT-002836,5106-C,Dubai South,101931,Residential,Government,2004-03-20,2021-07-03,61701231,False,DEV-0002
PLOT-002837,6096-D,Town Square,297560,Residential,Leasehold,2015-06-12,2021-05-04,41708611,False,DEV-0061
PLOT-002838,9520-D,Downtown Dubai,83533,Mixed,Leasehold,2011-07-31,2018-12-22,300900101,False,DEV-0063
PLOT-002839,913-B,Al Karama,478585,Commercial,Freehold,2013-01-07,2018-10-06,292933384,True,DEV-0195
PLOT-002840,9596-B,Dubai Land,262710,Residential,Freehold,2017-06-01,2019-03-29,446147914,True,DEV-0100
PLOT-002841,3224-C,Dubai Hills Estate,52597,Commercial,Freehold,2006-03-04,2016-07-03,352904970,True,DEV-0195
PLOT-002842,8567-D,Jebel Ali,28208,Residential,Freehold,2021-07-02,2017-03-01,209459258,True,DEV-0061
PLOT-002843,8414-B,Muhaisnah,276371,Mixed,Leasehold,2005-03-26,2024-06-21,159349756,False,DEV-0186
PLOT-002844,8661-C,Motor City,319406,Commercial,Freehold,2019-02-12,2020-12-01,69237719,False,DEV-0039
PLOT-002845,707-D,Al Barsha,26169,Mixed,Leasehold,2015-07-18,2021-09-23,17922472,False,DEV-0161
PLOT-002846,1161-A,Al Satwa,495083,Green,Freehold,2006-10-15,2019-12-12,176467492,True,DEV-0116
PLOT-002847,4980-B,Al Karama,280263,Residential,Leasehold,2008-04-27,2018-08-05,24260613,False,DEV-0027
PLOT-002848,8322-B,Emaar Beachfront,207142,Residential,Freehold,2022-01-04,2023-01-24,35882717,False,DEV-0195
PLOT-002849,1691-E,Dubai Land,381283,Commercial,Leasehold,2019-12-30,2024-11-30,107186713,True,DEV-0095
PLOT-002850,754-A,Al Mizhar,455637,Residential,Freehold,2014-02-22,2022-01-29,449465448,False,DEV-0079
PLOT-002851,7684-B,Mirdif,163666,Commercial,Leasehold,2016-11-22,2021-12-06,290504213,False,DEV-0129
PLOT-002852,9458-E,Jumeirah,84255,Residential,Leasehold,2000-10-21,2023-01-25,392009466,True,DEV-0051
PLOT-002853,2283-B,Muhaisnah,278364,Commercial,Freehold,2023-02-06,2019-04-24,118051649,True,DEV-0022
PLOT-002854,1102-E,Al Mizhar,302911,Commercial,Leasehold,2022-05-28,2016-10-24,387351706,False,DEV-0098
PLOT-002855,7394-A,Al Safa,452984,Commercial,Freehold,2004-08-16,2017-01-13,189979558,True,DEV-0197
PLOT-002856,4229-C,Al Safa,235125,Industrial,Government,2015-02-15,2022-07-05,222187675,False,DEV-0155
PLOT-002857,4671-E,International City,478512,Mixed,Leasehold,2010-04-24,2024-10-15,446223297,True,DEV-0013
PLOT-002858,773-B,Al Karama,225817,Mixed,Leasehold,2004-09-25,2023-01-14,283378770,False,DEV-0043
PLOT-002859,3945-B,JLT,296012,Commercial,Freehold,2015-09-05,2020-01-21,350335643,False,DEV-0137
PLOT-002860,3064-E,Al Quoz,215845,Commercial,Freehold,2022-10-15,2024-08-16,8049696,True,DEV-0043
PLOT-002861,7339-E,Downtown Dubai,192935,Commercial,Freehold,2016-02-13,2023-09-01,24180967,False,DEV-0079
PLOT-002862,3843-C,Jebel Ali,362266,Commercial,Leasehold,2018-08-28,2020-02-04,23780731,False,DEV-0189
PLOT-002863,6159-B,Dubai Land,18018,Commercial,Freehold,2002-04-17,2022-02-12,46564228,False,DEV-0082
PLOT-002864,851-E,Al Satwa,227454,Mixed,Leasehold,2017-07-30,2016-05-06,414141432,False,DEV-0121
PLOT-002865,9561-B,Al Karama,180091,Mixed,Leasehold,2000-12-14,2024-01-07,258491919,False,DEV-0174
PLOT-002866,7055-C,Muhaisnah,5757,Residential,Freehold,2011-08-25,2021-11-02,382714995,False,DEV-0169
PLOT-002867,1199-D,Town Square,185095,Mixed,Leasehold,2015-06-01,2016-03-21,7208585,False,DEV-0147
PLOT-002868,895-A,International City,421593,Residential,Freehold,2016-09-05,2018-10-02,400035210,False,DEV-0066
PLOT-002869,1515-E,Town Square,433482,Green,Government,2023-12-21,2018-10-10,36166421,False,DEV-0109
PLOT-002870,6059-B,Emaar Beachfront,200398,Mixed,Freehold,2012-05-04,2019-11-23,484629654,False,DEV-0178
PLOT-002871,624-D,Al Twar,477354,Mixed,Government,2015-01-22,2016-09-12,445760365,False,DEV-0119
PLOT-002872,4809-D,Al Qusais,342744,Commercial,Government,2019-04-29,2022-10-30,369006466,True,DEV-0033
PLOT-002873,1496-B,International City,211365,Commercial,Freehold,2012-11-20,2016-12-30,184546427,False,DEV-0003
PLOT-002874,6637-A,Discovery Gardens,98274,Mixed,Freehold,2010-02-13,2018-11-04,135213732,False,DEV-0157
PLOT-002875,9582-E,Business Bay,228121,Residential,Leasehold,2011-10-29,2019-09-13,33433986,False,DEV-0129
PLOT-002876,9599-D,Dubailand,419190,Commercial,Leasehold,2004-05-24,2016-09-19,469497515,False,DEV-0120
PLOT-002877,6638-D,Jumeirah,450424,Commercial,Freehold,2002-08-09,2015-06-23,291003900,False,DEV-0156
PLOT-002878,4542-C,Arabian Ranches,265111,Residential,Freehold,2007-01-12,2015-03-11,414750598,True,DEV-0060
PLOT-002879,3385-B,Discovery Gardens,56107,Residential,Government,2007-02-26,2022-01-05,478910687,False,DEV-0186
PLOT-002880,7008-D,Al Safa,261519,Residential,Leasehold,2018-11-15,2021-01-04,39921975,False,DEV-0095
PLOT-002881,6313-D,Warqa,254735,Commercial,Leasehold,2001-10-19,2021-06-04,447267233,True,DEV-0018
PLOT-002882,4909-D,Dubailand,446748,Commercial,Leasehold,2017-02-08,2023-02-03,464912941,False,DEV-0125
PLOT-002883,1050-E,Sports City,49383,Residential,Leasehold,2004-03-28,2021-06-25,464257295,True,DEV-0152
PLOT-002884,2564-B,Warqa,180735,Residential,Leasehold,2003-11-28,2022-07-05,375393817,False,DEV-0011
PLOT-002885,8617-E,Dubai South,408809,Commercial,Freehold,2006-12-29,2021-12-19,211025103,False,DEV-0155
PLOT-002886,9647-D,Discovery Gardens,399124,Residential,Leasehold,2013-01-09,2021-10-12,318745063,False,DEV-0028
PLOT-002887,814-E,Umm Suqeim,478478,Residential,Leasehold,2002-06-28,2023-07-01,141053697,True,DEV-0073
PLOT-002888,186-C,Al Quoz,238852,Residential,Freehold,2018-09-28,2024-10-13,7119593,False,DEV-0027
PLOT-002889,2684-D,Umm Suqeim,133447,Residential,Leasehold,2022-06-08,2023-09-04,446871624,False,DEV-0199
PLOT-002890,7438-C,Al Karama,190082,Commercial,Freehold,2014-07-04,2024-02-18,162730820,False,DEV-0192
PLOT-002891,5443-C,Dubailand,314099,Industrial,Government,2013-12-11,2023-10-13,464163447,True,DEV-0084
PLOT-002892,1844-A,Sports City,58932,Commercial,Leasehold,2019-11-27,2016-12-29,109674075,False,DEV-0007
PLOT-002893,9127-A,JVC,232021,Mixed,Leasehold,2019-11-03,2015-12-07,440668928,True,DEV-0181
PLOT-002894,3379-A,Umm Suqeim,57332,Commercial,Freehold,2009-02-07,2022-04-24,22193151,False,DEV-0134
PLOT-002895,7627-A,Umm Suqeim,13516,Commercial,Government,2014-04-14,2019-03-27,379397456,False,DEV-0124
PLOT-002896,3179-C,Al Barsha,409165,Mixed,Leasehold,2000-12-18,2016-04-16,374695464,True,DEV-0019
PLOT-002897,169-D,International City,83664,Residential,Leasehold,2003-01-07,2018-04-04,92304902,True,DEV-0030
PLOT-002898,2705-E,Dubai Land,445198,Residential,Freehold,2023-11-13,2018-03-06,267420298,False,DEV-0115
PLOT-002899,2625-E,Business Bay,423442,Industrial,Freehold,2018-05-11,2018-10-13,191329606,False,DEV-0120
PLOT-002900,5162-B,Nad Al Sheba,352219,Commercial,Leasehold,2009-07-10,2020-01-25,87342741,False,DEV-0183
PLOT-002901,5538-B,Mirdif,203372,Green,Leasehold,2006-03-20,2019-10-05,303502935,False,DEV-0189
PLOT-002902,9764-B,Al Satwa,406826,Mixed,Freehold,2014-04-16,2024-08-03,461798358,True,DEV-0124
PLOT-002903,5842-B,Dubai Creek Harbour,23970,Residential,Freehold,2011-02-02,2023-03-10,68562107,True,DEV-0085
PLOT-002904,1235-C,Warqa,368819,Mixed,Leasehold,2022-07-04,2022-07-14,455945296,False,DEV-0137
PLOT-002905,8555-E,Umm Suqeim,398722,Commercial,Leasehold,2010-07-13,2020-08-06,325860859,True,DEV-0176
PLOT-002906,7344-B,Al Barsha,335014,Commercial,Freehold,2012-02-05,2021-01-01,320920082,True,DEV-0054
PLOT-002907,6829-D,Muhaisnah,499727,Residential,Government,2013-06-21,2015-02-17,422173233,False,DEV-0075
PLOT-002908,2826-B,Al Qusais,496805,Mixed,Leasehold,2002-06-10,2019-03-13,6042815,False,DEV-0186
PLOT-002909,8820-E,Al Twar,312358,Residential,Leasehold,2014-06-02,2016-05-23,312594254,True,DEV-0147
PLOT-002910,3111-E,Al Safa,201701,Mixed,Leasehold,2016-06-10,2020-02-03,322018630,True,DEV-0146
PLOT-002911,5135-A,Mirdif,108143,Residential,Freehold,2023-07-01,2024-10-27,194502636,True,DEV-0076
PLOT-002912,9911-E,Arabian Ranches,484911,Green,Freehold,2010-02-14,2023-11-08,99652478,False,DEV-0048
PLOT-002913,9935-D,Dubai South,71175,Mixed,Freehold,2023-05-02,2023-07-02,79905825,True,DEV-0124
PLOT-002914,3431-E,Al Satwa,451467,Residential,Leasehold,2003-01-30,2021-02-06,175881970,False,DEV-0170
PLOT-002915,835-B,Emaar Beachfront,134062,Industrial,Leasehold,2003-12-08,2017-03-16,102909317,True,DEV-0093
PLOT-002916,9851-B,Nad Al Sheba,91561,Industrial,Freehold,2000-01-09,2023-11-07,140683131,True,DEV-0062
PLOT-002917,1648-E,Mirdif,210620,Mixed,Freehold,2001-05-08,2015-03-06,123594352,False,DEV-0176
PLOT-002918,280-B,Palm Jumeirah,78304,Green,Government,2023-09-05,2019-12-16,21170372,True,DEV-0142
PLOT-002919,8006-C,Dubai Investment Park,408205,Residential,Government,2002-08-15,2016-08-07,42689479,False,DEV-0060
PLOT-002920,3219-D,Discovery Gardens,315529,Industrial,Freehold,2023-11-16,2016-01-27,148943667,False,DEV-0114
PLOT-002921,5054-B,Mirdif,107420,Commercial,Leasehold,2002-08-18,2024-03-19,337952282,True,DEV-0056
PLOT-002922,8071-C,Al Mizhar,162774,Industrial,Leasehold,2018-05-08,2023-02-04,484556661,False,DEV-0174
PLOT-002923,6172-A,Town Square,25206,Commercial,Freehold,2011-07-09,2024-11-30,113667184,True,DEV-0031
PLOT-002924,1080-E,Ras Al Khor,246024,Residential,Freehold,2019-04-22,2016-11-26,53127323,False,DEV-0156
PLOT-002925,7047-D,Mirdif,166584,Mixed,Freehold,2007-03-10,2018-05-08,241128910,False,DEV-0174
PLOT-002926,3914-A,Al Quoz,268381,Commercial,Freehold,2017-11-10,2017-03-30,329967841,True,DEV-0110
PLOT-002927,7063-B,Dubai Marina,164196,Residential,Leasehold,2016-05-14,2023-06-04,233065178,False,DEV-0154
PLOT-002928,3064-C,JVC,267160,Residential,Government,2020-07-24,2019-06-25,343947485,False,DEV-0032
PLOT-002929,8134-A,Discovery Gardens,416913,Residential,Freehold,2012-06-16,2017-12-06,323087060,False,DEV-0023
PLOT-002930,2024-C,Al Barsha,63842,Residential,Freehold,2002-08-08,2020-09-01,27872379,True,DEV-0198
PLOT-002931,5794-B,Al Furjan,443095,Mixed,Leasehold,2017-11-15,2019-10-06,247324592,False,DEV-0118
PLOT-002932,3459-D,International City,444725,Residential,Leasehold,2003-04-18,2022-11-10,474382202,True,DEV-0084
PLOT-002933,2454-C,Mirdif,327091,Residential,Leasehold,2021-04-17,2023-07-21,491406503,True,DEV-0042
PLOT-002934,279-E,Deira,93000,Mixed,Leasehold,2002-06-24,2021-10-05,320383522,True,DEV-0092
PLOT-002935,4361-C,JVC,107002,Residential,Freehold,2007-06-13,2024-03-26,182756733,True,DEV-0165
PLOT-002936,9743-D,Al Furjan,264297,Mixed,Leasehold,2005-01-31,2016-07-08,240823882,False,DEV-0146
PLOT-002937,3172-B,Jumeirah,451671,Industrial,Freehold,2015-11-26,2019-10-26,471713181,False,DEV-0126
PLOT-002938,6680-E,Al Wasl,245196,Commercial,Freehold,2023-05-03,2015-06-25,408587948,False,DEV-0063
PLOT-002939,6039-A,Mirdif,469155,Commercial,Freehold,2009-07-27,2016-08-29,2664988,False,DEV-0121
PLOT-002940,4704-A,Al Twar,121225,Residential,Leasehold,2010-11-11,2017-10-27,218521007,True,DEV-0090
PLOT-002941,3375-B,JLT,134253,Green,Freehold,2015-05-26,2022-07-17,39350554,True,DEV-0042
PLOT-002942,7970-E,Deira,68236,Residential,Freehold,2014-06-08,2016-05-03,23473732,True,DEV-0095
PLOT-002943,1183-A,Deira,489541,Commercial,Freehold,2009-12-19,2024-09-29,452251913,False,DEV-0035
PLOT-002944,4542-D,Umm Suqeim,490181,Mixed,Freehold,2020-04-15,2023-07-18,290140874,False,DEV-0126
PLOT-002945,9584-D,Warqa,145992,Residential,Government,2019-12-06,2021-09-04,170171542,True,DEV-0156
PLOT-002946,3464-C,Muhaisnah,358285,Industrial,Leasehold,2013-10-12,2020-11-30,24922134,False,DEV-0035
PLOT-002947,529-C,Al Quoz,148892,Industrial,Freehold,2006-02-16,2016-02-02,395224579,True,DEV-0049
PLOT-002948,8225-D,Al Safa,457534,Mixed,Freehold,2006-07-03,2019-02-19,66907467,True,DEV-0180
PLOT-002949,4665-C,Al Satwa,129836,Residential,Freehold,2020-11-28,2022-03-07,286969717,False,DEV-0141
PLOT-002950,8153-A,International City,222165,Mixed,Freehold,2005-01-04,2024-05-25,265671435,False,DEV-0073
PLOT-002951,1069-B,Umm Suqeim,271593,Industrial,Freehold,2008-05-31,2020-08-29,383801143,False,DEV-0014
PLOT-002952,2630-C,Dubai Hills Estate,281355,Residential,Freehold,2005-11-24,2016-05-11,450970827,False,DEV-0085
PLOT-002953,5829-C,Bur Dubai,347023,Residential,Freehold,2017-05-02,2017-05-30,330607589,False,DEV-0142
PLOT-002954,5198-D,International City,267558,Residential,Freehold,2020-07-12,2017-01-29,52248560,False,DEV-0145
PLOT-002955,7450-A,Emaar Beachfront,491047,Residential,Freehold,2023-07-23,2020-02-11,342643070,False,DEV-0096
PLOT-002956,1796-A,Al Karama,96214,Commercial,Government,2017-10-12,2020-09-22,471224195,True,DEV-0130
PLOT-002957,6749-D,JVC,285675,Residential,Leasehold,2001-07-19,2021-07-02,226090348,False,DEV-0172
PLOT-002958,1985-E,Al Karama,130034,Mixed,Freehold,2007-08-13,2023-06-11,224600893,False,DEV-0185
PLOT-002959,5469-C,Jebel Ali,395660,Residential,Leasehold,2006-05-01,2023-05-18,86754645,True,DEV-0006
PLOT-002960,147-D,Warqa,293816,Commercial,Government,2004-11-25,2016-07-31,289343588,False,DEV-0176
PLOT-002961,9786-C,Emaar Beachfront,355638,Residential,Leasehold,2004-10-29,2021-10-20,262066870,True,DEV-0019
PLOT-002962,2032-B,Al Barsha,139283,Commercial,Freehold,2023-04-09,2022-05-29,260583194,False,DEV-0034
PLOT-002963,2704-E,Palm Jumeirah,349117,Residential,Freehold,2004-07-21,2017-10-26,98426235,True,DEV-0095
PLOT-002964,6935-C,Dubai Land,128253,Residential,Leasehold,2014-12-30,2022-07-24,302199748,False,DEV-0059
PLOT-002965,9955-A,Al Satwa,26932,Industrial,Leasehold,2019-04-14,2022-11-08,124821683,True,DEV-0005
PLOT-002966,3345-B,Deira,402627,Residential,Government,2022-11-09,2024-08-06,281573346,False,DEV-0078
PLOT-002967,2390-C,Downtown Dubai,120436,Residential,Leasehold,2011-10-18,2021-04-07,263629726,True,DEV-0166
PLOT-002968,8929-A,Motor City,185956,Commercial,Leasehold,2018-04-19,2024-10-19,430764846,False,DEV-0117
PLOT-002969,9186-E,Downtown Dubai,276858,Residential,Freehold,2023-05-03,2021-04-15,346568315,True,DEV-0144
PLOT-002970,3535-A,Al Safa,236320,Industrial,Leasehold,2019-11-15,2017-02-10,186861380,True,DEV-0065
PLOT-002971,2113-C,Ras Al Khor,385932,Commercial,Freehold,2008-04-12,2018-09-08,347059070,False,DEV-0099
PLOT-002972,7811-C,Nad Al Sheba,214798,Mixed,Leasehold,2013-03-23,2021-01-20,98123508,True,DEV-0165
PLOT-002973,5365-A,Warqa,453917,Residential,Freehold,2011-09-22,2020-03-21,394212554,False,DEV-0158
PLOT-002974,4700-C,Al Barsha,87369,Residential,Freehold,2013-08-14,2021-10-28,191037716,False,DEV-0079
PLOT-002975,5133-C,Arabian Ranches,415940,Residential,Freehold,2021-12-26,2015-05-01,151471332,True,DEV-0007
PLOT-002976,4184-B,Bur Dubai,198155,Residential,Leasehold,2006-11-20,2019-11-08,285584714,False,DEV-0077
PLOT-002977,3958-A,International City,76912,Commercial,Leasehold,2011-03-10,2019-05-30,253098964,False,DEV-0088
PLOT-002978,7550-E,Sports City,222256,Mixed,Freehold,2017-04-29,2021-10-21,248295139,False,DEV-0054
PLOT-002979,6633-A,Motor City,302246,Residential,Freehold,2021-11-21,2021-05-26,32335072,True,DEV-0077
PLOT-002980,3226-E,Al Quoz,8155,Mixed,Leasehold,2008-04-19,2024-05-23,154319118,False,DEV-0011
PLOT-002981,509-A,Al Mizhar,243285,Residential,Freehold,2002-05-21,2023-08-02,302365840,False,DEV-0048
PLOT-002982,5370-C,Emaar Beachfront,383187,Mixed,Leasehold,2011-06-14,2019-11-03,468380344,True,DEV-0194
PLOT-002983,8499-B,Arabian Ranches,188510,Commercial,Freehold,2021-06-09,2019-09-08,134976915,True,DEV-0061
PLOT-002984,9391-B,JVC,420361,Residential,Freehold,2014-08-23,2023-02-03,8972032,False,DEV-0119
PLOT-002985,5779-B,Discovery Gardens,46593,Green,Freehold,2016-12-13,2023-12-13,426809514,False,DEV-0010
PLOT-002986,8811-C,Umm Suqeim,398161,Commercial,Leasehold,2012-03-19,2015-01-30,40265924,True,DEV-0075
PLOT-002987,5229-B,Al Qusais,35780,Commercial,Leasehold,2007-10-13,2024-11-21,489644736,False,DEV-0124
PLOT-002988,2083-B,Mirdif,265637,Residential,Freehold,2022-10-20,2020-05-19,192047893,False,DEV-0168
PLOT-002989,8028-E,Dubai Land,411006,Residential,Leasehold,2006-06-22,2016-06-30,428558826,False,DEV-0124
PLOT-002990,8343-A,Arabian Ranches,362480,Commercial,Leasehold,2004-08-23,2019-05-27,325938289,False,DEV-0188
PLOT-002991,7444-D,Al Wasl,303908,Mixed,Freehold,2001-01-01,2023-07-30,457602215,False,DEV-0159
PLOT-002992,1790-E,Dubai Land,496670,Commercial,Government,2002-11-04,2016-06-26,71853854,True,DEV-0197
PLOT-002993,1715-C,Dubailand,324764,Industrial,Government,2015-04-05,2018-03-08,478636256,False,DEV-0037
PLOT-002994,142-E,Warqa,280621,Residential,Freehold,2002-04-06,2022-09-26,140984912,True,DEV-0166
PLOT-002995,3300-B,Al Mizhar,346743,Commercial,Freehold,2019-10-06,2022-11-19,273222724,False,DEV-0036
PLOT-002996,8213-D,Palm Jumeirah,190766,Residential,Freehold,2016-07-28,2015-11-17,359201957,True,DEV-0007
PLOT-002997,6110-B,Dubai Investment Park,324714,Residential,Leasehold,2000-09-07,2021-12-16,293599598,True,DEV-0006
PLOT-002998,1180-A,Al Satwa,113271,Residential,Leasehold,2007-01-23,2016-09-09,228445615,False,DEV-0041
PLOT-002999,9846-D,Downtown Dubai,454123,Mixed,Leasehold,2015-06-28,2018-01-30,492386732,True,DEV-0038
PLOT-003000,3998-D,Al Barsha,262340,Residential,Government,2008-05-25,2016-04-23,84358029,True,DEV-0094
PLOT-003001,9398-B,Al Barsha,186959,Commercial,Government,2015-04-29,2021-12-24,52748125,True,DEV-0143
PLOT-003002,5259-D,JVC,489084,Mixed,Freehold,2005-12-06,2023-07-17,67096629,False,DEV-0026
PLOT-003003,8557-C,Bur Dubai,310991,Mixed,Leasehold,2017-05-28,2024-01-01,298937312,False,DEV-0144
PLOT-003004,3143-C,Bur Dubai,460048,Residential,Freehold,2018-03-08,2021-05-28,6198986,True,DEV-0091
PLOT-003005,4069-B,Dubailand,31189,Mixed,Freehold,2014-12-25,2022-12-30,81606802,True,DEV-0083
PLOT-003006,551-B,JVC,461048,Commercial,Freehold,2016-10-27,2023-04-07,87396348,False,DEV-0066
PLOT-003007,3089-C,Jumeirah,171055,Residential,Freehold,2018-08-11,2023-09-25,481110427,True,DEV-0051
PLOT-003008,5118-C,Sports City,335315,Mixed,Freehold,2001-11-06,2019-12-25,55394147,False,DEV-0154
PLOT-003009,161-A,Bur Dubai,319323,Commercial,Leasehold,2018-05-10,2019-01-02,448869689,False,DEV-0067
PLOT-003010,4955-A,Ras Al Khor,384396,Residential,Freehold,2009-05-15,2016-02-14,313502984,False,DEV-0186
PLOT-003011,7018-A,JVC,313627,Residential,Freehold,2005-05-21,2016-08-25,50576695,False,DEV-0161
PLOT-003012,4338-C,Downtown Dubai,324554,Industrial,Freehold,2008-11-30,2019-07-22,187433824,True,DEV-0162
PLOT-003013,6215-B,Al Karama,325748,Residential,Leasehold,2000-03-20,2019-04-08,107486059,False,DEV-0011
PLOT-003014,9299-E,Nad Al Sheba,180320,Green,Leasehold,2009-02-27,2023-03-16,302558447,True,DEV-0071
PLOT-003015,1024-E,Dubai Investment Park,17845,Residential,Leasehold,2010-02-26,2018-06-18,234833085,True,DEV-0114
PLOT-003016,2637-E,Al Wasl,146813,Residential,Leasehold,2017-01-02,2018-05-27,423284408,False,DEV-0076
PLOT-003017,3715-C,Jebel Ali,244827,Commercial,Leasehold,2004-08-06,2015-02-01,172285932,True,DEV-0035
PLOT-003018,1408-E,Dubai Land,215385,Mixed,Government,2011-12-30,2019-12-03,8865255,False,DEV-0173
PLOT-003019,8719-C,Dubai Investment Park,213412,Green,Freehold,2011-03-07,2021-01-02,200325750,True,DEV-0135
PLOT-003020,6810-C,Nad Al Sheba,264304,Industrial,Freehold,2017-03-26,2023-10-31,478243175,True,DEV-0076
PLOT-003021,6372-E,Discovery Gardens,278730,Residential,Freehold,2019-12-27,2024-10-07,131597952,False,DEV-0104
PLOT-003022,3996-C,Al Qusais,447870,Commercial,Freehold,2012-05-09,2020-01-02,384072681,True,DEV-0019
PLOT-003023,3565-C,Emaar Beachfront,223632,Mixed,Freehold,2022-07-04,2017-11-05,107826619,False,DEV-0032
PLOT-003024,3151-D,Ras Al Khor,204032,Industrial,Leasehold,2011-07-13,2016-07-29,412757499,True,DEV-0149
PLOT-003025,7511-E,JVC,238049,Residential,Government,2010-07-24,2017-10-13,437891652,False,DEV-0131
PLOT-003026,7700-B,JVC,471759,Residential,Freehold,2019-06-16,2022-09-10,201741573,False,DEV-0034
PLOT-003027,693-D,Al Wasl,384799,Commercial,Government,2022-03-19,2023-05-27,472200156,True,DEV-0187
PLOT-003028,178-B,Al Safa,294577,Residential,Freehold,2008-02-14,2020-05-27,231195517,False,DEV-0005
PLOT-003029,3934-C,Al Furjan,250492,Industrial,Freehold,2011-05-01,2023-08-25,264371630,True,DEV-0016
PLOT-003030,5867-B,Business Bay,411245,Mixed,Freehold,2001-04-20,2015-03-18,232076274,False,DEV-0086
PLOT-003031,3810-A,JLT,170351,Commercial,Government,2020-07-26,2023-09-05,450853472,True,DEV-0138
PLOT-003032,5528-A,Al Quoz,321057,Residential,Leasehold,2018-10-13,2018-03-11,135696301,True,DEV-0033
PLOT-003033,792-E,Dubai Creek Harbour,207058,Commercial,Leasehold,2015-04-24,2021-06-02,243098142,False,DEV-0058
PLOT-003034,920-B,Dubai Marina,74119,Mixed,Leasehold,2022-11-16,2023-05-03,271172243,False,DEV-0041
PLOT-003035,2210-D,Motor City,184755,Residential,Freehold,2019-06-30,2024-05-30,360965756,False,DEV-0057
PLOT-003036,5447-D,Dubailand,460449,Residential,Freehold,2018-04-20,2021-03-14,492481924,False,DEV-0185
PLOT-003037,894-E,Al Mizhar,143740,Green,Freehold,2002-05-31,2023-12-21,242562956,False,DEV-0137
PLOT-003038,8971-C,Discovery Gardens,372927,Residential,Freehold,2018-09-04,2021-12-30,419909698,True,DEV-0167
PLOT-003039,6644-A,Dubai Land,389130,Industrial,Freehold,2022-06-20,2015-12-10,345656965,False,DEV-0012
PLOT-003040,6170-D,Al Safa,459814,Mixed,Leasehold,2008-09-07,2022-03-29,223948514,False,DEV-0113
PLOT-003041,4192-A,International City,222644,Mixed,Freehold,2005-07-24,2016-01-27,208936681,True,DEV-0011
PLOT-003042,2844-B,Dubai Investment Park,494020,Commercial,Leasehold,2009-07-11,2016-08-21,282759941,False,DEV-0056
PLOT-003043,5822-D,Warqa,129462,Commercial,Leasehold,2020-10-04,2022-08-13,441673379,False,DEV-0176
PLOT-003044,322-D,Mirdif,33709,Residential,Leasehold,2014-07-08,2021-07-14,158760827,False,DEV-0199
PLOT-003045,4033-D,Jebel Ali,359090,Mixed,Government,2006-02-15,2024-06-16,5917498,True,DEV-0189
PLOT-003046,613-B,Jumeirah,214716,Commercial,Leasehold,2007-01-23,2021-12-25,392673920,False,DEV-0167
PLOT-003047,8554-D,Motor City,460383,Residential,Freehold,2002-06-30,2024-08-01,413135079,False,DEV-0082
PLOT-003048,1898-E,Umm Suqeim,307129,Commercial,Leasehold,2006-04-02,2017-06-11,5548758,True,DEV-0088
PLOT-003049,6859-E,DIFC,203892,Commercial,Government,2018-05-17,2020-04-10,271211397,True,DEV-0021
PLOT-003050,3127-B,Al Qusais,228724,Commercial,Freehold,2012-06-12,2016-02-06,164449766,False,DEV-0122
PLOT-003051,6919-A,DIFC,420414,Residential,Leasehold,2000-08-06,2020-01-25,322337282,False,DEV-0132
PLOT-003052,1898-B,Dubai Investment Park,368571,Commercial,Freehold,2004-04-26,2023-01-24,187283634,True,DEV-0062
PLOT-003053,4621-B,Jumeirah,205843,Residential,Freehold,2007-02-17,2019-05-02,439898829,True,DEV-0115
PLOT-003054,6321-D,Jebel Ali,344868,Mixed,Leasehold,2015-11-17,2018-06-16,259129396,False,DEV-0005
PLOT-003055,9215-C,Umm Suqeim,106826,Residential,Government,2010-07-03,2022-07-09,465226426,False,DEV-0151
PLOT-003056,9549-C,Al Wasl,101151,Residential,Leasehold,2006-10-02,2020-04-26,449771726,False,DEV-0079
PLOT-003057,8300-D,JVC,143104,Residential,Leasehold,2015-01-12,2015-08-21,159711571,True,DEV-0001
PLOT-003058,1115-C,Palm Jumeirah,383832,Residential,Leasehold,2013-01-03,2023-10-06,183139419,False,DEV-0037
PLOT-003059,7388-A,Al Karama,395098,Green,Freehold,2008-09-13,2019-03-23,201121970,False,DEV-0131
PLOT-003060,5570-B,Discovery Gardens,74098,Residential,Leasehold,2018-03-29,2024-05-15,46387615,False,DEV-0058
PLOT-003061,2509-E,Al Karama,429691,Residential,Government,2007-07-09,2023-08-21,148482382,False,DEV-0149
PLOT-003062,2997-B,JVC,377421,Mixed,Freehold,2003-03-10,2018-04-11,490458649,False,DEV-0084
PLOT-003063,9751-E,International City,434327,Residential,Leasehold,2006-01-17,2016-06-15,96406046,False,DEV-0073
PLOT-003064,2393-C,Al Furjan,253032,Mixed,Leasehold,2016-04-02,2018-02-16,173968827,False,DEV-0191
PLOT-003065,4361-C,Dubai Marina,114928,Commercial,Freehold,2005-02-12,2021-05-13,229404439,False,DEV-0170
PLOT-003066,2488-B,DIFC,360477,Residential,Freehold,2002-04-12,2016-11-21,72577536,True,DEV-0080
PLOT-003067,6444-A,Downtown Dubai,447274,Mixed,Freehold,2021-02-05,2017-11-20,117593228,False,DEV-0108
PLOT-003068,1626-B,DIFC,428156,Mixed,Leasehold,2017-12-28,2019-08-15,332860714,False,DEV-0153
PLOT-003069,4736-D,International City,260548,Residential,Freehold,2018-10-12,2021-07-27,455964457,False,DEV-0091
PLOT-003070,7185-C,Dubai Creek Harbour,430902,Residential,Freehold,2014-10-14,2017-01-31,87660033,False,DEV-0114
PLOT-003071,5216-D,Emaar Beachfront,453519,Residential,Freehold,2005-08-06,2020-02-10,25344231,False,DEV-0043
PLOT-003072,8742-B,Dubai Creek Harbour,185010,Green,Freehold,2021-04-25,2023-06-25,6283815,False,DEV-0061
PLOT-003073,8552-A,Palm Jumeirah,130041,Industrial,Government,2014-03-03,2023-09-18,248079920,True,DEV-0120
PLOT-003074,1750-C,Dubai Hills Estate,492955,Commercial,Government,2014-12-09,2015-11-25,401456419,False,DEV-0177
PLOT-003075,8001-C,Business Bay,395977,Commercial,Freehold,2009-08-09,2019-05-01,2534376,True,DEV-0040
PLOT-003076,1459-D,Dubai Land,217183,Residential,Freehold,2015-01-21,2018-01-18,236447088,False,DEV-0175
PLOT-003077,399-B,Al Furjan,93500,Commercial,Leasehold,2011-12-12,2020-12-27,289959476,True,DEV-0086
PLOT-003078,3751-A,Dubailand,429609,Commercial,Leasehold,2008-08-19,2015-03-02,239841388,True,DEV-0182
PLOT-003079,3432-E,Al Satwa,208357,Commercial,Freehold,2013-02-17,2017-04-14,393274246,False,DEV-0130
PLOT-003080,4537-E,Business Bay,329888,Mixed,Freehold,2018-10-14,2018-07-05,131894133,False,DEV-0091
PLOT-003081,3821-D,Al Wasl,371929,Residential,Freehold,2020-01-26,2016-01-03,16141249,False,DEV-0091
PLOT-003082,3452-C,Jumeirah,210952,Industrial,Freehold,2008-09-10,2015-11-11,370195392,False,DEV-0008
PLOT-003083,7739-C,Town Square,87608,Residential,Freehold,2005-12-14,2022-02-14,21982713,False,DEV-0052
PLOT-003084,6376-D,Ras Al Khor,432638,Commercial,Freehold,2007-10-10,2016-04-16,86708469,False,DEV-0065
PLOT-003085,5338-D,Mirdif,353056,Commercial,Freehold,2021-03-29,2023-12-07,5212509,True,DEV-0188
PLOT-003086,5003-A,Business Bay,306895,Mixed,Freehold,2009-01-12,2016-05-02,20013666,True,DEV-0169
PLOT-003087,8114-A,Ras Al Khor,479367,Residential,Leasehold,2000-01-04,2022-05-08,312425482,True,DEV-0036
PLOT-003088,4796-E,Nad Al Sheba,144666,Residential,Leasehold,2014-09-10,2022-04-28,119522274,True,DEV-0063
PLOT-003089,7171-C,Business Bay,127072,Industrial,Government,2012-03-11,2024-07-31,30952101,True,DEV-0052
PLOT-003090,1747-A,Al Wasl,372875,Commercial,Leasehold,2016-01-09,2023-09-19,295595075,False,DEV-0043
PLOT-003091,7935-A,Dubai Investment Park,314094,Residential,Freehold,2019-01-20,2023-10-12,147885922,True,DEV-0158
PLOT-003092,4387-D,Dubailand,311752,Residential,Leasehold,2015-04-16,2017-12-03,138275919,False,DEV-0008
PLOT-003093,951-D,Umm Suqeim,73059,Commercial,Freehold,2013-11-11,2021-02-08,380185311,False,DEV-0011
PLOT-003094,9297-D,Dubai Creek Harbour,470593,Residential,Government,2017-12-10,2017-08-02,449016769,True,DEV-0088
PLOT-003095,7786-E,Ras Al Khor,455352,Mixed,Freehold,2010-04-23,2017-07-10,373712772,True,DEV-0146
PLOT-003096,5818-C,Dubai Land,472848,Commercial,Leasehold,2011-06-02,2019-07-07,132264560,True,DEV-0188
PLOT-003097,2141-A,Dubai Hills Estate,51232,Commercial,Freehold,2015-10-07,2019-01-11,183808761,False,DEV-0106
PLOT-003098,4141-E,Dubai South,376705,Residential,Freehold,2009-10-12,2021-08-08,53576461,True,DEV-0175
PLOT-003099,9858-E,Dubailand,26087,Residential,Leasehold,2015-01-18,2019-11-01,443023460,False,DEV-0026
PLOT-003100,6327-A,Dubai Land,342802,Residential,Leasehold,2016-12-31,2019-09-06,267697204,True,DEV-0025
PLOT-003101,8087-B,DIFC,244178,Industrial,Leasehold,2002-02-20,2017-05-06,344861420,True,DEV-0089
PLOT-003102,1881-B,Nad Al Sheba,469181,Residential,Leasehold,2003-04-15,2021-03-15,49025284,True,DEV-0002
PLOT-003103,2396-E,Al Furjan,470909,Commercial,Freehold,2012-06-29,2018-03-25,33153069,False,DEV-0071
PLOT-003104,3952-B,Motor City,231951,Residential,Leasehold,2012-01-24,2022-07-03,63522590,True,DEV-0077
PLOT-003105,5458-E,Muhaisnah,260062,Residential,Leasehold,2011-08-17,2022-01-07,67695910,False,DEV-0083
PLOT-003106,2411-A,Al Quoz,326937,Commercial,Government,2021-05-26,2018-11-25,498282837,False,DEV-0126
PLOT-003107,639-E,Al Furjan,121272,Commercial,Leasehold,2009-12-13,2018-06-25,164732896,False,DEV-0096
PLOT-003108,577-A,Dubai South,285170,Commercial,Freehold,2007-12-05,2017-01-01,252140737,False,DEV-0162
PLOT-003109,5498-A,Al Karama,137520,Mixed,Government,2016-06-15,2021-08-07,87713913,False,DEV-0181
PLOT-003110,879-C,Al Karama,37684,Residential,Freehold,2014-06-17,2019-08-02,349342906,False,DEV-0093
PLOT-003111,8939-E,Mirdif,244523,Commercial,Leasehold,2010-09-03,2015-01-16,350223956,False,DEV-0108
PLOT-003112,6137-D,JVC,256261,Industrial,Freehold,2000-01-22,2019-07-22,256591010,True,DEV-0195
PLOT-003113,7726-C,Dubai South,220232,Residential,Freehold,2016-06-27,2019-10-19,208627113,False,DEV-0178
PLOT-003114,5294-D,Al Safa,209056,Mixed,Government,2013-12-31,2024-06-11,179480698,False,DEV-0010
PLOT-003115,8860-A,Al Wasl,93284,Residential,Freehold,2009-11-01,2018-01-25,147930384,False,DEV-0150
PLOT-003116,9320-E,Al Barsha,254618,Commercial,Freehold,2007-07-06,2017-01-06,221893449,False,DEV-0166
PLOT-003117,7105-A,Al Furjan,130987,Residential,Freehold,2010-10-09,2022-06-13,321596865,True,DEV-0072
PLOT-003118,2496-C,Al Quoz,106906,Mixed,Freehold,2004-04-19,2019-04-29,329973487,True,DEV-0062
PLOT-003119,2054-E,Dubai Hills Estate,371282,Commercial,Freehold,2016-03-18,2017-10-10,273274771,False,DEV-0078
PLOT-003120,3568-D,JVC,475346,Residential,Freehold,2011-09-16,2024-06-07,255923551,False,DEV-0072
PLOT-003121,3538-B,Motor City,260228,Commercial,Freehold,2002-08-09,2017-11-22,284930398,True,DEV-0159
PLOT-003122,8862-D,DIFC,203477,Commercial,Leasehold,2004-05-27,2022-06-25,188418513,False,DEV-0122
PLOT-003123,9096-D,Dubai Creek Harbour,116162,Residential,Leasehold,2019-04-04,2020-02-22,55209846,True,DEV-0174
PLOT-003124,2374-B,Ras Al Khor,273717,Mixed,Freehold,2002-03-19,2021-11-25,91139212,True,DEV-0104
PLOT-003125,7403-A,Bur Dubai,328315,Mixed,Leasehold,2019-03-20,2018-11-14,436352767,True,DEV-0129
PLOT-003126,4755-A,Deira,243530,Residential,Freehold,2014-12-22,2024-03-02,282638792,True,DEV-0042
PLOT-003127,595-E,Palm Jumeirah,414992,Industrial,Leasehold,2014-05-29,2017-08-21,395994235,True,DEV-0064
PLOT-003128,173-E,Dubai Hills Estate,367643,Commercial,Freehold,2020-09-28,2020-11-25,167612576,True,DEV-0119
PLOT-003129,1765-D,International City,450876,Residential,Freehold,2018-01-04,2023-11-18,284575882,True,DEV-0101
PLOT-003130,327-D,Bur Dubai,498343,Residential,Leasehold,2014-02-10,2021-02-10,165062450,True,DEV-0185
PLOT-003131,5495-D,Al Barsha,324919,Mixed,Leasehold,2013-11-19,2023-11-05,240277249,False,DEV-0171
PLOT-003132,2469-A,Umm Suqeim,495421,Mixed,Freehold,2020-04-24,2022-12-08,294080367,False,DEV-0036
PLOT-003133,6208-D,Dubailand,129947,Commercial,Leasehold,2006-06-18,2017-01-05,173833973,True,DEV-0060
PLOT-003134,8619-C,Al Mizhar,78238,Industrial,Freehold,2011-08-15,2020-05-12,89344602,False,DEV-0064
PLOT-003135,3877-E,International City,327670,Mixed,Freehold,2008-09-05,2016-02-28,477617801,False,DEV-0049
PLOT-003136,9756-E,Al Furjan,491136,Commercial,Leasehold,2016-08-03,2017-07-08,389482962,True,DEV-0191
PLOT-003137,6118-B,Al Barsha,374110,Residential,Freehold,2018-09-09,2019-10-05,388132221,False,DEV-0101
PLOT-003138,1807-D,JLT,484901,Residential,Freehold,2012-04-14,2022-02-16,143285151,True,DEV-0037
PLOT-003139,9249-D,Al Twar,70842,Mixed,Freehold,2019-02-21,2024-06-28,323510441,False,DEV-0185
PLOT-003140,6231-C,Ras Al Khor,188333,Mixed,Government,2006-08-31,2022-12-28,334930840,True,DEV-0200
PLOT-003141,1971-C,Arabian Ranches,194066,Commercial,Leasehold,2004-06-03,2021-09-20,40945996,False,DEV-0187
PLOT-003142,5808-D,Jumeirah,58999,Commercial,Freehold,2011-08-30,2023-01-01,452974647,False,DEV-0051
PLOT-003143,3198-C,Al Barsha,320970,Residential,Leasehold,2021-07-07,2015-03-21,494433196,True,DEV-0094
PLOT-003144,8734-A,Discovery Gardens,272649,Mixed,Leasehold,2008-06-29,2020-07-28,294414447,False,DEV-0094
PLOT-003145,2491-D,JLT,288348,Mixed,Government,2007-09-07,2024-10-21,299705658,True,DEV-0159
PLOT-003146,948-E,DIFC,300488,Mixed,Freehold,2016-07-21,2022-10-11,218641775,True,DEV-0185
PLOT-003147,554-B,Sports City,472548,Residential,Freehold,2009-08-01,2024-06-23,7505309,True,DEV-0009
PLOT-003148,9809-E,Ras Al Khor,348407,Mixed,Government,2016-12-21,2018-06-12,15348941,True,DEV-0037
PLOT-003149,9324-D,Discovery Gardens,322179,Residential,Freehold,2010-05-07,2015-09-30,476357208,True,DEV-0182
PLOT-003150,1173-B,Business Bay,476063,Residential,Freehold,2022-03-26,2024-11-21,76323896,True,DEV-0110
PLOT-003151,3249-D,Dubai Creek Harbour,220838,Mixed,Government,2014-10-26,2015-10-25,189427055,False,DEV-0152
PLOT-003152,5540-A,Al Satwa,129155,Commercial,Leasehold,2020-06-04,2021-07-24,130906077,False,DEV-0100
PLOT-003153,7195-C,Dubai Creek Harbour,202680,Industrial,Freehold,2012-02-08,2022-11-09,230314350,False,DEV-0030
PLOT-003154,3160-B,Muhaisnah,235032,Residential,Freehold,2008-05-14,2024-10-06,163604003,False,DEV-0147
PLOT-003155,8604-D,International City,261279,Residential,Government,2000-04-04,2023-02-10,236816976,False,DEV-0049
PLOT-003156,9230-C,Al Furjan,381461,Residential,Freehold,2016-04-05,2023-06-03,228553550,True,DEV-0068
PLOT-003157,310-A,Deira,249125,Residential,Freehold,2018-04-12,2016-11-18,97005881,False,DEV-0151
PLOT-003158,5692-E,Al Quoz,443327,Mixed,Leasehold,2019-01-28,2021-11-01,254147654,False,DEV-0042
PLOT-003159,6106-A,Nad Al Sheba,225590,Commercial,Government,2004-05-31,2019-10-21,81546276,False,DEV-0119
PLOT-003160,976-D,Dubailand,267786,Industrial,Freehold,2001-10-22,2024-08-19,85209275,False,DEV-0092
PLOT-003161,555-C,JVC,473435,Green,Government,2023-02-05,2024-01-15,428892405,False,DEV-0160
PLOT-003162,8343-C,Nad Al Sheba,408861,Residential,Freehold,2016-03-07,2021-09-13,305050925,True,DEV-0094
PLOT-003163,4329-A,Dubai Land,16908,Commercial,Government,2022-07-18,2021-07-30,332732642,True,DEV-0102
PLOT-003164,6129-E,Deira,418955,Residential,Freehold,2005-10-06,2020-11-14,113117413,False,DEV-0193
PLOT-003165,220-B,Al Quoz,431965,Mixed,Freehold,2020-08-14,2019-11-07,62588792,False,DEV-0033
PLOT-003166,392-B,Al Quoz,17252,Commercial,Freehold,2005-07-12,2021-01-21,342054749,False,DEV-0117
PLOT-003167,7235-D,Umm Suqeim,474304,Residential,Freehold,2010-12-04,2020-09-27,458529989,True,DEV-0124
PLOT-003168,838-B,Palm Jumeirah,436517,Residential,Freehold,2023-08-11,2023-10-27,6846007,False,DEV-0056
PLOT-003169,148-A,Al Twar,28611,Commercial,Leasehold,2018-01-08,2022-07-01,410678957,True,DEV-0006
PLOT-003170,2410-E,Deira,449769,Residential,Government,2009-12-21,2024-05-23,187564828,True,DEV-0041
PLOT-003171,6717-A,Jumeirah,176820,Mixed,Freehold,2012-11-30,2017-11-28,233969978,True,DEV-0157
PLOT-003172,5881-A,Dubai Land,137030,Industrial,Leasehold,2003-11-08,2015-10-05,431896290,False,DEV-0135
PLOT-003173,5502-D,Palm Jumeirah,288484,Industrial,Freehold,2013-11-15,2023-03-22,280832476,False,DEV-0158
PLOT-003174,1694-B,Discovery Gardens,315977,Commercial,Leasehold,2017-03-06,2017-06-10,35620452,False,DEV-0030
PLOT-003175,7255-C,Al Satwa,358852,Residential,Freehold,2005-04-03,2021-12-01,248149803,True,DEV-0186
PLOT-003176,9428-E,Al Twar,280239,Commercial,Government,2011-08-27,2018-04-04,450120514,False,DEV-0065
PLOT-003177,944-A,Dubai Hills Estate,249387,Residential,Government,2021-06-09,2024-05-03,105895043,True,DEV-0060
PLOT-003178,4311-E,Emaar Beachfront,157248,Commercial,Leasehold,2012-10-18,2016-07-25,57581326,False,DEV-0025
PLOT-003179,865-E,Arabian Ranches,363970,Residential,Leasehold,2015-03-24,2017-10-01,329690578,True,DEV-0130
PLOT-003180,1278-E,Nad Al Sheba,335621,Residential,Freehold,2015-03-21,2019-02-02,438164738,False,DEV-0184
PLOT-003181,5527-E,Al Karama,305167,Mixed,Freehold,2023-10-31,2021-05-25,283266641,True,DEV-0043
PLOT-003182,631-C,Discovery Gardens,117738,Residential,Freehold,2019-04-06,2015-05-21,340707316,True,DEV-0135
PLOT-003183,347-D,Ras Al Khor,124423,Mixed,Freehold,2008-03-23,2016-09-02,464624941,False,DEV-0128
PLOT-003184,5039-A,Umm Suqeim,331184,Residential,Freehold,2011-09-14,2022-09-28,490519880,True,DEV-0198
PLOT-003185,6792-C,Al Furjan,425877,Residential,Leasehold,2002-06-16,2020-11-10,16642032,True,DEV-0199
PLOT-003186,9199-D,Al Karama,329270,Residential,Freehold,2023-12-19,2018-11-27,285775080,False,DEV-0095
PLOT-003187,5049-C,Nad Al Sheba,163916,Residential,Freehold,2011-05-03,2017-09-06,278565614,True,DEV-0073
PLOT-003188,5864-C,JVC,474459,Residential,Freehold,2002-11-22,2016-04-09,209206303,True,DEV-0111
PLOT-003189,2265-B,Dubai Land,220812,Mixed,Leasehold,2013-08-16,2020-04-23,428700232,True,DEV-0025
PLOT-003190,7868-A,Bur Dubai,86760,Residential,Freehold,2012-10-27,2023-07-20,16697344,True,DEV-0159
PLOT-003191,4095-D,Al Satwa,299382,Residential,Government,2013-11-03,2020-05-27,286031595,True,DEV-0191
PLOT-003192,5718-B,Al Twar,171611,Mixed,Leasehold,2012-02-10,2020-11-13,209779478,True,DEV-0083
PLOT-003193,5067-B,Al Furjan,200374,Commercial,Government,2016-11-09,2024-10-07,263731528,False,DEV-0118
PLOT-003194,8573-C,Dubai Investment Park,114113,Residential,Leasehold,2014-04-25,2022-06-08,377375663,False,DEV-0145
PLOT-003195,7727-A,Downtown Dubai,192946,Commercial,Freehold,2016-06-29,2020-12-27,163451494,True,DEV-0154
PLOT-003196,8013-A,Dubai Investment Park,481713,Residential,Freehold,2002-06-17,2016-11-07,472678751,True,DEV-0104
PLOT-003197,1025-D,Dubai Hills Estate,124338,Residential,Freehold,2023-04-25,2015-02-05,386110798,False,DEV-0125
PLOT-003198,2069-E,Al Twar,269134,Residential,Leasehold,2020-04-02,2019-09-18,275811574,False,DEV-0032
PLOT-003199,1114-C,Al Furjan,233302,Residential,Leasehold,2003-02-05,2019-11-05,487048771,False,DEV-0075
PLOT-003200,1397-E,International City,406526,Industrial,Leasehold,2016-03-22,2020-11-14,364201793,False,DEV-0131
PLOT-003201,4483-B,Al Karama,469897,Residential,Leasehold,2008-09-25,2019-04-03,40950842,False,DEV-0137
PLOT-003202,2812-A,Downtown Dubai,21919,Mixed,Leasehold,2018-03-14,2019-02-25,334696541,True,DEV-0078
PLOT-003203,3875-C,JLT,162418,Industrial,Freehold,2007-09-11,2018-07-21,52085598,False,DEV-0116
PLOT-003204,3198-D,Dubai Marina,448741,Mixed,Freehold,2019-12-16,2021-03-01,240065903,False,DEV-0173
PLOT-003205,723-E,Dubailand,219488,Commercial,Freehold,2008-12-20,2021-05-21,357547988,False,DEV-0156
PLOT-003206,5167-C,Jebel Ali,24217,Commercial,Freehold,2018-06-06,2018-11-22,353663838,False,DEV-0106
PLOT-003207,1879-D,Dubai Land,227894,Residential,Leasehold,2003-11-14,2017-01-12,129533620,False,DEV-0137
PLOT-003208,7189-E,Dubai Land,226883,Residential,Leasehold,2001-10-19,2024-02-01,344446296,False,DEV-0004
PLOT-003209,3127-A,Dubai Creek Harbour,232014,Residential,Freehold,2018-05-20,2017-02-07,176858615,True,DEV-0110
PLOT-003210,1579-E,Dubai Land,132708,Mixed,Freehold,2019-09-25,2017-01-22,386163280,False,DEV-0082
PLOT-003211,3374-D,Jumeirah,98911,Commercial,Leasehold,2023-01-11,2022-12-13,97074995,True,DEV-0008
PLOT-003212,8420-E,Al Quoz,259194,Mixed,Freehold,2014-11-25,2023-10-22,419437380,False,DEV-0079
PLOT-003213,3986-A,Nad Al Sheba,181802,Residential,Freehold,2010-09-02,2019-02-21,192214616,False,DEV-0055
PLOT-003214,6772-A,Dubai Creek Harbour,174945,Residential,Freehold,2014-02-22,2018-10-24,55225889,True,DEV-0124
PLOT-003215,2179-C,Town Square,366375,Mixed,Leasehold,2012-10-26,2020-09-17,168270857,True,DEV-0190
PLOT-003216,5705-B,Sports City,67429,Mixed,Freehold,2013-07-07,2017-09-13,198848935,False,DEV-0023
PLOT-003217,5895-D,Jumeirah,274034,Commercial,Freehold,2010-05-17,2015-07-04,29524584,True,DEV-0190
PLOT-003218,9383-B,Motor City,253565,Commercial,Freehold,2014-08-13,2017-07-13,427497916,False,DEV-0169
PLOT-003219,6283-E,Al Twar,139193,Residential,Freehold,2007-03-05,2023-08-23,232658414,False,DEV-0059
PLOT-003220,9292-D,DIFC,158600,Residential,Government,2011-11-27,2019-06-05,263090059,False,DEV-0163
PLOT-003221,6395-C,International City,11873,Mixed,Freehold,2020-12-24,2024-12-03,438431910,False,DEV-0056
PLOT-003222,5579-C,Emaar Beachfront,387312,Residential,Freehold,2007-07-02,2018-08-22,70547395,False,DEV-0109
PLOT-003223,1860-C,Emaar Beachfront,168099,Residential,Leasehold,2012-07-18,2016-07-01,282090406,False,DEV-0139
PLOT-003224,3403-E,Nad Al Sheba,104370,Mixed,Leasehold,2002-07-29,2017-03-31,302299645,True,DEV-0083
PLOT-003225,2844-E,Business Bay,90924,Commercial,Leasehold,2020-10-25,2018-02-17,298772274,True,DEV-0184
PLOT-003226,4113-D,JVC,252962,Commercial,Freehold,2014-07-09,2016-04-16,424744195,True,DEV-0045
PLOT-003227,8618-C,Al Satwa,74742,Commercial,Leasehold,2011-05-12,2020-05-05,422917652,False,DEV-0057
PLOT-003228,1583-B,Ras Al Khor,382150,Residential,Government,2023-09-10,2023-08-08,339401787,True,DEV-0198
PLOT-003229,8049-C,Al Furjan,118279,Commercial,Government,2013-11-27,2015-05-18,20160351,True,DEV-0174
PLOT-003230,4447-B,Arabian Ranches,481082,Green,Freehold,2003-10-26,2017-05-10,9149977,True,DEV-0134
PLOT-003231,6078-C,Mirdif,182602,Mixed,Leasehold,2019-10-31,2021-07-17,342752303,False,DEV-0196
PLOT-003232,1733-B,Palm Jumeirah,81896,Mixed,Government,2023-03-27,2015-12-31,460610668,True,DEV-0149
PLOT-003233,6503-C,JLT,464348,Residential,Freehold,2008-11-18,2017-05-25,79266287,True,DEV-0118
PLOT-003234,8211-A,Dubai Marina,67220,Residential,Leasehold,2008-08-07,2018-11-18,432509023,True,DEV-0132
PLOT-003235,7202-C,Al Safa,303927,Commercial,Leasehold,2015-10-22,2019-03-09,168240434,True,DEV-0073
PLOT-003236,6-B,Dubai Land,430318,Commercial,Freehold,2019-09-02,2020-02-20,81558575,False,DEV-0006
PLOT-003237,346-E,Business Bay,432553,Residential,Leasehold,2019-08-28,2018-01-23,216129137,False,DEV-0080
PLOT-003238,149-D,Dubai South,291827,Mixed,Freehold,2023-01-20,2023-10-25,326374560,False,DEV-0066
PLOT-003239,9504-E,Mirdif,422750,Residential,Leasehold,2018-06-24,2023-12-22,102405809,False,DEV-0012
PLOT-003240,5636-B,Al Mizhar,454782,Residential,Leasehold,2005-11-17,2016-04-01,274358134,False,DEV-0104
PLOT-003241,4344-B,Discovery Gardens,179479,Commercial,Freehold,2018-09-10,2018-02-07,325103229,False,DEV-0023
PLOT-003242,8352-E,Dubai Investment Park,343515,Commercial,Freehold,2002-07-06,2023-06-09,188576433,True,DEV-0178
PLOT-003243,618-C,Dubai Hills Estate,312172,Residential,Leasehold,2001-09-16,2017-06-19,395918579,True,DEV-0168
PLOT-003244,1659-B,Al Furjan,492009,Residential,Government,2012-02-17,2022-09-05,386593757,False,DEV-0153
PLOT-003245,1058-A,Business Bay,49736,Green,Leasehold,2013-02-15,2020-06-07,78833564,True,DEV-0035
PLOT-003246,2589-B,Dubailand,345885,Commercial,Freehold,2001-12-14,2019-10-22,447432765,False,DEV-0121
PLOT-003247,8667-A,Al Qusais,353996,Residential,Leasehold,2023-09-16,2015-11-01,194451757,False,DEV-0166
PLOT-003248,1268-B,Mirdif,413104,Commercial,Freehold,2013-01-22,2024-01-26,75078275,False,DEV-0158
PLOT-003249,7572-B,Al Satwa,76765,Residential,Government,2013-04-01,2016-10-18,444315035,False,DEV-0085
PLOT-003250,5219-C,Emaar Beachfront,399744,Commercial,Freehold,2004-08-29,2020-03-04,76680109,False,DEV-0027
PLOT-003251,8172-C,Al Karama,41401,Commercial,Freehold,2023-02-08,2020-06-10,333996208,False,DEV-0134
PLOT-003252,7040-D,Al Safa,452393,Commercial,Freehold,2003-04-14,2017-03-06,199580182,False,DEV-0042
PLOT-003253,8282-B,Mirdif,336737,Residential,Leasehold,2023-12-04,2018-05-04,153683347,False,DEV-0102
PLOT-003254,4490-C,Muhaisnah,62113,Mixed,Freehold,2011-03-15,2016-01-25,240757218,True,DEV-0075
PLOT-003255,2286-A,Al Quoz,297155,Commercial,Freehold,2008-02-03,2015-07-23,23966696,True,DEV-0056
PLOT-003256,1120-A,Al Barsha,364195,Mixed,Freehold,2013-01-25,2018-01-31,490277969,True,DEV-0144
PLOT-003257,9099-D,Emaar Beachfront,429888,Residential,Freehold,2007-02-22,2015-01-12,152943973,False,DEV-0045
PLOT-003258,4738-A,Mirdif,95096,Commercial,Leasehold,2013-10-27,2016-11-06,315842401,False,DEV-0169
PLOT-003259,8517-C,Motor City,66556,Commercial,Government,2000-09-11,2016-06-17,297616175,False,DEV-0092
PLOT-003260,6490-B,Nad Al Sheba,370773,Mixed,Government,2002-11-22,2020-09-18,240013516,False,DEV-0076
PLOT-003261,2660-B,Dubai South,214972,Mixed,Freehold,2006-04-26,2024-07-10,143850453,False,DEV-0191
PLOT-003262,7923-C,Mirdif,423469,Commercial,Government,2015-02-16,2022-11-02,188834554,False,DEV-0036
PLOT-003263,242-E,Dubai South,334272,Commercial,Leasehold,2001-05-14,2022-07-18,240715554,False,DEV-0020
PLOT-003264,8279-C,JVC,312001,Mixed,Freehold,2003-12-21,2019-09-30,422378348,False,DEV-0199
PLOT-003265,8860-A,Emaar Beachfront,303490,Commercial,Freehold,2019-03-08,2023-02-23,385803744,False,DEV-0184
PLOT-003266,7007-B,Al Quoz,140173,Commercial,Leasehold,2016-01-20,2023-11-19,368590799,True,DEV-0176
PLOT-003267,3296-C,Business Bay,483641,Commercial,Government,2000-04-03,2018-05-30,425723819,True,DEV-0059
PLOT-003268,4021-C,Dubai Creek Harbour,173073,Commercial,Government,2016-01-11,2018-10-08,263193058,False,DEV-0150
PLOT-003269,4959-A,Nad Al Sheba,158527,Residential,Leasehold,2010-04-22,2023-02-13,265550986,False,DEV-0056
PLOT-003270,4146-C,Motor City,233119,Commercial,Freehold,2019-03-21,2022-03-02,266030668,False,DEV-0037
PLOT-003271,7194-E,Al Qusais,114452,Residential,Leasehold,2010-07-28,2016-05-09,337044503,False,DEV-0110
PLOT-003272,7819-A,Sports City,102730,Residential,Freehold,2017-11-15,2015-11-06,406431139,False,DEV-0140
PLOT-003273,4087-B,Emaar Beachfront,263481,Mixed,Freehold,2018-08-08,2022-02-16,23042953,False,DEV-0094
PLOT-003274,7955-D,DIFC,427809,Industrial,Freehold,2000-09-19,2021-08-28,15762631,False,DEV-0199
PLOT-003275,1285-D,Motor City,424642,Residential,Leasehold,2021-02-26,2017-08-03,408058665,True,DEV-0182
PLOT-003276,7580-D,Jumeirah,43443,Mixed,Freehold,2014-08-24,2015-12-17,219662845,False,DEV-0073
PLOT-003277,5673-C,Dubai Creek Harbour,36814,Residential,Government,2009-11-20,2022-04-19,496511066,False,DEV-0083
PLOT-003278,9786-B,Al Satwa,427713,Commercial,Freehold,2019-03-20,2018-10-05,418120100,True,DEV-0010
PLOT-003279,5-A,Al Satwa,270338,Commercial,Freehold,2019-04-27,2022-11-17,34053080,True,DEV-0140
PLOT-003280,5310-E,Business Bay,120117,Mixed,Government,2015-01-28,2016-05-03,72428773,False,DEV-0037
PLOT-003281,9422-C,Sports City,104454,Commercial,Leasehold,2005-02-22,2016-04-04,16671791,False,DEV-0139
PLOT-003282,2865-A,Al Twar,390450,Residential,Freehold,2005-10-09,2019-09-17,41223202,True,DEV-0040
PLOT-003283,6084-D,Al Qusais,389547,Commercial,Freehold,2023-05-11,2021-07-07,389853224,False,DEV-0085
PLOT-003284,4397-B,Emaar Beachfront,95774,Commercial,Leasehold,2004-01-27,2020-04-24,238830652,False,DEV-0107
PLOT-003285,1596-C,Al Mizhar,482068,Residential,Freehold,2014-07-27,2016-11-13,49278850,True,DEV-0167
PLOT-003286,7422-B,Dubai Creek Harbour,337090,Residential,Freehold,2011-01-24,2024-10-30,250776656,True,DEV-0173
PLOT-003287,1267-A,Jebel Ali,119229,Industrial,Freehold,2009-06-13,2015-09-06,455626048,True,DEV-0172
PLOT-003288,2824-A,Town Square,403425,Industrial,Leasehold,2019-01-02,2024-04-02,45438413,False,DEV-0040
PLOT-003289,6334-C,Discovery Gardens,464141,Commercial,Leasehold,2006-10-14,2017-04-11,313603506,False,DEV-0189
PLOT-003290,8771-A,Bur Dubai,338377,Residential,Freehold,2014-04-18,2017-10-26,497668681,False,DEV-0109
PLOT-003291,6987-D,Al Qusais,451882,Commercial,Freehold,2003-05-27,2016-04-25,78523494,True,DEV-0200
PLOT-003292,6382-C,Ras Al Khor,270547,Mixed,Leasehold,2008-02-12,2015-09-14,459511876,False,DEV-0102
PLOT-003293,6173-C,Arabian Ranches,476740,Residential,Leasehold,2020-10-16,2022-03-31,267529782,False,DEV-0096
PLOT-003294,3593-E,Al Satwa,459346,Residential,Leasehold,2009-05-07,2019-04-12,162480859,False,DEV-0018
PLOT-003295,8587-A,Ras Al Khor,329160,Industrial,Government,2022-07-26,2016-07-07,54783360,True,DEV-0067
PLOT-003296,8683-E,Al Barsha,419009,Mixed,Government,2009-04-11,2017-03-28,416848442,False,DEV-0188
PLOT-003297,4427-D,Jumeirah,417154,Residential,Freehold,2001-10-22,2016-10-02,194666040,False,DEV-0044
PLOT-003298,4895-D,Mirdif,26864,Industrial,Freehold,2016-05-10,2024-02-26,374209948,True,DEV-0151
PLOT-003299,527-E,Dubai Hills Estate,484937,Mixed,Leasehold,2010-02-25,2023-10-17,467900122,False,DEV-0140
PLOT-003300,6209-C,Al Twar,177813,Green,Freehold,2006-06-11,2015-03-17,196926806,False,DEV-0082
PLOT-003301,1580-D,Bur Dubai,497655,Commercial,Freehold,2000-11-25,2021-05-28,316918466,True,DEV-0078
PLOT-003302,3462-A,Al Mizhar,21603,Residential,Freehold,2011-12-03,2015-11-11,24622915,True,DEV-0032
PLOT-003303,992-B,Arabian Ranches,118084,Industrial,Freehold,2018-11-28,2016-12-10,494263692,True,DEV-0101
PLOT-003304,8334-B,Dubai South,417016,Mixed,Leasehold,2022-05-12,2024-12-29,339396451,True,DEV-0061
PLOT-003305,2715-A,Al Wasl,156877,Commercial,Freehold,2015-04-12,2020-11-15,309818975,False,DEV-0086
PLOT-003306,8783-B,Al Karama,247378,Residential,Freehold,2020-06-13,2018-10-27,50514562,False,DEV-0147
PLOT-003307,2338-A,Downtown Dubai,168316,Mixed,Freehold,2004-04-15,2020-02-28,281418059,False,DEV-0199
PLOT-003308,4475-C,Ras Al Khor,347317,Green,Leasehold,2010-09-02,2020-05-30,154593494,False,DEV-0151
PLOT-003309,5892-C,Dubailand,254757,Mixed,Leasehold,2019-07-15,2015-01-30,67878889,True,DEV-0032
PLOT-003310,9848-E,DIFC,138705,Residential,Freehold,2013-10-29,2015-09-03,193954091,False,DEV-0008
PLOT-003311,307-A,Dubai South,338086,Mixed,Freehold,2014-01-01,2016-07-22,163531740,False,DEV-0009
PLOT-003312,8510-D,Ras Al Khor,410258,Commercial,Freehold,2012-01-31,2017-01-01,187018850,False,DEV-0049
PLOT-003313,3307-D,Sports City,154466,Green,Leasehold,2014-06-26,2016-09-20,181470362,False,DEV-0076
PLOT-003314,7139-A,Motor City,47696,Residential,Leasehold,2018-09-21,2023-07-15,20446581,False,DEV-0052
PLOT-003315,3304-A,Al Barsha,152516,Commercial,Freehold,2000-06-10,2021-12-24,396372597,True,DEV-0067
PLOT-003316,1842-B,Bur Dubai,266512,Green,Government,2003-11-19,2018-05-21,466175057,True,DEV-0017
PLOT-003317,2387-E,Al Mizhar,327038,Mixed,Freehold,2015-06-17,2021-11-16,293977306,False,DEV-0117
PLOT-003318,5658-D,Dubai Marina,412599,Mixed,Freehold,2021-10-13,2017-04-07,109633471,False,DEV-0039
PLOT-003319,7259-D,Dubai Land,247104,Residential,Government,2005-05-09,2020-03-19,341325049,True,DEV-0106
PLOT-003320,4454-D,Al Qusais,479317,Industrial,Leasehold,2016-12-07,2021-01-20,40283515,False,DEV-0116
PLOT-003321,4048-A,Downtown Dubai,349831,Commercial,Freehold,2011-07-17,2023-04-16,464639638,False,DEV-0119
PLOT-003322,6903-B,JVC,130549,Residential,Freehold,2004-06-28,2024-07-19,106415020,False,DEV-0163
PLOT-003323,839-D,Al Barsha,328218,Commercial,Leasehold,2019-07-04,2020-07-05,440406399,True,DEV-0134
PLOT-003324,2506-D,Motor City,293260,Residential,Freehold,2015-01-09,2021-01-31,190897334,False,DEV-0036
PLOT-003325,1286-E,Emaar Beachfront,59228,Residential,Freehold,2015-08-13,2024-09-01,291563468,True,DEV-0037
PLOT-003326,6954-D,DIFC,211620,Industrial,Freehold,2007-06-24,2023-09-04,187101906,False,DEV-0196
PLOT-003327,9167-B,Al Barsha,469147,Mixed,Government,2012-04-18,2022-12-03,154486150,True,DEV-0079
PLOT-003328,66-B,Deira,18755,Residential,Government,2017-11-08,2018-07-01,479239932,True,DEV-0140
PLOT-003329,6941-B,Nad Al Sheba,179643,Residential,Government,2010-07-04,2022-10-21,230332064,False,DEV-0152
PLOT-003330,6129-D,Al Furjan,63383,Residential,Freehold,2010-02-14,2016-04-28,479619631,False,DEV-0050
PLOT-003331,726-B,Al Satwa,28711,Mixed,Freehold,2011-04-23,2021-09-11,57280878,False,DEV-0136
PLOT-003332,4310-A,Motor City,444757,Residential,Leasehold,2010-07-07,2023-12-30,319556997,True,DEV-0068
PLOT-003333,9528-C,Arabian Ranches,102769,Commercial,Leasehold,2002-08-20,2024-11-01,383706896,False,DEV-0095
PLOT-003334,3404-C,Bur Dubai,178515,Mixed,Leasehold,2009-06-05,2017-02-21,432690803,True,DEV-0084
PLOT-003335,6963-E,Palm Jumeirah,227619,Mixed,Leasehold,2005-02-08,2015-05-13,64075992,True,DEV-0195
PLOT-003336,9657-C,Nad Al Sheba,155016,Green,Leasehold,2007-02-06,2024-10-13,186568173,True,DEV-0141
PLOT-003337,5145-A,Al Satwa,395916,Green,Freehold,2006-04-11,2024-12-03,177784582,False,DEV-0080
PLOT-003338,3015-D,Dubai Creek Harbour,184099,Residential,Freehold,2020-10-18,2018-04-25,103384637,False,DEV-0164
PLOT-003339,7748-A,Jumeirah,303917,Commercial,Government,2001-07-02,2017-03-29,221902159,False,DEV-0075
PLOT-003340,3498-D,Mirdif,410532,Residential,Government,2002-12-10,2015-07-10,183419945,False,DEV-0149
PLOT-003341,8214-D,JVC,353720,Mixed,Leasehold,2023-11-08,2023-01-31,182255093,False,DEV-0150
PLOT-003342,2637-C,Dubai Marina,230968,Residential,Freehold,2019-12-28,2024-03-24,364826548,True,DEV-0125
PLOT-003343,4800-C,Motor City,341832,Industrial,Government,2016-04-13,2023-05-04,249409041,False,DEV-0098
PLOT-003344,7780-B,JVC,249653,Green,Freehold,2008-01-22,2023-04-19,208122323,False,DEV-0067
PLOT-003345,4448-C,Al Furjan,11749,Residential,Leasehold,2021-02-12,2021-10-23,364061582,True,DEV-0086
PLOT-003346,2827-C,DIFC,74742,Mixed,Leasehold,2008-01-31,2020-04-05,306173474,True,DEV-0127
PLOT-003347,1667-A,Al Satwa,53269,Residential,Leasehold,2005-12-08,2017-10-27,264061285,False,DEV-0111
PLOT-003348,4456-E,International City,399383,Mixed,Government,2010-12-16,2020-04-26,253141776,True,DEV-0073
PLOT-003349,3043-D,Al Furjan,348064,Residential,Leasehold,2000-07-23,2019-03-10,323369025,False,DEV-0172
PLOT-003350,7989-A,Dubai Investment Park,403716,Residential,Freehold,2005-07-16,2019-03-30,96710969,False,DEV-0021
PLOT-003351,2834-D,DIFC,314860,Industrial,Leasehold,2016-05-16,2020-07-31,393651228,True,DEV-0096
PLOT-003352,4769-C,Umm Suqeim,347634,Commercial,Leasehold,2001-03-09,2024-11-20,29992407,False,DEV-0076
PLOT-003353,9984-C,Downtown Dubai,202420,Industrial,Leasehold,2009-11-25,2021-06-11,468046086,True,DEV-0191
PLOT-003354,4727-B,Arabian Ranches,52139,Mixed,Government,2021-02-09,2021-11-19,333211606,True,DEV-0105
PLOT-003355,7990-C,Mirdif,490175,Residential,Freehold,2019-05-19,2019-11-27,98700235,True,DEV-0162
PLOT-003356,9323-D,Al Qusais,48068,Commercial,Government,2010-06-10,2018-05-10,49488725,True,DEV-0106
PLOT-003357,1060-D,Al Twar,64568,Residential,Freehold,2004-01-20,2020-10-26,69207120,False,DEV-0028
PLOT-003358,3853-A,Dubai Hills Estate,258783,Green,Leasehold,2007-01-06,2024-12-26,67049903,False,DEV-0194
PLOT-003359,6466-A,DIFC,261270,Residential,Leasehold,2002-06-25,2015-01-04,325250305,False,DEV-0131
PLOT-003360,8748-C,Al Mizhar,95024,Industrial,Freehold,2009-11-29,2021-01-01,351763793,False,DEV-0126
PLOT-003361,2912-C,Business Bay,312914,Residential,Freehold,2003-10-25,2015-12-29,348986919,False,DEV-0021
PLOT-003362,4385-E,Deira,419915,Residential,Leasehold,2000-01-19,2021-12-02,271569176,True,DEV-0131
PLOT-003363,5658-D,Al Safa,287541,Commercial,Leasehold,2016-05-02,2017-10-07,86379937,True,DEV-0078
PLOT-003364,1755-A,Al Barsha,319398,Mixed,Freehold,2014-09-26,2017-03-10,432505574,False,DEV-0123
PLOT-003365,4965-C,Dubai Hills Estate,315771,Green,Leasehold,2023-07-21,2024-12-07,242711748,False,DEV-0011
PLOT-003366,5036-C,Sports City,468145,Mixed,Leasehold,2001-12-04,2017-10-26,473549014,False,DEV-0040
PLOT-003367,2655-A,JVC,243883,Residential,Government,2017-11-15,2020-12-18,134204933,True,DEV-0023
PLOT-003368,8572-A,Palm Jumeirah,155858,Commercial,Freehold,2020-12-19,2022-08-12,258134692,False,DEV-0053
PLOT-003369,7614-B,Dubai Creek Harbour,261910,Residential,Leasehold,2023-09-09,2016-01-16,265301606,False,DEV-0004
PLOT-003370,3420-D,Sports City,53372,Commercial,Government,2007-04-29,2019-02-19,115264628,False,DEV-0007
PLOT-003371,9882-B,Warqa,429978,Industrial,Freehold,2001-08-19,2019-07-24,400348723,True,DEV-0039
PLOT-003372,6647-E,Dubai Hills Estate,321831,Residential,Government,2000-12-30,2018-10-04,81572712,True,DEV-0192
PLOT-003373,7970-D,Al Satwa,439989,Mixed,Freehold,2022-09-18,2017-01-22,243966519,True,DEV-0082
PLOT-003374,4858-C,Dubai Marina,397063,Residential,Government,2023-06-06,2021-02-11,125329850,False,DEV-0135
PLOT-003375,6878-E,Warqa,214443,Industrial,Government,2001-10-23,2015-02-18,394388900,True,DEV-0004
PLOT-003376,2812-D,Mirdif,359629,Mixed,Freehold,2008-07-29,2022-08-26,99019481,False,DEV-0136
PLOT-003377,5880-B,Dubai Investment Park,458688,Industrial,Government,2008-08-13,2023-02-02,65985896,False,DEV-0163
PLOT-003378,3802-C,Arabian Ranches,383425,Commercial,Freehold,2021-03-04,2018-06-14,30630142,True,DEV-0040
PLOT-003379,9690-E,Dubai Marina,40203,Residential,Freehold,2017-07-11,2021-09-11,328186687,False,DEV-0114
PLOT-003380,341-B,Ras Al Khor,77203,Mixed,Government,2002-02-04,2017-12-21,477698969,False,DEV-0035
PLOT-003381,5866-B,Al Twar,466763,Commercial,Freehold,2006-07-26,2020-11-06,8652433,True,DEV-0033
PLOT-003382,9420-C,Arabian Ranches,440816,Green,Leasehold,2002-07-08,2016-07-09,395902754,True,DEV-0046
PLOT-003383,2561-A,Dubai Hills Estate,97939,Commercial,Freehold,2008-08-28,2024-05-03,339104682,True,DEV-0024
PLOT-003384,3925-A,Downtown Dubai,145367,Mixed,Government,2003-04-14,2018-01-26,391733596,True,DEV-0185
PLOT-003385,9741-A,Muhaisnah,458953,Commercial,Freehold,2019-04-09,2022-09-16,498325037,False,DEV-0159
PLOT-003386,9134-C,Sports City,100290,Residential,Leasehold,2007-09-02,2024-01-29,40482748,True,DEV-0020
PLOT-003387,8192-D,Al Barsha,178054,Mixed,Freehold,2015-06-06,2019-02-23,64204171,False,DEV-0037
PLOT-003388,5733-A,Dubai Investment Park,74260,Commercial,Leasehold,2013-10-26,2022-02-06,271819640,False,DEV-0003
PLOT-003389,5331-E,Al Barsha,326629,Residential,Freehold,2017-12-09,2016-07-28,399379094,False,DEV-0186
PLOT-003390,3845-D,Deira,189285,Mixed,Freehold,2008-09-12,2024-05-22,166186243,False,DEV-0019
PLOT-003391,5319-A,Emaar Beachfront,166603,Industrial,Government,2009-09-12,2024-11-20,106799982,False,DEV-0022
PLOT-003392,726-A,Muhaisnah,495346,Mixed,Freehold,2002-11-29,2020-05-12,77031325,False,DEV-0020
PLOT-003393,4326-C,Dubai South,280377,Residential,Leasehold,2007-06-16,2024-09-12,406677662,False,DEV-0047
PLOT-003394,6657-A,Nad Al Sheba,325465,Green,Freehold,2010-02-21,2024-12-23,159050266,False,DEV-0012
PLOT-003395,4389-C,Al Twar,291805,Commercial,Leasehold,2013-09-21,2020-05-15,472784156,False,DEV-0033
PLOT-003396,7975-C,Al Furjan,354612,Commercial,Government,2003-02-06,2015-11-03,142026248,False,DEV-0074
PLOT-003397,4908-C,Sports City,265795,Residential,Leasehold,2011-05-12,2021-07-17,421558083,False,DEV-0144
PLOT-003398,3927-C,Discovery Gardens,120770,Commercial,Government,2001-05-11,2015-03-18,468633007,False,DEV-0061
PLOT-003399,2722-A,Deira,137216,Commercial,Freehold,2015-02-18,2023-02-20,185515148,False,DEV-0120
PLOT-003400,9693-B,Muhaisnah,137987,Residential,Leasehold,2023-07-12,2022-09-09,49334611,False,DEV-0129
PLOT-003401,1209-A,Dubailand,20904,Mixed,Leasehold,2014-03-15,2018-03-02,134247862,True,DEV-0008
PLOT-003402,9963-D,Town Square,497773,Commercial,Leasehold,2022-04-20,2024-01-04,157087163,True,DEV-0103
PLOT-003403,1864-C,Warqa,149348,Residential,Leasehold,2005-05-31,2024-04-16,193872958,False,DEV-0046
PLOT-003404,9066-D,DIFC,368690,Commercial,Leasehold,2005-12-28,2018-06-16,278985523,False,DEV-0067
PLOT-003405,1256-B,Mirdif,422302,Mixed,Freehold,2009-06-07,2018-10-09,200973989,False,DEV-0045
PLOT-003406,4450-E,Al Twar,187587,Residential,Leasehold,2016-10-03,2021-04-18,450765036,True,DEV-0041
PLOT-003407,6012-A,Mirdif,412140,Industrial,Leasehold,2008-01-10,2024-12-29,149395828,False,DEV-0053
PLOT-003408,7866-A,Muhaisnah,25713,Residential,Freehold,2011-05-05,2020-10-15,475402559,True,DEV-0144
PLOT-003409,8776-E,Dubai Investment Park,262243,Residential,Freehold,2012-05-13,2022-01-13,117563750,False,DEV-0182
PLOT-003410,2169-E,Discovery Gardens,471219,Residential,Leasehold,2010-06-27,2020-11-12,478430820,False,DEV-0096
PLOT-003411,6627-B,Al Qusais,393884,Commercial,Freehold,2001-11-22,2021-02-24,340536054,False,DEV-0171
PLOT-003412,3701-C,JVC,342335,Commercial,Leasehold,2007-08-13,2019-05-23,236703677,True,DEV-0144
PLOT-003413,838-D,Town Square,240603,Mixed,Freehold,2006-08-17,2021-10-27,122471940,False,DEV-0199
PLOT-003414,9421-E,Palm Jumeirah,192281,Green,Government,2023-04-08,2015-08-24,175671949,True,DEV-0080
PLOT-003415,8604-C,Al Safa,27575,Mixed,Freehold,2002-02-10,2022-10-29,30102257,True,DEV-0155
PLOT-003416,6098-B,Dubai Investment Park,83007,Residential,Government,2002-05-23,2020-01-03,475310505,False,DEV-0082
PLOT-003417,7658-B,Discovery Gardens,257130,Residential,Freehold,2004-05-29,2020-05-15,420826681,False,DEV-0132
PLOT-003418,1673-D,Jebel Ali,433020,Commercial,Freehold,2009-04-09,2024-06-09,379095864,False,DEV-0173
PLOT-003419,1757-A,Warqa,238722,Mixed,Leasehold,2014-10-18,2020-07-09,269349358,False,DEV-0043
PLOT-003420,9384-D,Dubai Hills Estate,401891,Residential,Freehold,2021-07-13,2022-10-16,113045744,True,DEV-0135
PLOT-003421,1436-B,DIFC,332514,Commercial,Freehold,2017-05-28,2021-04-03,350094409,False,DEV-0110
PLOT-003422,3886-A,Sports City,284344,Residential,Freehold,2007-06-21,2019-09-15,37808432,False,DEV-0043
PLOT-003423,2411-A,Al Barsha,159704,Mixed,Freehold,2016-02-04,2018-03-26,41869457,False,DEV-0003
PLOT-003424,4511-C,Warqa,232974,Residential,Freehold,2011-03-29,2015-03-14,469659190,False,DEV-0087
PLOT-003425,5999-D,Emaar Beachfront,68406,Commercial,Government,2022-10-28,2023-06-28,425703286,True,DEV-0168
PLOT-003426,3470-A,Al Qusais,415619,Commercial,Freehold,2007-05-13,2019-02-13,216422380,False,DEV-0045
PLOT-003427,5157-E,Al Barsha,429550,Green,Freehold,2009-05-12,2015-05-04,87721639,False,DEV-0117
PLOT-003428,1398-D,Deira,156125,Commercial,Freehold,2009-09-23,2015-02-11,318107977,False,DEV-0200
PLOT-003429,7708-D,Discovery Gardens,149319,Residential,Freehold,2020-08-15,2024-12-16,194504439,False,DEV-0018
PLOT-003430,2957-A,Town Square,156905,Commercial,Leasehold,2010-06-28,2023-09-29,107272293,True,DEV-0036
PLOT-003431,3412-B,Al Safa,311479,Green,Freehold,2008-11-26,2017-06-04,252746438,False,DEV-0052
PLOT-003432,8923-B,Dubai Creek Harbour,167221,Residential,Freehold,2011-04-17,2016-04-09,177482989,False,DEV-0119
PLOT-003433,4512-C,Business Bay,276948,Industrial,Government,2020-07-15,2023-10-08,36210283,False,DEV-0059
PLOT-003434,5686-B,Al Mizhar,378092,Residential,Freehold,2019-11-05,2022-10-28,281998279,False,DEV-0037
PLOT-003435,266-C,Emaar Beachfront,210292,Commercial,Freehold,2017-09-19,2020-09-20,169768684,True,DEV-0078
PLOT-003436,1728-E,International City,428250,Commercial,Freehold,2023-03-22,2015-09-21,351972486,False,DEV-0090
PLOT-003437,7228-E,Dubai South,194980,Residential,Freehold,2001-06-21,2015-05-08,352978909,False,DEV-0083
PLOT-003438,5273-C,Al Barsha,250482,Residential,Freehold,2004-09-30,2020-01-22,151812684,True,DEV-0141
PLOT-003439,6131-A,Al Furjan,485594,Industrial,Leasehold,2009-03-18,2020-04-25,29497755,False,DEV-0039
PLOT-003440,6776-E,Dubailand,413146,Residential,Freehold,2011-07-26,2017-11-13,357466597,True,DEV-0026
PLOT-003441,6615-A,Motor City,136559,Mixed,Leasehold,2006-06-01,2018-04-08,85187385,False,DEV-0091
PLOT-003442,657-C,Al Twar,323988,Commercial,Leasehold,2015-03-27,2018-09-10,61628018,False,DEV-0176
PLOT-003443,3177-E,Arabian Ranches,388354,Residential,Leasehold,2005-03-30,2024-02-06,458140356,True,DEV-0096
PLOT-003444,3633-E,Town Square,285391,Residential,Leasehold,2000-02-10,2021-11-13,229790804,False,DEV-0010
PLOT-003445,8682-D,JVC,411824,Mixed,Leasehold,2020-05-21,2020-09-02,440162665,True,DEV-0190
PLOT-003446,4306-C,Dubai Hills Estate,143335,Commercial,Freehold,2006-09-05,2024-05-06,123577473,False,DEV-0144
PLOT-003447,6299-E,Town Square,174086,Residential,Freehold,2006-03-16,2021-10-17,376479088,True,DEV-0141
PLOT-003448,3842-D,Al Karama,105670,Residential,Freehold,2011-12-27,2020-06-16,126773379,True,DEV-0198
PLOT-003449,3231-C,Discovery Gardens,448940,Residential,Leasehold,2004-04-04,2017-02-22,490225303,False,DEV-0192
PLOT-003450,77-D,Warqa,480254,Mixed,Government,2000-04-19,2024-10-01,13072872,False,DEV-0127
PLOT-003451,2584-B,Mirdif,415959,Residential,Freehold,2008-12-29,2020-10-02,92930965,False,DEV-0019
PLOT-003452,6003-C,Discovery Gardens,423627,Mixed,Leasehold,2011-05-29,2020-06-25,189132787,True,DEV-0056
PLOT-003453,9639-A,Warqa,477087,Residential,Leasehold,2005-02-25,2022-09-10,197910822,True,DEV-0107
PLOT-003454,9055-E,JVC,416655,Industrial,Leasehold,2005-03-10,2023-08-04,393920919,False,DEV-0106
PLOT-003455,2146-B,Al Qusais,390727,Commercial,Freehold,2008-02-03,2023-01-30,496395016,False,DEV-0078
PLOT-003456,9115-C,Dubai Marina,428230,Mixed,Leasehold,2014-01-29,2017-03-04,197548282,False,DEV-0047
PLOT-003457,5731-A,Al Safa,406876,Residential,Leasehold,2014-07-03,2019-08-06,213958984,True,DEV-0024
PLOT-003458,6491-A,Town Square,449794,Commercial,Leasehold,2007-09-16,2016-07-17,435724557,True,DEV-0056
PLOT-003459,745-C,Dubai Investment Park,10153,Residential,Freehold,2018-01-13,2021-12-22,209599304,False,DEV-0143
PLOT-003460,374-D,Deira,231427,Residential,Freehold,2016-04-09,2019-10-29,34957626,False,DEV-0054
PLOT-003461,8300-A,Mirdif,492130,Residential,Freehold,2010-08-28,2017-10-12,276495141,False,DEV-0107
PLOT-003462,1389-D,Palm Jumeirah,193690,Commercial,Leasehold,2007-06-07,2016-08-14,305092969,True,DEV-0060
PLOT-003463,3963-C,Emaar Beachfront,179557,Residential,Government,2008-12-14,2021-03-29,438708861,True,DEV-0200
PLOT-003464,1507-A,Umm Suqeim,363853,Commercial,Government,2012-08-23,2018-03-03,470936219,True,DEV-0001
PLOT-003465,9654-D,Dubailand,166510,Residential,Leasehold,2008-07-06,2024-07-05,382739288,True,DEV-0185
PLOT-003466,6523-A,Dubai Marina,428726,Residential,Leasehold,2010-07-03,2019-08-14,234424399,True,DEV-0005
PLOT-003467,2283-E,Al Mizhar,378778,Industrial,Government,2005-04-21,2016-05-13,38439110,True,DEV-0174
PLOT-003468,4866-A,Deira,489966,Commercial,Government,2007-05-03,2022-07-02,450855471,True,DEV-0124
PLOT-003469,3545-B,Dubai Marina,290092,Commercial,Leasehold,2023-12-05,2022-02-20,311053816,False,DEV-0093
PLOT-003470,1826-B,Jumeirah,329594,Commercial,Leasehold,2002-02-09,2017-09-20,32618803,True,DEV-0017
PLOT-003471,3416-E,Jumeirah,464585,Residential,Leasehold,2001-10-16,2023-08-05,464818603,True,DEV-0159
PLOT-003472,6691-D,Dubailand,467305,Mixed,Freehold,2015-12-12,2017-09-06,486875497,False,DEV-0145
PLOT-003473,2632-D,Umm Suqeim,146427,Mixed,Freehold,2002-04-28,2018-12-23,455615961,False,DEV-0074
PLOT-003474,555-C,Dubai Marina,18518,Mixed,Government,2016-06-04,2021-06-27,3861661,True,DEV-0071
PLOT-003475,9661-D,Sports City,312751,Residential,Freehold,2018-08-05,2023-12-05,232276715,True,DEV-0083
PLOT-003476,8227-A,Al Furjan,46021,Commercial,Freehold,2013-11-09,2019-05-23,419085771,False,DEV-0133
PLOT-003477,5168-D,Dubailand,489108,Residential,Government,2016-03-12,2019-07-24,408552496,False,DEV-0189
PLOT-003478,1493-E,Dubai Land,364184,Green,Leasehold,2023-01-09,2015-04-18,45500669,False,DEV-0193
PLOT-003479,2924-C,Dubai Marina,123359,Residential,Freehold,2022-10-05,2020-01-01,21090432,False,DEV-0160
PLOT-003480,2149-C,Al Wasl,492541,Mixed,Freehold,2002-04-20,2024-07-25,281638224,True,DEV-0011
PLOT-003481,4838-D,International City,352655,Commercial,Freehold,2008-10-13,2022-11-09,111134335,False,DEV-0082
PLOT-003482,1147-A,Town Square,319062,Mixed,Freehold,2018-01-05,2020-05-02,116094552,False,DEV-0078
PLOT-003483,2289-B,Muhaisnah,397898,Commercial,Freehold,2022-08-27,2020-02-10,436288552,True,DEV-0039
PLOT-003484,2338-E,Nad Al Sheba,121345,Mixed,Leasehold,2014-05-15,2024-10-29,198680773,True,DEV-0181
PLOT-003485,20-B,Warqa,205655,Residential,Freehold,2011-10-06,2015-11-27,14413621,False,DEV-0198
PLOT-003486,6945-E,Jebel Ali,71547,Industrial,Freehold,2021-12-09,2024-11-06,478998985,False,DEV-0185
PLOT-003487,285-E,Al Karama,99793,Commercial,Government,2005-10-27,2024-01-26,5122520,True,DEV-0182
PLOT-003488,2891-D,Dubailand,149231,Residential,Freehold,2018-10-25,2017-03-23,225224167,False,DEV-0090
PLOT-003489,678-A,Mirdif,354186,Commercial,Freehold,2019-11-16,2015-02-04,333036262,False,DEV-0063
PLOT-003490,3089-E,Warqa,345743,Mixed,Leasehold,2023-04-21,2015-12-22,420208470,True,DEV-0061
PLOT-003491,8410-A,Palm Jumeirah,433482,Residential,Leasehold,2011-09-03,2016-09-05,418774179,False,DEV-0015
PLOT-003492,1529-A,Motor City,264482,Commercial,Leasehold,2001-03-20,2017-02-25,329885615,False,DEV-0033
PLOT-003493,3605-B,Al Quoz,380040,Residential,Leasehold,2022-12-25,2019-07-06,283047213,False,DEV-0168
PLOT-003494,7238-D,Dubai Land,101872,Residential,Freehold,2016-07-19,2022-10-15,402809957,False,DEV-0109
PLOT-003495,7674-E,International City,75348,Commercial,Leasehold,2016-01-10,2015-10-16,339512991,False,DEV-0171
PLOT-003496,8532-C,Al Barsha,70070,Residential,Freehold,2003-12-02,2015-12-13,150480264,True,DEV-0178
PLOT-003497,6104-C,Sports City,441907,Commercial,Freehold,2006-04-01,2017-07-03,231138005,False,DEV-0104
PLOT-003498,761-E,Dubai Hills Estate,280991,Mixed,Freehold,2006-08-26,2018-10-03,403712546,False,DEV-0135
PLOT-003499,2695-E,Dubai South,236521,Commercial,Freehold,2020-06-17,2020-11-25,402508533,True,DEV-0099
PLOT-003500,5563-B,Dubai Marina,246998,Commercial,Leasehold,2021-10-31,2016-03-09,418076165,False,DEV-0060
PLOT-003501,421-C,Business Bay,153648,Residential,Government,2021-02-16,2021-06-21,429765366,True,DEV-0126
PLOT-003502,7666-C,Dubai Investment Park,366617,Residential,Freehold,2018-06-30,2022-06-21,165817694,False,DEV-0167
PLOT-003503,8988-B,Business Bay,271726,Residential,Freehold,2001-12-15,2020-05-07,40797256,True,DEV-0011
PLOT-003504,4653-A,Al Satwa,145253,Commercial,Leasehold,2014-09-18,2022-07-30,165181394,True,DEV-0088
PLOT-003505,1524-D,Deira,371096,Residential,Leasehold,2014-08-22,2023-06-24,203107320,False,DEV-0185
PLOT-003506,8424-B,Deira,198671,Industrial,Leasehold,2002-01-26,2024-05-08,222068447,True,DEV-0016
PLOT-003507,9955-B,JVC,358988,Commercial,Government,2013-02-13,2018-06-17,92821603,False,DEV-0105
PLOT-003508,3710-E,Warqa,19023,Mixed,Leasehold,2019-04-01,2021-06-04,355810959,True,DEV-0193
PLOT-003509,5419-A,Dubai Creek Harbour,156713,Commercial,Leasehold,2002-01-29,2015-08-30,20024010,False,DEV-0077
PLOT-003510,6257-A,Dubai Hills Estate,480420,Residential,Freehold,2002-05-25,2017-09-30,318640828,False,DEV-0190
PLOT-003511,8134-C,Jumeirah,227912,Commercial,Leasehold,2014-06-05,2019-04-23,238994486,False,DEV-0072
PLOT-003512,9974-D,Emaar Beachfront,126478,Industrial,Leasehold,2011-04-02,2020-06-24,6828760,False,DEV-0195
PLOT-003513,3416-A,JVC,174840,Residential,Government,2015-05-17,2022-04-01,185727743,False,DEV-0017
PLOT-003514,4212-A,Ras Al Khor,122356,Residential,Freehold,2021-07-31,2021-12-28,418880102,False,DEV-0059
PLOT-003515,4181-E,Warqa,196680,Commercial,Leasehold,2018-07-12,2020-11-08,455376857,False,DEV-0193
PLOT-003516,8515-B,International City,109638,Industrial,Freehold,2000-01-29,2016-06-16,427431861,False,DEV-0022
PLOT-003517,582-C,Al Qusais,453057,Industrial,Freehold,2009-09-11,2019-10-14,404021680,True,DEV-0125
PLOT-003518,7815-D,Sports City,207104,Residential,Freehold,2012-06-02,2015-03-04,327942361,False,DEV-0145
PLOT-003519,3309-D,Emaar Beachfront,424096,Mixed,Freehold,2012-07-26,2016-10-07,85598218,False,DEV-0088
PLOT-003520,4702-E,Emaar Beachfront,190615,Residential,Leasehold,2019-06-06,2019-09-19,40580093,False,DEV-0052
PLOT-003521,2676-B,Emaar Beachfront,345400,Industrial,Government,2000-12-15,2015-08-08,493627604,False,DEV-0038
PLOT-003522,4494-B,Al Safa,282063,Residential,Freehold,2006-01-05,2021-07-16,188282496,True,DEV-0035
PLOT-003523,3967-D,Umm Suqeim,289977,Residential,Freehold,2015-10-21,2023-01-19,59899903,False,DEV-0095
PLOT-003524,2233-B,Downtown Dubai,150856,Commercial,Government,2015-05-01,2018-09-20,8133985,False,DEV-0100
PLOT-003525,1195-D,Deira,169837,Residential,Leasehold,2022-01-15,2017-11-26,193358973,True,DEV-0184
PLOT-003526,2548-E,Dubai Hills Estate,461889,Mixed,Leasehold,2007-01-22,2019-09-23,19337742,False,DEV-0104
PLOT-003527,7652-C,Al Karama,189827,Residential,Government,2015-08-04,2023-01-28,204205570,False,DEV-0098
PLOT-003528,2090-B,Sports City,187637,Residential,Government,2019-07-01,2018-02-28,294934516,False,DEV-0167
PLOT-003529,2839-D,Deira,92883,Industrial,Freehold,2007-03-05,2019-08-25,314405742,False,DEV-0126
PLOT-003530,5754-A,Discovery Gardens,395709,Residential,Leasehold,2023-11-06,2021-10-16,470313909,False,DEV-0104
PLOT-003531,1524-A,Dubai Hills Estate,56835,Commercial,Leasehold,2005-07-19,2016-11-18,68515129,False,DEV-0167
PLOT-003532,5790-D,Al Satwa,140111,Industrial,Leasehold,2006-08-28,2015-03-29,458033069,False,DEV-0089
PLOT-003533,5460-B,Al Wasl,117066,Commercial,Freehold,2004-09-24,2017-06-20,468656066,False,DEV-0190
PLOT-003534,8732-B,Nad Al Sheba,130522,Commercial,Freehold,2010-03-24,2019-03-10,357575063,True,DEV-0139
PLOT-003535,3005-D,Motor City,150480,Residential,Government,2014-06-28,2022-09-06,199451153,False,DEV-0184
PLOT-003536,5745-D,JLT,243759,Commercial,Leasehold,2016-03-16,2019-03-25,332078454,False,DEV-0153
PLOT-003537,4834-E,Umm Suqeim,312512,Residential,Leasehold,2013-12-25,2015-06-02,382942601,False,DEV-0098
PLOT-003538,5968-A,Al Twar,20179,Residential,Government,2004-04-10,2024-03-01,197182591,True,DEV-0117
PLOT-003539,3979-E,Al Safa,399325,Residential,Leasehold,2011-06-08,2016-11-25,476799442,False,DEV-0098
PLOT-003540,3187-C,Al Barsha,313182,Residential,Freehold,2023-04-13,2019-05-30,497849066,False,DEV-0139
PLOT-003541,3376-B,Al Mizhar,191380,Commercial,Government,2016-05-10,2017-03-26,269989971,False,DEV-0058
PLOT-003542,7689-D,Al Qusais,245019,Industrial,Leasehold,2015-02-24,2018-01-01,362932952,True,DEV-0023
PLOT-003543,800-E,Town Square,305353,Commercial,Government,2018-03-23,2021-09-12,457923235,True,DEV-0185
PLOT-003544,5205-C,Emaar Beachfront,111143,Residential,Freehold,2012-05-01,2021-03-25,199649435,True,DEV-0198
PLOT-003545,6429-D,Al Qusais,18390,Industrial,Government,2020-04-24,2023-06-12,169421676,True,DEV-0007
PLOT-003546,8154-B,Mirdif,485256,Residential,Leasehold,2000-03-11,2016-05-26,378007212,False,DEV-0195
PLOT-003547,2777-B,Al Mizhar,71215,Commercial,Leasehold,2015-02-17,2018-09-05,233849869,False,DEV-0009
PLOT-003548,1431-E,Al Wasl,409918,Green,Freehold,2004-06-24,2024-04-03,405770254,False,DEV-0074
PLOT-003549,768-B,Ras Al Khor,487918,Commercial,Freehold,2021-08-01,2022-04-17,337656897,False,DEV-0106
PLOT-003550,5153-D,Al Safa,111849,Mixed,Leasehold,2010-05-17,2017-09-09,278459562,False,DEV-0193
PLOT-003551,7434-A,Downtown Dubai,380663,Residential,Government,2017-11-05,2020-04-24,243665380,False,DEV-0121
PLOT-003552,888-E,Mirdif,198840,Mixed,Government,2022-05-09,2016-06-25,300465843,True,DEV-0149
PLOT-003553,3786-D,Motor City,31157,Commercial,Leasehold,2002-05-04,2023-05-30,298147495,False,DEV-0181
PLOT-003554,5829-E,Al Qusais,181254,Green,Freehold,2021-04-23,2017-12-23,67989262,True,DEV-0052
PLOT-003555,9046-D,Sports City,340292,Mixed,Leasehold,2004-09-09,2015-11-15,196303129,True,DEV-0008
PLOT-003556,4391-A,Dubai Creek Harbour,164810,Residential,Leasehold,2008-11-14,2019-12-04,285484982,False,DEV-0078
PLOT-003557,9385-B,Nad Al Sheba,204213,Residential,Government,2017-03-13,2024-05-26,92665597,False,DEV-0078
PLOT-003558,2569-A,Al Furjan,286279,Industrial,Government,2002-05-09,2020-06-23,117491370,False,DEV-0087
PLOT-003559,8933-C,JVC,301974,Commercial,Freehold,2019-01-28,2020-06-25,309476311,False,DEV-0072
PLOT-003560,1304-A,Al Safa,356110,Commercial,Leasehold,2013-06-13,2021-06-16,498748018,True,DEV-0032
PLOT-003561,6842-C,Al Barsha,300924,Commercial,Leasehold,2015-03-02,2016-07-27,416376757,True,DEV-0084
PLOT-003562,3755-B,Nad Al Sheba,462072,Residential,Freehold,2016-12-15,2018-02-11,135727130,False,DEV-0148
PLOT-003563,2693-C,Umm Suqeim,146825,Mixed,Freehold,2009-07-17,2016-08-21,391339693,False,DEV-0070
PLOT-003564,6411-E,Al Karama,163059,Green,Government,2001-08-19,2019-10-07,156524549,True,DEV-0042
PLOT-003565,2631-C,Downtown Dubai,237919,Residential,Government,2018-05-13,2023-03-21,152847095,False,DEV-0006
PLOT-003566,1931-B,Dubai Creek Harbour,430713,Commercial,Leasehold,2017-04-14,2019-03-19,235682729,False,DEV-0132
PLOT-003567,6661-D,Al Safa,75778,Residential,Leasehold,2014-07-07,2017-09-09,16501093,False,DEV-0161
PLOT-003568,450-B,DIFC,150543,Residential,Leasehold,2008-11-30,2017-10-06,51389115,True,DEV-0126
PLOT-003569,8314-B,JVC,287028,Commercial,Leasehold,2018-05-16,2018-11-08,112854308,True,DEV-0084
PLOT-003570,182-B,Sports City,419883,Industrial,Freehold,2000-03-24,2018-03-26,297546548,False,DEV-0102
PLOT-003571,5214-E,Al Wasl,49624,Residential,Leasehold,2016-08-19,2015-04-27,386265058,True,DEV-0187
PLOT-003572,6229-C,Dubai Creek Harbour,224563,Industrial,Leasehold,2000-12-17,2016-01-29,459584465,False,DEV-0112
PLOT-003573,8888-E,Al Safa,381239,Mixed,Government,2006-02-11,2022-12-02,45928688,True,DEV-0041
PLOT-003574,9886-A,Dubai Creek Harbour,88870,Residential,Freehold,2002-07-05,2018-10-13,243541907,True,DEV-0034
PLOT-003575,7021-E,Ras Al Khor,437685,Residential,Freehold,2002-05-17,2019-08-28,15362825,False,DEV-0146
PLOT-003576,3052-A,Dubai Marina,55964,Residential,Leasehold,2013-06-21,2015-10-26,13565932,False,DEV-0158
PLOT-003577,8974-B,Sports City,247780,Residential,Leasehold,2016-11-02,2024-02-01,390684079,False,DEV-0024
PLOT-003578,4487-D,Al Satwa,447644,Commercial,Freehold,2020-07-17,2023-08-31,492903134,True,DEV-0078
PLOT-003579,7972-D,Al Barsha,332592,Mixed,Leasehold,2001-02-15,2020-09-07,386017466,False,DEV-0106
PLOT-003580,4170-A,Town Square,277567,Residential,Government,2000-12-03,2015-02-28,470593844,True,DEV-0052
PLOT-003581,9796-E,Dubai Investment Park,328874,Commercial,Government,2023-09-16,2023-08-22,421134700,True,DEV-0143
PLOT-003582,8646-B,Jebel Ali,302551,Residential,Government,2003-07-08,2023-11-07,70398857,True,DEV-0145
PLOT-003583,8197-A,Nad Al Sheba,54728,Commercial,Leasehold,2022-04-02,2018-06-22,386545175,False,DEV-0032
PLOT-003584,1009-E,Dubai Investment Park,9378,Mixed,Leasehold,2018-09-16,2024-06-19,57952884,False,DEV-0170
PLOT-003585,560-B,Al Safa,311889,Residential,Government,2017-02-13,2015-12-01,70438678,False,DEV-0076
PLOT-003586,3580-C,Dubai Marina,348706,Mixed,Freehold,2003-10-09,2015-08-14,109800666,True,DEV-0029
PLOT-003587,9604-B,Al Karama,64483,Mixed,Leasehold,2021-06-17,2024-06-20,234711252,False,DEV-0038
PLOT-003588,1865-A,Palm Jumeirah,309601,Industrial,Government,2013-05-30,2023-04-22,150511116,False,DEV-0015
PLOT-003589,1601-B,International City,25121,Residential,Freehold,2018-07-21,2024-04-29,400056082,False,DEV-0175
PLOT-003590,3733-B,Downtown Dubai,253148,Residential,Freehold,2003-10-21,2024-03-18,334559680,False,DEV-0066
PLOT-003591,5590-E,Al Barsha,321821,Green,Government,2001-05-29,2024-08-28,15448795,False,DEV-0019
PLOT-003592,5144-C,Arabian Ranches,61138,Commercial,Government,2010-11-24,2021-12-03,133483834,False,DEV-0077
PLOT-003593,9454-A,Al Qusais,361446,Green,Leasehold,2008-05-26,2019-07-23,165645197,False,DEV-0115
PLOT-003594,1615-A,Dubai South,387930,Mixed,Leasehold,2009-04-13,2016-07-10,357594398,True,DEV-0176
PLOT-003595,6105-D,Dubai Investment Park,53355,Mixed,Freehold,2016-12-21,2020-05-23,414583020,False,DEV-0170
PLOT-003596,378-C,Deira,203787,Green,Leasehold,2016-11-26,2018-08-08,469192482,False,DEV-0059
PLOT-003597,1555-A,Warqa,154814,Commercial,Freehold,2007-10-07,2023-09-06,96126215,False,DEV-0197
PLOT-003598,8680-A,Jumeirah,174920,Industrial,Freehold,2001-08-10,2016-10-03,439047971,False,DEV-0158
PLOT-003599,4136-B,Town Square,254032,Residential,Freehold,2001-12-23,2017-01-17,215700920,True,DEV-0079
PLOT-003600,8127-E,Discovery Gardens,99459,Residential,Freehold,2003-02-08,2023-10-16,459789986,False,DEV-0003
PLOT-003601,3907-C,Mirdif,434601,Commercial,Freehold,2001-02-23,2015-12-25,316915608,True,DEV-0093
PLOT-003602,3358-D,Palm Jumeirah,344530,Residential,Freehold,2022-06-24,2019-11-21,22234670,False,DEV-0140
PLOT-003603,9975-C,Dubai Marina,102109,Green,Freehold,2006-05-14,2023-04-26,31517207,True,DEV-0029
PLOT-003604,3087-C,Dubai Hills Estate,217485,Residential,Leasehold,2023-03-29,2018-06-17,83871397,True,DEV-0179
PLOT-003605,1292-B,Al Twar,368686,Mixed,Freehold,2023-07-01,2023-08-29,193849802,True,DEV-0043
PLOT-003606,4032-D,Nad Al Sheba,155700,Residential,Leasehold,2020-12-19,2021-11-06,112427763,True,DEV-0156
PLOT-003607,387-D,Ras Al Khor,467580,Residential,Freehold,2011-02-27,2018-01-17,189685245,False,DEV-0196
PLOT-003608,435-B,Al Mizhar,452465,Industrial,Freehold,2007-01-07,2022-05-30,229028395,False,DEV-0167
PLOT-003609,586-C,Business Bay,162894,Mixed,Leasehold,2012-10-13,2015-09-02,357179156,False,DEV-0197
PLOT-003610,6362-C,Al Furjan,496284,Residential,Freehold,2007-12-30,2018-12-06,68167761,False,DEV-0178
PLOT-003611,8620-B,Al Furjan,487976,Commercial,Leasehold,2009-08-16,2021-12-21,320920309,False,DEV-0114
PLOT-003612,8195-B,Muhaisnah,252326,Commercial,Freehold,2017-10-11,2024-02-15,363919592,True,DEV-0149
PLOT-003613,5507-D,Al Safa,268160,Mixed,Freehold,2003-10-22,2020-05-21,46529244,True,DEV-0009
PLOT-003614,6742-B,Dubai Creek Harbour,499700,Industrial,Government,2019-04-24,2022-06-15,46747477,False,DEV-0168
PLOT-003615,1992-D,Sports City,350719,Mixed,Leasehold,2017-09-27,2023-05-24,323437360,False,DEV-0001
PLOT-003616,6328-A,Downtown Dubai,461945,Residential,Leasehold,2023-09-10,2023-08-31,498118292,False,DEV-0081
PLOT-003617,3443-A,Jebel Ali,449768,Residential,Leasehold,2009-07-16,2023-08-15,332132555,False,DEV-0140
PLOT-003618,8008-C,Dubai Investment Park,339986,Residential,Government,2007-11-16,2019-10-12,331324125,False,DEV-0125
PLOT-003619,3375-A,Arabian Ranches,336070,Commercial,Freehold,2021-10-09,2017-10-06,495955130,False,DEV-0181
PLOT-003620,1264-B,Mirdif,96303,Residential,Government,2022-08-14,2018-12-11,201565215,True,DEV-0012
PLOT-003621,4809-A,International City,210910,Mixed,Government,2005-02-21,2021-09-05,257955004,True,DEV-0136
PLOT-003622,1511-A,Al Mizhar,192139,Residential,Leasehold,2008-07-07,2016-03-16,467780199,False,DEV-0018
PLOT-003623,54-A,Dubai Marina,378983,Industrial,Leasehold,2020-09-13,2024-02-04,437547851,True,DEV-0120
PLOT-003624,1650-B,Al Furjan,174865,Mixed,Government,2006-05-01,2020-05-15,124931936,False,DEV-0157
PLOT-003625,7089-B,Al Mizhar,343661,Residential,Leasehold,2017-08-17,2024-06-05,158173810,False,DEV-0197
PLOT-003626,2652-A,Arabian Ranches,436263,Residential,Leasehold,2008-07-31,2019-03-12,413193555,True,DEV-0195
PLOT-003627,520-C,Business Bay,473162,Residential,Freehold,2017-08-13,2021-08-05,217264898,False,DEV-0090
PLOT-003628,5713-B,Jebel Ali,471367,Residential,Government,2010-03-26,2019-11-01,493091844,False,DEV-0067
PLOT-003629,6116-B,Dubai Marina,13020,Mixed,Leasehold,2003-09-19,2015-12-03,274998731,False,DEV-0055
PLOT-003630,1707-C,Town Square,160238,Residential,Freehold,2008-01-21,2015-10-12,21056699,True,DEV-0122
PLOT-003631,9063-E,Dubai Marina,424582,Residential,Leasehold,2013-10-03,2020-03-08,239860984,False,DEV-0017
PLOT-003632,1369-D,Warqa,147159,Commercial,Government,2023-08-09,2023-11-18,221538320,False,DEV-0039
PLOT-003633,8151-A,Dubai Creek Harbour,117694,Residential,Leasehold,2013-10-23,2015-12-22,453207668,True,DEV-0074
PLOT-003634,3155-C,Ras Al Khor,417522,Residential,Government,2000-02-16,2016-07-11,201810249,True,DEV-0144
PLOT-003635,5079-C,International City,214343,Residential,Government,2017-04-01,2022-01-14,296156602,False,DEV-0135
PLOT-003636,237-A,Motor City,308285,Commercial,Leasehold,2006-08-25,2020-07-27,112950818,False,DEV-0083
PLOT-003637,6350-E,Al Quoz,492346,Industrial,Freehold,2022-01-23,2022-07-05,62316797,True,DEV-0080
PLOT-003638,6098-E,Dubai Land,79155,Green,Government,2018-11-30,2023-08-23,90589020,False,DEV-0192
PLOT-003639,4595-D,Al Twar,36300,Mixed,Freehold,2021-02-07,2024-01-15,381630034,False,DEV-0124
PLOT-003640,8762-A,Emaar Beachfront,228126,Residential,Freehold,2021-08-25,2016-08-08,285555937,False,DEV-0139
PLOT-003641,4554-C,Al Quoz,384405,Mixed,Freehold,2007-12-26,2021-05-10,113684187,False,DEV-0022
PLOT-003642,9116-B,Dubai South,294154,Commercial,Leasehold,2019-09-19,2015-04-13,49665540,False,DEV-0198
PLOT-003643,3828-C,Dubai Land,470427,Mixed,Freehold,2017-04-23,2024-11-30,493503073,False,DEV-0101
PLOT-003644,3274-A,Al Wasl,111262,Mixed,Freehold,2015-10-27,2019-08-08,215649484,False,DEV-0142
PLOT-003645,1849-D,Deira,449862,Residential,Freehold,2016-12-11,2023-08-02,393594661,False,DEV-0054
PLOT-003646,5134-C,Discovery Gardens,499600,Commercial,Leasehold,2016-02-23,2019-04-29,54024092,True,DEV-0112
PLOT-003647,8512-E,Al Quoz,444467,Commercial,Leasehold,2009-12-23,2017-01-06,305076886,True,DEV-0164
PLOT-003648,6032-B,Ras Al Khor,62200,Commercial,Leasehold,2008-03-25,2016-11-24,244859784,False,DEV-0189
PLOT-003649,454-B,Town Square,289557,Residential,Leasehold,2001-04-22,2022-10-01,117386689,False,DEV-0112
PLOT-003650,423-C,Dubai South,7271,Industrial,Government,2022-04-24,2017-03-04,371445324,False,DEV-0076
PLOT-003651,1769-C,Deira,345969,Mixed,Government,2004-07-20,2017-03-14,466031403,True,DEV-0046
PLOT-003652,9596-E,Mirdif,445114,Industrial,Freehold,2003-05-06,2023-05-06,134463895,True,DEV-0140
PLOT-003653,8194-A,Jebel Ali,329597,Residential,Freehold,2014-05-06,2022-05-25,120237518,True,DEV-0122
PLOT-003654,129-C,Al Karama,330950,Residential,Leasehold,2018-10-04,2017-04-10,388752153,True,DEV-0168
PLOT-003655,3377-E,Discovery Gardens,464331,Residential,Government,2013-02-01,2017-06-05,199203921,False,DEV-0158
PLOT-003656,2699-D,Dubailand,314489,Mixed,Freehold,2013-06-20,2018-06-28,429801899,False,DEV-0126
PLOT-003657,5180-C,Palm Jumeirah,191419,Residential,Government,2023-11-17,2022-11-25,374964778,True,DEV-0006
PLOT-003658,6541-E,Dubai Hills Estate,196101,Residential,Freehold,2017-06-07,2019-09-11,188623778,False,DEV-0025
PLOT-003659,6970-D,Dubai South,220010,Green,Leasehold,2010-05-20,2015-12-18,21796995,True,DEV-0199
PLOT-003660,2926-D,Al Safa,370117,Residential,Freehold,2019-05-09,2018-02-13,445085675,True,DEV-0166
PLOT-003661,2271-B,JVC,307701,Residential,Freehold,2023-07-21,2015-05-17,20050714,False,DEV-0123
PLOT-003662,9539-B,Muhaisnah,275412,Mixed,Freehold,2016-03-02,2024-09-13,453657985,False,DEV-0136
PLOT-003663,6539-E,Discovery Gardens,35718,Residential,Freehold,2003-10-11,2023-01-10,91716221,False,DEV-0054
PLOT-003664,8572-A,Dubai Hills Estate,333882,Mixed,Freehold,2009-07-15,2017-07-10,78629110,False,DEV-0016
PLOT-003665,9631-D,Al Mizhar,207203,Commercial,Freehold,2006-09-20,2024-12-16,89353131,False,DEV-0057
PLOT-003666,125-A,Deira,7633,Commercial,Leasehold,2016-09-07,2016-01-30,439623921,False,DEV-0152
PLOT-003667,3256-D,Al Twar,188488,Residential,Leasehold,2018-11-14,2021-05-04,248838533,False,DEV-0165
PLOT-003668,6094-C,Ras Al Khor,335619,Commercial,Freehold,2002-11-29,2022-06-18,114141637,False,DEV-0181
PLOT-003669,2922-A,Sports City,479373,Residential,Freehold,2003-10-04,2018-09-30,194817811,False,DEV-0086
PLOT-003670,4385-D,Jumeirah,484193,Residential,Freehold,2020-05-11,2016-06-11,167632538,False,DEV-0127
PLOT-003671,9218-E,Dubai Hills Estate,304164,Industrial,Freehold,2021-05-03,2024-11-01,97597080,True,DEV-0113
PLOT-003672,6245-E,Dubailand,319554,Mixed,Leasehold,2011-09-25,2022-02-05,310514776,False,DEV-0062
PLOT-003673,7088-C,Al Karama,92041,Residential,Freehold,2017-07-03,2016-03-16,64738471,False,DEV-0044
PLOT-003674,1126-A,Emaar Beachfront,495058,Residential,Government,2018-02-27,2017-09-12,267242867,True,DEV-0009
PLOT-003675,5087-D,International City,226425,Residential,Leasehold,2007-09-10,2018-01-09,133032609,True,DEV-0172
PLOT-003676,5641-E,Muhaisnah,451388,Residential,Freehold,2023-09-29,2023-06-20,212798814,False,DEV-0152
PLOT-003677,8843-C,Al Safa,111993,Mixed,Leasehold,2007-10-17,2018-04-23,431817638,False,DEV-0033
PLOT-003678,315-C,Deira,133910,Commercial,Freehold,2010-12-13,2018-03-08,354796315,False,DEV-0004
PLOT-003679,8566-C,Al Satwa,31664,Green,Leasehold,2003-08-15,2019-02-10,352737474,False,DEV-0013
PLOT-003680,9126-C,Business Bay,11811,Mixed,Leasehold,2009-07-08,2016-08-03,65493364,False,DEV-0190
PLOT-003681,3667-B,Business Bay,328311,Mixed,Leasehold,2015-03-05,2020-04-19,81008382,False,DEV-0093
PLOT-003682,4934-E,Al Quoz,394951,Mixed,Freehold,2003-01-04,2019-10-14,450041349,True,DEV-0153
PLOT-003683,3000-A,Muhaisnah,84937,Commercial,Leasehold,2020-08-14,2017-12-29,496402580,False,DEV-0082
PLOT-003684,6242-D,Al Safa,476260,Mixed,Freehold,2022-08-06,2020-03-07,211185930,False,DEV-0192
PLOT-003685,1826-E,Al Mizhar,62976,Residential,Leasehold,2009-06-22,2019-09-04,261476706,False,DEV-0145
PLOT-003686,8008-D,Dubai Marina,171654,Industrial,Freehold,2006-09-27,2016-09-17,411983710,True,DEV-0075
PLOT-003687,4111-A,Dubai Marina,466676,Commercial,Leasehold,2019-01-19,2023-01-02,325518373,False,DEV-0160
PLOT-003688,8489-B,Al Qusais,382023,Industrial,Freehold,2023-11-13,2020-10-18,254137222,False,DEV-0071
PLOT-003689,4050-D,Warqa,379503,Commercial,Freehold,2016-08-06,2020-07-03,26674577,True,DEV-0132
PLOT-003690,6349-E,Dubai Land,280092,Residential,Freehold,2021-09-27,2021-03-01,269505967,False,DEV-0100
PLOT-003691,870-D,JLT,203891,Residential,Freehold,2015-03-11,2022-09-20,58644081,True,DEV-0076
PLOT-003692,1078-C,DIFC,85943,Commercial,Leasehold,2022-07-07,2018-03-26,96006248,False,DEV-0078
PLOT-003693,1803-B,Sports City,381445,Industrial,Leasehold,2021-02-16,2024-09-05,95726339,True,DEV-0052
PLOT-003694,7069-A,Dubai Land,192900,Mixed,Freehold,2019-06-01,2019-04-07,23042343,False,DEV-0038
PLOT-003695,2487-B,Al Qusais,72572,Residential,Freehold,2001-03-16,2018-11-07,457131898,False,DEV-0024
PLOT-003696,1134-E,Palm Jumeirah,294808,Commercial,Freehold,2023-07-19,2021-08-13,218946887,True,DEV-0103
PLOT-003697,8813-E,Motor City,474595,Residential,Leasehold,2021-06-27,2017-02-14,249613804,True,DEV-0062
PLOT-003698,1048-E,Nad Al Sheba,46373,Commercial,Freehold,2018-12-08,2017-01-04,485842488,False,DEV-0057
PLOT-003699,4203-D,Nad Al Sheba,399587,Industrial,Freehold,2018-12-18,2017-04-06,133797579,False,DEV-0135
PLOT-003700,1098-E,Emaar Beachfront,291590,Green,Leasehold,2005-09-16,2024-02-07,359299525,False,DEV-0140
PLOT-003701,3909-E,Arabian Ranches,81443,Commercial,Freehold,2005-04-11,2022-09-09,243933829,False,DEV-0184
PLOT-003702,565-A,Palm Jumeirah,181608,Residential,Leasehold,2011-12-07,2024-07-26,198468111,False,DEV-0101
PLOT-003703,9973-B,Al Safa,264847,Mixed,Leasehold,2012-12-28,2023-11-16,41060979,False,DEV-0064
PLOT-003704,9434-B,Al Satwa,53419,Residential,Government,2001-03-21,2018-05-29,123542365,False,DEV-0073
PLOT-003705,5251-C,Deira,13927,Commercial,Freehold,2013-10-24,2022-05-18,75314455,False,DEV-0153
PLOT-003706,2542-D,Jumeirah,59295,Residential,Government,2018-11-13,2019-08-04,103731191,True,DEV-0145
PLOT-003707,8357-D,JVC,71724,Mixed,Leasehold,2009-03-29,2024-10-14,14765455,False,DEV-0174
PLOT-003708,9096-A,Jebel Ali,75606,Mixed,Leasehold,2023-11-22,2015-11-11,238899880,True,DEV-0032
PLOT-003709,9528-E,Arabian Ranches,19904,Residential,Leasehold,2014-07-23,2024-09-28,349338059,False,DEV-0172
PLOT-003710,4429-D,Dubai Creek Harbour,392220,Industrial,Freehold,2003-12-22,2020-04-29,301627668,False,DEV-0198
PLOT-003711,5879-B,Dubai Land,71089,Commercial,Freehold,2021-03-07,2024-09-20,425246887,False,DEV-0085
PLOT-003712,2044-D,Motor City,203471,Mixed,Leasehold,2018-11-06,2017-06-11,3476984,False,DEV-0029
PLOT-003713,740-A,JVC,474552,Residential,Freehold,2018-12-02,2021-10-04,160912948,False,DEV-0160
PLOT-003714,9532-A,Dubai Creek Harbour,12458,Residential,Freehold,2020-07-07,2019-01-29,76527516,False,DEV-0140
PLOT-003715,8449-A,Sports City,221823,Commercial,Leasehold,2005-02-02,2018-11-02,251391988,False,DEV-0111
PLOT-003716,3205-B,Bur Dubai,32395,Commercial,Freehold,2023-12-20,2022-05-02,154396417,True,DEV-0137
PLOT-003717,4849-C,Discovery Gardens,57353,Commercial,Leasehold,2022-09-20,2018-06-06,27675164,True,DEV-0057
PLOT-003718,2371-C,DIFC,39097,Mixed,Freehold,2022-03-23,2021-04-15,168500593,True,DEV-0157
PLOT-003719,2126-E,Al Barsha,282712,Residential,Leasehold,2017-11-18,2018-09-14,157713130,True,DEV-0039
PLOT-003720,1250-A,Al Qusais,115310,Commercial,Freehold,2008-07-21,2022-06-01,168453672,True,DEV-0130
PLOT-003721,1876-E,Business Bay,11792,Residential,Freehold,2016-06-10,2019-11-26,162856351,True,DEV-0166
PLOT-003722,5332-E,Ras Al Khor,56192,Commercial,Leasehold,2007-12-18,2016-02-11,389920790,False,DEV-0074
PLOT-003723,8717-A,Dubai Creek Harbour,228411,Commercial,Freehold,2008-10-02,2020-10-18,240450081,False,DEV-0131
PLOT-003724,5568-B,Discovery Gardens,258053,Residential,Freehold,2020-10-24,2023-01-06,426416501,False,DEV-0167
PLOT-003725,9453-C,Dubailand,261120,Residential,Freehold,2008-11-22,2024-10-14,337803333,False,DEV-0039
PLOT-003726,7986-D,Al Wasl,216763,Mixed,Leasehold,2016-05-09,2020-10-20,84276623,False,DEV-0122
PLOT-003727,5407-D,Palm Jumeirah,160306,Residential,Freehold,2014-04-08,2021-02-25,53468821,False,DEV-0045
PLOT-003728,2933-E,Dubai Land,341748,Mixed,Freehold,2009-10-25,2016-12-23,237396020,False,DEV-0124
PLOT-003729,5715-E,Emaar Beachfront,330605,Commercial,Freehold,2005-03-22,2021-10-11,141525554,False,DEV-0014
PLOT-003730,8043-A,Emaar Beachfront,246733,Mixed,Leasehold,2023-04-28,2023-09-07,296003158,True,DEV-0141
PLOT-003731,396-E,Dubai Investment Park,484563,Green,Freehold,2006-06-09,2019-04-03,490265350,False,DEV-0110
PLOT-003732,9993-E,Motor City,172868,Commercial,Freehold,2005-09-14,2015-09-04,485574793,False,DEV-0108
PLOT-003733,8404-C,Al Wasl,467761,Residential,Freehold,2020-12-13,2017-12-07,86850670,True,DEV-0090
PLOT-003734,7088-B,International City,418005,Residential,Leasehold,2013-06-26,2024-05-11,44051636,False,DEV-0044
PLOT-003735,2272-A,Al Quoz,404572,Residential,Leasehold,2019-04-27,2015-10-27,343847446,True,DEV-0002
PLOT-003736,9213-E,Dubai Marina,333199,Commercial,Freehold,2022-07-11,2020-09-16,209905993,False,DEV-0094
PLOT-003737,5195-D,Town Square,75279,Mixed,Freehold,2000-06-23,2017-03-09,254870485,False,DEV-0119
PLOT-003738,7338-D,International City,306866,Commercial,Leasehold,2021-03-23,2024-05-13,26788791,True,DEV-0160
PLOT-003739,3268-B,Dubai South,179237,Mixed,Freehold,2009-03-08,2022-09-05,376891664,False,DEV-0131
PLOT-003740,7148-D,Al Safa,498970,Industrial,Leasehold,2020-01-06,2019-10-08,225215327,False,DEV-0138
PLOT-003741,9780-C,Motor City,65197,Residential,Freehold,2021-10-02,2021-04-06,495502304,False,DEV-0109
PLOT-003742,3056-B,Nad Al Sheba,221110,Mixed,Freehold,2009-01-09,2023-12-06,245250358,True,DEV-0057
PLOT-003743,8080-E,Town Square,50026,Commercial,Freehold,2001-06-16,2023-03-12,246742356,True,DEV-0125
PLOT-003744,1083-D,Discovery Gardens,484765,Mixed,Freehold,2019-05-10,2022-11-13,360728731,False,DEV-0098
PLOT-003745,8519-C,Dubai Hills Estate,281094,Mixed,Leasehold,2015-05-12,2018-02-24,91634160,False,DEV-0182
PLOT-003746,2158-C,Palm Jumeirah,215863,Commercial,Leasehold,2000-04-14,2019-04-25,130783741,False,DEV-0145
PLOT-003747,5204-E,Warqa,11911,Residential,Leasehold,2016-05-07,2023-10-10,53865050,False,DEV-0128
PLOT-003748,8804-B,Al Safa,430321,Commercial,Leasehold,2014-12-29,2017-06-03,373000421,False,DEV-0010
PLOT-003749,4228-C,Al Satwa,412591,Commercial,Freehold,2011-07-12,2020-08-12,216080694,True,DEV-0164
PLOT-003750,1884-B,JVC,458009,Residential,Leasehold,2001-03-22,2017-01-17,174274496,True,DEV-0144
PLOT-003751,2032-D,Al Barsha,290626,Commercial,Leasehold,2005-11-24,2017-06-24,397104891,True,DEV-0024
PLOT-003752,8859-E,Al Quoz,22907,Mixed,Freehold,2011-11-06,2022-10-13,415798971,False,DEV-0184
PLOT-003753,2214-E,Dubai Land,340839,Commercial,Freehold,2014-05-12,2022-07-30,111991066,True,DEV-0081
PLOT-003754,4243-D,Emaar Beachfront,208008,Residential,Leasehold,2007-09-18,2022-06-05,240103527,False,DEV-0043
PLOT-003755,7314-A,Al Furjan,98547,Green,Leasehold,2010-09-03,2024-01-19,486385168,False,DEV-0109
PLOT-003756,710-E,Jumeirah,319827,Industrial,Leasehold,2002-04-21,2018-01-23,433897429,False,DEV-0067
PLOT-003757,1934-E,Al Karama,480621,Industrial,Freehold,2008-02-05,2018-02-13,75700230,True,DEV-0116
PLOT-003758,6718-D,Al Safa,319224,Residential,Freehold,2003-06-04,2021-03-19,341542304,True,DEV-0075
PLOT-003759,8055-D,Al Wasl,96830,Commercial,Freehold,2006-07-24,2015-03-17,464478566,False,DEV-0074
PLOT-003760,6492-D,Bur Dubai,114735,Commercial,Freehold,2003-01-19,2023-05-31,454230715,False,DEV-0119
PLOT-003761,6132-E,Downtown Dubai,373336,Residential,Freehold,2017-02-16,2020-03-09,358081728,False,DEV-0141
PLOT-003762,386-C,Al Twar,166323,Residential,Freehold,2020-01-13,2023-02-06,33677165,False,DEV-0179
PLOT-003763,6065-D,Al Furjan,99845,Mixed,Leasehold,2021-01-23,2023-12-19,318495927,False,DEV-0127
PLOT-003764,5852-E,JLT,348094,Mixed,Freehold,2023-12-11,2020-11-20,264082606,True,DEV-0003
PLOT-003765,4145-E,International City,49881,Residential,Leasehold,2009-08-23,2023-08-29,379972801,True,DEV-0181
PLOT-003766,1894-A,Muhaisnah,71425,Residential,Freehold,2017-10-23,2023-06-14,494033219,False,DEV-0105
PLOT-003767,765-E,Muhaisnah,60373,Residential,Freehold,2005-06-07,2020-05-07,219985742,True,DEV-0164
PLOT-003768,4503-E,Al Quoz,116762,Residential,Freehold,2021-08-27,2016-09-23,208974753,True,DEV-0038
PLOT-003769,95-E,Ras Al Khor,47359,Residential,Government,2015-01-11,2020-06-09,307199290,False,DEV-0113
PLOT-003770,7167-B,Downtown Dubai,11724,Residential,Government,2019-03-09,2024-05-13,324118139,False,DEV-0056
PLOT-003771,1173-C,Dubai Investment Park,190889,Green,Freehold,2017-10-31,2020-04-07,319222805,False,DEV-0032
PLOT-003772,6580-E,Ras Al Khor,149784,Mixed,Freehold,2020-04-29,2021-08-27,68167062,False,DEV-0181
PLOT-003773,7985-E,Muhaisnah,216082,Residential,Freehold,2015-06-08,2017-12-20,130546481,True,DEV-0033
PLOT-003774,9365-C,Al Barsha,30489,Residential,Government,2007-01-03,2021-04-20,378320027,False,DEV-0040
PLOT-003775,9495-B,Al Karama,213011,Industrial,Freehold,2002-02-25,2020-04-12,317609804,False,DEV-0067
PLOT-003776,5509-B,Business Bay,221226,Green,Freehold,2000-04-03,2016-01-09,408688204,False,DEV-0198
PLOT-003777,1207-C,DIFC,192570,Commercial,Leasehold,2018-08-06,2017-04-12,68190638,False,DEV-0159
PLOT-003778,384-D,Sports City,323210,Commercial,Freehold,2018-10-25,2015-07-18,165469130,True,DEV-0111
PLOT-003779,741-E,Nad Al Sheba,66478,Commercial,Leasehold,2011-06-16,2023-11-29,123091034,False,DEV-0050
PLOT-003780,1980-A,Dubailand,230654,Industrial,Freehold,2010-02-22,2024-05-01,266306194,False,DEV-0192
PLOT-003781,1084-E,Mirdif,251231,Residential,Leasehold,2022-02-10,2024-04-15,346141023,True,DEV-0160
PLOT-003782,2959-E,Dubai Marina,172932,Residential,Freehold,2000-08-01,2020-10-13,201969419,False,DEV-0148
PLOT-003783,2159-C,Dubai Creek Harbour,104221,Residential,Government,2020-06-17,2021-05-23,234004475,True,DEV-0075
PLOT-003784,6528-D,International City,265595,Mixed,Freehold,2020-09-01,2019-01-09,457290877,False,DEV-0005
PLOT-003785,9707-D,Dubai Marina,143160,Mixed,Leasehold,2015-05-02,2020-09-08,16581687,False,DEV-0050
PLOT-003786,7321-B,Discovery Gardens,339368,Industrial,Freehold,2011-06-30,2015-12-02,355787281,False,DEV-0012
PLOT-003787,7738-C,Umm Suqeim,395873,Residential,Leasehold,2013-05-11,2018-12-09,332360732,False,DEV-0119
PLOT-003788,4935-A,Downtown Dubai,387022,Residential,Freehold,2013-04-08,2019-12-31,228326231,False,DEV-0052
PLOT-003789,8115-B,Ras Al Khor,317119,Residential,Freehold,2021-09-08,2022-10-30,158738595,True,DEV-0163
PLOT-003790,8286-A,Al Karama,356318,Residential,Freehold,2000-02-10,2019-03-08,398011509,True,DEV-0109
PLOT-003791,3849-B,Palm Jumeirah,437578,Residential,Freehold,2021-09-17,2022-04-08,249429236,False,DEV-0033
PLOT-003792,3623-C,Motor City,268370,Residential,Leasehold,2007-03-26,2017-09-20,230168807,True,DEV-0166
PLOT-003793,6976-A,Jebel Ali,412575,Residential,Leasehold,2003-06-24,2020-06-20,36751759,False,DEV-0082
PLOT-003794,8992-D,Sports City,434335,Commercial,Leasehold,2001-06-23,2024-11-16,279247473,False,DEV-0109
PLOT-003795,9301-D,Nad Al Sheba,319141,Residential,Leasehold,2016-08-27,2021-04-10,449028982,False,DEV-0018
PLOT-003796,4682-D,Al Qusais,11787,Residential,Leasehold,2009-08-03,2016-04-28,227842471,True,DEV-0146
PLOT-003797,3495-A,Al Quoz,492860,Residential,Leasehold,2013-02-09,2015-08-09,323272545,False,DEV-0101
PLOT-003798,2870-D,Dubailand,221856,Residential,Government,2019-07-13,2021-05-03,168870954,True,DEV-0193
PLOT-003799,7838-C,Al Karama,52428,Commercial,Leasehold,2014-07-20,2024-07-18,80823736,False,DEV-0156
PLOT-003800,7235-C,Dubai Hills Estate,241428,Residential,Freehold,2021-02-23,2016-08-31,353663567,False,DEV-0096
PLOT-003801,1588-E,Discovery Gardens,462276,Mixed,Leasehold,2016-01-13,2015-10-03,163375481,False,DEV-0092
PLOT-003802,8072-D,Nad Al Sheba,243430,Residential,Leasehold,2014-07-02,2021-08-17,219637840,False,DEV-0043
PLOT-003803,3445-D,Al Safa,276391,Mixed,Freehold,2002-07-16,2019-12-22,125825789,False,DEV-0036
PLOT-003804,97-E,Palm Jumeirah,29283,Residential,Freehold,2011-06-06,2016-09-25,38431777,False,DEV-0110
PLOT-003805,7496-A,Dubai South,277549,Residential,Leasehold,2021-07-13,2018-07-20,373685739,True,DEV-0056
PLOT-003806,2416-E,Palm Jumeirah,226642,Mixed,Freehold,2019-05-03,2020-09-05,440078152,False,DEV-0182
PLOT-003807,3423-E,Dubai Creek Harbour,378457,Residential,Leasehold,2009-01-24,2022-10-15,35764842,False,DEV-0050
PLOT-003808,6632-B,JVC,118515,Industrial,Freehold,2000-05-27,2022-02-11,96165201,True,DEV-0075
PLOT-003809,5910-D,Palm Jumeirah,23419,Residential,Leasehold,2002-03-29,2016-09-03,65926667,False,DEV-0011
PLOT-003810,8192-D,JLT,496746,Mixed,Freehold,2011-11-18,2019-08-13,72468149,False,DEV-0068
PLOT-003811,7865-B,Ras Al Khor,54108,Mixed,Leasehold,2017-01-10,2021-04-19,392232590,False,DEV-0127
PLOT-003812,2050-B,JVC,318891,Residential,Freehold,2003-07-28,2024-08-05,117841084,False,DEV-0168
PLOT-003813,5270-C,International City,8086,Commercial,Freehold,2003-10-16,2017-07-18,250656199,False,DEV-0085
PLOT-003814,3226-D,Al Barsha,443434,Residential,Leasehold,2020-10-11,2022-03-02,318854905,False,DEV-0020
PLOT-003815,6377-B,Deira,326676,Mixed,Leasehold,2002-04-05,2016-11-19,76639220,True,DEV-0080
PLOT-003816,769-C,Dubailand,168275,Mixed,Leasehold,2010-12-30,2019-07-31,374750057,False,DEV-0079
PLOT-003817,1756-D,Town Square,145277,Mixed,Leasehold,2008-06-22,2024-04-14,253180029,True,DEV-0170
PLOT-003818,6974-D,Arabian Ranches,149367,Residential,Leasehold,2022-12-27,2023-08-16,187769210,False,DEV-0011
PLOT-003819,6274-C,Muhaisnah,140375,Residential,Freehold,2023-10-05,2019-03-15,277035867,False,DEV-0099
PLOT-003820,7274-D,Emaar Beachfront,54725,Industrial,Leasehold,2006-02-08,2021-01-28,282754455,False,DEV-0090
PLOT-003821,662-C,Dubai South,371172,Residential,Freehold,2023-01-09,2023-12-14,273396269,True,DEV-0041
PLOT-003822,3249-A,Al Furjan,470921,Mixed,Freehold,2005-04-18,2019-05-13,361737774,True,DEV-0037
PLOT-003823,9192-D,Bur Dubai,92086,Commercial,Leasehold,2020-12-03,2024-01-08,138934720,False,DEV-0129
PLOT-003824,1995-C,JLT,40135,Residential,Freehold,2004-09-08,2020-02-25,425193624,False,DEV-0155
PLOT-003825,7701-C,Deira,210551,Residential,Freehold,2006-08-16,2017-11-03,84706134,False,DEV-0195
PLOT-003826,855-C,Emaar Beachfront,118164,Mixed,Freehold,2006-09-06,2018-04-26,190420956,False,DEV-0018
PLOT-003827,325-E,Arabian Ranches,436309,Commercial,Freehold,2021-11-30,2022-01-30,482944559,False,DEV-0155
PLOT-003828,8938-C,Sports City,466860,Commercial,Freehold,2014-04-18,2024-02-01,283291954,False,DEV-0017
PLOT-003829,5275-C,Al Barsha,239744,Commercial,Leasehold,2002-12-26,2018-06-05,95622838,False,DEV-0124
PLOT-003830,794-E,Mirdif,164841,Residential,Freehold,2009-07-10,2022-06-18,482755842,False,DEV-0093
PLOT-003831,9004-E,Jumeirah,389271,Residential,Government,2010-10-25,2016-04-16,102955097,True,DEV-0059
PLOT-003832,6825-C,Bur Dubai,160803,Residential,Leasehold,2010-09-22,2019-08-25,412914670,True,DEV-0082
PLOT-003833,280-D,Al Twar,376846,Residential,Freehold,2002-09-14,2020-02-04,176390207,False,DEV-0068
PLOT-003834,408-D,Dubai Land,277767,Commercial,Leasehold,2009-05-13,2019-08-12,307672560,True,DEV-0012
PLOT-003835,2948-D,Bur Dubai,35907,Residential,Freehold,2017-04-14,2019-09-06,356596673,False,DEV-0200
PLOT-003836,7555-C,Al Karama,7163,Green,Freehold,2013-12-24,2016-01-19,39805342,True,DEV-0163
PLOT-003837,5753-B,Jebel Ali,55446,Commercial,Government,2011-02-18,2022-03-15,418084969,False,DEV-0017
PLOT-003838,831-C,Al Quoz,467792,Residential,Government,2023-02-27,2020-07-12,341748773,False,DEV-0003
PLOT-003839,1096-A,Nad Al Sheba,47087,Residential,Government,2007-02-14,2023-10-26,85077319,True,DEV-0096
PLOT-003840,558-D,Al Satwa,495799,Residential,Leasehold,2008-11-26,2019-12-06,261080967,False,DEV-0061
PLOT-003841,4113-C,Al Wasl,156298,Mixed,Freehold,2021-03-08,2022-03-19,338043861,True,DEV-0115
PLOT-003842,857-B,Dubai Land,224508,Residential,Leasehold,2005-07-09,2015-04-05,251274911,False,DEV-0030
PLOT-003843,3871-C,Dubai Land,97566,Mixed,Freehold,2006-10-01,2024-06-25,328255781,False,DEV-0139
PLOT-003844,1119-D,JLT,240586,Commercial,Government,2017-03-04,2016-08-22,296665431,True,DEV-0105
PLOT-003845,6827-B,Jumeirah,433826,Residential,Leasehold,2008-02-17,2023-12-31,69902249,False,DEV-0140
PLOT-003846,5978-C,Deira,294614,Residential,Freehold,2003-04-07,2022-03-23,399199271,True,DEV-0189
PLOT-003847,8365-E,International City,150816,Industrial,Freehold,2023-02-17,2023-09-01,404844347,False,DEV-0002
PLOT-003848,3305-D,Al Mizhar,351454,Mixed,Leasehold,2007-08-04,2023-07-28,419337373,False,DEV-0089
PLOT-003849,2409-A,Umm Suqeim,143785,Commercial,Leasehold,2019-04-17,2019-03-05,255182811,False,DEV-0029
PLOT-003850,8504-E,Dubai Investment Park,134293,Mixed,Freehold,2009-01-12,2017-04-11,264222066,True,DEV-0126
PLOT-003851,3870-C,Dubai Marina,429870,Mixed,Leasehold,2002-07-04,2023-12-02,164510090,True,DEV-0040
PLOT-003852,946-B,Dubai Marina,348941,Green,Leasehold,2021-03-16,2023-05-13,239822272,False,DEV-0095
PLOT-003853,3794-E,Al Quoz,421766,Residential,Freehold,2007-11-10,2018-02-15,61093292,True,DEV-0188
PLOT-003854,69-C,JVC,254837,Mixed,Leasehold,2022-08-03,2023-01-09,39648960,False,DEV-0037
PLOT-003855,6876-A,Dubai Creek Harbour,101596,Industrial,Leasehold,2013-06-27,2015-06-14,65714122,True,DEV-0187
PLOT-003856,861-E,Al Qusais,194840,Residential,Freehold,2020-08-27,2019-03-10,249990848,False,DEV-0076
PLOT-003857,5123-B,Nad Al Sheba,336115,Residential,Leasehold,2017-08-17,2015-09-26,374947240,False,DEV-0139
PLOT-003858,9996-C,Al Karama,75706,Industrial,Leasehold,2020-12-06,2021-08-11,276094006,False,DEV-0051
PLOT-003859,8374-E,Al Safa,153828,Residential,Leasehold,2017-03-18,2024-09-11,260455576,False,DEV-0135
PLOT-003860,4761-C,Motor City,192342,Green,Leasehold,2009-08-12,2022-03-24,416046893,True,DEV-0103
PLOT-003861,5050-A,Town Square,36482,Commercial,Government,2017-02-08,2018-03-29,60020120,False,DEV-0034
PLOT-003862,7159-D,Jebel Ali,308007,Mixed,Freehold,2000-07-28,2023-06-11,163609574,True,DEV-0160
PLOT-003863,5720-B,Al Karama,126773,Commercial,Freehold,2015-02-23,2018-04-13,247380445,False,DEV-0041
PLOT-003864,1347-E,Dubai Marina,490917,Green,Government,2000-02-17,2020-10-22,25307898,False,DEV-0052
PLOT-003865,2393-A,Emaar Beachfront,97794,Commercial,Government,2016-04-23,2022-03-22,287353561,False,DEV-0151
PLOT-003866,8266-D,Muhaisnah,441254,Green,Leasehold,2022-11-20,2016-06-10,126602157,False,DEV-0045
PLOT-003867,2968-B,Al Qusais,361949,Mixed,Government,2002-02-28,2023-11-08,5226566,False,DEV-0180
PLOT-003868,3838-E,Ras Al Khor,260208,Residential,Freehold,2002-08-28,2015-06-19,224259545,False,DEV-0071
PLOT-003869,5526-A,Downtown Dubai,50908,Mixed,Freehold,2014-11-14,2021-08-10,32220581,True,DEV-0191
PLOT-003870,8161-C,JVC,76493,Residential,Freehold,2023-12-11,2022-10-24,106983153,True,DEV-0089
PLOT-003871,5581-D,Dubai Marina,216445,Mixed,Freehold,2015-08-01,2023-06-16,49919880,False,DEV-0009
PLOT-003872,4116-D,Al Furjan,129313,Mixed,Freehold,2021-09-13,2018-07-06,92342664,True,DEV-0151
PLOT-003873,2886-B,Emaar Beachfront,273573,Residential,Freehold,2017-10-27,2022-11-25,46673958,False,DEV-0111
PLOT-003874,27-D,Dubai Investment Park,346559,Residential,Freehold,2012-10-19,2020-08-23,288064758,True,DEV-0198
PLOT-003875,8820-E,Nad Al Sheba,173947,Commercial,Leasehold,2008-07-28,2018-09-08,164161092,False,DEV-0197
PLOT-003876,9947-E,JLT,219970,Residential,Freehold,2015-09-23,2023-10-20,351486116,True,DEV-0158
PLOT-003877,5418-B,Jumeirah,338403,Mixed,Government,2004-03-01,2019-06-03,230338798,False,DEV-0144
PLOT-003878,2235-E,Arabian Ranches,289987,Mixed,Leasehold,2022-03-09,2022-04-08,41793056,False,DEV-0188
PLOT-003879,411-D,JVC,425649,Mixed,Freehold,2017-08-03,2023-04-16,463764878,False,DEV-0048
PLOT-003880,2342-A,Town Square,373071,Industrial,Freehold,2023-10-06,2015-03-21,52829176,True,DEV-0082
PLOT-003881,1775-D,Al Mizhar,82587,Residential,Leasehold,2006-01-13,2023-05-16,111873952,True,DEV-0062
PLOT-003882,6153-C,Dubai Marina,197665,Commercial,Leasehold,2015-02-28,2020-05-18,79143643,True,DEV-0158
PLOT-003883,3417-C,Al Furjan,290802,Residential,Leasehold,2021-02-11,2021-03-12,142368247,False,DEV-0184
PLOT-003884,384-E,JVC,443717,Commercial,Leasehold,2018-02-23,2018-06-25,248773937,False,DEV-0029
PLOT-003885,2608-B,Jebel Ali,385470,Commercial,Freehold,2012-01-26,2021-05-06,385407324,True,DEV-0038
PLOT-003886,5349-C,Al Safa,230360,Commercial,Freehold,2000-09-14,2018-02-23,59894783,False,DEV-0002
PLOT-003887,6117-A,Mirdif,337525,Residential,Freehold,2006-04-14,2015-08-03,486357711,False,DEV-0117
PLOT-003888,5316-E,Dubai Hills Estate,231873,Industrial,Freehold,2006-01-02,2023-04-12,430457665,False,DEV-0073
PLOT-003889,146-D,Al Barsha,440241,Residential,Leasehold,2016-09-19,2023-10-03,260920512,False,DEV-0197
PLOT-003890,868-C,Al Safa,34525,Mixed,Leasehold,2008-09-01,2016-04-26,454699639,False,DEV-0154
PLOT-003891,8281-D,Discovery Gardens,262952,Mixed,Leasehold,2003-02-13,2020-03-03,434258059,False,DEV-0066
PLOT-003892,1034-B,Al Satwa,59978,Commercial,Government,2012-08-24,2015-08-12,95633866,False,DEV-0100
PLOT-003893,5205-D,Dubai Creek Harbour,262241,Residential,Freehold,2023-08-15,2020-08-26,420658157,True,DEV-0164
PLOT-003894,4649-A,Dubai Marina,491273,Mixed,Government,2021-12-09,2022-04-26,205130899,True,DEV-0050
PLOT-003895,4231-A,Jumeirah,68633,Mixed,Freehold,2010-10-15,2016-03-02,363561641,False,DEV-0017
PLOT-003896,5069-B,International City,197707,Mixed,Freehold,2018-12-17,2020-08-13,258843113,True,DEV-0187
PLOT-003897,9559-D,Muhaisnah,84343,Residential,Leasehold,2008-02-16,2015-03-20,89822283,False,DEV-0053
PLOT-003898,2142-A,Al Wasl,318445,Commercial,Leasehold,2022-09-11,2019-07-17,133312955,True,DEV-0013
PLOT-003899,626-E,Dubailand,320607,Commercial,Leasehold,2015-05-29,2024-07-28,351197770,False,DEV-0115
PLOT-003900,7967-C,Nad Al Sheba,180658,Industrial,Government,2005-10-16,2021-07-03,95642055,True,DEV-0198
PLOT-003901,678-D,Deira,28985,Residential,Government,2015-12-15,2021-04-16,37080635,True,DEV-0121
PLOT-003902,7986-B,Downtown Dubai,432387,Commercial,Freehold,2012-05-13,2020-11-26,424717177,False,DEV-0188
PLOT-003903,6906-A,Dubai Marina,247732,Residential,Freehold,2012-12-01,2024-09-18,115967594,True,DEV-0165
PLOT-003904,5968-C,Al Quoz,109174,Commercial,Leasehold,2023-09-28,2018-08-29,189508246,False,DEV-0031
PLOT-003905,8957-E,Muhaisnah,145011,Residential,Government,2012-05-31,2015-07-04,73605900,True,DEV-0127
PLOT-003906,4205-D,Al Quoz,362088,Residential,Freehold,2016-08-13,2015-04-13,477036190,True,DEV-0028
PLOT-003907,8312-D,Jumeirah,40128,Commercial,Leasehold,2015-12-23,2021-03-25,28276183,False,DEV-0114
PLOT-003908,9884-C,Dubai Marina,199046,Commercial,Freehold,2004-04-04,2023-04-16,476480384,True,DEV-0050
PLOT-003909,3908-D,Al Quoz,56835,Commercial,Leasehold,2022-09-18,2020-07-07,135843266,True,DEV-0130
PLOT-003910,903-A,Deira,327668,Industrial,Freehold,2009-12-19,2021-12-16,283432602,False,DEV-0117
PLOT-003911,8109-E,Al Safa,335971,Residential,Freehold,2013-05-06,2016-01-31,270204055,True,DEV-0046
PLOT-003912,2777-A,DIFC,359820,Mixed,Freehold,2004-12-06,2021-09-11,400761292,True,DEV-0078
PLOT-003913,9040-D,Discovery Gardens,104555,Mixed,Freehold,2013-07-10,2021-02-23,116469896,True,DEV-0013
PLOT-003914,4810-A,Dubai Hills Estate,389084,Mixed,Freehold,2018-03-11,2023-05-05,432639756,True,DEV-0045
PLOT-003915,4978-E,Town Square,274777,Residential,Freehold,2011-11-09,2023-08-09,415550208,True,DEV-0104
PLOT-003916,6554-E,Dubai Creek Harbour,291472,Mixed,Leasehold,2016-05-04,2020-06-09,2805912,True,DEV-0106
PLOT-003917,371-E,Umm Suqeim,23411,Commercial,Government,2009-12-20,2015-10-08,453429407,True,DEV-0027
PLOT-003918,212-A,Al Twar,143683,Commercial,Government,2010-06-21,2017-12-22,141603549,True,DEV-0016
PLOT-003919,5329-D,Emaar Beachfront,407811,Residential,Government,2020-11-22,2024-02-21,2335198,True,DEV-0053
PLOT-003920,9240-B,Deira,233458,Commercial,Freehold,2014-09-16,2022-03-06,214136507,True,DEV-0171
PLOT-003921,7931-C,Al Furjan,254711,Commercial,Leasehold,2011-03-13,2024-07-19,442671048,True,DEV-0022
PLOT-003922,1045-A,Bur Dubai,376810,Residential,Leasehold,2022-04-02,2021-04-21,270861971,True,DEV-0014
PLOT-003923,8473-D,Al Quoz,101689,Residential,Leasehold,2013-03-31,2017-10-30,197582321,True,DEV-0086
PLOT-003924,2290-B,Downtown Dubai,355943,Residential,Freehold,2009-12-29,2018-03-26,478828691,True,DEV-0176
PLOT-003925,2832-A,Dubai Hills Estate,69069,Industrial,Government,2002-08-03,2017-07-06,454389421,False,DEV-0084
PLOT-003926,6080-C,Al Wasl,428501,Industrial,Government,2015-11-30,2016-12-16,309539408,False,DEV-0178
PLOT-003927,2930-B,Al Satwa,401851,Residential,Leasehold,2014-03-07,2020-10-25,447082163,True,DEV-0128
PLOT-003928,4611-D,Dubai Land,289308,Industrial,Leasehold,2020-08-19,2016-12-01,448610954,False,DEV-0167
PLOT-003929,3101-D,Emaar Beachfront,466643,Residential,Freehold,2007-11-17,2017-11-24,283583928,False,DEV-0068
PLOT-003930,8188-B,Dubai Marina,65336,Residential,Freehold,2021-11-06,2017-08-04,243715871,False,DEV-0006
PLOT-003931,7488-A,Nad Al Sheba,37663,Commercial,Leasehold,2014-09-06,2016-04-05,333888804,True,DEV-0080
PLOT-003932,9070-E,Al Qusais,325172,Residential,Government,2010-06-02,2022-03-25,98612096,False,DEV-0134
PLOT-003933,422-B,DIFC,164923,Mixed,Freehold,2017-12-02,2021-04-06,135251149,False,DEV-0108
PLOT-003934,6963-E,Nad Al Sheba,281444,Mixed,Government,2019-12-31,2015-01-24,198000047,True,DEV-0057
PLOT-003935,7407-A,Al Twar,235614,Residential,Leasehold,2002-01-17,2018-11-18,61381133,False,DEV-0169
PLOT-003936,7244-D,Sports City,313266,Residential,Leasehold,2002-09-30,2024-04-05,356164444,True,DEV-0123
PLOT-003937,836-A,Business Bay,252414,Green,Freehold,2002-04-20,2019-05-27,468979067,False,DEV-0199
PLOT-003938,5522-B,Muhaisnah,375372,Residential,Freehold,2003-06-14,2015-11-02,35190396,True,DEV-0096
PLOT-003939,7997-E,Deira,381868,Residential,Freehold,2015-02-12,2019-12-25,191138774,False,DEV-0080
PLOT-003940,179-E,Mirdif,276149,Mixed,Leasehold,2011-08-22,2016-07-13,463856196,True,DEV-0138
PLOT-003941,952-D,Emaar Beachfront,313454,Commercial,Leasehold,2002-08-20,2019-01-25,52422693,True,DEV-0082
PLOT-003942,4075-A,Dubai Hills Estate,118912,Residential,Leasehold,2008-02-16,2022-03-06,171621269,False,DEV-0161
PLOT-003943,1874-E,Dubai Hills Estate,378918,Residential,Freehold,2007-09-20,2021-07-12,87780413,True,DEV-0191
PLOT-003944,9577-C,JLT,49930,Commercial,Government,2021-01-10,2024-05-22,269561493,False,DEV-0044
PLOT-003945,9438-D,Motor City,358345,Commercial,Freehold,2002-11-12,2023-05-29,386228706,True,DEV-0075
PLOT-003946,9067-E,Dubai South,125261,Commercial,Leasehold,2008-11-08,2024-01-23,68540214,False,DEV-0072
PLOT-003947,2365-C,JVC,181759,Residential,Leasehold,2002-01-27,2024-09-02,312324419,True,DEV-0095
PLOT-003948,9163-D,Al Twar,115872,Mixed,Freehold,2022-07-07,2024-11-03,24166461,False,DEV-0010
PLOT-003949,6237-B,Al Safa,270899,Industrial,Freehold,2002-03-31,2021-05-29,384008669,False,DEV-0021
PLOT-003950,5895-B,JLT,322943,Residential,Freehold,2021-08-28,2018-04-27,136313039,False,DEV-0150
PLOT-003951,5943-A,Dubai Land,136701,Commercial,Government,2012-04-16,2021-04-08,286557404,False,DEV-0019
PLOT-003952,8038-A,Al Karama,66590,Industrial,Freehold,2008-10-19,2020-10-10,351323798,False,DEV-0020
PLOT-003953,1275-D,Al Wasl,422786,Mixed,Leasehold,2007-09-20,2015-06-28,230771844,True,DEV-0134
PLOT-003954,5894-D,Dubailand,451745,Residential,Government,2015-06-03,2016-06-18,278681742,False,DEV-0054
PLOT-003955,225-E,JLT,320261,Residential,Government,2016-12-03,2019-10-29,264952948,False,DEV-0066
PLOT-003956,1811-C,JLT,112679,Residential,Freehold,2011-10-20,2019-08-08,159698243,False,DEV-0111
PLOT-003957,2702-C,Al Barsha,177115,Residential,Freehold,2008-07-16,2023-07-21,176366389,False,DEV-0118
PLOT-003958,253-A,Discovery Gardens,232915,Residential,Leasehold,2010-11-16,2021-06-04,47700710,True,DEV-0164
PLOT-003959,6797-B,Jebel Ali,77906,Green,Government,2003-05-24,2016-07-16,7717086,True,DEV-0183
PLOT-003960,8763-A,JVC,259550,Commercial,Leasehold,2014-08-01,2016-01-20,256704027,True,DEV-0085
PLOT-003961,8848-E,Mirdif,224824,Residential,Leasehold,2021-05-16,2018-12-06,307981773,True,DEV-0186
PLOT-003962,6215-A,Al Satwa,284116,Residential,Leasehold,2004-09-28,2018-05-17,378565895,False,DEV-0091
PLOT-003963,6565-B,Al Qusais,361658,Commercial,Leasehold,2020-05-18,2022-12-24,391788112,False,DEV-0124
PLOT-003964,6920-E,Al Barsha,120610,Residential,Government,2005-01-09,2021-11-11,79893233,True,DEV-0104
PLOT-003965,337-E,Al Mizhar,290809,Residential,Freehold,2020-04-10,2016-12-25,90369245,False,DEV-0123
PLOT-003966,2755-C,Al Quoz,341846,Green,Freehold,2020-09-13,2018-01-04,96725565,False,DEV-0051
PLOT-003967,1059-A,Bur Dubai,203080,Residential,Freehold,2020-05-09,2023-04-21,142869101,True,DEV-0140
PLOT-003968,9466-E,Arabian Ranches,470170,Commercial,Freehold,2008-09-30,2022-01-23,18562001,False,DEV-0111
PLOT-003969,9804-E,Dubai Creek Harbour,467576,Industrial,Government,2003-08-29,2016-04-30,365281425,False,DEV-0113
PLOT-003970,2255-C,Dubai Land,29099,Mixed,Freehold,2000-08-27,2019-07-17,333289405,False,DEV-0154
PLOT-003971,7033-B,Al Mizhar,175164,Residential,Freehold,2017-09-29,2015-04-24,469575719,True,DEV-0120
PLOT-003972,7471-C,Dubai Marina,46426,Residential,Freehold,2014-01-01,2015-01-01,204417279,False,DEV-0034
PLOT-003973,6717-A,Al Satwa,93757,Residential,Government,2007-03-15,2024-04-05,43316986,False,DEV-0179
PLOT-003974,2051-C,Muhaisnah,460397,Residential,Freehold,2006-03-08,2023-12-22,17141569,True,DEV-0025
PLOT-003975,4380-B,Bur Dubai,73026,Commercial,Leasehold,2006-08-16,2018-07-29,94340451,False,DEV-0133
PLOT-003976,2714-B,Deira,171794,Mixed,Freehold,2007-03-27,2021-09-01,160747335,True,DEV-0200
PLOT-003977,8688-D,International City,307156,Residential,Leasehold,2010-01-12,2023-07-20,386859784,False,DEV-0086
PLOT-003978,7115-E,Sports City,288712,Green,Government,2003-10-26,2015-11-12,255178890,True,DEV-0131
PLOT-003979,8163-E,Jebel Ali,338739,Residential,Freehold,2020-06-23,2024-03-28,449697286,True,DEV-0012
PLOT-003980,2460-C,Dubailand,399256,Mixed,Freehold,2012-07-10,2019-04-09,255634146,False,DEV-0196
PLOT-003981,284-B,Al Barsha,57792,Commercial,Leasehold,2019-11-20,2021-11-25,26556865,True,DEV-0033
PLOT-003982,6146-B,Al Twar,480287,Mixed,Leasehold,2016-01-26,2023-02-07,94290852,True,DEV-0192
PLOT-003983,4430-D,Muhaisnah,434012,Residential,Leasehold,2000-02-24,2023-02-11,417059615,False,DEV-0158
PLOT-003984,2539-A,International City,169798,Commercial,Freehold,2023-01-14,2017-03-23,84534468,False,DEV-0007
PLOT-003985,224-E,Al Quoz,381028,Commercial,Freehold,2008-11-13,2015-02-15,404057658,True,DEV-0014
PLOT-003986,7478-D,Arabian Ranches,257818,Mixed,Government,2015-06-03,2024-08-17,459336876,True,DEV-0125
PLOT-003987,3372-A,Business Bay,287616,Residential,Freehold,2010-09-25,2017-02-26,421804942,False,DEV-0163
PLOT-003988,1594-E,Al Satwa,189826,Residential,Leasehold,2017-09-07,2024-10-31,167493596,False,DEV-0075
PLOT-003989,6304-E,Al Furjan,494226,Residential,Leasehold,2009-07-10,2018-10-05,384684164,False,DEV-0134
PLOT-003990,985-B,Business Bay,117702,Commercial,Freehold,2008-07-17,2015-03-12,427747607,True,DEV-0008
PLOT-003991,7530-C,Al Safa,191380,Mixed,Freehold,2007-01-10,2017-09-09,448120334,False,DEV-0177
PLOT-003992,4293-D,Ras Al Khor,397482,Industrial,Freehold,2000-12-30,2024-03-10,144270638,False,DEV-0125
PLOT-003993,9560-D,Emaar Beachfront,285887,Green,Leasehold,2023-08-27,2021-08-03,433996822,True,DEV-0101
PLOT-003994,8714-E,Dubai South,222443,Commercial,Government,2010-12-25,2019-09-12,52897737,True,DEV-0150
PLOT-003995,7215-C,Al Furjan,260808,Commercial,Freehold,2003-04-04,2015-04-23,7304999,False,DEV-0042
PLOT-003996,5939-C,Al Quoz,67894,Mixed,Freehold,2002-12-01,2022-03-08,85341775,False,DEV-0094
PLOT-003997,4363-E,Al Barsha,462976,Residential,Leasehold,2018-06-28,2019-12-09,291505414,True,DEV-0132
PLOT-003998,8380-C,Town Square,157234,Residential,Government,2016-10-06,2024-11-15,147142950,False,DEV-0159
PLOT-003999,8262-E,Muhaisnah,160935,Industrial,Leasehold,2000-05-04,2023-06-14,25614967,True,DEV-0165
PLOT-004000,9905-B,Umm Suqeim,420854,Residential,Freehold,2013-01-25,2016-04-24,267612570,True,DEV-0055
PLOT-004001,6757-C,Motor City,463192,Residential,Freehold,2022-05-29,2019-07-17,139250602,False,DEV-0091
PLOT-004002,2364-C,JVC,385643,Residential,Freehold,2021-10-10,2015-02-05,282880150,True,DEV-0004
PLOT-004003,8519-A,DIFC,420460,Industrial,Freehold,2013-09-07,2016-01-28,235989135,True,DEV-0123
PLOT-004004,6665-E,Al Satwa,342834,Mixed,Freehold,2008-08-25,2022-09-18,177732500,False,DEV-0193
PLOT-004005,6038-A,Umm Suqeim,277370,Commercial,Leasehold,2015-09-05,2018-04-23,409046422,False,DEV-0041
PLOT-004006,1895-A,Motor City,332586,Mixed,Freehold,2022-09-15,2015-08-12,196713471,False,DEV-0101
PLOT-004007,3438-D,Muhaisnah,183810,Industrial,Freehold,2004-06-09,2021-12-04,320108147,False,DEV-0082
PLOT-004008,9348-E,Al Barsha,335444,Residential,Freehold,2012-02-21,2018-01-29,9283656,False,DEV-0040
PLOT-004009,6565-A,Ras Al Khor,492109,Residential,Freehold,2002-07-24,2021-05-10,14661860,False,DEV-0044
PLOT-004010,3018-D,Town Square,458198,Residential,Leasehold,2008-07-03,2022-09-16,61935007,True,DEV-0081
PLOT-004011,7483-C,Ras Al Khor,227131,Green,Leasehold,2002-05-27,2020-05-08,171719001,False,DEV-0007
PLOT-004012,7524-A,Dubai Marina,482021,Residential,Government,2001-09-24,2021-10-12,116433247,False,DEV-0164
PLOT-004013,2186-C,Al Qusais,13602,Mixed,Freehold,2012-10-28,2024-05-11,338917358,True,DEV-0117
PLOT-004014,4895-D,Deira,93947,Residential,Leasehold,2004-05-06,2020-12-07,78228712,False,DEV-0069
PLOT-004015,8362-B,Al Barsha,46431,Green,Leasehold,2018-10-23,2021-02-21,38341908,False,DEV-0191
PLOT-004016,1963-E,Ras Al Khor,171523,Residential,Freehold,2021-01-28,2015-04-01,132977385,False,DEV-0133
PLOT-004017,5730-C,Mirdif,446571,Residential,Freehold,2020-11-11,2022-06-24,280587014,True,DEV-0174
PLOT-004018,3983-A,Dubailand,151254,Residential,Leasehold,2010-08-10,2015-05-27,237107019,False,DEV-0020
PLOT-004019,5157-B,Dubai Hills Estate,8641,Mixed,Freehold,2016-10-09,2022-11-25,375172709,True,DEV-0018
PLOT-004020,6418-B,Al Furjan,20675,Residential,Government,2015-10-30,2017-10-10,77373981,True,DEV-0082
PLOT-004021,2819-A,Jumeirah,316460,Green,Leasehold,2004-12-12,2024-11-02,307860578,True,DEV-0010
PLOT-004022,3327-E,Sports City,257978,Mixed,Leasehold,2007-09-16,2023-04-27,190975460,False,DEV-0165
PLOT-004023,5562-D,DIFC,324484,Mixed,Leasehold,2016-10-06,2017-08-16,324147838,False,DEV-0001
PLOT-004024,2586-B,Emaar Beachfront,316173,Residential,Government,2018-12-20,2019-01-10,82087826,True,DEV-0165
PLOT-004025,5673-D,Dubai South,18166,Industrial,Freehold,2004-10-20,2020-12-21,235062839,False,DEV-0147
PLOT-004026,4109-D,Al Quoz,129918,Residential,Leasehold,2004-03-07,2018-08-23,69811894,False,DEV-0023
PLOT-004027,4538-B,International City,149096,Mixed,Leasehold,2013-09-12,2018-04-08,440617145,False,DEV-0093
PLOT-004028,8493-B,Dubai Marina,481659,Commercial,Government,2009-03-18,2020-10-31,161125011,True,DEV-0193
PLOT-004029,1699-E,JLT,105176,Residential,Leasehold,2014-03-12,2015-02-11,210056211,True,DEV-0059
PLOT-004030,7474-B,Ras Al Khor,198245,Commercial,Freehold,2001-09-21,2024-09-08,255374276,True,DEV-0111
PLOT-004031,13-A,Al Quoz,314922,Residential,Freehold,2003-03-14,2023-01-08,142778910,False,DEV-0123
PLOT-004032,692-D,Al Qusais,163490,Mixed,Leasehold,2008-07-07,2015-12-03,28202827,False,DEV-0098
PLOT-004033,2752-E,Al Safa,301751,Residential,Leasehold,2007-07-22,2018-01-30,381705756,False,DEV-0060
PLOT-004034,8983-A,Jumeirah,33404,Industrial,Freehold,2020-05-30,2024-02-08,70761614,True,DEV-0163
PLOT-004035,8735-C,Sports City,219770,Commercial,Freehold,2023-07-01,2019-10-29,248688135,False,DEV-0170
PLOT-004036,3310-A,Bur Dubai,318886,Residential,Freehold,2005-04-18,2023-05-13,11105257,False,DEV-0110
PLOT-004037,4790-B,Al Quoz,196943,Mixed,Freehold,2012-10-02,2023-06-24,209643332,False,DEV-0170
PLOT-004038,9287-B,Dubai Creek Harbour,364937,Commercial,Freehold,2011-02-27,2019-10-08,472916860,False,DEV-0063
PLOT-004039,2355-B,Dubai Hills Estate,12078,Residential,Freehold,2023-07-30,2020-10-25,50444156,False,DEV-0191
PLOT-004040,7530-D,JLT,81723,Residential,Freehold,2000-10-31,2022-03-22,494575874,True,DEV-0120
PLOT-004041,2763-A,Dubai Marina,387089,Residential,Leasehold,2022-02-02,2017-03-30,236049339,False,DEV-0043
PLOT-004042,2117-C,Al Furjan,363258,Green,Freehold,2003-05-05,2021-09-21,344859209,True,DEV-0158
PLOT-004043,2602-A,Ras Al Khor,461905,Mixed,Freehold,2016-09-05,2017-02-15,198277315,False,DEV-0026
PLOT-004044,2901-D,Muhaisnah,306989,Mixed,Leasehold,2018-03-27,2024-03-29,6175240,False,DEV-0124
PLOT-004045,2101-E,DIFC,462101,Mixed,Freehold,2017-01-09,2023-07-23,154082629,True,DEV-0166
PLOT-004046,8486-B,Deira,295104,Mixed,Leasehold,2013-09-16,2018-03-23,410945720,False,DEV-0188
PLOT-004047,4797-A,Deira,331826,Residential,Freehold,2017-02-15,2022-10-02,48725601,True,DEV-0155
PLOT-004048,5618-E,JLT,323737,Industrial,Freehold,2023-09-24,2018-12-04,425501247,True,DEV-0082
PLOT-004049,3853-B,Al Satwa,251147,Commercial,Freehold,2004-07-30,2018-08-28,130234908,False,DEV-0199
PLOT-004050,2814-A,JVC,423940,Commercial,Leasehold,2006-01-21,2022-08-25,122188854,True,DEV-0064
PLOT-004051,606-B,Dubai South,448639,Residential,Freehold,2016-07-11,2017-05-23,373146971,True,DEV-0013
PLOT-004052,8519-E,JVC,232598,Mixed,Leasehold,2022-09-26,2018-09-05,253090369,True,DEV-0035
PLOT-004053,5894-E,Emaar Beachfront,447786,Mixed,Freehold,2009-08-04,2018-06-20,55916652,False,DEV-0080
PLOT-004054,9750-B,JVC,209978,Residential,Freehold,2002-12-29,2019-08-22,4186859,True,DEV-0107
PLOT-004055,1279-B,Deira,182200,Residential,Freehold,2013-07-12,2021-09-21,30839349,True,DEV-0180
PLOT-004056,2785-D,Muhaisnah,415529,Commercial,Leasehold,2011-05-22,2015-07-19,20036639,False,DEV-0085
PLOT-004057,1251-E,Discovery Gardens,233309,Residential,Leasehold,2004-12-30,2023-05-21,203548244,False,DEV-0149
PLOT-004058,4765-B,International City,106117,Mixed,Freehold,2013-12-13,2024-01-04,482999993,False,DEV-0136
PLOT-004059,8211-C,Jebel Ali,284305,Residential,Freehold,2012-11-01,2016-12-16,314277815,False,DEV-0061
PLOT-004060,4041-B,JVC,66926,Commercial,Freehold,2002-12-08,2019-01-15,26622749,False,DEV-0009
PLOT-004061,3847-D,Emaar Beachfront,305512,Residential,Freehold,2012-08-10,2017-05-24,340875896,False,DEV-0053
PLOT-004062,89-C,Muhaisnah,402072,Residential,Freehold,2019-04-04,2018-12-07,323170365,False,DEV-0044
PLOT-004063,3978-C,Al Twar,343111,Residential,Leasehold,2012-11-05,2016-01-26,425487200,False,DEV-0087
PLOT-004064,3796-A,Business Bay,462598,Mixed,Government,2018-11-07,2022-08-08,153084776,False,DEV-0113
PLOT-004065,5854-A,Jumeirah,349720,Commercial,Leasehold,2005-03-27,2017-01-16,445379523,True,DEV-0067
PLOT-004066,8602-E,Discovery Gardens,421470,Residential,Freehold,2006-12-28,2018-09-30,148149803,False,DEV-0159
PLOT-004067,8831-A,Al Quoz,228810,Commercial,Leasehold,2017-08-05,2023-10-05,223083456,False,DEV-0012
PLOT-004068,4681-B,Al Wasl,210228,Commercial,Leasehold,2007-05-05,2017-12-18,329026225,True,DEV-0025
PLOT-004069,340-B,Palm Jumeirah,34843,Commercial,Leasehold,2010-08-01,2021-09-10,456754599,True,DEV-0023
PLOT-004070,1348-E,Dubai Marina,254129,Commercial,Government,2017-02-22,2023-04-14,364034128,True,DEV-0049
PLOT-004071,2587-A,Al Furjan,494766,Residential,Freehold,2008-04-30,2023-11-08,357868991,False,DEV-0166
PLOT-004072,5567-D,Al Wasl,323029,Residential,Leasehold,2003-08-27,2021-01-21,438241718,False,DEV-0171
PLOT-004073,7109-A,International City,490494,Residential,Freehold,2018-10-27,2023-09-17,146699336,False,DEV-0041
PLOT-004074,5753-C,Dubai Marina,400839,Residential,Freehold,2013-03-29,2023-07-15,471509723,False,DEV-0081
PLOT-004075,1154-B,Dubai Land,369851,Residential,Freehold,2015-02-17,2021-05-30,411168554,False,DEV-0193
PLOT-004076,170-D,Business Bay,77478,Mixed,Freehold,2001-07-17,2020-09-28,64804100,True,DEV-0125
PLOT-004077,8643-E,Dubai Land,491520,Mixed,Freehold,2009-06-24,2015-02-18,78855730,True,DEV-0176
PLOT-004078,9036-A,Deira,438169,Industrial,Freehold,2006-04-26,2022-05-22,225221107,True,DEV-0122
PLOT-004079,4819-E,Jumeirah,6815,Residential,Freehold,2023-08-29,2016-01-21,331598287,False,DEV-0080
PLOT-004080,9806-E,Bur Dubai,249912,Mixed,Government,2004-04-19,2021-03-25,216615457,False,DEV-0128
PLOT-004081,5243-E,Discovery Gardens,287536,Residential,Freehold,2015-10-15,2024-07-26,336313297,False,DEV-0119
PLOT-004082,7322-E,Al Wasl,234170,Residential,Freehold,2014-02-11,2018-08-21,341652613,True,DEV-0195
PLOT-004083,2588-D,Sports City,268636,Mixed,Government,2018-12-03,2022-05-01,237574927,True,DEV-0040
PLOT-004084,9900-D,Al Twar,465175,Mixed,Leasehold,2017-02-15,2016-06-27,351969982,True,DEV-0071
PLOT-004085,9694-C,Dubai South,189364,Mixed,Government,2017-03-03,2021-11-07,343176450,False,DEV-0169
PLOT-004086,4220-B,Jumeirah,339854,Mixed,Freehold,2018-02-21,2018-09-24,89622231,True,DEV-0126
PLOT-004087,3733-D,Dubai South,463688,Residential,Freehold,2013-08-13,2024-07-02,349231875,True,DEV-0048
PLOT-004088,646-A,Town Square,286193,Residential,Freehold,2015-10-27,2015-08-30,476401500,False,DEV-0004
PLOT-004089,6854-A,Dubai Investment Park,23300,Commercial,Freehold,2011-01-04,2018-02-22,403759531,False,DEV-0055
PLOT-004090,2791-B,Discovery Gardens,71045,Industrial,Freehold,2012-03-08,2016-01-17,136295093,False,DEV-0063
PLOT-004091,2734-A,Al Satwa,164403,Commercial,Leasehold,2022-01-15,2021-01-25,429453339,True,DEV-0157
PLOT-004092,2574-D,Deira,65743,Industrial,Freehold,2008-12-12,2018-08-17,103090997,True,DEV-0075
PLOT-004093,1846-E,Sports City,438675,Residential,Leasehold,2017-11-11,2016-06-24,347533571,True,DEV-0178
PLOT-004094,7200-C,Palm Jumeirah,110525,Residential,Freehold,2000-02-13,2021-11-24,7189533,True,DEV-0142
PLOT-004095,3898-A,International City,346129,Industrial,Leasehold,2017-02-01,2024-07-10,268665716,False,DEV-0056
PLOT-004096,4305-A,DIFC,437178,Mixed,Leasehold,2006-12-03,2021-08-31,103804955,False,DEV-0120
PLOT-004097,5620-A,Ras Al Khor,13728,Commercial,Government,2003-09-25,2015-02-17,464056476,False,DEV-0033
PLOT-004098,2420-E,Al Satwa,390637,Residential,Government,2020-10-29,2020-07-12,417745785,False,DEV-0153
PLOT-004099,676-E,JVC,393701,Residential,Leasehold,2017-11-19,2024-04-04,254211759,False,DEV-0099
PLOT-004100,2857-E,Palm Jumeirah,224740,Commercial,Leasehold,2000-11-05,2019-09-17,405021316,False,DEV-0182
PLOT-004101,9137-E,Al Satwa,14879,Commercial,Freehold,2017-07-01,2015-11-11,19236916,False,DEV-0127
PLOT-004102,2568-D,Dubai Land,316240,Mixed,Leasehold,2022-06-05,2016-07-08,10228238,False,DEV-0155
PLOT-004103,4107-A,Al Karama,300780,Commercial,Freehold,2017-12-18,2015-06-16,268214397,False,DEV-0152
PLOT-004104,5298-E,Dubai Marina,132134,Industrial,Freehold,2020-11-17,2023-04-17,319953076,False,DEV-0157
PLOT-004105,730-B,Jebel Ali,83826,Commercial,Freehold,2009-02-20,2022-06-04,411081480,True,DEV-0093
PLOT-004106,67-D,Al Barsha,347661,Green,Freehold,2020-04-30,2015-11-17,189174736,False,DEV-0095
PLOT-004107,3427-E,Dubai Creek Harbour,331856,Residential,Freehold,2001-07-18,2021-02-11,199599814,False,DEV-0050
PLOT-004108,9284-B,Town Square,420092,Commercial,Freehold,2019-09-11,2020-04-09,147663257,True,DEV-0060
PLOT-004109,446-A,Al Quoz,475813,Mixed,Leasehold,2001-03-30,2023-01-08,219694938,True,DEV-0063
PLOT-004110,5752-B,Al Mizhar,220550,Residential,Leasehold,2000-08-03,2020-06-06,487315788,False,DEV-0061
PLOT-004111,7425-A,Downtown Dubai,22607,Residential,Freehold,2020-08-24,2023-06-30,241099479,False,DEV-0114
PLOT-004112,3872-A,Umm Suqeim,441622,Industrial,Freehold,2000-12-14,2018-07-30,229580479,True,DEV-0140
PLOT-004113,3408-A,Business Bay,149907,Residential,Freehold,2006-11-22,2023-07-19,298549469,False,DEV-0190
PLOT-004114,2802-B,DIFC,55967,Commercial,Freehold,2016-10-27,2020-06-19,464759248,False,DEV-0008
PLOT-004115,749-A,Discovery Gardens,244169,Mixed,Freehold,2016-02-04,2018-12-26,460974924,True,DEV-0100
PLOT-004116,4501-B,Motor City,405073,Residential,Government,2022-05-15,2016-06-07,72439613,True,DEV-0022
PLOT-004117,7311-D,Dubailand,415444,Residential,Leasehold,2021-02-11,2024-04-04,350896578,False,DEV-0176
PLOT-004118,6739-B,Umm Suqeim,15221,Residential,Leasehold,2000-10-01,2016-09-17,416629878,False,DEV-0043
PLOT-004119,6649-E,International City,458312,Commercial,Freehold,2005-12-27,2018-11-30,344653764,True,DEV-0137
PLOT-004120,5427-D,JLT,323184,Mixed,Leasehold,2007-12-12,2015-08-18,211189871,True,DEV-0118
PLOT-004121,9935-C,Al Karama,117512,Residential,Freehold,2006-04-27,2020-07-11,184515069,False,DEV-0114
PLOT-004122,710-A,Al Safa,86481,Mixed,Leasehold,2007-03-31,2021-07-27,161783220,False,DEV-0167
PLOT-004123,9059-A,Muhaisnah,343901,Mixed,Leasehold,2007-11-12,2015-01-09,203568925,False,DEV-0134
PLOT-004124,1904-A,Al Twar,26901,Industrial,Freehold,2015-02-17,2018-09-13,161731304,True,DEV-0116
PLOT-004125,3003-A,Dubai Land,385187,Commercial,Freehold,2020-11-04,2016-10-27,398505923,True,DEV-0094
PLOT-004126,7175-C,Dubai South,375247,Green,Freehold,2023-01-08,2023-06-30,444009580,True,DEV-0113
PLOT-004127,2365-D,Discovery Gardens,151271,Industrial,Freehold,2005-04-29,2018-07-16,436771445,True,DEV-0106
PLOT-004128,1466-E,Al Wasl,320284,Commercial,Leasehold,2004-05-20,2024-11-12,470255418,False,DEV-0039
PLOT-004129,362-A,Ras Al Khor,204426,Mixed,Leasehold,2022-05-23,2024-04-17,148881668,True,DEV-0084
PLOT-004130,7615-B,Dubai South,225981,Commercial,Leasehold,2007-05-18,2016-11-30,337888480,True,DEV-0076
PLOT-004131,657-D,Al Twar,366598,Residential,Freehold,2023-02-14,2021-09-28,319054895,True,DEV-0057
PLOT-004132,202-C,Town Square,17383,Residential,Freehold,2006-09-09,2022-07-18,414001881,False,DEV-0164
PLOT-004133,9614-B,Mirdif,293530,Mixed,Leasehold,2010-09-22,2020-10-18,358109371,False,DEV-0005
PLOT-004134,6760-E,International City,476630,Residential,Leasehold,2016-07-17,2023-10-27,342898170,True,DEV-0001
PLOT-004135,4697-C,Arabian Ranches,299277,Residential,Freehold,2023-04-29,2019-05-12,243578685,True,DEV-0065
PLOT-004136,2956-B,DIFC,330305,Mixed,Freehold,2023-02-25,2021-01-15,219555230,False,DEV-0060
PLOT-004137,1601-A,DIFC,18444,Green,Freehold,2010-03-14,2021-02-12,367005505,True,DEV-0118
PLOT-004138,8965-C,Mirdif,72185,Mixed,Freehold,2008-05-07,2020-12-09,494254612,True,DEV-0045
PLOT-004139,8656-E,Arabian Ranches,302431,Commercial,Government,2008-05-28,2018-06-22,66478950,False,DEV-0176
PLOT-004140,7188-A,Business Bay,126344,Residential,Leasehold,2006-10-27,2021-06-09,337719185,False,DEV-0061
PLOT-004141,5401-C,Sports City,399112,Mixed,Government,2001-02-10,2019-04-20,491753066,False,DEV-0160
PLOT-004142,4387-B,Al Furjan,460220,Residential,Freehold,2020-03-30,2024-09-09,402462751,False,DEV-0114
PLOT-004143,9572-D,Al Barsha,191130,Industrial,Freehold,2003-06-05,2023-10-25,67049904,True,DEV-0178
PLOT-004144,860-E,Al Mizhar,329437,Residential,Freehold,2004-02-09,2017-10-12,455540955,False,DEV-0115
PLOT-004145,587-D,Warqa,65121,Commercial,Freehold,2013-07-23,2019-06-09,167452968,True,DEV-0180
PLOT-004146,7773-A,Bur Dubai,301737,Mixed,Leasehold,2006-07-14,2021-04-19,122648275,False,DEV-0057
PLOT-004147,6893-C,Sports City,98340,Commercial,Freehold,2015-01-10,2021-05-06,408716803,True,DEV-0103
PLOT-004148,2129-D,Nad Al Sheba,109048,Commercial,Leasehold,2022-04-25,2019-08-05,307038861,True,DEV-0023
PLOT-004149,586-A,Al Karama,390822,Commercial,Leasehold,2003-02-27,2024-10-11,373492489,True,DEV-0016
PLOT-004150,4536-A,Motor City,55929,Residential,Freehold,2007-01-19,2021-08-29,130940014,False,DEV-0147
PLOT-004151,1112-B,Al Karama,218662,Industrial,Government,2014-09-03,2019-10-25,342248040,False,DEV-0075
PLOT-004152,1752-D,Nad Al Sheba,31411,Residential,Freehold,2018-01-21,2021-10-07,93300609,True,DEV-0070
PLOT-004153,4667-E,Al Quoz,430123,Residential,Government,2010-01-20,2023-05-07,368190256,True,DEV-0006
PLOT-004154,2339-A,Al Karama,231109,Mixed,Freehold,2015-02-14,2022-08-17,167474243,False,DEV-0133
PLOT-004155,6587-D,Al Safa,243633,Commercial,Freehold,2019-07-14,2015-06-10,108658025,False,DEV-0148
PLOT-004156,78-E,Dubai Land,40404,Residential,Leasehold,2015-04-07,2017-12-12,308914778,True,DEV-0058
PLOT-004157,7045-E,Dubai Investment Park,180715,Residential,Freehold,2020-05-03,2024-08-02,60469637,False,DEV-0036
PLOT-004158,8564-C,Jebel Ali,16972,Commercial,Freehold,2003-07-12,2022-11-04,142043429,True,DEV-0130
PLOT-004159,9537-C,Town Square,165311,Commercial,Freehold,2008-05-09,2024-08-11,281154578,False,DEV-0038
PLOT-004160,6346-A,Al Mizhar,35946,Residential,Freehold,2009-09-20,2024-05-16,279053099,False,DEV-0142
PLOT-004161,1619-D,JVC,363292,Mixed,Government,2011-11-05,2020-04-22,113459174,False,DEV-0055
PLOT-004162,9514-D,Al Mizhar,376491,Commercial,Leasehold,2015-01-30,2023-12-01,62669829,False,DEV-0028
PLOT-004163,1105-E,Al Qusais,92522,Green,Leasehold,2015-06-03,2017-04-06,206459300,False,DEV-0182
PLOT-004164,2905-B,Al Safa,383309,Mixed,Freehold,2001-04-27,2016-02-08,231885708,False,DEV-0128
PLOT-004165,7080-D,Dubai South,375890,Mixed,Leasehold,2016-01-29,2023-02-11,145786362,True,DEV-0195
PLOT-004166,4004-C,Al Satwa,36198,Commercial,Freehold,2011-08-24,2017-11-27,415805693,False,DEV-0180
PLOT-004167,639-B,Palm Jumeirah,281280,Residential,Government,2000-02-27,2018-11-19,382551483,False,DEV-0105
PLOT-004168,4500-C,Deira,448197,Mixed,Government,2016-04-19,2016-10-26,333283298,False,DEV-0136
PLOT-004169,8212-D,Bur Dubai,104030,Commercial,Leasehold,2016-06-02,2015-10-28,42478659,False,DEV-0026
PLOT-004170,2715-C,Muhaisnah,129380,Mixed,Freehold,2015-03-21,2015-11-03,454481563,True,DEV-0154
PLOT-004171,5549-A,Al Karama,409521,Commercial,Leasehold,2023-08-10,2024-01-09,289015322,True,DEV-0149
PLOT-004172,7390-A,Business Bay,178905,Industrial,Freehold,2007-09-06,2018-05-19,239786866,True,DEV-0028
PLOT-004173,7961-E,Al Quoz,430887,Green,Freehold,2017-07-16,2024-06-13,230183746,False,DEV-0020
PLOT-004174,5245-D,Dubai Marina,422631,Mixed,Leasehold,2002-08-12,2022-11-18,107323575,True,DEV-0038
PLOT-004175,6659-D,JVC,63316,Residential,Leasehold,2007-03-31,2019-02-05,115350224,True,DEV-0155
PLOT-004176,8087-E,Dubai Marina,419884,Commercial,Leasehold,2022-09-28,2024-05-20,130470184,False,DEV-0188
PLOT-004177,7296-E,Deira,168449,Residential,Leasehold,2014-03-16,2020-10-26,273906272,False,DEV-0164
PLOT-004178,6439-B,Al Quoz,466409,Residential,Government,2021-11-27,2015-07-28,177823560,False,DEV-0153
PLOT-004179,1378-C,Nad Al Sheba,209561,Commercial,Leasehold,2003-11-19,2015-12-28,104162690,False,DEV-0150
PLOT-004180,9996-A,JVC,208453,Mixed,Freehold,2004-02-26,2019-05-01,8926130,False,DEV-0126
PLOT-004181,4446-C,Al Twar,414267,Residential,Government,2017-11-01,2018-02-18,307294472,True,DEV-0093
PLOT-004182,3019-C,Al Karama,176473,Mixed,Government,2003-10-16,2021-02-10,103146493,False,DEV-0016
PLOT-004183,6367-C,Dubailand,9806,Commercial,Freehold,2011-08-07,2023-09-21,336462427,True,DEV-0047
PLOT-004184,9841-D,Discovery Gardens,17316,Mixed,Leasehold,2012-12-12,2018-04-11,190889634,False,DEV-0093
PLOT-004185,7423-E,International City,69083,Residential,Freehold,2004-03-12,2016-08-17,90182939,False,DEV-0070
PLOT-004186,9239-C,Muhaisnah,242749,Green,Government,2000-07-04,2023-08-14,21414798,True,DEV-0021
PLOT-004187,8827-C,Dubai Investment Park,479859,Industrial,Freehold,2003-11-21,2019-03-06,31483240,True,DEV-0086
PLOT-004188,4241-E,Warqa,342806,Commercial,Freehold,2003-04-06,2016-05-29,107274047,False,DEV-0149
PLOT-004189,7766-D,Al Barsha,166319,Mixed,Leasehold,2019-04-29,2020-07-15,482114151,True,DEV-0112
PLOT-004190,6974-C,Jumeirah,225636,Residential,Government,2023-09-16,2021-12-30,230805656,False,DEV-0004
PLOT-004191,8549-B,Al Wasl,174673,Commercial,Leasehold,2020-10-06,2017-02-04,462368517,True,DEV-0075
PLOT-004192,5775-C,Arabian Ranches,342966,Residential,Freehold,2017-03-07,2019-07-15,88975537,False,DEV-0199
PLOT-004193,3336-A,Arabian Ranches,69368,Residential,Government,2000-09-10,2018-09-04,9518158,False,DEV-0083
PLOT-004194,2883-B,Umm Suqeim,106312,Green,Freehold,2011-02-25,2020-02-26,317012936,True,DEV-0069
PLOT-004195,6204-D,Dubai Creek Harbour,448905,Residential,Government,2022-06-26,2019-10-10,33979192,True,DEV-0036
PLOT-004196,6140-D,Mirdif,123451,Mixed,Leasehold,2021-11-29,2023-02-10,202333572,False,DEV-0196
PLOT-004197,7335-A,Dubailand,124665,Green,Leasehold,2020-01-22,2016-05-26,335303360,False,DEV-0186
PLOT-004198,2043-D,Nad Al Sheba,171433,Residential,Leasehold,2002-05-04,2024-10-19,364078972,False,DEV-0093
PLOT-004199,5813-A,Al Quoz,51628,Commercial,Leasehold,2010-08-22,2015-01-29,300142343,False,DEV-0179
PLOT-004200,9144-C,Dubai Marina,170453,Residential,Freehold,2004-12-29,2018-11-06,358877216,True,DEV-0158
PLOT-004201,4289-B,Town Square,471982,Residential,Leasehold,2013-10-29,2018-03-19,163519093,False,DEV-0108
PLOT-004202,5473-B,Al Safa,102845,Residential,Freehold,2021-01-14,2021-06-28,415088097,False,DEV-0055
PLOT-004203,2422-E,Al Qusais,394655,Residential,Freehold,2000-01-02,2023-03-06,188533778,False,DEV-0172
PLOT-004204,5847-D,Jebel Ali,449408,Industrial,Leasehold,2014-05-27,2019-11-09,405459676,True,DEV-0166
PLOT-004205,2656-A,Sports City,321106,Commercial,Freehold,2017-02-06,2019-03-15,96921679,False,DEV-0165
PLOT-004206,4909-D,Muhaisnah,171254,Commercial,Freehold,2018-09-10,2019-02-02,360445226,False,DEV-0172
PLOT-004207,1168-C,Jumeirah,43725,Residential,Freehold,2018-05-09,2023-12-27,193590889,False,DEV-0105
PLOT-004208,8780-A,Dubai Creek Harbour,145985,Industrial,Leasehold,2005-10-25,2017-04-30,396648850,True,DEV-0159
PLOT-004209,6252-C,Palm Jumeirah,9140,Industrial,Freehold,2014-10-09,2015-08-24,366807954,True,DEV-0167
PLOT-004210,2719-E,Jebel Ali,47671,Mixed,Leasehold,2014-07-24,2023-02-02,82333221,False,DEV-0094
PLOT-004211,2932-A,Dubai Investment Park,135537,Mixed,Freehold,2004-03-25,2018-06-07,259473590,False,DEV-0108
PLOT-004212,7493-A,Dubailand,397269,Mixed,Freehold,2007-06-09,2017-06-04,23396016,False,DEV-0036
PLOT-004213,5241-E,Al Qusais,367708,Commercial,Leasehold,2014-08-19,2023-11-04,317837708,False,DEV-0158
PLOT-004214,4410-B,Emaar Beachfront,148767,Residential,Government,2012-04-14,2019-08-23,401710067,True,DEV-0025
PLOT-004215,9620-E,Downtown Dubai,57126,Residential,Leasehold,2003-04-06,2022-06-15,424144610,False,DEV-0164
PLOT-004216,6731-D,Jebel Ali,343351,Mixed,Freehold,2011-12-17,2022-08-25,241973622,False,DEV-0126
PLOT-004217,9071-E,Nad Al Sheba,171761,Mixed,Freehold,2018-06-26,2019-08-12,392695207,False,DEV-0188
PLOT-004218,5083-A,Dubai Investment Park,174476,Residential,Leasehold,2008-06-05,2015-05-29,120565595,False,DEV-0200
PLOT-004219,8749-D,DIFC,268769,Residential,Freehold,2005-11-11,2023-03-31,209926147,False,DEV-0075
PLOT-004220,9760-C,Al Furjan,161596,Mixed,Freehold,2008-04-11,2017-04-28,498550344,False,DEV-0113
PLOT-004221,5174-B,Umm Suqeim,479055,Commercial,Government,2003-07-02,2023-07-18,363853136,False,DEV-0070
PLOT-004222,1835-E,Al Qusais,387950,Residential,Leasehold,2009-12-26,2016-11-12,305623611,False,DEV-0100
PLOT-004223,5294-A,Dubai Hills Estate,431958,Residential,Leasehold,2011-06-01,2020-05-19,314394827,False,DEV-0138
PLOT-004224,889-E,Al Barsha,207410,Mixed,Freehold,2019-03-21,2021-12-15,164534004,True,DEV-0108
PLOT-004225,8583-D,Jebel Ali,414884,Residential,Leasehold,2003-12-14,2018-09-02,347135554,True,DEV-0120
PLOT-004226,9395-A,Dubailand,101846,Commercial,Leasehold,2021-09-25,2015-10-23,348563818,False,DEV-0065
PLOT-004227,3595-A,Muhaisnah,487529,Commercial,Leasehold,2000-07-09,2015-07-16,338917095,False,DEV-0124
PLOT-004228,9875-C,DIFC,49866,Mixed,Freehold,2000-01-22,2023-08-03,139089936,True,DEV-0134
PLOT-004229,2396-D,Motor City,370613,Commercial,Freehold,2012-03-09,2016-02-06,220586208,True,DEV-0155
PLOT-004230,4010-B,Dubai Investment Park,307735,Commercial,Leasehold,2013-11-28,2016-10-17,320812442,False,DEV-0093
PLOT-004231,2600-C,Motor City,271107,Residential,Leasehold,2019-11-10,2023-10-15,488993757,False,DEV-0041
PLOT-004232,8507-B,Motor City,217913,Commercial,Leasehold,2004-06-04,2022-11-23,150403413,True,DEV-0196
PLOT-004233,4456-B,Dubai Marina,125473,Residential,Government,2001-10-30,2024-10-27,163709786,True,DEV-0114
PLOT-004234,2030-A,Dubai Investment Park,349456,Commercial,Leasehold,2007-11-29,2023-06-13,483528361,False,DEV-0165
PLOT-004235,393-E,Business Bay,400866,Industrial,Freehold,2002-06-26,2022-10-12,264888161,False,DEV-0056
PLOT-004236,9677-C,Discovery Gardens,440432,Commercial,Leasehold,2001-10-09,2021-04-10,169021787,False,DEV-0151
PLOT-004237,9324-A,Dubai Hills Estate,8968,Commercial,Freehold,2013-03-21,2016-07-16,53222361,True,DEV-0193
PLOT-004238,5513-A,Discovery Gardens,373155,Residential,Freehold,2023-06-09,2016-11-11,103742011,False,DEV-0026
PLOT-004239,8285-E,DIFC,140330,Residential,Leasehold,2018-05-26,2018-05-24,225962225,False,DEV-0115
PLOT-004240,7880-D,Downtown Dubai,370099,Residential,Government,2017-09-14,2015-10-11,25484657,False,DEV-0058
PLOT-004241,6036-D,Palm Jumeirah,262567,Residential,Government,2015-05-28,2023-10-15,191146763,False,DEV-0071
PLOT-004242,7024-B,Business Bay,331861,Residential,Leasehold,2004-12-19,2023-07-30,281106414,False,DEV-0149
PLOT-004243,6988-A,Al Wasl,261666,Mixed,Leasehold,2022-10-27,2018-08-28,175179604,True,DEV-0176
PLOT-004244,1353-C,International City,457214,Industrial,Freehold,2017-10-11,2018-02-26,423796538,False,DEV-0001
PLOT-004245,5403-E,Umm Suqeim,314882,Green,Government,2007-08-22,2020-05-11,27837046,True,DEV-0133
PLOT-004246,1447-B,Al Quoz,415163,Residential,Leasehold,2005-09-13,2023-01-21,273759618,False,DEV-0163
PLOT-004247,6423-A,Emaar Beachfront,335094,Commercial,Freehold,2016-06-21,2020-11-29,228672627,True,DEV-0019
PLOT-004248,7855-A,Warqa,135867,Residential,Freehold,2016-02-02,2021-12-07,420233858,False,DEV-0056
PLOT-004249,720-D,Arabian Ranches,367983,Mixed,Government,2020-11-22,2015-05-08,301951561,False,DEV-0161
PLOT-004250,2497-B,Al Mizhar,474710,Residential,Leasehold,2016-06-08,2020-01-09,80354961,True,DEV-0016
PLOT-004251,9463-D,Jebel Ali,198115,Residential,Freehold,2016-09-29,2022-01-25,308879543,False,DEV-0006
PLOT-004252,2382-C,Muhaisnah,269495,Residential,Government,2014-06-26,2016-01-17,85870585,False,DEV-0146
PLOT-004253,1894-A,JLT,331392,Commercial,Freehold,2023-11-23,2019-11-05,436042995,False,DEV-0138
PLOT-004254,6037-E,International City,447240,Mixed,Government,2014-01-17,2024-06-25,138303979,False,DEV-0113
PLOT-004255,5145-E,Arabian Ranches,463800,Residential,Freehold,2006-06-10,2017-05-16,213656142,False,DEV-0195
PLOT-004256,7733-A,Palm Jumeirah,283164,Mixed,Freehold,2023-06-01,2021-05-07,264131481,False,DEV-0163
PLOT-004257,8483-A,Al Safa,453788,Commercial,Freehold,2013-06-29,2023-03-08,155296876,False,DEV-0069
PLOT-004258,6335-C,Al Qusais,162573,Residential,Freehold,2008-03-12,2023-05-30,464705043,True,DEV-0008
PLOT-004259,4260-A,Al Wasl,332162,Residential,Freehold,2005-08-15,2019-07-25,305030714,False,DEV-0137
PLOT-004260,1482-E,JVC,294617,Commercial,Leasehold,2023-04-23,2023-11-19,390244077,True,DEV-0127
PLOT-004261,8248-C,Nad Al Sheba,183188,Green,Leasehold,2018-08-18,2022-04-02,285390190,True,DEV-0067
PLOT-004262,7750-D,Jumeirah,370546,Residential,Freehold,2010-02-15,2023-04-27,131010037,False,DEV-0100
PLOT-004263,1080-D,Mirdif,435355,Residential,Freehold,2020-02-24,2024-08-29,136552466,True,DEV-0113
PLOT-004264,4692-E,Motor City,448630,Commercial,Leasehold,2012-08-13,2018-06-30,11939456,True,DEV-0137
PLOT-004265,4108-A,Dubai Creek Harbour,266200,Residential,Freehold,2011-01-30,2018-07-06,310696954,False,DEV-0167
PLOT-004266,2777-D,Downtown Dubai,373168,Commercial,Freehold,2016-12-22,2017-07-19,23739366,False,DEV-0089
PLOT-004267,437-B,Jebel Ali,118321,Industrial,Freehold,2004-01-24,2022-06-19,352564168,False,DEV-0035
PLOT-004268,8053-E,Ras Al Khor,128554,Commercial,Freehold,2015-05-17,2016-04-08,242939673,True,DEV-0153
PLOT-004269,5901-C,Town Square,237606,Green,Freehold,2010-06-01,2022-06-24,172167470,False,DEV-0148
PLOT-004270,3315-C,Muhaisnah,150012,Mixed,Government,2015-12-05,2018-10-01,230988652,False,DEV-0122
PLOT-004271,6373-A,Al Barsha,156632,Commercial,Freehold,2013-09-07,2024-06-07,101025045,True,DEV-0029
PLOT-004272,3529-A,Town Square,130512,Residential,Freehold,2010-09-01,2016-02-16,261524891,False,DEV-0148
PLOT-004273,5252-C,Dubailand,496706,Residential,Leasehold,2014-10-19,2020-10-27,213703802,False,DEV-0127
PLOT-004274,1598-E,Al Safa,314036,Green,Freehold,2010-03-15,2016-06-10,245829818,False,DEV-0073
PLOT-004275,6052-B,Al Barsha,127935,Residential,Freehold,2020-06-08,2019-07-26,275599815,False,DEV-0125
PLOT-004276,2449-B,Al Barsha,217051,Mixed,Freehold,2000-01-11,2020-04-23,166746833,True,DEV-0026
PLOT-004277,8911-B,Jumeirah,221171,Commercial,Leasehold,2007-06-20,2017-08-29,177955122,False,DEV-0149
PLOT-004278,1952-E,Dubai Marina,462289,Residential,Freehold,2008-04-19,2024-05-29,397307007,True,DEV-0068
PLOT-004279,9312-D,Dubai South,72485,Commercial,Freehold,2011-05-15,2017-05-21,408111181,False,DEV-0052
PLOT-004280,9273-A,Downtown Dubai,130271,Residential,Freehold,2011-02-01,2018-11-22,279716338,False,DEV-0024
PLOT-004281,2227-E,Al Barsha,335121,Mixed,Leasehold,2007-10-08,2020-04-07,62343452,True,DEV-0192
PLOT-004282,3101-C,Deira,218511,Residential,Freehold,2008-06-25,2019-04-08,406875216,True,DEV-0160
PLOT-004283,386-E,Deira,393187,Residential,Leasehold,2015-12-28,2018-08-17,302461287,True,DEV-0143
PLOT-004284,4989-B,Dubai Land,121133,Mixed,Freehold,2008-05-12,2022-12-17,465567435,True,DEV-0006
PLOT-004285,2045-B,International City,153750,Residential,Leasehold,2009-07-16,2022-02-21,171586230,False,DEV-0039
PLOT-004286,9748-C,Dubai South,84863,Residential,Freehold,2014-07-01,2015-02-21,300077330,True,DEV-0173
PLOT-004287,9729-E,Al Twar,343997,Commercial,Freehold,2009-03-25,2022-03-05,205639382,True,DEV-0100
PLOT-004288,4006-B,Downtown Dubai,303991,Residential,Leasehold,2023-04-02,2023-08-06,444627692,True,DEV-0137
PLOT-004289,5130-D,Downtown Dubai,419622,Mixed,Freehold,2018-12-26,2021-12-24,68838718,False,DEV-0053
PLOT-004290,3806-A,Dubailand,472507,Residential,Leasehold,2005-05-21,2023-06-25,243092327,False,DEV-0175
PLOT-004291,9160-D,Town Square,126931,Mixed,Leasehold,2006-02-24,2024-10-12,65257460,False,DEV-0102
PLOT-004292,9686-C,Jebel Ali,99282,Residential,Freehold,2013-09-29,2020-05-24,117073746,False,DEV-0156
PLOT-004293,1380-B,Al Mizhar,241223,Commercial,Leasehold,2009-06-13,2019-04-29,65785192,True,DEV-0146
PLOT-004294,2084-E,Nad Al Sheba,374915,Mixed,Freehold,2016-11-25,2021-05-12,294960482,True,DEV-0150
PLOT-004295,8253-E,Emaar Beachfront,60839,Industrial,Freehold,2010-12-21,2016-05-24,282714645,True,DEV-0068
PLOT-004296,8637-C,JVC,280506,Residential,Freehold,2021-08-22,2021-09-19,329993528,True,DEV-0126
PLOT-004297,3200-B,DIFC,363417,Commercial,Freehold,2018-11-18,2022-03-29,378544055,False,DEV-0137
PLOT-004298,4314-D,Ras Al Khor,373628,Mixed,Freehold,2015-02-17,2021-03-17,94263241,True,DEV-0052
PLOT-004299,8031-A,Ras Al Khor,257475,Industrial,Government,2006-12-28,2019-08-12,123522722,True,DEV-0005
PLOT-004300,5553-A,Emaar Beachfront,284462,Mixed,Freehold,2009-09-16,2015-11-16,99914358,True,DEV-0042
PLOT-004301,1126-A,Al Quoz,181161,Commercial,Leasehold,2000-07-24,2017-03-20,324274845,False,DEV-0104
PLOT-004302,7464-A,Al Quoz,216011,Residential,Leasehold,2004-07-22,2016-11-02,340113963,False,DEV-0007
PLOT-004303,4001-B,Arabian Ranches,236356,Commercial,Freehold,2001-05-25,2015-06-03,345268816,True,DEV-0161
PLOT-004304,392-A,Dubai Creek Harbour,259349,Residential,Freehold,2007-10-06,2016-04-20,438452753,False,DEV-0123
PLOT-004305,1946-A,JLT,364434,Residential,Leasehold,2013-03-29,2019-04-15,387861498,True,DEV-0076
PLOT-004306,9034-A,Dubai Land,285800,Mixed,Freehold,2011-05-21,2018-07-06,458234337,False,DEV-0148
PLOT-004307,2708-E,Umm Suqeim,246326,Mixed,Freehold,2000-09-26,2019-01-27,464181598,True,DEV-0128
PLOT-004308,6908-D,Dubai Investment Park,286976,Commercial,Leasehold,2018-10-29,2020-03-09,298488036,True,DEV-0184
PLOT-004309,608-A,Al Qusais,483211,Mixed,Freehold,2010-07-02,2020-06-22,247252114,False,DEV-0074
PLOT-004310,3016-B,Mirdif,17271,Commercial,Leasehold,2003-09-28,2020-10-27,267374054,False,DEV-0130
PLOT-004311,9550-E,Discovery Gardens,456712,Commercial,Freehold,2007-03-24,2016-11-17,62660856,True,DEV-0047
PLOT-004312,8860-C,Business Bay,260745,Commercial,Government,2021-12-02,2018-03-30,209430488,True,DEV-0142
PLOT-004313,9423-B,Al Wasl,339219,Mixed,Freehold,2013-11-25,2019-11-22,435772537,False,DEV-0193
PLOT-004314,3397-D,Al Quoz,98592,Residential,Leasehold,2022-10-07,2020-10-25,441564420,False,DEV-0060
PLOT-004315,463-E,Dubai Creek Harbour,429635,Industrial,Leasehold,2018-07-22,2021-02-14,186006865,False,DEV-0193
PLOT-004316,6117-B,Al Barsha,398027,Residential,Freehold,2015-05-08,2021-05-14,210412076,False,DEV-0018
PLOT-004317,1292-B,Al Satwa,264731,Commercial,Leasehold,2004-05-16,2017-07-17,88759939,False,DEV-0081
PLOT-004318,1676-D,Motor City,134477,Mixed,Leasehold,2002-09-21,2021-08-29,94516688,False,DEV-0183
PLOT-004319,4073-B,Warqa,162791,Industrial,Freehold,2009-08-24,2018-10-28,289380934,False,DEV-0024
PLOT-004320,6975-A,Downtown Dubai,263494,Residential,Freehold,2017-03-11,2022-12-12,444155858,False,DEV-0163
PLOT-004321,5955-A,Mirdif,415730,Mixed,Leasehold,2007-12-12,2019-01-09,205306792,False,DEV-0019
PLOT-004322,9169-E,Al Wasl,51010,Residential,Freehold,2016-03-28,2020-08-05,26849461,False,DEV-0104
PLOT-004323,898-D,Discovery Gardens,237777,Mixed,Leasehold,2014-06-04,2022-05-29,264208699,True,DEV-0118
PLOT-004324,164-E,Al Satwa,120266,Commercial,Freehold,2005-02-09,2021-03-03,362124860,False,DEV-0170
PLOT-004325,850-A,Business Bay,25886,Residential,Leasehold,2000-09-20,2023-08-17,240813653,True,DEV-0177
PLOT-004326,5023-A,JLT,422598,Residential,Leasehold,2009-06-03,2024-07-10,95233474,False,DEV-0166
PLOT-004327,1930-C,Jebel Ali,466502,Industrial,Freehold,2020-10-05,2024-03-18,407492271,False,DEV-0157
PLOT-004328,864-B,Jumeirah,494543,Residential,Freehold,2014-09-20,2024-06-29,123053947,False,DEV-0181
PLOT-004329,5358-B,Dubailand,115443,Commercial,Freehold,2023-08-07,2016-03-31,360283907,True,DEV-0081
PLOT-004330,7716-A,Motor City,354261,Residential,Leasehold,2013-12-08,2024-12-18,80666367,True,DEV-0181
PLOT-004331,4809-B,Emaar Beachfront,423221,Industrial,Freehold,2012-12-26,2024-10-09,140699180,False,DEV-0039
PLOT-004332,8869-D,Al Satwa,170412,Mixed,Leasehold,2019-05-13,2021-02-28,304336044,False,DEV-0111
PLOT-004333,8295-D,Jumeirah,461233,Residential,Freehold,2001-12-11,2020-11-22,497046824,False,DEV-0028
PLOT-004334,1825-E,Warqa,143618,Mixed,Leasehold,2009-06-26,2024-04-29,62430663,True,DEV-0091
PLOT-004335,868-A,Town Square,95536,Mixed,Government,2004-09-21,2019-12-20,102021735,False,DEV-0019
PLOT-004336,5355-E,Al Furjan,382547,Mixed,Leasehold,2009-10-09,2015-07-27,110691833,True,DEV-0116
PLOT-004337,2811-A,Dubailand,292021,Green,Freehold,2017-11-02,2023-02-03,282106410,True,DEV-0024
PLOT-004338,1123-D,Dubai Land,292666,Residential,Leasehold,2017-03-13,2021-10-27,119859590,False,DEV-0111
PLOT-004339,9177-C,Dubai Marina,427960,Industrial,Freehold,2000-08-03,2015-12-19,258074920,True,DEV-0199
PLOT-004340,656-B,Downtown Dubai,180971,Commercial,Freehold,2004-08-12,2018-05-27,302496183,False,DEV-0160
PLOT-004341,1345-B,Al Wasl,80564,Residential,Leasehold,2015-03-10,2021-09-06,342848667,False,DEV-0089
PLOT-004342,1931-E,Jebel Ali,236732,Mixed,Freehold,2010-01-30,2021-12-09,135027712,True,DEV-0057
PLOT-004343,290-E,Ras Al Khor,171990,Mixed,Leasehold,2022-11-30,2024-01-06,447961045,False,DEV-0105
PLOT-004344,6668-E,Al Karama,319956,Commercial,Government,2020-01-19,2018-04-28,267498593,True,DEV-0175
PLOT-004345,7109-B,Palm Jumeirah,488558,Mixed,Freehold,2006-04-14,2022-07-06,76377480,True,DEV-0148
PLOT-004346,9689-B,Dubai Investment Park,112572,Commercial,Leasehold,2013-04-05,2016-02-22,482385909,False,DEV-0100
PLOT-004347,3571-D,Business Bay,331116,Industrial,Leasehold,2004-06-09,2022-11-26,92749908,False,DEV-0114
PLOT-004348,6127-A,Emaar Beachfront,180181,Commercial,Freehold,2017-01-21,2019-05-10,186231035,True,DEV-0121
PLOT-004349,2258-D,Al Safa,255177,Mixed,Leasehold,2015-03-13,2017-04-13,68583029,False,DEV-0174
PLOT-004350,6884-A,Muhaisnah,78514,Residential,Freehold,2011-01-28,2018-09-10,483199524,True,DEV-0134
PLOT-004351,6153-B,Dubai Creek Harbour,34650,Green,Leasehold,2008-01-21,2023-02-03,497011433,False,DEV-0016
PLOT-004352,622-C,Muhaisnah,185803,Residential,Freehold,2010-06-09,2016-01-28,463240755,True,DEV-0002
PLOT-004353,3748-C,Al Furjan,469672,Commercial,Freehold,2020-08-16,2024-11-17,142788752,False,DEV-0082
PLOT-004354,5075-D,Mirdif,386772,Residential,Leasehold,2023-07-05,2020-09-23,345678163,False,DEV-0182
PLOT-004355,4707-D,Al Twar,86264,Mixed,Freehold,2001-12-16,2017-04-11,60343569,True,DEV-0186
PLOT-004356,1590-D,DIFC,100135,Mixed,Freehold,2003-08-19,2017-07-03,180120229,True,DEV-0100
PLOT-004357,8542-B,Nad Al Sheba,475160,Commercial,Freehold,2004-04-27,2020-04-29,326456266,True,DEV-0139
PLOT-004358,2122-A,Al Twar,102690,Residential,Leasehold,2023-05-05,2021-10-06,242213870,False,DEV-0067
PLOT-004359,4280-D,JLT,257240,Mixed,Leasehold,2007-01-09,2018-11-03,39652457,True,DEV-0082
PLOT-004360,2594-A,Bur Dubai,192643,Green,Leasehold,2011-11-14,2017-02-23,482475815,False,DEV-0053
PLOT-004361,7880-E,Dubai South,276025,Residential,Leasehold,2010-07-12,2021-02-26,150916233,True,DEV-0084
PLOT-004362,7642-B,Jebel Ali,245276,Residential,Freehold,2008-06-04,2016-03-30,347513772,False,DEV-0090
PLOT-004363,9540-A,Dubai South,112657,Residential,Freehold,2000-01-27,2015-08-13,351014987,False,DEV-0096
PLOT-004364,9784-B,Emaar Beachfront,76536,Residential,Leasehold,2006-06-26,2024-06-03,108551271,True,DEV-0031
PLOT-004365,1093-B,Dubai Creek Harbour,144715,Mixed,Freehold,2001-01-05,2020-08-06,368624555,True,DEV-0015
PLOT-004366,4522-C,Dubailand,389380,Residential,Leasehold,2021-10-28,2017-12-25,494672457,False,DEV-0120
PLOT-004367,8875-D,Al Karama,259095,Residential,Leasehold,2015-05-12,2017-01-23,382587471,False,DEV-0151
PLOT-004368,9704-C,Town Square,485435,Mixed,Freehold,2020-02-20,2016-08-16,425426447,False,DEV-0102
PLOT-004369,6378-A,Al Barsha,390226,Residential,Leasehold,2004-12-13,2022-10-05,207009333,False,DEV-0148
PLOT-004370,3698-C,Bur Dubai,352595,Mixed,Freehold,2001-04-25,2020-10-30,286555090,False,DEV-0036
PLOT-004371,5235-A,Al Furjan,120688,Mixed,Government,2020-06-21,2022-12-17,179772042,True,DEV-0140
PLOT-004372,2520-C,Al Satwa,347375,Commercial,Freehold,2021-06-17,2023-02-15,454799276,False,DEV-0170
PLOT-004373,5216-B,Mirdif,319514,Mixed,Freehold,2002-03-30,2019-01-21,213375489,False,DEV-0054
PLOT-004374,275-B,Al Twar,278284,Commercial,Freehold,2001-10-27,2015-02-06,384270454,True,DEV-0145
PLOT-004375,1917-D,Palm Jumeirah,215252,Residential,Leasehold,2013-07-23,2019-04-09,198283603,False,DEV-0123
PLOT-004376,9926-B,Deira,125108,Residential,Freehold,2015-04-24,2015-10-24,94666955,False,DEV-0006
PLOT-004377,7575-D,Al Mizhar,352286,Residential,Leasehold,2008-04-29,2022-12-23,468354620,True,DEV-0064
PLOT-004378,9505-B,Mirdif,136365,Commercial,Freehold,2013-01-05,2022-07-09,424842655,True,DEV-0017
PLOT-004379,8416-D,Al Wasl,144043,Residential,Leasehold,2013-05-21,2022-04-07,269097003,False,DEV-0011
PLOT-004380,4955-A,Dubai Marina,152992,Residential,Government,2012-10-14,2017-12-04,117823699,True,DEV-0135
PLOT-004381,4730-E,Al Barsha,58878,Residential,Government,2008-09-02,2020-08-17,94556940,True,DEV-0137
PLOT-004382,480-E,Muhaisnah,44738,Residential,Leasehold,2014-04-06,2023-04-02,186576728,False,DEV-0175
PLOT-004383,2381-E,Jebel Ali,31334,Mixed,Leasehold,2011-09-22,2021-12-10,456029325,False,DEV-0007
PLOT-004384,2070-E,International City,461646,Residential,Leasehold,2000-03-24,2015-12-21,368475100,False,DEV-0106
PLOT-004385,3564-D,Al Furjan,39505,Commercial,Freehold,2019-04-17,2015-02-22,15760281,False,DEV-0146
PLOT-004386,8560-C,Al Qusais,429145,Industrial,Freehold,2000-03-26,2024-06-15,451126898,False,DEV-0040
PLOT-004387,7822-E,Ras Al Khor,392056,Residential,Government,2021-04-22,2022-03-07,367184786,False,DEV-0096
PLOT-004388,3711-A,Emaar Beachfront,187474,Mixed,Leasehold,2007-07-27,2018-11-10,372786641,False,DEV-0014
PLOT-004389,5122-A,JVC,139184,Residential,Government,2000-01-05,2017-06-09,440900672,True,DEV-0051
PLOT-004390,4216-D,Bur Dubai,199283,Commercial,Freehold,2004-08-20,2019-11-29,387076920,False,DEV-0186
PLOT-004391,8842-B,Bur Dubai,466187,Green,Leasehold,2023-06-01,2019-09-19,4812030,False,DEV-0011
PLOT-004392,2463-E,Jebel Ali,69933,Residential,Leasehold,2021-05-01,2020-05-22,191962473,True,DEV-0118
PLOT-004393,5705-E,Bur Dubai,201488,Industrial,Freehold,2001-08-12,2020-04-18,177452831,False,DEV-0136
PLOT-004394,6394-C,Mirdif,478868,Residential,Leasehold,2006-05-10,2023-08-10,21420395,False,DEV-0089
PLOT-004395,9688-E,Town Square,122698,Industrial,Leasehold,2010-12-06,2017-01-07,82545409,False,DEV-0114
PLOT-004396,1458-A,Dubai Creek Harbour,26650,Residential,Freehold,2020-03-20,2022-03-03,401905961,False,DEV-0009
PLOT-004397,1647-E,Mirdif,60239,Residential,Leasehold,2016-04-12,2023-09-27,186287462,False,DEV-0138
PLOT-004398,6274-D,Nad Al Sheba,197098,Industrial,Freehold,2019-08-05,2015-07-07,253600312,False,DEV-0099
PLOT-004399,2398-C,Motor City,372405,Commercial,Freehold,2004-09-02,2023-04-22,101784360,False,DEV-0156
PLOT-004400,9191-E,Palm Jumeirah,226476,Mixed,Government,2006-08-05,2021-05-05,379446533,False,DEV-0024
PLOT-004401,5297-B,Al Wasl,154130,Residential,Freehold,2023-02-23,2017-10-15,173486058,True,DEV-0120
PLOT-004402,3363-E,Nad Al Sheba,190850,Mixed,Leasehold,2003-05-12,2016-09-12,137029798,False,DEV-0133
PLOT-004403,2069-D,Al Barsha,391570,Residential,Leasehold,2005-06-02,2023-05-01,328629278,False,DEV-0157
PLOT-004404,7430-E,Business Bay,296858,Mixed,Freehold,2023-07-20,2017-12-04,66580750,False,DEV-0172
PLOT-004405,3428-D,Al Wasl,388610,Residential,Freehold,2011-09-04,2022-08-20,119121673,False,DEV-0076
PLOT-004406,141-B,Al Karama,128254,Residential,Freehold,2015-02-07,2021-04-04,435681145,False,DEV-0133
PLOT-004407,5582-E,Warqa,6639,Residential,Leasehold,2020-10-13,2018-09-26,87155185,True,DEV-0195
PLOT-004408,8460-C,Dubailand,442670,Residential,Leasehold,2009-07-20,2024-09-21,214150284,True,DEV-0178
PLOT-004409,7485-C,Bur Dubai,329858,Commercial,Freehold,2017-04-23,2015-05-21,359623903,False,DEV-0107
PLOT-004410,1895-D,Discovery Gardens,114532,Mixed,Freehold,2023-06-22,2017-06-29,391511063,True,DEV-0122
PLOT-004411,3807-E,Nad Al Sheba,7212,Residential,Freehold,2023-01-14,2024-04-04,385844952,True,DEV-0127
PLOT-004412,2775-E,Umm Suqeim,109731,Residential,Leasehold,2004-06-14,2021-12-07,192637489,True,DEV-0040
PLOT-004413,4595-C,Bur Dubai,230826,Residential,Government,2018-06-30,2018-09-09,344063574,True,DEV-0085
PLOT-004414,3546-D,Palm Jumeirah,330047,Mixed,Freehold,2010-06-26,2023-08-12,401772560,False,DEV-0176
PLOT-004415,1584-A,Al Wasl,359945,Mixed,Leasehold,2002-03-18,2015-06-13,303775010,True,DEV-0142
PLOT-004416,8501-C,Jebel Ali,110310,Residential,Government,2008-09-22,2016-02-25,489006918,False,DEV-0082
PLOT-004417,817-C,DIFC,482924,Commercial,Freehold,2008-11-25,2022-09-23,482275190,False,DEV-0014
PLOT-004418,2419-C,Downtown Dubai,187265,Residential,Government,2006-03-15,2022-04-12,259562844,False,DEV-0136
PLOT-004419,1813-E,Palm Jumeirah,95246,Residential,Freehold,2022-12-01,2021-11-24,416748400,True,DEV-0004
PLOT-004420,6872-A,Al Furjan,213856,Commercial,Freehold,2011-11-02,2017-04-15,115231497,True,DEV-0027
PLOT-004421,4928-B,Palm Jumeirah,451926,Residential,Freehold,2012-07-15,2015-06-13,381377748,False,DEV-0080
PLOT-004422,4642-A,Sports City,476188,Green,Government,2018-04-18,2019-12-24,486075592,False,DEV-0110
PLOT-004423,1749-C,Palm Jumeirah,16535,Residential,Freehold,2000-08-25,2020-03-23,402075398,False,DEV-0040
PLOT-004424,8990-D,Sports City,88909,Commercial,Freehold,2022-05-19,2015-05-27,137278367,True,DEV-0121
PLOT-004425,9570-C,Arabian Ranches,260293,Mixed,Leasehold,2020-11-10,2019-07-10,305989143,True,DEV-0153
PLOT-004426,5191-E,Town Square,11202,Industrial,Freehold,2001-07-02,2020-11-30,249178996,True,DEV-0035
PLOT-004427,6202-E,Umm Suqeim,257103,Residential,Freehold,2020-03-02,2019-11-15,57499052,False,DEV-0117
PLOT-004428,5469-C,Al Wasl,211836,Residential,Freehold,2010-11-09,2022-08-05,349898066,False,DEV-0175
PLOT-004429,2086-D,Al Twar,121112,Residential,Leasehold,2003-04-09,2022-11-21,356732367,False,DEV-0085
PLOT-004430,7296-C,Al Satwa,184616,Mixed,Leasehold,2005-09-05,2016-12-07,78073976,False,DEV-0038
PLOT-004431,6167-C,Al Satwa,215450,Commercial,Leasehold,2014-03-30,2023-05-31,119604274,False,DEV-0080
PLOT-004432,8314-C,Umm Suqeim,140410,Residential,Leasehold,2001-03-18,2022-06-26,167927377,False,DEV-0108
PLOT-004433,8208-D,Dubai Investment Park,310656,Residential,Government,2022-08-06,2021-02-06,42877468,False,DEV-0129
PLOT-004434,9310-D,Warqa,221294,Mixed,Government,2018-08-23,2015-03-26,337822843,False,DEV-0068
PLOT-004435,3218-A,JVC,83742,Green,Freehold,2018-01-18,2020-02-11,133570125,False,DEV-0088
PLOT-004436,5999-A,Dubai Creek Harbour,119760,Mixed,Government,2015-06-09,2021-01-06,211392980,True,DEV-0007
PLOT-004437,1167-E,Business Bay,295837,Residential,Freehold,2001-08-24,2019-09-03,75816588,False,DEV-0093
PLOT-004438,4803-A,Emaar Beachfront,315153,Mixed,Freehold,2001-04-26,2023-11-21,266553951,False,DEV-0019
PLOT-004439,6788-D,Arabian Ranches,258275,Mixed,Freehold,2014-11-09,2023-09-18,368084839,False,DEV-0140
PLOT-004440,3483-D,Jebel Ali,81089,Commercial,Freehold,2012-12-02,2016-08-26,231700516,False,DEV-0183
PLOT-004441,8166-A,Ras Al Khor,179594,Residential,Leasehold,2018-11-26,2020-06-10,95164190,False,DEV-0023
PLOT-004442,4863-D,Ras Al Khor,247592,Commercial,Leasehold,2004-02-06,2021-11-24,215140722,False,DEV-0027
PLOT-004443,5406-A,Downtown Dubai,451830,Mixed,Leasehold,2021-01-19,2015-04-02,486233818,False,DEV-0128
PLOT-004444,7350-E,Ras Al Khor,26978,Residential,Government,2013-02-03,2024-06-20,402540442,True,DEV-0087
PLOT-004445,3516-D,Bur Dubai,449710,Industrial,Freehold,2011-10-10,2021-04-05,341091451,False,DEV-0183
PLOT-004446,8341-A,Warqa,82136,Commercial,Freehold,2014-11-18,2020-09-03,295356503,True,DEV-0164
PLOT-004447,9282-A,Al Qusais,26182,Mixed,Government,2012-03-26,2019-04-30,164926367,True,DEV-0080
PLOT-004448,9328-C,Al Barsha,84991,Residential,Freehold,2010-11-05,2024-08-07,373773220,False,DEV-0117
PLOT-004449,1988-C,Bur Dubai,255530,Industrial,Leasehold,2014-05-18,2018-12-24,88206221,True,DEV-0052
PLOT-004450,4851-B,DIFC,491897,Mixed,Government,2010-06-02,2020-01-30,439497776,True,DEV-0158
PLOT-004451,9557-D,Muhaisnah,257996,Commercial,Leasehold,2017-08-31,2019-03-20,236388619,True,DEV-0101
PLOT-004452,6792-C,JLT,33843,Commercial,Leasehold,2023-04-08,2019-05-14,231569185,False,DEV-0134
PLOT-004453,4214-D,Al Satwa,112505,Residential,Government,2017-10-02,2015-04-07,179217903,False,DEV-0043
PLOT-004454,6153-B,Mirdif,400726,Mixed,Government,2004-04-18,2023-09-25,370743405,False,DEV-0089
PLOT-004455,6023-C,Al Satwa,231099,Residential,Freehold,2009-04-13,2024-08-15,441307464,True,DEV-0001
PLOT-004456,9976-C,Al Twar,24572,Mixed,Freehold,2012-03-14,2019-08-22,447030095,False,DEV-0028
PLOT-004457,686-D,Al Safa,136464,Residential,Leasehold,2005-09-14,2019-07-22,497825106,False,DEV-0194
PLOT-004458,1053-D,Palm Jumeirah,156667,Commercial,Freehold,2001-03-12,2022-08-11,317873589,True,DEV-0131
PLOT-004459,7047-C,Motor City,36662,Industrial,Leasehold,2021-07-16,2023-06-23,426175774,False,DEV-0160
PLOT-004460,1873-A,Al Qusais,186118,Residential,Government,2008-10-03,2020-11-15,219593393,True,DEV-0156
PLOT-004461,6603-B,Motor City,206611,Mixed,Government,2010-09-01,2022-05-13,282093292,True,DEV-0060
PLOT-004462,8272-C,JVC,182811,Industrial,Freehold,2019-09-15,2021-03-12,343257632,False,DEV-0007
PLOT-004463,6160-A,Deira,275658,Commercial,Leasehold,2003-08-01,2017-03-04,361772818,False,DEV-0027
PLOT-004464,9490-A,Business Bay,356625,Commercial,Leasehold,2022-04-10,2024-11-11,42997127,False,DEV-0033
PLOT-004465,8677-C,Emaar Beachfront,56205,Residential,Freehold,2017-12-14,2023-10-07,321733960,False,DEV-0123
PLOT-004466,7921-D,Al Mizhar,454533,Commercial,Freehold,2013-10-05,2017-12-11,316785209,False,DEV-0015
PLOT-004467,1336-D,Dubai Marina,292307,Residential,Government,2001-08-04,2022-04-22,144507130,False,DEV-0057
PLOT-004468,726-B,Dubailand,118578,Residential,Leasehold,2004-08-17,2021-05-31,444089453,True,DEV-0045
PLOT-004469,2457-B,Al Barsha,370171,Mixed,Government,2013-06-02,2019-08-25,425087894,True,DEV-0010
PLOT-004470,3170-C,Dubai Investment Park,173312,Commercial,Freehold,2011-11-03,2024-06-11,74339812,False,DEV-0056
PLOT-004471,2486-B,Dubailand,414271,Commercial,Freehold,2005-07-27,2015-09-02,498035499,False,DEV-0017
PLOT-004472,648-B,Al Twar,138988,Residential,Leasehold,2021-11-30,2021-07-29,288685825,False,DEV-0044
PLOT-004473,9417-C,DIFC,46213,Commercial,Government,2007-02-06,2016-12-10,383251423,True,DEV-0074
PLOT-004474,9035-B,Al Wasl,300554,Residential,Freehold,2002-12-02,2021-08-26,251578669,False,DEV-0052
PLOT-004475,7896-D,Bur Dubai,164851,Mixed,Leasehold,2014-06-13,2019-03-01,354949358,False,DEV-0111
PLOT-004476,1741-E,Dubai Creek Harbour,275155,Industrial,Freehold,2006-05-09,2017-11-16,16519600,False,DEV-0078
PLOT-004477,7295-C,Bur Dubai,147882,Commercial,Leasehold,2003-11-03,2017-07-23,327367705,True,DEV-0028
PLOT-004478,1259-B,Al Twar,38477,Residential,Freehold,2003-12-02,2020-09-08,54861971,True,DEV-0009
PLOT-004479,9654-B,Dubai Creek Harbour,360421,Residential,Freehold,2014-11-04,2023-01-06,149761928,True,DEV-0080
PLOT-004480,2729-D,Dubai South,302763,Commercial,Leasehold,2008-07-15,2021-01-11,123281072,True,DEV-0147
PLOT-004481,220-E,Dubai Investment Park,457559,Residential,Freehold,2008-01-05,2020-11-30,357570183,False,DEV-0102
PLOT-004482,4967-D,Al Satwa,326562,Mixed,Freehold,2010-12-04,2022-03-25,474777359,True,DEV-0053
PLOT-004483,8230-D,Dubai Creek Harbour,288692,Mixed,Leasehold,2003-01-04,2023-11-18,279839132,True,DEV-0149
PLOT-004484,8772-A,Al Barsha,87045,Residential,Leasehold,2009-01-13,2021-02-02,347061694,False,DEV-0127
PLOT-004485,6892-A,Al Twar,463186,Residential,Government,2001-04-02,2021-04-19,265022468,True,DEV-0102
PLOT-004486,3964-C,Dubailand,322525,Mixed,Leasehold,2023-09-27,2023-05-06,11454022,False,DEV-0158
PLOT-004487,4440-A,Al Qusais,13882,Mixed,Leasehold,2010-07-07,2016-01-27,456040515,False,DEV-0052
PLOT-004488,4745-A,Discovery Gardens,187756,Mixed,Government,2023-06-29,2021-04-09,178911316,False,DEV-0154
PLOT-004489,674-B,Dubai Hills Estate,60229,Residential,Leasehold,2015-09-01,2022-12-10,365642906,False,DEV-0059
PLOT-004490,5674-C,Al Barsha,28633,Commercial,Leasehold,2009-01-27,2022-03-08,486060315,True,DEV-0117
PLOT-004491,6972-C,Deira,474806,Mixed,Freehold,2002-08-23,2017-04-01,337844745,False,DEV-0185
PLOT-004492,8576-E,Al Barsha,389111,Residential,Freehold,2015-06-07,2022-07-22,59228420,True,DEV-0100
PLOT-004493,5849-A,Dubai Marina,332764,Residential,Freehold,2011-02-25,2023-01-08,125760847,False,DEV-0028
PLOT-004494,2429-A,Mirdif,258255,Residential,Leasehold,2009-12-29,2020-01-31,268691667,False,DEV-0142
PLOT-004495,7294-E,Bur Dubai,149517,Residential,Leasehold,2005-02-06,2016-09-13,377397927,False,DEV-0075
PLOT-004496,9748-A,JLT,65669,Mixed,Leasehold,2010-01-22,2023-10-21,261548347,False,DEV-0174
PLOT-004497,5057-C,Al Karama,182952,Commercial,Freehold,2001-05-09,2017-11-17,464734856,True,DEV-0049
PLOT-004498,3033-B,Bur Dubai,100797,Mixed,Leasehold,2014-10-24,2017-09-27,486667428,False,DEV-0004
PLOT-004499,7514-C,Al Wasl,334277,Residential,Government,2001-01-14,2018-12-10,426508219,True,DEV-0001
PLOT-004500,6413-B,Al Safa,398883,Commercial,Freehold,2003-09-21,2015-08-22,160411655,False,DEV-0177
PLOT-004501,7554-B,Dubai Creek Harbour,477769,Industrial,Government,2001-05-09,2016-03-01,216514986,True,DEV-0048
PLOT-004502,294-B,Warqa,413221,Residential,Leasehold,2009-05-04,2017-09-04,304384597,True,DEV-0195
PLOT-004503,8953-C,Motor City,324061,Commercial,Freehold,2011-12-03,2021-11-07,465100873,True,DEV-0060
PLOT-004504,2066-C,Dubai Creek Harbour,103521,Industrial,Leasehold,2020-03-23,2016-04-13,304173327,True,DEV-0194
PLOT-004505,1561-B,Ras Al Khor,209649,Residential,Leasehold,2022-01-06,2021-04-24,84158353,False,DEV-0153
PLOT-004506,1044-B,Dubai Creek Harbour,135756,Commercial,Freehold,2007-08-24,2022-03-15,311091758,False,DEV-0061
PLOT-004507,9529-E,Dubai Hills Estate,395831,Residential,Leasehold,2007-02-18,2021-04-02,396827526,True,DEV-0145
PLOT-004508,7074-C,Emaar Beachfront,189184,Residential,Freehold,2013-12-30,2022-12-07,422565119,False,DEV-0195
PLOT-004509,7619-B,Al Safa,159242,Residential,Freehold,2022-02-10,2024-05-06,207196996,True,DEV-0163
PLOT-004510,7906-E,Al Wasl,205737,Commercial,Freehold,2014-05-13,2015-06-01,200751729,False,DEV-0037
PLOT-004511,9993-A,Dubai Investment Park,75652,Green,Freehold,2005-05-05,2024-05-03,350030638,False,DEV-0092
PLOT-004512,316-C,Jumeirah,280081,Mixed,Government,2022-10-28,2017-08-19,203192828,False,DEV-0118
PLOT-004513,8560-A,Al Karama,188754,Residential,Freehold,2009-12-17,2022-03-22,270693248,False,DEV-0161
PLOT-004514,2656-D,Bur Dubai,478238,Green,Freehold,2010-11-25,2015-04-27,17248278,True,DEV-0036
PLOT-004515,1858-E,Dubai South,293914,Residential,Government,2018-07-31,2019-03-02,220599919,True,DEV-0017
PLOT-004516,6519-A,Al Mizhar,300627,Residential,Freehold,2011-03-08,2018-10-26,414462563,False,DEV-0037
PLOT-004517,9757-E,Umm Suqeim,448638,Commercial,Freehold,2008-12-14,2015-01-04,92505271,True,DEV-0179
PLOT-004518,8975-A,Discovery Gardens,329679,Residential,Leasehold,2019-12-14,2024-05-27,191999507,True,DEV-0089
PLOT-004519,4711-A,Al Wasl,78680,Commercial,Leasehold,2002-09-17,2017-10-12,14499800,True,DEV-0025
PLOT-004520,8052-C,Arabian Ranches,168233,Mixed,Freehold,2011-05-26,2023-10-10,346689842,False,DEV-0197
PLOT-004521,1631-B,International City,218849,Commercial,Leasehold,2010-02-21,2015-02-04,142848372,True,DEV-0140
PLOT-004522,2169-D,Al Satwa,98072,Mixed,Government,2006-04-10,2021-08-28,133475961,False,DEV-0167
PLOT-004523,4123-E,Warqa,16262,Mixed,Freehold,2005-05-16,2022-03-13,414926124,False,DEV-0054
PLOT-004524,4264-A,Al Barsha,281001,Residential,Leasehold,2001-12-28,2024-01-31,398808276,False,DEV-0035
PLOT-004525,9715-C,Palm Jumeirah,76147,Residential,Leasehold,2003-02-28,2017-05-16,246392772,True,DEV-0169
PLOT-004526,7624-C,Al Karama,32197,Residential,Freehold,2020-01-31,2015-09-16,159384174,True,DEV-0075
PLOT-004527,9536-E,DIFC,134406,Commercial,Leasehold,2004-12-09,2015-08-11,346192161,False,DEV-0075
PLOT-004528,5820-E,Nad Al Sheba,473760,Industrial,Leasehold,2003-07-12,2024-04-19,177410029,False,DEV-0074
PLOT-004529,1055-E,Sports City,96428,Commercial,Leasehold,2023-11-18,2020-08-19,52510892,False,DEV-0112
PLOT-004530,5795-E,Dubailand,36774,Commercial,Government,2011-08-24,2020-07-02,274795620,True,DEV-0088
PLOT-004531,7664-A,Emaar Beachfront,494429,Residential,Freehold,2010-03-23,2022-06-17,271314941,True,DEV-0162
PLOT-004532,9021-C,Al Wasl,240486,Commercial,Government,2005-12-17,2020-12-24,435077047,True,DEV-0112
PLOT-004533,2009-C,Muhaisnah,106169,Mixed,Leasehold,2022-09-05,2021-06-06,487672642,True,DEV-0055
PLOT-004534,327-A,Al Barsha,372325,Green,Freehold,2016-04-14,2018-02-13,118702933,True,DEV-0097
PLOT-004535,2277-D,Al Quoz,89374,Commercial,Government,2008-01-19,2024-07-09,418447776,False,DEV-0189
PLOT-004536,9674-A,JLT,342964,Residential,Freehold,2023-05-01,2024-10-18,303972020,True,DEV-0065
PLOT-004537,8691-E,Umm Suqeim,240588,Mixed,Government,2021-09-09,2018-07-17,44969156,True,DEV-0177
PLOT-004538,2961-C,Mirdif,38633,Mixed,Government,2009-10-23,2023-07-29,10259004,False,DEV-0138
PLOT-004539,9788-D,Dubai Creek Harbour,259299,Residential,Freehold,2002-08-22,2018-01-21,251793226,True,DEV-0075
PLOT-004540,6266-A,Dubai Hills Estate,123091,Residential,Freehold,2011-12-06,2022-08-30,149345207,False,DEV-0055
PLOT-004541,1566-D,Dubai Land,242321,Residential,Leasehold,2007-11-29,2015-04-04,335336982,False,DEV-0025
PLOT-004542,103-E,Dubai Land,89421,Industrial,Leasehold,2013-10-13,2015-04-20,300150740,True,DEV-0132
PLOT-004543,3329-D,Business Bay,160122,Commercial,Freehold,2022-11-14,2022-10-01,172335733,False,DEV-0006
PLOT-004544,8213-B,Al Quoz,288413,Commercial,Leasehold,2012-06-02,2020-08-16,229047856,True,DEV-0118
PLOT-004545,1309-D,Bur Dubai,184617,Residential,Government,2017-12-06,2023-08-27,241687097,False,DEV-0124
PLOT-004546,5164-C,International City,458909,Residential,Freehold,2019-05-23,2018-10-26,169169054,False,DEV-0105
PLOT-004547,4679-B,Emaar Beachfront,436819,Commercial,Freehold,2019-02-27,2016-12-11,267825095,False,DEV-0094
PLOT-004548,8983-B,Al Karama,326728,Industrial,Freehold,2014-10-11,2019-12-10,280387528,True,DEV-0110
PLOT-004549,9654-D,Town Square,248469,Mixed,Leasehold,2015-01-20,2019-05-02,86542675,True,DEV-0189
PLOT-004550,6062-D,Al Furjan,419925,Residential,Leasehold,2017-03-18,2021-06-09,343354321,False,DEV-0079
PLOT-004551,3184-E,Dubai Hills Estate,487523,Commercial,Leasehold,2009-09-27,2018-12-20,131957375,True,DEV-0179
PLOT-004552,7578-B,Dubai Hills Estate,229937,Commercial,Leasehold,2018-03-26,2024-12-04,234287291,True,DEV-0110
PLOT-004553,2082-E,Sports City,418633,Residential,Freehold,2012-05-09,2018-07-28,336190130,False,DEV-0153
PLOT-004554,5812-D,Dubai Creek Harbour,455096,Commercial,Freehold,2005-07-29,2015-03-14,279616832,True,DEV-0086
PLOT-004555,3926-D,Dubailand,107344,Mixed,Leasehold,2011-03-29,2016-08-07,228062223,False,DEV-0173
PLOT-004556,8090-E,Business Bay,67374,Mixed,Freehold,2020-01-03,2022-06-05,81401139,True,DEV-0119
PLOT-004557,7830-C,Al Karama,62069,Mixed,Government,2023-12-22,2024-03-25,434863252,False,DEV-0146
PLOT-004558,3332-C,Jumeirah,128545,Commercial,Freehold,2019-09-03,2022-11-03,108944335,True,DEV-0135
PLOT-004559,3359-E,Discovery Gardens,148358,Residential,Freehold,2004-11-30,2023-03-02,143299774,True,DEV-0139
PLOT-004560,9682-D,DIFC,107063,Mixed,Freehold,2020-05-26,2024-07-12,346857984,False,DEV-0185
PLOT-004561,2666-A,Al Twar,164515,Mixed,Freehold,2010-08-18,2020-12-11,142722164,True,DEV-0076
PLOT-004562,2253-A,Deira,428626,Mixed,Freehold,2016-12-25,2023-09-04,6231685,False,DEV-0025
PLOT-004563,7589-B,Al Barsha,483717,Commercial,Freehold,2007-01-01,2020-05-15,393480444,False,DEV-0180
PLOT-004564,3474-A,International City,343386,Green,Government,2018-06-03,2020-07-08,30496246,True,DEV-0033
PLOT-004565,6735-C,Muhaisnah,212886,Commercial,Leasehold,2007-01-10,2023-06-16,145881821,True,DEV-0045
PLOT-004566,4707-A,Mirdif,28375,Residential,Government,2023-11-05,2015-03-19,335739253,True,DEV-0177
PLOT-004567,5447-C,Al Mizhar,279246,Mixed,Government,2013-09-14,2024-09-14,318569861,False,DEV-0008
PLOT-004568,6075-C,Arabian Ranches,55340,Commercial,Government,2022-09-12,2017-01-30,257259253,True,DEV-0177
PLOT-004569,9448-D,Al Karama,30538,Mixed,Government,2016-07-05,2020-12-25,456967918,False,DEV-0091
PLOT-004570,7520-C,Dubailand,147440,Commercial,Government,2023-05-05,2015-03-15,199044969,False,DEV-0060
PLOT-004571,6769-C,Sports City,103016,Commercial,Government,2011-10-02,2021-07-01,413275566,False,DEV-0081
PLOT-004572,820-C,Town Square,317525,Industrial,Freehold,2008-11-25,2017-04-06,199097893,False,DEV-0028
PLOT-004573,1629-A,Dubai Investment Park,117932,Commercial,Freehold,2002-10-15,2018-07-11,85250374,False,DEV-0066
PLOT-004574,4736-B,Emaar Beachfront,299215,Commercial,Freehold,2006-12-15,2023-08-23,301795974,False,DEV-0094
PLOT-004575,1857-D,Al Twar,391620,Residential,Freehold,2015-04-10,2018-05-04,181426773,True,DEV-0065
PLOT-004576,7299-B,Arabian Ranches,146707,Residential,Leasehold,2007-05-21,2023-10-10,171673899,True,DEV-0135
PLOT-004577,1578-D,JLT,82240,Residential,Leasehold,2011-01-25,2021-08-17,215174439,False,DEV-0049
PLOT-004578,1714-C,DIFC,332219,Residential,Freehold,2007-05-12,2016-05-11,99780820,True,DEV-0062
PLOT-004579,5695-D,Al Karama,172827,Industrial,Freehold,2001-02-18,2019-08-29,96566010,False,DEV-0020
PLOT-004580,8986-D,Nad Al Sheba,260542,Green,Freehold,2002-03-16,2015-05-09,283792534,True,DEV-0180
PLOT-004581,6230-B,Town Square,390145,Residential,Leasehold,2001-04-30,2017-04-30,130067177,False,DEV-0017
PLOT-004582,2407-D,Dubai Marina,258972,Residential,Leasehold,2003-03-06,2024-02-08,310486395,False,DEV-0165
PLOT-004583,1488-A,Dubai Marina,465088,Residential,Freehold,2023-03-22,2019-05-07,229554241,False,DEV-0123
PLOT-004584,6267-E,Ras Al Khor,451160,Residential,Government,2011-07-18,2017-12-07,176406970,False,DEV-0031
PLOT-004585,393-D,Al Barsha,387815,Commercial,Freehold,2020-08-14,2024-11-23,298022915,False,DEV-0189
PLOT-004586,7935-B,Al Twar,496314,Mixed,Leasehold,2010-12-08,2022-08-13,333782744,False,DEV-0100
PLOT-004587,4190-D,Warqa,129536,Mixed,Leasehold,2021-08-10,2018-11-08,256847256,True,DEV-0102
PLOT-004588,8285-C,Dubai South,422479,Commercial,Freehold,2015-02-05,2022-07-29,5395476,False,DEV-0092
PLOT-004589,4252-C,Dubai South,46721,Mixed,Freehold,2009-01-07,2021-11-03,99577348,False,DEV-0179
PLOT-004590,5599-B,International City,113541,Mixed,Leasehold,2008-08-24,2020-02-16,344541786,False,DEV-0106
PLOT-004591,7526-C,Umm Suqeim,7330,Residential,Leasehold,2009-03-11,2021-05-21,109607314,False,DEV-0173
PLOT-004592,2375-C,Ras Al Khor,176966,Commercial,Freehold,2003-07-02,2019-06-07,122426643,False,DEV-0147
PLOT-004593,7459-E,Al Wasl,271054,Green,Leasehold,2006-10-03,2019-07-17,148286075,False,DEV-0199
PLOT-004594,3043-E,Town Square,59429,Industrial,Freehold,2011-01-29,2016-03-06,299683718,True,DEV-0138
PLOT-004595,7063-A,Nad Al Sheba,301063,Commercial,Freehold,2016-01-29,2021-12-01,279059251,False,DEV-0166
PLOT-004596,7045-E,Jebel Ali,160132,Residential,Freehold,2014-10-24,2015-08-07,102617218,True,DEV-0040
PLOT-004597,9954-E,Al Twar,397165,Residential,Leasehold,2003-08-22,2023-03-15,436813748,False,DEV-0088
PLOT-004598,7031-D,Dubai Marina,279576,Commercial,Freehold,2006-12-29,2015-07-28,376841703,False,DEV-0037
PLOT-004599,7738-D,Nad Al Sheba,357211,Commercial,Leasehold,2006-06-09,2018-03-08,252625509,False,DEV-0091
PLOT-004600,6696-D,Emaar Beachfront,239284,Commercial,Freehold,2019-11-18,2018-05-26,141633007,False,DEV-0189
PLOT-004601,4533-B,Downtown Dubai,154204,Industrial,Leasehold,2007-10-19,2017-01-12,289514370,False,DEV-0175
PLOT-004602,4311-A,Dubai Investment Park,427272,Residential,Government,2000-12-10,2024-09-07,238088052,True,DEV-0163
PLOT-004603,3690-E,Umm Suqeim,348075,Residential,Leasehold,2022-09-11,2017-05-08,426419962,False,DEV-0048
PLOT-004604,9408-A,Warqa,24425,Residential,Leasehold,2021-09-01,2018-04-26,248002747,False,DEV-0029
PLOT-004605,2551-C,Palm Jumeirah,358917,Residential,Freehold,2008-06-09,2017-10-12,68446745,True,DEV-0096
PLOT-004606,5427-C,Al Barsha,269651,Residential,Freehold,2003-06-24,2015-11-09,10908790,False,DEV-0115
PLOT-004607,7330-E,Business Bay,116834,Commercial,Freehold,2000-03-05,2020-06-08,286566039,False,DEV-0053
PLOT-004608,6307-C,Al Barsha,304516,Mixed,Freehold,2020-08-13,2024-09-01,1193957,False,DEV-0190
PLOT-004609,3403-C,International City,194142,Industrial,Government,2019-01-05,2023-08-27,48959199,True,DEV-0017
PLOT-004610,4057-A,Muhaisnah,342107,Mixed,Freehold,2006-09-13,2015-07-26,349313133,True,DEV-0106
PLOT-004611,1041-B,Dubai Hills Estate,260781,Residential,Freehold,2020-03-08,2021-02-19,300506716,False,DEV-0158
PLOT-004612,7668-E,Emaar Beachfront,6811,Industrial,Freehold,2022-11-01,2020-11-13,163911541,False,DEV-0179
PLOT-004613,5692-D,JLT,208290,Commercial,Freehold,2010-02-09,2020-01-10,469538645,True,DEV-0008
PLOT-004614,8156-C,Umm Suqeim,42542,Residential,Government,2004-05-11,2022-06-30,155450859,True,DEV-0023
PLOT-004615,6371-D,Discovery Gardens,314027,Residential,Leasehold,2022-09-20,2017-10-08,347594214,False,DEV-0118
PLOT-004616,6487-A,Al Safa,395850,Commercial,Freehold,2001-11-22,2015-05-09,425992144,False,DEV-0057
PLOT-004617,3355-C,Al Quoz,438526,Residential,Leasehold,2014-01-09,2020-01-19,15522250,False,DEV-0191
PLOT-004618,5013-D,Al Qusais,15361,Residential,Government,2006-08-16,2022-06-28,246745303,False,DEV-0142
PLOT-004619,8274-C,Jebel Ali,328594,Commercial,Leasehold,2023-06-09,2021-03-12,21123771,False,DEV-0146
PLOT-004620,9513-C,Al Satwa,271275,Commercial,Leasehold,2010-09-01,2019-11-11,205965853,False,DEV-0064
PLOT-004621,8493-A,Al Wasl,139238,Residential,Freehold,2005-05-15,2021-09-07,155541086,True,DEV-0083
PLOT-004622,878-D,Al Wasl,153837,Residential,Government,2002-01-20,2020-07-16,57994243,False,DEV-0110
PLOT-004623,9862-E,Al Wasl,240095,Mixed,Freehold,2014-11-29,2016-06-06,411188874,False,DEV-0161
PLOT-004624,33-A,Umm Suqeim,58995,Residential,Freehold,2013-11-06,2021-07-30,43173138,False,DEV-0162
PLOT-004625,1561-D,JLT,81384,Residential,Leasehold,2018-05-07,2015-02-17,483009396,False,DEV-0050
PLOT-004626,1554-B,Warqa,446924,Residential,Freehold,2022-12-13,2022-05-24,98122393,True,DEV-0179
PLOT-004627,4977-E,Palm Jumeirah,140787,Mixed,Leasehold,2009-04-22,2022-02-09,75747395,False,DEV-0175
PLOT-004628,2684-E,Bur Dubai,451741,Green,Leasehold,2010-01-16,2021-05-05,403107828,True,DEV-0026
PLOT-004629,9798-A,Bur Dubai,404632,Residential,Freehold,2000-10-25,2022-06-05,471979004,True,DEV-0188
PLOT-004630,8305-E,Emaar Beachfront,234208,Commercial,Freehold,2011-07-06,2023-07-27,344704694,False,DEV-0179
PLOT-004631,7166-C,International City,351356,Industrial,Government,2012-09-18,2017-09-28,378504359,False,DEV-0065
PLOT-004632,2230-D,Al Mizhar,73870,Residential,Freehold,2000-12-26,2015-08-25,285799072,False,DEV-0088
PLOT-004633,6819-E,Al Qusais,302472,Industrial,Leasehold,2011-12-10,2022-06-01,142448578,False,DEV-0128
PLOT-004634,2047-C,Dubai Marina,245919,Commercial,Leasehold,2017-11-20,2023-03-05,371097331,True,DEV-0132
PLOT-004635,2299-C,Umm Suqeim,203396,Industrial,Freehold,2011-07-20,2024-01-11,5564990,False,DEV-0093
PLOT-004636,1328-E,Business Bay,489402,Commercial,Freehold,2000-05-09,2024-11-01,90734060,False,DEV-0034
PLOT-004637,4400-C,Al Satwa,38519,Mixed,Leasehold,2004-11-10,2022-01-20,491474314,False,DEV-0098
PLOT-004638,2289-C,Al Mizhar,158667,Mixed,Leasehold,2005-02-07,2015-12-22,486679868,False,DEV-0017
PLOT-004639,4464-A,Deira,350998,Residential,Freehold,2011-10-30,2016-05-24,352624285,False,DEV-0023
PLOT-004640,4876-E,Dubai Hills Estate,344736,Industrial,Freehold,2010-01-29,2019-12-13,168201958,True,DEV-0024
PLOT-004641,401-B,Al Twar,415280,Mixed,Freehold,2001-06-01,2016-04-13,144042236,False,DEV-0194
PLOT-004642,2574-D,Al Barsha,395781,Commercial,Leasehold,2009-08-01,2020-06-23,427971827,False,DEV-0090
PLOT-004643,3458-D,Al Mizhar,87388,Commercial,Government,2021-07-19,2015-01-29,228642075,False,DEV-0068
PLOT-004644,9522-C,Warqa,375880,Residential,Freehold,2022-03-24,2018-11-04,183165768,False,DEV-0195
PLOT-004645,2751-D,Al Twar,412287,Residential,Freehold,2002-05-17,2021-09-01,408466756,False,DEV-0049
PLOT-004646,3582-C,Motor City,206323,Residential,Freehold,2020-06-12,2017-09-27,127204120,True,DEV-0198
PLOT-004647,4839-C,Dubai Land,329915,Mixed,Freehold,2015-01-10,2020-10-14,203492427,True,DEV-0170
PLOT-004648,1889-E,Al Barsha,39005,Commercial,Leasehold,2012-12-30,2024-03-01,447459671,True,DEV-0139
PLOT-004649,6851-E,Dubailand,100649,Industrial,Leasehold,2007-11-20,2021-10-04,189967185,True,DEV-0022
PLOT-004650,4137-E,Dubai Investment Park,282278,Residential,Freehold,2002-11-15,2019-05-12,231122059,False,DEV-0123
PLOT-004651,5463-E,Motor City,370254,Commercial,Freehold,2005-04-23,2017-09-24,294479241,True,DEV-0180
PLOT-004652,3830-B,Town Square,49789,Residential,Leasehold,2005-06-21,2023-04-05,219830998,False,DEV-0107
PLOT-004653,4247-C,Al Satwa,301574,Commercial,Leasehold,2023-02-14,2015-02-01,230566327,True,DEV-0082
PLOT-004654,7192-B,Bur Dubai,396126,Residential,Leasehold,2021-11-16,2017-12-28,205340598,False,DEV-0092
PLOT-004655,992-B,JLT,378272,Residential,Leasehold,2003-06-23,2020-02-04,475064622,True,DEV-0142
PLOT-004656,1805-A,Umm Suqeim,431087,Commercial,Leasehold,2009-10-13,2019-12-16,16505818,False,DEV-0142
PLOT-004657,1766-D,Discovery Gardens,68294,Commercial,Leasehold,2018-03-11,2020-01-15,108053271,False,DEV-0149
PLOT-004658,7516-C,DIFC,298350,Commercial,Leasehold,2006-06-13,2017-01-19,430585124,False,DEV-0122
PLOT-004659,850-C,JLT,76588,Mixed,Government,2014-08-05,2018-03-08,24161246,False,DEV-0021
PLOT-004660,1301-D,Sports City,378440,Residential,Leasehold,2000-04-24,2024-08-02,101697247,False,DEV-0067
PLOT-004661,1540-D,Ras Al Khor,171621,Green,Freehold,2019-08-08,2015-03-10,141242482,True,DEV-0023
PLOT-004662,2578-B,Deira,335808,Commercial,Leasehold,2009-04-29,2019-10-08,323424570,True,DEV-0126
PLOT-004663,6494-A,Al Qusais,37386,Residential,Government,2013-01-12,2018-08-16,238152768,True,DEV-0013
PLOT-004664,8412-B,Al Quoz,483993,Green,Leasehold,2022-08-07,2019-09-08,166427669,True,DEV-0068
PLOT-004665,8675-B,Al Furjan,138070,Residential,Freehold,2014-08-12,2015-09-28,410091204,True,DEV-0038
PLOT-004666,1567-A,Emaar Beachfront,459101,Mixed,Leasehold,2015-06-24,2024-02-21,133714979,False,DEV-0012
PLOT-004667,2410-B,Downtown Dubai,290791,Commercial,Freehold,2018-06-27,2022-11-10,406654399,False,DEV-0176
PLOT-004668,8628-D,Mirdif,199842,Commercial,Leasehold,2014-04-27,2016-12-06,106782586,False,DEV-0065
PLOT-004669,6354-D,Dubai Marina,123844,Commercial,Leasehold,2016-05-04,2019-09-22,296768368,True,DEV-0112
PLOT-004670,9113-C,Arabian Ranches,276237,Residential,Freehold,2012-02-22,2021-03-09,312296632,False,DEV-0123
PLOT-004671,9317-B,Dubai South,257400,Commercial,Leasehold,2002-12-12,2015-07-07,474249104,False,DEV-0069
PLOT-004672,5785-B,Dubai Land,72296,Residential,Leasehold,2006-06-22,2015-05-06,265279890,False,DEV-0024
PLOT-004673,7331-E,JVC,125245,Commercial,Freehold,2017-07-07,2020-01-24,320685122,False,DEV-0148
PLOT-004674,159-A,Al Furjan,346709,Residential,Leasehold,2004-05-16,2018-01-15,370372538,False,DEV-0040
PLOT-004675,2253-E,Al Furjan,330984,Commercial,Leasehold,2017-08-01,2021-01-04,387819863,False,DEV-0039
PLOT-004676,3442-A,Al Safa,226500,Residential,Freehold,2011-07-12,2015-01-13,238113910,False,DEV-0156
PLOT-004677,5605-D,Dubai Marina,428576,Commercial,Leasehold,2006-02-28,2019-12-18,143629298,False,DEV-0043
PLOT-004678,4686-E,Emaar Beachfront,344384,Mixed,Leasehold,2005-12-13,2018-02-09,395943171,True,DEV-0045
PLOT-004679,6258-B,Arabian Ranches,389776,Commercial,Freehold,2020-04-24,2024-02-26,388394779,False,DEV-0063
PLOT-004680,1921-C,Nad Al Sheba,251285,Residential,Freehold,2009-04-17,2023-01-31,161612549,False,DEV-0052
PLOT-004681,3179-A,Bur Dubai,64579,Residential,Freehold,2020-09-24,2017-12-09,113942497,True,DEV-0046
PLOT-004682,9407-E,Umm Suqeim,380430,Commercial,Freehold,2020-03-01,2024-02-01,300369270,True,DEV-0194
PLOT-004683,8405-D,Muhaisnah,366510,Mixed,Freehold,2014-12-27,2019-03-06,87260099,False,DEV-0019
PLOT-004684,7473-B,Bur Dubai,409402,Industrial,Government,2017-11-12,2023-10-12,26628618,False,DEV-0091
PLOT-004685,8593-C,Emaar Beachfront,282915,Residential,Freehold,2012-08-04,2017-07-11,347686521,True,DEV-0035
PLOT-004686,5252-D,Al Quoz,378862,Residential,Government,2016-06-13,2017-12-08,274119848,False,DEV-0161
PLOT-004687,8425-D,Town Square,156525,Mixed,Government,2012-01-11,2018-05-03,476459428,False,DEV-0168
PLOT-004688,5007-B,International City,171632,Commercial,Freehold,2015-08-28,2017-02-05,220577857,False,DEV-0091
PLOT-004689,2511-B,Motor City,388695,Commercial,Leasehold,2004-11-26,2017-04-18,352160607,False,DEV-0119
PLOT-004690,5548-D,Al Qusais,346316,Mixed,Freehold,2000-11-01,2019-04-13,297966940,False,DEV-0199
PLOT-004691,7645-D,Muhaisnah,202239,Residential,Leasehold,2018-03-22,2023-04-22,201363563,True,DEV-0116
PLOT-004692,6024-D,JVC,413308,Mixed,Freehold,2004-07-07,2020-08-07,112295572,False,DEV-0151
PLOT-004693,5393-C,Dubai Marina,178997,Green,Leasehold,2010-01-25,2023-03-27,356956829,False,DEV-0174
PLOT-004694,6667-E,Al Barsha,418156,Residential,Leasehold,2002-08-30,2017-01-29,262694986,True,DEV-0031
PLOT-004695,7205-E,Discovery Gardens,217682,Residential,Government,2011-06-24,2024-09-17,213842503,True,DEV-0080
PLOT-004696,6046-A,Al Karama,90918,Residential,Freehold,2020-09-03,2018-08-18,250033076,True,DEV-0015
PLOT-004697,2715-E,Business Bay,101736,Residential,Leasehold,2008-06-25,2016-09-09,443258877,False,DEV-0080
PLOT-004698,5089-E,DIFC,292606,Commercial,Government,2014-12-07,2023-11-28,28486612,True,DEV-0132
PLOT-004699,764-E,Motor City,324259,Residential,Leasehold,2015-02-08,2017-04-03,440551712,True,DEV-0109
PLOT-004700,1463-B,Dubai Creek Harbour,377258,Residential,Freehold,2009-08-01,2018-04-24,240564887,False,DEV-0100
PLOT-004701,6789-A,Dubai South,330124,Residential,Freehold,2020-01-16,2020-05-28,374548712,True,DEV-0068
PLOT-004702,6201-D,Jumeirah,34232,Industrial,Freehold,2012-01-30,2024-01-26,238721951,False,DEV-0119
PLOT-004703,4079-D,Al Safa,410707,Commercial,Leasehold,2015-02-27,2015-11-25,496861007,True,DEV-0120
PLOT-004704,5067-B,Discovery Gardens,247205,Residential,Leasehold,2017-07-19,2023-01-09,485034407,True,DEV-0021
PLOT-004705,1227-D,Al Twar,295510,Mixed,Leasehold,2001-04-07,2015-05-13,45113085,False,DEV-0045
PLOT-004706,890-E,Al Satwa,360834,Mixed,Freehold,2001-02-28,2020-10-28,259124583,True,DEV-0077
PLOT-004707,6838-E,Muhaisnah,420699,Industrial,Freehold,2015-07-14,2016-09-12,295421793,True,DEV-0097
PLOT-004708,9107-C,Sports City,323061,Residential,Freehold,2003-09-16,2020-05-05,448686230,False,DEV-0165
PLOT-004709,322-B,Umm Suqeim,18146,Residential,Leasehold,2011-06-30,2021-09-13,356797011,True,DEV-0009
PLOT-004710,9780-A,Warqa,111297,Mixed,Freehold,2019-06-12,2022-01-07,360731446,True,DEV-0156
PLOT-004711,3376-A,Nad Al Sheba,300005,Mixed,Freehold,2009-10-03,2018-01-14,175072021,True,DEV-0129
PLOT-004712,1638-B,Umm Suqeim,378031,Residential,Government,2001-06-13,2020-04-30,76274244,False,DEV-0162
PLOT-004713,4388-B,Muhaisnah,307810,Commercial,Leasehold,2022-05-30,2023-01-14,79501311,False,DEV-0184
PLOT-004714,7837-A,Al Twar,378727,Commercial,Freehold,2013-11-06,2019-04-12,22729388,True,DEV-0055
PLOT-004715,8452-D,Muhaisnah,146378,Commercial,Leasehold,2009-03-07,2022-10-30,404024807,False,DEV-0156
PLOT-004716,8474-D,Nad Al Sheba,373056,Residential,Freehold,2023-08-01,2021-10-17,149109726,False,DEV-0060
PLOT-004717,6737-A,JVC,138950,Commercial,Leasehold,2007-06-09,2017-07-05,62218315,False,DEV-0122
PLOT-004718,6753-C,Dubai South,82509,Commercial,Freehold,2006-05-25,2018-10-08,113060832,False,DEV-0051
PLOT-004719,8784-D,Mirdif,282249,Industrial,Freehold,2011-08-31,2019-11-10,198382892,True,DEV-0093
PLOT-004720,2094-D,Dubai Hills Estate,276559,Residential,Government,2015-05-07,2024-07-19,355639354,False,DEV-0184
PLOT-004721,3790-B,Jumeirah,47958,Commercial,Leasehold,2006-06-09,2024-01-04,166228979,False,DEV-0166
PLOT-004722,3176-C,Al Twar,278020,Residential,Freehold,2011-12-17,2022-07-24,437027053,True,DEV-0172
PLOT-004723,5550-A,Dubai Investment Park,36791,Industrial,Leasehold,2017-04-07,2019-04-13,350068957,True,DEV-0023
PLOT-004724,7059-A,JVC,423713,Residential,Leasehold,2009-12-14,2019-12-28,413735899,True,DEV-0181
PLOT-004725,1338-E,Al Qusais,248433,Commercial,Freehold,2020-01-13,2019-09-15,153127712,False,DEV-0156
PLOT-004726,2319-C,Dubai Hills Estate,335685,Residential,Government,2004-05-10,2024-10-10,124984424,True,DEV-0033
PLOT-004727,6507-D,Dubai Hills Estate,376847,Mixed,Government,2021-08-25,2023-11-14,128377611,False,DEV-0157
PLOT-004728,2080-A,Bur Dubai,13443,Industrial,Freehold,2008-02-21,2018-10-15,175562157,False,DEV-0170
PLOT-004729,9052-D,Mirdif,11990,Commercial,Freehold,2001-12-19,2019-09-20,391353770,True,DEV-0106
PLOT-004730,3004-C,Dubai Land,373422,Residential,Government,2011-08-04,2015-08-15,282537311,False,DEV-0141
PLOT-004731,2238-A,Al Karama,492527,Residential,Government,2007-04-03,2023-10-14,352780983,False,DEV-0001
PLOT-004732,4296-E,Dubai Creek Harbour,464289,Residential,Freehold,2018-11-14,2019-05-09,420099366,False,DEV-0195
PLOT-004733,5981-A,International City,180565,Mixed,Freehold,2020-09-10,2015-02-17,150702106,False,DEV-0061
PLOT-004734,7517-A,Dubai Marina,442044,Mixed,Freehold,2005-06-10,2023-07-03,39243271,True,DEV-0096
PLOT-004735,3245-E,Dubai Marina,136727,Commercial,Government,2018-02-01,2017-07-23,410582105,False,DEV-0145
PLOT-004736,9513-D,Al Safa,367137,Mixed,Freehold,2000-03-01,2020-10-04,378591584,False,DEV-0106
PLOT-004737,9453-C,Nad Al Sheba,136465,Residential,Government,2021-09-30,2019-05-14,27906927,True,DEV-0081
PLOT-004738,797-C,Al Karama,464905,Residential,Leasehold,2014-05-27,2021-06-06,215067775,True,DEV-0018
PLOT-004739,8803-A,Nad Al Sheba,419491,Commercial,Freehold,2008-12-27,2022-09-21,439115715,False,DEV-0105
PLOT-004740,6111-B,Al Satwa,468007,Commercial,Freehold,2015-01-05,2016-08-16,405406530,True,DEV-0048
PLOT-004741,4700-D,Mirdif,301921,Residential,Leasehold,2013-09-26,2019-07-31,406631308,True,DEV-0199
PLOT-004742,6638-D,Jumeirah,126675,Residential,Leasehold,2006-08-27,2024-01-31,432746574,True,DEV-0134
PLOT-004743,5006-E,Al Quoz,441201,Commercial,Freehold,2019-05-18,2022-08-19,444298794,True,DEV-0109
PLOT-004744,8777-A,DIFC,121469,Residential,Leasehold,2020-11-26,2015-05-16,458408638,False,DEV-0190
PLOT-004745,8440-C,Mirdif,333145,Commercial,Leasehold,2014-05-01,2018-05-30,238737308,True,DEV-0043
PLOT-004746,80-D,Jebel Ali,264467,Industrial,Government,2013-09-01,2022-01-03,286557416,False,DEV-0075
PLOT-004747,1992-C,Al Satwa,182334,Residential,Government,2011-04-02,2020-12-06,227766977,True,DEV-0126
PLOT-004748,2874-A,Ras Al Khor,419425,Residential,Leasehold,2009-08-04,2017-08-26,275458949,False,DEV-0085
PLOT-004749,6883-D,DIFC,460173,Residential,Leasehold,2021-07-13,2017-09-15,217612702,False,DEV-0099
PLOT-004750,4363-E,Nad Al Sheba,214479,Commercial,Freehold,2009-10-04,2023-03-16,470812555,True,DEV-0130
PLOT-004751,7436-E,Dubai Land,364995,Mixed,Leasehold,2012-08-02,2023-12-24,193478185,True,DEV-0184
PLOT-004752,3461-B,Al Qusais,384336,Green,Freehold,2002-05-14,2019-07-28,314981086,False,DEV-0111
PLOT-004753,962-B,DIFC,138872,Mixed,Freehold,2009-05-30,2023-10-22,298254298,False,DEV-0048
PLOT-004754,4826-A,Al Mizhar,115567,Commercial,Freehold,2005-08-10,2019-03-25,68943171,False,DEV-0178
PLOT-004755,157-E,Nad Al Sheba,165443,Mixed,Government,2010-12-08,2016-08-31,236054002,False,DEV-0146
PLOT-004756,3360-B,Al Mizhar,201068,Residential,Freehold,2008-10-07,2017-06-17,111913356,True,DEV-0121
PLOT-004757,8725-A,Dubai Land,171833,Commercial,Freehold,2006-02-12,2022-07-10,179012532,True,DEV-0060
PLOT-004758,4745-D,Arabian Ranches,211275,Green,Government,2008-05-25,2018-06-24,344652631,False,DEV-0122
PLOT-004759,1619-A,Downtown Dubai,334422,Residential,Government,2016-10-03,2016-05-13,217714604,True,DEV-0112
PLOT-004760,4278-B,Al Qusais,246061,Mixed,Leasehold,2002-10-12,2022-01-01,414682256,False,DEV-0180
PLOT-004761,6192-B,Dubailand,199982,Residential,Leasehold,2023-02-21,2015-11-28,320622686,False,DEV-0132
PLOT-004762,8259-B,Al Satwa,156767,Residential,Freehold,2009-11-25,2015-02-06,407423163,False,DEV-0199
PLOT-004763,7999-B,Dubailand,416998,Residential,Leasehold,2006-01-11,2019-02-10,223188582,True,DEV-0059
PLOT-004764,6107-E,Jumeirah,426893,Mixed,Leasehold,2000-11-28,2023-07-30,59419631,True,DEV-0135
PLOT-004765,5166-E,Emaar Beachfront,12092,Residential,Government,2004-09-15,2016-12-29,32760913,True,DEV-0046
PLOT-004766,2948-C,Jebel Ali,330542,Green,Leasehold,2019-10-18,2018-06-17,77110637,True,DEV-0047
PLOT-004767,8392-E,Business Bay,97785,Residential,Freehold,2018-08-30,2016-05-01,33168429,False,DEV-0148
PLOT-004768,3142-D,Bur Dubai,43598,Residential,Freehold,2000-11-05,2019-08-22,83656617,True,DEV-0039
PLOT-004769,1198-E,DIFC,329541,Residential,Freehold,2021-11-12,2022-12-04,2405846,False,DEV-0181
PLOT-004770,3989-E,International City,420362,Commercial,Freehold,2006-07-28,2021-01-03,272890728,False,DEV-0109
PLOT-004771,2304-D,Dubai Marina,321956,Industrial,Leasehold,2001-03-11,2017-10-03,116356841,True,DEV-0005
PLOT-004772,8441-E,Bur Dubai,409957,Residential,Freehold,2017-02-05,2023-12-31,148160965,True,DEV-0027
PLOT-004773,3613-C,Dubai Creek Harbour,83368,Commercial,Leasehold,2015-03-28,2021-10-17,411571142,True,DEV-0043
PLOT-004774,5155-D,Bur Dubai,64256,Mixed,Leasehold,2005-07-07,2024-10-19,376191538,False,DEV-0160
PLOT-004775,4364-E,Nad Al Sheba,440709,Mixed,Freehold,2007-01-14,2019-07-15,169078973,False,DEV-0171
PLOT-004776,8605-C,Muhaisnah,161056,Residential,Leasehold,2020-06-03,2023-08-22,52773496,False,DEV-0109
PLOT-004777,157-B,Dubai Investment Park,475967,Mixed,Freehold,2004-11-08,2022-12-29,167482873,False,DEV-0114
PLOT-004778,6306-B,Jumeirah,354175,Residential,Freehold,2003-05-11,2022-04-12,346420347,False,DEV-0017
PLOT-004779,4300-A,Palm Jumeirah,252671,Commercial,Freehold,2005-04-05,2023-03-04,435878281,True,DEV-0086
PLOT-004780,2328-A,Al Furjan,289788,Residential,Freehold,2023-04-23,2024-08-26,60982623,False,DEV-0193
PLOT-004781,4135-B,Dubailand,95652,Residential,Freehold,2004-07-12,2020-03-20,107335165,True,DEV-0182
PLOT-004782,4790-A,Mirdif,284516,Green,Leasehold,2017-02-15,2021-06-14,238431865,True,DEV-0107
PLOT-004783,3512-A,Al Quoz,194645,Industrial,Freehold,2014-05-26,2021-02-18,225670303,False,DEV-0142
PLOT-004784,2223-B,Jumeirah,494873,Commercial,Leasehold,2001-02-15,2015-11-20,253203695,False,DEV-0046
PLOT-004785,7979-B,Discovery Gardens,302748,Residential,Leasehold,2014-03-17,2017-11-11,223002237,False,DEV-0195
PLOT-004786,9233-C,Al Quoz,372890,Residential,Freehold,2017-05-02,2022-09-29,257389689,True,DEV-0146
PLOT-004787,4163-C,Warqa,71987,Commercial,Leasehold,2023-03-29,2017-09-07,47312723,False,DEV-0013
PLOT-004788,1801-A,Umm Suqeim,109184,Commercial,Government,2019-11-20,2017-04-27,497227694,False,DEV-0141
PLOT-004789,1528-E,Dubai Marina,379356,Mixed,Freehold,2013-07-13,2023-04-06,245011092,False,DEV-0046
PLOT-004790,8924-D,Al Furjan,442603,Commercial,Leasehold,2022-06-15,2023-07-05,437586798,False,DEV-0123
PLOT-004791,9188-A,DIFC,463411,Commercial,Government,2021-06-29,2017-05-25,386328703,True,DEV-0107
PLOT-004792,8402-D,Sports City,112509,Residential,Leasehold,2023-10-23,2022-06-21,397108858,False,DEV-0156
PLOT-004793,8399-B,Al Qusais,121650,Residential,Leasehold,2007-09-03,2021-10-16,312609199,False,DEV-0023
PLOT-004794,9264-B,DIFC,294549,Residential,Leasehold,2019-11-01,2018-01-21,424006321,True,DEV-0109
PLOT-004795,8992-E,Al Safa,304308,Residential,Leasehold,2015-11-26,2019-02-15,378002785,False,DEV-0082
PLOT-004796,9733-C,JVC,75172,Residential,Leasehold,2002-11-14,2022-10-22,458669640,False,DEV-0002
PLOT-004797,2730-E,Dubai South,376192,Commercial,Leasehold,2003-01-11,2016-11-14,214294993,True,DEV-0132
PLOT-004798,1267-C,Business Bay,37378,Residential,Freehold,2002-08-10,2024-04-13,496968476,True,DEV-0019
PLOT-004799,3101-D,Al Safa,475533,Commercial,Leasehold,2003-10-14,2017-12-22,258150513,True,DEV-0131
PLOT-004800,3601-A,Warqa,361437,Commercial,Freehold,2020-04-25,2018-05-24,5608436,False,DEV-0060
PLOT-004801,323-C,Ras Al Khor,220204,Commercial,Leasehold,2000-11-27,2016-06-01,476306467,False,DEV-0128
PLOT-004802,2381-E,Jebel Ali,33725,Mixed,Freehold,2006-02-09,2023-09-18,14916760,False,DEV-0040
PLOT-004803,3673-C,Al Safa,327323,Mixed,Leasehold,2016-07-10,2017-08-05,473684376,True,DEV-0003
PLOT-004804,391-D,JLT,26083,Residential,Freehold,2001-08-08,2018-05-05,498797941,False,DEV-0191
PLOT-004805,925-A,Mirdif,485847,Mixed,Leasehold,2022-05-25,2017-05-15,436708749,True,DEV-0054
PLOT-004806,791-C,Dubai Investment Park,430086,Residential,Government,2015-04-30,2022-05-12,188249817,False,DEV-0047
PLOT-004807,9365-D,Muhaisnah,402955,Commercial,Freehold,2007-10-05,2018-05-28,161498312,True,DEV-0098
PLOT-004808,7012-C,JLT,116662,Residential,Freehold,2014-05-07,2024-08-23,259759268,False,DEV-0154
PLOT-004809,6377-A,Al Karama,143476,Residential,Freehold,2016-02-28,2019-10-09,409351865,False,DEV-0132
PLOT-004810,37-D,Town Square,321739,Industrial,Leasehold,2001-01-11,2015-03-16,78694579,True,DEV-0074
PLOT-004811,7065-B,Dubailand,237938,Commercial,Freehold,2005-06-13,2022-01-01,463359581,False,DEV-0031
PLOT-004812,3070-A,Dubailand,479925,Mixed,Leasehold,2012-08-18,2023-07-06,351582321,False,DEV-0148
PLOT-004813,7934-C,Emaar Beachfront,403561,Residential,Freehold,2011-10-20,2024-03-03,341977214,False,DEV-0057
PLOT-004814,3073-B,Al Qusais,342474,Mixed,Freehold,2011-10-08,2024-11-07,488401598,True,DEV-0105
PLOT-004815,3843-A,Palm Jumeirah,148399,Residential,Leasehold,2014-09-06,2015-03-10,141673729,False,DEV-0111
PLOT-004816,7898-A,Jebel Ali,321514,Commercial,Freehold,2017-09-13,2016-11-14,261734783,True,DEV-0132
PLOT-004817,4433-B,Dubai Land,345939,Residential,Freehold,2013-08-19,2015-07-30,485778259,True,DEV-0023
PLOT-004818,2051-D,JVC,465911,Commercial,Freehold,2020-03-24,2022-02-08,409982544,True,DEV-0026
PLOT-004819,1210-E,Al Furjan,221946,Commercial,Leasehold,2011-01-10,2023-12-11,350221314,False,DEV-0111
PLOT-004820,8728-E,Emaar Beachfront,183946,Mixed,Freehold,2016-01-08,2024-08-06,286640882,True,DEV-0068
PLOT-004821,1070-C,JLT,498770,Residential,Leasehold,2010-09-25,2021-03-11,64629313,False,DEV-0073
PLOT-004822,5465-E,Bur Dubai,434962,Commercial,Freehold,2003-01-25,2018-12-15,336992441,False,DEV-0144
PLOT-004823,211-E,Al Karama,483205,Mixed,Freehold,2012-09-08,2023-07-06,66362064,False,DEV-0016
PLOT-004824,3319-C,Downtown Dubai,143898,Residential,Leasehold,2022-09-25,2022-10-13,309786927,True,DEV-0177
PLOT-004825,4032-E,Umm Suqeim,353960,Residential,Leasehold,2006-08-24,2017-10-19,141769975,False,DEV-0185
PLOT-004826,5092-A,Ras Al Khor,293619,Residential,Leasehold,2018-05-12,2024-09-16,266678162,True,DEV-0023
PLOT-004827,335-C,Ras Al Khor,230750,Commercial,Government,2014-09-12,2024-10-01,87168714,True,DEV-0100
PLOT-004828,380-C,Al Safa,270820,Residential,Freehold,2020-11-13,2023-04-27,45070494,False,DEV-0099
PLOT-004829,2221-E,Business Bay,438427,Green,Leasehold,2008-01-18,2015-01-30,359119343,False,DEV-0042
PLOT-004830,3274-C,Dubai Hills Estate,35995,Residential,Freehold,2015-06-24,2022-08-13,493685168,False,DEV-0017
PLOT-004831,4685-C,Al Wasl,343920,Residential,Freehold,2008-05-27,2017-10-20,413282675,True,DEV-0140
PLOT-004832,1574-B,Dubai Land,45006,Residential,Leasehold,2015-02-24,2021-11-27,105688166,True,DEV-0036
PLOT-004833,6417-E,Jebel Ali,173223,Industrial,Leasehold,2000-04-27,2018-03-14,290591109,False,DEV-0093
PLOT-004834,3486-E,Muhaisnah,366578,Industrial,Freehold,2005-12-30,2019-02-10,145965543,False,DEV-0100
PLOT-004835,6321-C,Al Twar,53280,Commercial,Leasehold,2022-08-21,2024-06-28,280597134,False,DEV-0046
PLOT-004836,3321-D,Discovery Gardens,10623,Commercial,Freehold,2015-06-06,2019-04-13,246630501,False,DEV-0195
PLOT-004837,4957-C,Nad Al Sheba,425422,Residential,Freehold,2017-01-30,2024-07-18,239008787,False,DEV-0074
PLOT-004838,7375-C,Jebel Ali,94006,Mixed,Freehold,2005-05-03,2018-05-22,410983557,True,DEV-0173
PLOT-004839,1710-E,Palm Jumeirah,428844,Residential,Freehold,2001-12-19,2015-02-12,121611690,False,DEV-0136
PLOT-004840,2802-E,Deira,471205,Commercial,Freehold,2007-02-18,2023-04-13,213114694,True,DEV-0197
PLOT-004841,6048-E,Emaar Beachfront,209567,Residential,Freehold,2023-01-25,2018-02-22,355121170,True,DEV-0097
PLOT-004842,4524-A,Al Mizhar,339904,Commercial,Leasehold,2011-09-20,2020-12-18,414075889,False,DEV-0159
PLOT-004843,4505-A,Dubai Marina,196137,Residential,Government,2015-08-15,2015-08-15,326266966,True,DEV-0131
PLOT-004844,5667-E,Discovery Gardens,383168,Commercial,Leasehold,2003-07-05,2019-02-12,228177024,False,DEV-0187
PLOT-004845,2304-D,Mirdif,295458,Residential,Government,2000-01-12,2022-04-10,240398595,False,DEV-0037
PLOT-004846,4124-C,Business Bay,67676,Residential,Freehold,2000-06-25,2016-11-25,275553136,False,DEV-0150
PLOT-004847,4995-D,Al Barsha,242600,Commercial,Government,2010-05-26,2015-06-03,263609861,True,DEV-0032
PLOT-004848,5609-D,Muhaisnah,105878,Mixed,Freehold,2017-08-29,2017-08-08,253623251,True,DEV-0133
PLOT-004849,5781-D,Warqa,248999,Commercial,Leasehold,2016-03-07,2018-12-20,412584835,False,DEV-0136
PLOT-004850,266-E,Dubai Marina,350939,Residential,Freehold,2021-12-29,2020-05-21,122490969,True,DEV-0029
PLOT-004851,9612-B,Al Qusais,119558,Residential,Freehold,2012-07-30,2015-01-12,122596378,True,DEV-0037
PLOT-004852,5157-B,Motor City,205568,Mixed,Leasehold,2000-11-20,2023-01-05,261746273,False,DEV-0130
PLOT-004853,2039-D,Discovery Gardens,402988,Residential,Freehold,2002-02-07,2021-11-19,48913341,False,DEV-0080
PLOT-004854,538-D,Arabian Ranches,22250,Residential,Leasehold,2002-04-09,2024-06-06,488077436,False,DEV-0092
PLOT-004855,2136-A,Palm Jumeirah,16806,Mixed,Leasehold,2005-03-22,2016-10-30,207568015,False,DEV-0072
PLOT-004856,7296-C,Umm Suqeim,68618,Commercial,Freehold,2017-01-28,2023-10-30,407989040,False,DEV-0156
PLOT-004857,9653-D,Palm Jumeirah,232492,Residential,Leasehold,2022-05-14,2024-04-07,278278407,False,DEV-0088
PLOT-004858,6369-E,Jebel Ali,459585,Mixed,Freehold,2020-04-11,2019-04-30,39378708,True,DEV-0039
PLOT-004859,4210-C,Bur Dubai,69512,Commercial,Freehold,2001-03-11,2018-07-03,389242122,False,DEV-0120
PLOT-004860,8059-E,Jebel Ali,430357,Commercial,Leasehold,2010-12-04,2015-08-31,284266383,False,DEV-0157
PLOT-004861,1081-C,Warqa,63122,Residential,Freehold,2001-04-09,2017-09-05,154028114,True,DEV-0137
PLOT-004862,6307-D,Al Wasl,447619,Industrial,Leasehold,2004-11-29,2017-05-11,105500122,True,DEV-0101
PLOT-004863,4959-B,Sports City,141957,Mixed,Freehold,2002-06-27,2024-01-09,94866177,False,DEV-0031
PLOT-004864,7848-A,JVC,126314,Residential,Freehold,2007-07-27,2020-11-29,167902350,False,DEV-0089
PLOT-004865,7610-D,Al Satwa,191618,Commercial,Freehold,2005-02-27,2016-04-13,12597349,False,DEV-0049
PLOT-004866,3494-B,Business Bay,365425,Residential,Freehold,2003-05-25,2018-03-29,423682193,True,DEV-0008
PLOT-004867,4151-E,Dubai Creek Harbour,192659,Green,Freehold,2003-03-01,2017-01-24,152392794,True,DEV-0194
PLOT-004868,6592-E,Warqa,118166,Mixed,Freehold,2012-08-14,2022-06-28,49219050,True,DEV-0069
PLOT-004869,7761-C,Palm Jumeirah,64297,Residential,Leasehold,2004-04-09,2019-04-05,403335934,False,DEV-0008
PLOT-004870,7385-A,Warqa,5411,Industrial,Freehold,2004-10-29,2022-03-23,292090171,False,DEV-0025
PLOT-004871,8830-E,Palm Jumeirah,480327,Residential,Leasehold,2007-02-03,2023-05-05,116034535,True,DEV-0135
PLOT-004872,371-C,DIFC,13578,Residential,Freehold,2013-08-06,2019-11-03,23663154,False,DEV-0106
PLOT-004873,2272-E,Warqa,122257,Residential,Leasehold,2003-08-02,2015-12-16,219745498,False,DEV-0043
PLOT-004874,4589-A,Al Barsha,177197,Residential,Government,2016-05-01,2021-04-04,35962999,True,DEV-0033
PLOT-004875,5346-D,Motor City,266376,Residential,Freehold,2000-10-07,2024-12-07,283299183,True,DEV-0148
PLOT-004876,5466-C,Muhaisnah,453971,Mixed,Freehold,2002-07-01,2022-03-23,63398020,False,DEV-0135
PLOT-004877,7589-D,Arabian Ranches,92231,Mixed,Leasehold,2008-05-30,2016-10-13,204849305,False,DEV-0043
PLOT-004878,1024-A,Jumeirah,74383,Commercial,Freehold,2015-09-22,2023-11-28,6496512,True,DEV-0185
PLOT-004879,7265-A,Dubai Creek Harbour,232284,Commercial,Freehold,2020-05-29,2024-10-04,197310531,True,DEV-0005
PLOT-004880,2027-D,Business Bay,93743,Residential,Freehold,2022-07-20,2018-09-18,59495317,True,DEV-0143
PLOT-004881,8101-E,Motor City,83200,Industrial,Government,2002-03-29,2016-08-05,41670982,False,DEV-0054
PLOT-004882,3662-E,Mirdif,370563,Mixed,Leasehold,2009-02-17,2018-04-14,461855203,False,DEV-0102
PLOT-004883,5741-A,Al Karama,247621,Industrial,Leasehold,2009-08-01,2021-04-30,433085278,False,DEV-0121
PLOT-004884,8183-E,Al Quoz,439327,Residential,Freehold,2001-07-21,2024-07-13,468187161,False,DEV-0054
PLOT-004885,8762-B,Sports City,179997,Residential,Freehold,2018-09-27,2022-11-27,256416790,False,DEV-0186
PLOT-004886,9208-E,Dubai Land,489324,Industrial,Leasehold,2019-04-30,2020-02-18,13004014,True,DEV-0126
PLOT-004887,9834-D,Jebel Ali,135792,Mixed,Leasehold,2009-04-01,2021-08-20,31754829,False,DEV-0135
PLOT-004888,4805-C,Motor City,30173,Residential,Freehold,2011-01-29,2021-09-26,321884902,True,DEV-0062
PLOT-004889,8384-E,Umm Suqeim,331775,Residential,Freehold,2002-08-03,2021-04-26,389436284,True,DEV-0036
PLOT-004890,549-C,Al Mizhar,493889,Commercial,Freehold,2021-02-13,2022-01-19,334670368,False,DEV-0060
PLOT-004891,7663-A,Mirdif,81584,Industrial,Government,2021-07-10,2024-11-13,180700597,True,DEV-0134
PLOT-004892,4336-D,Arabian Ranches,198267,Commercial,Freehold,2001-09-22,2021-05-22,283858886,False,DEV-0080
PLOT-004893,1274-D,Dubai Investment Park,317548,Residential,Freehold,2018-05-15,2020-01-10,294588702,True,DEV-0032
PLOT-004894,7174-C,Dubai South,12675,Mixed,Government,2011-09-06,2019-03-27,414970308,False,DEV-0049
PLOT-004895,6738-E,Arabian Ranches,285045,Industrial,Government,2002-08-11,2022-01-03,142534158,True,DEV-0176
PLOT-004896,3728-E,Al Twar,78273,Residential,Government,2021-08-23,2024-08-09,180191549,False,DEV-0161
PLOT-004897,5897-C,Al Mizhar,38705,Green,Freehold,2011-07-04,2019-03-07,472969517,True,DEV-0116
PLOT-004898,5296-B,Dubai Hills Estate,441756,Residential,Freehold,2022-12-18,2016-08-26,217625613,True,DEV-0167
PLOT-004899,1307-E,Arabian Ranches,349187,Commercial,Freehold,2017-02-12,2015-10-19,487895188,False,DEV-0121
PLOT-004900,7620-A,JVC,161840,Commercial,Leasehold,2009-04-18,2019-04-19,194066249,True,DEV-0037
PLOT-004901,1484-B,Ras Al Khor,83414,Commercial,Freehold,2023-05-14,2024-01-28,431101431,True,DEV-0071
PLOT-004902,6338-D,Business Bay,192894,Residential,Freehold,2006-02-05,2019-08-03,129519299,False,DEV-0103
PLOT-004903,5870-D,Al Mizhar,357145,Residential,Government,2014-08-27,2024-11-27,5621695,False,DEV-0013
PLOT-004904,2536-E,Ras Al Khor,150151,Residential,Government,2011-12-26,2017-04-19,178886147,False,DEV-0062
PLOT-004905,729-D,Discovery Gardens,11398,Industrial,Freehold,2013-12-15,2016-12-26,225071703,True,DEV-0052
PLOT-004906,1146-D,Al Wasl,108475,Green,Leasehold,2009-04-20,2017-06-28,446658138,True,DEV-0192
PLOT-004907,6587-C,Deira,377659,Residential,Leasehold,2004-06-30,2021-08-02,267337282,True,DEV-0145
PLOT-004908,6387-C,Dubai Marina,36619,Commercial,Freehold,2013-09-06,2017-01-01,418327664,True,DEV-0051
PLOT-004909,1710-E,Al Wasl,222977,Industrial,Freehold,2013-10-27,2017-10-16,118566235,True,DEV-0055
PLOT-004910,4809-D,Al Satwa,237893,Mixed,Freehold,2014-08-05,2016-03-02,434324255,False,DEV-0040
PLOT-004911,9386-A,Umm Suqeim,465119,Commercial,Government,2000-10-30,2022-08-25,75476936,True,DEV-0128
PLOT-004912,7637-C,Dubai Hills Estate,171216,Commercial,Freehold,2012-05-25,2023-05-08,305336778,True,DEV-0130
PLOT-004913,2249-A,Al Karama,95679,Commercial,Leasehold,2017-06-14,2024-02-10,134376794,False,DEV-0088
PLOT-004914,160-D,Al Wasl,360739,Residential,Leasehold,2002-10-28,2015-04-09,131746230,False,DEV-0018
PLOT-004915,4576-D,Sports City,447564,Residential,Leasehold,2023-01-24,2020-10-22,356679172,True,DEV-0099
PLOT-004916,4000-D,Warqa,275589,Mixed,Freehold,2021-04-03,2020-08-15,386716474,True,DEV-0133
PLOT-004917,7814-A,Al Safa,142010,Industrial,Leasehold,2021-10-10,2022-05-09,446185933,False,DEV-0033
PLOT-004918,8941-A,Al Qusais,173883,Residential,Leasehold,2000-02-03,2016-05-11,280410261,False,DEV-0052
PLOT-004919,5022-B,Dubailand,274237,Residential,Freehold,2020-10-17,2023-09-25,494099664,True,DEV-0186
PLOT-004920,9197-E,Dubai South,474884,Mixed,Leasehold,2001-09-14,2015-04-04,29304543,True,DEV-0029
PLOT-004921,8223-C,Emaar Beachfront,105747,Residential,Freehold,2007-08-24,2019-08-26,134279444,True,DEV-0079
PLOT-004922,8207-B,Downtown Dubai,278987,Residential,Government,2003-01-08,2018-08-16,161028136,False,DEV-0180
PLOT-004923,6183-D,Warqa,448273,Commercial,Government,2006-06-18,2021-09-30,127466646,True,DEV-0160
PLOT-004924,4462-C,Al Mizhar,130838,Commercial,Freehold,2016-04-09,2016-07-25,342761306,True,DEV-0019
PLOT-004925,7561-E,JLT,284181,Residential,Freehold,2006-06-30,2016-05-14,333269118,True,DEV-0060
PLOT-004926,6968-D,Al Furjan,111246,Industrial,Leasehold,2014-04-11,2021-11-28,236099366,False,DEV-0011
PLOT-004927,2422-E,Nad Al Sheba,160224,Residential,Freehold,2011-09-17,2018-02-19,40195199,False,DEV-0149
PLOT-004928,3198-A,Deira,373939,Mixed,Leasehold,2003-01-10,2023-12-19,425239736,True,DEV-0190
PLOT-004929,7546-A,Dubai Creek Harbour,338376,Mixed,Leasehold,2005-02-01,2020-11-21,42600784,False,DEV-0168
PLOT-004930,9481-B,Dubai Land,117210,Industrial,Leasehold,2023-07-04,2020-10-16,124294383,True,DEV-0177
PLOT-004931,514-A,Al Safa,467769,Residential,Freehold,2011-01-25,2016-04-14,454257362,False,DEV-0122
PLOT-004932,3075-B,Dubai Hills Estate,491130,Commercial,Freehold,2010-01-09,2015-04-18,31972067,True,DEV-0165
PLOT-004933,4651-A,Town Square,196969,Commercial,Freehold,2017-01-11,2019-04-23,55147186,False,DEV-0039
PLOT-004934,731-C,Ras Al Khor,483650,Green,Freehold,2016-10-19,2016-04-25,194215355,True,DEV-0107
PLOT-004935,6409-D,Al Mizhar,243302,Residential,Leasehold,2020-07-11,2022-07-04,30050648,True,DEV-0120
PLOT-004936,8783-B,Al Mizhar,371404,Residential,Freehold,2017-07-10,2015-09-29,140141780,True,DEV-0083
PLOT-004937,417-B,Sports City,284842,Commercial,Leasehold,2017-12-27,2016-10-18,324137322,False,DEV-0174
PLOT-004938,4893-C,Al Twar,56364,Residential,Government,2006-10-29,2024-02-09,12092435,True,DEV-0024
PLOT-004939,6467-A,Ras Al Khor,215727,Green,Government,2018-11-13,2023-05-30,425421538,True,DEV-0137
PLOT-004940,1560-B,Motor City,440780,Residential,Freehold,2015-09-07,2024-06-10,496623981,False,DEV-0174
PLOT-004941,2702-E,Al Furjan,155164,Mixed,Leasehold,2018-06-02,2024-07-24,115916462,False,DEV-0061
PLOT-004942,3689-D,Al Furjan,84014,Mixed,Freehold,2019-06-10,2022-07-08,296978524,False,DEV-0128
PLOT-004943,5277-B,Business Bay,66501,Industrial,Freehold,2008-05-26,2021-11-16,286247392,False,DEV-0159
PLOT-004944,4162-C,Nad Al Sheba,299311,Commercial,Freehold,2014-01-01,2021-11-20,399317097,False,DEV-0082
PLOT-004945,7442-E,Deira,202947,Mixed,Freehold,2019-08-15,2020-12-24,118168226,False,DEV-0032
PLOT-004946,5489-A,Al Karama,54924,Mixed,Freehold,2013-11-25,2022-09-08,224718436,True,DEV-0094
PLOT-004947,6961-B,Discovery Gardens,406030,Commercial,Leasehold,2009-08-07,2017-06-19,164524164,False,DEV-0169
PLOT-004948,6066-A,Muhaisnah,375717,Industrial,Freehold,2019-07-11,2017-07-28,415448613,False,DEV-0057
PLOT-004949,8463-E,Umm Suqeim,380291,Industrial,Freehold,2000-04-13,2019-06-16,400177181,False,DEV-0136
PLOT-004950,5218-E,International City,397255,Commercial,Freehold,2015-06-24,2023-11-02,160558479,True,DEV-0012
PLOT-004951,1143-E,Dubai Land,159746,Residential,Leasehold,2021-07-22,2020-03-12,135027496,False,DEV-0128
PLOT-004952,6660-D,Jumeirah,447810,Residential,Freehold,2009-12-21,2024-07-10,193194734,False,DEV-0073
PLOT-004953,5990-E,Al Wasl,498438,Industrial,Leasehold,2006-10-08,2019-10-02,110108382,True,DEV-0190
PLOT-004954,7701-D,Dubai South,179230,Mixed,Freehold,2002-04-27,2022-03-16,25461734,False,DEV-0056
PLOT-004955,2712-C,Deira,65663,Residential,Freehold,2003-10-07,2015-06-16,228819555,False,DEV-0070
PLOT-004956,8429-E,DIFC,219395,Residential,Leasehold,2018-09-05,2019-02-11,140862945,False,DEV-0154
PLOT-004957,671-C,Al Wasl,80358,Residential,Freehold,2016-11-27,2023-04-30,291676322,False,DEV-0012
PLOT-004958,3392-B,Al Safa,385269,Commercial,Government,2006-03-25,2020-06-13,148918849,False,DEV-0160
PLOT-004959,3028-B,Town Square,353116,Commercial,Freehold,2020-09-21,2018-05-01,37186842,False,DEV-0142
PLOT-004960,5910-D,Sports City,472019,Industrial,Leasehold,2015-02-16,2024-01-07,88519007,False,DEV-0057
PLOT-004961,409-B,Muhaisnah,348973,Residential,Leasehold,2021-11-10,2019-10-04,426381730,False,DEV-0003
PLOT-004962,4120-A,JVC,379276,Commercial,Freehold,2011-07-28,2017-11-03,374608617,False,DEV-0031
PLOT-004963,606-C,Discovery Gardens,53759,Commercial,Leasehold,2013-04-12,2020-08-22,424604419,False,DEV-0190
PLOT-004964,366-C,Dubai South,461681,Commercial,Leasehold,2013-04-02,2016-10-29,4842945,False,DEV-0144
PLOT-004965,1617-B,Al Wasl,373706,Mixed,Leasehold,2003-08-12,2020-11-24,112230686,True,DEV-0165
PLOT-004966,7611-C,Mirdif,263893,Commercial,Freehold,2022-10-12,2022-09-14,131712968,False,DEV-0026
PLOT-004967,842-D,Discovery Gardens,249187,Residential,Government,2001-06-22,2023-09-24,243893284,False,DEV-0030
PLOT-004968,1823-B,Al Qusais,7176,Green,Freehold,2004-10-12,2022-09-13,217332106,False,DEV-0057
PLOT-004969,1714-E,Dubai Hills Estate,269829,Commercial,Freehold,2019-01-12,2023-05-17,104497142,True,DEV-0199
PLOT-004970,5501-D,Al Satwa,450198,Residential,Freehold,2004-12-23,2017-03-27,184753614,True,DEV-0112
PLOT-004971,3623-B,International City,365249,Green,Freehold,2020-08-07,2018-02-28,281302018,False,DEV-0089
PLOT-004972,1762-C,Al Quoz,424417,Commercial,Freehold,2005-09-19,2017-12-24,292084565,False,DEV-0118
PLOT-004973,7067-C,Discovery Gardens,374808,Commercial,Leasehold,2014-08-10,2017-04-05,178557482,True,DEV-0185
PLOT-004974,4346-A,Ras Al Khor,275348,Green,Freehold,2022-01-14,2024-06-28,75989554,True,DEV-0184
PLOT-004975,6005-E,Deira,458388,Residential,Freehold,2009-11-28,2020-01-27,495928864,False,DEV-0143
PLOT-004976,4547-B,Dubailand,387670,Residential,Leasehold,2010-08-28,2021-04-01,146878151,False,DEV-0014
PLOT-004977,5865-D,Al Wasl,313112,Green,Government,2013-08-03,2022-01-29,352531762,False,DEV-0133
PLOT-004978,53-E,Arabian Ranches,344262,Residential,Government,2007-01-16,2018-05-12,172945341,False,DEV-0177
PLOT-004979,7456-D,Sports City,459107,Residential,Freehold,2022-04-29,2024-08-09,290529399,False,DEV-0105
PLOT-004980,1198-A,Dubai Hills Estate,195956,Industrial,Freehold,2007-10-23,2022-12-25,38703007,False,DEV-0137
PLOT-004981,5986-A,Downtown Dubai,480018,Mixed,Government,2011-07-04,2018-12-03,437392431,False,DEV-0109
PLOT-004982,1926-A,Al Quoz,64281,Green,Government,2002-01-03,2020-08-31,331748070,True,DEV-0178
PLOT-004983,2593-B,Al Barsha,247722,Commercial,Leasehold,2016-01-21,2022-05-11,400182293,False,DEV-0197
PLOT-004984,1417-D,Dubai Investment Park,140142,Mixed,Freehold,2010-09-02,2016-01-08,195851762,False,DEV-0094
PLOT-004985,5477-B,Al Safa,263391,Commercial,Freehold,2015-12-04,2018-05-01,199423131,False,DEV-0080
PLOT-004986,994-D,Al Satwa,386859,Commercial,Freehold,2010-09-29,2016-03-17,217711467,False,DEV-0042
PLOT-004987,4468-B,Dubai Hills Estate,34739,Residential,Freehold,2003-02-05,2016-05-06,199435979,False,DEV-0036
PLOT-004988,3104-D,Bur Dubai,388569,Commercial,Leasehold,2013-04-02,2020-03-01,277120495,False,DEV-0126
PLOT-004989,8242-C,Al Barsha,390358,Mixed,Freehold,2005-10-23,2019-08-24,450905207,False,DEV-0145
PLOT-004990,629-E,Dubai Hills Estate,157372,Residential,Leasehold,2014-01-31,2024-02-16,321663933,False,DEV-0128
PLOT-004991,2148-B,Palm Jumeirah,241394,Green,Freehold,2012-04-18,2020-02-18,446019708,False,DEV-0021
PLOT-004992,3185-E,Arabian Ranches,311566,Residential,Leasehold,2023-01-24,2015-06-08,406980963,False,DEV-0058
PLOT-004993,3952-A,Al Furjan,358705,Residential,Freehold,2002-07-07,2017-07-21,20500189,True,DEV-0140
PLOT-004994,7478-B,Palm Jumeirah,392214,Mixed,Freehold,2016-05-28,2015-08-29,367403547,False,DEV-0012
PLOT-004995,791-C,Al Twar,414922,Industrial,Government,2019-01-23,2022-08-26,264751411,False,DEV-0135
PLOT-004996,5656-E,Dubai Marina,397993,Residential,Leasehold,2019-03-10,2015-09-12,290279432,False,DEV-0156
PLOT-004997,2633-E,Al Safa,98068,Residential,Freehold,2000-11-19,2021-06-09,53559236,False,DEV-0118
PLOT-004998,7479-D,Sports City,81347,Mixed,Freehold,2016-11-27,2024-04-12,44235120,False,DEV-0063
PLOT-004999,4683-C,JLT,185269,Residential,Government,2020-11-24,2019-03-01,487098876,True,DEV-0132
PLOT-005000,6256-B,International City,456451,Commercial,Leasehold,2015-01-22,2018-04-13,460113223,False,DEV-0054
PLOT-005001,2869-A,Town Square,214314,Residential,Leasehold,2005-02-20,2016-12-24,278550918,True,DEV-0109
PLOT-005002,1471-E,Jebel Ali,86866,Commercial,Leasehold,2006-02-05,2024-10-19,405324775,True,DEV-0107
PLOT-005003,6198-E,Sports City,24460,Residential,Government,2007-05-05,2022-03-09,11020204,True,DEV-0012
PLOT-005004,7072-C,Al Safa,486043,Residential,Freehold,2013-06-19,2018-01-05,56828928,False,DEV-0063
PLOT-005005,7645-C,Deira,482905,Commercial,Freehold,2007-02-07,2021-04-08,234653631,False,DEV-0185
PLOT-005006,7574-E,Dubailand,283649,Commercial,Freehold,2021-12-15,2021-12-30,151320485,False,DEV-0131
PLOT-005007,807-C,Dubai South,72406,Mixed,Leasehold,2015-04-16,2018-10-21,382785368,False,DEV-0007
PLOT-005008,935-D,Nad Al Sheba,23179,Mixed,Leasehold,2000-01-24,2015-06-13,150932316,False,DEV-0107
PLOT-005009,919-B,Al Karama,130104,Commercial,Leasehold,2014-11-05,2015-08-21,6985250,False,DEV-0179
PLOT-005010,9344-C,Town Square,15654,Residential,Leasehold,2012-08-28,2017-10-27,157920137,False,DEV-0131
PLOT-005011,364-A,Bur Dubai,286149,Commercial,Freehold,2012-09-24,2015-01-26,5436253,False,DEV-0099
PLOT-005012,6993-E,Dubai Creek Harbour,440432,Industrial,Freehold,2011-10-04,2021-09-26,484657085,False,DEV-0062
PLOT-005013,1596-D,Al Satwa,290781,Mixed,Leasehold,2008-06-17,2018-01-19,329924733,False,DEV-0190
PLOT-005014,6442-D,Sports City,261445,Commercial,Government,2018-09-20,2018-10-24,257911430,False,DEV-0036
PLOT-005015,8372-A,Warqa,76081,Mixed,Freehold,2020-03-27,2015-01-04,132623090,False,DEV-0125
PLOT-005016,2866-D,Al Wasl,147142,Residential,Freehold,2005-08-02,2016-01-23,332992367,False,DEV-0013
PLOT-005017,4307-A,Mirdif,451478,Industrial,Freehold,2010-03-08,2015-11-06,264545505,False,DEV-0094
PLOT-005018,8285-C,Al Satwa,159595,Residential,Government,2004-12-18,2021-12-05,460488845,False,DEV-0114
PLOT-005019,2974-D,Al Wasl,26562,Residential,Leasehold,2022-03-09,2019-07-27,39801509,True,DEV-0102
PLOT-005020,7068-E,JVC,472885,Commercial,Leasehold,2008-08-07,2021-01-26,479967439,True,DEV-0135
PLOT-005021,1989-C,Al Quoz,51338,Industrial,Freehold,2006-12-09,2017-04-24,6446874,True,DEV-0084
PLOT-005022,9677-B,Al Twar,278070,Commercial,Leasehold,2022-08-12,2017-07-15,309329692,False,DEV-0157
PLOT-005023,9120-A,Warqa,333998,Green,Leasehold,2004-06-01,2023-02-07,237896006,False,DEV-0099
PLOT-005024,1387-B,Al Qusais,36926,Commercial,Leasehold,2022-07-10,2018-10-31,46854455,False,DEV-0066
PLOT-005025,6072-E,Deira,361742,Residential,Freehold,2014-04-19,2015-10-16,72280103,False,DEV-0036
PLOT-005026,7946-E,Jebel Ali,410673,Residential,Leasehold,2013-11-19,2022-08-18,198051756,False,DEV-0060
PLOT-005027,9012-E,International City,8546,Commercial,Leasehold,2010-12-21,2015-08-25,251863874,False,DEV-0071
PLOT-005028,4657-A,Dubai Investment Park,357658,Commercial,Leasehold,2007-05-06,2020-01-21,15871746,False,DEV-0163
PLOT-005029,7838-D,Dubai Investment Park,361826,Residential,Freehold,2003-03-14,2016-12-07,405796674,False,DEV-0045
PLOT-005030,6076-C,Al Furjan,245319,Residential,Freehold,2008-10-27,2021-02-02,480611352,False,DEV-0145
PLOT-005031,1835-A,Dubailand,81027,Residential,Freehold,2013-01-17,2022-11-24,490984087,True,DEV-0116
PLOT-005032,8012-E,Al Quoz,432124,Residential,Government,2012-04-07,2019-08-07,13659149,True,DEV-0098
PLOT-005033,1734-C,Town Square,362092,Residential,Freehold,2005-04-09,2019-06-06,114221955,True,DEV-0003
PLOT-005034,9674-E,International City,194320,Mixed,Government,2021-07-01,2024-11-22,284643329,True,DEV-0001
PLOT-005035,4260-C,JVC,466369,Residential,Freehold,2003-05-26,2023-10-16,218338319,False,DEV-0063
PLOT-005036,5316-B,Al Quoz,22804,Mixed,Freehold,2002-05-17,2018-05-16,399696507,False,DEV-0034
PLOT-005037,3285-B,Al Mizhar,375218,Mixed,Freehold,2013-06-13,2021-11-15,61142448,True,DEV-0147
PLOT-005038,4685-E,JVC,20859,Commercial,Freehold,2005-01-26,2020-02-10,89102567,True,DEV-0044
PLOT-005039,7449-A,Al Qusais,463415,Commercial,Leasehold,2004-10-31,2016-12-18,414028770,False,DEV-0010
PLOT-005040,2590-D,Downtown Dubai,373581,Mixed,Leasehold,2022-01-31,2021-10-23,80981850,False,DEV-0050
PLOT-005041,7039-D,Al Barsha,129007,Commercial,Government,2004-09-01,2020-01-19,227140334,True,DEV-0048
PLOT-005042,78-C,Dubai Hills Estate,388588,Industrial,Leasehold,2000-12-03,2017-04-20,65748439,True,DEV-0172
PLOT-005043,6128-A,Jebel Ali,93424,Mixed,Freehold,2010-12-24,2023-08-02,189137861,False,DEV-0015
PLOT-005044,438-B,Dubai Hills Estate,352638,Industrial,Freehold,2009-01-11,2018-07-29,259046478,True,DEV-0035
PLOT-005045,688-C,Ras Al Khor,329756,Commercial,Freehold,2004-10-25,2016-02-13,360732777,False,DEV-0199
PLOT-005046,4220-D,Palm Jumeirah,274219,Residential,Freehold,2007-02-02,2017-03-25,72110848,False,DEV-0122
PLOT-005047,2686-C,Dubai Marina,370201,Industrial,Freehold,2016-04-16,2017-02-20,37715580,False,DEV-0052
PLOT-005048,571-E,Al Barsha,29730,Residential,Leasehold,2004-03-18,2015-10-28,481646697,False,DEV-0134
PLOT-005049,5165-C,Al Safa,119202,Commercial,Leasehold,2001-02-16,2024-04-25,438497615,False,DEV-0165
PLOT-005050,7024-B,Discovery Gardens,269591,Residential,Leasehold,2017-02-23,2021-09-18,51787362,False,DEV-0017
PLOT-005051,3495-E,Dubai Land,390596,Commercial,Leasehold,2015-04-28,2023-07-05,406422891,True,DEV-0063
PLOT-005052,1215-B,Arabian Ranches,378679,Mixed,Leasehold,2001-05-12,2022-02-25,17873914,True,DEV-0072
PLOT-005053,2461-D,JLT,104479,Mixed,Leasehold,2015-03-05,2023-10-01,359152851,True,DEV-0100
PLOT-005054,9130-D,Mirdif,155732,Industrial,Leasehold,2018-07-17,2015-11-25,480179659,True,DEV-0153
PLOT-005055,6397-B,Emaar Beachfront,80073,Residential,Government,2023-06-12,2016-07-20,238414617,False,DEV-0061
PLOT-005056,9751-C,Sports City,186906,Commercial,Government,2006-11-30,2020-05-06,429637212,False,DEV-0023
PLOT-005057,2794-B,Al Furjan,7675,Mixed,Freehold,2002-02-16,2017-02-11,152422050,False,DEV-0074
PLOT-005058,1950-A,Sports City,468880,Commercial,Freehold,2000-06-11,2020-10-16,440416780,False,DEV-0117
PLOT-005059,1704-C,JVC,50850,Residential,Freehold,2009-04-27,2019-10-20,413780925,True,DEV-0154
PLOT-005060,6502-B,Dubai Hills Estate,250237,Commercial,Leasehold,2014-03-02,2021-03-17,390560117,False,DEV-0164
PLOT-005061,1077-A,Al Satwa,459682,Commercial,Freehold,2018-12-27,2018-04-29,117418098,False,DEV-0024
PLOT-005062,2071-D,Dubai Creek Harbour,179327,Green,Leasehold,2020-09-05,2020-08-09,18761567,True,DEV-0078
PLOT-005063,6393-D,Palm Jumeirah,132723,Residential,Leasehold,2001-08-02,2016-04-10,204732469,False,DEV-0110
PLOT-005064,995-D,Dubai South,171502,Green,Government,2020-04-27,2015-12-23,121063559,False,DEV-0194
PLOT-005065,6976-D,Discovery Gardens,109067,Residential,Leasehold,2015-12-27,2016-12-09,357523670,False,DEV-0172
PLOT-005066,7662-D,Dubai South,40061,Commercial,Freehold,2000-11-27,2016-09-15,418187707,False,DEV-0055
PLOT-005067,7663-C,Bur Dubai,337806,Industrial,Leasehold,2011-12-30,2018-12-07,29991462,True,DEV-0016
PLOT-005068,3965-A,Downtown Dubai,23694,Residential,Freehold,2013-09-18,2015-09-13,31871633,True,DEV-0180
PLOT-005069,8888-A,JLT,237523,Residential,Leasehold,2002-11-27,2022-09-18,297783874,True,DEV-0003
PLOT-005070,9598-A,Al Satwa,273748,Commercial,Freehold,2002-04-28,2017-04-28,96527973,False,DEV-0020
PLOT-005071,9700-C,Ras Al Khor,207259,Residential,Freehold,2007-10-16,2019-08-08,159901389,False,DEV-0130
PLOT-005072,9047-D,JLT,187147,Commercial,Leasehold,2018-03-25,2018-07-24,442377378,False,DEV-0142
PLOT-005073,5312-C,Dubai South,83377,Industrial,Leasehold,2003-04-15,2023-05-09,472973614,False,DEV-0063
PLOT-005074,7610-D,Palm Jumeirah,157899,Industrial,Freehold,2004-05-30,2022-08-25,374732749,True,DEV-0067
PLOT-005075,6557-A,Town Square,34580,Mixed,Freehold,2009-10-19,2020-07-10,321691390,False,DEV-0036
PLOT-005076,2323-A,Al Quoz,179593,Residential,Leasehold,2018-08-30,2015-03-15,365039406,False,DEV-0177
PLOT-005077,5669-E,Dubai Land,219158,Residential,Freehold,2021-04-03,2024-04-13,390694370,True,DEV-0158
PLOT-005078,6326-D,Mirdif,381863,Commercial,Leasehold,2003-01-26,2023-04-13,462856291,False,DEV-0153
PLOT-005079,3032-B,Jebel Ali,66027,Residential,Government,2005-12-06,2022-03-23,265698780,False,DEV-0083
PLOT-005080,1830-B,Al Wasl,62723,Commercial,Government,2009-04-19,2024-10-27,296765947,False,DEV-0060
PLOT-005081,9761-B,Al Furjan,147611,Green,Freehold,2022-01-15,2017-03-08,449687500,False,DEV-0050
PLOT-005082,7361-C,Al Furjan,61329,Residential,Government,2019-05-07,2020-12-04,315222271,False,DEV-0117
PLOT-005083,4737-B,Jebel Ali,65108,Commercial,Leasehold,2020-02-22,2024-12-16,279255561,False,DEV-0156
PLOT-005084,4447-C,Al Safa,131755,Commercial,Government,2015-05-03,2015-04-29,185992926,True,DEV-0130
PLOT-005085,2631-D,Al Satwa,69453,Residential,Freehold,2007-04-24,2019-11-10,460803461,True,DEV-0069
PLOT-005086,4794-A,Al Wasl,219022,Residential,Leasehold,2018-08-18,2018-09-03,328838208,False,DEV-0054
PLOT-005087,6328-B,Al Furjan,76633,Residential,Leasehold,2002-08-17,2021-04-14,228631784,False,DEV-0006
PLOT-005088,3402-C,Sports City,210332,Residential,Freehold,2018-05-26,2024-08-10,440413163,False,DEV-0093
PLOT-005089,5509-B,Jumeirah,173376,Industrial,Government,2006-07-09,2016-07-05,494720096,False,DEV-0031
PLOT-005090,1896-E,Al Mizhar,31978,Residential,Leasehold,2017-04-19,2023-03-08,307145885,True,DEV-0061
PLOT-005091,9130-C,JLT,57509,Residential,Freehold,2016-10-12,2019-10-25,160834144,True,DEV-0194
PLOT-005092,3843-D,Emaar Beachfront,218316,Industrial,Government,2022-06-13,2023-02-19,404030088,False,DEV-0013
PLOT-005093,922-D,Business Bay,241216,Mixed,Freehold,2001-07-10,2021-07-16,457058830,False,DEV-0132
PLOT-005094,7264-B,Dubai Hills Estate,97863,Residential,Leasehold,2022-05-25,2023-12-05,246871581,False,DEV-0037
PLOT-005095,9024-A,Al Quoz,461042,Residential,Government,2014-09-06,2016-12-05,395683970,False,DEV-0157
PLOT-005096,4152-D,Business Bay,209509,Commercial,Freehold,2020-06-09,2020-11-09,182212497,False,DEV-0136
PLOT-005097,2736-A,Palm Jumeirah,69125,Residential,Freehold,2003-09-25,2020-03-01,70042828,True,DEV-0073
PLOT-005098,9052-D,Dubai Hills Estate,438369,Industrial,Freehold,2005-10-30,2018-12-08,172679409,True,DEV-0001
PLOT-005099,9285-A,Al Qusais,363268,Residential,Leasehold,2005-11-18,2024-09-30,22037317,True,DEV-0022
PLOT-005100,3282-C,Ras Al Khor,431626,Green,Government,2005-01-10,2016-11-07,173607078,True,DEV-0140
PLOT-005101,9589-B,Discovery Gardens,193017,Green,Freehold,2000-03-15,2022-05-21,283645356,False,DEV-0123
PLOT-005102,102-E,Town Square,64877,Residential,Freehold,2017-01-30,2022-02-19,466179860,False,DEV-0147
PLOT-005103,3285-B,Business Bay,329495,Commercial,Leasehold,2007-10-27,2024-12-19,397734505,False,DEV-0032
PLOT-005104,5019-C,Deira,348187,Commercial,Government,2003-05-13,2019-05-26,437941710,False,DEV-0121
PLOT-005105,9992-A,Dubai Marina,346703,Residential,Government,2021-02-23,2024-12-28,166076492,False,DEV-0045
PLOT-005106,2743-B,Al Mizhar,321881,Mixed,Freehold,2000-11-08,2018-01-30,491402118,True,DEV-0173
PLOT-005107,6816-A,Al Quoz,303417,Mixed,Leasehold,2017-04-30,2020-10-05,400201280,True,DEV-0085
PLOT-005108,4322-D,Al Satwa,491700,Residential,Freehold,2010-03-29,2016-10-01,383817731,False,DEV-0121
PLOT-005109,913-E,Motor City,386605,Commercial,Government,2012-01-08,2018-03-04,69230133,False,DEV-0147
PLOT-005110,5695-C,Dubai Creek Harbour,318579,Green,Leasehold,2021-09-20,2015-01-31,51158772,False,DEV-0078
PLOT-005111,7179-D,Dubai Investment Park,285276,Commercial,Leasehold,2005-09-19,2020-04-21,474940767,True,DEV-0147
PLOT-005112,3479-A,Emaar Beachfront,57520,Commercial,Freehold,2011-09-28,2022-05-18,486740935,False,DEV-0182
PLOT-005113,5412-A,Ras Al Khor,66397,Residential,Freehold,2022-10-14,2019-05-24,89147146,False,DEV-0068
PLOT-005114,4137-C,Warqa,120698,Residential,Freehold,2013-12-20,2015-05-26,353735864,True,DEV-0135
PLOT-005115,4874-D,Emaar Beachfront,24219,Commercial,Government,2020-11-04,2021-05-24,69777153,False,DEV-0167
PLOT-005116,875-C,Emaar Beachfront,447441,Commercial,Government,2020-02-04,2016-12-09,429464307,False,DEV-0063
PLOT-005117,329-B,Al Quoz,339239,Industrial,Freehold,2003-06-18,2020-04-05,390962618,True,DEV-0117
PLOT-005118,9918-D,Dubai Land,487935,Commercial,Leasehold,2000-08-17,2020-05-15,305755816,False,DEV-0037
PLOT-005119,4778-C,Motor City,319797,Commercial,Freehold,2007-12-04,2024-02-04,22076308,False,DEV-0142
PLOT-005120,8108-E,Business Bay,402837,Commercial,Government,2005-09-13,2016-01-30,143529960,False,DEV-0155
PLOT-005121,222-A,Bur Dubai,301318,Residential,Leasehold,2005-08-02,2022-07-07,363587512,False,DEV-0060
PLOT-005122,6022-E,Arabian Ranches,107310,Residential,Government,2008-10-11,2021-01-19,306174855,False,DEV-0051
PLOT-005123,4147-E,Downtown Dubai,138378,Commercial,Freehold,2001-11-18,2017-07-12,321731395,False,DEV-0033
PLOT-005124,9928-A,Dubai Hills Estate,374029,Residential,Freehold,2010-08-29,2022-03-20,421250905,False,DEV-0160
PLOT-005125,6853-A,Emaar Beachfront,116385,Industrial,Leasehold,2023-03-09,2022-08-16,238981522,False,DEV-0049
PLOT-005126,6626-B,Dubai Hills Estate,9157,Industrial,Leasehold,2004-04-05,2016-05-26,432726061,False,DEV-0061
PLOT-005127,8206-E,Warqa,113148,Mixed,Freehold,2017-10-22,2024-10-20,200043589,True,DEV-0031
PLOT-005128,9723-C,Nad Al Sheba,53344,Residential,Freehold,2003-04-26,2022-10-01,25053332,True,DEV-0123
PLOT-005129,3497-A,Al Qusais,219795,Commercial,Government,2005-09-11,2018-01-12,212801348,True,DEV-0111
PLOT-005130,134-A,Al Furjan,270393,Residential,Freehold,2010-12-06,2019-11-06,409434601,False,DEV-0006
PLOT-005131,8281-A,Dubai South,343792,Residential,Freehold,2008-08-23,2021-03-01,471863192,False,DEV-0184
PLOT-005132,6903-B,Warqa,54994,Mixed,Leasehold,2011-06-04,2021-10-28,16168595,False,DEV-0093
PLOT-005133,5417-E,Al Wasl,188072,Residential,Leasehold,2012-07-23,2017-12-20,159167606,False,DEV-0098
PLOT-005134,5898-D,Dubai Investment Park,5267,Residential,Freehold,2000-12-26,2019-04-03,62493811,True,DEV-0106
PLOT-005135,4455-A,Business Bay,493470,Residential,Government,2007-06-29,2018-06-04,34917264,False,DEV-0129
PLOT-005136,9693-E,Sports City,233022,Commercial,Leasehold,2004-07-17,2021-01-27,115781940,False,DEV-0167
PLOT-005137,4043-D,Bur Dubai,262473,Industrial,Leasehold,2017-02-24,2022-03-24,454531905,True,DEV-0155
PLOT-005138,7699-A,Jumeirah,389125,Mixed,Freehold,2011-10-04,2019-04-26,211840195,True,DEV-0105
PLOT-005139,1828-E,Dubai Marina,415831,Commercial,Leasehold,2007-12-10,2024-06-19,313246727,False,DEV-0193
PLOT-005140,2560-E,Warqa,381794,Mixed,Government,2004-08-03,2016-02-11,17574873,False,DEV-0180
PLOT-005141,9636-A,Warqa,337580,Industrial,Freehold,2007-06-02,2022-12-04,290278325,True,DEV-0025
PLOT-005142,6158-A,Arabian Ranches,206825,Residential,Freehold,2021-07-21,2017-03-01,125674750,False,DEV-0070
PLOT-005143,5304-C,Umm Suqeim,464900,Mixed,Government,2017-12-16,2021-03-02,277173168,False,DEV-0104
PLOT-005144,8259-D,Bur Dubai,39881,Industrial,Freehold,2003-08-31,2023-10-15,132200473,False,DEV-0085
PLOT-005145,4669-B,Jumeirah,450734,Commercial,Leasehold,2002-02-03,2017-10-06,52922695,False,DEV-0184
PLOT-005146,1736-A,Al Barsha,307122,Commercial,Leasehold,2017-03-31,2021-05-08,478131511,True,DEV-0051
PLOT-005147,8756-B,Palm Jumeirah,473108,Commercial,Leasehold,2017-02-15,2021-03-17,254966125,False,DEV-0197
PLOT-005148,9585-E,Ras Al Khor,92044,Mixed,Freehold,2003-12-13,2022-06-08,409356143,False,DEV-0083
PLOT-005149,6687-E,Jumeirah,117370,Residential,Freehold,2023-05-24,2018-11-12,189181090,True,DEV-0023
PLOT-005150,7127-B,Town Square,364300,Residential,Freehold,2012-11-21,2021-01-24,253679735,True,DEV-0113
PLOT-005151,1966-E,Bur Dubai,259744,Residential,Government,2017-03-09,2024-10-14,211713360,True,DEV-0150
PLOT-005152,9633-C,Discovery Gardens,299028,Commercial,Freehold,2017-12-12,2017-04-26,258732935,True,DEV-0063
PLOT-005153,9631-B,Ras Al Khor,359778,Residential,Freehold,2004-12-20,2019-11-03,325220823,False,DEV-0154
PLOT-005154,4959-E,Mirdif,347241,Residential,Leasehold,2021-09-22,2016-08-31,412175030,False,DEV-0064
PLOT-005155,4105-E,Dubai Investment Park,27225,Mixed,Freehold,2021-12-08,2024-02-08,102648317,False,DEV-0087
PLOT-005156,6052-A,Dubai Hills Estate,264559,Green,Freehold,2000-11-22,2015-08-26,107581539,False,DEV-0166
PLOT-005157,4932-D,Discovery Gardens,281637,Mixed,Freehold,2011-06-20,2022-02-06,289465194,False,DEV-0031
PLOT-005158,5534-B,Al Wasl,37742,Commercial,Freehold,2008-07-14,2018-01-21,27389361,False,DEV-0105
PLOT-005159,1441-E,JVC,184883,Commercial,Government,2001-06-19,2023-08-14,435196992,False,DEV-0125
PLOT-005160,9264-A,Muhaisnah,418148,Residential,Freehold,2018-12-12,2023-06-25,10810223,True,DEV-0009
PLOT-005161,4415-C,Muhaisnah,245580,Commercial,Freehold,2007-05-14,2015-04-22,372824012,False,DEV-0046
PLOT-005162,3796-C,Al Quoz,195019,Residential,Freehold,2002-02-10,2016-11-16,111564073,False,DEV-0121
PLOT-005163,5031-D,Bur Dubai,479356,Residential,Freehold,2008-12-30,2015-04-20,199919177,False,DEV-0100
PLOT-005164,3045-B,Al Satwa,273957,Residential,Freehold,2013-12-02,2016-06-29,260154474,False,DEV-0065
PLOT-005165,8797-D,Town Square,339230,Residential,Freehold,2019-01-02,2019-03-31,163464610,True,DEV-0200
PLOT-005166,4314-C,Warqa,487933,Commercial,Freehold,2016-03-10,2022-01-27,272592107,True,DEV-0036
PLOT-005167,8220-A,Al Wasl,363952,Mixed,Leasehold,2010-01-29,2021-10-21,159447248,False,DEV-0013
PLOT-005168,3129-A,Emaar Beachfront,253626,Mixed,Leasehold,2015-01-26,2018-08-28,299148566,True,DEV-0092
PLOT-005169,4383-D,Town Square,270715,Mixed,Leasehold,2018-05-20,2019-04-09,260361249,True,DEV-0155
PLOT-005170,9000-A,Deira,75367,Residential,Government,2019-08-20,2022-12-09,54760666,True,DEV-0149
PLOT-005171,2487-B,Al Twar,307970,Residential,Government,2011-10-15,2016-05-08,345225326,False,DEV-0147
PLOT-005172,5605-B,Deira,496286,Mixed,Leasehold,2000-04-23,2023-09-16,316930791,False,DEV-0141
PLOT-005173,6216-E,Town Square,218704,Mixed,Leasehold,2004-04-03,2022-10-30,157587917,False,DEV-0049
PLOT-005174,9116-C,Palm Jumeirah,349664,Industrial,Leasehold,2009-05-24,2016-01-18,111150897,False,DEV-0076
PLOT-005175,1580-E,Dubai South,249501,Mixed,Freehold,2014-11-16,2015-07-26,368415618,False,DEV-0164
PLOT-005176,2291-E,Arabian Ranches,411128,Mixed,Freehold,2016-03-28,2022-05-07,472327936,False,DEV-0017
PLOT-005177,4368-A,Arabian Ranches,86206,Industrial,Government,2018-02-26,2020-07-06,309059764,False,DEV-0066
PLOT-005178,27-A,Motor City,138693,Residential,Freehold,2002-04-14,2023-12-06,370189088,False,DEV-0169
PLOT-005179,2697-C,Dubailand,238937,Commercial,Freehold,2014-08-14,2023-11-06,406652305,True,DEV-0177
PLOT-005180,5375-C,Dubai Creek Harbour,479405,Residential,Leasehold,2012-06-15,2021-11-07,497369055,True,DEV-0164
PLOT-005181,5408-E,Discovery Gardens,128664,Residential,Leasehold,2013-06-22,2019-10-24,268534699,False,DEV-0010
PLOT-005182,3752-D,JLT,261318,Commercial,Freehold,2015-09-20,2018-07-12,23542762,False,DEV-0111
PLOT-005183,6050-D,Bur Dubai,300561,Residential,Freehold,2013-12-25,2021-07-28,382259118,False,DEV-0063
PLOT-005184,2046-D,Jebel Ali,119058,Residential,Freehold,2018-11-17,2021-04-06,95712616,False,DEV-0096
PLOT-005185,8444-C,Dubai Marina,215936,Commercial,Freehold,2013-11-26,2022-04-19,354622524,False,DEV-0066
PLOT-005186,2026-A,Warqa,434372,Commercial,Freehold,2011-01-25,2019-05-04,194216906,True,DEV-0025
PLOT-005187,9982-A,Mirdif,62701,Commercial,Leasehold,2012-02-09,2018-09-15,240063604,False,DEV-0184
PLOT-005188,5530-A,Downtown Dubai,414050,Residential,Government,2017-06-02,2024-10-27,196725318,False,DEV-0155
PLOT-005189,7479-B,Bur Dubai,161377,Industrial,Freehold,2015-10-14,2019-01-22,222848156,False,DEV-0099
PLOT-005190,6355-A,Dubailand,383871,Residential,Freehold,2020-04-11,2017-12-06,219065132,True,DEV-0007
PLOT-005191,6326-B,JVC,381149,Residential,Freehold,2018-02-02,2017-07-14,375239452,False,DEV-0151
PLOT-005192,7245-E,Sports City,92639,Commercial,Freehold,2020-04-15,2024-03-05,436302298,False,DEV-0123
PLOT-005193,7820-A,Dubai Land,424399,Commercial,Leasehold,2001-01-13,2016-01-25,283133137,True,DEV-0051
PLOT-005194,8802-A,Dubai Marina,180659,Commercial,Leasehold,2003-03-11,2015-11-01,204322516,False,DEV-0123
PLOT-005195,7366-B,Dubai South,200911,Residential,Freehold,2020-12-30,2015-10-21,96814705,True,DEV-0004
PLOT-005196,57-B,Dubai Investment Park,28758,Mixed,Freehold,2013-01-24,2018-12-20,478419337,True,DEV-0022
PLOT-005197,6827-B,Dubai Hills Estate,483631,Industrial,Freehold,2016-03-25,2017-06-07,113132054,False,DEV-0125
PLOT-005198,2578-E,Jumeirah,32367,Industrial,Freehold,2016-09-22,2019-09-06,336642877,False,DEV-0114
PLOT-005199,3211-A,JLT,125935,Residential,Freehold,2000-07-19,2019-08-02,409708576,False,DEV-0057
PLOT-005200,5514-A,JVC,428144,Green,Freehold,2000-07-11,2016-12-11,297997425,True,DEV-0063
PLOT-005201,4275-A,Jumeirah,441755,Residential,Leasehold,2019-01-24,2021-10-05,243843422,False,DEV-0089
PLOT-005202,880-C,Umm Suqeim,421039,Residential,Freehold,2021-12-18,2015-07-20,274906549,False,DEV-0195
PLOT-005203,5503-C,Al Mizhar,358692,Residential,Leasehold,2011-10-27,2019-08-11,214137049,True,DEV-0054
PLOT-005204,9-B,Al Qusais,472989,Residential,Freehold,2017-10-30,2022-07-05,160939912,True,DEV-0111
PLOT-005205,935-E,Emaar Beachfront,494729,Residential,Freehold,2000-12-14,2024-01-11,278655151,False,DEV-0121
PLOT-005206,1953-B,Downtown Dubai,366019,Residential,Freehold,2002-06-13,2018-01-14,242950524,False,DEV-0107
PLOT-005207,10-D,Downtown Dubai,324304,Mixed,Freehold,2003-12-25,2021-04-17,269157564,False,DEV-0156
PLOT-005208,5141-E,Dubai Investment Park,45079,Residential,Freehold,2010-08-21,2024-02-15,245717962,False,DEV-0097
PLOT-005209,5145-E,Town Square,250182,Mixed,Leasehold,2012-05-18,2016-05-21,287200418,True,DEV-0112
PLOT-005210,5231-D,Town Square,82271,Commercial,Leasehold,2002-03-16,2016-11-07,421898018,False,DEV-0119
PLOT-005211,4720-E,Downtown Dubai,379570,Residential,Freehold,2017-02-23,2021-09-28,195102093,True,DEV-0068
PLOT-005212,4594-D,Al Karama,129696,Residential,Leasehold,2020-11-30,2020-02-10,349531134,False,DEV-0071
PLOT-005213,8688-B,Dubai Marina,126932,Commercial,Freehold,2020-03-24,2021-08-11,38957300,True,DEV-0125
PLOT-005214,5384-E,Arabian Ranches,325549,Commercial,Freehold,2023-12-26,2021-04-26,149698688,False,DEV-0066
PLOT-005215,8590-E,Jebel Ali,250851,Industrial,Freehold,2008-03-09,2018-04-04,369521730,True,DEV-0013
PLOT-005216,8445-B,Mirdif,51479,Residential,Leasehold,2001-03-28,2020-04-27,304200727,False,DEV-0164
PLOT-005217,9515-C,International City,326334,Industrial,Freehold,2003-11-24,2017-05-19,247147558,False,DEV-0070
PLOT-005218,3893-D,Discovery Gardens,111208,Residential,Freehold,2014-03-23,2024-11-27,130029560,True,DEV-0034
PLOT-005219,8907-C,Bur Dubai,360910,Green,Freehold,2008-07-22,2015-10-31,177739778,False,DEV-0040
PLOT-005220,3399-A,Jebel Ali,94373,Mixed,Leasehold,2007-02-02,2017-02-06,92961119,False,DEV-0081
PLOT-005221,6146-A,JLT,248037,Commercial,Freehold,2002-03-15,2015-05-20,331327059,True,DEV-0008
PLOT-005222,3964-E,Warqa,136632,Commercial,Leasehold,2017-09-10,2020-03-30,250081128,False,DEV-0144
PLOT-005223,7506-C,Town Square,464290,Residential,Freehold,2008-10-18,2018-02-21,494468767,False,DEV-0176
PLOT-005224,5325-A,Bur Dubai,8354,Mixed,Leasehold,2016-09-12,2022-05-14,361473849,True,DEV-0092
PLOT-005225,6192-D,Al Karama,471542,Commercial,Freehold,2016-03-28,2021-08-11,178433887,False,DEV-0100
PLOT-005226,5327-D,International City,103405,Industrial,Freehold,2004-01-21,2024-01-05,250984206,False,DEV-0135
PLOT-005227,7399-C,Dubailand,95522,Commercial,Leasehold,2013-04-09,2016-10-20,488187415,True,DEV-0037
PLOT-005228,6168-B,Mirdif,115720,Mixed,Leasehold,2018-10-05,2017-10-23,306943407,False,DEV-0178
PLOT-005229,7977-A,Al Safa,38238,Commercial,Freehold,2009-08-13,2024-10-15,438246420,False,DEV-0112
PLOT-005230,2511-A,Discovery Gardens,123343,Commercial,Freehold,2016-03-26,2024-10-22,399080223,False,DEV-0157
PLOT-005231,3583-B,Palm Jumeirah,80800,Commercial,Leasehold,2002-07-11,2015-04-08,231997459,False,DEV-0146
PLOT-005232,3996-A,Al Furjan,296381,Industrial,Freehold,2003-10-09,2019-06-01,4803347,False,DEV-0142
PLOT-005233,6921-A,Emaar Beachfront,35446,Mixed,Leasehold,2011-10-17,2017-04-04,277716912,False,DEV-0155
PLOT-005234,4544-C,Mirdif,232601,Commercial,Leasehold,2021-04-18,2024-09-18,483190023,False,DEV-0132
PLOT-005235,3764-A,Business Bay,363858,Mixed,Leasehold,2017-07-30,2023-09-10,27406602,True,DEV-0074
PLOT-005236,5461-C,Mirdif,254572,Residential,Leasehold,2022-08-19,2021-01-13,121112381,True,DEV-0027
PLOT-005237,577-E,Arabian Ranches,97645,Residential,Leasehold,2019-02-17,2024-06-28,131256410,False,DEV-0165
PLOT-005238,4722-C,Arabian Ranches,87303,Commercial,Leasehold,2011-04-22,2015-02-09,361485130,False,DEV-0065
PLOT-005239,6757-D,Nad Al Sheba,299987,Mixed,Government,2021-01-25,2015-11-11,104797668,True,DEV-0008
PLOT-005240,9532-B,Al Twar,126840,Residential,Government,2014-04-23,2021-11-10,438037038,False,DEV-0080
PLOT-005241,3628-E,Al Wasl,59004,Residential,Government,2011-01-21,2015-08-11,56647792,True,DEV-0092
PLOT-005242,4906-C,Al Karama,345828,Commercial,Freehold,2008-01-02,2015-04-01,168784129,True,DEV-0193
PLOT-005243,2865-A,Muhaisnah,475355,Residential,Government,2012-05-06,2019-05-17,189878551,False,DEV-0144
PLOT-005244,3669-A,Dubailand,388863,Green,Leasehold,2020-04-25,2017-11-09,216954420,True,DEV-0109
PLOT-005245,9664-D,Discovery Gardens,327873,Residential,Freehold,2021-07-20,2024-05-02,484917406,True,DEV-0020
PLOT-005246,2682-D,International City,49403,Residential,Leasehold,2021-01-14,2019-04-21,310295562,True,DEV-0099
PLOT-005247,2106-C,Dubai Hills Estate,383479,Residential,Government,2011-11-09,2016-10-17,169341012,True,DEV-0150
PLOT-005248,1222-B,Nad Al Sheba,179134,Mixed,Government,2022-02-02,2019-10-24,310046696,True,DEV-0123
PLOT-005249,3453-B,Jumeirah,357401,Mixed,Freehold,2001-10-30,2021-11-29,198339076,True,DEV-0016
PLOT-005250,9680-E,Al Satwa,337149,Commercial,Government,2020-11-10,2016-10-07,371584097,True,DEV-0086
PLOT-005251,5247-B,Umm Suqeim,198572,Commercial,Freehold,2008-09-08,2022-11-20,410016557,True,DEV-0131
PLOT-005252,742-C,Jumeirah,395785,Residential,Freehold,2007-11-11,2017-04-07,188531792,False,DEV-0080
PLOT-005253,131-E,Town Square,322659,Commercial,Government,2015-07-30,2019-04-28,400839026,True,DEV-0157
PLOT-005254,8464-A,JVC,158883,Residential,Freehold,2001-01-09,2021-08-23,312827713,False,DEV-0124
PLOT-005255,9592-A,Al Quoz,91617,Commercial,Freehold,2007-08-02,2023-02-28,98033254,False,DEV-0148
PLOT-005256,9925-A,JVC,496350,Green,Leasehold,2020-07-04,2018-02-23,435714059,False,DEV-0023
PLOT-005257,9363-D,Arabian Ranches,158472,Commercial,Leasehold,2003-07-13,2017-12-02,29325055,True,DEV-0092
PLOT-005258,6883-C,Jumeirah,165430,Residential,Freehold,2002-05-01,2015-06-08,234660375,False,DEV-0091
PLOT-005259,2185-B,JVC,300084,Commercial,Government,2000-07-03,2015-09-28,36693150,False,DEV-0187
PLOT-005260,4256-E,Jumeirah,247309,Residential,Government,2019-10-02,2023-02-13,116587163,False,DEV-0088
PLOT-005261,4423-C,Deira,309146,Commercial,Freehold,2023-02-20,2017-03-09,366631322,True,DEV-0010
PLOT-005262,1284-E,JLT,470665,Commercial,Freehold,2010-10-03,2017-01-15,271898273,True,DEV-0177
PLOT-005263,4511-B,Business Bay,104579,Residential,Leasehold,2001-06-09,2016-11-29,269844238,True,DEV-0199
PLOT-005264,3228-B,Dubai South,297884,Mixed,Leasehold,2016-08-25,2019-03-23,308604682,True,DEV-0141
PLOT-005265,7207-C,Dubailand,358188,Mixed,Leasehold,2006-06-13,2022-10-31,196960744,True,DEV-0009
PLOT-005266,9247-B,Al Quoz,377307,Commercial,Freehold,2016-06-23,2017-04-10,388735397,False,DEV-0154
PLOT-005267,2981-D,Dubai Investment Park,213098,Residential,Leasehold,2008-08-01,2019-02-09,215653364,False,DEV-0148
PLOT-005268,7677-B,Discovery Gardens,496877,Mixed,Leasehold,2011-11-23,2020-07-17,317900194,True,DEV-0050
PLOT-005269,5306-A,Dubai South,169275,Industrial,Freehold,2009-10-10,2021-06-15,233948150,True,DEV-0174
PLOT-005270,411-A,Dubai Marina,220856,Residential,Freehold,2002-02-23,2024-10-18,37313938,True,DEV-0087
PLOT-005271,3303-D,Al Mizhar,195528,Commercial,Leasehold,2006-12-26,2022-05-06,272012061,False,DEV-0063
PLOT-005272,2057-B,Al Qusais,490915,Commercial,Freehold,2019-02-08,2019-04-24,291902609,True,DEV-0138
PLOT-005273,1658-A,Business Bay,322730,Green,Leasehold,2014-12-25,2015-06-19,149968022,True,DEV-0136
PLOT-005274,8048-E,Al Satwa,139773,Green,Freehold,2011-08-31,2015-02-06,403384509,False,DEV-0080
PLOT-005275,7449-A,Deira,69829,Mixed,Freehold,2020-08-06,2015-10-19,12335443,True,DEV-0085
PLOT-005276,6329-C,Discovery Gardens,46197,Mixed,Government,2009-03-01,2015-07-22,133878611,False,DEV-0169
PLOT-005277,1670-A,Muhaisnah,145638,Residential,Freehold,2012-03-18,2015-01-12,287149229,True,DEV-0053
PLOT-005278,7508-B,Nad Al Sheba,81327,Commercial,Freehold,2005-10-17,2017-05-17,75627961,False,DEV-0086
PLOT-005279,2463-C,Mirdif,418854,Mixed,Freehold,2009-06-26,2016-01-22,234742229,False,DEV-0059
PLOT-005280,9697-B,Deira,308937,Residential,Government,2014-02-09,2017-01-15,393662158,False,DEV-0140
PLOT-005281,8406-C,Al Mizhar,491547,Residential,Freehold,2020-07-01,2015-04-02,252129488,True,DEV-0008
PLOT-005282,9611-C,Dubai Creek Harbour,408574,Residential,Freehold,2022-04-24,2016-06-03,201645035,False,DEV-0091
PLOT-005283,1921-D,Al Wasl,109105,Commercial,Freehold,2020-04-25,2015-06-24,493771338,True,DEV-0136
PLOT-005284,7179-E,Jebel Ali,196893,Residential,Leasehold,2002-04-10,2024-06-15,31584062,False,DEV-0079
PLOT-005285,713-C,Ras Al Khor,330591,Mixed,Freehold,2000-08-21,2022-07-26,36490070,False,DEV-0016
PLOT-005286,8859-B,Deira,313903,Industrial,Freehold,2008-02-20,2016-09-18,154284714,False,DEV-0111
PLOT-005287,4459-C,Discovery Gardens,65131,Residential,Leasehold,2002-07-28,2016-08-02,62374966,True,DEV-0093
PLOT-005288,1061-E,Nad Al Sheba,185207,Commercial,Freehold,2006-06-23,2022-05-29,134567369,True,DEV-0066
PLOT-005289,4006-B,JLT,461600,Commercial,Leasehold,2002-09-25,2021-09-26,323883982,True,DEV-0184
PLOT-005290,9309-B,Palm Jumeirah,126816,Commercial,Freehold,2015-12-31,2019-07-12,221971978,True,DEV-0164
PLOT-005291,8279-A,Nad Al Sheba,147134,Mixed,Leasehold,2020-09-03,2016-12-31,420810041,False,DEV-0136
PLOT-005292,7913-E,Al Qusais,167806,Mixed,Freehold,2022-03-17,2022-12-25,341174727,True,DEV-0011
PLOT-005293,5161-D,Motor City,52156,Residential,Freehold,2001-12-06,2021-02-10,114561468,True,DEV-0135
PLOT-005294,4277-B,Al Barsha,460775,Residential,Government,2016-09-08,2019-10-05,338174369,False,DEV-0020
PLOT-005295,1352-A,JVC,399914,Mixed,Government,2016-04-19,2024-06-29,222892464,False,DEV-0037
PLOT-005296,5373-C,Nad Al Sheba,79799,Residential,Freehold,2017-10-17,2024-03-18,385986130,False,DEV-0116
PLOT-005297,3951-C,Nad Al Sheba,431140,Mixed,Freehold,2007-09-19,2023-03-07,387325565,True,DEV-0081
PLOT-005298,3476-D,Dubai Investment Park,455397,Mixed,Leasehold,2000-08-14,2021-04-02,124892769,False,DEV-0020
PLOT-005299,2258-C,Al Wasl,84722,Commercial,Freehold,2008-04-20,2023-04-26,331561502,False,DEV-0115
PLOT-005300,1731-A,Sports City,442102,Commercial,Freehold,2015-11-11,2020-02-05,394875251,False,DEV-0187
PLOT-005301,677-C,Discovery Gardens,14433,Residential,Leasehold,2013-02-24,2019-02-17,454360951,True,DEV-0007
PLOT-005302,4662-E,International City,231342,Residential,Freehold,2001-04-28,2019-08-30,195384282,False,DEV-0154
PLOT-005303,788-A,Warqa,341076,Commercial,Freehold,2006-02-10,2015-07-14,151251706,True,DEV-0025
PLOT-005304,5852-A,Sports City,461614,Residential,Freehold,2017-07-30,2024-05-09,17295651,False,DEV-0102
PLOT-005305,6436-D,Dubai Creek Harbour,313636,Mixed,Freehold,2012-06-22,2021-02-26,249362400,False,DEV-0152
PLOT-005306,6999-A,Dubai Marina,417128,Residential,Freehold,2012-12-18,2020-12-12,239096107,False,DEV-0034
PLOT-005307,3386-E,Dubailand,113580,Commercial,Leasehold,2001-01-18,2021-11-05,361024056,False,DEV-0176
PLOT-005308,6506-A,Nad Al Sheba,122465,Mixed,Freehold,2023-03-19,2019-01-22,203511601,False,DEV-0081
PLOT-005309,4556-B,Al Wasl,225168,Commercial,Freehold,2015-08-23,2021-07-31,434078939,True,DEV-0069
PLOT-005310,2572-D,Dubai South,475030,Residential,Leasehold,2020-01-10,2015-10-05,86549389,True,DEV-0099
PLOT-005311,4267-A,JVC,155497,Commercial,Leasehold,2002-04-02,2016-09-21,344570864,False,DEV-0194
PLOT-005312,152-B,Dubailand,478607,Industrial,Freehold,2009-03-20,2016-05-22,184748526,False,DEV-0082
PLOT-005313,9544-E,DIFC,436087,Commercial,Leasehold,2000-12-22,2018-07-15,344950612,True,DEV-0122
PLOT-005314,5625-A,Sports City,107417,Residential,Freehold,2002-05-19,2018-09-29,208045357,True,DEV-0056
PLOT-005315,7016-C,Dubai Creek Harbour,253955,Mixed,Freehold,2023-07-08,2024-12-29,261285621,True,DEV-0140
PLOT-005316,670-D,Town Square,39513,Commercial,Leasehold,2012-01-15,2020-12-09,41305651,True,DEV-0041
PLOT-005317,1170-E,Motor City,21439,Residential,Freehold,2006-03-24,2024-09-15,463940234,False,DEV-0041
PLOT-005318,1610-B,Al Safa,156193,Residential,Leasehold,2013-12-25,2022-07-14,193327218,True,DEV-0071
PLOT-005319,5740-B,DIFC,162648,Residential,Freehold,2002-02-08,2017-06-16,276537959,False,DEV-0050
PLOT-005320,2948-A,Jumeirah,98927,Green,Leasehold,2009-10-26,2023-09-15,24590673,True,DEV-0078
PLOT-005321,2742-D,Mirdif,393632,Green,Leasehold,2015-06-27,2021-06-20,87558445,True,DEV-0171
PLOT-005322,6542-A,Warqa,60865,Industrial,Leasehold,2019-04-13,2022-07-22,336137079,False,DEV-0104
PLOT-005323,6417-B,Discovery Gardens,396481,Mixed,Freehold,2003-09-01,2023-06-08,13687575,True,DEV-0104
PLOT-005324,7028-C,Al Karama,63481,Residential,Freehold,2008-09-13,2018-09-12,123293955,False,DEV-0137
PLOT-005325,3670-A,Palm Jumeirah,414615,Mixed,Leasehold,2016-10-27,2021-01-26,108963981,True,DEV-0102
PLOT-005326,6539-E,Dubailand,234706,Industrial,Freehold,2005-12-12,2017-06-05,476026066,True,DEV-0032
PLOT-005327,6758-E,Dubai Marina,10471,Mixed,Leasehold,2018-08-26,2016-02-02,434125979,True,DEV-0129
PLOT-005328,4601-E,JVC,392674,Mixed,Freehold,2003-09-06,2020-12-03,393366642,False,DEV-0076
PLOT-005329,2952-B,Jebel Ali,494971,Mixed,Freehold,2010-10-15,2015-06-09,489788973,False,DEV-0157
PLOT-005330,387-D,Dubai Investment Park,198998,Residential,Leasehold,2000-05-10,2015-09-02,307891577,False,DEV-0021
PLOT-005331,9650-B,Palm Jumeirah,143142,Residential,Government,2013-08-20,2024-09-02,451588213,True,DEV-0082
PLOT-005332,4524-A,Umm Suqeim,440813,Mixed,Freehold,2010-03-17,2022-08-23,243908951,True,DEV-0038
PLOT-005333,1842-C,Al Twar,7191,Green,Freehold,2007-05-19,2018-06-03,239683956,True,DEV-0029
PLOT-005334,3833-D,Bur Dubai,477871,Residential,Leasehold,2016-07-19,2019-05-13,422424542,False,DEV-0176
PLOT-005335,8070-E,Al Twar,387248,Commercial,Government,2019-02-09,2020-01-31,272850826,True,DEV-0166
PLOT-005336,5190-C,Dubai Creek Harbour,280941,Mixed,Leasehold,2002-08-11,2024-11-05,283779968,True,DEV-0081
PLOT-005337,1278-E,Al Safa,205569,Residential,Freehold,2010-09-29,2024-10-30,9213548,True,DEV-0142
PLOT-005338,3703-D,JLT,288817,Industrial,Freehold,2009-04-24,2024-10-15,118125991,True,DEV-0055
PLOT-005339,171-C,Palm Jumeirah,420273,Commercial,Leasehold,2004-09-26,2022-05-17,109137802,False,DEV-0199
PLOT-005340,1196-B,Ras Al Khor,180029,Commercial,Freehold,2003-04-10,2021-10-05,427727644,False,DEV-0100
PLOT-005341,1989-D,Dubai Marina,370572,Commercial,Government,2021-03-03,2015-10-10,346470436,False,DEV-0186
PLOT-005342,6670-E,JLT,313453,Residential,Freehold,2010-11-07,2022-04-27,57312692,False,DEV-0189
PLOT-005343,9708-C,Dubai Land,387075,Residential,Freehold,2022-06-23,2022-07-16,306630137,False,DEV-0007
PLOT-005344,8855-B,Dubai Hills Estate,113157,Green,Leasehold,2001-12-15,2020-03-31,271970433,False,DEV-0140
PLOT-005345,3022-C,Deira,78399,Commercial,Leasehold,2023-08-31,2018-12-24,376619869,True,DEV-0131
PLOT-005346,5669-B,Dubai Hills Estate,34824,Commercial,Government,2002-05-04,2015-06-22,197416195,False,DEV-0040
PLOT-005347,3459-C,Muhaisnah,352446,Commercial,Freehold,2020-05-09,2023-12-02,201469077,False,DEV-0180
PLOT-005348,8199-D,JLT,229002,Mixed,Freehold,2004-08-08,2019-01-17,8814558,True,DEV-0044
PLOT-005349,6216-A,DIFC,408102,Commercial,Freehold,2015-09-03,2021-04-02,421618784,False,DEV-0035
PLOT-005350,9561-E,Sports City,233179,Mixed,Leasehold,2005-02-19,2018-01-22,448604465,True,DEV-0131
PLOT-005351,5045-A,Dubai South,444583,Residential,Freehold,2022-04-27,2016-08-31,205035847,False,DEV-0186
PLOT-005352,3858-D,Dubai Marina,310446,Commercial,Freehold,2012-01-15,2023-04-15,363515832,False,DEV-0010
PLOT-005353,5129-C,Nad Al Sheba,329906,Residential,Leasehold,2001-05-17,2024-02-07,259140080,False,DEV-0045
PLOT-005354,548-C,Business Bay,358907,Commercial,Freehold,2010-06-06,2023-09-17,4370252,True,DEV-0139
PLOT-005355,555-D,Deira,335612,Residential,Government,2023-06-07,2017-04-18,78127102,False,DEV-0082
PLOT-005356,7347-A,Discovery Gardens,438434,Commercial,Government,2023-01-12,2019-09-24,161562226,False,DEV-0165
PLOT-005357,1396-C,Sports City,91779,Commercial,Freehold,2009-10-29,2015-04-29,69726174,True,DEV-0052
PLOT-005358,4356-B,Emaar Beachfront,219864,Commercial,Freehold,2004-08-14,2018-11-28,383503993,False,DEV-0134
PLOT-005359,5266-A,Downtown Dubai,239032,Residential,Freehold,2010-12-04,2017-08-02,310664394,False,DEV-0050
PLOT-005360,7008-C,Bur Dubai,219279,Commercial,Leasehold,2007-09-14,2023-09-10,219960864,False,DEV-0115
PLOT-005361,6323-E,Dubai Investment Park,416235,Residential,Leasehold,2007-01-24,2024-11-04,81190791,True,DEV-0126
PLOT-005362,7173-C,Motor City,59421,Residential,Freehold,2013-05-08,2022-05-04,184742569,False,DEV-0026
PLOT-005363,5164-C,Palm Jumeirah,432867,Residential,Freehold,2023-08-29,2021-04-08,277811581,False,DEV-0166
PLOT-005364,449-B,Jebel Ali,16804,Residential,Freehold,2019-03-17,2020-01-10,357953634,True,DEV-0197
PLOT-005365,4913-C,Dubai Creek Harbour,428276,Residential,Government,2022-02-10,2019-04-23,367858142,True,DEV-0196
PLOT-005366,3801-A,Al Furjan,497722,Residential,Freehold,2017-01-05,2016-03-14,257816452,False,DEV-0184
PLOT-005367,1733-D,JVC,434717,Mixed,Leasehold,2016-03-21,2022-12-06,75852068,True,DEV-0128
PLOT-005368,5177-E,Warqa,127854,Residential,Leasehold,2015-09-08,2024-08-18,282331836,True,DEV-0151
PLOT-005369,9865-E,Al Twar,373130,Commercial,Leasehold,2023-11-09,2017-01-21,431419121,False,DEV-0089
PLOT-005370,5463-C,Al Wasl,477659,Mixed,Freehold,2023-05-26,2024-07-05,480193949,True,DEV-0141
PLOT-005371,5758-D,Mirdif,280217,Commercial,Freehold,2021-09-03,2019-09-13,456156015,False,DEV-0054
PLOT-005372,2888-E,Deira,92121,Mixed,Freehold,2004-02-11,2015-05-27,154976998,False,DEV-0034
PLOT-005373,8021-D,Al Karama,218961,Commercial,Leasehold,2019-01-14,2021-03-11,353303867,False,DEV-0037
PLOT-005374,9828-C,Al Wasl,345912,Green,Leasehold,2014-07-23,2019-05-30,249898580,True,DEV-0015
PLOT-005375,832-C,Umm Suqeim,418026,Industrial,Freehold,2005-06-05,2016-03-26,38823598,False,DEV-0127
PLOT-005376,6414-E,Al Twar,303329,Commercial,Leasehold,2018-07-14,2020-08-31,280290767,True,DEV-0158
PLOT-005377,9272-C,Mirdif,493544,Mixed,Freehold,2008-03-15,2022-09-05,295941502,False,DEV-0092
PLOT-005378,7722-A,Arabian Ranches,121413,Residential,Leasehold,2022-05-10,2018-11-17,153616755,False,DEV-0174
PLOT-005379,6102-D,Al Wasl,234756,Residential,Freehold,2008-12-02,2024-03-01,236469180,False,DEV-0046
PLOT-005380,5678-A,Bur Dubai,31211,Residential,Freehold,2008-11-10,2018-04-29,225227370,False,DEV-0130
PLOT-005381,6375-D,Dubai Hills Estate,191289,Residential,Leasehold,2006-05-26,2023-10-02,113882153,False,DEV-0125
PLOT-005382,484-E,Muhaisnah,434030,Green,Freehold,2003-09-09,2020-10-01,377113960,False,DEV-0038
PLOT-005383,7991-C,Palm Jumeirah,297362,Commercial,Government,2015-06-07,2015-03-23,477649706,True,DEV-0064
PLOT-005384,6829-C,Umm Suqeim,168185,Mixed,Leasehold,2002-01-11,2019-03-05,8476936,False,DEV-0175
PLOT-005385,6245-D,Dubai Investment Park,84488,Commercial,Freehold,2009-05-31,2021-10-01,138169367,False,DEV-0140
PLOT-005386,1252-B,Dubai Land,316175,Commercial,Freehold,2008-12-26,2019-10-02,366855697,True,DEV-0057
PLOT-005387,2220-B,Al Wasl,132669,Industrial,Freehold,2022-09-29,2020-03-29,42331991,True,DEV-0162
PLOT-005388,5832-A,Dubai Marina,272251,Commercial,Government,2015-07-30,2020-09-16,225805845,False,DEV-0189
PLOT-005389,6514-B,Dubai South,290053,Commercial,Leasehold,2009-12-07,2022-07-13,127345962,True,DEV-0124
PLOT-005390,9568-A,Arabian Ranches,91238,Commercial,Leasehold,2020-12-21,2022-01-26,433646505,False,DEV-0177
PLOT-005391,1009-C,Nad Al Sheba,25846,Residential,Leasehold,2016-05-14,2019-07-23,55844020,False,DEV-0057
PLOT-005392,200-C,Motor City,389260,Mixed,Government,2006-02-01,2020-05-09,449212136,False,DEV-0025
PLOT-005393,2903-A,Mirdif,74610,Mixed,Leasehold,2018-01-01,2023-01-13,467360144,False,DEV-0050
PLOT-005394,5833-B,Dubailand,46230,Mixed,Freehold,2015-04-14,2018-10-22,353263600,False,DEV-0191
PLOT-005395,2671-A,Emaar Beachfront,91995,Mixed,Freehold,2019-03-30,2016-06-05,50792429,False,DEV-0118
PLOT-005396,3204-A,Dubai Investment Park,139396,Industrial,Freehold,2006-09-08,2022-12-31,396050036,True,DEV-0182
PLOT-005397,683-D,Ras Al Khor,296192,Residential,Freehold,2002-09-20,2024-07-01,370172657,False,DEV-0135
PLOT-005398,1282-B,Sports City,92904,Green,Freehold,2018-01-06,2022-12-29,448975161,False,DEV-0069
PLOT-005399,4787-D,Emaar Beachfront,455921,Residential,Freehold,2009-10-16,2024-07-21,485638398,True,DEV-0079
PLOT-005400,6223-E,Nad Al Sheba,58690,Residential,Government,2019-06-22,2018-03-17,299984002,False,DEV-0148
PLOT-005401,1138-A,Mirdif,338665,Mixed,Leasehold,2012-11-18,2021-06-27,92584233,False,DEV-0020
PLOT-005402,9644-C,Business Bay,91849,Residential,Government,2010-06-03,2019-07-07,251056573,False,DEV-0047
PLOT-005403,4788-E,Al Furjan,205220,Residential,Government,2007-03-06,2016-04-14,123538727,True,DEV-0073
PLOT-005404,90-D,Dubailand,150859,Residential,Freehold,2017-07-19,2023-03-19,392137326,False,DEV-0168
PLOT-005405,3000-D,Al Satwa,472810,Residential,Freehold,2009-01-30,2020-09-16,164308972,True,DEV-0041
PLOT-005406,28-A,Dubai Land,420912,Residential,Freehold,2009-10-18,2022-12-10,29322888,True,DEV-0185
PLOT-005407,9445-E,Discovery Gardens,180470,Mixed,Government,2008-05-29,2023-03-07,172004792,False,DEV-0183
PLOT-005408,7495-B,Dubai South,368755,Residential,Leasehold,2015-03-17,2024-12-14,476717134,True,DEV-0106
PLOT-005409,2451-B,Al Mizhar,43578,Industrial,Leasehold,2000-06-07,2019-04-20,210321972,True,DEV-0182
PLOT-005410,6230-D,Dubai Creek Harbour,159084,Mixed,Freehold,2000-04-22,2021-11-18,167032342,False,DEV-0122
PLOT-005411,9923-C,Al Quoz,476259,Mixed,Freehold,2000-03-12,2015-04-24,422403530,True,DEV-0133
PLOT-005412,2465-B,Ras Al Khor,479017,Residential,Leasehold,2020-01-13,2021-11-04,320340702,False,DEV-0153
PLOT-005413,5272-D,JVC,302693,Mixed,Leasehold,2012-07-16,2019-06-09,495875599,False,DEV-0131
PLOT-005414,351-C,Al Satwa,349616,Residential,Leasehold,2000-04-29,2019-06-01,459066603,True,DEV-0183
PLOT-005415,9036-E,Dubailand,477887,Residential,Freehold,2006-06-30,2023-06-17,329162254,False,DEV-0119
PLOT-005416,7997-D,Mirdif,484807,Commercial,Leasehold,2016-07-01,2024-11-11,309908462,True,DEV-0126
PLOT-005417,1248-A,Discovery Gardens,66227,Residential,Freehold,2023-06-10,2022-06-26,432078227,False,DEV-0199
PLOT-005418,5272-E,Downtown Dubai,54115,Industrial,Leasehold,2007-07-01,2024-03-16,486606877,True,DEV-0008
PLOT-005419,1854-C,International City,176772,Residential,Freehold,2016-10-08,2024-11-02,334949870,False,DEV-0033
PLOT-005420,854-B,Al Safa,264090,Residential,Leasehold,2012-07-20,2020-03-11,386332039,False,DEV-0103
PLOT-005421,8162-B,Dubai Investment Park,498423,Residential,Leasehold,2016-03-15,2022-01-16,299956163,False,DEV-0177
PLOT-005422,3587-E,Dubai Land,475905,Residential,Leasehold,2010-06-24,2023-03-09,138548877,True,DEV-0054
PLOT-005423,3660-D,Al Satwa,147494,Industrial,Leasehold,2010-05-01,2018-12-21,115105349,False,DEV-0018
PLOT-005424,4575-E,Dubailand,225690,Residential,Leasehold,2007-06-25,2024-12-04,166379974,False,DEV-0014
PLOT-005425,364-A,Business Bay,357841,Residential,Government,2013-02-08,2016-03-18,40653095,True,DEV-0037
PLOT-005426,5797-C,Jebel Ali,470187,Residential,Freehold,2009-09-19,2019-02-06,81334593,False,DEV-0197
PLOT-005427,8520-B,Dubai Investment Park,239945,Industrial,Leasehold,2023-07-19,2024-11-10,498249133,False,DEV-0085
PLOT-005428,1332-D,Palm Jumeirah,315829,Commercial,Leasehold,2022-01-27,2023-03-26,365006338,False,DEV-0167
PLOT-005429,4544-E,Al Mizhar,487004,Residential,Freehold,2000-03-17,2015-10-02,131666117,True,DEV-0012
PLOT-005430,3449-D,International City,297057,Mixed,Leasehold,2010-07-26,2017-01-20,372260553,True,DEV-0065
PLOT-005431,6793-A,Al Safa,428043,Residential,Leasehold,2014-03-06,2023-02-13,259063066,False,DEV-0168
PLOT-005432,5671-E,Motor City,114423,Residential,Freehold,2010-03-25,2021-07-31,218327492,False,DEV-0082
PLOT-005433,8669-B,Al Twar,390127,Commercial,Leasehold,2014-04-24,2016-11-22,20549694,False,DEV-0107
PLOT-005434,301-C,Ras Al Khor,166481,Mixed,Freehold,2001-08-08,2019-07-03,208431489,True,DEV-0180
PLOT-005435,9664-E,Umm Suqeim,199298,Commercial,Government,2013-06-22,2018-04-29,17516176,True,DEV-0022
PLOT-005436,384-A,Warqa,26149,Commercial,Government,2003-11-28,2017-01-08,355596973,True,DEV-0113
PLOT-005437,4254-C,Umm Suqeim,422560,Industrial,Leasehold,2021-01-02,2020-01-08,312588901,False,DEV-0171
PLOT-005438,335-C,JLT,73317,Commercial,Freehold,2016-02-16,2024-02-05,285128508,True,DEV-0126
PLOT-005439,8513-D,Downtown Dubai,172327,Green,Leasehold,2004-11-22,2024-04-07,459855510,False,DEV-0140
PLOT-005440,9899-E,Al Barsha,28503,Residential,Freehold,2023-10-04,2015-01-27,115844067,False,DEV-0163
PLOT-005441,4862-A,Dubai South,245642,Residential,Freehold,2023-01-12,2018-04-10,388342854,False,DEV-0146
PLOT-005442,2729-B,Dubai Creek Harbour,265576,Residential,Freehold,2001-06-23,2017-04-22,135089065,False,DEV-0082
PLOT-005443,7271-C,Motor City,430317,Residential,Freehold,2000-10-22,2020-11-15,328015690,False,DEV-0098
PLOT-005444,1375-E,Dubai Marina,136268,Residential,Freehold,2004-10-05,2022-11-02,164041259,False,DEV-0026
PLOT-005445,1859-A,Bur Dubai,8237,Residential,Freehold,2020-09-30,2016-07-26,92800823,False,DEV-0071
PLOT-005446,672-E,Downtown Dubai,424158,Residential,Freehold,2012-04-18,2020-11-16,81543780,False,DEV-0181
PLOT-005447,8373-A,Dubai Marina,313407,Residential,Government,2000-12-23,2016-03-23,469477369,False,DEV-0138
PLOT-005448,5388-C,DIFC,225188,Commercial,Freehold,2020-09-18,2021-01-11,40543881,False,DEV-0196
PLOT-005449,8799-D,JLT,292514,Commercial,Freehold,2014-08-12,2017-06-22,48050485,True,DEV-0008
PLOT-005450,4529-B,Dubai Hills Estate,45724,Commercial,Freehold,2017-11-15,2024-11-16,73457564,False,DEV-0022
PLOT-005451,5512-C,Al Quoz,42443,Mixed,Freehold,2002-11-28,2023-10-12,65734526,False,DEV-0053
PLOT-005452,2869-D,Dubai Hills Estate,268997,Commercial,Leasehold,2012-05-27,2024-01-03,78748850,False,DEV-0186
PLOT-005453,6233-C,Mirdif,170988,Residential,Leasehold,2010-09-21,2017-08-18,308465816,True,DEV-0054
PLOT-005454,9717-E,Al Qusais,20972,Residential,Leasehold,2013-09-25,2017-09-14,55515160,False,DEV-0129
PLOT-005455,8023-E,JVC,490619,Commercial,Freehold,2015-10-24,2015-11-23,483973993,False,DEV-0045
PLOT-005456,5056-E,Dubai Creek Harbour,234944,Residential,Government,2018-06-13,2021-01-15,343175512,False,DEV-0173
PLOT-005457,6222-A,JLT,363960,Residential,Freehold,2002-03-13,2015-01-16,13925675,False,DEV-0063
PLOT-005458,3613-C,Muhaisnah,380097,Commercial,Freehold,2013-05-05,2018-09-05,351612130,False,DEV-0105
PLOT-005459,464-D,Al Mizhar,455176,Commercial,Government,2015-02-16,2016-12-08,144227593,False,DEV-0073
PLOT-005460,9542-A,Motor City,160980,Residential,Leasehold,2017-10-07,2019-08-24,142727662,True,DEV-0094
PLOT-005461,1798-E,DIFC,277538,Green,Freehold,2005-11-05,2023-11-25,345506718,False,DEV-0165
PLOT-005462,1222-E,Dubai Land,420483,Residential,Leasehold,2022-09-24,2018-06-05,314487738,True,DEV-0120
PLOT-005463,306-A,Dubai Investment Park,400095,Residential,Leasehold,2020-03-01,2020-10-14,357051399,True,DEV-0191
PLOT-005464,6932-A,Warqa,156983,Mixed,Leasehold,2019-09-17,2021-01-22,307343793,True,DEV-0039
PLOT-005465,2627-C,Dubailand,185209,Residential,Government,2001-08-14,2016-05-19,290945515,False,DEV-0019
PLOT-005466,7515-A,Dubai South,80400,Commercial,Freehold,2002-04-06,2019-02-18,379232037,False,DEV-0117
PLOT-005467,6475-D,Emaar Beachfront,415484,Mixed,Freehold,2022-02-18,2020-10-29,449200781,True,DEV-0108
PLOT-005468,8587-E,JVC,115542,Industrial,Freehold,2015-09-06,2022-04-29,463099658,False,DEV-0118
PLOT-005469,3577-E,Al Safa,94538,Residential,Freehold,2005-10-01,2018-12-17,13931921,False,DEV-0125
PLOT-005470,6356-E,Al Furjan,377985,Mixed,Freehold,2022-06-03,2024-07-01,275312881,True,DEV-0057
PLOT-005471,7315-B,Al Quoz,486595,Mixed,Leasehold,2013-04-20,2022-04-01,336143211,False,DEV-0048
PLOT-005472,6267-A,Al Barsha,491256,Commercial,Leasehold,2000-01-26,2020-07-06,48879649,True,DEV-0182
PLOT-005473,9405-E,Dubailand,242821,Residential,Freehold,2006-12-17,2016-12-09,180756278,False,DEV-0059
PLOT-005474,3984-C,Al Safa,293174,Green,Leasehold,2015-12-17,2023-02-13,347047831,False,DEV-0023
PLOT-005475,4018-D,Dubai Land,222751,Commercial,Freehold,2015-03-24,2015-08-09,294478882,True,DEV-0076
PLOT-005476,4416-E,Palm Jumeirah,279449,Residential,Leasehold,2009-09-29,2019-04-12,234380132,True,DEV-0093
PLOT-005477,524-D,Discovery Gardens,59684,Residential,Leasehold,2017-10-21,2024-11-12,289072861,True,DEV-0037
PLOT-005478,3283-B,JVC,6465,Commercial,Leasehold,2021-03-02,2017-11-28,347108365,True,DEV-0031
PLOT-005479,9959-D,Jebel Ali,290142,Mixed,Freehold,2012-07-28,2024-10-09,150919230,True,DEV-0084
PLOT-005480,2983-C,Dubai Marina,219612,Commercial,Leasehold,2000-10-31,2019-12-24,218349677,True,DEV-0039
PLOT-005481,9623-D,Dubailand,217957,Residential,Leasehold,2005-03-04,2016-03-18,199251651,False,DEV-0007
PLOT-005482,28-D,Arabian Ranches,46013,Industrial,Freehold,2000-04-03,2024-07-16,331512752,True,DEV-0096
PLOT-005483,7159-D,Business Bay,30151,Residential,Freehold,2015-05-23,2015-11-13,49425853,False,DEV-0164
PLOT-005484,8721-A,Muhaisnah,467794,Mixed,Leasehold,2012-05-17,2023-08-19,439391208,False,DEV-0023
PLOT-005485,657-D,Al Barsha,166350,Mixed,Leasehold,2011-10-26,2017-06-17,267213547,False,DEV-0065
PLOT-005486,8691-D,Al Barsha,449287,Green,Leasehold,2004-06-01,2017-04-17,371974992,False,DEV-0161
PLOT-005487,3303-E,Nad Al Sheba,478292,Residential,Leasehold,2018-01-18,2016-10-26,446162783,False,DEV-0195
PLOT-005488,7169-E,Al Qusais,60629,Commercial,Freehold,2018-03-02,2017-12-14,165135058,True,DEV-0028
PLOT-005489,1376-D,Dubai South,486222,Commercial,Freehold,2002-05-31,2019-09-25,165619742,False,DEV-0002
PLOT-005490,211-D,Dubai Hills Estate,435888,Residential,Freehold,2003-05-19,2024-10-11,117500086,True,DEV-0121
PLOT-005491,77-E,JVC,240461,Commercial,Leasehold,2004-03-11,2018-02-14,415505929,True,DEV-0101
PLOT-005492,6271-B,Al Safa,396139,Green,Leasehold,2010-10-07,2024-02-13,445534140,False,DEV-0048
PLOT-005493,9340-A,Nad Al Sheba,408710,Mixed,Freehold,2003-01-17,2021-12-09,422454570,False,DEV-0088
PLOT-005494,3989-D,JVC,473069,Residential,Government,2023-11-28,2024-07-11,255287436,True,DEV-0078
PLOT-005495,5774-C,Al Mizhar,155271,Residential,Government,2007-08-31,2023-01-15,16002411,True,DEV-0112
PLOT-005496,9616-E,Al Mizhar,439263,Mixed,Leasehold,2022-03-24,2015-08-25,459617113,False,DEV-0125
PLOT-005497,4212-A,Al Qusais,347980,Commercial,Leasehold,2023-01-01,2018-04-23,262327685,False,DEV-0009
PLOT-005498,4717-E,Discovery Gardens,452565,Mixed,Government,2017-11-28,2021-08-12,72285890,True,DEV-0138
PLOT-005499,4813-D,Al Satwa,55657,Residential,Freehold,2011-09-23,2021-06-05,309818391,False,DEV-0143
PLOT-005500,6686-A,Emaar Beachfront,249651,Mixed,Freehold,2000-06-13,2022-08-13,254254967,False,DEV-0095
PLOT-005501,3398-C,Town Square,381490,Industrial,Freehold,2004-05-06,2017-04-20,449646600,False,DEV-0080
PLOT-005502,8793-B,Al Karama,248000,Commercial,Freehold,2023-03-13,2018-03-18,257772045,False,DEV-0084
PLOT-005503,3150-C,Discovery Gardens,67915,Residential,Government,2014-07-12,2015-03-07,252915075,False,DEV-0038
PLOT-005504,2486-D,Mirdif,281026,Commercial,Leasehold,2003-04-08,2016-03-11,161682957,True,DEV-0099
PLOT-005505,967-B,Dubai Land,139341,Commercial,Freehold,2016-11-19,2019-09-30,137708007,False,DEV-0115
PLOT-005506,2943-C,Town Square,395084,Industrial,Freehold,2008-09-13,2020-07-25,333531735,False,DEV-0001
PLOT-005507,665-B,Nad Al Sheba,248950,Residential,Leasehold,2009-11-17,2023-02-06,46750092,False,DEV-0113
PLOT-005508,2994-D,Muhaisnah,490376,Commercial,Leasehold,2013-08-12,2015-08-28,77740699,True,DEV-0065
PLOT-005509,1564-A,Palm Jumeirah,228798,Residential,Leasehold,2021-04-05,2017-08-03,225579963,False,DEV-0066
PLOT-005510,5505-C,Umm Suqeim,80764,Residential,Freehold,2013-09-10,2016-11-08,340124512,False,DEV-0126
PLOT-005511,5530-E,DIFC,192611,Mixed,Government,2000-03-17,2021-07-12,36367118,True,DEV-0073
PLOT-005512,2618-E,Bur Dubai,47460,Residential,Freehold,2000-07-03,2019-03-19,53200088,False,DEV-0034
PLOT-005513,2798-B,Al Twar,415091,Commercial,Leasehold,2002-09-09,2015-04-04,251492993,True,DEV-0134
PLOT-005514,8504-E,Al Mizhar,101885,Industrial,Leasehold,2001-11-08,2021-06-24,385381118,True,DEV-0015
PLOT-005515,6464-E,Sports City,174597,Commercial,Freehold,2010-10-14,2023-04-28,29792359,False,DEV-0081
PLOT-005516,3502-B,Al Safa,28674,Residential,Leasehold,2003-02-11,2016-02-03,337428927,True,DEV-0091
PLOT-005517,2695-B,Dubai South,15536,Green,Freehold,2010-11-13,2022-05-21,57677653,False,DEV-0045
PLOT-005518,5078-B,International City,477641,Commercial,Leasehold,2022-10-24,2015-01-18,109517917,False,DEV-0139
PLOT-005519,4490-D,Palm Jumeirah,185542,Mixed,Freehold,2011-12-26,2020-08-13,185936049,True,DEV-0159
PLOT-005520,8725-A,Al Mizhar,97137,Residential,Freehold,2005-10-13,2020-06-23,462734922,False,DEV-0144
PLOT-005521,956-C,Warqa,313660,Residential,Freehold,2015-04-26,2016-05-03,72724698,False,DEV-0089
PLOT-005522,6106-D,Al Wasl,384434,Commercial,Freehold,2012-05-16,2015-05-31,217440700,False,DEV-0145
PLOT-005523,7612-D,Jebel Ali,175724,Mixed,Leasehold,2022-08-24,2023-04-17,461999221,True,DEV-0020
PLOT-005524,911-B,Ras Al Khor,52429,Industrial,Freehold,2015-09-20,2017-01-02,56967748,False,DEV-0159
PLOT-005525,7912-E,Al Twar,22959,Residential,Leasehold,2023-01-08,2018-04-29,175368244,False,DEV-0198
PLOT-005526,8153-D,Discovery Gardens,25959,Residential,Leasehold,2018-09-17,2016-06-14,269196009,True,DEV-0009
PLOT-005527,9357-C,International City,121664,Residential,Freehold,2008-11-06,2015-06-02,310424648,True,DEV-0163
PLOT-005528,1148-A,Discovery Gardens,148890,Industrial,Leasehold,2017-12-14,2021-06-06,143011530,True,DEV-0075
PLOT-005529,1499-A,JVC,292949,Mixed,Freehold,2016-04-04,2015-08-29,195900410,False,DEV-0068
PLOT-005530,7845-E,Ras Al Khor,280764,Commercial,Freehold,2010-10-16,2023-02-01,206112191,False,DEV-0177
PLOT-005531,4645-B,Mirdif,269622,Residential,Freehold,2017-10-01,2020-02-22,352177095,True,DEV-0101
PLOT-005532,4819-C,Al Twar,362904,Residential,Government,2012-12-14,2017-12-25,368029113,False,DEV-0041
PLOT-005533,600-E,Dubai Investment Park,200123,Mixed,Leasehold,2014-12-06,2020-11-12,460145213,True,DEV-0029
PLOT-005534,666-A,Dubailand,449744,Commercial,Freehold,2017-10-08,2023-03-10,13779828,False,DEV-0168
PLOT-005535,2242-B,International City,459135,Residential,Freehold,2013-01-05,2023-06-15,291957239,True,DEV-0084
PLOT-005536,1154-B,Jebel Ali,349100,Residential,Freehold,2009-05-27,2023-05-05,87606939,True,DEV-0114
PLOT-005537,6795-C,Deira,167588,Commercial,Freehold,2021-11-02,2021-08-16,19246447,False,DEV-0017
PLOT-005538,7131-A,Motor City,469114,Mixed,Leasehold,2022-05-18,2017-06-10,375348448,False,DEV-0070
PLOT-005539,3069-A,Jumeirah,247402,Commercial,Leasehold,2019-10-04,2018-01-16,179974718,False,DEV-0142
PLOT-005540,7696-B,Deira,473083,Residential,Government,2011-01-15,2015-05-29,49131743,False,DEV-0172
PLOT-005541,5613-E,Umm Suqeim,159944,Residential,Freehold,2006-06-22,2022-07-31,71285292,False,DEV-0143
PLOT-005542,8572-B,Motor City,146447,Commercial,Government,2010-04-20,2024-02-15,25393203,True,DEV-0044
PLOT-005543,2997-D,Dubai Creek Harbour,386622,Mixed,Freehold,2014-06-21,2021-07-02,318623323,False,DEV-0157
PLOT-005544,6716-C,Downtown Dubai,494692,Commercial,Government,2020-06-20,2017-12-20,250654284,True,DEV-0100
PLOT-005545,457-A,Al Twar,139574,Mixed,Leasehold,2012-07-26,2019-10-30,137472695,False,DEV-0057
PLOT-005546,3956-E,Dubai Creek Harbour,61799,Mixed,Leasehold,2005-05-31,2022-11-26,259900534,False,DEV-0114
PLOT-005547,4966-D,Dubai Creek Harbour,404651,Mixed,Freehold,2002-09-04,2017-12-31,486334347,False,DEV-0090
PLOT-005548,1313-A,Downtown Dubai,74705,Mixed,Leasehold,2014-08-03,2017-08-26,90792406,False,DEV-0187
PLOT-005549,2501-D,Downtown Dubai,47756,Green,Government,2017-04-10,2015-08-29,97919626,False,DEV-0159
PLOT-005550,8617-A,Mirdif,296376,Residential,Freehold,2023-06-16,2022-12-24,157789684,True,DEV-0141
PLOT-005551,6703-B,Bur Dubai,448147,Residential,Freehold,2019-07-10,2021-01-26,334837850,False,DEV-0040
PLOT-005552,7151-B,International City,465006,Commercial,Leasehold,2005-08-16,2024-01-13,435460012,False,DEV-0128
PLOT-005553,2592-A,Nad Al Sheba,484824,Commercial,Government,2001-06-07,2016-09-25,92080622,False,DEV-0029
PLOT-005554,8246-E,Al Twar,475958,Residential,Leasehold,2002-08-31,2019-06-21,429682952,False,DEV-0071
PLOT-005555,3907-D,Downtown Dubai,349473,Mixed,Freehold,2012-05-15,2021-10-30,490424148,False,DEV-0133
PLOT-005556,3842-D,Palm Jumeirah,196241,Residential,Government,2018-09-02,2018-05-19,417682720,False,DEV-0011
PLOT-005557,4628-C,Al Furjan,377289,Industrial,Freehold,2008-04-20,2021-11-17,374115832,False,DEV-0181
PLOT-005558,2370-B,Al Satwa,437167,Commercial,Government,2021-12-01,2015-01-25,339752294,False,DEV-0072
PLOT-005559,2535-E,International City,271208,Industrial,Government,2019-06-23,2016-07-31,308962530,True,DEV-0012
PLOT-005560,1981-D,Downtown Dubai,202872,Residential,Freehold,2013-06-18,2017-09-09,268495608,True,DEV-0192
PLOT-005561,5620-E,Dubai South,331429,Mixed,Leasehold,2006-12-28,2015-06-08,46238094,False,DEV-0192
PLOT-005562,4942-C,Al Mizhar,108250,Mixed,Leasehold,2008-04-10,2015-10-04,291468692,True,DEV-0003
PLOT-005563,9503-C,Warqa,16598,Residential,Leasehold,2008-08-26,2017-01-05,39346498,False,DEV-0181
PLOT-005564,8003-D,Dubai Land,324359,Industrial,Leasehold,2011-07-01,2017-11-26,11901755,False,DEV-0176
PLOT-005565,2125-B,Dubai Marina,16549,Residential,Freehold,2003-11-20,2020-01-22,239799639,False,DEV-0146
PLOT-005566,2341-E,Dubai Land,166431,Mixed,Freehold,2001-11-30,2016-01-07,400001170,True,DEV-0152
PLOT-005567,7568-E,Bur Dubai,96623,Residential,Freehold,2010-08-29,2022-09-23,422241457,True,DEV-0198
PLOT-005568,3686-D,Downtown Dubai,256803,Commercial,Freehold,2016-09-02,2017-04-17,92876276,False,DEV-0129
PLOT-005569,7401-C,Al Qusais,253883,Commercial,Freehold,2004-05-23,2021-06-29,387973987,False,DEV-0027
PLOT-005570,4016-E,Deira,360933,Commercial,Leasehold,2012-12-10,2018-07-30,391907020,False,DEV-0137
PLOT-005571,8627-E,Bur Dubai,44463,Residential,Government,2001-01-16,2015-03-13,440822493,False,DEV-0192
PLOT-005572,7243-B,Al Quoz,229685,Residential,Freehold,2012-04-18,2022-05-12,172072721,False,DEV-0085
PLOT-005573,1122-C,Sports City,458277,Mixed,Freehold,2011-02-26,2020-02-11,482160859,False,DEV-0093
PLOT-005574,4142-D,Al Twar,350490,Industrial,Freehold,2019-10-25,2019-08-12,289399973,False,DEV-0034
PLOT-005575,9197-D,Dubai Investment Park,458414,Commercial,Leasehold,2003-07-03,2020-01-08,325572088,True,DEV-0179
PLOT-005576,6661-D,Al Karama,67840,Mixed,Leasehold,2003-08-30,2019-10-13,276537208,False,DEV-0108
PLOT-005577,3892-B,Bur Dubai,5593,Residential,Government,2016-07-01,2017-07-30,420393391,True,DEV-0025
PLOT-005578,3083-E,Al Mizhar,159150,Residential,Leasehold,2008-03-22,2024-01-13,106169128,True,DEV-0024
PLOT-005579,5916-A,Al Barsha,255428,Industrial,Leasehold,2013-12-08,2024-03-31,230938309,False,DEV-0118
PLOT-005580,2454-E,Dubai South,217363,Commercial,Leasehold,2012-12-14,2018-07-29,216201988,False,DEV-0069
PLOT-005581,5281-C,Al Barsha,71557,Mixed,Freehold,2003-11-23,2015-06-11,492398244,False,DEV-0079
PLOT-005582,7274-D,Al Quoz,153452,Residential,Leasehold,2009-05-11,2022-12-22,31441370,True,DEV-0028
PLOT-005583,6135-E,International City,76242,Residential,Freehold,2017-11-05,2024-04-12,253130319,False,DEV-0143
PLOT-005584,1655-A,Dubai Marina,394169,Mixed,Leasehold,2012-01-09,2018-02-19,351306014,False,DEV-0182
PLOT-005585,3741-B,Dubai Land,484132,Residential,Leasehold,2021-08-20,2020-01-02,277795940,True,DEV-0038
PLOT-005586,1727-E,Al Mizhar,89217,Commercial,Leasehold,2021-09-05,2015-07-21,423007933,True,DEV-0123
PLOT-005587,7830-E,Al Satwa,179732,Residential,Leasehold,2002-02-26,2024-04-18,168202809,False,DEV-0166
PLOT-005588,2835-E,Jumeirah,35935,Residential,Freehold,2005-02-27,2019-03-02,93528866,False,DEV-0094
PLOT-005589,2807-E,Al Safa,37297,Residential,Freehold,2023-07-12,2018-09-12,363038497,True,DEV-0113
PLOT-005590,8979-E,Ras Al Khor,75786,Residential,Freehold,2021-02-01,2015-02-06,78725840,True,DEV-0043
PLOT-005591,9777-A,Al Karama,372442,Mixed,Leasehold,2007-10-13,2024-03-25,203060958,True,DEV-0011
PLOT-005592,4740-C,Al Wasl,47187,Residential,Freehold,2018-12-31,2016-07-12,191454654,False,DEV-0012
PLOT-005593,9998-E,Dubai Investment Park,432487,Mixed,Freehold,2008-10-28,2015-04-12,466134785,False,DEV-0100
PLOT-005594,8220-B,Ras Al Khor,280124,Residential,Freehold,2000-05-09,2016-07-08,121499146,False,DEV-0041
PLOT-005595,9387-E,Al Twar,124805,Mixed,Freehold,2022-04-15,2018-09-10,411281543,False,DEV-0073
PLOT-005596,5626-E,Dubai South,335558,Residential,Freehold,2020-03-13,2022-08-31,205366625,False,DEV-0175
PLOT-005597,9797-D,Al Wasl,95424,Residential,Leasehold,2014-08-23,2021-10-19,172939104,False,DEV-0057
PLOT-005598,8120-C,Emaar Beachfront,121889,Residential,Freehold,2013-10-01,2020-09-23,189030712,False,DEV-0121
PLOT-005599,1789-B,Dubai Creek Harbour,341867,Mixed,Freehold,2015-05-07,2017-12-04,323558666,False,DEV-0190
PLOT-005600,3303-B,Al Wasl,96392,Residential,Government,2000-02-18,2023-12-01,57029707,True,DEV-0103
PLOT-005601,7481-E,Dubai Marina,18229,Residential,Freehold,2001-04-03,2015-01-02,232380029,False,DEV-0070
PLOT-005602,4439-B,Dubai Hills Estate,178067,Commercial,Leasehold,2007-08-29,2018-04-27,145089214,False,DEV-0081
PLOT-005603,3673-E,Al Furjan,332476,Residential,Freehold,2022-04-11,2023-04-22,223710095,False,DEV-0097
PLOT-005604,4116-A,Sports City,439723,Residential,Leasehold,2005-09-24,2019-07-11,273975334,True,DEV-0182
PLOT-005605,8453-B,International City,172652,Commercial,Leasehold,2017-12-22,2017-06-08,263932055,True,DEV-0042
PLOT-005606,2247-C,Ras Al Khor,496825,Residential,Freehold,2011-12-16,2018-01-05,457068224,False,DEV-0090
PLOT-005607,7919-E,Bur Dubai,152097,Residential,Freehold,2019-07-03,2016-05-07,188773821,True,DEV-0022
PLOT-005608,385-B,Deira,367689,Residential,Leasehold,2016-04-29,2018-03-19,186139886,True,DEV-0006
PLOT-005609,7792-C,Umm Suqeim,184702,Mixed,Freehold,2004-10-17,2023-12-27,199099678,False,DEV-0076
PLOT-005610,7518-E,JLT,105100,Residential,Freehold,2004-07-13,2016-03-15,459058832,False,DEV-0156
PLOT-005611,4637-C,Downtown Dubai,220490,Residential,Freehold,2011-10-08,2016-08-03,283796831,False,DEV-0086
PLOT-005612,7423-E,Palm Jumeirah,232592,Mixed,Government,2000-07-11,2023-11-06,189049376,True,DEV-0132
PLOT-005613,3819-E,Al Safa,202367,Commercial,Freehold,2017-01-20,2023-05-16,379768207,False,DEV-0040
PLOT-005614,7146-E,Ras Al Khor,487762,Mixed,Government,2015-01-19,2016-07-11,135714871,False,DEV-0178
PLOT-005615,2965-A,Dubai South,426017,Residential,Freehold,2002-03-14,2018-07-08,450215874,False,DEV-0105
PLOT-005616,4802-C,Al Mizhar,65509,Mixed,Leasehold,2013-02-18,2018-09-03,384880453,False,DEV-0069
PLOT-005617,409-B,Dubai Hills Estate,265006,Commercial,Leasehold,2015-11-30,2016-08-15,305843852,False,DEV-0087
PLOT-005618,345-D,Dubai South,176812,Residential,Government,2006-09-07,2023-04-17,384998517,False,DEV-0142
PLOT-005619,2285-B,Muhaisnah,481908,Mixed,Freehold,2003-10-12,2020-05-02,36196113,True,DEV-0183
PLOT-005620,5883-A,Ras Al Khor,367807,Mixed,Government,2000-07-23,2020-02-10,169444743,True,DEV-0111
PLOT-005621,6337-E,Muhaisnah,132597,Commercial,Freehold,2007-09-08,2022-10-24,8616630,True,DEV-0007
PLOT-005622,8669-D,Al Wasl,306096,Commercial,Freehold,2009-01-22,2023-05-19,444865127,True,DEV-0033
PLOT-005623,2744-C,Sports City,88658,Residential,Freehold,2001-12-01,2021-11-30,129407295,True,DEV-0019
PLOT-005624,419-A,Deira,416031,Residential,Leasehold,2004-03-14,2023-10-16,136901216,False,DEV-0155
PLOT-005625,217-E,Muhaisnah,36273,Mixed,Leasehold,2023-08-20,2017-05-02,459256960,False,DEV-0056
PLOT-005626,9683-D,Jumeirah,360125,Commercial,Freehold,2013-09-17,2018-11-09,195985521,False,DEV-0116
PLOT-005627,3968-A,Al Barsha,231244,Industrial,Leasehold,2007-03-20,2016-07-04,494417102,False,DEV-0184
PLOT-005628,1960-C,Umm Suqeim,100469,Mixed,Freehold,2010-01-09,2022-12-04,192126738,False,DEV-0153
PLOT-005629,5337-D,Dubai Land,171701,Commercial,Government,2013-04-30,2020-05-28,158580669,False,DEV-0149
PLOT-005630,1148-B,Business Bay,26354,Residential,Government,2005-10-21,2021-12-23,372618763,True,DEV-0117
PLOT-005631,552-C,Arabian Ranches,305233,Residential,Freehold,2004-05-18,2015-01-11,283551474,True,DEV-0112
PLOT-005632,9460-A,Motor City,475635,Residential,Freehold,2014-06-23,2015-12-03,191211216,False,DEV-0076
PLOT-005633,836-B,Discovery Gardens,402962,Commercial,Freehold,2016-10-26,2022-05-24,327703086,False,DEV-0083
PLOT-005634,2023-B,Al Qusais,489498,Industrial,Freehold,2004-09-28,2019-01-10,449593855,True,DEV-0037
PLOT-005635,2558-E,Motor City,214931,Mixed,Leasehold,2013-06-20,2021-02-08,411895135,True,DEV-0147
PLOT-005636,7484-D,JVC,378493,Industrial,Leasehold,2011-12-06,2020-09-28,103676375,False,DEV-0080
PLOT-005637,3600-A,JVC,20992,Residential,Government,2005-12-17,2022-07-22,387542145,True,DEV-0100
PLOT-005638,9147-C,Al Safa,453641,Mixed,Freehold,2013-12-28,2018-03-02,431381225,True,DEV-0021
PLOT-005639,4392-C,Al Quoz,402121,Commercial,Freehold,2010-04-14,2023-06-08,81564092,True,DEV-0057
PLOT-005640,2248-B,Muhaisnah,240047,Residential,Freehold,2016-08-15,2023-03-08,154980299,True,DEV-0031
PLOT-005641,2270-E,Bur Dubai,400682,Residential,Leasehold,2022-09-08,2020-10-22,216329168,False,DEV-0052
PLOT-005642,6399-D,Al Karama,145174,Commercial,Freehold,2021-03-19,2020-12-22,412228667,False,DEV-0037
PLOT-005643,3100-C,Palm Jumeirah,492591,Commercial,Freehold,2012-04-26,2017-04-25,57979838,True,DEV-0082
PLOT-005644,2306-A,Deira,354795,Mixed,Leasehold,2009-06-23,2015-07-08,313412855,False,DEV-0081
PLOT-005645,3235-B,Jumeirah,323742,Commercial,Freehold,2014-07-13,2024-05-09,63247373,True,DEV-0145
PLOT-005646,8652-E,Dubai Investment Park,125565,Industrial,Freehold,2004-11-24,2020-09-17,379728087,False,DEV-0138
PLOT-005647,62-C,Al Mizhar,295545,Industrial,Leasehold,2008-04-17,2015-11-11,67383091,False,DEV-0184
PLOT-005648,7391-D,Dubai Hills Estate,21878,Residential,Government,2021-12-03,2022-12-11,17619004,True,DEV-0113
PLOT-005649,4417-B,Mirdif,417083,Green,Leasehold,2006-05-03,2020-01-05,278943551,False,DEV-0178
PLOT-005650,7173-C,Dubai South,140294,Mixed,Freehold,2015-03-23,2016-11-06,51159998,False,DEV-0126
PLOT-005651,274-D,International City,293037,Residential,Freehold,2015-07-22,2018-12-02,381672427,False,DEV-0029
PLOT-005652,2948-C,Motor City,224464,Commercial,Freehold,2001-07-18,2021-03-03,40228485,False,DEV-0014
PLOT-005653,9536-D,Dubailand,307167,Residential,Leasehold,2021-09-01,2023-03-30,330425735,False,DEV-0004
PLOT-005654,4844-C,Dubai Investment Park,41307,Mixed,Leasehold,2013-06-20,2019-02-10,328303732,False,DEV-0040
PLOT-005655,2179-C,Business Bay,399234,Residential,Freehold,2007-04-09,2018-06-18,197607340,False,DEV-0168
PLOT-005656,2061-E,Dubai Investment Park,452327,Residential,Leasehold,2000-09-01,2017-09-16,304967813,False,DEV-0187
PLOT-005657,2547-D,Al Mizhar,104668,Residential,Leasehold,2008-08-12,2018-10-05,291171968,False,DEV-0034
PLOT-005658,5344-C,Jumeirah,478414,Residential,Freehold,2015-04-18,2021-12-07,420256647,False,DEV-0183
PLOT-005659,5922-B,DIFC,231957,Residential,Government,2011-09-09,2018-01-22,50074430,True,DEV-0107
PLOT-005660,9711-E,Palm Jumeirah,62244,Industrial,Freehold,2004-05-09,2024-07-16,199023357,False,DEV-0001
PLOT-005661,8159-B,Umm Suqeim,103335,Mixed,Freehold,2001-10-25,2021-04-26,300173261,False,DEV-0009
PLOT-005662,4434-B,Muhaisnah,373862,Green,Freehold,2007-09-14,2020-08-27,388399795,False,DEV-0116
PLOT-005663,3579-B,Mirdif,19131,Mixed,Leasehold,2014-06-05,2023-12-01,21432903,True,DEV-0076
PLOT-005664,5834-D,Al Karama,289060,Commercial,Leasehold,2014-05-13,2023-09-25,54293732,False,DEV-0087
PLOT-005665,7807-A,Al Satwa,402724,Residential,Freehold,2008-09-26,2024-04-19,476518458,False,DEV-0145
PLOT-005666,2395-E,Dubai Hills Estate,491193,Green,Government,2006-09-22,2022-09-09,158019291,False,DEV-0151
PLOT-005667,9412-D,Dubai Marina,178225,Commercial,Leasehold,2020-02-23,2015-10-28,452249176,False,DEV-0031
PLOT-005668,2616-B,Dubai Land,359731,Mixed,Leasehold,2019-12-29,2017-09-26,116674960,True,DEV-0160
PLOT-005669,2188-B,Dubai Hills Estate,123103,Residential,Freehold,2013-06-10,2015-08-02,140705944,False,DEV-0172
PLOT-005670,1934-E,Nad Al Sheba,9795,Residential,Leasehold,2009-02-13,2023-09-30,374524040,True,DEV-0147
PLOT-005671,8290-A,Palm Jumeirah,392950,Commercial,Government,2007-11-10,2018-09-29,104419956,True,DEV-0004
PLOT-005672,9996-E,Al Satwa,381672,Commercial,Leasehold,2005-10-23,2018-02-12,362483914,True,DEV-0091
PLOT-005673,9065-B,Motor City,311460,Residential,Leasehold,2012-11-17,2020-03-26,74724834,True,DEV-0002
PLOT-005674,3085-C,Sports City,381130,Residential,Leasehold,2004-12-28,2015-12-08,234815248,True,DEV-0075
PLOT-005675,5297-E,International City,181996,Mixed,Freehold,2002-03-24,2021-03-02,6094737,False,DEV-0109
PLOT-005676,9069-C,Dubai South,483037,Residential,Freehold,2003-10-26,2016-09-11,498687160,False,DEV-0077
PLOT-005677,8257-B,Jebel Ali,281278,Commercial,Freehold,2000-06-13,2021-10-09,113939224,True,DEV-0008
PLOT-005678,5608-C,Al Twar,43127,Mixed,Freehold,2000-08-17,2022-03-11,28901697,False,DEV-0178
PLOT-005679,8882-E,Al Wasl,477420,Residential,Freehold,2010-02-02,2016-08-22,249655437,True,DEV-0067
PLOT-005680,6909-D,Dubai Land,307343,Commercial,Leasehold,2014-10-13,2024-03-17,444720267,True,DEV-0002
PLOT-005681,9154-C,Muhaisnah,66364,Mixed,Government,2017-05-11,2016-12-06,56136962,False,DEV-0119
PLOT-005682,5591-D,Al Satwa,249007,Commercial,Freehold,2007-01-07,2024-03-13,81558178,False,DEV-0032
PLOT-005683,1403-B,Nad Al Sheba,53174,Mixed,Leasehold,2012-01-28,2023-09-23,152330630,False,DEV-0032
PLOT-005684,9031-C,Jumeirah,11134,Green,Leasehold,2001-02-22,2018-04-10,326823966,True,DEV-0140
PLOT-005685,1197-B,Motor City,120874,Commercial,Leasehold,2015-09-03,2017-05-19,180464730,False,DEV-0041
PLOT-005686,791-B,Dubai Marina,427445,Residential,Government,2019-05-03,2016-04-29,488695169,False,DEV-0146
PLOT-005687,8029-A,Dubai Creek Harbour,69309,Commercial,Freehold,2014-06-26,2015-03-12,458577162,False,DEV-0180
PLOT-005688,7244-A,Bur Dubai,254729,Residential,Freehold,2002-10-19,2021-07-21,334863520,False,DEV-0058
PLOT-005689,9330-B,Nad Al Sheba,348957,Residential,Government,2000-05-31,2024-11-09,36905250,False,DEV-0067
PLOT-005690,3025-D,Dubai Investment Park,328809,Mixed,Freehold,2017-05-22,2015-08-28,468691362,False,DEV-0029
PLOT-005691,188-A,Dubai Creek Harbour,265591,Residential,Freehold,2002-08-25,2019-08-18,407293532,False,DEV-0137
PLOT-005692,2492-C,Discovery Gardens,401460,Commercial,Leasehold,2014-03-29,2023-12-24,134255616,True,DEV-0142
PLOT-005693,7558-C,Town Square,226851,Commercial,Freehold,2023-09-15,2016-06-14,260485589,True,DEV-0173
PLOT-005694,3655-C,Dubai Creek Harbour,65110,Residential,Freehold,2000-08-23,2023-01-30,348762505,False,DEV-0173
PLOT-005695,1675-E,Palm Jumeirah,147583,Residential,Leasehold,2003-12-29,2017-03-23,144241760,True,DEV-0129
PLOT-005696,1009-C,Al Quoz,468996,Green,Freehold,2003-03-11,2019-08-10,347107982,False,DEV-0103
PLOT-005697,7984-A,Dubai Marina,12312,Commercial,Freehold,2008-12-31,2016-04-25,482760290,False,DEV-0059
PLOT-005698,2155-A,Business Bay,100130,Residential,Leasehold,2003-03-18,2016-04-13,146477613,False,DEV-0177
PLOT-005699,4779-B,JVC,233948,Residential,Freehold,2001-06-06,2022-04-03,367978331,False,DEV-0015
PLOT-005700,1438-B,Al Furjan,35153,Residential,Leasehold,2014-09-28,2016-12-27,366474213,False,DEV-0037
PLOT-005701,5674-A,Al Barsha,428151,Mixed,Leasehold,2019-02-09,2020-03-30,239446933,True,DEV-0083
PLOT-005702,7233-A,Palm Jumeirah,352378,Residential,Freehold,2019-08-31,2018-02-15,305038253,True,DEV-0193
PLOT-005703,719-B,Downtown Dubai,49840,Residential,Freehold,2018-05-19,2016-11-17,165845326,False,DEV-0138
PLOT-005704,6848-B,Mirdif,64541,Residential,Government,2016-09-16,2018-08-02,328364751,False,DEV-0175
PLOT-005705,7270-A,Downtown Dubai,391211,Commercial,Government,2001-02-11,2021-02-03,461048150,True,DEV-0166
PLOT-005706,8469-A,Al Wasl,316869,Green,Freehold,2007-01-13,2020-05-28,453557308,True,DEV-0031
PLOT-005707,4789-D,DIFC,466100,Residential,Freehold,2002-12-06,2022-08-21,273449571,False,DEV-0012
PLOT-005708,4173-B,Discovery Gardens,313238,Residential,Freehold,2020-04-13,2021-10-14,53349967,False,DEV-0052
PLOT-005709,4460-D,JVC,292894,Commercial,Freehold,2023-09-22,2018-03-10,159937232,True,DEV-0144
PLOT-005710,9325-A,Town Square,260613,Commercial,Freehold,2017-09-27,2018-05-03,281016553,False,DEV-0040
PLOT-005711,3737-E,Downtown Dubai,6576,Residential,Leasehold,2007-02-16,2015-12-30,219180945,True,DEV-0132
PLOT-005712,6162-A,Jumeirah,454110,Commercial,Freehold,2001-07-15,2019-06-12,220777464,True,DEV-0016
PLOT-005713,6119-A,Dubai Marina,493775,Mixed,Government,2021-04-24,2020-05-05,359530768,True,DEV-0057
PLOT-005714,3411-C,JVC,469414,Commercial,Freehold,2015-02-06,2016-03-07,41904596,True,DEV-0167
PLOT-005715,8723-A,JVC,402028,Commercial,Leasehold,2010-06-27,2015-05-27,238563166,True,DEV-0081
PLOT-005716,5474-C,Jebel Ali,76528,Mixed,Freehold,2005-06-29,2020-04-03,317257351,False,DEV-0105
PLOT-005717,1510-B,Al Furjan,48284,Residential,Freehold,2008-02-24,2022-12-15,491581944,False,DEV-0095
PLOT-005718,2636-C,Al Twar,313203,Residential,Leasehold,2021-04-01,2024-05-30,86341209,False,DEV-0191
PLOT-005719,7503-A,Motor City,497302,Residential,Freehold,2018-08-24,2024-04-17,455632444,False,DEV-0093
PLOT-005720,7282-C,Ras Al Khor,81208,Commercial,Leasehold,2000-07-01,2017-08-08,34966636,True,DEV-0008
PLOT-005721,6116-B,Muhaisnah,458720,Residential,Leasehold,2003-10-15,2016-05-08,332753147,True,DEV-0036
PLOT-005722,4791-C,Al Safa,452179,Mixed,Leasehold,2016-08-13,2020-08-21,330764995,False,DEV-0010
PLOT-005723,6854-D,Dubai Land,224056,Mixed,Leasehold,2010-12-11,2021-07-06,257408907,True,DEV-0069
PLOT-005724,4630-C,Dubai Marina,133396,Commercial,Leasehold,2008-12-07,2023-07-02,428883472,False,DEV-0102
PLOT-005725,1360-C,Dubai South,253194,Mixed,Leasehold,2023-06-29,2018-03-10,485236206,True,DEV-0168
PLOT-005726,9585-B,Al Quoz,70169,Residential,Leasehold,2001-01-27,2023-11-30,94211644,True,DEV-0077
PLOT-005727,6325-D,JLT,90023,Residential,Freehold,2020-06-18,2022-05-15,248912598,True,DEV-0160
PLOT-005728,6234-B,Discovery Gardens,461857,Residential,Leasehold,2006-03-14,2018-11-06,207970731,True,DEV-0119
PLOT-005729,6978-C,JVC,370470,Residential,Leasehold,2004-01-12,2016-02-15,52865667,True,DEV-0058
PLOT-005730,3191-D,Dubailand,182651,Residential,Leasehold,2011-07-04,2015-01-05,275597736,False,DEV-0081
PLOT-005731,9017-E,Palm Jumeirah,36263,Mixed,Leasehold,2002-08-29,2021-09-17,265830497,True,DEV-0094
PLOT-005732,6401-B,Bur Dubai,189373,Residential,Leasehold,2002-09-11,2015-07-04,267055481,False,DEV-0011
PLOT-005733,9658-E,Emaar Beachfront,371381,Commercial,Freehold,2022-09-28,2020-07-10,106339049,False,DEV-0109
PLOT-005734,6120-D,Al Qusais,237099,Industrial,Leasehold,2015-10-07,2019-11-18,185976623,False,DEV-0194
PLOT-005735,395-D,Muhaisnah,372750,Residential,Freehold,2011-03-30,2016-01-25,163954336,False,DEV-0122
PLOT-005736,9256-B,Sports City,367336,Green,Leasehold,2007-09-27,2021-12-06,172737793,True,DEV-0014
PLOT-005737,7900-A,Warqa,249968,Residential,Freehold,2009-05-29,2023-11-04,370290560,False,DEV-0029
PLOT-005738,7556-A,Palm Jumeirah,212443,Industrial,Leasehold,2020-05-29,2022-05-18,480228868,False,DEV-0001
PLOT-005739,1707-B,DIFC,458260,Residential,Leasehold,2000-11-30,2024-03-14,210355714,False,DEV-0165
PLOT-005740,666-E,Dubai South,30320,Green,Leasehold,2000-06-08,2015-11-01,286076967,False,DEV-0118
PLOT-005741,292-C,Dubai Investment Park,402587,Mixed,Leasehold,2010-02-06,2018-04-13,454205999,True,DEV-0178
PLOT-005742,9737-A,Bur Dubai,328022,Commercial,Government,2007-11-11,2022-09-11,200001042,False,DEV-0022
PLOT-005743,6-E,Mirdif,360989,Mixed,Leasehold,2014-05-27,2020-01-04,394791711,True,DEV-0012
PLOT-005744,6396-B,Mirdif,230568,Residential,Freehold,2017-03-25,2017-07-25,24646599,True,DEV-0039
PLOT-005745,4353-C,Town Square,336673,Residential,Leasehold,2005-11-21,2018-10-28,306138874,True,DEV-0014
PLOT-005746,381-D,International City,422045,Residential,Government,2002-02-18,2021-12-23,319503659,False,DEV-0152
PLOT-005747,363-D,Palm Jumeirah,339159,Commercial,Leasehold,2021-08-03,2016-12-17,157711821,True,DEV-0176
PLOT-005748,5107-E,Motor City,190341,Mixed,Government,2010-05-17,2016-04-24,17236069,True,DEV-0151
PLOT-005749,551-B,Al Karama,197495,Green,Freehold,2015-04-17,2023-10-06,286628536,False,DEV-0175
PLOT-005750,1292-B,Deira,192780,Commercial,Freehold,2012-01-07,2022-05-12,284200799,True,DEV-0155
PLOT-005751,342-A,Jebel Ali,436817,Residential,Leasehold,2007-03-12,2018-01-02,15094993,False,DEV-0065
PLOT-005752,5859-B,Muhaisnah,93731,Residential,Freehold,2022-09-26,2016-06-25,348465192,False,DEV-0036
PLOT-005753,3921-D,Jumeirah,142603,Industrial,Leasehold,2002-11-27,2024-07-27,280892291,True,DEV-0100
PLOT-005754,9472-A,Jumeirah,61091,Commercial,Freehold,2000-01-25,2018-02-08,194224556,True,DEV-0125
PLOT-005755,6607-C,Jebel Ali,293074,Residential,Freehold,2021-07-07,2020-07-17,475010290,True,DEV-0104
PLOT-005756,6763-C,Dubailand,147713,Residential,Freehold,2013-07-07,2016-11-29,338422649,False,DEV-0056
PLOT-005757,1104-D,Al Safa,156268,Mixed,Freehold,2001-04-16,2017-11-16,34882395,False,DEV-0197
PLOT-005758,5881-B,Al Quoz,62789,Residential,Freehold,2018-02-02,2018-05-04,435524040,False,DEV-0130
PLOT-005759,1126-D,Sports City,292137,Residential,Freehold,2021-08-17,2016-03-13,151779646,False,DEV-0142
PLOT-005760,8425-E,Deira,63067,Residential,Government,2012-07-26,2016-11-24,181044384,False,DEV-0033
PLOT-005761,2408-E,Emaar Beachfront,6503,Residential,Leasehold,2018-04-09,2021-09-04,339567073,False,DEV-0131
PLOT-005762,4823-D,Discovery Gardens,124025,Residential,Leasehold,2006-12-08,2016-10-26,57956839,True,DEV-0069
PLOT-005763,8909-E,Al Furjan,467588,Commercial,Leasehold,2012-06-16,2015-04-06,322880739,True,DEV-0175
PLOT-005764,6303-C,Sports City,133596,Commercial,Freehold,2016-02-28,2019-10-17,130447599,True,DEV-0088
PLOT-005765,4514-E,Dubailand,140906,Green,Leasehold,2007-10-14,2021-09-27,340600063,True,DEV-0159
PLOT-005766,445-C,Mirdif,358794,Residential,Leasehold,2011-10-22,2015-07-15,407667189,True,DEV-0170
PLOT-005767,2178-E,Jebel Ali,487584,Green,Freehold,2002-12-12,2024-02-18,458846291,True,DEV-0194
PLOT-005768,8877-A,Palm Jumeirah,237330,Industrial,Freehold,2004-06-14,2015-09-22,358417342,False,DEV-0141
PLOT-005769,6729-D,Dubai South,377611,Residential,Freehold,2002-09-26,2023-04-17,179128495,True,DEV-0112
PLOT-005770,1625-C,Al Satwa,220981,Residential,Leasehold,2004-10-06,2023-08-27,42791243,True,DEV-0130
PLOT-005771,5332-D,Al Barsha,488725,Residential,Freehold,2022-07-29,2017-10-25,276052888,False,DEV-0015
PLOT-005772,8047-B,Umm Suqeim,174259,Residential,Leasehold,2015-12-05,2022-07-19,353463657,False,DEV-0019
PLOT-005773,5156-E,Business Bay,132599,Residential,Freehold,2018-02-25,2018-11-20,173322557,False,DEV-0080
PLOT-005774,9617-B,Dubai Marina,229638,Mixed,Leasehold,2019-07-20,2022-03-02,119777000,False,DEV-0176
PLOT-005775,3196-D,Motor City,249197,Commercial,Leasehold,2004-04-10,2024-06-22,274861629,False,DEV-0065
PLOT-005776,7959-A,Dubai South,367275,Mixed,Freehold,2002-12-18,2015-04-20,403779954,False,DEV-0125
PLOT-005777,7778-D,Al Qusais,391122,Residential,Freehold,2000-11-26,2019-10-12,36581723,False,DEV-0105
PLOT-005778,2180-B,Muhaisnah,199835,Residential,Freehold,2018-03-10,2017-08-22,104478518,True,DEV-0113
PLOT-005779,3310-A,Dubailand,204645,Residential,Leasehold,2018-05-16,2015-05-02,230806878,True,DEV-0099
PLOT-005780,1158-D,Discovery Gardens,253472,Industrial,Leasehold,2001-08-17,2018-05-06,18587104,True,DEV-0101
PLOT-005781,6375-D,Al Karama,493673,Mixed,Leasehold,2010-02-12,2015-02-03,461939734,True,DEV-0169
PLOT-005782,8906-E,Arabian Ranches,11127,Industrial,Freehold,2005-12-04,2019-07-22,46883303,False,DEV-0046
PLOT-005783,1916-C,Motor City,462152,Industrial,Leasehold,2022-12-05,2017-04-05,314345796,True,DEV-0193
PLOT-005784,701-C,Deira,386572,Residential,Leasehold,2012-12-23,2015-05-22,68979025,False,DEV-0126
PLOT-005785,7123-D,Palm Jumeirah,498463,Industrial,Leasehold,2014-10-24,2022-07-13,82698443,False,DEV-0180
PLOT-005786,5273-C,Al Furjan,229803,Commercial,Freehold,2023-06-21,2016-08-23,184776847,True,DEV-0044
PLOT-005787,253-D,Al Twar,464725,Residential,Freehold,2010-06-25,2015-04-17,163877409,True,DEV-0036
PLOT-005788,5245-B,Downtown Dubai,388728,Mixed,Leasehold,2009-01-19,2015-09-06,133442301,False,DEV-0191
PLOT-005789,113-B,Al Mizhar,139521,Green,Freehold,2011-01-05,2023-11-04,409475236,True,DEV-0077
PLOT-005790,477-C,Warqa,113445,Residential,Government,2015-04-26,2015-08-24,81355148,True,DEV-0017
PLOT-005791,2401-E,Al Quoz,339199,Residential,Freehold,2000-03-24,2018-05-15,454709438,False,DEV-0106
PLOT-005792,2674-A,JLT,72875,Residential,Freehold,2003-09-09,2015-07-16,12507380,False,DEV-0032
PLOT-005793,4318-B,Dubai Investment Park,112822,Commercial,Leasehold,2020-01-29,2017-05-21,53253634,False,DEV-0001
PLOT-005794,3580-C,Al Barsha,83747,Commercial,Freehold,2003-11-26,2024-07-08,485889103,False,DEV-0150
PLOT-005795,9884-C,Muhaisnah,165294,Residential,Leasehold,2015-09-01,2024-06-02,40612036,False,DEV-0027
PLOT-005796,8447-A,Al Safa,36940,Residential,Freehold,2005-12-29,2015-10-30,225005887,False,DEV-0126
PLOT-005797,5706-B,Al Quoz,362929,Residential,Leasehold,2005-04-21,2019-04-24,377241080,True,DEV-0025
PLOT-005798,6941-E,Sports City,261668,Residential,Freehold,2002-09-09,2024-10-04,128384014,False,DEV-0024
PLOT-005799,7647-D,Deira,362216,Residential,Freehold,2015-04-16,2016-06-13,377121379,True,DEV-0144
PLOT-005800,2259-E,Al Furjan,131967,Green,Leasehold,2011-08-28,2018-08-09,309582922,False,DEV-0074
PLOT-005801,6906-E,Dubailand,421754,Mixed,Freehold,2011-04-14,2021-01-02,239370823,True,DEV-0158
PLOT-005802,1157-E,Deira,456822,Commercial,Leasehold,2016-12-10,2020-11-10,286198909,True,DEV-0163
PLOT-005803,5927-A,Dubai Marina,72111,Commercial,Government,2002-02-11,2016-07-19,8047124,False,DEV-0116
PLOT-005804,6006-D,Palm Jumeirah,13423,Commercial,Government,2019-03-02,2018-11-09,58216957,True,DEV-0019
PLOT-005805,2407-E,Arabian Ranches,274956,Residential,Freehold,2004-10-29,2023-10-13,358720880,False,DEV-0147
PLOT-005806,5511-E,Al Satwa,197239,Mixed,Freehold,2004-06-27,2019-08-02,490970470,False,DEV-0078
PLOT-005807,9175-E,Dubai Marina,178787,Industrial,Freehold,2016-04-12,2018-01-31,456853594,True,DEV-0107
PLOT-005808,8904-B,Muhaisnah,196356,Residential,Leasehold,2012-02-18,2019-04-20,368937863,True,DEV-0008
PLOT-005809,2858-B,Nad Al Sheba,222706,Residential,Freehold,2019-09-04,2022-07-04,196918398,True,DEV-0191
PLOT-005810,2389-E,Mirdif,366737,Mixed,Freehold,2020-05-31,2016-10-07,320387285,True,DEV-0142
PLOT-005811,8933-D,Al Furjan,143891,Commercial,Leasehold,2018-07-15,2022-03-03,303306671,True,DEV-0141
PLOT-005812,6868-C,Dubailand,55987,Commercial,Leasehold,2014-05-06,2017-05-14,455734451,False,DEV-0044
PLOT-005813,3308-D,Town Square,35962,Residential,Freehold,2012-12-08,2020-03-10,20079048,False,DEV-0183
PLOT-005814,5121-A,Dubai Creek Harbour,491099,Residential,Freehold,2015-02-20,2023-07-15,208790990,False,DEV-0013
PLOT-005815,5565-A,Dubai Marina,319415,Residential,Freehold,2001-08-26,2021-02-16,335594840,True,DEV-0032
PLOT-005816,7721-B,Dubai South,285210,Commercial,Freehold,2008-07-01,2015-06-16,146460135,False,DEV-0114
PLOT-005817,5905-A,Town Square,275812,Mixed,Leasehold,2006-08-04,2020-01-22,307611383,True,DEV-0026
PLOT-005818,6355-E,Al Furjan,170994,Commercial,Leasehold,2009-09-28,2017-04-18,469526031,False,DEV-0085
PLOT-005819,9266-D,Deira,236010,Industrial,Government,2018-09-14,2021-12-23,56897995,True,DEV-0178
PLOT-005820,2538-B,Al Karama,232375,Industrial,Freehold,2003-05-27,2020-10-06,350447123,False,DEV-0126
PLOT-005821,1128-E,Motor City,175998,Residential,Freehold,2023-11-13,2016-09-01,97649953,True,DEV-0122
PLOT-005822,7467-D,Al Qusais,189558,Industrial,Freehold,2022-09-30,2015-12-20,397484272,True,DEV-0172
PLOT-005823,8965-E,Al Karama,381137,Residential,Leasehold,2016-12-21,2022-05-04,139703916,False,DEV-0119
PLOT-005824,2115-D,Mirdif,198831,Industrial,Freehold,2007-07-26,2023-09-10,357873208,True,DEV-0197
PLOT-005825,6010-B,Dubai Marina,183203,Mixed,Freehold,2023-01-29,2020-06-16,142772799,False,DEV-0143
PLOT-005826,2922-A,Muhaisnah,434180,Mixed,Freehold,2006-01-05,2015-09-19,4866687,True,DEV-0131
PLOT-005827,2468-D,Al Mizhar,69952,Residential,Government,2008-08-27,2018-01-20,447728286,True,DEV-0130
PLOT-005828,7456-B,Jumeirah,317615,Commercial,Leasehold,2013-09-08,2022-04-08,246966795,True,DEV-0023
PLOT-005829,3745-C,Al Karama,180239,Commercial,Freehold,2000-08-13,2024-01-04,173249415,False,DEV-0187
PLOT-005830,6931-B,Al Quoz,175501,Commercial,Leasehold,2010-12-03,2021-12-14,63796138,False,DEV-0196
PLOT-005831,7887-B,Al Qusais,413509,Residential,Freehold,2008-01-03,2016-05-25,292300478,False,DEV-0032
PLOT-005832,4950-A,Discovery Gardens,202088,Industrial,Leasehold,2010-11-02,2023-11-07,395212733,True,DEV-0104
PLOT-005833,8374-B,Sports City,338581,Residential,Freehold,2019-10-19,2018-10-15,281144626,True,DEV-0113
PLOT-005834,2059-C,Arabian Ranches,103289,Residential,Government,2017-08-07,2024-12-14,497343011,True,DEV-0063
PLOT-005835,4453-D,Al Barsha,90508,Residential,Freehold,2001-06-22,2022-12-27,328723370,True,DEV-0111
PLOT-005836,2538-B,Warqa,138074,Residential,Leasehold,2000-11-03,2018-11-23,365428338,True,DEV-0156
PLOT-005837,9652-E,Nad Al Sheba,434942,Mixed,Freehold,2023-03-09,2024-03-04,242369408,True,DEV-0027
PLOT-005838,786-B,Deira,388261,Residential,Freehold,2014-12-30,2021-10-18,172032028,False,DEV-0062
PLOT-005839,4365-A,Dubai Hills Estate,290825,Mixed,Freehold,2012-08-12,2024-08-27,447169563,False,DEV-0011
PLOT-005840,6996-A,JLT,43585,Industrial,Leasehold,2008-03-03,2022-11-01,489198051,True,DEV-0018
PLOT-005841,2203-B,Al Satwa,439524,Commercial,Freehold,2018-05-01,2017-10-22,418690890,False,DEV-0134
PLOT-005842,6892-E,Jebel Ali,233794,Residential,Freehold,2021-02-24,2015-01-20,265152802,True,DEV-0180
PLOT-005843,2409-A,Al Karama,143538,Commercial,Leasehold,2022-11-14,2016-01-19,353277411,False,DEV-0059
PLOT-005844,7062-C,Dubai Creek Harbour,333380,Mixed,Leasehold,2004-03-12,2019-07-21,237577631,True,DEV-0111
PLOT-005845,5005-D,Al Wasl,372077,Industrial,Leasehold,2002-06-18,2022-07-17,24199161,False,DEV-0089
PLOT-005846,1254-B,Dubai Marina,339216,Mixed,Freehold,2013-03-23,2024-06-07,177729106,False,DEV-0024
PLOT-005847,2398-C,Al Barsha,62340,Residential,Leasehold,2016-10-27,2024-05-27,323736539,True,DEV-0145
PLOT-005848,8874-E,JVC,183215,Commercial,Leasehold,2014-09-16,2016-11-03,160453601,False,DEV-0077
PLOT-005849,896-C,Dubailand,63744,Mixed,Freehold,2022-06-06,2023-03-24,371661190,False,DEV-0089
PLOT-005850,1463-D,Bur Dubai,39490,Industrial,Government,2003-03-28,2016-09-20,476311664,True,DEV-0166
PLOT-005851,4414-B,Town Square,275292,Residential,Leasehold,2006-09-19,2019-05-11,126460281,True,DEV-0176
PLOT-005852,2670-A,Sports City,254779,Commercial,Freehold,2018-08-29,2015-11-10,238704186,False,DEV-0002
PLOT-005853,101-E,Al Satwa,384673,Residential,Freehold,2022-01-19,2024-03-12,188737818,True,DEV-0059
PLOT-005854,7143-B,Palm Jumeirah,217862,Mixed,Leasehold,2016-04-21,2024-09-04,471136805,True,DEV-0062
PLOT-005855,268-D,Al Wasl,283119,Mixed,Freehold,2000-12-02,2016-09-28,200002445,True,DEV-0113
PLOT-005856,5802-B,Sports City,216530,Residential,Freehold,2004-01-15,2024-09-14,111612100,False,DEV-0110
PLOT-005857,4256-D,Ras Al Khor,256578,Commercial,Freehold,2005-12-06,2023-08-31,459785807,False,DEV-0032
PLOT-005858,9821-B,Muhaisnah,223869,Residential,Government,2015-02-12,2020-06-22,4359773,False,DEV-0113
PLOT-005859,1431-D,Discovery Gardens,332566,Residential,Leasehold,2014-11-11,2020-11-30,24362508,False,DEV-0021
PLOT-005860,635-B,Downtown Dubai,68325,Green,Leasehold,2021-06-14,2019-08-10,18597539,False,DEV-0024
PLOT-005861,7886-C,Emaar Beachfront,220579,Commercial,Leasehold,2020-10-27,2024-06-25,156591501,False,DEV-0168
PLOT-005862,9928-B,Business Bay,375579,Residential,Freehold,2014-02-20,2015-09-26,453382999,True,DEV-0171
PLOT-005863,3849-B,Motor City,130362,Residential,Leasehold,2012-04-11,2023-03-15,435440999,False,DEV-0034
PLOT-005864,9050-C,International City,151280,Commercial,Freehold,2005-07-19,2020-12-08,102114942,True,DEV-0071
PLOT-005865,3139-D,Umm Suqeim,123793,Mixed,Freehold,2001-10-12,2022-10-17,61628713,False,DEV-0040
PLOT-005866,5219-E,Warqa,203083,Residential,Government,2018-10-17,2021-07-01,261402503,False,DEV-0073
PLOT-005867,7415-C,Dubai Land,319923,Residential,Freehold,2016-08-02,2022-11-07,16493289,True,DEV-0193
PLOT-005868,2489-A,Al Qusais,56144,Commercial,Government,2023-05-04,2022-02-19,221952053,False,DEV-0113
PLOT-005869,2319-D,Dubai South,292211,Industrial,Freehold,2008-10-18,2017-09-30,330242553,False,DEV-0007
PLOT-005870,2132-D,Nad Al Sheba,167590,Residential,Freehold,2001-01-06,2020-01-31,182478913,False,DEV-0078
PLOT-005871,779-E,Al Barsha,316529,Commercial,Leasehold,2014-07-05,2019-03-22,301913905,False,DEV-0190
PLOT-005872,1390-B,Dubai Hills Estate,375933,Residential,Freehold,2003-06-24,2022-12-14,178230227,False,DEV-0163
PLOT-005873,6284-C,Emaar Beachfront,272843,Industrial,Leasehold,2006-06-23,2017-03-23,417331956,False,DEV-0084
PLOT-005874,6231-E,Dubai South,345133,Commercial,Freehold,2005-09-18,2024-01-28,440998810,False,DEV-0071
PLOT-005875,7610-D,Umm Suqeim,312045,Industrial,Freehold,2002-02-25,2020-10-02,227065082,True,DEV-0111
PLOT-005876,9123-A,Al Furjan,40735,Mixed,Freehold,2003-06-21,2018-11-15,471163644,False,DEV-0095
PLOT-005877,418-A,Dubai Land,294776,Mixed,Leasehold,2011-03-11,2021-06-09,155125606,True,DEV-0085
PLOT-005878,3206-E,Al Quoz,76281,Commercial,Government,2000-01-23,2024-05-09,379462137,False,DEV-0026
PLOT-005879,2149-D,Bur Dubai,184797,Industrial,Leasehold,2020-10-13,2019-01-08,147670896,True,DEV-0141
PLOT-005880,1549-E,Al Satwa,321995,Residential,Leasehold,2023-09-20,2019-06-16,439861772,True,DEV-0146
PLOT-005881,8271-A,JLT,400097,Residential,Freehold,2013-03-30,2022-12-13,1909603,False,DEV-0181
PLOT-005882,4423-C,Sports City,119819,Green,Freehold,2004-02-19,2015-06-22,418139089,True,DEV-0146
PLOT-005883,7769-B,Al Qusais,362365,Residential,Freehold,2020-04-21,2021-04-17,307809990,True,DEV-0111
PLOT-005884,3019-C,Al Mizhar,10034,Green,Freehold,2003-01-17,2016-04-11,423042860,False,DEV-0132
PLOT-005885,9409-C,Jebel Ali,117284,Green,Freehold,2000-04-03,2021-08-26,248071383,True,DEV-0060
PLOT-005886,1748-B,Sports City,52785,Residential,Freehold,2004-01-30,2020-02-12,268929839,True,DEV-0144
PLOT-005887,81-A,Al Twar,99079,Mixed,Freehold,2016-08-11,2016-07-25,12893872,False,DEV-0073
PLOT-005888,165-B,Bur Dubai,403732,Residential,Freehold,2015-10-09,2020-06-01,112939048,False,DEV-0187
PLOT-005889,5651-C,Al Furjan,434445,Residential,Freehold,2002-09-22,2015-09-08,15704411,False,DEV-0108
PLOT-005890,3129-C,Al Mizhar,102827,Mixed,Freehold,2021-01-28,2020-08-21,265748949,False,DEV-0029
PLOT-005891,954-E,Dubai Creek Harbour,260091,Residential,Leasehold,2011-07-07,2019-10-18,346800565,False,DEV-0113
PLOT-005892,9825-A,Deira,477908,Residential,Government,2015-04-22,2015-04-27,238282650,True,DEV-0104
PLOT-005893,9493-D,Al Barsha,167683,Residential,Freehold,2019-12-10,2017-07-20,321377519,False,DEV-0028
PLOT-005894,6516-B,Deira,26167,Mixed,Leasehold,2016-02-18,2016-07-09,175944713,True,DEV-0125
PLOT-005895,1444-A,Al Wasl,354170,Residential,Government,2017-03-02,2024-04-18,65822592,False,DEV-0045
PLOT-005896,9112-C,Palm Jumeirah,223383,Mixed,Freehold,2005-07-24,2024-03-29,48229940,True,DEV-0068
PLOT-005897,1623-C,Dubai Marina,242669,Residential,Leasehold,2023-05-21,2019-02-04,69258861,True,DEV-0056
PLOT-005898,7242-C,Dubai South,269240,Residential,Leasehold,2008-09-05,2024-12-25,471116418,True,DEV-0190
PLOT-005899,8774-C,Mirdif,229511,Commercial,Leasehold,2011-04-28,2024-07-20,363525667,True,DEV-0120
PLOT-005900,7007-E,Umm Suqeim,430930,Residential,Freehold,2006-10-18,2023-11-22,298833122,False,DEV-0066
PLOT-005901,6080-E,Al Qusais,72556,Mixed,Freehold,2005-08-03,2018-12-23,85489416,False,DEV-0166
PLOT-005902,5513-C,Umm Suqeim,50283,Residential,Government,2012-01-11,2021-12-30,120150576,True,DEV-0154
PLOT-005903,4558-E,Al Qusais,383101,Commercial,Government,2006-05-02,2016-07-27,368992936,False,DEV-0133
PLOT-005904,2708-C,Al Qusais,177345,Mixed,Freehold,2022-08-12,2024-08-28,221708979,False,DEV-0149
PLOT-005905,3286-A,Dubai Investment Park,60838,Green,Freehold,2020-12-25,2019-02-06,187812231,False,DEV-0081
PLOT-005906,7413-E,Dubailand,189843,Commercial,Freehold,2011-07-01,2019-05-07,277717409,True,DEV-0085
PLOT-005907,7945-E,Al Mizhar,321246,Residential,Government,2004-04-19,2019-05-07,63968938,False,DEV-0004
PLOT-005908,1036-C,Al Wasl,218654,Industrial,Leasehold,2012-04-24,2018-04-07,398093529,False,DEV-0073
PLOT-005909,5110-E,Dubai Hills Estate,146130,Residential,Leasehold,2017-11-20,2024-01-26,11723564,True,DEV-0170
PLOT-005910,8297-D,Motor City,250671,Residential,Government,2023-01-11,2022-02-05,51379457,True,DEV-0135
PLOT-005911,7615-D,Dubai Creek Harbour,424203,Green,Leasehold,2016-09-24,2021-01-04,255968660,False,DEV-0024
PLOT-005912,4821-C,Ras Al Khor,379814,Commercial,Government,2018-01-28,2023-05-22,254521320,True,DEV-0130
PLOT-005913,5141-E,Dubai South,255604,Green,Freehold,2003-02-06,2016-08-05,432668470,True,DEV-0111
PLOT-005914,8292-E,Discovery Gardens,8130,Green,Government,2014-05-13,2021-01-11,357472710,False,DEV-0195
PLOT-005915,8340-E,Dubai Marina,401252,Residential,Leasehold,2010-06-29,2016-07-15,164074990,False,DEV-0057
PLOT-005916,8843-B,Ras Al Khor,208404,Industrial,Leasehold,2000-02-02,2017-07-02,97044384,True,DEV-0052
PLOT-005917,5970-C,Al Safa,17415,Commercial,Government,2001-02-18,2016-07-03,446840226,False,DEV-0144
PLOT-005918,5044-C,Dubai Creek Harbour,466668,Residential,Freehold,2018-03-25,2020-06-10,193683450,True,DEV-0027
PLOT-005919,3359-B,Deira,223722,Residential,Government,2000-02-26,2017-06-01,292312010,False,DEV-0195
PLOT-005920,9945-B,Dubai Creek Harbour,160566,Residential,Freehold,2010-08-24,2019-12-15,127704202,False,DEV-0188
PLOT-005921,9199-B,Al Twar,460584,Commercial,Freehold,2018-08-28,2024-03-15,382686469,True,DEV-0113
PLOT-005922,9639-C,Jebel Ali,456191,Commercial,Leasehold,2006-06-07,2023-06-29,472637218,True,DEV-0088
PLOT-005923,9658-B,Dubai Marina,270272,Mixed,Freehold,2020-05-27,2018-11-09,397145285,True,DEV-0189
PLOT-005924,3502-D,Business Bay,482534,Residential,Freehold,2013-07-16,2019-12-26,52175707,False,DEV-0136
PLOT-005925,3766-C,Al Satwa,361379,Industrial,Leasehold,2004-07-16,2022-10-08,120169118,False,DEV-0009
PLOT-005926,8560-B,Dubai Marina,318023,Industrial,Leasehold,2015-07-15,2015-11-06,148355613,False,DEV-0118
PLOT-005927,2368-A,Dubai Investment Park,53145,Industrial,Freehold,2006-03-12,2024-07-31,406324060,False,DEV-0128
PLOT-005928,4322-D,Nad Al Sheba,311732,Industrial,Leasehold,2002-04-02,2024-01-20,342109561,True,DEV-0111
PLOT-005929,7914-E,Ras Al Khor,388449,Residential,Leasehold,2011-03-20,2023-05-28,358835487,False,DEV-0043
PLOT-005930,2834-B,Dubailand,433659,Industrial,Freehold,2003-09-22,2023-01-01,467587166,False,DEV-0060
PLOT-005931,7569-B,Dubai Hills Estate,460037,Commercial,Freehold,2000-07-04,2015-09-28,374522287,False,DEV-0199
PLOT-005932,8826-E,Bur Dubai,99902,Residential,Freehold,2020-03-11,2015-09-07,107612996,True,DEV-0086
PLOT-005933,2864-C,JVC,372982,Commercial,Government,2003-12-06,2020-04-12,328000311,True,DEV-0176
PLOT-005934,6208-A,Al Safa,406174,Industrial,Government,2012-08-02,2021-10-02,53403339,False,DEV-0131
PLOT-005935,2385-D,Arabian Ranches,322502,Residential,Leasehold,2000-02-19,2023-10-02,333738473,False,DEV-0087
PLOT-005936,6817-C,DIFC,13588,Industrial,Freehold,2013-06-01,2019-09-13,146104506,False,DEV-0032
PLOT-005937,6064-C,Al Barsha,428443,Commercial,Leasehold,2012-07-24,2018-02-20,10023402,False,DEV-0196
PLOT-005938,9941-D,Al Wasl,314330,Residential,Freehold,2003-10-18,2016-08-01,99346905,True,DEV-0182
PLOT-005939,1094-A,Dubai Marina,24171,Residential,Leasehold,2005-04-26,2022-08-17,483460025,False,DEV-0094
PLOT-005940,2502-B,DIFC,277281,Residential,Leasehold,2016-10-18,2016-12-13,402922098,False,DEV-0179
PLOT-005941,2425-E,Discovery Gardens,462257,Mixed,Freehold,2022-09-06,2021-07-19,179696637,False,DEV-0106
PLOT-005942,7979-E,Al Safa,144811,Residential,Leasehold,2007-08-09,2019-05-04,89658123,False,DEV-0170
PLOT-005943,6932-C,Muhaisnah,106708,Residential,Freehold,2017-10-14,2024-12-07,281731889,True,DEV-0194
PLOT-005944,7423-E,Al Safa,441852,Residential,Freehold,2008-02-28,2022-02-12,227547727,True,DEV-0138
PLOT-005945,3276-D,Al Barsha,137230,Commercial,Freehold,2021-01-15,2022-10-13,369004339,False,DEV-0200
PLOT-005946,5506-D,Town Square,321569,Mixed,Freehold,2019-06-01,2021-10-21,425806569,False,DEV-0091
PLOT-005947,770-E,International City,280474,Mixed,Government,2001-05-30,2018-03-29,309762390,False,DEV-0160
PLOT-005948,5372-D,Mirdif,343193,Mixed,Leasehold,2017-03-11,2024-12-04,408409006,False,DEV-0102
PLOT-005949,1944-E,Warqa,65326,Residential,Freehold,2020-01-22,2020-09-26,59624195,False,DEV-0004
PLOT-005950,4444-D,Discovery Gardens,183314,Commercial,Freehold,2004-04-14,2015-02-19,91640192,True,DEV-0134
PLOT-005951,6685-B,Jebel Ali,233135,Residential,Government,2018-10-24,2021-01-30,375439910,False,DEV-0200
PLOT-005952,7458-A,Mirdif,415972,Mixed,Leasehold,2015-07-03,2015-03-19,145468355,False,DEV-0170
PLOT-005953,6038-A,Mirdif,393257,Mixed,Leasehold,2011-02-19,2022-03-19,50476905,False,DEV-0053
PLOT-005954,6320-E,Dubai Creek Harbour,11307,Residential,Freehold,2005-05-23,2020-11-22,168516824,True,DEV-0167
PLOT-005955,5424-B,Jebel Ali,166260,Residential,Freehold,2002-12-22,2021-04-01,147371170,False,DEV-0006
PLOT-005956,2743-C,Al Wasl,402379,Residential,Leasehold,2021-09-02,2016-01-23,169703894,False,DEV-0092
PLOT-005957,1872-D,DIFC,383795,Industrial,Leasehold,2013-10-07,2015-06-19,160431282,False,DEV-0137
PLOT-005958,7267-E,DIFC,465161,Commercial,Government,2004-02-05,2024-03-14,406661881,False,DEV-0016
PLOT-005959,3158-C,Warqa,121497,Residential,Leasehold,2023-09-02,2021-07-24,224573478,False,DEV-0186
PLOT-005960,5096-B,Al Wasl,156679,Mixed,Government,2011-11-05,2022-09-06,92456859,True,DEV-0116
PLOT-005961,6901-D,Al Furjan,454816,Mixed,Leasehold,2006-04-04,2019-05-10,37636524,False,DEV-0064
PLOT-005962,8176-E,Al Safa,332333,Residential,Leasehold,2020-05-14,2020-10-21,407627266,False,DEV-0014
PLOT-005963,5055-A,JVC,77568,Residential,Freehold,2019-07-28,2023-07-31,122111764,False,DEV-0123
PLOT-005964,9186-B,International City,243936,Residential,Government,2003-11-28,2024-09-05,84634556,False,DEV-0107
PLOT-005965,9561-E,Jebel Ali,394441,Residential,Freehold,2002-02-08,2016-05-02,177569352,False,DEV-0199
PLOT-005966,156-D,Dubai Investment Park,120559,Residential,Freehold,2012-02-14,2020-02-02,247281185,False,DEV-0185
PLOT-005967,732-D,Sports City,43832,Industrial,Freehold,2019-05-20,2016-08-24,23338531,True,DEV-0178
PLOT-005968,1401-B,Al Satwa,459968,Commercial,Freehold,2016-08-09,2023-03-11,193293466,True,DEV-0155
PLOT-005969,8190-E,DIFC,367209,Industrial,Freehold,2015-12-21,2024-07-23,54831802,False,DEV-0160
PLOT-005970,227-B,Dubai Marina,194691,Mixed,Freehold,2021-06-25,2016-12-25,392946146,False,DEV-0177
PLOT-005971,9474-A,Sports City,353260,Residential,Leasehold,2012-09-22,2024-07-20,90978441,True,DEV-0157
PLOT-005972,5910-E,Dubai Investment Park,122621,Residential,Freehold,2017-07-12,2021-02-22,402651400,False,DEV-0159
PLOT-005973,7495-B,JVC,158714,Industrial,Leasehold,2001-02-07,2015-06-27,435603234,False,DEV-0062
PLOT-005974,6843-E,Warqa,234220,Commercial,Leasehold,2009-01-27,2018-08-31,270056142,False,DEV-0044
PLOT-005975,4574-E,Al Barsha,264599,Residential,Government,2010-04-05,2020-05-06,280424858,False,DEV-0176
PLOT-005976,6227-B,Discovery Gardens,55196,Residential,Government,2009-04-18,2024-02-13,100391406,False,DEV-0015
PLOT-005977,8182-B,International City,420906,Residential,Government,2009-10-01,2015-06-23,279456862,True,DEV-0144
PLOT-005978,9190-E,Al Barsha,222666,Residential,Freehold,2021-04-06,2015-05-25,251490867,True,DEV-0191
PLOT-005979,9482-C,Dubai Land,123425,Mixed,Leasehold,2008-02-28,2021-11-06,262724246,True,DEV-0055
PLOT-005980,5001-C,JLT,125080,Mixed,Freehold,2001-09-14,2023-01-15,393537336,True,DEV-0132
PLOT-005981,947-B,Jumeirah,269448,Commercial,Leasehold,2016-05-25,2016-04-08,468378836,True,DEV-0086
PLOT-005982,3179-D,Dubai Hills Estate,333599,Residential,Freehold,2004-03-05,2015-03-03,182752389,True,DEV-0045
PLOT-005983,5571-A,Discovery Gardens,360301,Mixed,Freehold,2013-04-24,2017-09-29,385786214,False,DEV-0087
PLOT-005984,1325-C,Deira,51483,Residential,Freehold,2019-12-14,2024-03-09,252870975,False,DEV-0007
PLOT-005985,6408-E,Deira,193848,Mixed,Freehold,2002-01-22,2015-12-09,148774147,False,DEV-0027
PLOT-005986,6458-C,Business Bay,9118,Commercial,Freehold,2017-05-10,2018-06-24,331415272,False,DEV-0064
PLOT-005987,7657-A,Dubai Creek Harbour,58163,Residential,Leasehold,2011-02-04,2021-06-23,249006672,True,DEV-0040
PLOT-005988,7534-A,Downtown Dubai,343393,Commercial,Freehold,2009-11-25,2018-04-28,104259966,True,DEV-0136
PLOT-005989,4890-A,Dubai Land,428369,Industrial,Government,2018-08-27,2017-03-21,242746134,False,DEV-0080
PLOT-005990,8084-A,Al Satwa,354747,Industrial,Freehold,2009-07-03,2020-08-28,255521395,False,DEV-0011
PLOT-005991,3579-A,Discovery Gardens,258832,Mixed,Freehold,2021-08-17,2019-04-27,42825931,False,DEV-0080
PLOT-005992,2415-A,Dubailand,459697,Commercial,Freehold,2001-05-28,2024-12-29,455135142,True,DEV-0074
PLOT-005993,6974-D,Al Furjan,88651,Residential,Leasehold,2002-02-09,2023-02-03,140601198,True,DEV-0090
PLOT-005994,7360-A,International City,421348,Residential,Freehold,2002-11-10,2021-05-11,182773067,False,DEV-0069
PLOT-005995,68-B,JLT,102055,Green,Leasehold,2008-02-29,2024-12-20,439336310,True,DEV-0166
PLOT-005996,307-C,International City,379590,Mixed,Freehold,2010-07-22,2020-01-26,404820793,True,DEV-0165
PLOT-005997,5791-D,Nad Al Sheba,353262,Commercial,Government,2012-05-27,2020-03-06,382805585,False,DEV-0146
PLOT-005998,7444-E,Umm Suqeim,376711,Residential,Freehold,2001-04-10,2024-07-15,307082161,False,DEV-0011
PLOT-005999,2931-A,Dubai Investment Park,9574,Commercial,Leasehold,2019-04-25,2023-08-26,79298997,True,DEV-0099
PLOT-006000,8000-E,Warqa,33758,Residential,Freehold,2006-09-30,2024-11-25,39693519,True,DEV-0128
PLOT-006001,2543-D,Sports City,20201,Residential,Freehold,2007-08-14,2019-03-23,368698209,True,DEV-0051
PLOT-006002,180-D,Dubai Marina,188335,Residential,Leasehold,2006-10-12,2019-11-20,34664184,True,DEV-0117
PLOT-006003,5845-D,Bur Dubai,31799,Industrial,Leasehold,2014-04-22,2020-04-01,80305723,False,DEV-0026
PLOT-006004,9047-E,Dubai South,9630,Green,Freehold,2018-10-29,2016-03-29,224563281,False,DEV-0198
PLOT-006005,297-C,Jebel Ali,262771,Mixed,Leasehold,2004-05-10,2023-08-28,31992283,True,DEV-0127
PLOT-006006,404-E,Al Twar,215006,Residential,Freehold,2010-10-30,2019-01-10,112233825,True,DEV-0095
PLOT-006007,2567-D,Al Quoz,197254,Commercial,Freehold,2003-09-16,2016-12-11,347581308,True,DEV-0103
PLOT-006008,9652-E,Dubai Marina,396962,Commercial,Freehold,2003-04-15,2016-01-11,425235172,True,DEV-0085
PLOT-006009,7853-B,Mirdif,181345,Mixed,Government,2023-09-03,2017-07-17,459571288,True,DEV-0043
PLOT-006010,7949-C,Al Barsha,219855,Commercial,Freehold,2010-11-07,2016-08-02,223454750,False,DEV-0134
PLOT-006011,2973-C,Al Barsha,219334,Residential,Freehold,2007-09-21,2016-12-27,189590443,True,DEV-0103
PLOT-006012,3707-A,Motor City,471412,Residential,Freehold,2016-03-01,2022-10-01,347354143,False,DEV-0007
PLOT-006013,6577-D,Dubailand,252994,Industrial,Leasehold,2010-10-04,2020-06-21,459544238,False,DEV-0126
PLOT-006014,1457-D,Dubai Land,408096,Mixed,Freehold,2020-12-17,2017-09-22,465725699,False,DEV-0085
PLOT-006015,7261-A,Dubai South,370549,Residential,Freehold,2007-05-24,2019-05-03,196473681,False,DEV-0075
PLOT-006016,7424-B,Discovery Gardens,387718,Commercial,Freehold,2018-01-29,2016-04-12,356657166,True,DEV-0144
PLOT-006017,707-A,Al Twar,243839,Residential,Freehold,2016-07-30,2022-06-28,471950326,True,DEV-0086
PLOT-006018,3402-A,Palm Jumeirah,301155,Residential,Freehold,2004-05-19,2019-11-04,435661051,False,DEV-0159
PLOT-006019,1116-E,Al Safa,443090,Residential,Freehold,2016-02-15,2020-05-15,214768665,False,DEV-0076
PLOT-006020,9277-E,Al Satwa,481276,Mixed,Freehold,2010-07-26,2016-02-23,175809791,True,DEV-0008
PLOT-006021,8556-D,Muhaisnah,99905,Residential,Freehold,2010-05-06,2023-02-08,16477503,True,DEV-0142
PLOT-006022,7572-B,Mirdif,11730,Industrial,Leasehold,2023-05-17,2019-08-21,2942149,False,DEV-0018
PLOT-006023,6694-E,Ras Al Khor,7619,Residential,Leasehold,2022-01-03,2022-09-30,365891185,False,DEV-0157
PLOT-006024,4156-E,Mirdif,298579,Mixed,Leasehold,2016-11-25,2017-11-07,402735701,False,DEV-0090
PLOT-006025,7147-E,Dubailand,187732,Green,Government,2005-03-13,2024-10-21,420354342,True,DEV-0133
PLOT-006026,7220-E,Warqa,46821,Mixed,Leasehold,2008-07-07,2023-06-21,446964115,False,DEV-0065
PLOT-006027,2437-D,Warqa,321438,Residential,Leasehold,2003-11-26,2017-11-29,366824568,True,DEV-0153
PLOT-006028,8404-C,JLT,316718,Residential,Freehold,2002-12-08,2020-05-21,422569155,True,DEV-0138
PLOT-006029,4026-A,Dubai Creek Harbour,293263,Residential,Freehold,2006-10-22,2017-08-23,215318682,False,DEV-0182
PLOT-006030,7590-E,Dubai Land,269278,Mixed,Government,2011-10-01,2019-11-19,6917208,False,DEV-0051
PLOT-006031,4098-E,Al Karama,30628,Residential,Leasehold,2014-06-10,2017-08-30,133878604,True,DEV-0075
PLOT-006032,3980-E,Mirdif,224418,Mixed,Freehold,2012-05-13,2024-10-17,411156180,False,DEV-0101
PLOT-006033,319-C,Sports City,263213,Mixed,Freehold,2011-06-28,2019-07-26,477839138,False,DEV-0051
PLOT-006034,7700-B,Arabian Ranches,119332,Residential,Leasehold,2017-02-10,2021-08-20,215102594,True,DEV-0110
PLOT-006035,7282-D,Al Barsha,52368,Commercial,Leasehold,2000-08-06,2020-10-28,298621080,True,DEV-0168
PLOT-006036,9546-A,Al Twar,382791,Green,Freehold,2010-08-08,2019-12-25,240625074,True,DEV-0132
PLOT-006037,9000-A,Sports City,244726,Residential,Government,2013-08-17,2017-07-08,472289512,True,DEV-0010
PLOT-006038,4151-E,Nad Al Sheba,189226,Commercial,Leasehold,2007-10-16,2022-10-27,113871898,False,DEV-0079
PLOT-006039,6660-D,Al Karama,145956,Commercial,Leasehold,2000-07-15,2016-03-04,161317857,True,DEV-0074
PLOT-006040,9107-E,Discovery Gardens,227930,Residential,Government,2012-11-18,2024-07-03,232620942,True,DEV-0085
PLOT-006041,6022-B,Deira,40327,Commercial,Freehold,2022-05-20,2015-12-27,360287540,False,DEV-0173
PLOT-006042,3650-A,Dubai Hills Estate,374419,Commercial,Freehold,2014-06-07,2022-05-20,353794886,False,DEV-0084
PLOT-006043,4702-B,Business Bay,48440,Residential,Leasehold,2013-02-23,2022-05-12,58629596,False,DEV-0021
PLOT-006044,4781-C,JVC,193354,Residential,Leasehold,2004-10-28,2022-05-29,295547519,False,DEV-0014
PLOT-006045,91-C,Dubai South,485082,Residential,Freehold,2003-02-11,2023-05-23,398511078,False,DEV-0051
PLOT-006046,6661-A,Jumeirah,332909,Commercial,Leasehold,2021-04-22,2018-11-01,79434832,True,DEV-0022
PLOT-006047,1887-C,Palm Jumeirah,230474,Commercial,Freehold,2006-06-19,2022-04-27,120020219,True,DEV-0049
PLOT-006048,4713-D,Sports City,472758,Residential,Freehold,2014-09-02,2018-11-03,336401141,False,DEV-0006
PLOT-006049,1793-B,Dubai Marina,143924,Industrial,Leasehold,2017-10-21,2023-11-05,152697013,True,DEV-0123
PLOT-006050,1329-C,International City,383583,Residential,Leasehold,2007-07-07,2017-02-20,19590358,True,DEV-0026
PLOT-006051,8425-A,Al Qusais,216792,Industrial,Leasehold,2011-07-03,2019-01-14,325771941,True,DEV-0190
PLOT-006052,2473-A,Mirdif,83137,Mixed,Freehold,2013-06-21,2016-01-31,267370538,False,DEV-0056
PLOT-006053,5175-E,Nad Al Sheba,408128,Residential,Freehold,2016-10-07,2019-04-23,47442822,False,DEV-0078
PLOT-006054,3830-B,Mirdif,193361,Residential,Government,2013-10-18,2023-08-27,147198834,True,DEV-0190
PLOT-006055,762-C,Al Quoz,178511,Green,Freehold,2010-08-29,2020-02-16,42624803,True,DEV-0074
PLOT-006056,6370-D,Palm Jumeirah,272637,Mixed,Leasehold,2013-12-11,2015-11-27,163996948,False,DEV-0046
PLOT-006057,3089-B,DIFC,468343,Mixed,Government,2006-11-03,2015-06-25,435967830,False,DEV-0007
PLOT-006058,4782-E,Arabian Ranches,477995,Commercial,Government,2021-01-16,2024-12-07,383069810,True,DEV-0200
PLOT-006059,6880-A,Jumeirah,208804,Residential,Freehold,2010-05-16,2015-03-20,359702450,True,DEV-0140
PLOT-006060,1423-D,DIFC,257595,Residential,Government,2003-05-11,2019-03-16,420698096,False,DEV-0060
PLOT-006061,8562-C,Dubai South,165387,Residential,Leasehold,2001-04-26,2023-12-03,74324158,False,DEV-0033
PLOT-006062,3455-C,Al Satwa,90924,Mixed,Freehold,2019-07-06,2021-02-05,447366282,False,DEV-0065
PLOT-006063,9909-E,Dubai Hills Estate,398524,Residential,Freehold,2009-03-21,2017-04-19,172332660,False,DEV-0143
PLOT-006064,6253-B,Al Mizhar,261839,Industrial,Leasehold,2022-07-27,2015-11-08,42760499,True,DEV-0075
PLOT-006065,5699-E,Deira,371881,Residential,Freehold,2009-05-28,2020-04-10,235225145,True,DEV-0065
PLOT-006066,6102-A,Al Karama,262603,Commercial,Freehold,2017-06-30,2020-12-17,113200822,False,DEV-0181
PLOT-006067,500-C,Muhaisnah,82666,Commercial,Freehold,2003-04-09,2024-08-17,414379618,True,DEV-0130
PLOT-006068,4725-B,Nad Al Sheba,193745,Commercial,Freehold,2003-08-13,2022-04-16,439624719,True,DEV-0020
PLOT-006069,2563-C,Al Karama,371250,Mixed,Leasehold,2014-06-23,2024-04-03,54521788,False,DEV-0167
PLOT-006070,3520-E,Business Bay,58695,Residential,Government,2020-11-25,2019-02-18,300864160,False,DEV-0109
PLOT-006071,6615-E,Business Bay,151375,Commercial,Government,2016-10-02,2022-01-29,240871596,True,DEV-0110
PLOT-006072,612-C,Al Satwa,331375,Industrial,Leasehold,2010-12-08,2019-11-03,344532781,False,DEV-0134
PLOT-006073,4700-C,Muhaisnah,497633,Residential,Freehold,2007-06-27,2024-09-16,475741210,True,DEV-0166
PLOT-006074,4762-C,Bur Dubai,498147,Mixed,Leasehold,2023-02-03,2020-04-05,385083683,False,DEV-0193
PLOT-006075,1858-D,Al Satwa,114191,Commercial,Leasehold,2014-09-03,2017-06-30,262641627,False,DEV-0168
PLOT-006076,3853-A,Nad Al Sheba,161532,Commercial,Government,2002-08-20,2016-11-12,341060996,False,DEV-0189
PLOT-006077,9844-C,Mirdif,171353,Mixed,Freehold,2022-03-07,2019-03-21,312267914,True,DEV-0166
PLOT-006078,7894-D,Dubai Creek Harbour,239331,Residential,Leasehold,2003-05-28,2019-06-28,227341515,False,DEV-0012
PLOT-006079,3012-B,Al Barsha,5155,Industrial,Freehold,2009-06-15,2019-02-01,447745274,False,DEV-0068
PLOT-006080,5225-B,Jumeirah,467111,Mixed,Freehold,2012-11-23,2017-09-20,73677394,False,DEV-0027
PLOT-006081,2738-A,Sports City,478119,Residential,Leasehold,2012-12-01,2022-07-04,421892842,False,DEV-0090
PLOT-006082,9004-C,Business Bay,480579,Commercial,Freehold,2007-04-30,2024-01-21,10631039,False,DEV-0189
PLOT-006083,9919-E,Emaar Beachfront,213637,Residential,Leasehold,2020-09-11,2017-01-31,266669950,True,DEV-0175
PLOT-006084,3372-C,Al Safa,199126,Residential,Government,2009-11-24,2016-05-11,129671411,False,DEV-0149
PLOT-006085,8996-B,JVC,241334,Residential,Government,2012-08-07,2015-09-09,195048110,True,DEV-0158
PLOT-006086,4633-E,Dubai South,86669,Commercial,Freehold,2004-08-03,2021-10-08,219092661,False,DEV-0178
PLOT-006087,8058-C,Umm Suqeim,169502,Commercial,Freehold,2002-10-08,2017-02-18,405758899,False,DEV-0121
PLOT-006088,9562-C,Warqa,361494,Mixed,Freehold,2001-07-08,2017-05-23,142606060,False,DEV-0066
PLOT-006089,2128-D,Muhaisnah,226077,Residential,Government,2018-03-13,2015-09-19,133005248,True,DEV-0020
PLOT-006090,2503-D,Al Quoz,362549,Mixed,Freehold,2018-12-15,2019-09-08,251853490,False,DEV-0118
PLOT-006091,6044-E,Dubailand,146011,Residential,Freehold,2007-07-29,2015-05-28,51394491,False,DEV-0058
PLOT-006092,343-C,Al Mizhar,94460,Residential,Government,2010-10-13,2015-12-29,169969857,True,DEV-0100
PLOT-006093,1266-A,Mirdif,183938,Commercial,Leasehold,2017-06-04,2022-05-14,398331273,False,DEV-0120
PLOT-006094,4965-E,Dubai Creek Harbour,341305,Residential,Freehold,2013-01-25,2022-05-22,287754880,True,DEV-0147
PLOT-006095,6534-E,Al Karama,180907,Green,Freehold,2002-10-23,2022-09-02,191817747,False,DEV-0171
PLOT-006096,7847-C,Town Square,349212,Residential,Freehold,2019-08-30,2019-01-23,35367742,False,DEV-0174
PLOT-006097,227-A,Deira,334547,Mixed,Leasehold,2015-01-24,2017-05-17,211852095,False,DEV-0023
PLOT-006098,8906-A,Al Satwa,374836,Residential,Freehold,2012-06-20,2019-08-28,355747970,True,DEV-0076
PLOT-006099,8765-A,Sports City,95271,Commercial,Freehold,2017-08-31,2024-09-25,318654396,False,DEV-0187
PLOT-006100,3485-A,Discovery Gardens,384019,Mixed,Leasehold,2012-08-31,2015-03-28,154899315,False,DEV-0086
PLOT-006101,6886-A,Dubai Investment Park,16364,Commercial,Freehold,2007-11-04,2016-07-19,44840987,False,DEV-0094
PLOT-006102,494-D,Motor City,126902,Residential,Freehold,2023-02-02,2015-04-20,322252759,False,DEV-0149
PLOT-006103,3014-A,Al Qusais,113336,Mixed,Leasehold,2001-01-15,2020-07-17,264666326,False,DEV-0089
PLOT-006104,5486-D,Business Bay,498550,Commercial,Leasehold,2005-02-09,2020-10-29,181503828,True,DEV-0079
PLOT-006105,823-D,Dubai Creek Harbour,172017,Mixed,Government,2000-09-29,2021-10-17,21940988,True,DEV-0157
PLOT-006106,6059-C,Warqa,343676,Commercial,Freehold,2004-07-05,2022-09-01,302919747,True,DEV-0089
PLOT-006107,5024-E,Al Safa,149755,Residential,Freehold,2013-12-15,2019-11-23,477366845,True,DEV-0178
PLOT-006108,8833-A,Dubai Land,68467,Commercial,Freehold,2016-12-22,2019-12-24,122728467,True,DEV-0108
PLOT-006109,1701-E,International City,335921,Commercial,Freehold,2000-10-19,2017-09-13,303510838,True,DEV-0046
PLOT-006110,2590-D,Al Quoz,426112,Residential,Freehold,2002-01-26,2019-02-07,218224672,False,DEV-0103
PLOT-006111,9789-D,Jebel Ali,41262,Residential,Leasehold,2005-09-30,2015-12-28,472416099,False,DEV-0055
PLOT-006112,4781-B,Muhaisnah,359801,Residential,Leasehold,2022-01-25,2023-04-24,37507655,False,DEV-0127
PLOT-006113,2480-B,Dubai Investment Park,326507,Residential,Freehold,2011-02-14,2020-12-07,457926121,True,DEV-0009
PLOT-006114,4403-C,Town Square,19621,Residential,Freehold,2005-01-17,2015-07-01,126157683,False,DEV-0164
PLOT-006115,3671-D,Dubai South,50230,Mixed,Leasehold,2018-02-03,2024-10-22,195095694,False,DEV-0024
PLOT-006116,2194-B,Dubai Creek Harbour,41941,Residential,Government,2015-02-26,2015-05-03,443948381,False,DEV-0038
PLOT-006117,9375-A,Al Barsha,70616,Mixed,Freehold,2012-10-08,2020-02-02,304925767,True,DEV-0151
PLOT-006118,1876-C,Jumeirah,494021,Residential,Government,2013-09-12,2016-10-22,89453923,True,DEV-0041
PLOT-006119,4785-B,Discovery Gardens,268085,Residential,Government,2021-10-03,2015-03-14,377385303,True,DEV-0192
PLOT-006120,1612-B,Jebel Ali,425179,Residential,Leasehold,2000-05-31,2019-04-16,485701839,False,DEV-0189
PLOT-006121,9002-B,JLT,247439,Green,Freehold,2020-10-02,2023-03-08,164798398,False,DEV-0182
PLOT-006122,7815-E,Emaar Beachfront,303532,Commercial,Leasehold,2015-04-13,2015-01-08,7893605,False,DEV-0148
PLOT-006123,9090-A,Town Square,428467,Residential,Freehold,2001-08-18,2018-08-22,169506488,False,DEV-0058
PLOT-006124,3822-E,Emaar Beachfront,112181,Mixed,Freehold,2013-01-09,2017-02-20,81754753,False,DEV-0121
PLOT-006125,7324-B,Dubai Hills Estate,223391,Commercial,Freehold,2009-11-13,2021-04-27,464321810,False,DEV-0059
PLOT-006126,4217-D,JVC,24347,Residential,Freehold,2019-03-16,2017-05-25,98259520,False,DEV-0054
PLOT-006127,5141-E,Discovery Gardens,97959,Commercial,Government,2005-06-16,2017-07-23,331324865,False,DEV-0064
PLOT-006128,6665-E,Umm Suqeim,137875,Mixed,Government,2005-11-10,2016-01-22,305765948,False,DEV-0164
PLOT-006129,8232-B,Jebel Ali,73535,Mixed,Freehold,2010-07-03,2020-12-15,443014240,False,DEV-0042
PLOT-006130,7651-A,Bur Dubai,110765,Residential,Freehold,2021-01-29,2022-06-28,55115094,False,DEV-0159
PLOT-006131,8942-E,Al Wasl,277649,Commercial,Freehold,2003-08-02,2019-08-17,31079058,False,DEV-0009
PLOT-006132,7162-E,Muhaisnah,449997,Commercial,Leasehold,2013-08-28,2015-04-02,39160838,False,DEV-0064
PLOT-006133,6026-C,DIFC,139648,Residential,Freehold,2007-02-08,2015-07-03,138368935,True,DEV-0146
PLOT-006134,5321-B,Jebel Ali,403550,Commercial,Government,2020-01-04,2015-01-22,19255097,False,DEV-0052
PLOT-006135,7921-A,Dubailand,281192,Green,Leasehold,2004-03-04,2016-04-05,451498978,False,DEV-0149
PLOT-006136,8871-B,Palm Jumeirah,195376,Industrial,Freehold,2021-09-17,2021-06-17,189553294,True,DEV-0051
PLOT-006137,7415-B,Downtown Dubai,445418,Commercial,Leasehold,2022-12-26,2018-06-11,117060213,True,DEV-0115
PLOT-006138,6883-D,JLT,406937,Residential,Freehold,2002-04-14,2022-06-01,333040898,False,DEV-0044
PLOT-006139,4438-E,Al Furjan,410487,Mixed,Leasehold,2013-03-22,2019-02-27,291128987,False,DEV-0099
PLOT-006140,7454-D,Al Mizhar,299591,Residential,Leasehold,2023-07-25,2018-02-03,230422232,True,DEV-0101
PLOT-006141,6557-E,Motor City,498968,Residential,Leasehold,2008-11-13,2018-09-10,67698964,False,DEV-0099
PLOT-006142,8051-B,Al Twar,377549,Mixed,Freehold,2011-07-09,2024-10-15,450400551,False,DEV-0083
PLOT-006143,7685-B,Discovery Gardens,187617,Industrial,Leasehold,2014-02-08,2021-11-07,393645338,False,DEV-0157
PLOT-006144,6012-D,JVC,50759,Mixed,Leasehold,2006-10-27,2023-01-12,265955614,True,DEV-0075
PLOT-006145,280-C,Dubailand,56859,Commercial,Leasehold,2003-06-06,2017-06-26,271694362,True,DEV-0080
PLOT-006146,2734-A,Al Wasl,485113,Mixed,Freehold,2005-06-07,2024-04-25,431409334,False,DEV-0103
PLOT-006147,6437-D,Al Barsha,107403,Mixed,Freehold,2011-05-24,2017-01-24,177959162,True,DEV-0017
PLOT-006148,3680-B,Arabian Ranches,136755,Mixed,Freehold,2017-06-01,2021-11-10,190865158,True,DEV-0003
PLOT-006149,4246-C,Warqa,402818,Residential,Government,2008-08-19,2016-01-10,176273295,False,DEV-0096
PLOT-006150,4402-D,Downtown Dubai,54998,Green,Freehold,2014-11-19,2018-04-25,427267259,True,DEV-0014
PLOT-006151,754-A,Arabian Ranches,70871,Mixed,Government,2021-06-23,2024-06-14,482378949,False,DEV-0103
PLOT-006152,4252-C,Discovery Gardens,488979,Commercial,Leasehold,2019-01-18,2019-11-04,32558546,False,DEV-0160
PLOT-006153,5328-C,Arabian Ranches,107815,Mixed,Freehold,2001-02-03,2023-09-17,352016441,False,DEV-0055
PLOT-006154,3510-A,International City,108919,Residential,Government,2012-11-04,2022-07-13,354059428,True,DEV-0075
PLOT-006155,8481-B,Dubai Hills Estate,366046,Commercial,Freehold,2001-05-13,2022-07-12,207415809,True,DEV-0055
PLOT-006156,3930-D,Arabian Ranches,351480,Commercial,Freehold,2007-12-22,2015-07-21,365971816,False,DEV-0183
PLOT-006157,5549-A,Motor City,470914,Commercial,Leasehold,2002-01-31,2021-11-25,44944939,False,DEV-0044
PLOT-006158,8541-E,Dubai Hills Estate,418161,Mixed,Leasehold,2023-12-07,2020-04-03,318571788,False,DEV-0145
PLOT-006159,1889-D,Al Furjan,461340,Mixed,Government,2010-07-21,2020-09-21,78829015,True,DEV-0004
PLOT-006160,4929-B,Bur Dubai,206586,Residential,Leasehold,2001-12-19,2016-10-03,239373702,True,DEV-0165
PLOT-006161,7493-A,Emaar Beachfront,452090,Industrial,Freehold,2010-12-24,2022-10-23,120072379,False,DEV-0165
PLOT-006162,3607-B,Dubai Land,340829,Residential,Government,2015-07-28,2020-09-07,476120985,False,DEV-0136
PLOT-006163,440-D,Deira,421626,Residential,Leasehold,2007-08-25,2017-11-26,329169854,True,DEV-0047
PLOT-006164,7794-B,Ras Al Khor,304953,Commercial,Government,2009-09-29,2024-10-13,253605650,True,DEV-0036
PLOT-006165,5187-E,Dubai South,389496,Residential,Leasehold,2005-02-13,2022-06-25,160709128,False,DEV-0079
PLOT-006166,9515-C,Emaar Beachfront,360376,Commercial,Government,2009-01-27,2015-02-11,166411037,True,DEV-0091
PLOT-006167,6540-D,JVC,378999,Residential,Leasehold,2013-02-16,2016-05-28,423990748,True,DEV-0034
PLOT-006168,5165-C,Al Twar,299782,Residential,Freehold,2017-04-19,2024-02-06,467609289,False,DEV-0122
PLOT-006169,3325-D,Dubai South,27943,Residential,Freehold,2000-10-19,2015-05-28,103000361,False,DEV-0109
PLOT-006170,1535-B,JLT,495899,Green,Freehold,2019-07-14,2022-02-10,78376931,False,DEV-0075
PLOT-006171,8397-D,Dubai Land,398206,Residential,Leasehold,2002-09-06,2016-09-29,63992439,False,DEV-0120
PLOT-006172,7500-D,Al Safa,362297,Mixed,Freehold,2002-08-26,2015-10-26,446259803,False,DEV-0150
PLOT-006173,3936-C,Motor City,226469,Residential,Leasehold,2012-01-23,2020-08-16,247694441,False,DEV-0037
PLOT-006174,9260-B,Al Wasl,325309,Residential,Leasehold,2015-11-09,2017-09-08,13567794,False,DEV-0174
PLOT-006175,1596-E,Dubailand,156203,Commercial,Freehold,2011-09-12,2024-06-25,398879109,False,DEV-0023
PLOT-006176,4948-D,Dubai Marina,64925,Residential,Leasehold,2005-07-26,2018-06-08,169810177,False,DEV-0064
PLOT-006177,7562-C,Motor City,131504,Residential,Freehold,2021-04-29,2016-10-28,470524535,True,DEV-0170
PLOT-006178,403-B,Muhaisnah,259447,Commercial,Freehold,2015-07-19,2021-09-25,49637729,False,DEV-0112
PLOT-006179,8631-D,Al Karama,346028,Mixed,Leasehold,2023-07-13,2022-03-23,113235407,False,DEV-0190
PLOT-006180,2031-A,Palm Jumeirah,450558,Industrial,Freehold,2017-01-24,2022-03-31,215472294,True,DEV-0113
PLOT-006181,4890-A,Palm Jumeirah,389504,Commercial,Freehold,2000-08-17,2019-02-04,323506686,True,DEV-0050
PLOT-006182,7978-C,Dubailand,150205,Industrial,Freehold,2004-11-14,2018-09-29,176645313,False,DEV-0131
PLOT-006183,8897-A,Dubai Land,251853,Residential,Leasehold,2014-04-09,2016-09-27,21527926,True,DEV-0066
PLOT-006184,6423-D,Dubai Hills Estate,363935,Residential,Leasehold,2001-12-02,2024-11-04,338083437,False,DEV-0051
PLOT-006185,348-B,Bur Dubai,118022,Residential,Government,2005-12-09,2017-08-25,243517204,False,DEV-0063
PLOT-006186,1261-C,Al Karama,406478,Commercial,Leasehold,2004-07-10,2017-07-23,374603674,False,DEV-0192
PLOT-006187,4646-B,Business Bay,159997,Residential,Freehold,2009-07-08,2022-05-11,484130823,True,DEV-0069
PLOT-006188,7899-D,Jebel Ali,122243,Residential,Government,2011-12-03,2023-02-11,478551082,False,DEV-0144
PLOT-006189,4254-C,Al Barsha,216868,Commercial,Freehold,2017-03-27,2018-04-10,250262838,True,DEV-0147
PLOT-006190,6350-D,Jumeirah,356246,Mixed,Freehold,2004-03-19,2016-10-27,496173783,True,DEV-0146
PLOT-006191,5502-A,Al Quoz,260956,Residential,Government,2020-11-25,2022-08-18,232209324,False,DEV-0192
PLOT-006192,5098-C,Downtown Dubai,485812,Residential,Freehold,2017-02-13,2022-09-04,429908388,False,DEV-0028
PLOT-006193,540-B,Nad Al Sheba,233459,Industrial,Freehold,2007-08-14,2023-08-06,203090111,False,DEV-0146
PLOT-006194,190-D,Jebel Ali,111816,Commercial,Leasehold,2000-12-21,2022-09-14,136579654,True,DEV-0001
PLOT-006195,5104-A,Al Furjan,169788,Residential,Leasehold,2019-02-10,2022-01-15,300064679,False,DEV-0080
PLOT-006196,7985-E,Town Square,176218,Residential,Freehold,2017-09-17,2016-05-03,364274960,False,DEV-0025
PLOT-006197,7663-A,Deira,354999,Industrial,Freehold,2012-09-06,2019-01-25,370800991,False,DEV-0042
PLOT-006198,1823-D,Muhaisnah,31025,Residential,Leasehold,2008-12-22,2019-12-11,229878859,False,DEV-0163
PLOT-006199,4125-B,Discovery Gardens,451327,Residential,Government,2023-06-10,2017-12-17,37798837,True,DEV-0163
PLOT-006200,7735-E,Al Barsha,247154,Residential,Government,2001-12-12,2017-09-15,199091279,True,DEV-0147
PLOT-006201,9029-C,Sports City,270815,Mixed,Government,2013-12-03,2020-07-30,498296878,False,DEV-0124
PLOT-006202,6799-D,Motor City,146634,Commercial,Freehold,2010-11-06,2018-02-01,474196129,False,DEV-0091
PLOT-006203,8572-C,Al Quoz,471824,Residential,Freehold,2001-11-13,2018-12-17,317124610,False,DEV-0061
PLOT-006204,8937-E,JVC,173986,Mixed,Freehold,2010-08-12,2016-07-25,362366246,True,DEV-0122
PLOT-006205,1504-E,Al Karama,160691,Residential,Leasehold,2018-11-23,2020-05-10,362124971,False,DEV-0138
PLOT-006206,4006-A,Al Twar,446218,Commercial,Government,2020-10-22,2019-12-01,345431334,True,DEV-0045
PLOT-006207,5874-C,Al Qusais,146519,Residential,Leasehold,2000-10-07,2020-06-13,492902292,False,DEV-0179
PLOT-006208,8998-A,Dubai Land,251824,Green,Government,2018-06-12,2020-01-12,298597322,False,DEV-0198
PLOT-006209,4512-D,Dubai Creek Harbour,37678,Mixed,Freehold,2010-09-26,2019-01-20,68025312,False,DEV-0145
PLOT-006210,4935-A,Al Quoz,229482,Residential,Freehold,2002-03-31,2018-12-03,394022091,False,DEV-0186
PLOT-006211,3806-E,Al Mizhar,457898,Mixed,Leasehold,2004-04-16,2023-08-25,320032329,False,DEV-0075
PLOT-006212,4265-D,Nad Al Sheba,114849,Commercial,Freehold,2000-02-16,2019-04-15,352713669,False,DEV-0164
PLOT-006213,2809-E,Arabian Ranches,202231,Industrial,Leasehold,2007-05-16,2023-11-11,287826371,False,DEV-0118
PLOT-006214,5786-E,Discovery Gardens,152281,Residential,Leasehold,2021-04-01,2024-05-11,179668073,False,DEV-0196
PLOT-006215,346-C,Dubai Investment Park,119236,Residential,Freehold,2018-06-16,2020-10-17,443605555,True,DEV-0171
PLOT-006216,8961-D,Deira,317325,Mixed,Leasehold,2023-04-29,2016-01-21,457139641,False,DEV-0018
PLOT-006217,5310-A,Ras Al Khor,14444,Residential,Leasehold,2000-10-04,2016-05-19,264737921,False,DEV-0197
PLOT-006218,3275-E,Al Karama,32665,Residential,Leasehold,2008-07-01,2020-06-18,46903838,False,DEV-0015
PLOT-006219,8928-C,DIFC,18556,Mixed,Government,2012-01-28,2015-07-01,324569334,False,DEV-0005
PLOT-006220,9040-C,Motor City,334732,Residential,Leasehold,2021-01-05,2023-07-03,82323046,False,DEV-0014
PLOT-006221,72-E,Al Furjan,196583,Industrial,Freehold,2022-03-08,2022-09-15,300577436,False,DEV-0056
PLOT-006222,687-E,Al Wasl,424540,Mixed,Leasehold,2002-03-27,2018-07-01,423187716,True,DEV-0200
PLOT-006223,7508-E,Dubai Land,18183,Commercial,Freehold,2007-04-16,2024-11-02,325641055,False,DEV-0088
PLOT-006224,3323-A,Nad Al Sheba,275840,Residential,Government,2012-02-23,2018-04-17,430113584,True,DEV-0056
PLOT-006225,7976-E,Town Square,312135,Commercial,Freehold,2007-12-07,2015-08-26,270024593,True,DEV-0167
PLOT-006226,1543-D,Deira,93016,Mixed,Government,2020-08-30,2018-12-18,339302994,True,DEV-0176
PLOT-006227,7349-E,Arabian Ranches,127613,Residential,Leasehold,2001-05-11,2015-07-23,39492768,True,DEV-0020
PLOT-006228,1965-A,Umm Suqeim,370876,Commercial,Government,2022-07-24,2017-02-18,248926864,True,DEV-0004
PLOT-006229,7677-D,Emaar Beachfront,108489,Residential,Leasehold,2008-12-07,2017-03-12,482253812,False,DEV-0132
PLOT-006230,38-B,JLT,38636,Residential,Leasehold,2014-10-04,2020-06-10,364844699,True,DEV-0144
PLOT-006231,3077-B,DIFC,48719,Commercial,Leasehold,2020-12-20,2021-01-08,156259107,False,DEV-0059
PLOT-006232,293-C,Arabian Ranches,93854,Commercial,Freehold,2008-11-30,2019-11-22,395958778,False,DEV-0058
PLOT-006233,5673-D,Dubai Creek Harbour,266291,Commercial,Government,2003-12-22,2018-08-02,161833014,True,DEV-0077
PLOT-006234,7456-A,Al Satwa,63648,Commercial,Leasehold,2020-10-24,2024-12-19,10746163,False,DEV-0030
PLOT-006235,6359-E,Muhaisnah,42481,Residential,Leasehold,2011-10-31,2018-01-23,324913058,True,DEV-0052
PLOT-006236,3007-A,Dubai Land,311831,Industrial,Freehold,2016-10-29,2023-08-19,94417835,False,DEV-0155
PLOT-006237,8867-D,Al Satwa,445297,Residential,Freehold,2013-03-29,2022-03-09,114704157,True,DEV-0152
PLOT-006238,5411-E,Palm Jumeirah,29928,Mixed,Freehold,2016-05-10,2019-09-13,231689574,False,DEV-0060
PLOT-006239,3114-C,Jumeirah,219741,Residential,Freehold,2002-12-28,2015-06-18,144616375,False,DEV-0070
PLOT-006240,6294-C,Sports City,137771,Residential,Freehold,2011-01-02,2020-03-16,84363056,False,DEV-0135
PLOT-006241,208-E,Emaar Beachfront,316301,Industrial,Freehold,2010-10-09,2022-12-07,217222343,False,DEV-0054
PLOT-006242,4401-C,Town Square,65962,Commercial,Freehold,2011-11-10,2021-06-22,372560965,False,DEV-0191
PLOT-006243,6829-B,Arabian Ranches,371609,Industrial,Leasehold,2002-05-07,2019-05-05,437188609,True,DEV-0172
PLOT-006244,6219-C,International City,328878,Green,Leasehold,2007-11-08,2018-06-27,438977026,True,DEV-0033
PLOT-006245,4069-D,Muhaisnah,342704,Mixed,Leasehold,2019-11-25,2017-11-26,284295458,True,DEV-0058
PLOT-006246,969-B,Discovery Gardens,370480,Mixed,Freehold,2021-08-15,2021-05-29,245415761,True,DEV-0021
PLOT-006247,4202-C,Muhaisnah,60449,Mixed,Freehold,2003-02-08,2018-08-02,216648751,False,DEV-0168
PLOT-006248,9837-A,Dubailand,297664,Commercial,Freehold,2012-05-04,2019-04-07,134008731,True,DEV-0183
PLOT-006249,8950-A,Nad Al Sheba,93986,Residential,Leasehold,2015-12-03,2018-08-17,124569083,False,DEV-0001
PLOT-006250,2575-E,Deira,178895,Residential,Freehold,2021-12-04,2022-08-24,327896842,True,DEV-0168
PLOT-006251,9471-C,Deira,255192,Residential,Leasehold,2018-05-03,2024-04-17,285238737,False,DEV-0176
PLOT-006252,3554-A,Al Quoz,340200,Green,Freehold,2002-05-16,2016-10-23,479528011,False,DEV-0002
PLOT-006253,8004-E,Town Square,29160,Green,Freehold,2011-09-16,2020-12-03,141789963,True,DEV-0028
PLOT-006254,3086-C,Motor City,92478,Mixed,Leasehold,2007-12-17,2016-10-11,187269548,False,DEV-0163
PLOT-006255,6765-C,Dubai Creek Harbour,369589,Residential,Freehold,2022-01-14,2019-07-05,98277443,True,DEV-0158
PLOT-006256,8620-C,Bur Dubai,434171,Residential,Freehold,2020-06-17,2017-01-28,148504881,True,DEV-0079
PLOT-006257,318-E,Umm Suqeim,133336,Mixed,Freehold,2008-03-26,2020-07-01,55047814,False,DEV-0142
PLOT-006258,2449-D,Nad Al Sheba,158515,Mixed,Leasehold,2016-09-24,2017-10-18,216439220,True,DEV-0103
PLOT-006259,2485-E,Arabian Ranches,121024,Mixed,Freehold,2022-07-08,2018-03-04,81780157,False,DEV-0072
PLOT-006260,935-A,Al Barsha,88896,Industrial,Leasehold,2020-02-07,2016-07-21,441234049,False,DEV-0062
PLOT-006261,423-D,Arabian Ranches,338897,Residential,Freehold,2016-09-11,2024-12-25,343112034,True,DEV-0096
PLOT-006262,131-A,Deira,428837,Residential,Freehold,2018-07-03,2019-06-06,128334978,True,DEV-0032
PLOT-006263,7037-B,Al Mizhar,314389,Residential,Freehold,2010-11-04,2016-10-09,95549501,False,DEV-0194
PLOT-006264,2058-A,Ras Al Khor,471599,Industrial,Leasehold,2002-04-22,2022-09-10,130773853,False,DEV-0113
PLOT-006265,6420-B,Dubai Marina,260665,Commercial,Freehold,2019-04-21,2019-11-29,339142892,False,DEV-0141
PLOT-006266,7005-E,JVC,208366,Residential,Government,2022-05-18,2015-09-18,419730574,False,DEV-0119
PLOT-006267,2513-A,Mirdif,130987,Residential,Leasehold,2014-05-28,2023-05-19,124474377,True,DEV-0179
PLOT-006268,461-E,Al Qusais,416037,Mixed,Leasehold,2022-11-08,2019-03-18,316419306,False,DEV-0106
PLOT-006269,6475-D,Al Twar,352920,Green,Freehold,2004-12-03,2020-05-20,288819122,True,DEV-0198
PLOT-006270,6347-B,Al Safa,357513,Mixed,Freehold,2005-01-19,2022-04-07,242730080,False,DEV-0121
PLOT-006271,8328-B,Al Mizhar,43995,Commercial,Freehold,2000-05-03,2019-08-18,355230482,True,DEV-0115
PLOT-006272,5420-B,Nad Al Sheba,464985,Commercial,Government,2006-05-20,2021-02-27,262714973,False,DEV-0125
PLOT-006273,3617-E,Jebel Ali,367494,Commercial,Freehold,2015-03-04,2019-01-16,395725733,False,DEV-0105
PLOT-006274,6996-A,Dubai South,8062,Residential,Government,2005-05-31,2023-11-20,162845310,False,DEV-0186
PLOT-006275,3262-C,Downtown Dubai,183837,Mixed,Government,2003-03-28,2021-07-31,427253756,True,DEV-0164
PLOT-006276,1343-D,Downtown Dubai,376824,Mixed,Freehold,2022-03-20,2021-11-22,189216761,False,DEV-0048
PLOT-006277,8044-D,Deira,467665,Residential,Freehold,2002-01-30,2020-03-29,270245525,True,DEV-0050
PLOT-006278,2016-C,Motor City,17685,Residential,Freehold,2010-04-22,2016-07-04,184004337,False,DEV-0167
PLOT-006279,2746-C,Downtown Dubai,199691,Residential,Leasehold,2016-09-02,2017-10-07,419162599,False,DEV-0026
PLOT-006280,1366-D,Dubai Hills Estate,378456,Commercial,Freehold,2014-10-20,2017-07-02,475464474,False,DEV-0176
PLOT-006281,2529-B,Al Twar,124812,Residential,Freehold,2014-11-05,2020-11-27,201548810,True,DEV-0038
PLOT-006282,7090-E,Jumeirah,475433,Residential,Leasehold,2004-05-15,2015-05-12,6269346,False,DEV-0106
PLOT-006283,9477-E,Al Quoz,296033,Commercial,Government,2023-03-23,2016-04-17,472684641,True,DEV-0171
PLOT-006284,301-B,Al Twar,265313,Green,Leasehold,2010-03-27,2017-05-25,445336724,False,DEV-0118
PLOT-006285,5391-B,Umm Suqeim,383699,Commercial,Freehold,2020-07-27,2019-08-16,116067274,False,DEV-0175
PLOT-006286,4714-B,Al Barsha,280334,Industrial,Government,2009-05-23,2023-05-12,348616163,True,DEV-0141
PLOT-006287,9346-A,Dubai Land,220077,Residential,Freehold,2010-03-28,2019-06-09,21702848,False,DEV-0186
PLOT-006288,9686-B,Dubailand,79553,Residential,Leasehold,2012-06-24,2019-06-15,126486154,True,DEV-0029
PLOT-006289,6138-B,Muhaisnah,148881,Residential,Freehold,2018-06-04,2017-10-01,290989398,True,DEV-0097
PLOT-006290,9854-B,Al Quoz,203955,Mixed,Leasehold,2006-08-26,2019-09-03,364756196,True,DEV-0183
PLOT-006291,2492-D,Dubai Land,447861,Residential,Leasehold,2019-09-29,2024-02-28,453383378,True,DEV-0173
PLOT-006292,4680-B,Al Satwa,356811,Residential,Freehold,2023-03-24,2016-02-03,191057551,False,DEV-0125
PLOT-006293,5111-B,Motor City,29968,Residential,Leasehold,2017-02-23,2024-03-07,408700691,False,DEV-0199
PLOT-006294,4369-B,Motor City,36970,Industrial,Government,2017-07-18,2022-07-11,260909566,False,DEV-0011
PLOT-006295,1085-A,Dubai Hills Estate,269678,Industrial,Freehold,2005-04-15,2021-01-07,248092528,True,DEV-0140
PLOT-006296,5611-E,Motor City,319430,Commercial,Freehold,2009-04-03,2020-09-19,417160553,False,DEV-0147
PLOT-006297,7385-B,Dubai Land,287081,Residential,Leasehold,2020-12-09,2015-05-25,119460510,False,DEV-0120
PLOT-006298,7313-A,Al Barsha,121685,Residential,Freehold,2004-12-14,2015-12-06,150075266,False,DEV-0023
PLOT-006299,745-C,Emaar Beachfront,467450,Residential,Government,2022-09-17,2023-12-21,196909076,True,DEV-0173
PLOT-006300,1430-D,Al Qusais,228684,Commercial,Leasehold,2007-06-14,2020-08-20,468731105,True,DEV-0145
PLOT-006301,4943-D,Downtown Dubai,325808,Commercial,Leasehold,2011-05-28,2017-07-19,337872310,True,DEV-0059
PLOT-006302,7863-D,Dubai Investment Park,271454,Residential,Freehold,2015-06-30,2024-04-08,360221518,True,DEV-0172
PLOT-006303,5350-D,Jumeirah,144723,Mixed,Freehold,2018-07-13,2015-01-19,236167405,False,DEV-0008
PLOT-006304,9783-A,Al Karama,462385,Residential,Freehold,2005-10-19,2020-05-13,127915852,False,DEV-0099
PLOT-006305,281-A,Al Barsha,226703,Green,Leasehold,2002-09-02,2019-04-24,270560764,False,DEV-0163
PLOT-006306,2029-E,Dubai South,159592,Mixed,Freehold,2004-08-21,2023-11-29,449074873,False,DEV-0017
PLOT-006307,8217-C,Al Mizhar,294899,Mixed,Freehold,2004-01-14,2018-05-28,347104451,True,DEV-0059
PLOT-006308,6800-B,JLT,116617,Commercial,Freehold,2004-03-15,2020-05-20,271774632,False,DEV-0174
PLOT-006309,1297-A,Al Safa,304761,Commercial,Freehold,2017-01-18,2015-08-30,224455414,False,DEV-0104
PLOT-006310,3047-C,Deira,391119,Residential,Freehold,2017-07-07,2017-10-14,249072195,False,DEV-0134
PLOT-006311,7502-C,Deira,458838,Mixed,Freehold,2006-02-12,2021-07-02,58010991,True,DEV-0125
PLOT-006312,5689-B,Umm Suqeim,253208,Residential,Leasehold,2011-03-06,2024-11-19,204429159,False,DEV-0158
PLOT-006313,8902-C,Dubai South,67813,Residential,Freehold,2017-03-13,2018-01-23,304978295,True,DEV-0200
PLOT-006314,8639-B,Discovery Gardens,13833,Residential,Government,2001-09-11,2018-03-25,285561198,False,DEV-0187
PLOT-006315,6975-B,Dubailand,478673,Residential,Leasehold,2018-03-14,2023-07-01,112346702,True,DEV-0015
PLOT-006316,3113-A,Al Quoz,66797,Mixed,Leasehold,2002-10-02,2024-03-31,82172511,False,DEV-0028
PLOT-006317,785-E,Al Twar,417380,Mixed,Government,2016-01-22,2024-01-11,407204672,False,DEV-0117
PLOT-006318,6520-A,Emaar Beachfront,233223,Mixed,Government,2013-01-01,2022-02-03,150507755,False,DEV-0045
PLOT-006319,1872-A,Palm Jumeirah,386525,Mixed,Leasehold,2007-04-17,2018-03-07,499002848,False,DEV-0030
PLOT-006320,7630-D,Dubai Hills Estate,346812,Residential,Freehold,2011-05-11,2022-08-23,297359578,True,DEV-0079
PLOT-006321,828-B,Dubai Investment Park,116847,Mixed,Leasehold,2005-06-11,2022-12-06,464753078,False,DEV-0157
PLOT-006322,3380-B,Dubai Hills Estate,214437,Mixed,Freehold,2017-05-03,2023-08-09,307648518,False,DEV-0036
PLOT-006323,695-E,Business Bay,85335,Residential,Leasehold,2018-12-14,2017-11-20,202339296,True,DEV-0043
PLOT-006324,5358-B,Dubailand,356928,Residential,Leasehold,2019-08-14,2015-11-24,378523738,True,DEV-0127
PLOT-006325,3756-E,Dubai Investment Park,67425,Residential,Freehold,2007-03-23,2019-08-12,142286020,False,DEV-0129
PLOT-006326,3222-C,JVC,311455,Residential,Freehold,2006-04-16,2022-11-08,21040105,True,DEV-0030
PLOT-006327,8092-A,Al Barsha,220516,Mixed,Freehold,2004-01-08,2024-11-24,262809841,False,DEV-0003
PLOT-006328,1694-B,JVC,438469,Mixed,Government,2008-10-17,2024-10-29,439988121,False,DEV-0189
PLOT-006329,6182-D,JVC,424107,Industrial,Leasehold,2008-06-23,2018-02-21,165486511,True,DEV-0142
PLOT-006330,4051-E,Al Safa,16584,Residential,Freehold,2005-09-05,2018-06-10,284722105,False,DEV-0193
PLOT-006331,5615-A,Jumeirah,62317,Mixed,Government,2023-03-05,2020-01-01,203851515,False,DEV-0129
PLOT-006332,238-A,Jumeirah,384398,Commercial,Government,2003-07-08,2018-03-14,71152091,False,DEV-0167
PLOT-006333,6316-B,Al Mizhar,51352,Commercial,Freehold,2007-03-26,2023-03-21,393280143,False,DEV-0012
PLOT-006334,5404-C,JLT,148804,Commercial,Government,2016-09-24,2024-07-19,31130949,True,DEV-0154
PLOT-006335,4955-C,Al Mizhar,265385,Residential,Leasehold,2008-10-26,2017-06-21,412672102,False,DEV-0104
PLOT-006336,2632-B,Al Qusais,46881,Commercial,Freehold,2017-04-21,2022-10-29,229994718,True,DEV-0089
PLOT-006337,6951-C,Al Satwa,73909,Residential,Leasehold,2018-03-28,2018-06-23,290506511,False,DEV-0122
PLOT-006338,8731-E,Dubai Investment Park,356187,Residential,Government,2005-09-05,2022-01-03,86771021,True,DEV-0102
PLOT-006339,1922-C,Al Quoz,177690,Mixed,Leasehold,2021-07-11,2020-09-15,81527977,True,DEV-0005
PLOT-006340,4582-D,Arabian Ranches,387675,Mixed,Leasehold,2023-10-14,2015-07-26,423798146,False,DEV-0054
PLOT-006341,9025-C,Muhaisnah,123933,Mixed,Freehold,2016-11-22,2024-12-09,234615425,False,DEV-0060
PLOT-006342,8431-A,Al Qusais,396202,Mixed,Leasehold,2014-10-17,2024-09-17,233303090,False,DEV-0008
PLOT-006343,2-D,Al Qusais,215772,Commercial,Freehold,2016-07-03,2015-09-29,392349747,False,DEV-0170
PLOT-006344,4898-B,Al Wasl,5206,Residential,Freehold,2010-11-22,2016-10-09,498412101,False,DEV-0187
PLOT-006345,1312-C,Arabian Ranches,146216,Residential,Leasehold,2012-10-04,2023-05-14,311430263,False,DEV-0001
PLOT-006346,443-A,Al Qusais,497391,Residential,Freehold,2017-10-06,2019-01-11,193480729,True,DEV-0063
PLOT-006347,8949-E,DIFC,411216,Residential,Leasehold,2022-11-17,2023-05-31,456014302,False,DEV-0057
PLOT-006348,6181-E,Al Quoz,64144,Residential,Leasehold,2013-06-28,2018-11-19,118596921,False,DEV-0082
PLOT-006349,3180-A,Al Karama,180400,Residential,Freehold,2002-07-20,2016-11-18,401268488,True,DEV-0072
PLOT-006350,5305-D,Al Mizhar,377383,Residential,Freehold,2007-11-18,2023-07-06,122537691,True,DEV-0011
PLOT-006351,8580-E,Downtown Dubai,67828,Commercial,Freehold,2003-11-01,2022-11-14,137275999,True,DEV-0003
PLOT-006352,9506-B,Business Bay,233176,Residential,Government,2000-09-24,2015-07-07,150173288,True,DEV-0200
PLOT-006353,8674-E,Al Furjan,46942,Mixed,Leasehold,2016-12-13,2022-01-28,287190933,True,DEV-0196
PLOT-006354,7402-E,Al Qusais,55970,Residential,Freehold,2007-02-11,2021-05-20,214553540,False,DEV-0176
PLOT-006355,5839-C,Jebel Ali,414923,Residential,Leasehold,2005-09-18,2024-06-22,271243799,False,DEV-0041
PLOT-006356,8817-E,Downtown Dubai,216207,Residential,Leasehold,2005-02-27,2019-10-06,317246961,False,DEV-0051
PLOT-006357,4130-C,Al Quoz,304397,Green,Government,2014-01-18,2021-04-24,274475838,False,DEV-0124
PLOT-006358,3521-A,Al Barsha,134707,Mixed,Freehold,2022-06-22,2024-04-19,352236374,False,DEV-0097
PLOT-006359,1023-A,Motor City,183345,Residential,Freehold,2008-06-09,2024-09-11,161510160,True,DEV-0152
PLOT-006360,4968-B,Al Mizhar,491518,Residential,Freehold,2003-06-16,2020-08-15,307407907,False,DEV-0196
PLOT-006361,893-A,Al Barsha,205539,Industrial,Freehold,2022-02-13,2017-09-09,201987652,True,DEV-0118
PLOT-006362,1347-D,Sports City,484220,Mixed,Freehold,2013-04-10,2018-11-13,281017557,False,DEV-0022
PLOT-006363,1076-A,Dubailand,428984,Mixed,Government,2003-07-13,2019-03-23,122756660,False,DEV-0059
PLOT-006364,7678-B,Jebel Ali,160899,Residential,Freehold,2018-06-03,2021-02-06,425578811,True,DEV-0196
PLOT-006365,4484-A,Al Qusais,399200,Mixed,Freehold,2015-02-28,2023-05-12,247816331,False,DEV-0170
PLOT-006366,2393-A,Dubai Land,423312,Residential,Freehold,2017-10-23,2023-01-15,349195626,True,DEV-0166
PLOT-006367,7111-C,Dubai Marina,297579,Industrial,Freehold,2015-06-28,2019-12-28,400333734,True,DEV-0093
PLOT-006368,8288-E,International City,359672,Mixed,Freehold,2014-06-21,2015-01-19,351665197,True,DEV-0188
PLOT-006369,6601-C,Muhaisnah,338945,Residential,Government,2020-01-06,2020-07-03,340910133,True,DEV-0136
PLOT-006370,2812-C,Deira,420676,Residential,Leasehold,2011-12-12,2020-06-10,14512237,False,DEV-0098
PLOT-006371,8066-B,Al Karama,197952,Mixed,Freehold,2017-10-23,2023-03-26,399574174,False,DEV-0055
PLOT-006372,7093-E,Downtown Dubai,188362,Industrial,Leasehold,2019-08-26,2021-02-08,205870844,True,DEV-0177
PLOT-006373,2707-C,Al Barsha,480085,Residential,Freehold,2015-05-10,2024-06-01,247644359,True,DEV-0119
PLOT-006374,9958-B,Al Twar,494482,Residential,Leasehold,2005-08-16,2019-07-30,370396259,False,DEV-0029
PLOT-006375,1416-B,International City,293519,Commercial,Leasehold,2013-04-05,2015-02-14,480803530,False,DEV-0022
PLOT-006376,1990-C,Warqa,69392,Commercial,Freehold,2010-06-27,2023-07-27,352274196,False,DEV-0179
PLOT-006377,8325-A,Jebel Ali,129032,Commercial,Freehold,2003-04-07,2019-01-26,367914474,False,DEV-0164
PLOT-006378,3059-A,Dubailand,260558,Industrial,Freehold,2005-12-09,2019-04-17,224255786,True,DEV-0149
PLOT-006379,8866-E,Al Karama,185733,Mixed,Freehold,2021-05-05,2016-01-30,107506248,True,DEV-0190
PLOT-006380,6944-B,Nad Al Sheba,106998,Mixed,Leasehold,2010-09-19,2017-01-25,103655036,False,DEV-0091
PLOT-006381,7879-D,Umm Suqeim,189264,Industrial,Freehold,2021-01-05,2019-08-11,61294515,False,DEV-0059
PLOT-006382,5839-C,Ras Al Khor,142051,Residential,Freehold,2006-12-31,2018-10-03,26915979,False,DEV-0156
PLOT-006383,121-E,DIFC,283016,Residential,Government,2019-08-22,2020-09-05,452069053,False,DEV-0144
PLOT-006384,2998-A,Dubai Marina,54850,Commercial,Freehold,2012-05-13,2015-01-25,358698722,False,DEV-0086
PLOT-006385,4726-D,Sports City,245178,Commercial,Freehold,2009-02-04,2022-06-27,489340844,True,DEV-0105
PLOT-006386,6942-A,Deira,41900,Industrial,Freehold,2010-04-19,2022-05-26,293196302,False,DEV-0084
PLOT-006387,1372-A,Nad Al Sheba,21963,Mixed,Leasehold,2016-05-12,2019-01-05,39018973,False,DEV-0162
PLOT-006388,4427-B,JVC,41810,Industrial,Leasehold,2009-11-12,2019-04-21,221638882,False,DEV-0111
PLOT-006389,723-E,Al Furjan,110441,Residential,Freehold,2006-01-06,2024-03-26,410487493,False,DEV-0084
PLOT-006390,5870-E,Town Square,257519,Residential,Freehold,2020-05-30,2022-06-30,439899793,True,DEV-0118
PLOT-006391,9309-C,Dubai Hills Estate,315301,Residential,Government,2002-05-19,2018-11-02,294780256,False,DEV-0177
PLOT-006392,4757-B,Dubai Creek Harbour,61705,Industrial,Freehold,2000-12-09,2018-10-29,237891283,False,DEV-0053
PLOT-006393,4882-E,Al Qusais,26863,Commercial,Freehold,2017-06-18,2019-06-09,29252707,False,DEV-0113
PLOT-006394,8357-E,Warqa,370013,Industrial,Leasehold,2019-11-17,2021-12-12,386370378,False,DEV-0076
PLOT-006395,7475-E,Ras Al Khor,209166,Residential,Government,2003-03-23,2022-02-14,50535834,False,DEV-0092
PLOT-006396,3774-E,Dubai Creek Harbour,353920,Green,Freehold,2009-04-11,2017-09-18,288653143,False,DEV-0004
PLOT-006397,2484-B,Palm Jumeirah,92666,Commercial,Freehold,2016-05-25,2015-01-28,248468873,True,DEV-0072
PLOT-006398,4615-B,Umm Suqeim,241812,Residential,Leasehold,2011-10-26,2015-09-21,217352852,False,DEV-0115
PLOT-006399,2713-E,Discovery Gardens,447890,Residential,Freehold,2020-10-31,2018-12-05,253173995,True,DEV-0082
PLOT-006400,4549-E,Dubai South,280639,Residential,Leasehold,2022-10-23,2015-08-11,428990692,False,DEV-0126
PLOT-006401,3582-A,Dubailand,311996,Green,Freehold,2017-04-12,2024-07-28,453275880,True,DEV-0152
PLOT-006402,377-E,JVC,340341,Residential,Freehold,2007-06-25,2019-06-07,448027175,False,DEV-0089
PLOT-006403,1394-D,DIFC,433416,Mixed,Freehold,2003-06-26,2019-09-18,220412459,True,DEV-0185
PLOT-006404,9393-E,Dubailand,211136,Industrial,Freehold,2016-02-18,2015-09-28,130843802,False,DEV-0085
PLOT-006405,5114-B,Al Karama,170402,Commercial,Freehold,2013-11-23,2021-10-12,465204894,False,DEV-0063
PLOT-006406,289-A,Dubai Creek Harbour,456270,Commercial,Leasehold,2006-12-02,2022-08-12,406130284,False,DEV-0063
PLOT-006407,3993-B,Deira,304136,Commercial,Government,2006-05-15,2016-03-16,236039252,False,DEV-0120
PLOT-006408,8246-E,Al Furjan,25382,Residential,Freehold,2002-01-20,2016-10-20,293291357,True,DEV-0041
PLOT-006409,4760-C,Al Twar,278036,Commercial,Freehold,2002-05-29,2016-11-24,452299803,False,DEV-0189
PLOT-006410,7672-A,Jumeirah,12626,Industrial,Freehold,2010-04-25,2022-01-08,450204569,True,DEV-0106
PLOT-006411,7072-A,Bur Dubai,353470,Residential,Freehold,2022-10-20,2024-01-25,484671936,True,DEV-0015
PLOT-006412,5303-B,Muhaisnah,118865,Commercial,Freehold,2021-09-11,2015-02-17,159243293,True,DEV-0158
PLOT-006413,5044-A,Dubai Marina,165619,Industrial,Leasehold,2011-03-24,2018-04-02,432763660,True,DEV-0192
PLOT-006414,292-C,Umm Suqeim,90021,Commercial,Freehold,2007-11-18,2019-12-02,275447251,False,DEV-0054
PLOT-006415,4309-A,Motor City,88798,Residential,Freehold,2005-10-01,2022-09-26,242001003,False,DEV-0161
PLOT-006416,5517-D,Deira,199657,Residential,Leasehold,2019-01-10,2023-01-12,197638995,False,DEV-0094
PLOT-006417,4788-D,Al Satwa,85004,Residential,Freehold,2002-09-29,2024-04-24,423810864,True,DEV-0047
PLOT-006418,9441-E,Jumeirah,441126,Industrial,Freehold,2012-05-24,2022-07-06,475278972,False,DEV-0168
PLOT-006419,3145-E,Dubai Hills Estate,211418,Commercial,Leasehold,2014-05-31,2017-12-17,426417449,True,DEV-0199
PLOT-006420,736-D,Dubai Marina,365084,Mixed,Freehold,2007-06-24,2022-04-11,33389483,True,DEV-0020
PLOT-006421,2000-A,Al Barsha,393716,Mixed,Freehold,2011-08-28,2023-02-08,45606111,True,DEV-0145
PLOT-006422,1783-C,JVC,23088,Residential,Government,2012-12-18,2017-07-22,468305243,False,DEV-0041
PLOT-006423,8019-C,Muhaisnah,396401,Residential,Leasehold,2011-09-07,2023-04-11,178806388,False,DEV-0092
PLOT-006424,9104-C,Al Qusais,75162,Residential,Leasehold,2005-11-29,2015-09-04,148401121,False,DEV-0126
PLOT-006425,363-B,Discovery Gardens,119308,Commercial,Leasehold,2011-05-07,2021-01-02,283199834,False,DEV-0032
PLOT-006426,6458-E,Al Twar,391126,Commercial,Freehold,2002-10-10,2016-09-30,320374823,False,DEV-0032
PLOT-006427,2933-C,Sports City,459959,Industrial,Leasehold,2005-02-22,2019-10-15,135736216,False,DEV-0027
PLOT-006428,8168-A,Motor City,405282,Mixed,Freehold,2022-02-11,2018-08-14,177217846,True,DEV-0084
PLOT-006429,9084-C,Warqa,86638,Mixed,Freehold,2023-06-02,2024-09-11,452103222,False,DEV-0187
PLOT-006430,7778-D,Al Karama,412102,Commercial,Freehold,2005-06-05,2019-08-19,354448319,False,DEV-0144
PLOT-006431,1576-D,Motor City,350463,Industrial,Leasehold,2022-02-04,2019-06-24,421361572,False,DEV-0188
PLOT-006432,9572-A,Al Qusais,73996,Residential,Leasehold,2005-05-28,2022-08-10,215816049,False,DEV-0140
PLOT-006433,6476-B,International City,310413,Mixed,Freehold,2011-11-18,2021-03-20,154098282,True,DEV-0198
PLOT-006434,1409-B,Warqa,249467,Green,Leasehold,2021-11-17,2023-06-11,171470915,False,DEV-0035
PLOT-006435,3566-E,Sports City,74883,Residential,Government,2013-08-01,2016-04-27,138564561,True,DEV-0138
PLOT-006436,5181-D,Sports City,473736,Mixed,Freehold,2021-01-26,2021-10-27,192658406,False,DEV-0150
PLOT-006437,4091-D,Al Qusais,375378,Residential,Freehold,2002-03-22,2023-12-06,291922075,True,DEV-0133
PLOT-006438,6244-E,JLT,182991,Residential,Leasehold,2018-08-26,2021-08-30,257256960,False,DEV-0038
PLOT-006439,6833-E,Bur Dubai,274829,Residential,Government,2013-08-01,2024-07-11,327285327,True,DEV-0101
PLOT-006440,2705-D,Nad Al Sheba,134083,Residential,Freehold,2016-08-06,2018-07-05,236420604,False,DEV-0173
PLOT-006441,559-D,Motor City,87755,Residential,Freehold,2004-03-11,2018-07-24,93152930,True,DEV-0159
PLOT-006442,303-E,Discovery Gardens,342507,Commercial,Leasehold,2018-04-03,2020-11-19,426198909,True,DEV-0189
PLOT-006443,1676-E,Bur Dubai,261893,Residential,Freehold,2013-09-11,2016-11-17,382319256,False,DEV-0109
PLOT-006444,1112-B,International City,431642,Residential,Freehold,2007-07-08,2016-02-12,262177020,False,DEV-0058
PLOT-006445,2815-C,Al Qusais,287241,Industrial,Government,2004-04-08,2023-06-16,52483797,False,DEV-0042
PLOT-006446,2955-E,Ras Al Khor,451945,Residential,Government,2017-11-10,2016-11-13,335149645,True,DEV-0106
PLOT-006447,3127-D,DIFC,88894,Industrial,Freehold,2003-02-05,2023-08-24,218322893,False,DEV-0145
PLOT-006448,1402-D,Al Qusais,194450,Commercial,Leasehold,2020-05-04,2020-11-08,362276077,False,DEV-0008
PLOT-006449,2297-A,Ras Al Khor,15392,Residential,Freehold,2018-02-11,2021-01-30,347223576,True,DEV-0140
PLOT-006450,9215-E,Dubai Hills Estate,77056,Residential,Leasehold,2020-09-22,2022-10-17,130648947,True,DEV-0142
PLOT-006451,6244-A,Al Furjan,142508,Residential,Freehold,2006-01-09,2017-06-03,172254077,False,DEV-0035
PLOT-006452,2352-D,International City,235466,Commercial,Government,2007-09-27,2019-03-19,279152164,False,DEV-0129
PLOT-006453,5422-D,Al Quoz,321946,Commercial,Government,2005-08-07,2020-10-05,55602766,False,DEV-0120
PLOT-006454,2259-D,DIFC,91686,Mixed,Freehold,2020-10-19,2016-08-19,320808206,False,DEV-0026
PLOT-006455,2608-D,Mirdif,354240,Residential,Freehold,2009-06-30,2018-06-06,180517099,True,DEV-0038
PLOT-006456,3188-B,Emaar Beachfront,143527,Commercial,Freehold,2001-01-12,2015-12-30,276992428,False,DEV-0031
PLOT-006457,7563-A,Al Mizhar,434987,Residential,Freehold,2005-08-29,2019-02-21,474380732,True,DEV-0045
PLOT-006458,2127-B,Al Barsha,313596,Mixed,Freehold,2021-07-21,2020-08-20,375003111,False,DEV-0103
PLOT-006459,2301-C,Al Qusais,69787,Mixed,Freehold,2006-04-03,2017-09-18,155100621,True,DEV-0146
PLOT-006460,4643-A,Sports City,53014,Residential,Freehold,2000-02-17,2018-03-14,432423979,False,DEV-0196
PLOT-006461,5963-E,Discovery Gardens,404011,Commercial,Freehold,2009-06-13,2023-03-29,236045765,True,DEV-0170
PLOT-006462,3334-D,Arabian Ranches,411359,Commercial,Leasehold,2005-12-28,2015-11-03,260302074,True,DEV-0084
PLOT-006463,1271-A,Emaar Beachfront,333329,Residential,Freehold,2000-04-20,2020-03-06,316348880,True,DEV-0186
PLOT-006464,5686-A,Dubailand,192575,Industrial,Freehold,2000-10-28,2017-01-27,138597575,False,DEV-0107
PLOT-006465,8352-A,International City,402313,Mixed,Freehold,2015-09-03,2019-02-14,185185571,False,DEV-0155
PLOT-006466,3382-B,Al Wasl,105565,Green,Leasehold,2002-01-08,2020-05-22,262524230,True,DEV-0036
PLOT-006467,8226-E,Al Barsha,434443,Commercial,Leasehold,2007-11-08,2016-04-03,383704245,False,DEV-0116
PLOT-006468,2972-E,Sports City,257888,Industrial,Freehold,2020-03-09,2024-08-23,395513410,False,DEV-0033
PLOT-006469,9441-E,Bur Dubai,181829,Commercial,Leasehold,2013-10-09,2015-04-24,247475109,True,DEV-0093
PLOT-006470,2511-A,Al Quoz,248124,Residential,Freehold,2008-08-08,2015-01-05,493164588,False,DEV-0079
PLOT-006471,8172-E,JLT,365175,Residential,Leasehold,2002-01-10,2020-03-31,115820474,True,DEV-0007
PLOT-006472,6805-E,Umm Suqeim,177900,Residential,Leasehold,2011-12-19,2021-04-14,283529702,True,DEV-0147
PLOT-006473,3538-A,JVC,201609,Mixed,Leasehold,2016-08-09,2023-08-26,273916637,False,DEV-0153
PLOT-006474,9568-D,Al Qusais,402245,Mixed,Leasehold,2011-12-16,2017-07-13,326392154,False,DEV-0178
PLOT-006475,1021-B,Arabian Ranches,92940,Residential,Leasehold,2009-09-19,2018-04-13,472785449,True,DEV-0041
PLOT-006476,544-D,Nad Al Sheba,46170,Residential,Freehold,2023-02-19,2018-10-29,476061279,False,DEV-0047
PLOT-006477,615-B,Palm Jumeirah,453168,Commercial,Government,2001-06-18,2016-12-10,392253969,True,DEV-0152
PLOT-006478,3670-B,DIFC,317911,Residential,Freehold,2003-05-12,2017-06-18,336529084,False,DEV-0171
PLOT-006479,9283-E,Palm Jumeirah,304832,Commercial,Government,2001-06-12,2019-05-16,155285699,False,DEV-0061
PLOT-006480,3443-A,Al Safa,459512,Residential,Freehold,2000-04-30,2016-01-07,10325997,False,DEV-0151
PLOT-006481,4274-E,Business Bay,111742,Residential,Freehold,2018-05-18,2024-05-10,82270329,True,DEV-0194
PLOT-006482,7726-E,Dubai South,70043,Residential,Leasehold,2009-09-04,2024-05-31,454011080,True,DEV-0154
PLOT-006483,3615-B,Dubai Land,105392,Residential,Leasehold,2017-05-25,2018-05-14,276466303,False,DEV-0111
PLOT-006484,2210-A,Sports City,122638,Residential,Freehold,2009-03-15,2016-05-09,386443770,True,DEV-0051
PLOT-006485,6299-E,Al Safa,347986,Industrial,Government,2013-06-11,2023-08-07,320412557,True,DEV-0025
PLOT-006486,6115-D,Ras Al Khor,302192,Residential,Freehold,2023-06-22,2021-04-28,497606549,False,DEV-0173
PLOT-006487,9485-E,Business Bay,211617,Residential,Leasehold,2006-08-19,2017-08-26,19656682,False,DEV-0006
PLOT-006488,9025-A,Al Wasl,443519,Residential,Freehold,2010-06-12,2020-04-04,162772211,False,DEV-0005
PLOT-006489,9892-E,Dubailand,40340,Commercial,Freehold,2000-03-01,2017-06-10,179128637,True,DEV-0069
PLOT-006490,699-D,Al Barsha,335646,Green,Leasehold,2023-11-01,2019-07-21,388186283,False,DEV-0169
PLOT-006491,472-D,Town Square,277366,Commercial,Government,2010-03-30,2023-11-19,323002668,True,DEV-0056
PLOT-006492,3598-D,Dubai South,389248,Commercial,Freehold,2015-03-26,2016-05-28,295022113,True,DEV-0142
PLOT-006493,7246-A,Jumeirah,447800,Residential,Leasehold,2020-05-28,2017-07-09,117960736,True,DEV-0040
PLOT-006494,4706-A,Downtown Dubai,482097,Residential,Freehold,2017-08-02,2020-07-16,158638110,False,DEV-0151
PLOT-006495,5711-C,Emaar Beachfront,12985,Residential,Leasehold,2005-05-29,2018-08-26,89349722,True,DEV-0067
PLOT-006496,6648-B,Al Safa,92337,Residential,Government,2019-05-25,2024-01-22,442317208,False,DEV-0091
PLOT-006497,3607-E,Business Bay,231470,Commercial,Freehold,2013-11-25,2023-09-03,48490705,True,DEV-0189
PLOT-006498,1479-B,Al Barsha,355322,Residential,Freehold,2003-12-06,2017-10-18,414316844,False,DEV-0049
PLOT-006499,4577-D,Umm Suqeim,26223,Green,Freehold,2010-04-28,2015-10-17,338257312,True,DEV-0106
PLOT-006500,5390-C,Bur Dubai,426257,Commercial,Leasehold,2017-02-14,2017-01-09,42583209,False,DEV-0176
PLOT-006501,7111-B,International City,256770,Residential,Government,2010-02-24,2021-07-23,442103524,True,DEV-0138
PLOT-006502,1802-C,Business Bay,243559,Residential,Leasehold,2002-08-18,2017-05-17,27842197,False,DEV-0187
PLOT-006503,9041-D,Downtown Dubai,481981,Industrial,Freehold,2019-08-12,2017-01-08,200701948,False,DEV-0184
PLOT-006504,696-A,Bur Dubai,358079,Mixed,Leasehold,2022-01-12,2023-08-18,427463594,False,DEV-0016
PLOT-006505,3706-D,Dubailand,295642,Mixed,Freehold,2011-12-04,2016-01-11,170199884,True,DEV-0085
PLOT-006506,4363-E,International City,384376,Mixed,Government,2009-01-12,2022-03-01,406450862,False,DEV-0048
PLOT-006507,1991-E,Dubailand,439347,Mixed,Government,2019-11-12,2023-04-12,1794285,True,DEV-0103
PLOT-006508,4537-E,Emaar Beachfront,18298,Commercial,Leasehold,2002-04-08,2021-12-02,482346284,True,DEV-0171
PLOT-006509,4935-B,Deira,285121,Industrial,Freehold,2002-12-27,2021-09-24,445461256,False,DEV-0016
PLOT-006510,5038-E,Dubai Hills Estate,225970,Commercial,Freehold,2003-09-13,2024-02-14,464339004,True,DEV-0030
PLOT-006511,1858-B,Downtown Dubai,408051,Commercial,Freehold,2002-03-22,2021-08-19,120323396,False,DEV-0025
PLOT-006512,5489-A,Al Twar,499318,Commercial,Freehold,2012-01-09,2019-10-18,282234448,False,DEV-0139
PLOT-006513,9562-C,Jumeirah,236101,Mixed,Leasehold,2015-02-28,2016-04-19,333928938,False,DEV-0160
PLOT-006514,456-B,Mirdif,344449,Commercial,Freehold,2005-10-23,2018-07-22,104361468,True,DEV-0110
PLOT-006515,6379-A,Downtown Dubai,225700,Residential,Leasehold,2002-06-03,2024-05-17,338436117,False,DEV-0035
PLOT-006516,6574-D,International City,466278,Mixed,Freehold,2013-11-15,2023-05-24,393696509,False,DEV-0179
PLOT-006517,2418-B,Muhaisnah,132922,Industrial,Freehold,2007-09-28,2019-04-27,342430659,False,DEV-0112
PLOT-006518,7291-D,Dubai Hills Estate,237643,Industrial,Freehold,2002-03-15,2015-10-31,283234890,True,DEV-0039
PLOT-006519,2534-B,JLT,220882,Residential,Leasehold,2005-06-04,2024-04-17,454226284,False,DEV-0127
PLOT-006520,6421-C,Jebel Ali,470363,Residential,Freehold,2010-02-02,2021-11-05,23058211,False,DEV-0175
PLOT-006521,8721-B,Al Furjan,5040,Commercial,Government,2003-11-19,2018-01-31,190246575,False,DEV-0190
PLOT-006522,248-B,Palm Jumeirah,261384,Green,Leasehold,2009-11-12,2022-10-29,353070620,False,DEV-0113
PLOT-006523,4694-E,Al Mizhar,272836,Green,Leasehold,2021-05-16,2022-09-07,307896003,False,DEV-0069
PLOT-006524,4740-D,JVC,46056,Residential,Freehold,2004-01-16,2021-06-11,325561645,False,DEV-0047
PLOT-006525,8689-C,Al Satwa,74913,Mixed,Freehold,2006-02-15,2017-04-28,234097376,True,DEV-0077
PLOT-006526,318-B,JLT,261277,Industrial,Freehold,2004-03-28,2018-03-13,499823443,True,DEV-0074
PLOT-006527,2708-C,International City,398037,Commercial,Leasehold,2006-10-26,2024-12-20,365816650,False,DEV-0007
PLOT-006528,5887-E,Al Quoz,336506,Mixed,Freehold,2009-09-24,2020-08-17,481310577,True,DEV-0009
PLOT-006529,9770-B,Dubai Marina,387416,Residential,Freehold,2018-04-04,2017-12-01,372396693,False,DEV-0081
PLOT-006530,7169-D,Al Safa,313576,Commercial,Freehold,2015-03-13,2016-04-28,114268517,False,DEV-0134
PLOT-006531,3955-B,Al Quoz,488232,Mixed,Freehold,2007-09-25,2023-09-06,450334651,False,DEV-0073
PLOT-006532,580-A,Dubai Investment Park,482234,Mixed,Leasehold,2018-06-15,2021-09-17,418588558,False,DEV-0006
PLOT-006533,9753-D,Sports City,61870,Commercial,Leasehold,2006-11-13,2017-02-04,119368394,True,DEV-0088
PLOT-006534,6627-E,Al Satwa,413557,Mixed,Government,2012-03-09,2015-09-17,218189873,True,DEV-0046
PLOT-006535,3097-E,Al Qusais,10691,Residential,Freehold,2017-04-25,2021-06-16,18731120,True,DEV-0022
PLOT-006536,4208-E,Al Wasl,255351,Residential,Government,2011-11-05,2019-07-14,121547596,True,DEV-0085
PLOT-006537,4740-C,International City,127551,Green,Leasehold,2003-02-28,2018-05-06,210185540,True,DEV-0163
PLOT-006538,6356-A,Dubai Land,248258,Mixed,Leasehold,2004-12-16,2024-02-14,423680403,False,DEV-0138
PLOT-006539,2029-B,Bur Dubai,42396,Mixed,Freehold,2022-01-01,2023-02-07,306843544,True,DEV-0167
PLOT-006540,7758-E,Jebel Ali,488950,Residential,Freehold,2003-06-14,2016-06-26,451294056,False,DEV-0061
PLOT-006541,9281-A,Muhaisnah,310823,Commercial,Leasehold,2000-12-15,2020-09-26,257346977,True,DEV-0061
PLOT-006542,1415-B,Al Twar,229836,Industrial,Freehold,2019-06-28,2020-05-21,408691328,False,DEV-0061
PLOT-006543,3160-B,Arabian Ranches,465392,Residential,Freehold,2006-12-26,2024-06-22,439483936,False,DEV-0019
PLOT-006544,8547-C,Mirdif,48163,Green,Freehold,2023-05-25,2020-07-05,273346630,False,DEV-0092
PLOT-006545,1699-B,Motor City,394355,Commercial,Leasehold,2009-02-27,2019-02-18,182045342,False,DEV-0126
PLOT-006546,3447-E,DIFC,12154,Green,Government,2021-06-17,2024-11-02,294808269,True,DEV-0144
PLOT-006547,1211-B,Ras Al Khor,213291,Commercial,Leasehold,2004-08-13,2015-04-23,419726687,True,DEV-0088
PLOT-006548,616-B,Jumeirah,139627,Industrial,Government,2006-09-26,2018-06-14,17758889,False,DEV-0138
PLOT-006549,4515-C,Motor City,313762,Commercial,Freehold,2011-02-08,2023-12-27,313570486,False,DEV-0176
PLOT-006550,3445-D,Nad Al Sheba,18767,Mixed,Leasehold,2012-07-04,2022-12-06,22746833,False,DEV-0086
PLOT-006551,9075-C,Town Square,122682,Commercial,Freehold,2009-01-03,2017-10-25,105720536,False,DEV-0027
PLOT-006552,6034-C,Business Bay,199858,Green,Freehold,2021-05-18,2023-06-07,471702918,False,DEV-0010
PLOT-006553,1256-A,Ras Al Khor,489155,Mixed,Freehold,2022-07-26,2021-06-27,160361253,True,DEV-0025
PLOT-006554,1790-E,Dubai South,173568,Residential,Freehold,2004-05-19,2023-04-02,226709718,False,DEV-0041
PLOT-006555,8795-E,Bur Dubai,331416,Mixed,Government,2011-05-21,2016-06-29,448224482,False,DEV-0118
PLOT-006556,2620-E,Al Karama,185289,Commercial,Freehold,2000-04-13,2016-06-13,475009520,False,DEV-0190
PLOT-006557,4118-B,Dubai South,375966,Residential,Leasehold,2010-04-22,2017-07-21,422074384,False,DEV-0041
PLOT-006558,5568-C,Al Twar,487507,Mixed,Freehold,2013-04-02,2015-01-05,75492167,False,DEV-0200
PLOT-006559,2741-D,Motor City,378326,Residential,Freehold,2007-12-12,2015-10-05,315329291,True,DEV-0184
PLOT-006560,720-C,Business Bay,497761,Residential,Freehold,2000-08-28,2018-09-09,162776618,True,DEV-0079
PLOT-006561,724-A,Dubai Marina,104779,Industrial,Freehold,2001-04-24,2024-10-07,186334075,False,DEV-0016
PLOT-006562,5185-E,Dubai South,196014,Residential,Freehold,2017-10-21,2023-12-26,332756787,True,DEV-0006
PLOT-006563,3287-A,Town Square,471384,Residential,Government,2002-02-28,2022-05-06,187333321,False,DEV-0046
PLOT-006564,5893-D,Palm Jumeirah,416465,Residential,Leasehold,2008-12-20,2024-04-24,330031334,True,DEV-0140
PLOT-006565,3012-B,Al Barsha,65287,Residential,Freehold,2010-01-31,2019-12-02,498154633,True,DEV-0115
PLOT-006566,8796-B,Al Mizhar,83375,Residential,Leasehold,2017-02-23,2017-10-14,407048679,False,DEV-0029
PLOT-006567,681-B,Dubai Land,323450,Industrial,Leasehold,2004-04-06,2024-08-20,169207121,True,DEV-0141
PLOT-006568,7511-B,Dubai Investment Park,33586,Residential,Freehold,2009-12-15,2015-03-04,310902916,False,DEV-0054
PLOT-006569,5711-B,Dubai Land,54360,Residential,Freehold,2019-08-17,2019-01-11,440684623,False,DEV-0007
PLOT-006570,2549-D,JLT,348509,Commercial,Freehold,2010-02-17,2023-01-06,497919825,False,DEV-0082
PLOT-006571,5375-E,Bur Dubai,205145,Mixed,Freehold,2015-03-24,2017-04-24,204223925,True,DEV-0134
PLOT-006572,9750-C,Business Bay,277200,Commercial,Leasehold,2004-02-12,2016-04-01,95787172,True,DEV-0163
PLOT-006573,5991-E,Dubai Investment Park,322532,Residential,Leasehold,2018-10-04,2018-10-06,383645196,False,DEV-0030
PLOT-006574,7552-E,Arabian Ranches,441017,Residential,Leasehold,2017-04-18,2017-11-19,27682017,False,DEV-0173
PLOT-006575,2580-B,International City,303074,Commercial,Government,2013-05-10,2021-01-13,170165686,True,DEV-0078
PLOT-006576,3615-B,Muhaisnah,484809,Residential,Government,2008-03-21,2022-11-19,438011700,True,DEV-0187
PLOT-006577,5564-E,Dubai Hills Estate,478099,Commercial,Freehold,2017-05-17,2017-10-04,99459345,False,DEV-0087
PLOT-006578,999-B,Dubai South,452147,Commercial,Freehold,2000-02-20,2023-07-17,485633077,True,DEV-0087
PLOT-006579,2651-E,Arabian Ranches,381556,Residential,Freehold,2006-11-16,2022-07-13,260504584,False,DEV-0046
PLOT-006580,7286-E,Al Quoz,272885,Mixed,Freehold,2014-04-23,2015-10-08,204279939,False,DEV-0063
PLOT-006581,3871-D,Motor City,246509,Mixed,Government,2014-05-11,2015-12-17,459388177,True,DEV-0055
PLOT-006582,9837-B,Sports City,360991,Residential,Leasehold,2002-12-24,2022-06-30,311053893,False,DEV-0058
PLOT-006583,5547-A,Al Qusais,331915,Commercial,Leasehold,2017-01-13,2021-04-10,69487375,False,DEV-0022
PLOT-006584,7002-B,Mirdif,162560,Industrial,Leasehold,2022-05-16,2016-03-09,359206296,True,DEV-0073
PLOT-006585,4936-C,Al Safa,279945,Industrial,Leasehold,2009-07-23,2022-05-27,421173778,False,DEV-0098
PLOT-006586,7016-D,Jumeirah,277706,Mixed,Leasehold,2004-07-29,2023-12-10,46593700,True,DEV-0185
PLOT-006587,2067-A,Discovery Gardens,326269,Mixed,Leasehold,2006-01-04,2024-11-01,123835906,True,DEV-0006
PLOT-006588,434-E,Al Karama,168985,Green,Leasehold,2005-04-08,2017-05-21,253752483,True,DEV-0011
PLOT-006589,8549-E,Downtown Dubai,57732,Residential,Government,2022-03-12,2022-09-20,402490071,False,DEV-0078
PLOT-006590,5253-B,Mirdif,342374,Residential,Freehold,2019-04-06,2024-02-13,54738214,True,DEV-0029
PLOT-006591,8550-A,Bur Dubai,148258,Residential,Leasehold,2015-09-24,2021-08-22,281488711,False,DEV-0119
PLOT-006592,363-D,Al Furjan,209971,Mixed,Freehold,2016-12-31,2018-07-23,287385161,True,DEV-0079
PLOT-006593,9886-B,Discovery Gardens,291330,Industrial,Government,2001-03-05,2017-04-22,195715384,True,DEV-0176
PLOT-006594,4564-C,Emaar Beachfront,423337,Green,Leasehold,2008-07-24,2017-03-24,393489132,False,DEV-0008
PLOT-006595,4614-D,Dubai Land,168753,Mixed,Government,2020-08-29,2020-08-31,395562148,False,DEV-0159
PLOT-006596,1870-E,Mirdif,183986,Residential,Leasehold,2008-01-14,2021-10-10,8762038,True,DEV-0080
PLOT-006597,6209-A,Dubai Hills Estate,304576,Residential,Freehold,2019-10-25,2024-01-08,420623581,False,DEV-0111
PLOT-006598,4298-B,Arabian Ranches,271555,Mixed,Government,2023-06-25,2016-10-17,480951967,False,DEV-0034
PLOT-006599,9658-B,Dubai Hills Estate,261023,Mixed,Leasehold,2010-06-06,2017-01-09,345707652,False,DEV-0104
PLOT-006600,1550-D,Town Square,290139,Mixed,Freehold,2013-09-27,2015-05-28,60374906,False,DEV-0157
PLOT-006601,3511-C,Discovery Gardens,411667,Mixed,Government,2023-05-10,2018-09-26,155608352,True,DEV-0142
PLOT-006602,8118-D,Dubai Hills Estate,9835,Green,Government,2012-10-26,2024-02-15,35310800,False,DEV-0075
PLOT-006603,5115-A,Al Satwa,461032,Commercial,Freehold,2011-10-22,2019-08-26,103507994,False,DEV-0099
PLOT-006604,6067-B,Ras Al Khor,190112,Industrial,Leasehold,2013-11-23,2016-05-05,90861623,False,DEV-0091
PLOT-006605,7134-E,Dubai Marina,189603,Residential,Freehold,2018-11-29,2021-10-29,402297653,True,DEV-0064
PLOT-006606,6678-D,Al Safa,390006,Commercial,Leasehold,2000-10-05,2019-06-08,66288074,False,DEV-0187
PLOT-006607,3427-A,Dubai South,12548,Residential,Freehold,2001-10-10,2022-04-13,494202130,False,DEV-0146
PLOT-006608,1985-E,Al Mizhar,483110,Industrial,Freehold,2019-10-03,2017-08-22,223696902,False,DEV-0108
PLOT-006609,4072-A,Arabian Ranches,183290,Residential,Government,2013-03-07,2021-12-16,169963325,True,DEV-0084
PLOT-006610,1662-D,Al Mizhar,315225,Mixed,Freehold,2016-07-16,2020-09-11,226280436,False,DEV-0081
PLOT-006611,6188-E,Motor City,438492,Residential,Freehold,2007-05-09,2015-01-31,293878078,True,DEV-0056
PLOT-006612,5499-C,Muhaisnah,18092,Industrial,Leasehold,2012-11-02,2021-05-04,211100012,True,DEV-0028
PLOT-006613,1321-A,Al Furjan,374964,Industrial,Leasehold,2002-11-15,2020-03-16,411101628,True,DEV-0133
PLOT-006614,5743-D,Dubai Hills Estate,187190,Mixed,Government,2023-12-05,2022-10-19,469540087,False,DEV-0063
PLOT-006615,6747-B,Al Karama,398184,Commercial,Freehold,2021-10-11,2022-05-24,407081701,False,DEV-0186
PLOT-006616,4874-A,Al Safa,396201,Commercial,Leasehold,2019-06-23,2024-01-16,105502917,False,DEV-0118
PLOT-006617,5990-B,Bur Dubai,96294,Commercial,Leasehold,2003-11-25,2018-09-27,119909934,True,DEV-0119
PLOT-006618,1694-A,Dubai Creek Harbour,409244,Residential,Freehold,2014-12-01,2017-09-26,311339871,False,DEV-0129
PLOT-006619,2385-C,Jumeirah,359829,Residential,Leasehold,2012-07-24,2020-07-31,298992552,False,DEV-0156
PLOT-006620,8724-D,International City,299926,Commercial,Freehold,2007-06-17,2018-05-01,304523065,False,DEV-0128
PLOT-006621,3166-D,Al Furjan,180460,Residential,Freehold,2019-05-14,2018-01-04,383918219,False,DEV-0096
PLOT-006622,3674-E,Al Wasl,342376,Commercial,Freehold,2019-01-14,2015-02-24,401111260,False,DEV-0158
PLOT-006623,5695-C,Muhaisnah,65869,Residential,Freehold,2022-10-25,2020-06-09,200926863,False,DEV-0027
PLOT-006624,6487-E,Umm Suqeim,359190,Residential,Leasehold,2004-09-11,2016-06-18,333377259,True,DEV-0061
PLOT-006625,2836-E,Al Quoz,364170,Industrial,Freehold,2008-10-30,2024-09-28,36249384,False,DEV-0096
PLOT-006626,1115-D,Palm Jumeirah,368722,Mixed,Leasehold,2021-03-18,2021-06-15,215017472,False,DEV-0170
PLOT-006627,1971-E,Business Bay,466027,Commercial,Freehold,2008-03-14,2020-12-14,222536590,False,DEV-0149
PLOT-006628,4214-A,Jumeirah,63766,Industrial,Leasehold,2015-06-12,2023-11-30,358733457,False,DEV-0123
PLOT-006629,8329-A,Warqa,309722,Residential,Leasehold,2014-03-29,2016-08-18,151279180,True,DEV-0102
PLOT-006630,3176-C,Muhaisnah,96640,Mixed,Freehold,2001-08-31,2021-03-28,54207226,True,DEV-0002
PLOT-006631,9323-D,Al Barsha,294858,Residential,Leasehold,2012-02-21,2022-05-18,19072340,False,DEV-0198
PLOT-006632,8634-E,Ras Al Khor,366087,Residential,Freehold,2004-10-16,2021-03-28,284808233,True,DEV-0170
PLOT-006633,8448-C,Al Barsha,214901,Residential,Leasehold,2022-10-07,2016-09-10,206867129,False,DEV-0002
PLOT-006634,6416-C,Emaar Beachfront,273874,Residential,Freehold,2012-04-25,2024-11-21,231248191,True,DEV-0045
PLOT-006635,5415-B,Al Furjan,247011,Commercial,Government,2017-04-20,2020-12-13,365360534,False,DEV-0073
PLOT-006636,3024-D,Dubai South,280555,Commercial,Freehold,2015-11-26,2018-09-26,6734905,False,DEV-0193
PLOT-006637,5364-C,DIFC,368184,Commercial,Government,2000-04-23,2022-05-27,435642452,False,DEV-0174
PLOT-006638,1766-E,Al Barsha,467287,Mixed,Freehold,2021-11-23,2020-03-02,144624104,True,DEV-0181
PLOT-006639,8384-E,Dubai Land,203214,Commercial,Government,2005-03-02,2023-08-09,135434602,False,DEV-0173
PLOT-006640,5912-B,Palm Jumeirah,279464,Mixed,Leasehold,2008-07-09,2021-08-05,193269811,False,DEV-0036
PLOT-006641,4195-B,Motor City,402393,Mixed,Freehold,2019-12-04,2021-01-14,443019496,True,DEV-0049
PLOT-006642,6817-B,Jebel Ali,240712,Residential,Leasehold,2012-03-07,2016-06-19,195587666,False,DEV-0101
PLOT-006643,6033-B,Palm Jumeirah,282469,Commercial,Freehold,2000-06-15,2019-05-07,349111677,True,DEV-0160
PLOT-006644,4722-D,Umm Suqeim,23143,Residential,Leasehold,2005-12-16,2023-02-24,154631232,False,DEV-0146
PLOT-006645,4332-D,Sports City,7328,Commercial,Government,2010-10-10,2019-12-01,3800523,False,DEV-0027
PLOT-006646,2651-D,International City,113664,Mixed,Government,2014-12-27,2023-09-23,286806358,False,DEV-0042
PLOT-006647,3203-E,Al Satwa,404978,Residential,Leasehold,2009-09-28,2022-01-01,259115798,True,DEV-0135
PLOT-006648,623-E,Al Karama,475586,Commercial,Leasehold,2010-12-11,2024-07-09,54658586,False,DEV-0012
PLOT-006649,9082-D,Dubai South,405644,Commercial,Freehold,2016-05-20,2016-07-27,308434893,False,DEV-0099
PLOT-006650,6014-B,International City,342520,Residential,Freehold,2011-11-14,2023-09-01,245484091,False,DEV-0087
PLOT-006651,1256-C,Al Mizhar,211854,Residential,Freehold,2007-05-03,2022-10-27,236582036,True,DEV-0139
PLOT-006652,2086-C,Discovery Gardens,245076,Industrial,Leasehold,2018-04-16,2020-07-17,1467402,True,DEV-0050
PLOT-006653,8847-C,Dubai Investment Park,63228,Mixed,Government,2010-06-10,2022-10-27,343110162,False,DEV-0083
PLOT-006654,5818-B,Al Satwa,173296,Commercial,Freehold,2000-10-06,2018-01-28,68746137,False,DEV-0072
PLOT-006655,5291-B,Al Safa,466118,Commercial,Freehold,2013-12-29,2018-08-15,149601859,True,DEV-0196
PLOT-006656,6962-C,Discovery Gardens,88141,Residential,Leasehold,2004-12-07,2024-11-09,33450171,True,DEV-0073
PLOT-006657,6070-D,Al Karama,395747,Green,Leasehold,2019-04-16,2016-06-08,118861543,False,DEV-0125
PLOT-006658,1193-C,Dubai Creek Harbour,104412,Commercial,Freehold,2012-06-09,2021-07-26,23155955,False,DEV-0045
PLOT-006659,1113-E,Jebel Ali,452128,Industrial,Freehold,2011-09-06,2022-11-04,177291891,False,DEV-0036
PLOT-006660,6737-B,Al Quoz,463184,Green,Freehold,2011-10-30,2018-03-05,354401929,True,DEV-0083
PLOT-006661,1886-B,Warqa,329053,Mixed,Leasehold,2013-06-04,2022-04-08,248537522,False,DEV-0107
PLOT-006662,6120-B,Al Mizhar,285542,Residential,Freehold,2010-11-15,2016-12-09,490015377,False,DEV-0085
PLOT-006663,4742-B,Bur Dubai,18052,Commercial,Freehold,2007-06-22,2020-12-26,345536163,False,DEV-0186
PLOT-006664,9571-A,Bur Dubai,276488,Residential,Government,2022-07-20,2017-11-04,450086936,False,DEV-0158
PLOT-006665,916-D,Town Square,206994,Commercial,Government,2003-10-02,2018-08-11,276592602,False,DEV-0119
PLOT-006666,8756-C,Al Safa,266799,Residential,Leasehold,2003-07-29,2019-10-29,230037487,True,DEV-0017
PLOT-006667,2436-B,Dubai Creek Harbour,271101,Mixed,Freehold,2013-11-24,2020-12-31,91769153,False,DEV-0020
PLOT-006668,1628-C,Muhaisnah,134185,Mixed,Freehold,2001-03-30,2018-10-24,86105939,False,DEV-0011
PLOT-006669,8442-B,Discovery Gardens,126880,Mixed,Freehold,2004-10-30,2023-03-21,276498227,False,DEV-0084
PLOT-006670,6941-D,Jebel Ali,202704,Residential,Freehold,2022-10-24,2019-04-27,448604850,False,DEV-0164
PLOT-006671,5292-A,Mirdif,173726,Residential,Leasehold,2017-10-11,2015-06-03,30446974,False,DEV-0053
PLOT-006672,5775-D,Business Bay,139599,Mixed,Freehold,2017-05-04,2015-01-17,148973016,True,DEV-0124
PLOT-006673,7983-D,Dubai Investment Park,310231,Residential,Freehold,2018-07-23,2019-03-03,34004162,False,DEV-0178
PLOT-006674,8015-D,Al Furjan,48958,Commercial,Leasehold,2020-02-28,2020-02-29,65366207,True,DEV-0139
PLOT-006675,4509-A,JVC,396598,Commercial,Leasehold,2022-06-23,2016-08-05,178097058,True,DEV-0122
PLOT-006676,426-B,Sports City,121073,Commercial,Leasehold,2020-07-28,2020-07-02,239492406,False,DEV-0186
PLOT-006677,4486-B,Umm Suqeim,167904,Industrial,Freehold,2001-01-04,2024-02-11,358509883,True,DEV-0030
PLOT-006678,8258-A,Ras Al Khor,127290,Commercial,Leasehold,2020-10-25,2016-11-16,104555151,False,DEV-0010
PLOT-006679,2452-E,Mirdif,51205,Commercial,Government,2018-01-16,2020-02-13,184274598,False,DEV-0179
PLOT-006680,589-C,International City,238216,Commercial,Government,2023-10-20,2022-03-02,372281844,True,DEV-0198
PLOT-006681,647-D,Town Square,49884,Residential,Leasehold,2016-07-23,2022-06-03,125106386,False,DEV-0200
PLOT-006682,9177-B,Al Quoz,425776,Commercial,Freehold,2004-04-09,2015-02-21,14060925,True,DEV-0052
PLOT-006683,9945-C,Bur Dubai,331283,Commercial,Leasehold,2021-04-04,2016-08-08,390284661,True,DEV-0013
PLOT-006684,4714-D,Muhaisnah,373071,Commercial,Leasehold,2010-10-25,2024-02-20,186372497,True,DEV-0167
PLOT-006685,66-D,Al Karama,245745,Residential,Freehold,2009-09-24,2015-04-03,410513983,True,DEV-0080
PLOT-006686,5940-B,Discovery Gardens,63220,Mixed,Freehold,2008-05-08,2024-02-02,327170233,True,DEV-0047
PLOT-006687,3167-A,Dubai Investment Park,449510,Residential,Freehold,2000-09-15,2016-09-17,221810970,False,DEV-0049
PLOT-006688,4742-B,Dubai Marina,338279,Residential,Freehold,2017-05-08,2022-03-05,175219483,False,DEV-0013
PLOT-006689,8479-B,Al Karama,172688,Residential,Government,2009-02-26,2017-05-21,222814425,False,DEV-0118
PLOT-006690,197-E,Arabian Ranches,232478,Residential,Freehold,2017-05-13,2020-07-08,83754345,True,DEV-0059
PLOT-006691,2844-C,Al Mizhar,389491,Commercial,Freehold,2021-02-19,2015-12-12,252053570,False,DEV-0192
PLOT-006692,3051-C,Bur Dubai,6863,Residential,Freehold,2010-11-19,2019-09-21,55625864,False,DEV-0115
PLOT-006693,9548-B,Dubai Marina,145808,Residential,Leasehold,2011-12-03,2018-10-28,283122905,True,DEV-0044
PLOT-006694,27-E,JVC,426636,Industrial,Leasehold,2022-03-01,2020-10-22,257770149,True,DEV-0172
PLOT-006695,7295-E,Dubai South,187366,Residential,Leasehold,2017-02-14,2020-03-17,399761042,False,DEV-0032
PLOT-006696,1043-C,Al Twar,141911,Residential,Freehold,2021-01-20,2024-03-24,274356259,False,DEV-0048
PLOT-006697,3111-A,Dubai Hills Estate,495783,Commercial,Leasehold,2010-08-26,2015-12-03,497284052,True,DEV-0187
PLOT-006698,7848-D,Al Mizhar,458861,Residential,Freehold,2011-08-15,2018-07-29,419991381,False,DEV-0026
PLOT-006699,936-B,Dubai Marina,478967,Commercial,Government,2012-01-29,2020-10-11,157331954,False,DEV-0131
PLOT-006700,9197-C,Dubai Hills Estate,188521,Mixed,Freehold,2009-08-25,2022-03-18,227749446,True,DEV-0027
PLOT-006701,144-C,International City,116265,Residential,Leasehold,2018-01-14,2019-02-20,243775284,False,DEV-0135
PLOT-006702,1971-B,Al Twar,489347,Residential,Freehold,2004-05-22,2020-03-07,423581218,True,DEV-0128
PLOT-006703,8767-A,Downtown Dubai,232013,Residential,Leasehold,2021-10-01,2019-05-04,363629838,False,DEV-0093
PLOT-006704,3819-B,Dubai South,342784,Industrial,Freehold,2020-10-10,2016-10-05,130804661,True,DEV-0080
PLOT-006705,1550-D,Al Karama,152915,Green,Freehold,2007-06-03,2024-01-11,275581698,False,DEV-0086
PLOT-006706,7530-C,Business Bay,37693,Industrial,Leasehold,2014-06-25,2017-01-08,205789481,True,DEV-0172
PLOT-006707,3971-C,JLT,95035,Commercial,Freehold,2011-12-23,2022-01-08,276423809,True,DEV-0097
PLOT-006708,6334-B,Al Barsha,8581,Residential,Leasehold,2019-03-09,2017-08-19,462120012,True,DEV-0007
PLOT-006709,7250-E,Downtown Dubai,79383,Industrial,Leasehold,2023-07-17,2019-03-21,76941935,False,DEV-0103
PLOT-006710,8475-A,Jebel Ali,330720,Mixed,Freehold,2017-03-29,2018-02-18,155343689,False,DEV-0087
PLOT-006711,8526-B,Motor City,76484,Mixed,Freehold,2015-11-19,2018-08-21,129810342,True,DEV-0123
PLOT-006712,3153-E,JVC,403330,Mixed,Freehold,2000-06-12,2015-04-06,352683569,True,DEV-0073
PLOT-006713,5540-C,Al Quoz,489444,Residential,Government,2010-02-28,2023-01-06,356967092,True,DEV-0183
PLOT-006714,8930-B,Muhaisnah,211993,Residential,Freehold,2013-09-08,2017-03-18,262057035,True,DEV-0157
PLOT-006715,2962-D,Dubailand,196669,Residential,Leasehold,2018-05-03,2024-11-17,293802062,False,DEV-0126
PLOT-006716,5780-D,Emaar Beachfront,14201,Residential,Freehold,2016-02-23,2019-06-22,406074143,False,DEV-0134
PLOT-006717,1234-D,Sports City,177869,Green,Freehold,2003-10-16,2020-08-30,292670164,False,DEV-0021
PLOT-006718,8500-E,Dubai Creek Harbour,54721,Mixed,Freehold,2012-11-03,2017-02-19,25077188,False,DEV-0164
PLOT-006719,6097-C,Emaar Beachfront,314489,Industrial,Freehold,2016-07-11,2024-07-22,320245483,True,DEV-0003
PLOT-006720,976-D,Town Square,116196,Commercial,Freehold,2017-02-12,2015-08-09,455619070,True,DEV-0036
PLOT-006721,9954-E,Nad Al Sheba,270507,Mixed,Government,2009-11-01,2020-11-16,371280101,True,DEV-0112
PLOT-006722,5191-D,Downtown Dubai,142007,Residential,Leasehold,2000-04-07,2021-05-22,374583735,True,DEV-0144
PLOT-006723,5583-C,Ras Al Khor,319212,Residential,Government,2020-05-20,2019-11-08,7113100,False,DEV-0021
PLOT-006724,462-A,Dubai Land,159059,Industrial,Freehold,2000-10-22,2015-01-17,389712062,False,DEV-0071
PLOT-006725,8061-B,Al Barsha,471564,Residential,Leasehold,2015-03-17,2015-12-31,199615206,True,DEV-0058
PLOT-006726,5369-D,Al Safa,484576,Green,Leasehold,2009-09-27,2022-03-16,243933051,False,DEV-0185
PLOT-006727,4966-E,Business Bay,430714,Commercial,Government,2013-10-25,2019-10-03,485099157,True,DEV-0119
PLOT-006728,1834-B,Dubai South,416800,Residential,Government,2022-07-03,2019-01-09,424390983,True,DEV-0119
PLOT-006729,8120-C,Ras Al Khor,463046,Industrial,Leasehold,2018-09-18,2019-01-24,372574092,False,DEV-0098
PLOT-006730,2165-B,Deira,380873,Residential,Freehold,2006-04-14,2024-01-25,477010719,True,DEV-0032
PLOT-006731,243-B,Town Square,499075,Residential,Government,2002-10-29,2022-07-14,213391373,True,DEV-0185
PLOT-006732,8497-E,Al Twar,8611,Mixed,Freehold,2009-11-03,2015-12-18,230534237,False,DEV-0079
PLOT-006733,4478-C,Nad Al Sheba,223049,Residential,Government,2022-11-25,2020-05-02,89281459,False,DEV-0142
PLOT-006734,5930-B,Muhaisnah,298579,Commercial,Freehold,2010-10-30,2024-10-22,438951939,True,DEV-0198
PLOT-006735,4814-B,Al Barsha,367683,Residential,Freehold,2012-06-25,2017-02-12,120795712,False,DEV-0150
PLOT-006736,1932-B,Nad Al Sheba,311429,Commercial,Freehold,2017-05-07,2016-03-11,284193623,False,DEV-0066
PLOT-006737,5449-C,Al Karama,469777,Mixed,Leasehold,2022-02-28,2020-11-19,474713034,False,DEV-0039
PLOT-006738,8329-E,Arabian Ranches,8809,Commercial,Government,2004-06-18,2021-03-09,18305339,False,DEV-0092
PLOT-006739,1902-B,Dubai Hills Estate,311712,Residential,Freehold,2012-08-19,2022-03-21,348521937,False,DEV-0072
PLOT-006740,8502-C,Mirdif,367193,Mixed,Leasehold,2010-09-10,2024-07-03,377831266,False,DEV-0070
PLOT-006741,7023-A,Motor City,243992,Mixed,Freehold,2002-12-01,2022-11-20,75502324,True,DEV-0149
PLOT-006742,9715-E,Umm Suqeim,20248,Commercial,Leasehold,2014-09-09,2021-02-25,76179607,False,DEV-0004
PLOT-006743,5558-D,JLT,215682,Industrial,Government,2013-10-03,2020-11-27,432860574,False,DEV-0055
PLOT-006744,6104-D,Mirdif,310564,Residential,Leasehold,2018-07-29,2023-02-16,473707118,True,DEV-0077
PLOT-006745,1896-A,Al Wasl,448898,Residential,Leasehold,2014-03-27,2015-12-27,32907955,False,DEV-0069
PLOT-006746,9122-D,Nad Al Sheba,401407,Residential,Government,2014-10-13,2024-01-22,434640455,True,DEV-0090
PLOT-006747,7777-C,Al Wasl,258701,Residential,Freehold,2018-06-24,2018-04-01,167005834,True,DEV-0060
PLOT-006748,3461-D,International City,265151,Green,Freehold,2001-01-03,2018-05-09,42625274,True,DEV-0070
PLOT-006749,8733-C,Muhaisnah,79858,Residential,Freehold,2001-08-29,2021-04-25,368645986,True,DEV-0199
PLOT-006750,3418-D,Ras Al Khor,417253,Industrial,Government,2009-11-06,2018-01-19,102195441,True,DEV-0124
PLOT-006751,5929-B,Dubai Land,111151,Mixed,Freehold,2008-11-08,2018-07-23,268243034,False,DEV-0183
PLOT-006752,7415-D,Al Furjan,49342,Residential,Freehold,2014-01-09,2018-01-16,357443610,False,DEV-0160
PLOT-006753,4756-D,JVC,344199,Residential,Freehold,2002-07-21,2016-10-07,474624862,False,DEV-0078
PLOT-006754,3197-D,Al Furjan,330227,Mixed,Leasehold,2023-09-29,2018-08-24,198877178,False,DEV-0006
PLOT-006755,7220-C,JVC,22592,Mixed,Freehold,2014-08-20,2022-06-29,431013215,False,DEV-0121
PLOT-006756,5423-A,Al Wasl,439059,Residential,Freehold,2010-08-18,2020-11-07,226962570,False,DEV-0120
PLOT-006757,389-E,Muhaisnah,447319,Residential,Leasehold,2019-07-15,2016-07-31,297001662,False,DEV-0059
PLOT-006758,7523-B,Al Wasl,281561,Green,Leasehold,2015-01-25,2019-06-22,185369470,False,DEV-0014
PLOT-006759,3519-D,JVC,273360,Commercial,Freehold,2023-02-23,2024-04-19,204921579,False,DEV-0179
PLOT-006760,5875-C,Bur Dubai,494153,Residential,Freehold,2012-07-02,2020-01-17,447400690,True,DEV-0195
PLOT-006761,5892-D,DIFC,180349,Mixed,Freehold,2003-12-15,2019-05-24,455392137,True,DEV-0014
PLOT-006762,4444-A,Al Quoz,74278,Commercial,Freehold,2011-06-20,2016-06-18,234087480,False,DEV-0198
PLOT-006763,2307-D,Al Barsha,429934,Industrial,Leasehold,2007-12-10,2022-04-14,216723250,True,DEV-0179
PLOT-006764,9715-A,Al Wasl,45478,Residential,Freehold,2014-02-07,2023-10-19,53884755,False,DEV-0053
PLOT-006765,988-D,Umm Suqeim,54874,Mixed,Freehold,2011-03-09,2019-05-17,67755283,True,DEV-0070
PLOT-006766,8487-B,Al Wasl,61249,Residential,Freehold,2001-12-17,2018-02-02,466251381,False,DEV-0057
PLOT-006767,4659-E,Dubai Marina,413105,Green,Freehold,2007-12-21,2023-12-27,147407457,True,DEV-0136
PLOT-006768,8037-C,Al Mizhar,18635,Mixed,Leasehold,2008-10-08,2017-07-28,245600912,False,DEV-0156
PLOT-006769,7063-D,DIFC,121971,Residential,Freehold,2005-07-26,2023-03-06,478769591,False,DEV-0198
PLOT-006770,2978-B,Al Safa,255693,Mixed,Government,2007-07-09,2022-10-26,6843961,False,DEV-0007
PLOT-006771,5914-D,Dubai Land,464100,Green,Freehold,2001-04-13,2024-12-20,1982342,False,DEV-0159
PLOT-006772,5490-E,Umm Suqeim,69026,Residential,Freehold,2001-01-10,2015-04-18,99108146,True,DEV-0106
PLOT-006773,3523-E,Jebel Ali,159114,Industrial,Leasehold,2010-02-09,2015-05-28,229231991,False,DEV-0020
PLOT-006774,189-D,Dubai Land,453445,Residential,Leasehold,2016-11-07,2016-09-21,200121439,False,DEV-0049
PLOT-006775,9820-C,Business Bay,438237,Mixed,Freehold,2013-01-23,2016-12-15,83939856,False,DEV-0167
PLOT-006776,7605-D,Dubai Land,174823,Residential,Government,2020-11-12,2015-12-05,127066608,False,DEV-0191
PLOT-006777,9506-B,International City,308558,Commercial,Freehold,2009-11-04,2023-11-25,398346969,False,DEV-0124
PLOT-006778,9463-B,Motor City,69652,Residential,Government,2009-04-24,2015-02-13,313059952,True,DEV-0111
PLOT-006779,7680-A,Discovery Gardens,211545,Commercial,Freehold,2022-12-05,2024-10-22,213700840,False,DEV-0187
PLOT-006780,9228-D,Mirdif,189743,Residential,Freehold,2020-08-05,2023-04-10,76751820,True,DEV-0168
PLOT-006781,5096-D,Motor City,387012,Commercial,Leasehold,2004-12-17,2020-12-23,331916828,True,DEV-0064
PLOT-006782,7163-C,JVC,293546,Residential,Government,2023-10-04,2015-12-16,389704731,False,DEV-0072
PLOT-006783,9223-B,Bur Dubai,196724,Residential,Leasehold,2016-10-07,2017-12-27,420415540,True,DEV-0113
PLOT-006784,6500-E,Deira,314455,Residential,Freehold,2017-02-21,2016-06-21,198057878,False,DEV-0049
PLOT-006785,4319-C,International City,305069,Residential,Freehold,2011-01-18,2018-08-26,319860257,False,DEV-0196
PLOT-006786,1726-A,Al Satwa,51342,Commercial,Leasehold,2000-01-04,2020-11-10,332423781,True,DEV-0086
PLOT-006787,3402-D,Business Bay,289555,Industrial,Freehold,2006-07-01,2016-03-12,66357296,False,DEV-0197
PLOT-006788,3144-D,Dubailand,282974,Residential,Freehold,2004-10-18,2020-07-17,25009211,True,DEV-0022
PLOT-006789,1181-C,Downtown Dubai,129980,Mixed,Leasehold,2005-05-13,2018-04-24,445988193,False,DEV-0116
PLOT-006790,6563-E,Al Twar,184871,Commercial,Freehold,2011-02-20,2023-10-11,97522367,True,DEV-0100
PLOT-006791,9759-C,Town Square,142931,Residential,Government,2015-09-26,2020-04-01,365317978,False,DEV-0004
PLOT-006792,4859-A,Deira,14547,Residential,Freehold,2000-02-13,2017-10-28,324873380,False,DEV-0166
PLOT-006793,1258-C,Al Mizhar,184479,Industrial,Freehold,2013-12-04,2024-02-15,196684539,False,DEV-0179
PLOT-006794,4-D,Dubai South,395447,Mixed,Leasehold,2014-04-22,2024-05-25,404437364,True,DEV-0136
PLOT-006795,99-E,Arabian Ranches,53255,Residential,Freehold,2009-01-08,2020-08-30,408272299,False,DEV-0023
PLOT-006796,4081-A,International City,386981,Mixed,Freehold,2008-11-19,2019-10-16,144968898,False,DEV-0184
PLOT-006797,8639-C,Al Quoz,439181,Mixed,Freehold,2021-11-02,2019-10-02,347688093,False,DEV-0075
PLOT-006798,990-D,Dubai Investment Park,153815,Commercial,Leasehold,2011-09-15,2022-11-27,201120749,False,DEV-0022
PLOT-006799,7990-C,Dubailand,315220,Residential,Leasehold,2008-05-05,2020-09-28,59930100,False,DEV-0058
PLOT-006800,2012-D,International City,308599,Residential,Freehold,2020-05-16,2024-02-27,447599610,False,DEV-0071
PLOT-006801,7692-E,Dubai Investment Park,153499,Residential,Freehold,2015-03-26,2019-05-23,435822352,False,DEV-0091
PLOT-006802,2215-C,Al Quoz,338731,Commercial,Freehold,2001-08-27,2024-06-04,144350259,False,DEV-0069
PLOT-006803,7271-E,Muhaisnah,313334,Residential,Government,2008-08-16,2023-04-21,330346927,False,DEV-0071
PLOT-006804,782-B,JLT,225197,Mixed,Freehold,2014-05-17,2024-08-06,400234823,True,DEV-0151
PLOT-006805,3844-B,Jumeirah,96389,Commercial,Leasehold,2001-11-27,2024-02-10,80669729,False,DEV-0192
PLOT-006806,3718-E,Al Barsha,468348,Residential,Freehold,2009-06-09,2022-12-21,379125899,True,DEV-0156
PLOT-006807,8813-B,Al Wasl,366569,Commercial,Freehold,2005-09-08,2016-03-09,409308366,True,DEV-0038
PLOT-006808,6417-E,Discovery Gardens,87121,Green,Freehold,2001-12-29,2017-12-10,403543700,False,DEV-0185
PLOT-006809,9630-E,International City,295669,Industrial,Leasehold,2013-03-27,2023-06-26,439859939,False,DEV-0159
PLOT-006810,3898-E,Bur Dubai,6926,Residential,Freehold,2017-08-08,2020-11-26,404424839,False,DEV-0104
PLOT-006811,9866-D,Muhaisnah,310282,Residential,Leasehold,2015-08-25,2016-04-26,215349441,False,DEV-0026
PLOT-006812,1387-C,Nad Al Sheba,482789,Residential,Leasehold,2022-01-19,2018-09-25,241814725,False,DEV-0165
PLOT-006813,9790-B,Al Qusais,282558,Commercial,Freehold,2007-11-09,2020-06-07,394418338,False,DEV-0174
PLOT-006814,6652-A,Palm Jumeirah,445415,Mixed,Leasehold,2015-05-07,2016-01-31,282535194,True,DEV-0034
PLOT-006815,9493-E,Al Qusais,414821,Commercial,Freehold,2003-07-30,2020-08-20,188189983,False,DEV-0183
PLOT-006816,703-B,Al Satwa,371815,Residential,Leasehold,2009-06-13,2015-09-30,230586188,True,DEV-0035
PLOT-006817,1331-C,Arabian Ranches,40681,Mixed,Government,2010-03-04,2019-03-30,9720233,True,DEV-0187
PLOT-006818,3970-D,Jebel Ali,281475,Commercial,Leasehold,2007-12-23,2022-03-24,19075496,False,DEV-0162
PLOT-006819,7305-E,Muhaisnah,187243,Mixed,Freehold,2000-10-17,2024-04-11,135768945,True,DEV-0003
PLOT-006820,994-B,Jebel Ali,364851,Commercial,Freehold,2012-06-14,2015-04-27,252229808,True,DEV-0037
PLOT-006821,8489-D,Dubai Investment Park,79964,Green,Freehold,2015-04-15,2015-05-08,318307683,False,DEV-0102
PLOT-006822,918-B,JVC,215646,Mixed,Government,2021-02-09,2023-09-25,475999606,False,DEV-0054
PLOT-006823,8690-C,JLT,307621,Mixed,Freehold,2003-11-19,2017-11-01,143103935,False,DEV-0193
PLOT-006824,5396-D,Downtown Dubai,346996,Green,Leasehold,2023-12-05,2020-12-31,200435900,True,DEV-0066
PLOT-006825,2288-C,Al Quoz,421799,Residential,Leasehold,2010-10-13,2021-08-08,319085173,False,DEV-0104
PLOT-006826,4086-E,Al Furjan,303049,Mixed,Freehold,2000-01-03,2024-12-09,178211349,False,DEV-0080
PLOT-006827,5274-C,Al Satwa,40695,Residential,Leasehold,2008-10-15,2023-11-08,485040376,False,DEV-0025
PLOT-006828,5182-B,Al Furjan,147473,Residential,Freehold,2012-12-12,2023-10-19,57876645,True,DEV-0076
PLOT-006829,1906-E,Jumeirah,275826,Residential,Leasehold,2014-09-05,2020-03-29,392634022,True,DEV-0036
PLOT-006830,8497-D,Al Quoz,158446,Commercial,Leasehold,2022-08-11,2020-01-30,24914311,True,DEV-0196
PLOT-006831,2373-D,Al Safa,294795,Residential,Freehold,2012-03-03,2023-10-08,300529846,False,DEV-0118
PLOT-006832,8238-C,Town Square,154538,Mixed,Freehold,2010-05-27,2020-03-26,344806544,False,DEV-0151
PLOT-006833,2833-A,Dubailand,97003,Residential,Leasehold,2017-07-30,2017-09-29,250224439,False,DEV-0055
PLOT-006834,4984-A,Al Safa,194753,Industrial,Freehold,2006-11-17,2020-07-16,328276796,False,DEV-0155
PLOT-006835,1946-D,Emaar Beachfront,83442,Residential,Government,2020-02-01,2021-05-03,6889858,False,DEV-0188
PLOT-006836,9040-B,Al Twar,434465,Residential,Government,2006-04-11,2017-04-17,149412301,True,DEV-0100
PLOT-006837,3059-E,Al Karama,435512,Mixed,Freehold,2004-09-04,2017-02-28,460650189,False,DEV-0174
PLOT-006838,7394-E,Dubai Investment Park,327604,Residential,Freehold,2017-03-15,2015-01-27,191552614,True,DEV-0192
PLOT-006839,1797-E,Arabian Ranches,213581,Residential,Freehold,2022-06-29,2019-11-04,150805172,True,DEV-0107
PLOT-006840,1993-D,Al Qusais,84278,Industrial,Freehold,2001-02-21,2016-08-10,367290843,False,DEV-0169
PLOT-006841,3553-E,Palm Jumeirah,111767,Industrial,Freehold,2004-07-24,2024-10-11,456207561,False,DEV-0013
PLOT-006842,2173-D,Umm Suqeim,409830,Mixed,Freehold,2005-02-09,2020-05-21,93428808,False,DEV-0129
PLOT-006843,8298-C,Umm Suqeim,137427,Green,Leasehold,2022-09-05,2016-10-10,150358726,True,DEV-0192
PLOT-006844,1826-C,Discovery Gardens,495284,Commercial,Government,2007-05-21,2019-07-02,340207706,True,DEV-0198
PLOT-006845,3698-A,Al Barsha,119441,Residential,Leasehold,2018-11-27,2024-11-19,369261246,False,DEV-0056
PLOT-006846,5777-E,Bur Dubai,163265,Mixed,Freehold,2003-03-14,2015-08-19,7681179,False,DEV-0180
PLOT-006847,1138-E,Arabian Ranches,204091,Mixed,Government,2010-07-25,2017-08-10,399084498,False,DEV-0060
PLOT-006848,6668-E,Jebel Ali,14119,Mixed,Freehold,2010-08-19,2022-05-26,186550522,False,DEV-0157
PLOT-006849,8409-C,Muhaisnah,163513,Residential,Freehold,2007-12-06,2022-02-05,190674279,False,DEV-0094
PLOT-006850,4882-E,Emaar Beachfront,290897,Mixed,Leasehold,2020-12-05,2022-12-01,170799563,False,DEV-0077
PLOT-006851,1459-D,JLT,372081,Mixed,Freehold,2018-09-09,2015-06-16,489688731,False,DEV-0134
PLOT-006852,4889-E,Muhaisnah,297240,Industrial,Freehold,2019-03-28,2018-08-02,49971934,False,DEV-0174
PLOT-006853,9857-E,JVC,354351,Residential,Government,2020-01-25,2018-05-22,343302584,False,DEV-0069
PLOT-006854,5699-E,Bur Dubai,14890,Mixed,Leasehold,2018-04-25,2021-10-16,355199875,True,DEV-0094
PLOT-006855,6390-E,Umm Suqeim,414106,Mixed,Freehold,2014-08-23,2023-04-03,231857210,False,DEV-0126
PLOT-006856,3222-B,Dubai Hills Estate,5011,Mixed,Freehold,2009-01-13,2024-05-19,176462881,True,DEV-0039
PLOT-006857,1617-C,Sports City,216909,Industrial,Freehold,2012-08-10,2021-01-14,33943431,False,DEV-0063
PLOT-006858,7102-A,Bur Dubai,169582,Green,Leasehold,2005-09-11,2024-05-31,189847117,False,DEV-0099
PLOT-006859,5260-A,Dubai Investment Park,92342,Residential,Leasehold,2020-02-08,2024-07-31,308003040,True,DEV-0183
PLOT-006860,113-A,Al Mizhar,109003,Commercial,Leasehold,2007-03-24,2015-10-06,397551034,True,DEV-0076
PLOT-006861,1936-D,JLT,320410,Commercial,Freehold,2013-02-26,2016-05-20,448344495,False,DEV-0070
PLOT-006862,5751-A,Al Wasl,361532,Commercial,Freehold,2008-02-14,2017-02-21,69567810,True,DEV-0187
PLOT-006863,5755-B,Business Bay,382801,Industrial,Leasehold,2019-12-23,2023-12-29,365670935,False,DEV-0117
PLOT-006864,7501-B,Mirdif,327889,Commercial,Freehold,2011-03-20,2024-04-02,376071422,False,DEV-0112
PLOT-006865,3907-E,Nad Al Sheba,102201,Residential,Leasehold,2020-09-24,2016-06-30,415195011,True,DEV-0166
PLOT-006866,2270-B,Town Square,336405,Commercial,Freehold,2020-02-10,2020-09-12,489049007,False,DEV-0058
PLOT-006867,4989-D,Dubai South,411098,Mixed,Freehold,2016-05-31,2023-02-03,292964007,False,DEV-0098
PLOT-006868,4512-E,Warqa,110356,Mixed,Leasehold,2000-04-24,2022-04-18,447900806,False,DEV-0036
PLOT-006869,5366-B,Jumeirah,93337,Mixed,Freehold,2010-07-31,2015-06-26,324782346,True,DEV-0177
PLOT-006870,7123-B,Al Karama,172295,Residential,Freehold,2014-10-02,2016-02-20,87107386,True,DEV-0055
PLOT-006871,9984-A,JVC,272677,Commercial,Freehold,2008-10-06,2015-10-30,299592335,False,DEV-0087
PLOT-006872,8519-B,Warqa,353884,Industrial,Leasehold,2006-11-02,2022-01-14,385895307,True,DEV-0028
PLOT-006873,3926-A,Dubailand,153063,Commercial,Leasehold,2014-01-22,2015-03-06,203228350,False,DEV-0040
PLOT-006874,2410-A,DIFC,265624,Residential,Freehold,2004-04-22,2019-12-26,372544861,True,DEV-0083
PLOT-006875,9801-A,Jebel Ali,407674,Commercial,Freehold,2005-09-23,2022-12-20,239508989,True,DEV-0069
PLOT-006876,4454-C,Motor City,19443,Mixed,Freehold,2000-09-01,2022-01-08,249218814,False,DEV-0023
PLOT-006877,1847-E,Umm Suqeim,7159,Residential,Freehold,2011-07-18,2017-07-04,289018044,False,DEV-0027
PLOT-006878,8167-B,Mirdif,270176,Commercial,Freehold,2017-12-31,2016-01-08,335362432,True,DEV-0147
PLOT-006879,3163-E,Jebel Ali,196433,Mixed,Freehold,2015-12-06,2019-12-29,255612348,True,DEV-0186
PLOT-006880,2436-A,Al Satwa,115939,Green,Leasehold,2008-02-14,2023-01-29,179449639,False,DEV-0050
PLOT-006881,5334-A,Dubai Hills Estate,183844,Mixed,Government,2015-08-09,2023-07-04,248551250,True,DEV-0037
PLOT-006882,2543-D,Discovery Gardens,151002,Residential,Government,2021-10-27,2022-09-02,499113297,True,DEV-0040
PLOT-006883,2764-B,JVC,281571,Industrial,Leasehold,2003-04-18,2017-10-28,370451638,True,DEV-0130
PLOT-006884,2251-B,JLT,265926,Mixed,Leasehold,2011-03-23,2015-05-15,481891447,False,DEV-0109
PLOT-006885,1189-A,Muhaisnah,143432,Commercial,Freehold,2001-06-13,2020-04-16,403747684,False,DEV-0182
PLOT-006886,116-D,Bur Dubai,41038,Residential,Freehold,2006-10-31,2018-04-14,39444337,False,DEV-0140
PLOT-006887,4596-B,Al Safa,122745,Residential,Freehold,2018-09-12,2019-02-17,17119560,False,DEV-0163
PLOT-006888,1830-E,Arabian Ranches,342601,Residential,Government,2008-05-31,2023-07-03,89602105,False,DEV-0151
PLOT-006889,9529-D,Arabian Ranches,450585,Commercial,Leasehold,2015-04-27,2022-11-29,33335937,True,DEV-0053
PLOT-006890,6476-E,Emaar Beachfront,436498,Industrial,Freehold,2022-03-24,2023-12-05,196456028,True,DEV-0166
PLOT-006891,8351-B,JVC,80431,Residential,Freehold,2012-07-21,2023-02-04,278076550,False,DEV-0115
PLOT-006892,9170-A,Mirdif,267239,Commercial,Leasehold,2017-12-07,2022-08-13,427273872,False,DEV-0035
PLOT-006893,2742-D,Dubailand,58393,Commercial,Leasehold,2014-03-07,2020-09-28,384677276,False,DEV-0098
PLOT-006894,2072-E,Bur Dubai,368799,Green,Leasehold,2004-08-05,2021-10-06,121464357,False,DEV-0110
PLOT-006895,8947-B,Al Safa,50776,Residential,Freehold,2016-04-15,2018-10-13,466250243,False,DEV-0106
PLOT-006896,4545-E,Palm Jumeirah,236795,Commercial,Leasehold,2021-06-19,2019-09-16,88729612,False,DEV-0158
PLOT-006897,790-E,Al Karama,287190,Commercial,Freehold,2005-04-11,2024-06-07,240447795,False,DEV-0089
PLOT-006898,5555-B,Dubai Investment Park,285553,Residential,Freehold,2018-10-20,2020-09-21,211743028,False,DEV-0055
PLOT-006899,8135-A,Umm Suqeim,283231,Commercial,Freehold,2002-03-26,2019-11-20,136170394,False,DEV-0180
PLOT-006900,5079-A,Dubai Marina,454213,Residential,Freehold,2017-12-23,2024-08-13,254258053,False,DEV-0180
PLOT-006901,1671-C,Al Mizhar,278079,Mixed,Leasehold,2001-02-26,2022-09-26,4134350,False,DEV-0093
PLOT-006902,9163-D,Dubai Hills Estate,187557,Commercial,Freehold,2010-11-30,2020-04-25,439829871,True,DEV-0107
PLOT-006903,1204-C,International City,51174,Industrial,Government,2004-08-02,2023-09-10,396738414,True,DEV-0183
PLOT-006904,301-C,Al Wasl,54731,Industrial,Freehold,2006-01-07,2022-11-07,430890413,False,DEV-0116
PLOT-006905,7299-D,Sports City,380692,Commercial,Freehold,2021-11-15,2015-10-12,206437611,False,DEV-0116
PLOT-006906,8285-D,Jumeirah,450352,Industrial,Leasehold,2008-07-25,2020-11-28,194344337,False,DEV-0009
PLOT-006907,1040-E,Dubai Land,466857,Residential,Government,2004-09-27,2019-10-03,483616754,True,DEV-0065
PLOT-006908,7636-C,Jebel Ali,81778,Commercial,Freehold,2004-12-21,2020-08-01,418378577,True,DEV-0006
PLOT-006909,3704-C,Al Safa,489989,Commercial,Leasehold,2008-08-29,2016-05-16,406765923,False,DEV-0128
PLOT-006910,1691-B,Dubai Marina,134912,Residential,Leasehold,2022-11-25,2022-04-22,411871954,True,DEV-0118
PLOT-006911,4513-B,Discovery Gardens,493847,Commercial,Freehold,2021-09-04,2019-06-27,57740694,False,DEV-0114
PLOT-006912,9743-E,Umm Suqeim,184082,Mixed,Freehold,2012-06-03,2015-02-17,190359938,True,DEV-0162
PLOT-006913,8710-A,Nad Al Sheba,36912,Residential,Freehold,2020-08-14,2020-07-07,341446360,False,DEV-0068
PLOT-006914,7352-A,Dubai Creek Harbour,362035,Commercial,Freehold,2012-07-09,2023-01-28,404463667,False,DEV-0156
PLOT-006915,9346-C,Dubai Investment Park,256590,Residential,Leasehold,2018-01-29,2018-01-03,195030397,False,DEV-0131
PLOT-006916,925-E,Al Wasl,375445,Mixed,Leasehold,2009-11-12,2019-07-31,42047406,True,DEV-0022
PLOT-006917,1787-A,JVC,493107,Residential,Leasehold,2013-07-27,2023-04-16,420239434,True,DEV-0036
PLOT-006918,8319-B,Palm Jumeirah,200493,Residential,Freehold,2018-09-26,2019-01-06,80102639,True,DEV-0162
PLOT-006919,5915-E,Al Qusais,70697,Residential,Freehold,2023-12-19,2022-04-15,284267824,True,DEV-0145
PLOT-006920,4360-D,International City,414028,Residential,Freehold,2023-09-13,2016-05-01,241456293,False,DEV-0098
PLOT-006921,9155-C,Dubai Marina,238196,Commercial,Government,2008-12-27,2022-05-14,47951684,False,DEV-0017
PLOT-006922,6945-B,Umm Suqeim,12443,Mixed,Freehold,2009-03-19,2024-11-03,483893444,True,DEV-0114
PLOT-006923,3646-E,Nad Al Sheba,409716,Commercial,Freehold,2008-10-20,2018-09-16,418813544,True,DEV-0072
PLOT-006924,8154-D,Emaar Beachfront,483500,Green,Leasehold,2021-03-26,2021-05-18,11165563,True,DEV-0193
PLOT-006925,2953-B,Bur Dubai,369548,Residential,Government,2020-03-25,2015-06-13,279087389,True,DEV-0199
PLOT-006926,3406-E,Emaar Beachfront,374276,Commercial,Government,2003-11-01,2015-04-15,291921926,False,DEV-0055
PLOT-006927,9709-A,DIFC,245672,Residential,Leasehold,2000-06-11,2021-11-06,120391978,True,DEV-0140
PLOT-006928,9971-C,Business Bay,345014,Commercial,Leasehold,2000-11-03,2020-03-05,368685709,False,DEV-0081
PLOT-006929,4953-E,Business Bay,333048,Commercial,Government,2010-04-05,2019-06-19,323774404,True,DEV-0033
PLOT-006930,1196-A,Dubailand,170500,Residential,Leasehold,2001-02-12,2015-05-09,335269933,True,DEV-0164
PLOT-006931,2666-B,International City,395145,Residential,Leasehold,2014-08-27,2019-02-08,339956787,True,DEV-0075
PLOT-006932,2676-D,Al Safa,353431,Residential,Freehold,2004-04-13,2023-12-10,452802560,False,DEV-0170
PLOT-006933,6451-D,JLT,383872,Residential,Freehold,2008-10-22,2018-07-19,263440212,False,DEV-0102
PLOT-006934,3767-C,Deira,99808,Residential,Freehold,2022-10-28,2018-03-27,158485343,False,DEV-0046
PLOT-006935,4826-B,Dubai South,266689,Mixed,Leasehold,2020-10-28,2019-04-29,144917901,True,DEV-0109
PLOT-006936,7625-E,Dubailand,79769,Residential,Leasehold,2020-09-12,2019-10-13,191145323,True,DEV-0162
PLOT-006937,3218-B,Sports City,194857,Residential,Government,2022-09-10,2021-05-24,400073653,True,DEV-0049
PLOT-006938,8364-B,Dubailand,486343,Residential,Freehold,2021-03-18,2023-02-27,303164448,False,DEV-0098
PLOT-006939,3989-C,Dubai Creek Harbour,216991,Commercial,Leasehold,2019-05-24,2020-02-26,310676612,True,DEV-0065
PLOT-006940,6265-A,Arabian Ranches,154601,Mixed,Leasehold,2002-09-07,2023-02-05,340838893,True,DEV-0079
PLOT-006941,1109-D,Dubai Creek Harbour,53997,Residential,Freehold,2006-06-02,2021-12-27,412607762,True,DEV-0072
PLOT-006942,4095-C,Al Safa,136262,Residential,Government,2007-01-17,2015-12-11,425607575,True,DEV-0034
PLOT-006943,6012-B,Ras Al Khor,53263,Residential,Leasehold,2016-03-14,2023-08-21,252151122,False,DEV-0042
PLOT-006944,8007-E,Sports City,338225,Mixed,Freehold,2016-11-15,2016-03-24,56288713,False,DEV-0162
PLOT-006945,1960-A,Umm Suqeim,256110,Residential,Freehold,2008-11-02,2023-05-28,213603002,False,DEV-0140
PLOT-006946,3600-C,Dubai Creek Harbour,292310,Residential,Freehold,2020-07-16,2024-03-23,235399859,True,DEV-0058
PLOT-006947,7905-A,Al Karama,14025,Industrial,Freehold,2010-05-15,2024-12-01,456821470,False,DEV-0110
PLOT-006948,7516-B,Arabian Ranches,306478,Residential,Government,2020-11-06,2022-12-10,275443588,False,DEV-0187
PLOT-006949,2162-A,Al Satwa,230391,Residential,Freehold,2007-02-04,2024-05-23,359594426,True,DEV-0122
PLOT-006950,7866-B,Al Wasl,38706,Green,Freehold,2004-10-28,2024-08-26,60392748,False,DEV-0112
PLOT-006951,8392-D,Al Mizhar,75529,Mixed,Government,2016-12-11,2017-06-18,246511245,True,DEV-0147
PLOT-006952,2919-D,Jebel Ali,47093,Residential,Freehold,2003-07-15,2018-09-22,384885422,False,DEV-0017
PLOT-006953,1559-B,Dubai Land,285824,Green,Government,2002-05-08,2024-12-11,52648582,False,DEV-0001
PLOT-006954,7039-C,Al Twar,141302,Industrial,Freehold,2005-05-25,2020-02-09,323628156,False,DEV-0101
PLOT-006955,7689-C,Al Quoz,324273,Mixed,Government,2005-08-15,2015-01-14,108002664,False,DEV-0061
PLOT-006956,6758-B,Al Mizhar,415755,Mixed,Freehold,2005-07-21,2023-06-07,321392549,False,DEV-0119
PLOT-006957,1399-B,Nad Al Sheba,58127,Commercial,Freehold,2021-08-03,2015-12-29,256944279,False,DEV-0087
PLOT-006958,4676-E,Nad Al Sheba,446196,Residential,Leasehold,2020-07-27,2024-10-05,482031765,False,DEV-0119
PLOT-006959,4624-D,Deira,253918,Residential,Leasehold,2009-05-20,2021-04-02,195349709,False,DEV-0131
PLOT-006960,2654-C,Bur Dubai,331962,Mixed,Government,2008-12-22,2019-04-18,13898357,False,DEV-0185
PLOT-006961,6822-A,JVC,374113,Commercial,Freehold,2019-01-10,2017-04-24,385742622,True,DEV-0174
PLOT-006962,265-B,Warqa,471186,Mixed,Leasehold,2004-09-17,2015-03-02,283887978,False,DEV-0069
PLOT-006963,9339-E,Dubai Land,299895,Residential,Freehold,2019-02-07,2016-03-28,24421271,True,DEV-0063
PLOT-006964,4438-B,Dubai Hills Estate,291951,Industrial,Freehold,2005-10-08,2024-12-28,369535786,False,DEV-0147
PLOT-006965,965-D,JLT,200679,Residential,Government,2014-11-22,2023-07-12,437755034,True,DEV-0134
PLOT-006966,2110-E,Sports City,164424,Commercial,Freehold,2001-08-27,2015-09-08,379565808,False,DEV-0070
PLOT-006967,3366-E,Al Safa,452673,Residential,Leasehold,2010-06-16,2022-11-11,388689668,True,DEV-0059
PLOT-006968,6449-E,Al Furjan,128592,Residential,Leasehold,2001-09-02,2020-03-14,182236545,True,DEV-0052
PLOT-006969,8731-E,Town Square,174544,Residential,Government,2023-03-11,2017-11-27,322817784,False,DEV-0063
PLOT-006970,8067-C,Palm Jumeirah,26249,Residential,Freehold,2003-04-24,2016-04-19,160221817,True,DEV-0131
PLOT-006971,5643-B,Arabian Ranches,77672,Commercial,Freehold,2020-06-14,2021-03-08,260985722,False,DEV-0114
PLOT-006972,5965-B,Muhaisnah,478605,Residential,Freehold,2020-11-24,2023-10-28,253332427,False,DEV-0066
PLOT-006973,4508-E,Downtown Dubai,151220,Green,Government,2007-06-23,2017-02-13,368521876,False,DEV-0047
PLOT-006974,5111-C,Downtown Dubai,458053,Residential,Freehold,2013-12-28,2023-09-19,272812979,True,DEV-0186
PLOT-006975,5900-D,Al Wasl,399263,Residential,Leasehold,2006-12-14,2017-07-17,170649215,False,DEV-0008
PLOT-006976,2420-A,Emaar Beachfront,218459,Commercial,Freehold,2009-05-13,2023-10-02,347591165,False,DEV-0096
PLOT-006977,8257-B,Muhaisnah,196108,Residential,Leasehold,2011-01-25,2018-08-09,210091734,True,DEV-0024
PLOT-006978,4353-E,Al Furjan,220773,Mixed,Leasehold,2023-04-24,2019-09-22,152976613,False,DEV-0040
PLOT-006979,1237-B,Dubai Marina,344446,Mixed,Freehold,2014-05-20,2016-09-17,131250429,False,DEV-0195
PLOT-006980,7137-D,Dubailand,477023,Commercial,Leasehold,2013-04-29,2019-10-20,282142489,True,DEV-0099
PLOT-006981,568-C,Al Safa,37668,Residential,Leasehold,2020-04-12,2015-09-06,47062549,True,DEV-0066
PLOT-006982,8698-A,Al Twar,267858,Mixed,Leasehold,2010-09-19,2015-09-25,156976371,False,DEV-0036
PLOT-006983,9223-C,Muhaisnah,414651,Green,Freehold,2016-11-27,2018-01-23,104717659,False,DEV-0133
PLOT-006984,1933-B,Town Square,48295,Residential,Leasehold,2004-01-18,2015-06-10,202863953,False,DEV-0058
PLOT-006985,2218-D,Mirdif,109842,Residential,Freehold,2008-12-04,2020-10-01,132223025,False,DEV-0141
PLOT-006986,292-D,Deira,136039,Industrial,Freehold,2009-04-15,2024-01-20,359500144,False,DEV-0175
PLOT-006987,7170-D,Discovery Gardens,420899,Mixed,Freehold,2018-02-19,2020-08-24,353080154,True,DEV-0126
PLOT-006988,5549-B,Jebel Ali,429843,Commercial,Leasehold,2022-10-31,2022-09-08,423071873,True,DEV-0024
PLOT-006989,309-D,Dubai Marina,316490,Residential,Freehold,2003-06-26,2021-06-16,334668494,True,DEV-0141
PLOT-006990,3160-B,JVC,367133,Mixed,Freehold,2006-05-19,2019-10-14,490439529,False,DEV-0197
PLOT-006991,4130-B,Muhaisnah,73420,Residential,Government,2021-06-16,2015-09-16,286393351,True,DEV-0054
PLOT-006992,154-C,Al Quoz,468474,Residential,Freehold,2013-06-12,2020-03-28,202901837,False,DEV-0130
PLOT-006993,4956-C,International City,65321,Mixed,Freehold,2021-05-25,2018-10-27,111408185,True,DEV-0049
PLOT-006994,8497-B,Dubai South,315969,Commercial,Government,2012-10-16,2020-05-29,274440225,False,DEV-0089
PLOT-006995,6623-A,Dubai South,449607,Commercial,Freehold,2008-07-22,2019-01-11,305792914,False,DEV-0036
PLOT-006996,410-C,DIFC,31322,Commercial,Freehold,2018-08-07,2019-02-24,43931764,False,DEV-0041
PLOT-006997,2360-B,Deira,331243,Residential,Freehold,2018-08-28,2024-10-23,451132809,True,DEV-0066
PLOT-006998,7760-C,Al Satwa,303491,Commercial,Leasehold,2001-12-14,2021-11-18,425927317,True,DEV-0053
PLOT-006999,8817-A,Al Mizhar,309044,Commercial,Government,2005-02-14,2018-09-14,88083312,False,DEV-0141
PLOT-007000,5125-E,Dubai Hills Estate,88854,Residential,Leasehold,2023-10-05,2022-08-11,56852275,False,DEV-0069
PLOT-007001,7322-A,Discovery Gardens,261053,Green,Freehold,2008-04-15,2017-10-22,116437413,False,DEV-0183
PLOT-007002,1209-D,Dubai Hills Estate,72498,Commercial,Leasehold,2013-04-28,2024-07-17,398840449,False,DEV-0031
PLOT-007003,6987-A,Al Wasl,28111,Green,Freehold,2018-09-17,2023-02-27,254924543,False,DEV-0084
PLOT-007004,7036-A,JLT,193181,Commercial,Freehold,2011-02-28,2016-09-25,81367923,False,DEV-0048
PLOT-007005,2892-B,Dubai Land,67715,Commercial,Freehold,2021-05-29,2021-04-22,225720068,False,DEV-0195
PLOT-007006,1659-C,Dubai South,47459,Commercial,Leasehold,2007-05-24,2016-10-02,275395340,False,DEV-0194
PLOT-007007,8921-E,JVC,291577,Mixed,Government,2004-05-30,2019-05-14,13658126,False,DEV-0034
PLOT-007008,4900-C,Al Barsha,58544,Mixed,Leasehold,2013-01-03,2021-07-28,74434637,True,DEV-0124
PLOT-007009,6118-B,Dubailand,389482,Industrial,Freehold,2009-05-17,2017-06-11,246437141,True,DEV-0124
PLOT-007010,8422-A,Dubai Marina,18151,Commercial,Government,2003-08-05,2017-05-23,335657039,False,DEV-0143
PLOT-007011,7213-D,Al Wasl,223576,Residential,Leasehold,2010-04-29,2019-06-01,252409267,True,DEV-0156
PLOT-007012,4777-A,Al Furjan,385276,Commercial,Leasehold,2015-03-25,2017-07-26,285306192,False,DEV-0158
PLOT-007013,5677-D,Palm Jumeirah,315556,Residential,Leasehold,2015-06-19,2020-05-24,94184440,True,DEV-0106
PLOT-007014,8202-C,Mirdif,475376,Industrial,Leasehold,2010-02-25,2023-05-14,378125022,False,DEV-0116
PLOT-007015,5583-A,Emaar Beachfront,459837,Residential,Government,2010-03-24,2022-09-27,100608839,False,DEV-0131
PLOT-007016,1305-B,International City,243194,Residential,Leasehold,2011-12-24,2017-04-19,121538115,True,DEV-0031
PLOT-007017,5603-B,Deira,457691,Residential,Leasehold,2002-08-09,2016-08-29,4850040,True,DEV-0182
PLOT-007018,8932-A,Motor City,396745,Commercial,Freehold,2000-01-12,2017-10-10,88159062,True,DEV-0004
PLOT-007019,7707-E,Dubai Investment Park,499734,Residential,Freehold,2001-11-05,2020-11-12,474145482,True,DEV-0024
PLOT-007020,1218-C,Dubai South,145737,Commercial,Government,2006-04-23,2018-07-27,44798737,False,DEV-0129
PLOT-007021,8486-E,Jumeirah,391666,Residential,Freehold,2007-08-12,2018-09-09,406759942,False,DEV-0051
PLOT-007022,1261-A,Mirdif,338144,Mixed,Government,2001-06-25,2019-01-11,478621781,False,DEV-0075
PLOT-007023,4012-E,JVC,78582,Residential,Freehold,2014-06-22,2021-05-06,491532913,True,DEV-0144
PLOT-007024,7908-B,Al Wasl,121698,Residential,Leasehold,2012-06-12,2018-12-18,161496702,False,DEV-0161
PLOT-007025,121-E,Al Barsha,247246,Residential,Freehold,2020-07-28,2020-11-19,92431777,False,DEV-0004
PLOT-007026,719-C,Al Wasl,136508,Commercial,Freehold,2013-11-13,2020-03-29,437128935,True,DEV-0051
PLOT-007027,9301-C,Al Twar,239435,Industrial,Government,2021-08-11,2020-09-15,266805532,True,DEV-0163
PLOT-007028,3268-E,Al Mizhar,59890,Residential,Leasehold,2022-03-06,2024-03-28,120552284,False,DEV-0043
PLOT-007029,2062-C,Dubai South,94290,Residential,Freehold,2021-02-23,2015-08-24,335024338,False,DEV-0063
PLOT-007030,4917-B,Al Wasl,275358,Commercial,Leasehold,2021-10-08,2020-08-31,445390423,True,DEV-0123
PLOT-007031,2889-A,Nad Al Sheba,192843,Residential,Freehold,2014-07-22,2019-06-14,404138591,False,DEV-0193
PLOT-007032,6368-C,Discovery Gardens,235164,Commercial,Freehold,2021-05-09,2019-07-27,443262787,False,DEV-0193
PLOT-007033,4310-B,Al Qusais,93642,Commercial,Freehold,2016-10-18,2024-09-19,206965363,False,DEV-0171
PLOT-007034,9102-D,Al Quoz,19630,Residential,Leasehold,2011-09-13,2016-02-10,164597797,False,DEV-0013
PLOT-007035,6005-B,Emaar Beachfront,173029,Industrial,Freehold,2014-10-15,2024-07-13,154404573,True,DEV-0088
PLOT-007036,2554-D,Al Satwa,360851,Residential,Leasehold,2008-12-26,2015-02-09,206752550,False,DEV-0100
PLOT-007037,1119-C,Al Qusais,208637,Commercial,Government,2020-02-07,2017-03-20,111767695,True,DEV-0012
PLOT-007038,3630-A,International City,428453,Commercial,Freehold,2017-01-22,2024-04-04,254883629,False,DEV-0092
PLOT-007039,2194-A,JLT,144029,Residential,Freehold,2004-05-02,2019-07-09,362856202,False,DEV-0071
PLOT-007040,3101-B,JVC,110550,Commercial,Government,2022-06-24,2017-07-02,338049572,False,DEV-0157
PLOT-007041,1380-A,Nad Al Sheba,47282,Residential,Government,2009-03-22,2024-07-11,62511198,True,DEV-0033
PLOT-007042,4998-B,DIFC,43763,Residential,Leasehold,2007-12-22,2021-08-18,352160646,True,DEV-0131
PLOT-007043,1426-C,Sports City,463673,Residential,Freehold,2005-07-04,2020-04-30,262861283,True,DEV-0007
PLOT-007044,8735-B,Al Barsha,402242,Mixed,Freehold,2016-09-27,2019-01-25,52883989,False,DEV-0180
PLOT-007045,8382-D,Al Qusais,45138,Residential,Freehold,2010-12-08,2023-09-17,232961771,False,DEV-0200
PLOT-007046,5852-B,Motor City,439701,Residential,Freehold,2001-06-15,2023-05-29,493699945,False,DEV-0152
PLOT-007047,8835-A,Al Mizhar,86638,Commercial,Leasehold,2022-10-06,2015-09-30,32596669,True,DEV-0031
PLOT-007048,8260-C,Al Wasl,281002,Residential,Freehold,2006-01-29,2020-09-16,361860976,True,DEV-0121
PLOT-007049,7028-D,Deira,116700,Residential,Leasehold,2018-09-02,2023-03-19,459032617,False,DEV-0075
PLOT-007050,457-A,Dubai Hills Estate,55687,Residential,Leasehold,2003-10-26,2015-01-13,487205907,True,DEV-0078
PLOT-007051,742-C,Motor City,464525,Residential,Leasehold,2003-04-08,2017-01-11,185875449,False,DEV-0026
PLOT-007052,8024-E,Muhaisnah,259583,Green,Freehold,2003-08-31,2017-03-03,476374259,False,DEV-0020
PLOT-007053,5116-A,Palm Jumeirah,411304,Commercial,Freehold,2012-08-05,2015-02-12,65285504,True,DEV-0149
PLOT-007054,5808-B,Muhaisnah,329362,Residential,Freehold,2000-09-02,2020-10-14,330961090,False,DEV-0054
PLOT-007055,2044-E,Motor City,173340,Residential,Leasehold,2014-12-04,2016-10-11,480991683,True,DEV-0101
PLOT-007056,1520-E,Al Quoz,107532,Commercial,Leasehold,2009-09-03,2024-05-16,422931186,True,DEV-0152
PLOT-007057,3849-D,Bur Dubai,335364,Commercial,Leasehold,2005-07-06,2019-02-18,294656313,False,DEV-0089
PLOT-007058,9960-B,Umm Suqeim,63032,Green,Freehold,2003-12-27,2021-05-08,115657573,True,DEV-0010
PLOT-007059,9345-B,Motor City,63116,Residential,Government,2010-09-03,2023-03-06,121245178,True,DEV-0050
PLOT-007060,2339-A,Warqa,50445,Mixed,Leasehold,2009-07-20,2019-04-15,113312469,True,DEV-0170
PLOT-007061,2974-E,Al Furjan,133668,Residential,Freehold,2002-05-13,2016-05-21,27295542,False,DEV-0080
PLOT-007062,3172-E,Palm Jumeirah,312186,Residential,Freehold,2006-04-03,2022-02-16,9167677,False,DEV-0096
PLOT-007063,2969-D,Al Mizhar,381072,Commercial,Leasehold,2006-03-30,2023-11-06,395132114,False,DEV-0151
PLOT-007064,932-C,Al Furjan,55516,Residential,Freehold,2010-12-09,2017-12-13,121902270,False,DEV-0113
PLOT-007065,2194-B,Dubai Investment Park,206740,Residential,Freehold,2003-04-18,2018-02-05,133770081,True,DEV-0063
PLOT-007066,6992-D,Sports City,378172,Mixed,Freehold,2019-10-03,2015-09-30,171903606,False,DEV-0043
PLOT-007067,783-B,Al Twar,373306,Commercial,Leasehold,2013-12-22,2024-12-29,124810707,False,DEV-0052
PLOT-007068,4249-D,Jumeirah,278076,Commercial,Leasehold,2020-01-25,2017-09-09,291029613,False,DEV-0071
PLOT-007069,8716-E,DIFC,154047,Commercial,Freehold,2008-11-05,2020-01-04,402654917,True,DEV-0003
PLOT-007070,500-E,Al Satwa,258489,Commercial,Leasehold,2012-06-15,2016-02-25,422689416,False,DEV-0173
PLOT-007071,1088-A,Muhaisnah,293654,Green,Leasehold,2002-01-09,2023-02-09,363294390,True,DEV-0012
PLOT-007072,2176-C,Dubai Land,165813,Residential,Freehold,2009-05-21,2022-01-29,301008982,False,DEV-0161
PLOT-007073,825-B,Al Furjan,54010,Commercial,Freehold,2006-09-03,2015-12-10,466325891,False,DEV-0190
PLOT-007074,5347-A,Arabian Ranches,145279,Commercial,Leasehold,2005-12-18,2022-01-03,253484032,False,DEV-0039
PLOT-007075,1892-E,International City,353721,Residential,Freehold,2023-07-29,2022-08-02,25532389,True,DEV-0060
PLOT-007076,9957-E,Jumeirah,356737,Mixed,Freehold,2008-05-27,2015-02-13,26498494,False,DEV-0107
PLOT-007077,700-C,Dubai Land,394726,Residential,Freehold,2002-01-20,2018-11-28,103991626,False,DEV-0078
PLOT-007078,8123-E,Sports City,172553,Commercial,Freehold,2005-10-13,2015-02-04,189732759,False,DEV-0172
PLOT-007079,100-D,Dubai South,422685,Commercial,Leasehold,2014-04-12,2017-08-05,299480019,False,DEV-0047
PLOT-007080,4696-D,Dubai Marina,459887,Commercial,Freehold,2007-12-18,2016-03-06,250395928,False,DEV-0098
PLOT-007081,1559-B,Ras Al Khor,478612,Commercial,Freehold,2020-10-27,2021-07-11,20117140,False,DEV-0153
PLOT-007082,8065-A,Sports City,76162,Commercial,Leasehold,2011-08-06,2019-08-25,280409695,False,DEV-0038
PLOT-007083,639-E,JVC,156853,Residential,Government,2009-01-01,2018-06-06,494122825,False,DEV-0108
PLOT-007084,3247-D,Arabian Ranches,207993,Residential,Freehold,2010-09-24,2022-09-05,87407343,False,DEV-0012
PLOT-007085,123-C,Emaar Beachfront,484229,Residential,Government,2009-03-19,2017-07-09,189891231,True,DEV-0137
PLOT-007086,796-A,Sports City,266140,Green,Leasehold,2011-01-13,2021-01-27,30047100,False,DEV-0122
PLOT-007087,8187-C,Al Furjan,432390,Residential,Leasehold,2019-04-18,2018-10-01,325797398,False,DEV-0197
PLOT-007088,2352-E,Dubai Marina,341112,Residential,Freehold,2007-06-05,2018-04-21,207119351,False,DEV-0112
PLOT-007089,5264-B,JLT,67768,Commercial,Freehold,2016-02-27,2019-03-01,297942018,True,DEV-0090
PLOT-007090,9181-C,Al Barsha,79608,Residential,Freehold,2010-10-19,2017-07-07,369086012,False,DEV-0057
PLOT-007091,6544-C,Jumeirah,402358,Commercial,Government,2020-03-06,2015-11-18,359769623,False,DEV-0083
PLOT-007092,9337-D,Jumeirah,397903,Industrial,Leasehold,2004-01-17,2022-04-07,117277085,True,DEV-0119
PLOT-007093,3615-E,Al Twar,398378,Commercial,Leasehold,2011-09-22,2018-03-09,139552163,True,DEV-0170
PLOT-007094,2095-E,International City,9562,Residential,Leasehold,2011-03-05,2021-03-07,330671810,False,DEV-0039
PLOT-007095,7085-B,Dubai Marina,387829,Mixed,Government,2000-09-11,2024-11-10,317166217,False,DEV-0117
PLOT-007096,8572-E,Motor City,352173,Residential,Government,2004-03-22,2019-02-19,64368160,True,DEV-0140
PLOT-007097,4920-D,Nad Al Sheba,490440,Residential,Government,2008-06-09,2024-03-19,449740352,False,DEV-0164
PLOT-007098,2310-E,Town Square,395469,Mixed,Freehold,2000-01-28,2020-02-19,300364731,True,DEV-0016
PLOT-007099,6149-A,Nad Al Sheba,33411,Mixed,Freehold,2015-03-01,2016-08-21,39534661,False,DEV-0081
PLOT-007100,3965-A,Palm Jumeirah,450831,Commercial,Freehold,2009-11-25,2022-03-18,149017794,False,DEV-0174
PLOT-007101,8574-B,Al Furjan,353425,Mixed,Government,2005-08-21,2021-01-31,319106589,False,DEV-0038
PLOT-007102,8079-E,Dubai Creek Harbour,293118,Commercial,Freehold,2011-10-29,2017-08-28,62372418,False,DEV-0193
PLOT-007103,7740-A,Al Qusais,202865,Mixed,Freehold,2013-01-01,2020-04-05,39546809,False,DEV-0192
PLOT-007104,6059-C,Nad Al Sheba,13028,Residential,Government,2015-06-21,2021-12-09,154813415,False,DEV-0062
PLOT-007105,7440-A,Mirdif,360604,Commercial,Freehold,2008-08-04,2020-11-18,418595391,True,DEV-0132
PLOT-007106,1049-D,Al Quoz,99714,Mixed,Freehold,2013-04-25,2019-03-21,258799119,False,DEV-0040
PLOT-007107,2348-B,Motor City,33317,Industrial,Leasehold,2011-09-21,2019-04-26,34413185,False,DEV-0042
PLOT-007108,3402-B,Jebel Ali,20201,Residential,Freehold,2005-01-13,2016-06-22,170363664,False,DEV-0094
PLOT-007109,8693-D,Deira,145796,Green,Freehold,2013-07-15,2017-06-21,75222436,True,DEV-0103
PLOT-007110,3862-B,Al Twar,98659,Commercial,Freehold,2013-09-19,2017-05-30,337047216,False,DEV-0028
PLOT-007111,473-B,Palm Jumeirah,461283,Residential,Leasehold,2001-09-02,2024-01-09,300638877,False,DEV-0077
PLOT-007112,2775-D,Dubailand,475732,Residential,Freehold,2000-05-13,2023-02-06,93446294,False,DEV-0172
PLOT-007113,9459-D,Al Mizhar,288964,Residential,Freehold,2012-01-13,2018-03-05,347807901,True,DEV-0128
PLOT-007114,7397-E,Ras Al Khor,407208,Commercial,Leasehold,2008-11-27,2020-10-23,128576473,True,DEV-0116
PLOT-007115,7258-C,Business Bay,181105,Green,Leasehold,2011-11-05,2018-01-20,160779551,False,DEV-0021
PLOT-007116,3346-E,Sports City,353004,Commercial,Freehold,2023-06-03,2024-11-05,269602268,True,DEV-0168
PLOT-007117,925-C,Al Quoz,82706,Industrial,Leasehold,2016-01-01,2015-04-14,382539615,False,DEV-0061
PLOT-007118,6726-C,Al Qusais,111418,Residential,Leasehold,2010-07-21,2016-03-22,50955712,True,DEV-0070
PLOT-007119,6536-A,Dubai Marina,293173,Residential,Freehold,2004-04-13,2015-06-06,386802378,True,DEV-0011
PLOT-007120,6244-D,DIFC,214022,Residential,Freehold,2000-09-16,2021-12-18,70845689,True,DEV-0072
PLOT-007121,5680-B,International City,411008,Mixed,Freehold,2005-02-06,2016-11-05,235183682,True,DEV-0026
PLOT-007122,4063-D,Al Karama,479690,Industrial,Leasehold,2001-03-15,2019-10-22,248547587,True,DEV-0170
PLOT-007123,6469-E,Al Mizhar,118397,Mixed,Government,2002-06-01,2024-12-25,410966052,False,DEV-0123
PLOT-007124,2625-C,Deira,373302,Residential,Freehold,2008-11-23,2021-07-20,348708149,True,DEV-0092
PLOT-007125,8782-B,Mirdif,291639,Residential,Leasehold,2007-03-05,2018-01-27,96311398,False,DEV-0089
PLOT-007126,8105-A,Dubai Land,369563,Industrial,Leasehold,2010-02-24,2020-12-18,457074455,False,DEV-0200
PLOT-007127,1368-E,Al Twar,452619,Industrial,Government,2021-11-10,2015-05-23,69390294,False,DEV-0004
PLOT-007128,6627-B,Motor City,59585,Residential,Leasehold,2011-03-05,2024-11-24,220796020,True,DEV-0100
PLOT-007129,4813-D,Umm Suqeim,213451,Industrial,Freehold,2014-06-28,2020-11-29,28349077,True,DEV-0134
PLOT-007130,8568-B,Al Satwa,377491,Residential,Freehold,2003-12-08,2018-12-17,314886427,False,DEV-0182
PLOT-007131,3521-A,Emaar Beachfront,309653,Residential,Leasehold,2020-09-02,2019-11-02,193532309,True,DEV-0180
PLOT-007132,8948-E,Al Barsha,390231,Industrial,Freehold,2004-10-23,2017-09-07,335208275,True,DEV-0038
PLOT-007133,8428-D,Mirdif,11351,Commercial,Leasehold,2001-02-11,2022-09-22,423096564,False,DEV-0163
PLOT-007134,6507-D,DIFC,20480,Mixed,Freehold,2013-03-18,2015-04-03,384093302,False,DEV-0035
PLOT-007135,8230-E,Dubai Marina,343879,Commercial,Leasehold,2002-12-11,2018-11-06,360240257,False,DEV-0153
PLOT-007136,4139-E,Dubai Hills Estate,441372,Residential,Government,2007-10-15,2023-02-03,175712710,True,DEV-0095
PLOT-007137,4929-C,Emaar Beachfront,493424,Industrial,Freehold,2016-01-18,2018-11-03,483045352,False,DEV-0030
PLOT-007138,1696-B,Sports City,5044,Residential,Freehold,2004-06-08,2023-03-26,262315631,False,DEV-0178
PLOT-007139,3528-E,Muhaisnah,401938,Commercial,Leasehold,2019-06-01,2017-11-09,467711780,False,DEV-0021
PLOT-007140,8509-E,Deira,339986,Commercial,Leasehold,2004-01-27,2024-09-24,426519050,True,DEV-0138
PLOT-007141,9394-D,Dubai Investment Park,457703,Mixed,Freehold,2001-03-19,2022-11-23,336012508,True,DEV-0124
PLOT-007142,7835-A,Palm Jumeirah,269570,Residential,Leasehold,2004-02-10,2015-05-21,409371944,True,DEV-0026
PLOT-007143,3287-D,Ras Al Khor,29693,Industrial,Freehold,2017-08-16,2022-09-04,411571643,False,DEV-0134
PLOT-007144,2197-B,Sports City,28022,Mixed,Leasehold,2016-02-10,2017-12-23,251549589,False,DEV-0007
PLOT-007145,7601-C,Al Safa,211970,Residential,Leasehold,2011-02-15,2016-04-20,450673567,True,DEV-0159
PLOT-007146,1739-D,Bur Dubai,227656,Commercial,Freehold,2010-05-11,2022-03-11,284164729,True,DEV-0068
PLOT-007147,5056-C,Al Quoz,380889,Mixed,Leasehold,2011-07-30,2024-03-09,219776562,False,DEV-0041
PLOT-007148,1737-B,Motor City,317965,Residential,Leasehold,2000-10-30,2016-08-04,346310167,True,DEV-0186
PLOT-007149,4408-D,Al Quoz,364973,Mixed,Freehold,2020-05-21,2017-10-02,234399562,True,DEV-0170
PLOT-007150,4565-D,Dubai Investment Park,446013,Commercial,Freehold,2013-01-05,2017-01-08,208238469,False,DEV-0140
PLOT-007151,9093-B,Muhaisnah,383911,Residential,Leasehold,2017-10-16,2016-07-27,414023742,False,DEV-0166
PLOT-007152,1797-C,International City,385903,Commercial,Freehold,2012-09-26,2018-01-17,474676031,False,DEV-0156
PLOT-007153,1107-A,Ras Al Khor,350189,Industrial,Freehold,2015-08-17,2021-03-01,226128431,False,DEV-0146
PLOT-007154,939-E,Deira,286835,Residential,Freehold,2013-06-04,2023-03-06,166288543,False,DEV-0122
PLOT-007155,6218-D,Downtown Dubai,382913,Commercial,Freehold,2006-02-18,2022-01-18,298038169,False,DEV-0010
PLOT-007156,2277-A,International City,254308,Mixed,Leasehold,2011-07-15,2021-05-30,280367977,True,DEV-0104
PLOT-007157,201-E,Town Square,194142,Residential,Government,2020-10-04,2019-12-17,411614682,True,DEV-0059
PLOT-007158,8473-A,Muhaisnah,488135,Mixed,Government,2005-10-22,2019-04-08,93207351,False,DEV-0107
PLOT-007159,2515-C,Jumeirah,81461,Mixed,Freehold,2012-02-29,2017-11-11,46390899,False,DEV-0041
PLOT-007160,7693-B,Town Square,71390,Commercial,Leasehold,2003-12-23,2024-07-03,390134029,False,DEV-0135
PLOT-007161,1291-E,Ras Al Khor,307327,Mixed,Freehold,2007-12-04,2017-11-15,2365645,False,DEV-0111
PLOT-007162,3079-E,Al Karama,231856,Industrial,Leasehold,2018-03-27,2019-10-30,477587153,False,DEV-0105
PLOT-007163,3838-C,Deira,179714,Residential,Government,2016-04-23,2021-02-13,150748697,False,DEV-0031
PLOT-007164,1776-A,Dubai Land,187273,Residential,Government,2019-10-01,2024-11-15,186033625,False,DEV-0079
PLOT-007165,9150-E,Palm Jumeirah,207466,Mixed,Leasehold,2001-05-03,2024-05-13,389154787,False,DEV-0065
PLOT-007166,5630-D,Warqa,75525,Residential,Government,2016-06-01,2022-09-28,323224832,False,DEV-0008
PLOT-007167,672-D,Muhaisnah,296963,Commercial,Leasehold,2020-05-05,2018-01-09,333394575,True,DEV-0196
PLOT-007168,1454-E,Warqa,290538,Residential,Leasehold,2021-08-09,2021-05-27,26045554,False,DEV-0039
PLOT-007169,3208-C,Dubai Land,254198,Residential,Leasehold,2000-01-24,2016-09-22,121634398,False,DEV-0037
PLOT-007170,876-D,Dubai Investment Park,238843,Residential,Freehold,2016-09-21,2019-12-08,366656433,False,DEV-0181
PLOT-007171,1923-D,Al Karama,139951,Industrial,Leasehold,2007-02-23,2024-01-18,327135245,False,DEV-0036
PLOT-007172,2368-C,Jumeirah,406346,Residential,Freehold,2014-02-24,2017-03-13,490274896,False,DEV-0168
PLOT-007173,5804-E,Dubai Hills Estate,181780,Mixed,Leasehold,2004-10-01,2024-06-22,134133757,False,DEV-0117
PLOT-007174,1731-A,Motor City,191219,Commercial,Freehold,2000-03-01,2018-01-18,215597339,False,DEV-0197
PLOT-007175,8887-D,Dubai Marina,167497,Residential,Leasehold,2023-01-31,2018-02-28,490874981,True,DEV-0152
PLOT-007176,1493-B,Al Furjan,104310,Residential,Freehold,2004-01-10,2023-06-09,384045283,False,DEV-0161
PLOT-007177,548-D,Nad Al Sheba,491784,Green,Freehold,2012-03-21,2021-05-13,59866506,False,DEV-0094
PLOT-007178,9949-A,Dubailand,301642,Residential,Freehold,2015-10-01,2024-10-28,270622500,False,DEV-0058
PLOT-007179,2723-C,Al Qusais,8909,Commercial,Freehold,2016-03-18,2021-05-13,126220107,False,DEV-0079
PLOT-007180,1923-E,Business Bay,256394,Mixed,Freehold,2000-01-08,2015-11-28,333765347,True,DEV-0132
PLOT-007181,9368-E,Warqa,33996,Commercial,Leasehold,2009-06-19,2017-05-24,417559429,False,DEV-0122
PLOT-007182,1944-C,Al Mizhar,344198,Commercial,Government,2018-01-02,2018-06-12,287699065,False,DEV-0012
PLOT-007183,8097-C,Bur Dubai,75856,Commercial,Freehold,2017-04-06,2021-06-12,487021227,False,DEV-0167
PLOT-007184,4177-B,Umm Suqeim,324326,Residential,Freehold,2023-10-11,2016-03-31,346915940,False,DEV-0014
PLOT-007185,1905-A,Town Square,217897,Residential,Freehold,2012-09-30,2023-02-24,166428926,False,DEV-0083
PLOT-007186,491-D,Dubai Creek Harbour,31488,Residential,Leasehold,2018-10-05,2019-03-15,191302084,False,DEV-0036
PLOT-007187,1900-A,JLT,146191,Mixed,Freehold,2002-04-07,2018-12-07,149728683,False,DEV-0115
PLOT-007188,3878-C,Dubailand,341161,Commercial,Freehold,2017-12-05,2020-08-16,365935273,True,DEV-0090
PLOT-007189,1672-A,Dubai Hills Estate,356723,Residential,Freehold,2004-03-05,2024-04-21,161057321,True,DEV-0078
PLOT-007190,1298-B,Al Satwa,186356,Mixed,Freehold,2013-12-25,2020-03-31,54715351,True,DEV-0040
PLOT-007191,7520-C,Al Mizhar,472983,Commercial,Government,2015-03-21,2018-05-18,165544376,False,DEV-0111
PLOT-007192,5239-D,Umm Suqeim,231784,Commercial,Government,2011-06-29,2020-07-25,92823962,False,DEV-0028
PLOT-007193,1659-A,Umm Suqeim,447390,Residential,Government,2022-02-03,2021-07-13,483936644,True,DEV-0192
PLOT-007194,6875-C,DIFC,157576,Residential,Freehold,2005-04-20,2020-02-14,224964827,False,DEV-0120
PLOT-007195,9939-E,Emaar Beachfront,283294,Residential,Leasehold,2003-04-11,2020-04-02,418664729,False,DEV-0081
PLOT-007196,8364-D,Dubai Marina,129771,Mixed,Freehold,2007-02-19,2024-06-01,316446819,True,DEV-0111
PLOT-007197,9633-D,Jebel Ali,416165,Industrial,Government,2016-10-01,2018-11-13,462727643,False,DEV-0119
PLOT-007198,4083-E,Al Mizhar,346132,Commercial,Freehold,2019-04-02,2019-04-25,28785082,True,DEV-0146
PLOT-007199,5653-B,Dubai Marina,138031,Residential,Freehold,2021-03-24,2020-12-12,143607031,False,DEV-0072
PLOT-007200,8369-D,Al Barsha,428769,Residential,Freehold,2002-06-25,2019-07-06,428742094,True,DEV-0123
PLOT-007201,2002-A,Al Wasl,182762,Commercial,Freehold,2020-09-24,2022-02-22,319180531,False,DEV-0007
PLOT-007202,9843-D,Sports City,21630,Commercial,Leasehold,2003-01-27,2020-03-30,405579530,True,DEV-0070
PLOT-007203,8006-C,Warqa,236718,Industrial,Government,2016-04-20,2018-07-17,274457972,True,DEV-0129
PLOT-007204,2293-B,Jebel Ali,355451,Industrial,Freehold,2010-10-10,2022-08-19,25111120,False,DEV-0160
PLOT-007205,1984-B,Discovery Gardens,211739,Residential,Leasehold,2021-08-20,2020-08-07,16623499,False,DEV-0084
PLOT-007206,415-C,Al Wasl,402076,Commercial,Freehold,2005-03-26,2017-09-13,191970272,True,DEV-0182
PLOT-007207,7063-C,Al Wasl,60497,Commercial,Freehold,2007-08-05,2020-06-05,282897353,False,DEV-0126
PLOT-007208,3024-C,Muhaisnah,230053,Residential,Leasehold,2007-09-27,2024-10-07,83306421,True,DEV-0126
PLOT-007209,2893-D,Discovery Gardens,83843,Residential,Freehold,2017-12-21,2015-05-21,115813439,False,DEV-0083
PLOT-007210,9995-C,Deira,318397,Green,Freehold,2008-12-10,2015-01-06,414165384,False,DEV-0102
PLOT-007211,5595-B,Deira,429000,Residential,Freehold,2016-10-23,2022-09-12,260937211,False,DEV-0058
PLOT-007212,5777-A,Warqa,385453,Mixed,Freehold,2018-08-06,2016-11-01,345833878,False,DEV-0131
PLOT-007213,7290-C,Dubai Hills Estate,35012,Mixed,Freehold,2002-02-28,2020-02-01,191963265,False,DEV-0086
PLOT-007214,9272-D,Sports City,309005,Residential,Leasehold,2020-03-17,2021-01-04,458351352,False,DEV-0147
PLOT-007215,4479-C,International City,466048,Mixed,Government,2003-04-12,2015-04-22,213701767,True,DEV-0155
PLOT-007216,586-A,Business Bay,11439,Residential,Freehold,2018-01-26,2018-04-21,405673681,False,DEV-0141
PLOT-007217,6368-D,Dubai Investment Park,94882,Residential,Leasehold,2003-01-14,2017-03-21,408166916,False,DEV-0081
PLOT-007218,4230-C,Arabian Ranches,488139,Residential,Freehold,2014-11-23,2021-02-01,58227154,True,DEV-0027
PLOT-007219,7122-D,Al Satwa,135721,Mixed,Freehold,2021-12-12,2018-04-05,70957452,False,DEV-0009
PLOT-007220,9800-C,Discovery Gardens,36897,Mixed,Freehold,2013-02-17,2021-02-14,227146336,True,DEV-0197
PLOT-007221,4292-A,Mirdif,331935,Residential,Freehold,2022-10-06,2016-11-19,445307591,True,DEV-0055
PLOT-007222,9347-B,Dubai Investment Park,188065,Residential,Leasehold,2018-04-03,2015-08-18,441801948,False,DEV-0032
PLOT-007223,628-B,Muhaisnah,436304,Mixed,Leasehold,2020-04-13,2019-06-29,413740209,False,DEV-0192
PLOT-007224,8689-B,Deira,386618,Commercial,Freehold,2002-07-30,2017-12-08,449138668,False,DEV-0102
PLOT-007225,7344-B,DIFC,117789,Residential,Freehold,2002-11-02,2019-09-16,380580873,False,DEV-0048
PLOT-007226,1645-E,Business Bay,183628,Commercial,Freehold,2000-11-18,2018-10-03,305545678,True,DEV-0199
PLOT-007227,8465-D,Town Square,97104,Mixed,Freehold,2011-05-14,2020-10-14,431416515,True,DEV-0066
PLOT-007228,8238-C,Business Bay,228202,Residential,Freehold,2010-09-24,2023-12-17,109021728,True,DEV-0060
PLOT-007229,3183-B,Emaar Beachfront,189989,Residential,Freehold,2018-08-25,2016-03-09,115098873,False,DEV-0042
PLOT-007230,9193-E,Al Twar,360114,Mixed,Leasehold,2021-07-22,2023-09-07,31687933,False,DEV-0123
PLOT-007231,7835-E,Al Quoz,287535,Residential,Leasehold,2021-08-21,2023-04-15,187213363,False,DEV-0131
PLOT-007232,2950-E,Al Karama,173745,Commercial,Freehold,2009-09-25,2019-03-13,271795708,False,DEV-0122
PLOT-007233,215-B,Al Twar,128817,Mixed,Freehold,2017-05-10,2022-05-02,376097785,False,DEV-0053
PLOT-007234,4365-E,Al Quoz,417939,Commercial,Leasehold,2015-11-16,2016-11-03,406457090,False,DEV-0017
PLOT-007235,1885-C,Muhaisnah,473474,Residential,Government,2019-09-23,2015-11-27,423743029,True,DEV-0131
PLOT-007236,7560-D,Dubai Hills Estate,216941,Residential,Freehold,2020-05-17,2024-08-01,103676642,False,DEV-0035
PLOT-007237,9534-B,DIFC,325704,Residential,Leasehold,2003-09-03,2017-07-23,285420286,False,DEV-0190
PLOT-007238,2766-E,Warqa,38662,Residential,Leasehold,2019-11-19,2023-08-06,50334858,True,DEV-0093
PLOT-007239,5322-A,Dubai Marina,262123,Mixed,Leasehold,2010-10-02,2019-12-30,123990199,False,DEV-0182
PLOT-007240,2768-C,Emaar Beachfront,420314,Residential,Leasehold,2001-08-05,2017-04-17,72591704,False,DEV-0093
PLOT-007241,577-E,Al Mizhar,10127,Industrial,Leasehold,2009-08-04,2018-11-03,403095298,False,DEV-0147
PLOT-007242,6114-B,International City,460934,Industrial,Leasehold,2006-03-14,2023-07-29,145249188,False,DEV-0123
PLOT-007243,9383-B,Business Bay,112903,Mixed,Freehold,2017-11-21,2015-07-30,473122653,True,DEV-0159
PLOT-007244,4551-C,Al Qusais,200932,Residential,Freehold,2018-06-05,2023-03-17,46891433,False,DEV-0118
PLOT-007245,8257-B,Jumeirah,87056,Mixed,Leasehold,2002-11-08,2020-02-16,121673939,False,DEV-0036
PLOT-007246,8394-B,Al Satwa,51264,Mixed,Government,2021-04-04,2017-11-16,475109742,True,DEV-0161
PLOT-007247,8794-B,Dubai Land,268582,Residential,Government,2008-12-27,2023-11-16,359437490,True,DEV-0142
PLOT-007248,4005-C,Al Wasl,42412,Mixed,Freehold,2017-08-25,2020-10-21,332967403,True,DEV-0005
PLOT-007249,7057-D,Emaar Beachfront,358191,Green,Freehold,2002-05-20,2018-05-26,420546381,False,DEV-0098
PLOT-007250,3653-C,Al Safa,466822,Residential,Leasehold,2011-09-12,2023-07-24,45165827,True,DEV-0017
PLOT-007251,8112-C,Al Quoz,212270,Residential,Government,2019-10-12,2015-11-04,27933136,True,DEV-0128
PLOT-007252,4759-A,Emaar Beachfront,190892,Mixed,Freehold,2010-10-20,2020-09-11,236886412,True,DEV-0115
PLOT-007253,2618-D,Muhaisnah,318881,Commercial,Freehold,2013-06-24,2015-04-25,432687580,True,DEV-0088
PLOT-007254,6871-D,Jebel Ali,494393,Industrial,Freehold,2019-09-11,2017-10-12,206261856,False,DEV-0115
PLOT-007255,5040-E,Motor City,168417,Residential,Government,2022-08-17,2015-05-04,287626992,False,DEV-0199
PLOT-007256,3190-B,Palm Jumeirah,438928,Residential,Freehold,2003-11-09,2020-05-31,201905605,False,DEV-0186
PLOT-007257,583-E,Dubai South,144083,Residential,Government,2016-09-26,2020-05-30,399350500,False,DEV-0023
PLOT-007258,9504-A,Al Quoz,426309,Residential,Freehold,2011-11-25,2019-09-13,134261069,False,DEV-0041
PLOT-007259,5287-A,Al Qusais,311682,Mixed,Leasehold,2022-01-15,2017-04-29,191456131,False,DEV-0062
PLOT-007260,7185-E,Jebel Ali,222465,Residential,Leasehold,2020-06-08,2024-09-10,292378976,True,DEV-0096
PLOT-007261,2319-D,Muhaisnah,407212,Commercial,Freehold,2009-12-07,2020-04-03,453709244,False,DEV-0139
PLOT-007262,7931-C,Umm Suqeim,135097,Mixed,Freehold,2015-02-19,2020-10-27,381058916,False,DEV-0079
PLOT-007263,3093-C,Jumeirah,235632,Mixed,Leasehold,2017-07-20,2024-10-05,400477399,False,DEV-0075
PLOT-007264,4174-C,JLT,316494,Industrial,Freehold,2007-10-09,2024-10-21,331766812,True,DEV-0003
PLOT-007265,8654-B,Al Karama,138760,Residential,Government,2009-04-11,2022-03-11,14216248,False,DEV-0052
PLOT-007266,5972-D,Al Mizhar,496857,Mixed,Freehold,2023-11-19,2023-02-14,254737888,True,DEV-0197
PLOT-007267,1363-B,Palm Jumeirah,156690,Mixed,Government,2000-06-26,2018-05-27,301079192,True,DEV-0182
PLOT-007268,6266-C,Dubai South,237311,Green,Freehold,2003-01-15,2024-01-23,406527740,False,DEV-0122
PLOT-007269,6393-D,Al Wasl,183538,Mixed,Freehold,2007-12-03,2021-12-05,31099887,False,DEV-0113
PLOT-007270,2487-C,Motor City,497957,Residential,Government,2009-11-30,2019-03-06,94720368,False,DEV-0176
PLOT-007271,7460-D,Palm Jumeirah,66186,Commercial,Freehold,2009-11-15,2017-06-02,481963985,True,DEV-0137
PLOT-007272,8658-D,Dubai Hills Estate,304358,Mixed,Leasehold,2006-07-27,2024-04-17,385470548,False,DEV-0120
PLOT-007273,3066-D,Business Bay,10918,Residential,Freehold,2015-02-11,2016-12-19,107570913,True,DEV-0189
PLOT-007274,4385-B,International City,178559,Commercial,Leasehold,2000-12-02,2023-03-09,161389936,False,DEV-0116
PLOT-007275,8641-E,Warqa,259317,Commercial,Leasehold,2011-10-17,2016-02-07,227494444,True,DEV-0048
PLOT-007276,3377-E,Palm Jumeirah,433545,Residential,Leasehold,2015-04-23,2024-01-08,267245674,False,DEV-0131
PLOT-007277,7769-B,Al Quoz,412518,Residential,Freehold,2000-03-23,2022-12-15,223206573,False,DEV-0130
PLOT-007278,105-D,Dubai Hills Estate,217730,Mixed,Government,2018-09-24,2016-11-26,234877088,True,DEV-0116
PLOT-007279,3672-C,International City,408065,Green,Freehold,2003-11-21,2020-08-30,441307447,False,DEV-0155
PLOT-007280,5167-A,Warqa,143573,Commercial,Freehold,2019-02-02,2022-06-03,379270158,False,DEV-0129
PLOT-007281,9812-E,JVC,268051,Commercial,Freehold,2016-11-14,2018-09-27,263131028,False,DEV-0081
PLOT-007282,7175-E,JVC,148322,Industrial,Leasehold,2022-07-31,2023-09-01,77777666,False,DEV-0125
PLOT-007283,4267-D,Motor City,323384,Residential,Freehold,2011-06-01,2016-10-05,33750471,True,DEV-0174
PLOT-007284,443-C,Downtown Dubai,124079,Commercial,Leasehold,2007-05-08,2022-11-15,186052257,False,DEV-0065
PLOT-007285,2176-C,DIFC,75917,Residential,Freehold,2022-08-06,2019-05-23,173681868,False,DEV-0178
PLOT-007286,2007-A,Al Karama,128943,Residential,Government,2021-06-08,2016-11-29,458775362,False,DEV-0096
PLOT-007287,6680-B,Deira,455767,Residential,Freehold,2013-02-12,2022-06-18,268390046,False,DEV-0132
PLOT-007288,4018-E,Dubai Investment Park,238261,Residential,Freehold,2015-06-27,2018-10-16,441789911,False,DEV-0060
PLOT-007289,7829-C,International City,236423,Residential,Freehold,2011-01-24,2020-08-25,217032734,False,DEV-0114
PLOT-007290,4862-E,Dubai Creek Harbour,101388,Mixed,Freehold,2015-11-28,2015-11-06,224182288,False,DEV-0030
PLOT-007291,2186-D,Dubai Creek Harbour,414209,Residential,Leasehold,2015-08-03,2020-08-29,241721654,False,DEV-0044
PLOT-007292,6417-C,Bur Dubai,341439,Residential,Freehold,2015-12-05,2019-11-21,349396279,True,DEV-0160
PLOT-007293,192-E,Sports City,138571,Industrial,Government,2023-02-24,2022-07-13,259072975,False,DEV-0047
PLOT-007294,3548-B,Al Qusais,26393,Mixed,Leasehold,2014-06-24,2024-01-08,480781794,True,DEV-0037
PLOT-007295,8277-E,Nad Al Sheba,436428,Mixed,Freehold,2008-02-20,2017-11-30,393135058,True,DEV-0035
PLOT-007296,7601-A,Emaar Beachfront,220693,Green,Government,2015-01-07,2020-02-10,261316990,False,DEV-0180
PLOT-007297,885-B,Motor City,233760,Residential,Government,2002-11-22,2018-01-24,64573265,True,DEV-0073
PLOT-007298,788-A,Dubai South,188633,Green,Freehold,2019-07-09,2022-04-03,419724209,False,DEV-0076
PLOT-007299,4170-C,Warqa,76940,Mixed,Leasehold,2023-03-16,2020-06-24,455418417,False,DEV-0139
PLOT-007300,5629-D,Warqa,103497,Residential,Leasehold,2022-05-17,2015-04-27,18834181,False,DEV-0094
PLOT-007301,6871-E,Sports City,116777,Commercial,Leasehold,2008-10-04,2018-07-14,134997021,False,DEV-0140
PLOT-007302,4496-A,Palm Jumeirah,185029,Residential,Government,2022-08-03,2020-10-14,145600424,False,DEV-0106
PLOT-007303,2251-E,Arabian Ranches,291212,Residential,Government,2008-07-10,2016-05-11,398296542,False,DEV-0023
PLOT-007304,1262-E,Al Furjan,167763,Industrial,Freehold,2006-02-08,2024-10-21,335780677,True,DEV-0040
PLOT-007305,5728-D,JLT,222763,Industrial,Government,2018-11-10,2022-06-27,52794784,False,DEV-0056
PLOT-007306,4754-A,Al Twar,60729,Commercial,Freehold,2008-11-26,2019-01-09,343000395,False,DEV-0063
PLOT-007307,9485-D,Al Qusais,182389,Mixed,Freehold,2004-02-26,2021-01-22,498942690,False,DEV-0162
PLOT-007308,1274-A,Dubai Hills Estate,61752,Mixed,Freehold,2021-12-31,2021-12-16,116538796,True,DEV-0184
PLOT-007309,9139-E,Al Qusais,229524,Mixed,Freehold,2002-10-19,2015-04-05,253092526,False,DEV-0147
PLOT-007310,8289-B,Umm Suqeim,383534,Commercial,Government,2003-04-20,2023-03-07,483123050,False,DEV-0147
PLOT-007311,1554-B,Business Bay,377128,Residential,Government,2007-10-21,2022-07-09,411894399,False,DEV-0038
PLOT-007312,5300-A,Warqa,477774,Industrial,Government,2016-09-05,2015-08-20,368989796,True,DEV-0060
PLOT-007313,4967-C,Muhaisnah,6736,Residential,Government,2002-02-16,2024-04-20,483339096,True,DEV-0021
PLOT-007314,3812-E,Downtown Dubai,412298,Industrial,Government,2011-07-15,2019-01-27,204108828,False,DEV-0058
PLOT-007315,3705-A,Al Satwa,258167,Residential,Government,2022-05-18,2018-05-14,103386648,False,DEV-0069
PLOT-007316,9634-D,Town Square,94982,Residential,Leasehold,2017-09-03,2015-06-30,70676270,False,DEV-0096
PLOT-007317,4398-D,Bur Dubai,14064,Green,Freehold,2009-08-11,2023-05-21,190718498,False,DEV-0110
PLOT-007318,4336-C,International City,46280,Mixed,Freehold,2012-11-16,2023-08-31,106595316,True,DEV-0128
PLOT-007319,3799-C,Al Quoz,476885,Residential,Freehold,2015-10-04,2018-03-18,267725777,True,DEV-0148
PLOT-007320,4156-B,Al Barsha,461243,Green,Freehold,2009-05-19,2016-03-16,315902537,False,DEV-0175
PLOT-007321,9914-C,Al Qusais,394554,Residential,Freehold,2017-09-07,2018-08-26,356591316,False,DEV-0169
PLOT-007322,7810-B,Al Twar,115196,Mixed,Freehold,2005-01-31,2024-04-18,183340421,True,DEV-0106
PLOT-007323,6705-A,Dubai Creek Harbour,223671,Residential,Freehold,2021-08-02,2021-08-20,212559597,True,DEV-0086
PLOT-007324,4875-E,Al Quoz,79971,Residential,Freehold,2012-01-21,2015-06-28,236828126,True,DEV-0147
PLOT-007325,4559-A,Sports City,274653,Residential,Leasehold,2012-11-10,2016-07-23,22524449,True,DEV-0177
PLOT-007326,9470-A,Al Safa,36469,Mixed,Freehold,2013-09-22,2021-09-22,220295245,True,DEV-0016
PLOT-007327,3633-E,Motor City,314453,Residential,Government,2003-09-25,2024-01-08,240479061,True,DEV-0092
PLOT-007328,5235-B,Umm Suqeim,230507,Commercial,Freehold,2010-09-16,2020-03-08,239718419,False,DEV-0086
PLOT-007329,9021-E,Warqa,366486,Commercial,Freehold,2015-09-03,2020-02-23,395064841,True,DEV-0081
PLOT-007330,8797-E,Dubai Land,332119,Mixed,Freehold,2010-07-30,2020-01-17,142796733,False,DEV-0179
PLOT-007331,5725-A,Deira,350677,Commercial,Government,2013-10-25,2021-12-29,153636368,False,DEV-0169
PLOT-007332,9588-C,Town Square,101396,Industrial,Freehold,2009-06-22,2022-12-23,381629851,True,DEV-0190
PLOT-007333,732-A,Sports City,405442,Residential,Leasehold,2006-07-23,2015-05-05,81240852,False,DEV-0002
PLOT-007334,1168-B,DIFC,221784,Mixed,Freehold,2000-03-02,2022-02-13,232459483,True,DEV-0069
PLOT-007335,4032-A,DIFC,181736,Residential,Government,2020-10-15,2017-09-20,449946726,True,DEV-0001
PLOT-007336,2377-E,Bur Dubai,425563,Commercial,Government,2009-09-05,2023-02-27,408043844,True,DEV-0104
PLOT-007337,5255-C,Muhaisnah,112101,Residential,Freehold,2004-04-28,2017-10-13,48984958,False,DEV-0019
PLOT-007338,9204-D,Sports City,413587,Mixed,Government,2007-05-11,2018-10-28,372003241,False,DEV-0199
PLOT-007339,4311-B,Al Safa,348634,Mixed,Leasehold,2008-10-25,2017-09-07,77296854,False,DEV-0158
PLOT-007340,6503-D,Dubai Land,364617,Commercial,Freehold,2015-04-26,2020-01-25,156407900,False,DEV-0010
PLOT-007341,3679-A,Dubai Hills Estate,79258,Residential,Leasehold,2012-02-28,2019-03-22,2936938,False,DEV-0019
PLOT-007342,2514-D,Al Wasl,183838,Residential,Leasehold,2007-02-07,2023-08-15,310467403,False,DEV-0066
PLOT-007343,6254-A,Dubai Marina,175824,Residential,Freehold,2004-10-24,2022-03-08,94573066,True,DEV-0156
PLOT-007344,7785-C,Town Square,249865,Commercial,Freehold,2014-05-20,2020-03-25,282757664,True,DEV-0072
PLOT-007345,8933-C,International City,388132,Green,Government,2018-05-11,2022-09-01,235634589,True,DEV-0036
PLOT-007346,1948-B,Warqa,370111,Residential,Freehold,2000-09-26,2021-02-02,80753015,True,DEV-0052
PLOT-007347,7567-B,Al Satwa,465370,Mixed,Freehold,2006-05-03,2015-08-11,488984068,False,DEV-0108
PLOT-007348,691-C,Sports City,331047,Residential,Freehold,2001-03-31,2018-12-18,475970434,False,DEV-0082
PLOT-007349,7479-E,Al Barsha,465701,Mixed,Leasehold,2003-12-15,2022-10-05,413107207,False,DEV-0062
PLOT-007350,8910-B,JVC,87464,Residential,Government,2016-01-18,2023-03-15,207586643,True,DEV-0171
PLOT-007351,904-B,JVC,277167,Green,Leasehold,2021-09-23,2015-10-26,125480576,False,DEV-0118
PLOT-007352,3457-C,Al Barsha,323792,Mixed,Freehold,2012-05-13,2015-09-07,127615162,True,DEV-0028
PLOT-007353,5766-C,Al Safa,295603,Residential,Leasehold,2001-05-22,2017-05-09,458970926,False,DEV-0023
PLOT-007354,9729-A,Sports City,123225,Commercial,Leasehold,2022-08-03,2023-12-16,53850936,False,DEV-0178
PLOT-007355,2187-E,Downtown Dubai,380346,Residential,Freehold,2003-04-01,2015-03-14,272486710,False,DEV-0037
PLOT-007356,6538-C,Al Quoz,413489,Mixed,Freehold,2015-08-30,2017-12-17,464242207,True,DEV-0058
PLOT-007357,6826-A,Dubailand,342644,Commercial,Freehold,2023-05-23,2022-12-27,291501207,False,DEV-0185
PLOT-007358,7563-A,Al Wasl,44527,Mixed,Government,2003-07-29,2022-09-29,119551055,False,DEV-0175
PLOT-007359,5225-B,Al Mizhar,306537,Industrial,Freehold,2017-11-16,2020-03-19,214862348,False,DEV-0142
PLOT-007360,2415-C,Motor City,322739,Mixed,Government,2005-02-07,2024-08-06,420701880,False,DEV-0080
PLOT-007361,4024-D,Al Wasl,219844,Commercial,Leasehold,2022-10-27,2024-04-17,169141129,True,DEV-0183
PLOT-007362,5446-B,Al Quoz,386886,Commercial,Freehold,2011-11-30,2018-09-09,92641872,False,DEV-0145
PLOT-007363,9394-D,Dubai Hills Estate,460885,Commercial,Freehold,2019-10-23,2022-07-24,353134673,False,DEV-0162
PLOT-007364,5614-D,JLT,265516,Commercial,Government,2007-07-12,2022-01-21,347904574,False,DEV-0059
PLOT-007365,3876-B,Arabian Ranches,412690,Commercial,Government,2018-06-02,2016-05-02,121691860,True,DEV-0021
PLOT-007366,4022-B,Dubai Creek Harbour,34102,Residential,Freehold,2011-02-12,2018-05-04,94105254,False,DEV-0025
PLOT-007367,5534-C,International City,98687,Commercial,Leasehold,2014-04-22,2016-05-25,339455622,False,DEV-0191
PLOT-007368,4607-E,Dubai South,445970,Residential,Leasehold,2022-04-06,2021-01-26,381383443,True,DEV-0144
PLOT-007369,871-A,Deira,178484,Mixed,Leasehold,2003-05-12,2018-05-08,32225320,True,DEV-0162
PLOT-007370,2595-B,Dubailand,180123,Residential,Freehold,2020-11-19,2017-03-24,395744653,False,DEV-0112
PLOT-007371,9161-A,Dubai Land,105920,Residential,Freehold,2018-08-17,2016-08-28,145274267,False,DEV-0114
PLOT-007372,3362-C,Dubai Marina,426710,Residential,Leasehold,2006-06-26,2016-01-16,116708820,True,DEV-0004
PLOT-007373,3671-E,JLT,455718,Commercial,Freehold,2017-03-02,2018-02-09,341596895,True,DEV-0144
PLOT-007374,5550-A,Dubai Hills Estate,404823,Commercial,Government,2001-02-11,2019-03-03,53538558,False,DEV-0089
PLOT-007375,9951-E,Al Mizhar,103056,Residential,Freehold,2022-02-19,2016-06-12,477911842,True,DEV-0110
PLOT-007376,2454-A,JLT,25606,Residential,Freehold,2020-09-01,2017-06-28,216506286,False,DEV-0034
PLOT-007377,7716-B,Bur Dubai,301915,Residential,Leasehold,2005-07-03,2016-04-04,431995224,True,DEV-0018
PLOT-007378,3568-B,Al Safa,305936,Residential,Freehold,2015-01-08,2023-05-22,475669936,False,DEV-0036
PLOT-007379,3623-C,JVC,456436,Mixed,Freehold,2017-03-13,2015-08-18,15285087,False,DEV-0146
PLOT-007380,7173-A,Dubai Marina,140134,Residential,Leasehold,2020-02-25,2022-08-21,326266023,False,DEV-0149
PLOT-007381,2585-C,Dubai Creek Harbour,81759,Mixed,Leasehold,2016-12-18,2015-10-16,43357778,False,DEV-0152
PLOT-007382,5765-E,Al Karama,66026,Commercial,Leasehold,2000-02-02,2021-12-08,259267696,True,DEV-0192
PLOT-007383,7023-C,Warqa,229488,Commercial,Leasehold,2001-11-09,2024-11-25,387944019,True,DEV-0034
PLOT-007384,6345-B,Emaar Beachfront,302028,Residential,Freehold,2017-08-08,2022-03-15,221394250,False,DEV-0120
PLOT-007385,4587-C,JVC,337445,Residential,Leasehold,2012-07-24,2018-01-10,314889261,False,DEV-0145
PLOT-007386,5029-E,Dubai Hills Estate,311536,Industrial,Freehold,2020-05-05,2016-02-23,435521779,False,DEV-0053
PLOT-007387,9647-A,Discovery Gardens,32927,Commercial,Leasehold,2003-09-30,2020-10-05,144982962,True,DEV-0061
PLOT-007388,6108-B,Al Twar,331265,Residential,Government,2011-07-10,2015-05-02,403369158,False,DEV-0144
PLOT-007389,652-D,Town Square,273453,Green,Government,2010-08-23,2024-10-01,449967002,True,DEV-0031
PLOT-007390,7344-C,Dubai Marina,183536,Commercial,Freehold,2000-06-08,2021-01-01,303076673,False,DEV-0049
PLOT-007391,991-C,Dubai Marina,98884,Mixed,Freehold,2001-08-25,2017-02-23,324243635,False,DEV-0002
PLOT-007392,8706-C,Bur Dubai,387984,Commercial,Freehold,2001-03-29,2016-07-08,234899301,False,DEV-0082
PLOT-007393,23-C,Ras Al Khor,373444,Residential,Leasehold,2010-04-21,2023-05-28,24303036,False,DEV-0055
PLOT-007394,2983-B,Downtown Dubai,405483,Commercial,Government,2022-06-22,2022-07-10,305312802,False,DEV-0165
PLOT-007395,4717-E,Al Furjan,242708,Industrial,Freehold,2005-04-21,2024-03-29,346117474,False,DEV-0193
PLOT-007396,8923-D,Arabian Ranches,436210,Residential,Freehold,2016-01-22,2020-02-18,136036020,False,DEV-0087
PLOT-007397,2645-E,Al Safa,185332,Residential,Leasehold,2011-03-12,2022-08-05,105514606,False,DEV-0042
PLOT-007398,6438-D,Dubai South,55500,Mixed,Freehold,2016-12-07,2021-03-20,61988621,False,DEV-0132
PLOT-007399,7109-D,Dubai South,77047,Industrial,Leasehold,2007-04-26,2017-02-05,357154996,False,DEV-0081
PLOT-007400,6595-C,Dubai Hills Estate,54775,Residential,Government,2019-04-15,2015-07-14,476459587,True,DEV-0142
PLOT-007401,8532-E,JVC,212769,Commercial,Leasehold,2011-06-10,2019-12-18,421819389,False,DEV-0165
PLOT-007402,2159-D,Mirdif,440831,Residential,Government,2012-02-22,2017-08-15,426079585,False,DEV-0038
PLOT-007403,4775-C,Al Twar,395875,Mixed,Freehold,2001-12-02,2024-12-21,60571237,True,DEV-0107
PLOT-007404,3427-C,JLT,13036,Industrial,Government,2009-06-26,2022-01-21,174938093,False,DEV-0076
PLOT-007405,1560-A,Al Furjan,13926,Industrial,Leasehold,2014-07-13,2023-04-09,261230247,False,DEV-0196
PLOT-007406,8936-C,Downtown Dubai,138868,Mixed,Leasehold,2013-06-13,2020-07-15,293712875,True,DEV-0029
PLOT-007407,8800-B,Deira,220911,Mixed,Leasehold,2002-01-26,2021-06-11,359490824,False,DEV-0027
PLOT-007408,434-A,Discovery Gardens,225212,Mixed,Freehold,2000-12-29,2021-09-21,163195293,False,DEV-0026
PLOT-007409,8159-C,Ras Al Khor,469324,Residential,Freehold,2015-04-03,2024-06-22,169339080,False,DEV-0128
PLOT-007410,3998-B,Al Wasl,208417,Residential,Leasehold,2011-04-07,2018-06-21,294359864,False,DEV-0136
PLOT-007411,8097-C,Dubai Marina,45675,Commercial,Freehold,2018-10-27,2021-03-05,281802851,True,DEV-0190
PLOT-007412,768-A,Discovery Gardens,357774,Commercial,Freehold,2015-10-30,2020-08-08,468650440,True,DEV-0045
PLOT-007413,1440-B,Dubai Land,268090,Commercial,Freehold,2008-02-25,2017-07-04,398361102,False,DEV-0110
PLOT-007414,1756-E,Dubai South,329437,Mixed,Leasehold,2007-10-02,2015-10-04,26978159,True,DEV-0086
PLOT-007415,5440-B,Nad Al Sheba,325143,Commercial,Freehold,2020-02-14,2024-11-02,339576882,False,DEV-0100
PLOT-007416,4460-C,Al Mizhar,307982,Residential,Freehold,2016-07-06,2018-11-27,141377137,False,DEV-0196
PLOT-007417,8330-C,Al Mizhar,397283,Residential,Freehold,2022-11-19,2021-08-30,342650868,True,DEV-0105
PLOT-007418,7910-C,Al Satwa,451927,Residential,Freehold,2014-03-13,2015-11-17,410428893,False,DEV-0090
PLOT-007419,5813-E,Dubai Marina,39393,Residential,Leasehold,2018-08-27,2020-09-13,28912821,False,DEV-0159
PLOT-007420,5796-D,Mirdif,329843,Residential,Leasehold,2016-09-08,2019-08-22,355706192,False,DEV-0020
PLOT-007421,137-D,Deira,421279,Industrial,Leasehold,2023-04-26,2016-08-03,170539221,True,DEV-0166
PLOT-007422,9054-E,Town Square,465268,Residential,Leasehold,2011-02-08,2024-06-24,74775388,False,DEV-0157
PLOT-007423,7365-B,Jumeirah,226368,Residential,Leasehold,2019-07-18,2016-10-29,77388201,True,DEV-0026
PLOT-007424,1344-A,Al Karama,411768,Residential,Leasehold,2014-10-12,2017-01-14,399393287,False,DEV-0099
PLOT-007425,223-B,Bur Dubai,340897,Residential,Freehold,2013-11-19,2015-03-15,78475981,True,DEV-0010
PLOT-007426,9273-B,Dubai Land,181378,Residential,Leasehold,2000-01-16,2024-04-24,334370900,True,DEV-0189
PLOT-007427,3356-B,Palm Jumeirah,461351,Residential,Freehold,2002-02-16,2022-08-03,53051870,False,DEV-0194
PLOT-007428,9073-B,Al Barsha,152564,Mixed,Freehold,2022-10-08,2017-09-01,74954814,False,DEV-0111
PLOT-007429,2152-E,Motor City,341809,Commercial,Freehold,2022-01-18,2023-06-01,351431239,False,DEV-0195
PLOT-007430,2761-A,Ras Al Khor,350750,Mixed,Leasehold,2006-06-29,2017-01-27,498327814,False,DEV-0052
PLOT-007431,4078-E,Jumeirah,286044,Residential,Leasehold,2002-10-24,2015-04-29,435640001,True,DEV-0083
PLOT-007432,5540-A,Al Qusais,77924,Residential,Leasehold,2021-07-18,2019-02-15,472944079,True,DEV-0078
PLOT-007433,3144-C,Al Safa,456064,Residential,Leasehold,2012-01-04,2018-01-01,99202972,False,DEV-0133
PLOT-007434,3775-A,Al Twar,270958,Residential,Freehold,2008-09-15,2017-01-17,244730553,True,DEV-0166
PLOT-007435,948-E,Ras Al Khor,414725,Industrial,Leasehold,2017-12-05,2018-03-02,79429561,False,DEV-0052
PLOT-007436,9542-D,Ras Al Khor,346498,Residential,Government,2017-04-30,2018-11-21,373036475,False,DEV-0154
PLOT-007437,4339-A,Jumeirah,234450,Mixed,Freehold,2011-05-28,2015-05-08,9054312,False,DEV-0165
PLOT-007438,2984-E,Al Barsha,219568,Residential,Freehold,2004-06-12,2020-10-12,134165615,False,DEV-0120
PLOT-007439,6112-A,DIFC,234233,Commercial,Freehold,2000-01-18,2023-11-29,410385284,False,DEV-0027
PLOT-007440,6990-B,Deira,163386,Mixed,Leasehold,2014-01-18,2020-09-30,133796306,True,DEV-0102
PLOT-007441,7815-B,Al Quoz,339249,Residential,Government,2001-04-20,2024-10-18,219739522,False,DEV-0199
PLOT-007442,8088-B,Dubai South,473056,Green,Freehold,2022-02-28,2016-12-31,338017340,False,DEV-0189
PLOT-007443,3074-C,Al Furjan,337146,Residential,Leasehold,2012-10-05,2016-03-23,395282347,False,DEV-0011
PLOT-007444,8663-B,Sports City,358842,Residential,Freehold,2016-03-27,2023-11-24,62184355,False,DEV-0129
PLOT-007445,4859-E,JVC,431654,Mixed,Leasehold,2014-10-03,2019-11-23,186714881,False,DEV-0040
PLOT-007446,7806-C,Motor City,199653,Residential,Freehold,2017-08-31,2024-03-12,78978904,False,DEV-0032
PLOT-007447,5927-A,Al Qusais,94590,Industrial,Leasehold,2023-11-26,2016-08-05,194464708,False,DEV-0132
PLOT-007448,2986-A,Sports City,491172,Residential,Leasehold,2017-03-10,2015-12-08,402505300,False,DEV-0069
PLOT-007449,9103-C,Business Bay,74426,Commercial,Freehold,2017-04-10,2015-04-23,372121123,False,DEV-0020
PLOT-007450,6696-B,Arabian Ranches,340171,Industrial,Freehold,2002-10-18,2020-08-16,98252816,False,DEV-0139
PLOT-007451,5651-D,Dubai Investment Park,46371,Residential,Leasehold,2023-11-11,2021-11-07,242406373,False,DEV-0179
PLOT-007452,2682-B,Business Bay,201323,Industrial,Leasehold,2000-03-25,2016-10-05,137128595,True,DEV-0010
PLOT-007453,3482-B,Sports City,160320,Industrial,Government,2019-04-06,2019-11-23,88283696,False,DEV-0184
PLOT-007454,3807-D,Nad Al Sheba,240974,Residential,Leasehold,2013-06-29,2021-11-24,172680877,False,DEV-0111
PLOT-007455,9988-A,Al Safa,182567,Mixed,Freehold,2015-11-21,2017-01-30,415487794,False,DEV-0080
PLOT-007456,6963-C,International City,14124,Commercial,Freehold,2010-03-18,2021-02-25,397296591,False,DEV-0015
PLOT-007457,7694-B,Al Wasl,37551,Residential,Freehold,2020-12-07,2016-08-17,494680505,True,DEV-0184
PLOT-007458,885-A,Dubai Land,290744,Mixed,Leasehold,2004-08-04,2019-11-23,428795882,False,DEV-0072
PLOT-007459,9230-D,Muhaisnah,88053,Residential,Freehold,2018-11-14,2021-02-10,139197818,True,DEV-0062
PLOT-007460,4838-A,Al Mizhar,168753,Residential,Freehold,2009-08-01,2016-06-20,283824787,True,DEV-0062
PLOT-007461,9428-E,Dubai Investment Park,348616,Commercial,Leasehold,2003-07-25,2023-01-10,344638021,False,DEV-0005
PLOT-007462,1353-A,Dubai Investment Park,415357,Residential,Leasehold,2004-11-27,2016-11-06,410111520,False,DEV-0012
PLOT-007463,1987-C,Umm Suqeim,61237,Commercial,Freehold,2008-04-20,2018-01-15,49644171,True,DEV-0148
PLOT-007464,3786-D,Dubai Hills Estate,216850,Mixed,Leasehold,2017-12-02,2022-04-14,61020433,False,DEV-0199
PLOT-007465,6374-B,Town Square,159272,Mixed,Government,2021-03-21,2024-02-06,199221157,False,DEV-0079
PLOT-007466,5775-E,Muhaisnah,473494,Commercial,Government,2010-05-30,2021-07-17,164471991,True,DEV-0175
PLOT-007467,895-D,JVC,465306,Residential,Freehold,2017-07-29,2024-12-16,119973956,True,DEV-0094
PLOT-007468,606-A,Warqa,403732,Commercial,Leasehold,2011-04-26,2020-11-18,269203952,False,DEV-0188
PLOT-007469,1540-D,Ras Al Khor,202831,Mixed,Government,2012-04-25,2017-08-02,260821206,False,DEV-0157
PLOT-007470,7522-D,Al Quoz,28344,Industrial,Leasehold,2004-10-10,2021-10-19,243379408,False,DEV-0060
PLOT-007471,4396-C,Al Safa,193081,Residential,Leasehold,2010-05-03,2015-03-12,79714017,False,DEV-0069
PLOT-007472,884-E,Umm Suqeim,343811,Mixed,Leasehold,2007-01-04,2019-06-25,479314010,False,DEV-0036
PLOT-007473,3673-D,DIFC,177921,Mixed,Freehold,2004-06-06,2021-10-26,409095363,False,DEV-0188
PLOT-007474,4171-E,Palm Jumeirah,422057,Green,Freehold,2000-11-26,2017-12-04,142037184,False,DEV-0033
PLOT-007475,695-A,Muhaisnah,335207,Mixed,Freehold,2005-10-10,2018-09-06,485352909,True,DEV-0059
PLOT-007476,8151-D,Motor City,226207,Mixed,Leasehold,2009-11-08,2023-03-13,61937438,True,DEV-0079
PLOT-007477,3060-D,Jumeirah,164986,Commercial,Freehold,2004-12-24,2021-01-24,397834707,False,DEV-0108
PLOT-007478,2631-B,Al Mizhar,449229,Industrial,Government,2022-05-21,2023-09-23,452707377,False,DEV-0035
PLOT-007479,3994-E,Business Bay,392881,Commercial,Freehold,2000-06-17,2016-11-03,38452418,True,DEV-0048
PLOT-007480,4050-A,Umm Suqeim,97667,Commercial,Freehold,2004-11-28,2024-06-05,240948796,True,DEV-0052
PLOT-007481,9165-C,Jumeirah,34188,Residential,Freehold,2014-10-07,2019-10-03,47711402,True,DEV-0151
PLOT-007482,5694-C,Muhaisnah,65277,Residential,Government,2015-02-09,2024-10-11,23325910,False,DEV-0122
PLOT-007483,2780-C,Umm Suqeim,28037,Mixed,Freehold,2016-05-27,2019-07-31,332775567,True,DEV-0166
PLOT-007484,7945-E,Al Mizhar,109841,Industrial,Leasehold,2000-11-21,2021-04-08,283933359,False,DEV-0008
PLOT-007485,8875-C,Al Twar,214641,Commercial,Leasehold,2002-07-02,2015-10-13,331379934,True,DEV-0061
PLOT-007486,4843-A,Dubailand,352936,Commercial,Government,2022-03-21,2016-03-14,196803589,False,DEV-0028
PLOT-007487,8724-A,Jebel Ali,146572,Commercial,Freehold,2012-12-25,2023-10-16,346033794,False,DEV-0190
PLOT-007488,697-D,Town Square,461392,Industrial,Freehold,2008-12-20,2016-07-29,395962686,False,DEV-0160
PLOT-007489,86-B,Dubailand,194148,Green,Leasehold,2014-03-20,2016-06-27,270323857,False,DEV-0140
PLOT-007490,776-B,Al Satwa,282323,Residential,Leasehold,2017-07-10,2020-12-06,218204054,False,DEV-0129
PLOT-007491,1118-C,Jumeirah,273243,Residential,Freehold,2015-05-11,2024-01-11,211316286,True,DEV-0060
PLOT-007492,6167-D,Emaar Beachfront,362279,Mixed,Freehold,2019-04-06,2022-11-25,39217892,False,DEV-0188
PLOT-007493,1436-E,Palm Jumeirah,240641,Commercial,Leasehold,2014-03-04,2023-07-04,368858909,True,DEV-0126
PLOT-007494,1024-B,Al Furjan,210317,Mixed,Freehold,2011-05-16,2022-07-31,153492605,True,DEV-0042
PLOT-007495,7245-B,Al Karama,422673,Residential,Freehold,2017-09-15,2023-06-22,363832190,True,DEV-0092
PLOT-007496,4627-D,Business Bay,131359,Commercial,Leasehold,2009-12-13,2023-06-17,312372227,False,DEV-0069
PLOT-007497,4990-D,Al Satwa,427436,Residential,Freehold,2014-10-31,2015-01-13,28720812,True,DEV-0068
PLOT-007498,3117-D,Dubai Hills Estate,214976,Commercial,Leasehold,2011-02-11,2019-11-07,251669914,True,DEV-0090
PLOT-007499,859-A,Jumeirah,368259,Industrial,Freehold,2006-12-23,2021-09-30,348354386,False,DEV-0186
PLOT-007500,4400-B,Dubai Marina,142190,Industrial,Leasehold,2018-05-20,2018-06-28,448606797,True,DEV-0109
PLOT-007501,3584-A,Bur Dubai,16833,Residential,Government,2005-07-26,2016-07-02,328127831,True,DEV-0103
PLOT-007502,9336-A,Al Barsha,202620,Residential,Freehold,2002-11-25,2022-08-19,288282118,True,DEV-0175
PLOT-007503,8514-B,Al Quoz,140549,Commercial,Freehold,2007-03-09,2024-03-25,421259365,False,DEV-0146
PLOT-007504,9688-A,Al Mizhar,274288,Residential,Leasehold,2000-02-09,2015-01-26,193138646,False,DEV-0042
PLOT-007505,1590-D,Al Wasl,176887,Residential,Leasehold,2003-09-21,2024-08-22,273661211,True,DEV-0049
PLOT-007506,9626-E,Dubai Land,439834,Mixed,Leasehold,2008-11-06,2018-04-25,3698813,True,DEV-0048
PLOT-007507,8764-E,Muhaisnah,277007,Commercial,Leasehold,2011-08-01,2017-10-24,221736547,False,DEV-0043
PLOT-007508,323-D,Warqa,425122,Industrial,Freehold,2009-05-21,2016-01-30,267376902,False,DEV-0065
PLOT-007509,2593-A,Al Safa,428950,Commercial,Freehold,2008-01-27,2017-05-29,192002545,False,DEV-0182
PLOT-007510,6432-B,Discovery Gardens,313613,Residential,Leasehold,2018-03-19,2020-10-14,377152144,True,DEV-0048
PLOT-007511,1203-D,Emaar Beachfront,438988,Residential,Leasehold,2002-07-27,2019-02-20,241279993,False,DEV-0154
PLOT-007512,5645-B,Jebel Ali,21174,Commercial,Freehold,2017-03-12,2020-02-06,333742542,True,DEV-0098
PLOT-007513,903-B,Palm Jumeirah,474154,Residential,Leasehold,2021-09-13,2016-06-19,369525160,True,DEV-0197
PLOT-007514,3382-D,Jebel Ali,199580,Commercial,Freehold,2006-07-10,2022-09-23,123626099,True,DEV-0137
PLOT-007515,6549-A,Al Karama,158634,Mixed,Leasehold,2015-09-21,2024-01-14,391983348,False,DEV-0148
PLOT-007516,9134-C,Al Barsha,349080,Residential,Government,2017-12-19,2016-11-30,300684828,True,DEV-0085
PLOT-007517,9078-A,Dubai Hills Estate,241002,Residential,Freehold,2012-11-23,2019-07-06,351867296,True,DEV-0108
PLOT-007518,551-E,Dubailand,269499,Residential,Leasehold,2015-03-18,2020-09-04,456820508,False,DEV-0104
PLOT-007519,8797-D,Dubai Hills Estate,169582,Residential,Government,2000-05-21,2021-08-09,337616880,False,DEV-0193
PLOT-007520,8134-E,Downtown Dubai,372704,Commercial,Freehold,2021-10-25,2024-06-26,296398648,True,DEV-0045
PLOT-007521,1918-C,Ras Al Khor,352831,Green,Leasehold,2005-10-15,2015-12-26,93169968,False,DEV-0091
PLOT-007522,3621-A,Al Satwa,113630,Residential,Freehold,2021-04-24,2015-11-12,496372226,False,DEV-0165
PLOT-007523,1359-E,DIFC,201077,Green,Leasehold,2017-03-15,2018-12-15,357271445,True,DEV-0153
PLOT-007524,3398-C,Downtown Dubai,220347,Mixed,Leasehold,2004-03-01,2023-06-02,293793110,False,DEV-0141
PLOT-007525,9880-C,Umm Suqeim,74789,Commercial,Leasehold,2014-06-08,2023-12-01,372569462,False,DEV-0005
PLOT-007526,9235-A,Jumeirah,109032,Green,Leasehold,2013-02-11,2023-05-21,425249933,False,DEV-0173
PLOT-007527,41-E,Jumeirah,165956,Residential,Freehold,2008-02-14,2022-12-21,315890225,True,DEV-0177
PLOT-007528,5627-E,Al Satwa,12263,Residential,Government,2019-04-26,2024-11-15,185553378,True,DEV-0023
PLOT-007529,3287-B,Al Qusais,307139,Industrial,Leasehold,2002-05-04,2018-10-16,271695128,False,DEV-0194
PLOT-007530,7079-D,Ras Al Khor,86023,Residential,Freehold,2020-03-29,2023-10-02,453550011,False,DEV-0127
PLOT-007531,1944-B,Ras Al Khor,207631,Residential,Freehold,2014-10-17,2023-12-08,451654204,False,DEV-0135
PLOT-007532,2326-B,Sports City,340171,Green,Government,2001-08-02,2021-07-22,64670423,False,DEV-0185
PLOT-007533,2137-C,Dubai South,372229,Mixed,Freehold,2023-02-26,2019-12-26,11124305,False,DEV-0077
PLOT-007534,3424-D,Business Bay,218684,Residential,Leasehold,2004-06-19,2022-01-22,88515355,False,DEV-0049
PLOT-007535,7282-B,Al Safa,237644,Commercial,Freehold,2022-08-10,2015-01-08,263376978,True,DEV-0130
PLOT-007536,8950-E,Deira,253011,Residential,Freehold,2023-09-22,2023-11-17,125138602,False,DEV-0047
PLOT-007537,7479-A,Muhaisnah,284024,Green,Freehold,2012-04-28,2023-04-08,33997137,True,DEV-0044
PLOT-007538,9292-B,Emaar Beachfront,324528,Residential,Freehold,2021-02-14,2018-04-30,460712914,False,DEV-0080
PLOT-007539,6258-C,Muhaisnah,103279,Mixed,Government,2013-02-21,2020-11-17,363006855,False,DEV-0114
PLOT-007540,4777-C,Mirdif,288357,Residential,Leasehold,2000-02-15,2020-03-20,86819510,False,DEV-0134
PLOT-007541,9303-A,Al Karama,365299,Residential,Freehold,2004-01-12,2021-11-25,150635414,False,DEV-0083
PLOT-007542,4574-A,Al Satwa,314281,Residential,Leasehold,2011-10-25,2021-09-28,408643673,False,DEV-0185
PLOT-007543,3528-A,Dubai South,129686,Residential,Government,2002-01-22,2021-02-25,307216567,True,DEV-0187
PLOT-007544,4009-C,Al Satwa,467980,Residential,Freehold,2017-11-23,2018-10-09,425057278,True,DEV-0063
PLOT-007545,1371-C,Al Qusais,383727,Residential,Leasehold,2013-03-16,2017-05-25,204266723,False,DEV-0115
PLOT-007546,6060-E,Jumeirah,315310,Commercial,Freehold,2010-10-11,2021-12-31,498636261,True,DEV-0181
PLOT-007547,9711-A,Sports City,317238,Commercial,Freehold,2004-01-02,2020-09-15,318669366,False,DEV-0029
PLOT-007548,3050-E,Al Karama,128945,Residential,Freehold,2012-02-26,2020-08-21,33507318,False,DEV-0058
PLOT-007549,3870-C,Muhaisnah,308136,Commercial,Leasehold,2016-05-22,2021-10-22,387041638,True,DEV-0016
PLOT-007550,2643-D,Sports City,139323,Mixed,Freehold,2001-02-20,2015-10-19,73012916,True,DEV-0116
PLOT-007551,8659-D,Dubailand,345279,Residential,Government,2014-01-16,2024-09-30,29251426,True,DEV-0181
PLOT-007552,9463-B,Palm Jumeirah,118116,Mixed,Leasehold,2015-03-20,2021-05-28,53985189,False,DEV-0153
PLOT-007553,2563-C,Business Bay,187843,Mixed,Leasehold,2008-10-18,2020-12-31,134886876,False,DEV-0161
PLOT-007554,2841-D,Dubai South,243540,Commercial,Freehold,2010-09-08,2016-09-25,306259679,False,DEV-0146
PLOT-007555,2120-A,JLT,328633,Residential,Government,2005-04-07,2018-11-30,108097413,True,DEV-0020
PLOT-007556,6631-C,Al Quoz,158156,Industrial,Freehold,2018-04-24,2018-07-23,122778695,True,DEV-0056
PLOT-007557,6281-E,Al Wasl,313449,Residential,Leasehold,2013-07-11,2024-06-02,19519380,False,DEV-0164
PLOT-007558,8286-D,Emaar Beachfront,174432,Residential,Freehold,2006-11-15,2020-05-03,308534046,True,DEV-0159
PLOT-007559,3652-A,Mirdif,196185,Mixed,Leasehold,2002-05-27,2020-02-01,193431500,False,DEV-0101
PLOT-007560,9159-B,Jebel Ali,327878,Commercial,Leasehold,2014-09-29,2024-05-05,93787677,False,DEV-0156
PLOT-007561,2941-D,Arabian Ranches,300662,Commercial,Freehold,2022-11-14,2022-07-30,317675844,False,DEV-0075
PLOT-007562,9820-E,DIFC,450935,Residential,Government,2023-02-13,2015-09-19,126999956,True,DEV-0164
PLOT-007563,3577-B,Town Square,192314,Residential,Freehold,2012-11-06,2021-07-26,195896125,False,DEV-0010
PLOT-007564,9572-C,Al Safa,251547,Mixed,Freehold,2013-05-10,2017-08-10,285826503,True,DEV-0013
PLOT-007565,6886-A,Al Quoz,87909,Mixed,Freehold,2016-12-25,2016-11-06,108196022,False,DEV-0088
PLOT-007566,4115-C,Al Satwa,462307,Industrial,Leasehold,2004-10-24,2015-05-17,400938371,False,DEV-0001
PLOT-007567,5494-A,Mirdif,317161,Commercial,Freehold,2018-04-09,2020-12-19,217709425,True,DEV-0064
PLOT-007568,4907-D,Sports City,274473,Mixed,Leasehold,2008-11-24,2016-06-25,236134752,False,DEV-0016
PLOT-007569,965-C,DIFC,253396,Residential,Freehold,2020-02-26,2015-07-06,80325836,False,DEV-0144
PLOT-007570,1267-D,Al Safa,203406,Commercial,Freehold,2019-11-18,2016-01-24,192563466,False,DEV-0179
PLOT-007571,8273-B,Dubai Investment Park,365124,Commercial,Leasehold,2005-10-11,2019-01-09,85903709,True,DEV-0174
PLOT-007572,8289-D,Muhaisnah,199334,Commercial,Freehold,2006-02-26,2021-12-03,295504331,False,DEV-0169
PLOT-007573,4199-A,DIFC,269349,Green,Government,2003-09-22,2017-07-16,59588465,False,DEV-0083
PLOT-007574,9979-C,Sports City,499755,Industrial,Leasehold,2018-01-16,2018-08-18,424003571,False,DEV-0038
PLOT-007575,904-D,Mirdif,89059,Industrial,Leasehold,2011-09-22,2017-08-28,83769612,False,DEV-0176
PLOT-007576,2986-E,Dubai South,154247,Residential,Leasehold,2021-07-18,2016-03-27,472011919,True,DEV-0024
PLOT-007577,9538-C,Motor City,289993,Residential,Government,2001-03-20,2021-12-07,452783197,True,DEV-0054
PLOT-007578,9195-B,JLT,19918,Commercial,Leasehold,2011-10-11,2023-07-17,271204054,True,DEV-0040
PLOT-007579,9543-C,Deira,380118,Green,Freehold,2019-01-15,2016-10-27,461351181,False,DEV-0175
PLOT-007580,6362-C,Warqa,277837,Commercial,Freehold,2002-09-23,2024-03-06,497856700,False,DEV-0023
PLOT-007581,471-C,Al Barsha,197054,Commercial,Government,2004-09-15,2016-05-01,166790183,False,DEV-0158
PLOT-007582,7476-A,JLT,282010,Residential,Freehold,2008-04-08,2018-02-27,377371436,False,DEV-0154
PLOT-007583,3961-C,Sports City,130282,Residential,Leasehold,2022-10-18,2020-01-10,218928302,False,DEV-0040
PLOT-007584,1428-B,Al Barsha,245252,Commercial,Freehold,2010-03-19,2023-05-19,286872954,True,DEV-0063
PLOT-007585,806-C,Dubai Marina,263587,Commercial,Freehold,2008-09-02,2016-09-16,417387858,False,DEV-0132
PLOT-007586,9572-C,Al Quoz,295319,Residential,Freehold,2000-05-22,2015-04-06,257442032,False,DEV-0025
PLOT-007587,4699-D,Ras Al Khor,163613,Green,Freehold,2001-09-15,2017-01-04,12913201,False,DEV-0125
PLOT-007588,3542-C,Nad Al Sheba,101619,Residential,Freehold,2011-07-19,2023-11-24,422619146,False,DEV-0136
PLOT-007589,1879-A,Al Twar,279242,Residential,Leasehold,2003-10-09,2022-06-04,107555487,True,DEV-0123
PLOT-007590,4513-C,Jebel Ali,269435,Residential,Freehold,2001-01-12,2015-11-20,492153481,False,DEV-0069
PLOT-007591,7219-E,Al Twar,236038,Commercial,Freehold,2019-03-26,2016-02-23,239713264,True,DEV-0090
PLOT-007592,4387-B,Al Mizhar,138383,Mixed,Leasehold,2023-01-12,2022-11-26,131214391,False,DEV-0038
PLOT-007593,4603-C,Mirdif,53752,Residential,Freehold,2012-05-11,2021-02-21,93621272,False,DEV-0087
PLOT-007594,3466-A,Muhaisnah,370718,Mixed,Freehold,2022-01-08,2021-05-18,180764469,True,DEV-0166
PLOT-007595,1754-B,Al Mizhar,428213,Residential,Freehold,2009-01-05,2018-01-13,381176516,False,DEV-0018
PLOT-007596,4477-E,Dubai Investment Park,464241,Commercial,Freehold,2016-09-12,2016-11-11,437734707,False,DEV-0148
PLOT-007597,4935-A,Jumeirah,418607,Residential,Freehold,2007-09-02,2016-12-31,29576088,False,DEV-0186
PLOT-007598,1280-C,Downtown Dubai,118185,Green,Leasehold,2008-09-13,2023-07-29,257519610,False,DEV-0181
PLOT-007599,5100-E,Palm Jumeirah,371332,Residential,Leasehold,2006-01-13,2021-03-03,82749692,True,DEV-0131
PLOT-007600,1118-D,Deira,185580,Commercial,Freehold,2003-06-08,2019-05-08,165505080,True,DEV-0043
PLOT-007601,9115-D,Muhaisnah,387728,Commercial,Leasehold,2014-01-12,2018-06-15,99092068,False,DEV-0074
PLOT-007602,8896-B,Sports City,124863,Commercial,Government,2015-09-22,2023-05-01,167263585,False,DEV-0178
PLOT-007603,5180-E,Warqa,125187,Commercial,Freehold,2011-03-10,2019-12-06,16163931,True,DEV-0038
PLOT-007604,786-B,JLT,223331,Residential,Freehold,2017-12-07,2016-01-05,396351401,False,DEV-0176
PLOT-007605,4048-D,International City,115694,Residential,Leasehold,2014-11-18,2024-06-15,119553393,False,DEV-0099
PLOT-007606,7627-C,Jumeirah,473378,Mixed,Leasehold,2010-06-05,2018-02-27,157185544,True,DEV-0092
PLOT-007607,9345-D,JVC,399885,Commercial,Leasehold,2011-02-28,2015-11-16,116652281,False,DEV-0099
PLOT-007608,5490-B,Bur Dubai,268758,Residential,Freehold,2019-06-27,2018-11-23,381243941,True,DEV-0100
PLOT-007609,4936-E,Dubailand,78375,Commercial,Freehold,2020-07-31,2018-09-12,243604820,False,DEV-0073
PLOT-007610,9916-B,Jumeirah,27274,Residential,Government,2003-09-27,2017-04-22,274453868,True,DEV-0081
PLOT-007611,110-B,Mirdif,364997,Residential,Government,2000-08-02,2020-02-17,354573963,True,DEV-0125
PLOT-007612,1058-D,Jebel Ali,63504,Residential,Freehold,2003-10-04,2017-06-29,127271487,True,DEV-0030
PLOT-007613,7792-C,Al Safa,486812,Residential,Freehold,2010-12-03,2022-02-09,419039272,False,DEV-0167
PLOT-007614,8604-D,Al Karama,58212,Residential,Freehold,2011-07-26,2019-01-31,338508877,False,DEV-0158
PLOT-007615,6189-B,Dubai Marina,298587,Industrial,Leasehold,2020-12-13,2017-11-11,173817639,True,DEV-0081
PLOT-007616,8853-A,Al Quoz,404693,Commercial,Freehold,2023-08-11,2015-05-14,31324525,True,DEV-0042
PLOT-007617,7378-B,Al Qusais,248457,Commercial,Leasehold,2013-11-30,2021-08-16,148464913,True,DEV-0074
PLOT-007618,1011-E,Muhaisnah,90681,Mixed,Leasehold,2022-09-09,2020-08-30,492210009,True,DEV-0031
PLOT-007619,2923-C,JVC,52994,Residential,Government,2003-02-20,2017-04-21,314114735,False,DEV-0151
PLOT-007620,3939-E,Palm Jumeirah,327564,Commercial,Leasehold,2005-01-15,2017-07-13,159239071,True,DEV-0121
PLOT-007621,4368-D,Ras Al Khor,154324,Residential,Leasehold,2017-08-24,2024-07-08,64168131,False,DEV-0054
PLOT-007622,4697-C,Al Twar,428277,Mixed,Freehold,2016-11-02,2023-09-07,476853727,False,DEV-0199
PLOT-007623,3202-A,Discovery Gardens,35322,Residential,Freehold,2015-02-26,2023-11-28,430510521,True,DEV-0075
PLOT-007624,1848-E,Emaar Beachfront,320579,Mixed,Leasehold,2012-01-29,2017-10-14,145564971,False,DEV-0007
PLOT-007625,7312-B,Dubai Land,208354,Residential,Freehold,2008-01-12,2018-04-12,301890846,True,DEV-0128
PLOT-007626,5243-E,Dubai South,112723,Mixed,Freehold,2022-04-11,2015-04-19,368498930,True,DEV-0127
PLOT-007627,1718-D,Al Safa,25842,Commercial,Freehold,2005-09-19,2019-07-14,300803855,False,DEV-0082
PLOT-007628,4390-A,Downtown Dubai,135075,Residential,Freehold,2019-10-02,2021-01-25,292273923,False,DEV-0004
PLOT-007629,6174-B,DIFC,356874,Commercial,Freehold,2003-07-20,2016-08-19,350015383,False,DEV-0011
PLOT-007630,7035-E,Mirdif,293988,Mixed,Freehold,2001-06-13,2021-08-09,481901886,True,DEV-0200
PLOT-007631,3258-D,Mirdif,445119,Mixed,Freehold,2023-09-24,2022-05-25,455189625,True,DEV-0156
PLOT-007632,8108-E,Dubai Marina,52796,Residential,Leasehold,2010-08-04,2023-01-18,104285867,True,DEV-0056
PLOT-007633,473-C,Dubai Marina,426438,Residential,Freehold,2019-10-06,2019-07-16,272141893,False,DEV-0053
PLOT-007634,6675-C,Al Karama,305169,Industrial,Government,2004-02-28,2015-06-18,219462339,True,DEV-0145
PLOT-007635,1051-D,Dubai Land,419421,Commercial,Freehold,2004-04-15,2016-08-18,233894783,False,DEV-0142
PLOT-007636,6701-A,JVC,49399,Mixed,Freehold,2023-01-13,2018-05-01,315439839,True,DEV-0148
PLOT-007637,1688-D,Mirdif,458077,Residential,Leasehold,2020-06-19,2017-12-21,333681811,True,DEV-0025
PLOT-007638,6162-B,Dubai Hills Estate,301292,Residential,Freehold,2003-10-16,2015-12-14,157531159,False,DEV-0020
PLOT-007639,6227-D,Al Qusais,239867,Mixed,Freehold,2006-04-15,2015-09-29,344109437,False,DEV-0123
PLOT-007640,2144-C,Al Barsha,178347,Residential,Leasehold,2006-02-08,2016-06-19,122144201,False,DEV-0132
PLOT-007641,7991-B,Downtown Dubai,238642,Residential,Government,2020-02-15,2016-04-02,477175694,False,DEV-0009
PLOT-007642,682-D,Al Mizhar,395287,Residential,Freehold,2001-02-11,2023-07-12,185281514,True,DEV-0194
PLOT-007643,1505-A,Dubai Investment Park,132484,Commercial,Freehold,2007-05-12,2018-08-10,195444440,True,DEV-0027
PLOT-007644,7038-A,Muhaisnah,373281,Commercial,Freehold,2010-10-09,2017-01-27,64990649,False,DEV-0108
PLOT-007645,6074-B,Dubai Investment Park,36769,Mixed,Government,2003-12-06,2021-03-20,402639395,False,DEV-0087
PLOT-007646,9455-A,Motor City,115034,Commercial,Freehold,2022-03-22,2020-04-07,137693141,True,DEV-0129
PLOT-007647,2091-B,Al Karama,176474,Residential,Freehold,2021-10-07,2018-08-17,429073729,True,DEV-0174
PLOT-007648,6969-B,Dubai Creek Harbour,8048,Mixed,Freehold,2000-06-15,2018-09-20,445317294,False,DEV-0195
PLOT-007649,6418-B,Al Mizhar,457692,Mixed,Leasehold,2002-06-07,2022-09-21,55098491,True,DEV-0177
PLOT-007650,8068-D,Sports City,361924,Commercial,Freehold,2008-01-28,2015-10-08,404369041,True,DEV-0092
PLOT-007651,8408-C,Arabian Ranches,340029,Residential,Leasehold,2020-05-15,2018-03-06,425033564,False,DEV-0187
PLOT-007652,3980-D,Al Mizhar,109586,Mixed,Freehold,2023-08-02,2023-05-03,245287567,False,DEV-0138
PLOT-007653,2746-E,Deira,92630,Industrial,Leasehold,2007-05-09,2019-03-07,41288438,False,DEV-0069
PLOT-007654,8768-A,Dubai Marina,416086,Mixed,Freehold,2012-04-10,2024-01-23,118453644,True,DEV-0132
PLOT-007655,2120-C,Dubai Investment Park,190061,Residential,Government,2011-07-15,2023-06-30,70483452,True,DEV-0162
PLOT-007656,6943-C,Al Wasl,452852,Residential,Freehold,2019-10-29,2024-10-04,29585274,False,DEV-0112
PLOT-007657,5527-A,Al Barsha,121548,Residential,Leasehold,2018-02-10,2018-12-26,220067223,False,DEV-0105
PLOT-007658,5658-C,Warqa,389013,Mixed,Freehold,2017-04-05,2017-05-27,492963356,True,DEV-0011
PLOT-007659,1911-C,Al Wasl,44782,Residential,Freehold,2004-02-07,2021-10-29,474954513,False,DEV-0018
PLOT-007660,2934-E,Dubailand,380855,Commercial,Leasehold,2021-12-29,2023-11-18,308971688,True,DEV-0019
PLOT-007661,3492-C,Emaar Beachfront,162732,Residential,Freehold,2007-06-26,2015-07-19,220454299,False,DEV-0056
PLOT-007662,4004-D,JVC,376272,Green,Leasehold,2008-07-17,2019-03-17,111939222,False,DEV-0007
PLOT-007663,5816-D,Al Satwa,386902,Residential,Leasehold,2010-09-13,2018-07-07,402913503,False,DEV-0159
PLOT-007664,3439-E,Dubai Investment Park,295725,Commercial,Freehold,2011-03-01,2021-03-07,3307868,False,DEV-0187
PLOT-007665,5756-A,Nad Al Sheba,260958,Commercial,Freehold,2001-11-08,2024-06-17,112558256,True,DEV-0081
PLOT-007666,966-C,Sports City,114475,Residential,Leasehold,2008-03-11,2016-05-10,282998846,False,DEV-0067
PLOT-007667,9588-B,Dubai Investment Park,495049,Residential,Leasehold,2000-02-20,2016-02-03,324814268,True,DEV-0117
PLOT-007668,2091-D,Al Qusais,264245,Commercial,Government,2007-06-27,2024-09-03,355582520,False,DEV-0159
PLOT-007669,971-D,Al Barsha,255735,Commercial,Leasehold,2018-08-02,2017-06-16,173951117,True,DEV-0129
PLOT-007670,1161-E,Al Wasl,170062,Mixed,Freehold,2007-02-24,2018-12-26,275259378,True,DEV-0130
PLOT-007671,211-C,Dubai South,136336,Mixed,Government,2011-02-12,2020-05-01,367986448,False,DEV-0106
PLOT-007672,7254-A,Dubai South,141928,Residential,Leasehold,2015-05-22,2015-04-12,61092427,False,DEV-0018
PLOT-007673,6309-D,Dubai Investment Park,443507,Commercial,Leasehold,2007-06-09,2016-08-27,415906973,True,DEV-0045
PLOT-007674,539-E,Umm Suqeim,13561,Industrial,Freehold,2021-08-21,2020-12-05,370028857,False,DEV-0037
PLOT-007675,7090-A,Dubai Creek Harbour,282791,Commercial,Freehold,2010-02-23,2021-11-28,299274948,False,DEV-0186
PLOT-007676,3206-B,Discovery Gardens,430783,Mixed,Leasehold,2009-04-24,2024-07-04,114870295,True,DEV-0166
PLOT-007677,700-B,Umm Suqeim,43717,Residential,Leasehold,2011-07-19,2018-05-24,492312992,True,DEV-0011
PLOT-007678,7234-B,DIFC,201509,Residential,Freehold,2007-02-18,2017-09-02,408068408,True,DEV-0073
PLOT-007679,2352-D,Sports City,477408,Mixed,Freehold,2003-10-29,2016-07-04,37145962,True,DEV-0199
PLOT-007680,6366-A,DIFC,371438,Commercial,Freehold,2016-11-30,2017-06-10,483729168,True,DEV-0081
PLOT-007681,9895-A,Dubai Marina,142766,Industrial,Government,2018-04-07,2021-05-16,322961019,False,DEV-0006
PLOT-007682,4036-D,JLT,113889,Residential,Government,2010-12-28,2015-02-20,287844333,False,DEV-0054
PLOT-007683,1123-C,Al Qusais,94118,Residential,Leasehold,2022-11-19,2022-10-21,127206224,True,DEV-0088
PLOT-007684,2856-C,Al Quoz,203683,Mixed,Government,2014-05-18,2021-05-12,191642812,True,DEV-0005
PLOT-007685,6999-B,Arabian Ranches,295687,Residential,Freehold,2006-03-18,2019-12-14,329987741,False,DEV-0177
PLOT-007686,2290-E,Dubai Land,433988,Mixed,Leasehold,2013-02-05,2023-03-29,110516577,False,DEV-0107
PLOT-007687,4464-E,Al Karama,128448,Residential,Freehold,2001-04-13,2020-07-14,241870570,False,DEV-0069
PLOT-007688,2937-B,International City,370769,Residential,Freehold,2019-12-20,2016-04-04,61922260,True,DEV-0186
PLOT-007689,5444-B,Al Karama,236831,Residential,Freehold,2016-05-11,2022-03-28,246016028,False,DEV-0122
PLOT-007690,2994-E,Al Furjan,452220,Residential,Freehold,2009-04-26,2018-06-05,258646660,False,DEV-0093
PLOT-007691,3205-B,Downtown Dubai,363185,Residential,Freehold,2010-03-08,2021-11-11,115031156,False,DEV-0138
PLOT-007692,4277-D,Dubai Hills Estate,278092,Residential,Freehold,2010-03-01,2016-02-04,268850842,True,DEV-0009
PLOT-007693,9618-A,Town Square,479131,Commercial,Leasehold,2000-06-16,2019-11-12,166945206,True,DEV-0078
PLOT-007694,8303-A,Al Quoz,155866,Mixed,Freehold,2011-10-08,2015-08-22,163867059,False,DEV-0023
PLOT-007695,4272-B,International City,48722,Industrial,Freehold,2021-06-06,2016-10-06,248805569,True,DEV-0080
PLOT-007696,5466-C,Town Square,430264,Residential,Freehold,2000-05-07,2024-05-20,344950532,False,DEV-0049
PLOT-007697,2761-A,Discovery Gardens,105807,Mixed,Leasehold,2002-07-01,2019-08-09,47597365,True,DEV-0061
PLOT-007698,1554-D,Palm Jumeirah,231574,Commercial,Government,2012-08-09,2018-08-28,254469155,True,DEV-0077
PLOT-007699,5798-A,Downtown Dubai,159692,Commercial,Leasehold,2022-03-04,2015-11-17,82500002,False,DEV-0114
PLOT-007700,7098-C,Deira,232844,Industrial,Freehold,2016-05-25,2015-10-18,403053349,False,DEV-0015
PLOT-007701,3866-E,Al Mizhar,82898,Mixed,Freehold,2016-09-04,2022-10-18,124576602,False,DEV-0114
PLOT-007702,8849-C,Dubai South,199774,Commercial,Leasehold,2006-11-19,2022-10-31,46816432,False,DEV-0055
PLOT-007703,7041-A,Town Square,336905,Mixed,Freehold,2001-06-09,2019-08-27,74540387,False,DEV-0140
PLOT-007704,4810-B,JVC,31636,Commercial,Freehold,2004-04-12,2020-08-30,269259494,True,DEV-0069
PLOT-007705,1478-D,Al Quoz,82785,Residential,Government,2022-10-11,2024-10-06,156282786,False,DEV-0160
PLOT-007706,8477-B,Discovery Gardens,164757,Residential,Freehold,2019-06-05,2018-06-22,361085140,False,DEV-0157
PLOT-007707,7954-A,DIFC,443259,Residential,Leasehold,2005-10-07,2019-06-10,256290406,True,DEV-0151
PLOT-007708,9392-A,Dubai Creek Harbour,157876,Residential,Leasehold,2014-12-12,2023-06-22,100991953,False,DEV-0086
PLOT-007709,1245-E,Dubai South,359269,Industrial,Leasehold,2003-04-04,2024-01-22,269847676,True,DEV-0146
PLOT-007710,1208-C,Jebel Ali,154592,Residential,Freehold,2020-08-06,2021-12-22,288223139,False,DEV-0078
PLOT-007711,7487-C,Town Square,131131,Residential,Freehold,2017-05-18,2016-03-17,231130843,False,DEV-0046
PLOT-007712,9240-E,Al Karama,415467,Residential,Freehold,2005-06-13,2024-02-04,379051300,False,DEV-0164
PLOT-007713,8260-E,Al Wasl,102213,Residential,Leasehold,2007-10-11,2020-05-29,475579827,True,DEV-0151
PLOT-007714,5500-B,International City,48850,Mixed,Freehold,2005-02-06,2018-02-25,279529272,True,DEV-0086
PLOT-007715,1702-E,Warqa,321328,Commercial,Freehold,2012-10-07,2024-12-04,479718025,False,DEV-0192
PLOT-007716,9407-B,Motor City,346909,Mixed,Government,2000-12-26,2021-05-14,96184287,True,DEV-0087
PLOT-007717,3956-E,Sports City,205077,Residential,Freehold,2022-07-26,2023-07-02,222824275,True,DEV-0184
PLOT-007718,1642-A,Al Satwa,480989,Residential,Leasehold,2004-09-02,2018-09-09,426551781,True,DEV-0083
PLOT-007719,9803-D,Ras Al Khor,337727,Commercial,Leasehold,2008-06-12,2015-05-30,313846568,False,DEV-0100
PLOT-007720,8632-B,Warqa,43558,Residential,Freehold,2006-08-09,2019-04-24,312550993,False,DEV-0056
PLOT-007721,3192-A,Bur Dubai,337832,Commercial,Freehold,2015-07-24,2023-02-12,481462545,False,DEV-0112
PLOT-007722,4007-A,Town Square,265046,Residential,Leasehold,2017-02-16,2018-09-25,172372321,False,DEV-0099
PLOT-007723,3446-A,Discovery Gardens,319162,Residential,Leasehold,2019-11-14,2021-07-08,127042712,False,DEV-0073
PLOT-007724,6241-D,Motor City,177937,Residential,Freehold,2011-04-24,2018-02-04,283096357,True,DEV-0197
PLOT-007725,1397-B,Al Mizhar,440651,Residential,Freehold,2008-12-19,2021-08-21,12787347,True,DEV-0046
PLOT-007726,8249-C,Dubailand,379651,Industrial,Freehold,2020-10-19,2022-08-15,289062359,False,DEV-0069
PLOT-007727,9894-E,Downtown Dubai,80538,Residential,Freehold,2022-01-06,2016-12-15,34182279,False,DEV-0150
PLOT-007728,3681-E,Bur Dubai,456821,Residential,Government,2014-09-19,2024-05-21,474054690,False,DEV-0150
PLOT-007729,1251-D,Dubai Investment Park,278862,Residential,Government,2018-10-28,2023-07-17,310150297,False,DEV-0189
PLOT-007730,5158-D,Arabian Ranches,108109,Mixed,Leasehold,2018-02-18,2016-08-03,304603191,True,DEV-0058
PLOT-007731,8262-C,Al Mizhar,51739,Residential,Leasehold,2020-04-06,2017-07-02,196110063,False,DEV-0112
PLOT-007732,3294-D,Al Karama,363146,Industrial,Leasehold,2002-10-26,2020-07-16,422211289,False,DEV-0016
PLOT-007733,4870-C,Al Safa,302925,Residential,Freehold,2003-02-11,2021-03-22,35339844,False,DEV-0015
PLOT-007734,8160-D,Al Satwa,301668,Residential,Leasehold,2003-06-04,2023-02-16,139732099,False,DEV-0089
PLOT-007735,510-A,Dubailand,286769,Commercial,Freehold,2016-07-29,2018-01-24,67360095,True,DEV-0022
PLOT-007736,8463-E,Nad Al Sheba,189527,Mixed,Freehold,2011-10-01,2017-01-01,395910752,True,DEV-0121
PLOT-007737,2037-C,Downtown Dubai,245087,Residential,Freehold,2008-11-04,2015-12-29,250946044,False,DEV-0118
PLOT-007738,1134-B,JLT,283845,Commercial,Leasehold,2006-07-08,2018-07-19,497626820,True,DEV-0083
PLOT-007739,8717-C,Discovery Gardens,93156,Residential,Leasehold,2004-07-07,2017-11-18,172524564,False,DEV-0189
PLOT-007740,7886-A,Warqa,413508,Commercial,Leasehold,2004-02-05,2015-06-21,183710222,False,DEV-0156
PLOT-007741,5302-E,Al Furjan,446454,Residential,Government,2012-10-27,2023-06-12,138782453,True,DEV-0125
PLOT-007742,1705-D,Warqa,279264,Residential,Freehold,2017-11-15,2019-12-07,361694355,True,DEV-0188
PLOT-007743,5563-E,Business Bay,446255,Residential,Leasehold,2000-02-16,2016-11-25,157120280,False,DEV-0169
PLOT-007744,9930-A,Al Satwa,139325,Green,Freehold,2008-11-28,2018-10-19,323099767,False,DEV-0189
PLOT-007745,230-D,Arabian Ranches,174526,Industrial,Leasehold,2007-06-11,2023-06-24,37103441,False,DEV-0164
PLOT-007746,472-D,Sports City,439646,Industrial,Leasehold,2003-04-23,2024-01-19,498623220,True,DEV-0014
PLOT-007747,4777-A,Nad Al Sheba,191354,Residential,Freehold,2011-07-17,2024-10-01,476997595,False,DEV-0008
PLOT-007748,504-A,Al Safa,361857,Residential,Leasehold,2000-06-12,2019-02-15,91145606,True,DEV-0142
PLOT-007749,9883-C,Dubai South,57013,Mixed,Government,2010-08-18,2022-08-22,355525963,False,DEV-0193
PLOT-007750,3703-D,Al Barsha,67007,Mixed,Leasehold,2012-01-27,2021-03-09,239370379,False,DEV-0093
PLOT-007751,1920-B,Al Quoz,128001,Mixed,Freehold,2019-03-06,2023-02-08,239986953,False,DEV-0075
PLOT-007752,8716-D,Al Barsha,320881,Commercial,Freehold,2004-05-21,2018-10-13,445431857,False,DEV-0009
PLOT-007753,8725-E,Al Furjan,232844,Green,Leasehold,2021-09-20,2020-05-20,243173473,False,DEV-0060
PLOT-007754,2631-B,Jebel Ali,410960,Commercial,Freehold,2014-08-27,2022-07-31,59717257,False,DEV-0046
PLOT-007755,4744-A,Al Twar,240896,Mixed,Leasehold,2023-04-18,2018-11-01,474782202,False,DEV-0171
PLOT-007756,7480-D,Motor City,261520,Residential,Leasehold,2008-02-12,2022-07-13,282159090,True,DEV-0135
PLOT-007757,8079-B,Al Qusais,370331,Residential,Leasehold,2010-09-30,2022-11-11,273685969,True,DEV-0126
PLOT-007758,5531-A,Dubai South,218348,Residential,Leasehold,2015-07-07,2021-07-28,317009853,False,DEV-0079
PLOT-007759,4023-E,Al Qusais,469895,Residential,Freehold,2013-04-17,2023-01-31,316694720,True,DEV-0029
PLOT-007760,1107-B,Dubai Land,467362,Commercial,Freehold,2001-05-23,2016-08-03,492265505,True,DEV-0125
PLOT-007761,1598-B,DIFC,258693,Residential,Leasehold,2019-01-14,2015-05-19,353258222,False,DEV-0063
PLOT-007762,1154-C,Al Safa,334282,Commercial,Freehold,2011-03-06,2017-09-06,468666080,False,DEV-0128
PLOT-007763,5244-B,Dubai Creek Harbour,67489,Mixed,Freehold,2015-05-06,2016-09-24,62769627,False,DEV-0112
PLOT-007764,7537-B,Dubai Creek Harbour,91637,Commercial,Government,2002-06-12,2021-05-14,352817567,True,DEV-0073
PLOT-007765,2192-A,Arabian Ranches,113380,Residential,Freehold,2018-06-22,2023-02-09,263781015,False,DEV-0004
PLOT-007766,6730-A,Al Safa,497548,Mixed,Government,2021-01-25,2017-07-29,184336155,True,DEV-0196
PLOT-007767,5895-B,Al Satwa,399206,Mixed,Freehold,2012-02-29,2023-10-30,366778498,True,DEV-0130
PLOT-007768,1199-E,Jebel Ali,479449,Residential,Leasehold,2014-04-28,2017-04-22,120473143,True,DEV-0113
PLOT-007769,8072-E,Dubai Land,289253,Green,Freehold,2019-03-20,2023-06-10,55772971,True,DEV-0090
PLOT-007770,1553-C,Motor City,38403,Residential,Leasehold,2009-08-27,2017-10-11,484764951,True,DEV-0106
PLOT-007771,3843-A,Al Karama,370736,Residential,Leasehold,2016-11-10,2019-05-22,340000285,False,DEV-0174
PLOT-007772,3772-E,Al Quoz,257478,Residential,Freehold,2020-02-29,2018-03-01,450077470,False,DEV-0166
PLOT-007773,7800-B,Al Wasl,64055,Green,Freehold,2015-03-06,2022-12-20,243934850,True,DEV-0166
PLOT-007774,454-E,Jebel Ali,82621,Mixed,Freehold,2020-12-14,2019-09-29,325973446,False,DEV-0163
PLOT-007775,6974-A,Dubai Hills Estate,366662,Industrial,Leasehold,2020-05-14,2023-01-15,415044749,False,DEV-0023
PLOT-007776,6612-C,Deira,314085,Residential,Freehold,2022-02-24,2021-07-11,383550587,False,DEV-0075
PLOT-007777,1923-C,Muhaisnah,247123,Residential,Freehold,2009-04-27,2015-02-15,386149249,False,DEV-0063
PLOT-007778,466-B,Al Satwa,268449,Residential,Freehold,2013-10-10,2018-11-21,149943858,True,DEV-0200
PLOT-007779,1018-D,Mirdif,162366,Commercial,Leasehold,2011-12-08,2018-04-14,12931841,True,DEV-0054
PLOT-007780,6050-C,Sports City,24166,Residential,Leasehold,2002-05-22,2020-02-14,471105643,False,DEV-0061
PLOT-007781,8780-B,Jebel Ali,46141,Commercial,Leasehold,2018-01-16,2020-02-26,297096582,False,DEV-0196
PLOT-007782,7834-B,Al Karama,130234,Commercial,Freehold,2010-12-21,2024-04-14,186843413,True,DEV-0020
PLOT-007783,1181-A,Sports City,267526,Residential,Freehold,2006-12-22,2023-04-03,125723718,True,DEV-0009
PLOT-007784,2875-E,Al Safa,82524,Mixed,Government,2002-01-19,2018-12-01,335393354,False,DEV-0019
PLOT-007785,9690-D,Dubai Investment Park,117673,Industrial,Freehold,2021-10-23,2016-11-25,60917606,False,DEV-0015
PLOT-007786,3578-A,Al Quoz,375276,Commercial,Leasehold,2012-08-10,2024-05-07,132922216,False,DEV-0070
PLOT-007787,4888-D,International City,475604,Residential,Government,2015-09-26,2024-03-22,226266209,True,DEV-0031
PLOT-007788,3224-C,Mirdif,156407,Mixed,Freehold,2013-06-05,2022-10-03,291922731,True,DEV-0078
PLOT-007789,6418-C,Discovery Gardens,225602,Residential,Government,2003-01-07,2019-12-31,156359015,True,DEV-0133
PLOT-007790,1275-A,Motor City,31689,Residential,Freehold,2003-10-20,2021-01-20,325802234,False,DEV-0007
PLOT-007791,9719-C,Downtown Dubai,188620,Residential,Freehold,2000-05-11,2017-01-28,384673963,False,DEV-0172
PLOT-007792,2217-E,Al Karama,423153,Mixed,Leasehold,2009-12-13,2018-07-16,499066018,True,DEV-0125
PLOT-007793,8939-B,Al Twar,195287,Residential,Leasehold,2018-09-25,2018-11-21,439887292,True,DEV-0021
PLOT-007794,1640-A,Palm Jumeirah,82240,Commercial,Leasehold,2023-09-12,2021-09-17,465879683,False,DEV-0170
PLOT-007795,4957-D,Al Satwa,167253,Residential,Leasehold,2011-02-08,2017-02-24,256214977,True,DEV-0159
PLOT-007796,9821-C,Jebel Ali,321776,Green,Leasehold,2000-04-25,2021-08-14,331411286,False,DEV-0010
PLOT-007797,7115-B,Dubai Land,289249,Residential,Freehold,2003-11-02,2017-02-27,446797562,False,DEV-0183
PLOT-007798,9003-B,Discovery Gardens,69687,Residential,Leasehold,2011-11-26,2021-08-03,433815377,False,DEV-0159
PLOT-007799,7078-A,Al Safa,326266,Residential,Leasehold,2018-08-27,2015-10-07,16522426,True,DEV-0124
PLOT-007800,657-B,Town Square,257098,Green,Freehold,2013-04-25,2016-12-13,107046053,False,DEV-0176
PLOT-007801,7281-C,Al Qusais,40029,Commercial,Freehold,2006-11-05,2017-02-08,17268193,False,DEV-0129
PLOT-007802,5157-C,Business Bay,22385,Residential,Government,2004-08-27,2019-04-02,233230371,True,DEV-0078
PLOT-007803,1569-D,Dubai Investment Park,420070,Commercial,Leasehold,2017-07-05,2020-04-17,116917680,False,DEV-0038
PLOT-007804,6004-C,Mirdif,57595,Residential,Freehold,2000-07-06,2024-12-14,215109562,False,DEV-0117
PLOT-007805,3501-A,Town Square,267162,Mixed,Government,2023-02-19,2015-05-09,285993071,False,DEV-0116
PLOT-007806,532-D,Warqa,320929,Residential,Government,2012-03-16,2022-09-22,241792824,True,DEV-0171
PLOT-007807,930-B,Arabian Ranches,351309,Commercial,Leasehold,2021-10-14,2016-05-28,378816633,True,DEV-0142
PLOT-007808,2447-D,Downtown Dubai,256206,Residential,Freehold,2003-12-30,2023-05-31,373026249,False,DEV-0123
PLOT-007809,7661-D,Sports City,317486,Residential,Leasehold,2007-11-02,2017-09-12,51921009,False,DEV-0059
PLOT-007810,6296-B,Arabian Ranches,473730,Residential,Government,2000-09-11,2024-03-31,369006010,False,DEV-0044
PLOT-007811,489-E,Bur Dubai,414087,Mixed,Freehold,2004-02-27,2022-07-09,426405683,True,DEV-0145
PLOT-007812,612-A,Business Bay,321670,Commercial,Freehold,2008-12-20,2021-12-28,69580792,False,DEV-0082
PLOT-007813,185-C,Dubai South,267596,Residential,Freehold,2019-03-02,2022-09-28,395194695,False,DEV-0058
PLOT-007814,9945-B,Al Satwa,282403,Residential,Leasehold,2010-02-18,2016-07-23,201116531,False,DEV-0090
PLOT-007815,4566-B,Al Karama,197645,Commercial,Leasehold,2014-06-13,2022-11-27,92497942,True,DEV-0027
PLOT-007816,2733-E,Dubai Hills Estate,345945,Commercial,Leasehold,2007-09-02,2015-12-18,426724633,False,DEV-0057
PLOT-007817,1598-A,Ras Al Khor,155592,Mixed,Leasehold,2008-07-13,2021-02-03,108579643,False,DEV-0156
PLOT-007818,4027-C,Al Mizhar,301171,Residential,Government,2014-02-11,2016-08-22,37530166,False,DEV-0142
PLOT-007819,2585-C,Mirdif,183582,Commercial,Government,2007-05-20,2023-11-21,225417087,True,DEV-0116
PLOT-007820,1063-E,Umm Suqeim,364346,Commercial,Freehold,2009-08-19,2024-01-16,438323447,False,DEV-0053
PLOT-007821,2924-A,JVC,327400,Industrial,Leasehold,2011-07-13,2016-03-01,278361441,False,DEV-0135
PLOT-007822,2282-E,DIFC,46434,Industrial,Leasehold,2010-12-24,2024-02-10,187731098,False,DEV-0105
PLOT-007823,5049-E,JVC,213651,Residential,Freehold,2019-02-27,2019-10-26,78923417,True,DEV-0088
PLOT-007824,3632-C,Al Barsha,198291,Mixed,Freehold,2002-09-22,2024-09-18,328554091,False,DEV-0170
PLOT-007825,5504-D,DIFC,168814,Residential,Leasehold,2002-03-17,2020-01-18,340391145,False,DEV-0148
PLOT-007826,428-C,Nad Al Sheba,100668,Commercial,Leasehold,2011-09-23,2020-02-23,25277681,False,DEV-0010
PLOT-007827,6275-D,Emaar Beachfront,341887,Commercial,Freehold,2002-01-08,2020-11-08,87808190,False,DEV-0003
PLOT-007828,4063-E,Muhaisnah,486136,Commercial,Leasehold,2011-10-24,2017-05-24,305870236,True,DEV-0057
PLOT-007829,713-B,Jumeirah,87633,Mixed,Freehold,2000-07-29,2020-02-26,294347316,True,DEV-0027
PLOT-007830,1330-D,Business Bay,434873,Mixed,Leasehold,2007-10-15,2021-10-11,294383565,False,DEV-0168
PLOT-007831,9252-C,Discovery Gardens,433849,Residential,Leasehold,2001-04-16,2015-09-18,110270883,True,DEV-0024
PLOT-007832,8851-B,Emaar Beachfront,383797,Residential,Leasehold,2020-04-17,2017-09-01,397007219,False,DEV-0006
PLOT-007833,6694-E,Town Square,321359,Mixed,Leasehold,2003-01-24,2018-06-18,251219491,True,DEV-0131
PLOT-007834,4732-B,Dubai Land,357811,Commercial,Freehold,2001-08-02,2022-12-24,84861486,False,DEV-0093
PLOT-007835,4537-C,Jumeirah,24438,Industrial,Freehold,2010-02-03,2023-01-24,277981588,True,DEV-0200
PLOT-007836,4036-E,Al Karama,463230,Mixed,Freehold,2018-07-05,2019-08-26,160947985,False,DEV-0028
PLOT-007837,4212-D,Town Square,28787,Residential,Government,2003-12-19,2017-05-12,13988256,False,DEV-0064
PLOT-007838,4892-E,Al Satwa,474670,Residential,Freehold,2019-04-07,2018-09-01,325182255,True,DEV-0175
PLOT-007839,5990-E,Al Safa,274808,Industrial,Leasehold,2009-07-05,2018-11-26,190844908,False,DEV-0134
PLOT-007840,3390-B,Warqa,433316,Residential,Leasehold,2002-06-06,2024-05-08,408636135,False,DEV-0169
PLOT-007841,9458-A,Al Safa,333956,Commercial,Government,2003-03-09,2020-07-10,31620936,True,DEV-0088
PLOT-007842,267-A,Emaar Beachfront,441918,Residential,Government,2007-10-11,2018-08-31,452963542,False,DEV-0148
PLOT-007843,9613-E,Dubai Hills Estate,323744,Commercial,Government,2005-04-28,2022-10-21,409302577,True,DEV-0036
PLOT-007844,7436-C,Nad Al Sheba,116192,Residential,Leasehold,2008-08-27,2024-02-28,150650270,True,DEV-0133
PLOT-007845,1109-E,Dubailand,327843,Commercial,Freehold,2022-02-23,2021-05-02,30946056,False,DEV-0148
PLOT-007846,9832-A,Dubai South,14816,Residential,Freehold,2004-11-19,2017-12-08,418635722,False,DEV-0044
PLOT-007847,126-D,Arabian Ranches,302828,Industrial,Leasehold,2019-02-01,2020-12-21,481668339,False,DEV-0132
PLOT-007848,4906-D,Ras Al Khor,264996,Commercial,Leasehold,2011-12-14,2015-05-16,166285192,True,DEV-0018
PLOT-007849,1040-E,Dubai Investment Park,110018,Mixed,Leasehold,2020-07-02,2015-07-20,28668123,True,DEV-0061
PLOT-007850,1837-D,Al Wasl,393666,Commercial,Government,2010-11-14,2015-09-27,6980000,False,DEV-0101
PLOT-007851,6659-D,Discovery Gardens,235531,Commercial,Freehold,2021-04-14,2019-06-22,104153954,True,DEV-0130
PLOT-007852,917-D,Dubai Investment Park,452737,Residential,Freehold,2014-02-26,2015-06-05,386816256,False,DEV-0065
PLOT-007853,1621-E,Muhaisnah,431331,Commercial,Government,2019-07-19,2019-10-27,45405269,False,DEV-0079
PLOT-007854,1886-C,Al Wasl,330048,Residential,Freehold,2011-07-28,2022-01-15,246027433,False,DEV-0134
PLOT-007855,5253-B,Business Bay,423768,Mixed,Leasehold,2010-11-29,2017-06-15,184618459,True,DEV-0003
PLOT-007856,5750-E,Palm Jumeirah,96419,Green,Freehold,2007-06-12,2021-05-20,377269747,False,DEV-0124
PLOT-007857,9614-E,Ras Al Khor,433817,Residential,Freehold,2006-06-17,2018-09-14,387178705,False,DEV-0022
PLOT-007858,6075-A,JLT,322057,Mixed,Freehold,2004-03-25,2024-04-29,343624582,True,DEV-0192
PLOT-007859,4949-D,DIFC,253949,Mixed,Freehold,2014-09-13,2023-06-19,396741412,True,DEV-0091
PLOT-007860,8153-E,Business Bay,103209,Commercial,Freehold,2002-10-05,2021-05-11,303820241,False,DEV-0099
PLOT-007861,921-B,Business Bay,495005,Residential,Leasehold,2014-08-16,2015-07-05,395344277,False,DEV-0129
PLOT-007862,3545-B,Bur Dubai,240577,Residential,Freehold,2017-03-27,2017-01-10,373444173,True,DEV-0093
PLOT-007863,5836-A,Discovery Gardens,360556,Industrial,Leasehold,2009-03-17,2019-01-08,206796725,False,DEV-0065
PLOT-007864,4630-B,Warqa,429198,Residential,Freehold,2011-04-01,2024-04-08,266465148,True,DEV-0135
PLOT-007865,9477-A,Dubai Marina,367709,Residential,Freehold,2021-07-14,2018-02-20,97392029,False,DEV-0147
PLOT-007866,4845-C,Dubai Marina,240465,Industrial,Freehold,2014-04-15,2023-12-16,177205297,True,DEV-0037
PLOT-007867,619-C,Town Square,144830,Residential,Freehold,2020-04-16,2018-04-04,200941607,True,DEV-0116
PLOT-007868,3447-D,Al Barsha,352959,Mixed,Leasehold,2014-07-03,2020-04-18,464092744,False,DEV-0126
PLOT-007869,6690-A,Nad Al Sheba,143267,Mixed,Leasehold,2019-04-07,2015-07-03,53520677,False,DEV-0044
PLOT-007870,5536-B,Al Quoz,103975,Residential,Freehold,2023-10-27,2015-02-27,122132231,False,DEV-0120
PLOT-007871,5514-C,Dubai South,255221,Industrial,Freehold,2014-10-15,2019-08-26,383529633,True,DEV-0047
PLOT-007872,5792-B,Sports City,257294,Commercial,Freehold,2006-03-25,2020-06-30,82478332,True,DEV-0101
PLOT-007873,9758-B,Nad Al Sheba,250492,Mixed,Leasehold,2014-02-04,2019-10-30,444505959,True,DEV-0177
PLOT-007874,6929-A,Deira,6776,Commercial,Leasehold,2000-02-26,2022-12-26,30895326,True,DEV-0089
PLOT-007875,3594-E,Discovery Gardens,208894,Industrial,Freehold,2005-06-26,2015-12-27,356793754,True,DEV-0129
PLOT-007876,1536-B,Dubai Creek Harbour,128622,Commercial,Freehold,2010-04-11,2020-09-06,154328711,True,DEV-0006
PLOT-007877,3788-A,Business Bay,166234,Green,Freehold,2002-12-13,2020-11-12,492438200,False,DEV-0134
PLOT-007878,726-B,Town Square,179694,Residential,Freehold,2009-01-01,2019-01-18,14065957,False,DEV-0086
PLOT-007879,8957-D,Mirdif,386997,Commercial,Freehold,2019-02-22,2023-04-14,417236695,False,DEV-0135
PLOT-007880,1928-E,Business Bay,351071,Residential,Freehold,2004-01-08,2015-08-13,152351290,False,DEV-0138
PLOT-007881,7513-D,Umm Suqeim,59155,Residential,Leasehold,2010-10-30,2019-10-20,384435964,False,DEV-0005
PLOT-007882,6419-B,Al Mizhar,303462,Mixed,Freehold,2007-10-26,2015-11-01,211653426,True,DEV-0083
PLOT-007883,5953-A,Business Bay,226069,Industrial,Government,2012-07-01,2021-05-31,269584311,False,DEV-0136
PLOT-007884,6365-A,Al Karama,157031,Commercial,Leasehold,2011-08-03,2018-08-09,453644494,False,DEV-0085
PLOT-007885,6872-C,DIFC,168922,Mixed,Leasehold,2021-12-17,2021-06-03,189737170,False,DEV-0134
PLOT-007886,8895-B,Sports City,326313,Commercial,Freehold,2004-11-04,2022-01-18,140926125,False,DEV-0132
PLOT-007887,3855-D,Downtown Dubai,398353,Commercial,Freehold,2021-08-30,2021-07-22,376437700,False,DEV-0053
PLOT-007888,2505-E,Dubai Land,370407,Industrial,Freehold,2020-12-02,2019-12-23,114082168,False,DEV-0189
PLOT-007889,4564-D,Ras Al Khor,474124,Residential,Leasehold,2009-08-27,2017-08-01,125050425,False,DEV-0090
PLOT-007890,6103-D,Dubai Hills Estate,144181,Industrial,Freehold,2023-09-20,2023-11-29,76494337,True,DEV-0188
PLOT-007891,3434-C,Mirdif,467369,Green,Leasehold,2019-05-10,2018-03-21,29407479,True,DEV-0052
PLOT-007892,2050-A,Al Mizhar,183715,Commercial,Leasehold,2014-07-24,2023-08-18,445887968,False,DEV-0113
PLOT-007893,151-C,Dubai Investment Park,81126,Mixed,Freehold,2011-11-11,2018-11-06,387366886,False,DEV-0155
PLOT-007894,50-E,Al Quoz,71604,Residential,Freehold,2011-07-05,2016-08-10,472605147,False,DEV-0051
PLOT-007895,6455-A,JLT,30735,Commercial,Freehold,2015-04-11,2024-07-30,171416651,True,DEV-0074
PLOT-007896,5442-A,Nad Al Sheba,462898,Mixed,Leasehold,2001-12-18,2024-04-05,458373733,False,DEV-0184
PLOT-007897,9391-B,Sports City,188102,Mixed,Freehold,2019-04-09,2015-09-25,358369418,False,DEV-0190
PLOT-007898,8223-B,Al Wasl,488075,Residential,Freehold,2004-05-20,2019-02-13,395474611,True,DEV-0089
PLOT-007899,1422-C,Dubai Investment Park,314976,Residential,Freehold,2000-08-28,2018-10-08,376325606,False,DEV-0013
PLOT-007900,9853-A,Business Bay,419805,Commercial,Freehold,2009-05-02,2022-12-11,489468298,False,DEV-0180
PLOT-007901,190-B,JLT,379313,Residential,Leasehold,2023-02-05,2016-10-09,112378973,False,DEV-0193
PLOT-007902,271-C,Al Mizhar,256915,Commercial,Leasehold,2006-06-03,2020-08-05,403245942,False,DEV-0150
PLOT-007903,1077-E,Al Quoz,466878,Commercial,Freehold,2022-04-19,2024-12-16,443379433,False,DEV-0187
PLOT-007904,4381-D,Dubai Hills Estate,171803,Residential,Leasehold,2013-03-28,2021-02-03,217516127,True,DEV-0152
PLOT-007905,8951-C,Dubailand,70884,Residential,Leasehold,2017-07-26,2022-10-18,276645472,False,DEV-0154
PLOT-007906,7637-B,Deira,23412,Mixed,Government,2015-12-24,2018-12-12,415372474,True,DEV-0187
PLOT-007907,3123-C,Jebel Ali,144637,Commercial,Leasehold,2008-05-15,2019-09-23,245953898,True,DEV-0083
PLOT-007908,2024-A,Warqa,481917,Mixed,Freehold,2015-08-15,2017-07-31,284955909,False,DEV-0198
PLOT-007909,1050-C,Al Safa,215498,Industrial,Freehold,2008-03-24,2019-10-08,244839444,False,DEV-0143
PLOT-007910,1704-A,Ras Al Khor,393745,Residential,Leasehold,2007-08-23,2016-04-30,158718106,True,DEV-0143
PLOT-007911,3250-E,Dubai Investment Park,481203,Commercial,Freehold,2015-05-02,2021-12-08,410077339,True,DEV-0096
PLOT-007912,2468-E,DIFC,40275,Mixed,Leasehold,2014-01-13,2021-07-26,262136814,False,DEV-0058
PLOT-007913,2599-C,Al Satwa,354869,Commercial,Government,2021-05-28,2016-07-20,299392777,True,DEV-0006
PLOT-007914,1396-C,Al Twar,8310,Residential,Leasehold,2012-09-05,2023-12-28,78518832,False,DEV-0112
PLOT-007915,3708-A,Al Mizhar,480507,Residential,Freehold,2004-05-30,2023-06-26,373551762,False,DEV-0072
PLOT-007916,5335-A,JVC,306459,Commercial,Freehold,2008-06-18,2019-10-22,414153859,True,DEV-0022
PLOT-007917,9028-D,International City,166163,Green,Freehold,2011-06-28,2017-01-05,192202917,True,DEV-0187
PLOT-007918,9865-C,Jumeirah,376590,Residential,Freehold,2003-04-20,2024-12-08,124002523,False,DEV-0080
PLOT-007919,4689-C,Al Mizhar,175986,Commercial,Freehold,2010-08-17,2016-03-20,259913836,False,DEV-0186
PLOT-007920,6624-A,Town Square,367774,Residential,Government,2011-08-17,2022-05-14,263240821,False,DEV-0133
PLOT-007921,22-B,Jumeirah,327209,Residential,Freehold,2020-01-19,2019-03-07,169270043,True,DEV-0140
PLOT-007922,390-E,Emaar Beachfront,191680,Residential,Freehold,2017-08-26,2022-09-02,352992496,False,DEV-0121
PLOT-007923,7461-B,Dubai Creek Harbour,255178,Industrial,Freehold,2013-01-24,2022-09-04,132082152,False,DEV-0017
PLOT-007924,9810-A,Discovery Gardens,271152,Mixed,Freehold,2004-12-25,2022-08-13,298726737,True,DEV-0015
PLOT-007925,9506-D,Mirdif,208229,Residential,Freehold,2006-08-17,2023-01-31,400243179,False,DEV-0145
PLOT-007926,8543-B,Al Furjan,433732,Mixed,Freehold,2007-08-11,2022-09-09,133935726,True,DEV-0031
PLOT-007927,6404-D,Al Mizhar,206799,Industrial,Freehold,2005-03-29,2016-09-21,48931960,False,DEV-0046
PLOT-007928,4571-A,Al Karama,39414,Commercial,Freehold,2019-10-14,2015-08-17,242596633,False,DEV-0133
PLOT-007929,6406-E,Al Wasl,236889,Commercial,Leasehold,2006-02-20,2015-03-09,279065621,False,DEV-0013
PLOT-007930,9776-A,Dubai Land,67092,Commercial,Leasehold,2021-01-21,2024-09-26,321269309,True,DEV-0037
PLOT-007931,5508-E,Warqa,118791,Residential,Freehold,2020-02-24,2016-07-21,78271858,True,DEV-0199
PLOT-007932,6603-B,Dubai Land,79335,Residential,Freehold,2000-08-08,2023-05-28,445268759,True,DEV-0180
PLOT-007933,5087-E,Deira,396628,Residential,Leasehold,2005-06-27,2019-05-16,130882347,False,DEV-0126
PLOT-007934,954-C,Ras Al Khor,361383,Residential,Freehold,2004-01-09,2015-04-16,48524144,True,DEV-0166
PLOT-007935,9526-B,Al Satwa,467621,Residential,Leasehold,2021-06-23,2016-03-12,149209717,True,DEV-0028
PLOT-007936,3207-A,Sports City,304183,Mixed,Freehold,2022-09-22,2017-06-07,86879612,False,DEV-0185
PLOT-007937,9531-E,Muhaisnah,319251,Residential,Freehold,2007-02-25,2016-07-10,429583344,False,DEV-0138
PLOT-007938,6498-C,Dubailand,295789,Residential,Government,2011-09-13,2022-01-31,418461403,True,DEV-0097
PLOT-007939,129-E,Jebel Ali,114286,Industrial,Leasehold,2021-05-01,2020-02-05,311499443,False,DEV-0042
PLOT-007940,2754-E,Motor City,495219,Industrial,Freehold,2010-03-12,2018-01-16,269866981,False,DEV-0171
PLOT-007941,5451-B,Deira,89242,Residential,Freehold,2007-10-08,2022-05-08,100002021,False,DEV-0170
PLOT-007942,4184-E,Al Qusais,261085,Commercial,Freehold,2011-09-03,2015-01-30,37257082,True,DEV-0074
PLOT-007943,9100-D,Dubai Hills Estate,266227,Commercial,Government,2011-09-26,2022-12-23,269252802,True,DEV-0065
PLOT-007944,3691-C,Town Square,54002,Commercial,Freehold,2001-04-10,2021-05-11,371141182,False,DEV-0076
PLOT-007945,7796-D,JVC,425560,Residential,Government,2009-05-14,2024-07-23,189676718,False,DEV-0106
PLOT-007946,7198-A,Motor City,385768,Industrial,Freehold,2002-06-06,2021-04-26,428345025,False,DEV-0147
PLOT-007947,1140-B,Ras Al Khor,244931,Residential,Freehold,2016-07-03,2017-04-17,398151654,True,DEV-0086
PLOT-007948,6226-C,Dubailand,156772,Residential,Leasehold,2001-11-27,2022-04-23,394320086,True,DEV-0123
PLOT-007949,556-A,Al Mizhar,51126,Residential,Government,2003-11-10,2024-04-22,363915343,True,DEV-0198
PLOT-007950,5007-E,Arabian Ranches,339538,Residential,Leasehold,2003-05-11,2023-10-10,210795768,False,DEV-0012
PLOT-007951,5359-E,Warqa,209958,Residential,Freehold,2005-05-17,2021-07-09,378788855,False,DEV-0163
PLOT-007952,1523-B,Warqa,33179,Commercial,Freehold,2021-08-04,2019-03-21,57901630,True,DEV-0019
PLOT-007953,7074-A,Palm Jumeirah,225723,Residential,Freehold,2012-04-30,2017-09-30,257178366,False,DEV-0077
PLOT-007954,4367-A,Al Quoz,400295,Residential,Freehold,2006-08-08,2022-11-18,397037801,False,DEV-0040
PLOT-007955,4089-A,DIFC,342848,Residential,Freehold,2005-09-07,2023-11-16,76533769,False,DEV-0005
PLOT-007956,1587-E,Al Mizhar,444540,Commercial,Freehold,2007-04-01,2023-09-27,118353117,True,DEV-0058
PLOT-007957,8826-B,Dubai Hills Estate,411999,Mixed,Leasehold,2016-05-03,2024-01-29,202945837,False,DEV-0091
PLOT-007958,5838-E,Al Barsha,52605,Residential,Leasehold,2007-03-07,2017-05-11,489368196,True,DEV-0106
PLOT-007959,3602-E,JVC,133955,Commercial,Leasehold,2014-11-30,2019-02-05,263274474,False,DEV-0079
PLOT-007960,2418-A,Al Mizhar,123856,Residential,Freehold,2023-09-05,2019-12-17,392636058,False,DEV-0161
PLOT-007961,1416-D,Mirdif,367892,Residential,Leasehold,2006-10-19,2019-03-18,301979843,False,DEV-0152
PLOT-007962,6392-C,Dubai Hills Estate,490904,Mixed,Freehold,2003-06-04,2021-04-18,117585778,True,DEV-0081
PLOT-007963,5878-C,Palm Jumeirah,174978,Residential,Freehold,2008-07-20,2021-08-08,54406444,True,DEV-0089
PLOT-007964,7937-C,International City,179243,Commercial,Freehold,2003-05-31,2016-06-11,280268199,True,DEV-0105
PLOT-007965,6453-D,Emaar Beachfront,109464,Commercial,Leasehold,2018-12-21,2024-05-27,327722212,False,DEV-0191
PLOT-007966,9919-E,Al Mizhar,408209,Residential,Leasehold,2021-10-23,2017-10-05,461628451,True,DEV-0024
PLOT-007967,2481-D,Emaar Beachfront,424974,Residential,Government,2018-06-05,2015-01-20,39405787,True,DEV-0099
PLOT-007968,4956-D,Downtown Dubai,386686,Residential,Freehold,2014-03-08,2017-01-12,469644431,True,DEV-0128
PLOT-007969,9567-E,Muhaisnah,115983,Commercial,Freehold,2014-02-05,2019-01-31,488358465,True,DEV-0016
PLOT-007970,7216-B,Discovery Gardens,332036,Mixed,Leasehold,2014-10-29,2016-06-18,211746229,True,DEV-0055
PLOT-007971,973-A,Al Karama,275884,Green,Freehold,2022-02-04,2023-10-20,15847194,True,DEV-0002
PLOT-007972,5031-D,Palm Jumeirah,269350,Residential,Freehold,2006-01-13,2022-08-18,23891390,False,DEV-0112
PLOT-007973,473-C,Palm Jumeirah,141937,Industrial,Freehold,2018-08-31,2015-02-08,344632897,False,DEV-0012
PLOT-007974,8633-E,Deira,423393,Residential,Leasehold,2000-01-17,2019-01-15,472563540,True,DEV-0102
PLOT-007975,9214-B,Palm Jumeirah,238323,Commercial,Freehold,2015-08-12,2020-09-23,411023667,False,DEV-0045
PLOT-007976,7734-C,Dubai Land,183013,Mixed,Leasehold,2017-09-23,2021-03-01,435636164,True,DEV-0007
PLOT-007977,7319-B,Dubai Hills Estate,455754,Industrial,Freehold,2009-05-28,2020-04-05,136412936,False,DEV-0053
PLOT-007978,9285-C,International City,345437,Commercial,Freehold,2011-06-05,2017-12-24,228807233,False,DEV-0086
PLOT-007979,3863-E,Bur Dubai,98057,Residential,Government,2012-02-01,2020-10-17,353735463,False,DEV-0162
PLOT-007980,7310-B,Jumeirah,263432,Residential,Freehold,2000-09-21,2017-01-10,337664023,False,DEV-0073
PLOT-007981,1160-C,Umm Suqeim,458716,Residential,Government,2008-04-15,2024-10-11,334450731,False,DEV-0003
PLOT-007982,6401-B,Dubai Land,125824,Green,Government,2023-03-09,2023-01-24,107453468,False,DEV-0058
PLOT-007983,2055-B,Al Satwa,97428,Mixed,Leasehold,2016-12-09,2016-07-21,31647201,False,DEV-0156
PLOT-007984,8189-B,DIFC,370932,Mixed,Freehold,2012-03-02,2015-11-02,84884261,False,DEV-0118
PLOT-007985,2660-C,Bur Dubai,321983,Mixed,Freehold,2006-07-05,2017-12-16,87837669,False,DEV-0125
PLOT-007986,5493-B,Dubai South,188225,Residential,Leasehold,2002-01-15,2023-10-11,472087361,True,DEV-0167
PLOT-007987,2658-A,Arabian Ranches,172497,Mixed,Leasehold,2007-10-26,2018-03-23,421485363,False,DEV-0090
PLOT-007988,257-A,Muhaisnah,73955,Commercial,Freehold,2020-08-22,2019-03-07,305273483,False,DEV-0172
PLOT-007989,6272-E,Warqa,309264,Mixed,Freehold,2015-09-28,2022-10-28,219323687,True,DEV-0175
PLOT-007990,6189-B,Al Satwa,429575,Residential,Government,2017-01-01,2022-02-18,420302647,True,DEV-0180
PLOT-007991,6777-A,Al Furjan,212796,Residential,Freehold,2015-08-20,2021-07-27,236219701,False,DEV-0036
PLOT-007992,4388-C,Sports City,463852,Mixed,Government,2008-10-18,2021-02-18,334352385,True,DEV-0110
PLOT-007993,2156-B,JLT,218832,Commercial,Leasehold,2001-06-18,2015-03-30,430927097,False,DEV-0089
PLOT-007994,3631-A,Deira,445396,Commercial,Leasehold,2004-01-20,2024-04-24,30560120,False,DEV-0144
PLOT-007995,1534-D,Nad Al Sheba,5763,Industrial,Leasehold,2019-01-13,2017-12-27,415074733,False,DEV-0134
PLOT-007996,7564-C,Ras Al Khor,275647,Commercial,Freehold,2019-01-18,2018-04-23,290580366,True,DEV-0069
PLOT-007997,4814-C,Mirdif,139317,Residential,Government,2016-09-19,2019-08-03,474916357,True,DEV-0120
PLOT-007998,9222-D,Dubai Hills Estate,383551,Commercial,Government,2012-12-09,2024-09-12,84254995,True,DEV-0196
PLOT-007999,8682-C,Business Bay,315126,Commercial,Government,2010-02-17,2016-06-10,357924765,False,DEV-0017
PLOT-008000,2337-D,JVC,316240,Residential,Freehold,2019-07-16,2022-11-03,486650799,True,DEV-0096
