project_id,project_name,developer,area,project_type,total_units,sold_units,sold_percentage,launch_year,completion_year,status,avg_price_per_sqft_aed,min_price_aed,max_price_aed,floors,has_amenities,is_freehold
PRJ-00001,Motor Residences 17,Sobha Realty,Motor City,Residential,367,347,94.8,2019,,Under Construction,2762,1434533,14152045,10,False,True
PRJ-00002,Tiger Al Tower 1,Tiger Properties,Al Karama,Residential,1275,929,72.9,2013,,Under Construction,2184,729933,19433220,43,False,True
PRJ-00003,Downtown Residences 18,Tiger Properties,Downtown Dubai,Residential,1497,763,51.0,2015,,Under Construction,4458,811219,9162632,79,False,True
PRJ-00004,Aldar Dubai Tower 7,Aldar,Dubai Creek Harbour,Commercial,1645,959,58.3,2018,,Under Construction,2108,1086073,12384901,60,False,True
PRJ-00005,Meraas Sports Tower 5,Meraas,Sports City,Mixed Use,187,159,85.0,2023,2025.0,Completed,2326,903897,12158123,59,True,False
PRJ-00006,Deyaar Umm Tower 5,Deyaar Development,Umm Suqeim,Residential,1491,1264,84.8,2020,,Under Construction,2117,381586,19510832,51,False,True
PRJ-00007,Nakheel Discovery Tower 8,Nakheel,Discovery Gardens,Residential,1928,1474,76.5,2017,2019.0,Completed,1704,1361744,19299245,52,True,True
PRJ-00008,DIFC Residences 18,Arada,DIFC,Residential,1677,606,36.2,2022,,Off-Plan,1880,1105598,17430293,69,True,True
PRJ-00009,Al Residences 3,Danube Properties,Al Safa,Mixed Use,1612,1521,94.4,2009,,Off-Plan,843,1039215,14103631,35,False,True
PRJ-00010,Emaar Residences 17,Tiger Properties,Emaar Beachfront,Residential,918,562,61.3,2010,2015.0,Completed,1749,474946,17479443,16,True,False
PRJ-00011,Omniyat JVC Tower 9,Omniyat,JVC,Commercial,1329,802,60.4,2018,,Off-Plan,3765,1244192,8354957,34,True,True
PRJ-00012,Dubai Residences 2,DAMAC Properties,Dubai Creek Harbour,Mixed Use,1870,893,47.8,2022,,Off-Plan,1176,1112301,11270244,22,True,False
PRJ-00013,Town Residences 2,DAMAC Properties,Town Square,Residential,222,146,65.8,2021,2026.0,Completed,4039,969756,23465640,46,True,True
PRJ-00014,Al Residences 4,Dubai Properties,Al Safa,Mixed Use,1172,1013,86.4,2011,2014.0,Completed,4387,508911,21266166,70,True,False
PRJ-00015,Aldar Dubai Tower 3,Aldar,Dubai Hills Estate,Residential,1410,1246,88.4,2020,2025.0,Completed,2817,316010,13029876,17,True,True
PRJ-00016,Emaar Dubai Tower 8,Emaar Properties,Dubai Creek Harbour,Mixed Use,1813,1152,63.6,2024,2028.0,Completed,2540,1252497,22753461,38,True,True
PRJ-00017,Dubai Residences 19,Sobha Realty,Dubai Hills Estate,Mixed Use,94,78,83.0,2023,,Off-Plan,4002,1026202,6106230,55,True,True
PRJ-00018,Emaar Dubai Tower 4,Emaar Properties,Dubai Creek Harbour,Commercial,356,347,97.7,2023,2028.0,Completed,4336,1088316,11081078,21,False,True
PRJ-00019,Town Residences 9,Ellington Properties,Town Square,Mixed Use,602,560,93.1,2010,2013.0,Completed,2784,1325160,23559830,43,True,True
PRJ-00020,Town Residences 15,Seven Tides,Town Square,Residential,1102,904,82.0,2009,2014.0,Completed,1422,810628,10261557,72,True,True
PRJ-00021,JVC Residences 13,MAG Property Development,JVC,Mixed Use,1573,1569,99.7,2023,2026.0,Completed,4298,1365641,7753406,30,True,True
PRJ-00022,Tiger Discovery Tower 1,Tiger Properties,Discovery Gardens,Residential,923,682,74.0,2017,,Off-Plan,2223,1049853,12563459,43,True,True
PRJ-00023,Town Residences 17,Arada,Town Square,Mixed Use,1591,546,34.4,2005,,Off-Plan,1278,770126,24624104,55,True,True
PRJ-00024,Dubai Residences 16,Binghatti,Dubai Hills Estate,Mixed Use,515,164,32.0,2008,,Off-Plan,2339,510336,17288829,62,True,False
PRJ-00025,Nakheel Al Tower 1,Nakheel,Al Safa,Residential,1989,1340,67.4,2007,2009.0,Completed,2135,621291,14087860,22,True,False
PRJ-00026,Select Al Tower 3,Select Group,Al Karama,Residential,850,545,64.2,2024,2027.0,Completed,3669,1445103,13818152,35,True,True
PRJ-00027,Umm Residences 16,Omniyat,Umm Suqeim,Mixed Use,1983,645,32.5,2022,,Under Construction,2547,683614,18782619,33,True,True
PRJ-00028,International Residences 15,Tiger Properties,International City,Residential,158,148,93.9,2009,,Under Construction,3141,550783,22305871,21,True,True
PRJ-00029,Dubai Residences 13,Arada,Dubai Hills Estate,Hospitality,660,619,93.8,2022,,Under Construction,1428,1485310,15370904,69,True,True
PRJ-00030,Al Residences 11,Dubai Properties,Al Satwa,Mixed Use,904,536,59.4,2018,,Off-Plan,3558,1281559,7173170,43,True,True
PRJ-00031,Al Residences 10,Ellington Properties,Al Safa,Mixed Use,368,301,82.0,2024,,Off-Plan,1781,1183038,22509470,61,True,True
PRJ-00032,Deira Residences 14,Meraas,Deira,Mixed Use,1005,791,78.8,2011,2013.0,Completed,3006,1272697,19451791,70,True,True
PRJ-00033,Bur Residences 11,Danube Properties,Bur Dubai,Residential,139,84,61.0,2024,2027.0,Completed,1063,1229774,4645733,74,False,False
PRJ-00034,Deira Residences 17,Omniyat,Deira,Residential,982,906,92.3,2017,,Under Construction,1104,902116,3141954,59,True,False
PRJ-00035,Deira Residences 7,Meraas,Deira,Residential,810,473,58.5,2017,,Off-Plan,4149,311569,19349583,75,True,True
PRJ-00036,Business Residences 19,Omniyat,Business Bay,Mixed Use,544,382,70.3,2014,2018.0,Completed,2474,1485491,19769593,40,True,True
PRJ-00037,Al Residences 8,Select Group,Al Safa,Residential,1453,1353,93.1,2011,,Stalled,4403,487886,5287384,52,True,True
PRJ-00038,MAG Al Tower 9,MAG Property Development,Al Safa,Commercial,1252,1030,82.3,2019,2022.0,Completed,4226,1440501,19641141,14,True,True
PRJ-00039,Emaar JLT Tower 7,Emaar Properties,JLT,Mixed Use,560,130,23.4,2013,,Off-Plan,4045,1498750,17269337,5,True,True
PRJ-00040,JLT Residences 1,Omniyat,JLT,Residential,892,816,91.6,2007,,Under Construction,3615,1258891,7361728,7,False,True
PRJ-00041,Deyaar Al Tower 3,Deyaar Development,Al Satwa,Residential,1943,1720,88.5,2008,2011.0,Completed,4168,557584,17588454,73,True,True
PRJ-00042,Sobha Al Tower 5,Sobha Realty,Al Barsha,Hospitality,1993,1315,66.0,2010,,Under Construction,4366,1204533,9229125,26,True,False
PRJ-00043,Binghatti International Tower 1,Binghatti,International City,Residential,1028,950,92.4,2009,2013.0,Completed,1546,811494,16791946,47,False,True
PRJ-00044,Danube Town Tower 2,Danube Properties,Town Square,Residential,951,793,83.4,2021,,Under Construction,3988,724854,12481789,64,False,True
PRJ-00045,Nakheel Dubai Tower 1,Nakheel,Dubai Creek Harbour,Residential,1947,1105,56.8,2018,,Off-Plan,1962,933551,17400699,16,True,True
PRJ-00046,Town Residences 9,Binghatti,Town Square,Residential,382,344,90.3,2020,2022.0,Completed,1771,1095988,3034777,74,True,True
PRJ-00047,Binghatti Nad Tower 5,Binghatti,Nad Al Sheba,Residential,543,177,32.8,2019,,Under Construction,3699,475249,17671766,20,True,True
PRJ-00048,JVC Residences 17,Azizi Developments,JVC,Mixed Use,1237,914,73.9,2010,2015.0,Completed,2117,314233,10873935,79,False,True
PRJ-00049,Arada International Tower 7,Arada,International City,Residential,578,518,89.7,2011,2013.0,Completed,4445,725928,10367932,8,False,True
PRJ-00050,Omniyat Dubai Tower 3,Omniyat,Dubai Marina,Commercial,1791,985,55.0,2022,,Under Construction,2340,622166,14908404,35,True,True
PRJ-00051,Mirdif Residences 1,Sobha Realty,Mirdif,Residential,1412,1236,87.6,2013,2017.0,Completed,3696,432651,5953863,46,True,True
PRJ-00052,Jumeirah Residences 13,Emaar Properties,Jumeirah,Residential,726,632,87.1,2017,2020.0,Completed,2046,517603,10997269,71,True,True
PRJ-00053,Meraas Sports Tower 9,Meraas,Sports City,Residential,1420,1105,77.8,2015,2018.0,Completed,2888,792999,11932666,26,True,False
PRJ-00054,Nad Residences 16,MAG Property Development,Nad Al Sheba,Residential,86,17,20.8,2013,,Stalled,3236,716003,8986968,32,True,True
PRJ-00055,Al Residences 11,Meraas,Al Quoz,Residential,1586,1186,74.8,2013,2015.0,Completed,2204,1290693,13002655,61,False,True
PRJ-00056,Al Residences 20,Arada,Al Karama,Residential,369,195,53.0,2016,,Under Construction,1951,1281255,12768948,36,True,False
PRJ-00057,Meraas Motor Tower 5,Meraas,Motor City,Residential,653,602,92.3,2017,,Off-Plan,1381,1074364,11443546,24,True,True
PRJ-00058,Nad Residences 3,Seven Tides,Nad Al Sheba,Commercial,1963,1795,91.5,2009,2012.0,Completed,1830,770924,11087301,5,False,True
PRJ-00059,Danube Mirdif Tower 6,Danube Properties,Mirdif,Mixed Use,1567,1015,64.8,2012,2016.0,Completed,1301,1252492,7176647,44,False,False
PRJ-00060,Ellington Dubai Tower 8,Ellington Properties,Dubai Marina,Commercial,1243,765,61.6,2014,2016.0,Completed,3530,1217343,23407143,57,False,True
PRJ-00061,Jumeirah Residences 1,Omniyat,Jumeirah,Residential,252,229,91.2,2021,,Under Construction,2562,902714,16932182,11,True,True
PRJ-00062,Emaar Mirdif Tower 2,Emaar Properties,Mirdif,Mixed Use,674,197,29.3,2022,,Under Construction,2666,899060,13979386,41,True,True
PRJ-00063,Town Residences 11,Tiger Properties,Town Square,Mixed Use,1741,1200,69.0,2024,2026.0,Completed,1238,1027646,8511938,61,True,True
PRJ-00064,Binghatti Umm Tower 5,Binghatti,Umm Suqeim,Residential,570,346,60.8,2020,,Under Construction,2472,1104329,12130287,8,True,True
PRJ-00065,Motor Residences 19,Tiger Properties,Motor City,Residential,588,493,83.9,2005,,Under Construction,3232,399714,4584119,66,False,True
PRJ-00066,DAMAC Al Tower 5,DAMAC Properties,Al Karama,Mixed Use,572,374,65.6,2005,2008.0,Completed,1830,1311470,20386699,13,True,True
PRJ-00067,Sports Residences 1,Tiger Properties,Sports City,Residential,467,101,21.7,2017,,Stalled,1125,1386177,3132093,17,True,True
PRJ-00068,Nakheel Ras Tower 6,Nakheel,Ras Al Khor,Hospitality,250,103,41.3,2017,,Under Construction,3783,1399056,21725880,41,True,True
PRJ-00069,International Residences 14,DAMAC Properties,International City,Residential,1859,498,26.8,2023,,Off-Plan,1299,1455618,9151370,29,True,True
PRJ-00070,Binghatti Umm Tower 9,Binghatti,Umm Suqeim,Commercial,1754,694,39.6,2011,,Under Construction,4407,1093938,4154601,62,True,False
PRJ-00071,Dubai Downtown Tower 9,Dubai Properties,Downtown Dubai,Commercial,1851,1516,81.9,2006,,Under Construction,3814,628662,11945794,48,True,False
PRJ-00072,Sobha Emaar Tower 5,Sobha Realty,Emaar Beachfront,Residential,275,124,45.2,2024,,Under Construction,2829,511051,15613156,8,True,True
PRJ-00073,Jumeirah Residences 12,Nakheel,Jumeirah,Residential,1358,1261,92.9,2015,2018.0,Completed,897,1321056,16683672,37,True,True
PRJ-00074,Nad Residences 3,Sobha Realty,Nad Al Sheba,Residential,490,296,60.5,2016,,Under Construction,2296,572546,6487279,38,True,True
PRJ-00075,Town Residences 4,Binghatti,Town Square,Residential,1939,1908,98.4,2011,2014.0,Completed,3804,1482768,11574199,12,True,True
PRJ-00076,DAMAC Bur Tower 3,DAMAC Properties,Bur Dubai,Mixed Use,1385,1281,92.6,2024,2026.0,Completed,4085,500007,3727132,56,False,True
PRJ-00077,Downtown Residences 1,Select Group,Downtown Dubai,Residential,598,260,43.5,2023,,Under Construction,2313,1339978,21446634,68,True,True
PRJ-00078,Al Residences 13,Nakheel,Al Barsha,Residential,1148,697,60.8,2010,2015.0,Completed,2517,1427498,23001912,33,True,False
PRJ-00079,Al Residences 17,Ellington Properties,Al Wasl,Commercial,886,870,98.3,2023,2028.0,Completed,2949,1379819,15498892,53,True,True
PRJ-00080,JLT Residences 15,Aldar,JLT,Commercial,1598,971,60.8,2020,,Under Construction,910,574699,16228719,63,True,False
PRJ-00081,DAMAC Dubai Tower 2,DAMAC Properties,Dubai Marina,Mixed Use,364,299,82.3,2012,,Off-Plan,4239,994580,2204105,76,True,True
PRJ-00082,Dubai Residences 13,Meraas,Dubai Creek Harbour,Residential,1679,1088,64.8,2023,2025.0,Completed,3126,358384,3337613,6,True,True
PRJ-00083,Dubai Al Tower 8,Dubai Properties,Al Qusais,Hospitality,1803,1329,73.7,2017,2019.0,Completed,1364,866690,21516980,50,True,True
PRJ-00084,Deyaar Arabian Tower 3,Deyaar Development,Arabian Ranches,Residential,1340,858,64.1,2012,2015.0,Completed,1672,414092,13721045,30,False,True
PRJ-00085,Business Residences 16,Nakheel,Business Bay,Residential,73,61,83.7,2007,,Off-Plan,3097,484528,18573076,56,False,False
PRJ-00086,MAG International Tower 4,MAG Property Development,International City,Residential,822,724,88.1,2011,,Under Construction,4168,1468465,7242971,21,True,False
PRJ-00087,Dubai Town Tower 9,Dubai Properties,Town Square,Mixed Use,937,280,29.9,2008,,Under Construction,2962,953889,8779066,7,True,False
PRJ-00088,Motor Residences 1,DAMAC Properties,Motor City,Residential,116,32,27.8,2017,,Under Construction,1400,582381,9115784,18,True,True
PRJ-00089,Danube Ras Tower 5,Danube Properties,Ras Al Khor,Residential,1519,1172,77.2,2008,,Off-Plan,1442,1150227,13305849,24,True,True
PRJ-00090,Sobha Deira Tower 5,Sobha Realty,Deira,Mixed Use,226,171,75.7,2019,,Under Construction,3601,1016541,14538325,54,False,True
PRJ-00091,DIFC Residences 8,Meraas,DIFC,Mixed Use,1132,694,61.4,2024,2026.0,Completed,1892,535516,22716623,61,True,True
PRJ-00092,Ellington Al Tower 9,Ellington Properties,Al Safa,Residential,1140,934,82.0,2006,,Under Construction,4263,591173,14136788,10,True,True
PRJ-00093,JVC Residences 7,Azizi Developments,JVC,Residential,925,671,72.6,2006,2011.0,Completed,3682,741526,5733709,62,False,True
PRJ-00094,Sobha Al Tower 4,Sobha Realty,Al Barsha,Residential,1551,620,40.0,2013,,Off-Plan,4312,758858,2935096,67,True,False
PRJ-00095,Motor Residences 7,Tiger Properties,Motor City,Residential,1899,1475,77.7,2007,2011.0,Completed,3029,707905,7074319,75,True,True
PRJ-00096,Deira Residences 1,Nakheel,Deira,Residential,1598,1475,92.3,2013,2015.0,Completed,3528,1288127,11130897,70,False,True
PRJ-00097,Motor Residences 20,Reportage,Motor City,Commercial,1011,791,78.3,2017,,Under Construction,1062,561355,16688750,69,True,True
PRJ-00098,Meraas Al Tower 9,Meraas,Al Satwa,Mixed Use,1140,850,74.6,2005,2009.0,Completed,3262,1385341,14015256,61,True,True
PRJ-00099,Nad Residences 17,Nakheel,Nad Al Sheba,Mixed Use,1724,442,25.7,2011,,Under Construction,1493,1062640,3538484,45,True,True
PRJ-00100,MAG JLT Tower 5,MAG Property Development,JLT,Residential,169,162,96.2,2024,2027.0,Completed,3115,1165864,20103651,53,False,True
PRJ-00101,Seven Al Tower 1,Seven Tides,Al Satwa,Residential,1364,1209,88.6,2016,2020.0,Completed,2160,962561,14339952,5,True,True
PRJ-00102,Discovery Residences 6,Meraas,Discovery Gardens,Mixed Use,1244,1032,83.0,2018,2020.0,Completed,1627,1358978,21471698,29,True,True
PRJ-00103,Azizi Palm Tower 4,Azizi Developments,Palm Jumeirah,Commercial,1378,1280,92.9,2014,2019.0,Completed,3616,689980,19962346,57,False,False
PRJ-00104,Motor Residences 18,MAG Property Development,Motor City,Hospitality,476,248,52.3,2022,,Under Construction,3029,314870,13821306,74,True,True
PRJ-00105,JLT Residences 10,DAMAC Properties,JLT,Residential,1935,1612,83.3,2005,,Off-Plan,4336,308413,7962311,11,True,False
PRJ-00106,Town Residences 16,Arada,Town Square,Residential,294,60,20.4,2020,,Off-Plan,3267,1017921,3397867,49,False,True
PRJ-00107,Al Residences 16,Seven Tides,Al Wasl,Hospitality,1214,356,29.4,2007,,Under Construction,3827,1144038,24355449,5,True,True
PRJ-00108,Al Residences 5,Sobha Realty,Al Qusais,Residential,1708,1441,84.4,2005,,Off-Plan,3194,992768,23594761,33,False,True
PRJ-00109,Al Residences 10,Dubai Properties,Al Qusais,Residential,438,387,88.5,2013,2018.0,Completed,1160,646415,6772609,13,False,True
PRJ-00110,Jumeirah Residences 11,Binghatti,Jumeirah,Mixed Use,546,172,31.5,2015,,Under Construction,4082,347468,24383823,34,True,True
PRJ-00111,Dubai Residences 2,MAG Property Development,Dubai Marina,Residential,1981,965,48.7,2005,,Under Construction,1497,1433882,4314893,24,False,True
PRJ-00112,Nakheel Umm Tower 4,Nakheel,Umm Suqeim,Residential,838,173,20.7,2021,,Off-Plan,3419,1097561,20762676,62,True,True
PRJ-00113,Emaar Residences 16,Emaar Properties,Emaar Beachfront,Residential,1843,573,31.1,2024,,Stalled,3044,1192994,7410065,5,False,True
PRJ-00114,Select Emaar Tower 2,Select Group,Emaar Beachfront,Mixed Use,288,266,92.7,2020,,Under Construction,3353,638301,17118659,9,True,True
PRJ-00115,Bur Residences 17,Danube Properties,Bur Dubai,Residential,1162,909,78.3,2018,2022.0,Completed,1674,598734,23914506,75,False,True
PRJ-00116,Nakheel Dubai Tower 2,Nakheel,Dubai Creek Harbour,Commercial,983,724,73.7,2012,2017.0,Completed,1868,1224494,10316565,70,True,True
PRJ-00117,Select Dubai Tower 2,Select Group,Dubai Marina,Commercial,692,426,61.7,2016,2018.0,Completed,4103,657536,16819651,65,False,True
PRJ-00118,DAMAC Al Tower 6,DAMAC Properties,Al Barsha,Residential,1273,1011,79.4,2023,,Off-Plan,886,1382754,12865191,74,False,True
PRJ-00119,Ellington Dubai Tower 9,Ellington Properties,Dubai Hills Estate,Mixed Use,1349,1178,87.3,2015,2019.0,Completed,1519,888798,16930409,38,True,True
PRJ-00120,Jumeirah Residences 9,Aldar,Jumeirah,Residential,1157,528,45.7,2017,,Under Construction,2419,680876,3323281,51,True,True
PRJ-00121,Umm Residences 12,Nakheel,Umm Suqeim,Residential,259,201,77.6,2016,2021.0,Completed,2443,807278,8301636,75,False,True
PRJ-00122,Jumeirah Residences 6,Select Group,Jumeirah,Mixed Use,705,298,42.4,2017,,Under Construction,3044,902336,20800583,29,True,True
PRJ-00123,Select JLT Tower 9,Select Group,JLT,Mixed Use,1008,806,80.0,2024,,Stalled,4473,604795,18625136,8,False,True
PRJ-00124,Deyaar Downtown Tower 8,Deyaar Development,Downtown Dubai,Residential,1314,663,50.5,2015,,Stalled,833,408823,14612116,23,True,False
PRJ-00125,Al Residences 3,Nakheel,Al Karama,Residential,1200,1084,90.4,2016,2019.0,Completed,1310,594562,20988419,19,True,True
PRJ-00126,Al Residences 14,Arada,Al Satwa,Residential,1147,786,68.5,2006,,Stalled,4472,327293,2052752,38,False,True
PRJ-00127,Omniyat Palm Tower 4,Omniyat,Palm Jumeirah,Residential,100,51,51.7,2016,,Off-Plan,1195,975830,6753130,47,True,True
PRJ-00128,Al Residences 19,Sobha Realty,Al Karama,Residential,209,102,48.9,2017,,Stalled,2025,414882,14399364,41,True,True
PRJ-00129,Motor Residences 16,Arada,Motor City,Mixed Use,1860,1720,92.5,2020,,Under Construction,1954,647385,23991267,60,True,True
PRJ-00130,Sobha International Tower 8,Sobha Realty,International City,Mixed Use,383,356,93.2,2008,,Under Construction,1163,883876,8022630,51,True,True
PRJ-00131,JVC Residences 5,Reportage,JVC,Commercial,1931,702,36.4,2006,,Off-Plan,4349,680541,13310198,73,True,True
PRJ-00132,Emaar Dubai Tower 2,Emaar Properties,Dubai Hills Estate,Residential,540,184,34.2,2024,,Off-Plan,2415,423443,23436475,57,False,True
PRJ-00133,Al Residences 19,Aldar,Al Qusais,Residential,1260,738,58.6,2019,,Under Construction,2650,1333632,10693738,67,True,True
PRJ-00134,DIFC Residences 11,MAG Property Development,DIFC,Mixed Use,1837,1185,64.6,2010,2012.0,Completed,1843,1330799,2505121,30,False,True
PRJ-00135,Mirdif Residences 18,Ellington Properties,Mirdif,Residential,93,64,69.1,2021,,Under Construction,1396,1291037,16241015,10,True,True
PRJ-00136,Umm Residences 18,Ellington Properties,Umm Suqeim,Mixed Use,1121,592,52.8,2009,,Under Construction,2102,567169,4082274,64,True,False
PRJ-00137,Bur Residences 18,Tiger Properties,Bur Dubai,Residential,1234,857,69.5,2017,2022.0,Completed,3596,1443401,9577443,21,False,False
PRJ-00138,Select Nad Tower 2,Select Group,Nad Al Sheba,Mixed Use,1644,1223,74.4,2021,,Off-Plan,2246,719741,11516949,78,True,False
PRJ-00139,Emaar Ras Tower 7,Emaar Properties,Ras Al Khor,Residential,1424,1160,81.5,2013,,Off-Plan,4436,376509,13608281,38,True,True
PRJ-00140,Nakheel Dubai Tower 2,Nakheel,Dubai Creek Harbour,Residential,727,656,90.3,2015,2020.0,Completed,3104,402664,19890143,38,False,True
PRJ-00141,Motor Residences 15,Seven Tides,Motor City,Residential,1343,406,30.2,2024,,Off-Plan,1406,368215,12871460,59,True,True
PRJ-00142,Emaar Dubai Tower 1,Emaar Properties,Dubai Hills Estate,Mixed Use,266,243,91.6,2024,2028.0,Completed,1548,1393497,15903404,55,False,True
PRJ-00143,Town Residences 20,Reportage,Town Square,Mixed Use,719,676,94.1,2023,2025.0,Completed,4456,423253,18576851,18,True,True
PRJ-00144,Bur Residences 15,MAG Property Development,Bur Dubai,Residential,748,172,23.1,2019,,Under Construction,1011,784594,5904185,14,True,True
PRJ-00145,Meraas Dubai Tower 8,Meraas,Dubai Creek Harbour,Residential,162,102,63.3,2007,,Off-Plan,4194,937431,3899946,50,True,True
PRJ-00146,Emaar Residences 2,Ellington Properties,Emaar Beachfront,Residential,1279,1012,79.1,2010,2014.0,Completed,1494,1149839,24197093,52,False,True
PRJ-00147,Select Al Tower 2,Select Group,Al Quoz,Residential,901,801,88.9,2023,2025.0,Completed,1685,955178,21437830,74,True,True
PRJ-00148,Omniyat International Tower 2,Omniyat,International City,Residential,476,323,68.0,2014,2018.0,Completed,841,1440900,12665251,52,True,True
PRJ-00149,Ras Residences 20,Omniyat,Ras Al Khor,Commercial,1226,1048,85.5,2019,,Under Construction,3831,963655,8917545,55,True,False
PRJ-00150,Binghatti Al Tower 9,Binghatti,Al Safa,Commercial,1820,1403,77.1,2024,2028.0,Completed,2302,761016,22188938,65,True,False
PRJ-00151,Al Residences 20,Select Group,Al Quoz,Residential,907,770,85.0,2021,2023.0,Completed,2242,1151552,17321244,58,True,True
PRJ-00152,Town Residences 5,Nakheel,Town Square,Residential,506,264,52.3,2023,,Under Construction,4498,424962,4164189,21,True,True
PRJ-00153,Binghatti Al Tower 7,Binghatti,Al Qusais,Commercial,126,51,40.9,2024,,Under Construction,3164,1437760,4740280,28,True,True
PRJ-00154,MAG Dubai Tower 9,MAG Property Development,Dubai Marina,Residential,1185,986,83.3,2009,2011.0,Completed,4297,326306,8549031,76,True,True
PRJ-00155,Omniyat Arabian Tower 5,Omniyat,Arabian Ranches,Residential,1143,791,69.2,2013,,Off-Plan,1722,876911,13769107,62,True,False
PRJ-00156,Town Residences 15,MAG Property Development,Town Square,Commercial,468,395,84.4,2013,2017.0,Completed,4092,670195,10672212,56,True,True
PRJ-00157,Tiger Arabian Tower 9,Tiger Properties,Arabian Ranches,Hospitality,837,742,88.7,2024,2029.0,Completed,1729,1316192,19874477,16,True,True
PRJ-00158,Al Residences 10,Seven Tides,Al Safa,Commercial,936,544,58.2,2020,,Under Construction,2817,613399,19300570,40,True,False
PRJ-00159,MAG Dubai Tower 7,MAG Property Development,Dubai Creek Harbour,Residential,893,541,60.7,2006,,Under Construction,3258,323359,21638304,72,False,True
PRJ-00160,International Residences 1,Azizi Developments,International City,Residential,698,532,76.2,2018,,Off-Plan,2621,1435871,2509727,13,True,True
PRJ-00161,Arabian Residences 15,Seven Tides,Arabian Ranches,Residential,531,459,86.6,2007,,Under Construction,2496,857472,16444848,25,False,True
PRJ-00162,Ras Residences 2,Omniyat,Ras Al Khor,Commercial,1512,467,30.9,2019,,Under Construction,930,1303722,16492836,14,True,True
PRJ-00163,Aldar Al Tower 6,Aldar,Al Safa,Residential,1290,1125,87.2,2010,,Under Construction,1645,996358,3526381,41,True,False
PRJ-00164,Binghatti Mirdif Tower 7,Binghatti,Mirdif,Commercial,1321,589,44.6,2005,,Off-Plan,2927,322190,22645991,66,True,True
PRJ-00165,Discovery Residences 7,Meraas,Discovery Gardens,Residential,481,440,91.5,2022,2027.0,Completed,4144,779018,16011835,43,True,False
PRJ-00166,JVC Residences 1,Reportage,JVC,Mixed Use,1576,837,53.1,2014,,Under Construction,4041,1197271,23581844,9,False,False
PRJ-00167,Danube Emaar Tower 7,Danube Properties,Emaar Beachfront,Mixed Use,1198,563,47.0,2011,,Under Construction,3448,649925,21732755,54,True,True
PRJ-00168,Arabian Residences 7,Emaar Properties,Arabian Ranches,Residential,723,499,69.2,2017,,Off-Plan,1520,1410149,21517547,25,True,True
PRJ-00169,Seven DIFC Tower 8,Seven Tides,DIFC,Mixed Use,1957,1506,77.0,2007,,Under Construction,4258,1229021,22950944,41,True,True
PRJ-00170,MAG Al Tower 9,MAG Property Development,Al Safa,Residential,1927,1327,68.9,2006,2011.0,Completed,1267,904970,5435363,61,True,True
PRJ-00171,Al Residences 14,Seven Tides,Al Wasl,Residential,1063,446,42.0,2020,,Stalled,2377,1447299,2251577,74,True,True
PRJ-00172,Ellington Jumeirah Tower 7,Ellington Properties,Jumeirah,Residential,113,91,81.0,2005,,Off-Plan,3894,943355,5810678,21,True,False
PRJ-00173,Seven JLT Tower 1,Seven Tides,JLT,Commercial,1817,1325,72.9,2005,2010.0,Completed,1209,970719,16013053,11,True,False
PRJ-00174,Select Downtown Tower 9,Select Group,Downtown Dubai,Residential,784,678,86.5,2008,2010.0,Completed,1936,1313543,20549329,76,True,True
PRJ-00175,DAMAC Al Tower 3,DAMAC Properties,Al Qusais,Residential,856,779,91.1,2018,,Off-Plan,2879,1417181,16918014,16,False,False
PRJ-00176,Emaar Residences 5,Aldar,Emaar Beachfront,Mixed Use,699,646,92.5,2021,2024.0,Completed,2798,805992,5470614,26,True,True
PRJ-00177,Ras Residences 9,Meraas,Ras Al Khor,Residential,504,490,97.4,2018,2021.0,Completed,1906,1151104,12314548,16,True,False
PRJ-00178,Dubai Residences 8,DAMAC Properties,Dubai Marina,Mixed Use,1567,1155,73.7,2014,2018.0,Completed,1929,390737,21831439,68,True,True
PRJ-00179,Deyaar Ras Tower 4,Deyaar Development,Ras Al Khor,Commercial,496,375,75.7,2014,,Under Construction,1238,935816,7651804,67,False,False
PRJ-00180,MAG Motor Tower 4,MAG Property Development,Motor City,Hospitality,189,148,78.7,2018,2021.0,Completed,4491,1014907,7582650,58,True,True
PRJ-00181,Emaar Residences 12,Deyaar Development,Emaar Beachfront,Residential,1553,951,61.2,2007,2011.0,Completed,1420,1254219,4386775,22,True,True
PRJ-00182,Emaar Al Tower 4,Emaar Properties,Al Safa,Commercial,1248,853,68.4,2022,2027.0,Completed,1499,1299814,19269584,9,False,False
PRJ-00183,Umm Residences 9,Arada,Umm Suqeim,Mixed Use,612,556,91.0,2007,2011.0,Completed,2205,473205,7680214,9,True,False
PRJ-00184,JVC Residences 13,Danube Properties,JVC,Hospitality,1074,768,71.6,2016,2019.0,Completed,1822,1205951,3096663,40,True,True
PRJ-00185,Azizi Bur Tower 9,Azizi Developments,Bur Dubai,Residential,1256,658,52.4,2005,,Under Construction,2726,1114620,9871777,76,True,True
PRJ-00186,Discovery Residences 8,Ellington Properties,Discovery Gardens,Mixed Use,439,324,74.0,2015,2019.0,Completed,4082,1339663,24053250,63,True,True
PRJ-00187,Business Residences 3,Deyaar Development,Business Bay,Residential,627,579,92.5,2010,,Off-Plan,2953,1199504,18617077,48,False,True
PRJ-00188,Danube DIFC Tower 2,Danube Properties,DIFC,Residential,1527,856,56.1,2024,,Under Construction,2279,1336166,14785306,72,True,True
PRJ-00189,Al Residences 17,Sobha Realty,Al Karama,Residential,923,294,31.9,2007,,Off-Plan,2269,1499822,10867447,32,True,True
PRJ-00190,Ellington Downtown Tower 6,Ellington Properties,Downtown Dubai,Commercial,1620,1481,91.5,2018,2020.0,Completed,3575,618044,13033387,78,True,True
PRJ-00191,JLT Residences 1,Omniyat,JLT,Residential,662,500,75.6,2013,,Off-Plan,1966,1269387,13234736,65,True,False
PRJ-00192,Mirdif Residences 19,Azizi Developments,Mirdif,Mixed Use,574,401,70.0,2011,,Off-Plan,3882,844996,22683882,61,True,True
PRJ-00193,Dubai Mirdif Tower 7,Dubai Properties,Mirdif,Commercial,1905,1768,92.8,2020,2023.0,Completed,4387,1206374,12071629,70,True,False
PRJ-00194,Al Residences 1,Aldar,Al Karama,Residential,1439,1115,77.5,2023,2026.0,Completed,2915,1487528,14302922,38,False,True
PRJ-00195,Town Residences 14,Emaar Properties,Town Square,Mixed Use,1140,1090,95.7,2013,2018.0,Completed,3217,852149,20237215,32,True,True
PRJ-00196,Danube Emaar Tower 3,Danube Properties,Emaar Beachfront,Residential,1628,1116,68.6,2016,2021.0,Completed,2035,613127,12971609,33,True,True
PRJ-00197,Al Residences 14,Deyaar Development,Al Quoz,Residential,733,564,77.0,2017,,Under Construction,2357,1373041,23696100,27,False,False
PRJ-00198,Town Residences 15,Azizi Developments,Town Square,Mixed Use,493,391,79.4,2022,,Off-Plan,1715,1006160,9759864,60,True,True
PRJ-00199,JLT Residences 13,Reportage,JLT,Mixed Use,267,93,34.9,2016,,Off-Plan,1819,1093169,6022258,44,True,False
PRJ-00200,Business Residences 15,Omniyat,Business Bay,Residential,761,591,77.8,2012,,Under Construction,1424,917960,9949400,66,True,True
PRJ-00201,Sports Residences 20,Binghatti,Sports City,Residential,469,301,64.3,2006,,Under Construction,932,341795,14500149,56,True,False
PRJ-00202,Sobha Dubai Tower 3,Sobha Realty,Dubai Marina,Residential,1049,505,48.2,2024,,Off-Plan,2524,1472178,7040475,33,False,True
PRJ-00203,Reportage Al Tower 1,Reportage,Al Qusais,Residential,565,430,76.2,2005,,Under Construction,3359,604854,18852208,66,True,False
PRJ-00204,MAG Al Tower 4,MAG Property Development,Al Satwa,Residential,1957,1664,85.1,2014,2019.0,Completed,3374,1232676,21464496,12,True,True
PRJ-00205,Motor Residences 16,Ellington Properties,Motor City,Residential,1370,1199,87.5,2020,,Off-Plan,4081,1413704,12546400,56,True,True
PRJ-00206,Mirdif Residences 10,Deyaar Development,Mirdif,Commercial,328,181,55.3,2017,,Under Construction,3235,538167,4042281,67,True,True
PRJ-00207,Palm Residences 16,Meraas,Palm Jumeirah,Mixed Use,376,223,59.6,2006,,Under Construction,2134,937457,21398400,74,True,False
PRJ-00208,Motor Residences 18,Binghatti,Motor City,Commercial,1174,811,69.1,2013,2015.0,Completed,1182,1389059,16610355,17,True,True
PRJ-00209,Bur Residences 6,Tiger Properties,Bur Dubai,Residential,737,501,68.0,2018,2020.0,Completed,2716,1395006,19895179,75,False,False
PRJ-00210,Omniyat Ras Tower 5,Omniyat,Ras Al Khor,Mixed Use,268,162,60.6,2021,2023.0,Completed,3653,1218020,8982178,60,False,True
PRJ-00211,Bur Residences 13,DAMAC Properties,Bur Dubai,Hospitality,1215,631,52.0,2006,,Off-Plan,3527,1228260,12008189,41,True,True
PRJ-00212,Reportage Dubai Tower 6,Reportage,Dubai Marina,Residential,1403,1114,79.5,2021,2025.0,Completed,4312,1157348,23008651,23,True,True
PRJ-00213,Aldar JVC Tower 5,Aldar,JVC,Mixed Use,389,342,87.9,2018,,Under Construction,3014,457169,24321354,50,False,True
PRJ-00214,Palm Residences 8,Sobha Realty,Palm Jumeirah,Hospitality,1157,965,83.5,2005,2009.0,Completed,3091,1329075,22461301,43,True,True
PRJ-00215,Mirdif Residences 15,MAG Property Development,Mirdif,Residential,622,521,83.9,2009,2014.0,Completed,1185,691532,8327047,51,True,True
PRJ-00216,Al Residences 19,Binghatti,Al Barsha,Mixed Use,1336,1206,90.3,2018,2021.0,Completed,4145,518508,6206868,36,True,True
PRJ-00217,Arada Emaar Tower 1,Arada,Emaar Beachfront,Residential,344,247,71.9,2007,,Under Construction,3863,1209122,9360482,58,True,False
PRJ-00218,Aldar JLT Tower 1,Aldar,JLT,Residential,1257,364,29.0,2024,,Under Construction,1991,843094,4590493,52,True,True
PRJ-00219,Meraas Business Tower 9,Meraas,Business Bay,Commercial,50,29,59.0,2012,,Under Construction,1382,848141,14229461,25,True,False
PRJ-00220,Downtown Residences 19,Emaar Properties,Downtown Dubai,Mixed Use,1472,798,54.2,2012,,Off-Plan,4413,1229693,2849443,35,True,True
PRJ-00221,Arabian Residences 19,Sobha Realty,Arabian Ranches,Residential,1149,829,72.2,2005,2007.0,Completed,3815,1221483,11190804,17,False,True
PRJ-00222,Omniyat Palm Tower 4,Omniyat,Palm Jumeirah,Mixed Use,891,575,64.6,2010,,Off-Plan,2836,803650,13463952,35,True,True
PRJ-00223,DAMAC Motor Tower 1,DAMAC Properties,Motor City,Residential,632,153,24.3,2009,,Under Construction,4225,847328,6589339,68,False,True
PRJ-00224,Ellington Dubai Tower 2,Ellington Properties,Dubai Creek Harbour,Residential,1848,443,24.0,2022,,Under Construction,1425,1193522,23094024,39,True,True
PRJ-00225,Bur Residences 6,MAG Property Development,Bur Dubai,Mixed Use,767,607,79.2,2021,2025.0,Completed,4437,1276115,17854417,79,True,True
PRJ-00226,Umm Residences 8,Emaar Properties,Umm Suqeim,Residential,1668,1614,96.8,2012,2016.0,Completed,2490,1129508,10335213,19,True,True
PRJ-00227,Al Residences 14,Danube Properties,Al Satwa,Residential,1028,1002,97.5,2009,2011.0,Completed,1178,1015789,7814234,69,False,True
PRJ-00228,Tiger JVC Tower 6,Tiger Properties,JVC,Residential,1952,1503,77.0,2017,2019.0,Completed,3798,1182236,2933404,54,False,True
PRJ-00229,Al Residences 18,Sobha Realty,Al Qusais,Residential,766,750,98.0,2016,2019.0,Completed,4459,898163,12604207,13,True,True
PRJ-00230,Select Dubai Tower 6,Select Group,Dubai Creek Harbour,Residential,1392,910,65.4,2021,2025.0,Completed,2938,1304767,8941463,38,False,True
PRJ-00231,Ras Residences 12,Tiger Properties,Ras Al Khor,Commercial,361,293,81.2,2006,,Off-Plan,1887,975708,21489692,62,True,True
PRJ-00232,Danube Al Tower 9,Danube Properties,Al Barsha,Residential,640,456,71.3,2015,2017.0,Completed,3337,1002769,2534479,51,False,False
PRJ-00233,Ellington Al Tower 1,Ellington Properties,Al Qusais,Hospitality,115,100,87.2,2020,2023.0,Completed,2206,689158,16511432,16,True,True
PRJ-00234,Azizi Umm Tower 9,Azizi Developments,Umm Suqeim,Commercial,478,345,72.3,2013,,Under Construction,3557,658448,16276656,59,True,True
PRJ-00235,DAMAC Palm Tower 7,DAMAC Properties,Palm Jumeirah,Residential,923,912,98.9,2013,2018.0,Completed,3846,675298,19146606,9,False,True
PRJ-00236,Al Residences 9,Arada,Al Wasl,Residential,1694,1534,90.6,2006,2008.0,Completed,1869,1466760,15113645,25,True,True
PRJ-00237,Danube Arabian Tower 5,Danube Properties,Arabian Ranches,Residential,1252,1147,91.6,2011,2015.0,Completed,4085,354696,11173138,77,True,True
PRJ-00238,Reportage Discovery Tower 3,Reportage,Discovery Gardens,Residential,1904,1750,92.0,2005,,Under Construction,3193,566499,5326013,41,False,True
PRJ-00239,Arada Motor Tower 7,Arada,Motor City,Mixed Use,1768,1664,94.1,2012,2016.0,Completed,1418,978396,22232226,18,True,True
PRJ-00240,Emaar Residences 17,Danube Properties,Emaar Beachfront,Residential,1104,708,64.2,2017,2020.0,Completed,2197,1185492,20582958,47,False,False
PRJ-00241,Azizi Mirdif Tower 5,Azizi Developments,Mirdif,Mixed Use,1312,861,65.7,2014,,Off-Plan,1706,1163137,23896041,5,True,False
PRJ-00242,Umm Residences 5,Tiger Properties,Umm Suqeim,Commercial,1179,719,61.0,2023,2025.0,Completed,1223,562160,19677462,5,False,True
PRJ-00243,Palm Residences 19,Emaar Properties,Palm Jumeirah,Mixed Use,1826,1407,77.1,2007,2011.0,Completed,1810,1007555,22461294,30,True,True
PRJ-00244,Nakheel Jumeirah Tower 8,Nakheel,Jumeirah,Residential,284,213,75.1,2020,2023.0,Completed,2581,839293,13842201,69,True,True
PRJ-00245,Nakheel DIFC Tower 4,Nakheel,DIFC,Commercial,385,281,73.0,2007,,Under Construction,2468,986680,10402274,10,True,True
PRJ-00246,Jumeirah Residences 18,MAG Property Development,Jumeirah,Residential,245,150,61.4,2012,2014.0,Completed,849,1498478,7256820,80,True,True
PRJ-00247,Omniyat Emaar Tower 7,Omniyat,Emaar Beachfront,Hospitality,1515,1301,85.9,2012,,Under Construction,1687,1106970,4143331,65,False,True
PRJ-00248,Nad Residences 11,Tiger Properties,Nad Al Sheba,Residential,1871,1093,58.4,2024,,Stalled,1363,1441922,10735473,16,True,True
PRJ-00249,Emaar Business Tower 7,Emaar Properties,Business Bay,Residential,551,494,89.8,2012,2015.0,Completed,2216,526658,12003975,72,True,True
PRJ-00250,Danube Mirdif Tower 4,Danube Properties,Mirdif,Hospitality,1166,738,63.3,2010,,Off-Plan,1727,982401,22027892,44,True,False
PRJ-00251,Meraas Business Tower 6,Meraas,Business Bay,Mixed Use,985,509,51.7,2024,,Under Construction,2834,1400108,22993230,78,True,False
PRJ-00252,Umm Residences 13,Aldar,Umm Suqeim,Residential,1934,550,28.5,2010,,Under Construction,2503,1064137,5919738,31,True,True
PRJ-00253,Ras Residences 5,Dubai Properties,Ras Al Khor,Residential,87,56,64.7,2006,,Under Construction,2855,388337,5511682,10,True,True
PRJ-00254,Nakheel Sports Tower 4,Nakheel,Sports City,Mixed Use,669,435,65.2,2012,2015.0,Completed,2126,550963,11107888,39,True,True
PRJ-00255,Downtown Residences 14,Select Group,Downtown Dubai,Hospitality,1007,940,93.4,2012,2014.0,Completed,3909,336425,5972261,62,True,True
PRJ-00256,Meraas Al Tower 7,Meraas,Al Qusais,Mixed Use,625,539,86.4,2014,2018.0,Completed,4434,1090455,20481431,63,True,True
PRJ-00257,Meraas Emaar Tower 4,Meraas,Emaar Beachfront,Residential,1454,884,60.8,2019,2023.0,Completed,2576,1363557,10558613,32,True,False
PRJ-00258,Azizi Al Tower 7,Azizi Developments,Al Qusais,Residential,1020,639,62.7,2019,,Off-Plan,1062,1146258,7192711,39,False,True
PRJ-00259,Nakheel DIFC Tower 5,Nakheel,DIFC,Residential,390,333,85.5,2022,2025.0,Completed,3858,457638,17938259,37,False,False
PRJ-00260,Aldar Emaar Tower 4,Aldar,Emaar Beachfront,Residential,498,297,59.8,2011,,Under Construction,1621,977282,15262798,53,True,True
PRJ-00261,Sports Residences 4,Reportage,Sports City,Residential,627,607,97.0,2009,2012.0,Completed,1024,1133546,19125701,75,True,False
PRJ-00262,JLT Residences 20,Azizi Developments,JLT,Residential,214,87,40.9,2016,,Under Construction,1052,579578,24061691,43,True,False
PRJ-00263,JVC Residences 12,Azizi Developments,JVC,Mixed Use,398,258,64.9,2019,,Off-Plan,1699,1249626,6891385,31,False,True
PRJ-00264,Al Residences 10,Aldar,Al Qusais,Mixed Use,1475,1042,70.7,2017,,Under Construction,2202,656227,23143991,71,True,True
PRJ-00265,Binghatti Business Tower 5,Binghatti,Business Bay,Residential,1549,1091,70.5,2017,2020.0,Completed,1551,1222813,4239512,32,True,True
PRJ-00266,Sports Residences 7,Reportage,Sports City,Mixed Use,792,552,69.8,2015,2020.0,Completed,1308,977029,8651466,23,True,False
PRJ-00267,Binghatti Al Tower 6,Binghatti,Al Quoz,Residential,812,615,75.8,2005,2008.0,Completed,2965,753206,8247152,17,True,True
PRJ-00268,MAG JVC Tower 2,MAG Property Development,JVC,Mixed Use,93,54,58.8,2011,,Under Construction,4138,514176,18235324,10,True,True
PRJ-00269,Arada Nad Tower 4,Arada,Nad Al Sheba,Residential,1446,1238,85.7,2015,2018.0,Completed,1079,653436,19311113,17,True,True
PRJ-00270,Meraas Nad Tower 1,Meraas,Nad Al Sheba,Mixed Use,1933,1463,75.7,2010,,Under Construction,2546,385705,20312066,14,False,False
PRJ-00271,Emaar Residences 10,Deyaar Development,Emaar Beachfront,Residential,1354,1120,82.8,2017,2019.0,Completed,1739,1380521,8661278,21,True,True
PRJ-00272,Reportage Jumeirah Tower 1,Reportage,Jumeirah,Residential,365,150,41.2,2009,,Under Construction,1810,367962,18553866,22,True,True
PRJ-00273,Jumeirah Residences 7,Seven Tides,Jumeirah,Residential,1493,1438,96.3,2009,2013.0,Completed,1713,671884,12484680,35,True,True
PRJ-00274,Al Residences 8,Arada,Al Quoz,Commercial,655,138,21.1,2015,,Stalled,3994,375237,9129942,9,True,True
PRJ-00275,Arabian Residences 2,Emaar Properties,Arabian Ranches,Residential,467,153,32.9,2021,,Under Construction,1214,1057640,20589827,65,False,True
PRJ-00276,Seven Discovery Tower 8,Seven Tides,Discovery Gardens,Residential,1939,1497,77.2,2010,,Off-Plan,920,1465116,21657154,54,True,True
PRJ-00277,Aldar Mirdif Tower 6,Aldar,Mirdif,Mixed Use,1911,1604,84.0,2024,2026.0,Completed,848,302892,6189644,78,True,True
PRJ-00278,Meraas Nad Tower 5,Meraas,Nad Al Sheba,Hospitality,666,270,40.6,2011,,Off-Plan,1022,718514,4405127,77,True,True
PRJ-00279,Meraas Town Tower 1,Meraas,Town Square,Residential,488,479,98.3,2014,2016.0,Completed,2394,696585,7120755,72,True,True
PRJ-00280,Dubai Residences 1,Binghatti,Dubai Creek Harbour,Mixed Use,325,255,78.5,2008,2012.0,Completed,3049,772483,24851189,50,False,True
PRJ-00281,Ras Residences 10,Seven Tides,Ras Al Khor,Residential,1685,346,20.6,2006,,Off-Plan,2017,979721,22696261,70,True,True
PRJ-00282,Sports Residences 10,Nakheel,Sports City,Commercial,1739,1602,92.1,2013,,Under Construction,2075,1243923,5021854,77,False,True
PRJ-00283,Emaar Residences 2,Danube Properties,Emaar Beachfront,Residential,277,247,89.3,2007,2011.0,Completed,1423,597708,23705945,10,True,True
PRJ-00284,Meraas Al Tower 4,Meraas,Al Satwa,Mixed Use,1447,1072,74.1,2010,,Off-Plan,2856,318758,18757491,62,True,True
PRJ-00285,DAMAC Dubai Tower 9,DAMAC Properties,Dubai Marina,Residential,711,576,81.1,2011,2013.0,Completed,1411,1223912,15324358,24,True,False
PRJ-00286,Reportage JLT Tower 4,Reportage,JLT,Commercial,1277,1204,94.3,2022,,Under Construction,725,441952,2432369,29,False,True
PRJ-00287,Dubai Residences 11,Sobha Realty,Dubai Marina,Commercial,1425,566,39.8,2018,,Stalled,4300,802459,15382165,30,True,False
PRJ-00288,Meraas Al Tower 9,Meraas,Al Karama,Residential,1831,1466,80.1,2020,2025.0,Completed,4237,689605,6159642,6,True,True
PRJ-00289,Danube Jumeirah Tower 9,Danube Properties,Jumeirah,Residential,1984,1388,70.0,2005,2009.0,Completed,2330,768809,21689315,77,False,False
PRJ-00290,Sobha Dubai Tower 1,Sobha Realty,Dubai Marina,Residential,1400,622,44.4,2010,,Under Construction,2331,1396825,20038453,42,True,True
PRJ-00291,Business Residences 2,Emaar Properties,Business Bay,Residential,962,749,77.9,2013,,Under Construction,3668,929568,2743670,48,False,True
PRJ-00292,Deyaar Jumeirah Tower 6,Deyaar Development,Jumeirah,Residential,1832,1271,69.4,2023,2028.0,Completed,3590,655462,9114410,47,True,True
PRJ-00293,Al Residences 18,Meraas,Al Quoz,Hospitality,1712,1402,81.9,2007,2010.0,Completed,3522,621478,21559042,21,True,True
PRJ-00294,Sports Residences 15,Reportage,Sports City,Residential,1028,692,67.3,2008,2012.0,Completed,757,1448298,24533298,27,False,True
PRJ-00295,Al Residences 20,Select Group,Al Quoz,Mixed Use,1349,1248,92.6,2013,,Under Construction,2440,313211,15399119,17,True,True
PRJ-00296,DAMAC Jumeirah Tower 9,DAMAC Properties,Jumeirah,Hospitality,548,398,72.7,2016,,Off-Plan,2142,1359497,13139478,61,True,True
PRJ-00297,Dubai Dubai Tower 2,Dubai Properties,Dubai Marina,Commercial,1905,807,42.4,2015,,Under Construction,3693,340577,10999748,43,False,True
PRJ-00298,Meraas Dubai Tower 4,Meraas,Dubai Creek Harbour,Hospitality,1691,1187,70.2,2021,2026.0,Completed,1230,653642,3072585,5,False,True
PRJ-00299,Tiger Discovery Tower 3,Tiger Properties,Discovery Gardens,Residential,627,213,34.0,2013,,Under Construction,2917,981913,19828391,14,True,True
PRJ-00300,JLT Residences 4,Select Group,JLT,Residential,1324,802,60.6,2005,,Off-Plan,3399,634198,6995399,47,True,True
PRJ-00301,Emaar Residences 8,Nakheel,Emaar Beachfront,Residential,181,168,93.0,2005,,Under Construction,3160,1285781,11539398,9,True,False
PRJ-00302,Meraas JLT Tower 6,Meraas,JLT,Residential,71,43,61.3,2019,2024.0,Completed,2251,1115384,7346656,26,False,True
PRJ-00303,International Residences 16,Deyaar Development,International City,Residential,476,422,88.8,2024,2028.0,Completed,1987,752095,11208244,23,True,True
PRJ-00304,Al Residences 19,Reportage,Al Qusais,Mixed Use,1326,505,38.1,2008,,Under Construction,2107,1246885,17893991,28,True,True
PRJ-00305,Dubai Residences 7,Emaar Properties,Dubai Hills Estate,Commercial,1085,543,50.1,2017,,Under Construction,2078,1064185,4743320,13,False,True
PRJ-00306,Nakheel Motor Tower 6,Nakheel,Motor City,Residential,602,135,22.6,2012,,Under Construction,1473,937027,17093869,67,True,True
PRJ-00307,Azizi Al Tower 8,Azizi Developments,Al Quoz,Residential,315,279,88.8,2010,,Off-Plan,4007,797865,16008180,41,False,True
PRJ-00308,Dubai Residences 4,Ellington Properties,Dubai Marina,Residential,935,753,80.5,2015,2020.0,Completed,3046,1052495,3877746,79,True,True
PRJ-00309,Arada Ras Tower 7,Arada,Ras Al Khor,Residential,799,328,41.1,2015,,Off-Plan,3230,701671,22804629,45,True,True
PRJ-00310,Al Residences 4,Aldar,Al Karama,Residential,1628,584,35.9,2021,,Off-Plan,2707,1356517,15262556,12,False,True
PRJ-00311,Al Residences 5,MAG Property Development,Al Karama,Mixed Use,970,858,88.5,2010,2015.0,Completed,4190,1109785,8141538,29,True,True
PRJ-00312,Al Residences 13,Aldar,Al Qusais,Residential,1153,788,68.4,2012,,Under Construction,4258,444379,15927812,77,False,False
PRJ-00313,Dubai Residences 6,Ellington Properties,Dubai Marina,Residential,424,367,86.8,2023,,Off-Plan,813,824937,15949288,70,True,True
PRJ-00314,Select JVC Tower 8,Select Group,JVC,Residential,556,360,64.8,2015,,Off-Plan,4490,1019544,18480346,52,True,True
PRJ-00315,Tiger Business Tower 1,Tiger Properties,Business Bay,Residential,1992,1553,78.0,2022,2024.0,Completed,915,860273,6451511,8,False,True
PRJ-00316,Binghatti Town Tower 1,Binghatti,Town Square,Residential,609,374,61.5,2017,,Under Construction,2703,515417,16468331,73,True,True
PRJ-00317,JVC Residences 5,Emaar Properties,JVC,Residential,1900,1354,71.3,2024,2029.0,Completed,3306,814650,21529904,67,True,True
PRJ-00318,Tiger Arabian Tower 5,Tiger Properties,Arabian Ranches,Residential,1751,1123,64.2,2006,2008.0,Completed,1488,371195,9512231,78,False,True
PRJ-00319,Emaar Business Tower 7,Emaar Properties,Business Bay,Mixed Use,343,303,88.4,2019,,Under Construction,1892,986787,8565485,55,False,True
PRJ-00320,Sobha Dubai Tower 6,Sobha Realty,Dubai Marina,Residential,1817,1605,88.3,2021,2025.0,Completed,2406,689053,9823333,46,True,True
PRJ-00321,Azizi Al Tower 3,Azizi Developments,Al Satwa,Residential,783,418,53.4,2018,,Under Construction,1432,747983,21230924,64,True,False
PRJ-00322,Meraas Town Tower 7,Meraas,Town Square,Residential,131,85,65.2,2019,2021.0,Completed,1038,972161,17412253,53,True,False
PRJ-00323,Umm Residences 13,Select Group,Umm Suqeim,Residential,1962,1364,69.5,2009,,Off-Plan,4313,1394126,11842445,17,True,True
PRJ-00324,Al Residences 14,Omniyat,Al Quoz,Residential,1198,1162,97.1,2021,2024.0,Completed,3107,599963,11406975,33,False,True
PRJ-00325,Umm Residences 2,Dubai Properties,Umm Suqeim,Residential,1937,1388,71.7,2019,2024.0,Completed,2171,925750,14071265,33,False,True
PRJ-00326,Meraas Nad Tower 9,Meraas,Nad Al Sheba,Residential,601,474,79.0,2009,,Under Construction,1980,644789,9701405,47,False,True
PRJ-00327,Meraas Al Tower 9,Meraas,Al Wasl,Residential,352,290,82.6,2024,2029.0,Completed,1237,920837,3295002,28,False,True
PRJ-00328,Deyaar Jumeirah Tower 2,Deyaar Development,Jumeirah,Residential,110,65,59.7,2016,,Under Construction,2507,1378376,19895781,49,True,True
PRJ-00329,Dubai Dubai Tower 3,Dubai Properties,Dubai Creek Harbour,Residential,1836,1292,70.4,2013,2015.0,Completed,2555,928264,13341715,37,True,True
PRJ-00330,Arada Dubai Tower 4,Arada,Dubai Hills Estate,Residential,855,749,87.7,2005,,Under Construction,2177,472341,8512471,56,True,False
PRJ-00331,Nakheel Nad Tower 9,Nakheel,Nad Al Sheba,Commercial,705,369,52.4,2019,,Off-Plan,1632,655434,15967515,13,True,True
PRJ-00332,Aldar JLT Tower 1,Aldar,JLT,Commercial,1144,1030,90.1,2017,2020.0,Completed,2481,1470454,17016636,62,False,True
PRJ-00333,Bur Residences 20,Select Group,Bur Dubai,Residential,1852,762,41.2,2013,,Off-Plan,1594,639221,2691648,30,True,True
PRJ-00334,Sobha Business Tower 1,Sobha Realty,Business Bay,Mixed Use,579,327,56.6,2007,,Under Construction,859,807281,8114791,56,True,True
PRJ-00335,DAMAC Umm Tower 9,DAMAC Properties,Umm Suqeim,Residential,452,359,79.5,2017,,Off-Plan,3735,884550,16201725,39,True,False
PRJ-00336,Emaar Jumeirah Tower 9,Emaar Properties,Jumeirah,Mixed Use,393,282,71.8,2018,,Stalled,2144,448546,11859288,21,True,True
PRJ-00337,Deyaar Palm Tower 8,Deyaar Development,Palm Jumeirah,Residential,1416,991,70.0,2022,,Off-Plan,3774,359504,23187778,50,True,True
PRJ-00338,Dubai Residences 4,Ellington Properties,Dubai Marina,Residential,203,157,77.6,2006,2008.0,Completed,1252,1495399,18560691,71,True,True
PRJ-00339,Tiger Mirdif Tower 5,Tiger Properties,Mirdif,Residential,1514,1080,71.4,2015,,Under Construction,4191,1002192,11518514,46,True,True
PRJ-00340,Jumeirah Residences 6,Deyaar Development,Jumeirah,Residential,458,374,81.9,2021,2025.0,Completed,2646,904622,4086136,78,True,True
PRJ-00341,Bur Residences 13,Seven Tides,Bur Dubai,Residential,948,755,79.6,2015,2019.0,Completed,2334,1054704,5469543,46,True,False
PRJ-00342,JLT Residences 9,Seven Tides,JLT,Residential,896,409,45.7,2009,,Under Construction,4412,1260835,6591953,19,False,False
PRJ-00343,Dubai Residences 20,Binghatti,Dubai Creek Harbour,Residential,1728,1209,70.0,2013,,Off-Plan,4271,1092454,8071513,13,True,True
PRJ-00344,Deira Residences 9,Emaar Properties,Deira,Residential,362,333,92.2,2013,,Stalled,3469,1211566,14049270,37,False,True
PRJ-00345,Mirdif Residences 4,Meraas,Mirdif,Residential,331,312,94.4,2018,2023.0,Completed,4381,657848,18076771,67,True,False
PRJ-00346,Aldar Sports Tower 7,Aldar,Sports City,Commercial,955,433,45.4,2013,,Off-Plan,3562,1476816,14022225,55,False,True
PRJ-00347,Azizi Nad Tower 7,Azizi Developments,Nad Al Sheba,Mixed Use,1534,1093,71.3,2019,2022.0,Completed,3949,1046142,19707659,74,True,True
PRJ-00348,Bur Residences 17,DAMAC Properties,Bur Dubai,Residential,1263,546,43.2,2008,,Under Construction,1153,1453449,19211544,58,True,True
PRJ-00349,DIFC Residences 19,Tiger Properties,DIFC,Residential,662,656,99.2,2012,2014.0,Completed,4358,816424,12422638,77,True,True
PRJ-00350,JLT Residences 7,Select Group,JLT,Residential,283,223,79.0,2016,2020.0,Completed,3145,1176195,7505200,24,True,True
PRJ-00351,Emaar Dubai Tower 4,Emaar Properties,Dubai Creek Harbour,Mixed Use,612,245,40.1,2018,,Off-Plan,4271,1307677,3574052,66,True,True
PRJ-00352,Tiger Discovery Tower 9,Tiger Properties,Discovery Gardens,Residential,1230,330,26.8,2005,,Off-Plan,2455,604865,12846900,42,True,True
PRJ-00353,Umm Residences 7,Arada,Umm Suqeim,Hospitality,1926,460,23.9,2009,,Off-Plan,4414,1461374,17079134,19,True,True
PRJ-00354,Emaar Residences 8,Binghatti,Emaar Beachfront,Mixed Use,110,83,76.1,2021,,Under Construction,3538,1245356,3616637,39,True,True
PRJ-00355,Sobha Dubai Tower 9,Sobha Realty,Dubai Hills Estate,Mixed Use,477,256,53.8,2007,,Under Construction,3094,1109905,20447052,9,True,True
PRJ-00356,MAG Al Tower 9,MAG Property Development,Al Karama,Mixed Use,1960,1774,90.6,2024,2027.0,Completed,3601,957333,10191391,72,False,True
PRJ-00357,Azizi Business Tower 4,Azizi Developments,Business Bay,Mixed Use,1652,1197,72.5,2020,2025.0,Completed,1128,540163,12128734,19,True,False
PRJ-00358,Reportage Dubai Tower 3,Reportage,Dubai Hills Estate,Residential,1018,640,62.9,2014,2016.0,Completed,3058,725458,13139849,33,True,False
PRJ-00359,DIFC Residences 2,Seven Tides,DIFC,Residential,719,301,41.9,2012,,Under Construction,4458,351311,14023142,19,True,True
PRJ-00360,Dubai Dubai Tower 5,Dubai Properties,Dubai Hills Estate,Mixed Use,619,499,80.7,2014,,Off-Plan,1976,874103,12050486,23,True,True
PRJ-00361,Deira Residences 19,Omniyat,Deira,Residential,1333,459,34.4,2018,,Under Construction,2376,1315187,7163727,46,True,True
PRJ-00362,Azizi Motor Tower 7,Azizi Developments,Motor City,Residential,333,79,24.0,2020,,Under Construction,2099,1190625,10462688,70,False,True
PRJ-00363,DIFC Residences 14,Select Group,DIFC,Residential,1811,1363,75.3,2015,,Off-Plan,3662,1250891,15641059,35,True,False
PRJ-00364,Aldar Business Tower 5,Aldar,Business Bay,Residential,156,123,79.4,2010,,Off-Plan,3671,1112827,8257389,69,True,False
PRJ-00365,Bur Residences 11,Select Group,Bur Dubai,Commercial,581,165,28.5,2012,,Under Construction,2483,974664,20904343,45,False,True
PRJ-00366,Al Residences 19,Deyaar Development,Al Safa,Residential,1051,766,72.9,2013,2016.0,Completed,3976,1314021,24379390,56,True,True
PRJ-00367,Tiger DIFC Tower 8,Tiger Properties,DIFC,Commercial,1573,1523,96.8,2013,2015.0,Completed,3125,1115066,7040202,22,False,True
PRJ-00368,Seven Dubai Tower 6,Seven Tides,Dubai Creek Harbour,Residential,1529,1242,81.3,2016,,Under Construction,1874,1081454,3004751,71,True,True
PRJ-00369,Ras Residences 12,Omniyat,Ras Al Khor,Residential,946,945,100.0,2018,2020.0,Completed,1157,430512,12246518,43,True,True
PRJ-00370,DAMAC Al Tower 6,DAMAC Properties,Al Karama,Mixed Use,388,358,92.4,2010,,Under Construction,3277,985458,24093175,23,True,True
PRJ-00371,Al Residences 15,Tiger Properties,Al Satwa,Residential,768,222,29.0,2005,,Off-Plan,2195,1301046,22476300,7,True,False
PRJ-00372,MAG Al Tower 1,MAG Property Development,Al Karama,Commercial,1029,733,71.3,2008,,Under Construction,2622,467049,12340502,43,True,False
PRJ-00373,Mirdif Residences 14,Arada,Mirdif,Mixed Use,1656,760,45.9,2014,,Stalled,3706,964242,21855865,20,False,True
PRJ-00374,Town Residences 16,Emaar Properties,Town Square,Residential,1302,559,43.0,2014,,Off-Plan,2016,1422504,17639988,25,True,False
PRJ-00375,Al Residences 7,Nakheel,Al Satwa,Mixed Use,838,533,63.7,2012,2014.0,Completed,2587,848374,20476402,67,False,False
PRJ-00376,Sobha Motor Tower 7,Sobha Realty,Motor City,Commercial,634,366,57.8,2020,,Off-Plan,1536,757431,23726499,13,True,True
PRJ-00377,Umm Residences 9,Arada,Umm Suqeim,Mixed Use,1470,1330,90.5,2016,2020.0,Completed,3934,1369126,4615175,50,False,True
PRJ-00378,DAMAC JLT Tower 3,DAMAC Properties,JLT,Residential,436,214,49.3,2012,,Under Construction,1859,1153974,23995112,37,False,True
PRJ-00379,Emaar Deira Tower 4,Emaar Properties,Deira,Hospitality,284,241,84.9,2021,2026.0,Completed,3243,463024,23915318,16,True,True
PRJ-00380,Dubai Residences 14,Aldar,Dubai Hills Estate,Mixed Use,1174,769,65.6,2018,2020.0,Completed,2814,1228028,9765999,78,True,True
PRJ-00381,Sports Residences 17,DAMAC Properties,Sports City,Mixed Use,1539,1387,90.2,2017,2019.0,Completed,1315,1053830,3103176,55,False,True
PRJ-00382,Meraas Sports Tower 5,Meraas,Sports City,Residential,229,78,34.2,2016,,Under Construction,3759,1030958,16553592,12,True,True
PRJ-00383,Palm Residences 7,Nakheel,Palm Jumeirah,Residential,882,530,60.2,2011,2015.0,Completed,3380,324536,21272464,21,True,True
PRJ-00384,Deyaar Sports Tower 4,Deyaar Development,Sports City,Residential,173,55,32.1,2022,,Off-Plan,3129,1005890,4461956,57,True,True
PRJ-00385,Ras Residences 11,Emaar Properties,Ras Al Khor,Residential,1240,1077,86.9,2008,2010.0,Completed,1655,1062322,22887553,53,True,True
PRJ-00386,Emaar Dubai Tower 3,Emaar Properties,Dubai Marina,Residential,1921,1289,67.1,2020,2024.0,Completed,1196,341578,10503008,64,True,True
PRJ-00387,Ellington Dubai Tower 8,Ellington Properties,Dubai Hills Estate,Residential,1774,1344,75.8,2010,2014.0,Completed,1951,1395934,8888459,42,False,True
PRJ-00388,Al Residences 1,Azizi Developments,Al Quoz,Residential,915,463,50.6,2021,,Off-Plan,3281,1310594,20013322,9,True,True
PRJ-00389,Al Residences 15,Binghatti,Al Karama,Hospitality,833,668,80.3,2014,2019.0,Completed,3917,995276,22310412,30,True,True
PRJ-00390,MAG Al Tower 5,MAG Property Development,Al Barsha,Commercial,924,716,77.5,2019,,Off-Plan,2342,1163825,18246302,64,True,False
PRJ-00391,Deira Residences 1,Select Group,Deira,Mixed Use,670,629,94.0,2009,2013.0,Completed,3087,775696,10260112,12,True,True
PRJ-00392,Emaar Town Tower 7,Emaar Properties,Town Square,Mixed Use,1601,362,22.6,2006,,Off-Plan,2041,764654,23180463,76,False,True
PRJ-00393,DIFC Residences 8,Tiger Properties,DIFC,Residential,1242,1175,94.6,2009,2012.0,Completed,1597,781474,8435828,56,True,True
PRJ-00394,Ras Residences 12,Dubai Properties,Ras Al Khor,Mixed Use,1551,1091,70.4,2021,2023.0,Completed,2445,1287695,22349032,60,True,False
PRJ-00395,Discovery Residences 17,Select Group,Discovery Gardens,Mixed Use,284,188,66.3,2006,2008.0,Completed,2623,1240572,19980049,47,True,False
PRJ-00396,Al Residences 16,Danube Properties,Al Quoz,Residential,1223,761,62.3,2021,,Under Construction,1349,1110096,12860394,8,True,False
PRJ-00397,Nakheel JVC Tower 4,Nakheel,JVC,Residential,1532,649,42.4,2024,,Off-Plan,4439,939888,23497457,48,True,False
PRJ-00398,Business Residences 17,Ellington Properties,Business Bay,Residential,1093,592,54.2,2015,,Under Construction,1969,938192,7126476,75,True,True
PRJ-00399,Binghatti Dubai Tower 8,Binghatti,Dubai Creek Harbour,Mixed Use,79,71,90.3,2017,2020.0,Completed,3757,341130,21319333,49,True,False
PRJ-00400,Aldar DIFC Tower 9,Aldar,DIFC,Residential,235,138,58.8,2021,,Stalled,800,1230381,4460239,56,True,False
PRJ-00401,Umm Residences 18,Emaar Properties,Umm Suqeim,Mixed Use,1937,1453,75.0,2005,2007.0,Completed,3456,1107491,3031243,20,True,True
PRJ-00402,Downtown Residences 11,Deyaar Development,Downtown Dubai,Residential,839,698,83.2,2014,2018.0,Completed,2305,444302,9327755,70,False,True
PRJ-00403,Business Residences 13,Ellington Properties,Business Bay,Residential,1545,642,41.6,2023,,Under Construction,3421,399639,4389736,60,True,True
PRJ-00404,Motor Residences 3,Deyaar Development,Motor City,Commercial,409,235,57.6,2006,,Under Construction,2684,1301586,8642633,7,False,True
PRJ-00405,Tiger Sports Tower 3,Tiger Properties,Sports City,Mixed Use,1107,421,38.1,2011,,Stalled,1121,1374182,14291031,32,True,True
PRJ-00406,Emaar Bur Tower 3,Emaar Properties,Bur Dubai,Residential,1548,1009,65.2,2021,,Under Construction,3083,1030407,17877735,28,True,True
PRJ-00407,Town Residences 6,Danube Properties,Town Square,Hospitality,1984,675,34.0,2014,,Off-Plan,1257,1074859,21328722,57,True,True
PRJ-00408,Seven Discovery Tower 6,Seven Tides,Discovery Gardens,Commercial,654,453,69.3,2020,2023.0,Completed,3668,1462215,8439823,27,True,False
PRJ-00409,Ellington Downtown Tower 6,Ellington Properties,Downtown Dubai,Residential,711,449,63.2,2019,,Off-Plan,2085,367765,4578876,8,True,False
PRJ-00410,Danube Dubai Tower 6,Danube Properties,Dubai Hills Estate,Residential,1494,1213,81.2,2011,,Under Construction,3436,742594,6173781,68,False,True
PRJ-00411,Al Residences 4,Aldar,Al Wasl,Residential,344,261,76.1,2019,,Off-Plan,1750,643521,8213348,79,True,True
PRJ-00412,Palm Residences 6,Tiger Properties,Palm Jumeirah,Residential,1994,874,43.8,2006,,Under Construction,4216,372514,3221153,43,True,True
PRJ-00413,Select JVC Tower 9,Select Group,JVC,Residential,731,253,34.7,2014,,Off-Plan,4114,573117,15662519,41,True,True
PRJ-00414,Al Residences 17,Nakheel,Al Qusais,Residential,1602,343,21.4,2016,,Under Construction,2849,637743,8473279,61,True,True
PRJ-00415,Sports Residences 11,Aldar,Sports City,Hospitality,1293,950,73.5,2019,,Under Construction,2276,1061936,13912476,69,False,True
PRJ-00416,Binghatti International Tower 1,Binghatti,International City,Residential,669,416,62.3,2006,2009.0,Completed,960,799715,23192334,27,False,False
PRJ-00417,Danube DIFC Tower 8,Danube Properties,DIFC,Residential,510,285,55.9,2023,,Stalled,1159,344814,10806817,44,False,True
PRJ-00418,Nad Residences 3,Nakheel,Nad Al Sheba,Residential,1702,1611,94.7,2023,,Under Construction,3242,1401142,19574719,79,True,True
PRJ-00419,Aldar Discovery Tower 1,Aldar,Discovery Gardens,Residential,237,221,93.6,2018,2023.0,Completed,1439,411585,3297617,16,True,True
PRJ-00420,Seven Emaar Tower 8,Seven Tides,Emaar Beachfront,Residential,1456,1050,72.2,2020,2024.0,Completed,3266,1178819,15197469,48,True,True
PRJ-00421,Al Residences 18,Danube Properties,Al Satwa,Commercial,1377,418,30.4,2018,,Under Construction,3335,777392,6143605,71,True,True
PRJ-00422,Jumeirah Residences 8,Sobha Realty,Jumeirah,Residential,1009,599,59.4,2022,,Stalled,2139,1461282,6027135,50,True,False
PRJ-00423,Emaar Al Tower 6,Emaar Properties,Al Satwa,Residential,1402,704,50.3,2022,,Off-Plan,2524,1214028,5424327,28,True,True
PRJ-00424,Al Residences 20,MAG Property Development,Al Qusais,Mixed Use,134,85,63.8,2013,2017.0,Completed,4394,384125,4018673,41,True,True
PRJ-00425,Reportage Al Tower 9,Reportage,Al Barsha,Commercial,341,338,99.1,2016,2019.0,Completed,3108,387922,15090079,10,False,False
PRJ-00426,Seven Al Tower 4,Seven Tides,Al Safa,Residential,1204,1134,94.3,2016,,Under Construction,3745,875553,19708697,14,False,True
PRJ-00427,Al Residences 5,Azizi Developments,Al Wasl,Commercial,1438,916,63.8,2009,2014.0,Completed,2364,305329,24469956,77,False,True
PRJ-00428,Ellington Downtown Tower 8,Ellington Properties,Downtown Dubai,Residential,1200,802,66.9,2013,2016.0,Completed,3832,995550,15215915,60,True,True
PRJ-00429,Arabian Residences 14,Arada,Arabian Ranches,Mixed Use,1866,1298,69.6,2008,2012.0,Completed,3310,1464847,23462232,54,False,False
PRJ-00430,Mirdif Residences 15,Binghatti,Mirdif,Residential,1533,1436,93.7,2007,,Off-Plan,2287,635272,8090047,76,False,True
PRJ-00431,Tiger Dubai Tower 5,Tiger Properties,Dubai Hills Estate,Mixed Use,148,96,65.0,2009,,Off-Plan,1404,1294601,23773730,50,True,True
PRJ-00432,DIFC Residences 17,Select Group,DIFC,Residential,192,118,61.6,2009,,Under Construction,3736,1220362,5008694,56,True,False
PRJ-00433,Emaar Arabian Tower 2,Emaar Properties,Arabian Ranches,Commercial,251,151,60.4,2016,2021.0,Completed,2161,353800,23337797,35,True,True
PRJ-00434,Sobha DIFC Tower 4,Sobha Realty,DIFC,Residential,1938,1928,99.5,2024,2028.0,Completed,3127,1301027,23357494,34,True,True
PRJ-00435,MAG Al Tower 4,MAG Property Development,Al Karama,Mixed Use,930,915,98.4,2016,2020.0,Completed,1288,639607,7652208,32,True,True
PRJ-00436,Omniyat Al Tower 3,Omniyat,Al Barsha,Mixed Use,1840,1728,94.0,2010,2014.0,Completed,862,531048,15298306,24,True,True
PRJ-00437,Deyaar Emaar Tower 7,Deyaar Development,Emaar Beachfront,Residential,1478,942,63.8,2006,2010.0,Completed,1029,417940,8714324,18,True,True
PRJ-00438,Al Residences 2,Deyaar Development,Al Safa,Residential,1330,755,56.8,2024,,Off-Plan,2411,973646,4688690,30,False,True
PRJ-00439,Select Emaar Tower 9,Select Group,Emaar Beachfront,Mixed Use,1177,1044,88.8,2013,,Off-Plan,3340,1294227,19841178,61,True,True
PRJ-00440,Sports Residences 13,Seven Tides,Sports City,Residential,1783,1223,68.6,2014,,Under Construction,1019,1333160,9088938,73,True,True
PRJ-00441,Al Residences 14,Select Group,Al Satwa,Mixed Use,1310,295,22.5,2014,,Under Construction,1511,820012,13415408,52,True,True
PRJ-00442,Nakheel Ras Tower 9,Nakheel,Ras Al Khor,Residential,819,295,36.1,2014,,Under Construction,3292,889771,23151550,71,False,True
PRJ-00443,Umm Residences 3,Azizi Developments,Umm Suqeim,Residential,585,532,91.1,2009,2013.0,Completed,1178,409826,24910635,33,False,False
PRJ-00444,Arada International Tower 1,Arada,International City,Residential,817,788,96.5,2017,2019.0,Completed,2085,831719,6552643,40,True,True
PRJ-00445,International Residences 2,Sobha Realty,International City,Residential,863,230,26.7,2019,,Off-Plan,1977,912381,3942807,9,False,True
PRJ-00446,Seven Al Tower 8,Seven Tides,Al Satwa,Hospitality,294,239,81.3,2013,2017.0,Completed,4296,586229,3871038,68,True,False
PRJ-00447,Omniyat Ras Tower 8,Omniyat,Ras Al Khor,Mixed Use,280,154,55.2,2021,,Under Construction,3731,886105,3529587,61,False,True
PRJ-00448,Reportage Al Tower 4,Reportage,Al Quoz,Residential,87,77,89.4,2009,,Off-Plan,3286,1110513,20184676,20,True,True
PRJ-00449,Emaar Al Tower 5,Emaar Properties,Al Qusais,Mixed Use,1882,1301,69.2,2017,2022.0,Completed,3172,942919,22566953,43,True,True
PRJ-00450,Ellington Ras Tower 6,Ellington Properties,Ras Al Khor,Commercial,71,16,23.2,2020,,Under Construction,2956,1163576,14877025,13,True,False
PRJ-00451,Sobha Palm Tower 2,Sobha Realty,Palm Jumeirah,Mixed Use,964,546,56.7,2018,,Off-Plan,1455,449895,16561241,25,True,True
PRJ-00452,DAMAC Al Tower 7,DAMAC Properties,Al Quoz,Residential,273,185,67.9,2018,2022.0,Completed,3361,664534,11989901,66,True,True
PRJ-00453,DIFC Residences 7,Emaar Properties,DIFC,Residential,857,318,37.2,2015,,Off-Plan,1833,387164,15231533,44,True,True
PRJ-00454,JVC Residences 17,MAG Property Development,JVC,Residential,400,328,82.2,2020,,Under Construction,3549,425937,7527153,79,True,True
PRJ-00455,Select Al Tower 1,Select Group,Al Qusais,Residential,1920,1284,66.9,2016,,Under Construction,2432,832340,14737533,80,True,False
PRJ-00456,Bur Residences 5,DAMAC Properties,Bur Dubai,Commercial,1517,1023,67.4,2023,,Under Construction,1957,981247,11030798,75,True,True
PRJ-00457,Mirdif Residences 7,Sobha Realty,Mirdif,Residential,1432,330,23.1,2013,,Off-Plan,1010,558642,24993973,34,True,True
PRJ-00458,Town Residences 18,Select Group,Town Square,Commercial,1506,1332,88.5,2020,2025.0,Completed,2272,580514,9416480,33,True,True
PRJ-00459,Dubai Residences 6,Tiger Properties,Dubai Creek Harbour,Commercial,1664,784,47.2,2015,,Off-Plan,2650,1201568,16683058,52,True,False
PRJ-00460,Bur Residences 11,Aldar,Bur Dubai,Residential,669,170,25.5,2013,,Under Construction,3136,390546,9138087,53,False,True
PRJ-00461,Dubai Residences 7,Danube Properties,Dubai Hills Estate,Mixed Use,275,60,21.9,2008,,Under Construction,1978,1202146,16555787,33,False,True
PRJ-00462,Emaar Downtown Tower 4,Emaar Properties,Downtown Dubai,Residential,1299,1221,94.0,2007,,Off-Plan,1028,1131629,16368764,42,True,False
PRJ-00463,Al Residences 7,MAG Property Development,Al Safa,Residential,76,43,57.7,2014,,Under Construction,1842,565724,19668495,61,False,True
PRJ-00464,Azizi Dubai Tower 2,Azizi Developments,Dubai Creek Harbour,Residential,206,146,71.2,2015,2017.0,Completed,4126,356734,13497446,44,True,True
PRJ-00465,Azizi Arabian Tower 2,Azizi Developments,Arabian Ranches,Commercial,99,24,24.6,2010,,Stalled,2711,686411,5335785,48,True,False
PRJ-00466,Nakheel International Tower 9,Nakheel,International City,Commercial,879,254,28.9,2024,,Off-Plan,2778,1408037,7365261,36,False,True
PRJ-00467,Business Residences 16,MAG Property Development,Business Bay,Hospitality,721,568,78.9,2013,2018.0,Completed,1219,641712,15335084,30,True,True
PRJ-00468,Bur Residences 16,Select Group,Bur Dubai,Residential,574,503,87.6,2020,2023.0,Completed,1255,512240,23052026,74,False,True
PRJ-00469,JLT Residences 1,Omniyat,JLT,Residential,143,99,69.9,2018,,Off-Plan,3774,710383,11184469,55,True,True
PRJ-00470,Dubai Residences 16,Deyaar Development,Dubai Hills Estate,Commercial,622,234,37.6,2018,,Under Construction,1561,478721,11336576,6,True,True
PRJ-00471,Ras Residences 6,Ellington Properties,Ras Al Khor,Residential,1309,623,47.7,2011,,Off-Plan,2469,310795,3075543,53,True,True
PRJ-00472,Deyaar Jumeirah Tower 7,Deyaar Development,Jumeirah,Residential,1207,667,55.3,2016,,Under Construction,3465,555782,3608708,72,False,False
PRJ-00473,Sobha DIFC Tower 1,Sobha Realty,DIFC,Residential,1749,1663,95.1,2016,2018.0,Completed,4086,1286680,5615307,65,False,True
PRJ-00474,Discovery Residences 19,Sobha Realty,Discovery Gardens,Residential,1909,1300,68.1,2009,,Under Construction,2009,442406,19466973,70,True,True
PRJ-00475,Bur Residences 12,MAG Property Development,Bur Dubai,Residential,325,246,75.7,2014,,Under Construction,2227,416891,15488145,22,True,True
PRJ-00476,Town Residences 6,Binghatti,Town Square,Residential,1179,544,46.2,2015,,Off-Plan,4195,1358748,8139828,33,True,True
PRJ-00477,DIFC Residences 16,Tiger Properties,DIFC,Residential,1132,371,32.8,2018,,Under Construction,4363,1395617,16998680,22,True,True
PRJ-00478,Downtown Residences 18,Arada,Downtown Dubai,Mixed Use,1806,1523,84.4,2024,2029.0,Completed,4393,363306,16374469,66,True,True
PRJ-00479,Bur Residences 17,Emaar Properties,Bur Dubai,Residential,1007,874,86.9,2024,2029.0,Completed,2262,1202538,18020021,57,True,True
PRJ-00480,Dubai Residences 8,MAG Property Development,Dubai Creek Harbour,Commercial,930,474,51.1,2016,,Off-Plan,902,616490,5774307,63,True,True
PRJ-00481,JLT Residences 19,Sobha Realty,JLT,Residential,1309,1073,82.0,2006,2009.0,Completed,4128,986235,14790485,54,False,False
PRJ-00482,Al Residences 16,DAMAC Properties,Al Quoz,Mixed Use,739,235,31.9,2005,,Off-Plan,1541,827233,13212042,70,True,False
PRJ-00483,Sports Residences 16,DAMAC Properties,Sports City,Residential,995,240,24.2,2016,,Under Construction,2942,523642,22177768,76,True,True
PRJ-00484,Motor Residences 8,DAMAC Properties,Motor City,Residential,906,865,95.6,2023,2028.0,Completed,1407,1473835,20341717,23,True,True
PRJ-00485,Al Residences 3,Tiger Properties,Al Safa,Residential,1583,1491,94.2,2005,,Off-Plan,2727,1020647,7478165,43,True,True
PRJ-00486,Arada Deira Tower 3,Arada,Deira,Residential,1292,957,74.1,2016,,Under Construction,1353,465233,23270531,49,True,True
PRJ-00487,Emaar Al Tower 4,Emaar Properties,Al Wasl,Residential,501,480,95.9,2018,2022.0,Completed,2557,681866,22960130,60,True,False
PRJ-00488,Azizi Palm Tower 5,Azizi Developments,Palm Jumeirah,Mixed Use,1022,511,50.0,2016,,Under Construction,1216,447294,22228275,68,False,True
PRJ-00489,Nakheel Ras Tower 6,Nakheel,Ras Al Khor,Hospitality,233,177,76.0,2015,2020.0,Completed,3473,1172576,21750281,6,True,True
PRJ-00490,Sobha Downtown Tower 7,Sobha Realty,Downtown Dubai,Residential,163,105,64.5,2018,2022.0,Completed,2733,430568,11329133,63,False,True
PRJ-00491,Nad Residences 16,Nakheel,Nad Al Sheba,Residential,1402,882,62.9,2021,2025.0,Completed,3133,759419,9295103,68,True,True
PRJ-00492,Deira Residences 5,Dubai Properties,Deira,Residential,1302,562,43.2,2005,,Off-Plan,1218,1424541,24216593,36,True,True
PRJ-00493,Emaar Residences 12,Nakheel,Emaar Beachfront,Mixed Use,1391,1114,80.1,2021,,Off-Plan,1550,1338325,17896368,79,True,True
PRJ-00494,Sobha Dubai Tower 8,Sobha Realty,Dubai Marina,Mixed Use,240,195,81.3,2014,2019.0,Completed,3384,432456,9148776,52,True,True
PRJ-00495,Ellington Emaar Tower 6,Ellington Properties,Emaar Beachfront,Commercial,402,314,78.1,2014,2017.0,Completed,3562,908902,10775784,61,True,True
PRJ-00496,Umm Residences 9,Tiger Properties,Umm Suqeim,Hospitality,1103,895,81.1,2015,2018.0,Completed,3469,1355753,3261784,37,True,False
PRJ-00497,Downtown Residences 18,Deyaar Development,Downtown Dubai,Residential,1608,1421,88.4,2022,2027.0,Completed,2231,1496530,8856015,6,True,True
PRJ-00498,Aldar Mirdif Tower 6,Aldar,Mirdif,Residential,1785,810,45.4,2018,,Off-Plan,923,695290,15313026,54,True,True
PRJ-00499,Mirdif Residences 6,Ellington Properties,Mirdif,Commercial,870,611,70.3,2017,,Under Construction,3319,1057447,20700968,57,False,True
PRJ-00500,Danube Deira Tower 2,Danube Properties,Deira,Residential,284,250,88.4,2024,2029.0,Completed,902,795506,8735605,67,True,True
PRJ-00501,DAMAC Al Tower 3,DAMAC Properties,Al Barsha,Residential,553,472,85.4,2023,2026.0,Completed,4161,1437043,14530771,12,True,True
PRJ-00502,Omniyat Al Tower 7,Omniyat,Al Barsha,Commercial,335,109,32.6,2011,,Under Construction,1243,719309,6151992,28,False,True
PRJ-00503,Motor Residences 1,Emaar Properties,Motor City,Residential,1046,714,68.3,2020,,Under Construction,4486,1455142,14001356,72,True,True
PRJ-00504,Al Residences 19,Deyaar Development,Al Satwa,Residential,1603,1287,80.3,2012,2014.0,Completed,3588,1101150,16437615,47,True,True
PRJ-00505,Reportage Business Tower 6,Reportage,Business Bay,Residential,1581,1253,79.3,2023,2027.0,Completed,2019,1484008,14926341,56,True,True
PRJ-00506,Select Town Tower 9,Select Group,Town Square,Commercial,1984,1250,63.0,2022,2026.0,Completed,3098,938322,20824884,40,True,True
PRJ-00507,Seven Al Tower 6,Seven Tides,Al Quoz,Commercial,1365,1095,80.2,2011,2016.0,Completed,3321,1055194,7912148,76,True,True
PRJ-00508,Dubai Bur Tower 3,Dubai Properties,Bur Dubai,Mixed Use,1684,1362,80.9,2017,2019.0,Completed,2301,308341,15555666,28,True,True
PRJ-00509,Ras Residences 3,Azizi Developments,Ras Al Khor,Mixed Use,1590,320,20.2,2009,,Off-Plan,2877,351596,19982741,74,False,True
PRJ-00510,Motor Residences 12,DAMAC Properties,Motor City,Residential,1590,1137,71.5,2023,,Off-Plan,3049,767679,21678657,69,True,True
PRJ-00511,Jumeirah Residences 1,Tiger Properties,Jumeirah,Mixed Use,683,605,88.7,2018,,Under Construction,3194,1144141,6820351,24,False,True
PRJ-00512,Binghatti Town Tower 4,Binghatti,Town Square,Residential,113,39,34.6,2023,,Under Construction,3910,1255988,3994949,62,True,True
PRJ-00513,Seven DIFC Tower 8,Seven Tides,DIFC,Commercial,477,141,29.7,2020,,Under Construction,1414,1170513,7246545,17,True,True
PRJ-00514,Danube Sports Tower 9,Danube Properties,Sports City,Mixed Use,1838,1385,75.4,2024,,Under Construction,3886,1487937,14026395,61,True,True
PRJ-00515,Meraas Ras Tower 4,Meraas,Ras Al Khor,Residential,1102,864,78.5,2009,2011.0,Completed,1730,669803,19449415,50,False,True
PRJ-00516,Aldar Motor Tower 8,Aldar,Motor City,Mixed Use,1045,700,67.0,2023,,Stalled,3519,1132922,24523602,26,False,True
PRJ-00517,Al Residences 7,Aldar,Al Qusais,Hospitality,1091,956,87.6,2011,2014.0,Completed,1282,940932,23458339,41,False,True
PRJ-00518,Aldar International Tower 4,Aldar,International City,Residential,145,121,83.8,2006,,Under Construction,2388,724252,3046558,33,True,True
PRJ-00519,Arabian Residences 14,Deyaar Development,Arabian Ranches,Residential,1547,1203,77.8,2017,2021.0,Completed,4257,1311150,2073659,14,False,True
PRJ-00520,Nakheel Bur Tower 4,Nakheel,Bur Dubai,Residential,640,587,91.8,2012,,Under Construction,1764,1060417,15361607,54,True,True
PRJ-00521,Tiger Ras Tower 8,Tiger Properties,Ras Al Khor,Mixed Use,1122,960,85.6,2018,2022.0,Completed,2454,1052034,7775848,34,True,False
PRJ-00522,Al Residences 15,Ellington Properties,Al Wasl,Residential,1033,543,52.7,2009,,Off-Plan,4120,768951,13738631,57,True,True
PRJ-00523,Seven JLT Tower 2,Seven Tides,JLT,Mixed Use,1699,372,21.9,2005,,Under Construction,4198,1132535,6288533,21,False,True
PRJ-00524,MAG Jumeirah Tower 6,MAG Property Development,Jumeirah,Residential,632,132,21.0,2020,,Off-Plan,4274,587039,14532596,23,True,True
PRJ-00525,Al Residences 9,MAG Property Development,Al Satwa,Residential,1941,1562,80.5,2007,2011.0,Completed,4277,562770,4779463,46,True,True
PRJ-00526,Omniyat Town Tower 3,Omniyat,Town Square,Residential,895,714,79.8,2008,2013.0,Completed,4400,421367,13396940,51,True,True
PRJ-00527,Mirdif Residences 12,Arada,Mirdif,Mixed Use,267,198,74.2,2014,2017.0,Completed,1996,1049944,21953832,32,True,True
PRJ-00528,Umm Residences 3,Deyaar Development,Umm Suqeim,Residential,884,693,78.5,2009,2012.0,Completed,3727,438325,16302520,48,False,True
PRJ-00529,Dubai Residences 4,Binghatti,Dubai Marina,Commercial,1525,1295,85.0,2013,2015.0,Completed,2851,1341965,10909955,54,False,True
PRJ-00530,Ellington Dubai Tower 7,Ellington Properties,Dubai Marina,Mixed Use,1145,828,72.3,2024,,Under Construction,2651,1437279,4156547,61,True,True
PRJ-00531,DAMAC International Tower 3,DAMAC Properties,International City,Mixed Use,192,182,94.8,2012,2017.0,Completed,968,820848,11933884,37,True,False
PRJ-00532,Meraas Arabian Tower 6,Meraas,Arabian Ranches,Mixed Use,1990,1621,81.5,2021,,Off-Plan,3828,631485,17146081,69,True,True
PRJ-00533,Reportage Nad Tower 4,Reportage,Nad Al Sheba,Residential,1311,1208,92.2,2012,2014.0,Completed,1681,423175,4661533,62,True,False
PRJ-00534,Select JLT Tower 5,Select Group,JLT,Residential,1561,649,41.6,2019,,Off-Plan,2843,535517,8637364,68,True,True
PRJ-00535,Danube DIFC Tower 9,Danube Properties,DIFC,Residential,869,549,63.2,2017,2020.0,Completed,1277,543304,23706840,37,True,False
PRJ-00536,Al Residences 10,Danube Properties,Al Satwa,Residential,931,853,91.6,2018,,Stalled,3410,845823,21595874,56,True,False
PRJ-00537,Mirdif Residences 20,Sobha Realty,Mirdif,Residential,993,820,82.6,2016,,Under Construction,2887,1040765,2696374,12,True,True
PRJ-00538,Al Residences 15,Select Group,Al Satwa,Residential,661,285,43.2,2018,,Under Construction,3293,575985,15087318,73,False,True
PRJ-00539,Town Residences 13,Sobha Realty,Town Square,Residential,1779,1528,85.9,2017,2019.0,Completed,3180,1063900,12252508,48,True,True
PRJ-00540,Meraas Arabian Tower 1,Meraas,Arabian Ranches,Hospitality,1028,857,83.5,2011,2014.0,Completed,4282,941555,17543324,21,True,True
PRJ-00541,Deira Residences 8,Reportage,Deira,Residential,1039,609,58.7,2022,,Under Construction,3763,1207058,9557901,45,False,False
PRJ-00542,Al Residences 15,MAG Property Development,Al Barsha,Residential,936,700,74.9,2020,,Under Construction,4070,1062944,19224096,42,True,True
PRJ-00543,Select Al Tower 4,Select Group,Al Satwa,Residential,838,637,76.1,2022,2026.0,Completed,3343,842103,19540380,72,True,True
PRJ-00544,Al Residences 3,Azizi Developments,Al Safa,Commercial,369,231,62.8,2023,2027.0,Completed,3311,1496537,3000251,33,False,False
PRJ-00545,Meraas Al Tower 1,Meraas,Al Qusais,Residential,693,676,97.6,2023,2028.0,Completed,1932,376008,13268631,61,True,False
PRJ-00546,Seven Dubai Tower 5,Seven Tides,Dubai Hills Estate,Commercial,71,16,23.3,2017,,Stalled,2467,410892,6039727,13,True,True
PRJ-00547,Nakheel International Tower 4,Nakheel,International City,Mixed Use,821,589,71.9,2021,2026.0,Completed,1268,1380996,24024723,35,False,True
PRJ-00548,Azizi International Tower 7,Azizi Developments,International City,Residential,586,423,72.3,2019,2021.0,Completed,2553,1063037,22952987,7,True,True
PRJ-00549,MAG Deira Tower 4,MAG Property Development,Deira,Residential,1841,468,25.4,2012,,Under Construction,3328,485428,19218005,48,True,False
PRJ-00550,Ellington Al Tower 6,Ellington Properties,Al Satwa,Commercial,784,440,56.1,2016,,Under Construction,2267,645639,17073886,7,True,True
PRJ-00551,Binghatti Business Tower 5,Binghatti,Business Bay,Mixed Use,1434,1135,79.2,2023,,Under Construction,3218,1201630,3249017,41,False,True
PRJ-00552,Meraas Al Tower 6,Meraas,Al Karama,Mixed Use,608,534,87.9,2021,2023.0,Completed,1257,1343220,23801777,51,True,True
PRJ-00553,Danube Al Tower 2,Danube Properties,Al Safa,Mixed Use,1212,854,70.5,2017,,Off-Plan,3451,1413097,20613776,5,True,True
PRJ-00554,Dubai Mirdif Tower 7,Dubai Properties,Mirdif,Commercial,1884,1594,84.6,2022,2025.0,Completed,3542,313817,17323325,72,True,False
PRJ-00555,Al Residences 18,Nakheel,Al Karama,Commercial,970,602,62.1,2006,2011.0,Completed,4369,1153041,12076499,67,False,True
PRJ-00556,Arabian Residences 8,Ellington Properties,Arabian Ranches,Residential,765,588,76.9,2016,2018.0,Completed,4336,1063710,20710728,10,True,True
PRJ-00557,Tiger Deira Tower 3,Tiger Properties,Deira,Commercial,596,216,36.4,2013,,Under Construction,2592,965358,22925816,71,False,True
PRJ-00558,Sports Residences 5,Aldar,Sports City,Residential,634,268,42.4,2008,,Under Construction,832,605896,8258215,30,False,True
PRJ-00559,Nad Residences 17,Nakheel,Nad Al Sheba,Residential,1900,1101,58.0,2010,,Stalled,2095,518160,16579448,68,True,True
PRJ-00560,Jumeirah Residences 3,Aldar,Jumeirah,Residential,866,729,84.3,2017,,Under Construction,919,1196378,16686270,12,True,False
PRJ-00561,Emaar Mirdif Tower 8,Emaar Properties,Mirdif,Hospitality,176,144,82.3,2022,2024.0,Completed,2143,338731,3536182,35,False,True
PRJ-00562,Ras Residences 3,Aldar,Ras Al Khor,Mixed Use,587,463,79.0,2007,2011.0,Completed,4017,1184648,20206018,13,True,True
PRJ-00563,Downtown Residences 1,Nakheel,Downtown Dubai,Residential,52,46,89.4,2019,2022.0,Completed,3308,1493211,18699210,22,True,True
PRJ-00564,Emaar Al Tower 6,Emaar Properties,Al Quoz,Residential,1210,648,53.6,2020,,Off-Plan,2364,327415,10077573,72,True,True
PRJ-00565,Arada Dubai Tower 1,Arada,Dubai Hills Estate,Residential,274,200,73.4,2024,2028.0,Completed,2199,1358809,18992510,43,True,True
PRJ-00566,Deira Residences 8,Seven Tides,Deira,Mixed Use,1304,1215,93.2,2010,,Under Construction,3703,358204,2099494,74,True,True
PRJ-00567,Deyaar Dubai Tower 5,Deyaar Development,Dubai Marina,Commercial,449,141,31.6,2021,,Off-Plan,3068,1222988,16573588,51,True,True
PRJ-00568,Meraas JLT Tower 9,Meraas,JLT,Residential,969,652,67.4,2019,2022.0,Completed,2633,682926,13515109,18,True,True
PRJ-00569,Al Residences 11,Nakheel,Al Safa,Residential,1527,701,45.9,2024,,Off-Plan,4454,1356687,11051782,48,True,False
PRJ-00570,Binghatti Emaar Tower 4,Binghatti,Emaar Beachfront,Commercial,1165,379,32.6,2023,,Under Construction,3537,870962,16938119,17,False,True
PRJ-00571,Dubai Residences 3,Deyaar Development,Dubai Hills Estate,Mixed Use,1816,1575,86.8,2010,,Off-Plan,1623,1235817,10994727,62,False,False
PRJ-00572,MAG JVC Tower 7,MAG Property Development,JVC,Residential,1023,506,49.5,2015,,Off-Plan,3913,1482922,6580737,52,False,True
PRJ-00573,Al Residences 11,Deyaar Development,Al Safa,Residential,257,104,40.5,2019,,Under Construction,1439,1016411,14647116,36,False,True
PRJ-00574,Al Residences 17,Dubai Properties,Al Qusais,Residential,802,438,54.7,2013,,Off-Plan,3022,764351,16153184,40,True,False
PRJ-00575,Arabian Residences 15,Sobha Realty,Arabian Ranches,Residential,434,375,86.6,2012,2017.0,Completed,914,694831,15857413,39,True,True
PRJ-00576,Emaar Residences 20,Binghatti,Emaar Beachfront,Commercial,1960,1480,75.5,2015,,Under Construction,2895,430063,9056518,25,True,True
PRJ-00577,Dubai Residences 15,Tiger Properties,Dubai Creek Harbour,Commercial,204,192,94.5,2016,,Under Construction,1487,349083,20951066,9,True,False
PRJ-00578,Al Residences 20,Meraas,Al Satwa,Residential,63,56,89.7,2006,,Stalled,2366,316995,4912030,60,False,True
PRJ-00579,Town Residences 7,Emaar Properties,Town Square,Mixed Use,550,367,66.8,2007,2010.0,Completed,1175,586011,17479896,76,False,False
PRJ-00580,Nakheel Al Tower 3,Nakheel,Al Barsha,Mixed Use,640,532,83.2,2023,,Under Construction,4120,641331,12681624,71,False,True
PRJ-00581,Emaar Residences 18,Sobha Realty,Emaar Beachfront,Residential,185,117,63.3,2009,,Off-Plan,2454,1439085,8901481,27,False,True
PRJ-00582,Ellington Motor Tower 8,Ellington Properties,Motor City,Commercial,780,664,85.1,2009,2013.0,Completed,3186,1177009,11277338,57,True,True
PRJ-00583,Emaar JLT Tower 2,Emaar Properties,JLT,Residential,1641,848,51.7,2007,,Under Construction,3130,1171093,11545255,14,True,True
PRJ-00584,Tiger Al Tower 4,Tiger Properties,Al Qusais,Residential,341,291,85.4,2022,,Stalled,3294,1282986,7917509,36,True,True
PRJ-00585,JVC Residences 12,Reportage,JVC,Mixed Use,558,149,26.7,2021,,Under Construction,746,644145,17859176,24,False,True
PRJ-00586,Nakheel International Tower 8,Nakheel,International City,Residential,1148,1133,98.7,2020,2022.0,Completed,1029,424456,7594701,53,False,True
PRJ-00587,Al Residences 8,Tiger Properties,Al Safa,Mixed Use,611,537,88.0,2022,,Under Construction,1210,1156131,3986961,30,False,False
PRJ-00588,Azizi Mirdif Tower 9,Azizi Developments,Mirdif,Residential,297,137,46.2,2022,,Stalled,3249,966326,16960794,42,True,True
PRJ-00589,Deyaar JVC Tower 3,Deyaar Development,JVC,Commercial,610,169,27.8,2016,,Stalled,1829,846500,3005317,41,True,False
PRJ-00590,Umm Residences 16,Deyaar Development,Umm Suqeim,Commercial,1934,1026,53.1,2020,,Off-Plan,3437,347515,10188076,59,True,True
PRJ-00591,Tiger Al Tower 7,Tiger Properties,Al Karama,Mixed Use,1786,973,54.5,2007,,Under Construction,3446,1368460,6123827,20,True,True
PRJ-00592,Binghatti Dubai Tower 6,Binghatti,Dubai Creek Harbour,Mixed Use,1290,646,50.1,2023,,Under Construction,1821,1308127,8046061,42,True,False
PRJ-00593,Sports Residences 8,Meraas,Sports City,Commercial,62,35,56.7,2010,,Off-Plan,2707,547991,10572814,10,True,False
PRJ-00594,Seven Al Tower 5,Seven Tides,Al Barsha,Residential,1628,1512,92.9,2023,2026.0,Completed,1013,1303613,11973819,17,True,True
PRJ-00595,Arada Al Tower 6,Arada,Al Satwa,Residential,1465,1163,79.4,2023,2025.0,Completed,3557,1075047,13234409,50,False,True
PRJ-00596,Business Residences 20,Seven Tides,Business Bay,Residential,1265,595,47.1,2012,,Under Construction,2507,1233220,9659494,10,False,True
PRJ-00597,Arada Jumeirah Tower 2,Arada,Jumeirah,Mixed Use,303,266,87.8,2015,,Under Construction,3203,678833,8938541,6,True,True
PRJ-00598,Al Residences 12,Reportage,Al Satwa,Residential,1875,1507,80.4,2009,,Off-Plan,3053,934559,22672899,31,True,True
PRJ-00599,Seven Al Tower 5,Seven Tides,Al Safa,Mixed Use,1299,1122,86.4,2023,,Stalled,3963,1110143,23298489,77,False,True
PRJ-00600,Select Town Tower 7,Select Group,Town Square,Residential,536,407,76.0,2006,2008.0,Completed,1756,1448514,9762382,52,False,True
PRJ-00601,Al Residences 20,Dubai Properties,Al Qusais,Residential,1973,1380,70.0,2018,2022.0,Completed,2745,706730,9963252,38,True,True
PRJ-00602,Palm Residences 18,Emaar Properties,Palm Jumeirah,Mixed Use,1663,1421,85.5,2007,2010.0,Completed,4241,1147146,14248341,15,False,True
PRJ-00603,Select Dubai Tower 8,Select Group,Dubai Marina,Residential,1753,1334,76.1,2021,2023.0,Completed,4255,430396,8041100,48,True,True
PRJ-00604,Palm Residences 20,Deyaar Development,Palm Jumeirah,Commercial,197,127,64.7,2021,2023.0,Completed,2549,1345248,12357497,68,False,True
PRJ-00605,Al Residences 6,Tiger Properties,Al Safa,Residential,1074,858,79.9,2018,,Under Construction,3335,898045,20491103,69,False,True
PRJ-00606,Nakheel Jumeirah Tower 2,Nakheel,Jumeirah,Residential,1938,1559,80.5,2011,2015.0,Completed,2060,1182727,6998715,54,True,False
PRJ-00607,Emaar Umm Tower 1,Emaar Properties,Umm Suqeim,Residential,1404,936,66.7,2018,2023.0,Completed,2308,1467169,7752816,28,False,False
PRJ-00608,Al Residences 1,MAG Property Development,Al Safa,Residential,1583,1295,81.9,2011,2013.0,Completed,3226,563888,21768535,8,False,True
PRJ-00609,Al Residences 6,Reportage,Al Barsha,Residential,1262,850,67.4,2008,2013.0,Completed,2799,682346,22319362,43,False,True
PRJ-00610,Nakheel Dubai Tower 3,Nakheel,Dubai Creek Harbour,Residential,430,406,94.5,2008,2013.0,Completed,4114,479520,16601637,27,True,True
PRJ-00611,Town Residences 9,Meraas,Town Square,Mixed Use,1534,468,30.5,2014,,Off-Plan,932,1395220,17724334,66,True,True
PRJ-00612,Reportage Nad Tower 5,Reportage,Nad Al Sheba,Mixed Use,307,238,77.7,2018,,Under Construction,3932,661566,3592920,35,True,False
PRJ-00613,Al Residences 3,Nakheel,Al Wasl,Residential,1689,771,45.7,2012,,Off-Plan,779,1249132,19277162,27,False,True
PRJ-00614,Al Residences 16,MAG Property Development,Al Qusais,Residential,1486,1159,78.0,2015,2018.0,Completed,1670,659555,5683198,66,True,True
PRJ-00615,Sports Residences 16,Dubai Properties,Sports City,Residential,1444,512,35.5,2005,,Under Construction,3690,725284,6142338,38,True,True
PRJ-00616,Ras Residences 19,Deyaar Development,Ras Al Khor,Residential,356,187,52.5,2009,,Under Construction,1418,1116688,23622708,50,False,False
PRJ-00617,Ellington Nad Tower 4,Ellington Properties,Nad Al Sheba,Commercial,65,53,82.9,2022,2027.0,Completed,2120,1147767,7235660,7,True,True
PRJ-00618,Nakheel JVC Tower 4,Nakheel,JVC,Residential,138,111,80.7,2014,2019.0,Completed,2449,1454878,5310614,39,True,True
PRJ-00619,JLT Residences 6,Emaar Properties,JLT,Mixed Use,188,123,65.7,2020,,Under Construction,1926,846289,13997600,30,False,True
PRJ-00620,Omniyat Al Tower 7,Omniyat,Al Wasl,Residential,449,315,70.3,2010,2013.0,Completed,2761,684483,23003007,57,True,True
PRJ-00621,Al Residences 6,MAG Property Development,Al Qusais,Residential,578,521,90.2,2009,2014.0,Completed,1377,316398,9739629,24,True,True
PRJ-00622,Deyaar Arabian Tower 3,Deyaar Development,Arabian Ranches,Residential,1384,884,63.9,2011,2016.0,Completed,945,682301,24253613,68,True,True
PRJ-00623,Ellington Sports Tower 2,Ellington Properties,Sports City,Residential,378,279,73.8,2019,2024.0,Completed,1442,591887,4295107,23,True,True
PRJ-00624,Al Residences 7,Tiger Properties,Al Satwa,Mixed Use,866,269,31.1,2018,,Under Construction,1902,1178595,14248477,57,True,True
PRJ-00625,Umm Residences 12,Omniyat,Umm Suqeim,Mixed Use,1993,937,47.0,2012,,Under Construction,1096,1406808,6676034,76,False,True
PRJ-00626,Nakheel Al Tower 4,Nakheel,Al Wasl,Mixed Use,140,86,61.6,2023,2025.0,Completed,1835,1434241,18341035,12,False,True
PRJ-00627,Danube DIFC Tower 9,Danube Properties,DIFC,Residential,1087,1025,94.4,2012,2015.0,Completed,4021,406879,4301035,58,True,True
PRJ-00628,Deyaar Al Tower 9,Deyaar Development,Al Quoz,Residential,298,183,61.6,2013,2016.0,Completed,896,1145654,15601413,80,True,True
PRJ-00629,Al Residences 18,Aldar,Al Safa,Residential,1780,1347,75.7,2015,2017.0,Completed,2668,1472701,17505524,20,True,True
PRJ-00630,Deyaar Town Tower 8,Deyaar Development,Town Square,Commercial,949,495,52.2,2021,,Under Construction,2590,1186909,12198503,46,False,True
PRJ-00631,Umm Residences 20,Dubai Properties,Umm Suqeim,Residential,1874,792,42.3,2008,,Off-Plan,3789,426284,4222765,20,True,True
PRJ-00632,Discovery Residences 11,Arada,Discovery Gardens,Commercial,1561,1290,82.7,2017,2019.0,Completed,2715,1211947,12350483,20,True,True
PRJ-00633,Al Residences 19,Emaar Properties,Al Barsha,Mixed Use,828,682,82.5,2021,2023.0,Completed,775,916668,21361299,41,False,True
PRJ-00634,International Residences 11,Danube Properties,International City,Mixed Use,1188,734,61.8,2005,2008.0,Completed,1102,453639,13466713,57,False,True
PRJ-00635,MAG Al Tower 5,MAG Property Development,Al Qusais,Residential,1920,870,45.3,2022,,Stalled,1859,1076822,23862901,65,False,True
PRJ-00636,Al Residences 2,Danube Properties,Al Qusais,Mixed Use,1327,898,67.7,2021,,Under Construction,3027,321173,6725165,36,False,True
PRJ-00637,Bur Residences 17,Tiger Properties,Bur Dubai,Hospitality,1990,1431,71.9,2017,,Under Construction,980,483151,22124883,37,True,True
PRJ-00638,Danube Jumeirah Tower 9,Danube Properties,Jumeirah,Mixed Use,1206,1137,94.3,2007,2011.0,Completed,3860,1415341,5138197,46,True,True
PRJ-00639,Emaar JLT Tower 1,Emaar Properties,JLT,Mixed Use,1420,759,53.5,2014,,Under Construction,2505,400031,6842741,62,True,True
PRJ-00640,Seven Town Tower 6,Seven Tides,Town Square,Residential,1474,338,23.0,2024,,Under Construction,2213,756273,17484457,61,True,True
PRJ-00641,Al Residences 9,Binghatti,Al Wasl,Mixed Use,1219,1189,97.6,2016,2018.0,Completed,4167,459200,11558963,58,True,True
PRJ-00642,Discovery Residences 20,Reportage,Discovery Gardens,Residential,1990,1543,77.5,2013,2018.0,Completed,3806,458600,15848761,35,True,True
PRJ-00643,Al Residences 12,Sobha Realty,Al Barsha,Residential,1267,524,41.4,2017,,Stalled,2878,325207,15039774,20,True,True
PRJ-00644,Dubai Ras Tower 1,Dubai Properties,Ras Al Khor,Commercial,1623,1432,88.3,2019,,Stalled,3074,834064,3818951,31,True,True
PRJ-00645,Dubai Residences 14,Seven Tides,Dubai Marina,Residential,715,234,32.8,2012,,Under Construction,1488,1220171,13055229,65,True,True
PRJ-00646,Arada Ras Tower 5,Arada,Ras Al Khor,Residential,502,419,83.6,2006,2011.0,Completed,3720,1194441,5614783,27,False,True
PRJ-00647,Dubai Jumeirah Tower 6,Dubai Properties,Jumeirah,Residential,335,332,99.3,2016,2020.0,Completed,1736,448438,22970108,24,True,False
PRJ-00648,Nad Residences 14,Nakheel,Nad Al Sheba,Mixed Use,744,603,81.2,2015,,Off-Plan,2932,1184545,24430410,67,True,True
PRJ-00649,Reportage Ras Tower 9,Reportage,Ras Al Khor,Residential,878,810,92.3,2020,,Under Construction,1922,1427599,4194845,43,True,True
PRJ-00650,Arada Al Tower 9,Arada,Al Qusais,Residential,1794,1345,75.0,2006,2009.0,Completed,2818,335222,12405989,47,True,True
PRJ-00651,Dubai Nad Tower 8,Dubai Properties,Nad Al Sheba,Residential,1916,1705,89.0,2022,2026.0,Completed,3663,1412704,19298678,52,True,True
PRJ-00652,Sobha Emaar Tower 4,Sobha Realty,Emaar Beachfront,Residential,1681,367,21.9,2013,,Under Construction,1741,547709,21417983,26,False,True
PRJ-00653,Aldar Motor Tower 1,Aldar,Motor City,Mixed Use,1340,1203,89.8,2014,2016.0,Completed,1551,424493,5612569,43,True,True
PRJ-00654,JVC Residences 4,Ellington Properties,JVC,Mixed Use,173,41,23.9,2011,,Stalled,967,1360467,8285640,52,True,True
PRJ-00655,Business Residences 3,Reportage,Business Bay,Residential,1508,485,32.2,2005,,Under Construction,3006,799876,3803568,29,True,True
PRJ-00656,Ellington Al Tower 9,Ellington Properties,Al Quoz,Mixed Use,82,52,64.5,2018,2022.0,Completed,3462,1284744,14685662,44,True,True
PRJ-00657,Danube Arabian Tower 8,Danube Properties,Arabian Ranches,Residential,1694,1682,99.3,2007,2010.0,Completed,2221,1251157,11640994,43,False,True
PRJ-00658,Bur Residences 18,Tiger Properties,Bur Dubai,Residential,177,162,91.6,2006,,Under Construction,2194,1393608,13869927,75,True,True
PRJ-00659,Al Residences 19,Arada,Al Qusais,Residential,866,563,65.0,2009,2012.0,Completed,2151,390803,19615422,75,True,True
PRJ-00660,Jumeirah Residences 16,Tiger Properties,Jumeirah,Residential,353,128,36.5,2012,,Under Construction,4342,602373,5837808,36,True,False
PRJ-00661,Meraas Sports Tower 8,Meraas,Sports City,Mixed Use,709,609,85.9,2008,,Under Construction,2575,1007625,22968225,53,True,True
PRJ-00662,Mirdif Residences 9,Omniyat,Mirdif,Commercial,2000,1724,86.2,2023,2026.0,Completed,2421,777505,20692284,10,True,False
PRJ-00663,Al Residences 8,MAG Property Development,Al Barsha,Residential,1771,1468,82.9,2016,2018.0,Completed,2574,1087522,18513661,14,True,True
PRJ-00664,Business Residences 3,Sobha Realty,Business Bay,Mixed Use,1369,576,42.1,2011,,Under Construction,3177,995528,24821426,59,True,False
PRJ-00665,Ras Residences 19,Danube Properties,Ras Al Khor,Residential,1955,1249,63.9,2010,,Under Construction,2713,1204841,14403868,43,True,True
PRJ-00666,Danube Nad Tower 5,Danube Properties,Nad Al Sheba,Residential,91,77,84.6,2018,,Off-Plan,1008,785916,7042019,70,True,True
PRJ-00667,MAG Downtown Tower 4,MAG Property Development,Downtown Dubai,Residential,1805,1791,99.3,2022,2024.0,Completed,4407,678961,15280626,57,True,True
PRJ-00668,Dubai Dubai Tower 2,Dubai Properties,Dubai Hills Estate,Residential,288,218,76.0,2019,,Off-Plan,3493,753250,13163391,24,False,True
PRJ-00669,JLT Residences 9,Select Group,JLT,Residential,785,691,88.0,2022,,Off-Plan,2049,754102,13793332,35,False,True
PRJ-00670,Deira Residences 18,Sobha Realty,Deira,Residential,1723,971,56.4,2010,,Under Construction,1505,1021808,4582968,62,True,False
PRJ-00671,Nakheel Emaar Tower 1,Nakheel,Emaar Beachfront,Residential,1344,1316,97.9,2005,2009.0,Completed,1763,398926,15859405,20,False,True
PRJ-00672,Mirdif Residences 10,Aldar,Mirdif,Residential,1148,266,23.2,2021,,Off-Plan,3653,393080,23807967,67,False,True
PRJ-00673,Sports Residences 10,Aldar,Sports City,Residential,1192,810,68.0,2016,,Off-Plan,985,1300025,12106689,61,True,True
PRJ-00674,Discovery Residences 2,Arada,Discovery Gardens,Mixed Use,1612,1575,97.7,2015,2018.0,Completed,2517,963816,18022390,38,True,True
PRJ-00675,Emaar Residences 11,Arada,Emaar Beachfront,Residential,1741,381,21.9,2009,,Off-Plan,4044,971809,21591233,60,True,True
PRJ-00676,Al Residences 5,DAMAC Properties,Al Barsha,Mixed Use,1318,1221,92.7,2008,2011.0,Completed,3333,400799,3007464,5,False,True
PRJ-00677,Discovery Residences 2,Reportage,Discovery Gardens,Mixed Use,1268,383,30.3,2022,,Off-Plan,2807,1294639,19316602,47,False,True
PRJ-00678,Emaar Residences 3,Ellington Properties,Emaar Beachfront,Mixed Use,589,395,67.2,2023,,Off-Plan,2642,580305,24745219,16,True,True
PRJ-00679,Al Residences 8,Arada,Al Karama,Commercial,1422,1059,74.5,2008,2013.0,Completed,3809,746869,22068473,72,True,False
PRJ-00680,Azizi Palm Tower 9,Azizi Developments,Palm Jumeirah,Residential,987,610,61.8,2016,2021.0,Completed,3953,1299013,22695322,32,False,True
PRJ-00681,Sobha Bur Tower 2,Sobha Realty,Bur Dubai,Commercial,531,130,24.5,2012,,Off-Plan,3431,1470948,6937266,30,True,True
PRJ-00682,Binghatti DIFC Tower 8,Binghatti,DIFC,Residential,1515,876,57.9,2017,,Under Construction,3182,969804,19273125,9,True,True
PRJ-00683,Al Residences 5,Emaar Properties,Al Qusais,Mixed Use,1670,1226,73.5,2016,2021.0,Completed,959,1265855,13334701,66,True,False
PRJ-00684,Azizi Al Tower 2,Azizi Developments,Al Satwa,Residential,1610,1349,83.8,2009,2013.0,Completed,4165,612967,7246467,38,True,True
PRJ-00685,Nad Residences 19,Aldar,Nad Al Sheba,Residential,179,112,62.7,2022,2024.0,Completed,3894,1146187,3206255,34,True,False
PRJ-00686,Discovery Residences 18,Emaar Properties,Discovery Gardens,Residential,172,111,64.7,2005,,Under Construction,3538,1455071,13881110,27,False,True
PRJ-00687,Dubai Residences 15,Tiger Properties,Dubai Hills Estate,Residential,1483,1099,74.1,2011,2013.0,Completed,3561,1080500,17612933,66,False,True
PRJ-00688,Umm Residences 19,Azizi Developments,Umm Suqeim,Mixed Use,961,679,70.7,2008,,Off-Plan,1012,378332,12756225,50,False,True
PRJ-00689,International Residences 1,MAG Property Development,International City,Hospitality,74,32,44.0,2013,,Under Construction,1618,420266,17652221,59,False,True
PRJ-00690,Jumeirah Residences 4,Binghatti,Jumeirah,Mixed Use,556,552,99.4,2018,2021.0,Completed,1074,1292986,15218099,72,True,True
PRJ-00691,JVC Residences 17,Dubai Properties,JVC,Residential,1572,1480,94.2,2015,,Off-Plan,1621,635996,22816381,33,True,True
PRJ-00692,Ellington Al Tower 7,Ellington Properties,Al Quoz,Mixed Use,1136,953,83.9,2008,2010.0,Completed,2458,491426,15443247,68,False,False
PRJ-00693,Nakheel Al Tower 1,Nakheel,Al Karama,Residential,119,107,90.2,2016,,Under Construction,2698,1421292,17915971,14,False,True
PRJ-00694,Tiger JLT Tower 3,Tiger Properties,JLT,Residential,1679,1490,88.8,2007,2012.0,Completed,1854,1316695,10603238,71,True,True
PRJ-00695,Nakheel Deira Tower 4,Nakheel,Deira,Residential,1077,993,92.2,2023,2026.0,Completed,1089,1448453,4400922,70,False,True
PRJ-00696,Al Residences 14,Azizi Developments,Al Quoz,Residential,397,239,60.4,2006,,Off-Plan,3776,822390,4085680,65,True,True
PRJ-00697,Reportage Jumeirah Tower 4,Reportage,Jumeirah,Commercial,737,667,90.6,2013,,Off-Plan,1212,652196,9587310,37,True,False
PRJ-00698,Al Residences 14,Select Group,Al Barsha,Mixed Use,1478,556,37.6,2022,,Off-Plan,2396,444589,6595799,59,True,True
PRJ-00699,Select Sports Tower 1,Select Group,Sports City,Mixed Use,698,590,84.5,2010,,Under Construction,4046,963122,4437699,29,True,True
PRJ-00700,Omniyat Al Tower 5,Omniyat,Al Barsha,Residential,172,85,49.4,2020,,Under Construction,779,505906,13169745,64,True,True
PRJ-00701,Dubai Residences 4,Ellington Properties,Dubai Hills Estate,Hospitality,529,352,66.7,2005,,Off-Plan,3302,867062,11192706,22,True,True
PRJ-00702,Sobha Dubai Tower 6,Sobha Realty,Dubai Hills Estate,Commercial,429,376,87.8,2008,,Under Construction,2083,316463,5069048,16,False,True
PRJ-00703,Al Residences 18,Select Group,Al Satwa,Mixed Use,1893,1429,75.5,2011,,Under Construction,2812,1265326,5454303,70,False,True
PRJ-00704,Umm Residences 14,Danube Properties,Umm Suqeim,Residential,1262,989,78.4,2019,2023.0,Completed,2221,1193683,13153513,54,True,False
PRJ-00705,Ellington Downtown Tower 4,Ellington Properties,Downtown Dubai,Residential,1956,1862,95.2,2009,2013.0,Completed,4373,556593,12425086,42,False,True
PRJ-00706,Deyaar Umm Tower 8,Deyaar Development,Umm Suqeim,Residential,441,437,99.3,2011,2014.0,Completed,3421,563492,13005082,44,True,True
PRJ-00707,Deyaar Emaar Tower 2,Deyaar Development,Emaar Beachfront,Residential,1252,252,20.1,2012,,Stalled,2563,365359,5429588,67,False,True
PRJ-00708,Deira Residences 1,DAMAC Properties,Deira,Hospitality,986,781,79.2,2006,2008.0,Completed,2719,598500,3607620,80,False,True
PRJ-00709,Dubai Residences 18,Azizi Developments,Dubai Creek Harbour,Mixed Use,301,215,71.5,2014,2019.0,Completed,798,802157,18269128,34,True,True
PRJ-00710,Nad Residences 18,Meraas,Nad Al Sheba,Residential,745,546,73.3,2013,2018.0,Completed,3691,349417,21804666,27,True,True
PRJ-00711,DAMAC International Tower 7,DAMAC Properties,International City,Residential,1864,1303,69.9,2017,2022.0,Completed,2141,370667,16651693,63,True,True
PRJ-00712,Dubai Residences 13,Sobha Realty,Dubai Hills Estate,Residential,261,231,88.8,2013,,Under Construction,1078,1126159,6425519,18,True,True
PRJ-00713,Nad Residences 8,Reportage,Nad Al Sheba,Hospitality,1323,1136,85.9,2014,,Under Construction,3411,1159084,20969415,65,False,False
PRJ-00714,Ellington Al Tower 9,Ellington Properties,Al Safa,Residential,1084,809,74.7,2006,2008.0,Completed,2264,992840,13916865,25,True,True
PRJ-00715,Deira Residences 20,Sobha Realty,Deira,Hospitality,336,230,68.7,2010,2013.0,Completed,1435,1335218,19589309,49,True,True
PRJ-00716,DAMAC Al Tower 4,DAMAC Properties,Al Qusais,Mixed Use,1698,1611,94.9,2005,,Under Construction,1017,461115,24386248,79,True,True
PRJ-00717,Seven Downtown Tower 9,Seven Tides,Downtown Dubai,Mixed Use,1450,841,58.1,2018,,Off-Plan,3562,595753,17536903,56,False,True
PRJ-00718,Aldar Nad Tower 9,Aldar,Nad Al Sheba,Commercial,599,476,79.5,2014,2018.0,Completed,2013,490298,17826854,78,True,True
PRJ-00719,Arabian Residences 2,Deyaar Development,Arabian Ranches,Hospitality,1505,1127,74.9,2023,2025.0,Completed,1109,333117,17433590,75,True,True
PRJ-00720,Emaar Residences 14,Sobha Realty,Emaar Beachfront,Residential,1465,1260,86.0,2017,,Under Construction,2970,1244747,20890224,77,True,True
PRJ-00721,Azizi Deira Tower 4,Azizi Developments,Deira,Residential,395,356,90.2,2017,2020.0,Completed,848,491978,22258976,50,True,True
PRJ-00722,Reportage Business Tower 1,Reportage,Business Bay,Residential,1952,1014,52.0,2021,,Under Construction,2244,539544,21623561,47,True,True
PRJ-00723,Business Residences 18,Nakheel,Business Bay,Mixed Use,241,117,48.9,2021,,Under Construction,2945,678458,2150561,68,True,True
PRJ-00724,Arabian Residences 8,Select Group,Arabian Ranches,Mixed Use,917,818,89.3,2019,2022.0,Completed,4426,1451504,19018897,16,True,True
PRJ-00725,Seven Deira Tower 6,Seven Tides,Deira,Mixed Use,237,150,63.5,2014,,Off-Plan,3616,659489,20706161,10,True,True
PRJ-00726,Danube Bur Tower 9,Danube Properties,Bur Dubai,Residential,1547,1351,87.4,2023,2026.0,Completed,1535,1307944,20992633,70,True,True
PRJ-00727,Ras Residences 17,Binghatti,Ras Al Khor,Residential,160,99,62.2,2021,,Off-Plan,3992,300980,3427678,7,True,True
PRJ-00728,Mirdif Residences 3,Deyaar Development,Mirdif,Residential,196,143,73.2,2014,2019.0,Completed,1599,352530,23206365,48,True,False
PRJ-00729,Azizi Al Tower 7,Azizi Developments,Al Wasl,Residential,813,169,20.9,2009,,Off-Plan,1379,1262266,20514301,45,True,True
PRJ-00730,Sobha Jumeirah Tower 5,Sobha Realty,Jumeirah,Residential,1052,722,68.7,2013,2018.0,Completed,3035,988576,7796868,12,False,False
PRJ-00731,Al Residences 7,Emaar Properties,Al Quoz,Residential,1553,1031,66.4,2021,2023.0,Completed,2229,1209601,11899002,6,False,True
PRJ-00732,Umm Residences 13,Danube Properties,Umm Suqeim,Hospitality,135,92,68.5,2022,,Under Construction,1642,1428522,4347089,38,True,True
PRJ-00733,Meraas Downtown Tower 8,Meraas,Downtown Dubai,Residential,1458,1216,83.4,2017,,Stalled,2319,578975,2355457,79,True,True
PRJ-00734,Ras Residences 19,Reportage,Ras Al Khor,Residential,202,151,75.1,2013,2016.0,Completed,3750,1104546,2740754,21,True,True
PRJ-00735,Business Residences 15,Select Group,Business Bay,Residential,1691,754,44.6,2016,,Off-Plan,2977,300385,22329001,17,False,True
PRJ-00736,Emaar Residences 19,MAG Property Development,Emaar Beachfront,Residential,750,614,81.9,2009,2012.0,Completed,1299,993654,7075669,68,False,True
PRJ-00737,Aldar JLT Tower 2,Aldar,JLT,Residential,1837,1611,87.7,2022,2024.0,Completed,3617,1399071,21226208,48,False,True
PRJ-00738,Azizi Motor Tower 1,Azizi Developments,Motor City,Commercial,308,270,88.0,2009,,Under Construction,2202,465870,22362485,69,True,True
PRJ-00739,Nakheel Bur Tower 5,Nakheel,Bur Dubai,Residential,1731,848,49.0,2009,,Off-Plan,1976,1427245,13262079,10,False,False
PRJ-00740,Select JLT Tower 9,Select Group,JLT,Residential,2000,523,26.2,2009,,Under Construction,841,387263,22426831,44,True,False
PRJ-00741,Umm Residences 3,Deyaar Development,Umm Suqeim,Commercial,1756,737,42.0,2019,,Under Construction,2061,1307041,12433920,16,False,False
PRJ-00742,Dubai Residences 2,Aldar,Dubai Hills Estate,Residential,1546,1398,90.5,2024,2026.0,Completed,3642,843205,18567512,21,False,True
PRJ-00743,Palm Residences 3,Sobha Realty,Palm Jumeirah,Residential,1409,805,57.2,2017,,Under Construction,1855,603134,10993916,33,False,True
PRJ-00744,Al Residences 10,Sobha Realty,Al Barsha,Commercial,1950,1439,73.8,2008,2013.0,Completed,2122,1449612,22397120,8,True,True
PRJ-00745,Ellington Emaar Tower 7,Ellington Properties,Emaar Beachfront,Residential,853,658,77.2,2006,2011.0,Completed,2675,339057,23362705,6,True,False
PRJ-00746,Al Residences 3,Seven Tides,Al Barsha,Hospitality,514,247,48.1,2012,,Under Construction,1688,739433,8384228,17,False,True
PRJ-00747,Omniyat Nad Tower 9,Omniyat,Nad Al Sheba,Residential,1187,1019,85.9,2013,,Under Construction,1650,862806,6984845,66,True,True
PRJ-00748,Aldar Al Tower 7,Aldar,Al Satwa,Commercial,162,55,34.3,2019,,Under Construction,1055,1093188,10664538,65,False,True
PRJ-00749,Aldar Business Tower 9,Aldar,Business Bay,Residential,1070,570,53.3,2012,,Off-Plan,2438,1223481,18355672,48,True,True
PRJ-00750,Arada Discovery Tower 8,Arada,Discovery Gardens,Mixed Use,712,481,67.6,2018,,Under Construction,3006,1476056,2420709,38,True,True
PRJ-00751,Palm Residences 8,Select Group,Palm Jumeirah,Hospitality,253,185,73.5,2011,2015.0,Completed,4153,1403789,20627039,24,True,False
PRJ-00752,Al Residences 16,Meraas,Al Wasl,Residential,1035,461,44.6,2013,,Under Construction,4320,1489474,18178280,75,False,False
PRJ-00753,Binghatti Al Tower 2,Binghatti,Al Karama,Residential,367,298,81.3,2016,,Under Construction,1156,613060,20931849,50,True,False
PRJ-00754,DAMAC Al Tower 6,DAMAC Properties,Al Qusais,Mixed Use,1685,1676,99.5,2024,2028.0,Completed,2559,1371991,14847713,6,True,True
PRJ-00755,Emaar Residences 20,Emaar Properties,Emaar Beachfront,Residential,857,554,64.7,2009,2011.0,Completed,1172,480058,20728182,75,True,False
PRJ-00756,Deyaar Town Tower 9,Deyaar Development,Town Square,Residential,1654,1206,73.0,2012,,Off-Plan,915,473360,9578333,50,True,True
PRJ-00757,Bur Residences 4,Danube Properties,Bur Dubai,Residential,1787,1407,78.8,2009,,Under Construction,1431,1074534,10034486,27,True,False
PRJ-00758,Al Residences 20,Sobha Realty,Al Barsha,Mixed Use,1940,1639,84.5,2009,,Under Construction,4213,367588,4799535,31,True,False
PRJ-00759,Al Residences 16,Meraas,Al Barsha,Residential,740,635,85.8,2020,2025.0,Completed,1830,708610,20850969,8,True,False
PRJ-00760,Azizi Al Tower 3,Azizi Developments,Al Satwa,Residential,1143,798,69.9,2016,2020.0,Completed,927,685145,6798456,36,True,True
PRJ-00761,Ras Residences 8,Aldar,Ras Al Khor,Commercial,1104,228,20.7,2011,,Under Construction,1179,480832,9458022,6,True,True
PRJ-00762,Emaar Sports Tower 1,Emaar Properties,Sports City,Residential,1764,1063,60.3,2013,2017.0,Completed,3578,335837,24088726,73,False,True
PRJ-00763,Dubai Residences 18,Azizi Developments,Dubai Creek Harbour,Residential,1661,1275,76.8,2019,,Under Construction,2827,790898,22998896,43,True,True
PRJ-00764,Arabian Residences 1,Dubai Properties,Arabian Ranches,Residential,56,14,25.5,2011,,Under Construction,3567,1423892,20005252,42,True,False
PRJ-00765,Al Residences 20,Danube Properties,Al Barsha,Residential,195,181,93.0,2005,,Under Construction,3787,659688,15779953,23,True,False
PRJ-00766,Azizi Motor Tower 5,Azizi Developments,Motor City,Residential,1089,1048,96.2,2018,2021.0,Completed,916,1306860,14715095,11,True,True
PRJ-00767,DAMAC Deira Tower 6,DAMAC Properties,Deira,Residential,1185,1113,93.9,2015,2017.0,Completed,3375,338844,16086368,55,False,True
PRJ-00768,Palm Residences 15,Meraas,Palm Jumeirah,Commercial,1724,1291,74.9,2016,2020.0,Completed,3092,1127936,3476009,71,False,False
PRJ-00769,Town Residences 12,Dubai Properties,Town Square,Residential,236,144,61.3,2021,2025.0,Completed,3240,714871,15514675,9,False,True
PRJ-00770,Al Residences 19,Aldar,Al Barsha,Residential,1386,1324,95.5,2010,2015.0,Completed,2865,1287926,17015928,26,True,True
PRJ-00771,Jumeirah Residences 9,Arada,Jumeirah,Mixed Use,1856,1005,54.2,2012,,Under Construction,3843,470805,7511149,9,True,True
PRJ-00772,DIFC Residences 13,Select Group,DIFC,Residential,696,363,52.2,2014,,Under Construction,2696,410328,7501672,64,True,True
PRJ-00773,DIFC Residences 10,DAMAC Properties,DIFC,Hospitality,455,369,81.3,2015,2020.0,Completed,4379,924263,4140183,66,True,False
PRJ-00774,Meraas Sports Tower 6,Meraas,Sports City,Residential,1807,399,22.1,2010,,Under Construction,4260,992102,8712111,24,True,True
PRJ-00775,Palm Residences 5,Danube Properties,Palm Jumeirah,Residential,1713,1258,73.5,2006,2009.0,Completed,2826,1210980,18135062,9,False,True
PRJ-00776,Emaar Residences 1,Deyaar Development,Emaar Beachfront,Hospitality,318,304,95.6,2005,2009.0,Completed,4305,758109,15639548,74,False,True
PRJ-00777,Umm Residences 11,Binghatti,Umm Suqeim,Residential,998,788,79.0,2023,2027.0,Completed,2253,550982,23087329,79,True,True
PRJ-00778,Umm Residences 4,Meraas,Umm Suqeim,Residential,517,160,31.1,2007,,Under Construction,2397,778367,9864884,44,False,True
PRJ-00779,Emaar Motor Tower 3,Emaar Properties,Motor City,Residential,903,694,76.9,2021,,Under Construction,1393,497975,19855581,39,True,True
PRJ-00780,Mirdif Residences 17,Ellington Properties,Mirdif,Residential,1230,1069,86.9,2008,,Off-Plan,2383,583301,17667947,16,True,True
PRJ-00781,Business Residences 16,Emaar Properties,Business Bay,Residential,1949,937,48.1,2011,,Off-Plan,2965,726487,8843584,63,False,False
PRJ-00782,Town Residences 13,Seven Tides,Town Square,Residential,1578,905,57.4,2010,,Under Construction,1261,1454591,9606699,69,False,False
PRJ-00783,Nakheel Emaar Tower 1,Nakheel,Emaar Beachfront,Mixed Use,1632,1179,72.3,2021,2025.0,Completed,1748,1011600,19194912,55,False,True
PRJ-00784,Nakheel DIFC Tower 9,Nakheel,DIFC,Hospitality,1392,868,62.4,2011,2016.0,Completed,1200,1416486,9455083,62,True,True
PRJ-00785,Al Residences 18,Omniyat,Al Karama,Commercial,980,841,85.9,2017,,Under Construction,1455,1225628,19296448,11,True,True
PRJ-00786,Al Residences 5,Binghatti,Al Barsha,Residential,1503,981,65.3,2006,2010.0,Completed,1661,1041350,13764058,65,True,True
PRJ-00787,Al Residences 14,Reportage,Al Quoz,Mixed Use,1646,1242,75.5,2012,2015.0,Completed,2522,419838,11847020,15,True,True
PRJ-00788,Arada Dubai Tower 9,Arada,Dubai Hills Estate,Residential,1322,1075,81.4,2020,2023.0,Completed,2989,1242676,22535351,62,True,True
PRJ-00789,Select International Tower 6,Select Group,International City,Hospitality,523,309,59.3,2005,,Stalled,1588,1204457,18483117,18,False,True
PRJ-00790,Al Residences 8,Tiger Properties,Al Wasl,Residential,1487,897,60.3,2007,2010.0,Completed,3202,1250780,8741188,19,True,True
PRJ-00791,Sports Residences 2,Aldar,Sports City,Residential,1616,1218,75.4,2007,,Under Construction,3251,328783,20352568,75,True,True
PRJ-00792,Nakheel Al Tower 6,Nakheel,Al Quoz,Mixed Use,1606,607,37.8,2021,,Under Construction,4089,1179570,5308033,51,False,True
PRJ-00793,Nad Residences 17,Aldar,Nad Al Sheba,Residential,1905,1303,68.4,2018,,Under Construction,2577,497506,22799471,51,True,True
PRJ-00794,Arada Palm Tower 2,Arada,Palm Jumeirah,Mixed Use,298,74,24.9,2012,,Off-Plan,3233,404462,16751534,33,True,True
PRJ-00795,Ellington Al Tower 4,Ellington Properties,Al Karama,Residential,1478,584,39.6,2013,,Off-Plan,4267,491262,9661232,22,True,True
PRJ-00796,Emaar Al Tower 6,Emaar Properties,Al Qusais,Residential,208,42,20.6,2017,,Under Construction,972,724584,13086971,25,True,True
PRJ-00797,Dubai Residences 15,DAMAC Properties,Dubai Marina,Mixed Use,1830,377,20.6,2006,,Under Construction,3543,1004614,13045733,75,True,True
PRJ-00798,Tiger JLT Tower 4,Tiger Properties,JLT,Residential,922,584,63.4,2005,2007.0,Completed,3720,383433,18259873,31,True,True
PRJ-00799,Aldar Discovery Tower 6,Aldar,Discovery Gardens,Residential,509,469,92.3,2020,2024.0,Completed,2902,801154,2514442,21,True,True
PRJ-00800,Binghatti JVC Tower 8,Binghatti,JVC,Mixed Use,528,152,29.0,2019,,Off-Plan,3717,1069138,23827690,27,False,True
PRJ-00801,Bur Residences 14,Meraas,Bur Dubai,Commercial,1735,916,52.8,2005,,Off-Plan,2274,554441,15768544,10,True,True
PRJ-00802,Deira Residences 10,Nakheel,Deira,Residential,781,360,46.1,2011,,Off-Plan,2305,1391514,21591777,17,True,True
PRJ-00803,Dubai Residences 4,Emaar Properties,Dubai Creek Harbour,Residential,1617,588,36.4,2007,,Off-Plan,2074,1301198,9991918,64,True,False
PRJ-00804,Al Residences 20,MAG Property Development,Al Safa,Commercial,220,175,79.9,2015,,Off-Plan,800,1112815,24825893,50,False,True
PRJ-00805,Town Residences 20,Deyaar Development,Town Square,Residential,1967,498,25.3,2006,,Under Construction,2908,341405,10715787,54,True,True
PRJ-00806,Al Residences 2,Azizi Developments,Al Satwa,Residential,620,540,87.1,2023,2028.0,Completed,3881,1469911,13684559,70,True,True
PRJ-00807,Arada Jumeirah Tower 6,Arada,Jumeirah,Residential,1327,928,70.0,2023,,Off-Plan,3743,940837,8644412,30,False,False
PRJ-00808,Sports Residences 9,Seven Tides,Sports City,Residential,662,421,63.6,2021,,Off-Plan,2978,1141591,7407485,6,False,True
PRJ-00809,Mirdif Residences 11,Aldar,Mirdif,Residential,1154,1030,89.3,2009,2014.0,Completed,992,1203102,9635842,58,True,False
PRJ-00810,Tiger JVC Tower 8,Tiger Properties,JVC,Residential,66,32,49.8,2020,,Under Construction,1112,888026,19957447,48,True,False
PRJ-00811,Dubai Residences 7,Ellington Properties,Dubai Marina,Mixed Use,1551,946,61.1,2006,,Under Construction,2731,1271152,18917744,26,True,False
PRJ-00812,Omniyat Al Tower 8,Omniyat,Al Quoz,Commercial,1512,648,42.9,2010,,Under Construction,2631,1178353,8116288,11,False,True
PRJ-00813,Nad Residences 18,MAG Property Development,Nad Al Sheba,Residential,920,636,69.2,2024,2026.0,Completed,3943,924258,17562258,20,True,True
PRJ-00814,Ras Residences 8,Azizi Developments,Ras Al Khor,Residential,1703,1505,88.4,2017,,Off-Plan,3187,563859,16510625,62,True,True
PRJ-00815,Al Residences 12,Emaar Properties,Al Safa,Residential,1591,1469,92.4,2009,2011.0,Completed,3035,1325313,9729073,47,True,True
PRJ-00816,Deyaar Nad Tower 5,Deyaar Development,Nad Al Sheba,Residential,765,558,73.0,2013,2017.0,Completed,4123,1380399,11202552,20,True,True
PRJ-00817,Arabian Residences 17,Nakheel,Arabian Ranches,Mixed Use,970,664,68.5,2006,,Off-Plan,2445,437676,5818736,12,True,True
PRJ-00818,Dubai Residences 15,Omniyat,Dubai Marina,Commercial,577,214,37.1,2024,,Off-Plan,3368,569682,24312912,6,False,False
PRJ-00819,Emaar JVC Tower 4,Emaar Properties,JVC,Residential,1175,650,55.3,2018,,Under Construction,829,1148529,13838345,67,True,False
PRJ-00820,Emaar Al Tower 4,Emaar Properties,Al Wasl,Residential,1989,1715,86.3,2016,2020.0,Completed,2731,749551,20207895,15,True,True
PRJ-00821,Omniyat Emaar Tower 7,Omniyat,Emaar Beachfront,Mixed Use,1740,1693,97.3,2018,2023.0,Completed,3269,1337024,18419554,74,True,False
PRJ-00822,DIFC Residences 6,Sobha Realty,DIFC,Residential,1182,1101,93.2,2020,,Under Construction,4410,1401410,6681562,31,True,False
PRJ-00823,Al Residences 2,DAMAC Properties,Al Karama,Mixed Use,1433,1377,96.2,2016,2021.0,Completed,3891,592276,11126716,15,False,True
PRJ-00824,Umm Residences 3,Meraas,Umm Suqeim,Residential,598,439,73.5,2017,,Under Construction,2938,638104,4288534,56,True,True
PRJ-00825,Downtown Residences 19,Binghatti,Downtown Dubai,Residential,1864,1649,88.5,2005,2009.0,Completed,1186,523614,19100144,53,True,True
PRJ-00826,Deyaar Al Tower 1,Deyaar Development,Al Satwa,Residential,189,95,50.7,2005,,Under Construction,4339,427576,4293862,17,True,True
PRJ-00827,Omniyat Arabian Tower 2,Omniyat,Arabian Ranches,Residential,1556,1162,74.7,2007,,Under Construction,4360,859475,15198010,56,False,True
PRJ-00828,Deyaar Dubai Tower 4,Deyaar Development,Dubai Marina,Residential,1824,519,28.5,2007,,Off-Plan,2428,1373612,16437533,78,True,True
PRJ-00829,Al Residences 3,Reportage,Al Quoz,Mixed Use,672,320,47.7,2016,,Under Construction,1023,1297699,20067666,32,True,True
PRJ-00830,Al Residences 14,Nakheel,Al Karama,Residential,1793,1659,92.6,2010,,Under Construction,2101,378588,15759567,75,True,True
PRJ-00831,Mirdif Residences 1,Meraas,Mirdif,Hospitality,1707,1439,84.3,2018,2021.0,Completed,1357,355207,16626078,22,True,True
PRJ-00832,Seven Al Tower 5,Seven Tides,Al Barsha,Residential,350,136,39.0,2016,,Off-Plan,2083,1381723,24836492,19,False,True
PRJ-00833,Sobha Discovery Tower 5,Sobha Realty,Discovery Gardens,Residential,1703,1226,72.0,2006,2010.0,Completed,2443,402564,11703260,52,True,True
PRJ-00834,Arabian Residences 15,Select Group,Arabian Ranches,Residential,1257,998,79.5,2022,2027.0,Completed,3549,304547,14864769,36,True,False
PRJ-00835,Downtown Residences 19,Omniyat,Downtown Dubai,Residential,167,123,74.2,2008,2011.0,Completed,3478,1066631,14759427,38,True,False
PRJ-00836,Azizi Dubai Tower 2,Azizi Developments,Dubai Marina,Mixed Use,144,96,67.4,2020,2023.0,Completed,2914,1076112,20751495,30,True,True
PRJ-00837,Deira Residences 1,Ellington Properties,Deira,Residential,967,490,50.7,2014,,Under Construction,1123,823289,24316514,14,False,True
PRJ-00838,Emaar Residences 18,Arada,Emaar Beachfront,Mixed Use,423,287,68.0,2020,,Under Construction,4360,550102,21549776,67,True,True
PRJ-00839,Al Residences 2,DAMAC Properties,Al Satwa,Residential,1815,441,24.3,2023,,Under Construction,2225,623636,24143762,14,True,True
PRJ-00840,Motor Residences 13,Nakheel,Motor City,Residential,311,155,49.9,2013,,Off-Plan,3907,1440990,10255676,59,False,True
PRJ-00841,Jumeirah Residences 8,Nakheel,Jumeirah,Residential,901,745,82.7,2023,2026.0,Completed,1348,651375,9470097,65,True,True
PRJ-00842,Deyaar Bur Tower 3,Deyaar Development,Bur Dubai,Residential,1298,1095,84.4,2005,2009.0,Completed,2683,668045,10641617,9,True,False
PRJ-00843,Omniyat DIFC Tower 1,Omniyat,DIFC,Commercial,1401,1157,82.6,2018,,Under Construction,4039,634666,20943078,41,True,True
PRJ-00844,Umm Residences 7,Ellington Properties,Umm Suqeim,Commercial,755,584,77.4,2009,,Off-Plan,3998,635442,2083951,77,True,False
PRJ-00845,Mirdif Residences 3,DAMAC Properties,Mirdif,Mixed Use,859,250,29.1,2020,,Stalled,818,1017480,7868874,47,True,True
PRJ-00846,Deyaar Motor Tower 1,Deyaar Development,Motor City,Commercial,1779,1296,72.9,2009,2011.0,Completed,762,363823,2922194,43,True,True
PRJ-00847,Binghatti Downtown Tower 7,Binghatti,Downtown Dubai,Residential,1084,812,75.0,2016,,Under Construction,1527,1335379,8250678,76,True,True
PRJ-00848,Azizi Al Tower 9,Azizi Developments,Al Safa,Commercial,1816,676,37.3,2023,,Under Construction,2135,585878,14849703,30,True,True
PRJ-00849,Nad Residences 15,Dubai Properties,Nad Al Sheba,Residential,1212,1104,91.2,2023,2026.0,Completed,2601,840843,20197074,57,False,False
PRJ-00850,Al Residences 7,Arada,Al Qusais,Residential,1324,1040,78.6,2022,,Off-Plan,3495,1115427,2594074,31,False,True
PRJ-00851,Business Residences 10,Seven Tides,Business Bay,Residential,297,248,83.7,2022,2025.0,Completed,2661,472915,5386965,13,True,True
PRJ-00852,Aldar Al Tower 9,Aldar,Al Karama,Commercial,760,191,25.2,2021,,Off-Plan,1130,1354694,7380558,72,False,True
PRJ-00853,Motor Residences 4,Omniyat,Motor City,Residential,1606,890,55.4,2011,,Off-Plan,2203,932006,2229408,22,False,True
PRJ-00854,Al Residences 20,Reportage,Al Wasl,Residential,528,189,35.8,2023,,Off-Plan,3224,1217972,8730340,51,True,True
PRJ-00855,Al Residences 5,Seven Tides,Al Safa,Residential,285,164,57.8,2007,,Off-Plan,827,1036951,24072151,53,False,True
PRJ-00856,JLT Residences 15,Seven Tides,JLT,Residential,982,346,35.3,2014,,Off-Plan,2344,594270,5676476,38,True,True
PRJ-00857,Nad Residences 14,MAG Property Development,Nad Al Sheba,Mixed Use,896,617,68.9,2010,2014.0,Completed,2875,688125,17796488,33,True,True
PRJ-00858,Binghatti Mirdif Tower 8,Binghatti,Mirdif,Residential,313,298,95.3,2016,2018.0,Completed,3354,829392,20767868,25,True,True
PRJ-00859,Al Residences 10,MAG Property Development,Al Qusais,Residential,195,176,90.4,2024,,Under Construction,715,350225,2649538,60,True,True
PRJ-00860,Dubai Al Tower 7,Dubai Properties,Al Karama,Residential,262,235,90.0,2022,2024.0,Completed,1351,1175657,7104852,25,True,True
PRJ-00861,DAMAC DIFC Tower 9,DAMAC Properties,DIFC,Residential,825,276,33.5,2010,,Under Construction,1258,1117762,15005663,28,True,True
PRJ-00862,Business Residences 6,Omniyat,Business Bay,Mixed Use,1944,924,47.5,2013,,Under Construction,3067,960679,12862029,17,True,True
PRJ-00863,Town Residences 16,Danube Properties,Town Square,Hospitality,1945,1264,65.0,2022,,Under Construction,3074,608354,3390852,78,True,True
PRJ-00864,Meraas Town Tower 9,Meraas,Town Square,Residential,1270,1088,85.7,2015,2017.0,Completed,1679,930527,23151445,43,True,True
PRJ-00865,Al Residences 10,Danube Properties,Al Safa,Residential,1725,770,44.7,2011,,Under Construction,2237,1086654,17786481,21,True,False
PRJ-00866,Business Residences 5,Omniyat,Business Bay,Commercial,213,170,80.1,2018,2022.0,Completed,4054,385807,9558984,73,False,True
PRJ-00867,Al Residences 3,Dubai Properties,Al Satwa,Residential,879,626,71.3,2010,2015.0,Completed,3338,394048,15139966,10,True,True
PRJ-00868,Omniyat Dubai Tower 3,Omniyat,Dubai Marina,Mixed Use,1443,1360,94.3,2013,2016.0,Completed,1410,1394619,5208504,54,False,True
PRJ-00869,Al Residences 16,Nakheel,Al Wasl,Residential,492,356,72.5,2005,,Under Construction,4289,919018,16524669,56,True,True
PRJ-00870,Dubai Residences 10,MAG Property Development,Dubai Creek Harbour,Residential,866,656,75.8,2007,2009.0,Completed,1662,1121580,24502065,56,False,False
PRJ-00871,Tiger Dubai Tower 1,Tiger Properties,Dubai Hills Estate,Residential,903,887,98.3,2018,2020.0,Completed,793,815853,6188362,67,True,True
PRJ-00872,Emaar Residences 8,Reportage,Emaar Beachfront,Residential,510,221,43.3,2007,,Off-Plan,4365,1427945,19905768,57,True,True
PRJ-00873,Al Residences 6,Azizi Developments,Al Karama,Residential,1706,692,40.6,2014,,Off-Plan,4160,1041187,24893171,71,True,True
PRJ-00874,Reportage JVC Tower 8,Reportage,JVC,Residential,1039,866,83.4,2005,2010.0,Completed,2396,1128160,22533198,47,False,True
PRJ-00875,Omniyat JLT Tower 4,Omniyat,JLT,Residential,553,252,45.6,2007,,Under Construction,4057,967255,11368142,8,False,False
PRJ-00876,Al Residences 13,Emaar Properties,Al Karama,Commercial,776,752,97.0,2019,2022.0,Completed,1863,1089284,3170962,77,True,False
PRJ-00877,Al Residences 6,Select Group,Al Karama,Residential,1343,1245,92.8,2008,2012.0,Completed,1017,1115722,11457456,72,True,True
PRJ-00878,Motor Residences 15,Nakheel,Motor City,Commercial,598,520,87.1,2005,,Under Construction,1077,388901,15449963,73,False,True
PRJ-00879,DIFC Residences 9,Dubai Properties,DIFC,Residential,1247,1050,84.2,2005,2009.0,Completed,2124,1475600,24520522,54,False,False
PRJ-00880,MAG Al Tower 9,MAG Property Development,Al Wasl,Residential,1956,764,39.1,2016,,Off-Plan,1038,353872,23985059,71,False,False
PRJ-00881,DAMAC Al Tower 1,DAMAC Properties,Al Satwa,Residential,1072,860,80.3,2015,,Off-Plan,3564,591241,23892465,31,True,False
PRJ-00882,Reportage Palm Tower 1,Reportage,Palm Jumeirah,Commercial,1838,889,48.4,2020,,Under Construction,3174,485400,3730981,21,False,True
PRJ-00883,Dubai Residences 7,MAG Property Development,Dubai Hills Estate,Residential,1960,1666,85.0,2024,2028.0,Completed,2360,1477590,21624719,69,False,True
PRJ-00884,Omniyat Arabian Tower 7,Omniyat,Arabian Ranches,Residential,1310,296,22.7,2010,,Off-Plan,1750,1067351,11910636,79,True,True
PRJ-00885,Motor Residences 5,Reportage,Motor City,Residential,1019,799,78.5,2019,2024.0,Completed,3967,1091477,23158333,40,False,True
PRJ-00886,Motor Residences 9,Aldar,Motor City,Residential,1895,1416,74.7,2011,2016.0,Completed,4382,893193,13956714,39,True,True
PRJ-00887,Town Residences 13,Arada,Town Square,Residential,1565,1427,91.2,2006,,Under Construction,3356,1352359,5856709,31,True,True
PRJ-00888,Sobha Dubai Tower 9,Sobha Realty,Dubai Hills Estate,Residential,93,73,78.9,2020,2022.0,Completed,2252,1394273,15188661,22,True,True
PRJ-00889,Motor Residences 9,Meraas,Motor City,Residential,1816,1615,88.9,2009,2012.0,Completed,3804,1031557,19634543,5,True,True
PRJ-00890,Sobha Dubai Tower 5,Sobha Realty,Dubai Creek Harbour,Residential,328,156,47.7,2013,,Under Construction,756,788867,9572977,62,True,True
PRJ-00891,Reportage Town Tower 1,Reportage,Town Square,Commercial,1484,1025,69.1,2005,2010.0,Completed,2613,835393,19121791,35,False,True
PRJ-00892,Select Nad Tower 4,Select Group,Nad Al Sheba,Residential,613,576,94.1,2021,2024.0,Completed,1612,1306536,5033317,52,False,True
PRJ-00893,Bur Residences 14,Tiger Properties,Bur Dubai,Residential,1510,779,51.6,2019,,Under Construction,1564,900030,13694129,51,True,True
PRJ-00894,Seven Jumeirah Tower 9,Seven Tides,Jumeirah,Residential,410,311,75.9,2017,,Stalled,4182,1226536,4116048,80,True,False
PRJ-00895,Sports Residences 4,DAMAC Properties,Sports City,Residential,413,335,81.2,2012,,Stalled,3238,878101,15790008,11,False,False
PRJ-00896,Emaar Residences 19,Reportage,Emaar Beachfront,Residential,1362,938,68.9,2017,2019.0,Completed,3220,946755,9668036,79,True,True
PRJ-00897,Umm Residences 1,Arada,Umm Suqeim,Residential,1827,485,26.6,2011,,Off-Plan,2709,914536,21313909,39,False,True
PRJ-00898,Bur Residences 5,Azizi Developments,Bur Dubai,Commercial,655,158,24.2,2010,,Off-Plan,2924,994956,17421358,64,True,True
PRJ-00899,Meraas DIFC Tower 5,Meraas,DIFC,Residential,1718,1030,60.0,2010,2013.0,Completed,3849,732855,3924004,10,True,True
PRJ-00900,Dubai Mirdif Tower 3,Dubai Properties,Mirdif,Mixed Use,1574,386,24.5,2018,,Under Construction,2053,785866,19454851,24,True,True
PRJ-00901,Al Residences 15,Reportage,Al Wasl,Residential,145,36,25.1,2007,,Off-Plan,1582,914541,20087685,58,True,True
PRJ-00902,Arabian Residences 15,Binghatti,Arabian Ranches,Residential,1178,844,71.7,2015,2018.0,Completed,1147,766735,2455072,52,True,True
PRJ-00903,Mirdif Residences 14,Binghatti,Mirdif,Residential,94,47,50.4,2010,,Under Construction,2713,873876,17732372,45,True,True
PRJ-00904,Al Residences 5,DAMAC Properties,Al Safa,Residential,88,64,73.2,2011,,Off-Plan,2153,851797,17427208,64,False,True
PRJ-00905,Jumeirah Residences 8,Sobha Realty,Jumeirah,Residential,577,382,66.2,2006,2011.0,Completed,949,1388115,14260020,33,True,True
PRJ-00906,JLT Residences 10,DAMAC Properties,JLT,Mixed Use,1217,613,50.4,2011,,Under Construction,2613,1156551,17756289,46,True,True
PRJ-00907,MAG Al Tower 3,MAG Property Development,Al Barsha,Residential,315,189,60.1,2019,2022.0,Completed,1454,879334,17177206,40,True,False
PRJ-00908,Dubai Residences 2,Omniyat,Dubai Marina,Residential,843,814,96.7,2014,2017.0,Completed,4197,597962,10006526,20,False,True
PRJ-00909,JVC Residences 19,Aldar,JVC,Residential,440,414,94.2,2024,2026.0,Completed,3573,1382813,23495460,66,True,True
PRJ-00910,Al Residences 6,Omniyat,Al Wasl,Residential,1986,1577,79.5,2012,2014.0,Completed,859,414754,7406590,16,True,False
PRJ-00911,DAMAC Al Tower 8,DAMAC Properties,Al Wasl,Residential,965,669,69.3,2012,2015.0,Completed,2074,839592,21013367,19,True,True
PRJ-00912,Arabian Residences 5,Omniyat,Arabian Ranches,Hospitality,1911,1156,60.5,2024,,Off-Plan,731,644203,3510894,35,True,True
PRJ-00913,Nad Residences 8,Reportage,Nad Al Sheba,Commercial,1042,677,65.0,2009,,Under Construction,3967,1278450,15948648,66,True,True
PRJ-00914,Reportage Deira Tower 8,Reportage,Deira,Residential,211,132,63.0,2021,2023.0,Completed,742,461277,23719277,7,True,True
PRJ-00915,Dubai Residences 20,Aldar,Dubai Marina,Commercial,1238,663,53.6,2008,,Off-Plan,2879,413949,9563616,78,True,True
PRJ-00916,Dubai Residences 7,Azizi Developments,Dubai Creek Harbour,Residential,1002,706,70.5,2019,,Under Construction,1691,722491,9337073,20,True,True
PRJ-00917,Danube Nad Tower 6,Danube Properties,Nad Al Sheba,Mixed Use,245,145,59.6,2007,,Under Construction,708,844710,12816722,36,True,True
PRJ-00918,Arabian Residences 1,Aldar,Arabian Ranches,Residential,793,432,54.5,2011,,Off-Plan,3562,1038538,8842575,41,True,False
PRJ-00919,Emaar Bur Tower 7,Emaar Properties,Bur Dubai,Mixed Use,1652,954,57.8,2017,,Under Construction,1477,1348557,12478502,17,True,True
PRJ-00920,Emaar Jumeirah Tower 3,Emaar Properties,Jumeirah,Commercial,301,225,74.8,2015,2020.0,Completed,1836,632813,12950055,74,False,True
PRJ-00921,Dubai Residences 2,Danube Properties,Dubai Marina,Residential,1782,592,33.2,2011,,Under Construction,1962,514653,17109497,45,True,True
PRJ-00922,Meraas Al Tower 6,Meraas,Al Quoz,Residential,429,387,90.3,2022,,Under Construction,4375,1159455,9430596,33,True,True
PRJ-00923,Arada Ras Tower 9,Arada,Ras Al Khor,Residential,863,499,57.9,2011,,Under Construction,2530,806976,24968446,78,True,True
PRJ-00924,JLT Residences 8,Danube Properties,JLT,Residential,91,89,98.0,2011,2013.0,Completed,1897,1050928,23812921,30,True,True
PRJ-00925,DIFC Residences 6,MAG Property Development,DIFC,Commercial,1436,1226,85.4,2016,,Stalled,1996,1032779,9441902,25,True,False
PRJ-00926,Reportage Bur Tower 5,Reportage,Bur Dubai,Residential,1719,1465,85.3,2023,,Off-Plan,3103,387109,23180616,62,True,True
PRJ-00927,Business Residences 6,Tiger Properties,Business Bay,Residential,721,521,72.4,2021,2023.0,Completed,3887,661394,11197363,71,True,True
PRJ-00928,Tiger Al Tower 2,Tiger Properties,Al Satwa,Hospitality,1295,947,73.1,2006,2011.0,Completed,1194,680865,24724636,61,True,False
PRJ-00929,Omniyat Discovery Tower 3,Omniyat,Discovery Gardens,Residential,700,331,47.3,2020,,Under Construction,3868,1151252,21254326,47,True,True
PRJ-00930,Sobha Umm Tower 9,Sobha Realty,Umm Suqeim,Residential,1475,447,30.3,2009,,Under Construction,1060,1417812,18475694,19,False,True
PRJ-00931,JLT Residences 6,Sobha Realty,JLT,Residential,341,317,93.1,2008,2012.0,Completed,3307,1069891,3725998,30,True,True
PRJ-00932,Seven Nad Tower 4,Seven Tides,Nad Al Sheba,Residential,827,655,79.3,2019,2024.0,Completed,2554,1295511,22238530,72,True,False
PRJ-00933,DAMAC Al Tower 2,DAMAC Properties,Al Karama,Residential,1990,622,31.3,2018,,Off-Plan,3955,1080050,3098146,24,True,True
PRJ-00934,Arada Al Tower 1,Arada,Al Satwa,Residential,1139,931,81.7,2024,,Off-Plan,3739,799062,15544439,27,True,True
PRJ-00935,Deyaar Al Tower 4,Deyaar Development,Al Karama,Commercial,1183,529,44.8,2005,,Off-Plan,3968,520024,2196219,62,True,True
PRJ-00936,Reportage Al Tower 8,Reportage,Al Barsha,Commercial,533,519,97.6,2022,2026.0,Completed,3826,1117232,12427028,21,False,True
PRJ-00937,Emaar JLT Tower 7,Emaar Properties,JLT,Residential,1286,1217,94.7,2022,,Under Construction,2131,1178934,23700902,28,True,True
PRJ-00938,Al Residences 3,Aldar,Al Satwa,Commercial,1625,1450,89.3,2024,2028.0,Completed,2873,1052005,18547266,53,False,True
PRJ-00939,Ras Residences 12,Deyaar Development,Ras Al Khor,Mixed Use,123,111,90.9,2007,2009.0,Completed,1529,1264126,6104566,54,True,True
PRJ-00940,Ras Residences 3,Select Group,Ras Al Khor,Mixed Use,1410,583,41.4,2007,,Under Construction,822,1030319,21563187,75,False,True
PRJ-00941,MAG Umm Tower 8,MAG Property Development,Umm Suqeim,Mixed Use,1946,1803,92.7,2010,,Off-Plan,3645,761480,10682685,31,True,True
PRJ-00942,Dubai Residences 20,Arada,Dubai Marina,Residential,411,279,67.9,2014,,Off-Plan,2750,795815,15135678,30,True,True
PRJ-00943,Reportage International Tower 8,Reportage,International City,Residential,84,75,89.9,2013,,Off-Plan,1825,474406,2095453,75,True,True
PRJ-00944,Business Residences 16,Dubai Properties,Business Bay,Residential,1270,1032,81.3,2016,,Under Construction,3319,659885,6323600,38,False,True
PRJ-00945,Binghatti International Tower 7,Binghatti,International City,Mixed Use,346,297,85.8,2013,,Stalled,2381,883001,12248587,52,True,True
PRJ-00946,Nakheel JVC Tower 3,Nakheel,JVC,Commercial,1624,659,40.6,2006,,Stalled,2742,466172,13240945,54,False,True
PRJ-00947,Dubai Al Tower 6,Dubai Properties,Al Safa,Residential,529,354,66.9,2016,2018.0,Completed,4225,516422,11013141,37,False,True
PRJ-00948,Azizi Palm Tower 8,Azizi Developments,Palm Jumeirah,Residential,1884,709,37.7,2013,,Off-Plan,4445,633520,4212350,12,False,True
PRJ-00949,Select International Tower 2,Select Group,International City,Residential,1940,1221,62.9,2010,,Stalled,3033,518414,21033857,67,True,True
PRJ-00950,Al Residences 3,Nakheel,Al Wasl,Commercial,1157,742,64.1,2018,,Under Construction,721,1157880,7754344,51,True,True
PRJ-00951,Sobha Palm Tower 3,Sobha Realty,Palm Jumeirah,Residential,1957,1640,83.8,2015,2019.0,Completed,1772,781404,5057907,36,False,True
PRJ-00952,Sobha Emaar Tower 3,Sobha Realty,Emaar Beachfront,Residential,268,121,45.3,2005,,Under Construction,3167,1150528,21935912,74,True,True
PRJ-00953,Deyaar Dubai Tower 8,Deyaar Development,Dubai Hills Estate,Residential,203,97,47.9,2016,,Under Construction,3429,1459188,9800772,61,True,True
PRJ-00954,Meraas Motor Tower 8,Meraas,Motor City,Mixed Use,1847,1229,66.6,2024,,Off-Plan,3658,886171,2950903,32,True,True
PRJ-00955,Dubai Nad Tower 4,Dubai Properties,Nad Al Sheba,Residential,331,126,38.3,2015,,Stalled,1481,1212563,20942236,19,True,True
PRJ-00956,Deira Residences 10,Binghatti,Deira,Residential,397,268,67.7,2015,2020.0,Completed,2694,1109008,15898612,51,True,False
PRJ-00957,Dubai Residences 7,Seven Tides,Dubai Hills Estate,Residential,494,460,93.1,2011,,Under Construction,3313,1215477,11789755,75,True,True
PRJ-00958,Dubai Residences 4,Binghatti,Dubai Hills Estate,Mixed Use,1568,832,53.1,2012,,Off-Plan,748,633105,12390207,54,True,True
PRJ-00959,Tiger Dubai Tower 3,Tiger Properties,Dubai Creek Harbour,Mixed Use,856,678,79.2,2007,2009.0,Completed,2248,1000695,10444427,55,True,False
PRJ-00960,Arada Al Tower 3,Arada,Al Barsha,Hospitality,433,268,62.1,2007,2011.0,Completed,3715,1362396,22298897,44,False,True
PRJ-00961,Arada Discovery Tower 4,Arada,Discovery Gardens,Residential,747,630,84.5,2005,,Under Construction,2914,468744,12979859,55,True,True
PRJ-00962,Bur Residences 3,Arada,Bur Dubai,Residential,228,53,23.5,2020,,Under Construction,3044,958218,16171778,16,True,True
PRJ-00963,Aldar Al Tower 8,Aldar,Al Satwa,Residential,1105,458,41.5,2009,,Off-Plan,2749,1304793,22168699,75,False,True
PRJ-00964,Emaar Al Tower 6,Emaar Properties,Al Satwa,Mixed Use,1132,725,64.1,2007,2009.0,Completed,4107,756818,13457334,39,False,True
PRJ-00965,Select JLT Tower 5,Select Group,JLT,Residential,1962,455,23.2,2009,,Under Construction,3330,1095184,6189756,21,True,True
PRJ-00966,Jumeirah Residences 4,Emaar Properties,Jumeirah,Mixed Use,1804,1694,93.9,2015,2018.0,Completed,3086,366771,22402388,14,True,False
PRJ-00967,Ellington Arabian Tower 7,Ellington Properties,Arabian Ranches,Residential,1390,756,54.5,2023,,Under Construction,2654,1482137,21082334,16,True,True
PRJ-00968,Downtown Residences 9,Arada,Downtown Dubai,Residential,1329,1164,87.6,2024,2029.0,Completed,2949,877057,16112479,6,True,True
PRJ-00969,Deyaar Palm Tower 9,Deyaar Development,Palm Jumeirah,Residential,1810,417,23.0,2013,,Under Construction,1438,340463,11491394,73,True,True
PRJ-00970,Business Residences 10,Tiger Properties,Business Bay,Residential,1948,673,34.6,2007,,Under Construction,1552,417377,4005342,14,True,False
PRJ-00971,Ellington Palm Tower 6,Ellington Properties,Palm Jumeirah,Residential,1010,655,64.9,2022,,Under Construction,1730,696958,4638675,21,False,True
PRJ-00972,Discovery Residences 14,Meraas,Discovery Gardens,Residential,1227,1203,98.1,2013,2016.0,Completed,3216,766540,21193881,54,True,False
PRJ-00973,DAMAC Deira Tower 4,DAMAC Properties,Deira,Commercial,79,63,80.6,2019,,Under Construction,841,1120391,8808276,67,True,True
PRJ-00974,Discovery Residences 2,Nakheel,Discovery Gardens,Hospitality,1949,1069,54.9,2017,,Stalled,2921,794154,18018417,41,True,True
PRJ-00975,MAG Jumeirah Tower 2,MAG Property Development,Jumeirah,Commercial,1293,1158,89.6,2022,2025.0,Completed,4221,722451,4242349,65,True,False
PRJ-00976,Select Bur Tower 8,Select Group,Bur Dubai,Residential,695,284,40.9,2009,,Under Construction,1854,1116198,2743922,35,True,False
PRJ-00977,Dubai Ras Tower 1,Dubai Properties,Ras Al Khor,Commercial,1584,1344,84.9,2012,2015.0,Completed,1806,1035466,2548631,41,True,False
PRJ-00978,International Residences 9,Emaar Properties,International City,Residential,562,285,50.8,2016,,Off-Plan,2714,748507,21925535,60,False,False
PRJ-00979,Tiger Ras Tower 5,Tiger Properties,Ras Al Khor,Mixed Use,1899,1875,98.8,2012,2017.0,Completed,2908,1154930,24354527,45,True,True
PRJ-00980,Arada International Tower 8,Arada,International City,Residential,362,229,63.3,2018,2022.0,Completed,3298,703429,8806835,21,True,True
PRJ-00981,Al Residences 19,Aldar,Al Wasl,Residential,623,220,35.3,2014,,Off-Plan,1070,803018,21395615,20,True,True
PRJ-00982,Downtown Residences 1,Aldar,Downtown Dubai,Residential,1566,1292,82.5,2008,2011.0,Completed,2862,1024721,8371240,10,True,True
PRJ-00983,Meraas Discovery Tower 1,Meraas,Discovery Gardens,Mixed Use,1200,1136,94.7,2009,2011.0,Completed,3206,933367,2515071,44,False,True
PRJ-00984,Nakheel Town Tower 1,Nakheel,Town Square,Mixed Use,1538,1354,88.1,2019,,Off-Plan,2976,618924,4183000,6,True,True
PRJ-00985,Business Residences 10,Dubai Properties,Business Bay,Commercial,1382,1196,86.5,2019,,Under Construction,3172,1311151,7196613,39,False,False
PRJ-00986,Meraas Al Tower 4,Meraas,Al Satwa,Commercial,101,37,37.2,2008,,Under Construction,4058,423402,7896502,24,False,False
PRJ-00987,Sobha Al Tower 4,Sobha Realty,Al Satwa,Residential,83,29,35.4,2015,,Off-Plan,3181,734926,5719058,23,True,True
PRJ-00988,Binghatti Sports Tower 3,Binghatti,Sports City,Residential,397,122,31.0,2012,,Under Construction,1016,906699,17630669,15,True,True
PRJ-00989,Discovery Residences 9,Nakheel,Discovery Gardens,Residential,833,268,32.3,2007,,Under Construction,1652,748448,10209116,78,True,True
PRJ-00990,Al Residences 4,Aldar,Al Wasl,Residential,233,170,73.1,2021,,Under Construction,1884,374327,14766959,27,False,True
PRJ-00991,Dubai Residences 14,Select Group,Dubai Hills Estate,Residential,1485,973,65.6,2013,,Under Construction,2499,536570,12494166,74,True,True
PRJ-00992,Deyaar Bur Tower 3,Deyaar Development,Bur Dubai,Mixed Use,1693,1646,97.3,2017,2022.0,Completed,4193,637587,22060868,17,False,False
PRJ-00993,Al Residences 8,Nakheel,Al Safa,Commercial,1087,930,85.6,2007,,Stalled,3011,523910,3402327,64,False,True
PRJ-00994,Dubai Residences 5,Meraas,Dubai Hills Estate,Residential,369,262,71.1,2009,2012.0,Completed,2555,692711,8732177,79,True,True
PRJ-00995,Al Residences 20,Danube Properties,Al Barsha,Commercial,634,297,47.0,2008,,Stalled,2624,462897,11309739,44,True,True
PRJ-00996,Al Residences 8,Omniyat,Al Safa,Hospitality,1498,1481,98.9,2015,2017.0,Completed,990,1448243,13782601,14,False,True
PRJ-00997,Aldar International Tower 5,Aldar,International City,Residential,256,212,82.9,2021,2026.0,Completed,1604,767036,20130654,64,True,True
PRJ-00998,Dubai Residences 6,Azizi Developments,Dubai Hills Estate,Residential,1662,687,41.4,2014,,Under Construction,3639,814870,11705134,30,True,True
PRJ-00999,Deyaar Town Tower 9,Deyaar Development,Town Square,Residential,1344,684,50.9,2023,,Under Construction,1793,1352697,13880284,14,True,False
PRJ-01000,MAG JVC Tower 9,MAG Property Development,JVC,Mixed Use,1740,449,25.8,2015,,Under Construction,4470,1304959,9104618,62,True,True
PRJ-01001,Ellington Al Tower 3,Ellington Properties,Al Karama,Residential,1892,1846,97.6,2019,2023.0,Completed,720,307248,9441417,30,False,False
PRJ-01002,Emaar Al Tower 7,Emaar Properties,Al Quoz,Residential,390,196,50.3,2009,,Off-Plan,2016,530648,4470808,8,True,True
PRJ-01003,Al Residences 20,DAMAC Properties,Al Quoz,Residential,1867,1740,93.2,2023,,Off-Plan,2849,1445905,15588362,58,False,True
PRJ-01004,Tiger Deira Tower 4,Tiger Properties,Deira,Commercial,814,555,68.3,2019,,Stalled,2541,301840,10962444,70,True,True
PRJ-01005,Al Residences 4,DAMAC Properties,Al Satwa,Residential,901,788,87.5,2006,2008.0,Completed,4187,1268932,17005000,7,True,True
PRJ-01006,Al Residences 8,Dubai Properties,Al Qusais,Residential,449,228,50.9,2023,,Under Construction,3790,716506,16020179,64,False,False
PRJ-01007,Al Residences 20,Emaar Properties,Al Karama,Mixed Use,673,243,36.2,2010,,Under Construction,1667,600890,22776767,77,False,True
PRJ-01008,Omniyat Town Tower 6,Omniyat,Town Square,Commercial,153,143,93.9,2017,2020.0,Completed,3932,1280476,5945259,24,True,True
PRJ-01009,Business Residences 1,Arada,Business Bay,Residential,506,123,24.5,2022,,Stalled,2362,567517,21928577,42,False,True
PRJ-01010,Deyaar International Tower 3,Deyaar Development,International City,Commercial,1190,272,22.9,2018,,Off-Plan,1746,907081,3708706,60,True,True
PRJ-01011,Downtown Residences 6,Sobha Realty,Downtown Dubai,Residential,256,193,75.5,2005,2008.0,Completed,2033,765609,5588029,19,True,False
PRJ-01012,Deyaar Downtown Tower 8,Deyaar Development,Downtown Dubai,Commercial,1823,1774,97.3,2006,2011.0,Completed,1697,1136901,23151263,40,True,False
PRJ-01013,Azizi DIFC Tower 3,Azizi Developments,DIFC,Hospitality,401,380,94.8,2014,2017.0,Completed,2436,967089,17045504,80,True,True
PRJ-01014,Al Residences 12,Arada,Al Wasl,Residential,682,180,26.5,2017,,Stalled,2696,1230078,20102857,65,False,True
PRJ-01015,Business Residences 6,Ellington Properties,Business Bay,Residential,1155,1062,92.0,2011,2015.0,Completed,1788,1182055,23684635,53,True,True
PRJ-01016,Binghatti Al Tower 1,Binghatti,Al Qusais,Residential,1609,1554,96.6,2012,2015.0,Completed,1679,728140,18147462,68,False,True
PRJ-01017,Arabian Residences 1,Seven Tides,Arabian Ranches,Residential,717,585,81.7,2005,2007.0,Completed,1126,1125978,3930600,80,False,True
PRJ-01018,Meraas Sports Tower 6,Meraas,Sports City,Residential,539,297,55.3,2023,,Under Construction,1036,1442503,22435374,12,True,False
PRJ-01019,Tiger Al Tower 7,Tiger Properties,Al Karama,Mixed Use,1454,1328,91.4,2006,,Under Construction,3440,605551,4629252,73,True,True
PRJ-01020,Umm Residences 4,Arada,Umm Suqeim,Residential,1841,1381,75.0,2013,,Under Construction,1847,940590,23466324,52,True,True
PRJ-01021,Dubai Umm Tower 7,Dubai Properties,Umm Suqeim,Residential,1729,932,53.9,2012,,Under Construction,2236,1083459,3179244,42,True,True
PRJ-01022,Select Ras Tower 9,Select Group,Ras Al Khor,Residential,470,271,57.8,2011,,Stalled,4035,996830,11740921,68,True,True
PRJ-01023,Select Palm Tower 4,Select Group,Palm Jumeirah,Residential,1525,1480,97.1,2013,2018.0,Completed,3209,333360,21321548,77,True,True
PRJ-01024,Jumeirah Residences 4,Binghatti,Jumeirah,Mixed Use,301,202,67.1,2011,2016.0,Completed,753,1357841,15579973,55,True,True
PRJ-01025,MAG Motor Tower 1,MAG Property Development,Motor City,Residential,1351,1256,93.0,2020,2022.0,Completed,718,873584,6477888,56,True,True
PRJ-01026,Al Residences 9,DAMAC Properties,Al Wasl,Residential,996,288,29.0,2023,,Stalled,4372,1209949,6415416,71,True,True
PRJ-01027,Ellington Al Tower 8,Ellington Properties,Al Quoz,Residential,1422,1404,98.8,2009,2012.0,Completed,4237,644753,4179892,34,True,False
PRJ-01028,Danube Dubai Tower 2,Danube Properties,Dubai Hills Estate,Residential,533,264,49.7,2017,,Under Construction,3432,778258,19954676,27,True,True
PRJ-01029,Meraas Al Tower 6,Meraas,Al Safa,Mixed Use,512,372,72.8,2017,2019.0,Completed,4368,716674,17612101,48,True,True
PRJ-01030,Reportage Al Tower 5,Reportage,Al Wasl,Mixed Use,1678,969,57.8,2024,,Off-Plan,3200,684429,8534265,14,True,True
PRJ-01031,Downtown Residences 9,Danube Properties,Downtown Dubai,Commercial,1462,1138,77.9,2020,2025.0,Completed,2826,1224637,6551175,68,True,True
PRJ-01032,MAG Deira Tower 1,MAG Property Development,Deira,Residential,1739,1418,81.6,2007,2012.0,Completed,3002,1096336,10057701,43,False,True
PRJ-01033,Arabian Residences 18,Danube Properties,Arabian Ranches,Residential,1831,1505,82.2,2016,2019.0,Completed,3692,458793,10398259,69,True,False
PRJ-01034,Dubai Residences 16,Nakheel,Dubai Marina,Hospitality,1401,672,48.0,2015,,Under Construction,913,906067,11571021,23,True,True
PRJ-01035,Meraas Al Tower 2,Meraas,Al Quoz,Residential,1026,323,31.5,2005,,Under Construction,1385,527151,23947352,25,True,True
PRJ-01036,Discovery Residences 20,Select Group,Discovery Gardens,Residential,790,763,96.7,2023,2028.0,Completed,2146,451447,18314334,68,True,True
PRJ-01037,Umm Residences 18,Dubai Properties,Umm Suqeim,Residential,50,29,59.1,2024,,Off-Plan,1903,729851,16181464,58,True,True
PRJ-01038,Danube Al Tower 1,Danube Properties,Al Qusais,Commercial,735,668,91.0,2012,2017.0,Completed,3455,1275411,16711906,80,True,True
PRJ-01039,Dubai Residences 7,Ellington Properties,Dubai Marina,Residential,1332,1311,98.5,2009,2013.0,Completed,3238,1365574,7277494,6,True,False
PRJ-01040,Al Residences 8,Arada,Al Satwa,Mixed Use,807,511,63.4,2020,,Under Construction,1546,977006,19599496,29,False,True
PRJ-01041,Mirdif Residences 10,Meraas,Mirdif,Commercial,1337,867,64.9,2005,2007.0,Completed,1436,1104295,19493325,56,True,False
PRJ-01042,Omniyat Al Tower 7,Omniyat,Al Quoz,Commercial,208,97,46.7,2019,,Under Construction,1342,681419,12176273,58,True,False
PRJ-01043,Seven Umm Tower 5,Seven Tides,Umm Suqeim,Residential,877,190,21.7,2008,,Off-Plan,3183,664719,8386842,64,False,False
PRJ-01044,Al Residences 8,Arada,Al Barsha,Residential,1244,543,43.7,2005,,Under Construction,3153,499480,16413452,13,True,True
PRJ-01045,Select Deira Tower 7,Select Group,Deira,Hospitality,1944,1618,83.2,2007,2010.0,Completed,1400,861382,5925613,29,True,True
PRJ-01046,Deyaar DIFC Tower 7,Deyaar Development,DIFC,Mixed Use,1465,1390,94.9,2009,2014.0,Completed,3883,1494342,23466857,69,False,True
PRJ-01047,Azizi JLT Tower 2,Azizi Developments,JLT,Residential,1877,1821,97.0,2014,2017.0,Completed,4408,1290406,20699748,72,True,False
PRJ-01048,MAG International Tower 8,MAG Property Development,International City,Residential,1097,719,65.6,2018,2021.0,Completed,3165,702720,12227631,54,False,True
PRJ-01049,Aldar Jumeirah Tower 5,Aldar,Jumeirah,Commercial,945,256,27.1,2010,,Under Construction,3011,437257,2843140,18,False,True
PRJ-01050,Ellington Mirdif Tower 1,Ellington Properties,Mirdif,Residential,89,76,85.4,2014,2017.0,Completed,3447,1101564,15943476,30,True,False
PRJ-01051,Nakheel Jumeirah Tower 8,Nakheel,Jumeirah,Commercial,196,129,65.9,2007,,Stalled,1672,315327,12676101,28,True,True
PRJ-01052,Tiger Business Tower 1,Tiger Properties,Business Bay,Commercial,1850,1531,82.8,2012,,Under Construction,1278,1114207,18428691,21,True,False
PRJ-01053,Binghatti Ras Tower 6,Binghatti,Ras Al Khor,Residential,258,207,80.3,2005,2008.0,Completed,3340,793159,12297482,70,False,True
PRJ-01054,Nakheel Dubai Tower 6,Nakheel,Dubai Hills Estate,Mixed Use,317,229,72.5,2013,,Under Construction,2558,1014340,22252510,43,True,True
PRJ-01055,Deira Residences 8,Omniyat,Deira,Mixed Use,189,175,92.7,2022,,Under Construction,1596,1069893,9629576,70,True,True
PRJ-01056,Motor Residences 11,DAMAC Properties,Motor City,Mixed Use,1082,946,87.5,2010,,Under Construction,1340,1298200,23860999,80,True,True
PRJ-01057,Meraas Business Tower 5,Meraas,Business Bay,Residential,303,115,38.0,2007,,Off-Plan,712,1324540,14454508,32,True,True
PRJ-01058,Omniyat Discovery Tower 2,Omniyat,Discovery Gardens,Residential,1056,1046,99.1,2008,2012.0,Completed,1190,1254760,3666236,51,True,False
PRJ-01059,Mirdif Residences 17,Reportage,Mirdif,Residential,799,790,98.9,2008,2011.0,Completed,3328,884721,9890204,63,True,True
PRJ-01060,Bur Residences 10,Nakheel,Bur Dubai,Mixed Use,1540,883,57.4,2006,,Stalled,4426,972692,8015730,76,False,False
PRJ-01061,Dubai Discovery Tower 7,Dubai Properties,Discovery Gardens,Mixed Use,1982,959,48.4,2014,,Under Construction,1103,1417177,2158895,11,True,True
PRJ-01062,Azizi Ras Tower 7,Azizi Developments,Ras Al Khor,Mixed Use,1766,1303,73.8,2013,,Off-Plan,3350,1008204,11701836,20,True,True
PRJ-01063,JLT Residences 13,Select Group,JLT,Residential,254,95,37.5,2008,,Under Construction,3919,690462,23573639,72,True,False
PRJ-01064,DIFC Residences 20,MAG Property Development,DIFC,Residential,975,685,70.3,2024,2027.0,Completed,3118,516962,19173971,14,False,False
PRJ-01065,Bur Residences 12,Deyaar Development,Bur Dubai,Mixed Use,208,207,99.9,2013,2016.0,Completed,1171,1024097,10238567,38,True,True
PRJ-01066,Al Residences 19,Deyaar Development,Al Quoz,Hospitality,812,573,70.7,2016,2020.0,Completed,904,977240,14277440,26,False,True
PRJ-01067,Binghatti Al Tower 8,Binghatti,Al Karama,Mixed Use,1394,754,54.1,2011,,Under Construction,1569,1377854,3331611,37,True,True
PRJ-01068,Reportage Nad Tower 5,Reportage,Nad Al Sheba,Residential,1859,1505,81.0,2011,,Under Construction,3648,1381832,15205354,22,True,True
PRJ-01069,Al Residences 20,Dubai Properties,Al Satwa,Hospitality,1493,1280,85.8,2019,2022.0,Completed,2275,406804,10033549,43,False,True
PRJ-01070,Al Residences 15,Arada,Al Safa,Residential,919,679,74.0,2020,,Under Construction,3015,418480,23721036,41,True,True
PRJ-01071,Nakheel JLT Tower 5,Nakheel,JLT,Residential,774,555,71.7,2009,,Off-Plan,2989,885464,16484460,76,True,True
PRJ-01072,Sports Residences 8,Reportage,Sports City,Commercial,159,32,20.6,2016,,Off-Plan,4496,554920,11673393,32,True,True
PRJ-01073,Deyaar Sports Tower 2,Deyaar Development,Sports City,Residential,1454,1244,85.6,2021,2023.0,Completed,1433,1391493,24712720,10,True,True
PRJ-01074,Arada Jumeirah Tower 8,Arada,Jumeirah,Residential,181,114,63.3,2008,2013.0,Completed,3130,1186165,19580253,63,True,True
PRJ-01075,Al Residences 1,Omniyat,Al Wasl,Mixed Use,571,506,88.7,2005,,Under Construction,2628,1243527,5317684,30,True,True
PRJ-01076,Business Residences 5,Seven Tides,Business Bay,Residential,268,152,56.8,2015,,Under Construction,1833,727610,20565079,35,True,True
PRJ-01077,Bur Residences 18,Aldar,Bur Dubai,Mixed Use,1111,689,62.1,2014,,Off-Plan,4433,1129954,18616440,5,True,False
PRJ-01078,Jumeirah Residences 14,Reportage,Jumeirah,Mixed Use,641,397,62.0,2008,2012.0,Completed,3254,1181564,12960242,52,True,False
PRJ-01079,International Residences 9,Dubai Properties,International City,Residential,1608,1312,81.6,2022,2027.0,Completed,3096,877695,18629677,41,True,False
PRJ-01080,Arada Motor Tower 4,Arada,Motor City,Residential,872,468,53.8,2012,,Under Construction,931,611802,9136724,78,True,True
PRJ-01081,Ellington Town Tower 9,Ellington Properties,Town Square,Residential,1313,364,27.8,2022,,Under Construction,1497,1281895,23572684,59,True,True
PRJ-01082,MAG JVC Tower 8,MAG Property Development,JVC,Mixed Use,1278,1096,85.8,2007,2012.0,Completed,2598,1071548,17095858,56,True,True
PRJ-01083,Sobha Dubai Tower 7,Sobha Realty,Dubai Creek Harbour,Commercial,1255,491,39.1,2010,,Under Construction,771,1084709,6221084,48,True,True
PRJ-01084,Azizi Ras Tower 7,Azizi Developments,Ras Al Khor,Residential,815,294,36.1,2015,,Off-Plan,4120,996554,2284020,9,False,True
PRJ-01085,Deyaar Arabian Tower 8,Deyaar Development,Arabian Ranches,Commercial,1374,714,52.0,2020,,Under Construction,2981,370081,19940990,48,False,True
PRJ-01086,DIFC Residences 17,Binghatti,DIFC,Residential,1296,922,71.2,2016,2021.0,Completed,2668,1342272,15853636,53,False,True
PRJ-01087,Business Residences 14,Reportage,Business Bay,Mixed Use,958,768,80.3,2020,2022.0,Completed,2672,809703,14531583,40,True,False
PRJ-01088,Ellington Jumeirah Tower 1,Ellington Properties,Jumeirah,Residential,1185,559,47.2,2015,,Under Construction,938,697760,4142600,45,False,True
PRJ-01089,Dubai Residences 20,Azizi Developments,Dubai Creek Harbour,Residential,953,477,50.1,2024,,Stalled,1253,308292,6801075,46,False,True
PRJ-01090,Arada Al Tower 1,Arada,Al Safa,Commercial,1209,616,51.0,2008,,Off-Plan,4346,356898,10597428,49,True,True
PRJ-01091,Sobha Dubai Tower 7,Sobha Realty,Dubai Hills Estate,Residential,276,99,36.2,2009,,Off-Plan,1673,1395042,20608092,15,True,True
PRJ-01092,Aldar Dubai Tower 4,Aldar,Dubai Marina,Mixed Use,1309,938,71.7,2005,2008.0,Completed,1634,520509,2555398,7,False,True
PRJ-01093,Town Residences 6,DAMAC Properties,Town Square,Commercial,483,412,85.3,2007,2011.0,Completed,4334,427797,21180070,75,True,True
PRJ-01094,DAMAC Business Tower 9,DAMAC Properties,Business Bay,Mixed Use,1702,1603,94.2,2014,2017.0,Completed,1751,309746,12947980,68,True,True
PRJ-01095,Ras Residences 17,Dubai Properties,Ras Al Khor,Residential,1036,553,53.4,2022,,Under Construction,3014,975672,17261482,34,True,True
PRJ-01096,International Residences 12,Ellington Properties,International City,Residential,1078,218,20.3,2013,,Off-Plan,1539,1044864,3477679,28,True,True
PRJ-01097,Downtown Residences 5,Binghatti,Downtown Dubai,Residential,1319,979,74.2,2022,2026.0,Completed,2347,1019009,20643306,14,True,True
PRJ-01098,Arada International Tower 1,Arada,International City,Hospitality,719,499,69.4,2013,,Off-Plan,864,335685,17933094,33,True,True
PRJ-01099,Meraas Discovery Tower 7,Meraas,Discovery Gardens,Residential,844,499,59.1,2007,,Off-Plan,831,963170,20750092,54,True,True
PRJ-01100,Seven Al Tower 7,Seven Tides,Al Karama,Residential,1330,1143,86.0,2010,2013.0,Completed,3327,769900,16261564,15,True,False
PRJ-01101,Arabian Residences 11,Meraas,Arabian Ranches,Commercial,1628,920,56.6,2024,,Off-Plan,3333,574622,19321081,18,False,True
PRJ-01102,DAMAC Downtown Tower 9,DAMAC Properties,Downtown Dubai,Residential,1285,471,36.7,2017,,Under Construction,2412,1363474,12449466,22,True,True
PRJ-01103,Deira Residences 18,Azizi Developments,Deira,Residential,1688,1030,61.1,2008,,Off-Plan,4203,702815,9904032,41,False,True
PRJ-01104,Sobha Palm Tower 1,Sobha Realty,Palm Jumeirah,Residential,1739,1459,83.9,2005,2007.0,Completed,1177,367889,18454514,40,False,False
PRJ-01105,Emaar Residences 14,MAG Property Development,Emaar Beachfront,Residential,1572,1434,91.2,2008,2010.0,Completed,1552,974491,22340968,44,True,True
PRJ-01106,Sports Residences 6,Arada,Sports City,Residential,164,56,34.7,2018,,Under Construction,1437,1241808,18842911,42,True,False
PRJ-01107,Danube JVC Tower 5,Danube Properties,JVC,Residential,119,82,69.6,2023,2025.0,Completed,4498,1100923,21723257,27,True,True
PRJ-01108,Ras Residences 4,Emaar Properties,Ras Al Khor,Residential,1893,594,31.4,2009,,Under Construction,1342,423829,24372062,71,True,True
PRJ-01109,Al Residences 1,Sobha Realty,Al Quoz,Residential,919,700,76.2,2005,2008.0,Completed,2495,1425053,2853573,79,True,False
PRJ-01110,MAG International Tower 5,MAG Property Development,International City,Residential,1725,1226,71.1,2013,2018.0,Completed,1339,723997,2624909,20,False,True
PRJ-01111,Emaar Al Tower 1,Emaar Properties,Al Safa,Residential,1911,1659,86.9,2013,,Off-Plan,1780,443649,23627844,79,True,True
PRJ-01112,Ellington Dubai Tower 8,Ellington Properties,Dubai Hills Estate,Residential,962,429,44.7,2006,,Under Construction,2530,944963,15619024,42,True,True
PRJ-01113,Nad Residences 12,Meraas,Nad Al Sheba,Mixed Use,1259,719,57.2,2019,,Under Construction,932,468481,10808013,79,True,True
PRJ-01114,Binghatti JVC Tower 1,Binghatti,JVC,Residential,1804,643,35.7,2018,,Under Construction,4409,789567,14225480,46,True,True
PRJ-01115,Al Residences 19,DAMAC Properties,Al Quoz,Commercial,1656,1335,80.7,2008,,Off-Plan,4291,479113,6302630,6,True,True
PRJ-01116,Aldar Jumeirah Tower 4,Aldar,Jumeirah,Residential,173,163,94.6,2012,2016.0,Completed,3299,857271,14804544,56,True,True
PRJ-01117,Al Residences 9,MAG Property Development,Al Quoz,Mixed Use,1379,967,70.1,2022,,Off-Plan,3759,998079,24030204,67,False,True
PRJ-01118,Jumeirah Residences 18,Nakheel,Jumeirah,Residential,1314,622,47.3,2024,,Off-Plan,2714,1317580,13925210,29,True,True
PRJ-01119,Business Residences 12,Dubai Properties,Business Bay,Hospitality,1570,1483,94.5,2017,2022.0,Completed,1443,1451925,7407183,19,True,True
PRJ-01120,Al Residences 20,Azizi Developments,Al Wasl,Residential,1225,1073,87.7,2010,2012.0,Completed,2032,923020,22564892,40,True,True
PRJ-01121,DAMAC Nad Tower 5,DAMAC Properties,Nad Al Sheba,Residential,207,176,85.4,2021,2024.0,Completed,725,587670,23126640,6,True,True
PRJ-01122,DAMAC Arabian Tower 5,DAMAC Properties,Arabian Ranches,Residential,113,94,83.3,2019,2023.0,Completed,3514,333465,22202940,77,True,True
PRJ-01123,Ras Residences 2,Binghatti,Ras Al Khor,Residential,1418,656,46.3,2020,,Under Construction,4020,1150680,23684268,38,False,False
PRJ-01124,Deyaar Business Tower 4,Deyaar Development,Business Bay,Residential,926,551,59.5,2015,,Off-Plan,3590,1194085,7521069,16,True,True
PRJ-01125,Bur Residences 15,Sobha Realty,Bur Dubai,Residential,495,398,80.4,2016,2020.0,Completed,3289,622965,15767335,44,False,True
PRJ-01126,Arabian Residences 3,MAG Property Development,Arabian Ranches,Mixed Use,963,386,40.2,2022,,Under Construction,899,532920,13037519,39,True,True
PRJ-01127,Sports Residences 9,Select Group,Sports City,Residential,1105,680,61.6,2017,2021.0,Completed,4070,457153,17036438,33,True,False
PRJ-01128,Arada Al Tower 7,Arada,Al Qusais,Commercial,497,304,61.3,2008,2013.0,Completed,1219,898119,10073303,75,False,True
PRJ-01129,JLT Residences 9,Meraas,JLT,Residential,103,66,64.4,2009,,Under Construction,1783,473521,17858080,8,True,True
PRJ-01130,International Residences 14,Sobha Realty,International City,Mixed Use,1352,975,72.1,2017,2022.0,Completed,2522,872849,17229742,38,False,False
PRJ-01131,Umm Residences 19,Azizi Developments,Umm Suqeim,Commercial,489,330,67.6,2011,2014.0,Completed,3442,461675,15899928,68,True,False
PRJ-01132,Al Residences 1,Tiger Properties,Al Satwa,Mixed Use,1964,1906,97.1,2019,2023.0,Completed,4183,443606,19025640,75,True,True
PRJ-01133,Select International Tower 8,Select Group,International City,Mixed Use,1374,948,69.1,2023,,Under Construction,4153,329362,5239308,29,False,True
PRJ-01134,Reportage Arabian Tower 9,Reportage,Arabian Ranches,Commercial,751,326,43.5,2017,,Off-Plan,3420,515162,18662452,73,True,True
PRJ-01135,DIFC Residences 20,Dubai Properties,DIFC,Residential,191,57,30.2,2022,,Under Construction,4044,559858,19546255,72,True,True
PRJ-01136,Ellington Umm Tower 7,Ellington Properties,Umm Suqeim,Residential,1582,1119,70.8,2020,2025.0,Completed,1220,563501,11396109,14,True,True
PRJ-01137,Omniyat Al Tower 9,Omniyat,Al Satwa,Mixed Use,502,356,71.1,2005,2009.0,Completed,2655,1068081,20819750,16,True,False
PRJ-01138,Emaar Dubai Tower 1,Emaar Properties,Dubai Creek Harbour,Residential,442,399,90.4,2024,2029.0,Completed,3181,1413815,14893978,58,True,True
PRJ-01139,Al Residences 14,MAG Property Development,Al Karama,Commercial,676,469,69.4,2023,2027.0,Completed,2805,1140074,5126905,5,True,True
PRJ-01140,DAMAC Emaar Tower 1,DAMAC Properties,Emaar Beachfront,Residential,231,192,83.5,2024,,Off-Plan,2735,1471766,7993174,65,True,True
PRJ-01141,Ras Residences 10,Reportage,Ras Al Khor,Residential,1059,639,60.3,2008,2013.0,Completed,2656,1162955,10482307,38,False,False
PRJ-01142,Nakheel JVC Tower 6,Nakheel,JVC,Mixed Use,202,174,86.5,2006,2008.0,Completed,1587,1425461,11437972,31,True,True
PRJ-01143,Al Residences 1,MAG Property Development,Al Barsha,Residential,174,152,87.4,2014,2018.0,Completed,1585,1198560,13273457,31,True,True
PRJ-01144,Select Al Tower 3,Select Group,Al Barsha,Commercial,914,757,82.8,2007,,Stalled,1667,573327,9515330,9,False,True
PRJ-01145,Emaar Residences 4,DAMAC Properties,Emaar Beachfront,Residential,1254,875,69.8,2019,,Off-Plan,4221,1031184,10702307,18,False,True
PRJ-01146,Nakheel Motor Tower 9,Nakheel,Motor City,Commercial,383,326,85.3,2011,,Stalled,4330,1146100,22897128,36,True,True
PRJ-01147,DIFC Residences 9,Omniyat,DIFC,Mixed Use,281,218,77.9,2010,2014.0,Completed,4342,947462,4769309,77,True,True
PRJ-01148,Reportage Bur Tower 5,Reportage,Bur Dubai,Residential,1633,1523,93.3,2020,,Under Construction,2499,824621,2100960,48,True,False
PRJ-01149,Dubai Residences 4,Dubai Properties,Dubai Marina,Residential,829,735,88.7,2018,2020.0,Completed,1015,733065,22395057,5,False,True
PRJ-01150,Dubai Palm Tower 9,Dubai Properties,Palm Jumeirah,Residential,1760,448,25.5,2010,,Under Construction,2686,1112219,3268311,24,True,True
PRJ-01151,Dubai Residences 6,Deyaar Development,Dubai Hills Estate,Commercial,737,632,85.9,2008,2013.0,Completed,3504,581448,10156785,47,False,True
PRJ-01152,Danube Dubai Tower 1,Danube Properties,Dubai Creek Harbour,Residential,844,822,97.5,2014,2017.0,Completed,998,412748,15863238,44,True,False
PRJ-01153,Sobha Palm Tower 7,Sobha Realty,Palm Jumeirah,Residential,372,142,38.2,2021,,Off-Plan,3115,313672,21522936,43,True,True
PRJ-01154,Dubai Residences 13,Select Group,Dubai Creek Harbour,Commercial,510,397,78.0,2006,2010.0,Completed,1190,1169922,11374543,5,False,True
PRJ-01155,Bur Residences 7,Aldar,Bur Dubai,Residential,628,329,52.4,2013,,Under Construction,3125,912698,23982994,78,True,True
PRJ-01156,Select Business Tower 7,Select Group,Business Bay,Commercial,1776,747,42.1,2021,,Under Construction,3676,438240,18837027,30,True,True
PRJ-01157,Deyaar Sports Tower 1,Deyaar Development,Sports City,Mixed Use,1952,1762,90.3,2020,2025.0,Completed,1019,696896,11992743,18,True,True
PRJ-01158,Umm Residences 8,Nakheel,Umm Suqeim,Residential,1828,859,47.0,2020,,Under Construction,1298,343549,18982541,17,True,True
PRJ-01159,Ras Residences 5,Meraas,Ras Al Khor,Residential,1650,640,38.8,2017,,Stalled,4397,1170632,21969754,17,True,True
PRJ-01160,International Residences 1,Nakheel,International City,Mixed Use,78,67,86.9,2021,,Off-Plan,3274,968928,5133409,5,True,True
PRJ-01161,Al Residences 6,MAG Property Development,Al Safa,Mixed Use,546,436,80.0,2006,2011.0,Completed,2359,744467,14687019,61,True,True
PRJ-01162,Binghatti Al Tower 3,Binghatti,Al Quoz,Residential,1278,788,61.7,2022,,Off-Plan,2357,347002,23044181,54,False,True
PRJ-01163,Ellington Discovery Tower 1,Ellington Properties,Discovery Gardens,Residential,961,821,85.5,2015,,Off-Plan,2858,1246739,6110339,27,False,False
PRJ-01164,Binghatti Jumeirah Tower 5,Binghatti,Jumeirah,Residential,515,484,94.1,2015,2017.0,Completed,4317,519015,19496306,61,True,True
PRJ-01165,Tiger Nad Tower 9,Tiger Properties,Nad Al Sheba,Commercial,962,688,71.6,2014,2017.0,Completed,4349,838513,20023224,24,True,True
PRJ-01166,Motor Residences 13,Aldar,Motor City,Residential,790,335,42.4,2014,,Under Construction,797,1284922,10807542,75,False,False
PRJ-01167,DAMAC Al Tower 8,DAMAC Properties,Al Satwa,Residential,1669,479,28.7,2012,,Under Construction,3071,493792,12221991,41,False,True
PRJ-01168,Al Residences 1,MAG Property Development,Al Safa,Residential,1455,834,57.4,2013,,Under Construction,4100,598215,21131170,57,True,True
PRJ-01169,Danube Downtown Tower 9,Danube Properties,Downtown Dubai,Residential,1858,1392,75.0,2019,2022.0,Completed,1711,1060074,18537985,7,True,True
PRJ-01170,Deira Residences 7,Meraas,Deira,Hospitality,818,616,75.4,2016,,Off-Plan,2731,1206874,11633784,6,True,True
PRJ-01171,Seven Al Tower 6,Seven Tides,Al Barsha,Residential,348,140,40.3,2007,,Off-Plan,925,520217,20566979,20,True,True
PRJ-01172,Tiger Motor Tower 4,Tiger Properties,Motor City,Residential,267,200,75.2,2011,,Under Construction,3880,832663,4642564,20,False,False
PRJ-01173,Al Residences 7,MAG Property Development,Al Karama,Hospitality,727,372,51.3,2018,,Under Construction,804,591745,17298031,55,False,True
PRJ-01174,Aldar Dubai Tower 3,Aldar,Dubai Creek Harbour,Residential,1235,431,34.9,2021,,Under Construction,2430,532898,10658467,40,True,False
PRJ-01175,Meraas Palm Tower 6,Meraas,Palm Jumeirah,Residential,1906,1674,87.9,2009,2012.0,Completed,1666,781654,17087897,36,True,False
PRJ-01176,Arabian Residences 4,Tiger Properties,Arabian Ranches,Residential,1143,820,71.8,2018,,Off-Plan,3997,387112,22205938,66,True,True
PRJ-01177,Al Residences 6,Ellington Properties,Al Wasl,Mixed Use,1972,1425,72.3,2024,2026.0,Completed,1098,1473267,23947110,22,False,True
PRJ-01178,Emaar Residences 17,Deyaar Development,Emaar Beachfront,Residential,137,119,87.5,2009,2011.0,Completed,3971,1155613,13654903,6,True,True
PRJ-01179,Reportage Deira Tower 5,Reportage,Deira,Mixed Use,1932,1575,81.5,2015,,Stalled,2117,931837,3116335,55,True,True
PRJ-01180,Al Residences 6,Omniyat,Al Qusais,Mixed Use,1638,1079,65.9,2017,2021.0,Completed,2845,750371,12672405,60,True,False
PRJ-01181,Sports Residences 4,Arada,Sports City,Residential,1308,675,51.6,2008,,Off-Plan,807,896394,2241388,48,False,True
PRJ-01182,Nad Residences 11,Select Group,Nad Al Sheba,Residential,1181,1017,86.1,2017,2022.0,Completed,1091,467461,12102914,75,True,True
PRJ-01183,JLT Residences 6,Ellington Properties,JLT,Mixed Use,1855,967,52.1,2016,,Off-Plan,2440,937579,18187056,80,False,True
PRJ-01184,Emaar Residences 14,Meraas,Emaar Beachfront,Residential,266,243,91.4,2014,2018.0,Completed,3282,1301316,23995710,70,True,False
PRJ-01185,MAG Dubai Tower 2,MAG Property Development,Dubai Marina,Commercial,50,38,76.5,2021,,Off-Plan,2706,857421,19958206,56,True,True
PRJ-01186,Nakheel Al Tower 7,Nakheel,Al Karama,Residential,907,253,28.0,2017,,Under Construction,2207,851655,13735268,15,True,True
PRJ-01187,JLT Residences 19,Azizi Developments,JLT,Residential,1136,1042,91.7,2012,,Under Construction,2060,1412767,7713122,55,True,True
PRJ-01188,Meraas Mirdif Tower 4,Meraas,Mirdif,Residential,480,96,20.2,2018,,Off-Plan,1761,807299,13303691,6,True,True
PRJ-01189,Tiger Ras Tower 4,Tiger Properties,Ras Al Khor,Residential,1825,1046,57.4,2016,,Off-Plan,2681,868070,21885612,13,True,True
PRJ-01190,Motor Residences 6,Deyaar Development,Motor City,Residential,76,69,90.9,2018,2022.0,Completed,3253,1321379,8665427,76,True,False
PRJ-01191,Al Residences 3,Azizi Developments,Al Satwa,Residential,1650,374,22.7,2012,,Under Construction,1834,608779,6286983,58,True,True
PRJ-01192,Business Residences 3,MAG Property Development,Business Bay,Commercial,1836,1667,90.8,2016,2020.0,Completed,2732,473157,24464545,12,True,True
PRJ-01193,DAMAC Town Tower 4,DAMAC Properties,Town Square,Residential,802,196,24.5,2015,,Under Construction,3743,744064,22540631,50,True,True
PRJ-01194,Dubai Residences 7,Azizi Developments,Dubai Marina,Residential,972,416,42.8,2011,,Stalled,3514,828895,24207251,37,True,True
PRJ-01195,Arabian Residences 6,DAMAC Properties,Arabian Ranches,Residential,1981,885,44.7,2018,,Off-Plan,1876,1276602,21345462,58,True,False
PRJ-01196,Al Residences 20,Dubai Properties,Al Quoz,Residential,513,118,23.0,2022,,Off-Plan,4243,935809,6331650,7,True,True
PRJ-01197,Arada Dubai Tower 5,Arada,Dubai Marina,Residential,1969,484,24.6,2011,,Stalled,1757,1218505,2745210,64,True,True
PRJ-01198,Palm Residences 13,Binghatti,Palm Jumeirah,Mixed Use,1466,1117,76.2,2020,2023.0,Completed,3879,1213963,9751973,73,False,True
PRJ-01199,Tiger Bur Tower 1,Tiger Properties,Bur Dubai,Mixed Use,756,542,71.8,2008,2013.0,Completed,1378,1199942,16838544,32,False,True
PRJ-01200,MAG Dubai Tower 3,MAG Property Development,Dubai Hills Estate,Residential,997,691,69.3,2017,,Under Construction,1605,1333467,6471991,73,False,True
PRJ-01201,Palm Residences 16,Azizi Developments,Palm Jumeirah,Residential,1782,379,21.3,2023,,Under Construction,3008,1094352,7500599,19,True,True
PRJ-01202,Meraas Al Tower 6,Meraas,Al Wasl,Hospitality,1366,920,67.4,2011,2013.0,Completed,1182,547548,13241972,23,True,False
PRJ-01203,Meraas Al Tower 2,Meraas,Al Quoz,Residential,326,295,90.6,2011,2013.0,Completed,2203,515429,21588014,8,True,True
PRJ-01204,Deyaar Al Tower 8,Deyaar Development,Al Barsha,Mixed Use,1277,302,23.7,2017,,Stalled,2861,365251,17291889,16,True,True
PRJ-01205,Discovery Residences 14,Binghatti,Discovery Gardens,Residential,1528,1273,83.4,2008,,Off-Plan,3438,1332621,24450473,52,True,True
PRJ-01206,Al Residences 18,Nakheel,Al Quoz,Residential,1214,263,21.7,2014,,Stalled,949,1494140,21505497,70,True,False
PRJ-01207,Mirdif Residences 3,DAMAC Properties,Mirdif,Commercial,295,271,92.2,2016,,Off-Plan,2548,1359938,16850081,45,True,False
PRJ-01208,Arada Business Tower 9,Arada,Business Bay,Residential,1612,1181,73.3,2006,2010.0,Completed,2768,450132,21672581,12,False,True
PRJ-01209,DAMAC Town Tower 7,DAMAC Properties,Town Square,Residential,1989,584,29.4,2012,,Under Construction,2691,1305722,8450232,5,True,False
PRJ-01210,Reportage Jumeirah Tower 6,Reportage,Jumeirah,Commercial,1813,922,50.9,2018,,Under Construction,1883,795931,7315730,42,True,True
PRJ-01211,Aldar JVC Tower 4,Aldar,JVC,Residential,914,905,99.1,2022,2026.0,Completed,1613,940082,6084272,79,False,True
PRJ-01212,Seven DIFC Tower 8,Seven Tides,DIFC,Residential,931,802,86.2,2011,,Under Construction,3089,605605,7959038,63,True,True
PRJ-01213,Danube Bur Tower 5,Danube Properties,Bur Dubai,Residential,998,756,75.8,2020,,Off-Plan,1239,492269,22812714,63,True,False
PRJ-01214,Select Al Tower 6,Select Group,Al Safa,Residential,324,211,65.2,2021,2026.0,Completed,1254,956700,20468208,46,False,True
PRJ-01215,Sobha Palm Tower 3,Sobha Realty,Palm Jumeirah,Residential,1089,826,75.9,2008,2011.0,Completed,1567,753230,12193881,57,True,False
PRJ-01216,Nakheel Umm Tower 3,Nakheel,Umm Suqeim,Hospitality,94,64,68.7,2018,2020.0,Completed,2052,1100500,2534257,26,False,True
PRJ-01217,Al Residences 4,Sobha Realty,Al Safa,Residential,1034,213,20.7,2006,,Off-Plan,3848,1121462,21146959,62,True,True
PRJ-01218,Emaar Ras Tower 9,Emaar Properties,Ras Al Khor,Mixed Use,617,402,65.3,2023,2027.0,Completed,2449,516590,14225842,78,True,True
PRJ-01219,Aldar Arabian Tower 2,Aldar,Arabian Ranches,Commercial,915,898,98.2,2015,2019.0,Completed,3208,1187691,15986292,10,False,True
PRJ-01220,Ras Residences 1,Ellington Properties,Ras Al Khor,Residential,1351,1001,74.1,2013,2015.0,Completed,3639,905823,20251273,29,True,False
PRJ-01221,Emaar Umm Tower 2,Emaar Properties,Umm Suqeim,Residential,251,231,92.1,2010,,Off-Plan,3499,716396,2206446,76,True,True
PRJ-01222,Al Residences 8,Binghatti,Al Karama,Commercial,1587,444,28.0,2011,,Under Construction,3327,1417978,24190517,7,False,True
PRJ-01223,Ellington Al Tower 6,Ellington Properties,Al Safa,Residential,1378,1035,75.1,2010,,Off-Plan,982,813504,2375422,76,False,True
PRJ-01224,Al Residences 14,Arada,Al Qusais,Mixed Use,1798,1545,86.0,2009,,Under Construction,4485,301177,9703084,23,False,False
PRJ-01225,Sobha Al Tower 2,Sobha Realty,Al Qusais,Residential,1313,1082,82.5,2007,2010.0,Completed,917,1336916,14162257,40,False,True
PRJ-01226,Meraas Emaar Tower 4,Meraas,Emaar Beachfront,Residential,1725,1476,85.6,2009,,Off-Plan,2377,1028691,4830489,42,True,True
PRJ-01227,MAG International Tower 2,MAG Property Development,International City,Residential,213,185,87.3,2010,,Under Construction,2578,399743,17607854,56,True,False
PRJ-01228,MAG Downtown Tower 9,MAG Property Development,Downtown Dubai,Residential,974,742,76.2,2005,2009.0,Completed,3176,1083310,17242180,13,True,True
PRJ-01229,Emaar Residences 6,Binghatti,Emaar Beachfront,Commercial,1602,1335,83.4,2022,,Off-Plan,1849,1303237,9904952,13,False,True
PRJ-01230,Ellington Ras Tower 2,Ellington Properties,Ras Al Khor,Commercial,1816,1458,80.3,2016,,Under Construction,2519,506207,5858712,26,True,True
PRJ-01231,Al Residences 12,Azizi Developments,Al Quoz,Residential,783,218,28.0,2009,,Off-Plan,937,539589,19340684,30,False,False
PRJ-01232,Sobha Bur Tower 6,Sobha Realty,Bur Dubai,Residential,1100,711,64.7,2021,,Under Construction,2679,996913,16179332,8,False,True
PRJ-01233,Nakheel Jumeirah Tower 1,Nakheel,Jumeirah,Residential,725,536,74.1,2008,2013.0,Completed,4436,740614,12298990,9,False,True
PRJ-01234,Motor Residences 8,Omniyat,Motor City,Mixed Use,1937,1456,75.2,2017,2019.0,Completed,3811,671231,7436448,64,True,True
PRJ-01235,Dubai Residences 2,Tiger Properties,Dubai Creek Harbour,Residential,521,420,80.7,2008,2011.0,Completed,1823,760805,16344621,78,False,True
PRJ-01236,Sobha JLT Tower 6,Sobha Realty,JLT,Residential,877,571,65.2,2022,2026.0,Completed,1695,844523,13959783,70,False,True
PRJ-01237,Dubai Residences 6,Omniyat,Dubai Creek Harbour,Residential,249,227,91.3,2021,2026.0,Completed,2536,1075787,15374861,24,True,True
PRJ-01238,Ellington JLT Tower 3,Ellington Properties,JLT,Residential,1560,497,31.9,2011,,Under Construction,906,379952,11775666,44,False,True
PRJ-01239,Downtown Residences 12,Arada,Downtown Dubai,Residential,1943,1504,77.4,2024,2026.0,Completed,3225,575322,8649038,49,False,True
PRJ-01240,Ellington Palm Tower 5,Ellington Properties,Palm Jumeirah,Residential,151,142,94.6,2005,2008.0,Completed,1246,1441972,23179824,58,True,True
PRJ-01241,Select Al Tower 3,Select Group,Al Barsha,Residential,1925,1665,86.5,2008,2013.0,Completed,3351,1445815,18176769,25,True,True
PRJ-01242,Nad Residences 16,Ellington Properties,Nad Al Sheba,Mixed Use,1712,1106,64.7,2010,,Under Construction,1431,679179,23785073,5,True,True
PRJ-01243,Dubai Residences 9,Emaar Properties,Dubai Creek Harbour,Residential,50,35,70.2,2019,2024.0,Completed,3254,984488,24939840,14,True,True
PRJ-01244,Nad Residences 9,Select Group,Nad Al Sheba,Mixed Use,383,282,73.7,2023,,Under Construction,2275,676069,24571949,8,True,False
PRJ-01245,Town Residences 15,Nakheel,Town Square,Mixed Use,968,592,61.2,2006,2008.0,Completed,2093,1180008,21001654,70,True,True
PRJ-01246,Arabian Residences 8,DAMAC Properties,Arabian Ranches,Mixed Use,670,430,64.3,2017,2021.0,Completed,1422,903743,15831356,22,False,True
PRJ-01247,DIFC Residences 7,DAMAC Properties,DIFC,Residential,1052,906,86.2,2010,2015.0,Completed,3521,688281,10977720,18,True,True
PRJ-01248,Select JVC Tower 2,Select Group,JVC,Hospitality,1374,1074,78.2,2020,2022.0,Completed,778,722025,3843560,56,False,True
PRJ-01249,Azizi Dubai Tower 1,Azizi Developments,Dubai Marina,Commercial,1252,1015,81.1,2009,2014.0,Completed,1195,1167172,14149647,49,True,False
PRJ-01250,International Residences 3,MAG Property Development,International City,Mixed Use,75,69,92.6,2021,2024.0,Completed,3236,1030285,21300975,59,True,True
PRJ-01251,Al Residences 10,Binghatti,Al Qusais,Mixed Use,134,68,51.2,2018,,Off-Plan,4453,497997,9031935,54,True,True
PRJ-01252,Business Residences 3,Nakheel,Business Bay,Hospitality,82,59,72.3,2022,2027.0,Completed,977,483684,23480968,25,True,True
PRJ-01253,Al Residences 10,Tiger Properties,Al Satwa,Residential,760,491,64.7,2021,2024.0,Completed,3568,1369000,18254650,70,False,False
PRJ-01254,Downtown Residences 12,Aldar,Downtown Dubai,Residential,77,26,34.5,2015,,Under Construction,1518,1154216,20813527,63,False,True
PRJ-01255,Omniyat Town Tower 1,Omniyat,Town Square,Residential,1607,1514,94.2,2020,,Off-Plan,3622,1128414,7686479,73,True,True
PRJ-01256,Tiger Jumeirah Tower 3,Tiger Properties,Jumeirah,Commercial,905,815,90.1,2024,2029.0,Completed,1119,1292660,2480576,62,True,False
PRJ-01257,Arada Town Tower 4,Arada,Town Square,Commercial,1778,1401,78.8,2018,2023.0,Completed,3627,571166,5993654,43,True,False
PRJ-01258,Aldar JLT Tower 9,Aldar,JLT,Mixed Use,1878,1348,71.8,2015,,Under Construction,1321,902014,11774898,38,True,True
PRJ-01259,Emaar Umm Tower 5,Emaar Properties,Umm Suqeim,Residential,1944,1816,93.4,2020,,Off-Plan,1679,793974,3407858,76,False,True
PRJ-01260,DIFC Residences 3,Tiger Properties,DIFC,Residential,314,118,37.7,2010,,Under Construction,1700,1216240,21566058,42,True,True
PRJ-01261,Ellington DIFC Tower 6,Ellington Properties,DIFC,Mixed Use,212,137,64.7,2018,,Off-Plan,1501,523540,4048054,57,True,True
PRJ-01262,Al Residences 16,Meraas,Al Barsha,Residential,246,164,66.9,2016,2021.0,Completed,3403,1130838,24002505,68,True,True
PRJ-01263,Discovery Residences 9,MAG Property Development,Discovery Gardens,Mixed Use,537,536,99.8,2022,2024.0,Completed,1163,367656,17656072,48,False,True
PRJ-01264,Reportage Mirdif Tower 3,Reportage,Mirdif,Residential,1086,1065,98.1,2024,2026.0,Completed,3128,607085,21540510,51,True,False
PRJ-01265,Al Residences 6,MAG Property Development,Al Satwa,Commercial,146,43,29.6,2022,,Under Construction,2539,584161,22846496,63,True,True
PRJ-01266,Emaar Residences 9,Dubai Properties,Emaar Beachfront,Hospitality,1074,801,74.7,2006,2009.0,Completed,2270,700024,18174017,70,False,True
PRJ-01267,Emaar JLT Tower 3,Emaar Properties,JLT,Commercial,399,255,64.0,2005,2009.0,Completed,3506,550808,20418056,43,True,True
PRJ-01268,Sobha JLT Tower 4,Sobha Realty,JLT,Residential,193,67,35.1,2016,,Stalled,1275,1209797,21480110,57,True,True
PRJ-01269,Seven Deira Tower 5,Seven Tides,Deira,Residential,1427,333,23.4,2020,,Under Construction,1358,1342158,24609354,73,True,False
PRJ-01270,Sobha JVC Tower 1,Sobha Realty,JVC,Residential,792,520,65.7,2009,,Off-Plan,3546,359491,11825465,19,True,True
PRJ-01271,Emaar Discovery Tower 6,Emaar Properties,Discovery Gardens,Mixed Use,1207,385,31.9,2006,,Off-Plan,1901,1165639,9090639,19,False,True
PRJ-01272,Motor Residences 14,Seven Tides,Motor City,Hospitality,1261,891,70.7,2016,,Under Construction,1579,1001065,16118937,60,True,False
PRJ-01273,JVC Residences 11,Reportage,JVC,Residential,1050,981,93.5,2008,,Off-Plan,2183,1403370,10041454,48,True,True
PRJ-01274,Seven Discovery Tower 4,Seven Tides,Discovery Gardens,Residential,818,604,73.9,2018,2020.0,Completed,3029,1420196,3305070,17,True,False
PRJ-01275,Arada Al Tower 9,Arada,Al Quoz,Residential,1468,723,49.3,2022,,Under Construction,4164,406218,19861508,16,True,True
PRJ-01276,DAMAC Dubai Tower 8,DAMAC Properties,Dubai Marina,Mixed Use,714,458,64.3,2019,,Under Construction,3331,472370,5320652,13,True,False
PRJ-01277,Al Residences 9,Deyaar Development,Al Safa,Residential,1474,1242,84.3,2011,2014.0,Completed,1969,867590,2397010,77,True,False
PRJ-01278,JLT Residences 2,Seven Tides,JLT,Residential,1688,1370,81.2,2007,2010.0,Completed,1104,409691,15202012,17,True,True
PRJ-01279,Mirdif Residences 1,Binghatti,Mirdif,Mixed Use,502,355,70.8,2016,2018.0,Completed,2857,379540,10722947,7,True,True
PRJ-01280,Dubai Business Tower 6,Dubai Properties,Business Bay,Mixed Use,820,795,97.0,2020,2023.0,Completed,3057,662652,3370510,50,True,True
PRJ-01281,Select Al Tower 1,Select Group,Al Safa,Residential,747,338,45.4,2019,,Off-Plan,3834,379480,10634157,66,True,False
PRJ-01282,JLT Residences 19,Select Group,JLT,Commercial,1325,777,58.7,2007,,Under Construction,4396,598163,12076561,7,True,True
PRJ-01283,Dubai Residences 10,Azizi Developments,Dubai Creek Harbour,Mixed Use,1889,554,29.4,2013,,Under Construction,3598,855550,20509332,36,True,True
PRJ-01284,Town Residences 1,Arada,Town Square,Hospitality,1723,796,46.2,2012,,Under Construction,862,1286489,7301291,36,False,True
PRJ-01285,Binghatti Arabian Tower 4,Binghatti,Arabian Ranches,Residential,751,532,70.9,2017,,Off-Plan,4238,639719,15980903,63,True,True
PRJ-01286,Binghatti Nad Tower 9,Binghatti,Nad Al Sheba,Mixed Use,1094,905,82.7,2021,,Stalled,2529,459052,2035740,16,True,True
PRJ-01287,Sobha International Tower 5,Sobha Realty,International City,Residential,976,685,70.2,2012,,Under Construction,4316,1301785,10215383,8,False,False
PRJ-01288,Al Residences 11,Ellington Properties,Al Safa,Residential,935,856,91.6,2019,2023.0,Completed,3602,1490696,18910425,51,False,True
PRJ-01289,Arada Downtown Tower 4,Arada,Downtown Dubai,Residential,1699,352,20.8,2005,,Under Construction,3467,893539,19876851,40,True,False
PRJ-01290,Al Residences 18,Aldar,Al Quoz,Residential,942,567,60.3,2007,2009.0,Completed,3734,1027913,7154651,11,True,False
PRJ-01291,Nakheel Umm Tower 7,Nakheel,Umm Suqeim,Residential,1300,800,61.6,2009,,Under Construction,752,1001061,21386245,29,False,True
PRJ-01292,Al Residences 12,Tiger Properties,Al Satwa,Mixed Use,1807,1629,90.2,2009,,Under Construction,3129,1191191,20927027,75,False,True
PRJ-01293,Al Residences 20,Sobha Realty,Al Qusais,Commercial,1164,596,51.2,2018,,Off-Plan,2671,393923,10574837,36,True,False
PRJ-01294,Discovery Residences 13,Omniyat,Discovery Gardens,Mixed Use,463,149,32.3,2011,,Under Construction,2337,1007643,12768003,65,True,True
PRJ-01295,Dubai Business Tower 5,Dubai Properties,Business Bay,Mixed Use,1518,1011,66.6,2017,,Under Construction,1118,495573,16560638,9,True,True
PRJ-01296,Discovery Residences 17,Azizi Developments,Discovery Gardens,Commercial,776,704,90.7,2011,2014.0,Completed,4304,341495,22733773,69,False,True
PRJ-01297,Mirdif Residences 6,Azizi Developments,Mirdif,Mixed Use,1232,1046,85.0,2020,2023.0,Completed,2016,833150,8367985,70,False,True
PRJ-01298,Motor Residences 13,Deyaar Development,Motor City,Mixed Use,259,233,90.1,2024,,Under Construction,2056,673497,10316376,15,True,True
PRJ-01299,Al Residences 11,Sobha Realty,Al Wasl,Hospitality,491,465,94.7,2005,,Under Construction,3357,740149,4071386,73,False,False
PRJ-01300,Seven Discovery Tower 3,Seven Tides,Discovery Gardens,Commercial,954,326,34.3,2006,,Stalled,3953,1337305,19556472,23,True,True
PRJ-01301,Arabian Residences 8,Emaar Properties,Arabian Ranches,Mixed Use,1717,1042,60.7,2006,2011.0,Completed,2157,369924,13422473,25,False,True
PRJ-01302,Emaar Motor Tower 1,Emaar Properties,Motor City,Residential,1326,268,20.3,2009,,Under Construction,2348,1486996,15284343,49,False,True
PRJ-01303,Dubai Residences 12,Reportage,Dubai Creek Harbour,Mixed Use,1485,1214,81.8,2007,2009.0,Completed,3441,555183,22491912,36,True,True
PRJ-01304,Downtown Residences 7,Reportage,Downtown Dubai,Residential,556,505,90.9,2012,,Under Construction,3049,865870,11678295,74,True,False
PRJ-01305,Palm Residences 19,Omniyat,Palm Jumeirah,Residential,396,336,85.0,2023,2028.0,Completed,2504,664865,5444618,59,True,True
PRJ-01306,Nakheel Deira Tower 9,Nakheel,Deira,Commercial,810,778,96.1,2024,2027.0,Completed,1664,413423,14883990,51,False,True
PRJ-01307,Al Residences 15,Meraas,Al Quoz,Commercial,1445,780,54.0,2008,,Off-Plan,1240,439881,16956831,28,True,False
PRJ-01308,Al Residences 14,Azizi Developments,Al Barsha,Hospitality,330,206,62.6,2009,2012.0,Completed,2131,1396496,24230472,67,False,True
PRJ-01309,Downtown Residences 16,Nakheel,Downtown Dubai,Residential,1520,1023,67.3,2010,,Off-Plan,3951,368759,3689613,55,False,True
PRJ-01310,Deira Residences 12,Reportage,Deira,Mixed Use,1564,1173,75.0,2008,2012.0,Completed,1507,408786,23798561,80,False,True
PRJ-01311,Ellington Jumeirah Tower 2,Ellington Properties,Jumeirah,Residential,537,376,70.0,2006,2011.0,Completed,2616,395816,4099335,74,True,True
PRJ-01312,Discovery Residences 16,Omniyat,Discovery Gardens,Residential,1762,1558,88.5,2011,2014.0,Completed,4324,928586,9051445,34,True,True
PRJ-01313,Palm Residences 15,Dubai Properties,Palm Jumeirah,Residential,965,579,60.1,2010,2012.0,Completed,2093,1146053,10132770,80,True,True
PRJ-01314,Al Residences 5,Danube Properties,Al Wasl,Residential,496,214,43.2,2016,,Under Construction,1581,576620,24157864,64,True,False
PRJ-01315,Select Arabian Tower 7,Select Group,Arabian Ranches,Residential,683,581,85.2,2007,2012.0,Completed,4144,1487585,21974945,11,True,True
PRJ-01316,Azizi JLT Tower 8,Azizi Developments,JLT,Residential,1517,992,65.4,2007,2010.0,Completed,899,941808,23067780,51,True,True
PRJ-01317,Arada Dubai Tower 3,Arada,Dubai Hills Estate,Residential,1138,1076,94.6,2011,,Under Construction,1407,1363973,14651515,70,True,True
PRJ-01318,Select Al Tower 3,Select Group,Al Barsha,Mixed Use,675,333,49.5,2023,,Off-Plan,3556,1454616,9663197,51,True,True
PRJ-01319,Emaar Residences 7,Arada,Emaar Beachfront,Mixed Use,1093,1026,93.9,2022,,Off-Plan,3717,1149138,15917403,40,True,True
PRJ-01320,Jumeirah Residences 16,Aldar,Jumeirah,Residential,1015,791,78.0,2023,2026.0,Completed,2987,998018,24884346,40,True,True
PRJ-01321,JVC Residences 19,Select Group,JVC,Residential,380,267,70.5,2005,2008.0,Completed,3830,1257509,3816050,10,True,True
PRJ-01322,Al Residences 4,Reportage,Al Safa,Commercial,1272,763,60.1,2024,2029.0,Completed,1890,428143,11202025,32,True,True
PRJ-01323,Dubai Downtown Tower 7,Dubai Properties,Downtown Dubai,Commercial,1436,945,65.9,2007,,Stalled,1276,705310,20791721,51,True,True
PRJ-01324,Danube JVC Tower 2,Danube Properties,JVC,Commercial,1946,1400,72.0,2015,2017.0,Completed,3200,852261,7206392,50,True,True
PRJ-01325,Ellington Dubai Tower 6,Ellington Properties,Dubai Hills Estate,Mixed Use,1219,654,53.7,2020,,Under Construction,1342,907233,13314462,22,True,False
PRJ-01326,Jumeirah Residences 8,Omniyat,Jumeirah,Residential,1599,1361,85.2,2005,,Off-Plan,3703,915166,23766544,43,True,True
PRJ-01327,Arada Deira Tower 7,Arada,Deira,Residential,1758,1561,88.8,2009,,Under Construction,1675,924225,6237110,67,True,True
PRJ-01328,Arabian Residences 1,Meraas,Arabian Ranches,Residential,1967,584,29.7,2023,,Off-Plan,2586,1131543,4641769,19,False,True
PRJ-01329,Ellington Al Tower 5,Ellington Properties,Al Satwa,Commercial,1029,938,91.2,2014,2016.0,Completed,4009,675817,15144848,74,True,True
PRJ-01330,DAMAC Al Tower 6,DAMAC Properties,Al Karama,Mixed Use,1342,527,39.3,2012,,Off-Plan,1998,650912,4118940,9,True,True
PRJ-01331,Al Residences 4,Dubai Properties,Al Wasl,Residential,438,177,40.6,2016,,Under Construction,2266,787466,5569950,39,True,True
PRJ-01332,Select Nad Tower 6,Select Group,Nad Al Sheba,Mixed Use,1447,944,65.3,2010,2013.0,Completed,3984,1335773,14697682,38,True,True
PRJ-01333,Business Residences 10,Emaar Properties,Business Bay,Residential,1452,1083,74.6,2009,,Under Construction,2181,770553,22535732,39,False,True
PRJ-01334,Seven Al Tower 1,Seven Tides,Al Karama,Residential,1921,1299,67.6,2014,2019.0,Completed,3308,1373235,10119265,30,True,True
PRJ-01335,Reportage Town Tower 9,Reportage,Town Square,Residential,1315,1169,88.9,2018,2022.0,Completed,2213,1020390,8050522,7,True,True
PRJ-01336,Dubai Residences 1,Select Group,Dubai Hills Estate,Residential,498,423,85.0,2017,2022.0,Completed,3533,1135437,13968712,61,False,True
PRJ-01337,Dubai Al Tower 8,Dubai Properties,Al Satwa,Residential,956,800,83.7,2008,,Off-Plan,3126,1473845,13751823,52,True,True
PRJ-01338,Deyaar Mirdif Tower 3,Deyaar Development,Mirdif,Residential,1265,588,46.5,2015,,Under Construction,3616,460858,12734444,64,False,True
PRJ-01339,Binghatti Emaar Tower 2,Binghatti,Emaar Beachfront,Residential,207,147,71.3,2021,,Under Construction,3735,1091227,18882972,47,False,True
PRJ-01340,Tiger Nad Tower 3,Tiger Properties,Nad Al Sheba,Residential,411,332,80.9,2022,,Under Construction,4320,721678,8457385,44,True,True
PRJ-01341,Danube Umm Tower 3,Danube Properties,Umm Suqeim,Residential,135,56,42.1,2014,,Off-Plan,4162,931878,5660921,80,True,True
PRJ-01342,Al Residences 8,Select Group,Al Wasl,Commercial,1100,731,66.5,2020,,Off-Plan,3381,1218954,14590310,12,True,True
PRJ-01343,Al Residences 19,Aldar,Al Safa,Mixed Use,863,805,93.3,2019,2021.0,Completed,3342,578053,18277098,25,False,False
PRJ-01344,Dubai Residences 19,Omniyat,Dubai Marina,Residential,1793,444,24.8,2024,,Off-Plan,2118,530784,8977913,61,True,True
PRJ-01345,Binghatti Dubai Tower 3,Binghatti,Dubai Hills Estate,Residential,119,54,46.0,2012,,Under Construction,872,1451683,10506862,64,True,True
PRJ-01346,Emaar Palm Tower 2,Emaar Properties,Palm Jumeirah,Residential,350,246,70.5,2016,,Off-Plan,1650,1131715,11391778,79,True,True
PRJ-01347,DAMAC Jumeirah Tower 7,DAMAC Properties,Jumeirah,Residential,251,121,48.5,2012,,Under Construction,930,1363579,23961778,74,False,True
PRJ-01348,Seven Al Tower 2,Seven Tides,Al Quoz,Commercial,802,731,91.3,2022,,Under Construction,3582,1231163,12264885,79,True,False
PRJ-01349,Select Al Tower 5,Select Group,Al Qusais,Residential,1658,1428,86.2,2016,,Under Construction,4376,325008,22989580,36,True,False
PRJ-01350,Nakheel Al Tower 1,Nakheel,Al Safa,Residential,251,72,29.1,2018,,Under Construction,2649,1158266,3913748,37,False,True
PRJ-01351,JVC Residences 7,Dubai Properties,JVC,Mixed Use,393,108,27.7,2010,,Off-Plan,1724,1114450,19695545,49,True,False
PRJ-01352,Al Residences 6,Tiger Properties,Al Karama,Mixed Use,1039,525,50.5,2010,,Under Construction,4470,1478351,7383730,68,True,True
PRJ-01353,Dubai Residences 7,Sobha Realty,Dubai Marina,Hospitality,511,471,92.3,2018,2022.0,Completed,922,1327678,3691147,44,True,True
PRJ-01354,Town Residences 1,Ellington Properties,Town Square,Residential,175,174,99.6,2017,2020.0,Completed,4327,382408,18685261,35,False,False
PRJ-01355,Al Residences 7,Arada,Al Qusais,Residential,1654,1269,76.7,2009,,Off-Plan,1670,1017314,12417077,64,False,True
PRJ-01356,Jumeirah Residences 10,DAMAC Properties,Jumeirah,Residential,1872,1223,65.4,2020,,Off-Plan,3768,1356315,6221258,77,True,True
PRJ-01357,Al Residences 16,Azizi Developments,Al Karama,Mixed Use,1932,1191,61.6,2014,,Under Construction,3094,468491,5010654,57,True,False
PRJ-01358,Danube Al Tower 8,Danube Properties,Al Wasl,Residential,1705,1094,64.2,2006,,Under Construction,4111,1404875,17125957,55,True,True
PRJ-01359,Ellington Business Tower 8,Ellington Properties,Business Bay,Residential,775,299,38.6,2008,,Under Construction,1641,342861,7700710,57,True,False
PRJ-01360,Danube Nad Tower 2,Danube Properties,Nad Al Sheba,Hospitality,597,405,68.0,2016,2021.0,Completed,4056,498849,18063608,7,False,True
PRJ-01361,Al Residences 19,Select Group,Al Safa,Commercial,534,120,22.6,2020,,Under Construction,3736,403082,18263207,52,True,True
PRJ-01362,International Residences 20,Ellington Properties,International City,Mixed Use,1175,269,22.9,2022,,Under Construction,3189,378089,3866359,48,False,False
PRJ-01363,Discovery Residences 9,Binghatti,Discovery Gardens,Residential,104,76,73.5,2019,2022.0,Completed,2087,1215140,19146752,21,True,True
PRJ-01364,Al Residences 11,Arada,Al Wasl,Mixed Use,1286,633,49.3,2017,,Under Construction,1161,488397,24351711,63,True,True
PRJ-01365,MAG Sports Tower 8,MAG Property Development,Sports City,Hospitality,1586,347,21.9,2023,,Off-Plan,2620,1247527,16887691,35,True,False
PRJ-01366,Danube Bur Tower 8,Danube Properties,Bur Dubai,Residential,121,109,90.3,2012,2014.0,Completed,2620,985679,14088410,31,True,True
PRJ-01367,Downtown Residences 7,Dubai Properties,Downtown Dubai,Residential,402,80,20.1,2009,,Off-Plan,3202,902788,6993093,64,False,False
PRJ-01368,Downtown Residences 12,Reportage,Downtown Dubai,Commercial,867,804,92.8,2021,,Off-Plan,2666,639312,7377756,48,False,True
PRJ-01369,Omniyat Jumeirah Tower 3,Omniyat,Jumeirah,Mixed Use,918,243,26.5,2019,,Stalled,2922,1002670,7812347,8,False,True
PRJ-01370,Jumeirah Residences 6,DAMAC Properties,Jumeirah,Mixed Use,891,616,69.2,2011,2013.0,Completed,1880,974241,13533315,19,True,True
PRJ-01371,Discovery Residences 17,Select Group,Discovery Gardens,Residential,1910,847,44.3,2007,,Off-Plan,4485,1199059,15096422,46,True,True
PRJ-01372,Nad Residences 7,Omniyat,Nad Al Sheba,Residential,138,96,70.2,2023,,Under Construction,1342,1440849,20991073,69,True,True
PRJ-01373,Palm Residences 12,Dubai Properties,Palm Jumeirah,Residential,1470,1007,68.5,2019,,Under Construction,1443,1474890,23064509,8,False,True
PRJ-01374,Danube Town Tower 8,Danube Properties,Town Square,Commercial,1654,1128,68.2,2024,,Off-Plan,1574,845807,23506856,60,True,True
PRJ-01375,Ras Residences 6,Seven Tides,Ras Al Khor,Residential,1432,728,50.9,2010,,Off-Plan,2335,1177235,24221979,20,True,True
PRJ-01376,Nakheel Town Tower 8,Nakheel,Town Square,Residential,434,352,81.3,2014,2019.0,Completed,2925,1349752,22893641,42,True,True
PRJ-01377,Al Residences 17,Aldar,Al Quoz,Residential,1411,1031,73.1,2022,,Off-Plan,2150,747824,3593558,20,True,False
PRJ-01378,Azizi Al Tower 6,Azizi Developments,Al Satwa,Residential,1798,416,23.2,2012,,Under Construction,2149,1310011,8699273,70,True,True
PRJ-01379,DAMAC Bur Tower 2,DAMAC Properties,Bur Dubai,Residential,1896,756,39.9,2023,,Under Construction,2314,1005395,4489533,70,True,True
PRJ-01380,Emaar Downtown Tower 2,Emaar Properties,Downtown Dubai,Residential,254,171,67.5,2023,,Stalled,2140,1207102,23880643,59,True,True
PRJ-01381,Arabian Residences 6,Omniyat,Arabian Ranches,Mixed Use,619,159,25.7,2010,,Under Construction,4094,348857,21113611,38,True,False
PRJ-01382,Binghatti Arabian Tower 4,Binghatti,Arabian Ranches,Residential,1582,1461,92.4,2012,2015.0,Completed,952,1425581,23004917,43,True,True
PRJ-01383,Business Residences 4,Deyaar Development,Business Bay,Mixed Use,368,256,69.7,2015,2017.0,Completed,754,445347,14291431,32,True,True
PRJ-01384,Emaar Residences 2,Select Group,Emaar Beachfront,Residential,1176,960,81.7,2016,2018.0,Completed,2800,1171534,3138547,8,False,True
PRJ-01385,Arabian Residences 8,Reportage,Arabian Ranches,Residential,185,144,78.3,2016,2020.0,Completed,2177,1203663,13706590,74,False,True
PRJ-01386,Reportage DIFC Tower 2,Reportage,DIFC,Commercial,1989,1057,53.2,2019,,Under Construction,2090,791733,12742584,27,False,True
PRJ-01387,Dubai Nad Tower 6,Dubai Properties,Nad Al Sheba,Hospitality,1027,875,85.3,2006,,Off-Plan,2107,634911,17287084,15,True,True
PRJ-01388,Dubai Umm Tower 3,Dubai Properties,Umm Suqeim,Residential,790,696,88.2,2007,2010.0,Completed,1805,933917,10396817,16,True,False
PRJ-01389,Meraas Sports Tower 4,Meraas,Sports City,Residential,864,752,87.1,2010,,Under Construction,2036,1199667,3040563,53,True,True
PRJ-01390,Sports Residences 1,Aldar,Sports City,Residential,185,109,59.2,2023,,Under Construction,3164,855032,20902215,44,True,True
PRJ-01391,DIFC Residences 5,Tiger Properties,DIFC,Commercial,363,139,38.4,2005,,Off-Plan,2889,311407,15917578,68,True,True
PRJ-01392,MAG Motor Tower 2,MAG Property Development,Motor City,Mixed Use,284,275,97.1,2020,2024.0,Completed,4081,543321,21435898,13,False,True
PRJ-01393,Dubai DIFC Tower 5,Dubai Properties,DIFC,Commercial,1790,1201,67.1,2006,2008.0,Completed,1690,872858,11719674,19,True,True
PRJ-01394,Ellington Palm Tower 4,Ellington Properties,Palm Jumeirah,Commercial,1585,1156,73.0,2020,,Under Construction,1687,1326143,20690961,75,True,True
PRJ-01395,Sobha Emaar Tower 6,Sobha Realty,Emaar Beachfront,Commercial,1975,978,49.5,2015,,Off-Plan,2344,1157980,19733743,49,False,True
PRJ-01396,Danube Al Tower 9,Danube Properties,Al Barsha,Residential,1027,830,80.8,2015,,Under Construction,3702,352058,3432377,9,True,True
PRJ-01397,International Residences 3,Aldar,International City,Residential,828,538,65.0,2021,2023.0,Completed,1437,1167031,7503209,74,True,True
PRJ-01398,Al Residences 2,Deyaar Development,Al Karama,Mixed Use,381,243,64.0,2010,,Under Construction,764,515417,7255322,54,True,True
PRJ-01399,Arada Al Tower 7,Arada,Al Qusais,Residential,703,234,33.4,2024,,Off-Plan,4333,1178649,24169769,17,True,True
PRJ-01400,DIFC Residences 9,Arada,DIFC,Mixed Use,1368,1065,77.9,2014,2016.0,Completed,1473,620959,16097772,5,False,True
PRJ-01401,Deira Residences 18,Binghatti,Deira,Residential,157,124,79.6,2017,2022.0,Completed,2232,1191609,3429346,40,True,True
PRJ-01402,DIFC Residences 12,Seven Tides,DIFC,Mixed Use,1777,1144,64.4,2009,2011.0,Completed,4251,924739,22606519,74,False,False
PRJ-01403,Danube Town Tower 2,Danube Properties,Town Square,Residential,1644,382,23.3,2006,,Under Construction,863,465038,2764129,35,True,True
PRJ-01404,Downtown Residences 10,Meraas,Downtown Dubai,Commercial,1035,605,58.5,2021,,Off-Plan,4257,1358666,4474110,59,True,True
PRJ-01405,Palm Residences 15,Nakheel,Palm Jumeirah,Hospitality,1796,1756,97.8,2010,2015.0,Completed,3775,649905,11588683,17,True,True
PRJ-01406,Dubai Downtown Tower 2,Dubai Properties,Downtown Dubai,Residential,1827,1287,70.5,2021,2025.0,Completed,4128,920867,16254661,14,True,True
PRJ-01407,Mirdif Residences 4,Tiger Properties,Mirdif,Residential,1829,754,41.3,2017,,Off-Plan,1487,1277076,17558622,60,False,True
PRJ-01408,Emaar Sports Tower 2,Emaar Properties,Sports City,Residential,1002,731,73.0,2013,2017.0,Completed,995,548872,12947964,43,True,True
PRJ-01409,Nakheel Motor Tower 4,Nakheel,Motor City,Residential,1775,1618,91.2,2009,,Off-Plan,936,928596,3083023,46,False,False
PRJ-01410,Arabian Residences 11,MAG Property Development,Arabian Ranches,Residential,696,506,72.8,2024,2026.0,Completed,2190,965209,19702369,75,True,True
PRJ-01411,Jumeirah Residences 14,MAG Property Development,Jumeirah,Residential,859,197,23.0,2022,,Under Construction,2542,1074292,22838806,11,True,True
PRJ-01412,Reportage Bur Tower 2,Reportage,Bur Dubai,Residential,1358,1140,84.0,2019,,Under Construction,1371,1235861,17449519,23,True,True
PRJ-01413,Select Al Tower 6,Select Group,Al Wasl,Residential,1102,727,66.0,2010,2015.0,Completed,847,300545,17192849,22,False,True
PRJ-01414,Jumeirah Residences 11,Danube Properties,Jumeirah,Mixed Use,1473,1296,88.0,2023,2027.0,Completed,1305,1184539,8092460,12,True,False
PRJ-01415,Emaar Emaar Tower 6,Emaar Properties,Emaar Beachfront,Residential,1400,1062,75.9,2009,2012.0,Completed,857,593915,12935560,78,True,True
PRJ-01416,Business Residences 19,MAG Property Development,Business Bay,Residential,770,416,54.1,2019,,Off-Plan,1365,911548,19058594,33,True,True
PRJ-01417,Sports Residences 5,Omniyat,Sports City,Residential,627,403,64.4,2024,2027.0,Completed,4018,398209,20403487,70,True,True
PRJ-01418,DAMAC Dubai Tower 9,DAMAC Properties,Dubai Marina,Residential,774,293,37.9,2022,,Under Construction,1899,624853,24867857,56,False,False
PRJ-01419,Select JLT Tower 9,Select Group,JLT,Residential,1260,387,30.8,2020,,Under Construction,3860,1275853,8676017,61,True,True
PRJ-01420,Discovery Residences 15,Aldar,Discovery Gardens,Residential,1683,1373,81.6,2018,,Under Construction,2801,455996,18497263,23,True,True
PRJ-01421,Aldar Mirdif Tower 5,Aldar,Mirdif,Residential,1771,1145,64.7,2016,2019.0,Completed,3093,1366365,20000330,26,True,True
PRJ-01422,Bur Residences 15,Deyaar Development,Bur Dubai,Residential,1097,1006,91.7,2021,2023.0,Completed,2437,1092891,19552637,67,True,True
PRJ-01423,Al Residences 20,Ellington Properties,Al Qusais,Mixed Use,876,525,60.0,2012,,Off-Plan,1698,1275910,18109982,69,True,True
PRJ-01424,Meraas Al Tower 5,Meraas,Al Wasl,Commercial,121,74,61.5,2006,2010.0,Completed,758,1112227,6624402,64,True,True
PRJ-01425,Palm Residences 4,Azizi Developments,Palm Jumeirah,Residential,1667,1320,79.2,2005,,Under Construction,1403,619312,23596947,63,True,True
PRJ-01426,Motor Residences 8,Azizi Developments,Motor City,Mixed Use,1907,760,39.9,2015,,Off-Plan,1627,867718,4810006,60,True,True
PRJ-01427,Town Residences 7,MAG Property Development,Town Square,Residential,1135,934,82.3,2016,,Stalled,1792,499498,20746948,31,True,True
PRJ-01428,Al Residences 8,Nakheel,Al Qusais,Residential,567,509,89.9,2011,2015.0,Completed,2840,1086132,7115123,74,True,True
PRJ-01429,Business Residences 9,Nakheel,Business Bay,Mixed Use,1553,941,60.6,2018,2022.0,Completed,1023,1334384,8227973,16,False,True
PRJ-01430,Emaar Business Tower 5,Emaar Properties,Business Bay,Commercial,648,495,76.5,2018,,Under Construction,3168,534033,19000225,49,True,True
PRJ-01431,Discovery Residences 17,Binghatti,Discovery Gardens,Mixed Use,623,449,72.1,2012,2017.0,Completed,851,1251385,3290267,61,True,False
PRJ-01432,DIFC Residences 4,Dubai Properties,DIFC,Residential,434,415,95.7,2018,2023.0,Completed,3093,1442101,13106308,76,True,True
PRJ-01433,Deira Residences 20,Sobha Realty,Deira,Hospitality,678,481,71.0,2007,2010.0,Completed,2173,1276493,12365714,42,True,False
PRJ-01434,Emaar Al Tower 5,Emaar Properties,Al Satwa,Residential,806,230,28.6,2016,,Off-Plan,2741,1035674,15706887,62,True,True
PRJ-01435,DAMAC Sports Tower 5,DAMAC Properties,Sports City,Residential,467,197,42.3,2013,,Off-Plan,2630,828307,17281835,21,True,True
PRJ-01436,Al Residences 6,Reportage,Al Qusais,Commercial,665,560,84.2,2015,,Off-Plan,972,1442485,18491527,79,True,True
PRJ-01437,Sports Residences 12,Azizi Developments,Sports City,Residential,1023,449,43.9,2017,,Under Construction,3921,835709,17715411,16,False,True
PRJ-01438,Seven Al Tower 3,Seven Tides,Al Quoz,Commercial,817,630,77.2,2015,2019.0,Completed,3207,1275702,6533825,29,True,False
PRJ-01439,Jumeirah Residences 12,Seven Tides,Jumeirah,Commercial,775,684,88.3,2011,2016.0,Completed,1357,1445108,5046016,74,True,True
PRJ-01440,Town Residences 12,DAMAC Properties,Town Square,Mixed Use,641,564,88.1,2024,2028.0,Completed,3699,1362370,3640555,69,True,True
PRJ-01441,Reportage Ras Tower 1,Reportage,Ras Al Khor,Residential,1152,443,38.5,2007,,Under Construction,2904,716864,10010246,9,False,True
PRJ-01442,Mirdif Residences 3,Reportage,Mirdif,Residential,639,460,72.0,2008,2013.0,Completed,1790,300201,12752539,36,False,True
PRJ-01443,Dubai Al Tower 1,Dubai Properties,Al Karama,Residential,257,206,80.4,2017,,Under Construction,1635,1053912,5541967,43,True,True
PRJ-01444,Reportage Umm Tower 8,Reportage,Umm Suqeim,Residential,1853,1601,86.4,2015,2018.0,Completed,4157,1470808,7457469,78,True,True
PRJ-01445,Al Residences 11,DAMAC Properties,Al Satwa,Residential,1488,1406,94.6,2019,,Under Construction,1016,1210228,17299164,25,True,True
PRJ-01446,Downtown Residences 2,DAMAC Properties,Downtown Dubai,Mixed Use,465,371,79.9,2008,,Under Construction,4100,603522,3563346,61,False,True
PRJ-01447,Al Residences 9,Sobha Realty,Al Satwa,Residential,865,267,30.9,2014,,Under Construction,1043,1175018,2269696,64,True,True
PRJ-01448,JVC Residences 16,Dubai Properties,JVC,Residential,314,201,64.3,2015,2020.0,Completed,1992,681458,11061368,9,True,True
PRJ-01449,Reportage Dubai Tower 2,Reportage,Dubai Creek Harbour,Residential,985,880,89.4,2006,2009.0,Completed,1453,467420,19799892,66,True,True
PRJ-01450,Al Residences 3,Ellington Properties,Al Qusais,Mixed Use,1920,1257,65.5,2019,2021.0,Completed,3908,1278592,12852730,68,True,True
PRJ-01451,Reportage Nad Tower 9,Reportage,Nad Al Sheba,Commercial,558,154,27.7,2017,,Off-Plan,2695,335715,24811720,65,False,True
PRJ-01452,Aldar Mirdif Tower 7,Aldar,Mirdif,Residential,1776,1382,77.8,2015,,Under Construction,2128,962738,3742389,25,False,True
PRJ-01453,Select Mirdif Tower 6,Select Group,Mirdif,Commercial,1607,1022,63.6,2014,,Under Construction,2091,1234014,22615112,68,True,True
PRJ-01454,Reportage Discovery Tower 5,Reportage,Discovery Gardens,Hospitality,1057,1040,98.5,2009,2011.0,Completed,4456,728802,11946591,42,True,True
PRJ-01455,International Residences 15,Aldar,International City,Residential,1684,1170,69.5,2024,2026.0,Completed,2157,602356,13351642,49,True,True
PRJ-01456,Al Residences 8,Seven Tides,Al Safa,Residential,580,394,68.1,2015,2020.0,Completed,4392,321887,13840808,34,True,True
PRJ-01457,Azizi Al Tower 1,Azizi Developments,Al Safa,Residential,1814,1358,74.9,2018,,Off-Plan,2948,1198629,15647762,76,False,False
PRJ-01458,Sports Residences 6,Dubai Properties,Sports City,Hospitality,533,434,81.4,2021,,Stalled,761,1465147,6988000,37,True,False
PRJ-01459,International Residences 5,Select Group,International City,Residential,1922,1547,80.5,2024,,Stalled,4146,466885,17252073,10,True,True
PRJ-01460,JLT Residences 18,Ellington Properties,JLT,Commercial,1917,489,25.5,2010,,Off-Plan,1076,754178,15859342,19,True,True
PRJ-01461,Omniyat DIFC Tower 1,Omniyat,DIFC,Residential,1838,1197,65.2,2019,,Off-Plan,2186,835855,17309877,11,True,True
PRJ-01462,International Residences 11,Ellington Properties,International City,Residential,685,572,83.5,2008,2011.0,Completed,4293,1079799,15563787,77,False,True
PRJ-01463,Dubai Downtown Tower 9,Dubai Properties,Downtown Dubai,Residential,478,415,87.0,2021,2026.0,Completed,2518,765870,23973153,10,True,True
PRJ-01464,Sobha Downtown Tower 6,Sobha Realty,Downtown Dubai,Mixed Use,1923,501,26.1,2010,,Under Construction,4197,1375006,21879348,67,True,True
PRJ-01465,Azizi Al Tower 9,Azizi Developments,Al Safa,Residential,1490,559,37.6,2024,,Stalled,2536,807269,14664503,6,True,False
PRJ-01466,Al Residences 16,Deyaar Development,Al Barsha,Hospitality,1732,945,54.6,2006,,Under Construction,1156,1321646,7448468,31,False,True
PRJ-01467,MAG JLT Tower 7,MAG Property Development,JLT,Residential,388,110,28.6,2019,,Under Construction,1677,891651,9657728,32,True,True
PRJ-01468,Deira Residences 6,Danube Properties,Deira,Mixed Use,1061,771,72.7,2022,2026.0,Completed,2839,658122,4638564,54,True,True
PRJ-01469,Al Residences 9,Deyaar Development,Al Satwa,Residential,900,779,86.6,2013,2017.0,Completed,3308,828175,7210375,21,False,True
PRJ-01470,Nad Residences 17,Azizi Developments,Nad Al Sheba,Residential,1126,355,31.6,2005,,Under Construction,3567,1495639,3279573,43,False,True
PRJ-01471,JVC Residences 17,Seven Tides,JVC,Residential,737,576,78.2,2011,2013.0,Completed,3948,919234,15115581,23,True,True
PRJ-01472,Danube Ras Tower 1,Danube Properties,Ras Al Khor,Residential,1885,898,47.7,2017,,Under Construction,3926,734162,17137620,47,True,True
PRJ-01473,MAG Motor Tower 1,MAG Property Development,Motor City,Commercial,1681,792,47.1,2014,,Under Construction,1441,757904,12404328,59,True,True
PRJ-01474,Deira Residences 13,MAG Property Development,Deira,Mixed Use,1067,306,28.7,2015,,Under Construction,1864,420701,17335030,28,True,True
PRJ-01475,Dubai Residences 19,Azizi Developments,Dubai Hills Estate,Mixed Use,797,309,38.8,2010,,Under Construction,876,928728,23842226,17,True,True
PRJ-01476,JVC Residences 7,Arada,JVC,Residential,1553,993,64.0,2006,2011.0,Completed,2098,968381,14016521,21,True,True
PRJ-01477,Emaar Umm Tower 4,Emaar Properties,Umm Suqeim,Residential,1660,1493,90.0,2010,2014.0,Completed,930,1498096,17029773,12,True,True
PRJ-01478,Al Residences 13,Nakheel,Al Satwa,Commercial,704,554,78.7,2022,,Off-Plan,3247,778556,5585744,70,False,True
PRJ-01479,Motor Residences 2,Arada,Motor City,Mixed Use,539,419,77.8,2022,2025.0,Completed,2635,620737,17838466,21,True,True
PRJ-01480,Al Residences 14,Deyaar Development,Al Qusais,Hospitality,840,735,87.5,2021,,Under Construction,2089,1211517,16759797,21,True,True
PRJ-01481,Palm Residences 17,Sobha Realty,Palm Jumeirah,Residential,247,84,34.2,2022,,Off-Plan,2494,1363054,17220677,32,True,True
PRJ-01482,Select Al Tower 4,Select Group,Al Wasl,Mixed Use,1070,847,79.2,2018,2021.0,Completed,2655,1291146,6774272,34,True,True
PRJ-01483,Sobha Sports Tower 9,Sobha Realty,Sports City,Residential,749,680,90.9,2013,2017.0,Completed,2835,723536,10322365,6,False,True
PRJ-01484,Nakheel Motor Tower 6,Nakheel,Motor City,Residential,1606,1237,77.0,2022,,Off-Plan,2224,336100,19803642,5,False,False
PRJ-01485,Tiger JLT Tower 1,Tiger Properties,JLT,Residential,603,432,71.7,2012,,Off-Plan,1748,1027311,12264527,53,True,True
PRJ-01486,Danube Mirdif Tower 7,Danube Properties,Mirdif,Commercial,1891,701,37.1,2022,,Off-Plan,3418,600721,6684198,46,True,True
PRJ-01487,Select Nad Tower 5,Select Group,Nad Al Sheba,Residential,1082,905,83.7,2021,,Off-Plan,3511,1119028,17999437,23,True,True
PRJ-01488,Business Residences 2,Aldar,Business Bay,Commercial,1783,1412,79.2,2021,,Off-Plan,3095,648731,11585779,6,True,True
PRJ-01489,Reportage Al Tower 7,Reportage,Al Quoz,Commercial,1506,1145,76.0,2011,2016.0,Completed,4268,782943,7298103,49,False,True
PRJ-01490,JVC Residences 4,Reportage,JVC,Mixed Use,1071,1012,94.5,2008,2010.0,Completed,3467,1359545,16475421,5,True,True
PRJ-01491,Danube Al Tower 1,Danube Properties,Al Qusais,Mixed Use,1314,1141,86.9,2013,,Off-Plan,3351,1410956,12135788,18,False,True
PRJ-01492,Downtown Residences 14,Seven Tides,Downtown Dubai,Residential,165,66,40.3,2012,,Under Construction,1776,896054,9807591,34,True,True
PRJ-01493,Arabian Residences 4,Emaar Properties,Arabian Ranches,Hospitality,1558,1082,69.5,2007,2012.0,Completed,3040,1115901,21065788,63,True,True
PRJ-01494,Dubai Dubai Tower 6,Dubai Properties,Dubai Hills Estate,Residential,361,358,99.3,2016,2018.0,Completed,1620,1162760,5827750,41,True,True
PRJ-01495,Azizi Town Tower 8,Azizi Developments,Town Square,Residential,939,890,94.8,2017,,Under Construction,758,1011470,8136735,53,True,True
PRJ-01496,Sports Residences 12,Seven Tides,Sports City,Residential,457,191,41.9,2014,,Off-Plan,4417,1137566,14836847,76,False,True
PRJ-01497,Bur Residences 6,Reportage,Bur Dubai,Residential,1171,788,67.3,2015,2020.0,Completed,2976,781421,20865907,76,True,True
PRJ-01498,Arada Al Tower 3,Arada,Al Karama,Commercial,1729,1130,65.4,2011,2015.0,Completed,4088,774145,16696779,59,True,False
PRJ-01499,Arabian Residences 1,Tiger Properties,Arabian Ranches,Commercial,779,753,96.7,2014,2019.0,Completed,2152,309397,14138543,36,False,True
PRJ-01500,Tiger Al Tower 2,Tiger Properties,Al Satwa,Mixed Use,1660,1219,73.4,2008,2011.0,Completed,3924,955017,21912479,12,False,True
PRJ-01501,Emaar Al Tower 4,Emaar Properties,Al Wasl,Residential,1048,418,39.9,2017,,Under Construction,975,1033441,9133975,34,True,True
PRJ-01502,Al Residences 19,Nakheel,Al Wasl,Commercial,639,403,63.2,2024,2028.0,Completed,4388,323264,18676304,46,True,True
PRJ-01503,Select Dubai Tower 5,Select Group,Dubai Creek Harbour,Residential,986,593,60.2,2007,,Under Construction,1223,805143,2019170,75,True,False
PRJ-01504,International Residences 1,Seven Tides,International City,Mixed Use,1408,1015,72.1,2014,2016.0,Completed,2749,1486011,8610705,48,True,True
PRJ-01505,Emaar Ras Tower 5,Emaar Properties,Ras Al Khor,Residential,1009,437,43.3,2007,,Off-Plan,2489,1493908,18155364,77,True,False
PRJ-01506,Downtown Residences 17,Sobha Realty,Downtown Dubai,Mixed Use,314,281,89.6,2015,,Under Construction,1038,465322,16622397,22,True,True
PRJ-01507,MAG Mirdif Tower 6,MAG Property Development,Mirdif,Mixed Use,654,284,43.5,2017,,Stalled,3073,491824,8289936,45,True,True
PRJ-01508,International Residences 13,Emaar Properties,International City,Mixed Use,1263,477,37.8,2021,,Off-Plan,741,406064,3575917,12,True,True
PRJ-01509,Meraas Jumeirah Tower 3,Meraas,Jumeirah,Residential,741,468,63.2,2023,,Off-Plan,1279,829847,22937321,69,False,True
PRJ-01510,Emaar Residences 3,MAG Property Development,Emaar Beachfront,Residential,985,722,73.4,2005,2010.0,Completed,3280,1482401,18783971,39,True,True
PRJ-01511,JVC Residences 8,Omniyat,JVC,Residential,596,377,63.3,2024,2029.0,Completed,2834,1061219,8247640,28,True,True
PRJ-01512,Dubai Residences 14,Deyaar Development,Dubai Creek Harbour,Mixed Use,1624,1295,79.8,2008,2010.0,Completed,1788,426561,7654401,78,True,True
PRJ-01513,Downtown Residences 12,Aldar,Downtown Dubai,Residential,1974,1244,63.1,2007,,Stalled,1470,924079,10725861,28,True,True
PRJ-01514,Business Residences 5,Meraas,Business Bay,Mixed Use,1605,1166,72.7,2020,2022.0,Completed,2736,1202737,6114415,13,True,True
PRJ-01515,Arabian Residences 19,Select Group,Arabian Ranches,Residential,943,832,88.2,2016,2021.0,Completed,2900,546928,11674717,79,True,True
PRJ-01516,DAMAC Al Tower 2,DAMAC Properties,Al Qusais,Commercial,1332,368,27.6,2019,,Off-Plan,1971,393040,7281081,16,True,True
PRJ-01517,Binghatti Al Tower 1,Binghatti,Al Wasl,Residential,381,344,90.5,2021,2023.0,Completed,2415,1386097,13946811,74,True,True
PRJ-01518,Meraas Bur Tower 1,Meraas,Bur Dubai,Residential,1283,741,57.8,2019,,Off-Plan,2104,363325,7098940,60,True,False
PRJ-01519,Al Residences 11,Arada,Al Wasl,Residential,80,45,56.8,2020,,Off-Plan,4133,645800,17602646,75,True,False
PRJ-01520,Binghatti Al Tower 2,Binghatti,Al Karama,Residential,1881,702,37.3,2016,,Off-Plan,4033,1490571,15088538,17,True,True
PRJ-01521,Arada Deira Tower 2,Arada,Deira,Residential,806,686,85.2,2024,,Off-Plan,3815,869980,13518144,52,True,True
PRJ-01522,Tiger Discovery Tower 9,Tiger Properties,Discovery Gardens,Residential,889,592,66.6,2016,2018.0,Completed,1039,1116079,7795848,39,False,True
PRJ-01523,Jumeirah Residences 2,Deyaar Development,Jumeirah,Residential,810,757,93.6,2007,,Under Construction,3145,1264427,12810261,5,False,True
PRJ-01524,JVC Residences 9,MAG Property Development,JVC,Commercial,1244,823,66.2,2005,2010.0,Completed,4322,1387378,5300865,18,False,True
PRJ-01525,Discovery Residences 4,Tiger Properties,Discovery Gardens,Residential,933,806,86.5,2015,2018.0,Completed,4385,1404296,18591077,9,False,True
PRJ-01526,MAG Arabian Tower 7,MAG Property Development,Arabian Ranches,Hospitality,1513,1399,92.5,2018,,Off-Plan,2533,751088,6458229,29,True,True
PRJ-01527,Omniyat Al Tower 7,Omniyat,Al Karama,Mixed Use,1445,705,48.8,2019,,Under Construction,966,388109,8796324,12,False,True
PRJ-01528,Omniyat Arabian Tower 8,Omniyat,Arabian Ranches,Residential,1395,936,67.2,2009,2013.0,Completed,2553,1145500,7700490,36,True,True
PRJ-01529,Ellington Dubai Tower 6,Ellington Properties,Dubai Creek Harbour,Mixed Use,1011,918,90.9,2009,,Under Construction,3305,750322,21946670,62,True,True
PRJ-01530,Al Residences 8,MAG Property Development,Al Barsha,Residential,577,191,33.1,2021,,Under Construction,1006,1480927,4194583,18,True,True
PRJ-01531,Binghatti Palm Tower 7,Binghatti,Palm Jumeirah,Residential,608,584,96.1,2015,2019.0,Completed,955,1338334,7945416,51,True,True
PRJ-01532,International Residences 6,MAG Property Development,International City,Mixed Use,1836,1506,82.1,2019,,Under Construction,1706,538778,15136303,72,True,True
PRJ-01533,Dubai Al Tower 7,Dubai Properties,Al Qusais,Mixed Use,787,433,55.1,2020,,Off-Plan,1538,602758,24223783,39,True,True
PRJ-01534,Meraas JLT Tower 5,Meraas,JLT,Residential,215,117,54.9,2016,,Off-Plan,3046,318592,6984930,48,True,True
PRJ-01535,Arada Mirdif Tower 1,Arada,Mirdif,Residential,1256,1191,94.8,2013,2016.0,Completed,714,1400830,23198058,78,False,True
PRJ-01536,JLT Residences 8,Seven Tides,JLT,Mixed Use,1598,1241,77.7,2010,2015.0,Completed,4300,1493947,19848174,43,True,False
PRJ-01537,Ras Residences 8,Aldar,Ras Al Khor,Residential,395,301,76.3,2014,,Off-Plan,2578,816975,11849994,39,True,True
PRJ-01538,Umm Residences 9,Tiger Properties,Umm Suqeim,Residential,605,547,90.5,2016,2020.0,Completed,2407,1159943,8543141,32,False,True
PRJ-01539,Arabian Residences 17,Seven Tides,Arabian Ranches,Commercial,938,769,82.1,2013,2017.0,Completed,2999,722530,14875382,38,False,True
PRJ-01540,Tiger Al Tower 7,Tiger Properties,Al Safa,Commercial,632,515,81.6,2007,2011.0,Completed,3752,504800,19255334,11,False,True
PRJ-01541,Binghatti Dubai Tower 5,Binghatti,Dubai Hills Estate,Residential,341,301,88.5,2012,2014.0,Completed,3590,918479,12907603,59,True,False
PRJ-01542,Town Residences 20,Emaar Properties,Town Square,Residential,392,326,83.3,2023,2027.0,Completed,1323,1032583,15168766,24,False,True
PRJ-01543,Emaar Al Tower 9,Emaar Properties,Al Satwa,Residential,1822,1478,81.1,2019,2023.0,Completed,3631,848687,20028709,52,True,True
PRJ-01544,Dubai Residences 15,Sobha Realty,Dubai Creek Harbour,Mixed Use,788,538,68.4,2014,2017.0,Completed,2337,466008,21004385,51,True,True
PRJ-01545,Town Residences 19,Select Group,Town Square,Commercial,923,736,79.8,2018,,Under Construction,2331,861496,21344588,40,True,True
PRJ-01546,Ras Residences 12,Reportage,Ras Al Khor,Mixed Use,460,374,81.3,2024,2027.0,Completed,1805,1389142,12399418,43,False,True
PRJ-01547,Al Residences 16,Select Group,Al Barsha,Residential,93,89,96.2,2016,2018.0,Completed,762,1183207,24050216,41,True,True
PRJ-01548,MAG Al Tower 4,MAG Property Development,Al Barsha,Residential,805,363,45.2,2023,,Under Construction,2712,973905,5586499,73,False,True
PRJ-01549,Sobha Emaar Tower 3,Sobha Realty,Emaar Beachfront,Commercial,394,259,65.9,2008,,Under Construction,4257,500658,20138473,18,False,True
PRJ-01550,International Residences 4,Tiger Properties,International City,Residential,1015,243,24.0,2013,,Under Construction,1408,720067,18699198,18,True,True
PRJ-01551,Select Bur Tower 7,Select Group,Bur Dubai,Mixed Use,1923,796,41.4,2023,,Off-Plan,838,456604,2522786,23,True,False
PRJ-01552,Al Residences 7,Azizi Developments,Al Wasl,Commercial,867,790,91.2,2007,,Stalled,3282,677787,4964152,10,True,True
PRJ-01553,Discovery Residences 12,Binghatti,Discovery Gardens,Residential,55,31,58.1,2016,,Stalled,1549,778447,8088486,28,True,True
PRJ-01554,Seven Dubai Tower 4,Seven Tides,Dubai Marina,Mixed Use,1964,1553,79.1,2008,,Off-Plan,3796,714077,18740407,56,False,False
PRJ-01555,Danube Discovery Tower 2,Danube Properties,Discovery Gardens,Residential,667,230,34.5,2018,,Off-Plan,4344,1412755,22668839,24,True,False
PRJ-01556,Deira Residences 12,Aldar,Deira,Mixed Use,1791,1314,73.4,2018,2021.0,Completed,1142,824315,18308934,9,True,True
PRJ-01557,Select Al Tower 4,Select Group,Al Karama,Commercial,200,194,97.4,2005,2008.0,Completed,1704,1222568,9785491,54,True,True
PRJ-01558,Town Residences 1,Danube Properties,Town Square,Commercial,909,295,32.5,2007,,Under Construction,2281,308483,17732608,12,True,True
PRJ-01559,Mirdif Residences 20,MAG Property Development,Mirdif,Mixed Use,398,351,88.4,2014,2016.0,Completed,4102,590841,20629745,61,True,True
PRJ-01560,Meraas Downtown Tower 4,Meraas,Downtown Dubai,Residential,1687,1566,92.9,2006,,Off-Plan,1032,582485,18058184,48,False,True
PRJ-01561,JVC Residences 11,Meraas,JVC,Commercial,730,713,97.7,2020,2023.0,Completed,3768,850598,20769128,10,False,True
PRJ-01562,Deira Residences 17,DAMAC Properties,Deira,Commercial,1478,1302,88.1,2015,2018.0,Completed,1421,1053374,20577600,22,False,False
PRJ-01563,Dubai Dubai Tower 8,Dubai Properties,Dubai Marina,Mixed Use,706,687,97.3,2008,2011.0,Completed,3845,1314467,19410729,42,True,True
PRJ-01564,DIFC Residences 10,Omniyat,DIFC,Residential,246,187,76.4,2009,,Off-Plan,3726,679011,17698275,42,False,True
PRJ-01565,Emaar Nad Tower 4,Emaar Properties,Nad Al Sheba,Commercial,1220,981,80.5,2013,,Under Construction,1724,624580,14583957,37,False,False
PRJ-01566,Motor Residences 4,Deyaar Development,Motor City,Residential,1773,1668,94.1,2009,2012.0,Completed,2773,750549,19733781,72,True,False
PRJ-01567,Seven Ras Tower 2,Seven Tides,Ras Al Khor,Commercial,153,51,33.5,2017,,Under Construction,4492,1038918,6331335,31,False,True
PRJ-01568,Dubai Al Tower 8,Dubai Properties,Al Satwa,Mixed Use,478,450,94.1,2024,2027.0,Completed,2199,937566,2018185,20,False,True
PRJ-01569,Ellington Jumeirah Tower 3,Ellington Properties,Jumeirah,Residential,1645,1356,82.5,2016,,Off-Plan,2465,1241495,9079862,51,True,True
PRJ-01570,Danube Dubai Tower 1,Danube Properties,Dubai Marina,Mixed Use,781,545,69.8,2023,2027.0,Completed,976,561096,13100202,41,False,False
PRJ-01571,Mirdif Residences 19,Reportage,Mirdif,Residential,1407,766,54.5,2007,,Off-Plan,1208,1250880,9772392,60,True,True
PRJ-01572,Emaar Al Tower 7,Emaar Properties,Al Wasl,Residential,1550,1300,83.9,2021,2025.0,Completed,783,1043773,21226006,73,False,False
PRJ-01573,Deyaar International Tower 8,Deyaar Development,International City,Hospitality,678,609,89.9,2014,2017.0,Completed,2708,1027537,2574962,23,True,True
PRJ-01574,Reportage Al Tower 1,Reportage,Al Satwa,Commercial,553,497,89.9,2011,2015.0,Completed,3681,787339,11073754,22,False,True
PRJ-01575,Al Residences 3,Aldar,Al Karama,Residential,1333,1049,78.7,2009,2011.0,Completed,2826,319820,23798767,40,False,True
PRJ-01576,Jumeirah Residences 10,Select Group,Jumeirah,Residential,518,231,44.7,2023,,Under Construction,3906,524815,17102912,10,True,True
PRJ-01577,Bur Residences 9,Tiger Properties,Bur Dubai,Residential,1614,1228,76.1,2012,2014.0,Completed,1278,716220,3454037,16,True,True
PRJ-01578,Arada Palm Tower 5,Arada,Palm Jumeirah,Commercial,406,312,76.9,2012,2014.0,Completed,1970,1468472,4942748,75,True,True
PRJ-01579,Umm Residences 14,Select Group,Umm Suqeim,Residential,719,492,68.5,2009,2012.0,Completed,1307,536353,20031140,78,True,True
PRJ-01580,Select Al Tower 5,Select Group,Al Quoz,Residential,449,91,20.5,2020,,Under Construction,1420,624937,8463567,63,True,True
PRJ-01581,Business Residences 7,DAMAC Properties,Business Bay,Residential,1953,1739,89.1,2021,2024.0,Completed,2214,1126364,24673305,40,False,False
PRJ-01582,Al Residences 20,Nakheel,Al Satwa,Residential,989,388,39.3,2016,,Under Construction,3526,311088,8342641,57,False,True
PRJ-01583,Jumeirah Residences 10,Select Group,Jumeirah,Hospitality,905,558,61.7,2022,2025.0,Completed,3264,737312,13376017,29,True,True
PRJ-01584,Dubai Residences 4,Danube Properties,Dubai Hills Estate,Residential,1752,1172,67.0,2023,2026.0,Completed,3250,375643,24570197,35,False,True
PRJ-01585,Town Residences 16,Select Group,Town Square,Residential,436,311,71.5,2012,2017.0,Completed,4284,875539,12432362,23,True,True
PRJ-01586,Meraas Jumeirah Tower 6,Meraas,Jumeirah,Hospitality,1756,1243,70.8,2012,,Off-Plan,2239,1475364,11415730,28,False,True
PRJ-01587,Al Residences 3,Danube Properties,Al Quoz,Hospitality,75,50,66.9,2012,,Under Construction,1782,1107055,17531097,19,True,True
PRJ-01588,Reportage Al Tower 3,Reportage,Al Barsha,Residential,1439,332,23.1,2014,,Off-Plan,1450,1297016,11288617,39,True,True
PRJ-01589,International Residences 2,Nakheel,International City,Residential,965,762,79.1,2018,,Under Construction,2635,1372852,20268969,20,True,False
PRJ-01590,Dubai Residences 19,Dubai Properties,Dubai Hills Estate,Hospitality,537,365,68.0,2010,2012.0,Completed,3852,1326068,9533171,27,False,True
PRJ-01591,Dubai Arabian Tower 7,Dubai Properties,Arabian Ranches,Residential,806,214,26.7,2017,,Under Construction,3856,722646,9736641,29,True,True
PRJ-01592,Reportage JLT Tower 7,Reportage,JLT,Commercial,764,539,70.6,2012,2014.0,Completed,3222,1475124,22783054,5,True,True
PRJ-01593,Deyaar Deira Tower 9,Deyaar Development,Deira,Residential,451,415,92.2,2018,2023.0,Completed,1966,1034485,21991203,57,True,True
PRJ-01594,Omniyat Nad Tower 6,Omniyat,Nad Al Sheba,Residential,1040,964,92.7,2018,2020.0,Completed,3286,653690,13393033,77,False,False
PRJ-01595,International Residences 4,Reportage,International City,Residential,629,383,60.9,2021,2024.0,Completed,1779,991904,17927382,6,True,True
PRJ-01596,Dubai Residences 14,Seven Tides,Dubai Marina,Commercial,809,565,69.9,2013,,Under Construction,3388,825670,7016984,51,True,True
PRJ-01597,Al Residences 20,Danube Properties,Al Quoz,Mixed Use,1072,827,77.2,2015,2017.0,Completed,2673,662142,11138195,38,True,True
PRJ-01598,DAMAC Downtown Tower 9,DAMAC Properties,Downtown Dubai,Residential,950,822,86.6,2024,2026.0,Completed,3124,1342464,10754254,36,True,True
PRJ-01599,Meraas Palm Tower 1,Meraas,Palm Jumeirah,Residential,1977,487,24.7,2012,,Under Construction,3903,891399,15369288,28,False,False
PRJ-01600,Al Residences 4,Select Group,Al Karama,Residential,587,432,73.7,2018,2023.0,Completed,2141,1204710,3263433,73,True,False
PRJ-01601,Omniyat Motor Tower 9,Omniyat,Motor City,Residential,1423,934,65.7,2023,,Under Construction,4068,1470497,17087411,5,True,True
PRJ-01602,Sobha Emaar Tower 8,Sobha Realty,Emaar Beachfront,Residential,1529,1170,76.6,2021,2023.0,Completed,3457,1093885,4451090,21,True,True
PRJ-01603,Deira Residences 12,MAG Property Development,Deira,Residential,1264,883,69.9,2017,,Off-Plan,2845,308281,16895378,14,True,True
PRJ-01604,Dubai Residences 6,Ellington Properties,Dubai Hills Estate,Residential,523,221,42.4,2018,,Under Construction,4363,789577,11271107,50,False,True
PRJ-01605,Al Residences 7,Emaar Properties,Al Barsha,Commercial,1013,821,81.1,2022,2027.0,Completed,1470,940718,22507226,37,True,True
PRJ-01606,MAG Sports Tower 9,MAG Property Development,Sports City,Residential,55,40,72.9,2012,,Under Construction,1724,948502,20445153,20,False,True
PRJ-01607,Al Residences 2,Seven Tides,Al Safa,Mixed Use,1233,326,26.5,2016,,Under Construction,990,744537,23873535,30,True,True
PRJ-01608,Al Residences 14,Binghatti,Al Barsha,Residential,786,321,40.9,2021,,Off-Plan,3460,1432583,16690565,49,True,False
PRJ-01609,Meraas Al Tower 1,Meraas,Al Safa,Residential,1357,1097,80.9,2005,,Off-Plan,1032,1431602,16112302,69,False,False
PRJ-01610,Nakheel Palm Tower 2,Nakheel,Palm Jumeirah,Residential,1829,1722,94.2,2013,,Under Construction,3683,1207008,17014451,15,False,True
PRJ-01611,Danube Discovery Tower 2,Danube Properties,Discovery Gardens,Residential,1530,1173,76.7,2005,2007.0,Completed,1569,560719,3603205,9,False,True
PRJ-01612,Dubai Residences 7,Omniyat,Dubai Marina,Residential,770,323,42.0,2008,,Off-Plan,3073,1446878,17376756,27,True,True
PRJ-01613,Emaar DIFC Tower 4,Emaar Properties,DIFC,Mixed Use,1883,1654,87.9,2019,,Off-Plan,4233,628897,3667549,34,True,True
PRJ-01614,JVC Residences 4,Sobha Realty,JVC,Residential,1061,818,77.1,2017,2019.0,Completed,3384,515612,12733212,80,False,False
PRJ-01615,Dubai Residences 2,Arada,Dubai Marina,Residential,56,16,30.2,2024,,Under Construction,1466,1337173,8597005,36,True,True
PRJ-01616,Nad Residences 3,Danube Properties,Nad Al Sheba,Mixed Use,593,349,59.0,2016,,Off-Plan,3421,743652,20414639,18,True,False
PRJ-01617,Azizi Jumeirah Tower 9,Azizi Developments,Jumeirah,Commercial,1271,1172,92.3,2007,2010.0,Completed,995,1390547,19833640,40,True,True
PRJ-01618,Arada Al Tower 1,Arada,Al Barsha,Commercial,1157,617,53.4,2012,,Under Construction,1193,689666,7028140,54,True,True
PRJ-01619,Motor Residences 8,MAG Property Development,Motor City,Residential,1563,1168,74.8,2006,,Off-Plan,2261,1153192,19036561,37,True,True
PRJ-01620,Deira Residences 13,Ellington Properties,Deira,Residential,1702,1367,80.4,2020,,Off-Plan,2775,999793,17632916,51,False,True
PRJ-01621,Ellington Al Tower 7,Ellington Properties,Al Quoz,Commercial,558,429,77.0,2010,,Under Construction,2023,1126630,20216093,66,True,True
PRJ-01622,Emaar Dubai Tower 3,Emaar Properties,Dubai Creek Harbour,Residential,1938,1327,68.5,2014,2017.0,Completed,1389,1462850,12499959,59,True,True
PRJ-01623,Motor Residences 15,Seven Tides,Motor City,Residential,1636,1321,80.8,2012,2016.0,Completed,3995,1196813,21564969,6,True,False
PRJ-01624,Nakheel Bur Tower 3,Nakheel,Bur Dubai,Residential,1539,1399,90.9,2005,2008.0,Completed,2127,881291,15788021,65,True,True
PRJ-01625,Downtown Residences 11,Select Group,Downtown Dubai,Mixed Use,1830,1536,83.9,2011,,Under Construction,2257,533630,7577872,58,True,True
PRJ-01626,Danube Dubai Tower 3,Danube Properties,Dubai Marina,Residential,245,171,70.1,2023,2027.0,Completed,2315,450664,3705649,69,False,True
PRJ-01627,JVC Residences 18,Omniyat,JVC,Residential,1691,1461,86.4,2009,,Under Construction,3213,950184,21462630,8,True,True
PRJ-01628,Emaar Residences 15,Azizi Developments,Emaar Beachfront,Residential,1858,1037,55.8,2012,,Under Construction,902,1446604,23742712,13,False,True
PRJ-01629,Jumeirah Residences 9,Omniyat,Jumeirah,Residential,71,50,71.0,2012,2017.0,Completed,2581,1058429,11935739,54,True,True
PRJ-01630,Jumeirah Residences 9,Meraas,Jumeirah,Residential,1198,647,54.0,2017,,Off-Plan,3644,1361141,13518937,52,False,True
PRJ-01631,Ellington Bur Tower 8,Ellington Properties,Bur Dubai,Mixed Use,1382,489,35.4,2008,,Under Construction,2386,1424088,23569926,54,True,False
PRJ-01632,MAG Palm Tower 7,MAG Property Development,Palm Jumeirah,Residential,1818,1302,71.6,2017,,Off-Plan,2675,534279,24524833,10,False,False
PRJ-01633,DAMAC DIFC Tower 4,DAMAC Properties,DIFC,Commercial,196,117,60.1,2005,,Under Construction,1701,874896,23789256,65,True,True
PRJ-01634,Dubai Al Tower 3,Dubai Properties,Al Karama,Residential,574,338,59.0,2015,,Off-Plan,2405,1247051,18789621,66,True,True
PRJ-01635,Deira Residences 20,Dubai Properties,Deira,Residential,112,28,25.5,2006,,Under Construction,2956,1295940,19008971,56,True,True
PRJ-01636,Binghatti Palm Tower 6,Binghatti,Palm Jumeirah,Commercial,432,210,48.8,2010,,Under Construction,2778,1026613,19407342,68,True,True
PRJ-01637,Nakheel Umm Tower 4,Nakheel,Umm Suqeim,Residential,1545,621,40.2,2021,,Off-Plan,3834,1448812,14752218,36,False,True
PRJ-01638,Mirdif Residences 18,Tiger Properties,Mirdif,Mixed Use,1261,634,50.3,2018,,Under Construction,1355,1137448,11601718,15,True,True
PRJ-01639,Nakheel Arabian Tower 1,Nakheel,Arabian Ranches,Commercial,1510,684,45.3,2022,,Off-Plan,963,727762,13242304,10,True,False
PRJ-01640,Nakheel Arabian Tower 3,Nakheel,Arabian Ranches,Hospitality,748,501,67.1,2005,,Off-Plan,950,494213,14966554,62,False,True
PRJ-01641,International Residences 20,Binghatti,International City,Hospitality,489,415,85.0,2023,2027.0,Completed,4440,343984,11389885,66,True,True
PRJ-01642,Sobha Emaar Tower 6,Sobha Realty,Emaar Beachfront,Residential,452,117,26.0,2008,,Off-Plan,2469,938580,19270974,11,True,True
PRJ-01643,Reportage Dubai Tower 1,Reportage,Dubai Marina,Commercial,282,214,76.0,2022,2024.0,Completed,1311,993597,23393933,42,True,True
PRJ-01644,Deyaar Discovery Tower 1,Deyaar Development,Discovery Gardens,Commercial,645,441,68.4,2009,2011.0,Completed,3942,367858,10595765,74,True,True
PRJ-01645,Ellington Discovery Tower 1,Ellington Properties,Discovery Gardens,Residential,1170,892,76.3,2024,,Under Construction,1168,333319,11503915,46,True,True
PRJ-01646,Dubai Residences 5,Binghatti,Dubai Creek Harbour,Mixed Use,1791,1543,86.2,2008,2011.0,Completed,2152,1158208,22396329,33,False,True
PRJ-01647,DAMAC International Tower 9,DAMAC Properties,International City,Residential,1113,985,88.6,2024,2028.0,Completed,2860,455073,20235868,45,False,True
PRJ-01648,Palm Residences 16,MAG Property Development,Palm Jumeirah,Mixed Use,1080,705,65.3,2014,,Under Construction,2379,832210,21523736,43,True,True
PRJ-01649,Al Residences 15,Select Group,Al Satwa,Mixed Use,1439,1124,78.1,2012,,Off-Plan,2265,975231,8754162,41,True,True
PRJ-01650,Nad Residences 13,Arada,Nad Al Sheba,Commercial,723,260,36.0,2016,,Off-Plan,3141,416626,24210485,59,True,True
PRJ-01651,International Residences 13,Deyaar Development,International City,Residential,1921,1551,80.7,2018,,Under Construction,3623,1185114,21034860,19,True,True
PRJ-01652,Discovery Residences 20,Ellington Properties,Discovery Gardens,Commercial,1213,861,71.0,2018,,Off-Plan,1021,760195,18864696,50,True,True
PRJ-01653,Tiger Arabian Tower 2,Tiger Properties,Arabian Ranches,Hospitality,1607,1387,86.3,2017,2020.0,Completed,3701,1186375,19716008,79,True,False
PRJ-01654,Ellington Downtown Tower 1,Ellington Properties,Downtown Dubai,Residential,192,55,28.9,2020,,Under Construction,3459,783613,2766841,15,True,True
PRJ-01655,Al Residences 9,Ellington Properties,Al Satwa,Commercial,84,52,62.6,2023,2026.0,Completed,4312,1455784,6302730,25,False,True
PRJ-01656,Nakheel Business Tower 6,Nakheel,Business Bay,Residential,948,588,62.0,2012,2014.0,Completed,1793,1362614,22638907,6,True,True
PRJ-01657,Al Residences 4,Omniyat,Al Quoz,Residential,692,175,25.4,2019,,Off-Plan,829,1359791,22545210,64,False,True
PRJ-01658,Dubai Residences 15,Sobha Realty,Dubai Creek Harbour,Mixed Use,1233,462,37.5,2007,,Stalled,4106,1012415,22231933,8,True,True
PRJ-01659,Al Residences 8,Aldar,Al Wasl,Residential,944,736,78.0,2019,2021.0,Completed,775,835143,17771674,64,False,True
PRJ-01660,Arada Umm Tower 9,Arada,Umm Suqeim,Mixed Use,1413,1087,77.0,2008,2012.0,Completed,4010,1389759,9718534,41,False,True
PRJ-01661,Reportage Umm Tower 6,Reportage,Umm Suqeim,Residential,88,75,85.8,2007,,Stalled,1087,1231381,5835811,22,True,True
PRJ-01662,Emaar Al Tower 2,Emaar Properties,Al Safa,Commercial,1977,1220,61.7,2019,,Off-Plan,3413,885152,21861181,72,True,True
PRJ-01663,Dubai Residences 12,Reportage,Dubai Hills Estate,Residential,1081,307,28.4,2021,,Under Construction,2445,1021647,6885561,63,False,False
PRJ-01664,Emaar Al Tower 6,Emaar Properties,Al Karama,Residential,922,440,47.8,2022,,Stalled,4432,1282970,2818961,33,True,True
PRJ-01665,Deyaar International Tower 3,Deyaar Development,International City,Residential,1660,1458,87.8,2023,2028.0,Completed,1064,1291337,4099385,12,False,True
PRJ-01666,MAG Dubai Tower 4,MAG Property Development,Dubai Hills Estate,Commercial,1097,890,81.2,2015,2017.0,Completed,3073,334371,7591108,39,True,True
PRJ-01667,Dubai Residences 17,DAMAC Properties,Dubai Marina,Residential,1654,1000,60.5,2008,,Under Construction,1756,1011542,10762635,59,True,True
PRJ-01668,Meraas Dubai Tower 6,Meraas,Dubai Hills Estate,Residential,298,199,67.1,2022,2025.0,Completed,3473,406288,9935768,20,True,True
PRJ-01669,Deyaar Al Tower 7,Deyaar Development,Al Barsha,Mixed Use,1149,1015,88.4,2014,2019.0,Completed,2304,1140005,9857017,39,False,False
PRJ-01670,Al Residences 9,Omniyat,Al Satwa,Residential,435,371,85.4,2006,2008.0,Completed,1443,334002,6466169,65,True,True
PRJ-01671,Binghatti Discovery Tower 2,Binghatti,Discovery Gardens,Residential,1134,1059,93.4,2013,,Off-Plan,4406,961007,17313645,58,True,True
PRJ-01672,Azizi JVC Tower 7,Azizi Developments,JVC,Residential,648,330,50.9,2005,,Off-Plan,2364,639972,12488611,39,False,True
PRJ-01673,Tiger Deira Tower 2,Tiger Properties,Deira,Commercial,1181,1167,98.8,2009,2014.0,Completed,2557,1220461,15395720,79,False,True
PRJ-01674,Mirdif Residences 13,Select Group,Mirdif,Commercial,1137,248,21.9,2012,,Under Construction,2363,1193906,15570252,76,True,True
PRJ-01675,Al Residences 3,MAG Property Development,Al Satwa,Mixed Use,1766,942,53.3,2019,,Off-Plan,3336,459478,8456951,71,True,True
PRJ-01676,Al Residences 15,Emaar Properties,Al Quoz,Commercial,920,683,74.3,2023,2028.0,Completed,4417,1297846,24931526,16,True,False
PRJ-01677,Deyaar International Tower 6,Deyaar Development,International City,Residential,57,35,62.4,2006,2011.0,Completed,868,576057,22921785,54,False,True
PRJ-01678,JLT Residences 4,Ellington Properties,JLT,Residential,498,477,95.8,2022,2024.0,Completed,898,1131666,16241049,20,False,False
PRJ-01679,Omniyat Motor Tower 5,Omniyat,Motor City,Residential,53,31,58.9,2008,,Under Construction,2712,982956,3262481,63,True,True
PRJ-01680,Tiger Sports Tower 5,Tiger Properties,Sports City,Residential,344,311,90.4,2005,,Off-Plan,1874,1400549,22354467,21,True,True
PRJ-01681,Ras Residences 15,Dubai Properties,Ras Al Khor,Residential,515,211,41.0,2022,,Under Construction,3701,1213401,9366824,72,False,True
PRJ-01682,Sobha JVC Tower 3,Sobha Realty,JVC,Residential,1331,914,68.7,2018,,Under Construction,2281,1401669,21179291,24,True,True
PRJ-01683,Seven Ras Tower 8,Seven Tides,Ras Al Khor,Mixed Use,1194,1181,98.9,2008,2013.0,Completed,1189,732225,19672696,10,False,False
PRJ-01684,Al Residences 6,Ellington Properties,Al Barsha,Mixed Use,1767,873,49.4,2022,,Off-Plan,4455,783250,4682346,53,False,False
PRJ-01685,Jumeirah Residences 2,Seven Tides,Jumeirah,Residential,1688,1670,99.0,2018,2023.0,Completed,1081,518808,23393433,59,True,True
PRJ-01686,Dubai International Tower 2,Dubai Properties,International City,Commercial,134,125,93.6,2011,,Stalled,4152,1339138,3774287,32,True,True
PRJ-01687,Sports Residences 13,Ellington Properties,Sports City,Residential,1620,1203,74.3,2020,,Off-Plan,2440,914721,13363047,74,True,False
PRJ-01688,Azizi Umm Tower 8,Azizi Developments,Umm Suqeim,Commercial,1681,519,30.9,2011,,Under Construction,3854,899706,24874685,47,True,True
PRJ-01689,Azizi Arabian Tower 4,Azizi Developments,Arabian Ranches,Residential,996,851,85.5,2022,2027.0,Completed,936,1182113,11453645,11,True,False
PRJ-01690,Al Residences 12,Select Group,Al Satwa,Residential,1815,1626,89.6,2021,,Under Construction,2270,1007722,18855887,45,True,True
PRJ-01691,Arabian Residences 5,Nakheel,Arabian Ranches,Commercial,928,871,93.9,2008,2013.0,Completed,2857,462032,18171306,41,True,True
PRJ-01692,JLT Residences 6,Danube Properties,JLT,Residential,1830,1704,93.2,2014,,Off-Plan,1158,528576,17954352,7,True,True
PRJ-01693,Meraas JVC Tower 9,Meraas,JVC,Hospitality,269,107,40.0,2019,,Under Construction,3114,1154400,18486767,78,True,True
PRJ-01694,Discovery Residences 13,Arada,Discovery Gardens,Residential,602,522,86.9,2023,2025.0,Completed,774,311348,18720089,76,False,True
PRJ-01695,Business Residences 3,Ellington Properties,Business Bay,Commercial,1380,970,70.3,2021,2025.0,Completed,1677,394115,12951814,76,False,True
PRJ-01696,Deira Residences 1,Dubai Properties,Deira,Residential,582,397,68.3,2008,,Under Construction,3296,1394930,21740223,68,True,False
PRJ-01697,DAMAC Discovery Tower 8,DAMAC Properties,Discovery Gardens,Residential,1080,419,38.9,2009,,Stalled,3989,609537,19884209,33,True,True
PRJ-01698,Ellington Al Tower 8,Ellington Properties,Al Karama,Mixed Use,368,292,79.5,2015,,Under Construction,1039,1385461,7952013,49,False,True
PRJ-01699,Al Residences 15,Seven Tides,Al Barsha,Mixed Use,253,232,91.7,2011,,Stalled,1393,959583,8238403,78,False,True
PRJ-01700,Danube International Tower 7,Danube Properties,International City,Mixed Use,548,408,74.5,2023,2025.0,Completed,3908,550294,24740700,7,True,True
PRJ-01701,Meraas Arabian Tower 3,Meraas,Arabian Ranches,Residential,1841,1582,86.0,2016,,Off-Plan,1667,360334,18088658,51,False,True
PRJ-01702,Dubai Residences 2,Ellington Properties,Dubai Creek Harbour,Residential,1638,1454,88.8,2005,2007.0,Completed,2569,1227669,19767007,39,False,True
PRJ-01703,MAG Bur Tower 6,MAG Property Development,Bur Dubai,Residential,1379,592,43.0,2014,,Under Construction,4218,762084,18323955,49,True,True
PRJ-01704,Dubai Residences 16,Select Group,Dubai Marina,Mixed Use,70,62,88.7,2017,2021.0,Completed,3167,1405789,6370111,15,True,True
PRJ-01705,Deyaar DIFC Tower 3,Deyaar Development,DIFC,Residential,704,343,48.8,2010,,Off-Plan,1806,832299,14057168,52,False,True
PRJ-01706,Al Residences 6,Arada,Al Qusais,Residential,460,148,32.3,2020,,Under Construction,4381,309220,6886179,32,False,False
PRJ-01707,Motor Residences 3,Omniyat,Motor City,Residential,1700,1492,87.8,2006,,Under Construction,2974,565319,24312629,70,True,True
PRJ-01708,Aldar JLT Tower 4,Aldar,JLT,Commercial,98,77,78.9,2006,2008.0,Completed,3536,1360390,17870778,15,True,True
PRJ-01709,Dubai Jumeirah Tower 1,Dubai Properties,Jumeirah,Commercial,1910,430,22.5,2017,,Under Construction,2832,550431,2742965,14,True,True
PRJ-01710,JLT Residences 5,Nakheel,JLT,Residential,1392,1122,80.7,2012,2016.0,Completed,2399,1292285,9851785,63,True,True
PRJ-01711,Arada Downtown Tower 3,Arada,Downtown Dubai,Commercial,142,123,87.2,2010,,Off-Plan,4281,1391329,23628796,14,False,True
PRJ-01712,Meraas Al Tower 5,Meraas,Al Wasl,Residential,503,263,52.4,2024,,Off-Plan,2542,1089388,24773666,15,False,True
PRJ-01713,Al Residences 5,Reportage,Al Karama,Residential,1965,1707,86.9,2014,2018.0,Completed,994,1374242,23312467,14,True,False
PRJ-01714,Azizi Al Tower 5,Azizi Developments,Al Safa,Mixed Use,1067,897,84.1,2014,2018.0,Completed,2121,572219,4090508,36,True,True
PRJ-01715,International Residences 19,Sobha Realty,International City,Residential,1282,1194,93.1,2018,,Under Construction,3382,425161,12846772,47,True,False
PRJ-01716,Mirdif Residences 6,Binghatti,Mirdif,Residential,1057,818,77.5,2010,,Off-Plan,3894,300202,19036443,13,False,True
PRJ-01717,JLT Residences 19,Nakheel,JLT,Hospitality,147,61,42.0,2015,,Under Construction,745,1004176,18040340,33,True,True
PRJ-01718,Ellington Arabian Tower 1,Ellington Properties,Arabian Ranches,Residential,1496,953,63.7,2024,2029.0,Completed,2102,860568,13135104,77,False,True
PRJ-01719,Palm Residences 3,Reportage,Palm Jumeirah,Residential,711,630,88.7,2009,2014.0,Completed,3965,1338442,15886747,76,False,True
PRJ-01720,Palm Residences 11,Sobha Realty,Palm Jumeirah,Residential,794,725,91.4,2010,,Under Construction,765,453272,3152738,66,False,True
PRJ-01721,Meraas Al Tower 3,Meraas,Al Qusais,Mixed Use,227,157,69.2,2017,,Under Construction,1641,845784,23744399,21,True,True
PRJ-01722,Dubai Residences 17,DAMAC Properties,Dubai Marina,Mixed Use,1928,1850,96.0,2023,2026.0,Completed,2091,522905,12102276,59,True,True
PRJ-01723,Sobha Al Tower 8,Sobha Realty,Al Satwa,Residential,897,287,32.1,2021,,Off-Plan,2614,684485,8123091,7,True,True
PRJ-01724,Ellington Discovery Tower 8,Ellington Properties,Discovery Gardens,Residential,539,165,30.8,2021,,Under Construction,896,901852,7197025,46,False,True
PRJ-01725,Danube Palm Tower 1,Danube Properties,Palm Jumeirah,Commercial,1009,638,63.3,2012,2014.0,Completed,3088,625675,15832326,75,False,False
PRJ-01726,Ellington Discovery Tower 5,Ellington Properties,Discovery Gardens,Commercial,116,95,82.4,2015,2018.0,Completed,2966,879719,24298952,61,False,True
PRJ-01727,Sports Residences 1,Omniyat,Sports City,Residential,124,117,95.2,2020,2025.0,Completed,3453,789499,5663337,35,False,True
PRJ-01728,Dubai Residences 11,Emaar Properties,Dubai Marina,Residential,1749,1498,85.7,2010,2012.0,Completed,3560,1477004,22481167,13,True,True
PRJ-01729,Ellington Jumeirah Tower 9,Ellington Properties,Jumeirah,Residential,829,665,80.3,2005,,Under Construction,3321,1118233,24957392,77,False,True
PRJ-01730,Dubai Dubai Tower 9,Dubai Properties,Dubai Creek Harbour,Residential,1426,896,62.9,2010,2014.0,Completed,2149,530369,13077417,75,True,True
PRJ-01731,DIFC Residences 10,Omniyat,DIFC,Mixed Use,125,52,41.9,2012,,Off-Plan,3831,465405,12610195,17,True,True
PRJ-01732,Downtown Residences 7,Deyaar Development,Downtown Dubai,Commercial,646,545,84.4,2021,,Off-Plan,4011,1167402,20976792,30,True,False
PRJ-01733,Azizi Emaar Tower 6,Azizi Developments,Emaar Beachfront,Commercial,1324,958,72.4,2019,2021.0,Completed,3813,1000883,6779930,75,True,True
PRJ-01734,Seven Ras Tower 4,Seven Tides,Ras Al Khor,Commercial,706,354,50.2,2022,,Under Construction,2804,881480,14319874,25,True,True
PRJ-01735,Dubai Residences 11,Arada,Dubai Hills Estate,Mixed Use,472,274,58.2,2006,,Under Construction,1951,663765,16470421,9,True,False
PRJ-01736,Aldar Al Tower 5,Aldar,Al Qusais,Residential,528,460,87.2,2020,2024.0,Completed,3536,961016,5447532,65,True,False
PRJ-01737,Discovery Residences 6,Aldar,Discovery Gardens,Mixed Use,642,543,84.6,2023,2025.0,Completed,3249,470719,20188086,32,True,False
PRJ-01738,Ras Residences 4,Meraas,Ras Al Khor,Commercial,759,528,69.6,2007,,Off-Plan,1753,801017,4334904,29,True,True
PRJ-01739,Deira Residences 8,Seven Tides,Deira,Residential,1787,1630,91.2,2005,2009.0,Completed,3508,1120793,10755137,78,True,True
PRJ-01740,Dubai Residences 15,Select Group,Dubai Creek Harbour,Mixed Use,1621,1370,84.5,2006,2011.0,Completed,4320,799069,14991499,64,True,False
PRJ-01741,Mirdif Residences 6,Sobha Realty,Mirdif,Commercial,601,351,58.5,2005,,Under Construction,3479,851894,20485976,10,False,True
PRJ-01742,Arada Dubai Tower 8,Arada,Dubai Creek Harbour,Residential,601,513,85.4,2009,2012.0,Completed,4033,621620,8132259,55,True,True
PRJ-01743,Al Residences 12,Arada,Al Barsha,Mixed Use,775,533,68.8,2010,,Off-Plan,3394,485125,10837057,66,True,False
PRJ-01744,Danube Umm Tower 3,Danube Properties,Umm Suqeim,Residential,1439,1270,88.3,2021,2023.0,Completed,3805,499398,6226997,72,True,True
PRJ-01745,Al Residences 13,Tiger Properties,Al Quoz,Mixed Use,1438,881,61.3,2024,2026.0,Completed,3428,1159329,8409770,56,True,True
PRJ-01746,Al Residences 4,Sobha Realty,Al Quoz,Mixed Use,689,230,33.4,2024,,Off-Plan,1604,416447,13788475,31,False,True
PRJ-01747,Meraas Mirdif Tower 6,Meraas,Mirdif,Residential,924,869,94.1,2012,,Off-Plan,4370,1277298,6780122,44,False,True
PRJ-01748,Ellington Business Tower 3,Ellington Properties,Business Bay,Residential,925,906,98.0,2008,2010.0,Completed,1773,634895,23274757,16,True,True
PRJ-01749,International Residences 14,Binghatti,International City,Residential,513,331,64.6,2009,2011.0,Completed,3998,866021,22888555,59,False,True
PRJ-01750,Dubai Emaar Tower 1,Dubai Properties,Emaar Beachfront,Residential,1627,1267,77.9,2017,2019.0,Completed,2553,1103696,14290266,57,False,True
PRJ-01751,Binghatti Umm Tower 9,Binghatti,Umm Suqeim,Hospitality,1382,1126,81.5,2010,,Off-Plan,2150,977967,24807105,12,False,True
PRJ-01752,JVC Residences 12,Seven Tides,JVC,Residential,462,253,54.8,2012,,Under Construction,1043,465812,24140767,43,True,True
PRJ-01753,Ras Residences 18,Reportage,Ras Al Khor,Residential,719,515,71.7,2016,2019.0,Completed,3398,548823,20595116,37,True,False
PRJ-01754,Jumeirah Residences 7,Seven Tides,Jumeirah,Residential,1368,474,34.7,2006,,Off-Plan,3394,1490488,17457919,71,True,False
PRJ-01755,Aldar International Tower 6,Aldar,International City,Residential,1787,1605,89.8,2010,2012.0,Completed,1295,1340567,2826432,28,True,True
PRJ-01756,Al Residences 16,Arada,Al Satwa,Residential,1456,953,65.5,2018,,Under Construction,1422,1429982,11993911,56,True,True
PRJ-01757,Town Residences 8,Tiger Properties,Town Square,Mixed Use,676,328,48.5,2023,,Under Construction,3882,1489026,11826084,31,True,True
PRJ-01758,Ras Residences 6,Ellington Properties,Ras Al Khor,Commercial,751,639,85.2,2019,2021.0,Completed,3180,1248478,4519379,19,True,True
PRJ-01759,MAG Al Tower 8,MAG Property Development,Al Barsha,Mixed Use,1535,557,36.3,2023,,Under Construction,3924,1420863,5594622,13,False,True
PRJ-01760,Reportage DIFC Tower 4,Reportage,DIFC,Residential,1935,1396,72.2,2021,,Under Construction,4316,921997,9323019,49,True,True
PRJ-01761,Dubai Residences 3,Binghatti,Dubai Hills Estate,Hospitality,1128,859,76.2,2006,2009.0,Completed,2713,1046466,19387019,19,False,False
PRJ-01762,Sports Residences 16,Select Group,Sports City,Mixed Use,973,880,90.5,2007,2010.0,Completed,1022,761764,9772407,32,False,True
PRJ-01763,Danube Sports Tower 9,Danube Properties,Sports City,Mixed Use,97,24,25.1,2019,,Off-Plan,3221,1394536,3519327,59,True,False
PRJ-01764,JLT Residences 4,Deyaar Development,JLT,Residential,505,436,86.4,2020,2024.0,Completed,2116,1255938,22857246,76,False,False
PRJ-01765,Binghatti Business Tower 6,Binghatti,Business Bay,Mixed Use,1478,306,20.7,2015,,Under Construction,2577,1402468,18519542,51,True,False
PRJ-01766,Meraas Mirdif Tower 2,Meraas,Mirdif,Residential,1294,1145,88.5,2018,,Under Construction,940,1092930,13660640,70,True,True
PRJ-01767,Dubai Residences 9,Aldar,Dubai Hills Estate,Mixed Use,700,428,61.2,2009,,Under Construction,1721,554710,3323460,60,True,True
PRJ-01768,Emaar Sports Tower 3,Emaar Properties,Sports City,Residential,1330,969,72.9,2023,2026.0,Completed,4428,1260882,18922828,71,True,True
PRJ-01769,International Residences 10,Meraas,International City,Residential,402,349,87.0,2017,2021.0,Completed,2419,431610,4334890,62,False,False
PRJ-01770,Emaar Al Tower 7,Emaar Properties,Al Safa,Residential,1269,788,62.1,2020,2024.0,Completed,1664,1088351,6720771,40,False,False
PRJ-01771,Mirdif Residences 13,Tiger Properties,Mirdif,Residential,1062,854,80.5,2006,2010.0,Completed,2750,524193,7198477,25,True,True
PRJ-01772,Ellington Mirdif Tower 7,Ellington Properties,Mirdif,Mixed Use,1482,1194,80.6,2017,,Off-Plan,838,1421779,23782325,10,True,True
PRJ-01773,Tiger Dubai Tower 6,Tiger Properties,Dubai Creek Harbour,Residential,1585,1408,88.9,2012,,Off-Plan,2028,485236,13961511,61,True,True
PRJ-01774,Ellington Sports Tower 3,Ellington Properties,Sports City,Residential,118,90,76.5,2017,2020.0,Completed,3872,1191627,18200664,14,True,True
PRJ-01775,Meraas Al Tower 6,Meraas,Al Safa,Hospitality,642,392,61.1,2009,2011.0,Completed,1241,1448826,15253071,61,False,True
PRJ-01776,Al Residences 20,MAG Property Development,Al Qusais,Residential,1504,1224,81.4,2005,2008.0,Completed,2847,1408272,16438368,35,True,True
PRJ-01777,Sports Residences 3,Ellington Properties,Sports City,Hospitality,1001,739,73.9,2006,2010.0,Completed,3925,665787,12954498,43,False,True
PRJ-01778,Nad Residences 9,Deyaar Development,Nad Al Sheba,Mixed Use,1486,1196,80.5,2011,,Under Construction,2013,1084006,8316391,7,True,True
PRJ-01779,Ras Residences 4,Omniyat,Ras Al Khor,Residential,1937,1772,91.5,2015,,Under Construction,965,1093657,13128280,26,True,False
PRJ-01780,Emaar Ras Tower 2,Emaar Properties,Ras Al Khor,Residential,1346,346,25.8,2020,,Under Construction,3953,716970,14343364,10,True,False
PRJ-01781,Nakheel Mirdif Tower 6,Nakheel,Mirdif,Residential,982,740,75.4,2016,,Stalled,2420,1453800,17532248,46,True,True
PRJ-01782,Deira Residences 3,Emaar Properties,Deira,Mixed Use,1285,1233,96.0,2009,2012.0,Completed,3768,1388941,24607659,14,True,False
PRJ-01783,Nad Residences 6,Omniyat,Nad Al Sheba,Residential,703,373,53.1,2024,,Under Construction,3061,727231,20010704,42,True,False
PRJ-01784,JLT Residences 14,Danube Properties,JLT,Residential,1442,790,54.8,2017,,Off-Plan,2874,303692,6972436,58,True,True
PRJ-01785,Meraas International Tower 5,Meraas,International City,Residential,1248,1094,87.7,2010,2012.0,Completed,769,969861,2664612,52,True,True
PRJ-01786,Arada Palm Tower 6,Arada,Palm Jumeirah,Residential,869,714,82.2,2015,2019.0,Completed,4339,1000793,8467543,37,False,True
PRJ-01787,Arada Nad Tower 3,Arada,Nad Al Sheba,Residential,1448,1396,96.5,2009,2011.0,Completed,1010,388673,15190751,12,True,True
PRJ-01788,MAG Discovery Tower 2,MAG Property Development,Discovery Gardens,Residential,701,566,80.8,2016,,Under Construction,2178,1329601,2465241,72,False,True
PRJ-01789,Al Residences 7,Danube Properties,Al Karama,Mixed Use,1279,1257,98.3,2013,2016.0,Completed,1371,1238429,3954943,66,False,True
PRJ-01790,Seven Town Tower 4,Seven Tides,Town Square,Mixed Use,1733,1312,75.7,2012,,Under Construction,4310,789576,4625276,69,True,True
PRJ-01791,Al Residences 8,Select Group,Al Qusais,Mixed Use,991,551,55.6,2013,,Off-Plan,3454,919933,22524811,33,True,True
PRJ-01792,Emaar Discovery Tower 6,Emaar Properties,Discovery Gardens,Residential,1491,626,42.1,2023,,Off-Plan,4218,762153,2459761,24,False,True
PRJ-01793,Emaar Ras Tower 3,Emaar Properties,Ras Al Khor,Commercial,538,465,86.6,2017,2021.0,Completed,2255,836853,21669422,6,True,False
PRJ-01794,Umm Residences 2,MAG Property Development,Umm Suqeim,Hospitality,620,124,20.1,2020,,Stalled,2915,1226810,9329005,17,True,True
PRJ-01795,Danube Dubai Tower 8,Danube Properties,Dubai Creek Harbour,Residential,829,483,58.3,2005,,Under Construction,1420,1357981,11029992,17,True,True
PRJ-01796,JVC Residences 11,DAMAC Properties,JVC,Residential,1133,445,39.3,2013,,Off-Plan,1044,886017,11825055,18,True,False
PRJ-01797,Discovery Residences 20,Sobha Realty,Discovery Gardens,Commercial,1344,963,71.7,2019,,Under Construction,881,1441969,15373642,39,True,False
PRJ-01798,Dubai Dubai Tower 7,Dubai Properties,Dubai Marina,Residential,199,79,39.8,2014,,Under Construction,2997,1017479,19949868,44,True,False
PRJ-01799,Business Residences 15,Omniyat,Business Bay,Mixed Use,1680,1357,80.8,2016,,Off-Plan,2735,992427,3320853,60,True,True
PRJ-01800,Palm Residences 14,Ellington Properties,Palm Jumeirah,Residential,1095,675,61.7,2012,,Stalled,4024,894110,11512221,74,True,False
PRJ-01801,Reportage Al Tower 9,Reportage,Al Wasl,Residential,1813,1803,99.5,2023,2026.0,Completed,2769,563947,15413091,77,True,False
PRJ-01802,Ellington Bur Tower 2,Ellington Properties,Bur Dubai,Residential,1091,944,86.6,2017,,Under Construction,3693,706724,9083616,43,True,True
PRJ-01803,International Residences 1,Dubai Properties,International City,Residential,553,246,44.6,2005,,Under Construction,2335,940011,8340175,16,False,True
PRJ-01804,Emaar DIFC Tower 9,Emaar Properties,DIFC,Residential,1907,1884,98.8,2007,2009.0,Completed,2606,612133,6500439,66,True,True
PRJ-01805,Al Residences 10,Emaar Properties,Al Satwa,Commercial,1636,1423,87.0,2012,2015.0,Completed,3281,954278,6537239,49,True,True
PRJ-01806,Arabian Residences 1,Meraas,Arabian Ranches,Commercial,1083,703,65.0,2019,2024.0,Completed,1100,1110335,2289702,71,False,True
PRJ-01807,Bur Residences 11,DAMAC Properties,Bur Dubai,Commercial,162,153,94.6,2018,,Off-Plan,4272,442517,21623790,79,True,True
PRJ-01808,MAG Al Tower 9,MAG Property Development,Al Safa,Residential,1331,956,71.8,2021,2026.0,Completed,986,330291,15979784,61,True,True
PRJ-01809,Ellington Al Tower 8,Ellington Properties,Al Quoz,Residential,1307,363,27.8,2024,,Off-Plan,2541,1016047,13657142,68,True,True
PRJ-01810,Bur Residences 4,Select Group,Bur Dubai,Commercial,1363,473,34.8,2011,,Off-Plan,2194,545919,23005418,57,True,False
PRJ-01811,Nakheel Business Tower 6,Nakheel,Business Bay,Commercial,1863,1110,59.6,2010,,Under Construction,1628,448350,2129214,18,True,True
PRJ-01812,Binghatti Town Tower 6,Binghatti,Town Square,Mixed Use,1436,597,41.6,2016,,Off-Plan,2700,394703,18968347,43,True,True
PRJ-01813,Business Residences 1,Emaar Properties,Business Bay,Residential,907,706,77.9,2012,2014.0,Completed,4026,686607,19271832,22,True,True
PRJ-01814,Arada Motor Tower 1,Arada,Motor City,Mixed Use,1304,916,70.3,2015,2019.0,Completed,3368,714953,23370407,51,True,False
PRJ-01815,Reportage Downtown Tower 6,Reportage,Downtown Dubai,Commercial,1544,758,49.2,2018,,Under Construction,3704,469975,15351830,51,False,True
PRJ-01816,Sobha Palm Tower 3,Sobha Realty,Palm Jumeirah,Residential,672,485,72.3,2015,2017.0,Completed,1977,730218,20929435,7,False,True
PRJ-01817,Danube Al Tower 8,Danube Properties,Al Satwa,Mixed Use,968,427,44.1,2012,,Under Construction,3669,933728,11913143,45,True,True
PRJ-01818,Meraas Sports Tower 3,Meraas,Sports City,Residential,492,289,58.8,2013,,Stalled,2748,1139274,7749890,74,False,False
PRJ-01819,Ellington Dubai Tower 8,Ellington Properties,Dubai Hills Estate,Mixed Use,259,174,67.3,2005,2008.0,Completed,3089,1468715,19320248,24,True,True
PRJ-01820,Select Palm Tower 8,Select Group,Palm Jumeirah,Residential,1406,1134,80.7,2017,2021.0,Completed,940,514924,7502099,24,True,True
PRJ-01821,Nakheel International Tower 5,Nakheel,International City,Mixed Use,313,257,82.4,2022,2027.0,Completed,3964,1268986,5392935,35,False,False
PRJ-01822,Arada JLT Tower 4,Arada,JLT,Mixed Use,1841,1465,79.6,2023,2027.0,Completed,2226,455188,20049707,26,True,True
PRJ-01823,Aldar Al Tower 4,Aldar,Al Quoz,Mixed Use,1081,845,78.2,2009,2014.0,Completed,3221,1257125,16257573,52,True,True
PRJ-01824,Jumeirah Residences 1,Reportage,Jumeirah,Residential,1799,758,42.2,2006,,Off-Plan,1048,804325,15845805,44,True,True
PRJ-01825,Select Bur Tower 8,Select Group,Bur Dubai,Residential,1693,1280,75.6,2011,2013.0,Completed,1659,1414251,3293394,25,True,True
PRJ-01826,Select Nad Tower 2,Select Group,Nad Al Sheba,Residential,759,348,46.0,2020,,Off-Plan,4122,773020,3198035,8,False,True
PRJ-01827,Mirdif Residences 5,Meraas,Mirdif,Residential,1862,1195,64.2,2018,2023.0,Completed,3196,1061233,14981544,51,False,False
PRJ-01828,Deira Residences 1,Azizi Developments,Deira,Commercial,320,91,28.5,2007,,Off-Plan,2395,424772,21658854,47,False,True
PRJ-01829,Mirdif Residences 1,Sobha Realty,Mirdif,Residential,123,118,96.3,2005,2009.0,Completed,2212,1052006,4319174,48,True,True
PRJ-01830,Omniyat Jumeirah Tower 4,Omniyat,Jumeirah,Residential,555,225,40.7,2006,,Under Construction,3749,1474036,19180434,45,True,False
PRJ-01831,Select JLT Tower 5,Select Group,JLT,Commercial,980,304,31.0,2011,,Under Construction,1094,1474374,8007947,75,False,True
PRJ-01832,Mirdif Residences 20,Binghatti,Mirdif,Mixed Use,110,90,82.2,2020,,Off-Plan,1310,492229,8132914,18,False,True
PRJ-01833,DIFC Residences 10,Dubai Properties,DIFC,Hospitality,352,117,33.4,2018,,Under Construction,2495,1013924,13376624,19,True,True
PRJ-01834,Town Residences 7,Aldar,Town Square,Commercial,1493,1335,89.4,2007,,Off-Plan,3590,1355947,18986845,21,False,True
PRJ-01835,MAG Motor Tower 9,MAG Property Development,Motor City,Residential,437,373,85.5,2005,2009.0,Completed,1293,596256,18023799,77,True,True
PRJ-01836,Business Residences 8,Binghatti,Business Bay,Mixed Use,1311,986,75.2,2011,2014.0,Completed,4240,579652,24161595,34,True,True
PRJ-01837,Downtown Residences 7,Omniyat,Downtown Dubai,Residential,73,52,71.4,2023,,Under Construction,771,447101,5834081,65,True,True
PRJ-01838,Tiger Dubai Tower 9,Tiger Properties,Dubai Marina,Residential,1557,1393,89.5,2021,2025.0,Completed,3645,365541,8977963,12,False,True
PRJ-01839,Al Residences 13,Emaar Properties,Al Quoz,Mixed Use,540,302,55.9,2020,,Under Construction,766,970806,7719216,74,True,False
PRJ-01840,Dubai Arabian Tower 3,Dubai Properties,Arabian Ranches,Residential,301,211,70.2,2012,,Off-Plan,1422,1137712,18933035,56,False,True
PRJ-01841,Dubai Residences 9,Reportage,Dubai Hills Estate,Residential,1271,1034,81.4,2012,2015.0,Completed,1646,1086448,19892377,27,False,True
PRJ-01842,Umm Residences 14,Binghatti,Umm Suqeim,Residential,1166,840,72.0,2012,2015.0,Completed,3957,1011303,6305161,25,True,True
PRJ-01843,DAMAC Downtown Tower 7,DAMAC Properties,Downtown Dubai,Residential,1030,670,65.1,2012,,Under Construction,2313,1041243,16600580,73,True,True
PRJ-01844,Omniyat Umm Tower 8,Omniyat,Umm Suqeim,Residential,164,129,78.9,2020,,Under Construction,1336,1097521,21784897,75,False,True
PRJ-01845,DIFC Residences 7,Deyaar Development,DIFC,Residential,284,66,23.3,2019,,Under Construction,1402,1442347,24340965,68,True,False
PRJ-01846,Nad Residences 9,Select Group,Nad Al Sheba,Hospitality,199,139,69.9,2023,2028.0,Completed,2625,933326,3861258,12,True,False
PRJ-01847,Al Residences 2,Select Group,Al Satwa,Residential,1461,1252,85.7,2017,2022.0,Completed,1734,1382229,6620121,51,False,True
PRJ-01848,Business Residences 12,Binghatti,Business Bay,Mixed Use,1538,1031,67.1,2020,2025.0,Completed,2245,829302,18275938,65,False,True
PRJ-01849,Nad Residences 18,Deyaar Development,Nad Al Sheba,Residential,986,426,43.3,2011,,Stalled,2834,967236,15134530,58,True,True
PRJ-01850,Sports Residences 18,Sobha Realty,Sports City,Residential,1979,984,49.8,2008,,Under Construction,4031,378985,20933900,23,True,True
PRJ-01851,Danube Deira Tower 3,Danube Properties,Deira,Residential,327,256,78.3,2021,2023.0,Completed,754,908891,8162612,76,True,True
PRJ-01852,Sports Residences 15,Azizi Developments,Sports City,Mixed Use,285,136,47.9,2023,,Under Construction,2638,1456162,15102371,67,False,True
PRJ-01853,JVC Residences 7,Binghatti,JVC,Residential,1106,731,66.1,2010,2015.0,Completed,2485,560346,10430764,62,True,True
PRJ-01854,Sports Residences 17,Seven Tides,Sports City,Residential,1955,557,28.5,2021,,Off-Plan,3681,857867,21244182,57,True,True
PRJ-01855,Sports Residences 18,Aldar,Sports City,Hospitality,530,251,47.5,2010,,Off-Plan,4234,828390,11834449,32,True,True
PRJ-01856,Meraas Umm Tower 1,Meraas,Umm Suqeim,Mixed Use,68,54,79.6,2015,,Stalled,3578,1260255,8301260,79,True,True
PRJ-01857,Town Residences 14,Binghatti,Town Square,Residential,752,645,85.8,2006,2009.0,Completed,3220,514734,2822279,43,False,False
PRJ-01858,Palm Residences 8,Select Group,Palm Jumeirah,Residential,679,513,75.6,2021,2025.0,Completed,1747,381119,15526610,32,False,True
PRJ-01859,Deyaar Mirdif Tower 2,Deyaar Development,Mirdif,Mixed Use,899,772,85.9,2010,,Under Construction,2956,396057,6865414,76,True,True
PRJ-01860,Al Residences 11,Omniyat,Al Wasl,Residential,640,210,32.8,2015,,Under Construction,4403,798902,7591837,12,False,True
PRJ-01861,Omniyat Al Tower 9,Omniyat,Al Quoz,Residential,1489,1372,92.2,2009,,Under Construction,916,1330310,23548488,58,True,True
PRJ-01862,Business Residences 8,Seven Tides,Business Bay,Residential,1961,1853,94.5,2018,2020.0,Completed,2818,1194415,15051534,50,True,True
PRJ-01863,Nakheel Al Tower 5,Nakheel,Al Wasl,Residential,1715,1147,66.9,2009,2013.0,Completed,2288,315064,9250647,30,True,True
PRJ-01864,Dubai Residences 14,Seven Tides,Dubai Hills Estate,Hospitality,69,50,72.7,2022,,Off-Plan,2306,333811,4128843,71,True,True
PRJ-01865,Nad Residences 17,Sobha Realty,Nad Al Sheba,Commercial,1358,467,34.4,2023,,Under Construction,1375,764864,6980585,77,False,True
PRJ-01866,Motor Residences 4,Deyaar Development,Motor City,Commercial,539,444,82.4,2013,2017.0,Completed,2285,907430,2040799,35,False,True
PRJ-01867,Deyaar Al Tower 5,Deyaar Development,Al Wasl,Residential,1125,794,70.6,2012,2017.0,Completed,2010,669968,21519792,32,True,True
PRJ-01868,Nakheel DIFC Tower 4,Nakheel,DIFC,Residential,139,28,20.7,2006,,Under Construction,969,1171691,10964410,6,False,True
PRJ-01869,Umm Residences 15,Nakheel,Umm Suqeim,Mixed Use,1949,564,29.0,2009,,Under Construction,1221,378571,19020158,37,True,False
PRJ-01870,Nakheel Discovery Tower 8,Nakheel,Discovery Gardens,Commercial,537,439,81.9,2012,2016.0,Completed,4235,1310919,12329326,26,True,True
PRJ-01871,Al Residences 6,Omniyat,Al Quoz,Commercial,233,202,86.7,2011,,Under Construction,3102,972168,23383854,63,True,True
PRJ-01872,Omniyat Ras Tower 3,Omniyat,Ras Al Khor,Mixed Use,1677,1588,94.7,2021,,Under Construction,3519,1368846,9736495,63,True,False
PRJ-01873,Sports Residences 11,Arada,Sports City,Commercial,958,557,58.2,2018,,Off-Plan,3504,794357,10167648,27,True,False
PRJ-01874,Deira Residences 3,Dubai Properties,Deira,Residential,1180,769,65.2,2021,,Off-Plan,1398,1165386,18034631,33,True,True
PRJ-01875,Tiger Al Tower 8,Tiger Properties,Al Satwa,Residential,1751,1596,91.2,2014,2016.0,Completed,3589,963216,24018036,51,False,True
PRJ-01876,Al Residences 8,Seven Tides,Al Wasl,Residential,314,249,79.3,2020,2022.0,Completed,4457,894603,5789356,33,True,False
PRJ-01877,Al Residences 5,Seven Tides,Al Barsha,Residential,1424,445,31.3,2024,,Under Construction,2700,1304251,12667451,22,True,True
PRJ-01878,Danube Discovery Tower 1,Danube Properties,Discovery Gardens,Residential,1831,970,53.0,2013,,Off-Plan,3197,859831,15972460,11,True,True
PRJ-01879,DAMAC Business Tower 7,DAMAC Properties,Business Bay,Commercial,1055,876,83.1,2015,,Off-Plan,2534,1309165,17107710,75,True,True
PRJ-01880,JLT Residences 6,Reportage,JLT,Residential,912,652,71.5,2012,,Under Construction,2981,963288,12771879,20,True,True
PRJ-01881,Arada Business Tower 5,Arada,Business Bay,Mixed Use,101,85,84.9,2011,2013.0,Completed,3461,929218,14303887,73,True,True
PRJ-01882,Nakheel Al Tower 7,Nakheel,Al Karama,Residential,1970,1508,76.6,2013,2015.0,Completed,1010,1479348,18888636,70,False,False
PRJ-01883,Seven Al Tower 7,Seven Tides,Al Karama,Residential,282,77,27.5,2023,,Under Construction,2582,1188972,3728945,78,True,True
PRJ-01884,Ras Residences 17,Dubai Properties,Ras Al Khor,Residential,287,194,67.8,2010,2013.0,Completed,2014,967405,5546449,70,True,True
PRJ-01885,JVC Residences 17,Ellington Properties,JVC,Residential,530,181,34.3,2011,,Under Construction,4056,522021,23996812,10,True,False
PRJ-01886,Al Residences 2,Ellington Properties,Al Qusais,Residential,666,146,21.9,2018,,Under Construction,2569,982264,8963495,7,True,True
PRJ-01887,Omniyat Downtown Tower 5,Omniyat,Downtown Dubai,Commercial,780,673,86.3,2023,,Under Construction,781,1038633,2864236,20,False,True
PRJ-01888,Al Residences 13,Select Group,Al Quoz,Commercial,540,538,99.7,2022,2024.0,Completed,2110,707996,23909097,16,False,True
PRJ-01889,Select Arabian Tower 4,Select Group,Arabian Ranches,Residential,473,309,65.5,2011,,Under Construction,2637,328459,20875173,60,True,True
PRJ-01890,Binghatti Ras Tower 2,Binghatti,Ras Al Khor,Mixed Use,332,301,90.9,2008,2012.0,Completed,3028,393097,10058144,5,True,True
PRJ-01891,Mirdif Residences 5,DAMAC Properties,Mirdif,Residential,671,463,69.1,2024,2028.0,Completed,1961,1102441,3058957,30,True,True
PRJ-01892,Deyaar Jumeirah Tower 3,Deyaar Development,Jumeirah,Mixed Use,184,79,43.5,2009,,Under Construction,3716,1396384,6375827,27,False,True
PRJ-01893,Deira Residences 15,Reportage,Deira,Residential,1751,1516,86.6,2009,2014.0,Completed,2012,528936,11106183,13,False,True
PRJ-01894,Al Residences 17,Omniyat,Al Barsha,Residential,584,308,52.8,2009,,Off-Plan,2965,1453041,8419388,23,True,True
PRJ-01895,Palm Residences 2,Reportage,Palm Jumeirah,Residential,341,255,74.8,2018,,Under Construction,4130,447717,13932375,63,False,True
PRJ-01896,Arabian Residences 15,Azizi Developments,Arabian Ranches,Residential,649,467,72.0,2014,2017.0,Completed,728,381803,19968996,27,False,False
PRJ-01897,Umm Residences 15,Reportage,Umm Suqeim,Residential,626,459,73.5,2014,,Off-Plan,907,1090244,23772126,40,False,True
PRJ-01898,Meraas DIFC Tower 8,Meraas,DIFC,Residential,315,223,71.0,2010,2012.0,Completed,3200,730103,19708336,64,False,True
PRJ-01899,Emaar Al Tower 4,Emaar Properties,Al Qusais,Commercial,854,570,66.8,2008,2010.0,Completed,2561,680400,18415533,42,True,True
PRJ-01900,Azizi Jumeirah Tower 6,Azizi Developments,Jumeirah,Residential,1458,1247,85.6,2010,2014.0,Completed,3581,1028542,4827457,80,True,True
PRJ-01901,Dubai Residences 11,Deyaar Development,Dubai Creek Harbour,Residential,358,186,52.2,2015,,Under Construction,3527,1360836,15215014,67,True,True
PRJ-01902,Seven Dubai Tower 9,Seven Tides,Dubai Marina,Mixed Use,1256,279,22.2,2006,,Under Construction,2779,1065080,17287997,38,True,True
PRJ-01903,Arada Town Tower 3,Arada,Town Square,Residential,1821,1513,83.1,2007,2011.0,Completed,3685,1261315,21391708,32,True,False
PRJ-01904,Downtown Residences 14,Aldar,Downtown Dubai,Residential,1590,977,61.4,2009,2014.0,Completed,2681,706124,12181606,30,True,True
PRJ-01905,Sports Residences 3,Emaar Properties,Sports City,Residential,1299,1177,90.7,2013,,Off-Plan,941,1017585,5819137,10,True,True
PRJ-01906,Aldar Al Tower 5,Aldar,Al Barsha,Residential,893,824,92.3,2014,2016.0,Completed,2037,1411674,13551654,25,True,False
PRJ-01907,Reportage International Tower 8,Reportage,International City,Hospitality,1706,1305,76.5,2008,,Off-Plan,906,625527,12159976,55,True,True
PRJ-01908,JVC Residences 16,Sobha Realty,JVC,Commercial,1601,679,42.4,2006,,Stalled,2158,1065842,20124870,71,True,True
PRJ-01909,Deyaar Al Tower 8,Deyaar Development,Al Karama,Residential,1134,813,71.8,2023,2027.0,Completed,3440,1142295,22653203,26,False,True
PRJ-01910,Tiger Palm Tower 3,Tiger Properties,Palm Jumeirah,Residential,1626,1445,88.9,2011,2014.0,Completed,2158,768767,14257577,20,True,True
PRJ-01911,Al Residences 19,Aldar,Al Satwa,Commercial,515,452,87.9,2024,2028.0,Completed,3307,922308,5963730,50,True,True
PRJ-01912,Azizi JVC Tower 7,Azizi Developments,JVC,Residential,1738,1183,68.1,2023,2028.0,Completed,2614,811159,14534236,21,True,True
PRJ-01913,Dubai Residences 7,Binghatti,Dubai Hills Estate,Residential,310,258,83.5,2013,2016.0,Completed,2431,1179369,10718689,60,False,True
PRJ-01914,Al Residences 6,MAG Property Development,Al Wasl,Residential,1447,1227,84.9,2008,2011.0,Completed,4167,1498418,15201592,48,True,True
PRJ-01915,Reportage Al Tower 1,Reportage,Al Karama,Residential,1885,1880,99.8,2018,2023.0,Completed,3684,1147569,9323711,16,True,True
PRJ-01916,Umm Residences 5,Reportage,Umm Suqeim,Residential,1612,1332,82.7,2011,2016.0,Completed,3046,837262,14690835,15,True,True
PRJ-01917,Mirdif Residences 15,Select Group,Mirdif,Residential,1564,1381,88.3,2005,2010.0,Completed,1792,898588,7263019,31,True,False
PRJ-01918,Select Al Tower 2,Select Group,Al Quoz,Residential,1649,1115,67.6,2005,2009.0,Completed,978,348691,17996025,54,True,False
PRJ-01919,Meraas Deira Tower 1,Meraas,Deira,Residential,533,485,91.2,2020,,Off-Plan,4243,869956,9263880,42,True,True
PRJ-01920,Deyaar Al Tower 8,Deyaar Development,Al Wasl,Mixed Use,1434,1035,72.2,2019,,Under Construction,819,1149253,17747423,28,True,False
PRJ-01921,Town Residences 10,Meraas,Town Square,Residential,1699,1369,80.6,2005,2007.0,Completed,3197,399528,18432992,43,True,True
PRJ-01922,Azizi Nad Tower 7,Azizi Developments,Nad Al Sheba,Commercial,63,53,84.7,2014,2017.0,Completed,3720,1327862,23975680,63,True,True
PRJ-01923,MAG Arabian Tower 3,MAG Property Development,Arabian Ranches,Mixed Use,1011,622,61.5,2008,2012.0,Completed,2005,788907,13093046,23,True,True
PRJ-01924,Reportage Sports Tower 3,Reportage,Sports City,Commercial,1038,736,70.9,2014,2019.0,Completed,4441,939722,22459483,65,False,True
PRJ-01925,Deira Residences 19,Aldar,Deira,Commercial,906,771,85.2,2015,2018.0,Completed,3240,561037,17367716,76,True,False
PRJ-01926,Meraas Nad Tower 8,Meraas,Nad Al Sheba,Mixed Use,817,209,25.6,2014,,Under Construction,3216,1139188,23119483,79,True,True
PRJ-01927,International Residences 12,Seven Tides,International City,Residential,1536,1258,82.0,2018,2021.0,Completed,3847,1437316,11416231,65,False,True
PRJ-01928,Al Residences 9,Select Group,Al Quoz,Residential,183,65,35.8,2012,,Under Construction,2553,1084266,11332362,64,False,False
PRJ-01929,Al Residences 6,Reportage,Al Quoz,Residential,1041,765,73.6,2018,,Under Construction,1370,423021,12185249,59,True,False
PRJ-01930,Sports Residences 2,Dubai Properties,Sports City,Hospitality,1152,763,66.3,2018,2021.0,Completed,4021,1025417,7304415,30,True,True
PRJ-01931,Discovery Residences 12,Tiger Properties,Discovery Gardens,Mixed Use,1813,511,28.2,2018,,Off-Plan,3042,1216757,15179194,24,True,False
PRJ-01932,Reportage Al Tower 4,Reportage,Al Satwa,Residential,1988,1278,64.3,2021,2023.0,Completed,2991,932847,16891008,77,False,True
PRJ-01933,Meraas Business Tower 2,Meraas,Business Bay,Residential,1232,747,60.7,2013,2018.0,Completed,1262,1216161,5775844,31,False,True
PRJ-01934,Ellington Umm Tower 4,Ellington Properties,Umm Suqeim,Commercial,1053,228,21.7,2019,,Under Construction,4398,629746,2978345,49,True,True
PRJ-01935,Meraas JLT Tower 5,Meraas,JLT,Commercial,1674,1300,77.7,2024,2027.0,Completed,3521,1492981,10111132,77,False,False
PRJ-01936,Meraas Al Tower 5,Meraas,Al Barsha,Residential,119,81,68.6,2021,,Off-Plan,3506,1006088,9033157,17,True,True
PRJ-01937,Al Residences 6,Danube Properties,Al Satwa,Residential,1696,1463,86.3,2008,,Off-Plan,4304,643809,18854588,21,True,True
PRJ-01938,Reportage International Tower 4,Reportage,International City,Residential,1556,1194,76.8,2022,2025.0,Completed,2445,620660,18906114,64,True,False
PRJ-01939,Select JLT Tower 9,Select Group,JLT,Residential,137,110,80.8,2023,,Under Construction,2691,934377,3784014,5,False,True
PRJ-01940,Tiger Motor Tower 6,Tiger Properties,Motor City,Mixed Use,91,55,60.8,2021,2025.0,Completed,4266,1442379,21852117,12,True,True
PRJ-01941,Dubai Residences 11,Emaar Properties,Dubai Marina,Mixed Use,550,135,24.7,2013,,Off-Plan,4211,1196392,19876194,60,False,True
PRJ-01942,Seven Motor Tower 9,Seven Tides,Motor City,Mixed Use,817,529,64.8,2005,2008.0,Completed,1284,656747,24755313,9,False,True
PRJ-01943,Deira Residences 19,DAMAC Properties,Deira,Residential,624,556,89.2,2015,,Off-Plan,950,1298055,9073033,48,True,True
PRJ-01944,Ras Residences 4,Aldar,Ras Al Khor,Residential,912,830,91.0,2011,2014.0,Completed,1247,319021,6755293,17,True,True
PRJ-01945,MAG Al Tower 6,MAG Property Development,Al Satwa,Commercial,1455,1269,87.3,2006,2008.0,Completed,1597,1154506,6623785,25,False,True
PRJ-01946,Dubai Residences 17,Aldar,Dubai Creek Harbour,Residential,1380,1274,92.3,2020,2022.0,Completed,3660,602213,12810946,68,False,True
PRJ-01947,Nad Residences 14,MAG Property Development,Nad Al Sheba,Mixed Use,1926,1031,53.5,2006,,Stalled,1846,975632,9311495,23,True,False
PRJ-01948,International Residences 3,Nakheel,International City,Mixed Use,1463,1200,82.1,2013,2017.0,Completed,2912,932009,20157281,37,True,True
PRJ-01949,Binghatti Bur Tower 4,Binghatti,Bur Dubai,Residential,1343,1200,89.4,2008,2011.0,Completed,809,381432,23566531,74,True,True
PRJ-01950,Tiger JVC Tower 4,Tiger Properties,JVC,Residential,498,363,72.9,2020,,Off-Plan,3887,406288,14052562,77,True,False
PRJ-01951,Reportage Emaar Tower 6,Reportage,Emaar Beachfront,Commercial,814,730,89.7,2005,,Under Construction,2984,1451706,8208041,65,True,True
PRJ-01952,Danube Al Tower 9,Danube Properties,Al Quoz,Residential,1615,385,23.9,2023,,Stalled,1254,699352,4142123,54,True,True
PRJ-01953,Omniyat Palm Tower 6,Omniyat,Palm Jumeirah,Residential,669,621,93.0,2014,,Stalled,1929,873843,3235833,70,False,True
PRJ-01954,Meraas Deira Tower 7,Meraas,Deira,Commercial,1012,906,89.5,2011,,Under Construction,4081,1286315,11542543,55,True,False
PRJ-01955,Al Residences 4,Aldar,Al Safa,Commercial,1297,1186,91.5,2007,2010.0,Completed,2097,1187050,19952224,52,False,True
PRJ-01956,Binghatti Business Tower 5,Binghatti,Business Bay,Residential,414,411,99.3,2010,2015.0,Completed,2278,346368,20525042,40,False,True
PRJ-01957,Sobha Town Tower 7,Sobha Realty,Town Square,Residential,1020,712,69.8,2022,2026.0,Completed,1581,943825,6882117,18,True,True
PRJ-01958,JVC Residences 16,Sobha Realty,JVC,Residential,667,590,88.5,2012,,Off-Plan,4309,1074940,2661442,20,True,True
PRJ-01959,Meraas Deira Tower 5,Meraas,Deira,Residential,998,456,45.7,2005,,Under Construction,2861,1455413,5621648,21,True,True
PRJ-01960,Emaar Residences 3,Binghatti,Emaar Beachfront,Residential,1408,878,62.4,2017,2020.0,Completed,2246,1200716,14464750,5,True,True
PRJ-01961,Ellington Sports Tower 3,Ellington Properties,Sports City,Residential,296,185,62.8,2007,2011.0,Completed,3215,394523,23334570,37,True,True
PRJ-01962,International Residences 18,Azizi Developments,International City,Mixed Use,158,60,38.5,2024,,Off-Plan,2403,1144406,11524853,25,False,True
PRJ-01963,Al Residences 4,Dubai Properties,Al Qusais,Residential,191,132,69.3,2018,2022.0,Completed,3085,673114,18162610,48,False,True
PRJ-01964,Azizi Al Tower 2,Azizi Developments,Al Karama,Mixed Use,348,320,92.2,2017,2019.0,Completed,4292,831594,14068887,50,True,True
PRJ-01965,International Residences 19,Ellington Properties,International City,Residential,1554,1062,68.4,2020,2022.0,Completed,2939,1409967,22074823,47,True,True
PRJ-01966,Dubai Residences 18,Omniyat,Dubai Creek Harbour,Mixed Use,271,75,28.0,2024,,Under Construction,2115,593922,13994744,44,False,True
PRJ-01967,Arabian Residences 4,MAG Property Development,Arabian Ranches,Mixed Use,1176,864,73.5,2023,2027.0,Completed,816,1280157,2170961,27,True,False
PRJ-01968,Emaar Dubai Tower 9,Emaar Properties,Dubai Hills Estate,Residential,1766,1629,92.3,2022,2027.0,Completed,938,1077578,12931787,56,True,False
PRJ-01969,Select Dubai Tower 9,Select Group,Dubai Creek Harbour,Residential,966,802,83.1,2009,2014.0,Completed,1516,1383761,22901232,46,True,True
PRJ-01970,MAG Motor Tower 9,MAG Property Development,Motor City,Mixed Use,654,410,62.8,2008,2011.0,Completed,4459,764675,14028788,25,False,False
PRJ-01971,Sobha Business Tower 3,Sobha Realty,Business Bay,Residential,691,330,47.8,2006,,Under Construction,3275,1266955,11890997,41,False,True
PRJ-01972,DIFC Residences 8,Binghatti,DIFC,Mixed Use,1573,746,47.4,2012,,Under Construction,2543,1064498,7233228,9,False,True
PRJ-01973,Meraas Business Tower 9,Meraas,Business Bay,Mixed Use,1753,1617,92.3,2019,2021.0,Completed,4383,1011915,15668369,33,False,True
PRJ-01974,Jumeirah Residences 5,Arada,Jumeirah,Residential,1706,1029,60.3,2007,2010.0,Completed,2700,1297264,13291048,48,True,True
PRJ-01975,Emaar International Tower 5,Emaar Properties,International City,Residential,556,507,91.2,2015,2017.0,Completed,2233,949092,12793709,57,True,True
PRJ-01976,Dubai Residences 18,Ellington Properties,Dubai Creek Harbour,Residential,404,314,77.9,2005,,Under Construction,2113,594512,17553901,32,True,True
PRJ-01977,Al Residences 2,MAG Property Development,Al Qusais,Mixed Use,428,384,89.7,2011,2015.0,Completed,2788,904020,13113668,35,True,True
PRJ-01978,MAG Jumeirah Tower 7,MAG Property Development,Jumeirah,Residential,918,304,33.2,2011,,Under Construction,2138,467603,7159410,22,True,True
PRJ-01979,Discovery Residences 14,Reportage,Discovery Gardens,Mixed Use,1996,643,32.2,2012,,Off-Plan,2552,656180,12398757,29,False,True
PRJ-01980,Emaar Residences 13,Azizi Developments,Emaar Beachfront,Commercial,1496,1038,69.4,2010,,Under Construction,1145,437025,18145224,19,True,True
PRJ-01981,Al Residences 7,Sobha Realty,Al Wasl,Residential,1817,1503,82.7,2009,,Off-Plan,4279,799132,21364707,70,True,True
PRJ-01982,Al Residences 18,Danube Properties,Al Qusais,Residential,1191,1090,91.5,2023,,Under Construction,874,616230,19895947,48,False,True
PRJ-01983,Azizi DIFC Tower 6,Azizi Developments,DIFC,Residential,1522,425,28.0,2018,,Under Construction,2039,551709,10616271,29,True,True
PRJ-01984,Sports Residences 10,Dubai Properties,Sports City,Residential,1953,1014,51.9,2014,,Under Construction,3395,767140,7383969,55,True,True
PRJ-01985,Azizi Dubai Tower 1,Azizi Developments,Dubai Hills Estate,Mixed Use,1958,400,20.4,2007,,Under Construction,4418,1334592,16664792,21,True,True
PRJ-01986,Al Residences 6,Omniyat,Al Wasl,Residential,61,35,57.7,2020,,Under Construction,2946,949085,19264882,59,False,True
PRJ-01987,Dubai Residences 10,Arada,Dubai Marina,Mixed Use,120,111,92.6,2020,2024.0,Completed,2131,382727,11457376,6,False,True
PRJ-01988,Umm Residences 16,Binghatti,Umm Suqeim,Hospitality,557,436,78.4,2021,2026.0,Completed,2673,1048042,9613102,34,True,True
PRJ-01989,DAMAC Al Tower 3,DAMAC Properties,Al Quoz,Residential,292,177,60.9,2017,,Off-Plan,2730,456801,5153690,57,True,True
PRJ-01990,Select Al Tower 8,Select Group,Al Wasl,Mixed Use,284,94,33.3,2016,,Under Construction,3300,1470508,12427649,30,True,True
PRJ-01991,Sobha Al Tower 4,Sobha Realty,Al Satwa,Mixed Use,766,400,52.3,2012,,Off-Plan,1744,1451345,22267450,39,True,True
PRJ-01992,DIFC Residences 3,Nakheel,DIFC,Residential,798,385,48.3,2022,,Under Construction,2658,583311,8301803,18,True,True
PRJ-01993,Al Residences 12,Binghatti,Al Barsha,Residential,1636,960,58.7,2018,,Under Construction,3864,1458523,21631970,21,True,True
PRJ-01994,Reportage Downtown Tower 5,Reportage,Downtown Dubai,Residential,1689,1083,64.2,2010,2012.0,Completed,3895,1360288,23103726,71,True,True
PRJ-01995,Arabian Residences 2,Meraas,Arabian Ranches,Residential,1585,1381,87.2,2013,2015.0,Completed,2905,1410328,7476841,63,False,False
PRJ-01996,Deyaar Ras Tower 6,Deyaar Development,Ras Al Khor,Commercial,706,636,90.2,2014,2016.0,Completed,2110,798516,20877437,7,True,True
PRJ-01997,DIFC Residences 17,Dubai Properties,DIFC,Residential,500,426,85.3,2021,2026.0,Completed,1825,1421622,5633253,30,True,True
PRJ-01998,Ras Residences 3,DAMAC Properties,Ras Al Khor,Commercial,1930,1735,89.9,2014,2018.0,Completed,3381,1336777,19971374,9,True,False
PRJ-01999,Seven Discovery Tower 5,Seven Tides,Discovery Gardens,Hospitality,679,477,70.4,2019,2023.0,Completed,3912,1291934,6978775,51,True,True
PRJ-02000,Select Al Tower 5,Select Group,Al Karama,Residential,583,135,23.2,2020,,Under Construction,2239,1381825,18844438,79,True,True
PRJ-02001,Emaar Residences 5,Reportage,Emaar Beachfront,Residential,540,509,94.3,2006,,Off-Plan,1881,1062406,19291395,14,True,True
PRJ-02002,JVC Residences 13,Azizi Developments,JVC,Residential,411,281,68.6,2012,2017.0,Completed,2563,1290212,18776217,75,False,True
PRJ-02003,Palm Residences 14,Ellington Properties,Palm Jumeirah,Residential,1915,1235,64.5,2020,2023.0,Completed,1339,1263246,23842464,76,True,True
PRJ-02004,Deyaar Dubai Tower 6,Deyaar Development,Dubai Creek Harbour,Mixed Use,555,525,94.8,2024,2028.0,Completed,3061,1499733,19849959,18,False,True
PRJ-02005,Emaar Deira Tower 3,Emaar Properties,Deira,Residential,1905,1591,83.6,2012,,Under Construction,2189,450909,16600284,18,False,False
PRJ-02006,Azizi Bur Tower 8,Azizi Developments,Bur Dubai,Residential,1219,1093,89.7,2017,,Off-Plan,3533,561622,20226885,31,False,True
PRJ-02007,Arada Arabian Tower 9,Arada,Arabian Ranches,Residential,1180,1135,96.2,2015,2019.0,Completed,2608,919857,17690966,11,False,True
PRJ-02008,Al Residences 4,Dubai Properties,Al Barsha,Residential,334,329,98.5,2020,2022.0,Completed,2491,1216236,16593396,43,True,True
PRJ-02009,Al Residences 7,Meraas,Al Barsha,Mixed Use,242,76,31.6,2012,,Under Construction,965,1070495,11505875,44,True,False
PRJ-02010,Ellington Jumeirah Tower 5,Ellington Properties,Jumeirah,Commercial,628,538,85.8,2014,2016.0,Completed,2421,1003001,15360375,76,False,True
PRJ-02011,Ellington JLT Tower 3,Ellington Properties,JLT,Mixed Use,1485,948,63.8,2019,2022.0,Completed,2267,892108,23624235,34,False,True
PRJ-02012,Al Residences 9,Sobha Realty,Al Karama,Residential,910,863,94.9,2009,2011.0,Completed,1740,1162016,15250515,39,True,True
PRJ-02013,Discovery Residences 18,Seven Tides,Discovery Gardens,Mixed Use,1228,1019,83.0,2016,2018.0,Completed,2016,973854,16968552,29,False,False
PRJ-02014,Discovery Residences 17,Aldar,Discovery Gardens,Residential,1894,943,49.8,2007,,Under Construction,2323,1094836,14096638,58,True,True
PRJ-02015,Nakheel Al Tower 2,Nakheel,Al Qusais,Residential,136,110,81.2,2019,,Under Construction,1443,801938,19186556,41,False,True
PRJ-02016,Deyaar Al Tower 6,Deyaar Development,Al Satwa,Residential,1329,506,38.1,2006,,Under Construction,1416,1064188,2306378,35,False,True
PRJ-02017,Motor Residences 3,Seven Tides,Motor City,Commercial,1043,271,26.0,2009,,Off-Plan,1134,448969,11053844,43,False,True
PRJ-02018,Dubai Residences 17,Emaar Properties,Dubai Hills Estate,Residential,704,355,50.4,2019,,Under Construction,1672,518600,22893696,40,False,False
PRJ-02019,Al Residences 9,Emaar Properties,Al Safa,Commercial,1433,999,69.8,2008,2013.0,Completed,3496,1380598,8341172,10,True,True
PRJ-02020,Emaar DIFC Tower 8,Emaar Properties,DIFC,Mixed Use,663,454,68.6,2023,2028.0,Completed,2090,959969,9696329,48,True,True
PRJ-02021,Seven Emaar Tower 1,Seven Tides,Emaar Beachfront,Residential,255,177,69.7,2014,2017.0,Completed,3089,1173452,19575317,31,True,True
PRJ-02022,Tiger Al Tower 6,Tiger Properties,Al Qusais,Residential,153,115,75.4,2019,,Under Construction,2141,378692,4026276,29,True,True
PRJ-02023,Aldar Bur Tower 6,Aldar,Bur Dubai,Mixed Use,720,684,95.1,2015,2018.0,Completed,3873,596185,13791580,14,True,True
PRJ-02024,Aldar Palm Tower 8,Aldar,Palm Jumeirah,Residential,665,149,22.5,2016,,Under Construction,1444,580309,9798918,70,True,True
PRJ-02025,Al Residences 12,Danube Properties,Al Barsha,Residential,498,199,40.2,2009,,Under Construction,1142,1048731,2947792,68,False,True
PRJ-02026,Dubai Residences 10,Tiger Properties,Dubai Creek Harbour,Residential,387,273,70.8,2006,2011.0,Completed,4090,1262235,10909074,79,True,True
PRJ-02027,Business Residences 3,Select Group,Business Bay,Residential,513,428,83.6,2007,,Under Construction,4433,733980,18049073,29,False,True
PRJ-02028,Al Residences 9,Tiger Properties,Al Wasl,Commercial,1371,630,46.0,2012,,Under Construction,2048,1195116,14636589,21,True,True
PRJ-02029,Sobha Al Tower 7,Sobha Realty,Al Safa,Mixed Use,256,214,83.8,2017,2021.0,Completed,2097,418497,11545324,38,False,False
PRJ-02030,Dubai Residences 6,Emaar Properties,Dubai Marina,Residential,229,215,94.3,2018,2021.0,Completed,2802,1334803,7418227,79,False,False
PRJ-02031,Dubai Arabian Tower 5,Dubai Properties,Arabian Ranches,Residential,309,288,93.4,2008,2011.0,Completed,3009,701481,17033552,60,False,True
PRJ-02032,Meraas Al Tower 4,Meraas,Al Quoz,Commercial,1910,992,52.0,2014,,Off-Plan,1599,1363493,12236521,31,True,True
PRJ-02033,DIFC Residences 13,Reportage,DIFC,Residential,602,401,66.8,2022,,Off-Plan,3515,1382568,3771421,42,True,True
PRJ-02034,Motor Residences 7,Azizi Developments,Motor City,Residential,402,294,73.2,2021,,Off-Plan,1454,1052564,10663711,26,True,False
PRJ-02035,Azizi Sports Tower 6,Azizi Developments,Sports City,Mixed Use,639,471,73.8,2007,,Off-Plan,2744,484394,22342749,40,True,False
PRJ-02036,Emaar Palm Tower 1,Emaar Properties,Palm Jumeirah,Commercial,1636,1480,90.5,2022,2027.0,Completed,1285,793872,10533493,70,True,False
PRJ-02037,Palm Residences 10,Reportage,Palm Jumeirah,Residential,699,679,97.3,2008,2013.0,Completed,3391,1295058,3011471,52,True,True
PRJ-02038,DAMAC Al Tower 5,DAMAC Properties,Al Barsha,Residential,686,563,82.1,2005,2009.0,Completed,1140,360461,18662681,51,False,True
PRJ-02039,Al Residences 1,Dubai Properties,Al Safa,Residential,1034,948,91.7,2015,,Under Construction,3528,402279,21696101,27,False,True
PRJ-02040,Al Residences 8,Azizi Developments,Al Qusais,Residential,1717,1498,87.3,2008,2010.0,Completed,860,925861,22528582,13,True,True
PRJ-02041,Arada Al Tower 3,Arada,Al Barsha,Residential,1999,1970,98.6,2007,2009.0,Completed,2073,648542,14866393,15,True,True
PRJ-02042,Dubai International Tower 9,Dubai Properties,International City,Mixed Use,847,706,83.5,2023,,Stalled,818,1272478,18923281,21,False,True
PRJ-02043,Ellington Umm Tower 7,Ellington Properties,Umm Suqeim,Commercial,1373,1259,91.7,2017,2020.0,Completed,3297,1345807,20506664,72,True,False
PRJ-02044,Deira Residences 11,Dubai Properties,Deira,Mixed Use,539,128,23.8,2007,,Stalled,4037,764688,8438943,20,True,False
PRJ-02045,Danube Al Tower 7,Danube Properties,Al Quoz,Mixed Use,1756,1371,78.1,2013,,Off-Plan,1400,365629,15670444,59,True,True
PRJ-02046,Azizi Sports Tower 8,Azizi Developments,Sports City,Commercial,722,431,59.7,2005,,Off-Plan,2140,842957,17474495,63,True,False
PRJ-02047,Downtown Residences 3,Reportage,Downtown Dubai,Residential,1642,989,60.3,2006,2008.0,Completed,980,1301340,6452863,33,True,False
PRJ-02048,Bur Residences 15,Omniyat,Bur Dubai,Mixed Use,1528,599,39.2,2016,,Off-Plan,1254,889771,4246046,50,False,True
PRJ-02049,Reportage Deira Tower 6,Reportage,Deira,Mixed Use,1161,1070,92.2,2012,,Off-Plan,3693,820118,10545758,23,True,True
PRJ-02050,Nakheel Deira Tower 4,Nakheel,Deira,Commercial,315,76,24.4,2009,,Under Construction,1150,1043707,7747793,70,True,True
PRJ-02051,Al Residences 11,DAMAC Properties,Al Barsha,Residential,571,374,65.6,2014,,Under Construction,2542,436162,8936888,40,True,True
PRJ-02052,Seven Al Tower 9,Seven Tides,Al Karama,Hospitality,394,219,55.8,2010,,Under Construction,3916,1463148,21756993,54,False,True
PRJ-02053,Nad Residences 8,Reportage,Nad Al Sheba,Mixed Use,1615,1571,97.3,2018,2023.0,Completed,3103,1488306,10510496,25,True,False
PRJ-02054,Al Residences 17,Seven Tides,Al Karama,Commercial,1992,1683,84.5,2023,2026.0,Completed,3335,1462492,19394443,13,True,True
PRJ-02055,Business Residences 14,Omniyat,Business Bay,Mixed Use,302,165,54.8,2007,,Under Construction,3012,1155182,6306424,27,True,True
PRJ-02056,Tiger Al Tower 8,Tiger Properties,Al Safa,Residential,1418,865,61.0,2016,2019.0,Completed,3148,1221440,18421416,34,False,True
PRJ-02057,Palm Residences 4,Nakheel,Palm Jumeirah,Residential,535,342,64.0,2017,,Under Construction,1712,514594,6239546,57,True,False
PRJ-02058,Emaar Nad Tower 3,Emaar Properties,Nad Al Sheba,Residential,1985,1500,75.6,2015,2019.0,Completed,1865,1142780,9320876,80,False,False
PRJ-02059,Emaar Town Tower 5,Emaar Properties,Town Square,Mixed Use,1581,342,21.7,2015,,Under Construction,1262,1260303,7087705,44,False,True
PRJ-02060,Umm Residences 2,Omniyat,Umm Suqeim,Residential,987,730,74.0,2013,,Under Construction,4126,1004046,17548085,59,True,False
PRJ-02061,Dubai Residences 18,Seven Tides,Dubai Creek Harbour,Residential,1344,1179,87.8,2023,2027.0,Completed,2496,1469604,13983981,41,True,True
PRJ-02062,Tiger Al Tower 2,Tiger Properties,Al Wasl,Commercial,1314,1142,87.0,2019,2023.0,Completed,4043,1189321,2391182,21,True,True
PRJ-02063,Deyaar Al Tower 1,Deyaar Development,Al Qusais,Commercial,597,384,64.4,2016,2019.0,Completed,1350,410054,13296156,15,True,True
PRJ-02064,Aldar Umm Tower 2,Aldar,Umm Suqeim,Hospitality,111,103,93.3,2012,,Off-Plan,2572,778991,12273289,34,True,True
PRJ-02065,Mirdif Residences 3,Danube Properties,Mirdif,Residential,630,302,48.0,2011,,Stalled,2461,593803,3834435,53,True,True
PRJ-02066,Binghatti Sports Tower 7,Binghatti,Sports City,Mixed Use,1138,874,76.8,2016,2019.0,Completed,3963,648854,3102424,24,False,True
PRJ-02067,Danube Mirdif Tower 9,Danube Properties,Mirdif,Residential,199,192,96.6,2017,2021.0,Completed,4009,953148,7363945,72,True,True
PRJ-02068,JLT Residences 1,Reportage,JLT,Mixed Use,145,71,49.5,2020,,Off-Plan,1036,1446422,19047844,21,True,True
PRJ-02069,Nakheel Town Tower 5,Nakheel,Town Square,Commercial,1038,973,93.8,2013,2017.0,Completed,1474,1287897,8719166,38,True,True
PRJ-02070,Al Residences 10,Dubai Properties,Al Safa,Commercial,508,305,60.1,2008,2012.0,Completed,1543,828695,12228984,13,False,True
PRJ-02071,International Residences 3,Emaar Properties,International City,Residential,564,337,59.8,2023,,Under Construction,1086,396209,2901981,7,True,True
PRJ-02072,Town Residences 15,Ellington Properties,Town Square,Commercial,1692,361,21.4,2024,,Under Construction,1026,1242213,5343339,25,True,True
PRJ-02073,MAG Al Tower 6,MAG Property Development,Al Barsha,Commercial,1250,890,71.2,2023,2026.0,Completed,3816,581837,5789620,15,True,True
PRJ-02074,Deyaar International Tower 8,Deyaar Development,International City,Residential,1519,1428,94.1,2015,2018.0,Completed,2925,746121,20180841,46,False,True
PRJ-02075,Deyaar Town Tower 2,Deyaar Development,Town Square,Residential,1662,1637,98.5,2012,2015.0,Completed,2139,501798,15694362,24,False,True
PRJ-02076,Omniyat Sports Tower 8,Omniyat,Sports City,Mixed Use,530,331,62.6,2022,,Under Construction,3353,529071,16418704,43,True,False
PRJ-02077,Omniyat Al Tower 2,Omniyat,Al Satwa,Residential,249,175,70.6,2020,2022.0,Completed,821,975768,20131203,50,False,False
PRJ-02078,Al Residences 6,Tiger Properties,Al Safa,Residential,202,107,53.3,2005,,Off-Plan,3831,1230640,19413422,50,False,True
PRJ-02079,Motor Residences 16,Nakheel,Motor City,Mixed Use,1076,1011,94.0,2017,2021.0,Completed,4342,982412,12973316,68,False,True
PRJ-02080,Bur Residences 13,Emaar Properties,Bur Dubai,Mixed Use,1070,820,76.7,2020,2023.0,Completed,1781,1401082,18145573,61,True,False
PRJ-02081,Ellington Sports Tower 3,Ellington Properties,Sports City,Commercial,1147,347,30.3,2016,,Off-Plan,1508,1226882,19026732,76,False,True
PRJ-02082,Sobha Jumeirah Tower 3,Sobha Realty,Jumeirah,Residential,991,980,98.9,2019,2024.0,Completed,3287,965695,19069256,77,True,False
PRJ-02083,International Residences 4,Arada,International City,Residential,559,354,63.5,2005,2009.0,Completed,3256,334316,3522261,68,True,True
PRJ-02084,DAMAC Al Tower 5,DAMAC Properties,Al Karama,Residential,1599,1553,97.2,2014,2019.0,Completed,3287,682929,17494932,57,True,False
PRJ-02085,Omniyat Town Tower 1,Omniyat,Town Square,Residential,1600,882,55.1,2014,,Under Construction,3913,1152833,6939675,59,True,True
PRJ-02086,Azizi Discovery Tower 8,Azizi Developments,Discovery Gardens,Residential,821,533,64.9,2013,2015.0,Completed,2832,1467405,2779672,41,False,True
PRJ-02087,Azizi Palm Tower 8,Azizi Developments,Palm Jumeirah,Residential,1694,1440,85.0,2014,2017.0,Completed,2784,1427486,20048685,23,False,True
PRJ-02088,Meraas Al Tower 6,Meraas,Al Safa,Commercial,1338,277,20.7,2018,,Off-Plan,977,1001437,7300024,74,True,True
PRJ-02089,Discovery Residences 2,DAMAC Properties,Discovery Gardens,Residential,217,137,63.5,2015,2017.0,Completed,1970,786579,14528512,24,True,False
PRJ-02090,Sobha Dubai Tower 4,Sobha Realty,Dubai Hills Estate,Residential,418,280,67.2,2019,2022.0,Completed,3840,1251676,9015619,49,True,True
PRJ-02091,Dubai Residences 20,Danube Properties,Dubai Hills Estate,Residential,962,752,78.3,2019,2024.0,Completed,2020,1485924,24353252,52,True,False
PRJ-02092,Bur Residences 4,Tiger Properties,Bur Dubai,Residential,1844,628,34.1,2006,,Off-Plan,1367,359768,16802240,59,True,True
PRJ-02093,Select Al Tower 7,Select Group,Al Karama,Hospitality,1138,577,50.7,2023,,Under Construction,2348,832682,21962799,8,True,False
PRJ-02094,Danube International Tower 1,Danube Properties,International City,Commercial,1143,744,65.1,2021,,Off-Plan,3031,779543,8162727,7,True,False
PRJ-02095,International Residences 6,Emaar Properties,International City,Residential,1770,798,45.1,2008,,Under Construction,2270,417560,20111539,7,False,True
PRJ-02096,Al Residences 2,Azizi Developments,Al Satwa,Residential,1587,700,44.1,2020,,Under Construction,1835,832625,2579162,45,True,True
PRJ-02097,JVC Residences 15,Dubai Properties,JVC,Residential,1743,1631,93.6,2016,2021.0,Completed,4293,1051495,24183703,49,True,True
PRJ-02098,Al Residences 10,Meraas,Al Satwa,Mixed Use,1445,711,49.3,2006,,Under Construction,1964,1231904,18330782,22,True,True
PRJ-02099,Nad Residences 9,Binghatti,Nad Al Sheba,Residential,427,368,86.3,2007,,Under Construction,3596,530278,5291846,71,True,True
PRJ-02100,Danube Al Tower 3,Danube Properties,Al Barsha,Residential,1641,1598,97.4,2023,2026.0,Completed,2712,695343,22548859,52,True,True
PRJ-02101,Ras Residences 16,Tiger Properties,Ras Al Khor,Residential,1743,1459,83.7,2012,,Off-Plan,719,1073817,5084392,68,False,True
PRJ-02102,JLT Residences 7,Emaar Properties,JLT,Residential,1531,1004,65.6,2017,,Under Construction,3258,741848,14955871,67,True,True
PRJ-02103,Dubai Al Tower 1,Dubai Properties,Al Quoz,Residential,490,167,34.2,2010,,Under Construction,2979,658676,16928335,58,True,True
PRJ-02104,Al Residences 19,Seven Tides,Al Karama,Residential,996,747,75.1,2005,2009.0,Completed,3321,1187273,23032187,7,True,False
PRJ-02105,Motor Residences 1,Binghatti,Motor City,Residential,1873,1740,92.9,2012,2017.0,Completed,2931,1395968,9644522,61,False,True
PRJ-02106,Discovery Residences 3,Reportage,Discovery Gardens,Commercial,1521,711,46.8,2005,,Under Construction,892,1126263,23320230,73,False,True
PRJ-02107,Select Discovery Tower 5,Select Group,Discovery Gardens,Residential,1445,1136,78.7,2019,2021.0,Completed,4377,1179623,24260315,48,True,True
PRJ-02108,Seven Al Tower 8,Seven Tides,Al Barsha,Mixed Use,357,93,26.3,2023,,Off-Plan,2398,1248342,20745388,37,True,True
PRJ-02109,Al Residences 7,Danube Properties,Al Karama,Commercial,232,170,73.3,2015,,Stalled,2374,540031,6483674,66,False,True
PRJ-02110,Discovery Residences 2,Deyaar Development,Discovery Gardens,Residential,1021,896,87.8,2020,,Stalled,911,766414,6560381,42,True,False
PRJ-02111,Dubai Downtown Tower 2,Dubai Properties,Downtown Dubai,Commercial,423,205,48.7,2008,,Under Construction,2356,803179,24522400,50,True,False
PRJ-02112,Omniyat Al Tower 2,Omniyat,Al Barsha,Residential,1392,982,70.6,2005,,Off-Plan,2587,876863,18425109,32,False,True
PRJ-02113,Al Residences 14,Arada,Al Karama,Residential,605,216,35.7,2013,,Under Construction,2112,1367984,19303357,58,True,True
PRJ-02114,Palm Residences 8,Deyaar Development,Palm Jumeirah,Mixed Use,1220,997,81.8,2019,2024.0,Completed,1848,616808,18643787,21,True,True
PRJ-02115,Nakheel Al Tower 4,Nakheel,Al Qusais,Residential,72,31,44.2,2009,,Under Construction,3436,631270,24420050,77,True,True
PRJ-02116,Bur Residences 12,Danube Properties,Bur Dubai,Commercial,1548,1243,80.3,2024,,Under Construction,2572,1303495,4814663,71,True,True
PRJ-02117,Business Residences 12,Deyaar Development,Business Bay,Hospitality,351,279,79.7,2013,2018.0,Completed,2607,1166437,22678369,40,True,False
PRJ-02118,Sobha Town Tower 7,Sobha Realty,Town Square,Residential,1922,735,38.3,2008,,Off-Plan,4060,1427474,7240201,41,True,False
PRJ-02119,Dubai Al Tower 4,Dubai Properties,Al Karama,Commercial,1843,1241,67.3,2018,2020.0,Completed,4144,447301,7709031,34,True,True
PRJ-02120,Emaar Residences 5,Danube Properties,Emaar Beachfront,Mixed Use,1422,704,49.6,2016,,Under Construction,880,1407050,5420095,30,True,True
PRJ-02121,Umm Residences 5,DAMAC Properties,Umm Suqeim,Residential,323,288,89.3,2019,2022.0,Completed,1369,1239122,9355471,6,False,True
PRJ-02122,Sobha Business Tower 6,Sobha Realty,Business Bay,Residential,1062,663,62.4,2024,2029.0,Completed,2600,937238,9534731,80,True,True
PRJ-02123,Binghatti Palm Tower 2,Binghatti,Palm Jumeirah,Residential,942,797,84.6,2012,2014.0,Completed,3992,848382,16635349,23,True,True
PRJ-02124,Sports Residences 14,Emaar Properties,Sports City,Mixed Use,750,686,91.6,2015,,Under Construction,1566,788284,18210676,41,False,True
PRJ-02125,Al Residences 4,Sobha Realty,Al Karama,Residential,1742,1312,75.3,2015,2019.0,Completed,1478,834893,6873944,27,False,True
PRJ-02126,Al Residences 18,MAG Property Development,Al Safa,Residential,318,271,85.3,2020,,Stalled,1179,815810,12735211,13,True,False
PRJ-02127,Select DIFC Tower 9,Select Group,DIFC,Mixed Use,379,266,70.3,2021,2024.0,Completed,3193,505997,5210628,27,True,True
PRJ-02128,Reportage Al Tower 5,Reportage,Al Satwa,Mixed Use,1345,627,46.7,2017,,Off-Plan,1439,364445,13898008,43,True,False
PRJ-02129,Ellington Downtown Tower 3,Ellington Properties,Downtown Dubai,Residential,1930,1121,58.1,2007,,Under Construction,974,918417,20780442,7,True,True
PRJ-02130,Omniyat Business Tower 8,Omniyat,Business Bay,Residential,183,146,80.2,2018,,Under Construction,3914,1042911,20153122,23,False,True
PRJ-02131,Al Residences 18,Emaar Properties,Al Quoz,Residential,1158,921,79.6,2021,2024.0,Completed,3421,1479764,4043550,45,True,True
PRJ-02132,MAG Arabian Tower 7,MAG Property Development,Arabian Ranches,Mixed Use,1826,748,41.0,2024,,Under Construction,862,1018662,4527160,19,True,False
PRJ-02133,Bur Residences 9,Meraas,Bur Dubai,Residential,1023,866,84.7,2021,2024.0,Completed,3800,1153531,2412150,56,True,True
PRJ-02134,Dubai Residences 14,Deyaar Development,Dubai Creek Harbour,Commercial,1368,1147,83.9,2006,2010.0,Completed,3694,1303217,7052732,66,False,True
PRJ-02135,Nad Residences 3,Tiger Properties,Nad Al Sheba,Residential,839,217,26.0,2013,,Stalled,2031,413947,9466522,6,True,True
PRJ-02136,Select Dubai Tower 6,Select Group,Dubai Hills Estate,Commercial,1331,1267,95.3,2014,2018.0,Completed,3078,923201,11045505,5,True,True
PRJ-02137,Dubai Residences 9,Meraas,Dubai Hills Estate,Residential,1039,270,26.1,2013,,Off-Plan,2396,736900,7009385,26,True,True
PRJ-02138,Dubai Al Tower 4,Dubai Properties,Al Safa,Commercial,1011,465,46.0,2012,,Stalled,2962,904627,6707082,72,False,True
PRJ-02139,DAMAC Mirdif Tower 8,DAMAC Properties,Mirdif,Residential,1487,1053,70.9,2014,,Off-Plan,1899,960849,3783708,5,True,True
PRJ-02140,Meraas International Tower 8,Meraas,International City,Commercial,1448,1286,88.8,2023,,Off-Plan,3534,798341,3695402,70,True,True
PRJ-02141,Al Residences 9,DAMAC Properties,Al Karama,Commercial,1892,431,22.8,2005,,Under Construction,2726,656886,23052513,15,True,True
PRJ-02142,Deyaar DIFC Tower 6,Deyaar Development,DIFC,Residential,997,760,76.2,2013,2017.0,Completed,3733,363860,20490383,30,False,True
PRJ-02143,Jumeirah Residences 17,Tiger Properties,Jumeirah,Residential,1966,1638,83.3,2007,2009.0,Completed,1726,720328,13273851,40,False,True
PRJ-02144,Meraas Downtown Tower 5,Meraas,Downtown Dubai,Residential,235,134,57.3,2019,,Off-Plan,4008,468900,22859952,80,True,False
PRJ-02145,Arada Al Tower 8,Arada,Al Safa,Mixed Use,920,262,28.5,2013,,Under Construction,1099,721401,7146260,24,True,True
PRJ-02146,JLT Residences 15,Danube Properties,JLT,Residential,1419,1223,86.2,2017,2020.0,Completed,721,1325722,12925223,76,True,True
PRJ-02147,Deira Residences 13,Arada,Deira,Residential,1676,1430,85.4,2012,2016.0,Completed,2024,927102,7697029,38,False,True
PRJ-02148,Jumeirah Residences 16,Sobha Realty,Jumeirah,Residential,1830,1676,91.6,2011,2016.0,Completed,2805,665095,17699661,80,True,True
PRJ-02149,Arada Downtown Tower 9,Arada,Downtown Dubai,Residential,1906,1182,62.1,2010,,Under Construction,3728,701699,19593681,51,True,True
PRJ-02150,Town Residences 6,Omniyat,Town Square,Residential,442,116,26.3,2022,,Off-Plan,1438,1454005,7279667,6,True,False
PRJ-02151,JLT Residences 9,Dubai Properties,JLT,Residential,67,34,51.2,2016,,Under Construction,1871,1103765,8334032,9,False,False
PRJ-02152,Omniyat Al Tower 1,Omniyat,Al Wasl,Commercial,466,235,50.5,2020,,Off-Plan,1197,674076,12278839,7,True,False
PRJ-02153,Al Residences 19,Seven Tides,Al Quoz,Residential,204,70,34.4,2008,,Off-Plan,2506,976761,12764072,10,True,True
PRJ-02154,Meraas Umm Tower 7,Meraas,Umm Suqeim,Mixed Use,776,285,36.8,2015,,Off-Plan,815,1460499,10489920,66,True,False
PRJ-02155,Arada Dubai Tower 5,Arada,Dubai Hills Estate,Residential,656,481,73.4,2016,,Under Construction,2462,568087,19166868,41,True,False
PRJ-02156,JVC Residences 14,Seven Tides,JVC,Residential,1716,1203,70.1,2008,,Under Construction,1497,1244340,14463485,24,True,True
PRJ-02157,Aldar Bur Tower 1,Aldar,Bur Dubai,Residential,297,257,86.6,2007,2012.0,Completed,1635,501275,15016376,78,False,True
PRJ-02158,Deira Residences 20,Binghatti,Deira,Mixed Use,233,204,87.9,2021,,Under Construction,1298,1128780,2888390,57,True,True
PRJ-02159,Discovery Residences 13,Azizi Developments,Discovery Gardens,Mixed Use,1191,919,77.2,2023,2027.0,Completed,3681,1109724,22361400,11,False,True
PRJ-02160,Dubai International Tower 1,Dubai Properties,International City,Commercial,134,113,84.7,2006,,Under Construction,1383,1228348,14253186,21,True,True
PRJ-02161,Arada Umm Tower 6,Arada,Umm Suqeim,Commercial,181,120,66.6,2016,,Off-Plan,3434,634336,5048066,23,False,False
PRJ-02162,DIFC Residences 12,Nakheel,DIFC,Commercial,1067,1052,98.6,2009,2012.0,Completed,4318,586085,13561855,14,False,True
PRJ-02163,Discovery Residences 7,Binghatti,Discovery Gardens,Mixed Use,1213,647,53.4,2015,,Off-Plan,2664,785028,15524608,76,True,True
PRJ-02164,Dubai Residences 20,Emaar Properties,Dubai Hills Estate,Residential,179,56,31.7,2022,,Under Construction,2024,562809,24957078,75,True,True
PRJ-02165,Discovery Residences 6,Dubai Properties,Discovery Gardens,Mixed Use,358,309,86.4,2009,2012.0,Completed,3671,1038304,3421734,71,True,True
PRJ-02166,Nad Residences 16,Reportage,Nad Al Sheba,Mixed Use,455,377,83.0,2009,2012.0,Completed,869,825964,15187134,74,True,False
PRJ-02167,DIFC Residences 13,Nakheel,DIFC,Residential,1953,1233,63.1,2006,2010.0,Completed,870,959670,6058340,16,True,True
PRJ-02168,Jumeirah Residences 3,Omniyat,Jumeirah,Mixed Use,325,245,75.7,2011,2013.0,Completed,3059,605690,16528459,9,False,True
PRJ-02169,Al Residences 12,Binghatti,Al Safa,Commercial,1595,989,62.0,2023,2026.0,Completed,2015,372369,15519863,8,False,True
PRJ-02170,Binghatti International Tower 7,Binghatti,International City,Hospitality,1484,372,25.1,2009,,Under Construction,1315,1404660,21311613,24,True,False
PRJ-02171,MAG Arabian Tower 7,MAG Property Development,Arabian Ranches,Commercial,1666,428,25.7,2021,,Under Construction,872,638253,9202595,25,True,True
PRJ-02172,Reportage Motor Tower 2,Reportage,Motor City,Mixed Use,1148,413,36.0,2014,,Under Construction,2057,742671,5132510,28,True,True
PRJ-02173,Ellington Palm Tower 5,Ellington Properties,Palm Jumeirah,Residential,104,62,60.5,2008,,Off-Plan,1289,618200,2621351,33,True,True
PRJ-02174,DAMAC Downtown Tower 9,DAMAC Properties,Downtown Dubai,Residential,1614,1337,82.8,2012,2016.0,Completed,1685,1020677,14294179,11,True,True
PRJ-02175,Emaar Residences 7,Nakheel,Emaar Beachfront,Commercial,1464,1151,78.7,2012,,Off-Plan,2311,430265,18334155,66,False,True
PRJ-02176,MAG Al Tower 1,MAG Property Development,Al Safa,Hospitality,379,146,38.6,2014,,Off-Plan,3327,950018,11547440,51,True,True
PRJ-02177,Azizi Dubai Tower 7,Azizi Developments,Dubai Creek Harbour,Mixed Use,405,376,93.0,2008,2013.0,Completed,809,962966,22188878,32,True,True
PRJ-02178,Meraas Al Tower 9,Meraas,Al Barsha,Residential,604,412,68.3,2012,2015.0,Completed,1188,815895,12730609,80,True,True
PRJ-02179,Dubai Residences 15,MAG Property Development,Dubai Hills Estate,Residential,760,485,63.9,2013,2016.0,Completed,1308,1473828,11887256,47,True,True
PRJ-02180,Danube Palm Tower 2,Danube Properties,Palm Jumeirah,Residential,365,281,77.0,2007,2010.0,Completed,2096,650894,8814208,11,True,True
PRJ-02181,Dubai Residences 6,Seven Tides,Dubai Creek Harbour,Residential,1580,1118,70.8,2015,2019.0,Completed,2264,904895,16614129,33,False,True
PRJ-02182,Motor Residences 11,Aldar,Motor City,Residential,340,316,93.0,2012,2015.0,Completed,2753,571907,23743056,19,True,True
PRJ-02183,Omniyat Emaar Tower 7,Omniyat,Emaar Beachfront,Residential,1569,976,62.2,2023,2027.0,Completed,1754,1323087,19054751,6,True,True
PRJ-02184,Arada JVC Tower 6,Arada,JVC,Residential,1634,1141,69.9,2014,,Under Construction,1616,330944,14849011,63,True,True
PRJ-02185,Sobha Al Tower 2,Sobha Realty,Al Barsha,Mixed Use,1096,662,60.4,2017,2022.0,Completed,2835,810850,13107601,42,True,True
PRJ-02186,Seven Nad Tower 1,Seven Tides,Nad Al Sheba,Mixed Use,211,193,91.5,2011,,Off-Plan,2185,958470,16591147,42,True,True
PRJ-02187,Omniyat Ras Tower 5,Omniyat,Ras Al Khor,Residential,810,599,74.0,2011,,Off-Plan,1965,312407,4337691,47,True,True
PRJ-02188,Business Residences 12,DAMAC Properties,Business Bay,Residential,152,91,60.5,2022,2026.0,Completed,1120,310363,14426989,27,True,True
PRJ-02189,Meraas Discovery Tower 6,Meraas,Discovery Gardens,Residential,471,223,47.4,2018,,Under Construction,1783,906537,8571823,29,False,True
PRJ-02190,Arabian Residences 4,Danube Properties,Arabian Ranches,Residential,1023,810,79.2,2016,2020.0,Completed,1226,855693,4540768,23,True,True
PRJ-02191,Mirdif Residences 3,Arada,Mirdif,Residential,336,207,61.8,2024,2028.0,Completed,1402,1406939,14172309,14,False,True
PRJ-02192,Omniyat Al Tower 3,Omniyat,Al Barsha,Residential,1826,1117,61.2,2020,2025.0,Completed,842,572611,21949464,11,True,True
PRJ-02193,Dubai Mirdif Tower 6,Dubai Properties,Mirdif,Residential,366,206,56.3,2020,,Off-Plan,3219,1069553,9307834,5,True,True
PRJ-02194,Nad Residences 15,Meraas,Nad Al Sheba,Commercial,1839,899,48.9,2009,,Off-Plan,2932,938510,21319659,17,True,True
PRJ-02195,Emaar Residences 14,Deyaar Development,Emaar Beachfront,Residential,1561,1554,99.6,2008,2010.0,Completed,3885,739771,6289393,44,False,True
PRJ-02196,Al Residences 17,Sobha Realty,Al Quoz,Residential,1110,852,76.8,2015,2019.0,Completed,2550,770252,15788125,52,False,True
PRJ-02197,Al Residences 6,Emaar Properties,Al Satwa,Mixed Use,1763,1666,94.5,2007,2010.0,Completed,2943,542019,6019792,74,True,False
PRJ-02198,Nakheel DIFC Tower 4,Nakheel,DIFC,Commercial,549,408,74.3,2022,2024.0,Completed,2331,481055,6859888,42,True,True
PRJ-02199,Emaar Residences 13,Danube Properties,Emaar Beachfront,Mixed Use,1338,999,74.7,2014,,Under Construction,1512,1304679,11821851,52,True,True
PRJ-02200,Tiger Al Tower 1,Tiger Properties,Al Quoz,Mixed Use,862,564,65.5,2011,2016.0,Completed,3433,671723,3324816,16,True,True
PRJ-02201,Business Residences 7,Sobha Realty,Business Bay,Residential,1365,707,51.8,2022,,Under Construction,3492,390392,19660209,44,True,True
PRJ-02202,Jumeirah Residences 10,Danube Properties,Jumeirah,Residential,708,440,62.3,2018,2020.0,Completed,1241,304869,24792842,75,True,True
PRJ-02203,Deira Residences 5,Sobha Realty,Deira,Mixed Use,925,758,82.0,2023,2026.0,Completed,3070,1174654,2760683,45,False,True
PRJ-02204,Ras Residences 12,Sobha Realty,Ras Al Khor,Residential,83,72,87.2,2008,,Under Construction,3867,1254564,4476162,52,True,True
PRJ-02205,Select Emaar Tower 1,Select Group,Emaar Beachfront,Residential,1536,971,63.2,2024,2029.0,Completed,3399,1243157,11213322,34,True,True
PRJ-02206,Deira Residences 16,Danube Properties,Deira,Residential,1674,1091,65.2,2017,2021.0,Completed,968,1235847,13232800,40,True,True
PRJ-02207,Ellington Al Tower 4,Ellington Properties,Al Qusais,Commercial,814,273,33.5,2008,,Under Construction,2581,1435991,17699430,61,True,True
PRJ-02208,DIFC Residences 15,Reportage,DIFC,Hospitality,515,328,63.8,2014,,Stalled,1290,1115723,6478445,79,True,True
PRJ-02209,Mirdif Residences 12,Dubai Properties,Mirdif,Residential,666,567,85.3,2019,2022.0,Completed,1991,1382766,24724843,8,True,True
PRJ-02210,Emaar Dubai Tower 3,Emaar Properties,Dubai Creek Harbour,Mixed Use,795,703,88.5,2010,,Under Construction,4026,533032,14472236,56,True,True
PRJ-02211,Aldar JLT Tower 3,Aldar,JLT,Mixed Use,492,398,81.1,2006,2009.0,Completed,4244,1471267,3177862,65,True,True
PRJ-02212,Binghatti Nad Tower 6,Binghatti,Nad Al Sheba,Residential,506,492,97.4,2006,2011.0,Completed,3615,812697,4165117,71,False,True
PRJ-02213,Binghatti Mirdif Tower 7,Binghatti,Mirdif,Mixed Use,1800,874,48.6,2020,,Off-Plan,2516,326082,9389627,26,False,True
PRJ-02214,Select Emaar Tower 9,Select Group,Emaar Beachfront,Mixed Use,311,222,71.4,2009,2011.0,Completed,3876,614281,8670378,25,True,True
PRJ-02215,Seven Arabian Tower 2,Seven Tides,Arabian Ranches,Mixed Use,735,560,76.2,2007,2011.0,Completed,1611,885555,11837829,15,True,True
PRJ-02216,Town Residences 9,Reportage,Town Square,Residential,155,40,26.3,2022,,Under Construction,3120,1399093,10279668,40,False,False
PRJ-02217,Dubai Al Tower 1,Dubai Properties,Al Karama,Mixed Use,646,616,95.4,2021,2026.0,Completed,3936,1364008,5094794,63,True,False
PRJ-02218,Ellington International Tower 6,Ellington Properties,International City,Commercial,1066,873,81.9,2007,,Off-Plan,1919,934875,13589512,20,True,True
PRJ-02219,Reportage Al Tower 1,Reportage,Al Qusais,Residential,367,267,72.9,2021,2024.0,Completed,1210,490090,22021352,6,False,True
PRJ-02220,DAMAC Town Tower 5,DAMAC Properties,Town Square,Residential,513,411,80.2,2024,2026.0,Completed,3411,892992,24273845,48,False,True
PRJ-02221,Deyaar Al Tower 2,Deyaar Development,Al Barsha,Residential,498,172,34.7,2005,,Off-Plan,1631,773060,3240659,29,True,True
PRJ-02222,Ellington Dubai Tower 5,Ellington Properties,Dubai Hills Estate,Residential,732,588,80.4,2024,,Off-Plan,2290,1354574,13525086,76,True,True
PRJ-02223,Reportage Discovery Tower 3,Reportage,Discovery Gardens,Mixed Use,88,81,92.3,2007,,Under Construction,1674,1182484,8019065,48,True,True
PRJ-02224,Ras Residences 5,Tiger Properties,Ras Al Khor,Mixed Use,1926,1221,63.4,2007,2012.0,Completed,2574,489097,21289447,65,True,True
PRJ-02225,Nakheel Town Tower 2,Nakheel,Town Square,Residential,1047,644,61.6,2008,2010.0,Completed,1842,789450,12582652,30,True,True
PRJ-02226,Arabian Residences 20,Nakheel,Arabian Ranches,Hospitality,484,459,94.9,2018,,Off-Plan,4103,1462478,20474416,67,True,True
PRJ-02227,Sobha JLT Tower 8,Sobha Realty,JLT,Residential,1856,1473,79.4,2007,,Under Construction,2798,1121982,24372787,80,False,True
PRJ-02228,MAG Al Tower 6,MAG Property Development,Al Qusais,Residential,1424,965,67.8,2008,2011.0,Completed,4279,320476,5605510,55,True,True
PRJ-02229,Dubai Residences 1,MAG Property Development,Dubai Marina,Residential,398,282,70.9,2018,2023.0,Completed,3538,639680,18910058,73,True,True
PRJ-02230,DAMAC JLT Tower 4,DAMAC Properties,JLT,Residential,779,601,77.3,2006,2009.0,Completed,701,1350620,16723266,49,True,True
PRJ-02231,Nad Residences 16,Reportage,Nad Al Sheba,Residential,1647,650,39.5,2014,,Under Construction,4122,737139,23346246,18,True,False
PRJ-02232,Deira Residences 12,Select Group,Deira,Residential,1792,1788,99.8,2005,2007.0,Completed,1263,1211954,6688169,40,True,True
PRJ-02233,Omniyat Dubai Tower 4,Omniyat,Dubai Hills Estate,Hospitality,568,491,86.4,2010,,Under Construction,1894,990575,17094140,45,True,True
PRJ-02234,Arabian Residences 11,Ellington Properties,Arabian Ranches,Residential,876,825,94.3,2013,2018.0,Completed,3703,880302,15703697,7,True,False
PRJ-02235,Dubai Nad Tower 3,Dubai Properties,Nad Al Sheba,Residential,212,72,34.2,2016,,Under Construction,4450,801520,9637666,79,False,False
PRJ-02236,Deyaar Al Tower 2,Deyaar Development,Al Wasl,Residential,1495,1287,86.1,2019,,Stalled,1593,1366500,9856294,77,False,True
PRJ-02237,Sobha Motor Tower 4,Sobha Realty,Motor City,Residential,1938,1808,93.3,2020,2023.0,Completed,1562,789050,6054576,19,True,True
PRJ-02238,Nakheel Deira Tower 2,Nakheel,Deira,Residential,514,195,38.1,2020,,Off-Plan,2619,476517,12010890,71,False,True
PRJ-02239,Town Residences 4,Ellington Properties,Town Square,Residential,233,86,37.1,2011,,Under Construction,2164,1027728,4895271,62,True,True
PRJ-02240,Al Residences 6,Ellington Properties,Al Barsha,Mixed Use,1753,579,33.1,2022,,Under Construction,1154,671379,6580012,63,True,False
PRJ-02241,Al Residences 3,Select Group,Al Safa,Mixed Use,1554,1425,91.7,2006,2008.0,Completed,1364,1315487,18557619,27,True,True
PRJ-02242,Dubai Residences 10,Reportage,Dubai Marina,Residential,843,421,50.0,2019,,Off-Plan,3148,592363,13670390,18,True,True
PRJ-02243,Nakheel JLT Tower 7,Nakheel,JLT,Residential,203,147,72.6,2024,2026.0,Completed,2594,958249,21686797,10,True,False
PRJ-02244,Reportage Dubai Tower 1,Reportage,Dubai Creek Harbour,Commercial,1281,784,61.2,2015,2018.0,Completed,3815,1113490,4419775,56,False,True
PRJ-02245,Ellington Discovery Tower 1,Ellington Properties,Discovery Gardens,Mixed Use,483,391,81.1,2019,,Under Construction,3971,1008958,21608892,7,True,True
PRJ-02246,Dubai Residences 7,Seven Tides,Dubai Creek Harbour,Residential,1748,1230,70.4,2016,,Off-Plan,2950,1139107,2058961,67,False,True
PRJ-02247,Aldar DIFC Tower 3,Aldar,DIFC,Residential,1220,1111,91.1,2021,,Under Construction,791,1309329,18385221,19,False,True
PRJ-02248,JLT Residences 3,MAG Property Development,JLT,Residential,1467,980,66.8,2006,2009.0,Completed,4417,1385409,16640869,31,True,True
PRJ-02249,Al Residences 18,Binghatti,Al Safa,Residential,1898,467,24.6,2019,,Off-Plan,3167,755846,6895503,36,False,True
PRJ-02250,Nakheel Bur Tower 2,Nakheel,Bur Dubai,Residential,664,221,33.4,2014,,Under Construction,740,851808,17853811,33,True,True
PRJ-02251,Al Residences 11,Omniyat,Al Quoz,Commercial,852,540,63.4,2023,,Under Construction,3036,1371926,5632413,33,True,True
PRJ-02252,Aldar Al Tower 5,Aldar,Al Karama,Commercial,932,584,62.8,2014,,Under Construction,3651,417436,14934993,46,True,True
PRJ-02253,Seven JLT Tower 9,Seven Tides,JLT,Residential,1337,584,43.7,2015,,Under Construction,2161,578277,8505940,28,True,True
PRJ-02254,Deyaar JLT Tower 6,Deyaar Development,JLT,Residential,901,279,31.0,2009,,Off-Plan,4358,1442823,9240616,43,True,True
PRJ-02255,Omniyat Al Tower 9,Omniyat,Al Barsha,Residential,1531,1102,72.0,2021,,Under Construction,3751,1299613,21688332,48,False,True
PRJ-02256,Azizi Al Tower 8,Azizi Developments,Al Safa,Residential,1532,1324,86.5,2016,2020.0,Completed,4472,334416,17601589,54,True,True
PRJ-02257,Emaar Residences 20,Arada,Emaar Beachfront,Residential,404,364,90.1,2007,2012.0,Completed,1776,820447,14217817,14,False,True
PRJ-02258,Tiger Mirdif Tower 6,Tiger Properties,Mirdif,Residential,634,275,43.5,2020,,Off-Plan,1811,1465989,11109753,33,True,True
PRJ-02259,MAG DIFC Tower 9,MAG Property Development,DIFC,Residential,1662,758,45.6,2016,,Under Construction,4253,1446744,14766317,53,True,False
PRJ-02260,Binghatti Al Tower 7,Binghatti,Al Wasl,Residential,1757,1546,88.0,2019,2023.0,Completed,2650,677181,2317812,72,True,False
PRJ-02261,Al Residences 19,Danube Properties,Al Karama,Residential,1202,535,44.6,2014,,Under Construction,4485,1076906,7471478,79,True,True
PRJ-02262,Sobha Deira Tower 2,Sobha Realty,Deira,Hospitality,1281,1008,78.7,2021,2026.0,Completed,2454,1131103,11399978,25,True,False
PRJ-02263,Business Residences 20,Seven Tides,Business Bay,Commercial,538,303,56.5,2023,,Under Construction,3619,573954,17931784,35,True,True
PRJ-02264,Jumeirah Residences 9,Aldar,Jumeirah,Residential,1131,581,51.4,2010,,Off-Plan,846,809169,2148788,46,False,True
PRJ-02265,Al Residences 11,Nakheel,Al Safa,Residential,462,289,62.7,2014,2016.0,Completed,3567,637882,9407533,42,False,False
PRJ-02266,Jumeirah Residences 4,Azizi Developments,Jumeirah,Mixed Use,1796,838,46.7,2019,,Under Construction,4457,559398,13276996,6,False,False
PRJ-02267,Select Al Tower 2,Select Group,Al Satwa,Residential,506,280,55.3,2010,,Under Construction,2420,909050,17385678,57,True,True
PRJ-02268,Emaar Residences 18,Tiger Properties,Emaar Beachfront,Residential,1382,1126,81.5,2016,,Under Construction,1226,1035100,21573341,55,True,True
PRJ-02269,Palm Residences 16,Omniyat,Palm Jumeirah,Mixed Use,1087,565,52.0,2022,,Under Construction,936,875997,10909598,67,False,True
PRJ-02270,Binghatti Al Tower 4,Binghatti,Al Safa,Commercial,1846,1169,63.4,2013,2017.0,Completed,2968,391786,6463579,65,True,True
PRJ-02271,Reportage Palm Tower 4,Reportage,Palm Jumeirah,Mixed Use,596,529,88.8,2007,,Off-Plan,2553,1072921,23557390,59,False,False
PRJ-02272,Sobha Al Tower 9,Sobha Realty,Al Qusais,Hospitality,858,644,75.1,2017,2021.0,Completed,1686,1046040,2921666,23,True,True
PRJ-02273,Danube Motor Tower 1,Danube Properties,Motor City,Residential,1633,871,53.3,2012,,Under Construction,3351,454921,13492876,9,True,True
PRJ-02274,Dubai Al Tower 5,Dubai Properties,Al Quoz,Mixed Use,745,165,22.3,2008,,Off-Plan,2430,1225867,8547401,37,True,True
PRJ-02275,Aldar Ras Tower 1,Aldar,Ras Al Khor,Mixed Use,1230,804,65.4,2006,,Off-Plan,3837,1231880,5631115,25,True,False
PRJ-02276,Dubai Residences 11,Seven Tides,Dubai Hills Estate,Residential,1464,1403,95.8,2009,2013.0,Completed,4279,963368,15396422,34,True,False
PRJ-02277,Bur Residences 16,Arada,Bur Dubai,Residential,339,296,87.5,2013,2018.0,Completed,4478,994313,18284980,27,True,True
PRJ-02278,Arada Al Tower 9,Arada,Al Quoz,Mixed Use,1315,1126,85.7,2024,2027.0,Completed,3358,557911,7617366,8,True,True
PRJ-02279,Downtown Residences 16,Reportage,Downtown Dubai,Residential,1105,425,38.5,2006,,Under Construction,4317,980205,11341086,46,False,True
PRJ-02280,Emaar Arabian Tower 1,Emaar Properties,Arabian Ranches,Residential,262,227,86.9,2010,2014.0,Completed,2734,1453844,10908628,33,True,True
PRJ-02281,Sobha Al Tower 3,Sobha Realty,Al Satwa,Residential,378,303,80.2,2017,,Stalled,1732,1284992,2601844,70,True,True
PRJ-02282,Town Residences 11,Aldar,Town Square,Residential,242,57,23.7,2021,,Off-Plan,2825,958190,13833304,22,True,True
PRJ-02283,Deyaar JLT Tower 1,Deyaar Development,JLT,Residential,1904,1108,58.2,2018,,Under Construction,1183,674207,3075879,76,True,True
PRJ-02284,Emaar JVC Tower 8,Emaar Properties,JVC,Residential,140,134,96.4,2005,2007.0,Completed,4092,1300201,17934918,39,False,False
PRJ-02285,MAG Business Tower 1,MAG Property Development,Business Bay,Residential,986,300,30.4,2017,,Under Construction,2713,933673,7247012,59,True,True
PRJ-02286,Deyaar Al Tower 2,Deyaar Development,Al Satwa,Residential,371,278,75.0,2011,,Under Construction,707,614675,17102667,40,False,True
PRJ-02287,DAMAC Downtown Tower 9,DAMAC Properties,Downtown Dubai,Residential,936,739,79.0,2022,2024.0,Completed,1289,501763,16507824,31,True,True
PRJ-02288,Town Residences 14,Nakheel,Town Square,Residential,1739,1195,68.8,2022,,Under Construction,4387,713280,12620061,12,False,True
PRJ-02289,Reportage Ras Tower 9,Reportage,Ras Al Khor,Residential,1381,763,55.3,2017,,Under Construction,2177,1013749,21031669,53,True,False
PRJ-02290,Al Residences 13,Sobha Realty,Al Karama,Residential,1643,1259,76.7,2020,2022.0,Completed,1445,1173898,16387656,73,False,True
PRJ-02291,Emaar Residences 6,Azizi Developments,Emaar Beachfront,Commercial,1955,1572,80.5,2008,2010.0,Completed,3842,696563,11278079,32,True,True
PRJ-02292,Reportage Umm Tower 7,Reportage,Umm Suqeim,Residential,485,429,88.6,2014,,Under Construction,1791,630363,8876668,45,True,True
PRJ-02293,Al Residences 10,Select Group,Al Safa,Residential,178,170,95.7,2024,2027.0,Completed,1501,583827,22326884,36,False,True
PRJ-02294,Arada Dubai Tower 3,Arada,Dubai Creek Harbour,Commercial,793,756,95.4,2012,2014.0,Completed,1135,509050,7210654,10,True,True
PRJ-02295,Emaar Al Tower 2,Emaar Properties,Al Quoz,Mixed Use,1644,1281,78.0,2007,2010.0,Completed,3108,1019449,15040138,17,True,False
PRJ-02296,JVC Residences 20,Aldar,JVC,Residential,440,358,81.4,2021,2024.0,Completed,2139,316940,11600269,18,False,True
PRJ-02297,International Residences 10,Binghatti,International City,Commercial,1589,477,30.1,2020,,Under Construction,2873,1433202,7277423,79,False,False
PRJ-02298,Select Town Tower 7,Select Group,Town Square,Residential,1469,1404,95.6,2019,2022.0,Completed,2483,765054,4083088,46,True,True
PRJ-02299,Ellington Dubai Tower 2,Ellington Properties,Dubai Hills Estate,Mixed Use,809,527,65.2,2009,2014.0,Completed,2211,1310568,18963334,20,True,False
PRJ-02300,Reportage Dubai Tower 2,Reportage,Dubai Creek Harbour,Residential,787,170,21.6,2021,,Off-Plan,2268,791783,10585124,73,True,False
PRJ-02301,Emaar Residences 1,Seven Tides,Emaar Beachfront,Residential,1910,1473,77.1,2022,,Under Construction,2956,650410,19054261,5,True,True
PRJ-02302,Dubai Emaar Tower 1,Dubai Properties,Emaar Beachfront,Residential,1157,495,42.8,2016,,Stalled,2516,1044796,23419667,45,True,False
PRJ-02303,JLT Residences 10,Select Group,JLT,Residential,429,350,81.8,2021,2024.0,Completed,1670,1254536,9929693,61,True,True
PRJ-02304,Dubai Motor Tower 9,Dubai Properties,Motor City,Hospitality,1067,705,66.1,2015,,Under Construction,1362,437475,16707566,53,False,True
PRJ-02305,Al Residences 11,Deyaar Development,Al Qusais,Residential,242,121,50.4,2019,,Off-Plan,3599,1011789,15069191,66,True,True
PRJ-02306,Aldar Jumeirah Tower 7,Aldar,Jumeirah,Residential,1740,1277,73.4,2013,2016.0,Completed,1939,1212629,6865246,24,True,True
PRJ-02307,Aldar Emaar Tower 3,Aldar,Emaar Beachfront,Residential,1795,953,53.1,2023,,Under Construction,3443,442151,5114438,19,True,True
PRJ-02308,Aldar Al Tower 2,Aldar,Al Barsha,Residential,439,199,45.4,2016,,Under Construction,4105,473207,2584971,43,True,True
PRJ-02309,Arabian Residences 17,Omniyat,Arabian Ranches,Commercial,248,167,67.6,2008,2012.0,Completed,1732,1313885,15192699,7,True,False
PRJ-02310,DAMAC Arabian Tower 7,DAMAC Properties,Arabian Ranches,Commercial,137,124,91.1,2019,2023.0,Completed,3444,707766,4852187,10,False,True
PRJ-02311,Sobha Deira Tower 5,Sobha Realty,Deira,Mixed Use,134,122,91.3,2010,2013.0,Completed,2247,1320015,3236990,34,False,True
PRJ-02312,Motor Residences 3,Tiger Properties,Motor City,Residential,1604,1410,87.9,2023,,Off-Plan,3089,395798,9249617,31,True,True
PRJ-02313,Arabian Residences 14,Reportage,Arabian Ranches,Commercial,403,298,74.0,2009,2014.0,Completed,1835,1446677,6857823,80,True,True
PRJ-02314,Emaar Residences 1,Reportage,Emaar Beachfront,Commercial,1456,567,39.0,2023,,Under Construction,773,1083943,10284416,11,True,True
PRJ-02315,Al Residences 12,DAMAC Properties,Al Wasl,Residential,1842,1304,70.8,2005,2009.0,Completed,1409,1475464,24876351,64,True,True
PRJ-02316,Sobha Al Tower 6,Sobha Realty,Al Wasl,Residential,1806,1375,76.2,2006,,Under Construction,3531,1345060,2810995,21,False,True
PRJ-02317,Nakheel JVC Tower 8,Nakheel,JVC,Residential,227,98,43.3,2019,,Off-Plan,4188,1025762,2263471,5,True,True
PRJ-02318,JLT Residences 17,DAMAC Properties,JLT,Mixed Use,640,380,59.4,2010,,Under Construction,1538,1169425,5173403,67,True,False
PRJ-02319,JVC Residences 6,Azizi Developments,JVC,Residential,528,479,90.9,2006,,Under Construction,1918,458919,2100314,71,False,True
PRJ-02320,Al Residences 4,Deyaar Development,Al Safa,Residential,1020,826,81.1,2022,,Under Construction,1182,892667,16605843,74,True,True
PRJ-02321,Reportage Business Tower 7,Reportage,Business Bay,Residential,1981,1802,91.0,2020,2023.0,Completed,4113,656678,4578611,53,False,True
PRJ-02322,Discovery Residences 18,Ellington Properties,Discovery Gardens,Mixed Use,831,630,75.9,2017,,Under Construction,1264,1206692,5366889,42,True,True
PRJ-02323,Al Residences 16,Sobha Realty,Al Safa,Mixed Use,1705,1343,78.8,2012,,Off-Plan,3944,1445777,23913247,69,False,True
PRJ-02324,JLT Residences 10,Sobha Realty,JLT,Mixed Use,1032,872,84.6,2020,2025.0,Completed,1691,1098212,20633691,30,True,True
PRJ-02325,Downtown Residences 12,Omniyat,Downtown Dubai,Mixed Use,971,532,54.9,2022,,Off-Plan,2055,912176,17476389,69,True,True
PRJ-02326,Jumeirah Residences 20,Arada,Jumeirah,Mixed Use,1025,1017,99.3,2016,2021.0,Completed,3568,688898,17795777,69,True,True
PRJ-02327,Azizi Business Tower 7,Azizi Developments,Business Bay,Residential,1995,560,28.1,2010,,Under Construction,1002,1296276,4283855,24,True,True
PRJ-02328,Sports Residences 18,DAMAC Properties,Sports City,Residential,1881,1521,80.9,2008,2010.0,Completed,3031,659518,11739962,9,True,True
PRJ-02329,Sports Residences 8,Select Group,Sports City,Residential,1165,877,75.3,2024,2028.0,Completed,1506,454055,2421798,7,True,True
PRJ-02330,Dubai Residences 3,MAG Property Development,Dubai Hills Estate,Residential,1631,1258,77.1,2024,,Off-Plan,3919,1242288,6866734,74,True,True
PRJ-02331,Tiger DIFC Tower 4,Tiger Properties,DIFC,Residential,1100,340,30.9,2021,,Under Construction,3514,379263,20400255,52,True,True
PRJ-02332,MAG Ras Tower 5,MAG Property Development,Ras Al Khor,Residential,931,586,63.0,2012,,Stalled,3802,1193299,24245762,8,True,True
PRJ-02333,Town Residences 8,Nakheel,Town Square,Residential,1996,1128,56.5,2005,,Off-Plan,3530,497019,16986071,71,False,True
PRJ-02334,Ellington Dubai Tower 1,Ellington Properties,Dubai Marina,Commercial,707,154,21.9,2023,,Stalled,2394,598873,16521386,25,True,True
PRJ-02335,Dubai Residences 18,Deyaar Development,Dubai Marina,Residential,588,313,53.3,2022,,Under Construction,793,308404,16516716,34,True,True
PRJ-02336,Umm Residences 3,Azizi Developments,Umm Suqeim,Residential,1336,1135,85.0,2009,2012.0,Completed,1685,358288,18128667,35,True,True
PRJ-02337,Arada Jumeirah Tower 4,Arada,Jumeirah,Residential,1505,977,65.0,2009,,Off-Plan,3136,356608,15557089,72,True,True
PRJ-02338,DAMAC Al Tower 3,DAMAC Properties,Al Safa,Residential,1611,843,52.3,2007,,Off-Plan,2866,506105,13108483,43,False,True
PRJ-02339,Discovery Residences 14,Nakheel,Discovery Gardens,Residential,527,354,67.2,2020,,Stalled,2614,672290,19565619,12,False,True
PRJ-02340,Deyaar Al Tower 4,Deyaar Development,Al Satwa,Residential,1594,1242,77.9,2022,,Under Construction,1924,857733,18461051,20,False,True
PRJ-02341,Arada JVC Tower 8,Arada,JVC,Mixed Use,1445,494,34.2,2006,,Off-Plan,3774,546595,21350854,18,True,False
PRJ-02342,Palm Residences 15,DAMAC Properties,Palm Jumeirah,Residential,725,551,76.1,2006,2011.0,Completed,1881,836118,7563499,38,True,True
PRJ-02343,MAG Al Tower 4,MAG Property Development,Al Qusais,Residential,1622,1600,98.7,2007,2010.0,Completed,2253,1438345,19504778,22,True,False
PRJ-02344,Arabian Residences 14,Seven Tides,Arabian Ranches,Mixed Use,1367,315,23.1,2005,,Under Construction,3725,1482764,22086924,32,True,True
PRJ-02345,Al Residences 4,Tiger Properties,Al Quoz,Residential,860,386,44.9,2005,,Under Construction,1575,1407917,17443503,28,False,True
PRJ-02346,Al Residences 1,Tiger Properties,Al Satwa,Residential,677,448,66.3,2015,2017.0,Completed,762,839391,18826124,59,True,True
PRJ-02347,Al Residences 18,Select Group,Al Quoz,Mixed Use,1901,1540,81.1,2010,2012.0,Completed,1242,342983,13935406,23,True,True
PRJ-02348,Arada Deira Tower 2,Arada,Deira,Residential,730,285,39.2,2022,,Off-Plan,1945,707738,3449611,61,False,True
PRJ-02349,MAG Emaar Tower 4,MAG Property Development,Emaar Beachfront,Mixed Use,991,775,78.3,2016,2018.0,Completed,2979,535465,6963738,44,True,True
PRJ-02350,Al Residences 8,Arada,Al Quoz,Hospitality,193,59,30.9,2014,,Off-Plan,1449,1438522,16540872,26,True,True
PRJ-02351,Dubai Discovery Tower 4,Dubai Properties,Discovery Gardens,Hospitality,1764,1676,95.0,2021,2025.0,Completed,940,773306,20457865,51,True,True
PRJ-02352,Aldar Umm Tower 2,Aldar,Umm Suqeim,Residential,577,406,70.5,2015,,Under Construction,1174,1194756,21262795,42,True,False
PRJ-02353,Seven DIFC Tower 4,Seven Tides,DIFC,Residential,1119,897,80.2,2020,2025.0,Completed,3216,911743,2431725,6,True,True
PRJ-02354,Binghatti Ras Tower 3,Binghatti,Ras Al Khor,Residential,379,303,80.1,2008,2010.0,Completed,1698,660114,20389804,19,True,True
PRJ-02355,Downtown Residences 20,Meraas,Downtown Dubai,Residential,225,83,37.0,2020,,Off-Plan,4166,1481109,5012041,39,True,True
PRJ-02356,Dubai Residences 17,Arada,Dubai Marina,Mixed Use,1837,818,44.5,2016,,Off-Plan,2384,1368056,10785169,61,True,True
PRJ-02357,Dubai Residences 16,Danube Properties,Dubai Creek Harbour,Mixed Use,663,367,55.4,2018,,Under Construction,3797,1487534,14047741,63,False,False
PRJ-02358,Deyaar Emaar Tower 3,Deyaar Development,Emaar Beachfront,Residential,834,824,98.8,2008,2013.0,Completed,2241,454363,11945896,80,False,True
PRJ-02359,Binghatti Al Tower 4,Binghatti,Al Qusais,Residential,492,123,25.2,2019,,Under Construction,2191,1380209,22354887,21,True,False
PRJ-02360,Arabian Residences 18,Sobha Realty,Arabian Ranches,Mixed Use,1916,1266,66.1,2018,2021.0,Completed,3845,1311008,10562039,55,True,True
PRJ-02361,MAG Business Tower 4,MAG Property Development,Business Bay,Mixed Use,999,676,67.8,2012,2015.0,Completed,4346,1368637,11524653,23,True,True
PRJ-02362,Al Residences 15,Deyaar Development,Al Wasl,Hospitality,109,94,86.3,2011,,Off-Plan,4169,541332,8511154,5,False,True
PRJ-02363,Dubai Al Tower 4,Dubai Properties,Al Safa,Residential,74,29,39.3,2022,,Off-Plan,1959,781380,4879976,13,True,True
PRJ-02364,Dubai Residences 1,Select Group,Dubai Marina,Residential,144,120,83.4,2018,2022.0,Completed,2633,585911,19538133,39,True,True
PRJ-02365,Nad Residences 19,Azizi Developments,Nad Al Sheba,Mixed Use,1757,1560,88.8,2016,,Under Construction,3251,808073,2186380,47,True,True
PRJ-02366,Meraas Al Tower 4,Meraas,Al Satwa,Commercial,925,413,44.7,2011,,Off-Plan,999,817061,6269725,10,False,True
PRJ-02367,Nakheel Motor Tower 8,Nakheel,Motor City,Mixed Use,477,117,24.7,2007,,Under Construction,4380,631711,12467074,28,True,True
PRJ-02368,Deyaar Palm Tower 7,Deyaar Development,Palm Jumeirah,Residential,1942,1764,90.8,2022,,Stalled,2002,1129635,23552821,56,False,True
PRJ-02369,Sports Residences 5,Binghatti,Sports City,Mixed Use,1888,423,22.4,2024,,Stalled,3084,714439,3384840,46,False,False
PRJ-02370,Palm Residences 16,Emaar Properties,Palm Jumeirah,Mixed Use,856,686,80.2,2007,2009.0,Completed,2985,593125,5756767,20,False,False
PRJ-02371,JLT Residences 10,Arada,JLT,Residential,806,236,29.4,2009,,Stalled,4041,341044,8779494,38,True,True
PRJ-02372,Seven Al Tower 5,Seven Tides,Al Qusais,Commercial,1232,1119,90.9,2011,2015.0,Completed,950,926078,4323807,51,False,True
PRJ-02373,Aldar Jumeirah Tower 3,Aldar,Jumeirah,Mixed Use,184,153,83.4,2007,,Under Construction,1353,351491,23046314,79,True,True
PRJ-02374,Ellington Al Tower 7,Ellington Properties,Al Wasl,Residential,1106,881,79.7,2023,2025.0,Completed,714,624426,7096023,57,False,False
PRJ-02375,Umm Residences 7,DAMAC Properties,Umm Suqeim,Residential,1840,1665,90.5,2011,,Off-Plan,2970,741574,13776060,26,False,True
PRJ-02376,DIFC Residences 20,Deyaar Development,DIFC,Residential,1313,1092,83.2,2005,2010.0,Completed,1727,987974,9027764,63,True,True
PRJ-02377,Tiger Arabian Tower 6,Tiger Properties,Arabian Ranches,Residential,435,347,79.9,2014,2018.0,Completed,1924,1405725,14935520,40,True,True
PRJ-02378,Dubai Residences 20,Emaar Properties,Dubai Marina,Residential,742,174,23.5,2018,,Off-Plan,1969,1422107,11782317,19,False,True
PRJ-02379,Reportage Discovery Tower 8,Reportage,Discovery Gardens,Residential,128,102,80.3,2016,2021.0,Completed,2325,360197,3780362,25,True,True
PRJ-02380,Aldar Arabian Tower 8,Aldar,Arabian Ranches,Residential,797,473,59.4,2023,,Off-Plan,4357,1169932,9774402,44,True,True
PRJ-02381,Deira Residences 19,Aldar,Deira,Commercial,1862,1211,65.1,2017,,Off-Plan,1277,1112807,15975732,56,False,True
PRJ-02382,Azizi Al Tower 3,Azizi Developments,Al Wasl,Residential,1141,728,63.8,2015,2017.0,Completed,2781,864396,2703756,31,True,True
PRJ-02383,Jumeirah Residences 13,Ellington Properties,Jumeirah,Residential,759,521,68.7,2022,,Off-Plan,1484,826469,8201093,5,True,False
PRJ-02384,Seven International Tower 8,Seven Tides,International City,Residential,465,336,72.3,2022,2025.0,Completed,4409,1252403,2594818,46,True,False
PRJ-02385,Omniyat Al Tower 3,Omniyat,Al Satwa,Residential,906,888,98.1,2023,2028.0,Completed,2030,614622,14344453,37,True,True
PRJ-02386,Dubai Residences 10,Emaar Properties,Dubai Marina,Hospitality,1772,1404,79.3,2016,2019.0,Completed,4377,379977,13292848,48,True,True
PRJ-02387,Danube Dubai Tower 2,Danube Properties,Dubai Creek Harbour,Commercial,1863,382,20.5,2013,,Off-Plan,4338,1381628,18737185,76,True,True
PRJ-02388,Palm Residences 2,Nakheel,Palm Jumeirah,Mixed Use,888,544,61.3,2005,2007.0,Completed,2284,736430,13800406,45,False,True
PRJ-02389,DIFC Residences 16,Select Group,DIFC,Residential,1309,1288,98.4,2020,2022.0,Completed,995,872590,11925848,15,True,True
PRJ-02390,Al Residences 12,Omniyat,Al Wasl,Mixed Use,969,285,29.4,2013,,Off-Plan,1759,503091,21809744,54,True,True
PRJ-02391,Select Bur Tower 5,Select Group,Bur Dubai,Hospitality,642,609,94.9,2021,,Under Construction,1327,1320302,20775803,21,True,False
PRJ-02392,Al Residences 14,Emaar Properties,Al Satwa,Residential,739,484,65.5,2013,2018.0,Completed,2575,1345995,9518257,64,False,True
PRJ-02393,Deira Residences 12,Arada,Deira,Residential,730,222,30.5,2022,,Under Construction,2160,323145,19866889,73,True,True
PRJ-02394,Omniyat DIFC Tower 3,Omniyat,DIFC,Residential,709,408,57.7,2018,,Stalled,1772,887314,23312049,79,True,True
PRJ-02395,JVC Residences 10,DAMAC Properties,JVC,Residential,509,365,71.9,2013,2018.0,Completed,2817,658094,14398553,69,False,False
PRJ-02396,Ellington Sports Tower 6,Ellington Properties,Sports City,Residential,366,160,43.9,2014,,Off-Plan,2573,1337400,10002503,68,True,True
PRJ-02397,Arada Al Tower 1,Arada,Al Safa,Mixed Use,924,650,70.4,2013,2016.0,Completed,3681,1302200,15877590,16,True,True
PRJ-02398,Dubai Al Tower 4,Dubai Properties,Al Barsha,Residential,1081,991,91.7,2016,,Off-Plan,2742,562201,17118803,44,False,True
PRJ-02399,Ellington Al Tower 4,Ellington Properties,Al Safa,Residential,1044,699,67.0,2006,2011.0,Completed,3160,1486281,17338928,44,False,True
PRJ-02400,Dubai Residences 13,Azizi Developments,Dubai Marina,Mixed Use,1194,847,71.0,2008,2012.0,Completed,4034,1017141,14299977,13,True,True
PRJ-02401,MAG Al Tower 4,MAG Property Development,Al Quoz,Commercial,719,433,60.3,2021,,Stalled,766,1380300,4525849,54,True,True
PRJ-02402,Emaar Umm Tower 6,Emaar Properties,Umm Suqeim,Residential,649,197,30.4,2006,,Under Construction,3556,498305,2691314,68,True,True
PRJ-02403,Al Residences 17,Seven Tides,Al Barsha,Residential,864,588,68.2,2020,2023.0,Completed,2168,582202,16767619,71,True,True
PRJ-02404,Al Residences 15,Danube Properties,Al Karama,Commercial,527,241,45.8,2005,,Under Construction,1988,733976,22575446,54,True,False
PRJ-02405,Nakheel Business Tower 4,Nakheel,Business Bay,Commercial,191,131,68.7,2005,,Under Construction,4169,941306,21998642,41,False,False
PRJ-02406,Town Residences 12,Select Group,Town Square,Commercial,1435,931,64.9,2007,2011.0,Completed,2051,953615,20171474,51,True,False
PRJ-02407,Al Residences 18,Deyaar Development,Al Qusais,Residential,589,467,79.3,2009,2014.0,Completed,2011,1216603,3764478,39,False,True
PRJ-02408,International Residences 16,Nakheel,International City,Commercial,1125,1042,92.7,2012,2016.0,Completed,3070,505873,4563123,5,False,True
PRJ-02409,MAG Jumeirah Tower 9,MAG Property Development,Jumeirah,Mixed Use,917,860,93.9,2009,,Off-Plan,2135,324284,6057069,7,True,True
PRJ-02410,Town Residences 3,MAG Property Development,Town Square,Residential,945,844,89.4,2006,,Under Construction,3316,469061,9407026,60,False,True
PRJ-02411,Danube JVC Tower 3,Danube Properties,JVC,Residential,705,666,94.6,2019,2024.0,Completed,1655,1108931,4143979,80,True,True
PRJ-02412,Aldar Deira Tower 6,Aldar,Deira,Residential,1547,1267,81.9,2021,,Off-Plan,739,956999,7127005,42,False,True
PRJ-02413,Dubai Residences 10,Aldar,Dubai Hills Estate,Commercial,1116,712,63.9,2013,,Off-Plan,4179,1060512,6420530,53,True,True
PRJ-02414,Emaar Al Tower 8,Emaar Properties,Al Karama,Residential,1583,987,62.4,2013,2015.0,Completed,3195,378074,4114386,79,True,True
PRJ-02415,International Residences 7,Azizi Developments,International City,Residential,1588,1277,80.4,2010,,Under Construction,3756,489404,2472186,57,True,True
PRJ-02416,MAG Dubai Tower 5,MAG Property Development,Dubai Creek Harbour,Mixed Use,1739,1186,68.2,2019,2021.0,Completed,3764,1363903,21201184,68,False,True
PRJ-02417,Al Residences 11,Nakheel,Al Quoz,Residential,1945,1645,84.6,2014,2016.0,Completed,3126,932173,18043630,10,False,True
PRJ-02418,Ellington Al Tower 4,Ellington Properties,Al Karama,Residential,1118,1038,92.9,2022,2027.0,Completed,1862,677840,10308103,8,False,True
PRJ-02419,Al Residences 19,Emaar Properties,Al Wasl,Residential,448,171,38.2,2023,,Off-Plan,1565,1370929,17246959,39,True,False
PRJ-02420,Azizi Deira Tower 8,Azizi Developments,Deira,Commercial,499,342,68.6,2023,2028.0,Completed,2797,1349683,4871399,48,True,True
PRJ-02421,Dubai Deira Tower 4,Dubai Properties,Deira,Commercial,1075,933,86.8,2009,2012.0,Completed,1629,390706,8254330,17,True,True
PRJ-02422,Sports Residences 4,Aldar,Sports City,Mixed Use,1533,1498,97.8,2021,2023.0,Completed,1726,803879,11033417,17,False,True
PRJ-02423,Tiger Jumeirah Tower 7,Tiger Properties,Jumeirah,Mixed Use,493,345,70.1,2010,2014.0,Completed,1792,1254579,4938745,29,True,True
PRJ-02424,MAG Emaar Tower 9,MAG Property Development,Emaar Beachfront,Mixed Use,249,155,62.4,2020,2022.0,Completed,3875,1049243,23475890,34,True,True
PRJ-02425,Nakheel Emaar Tower 6,Nakheel,Emaar Beachfront,Mixed Use,1832,1677,91.6,2022,2024.0,Completed,3255,527637,10621607,33,True,True
PRJ-02426,Emaar Residences 12,Aldar,Emaar Beachfront,Residential,219,124,57.0,2010,,Under Construction,2392,1229508,23610536,5,True,True
PRJ-02427,Umm Residences 16,Emaar Properties,Umm Suqeim,Residential,246,167,68.1,2009,,Stalled,892,877156,20903807,57,False,True
PRJ-02428,Business Residences 12,Danube Properties,Business Bay,Mixed Use,991,508,51.3,2022,,Off-Plan,1605,627809,16445765,70,False,True
PRJ-02429,Al Residences 11,Aldar,Al Karama,Residential,505,322,63.8,2006,,Off-Plan,2256,1491444,8010046,77,True,True
PRJ-02430,Binghatti International Tower 4,Binghatti,International City,Mixed Use,579,439,75.8,2020,2025.0,Completed,3678,1055524,11020583,20,False,True
PRJ-02431,Al Residences 16,Tiger Properties,Al Qusais,Commercial,1442,310,21.5,2009,,Under Construction,1905,429183,7610017,75,True,True
PRJ-02432,Al Residences 4,Seven Tides,Al Quoz,Residential,1877,1342,71.5,2007,,Under Construction,2882,520729,19381469,37,True,True
PRJ-02433,Downtown Residences 18,DAMAC Properties,Downtown Dubai,Residential,840,824,98.1,2020,2022.0,Completed,1687,1424827,15668736,20,True,True
PRJ-02434,Deyaar Al Tower 7,Deyaar Development,Al Barsha,Residential,278,213,76.8,2024,2026.0,Completed,1279,865435,12987741,28,False,True
PRJ-02435,Sobha DIFC Tower 1,Sobha Realty,DIFC,Residential,694,480,69.3,2009,2012.0,Completed,1498,1096114,5917923,19,False,True
PRJ-02436,Dubai Residences 4,Nakheel,Dubai Creek Harbour,Residential,1028,528,51.4,2012,,Off-Plan,768,1278186,11735640,40,True,True
PRJ-02437,Ellington Bur Tower 1,Ellington Properties,Bur Dubai,Residential,1242,1124,90.6,2009,2014.0,Completed,1646,1065761,7176716,74,True,True
PRJ-02438,Select Al Tower 8,Select Group,Al Quoz,Residential,1096,287,26.2,2014,,Under Construction,1518,1022266,16567746,70,True,True
PRJ-02439,Sobha Al Tower 6,Sobha Realty,Al Quoz,Mixed Use,1308,265,20.3,2020,,Stalled,1323,463596,3310469,22,True,True
PRJ-02440,DAMAC Al Tower 3,DAMAC Properties,Al Satwa,Commercial,895,568,63.5,2019,,Under Construction,775,553260,13497595,77,True,True
PRJ-02441,Ellington Al Tower 2,Ellington Properties,Al Quoz,Residential,201,114,56.9,2018,,Under Construction,1475,991855,2222699,33,False,True
PRJ-02442,Al Residences 2,Nakheel,Al Satwa,Mixed Use,1390,353,25.4,2013,,Off-Plan,3173,1433465,13483196,16,True,True
PRJ-02443,Nakheel Al Tower 5,Nakheel,Al Satwa,Residential,1172,780,66.6,2008,,Under Construction,3739,782655,24043878,5,True,True
PRJ-02444,Dubai Residences 12,Reportage,Dubai Marina,Residential,1356,1084,80.0,2013,2016.0,Completed,2156,1084831,21406431,27,True,True
PRJ-02445,Seven Nad Tower 9,Seven Tides,Nad Al Sheba,Residential,435,136,31.4,2024,,Under Construction,3552,438861,10904118,70,True,True
PRJ-02446,Downtown Residences 7,Nakheel,Downtown Dubai,Residential,1171,1026,87.6,2015,2018.0,Completed,3193,1152619,16804388,61,True,True
PRJ-02447,Al Residences 20,Meraas,Al Quoz,Mixed Use,958,800,83.5,2013,,Off-Plan,4443,389300,12404154,22,False,True
PRJ-02448,Bur Residences 13,Reportage,Bur Dubai,Residential,1254,993,79.2,2015,,Under Construction,3190,422696,19298582,72,True,True
PRJ-02449,Al Residences 13,DAMAC Properties,Al Barsha,Residential,1696,1479,87.2,2020,2024.0,Completed,3451,1176504,15201324,76,True,False
PRJ-02450,Seven Bur Tower 8,Seven Tides,Bur Dubai,Commercial,1370,543,39.6,2018,,Stalled,2221,778289,9336416,42,True,True
PRJ-02451,Downtown Residences 4,Aldar,Downtown Dubai,Residential,708,317,44.8,2011,,Under Construction,1208,798488,21218624,59,True,True
PRJ-02452,Al Residences 11,Select Group,Al Wasl,Residential,1245,922,74.1,2015,2017.0,Completed,2711,1042544,11923035,41,True,True
PRJ-02453,Nad Residences 10,Azizi Developments,Nad Al Sheba,Commercial,65,54,84.4,2019,2021.0,Completed,3801,1140533,16125129,45,True,False
PRJ-02454,Motor Residences 8,Sobha Realty,Motor City,Residential,1426,918,64.4,2017,2020.0,Completed,992,1001776,19378625,5,False,True
PRJ-02455,Al Residences 7,MAG Property Development,Al Quoz,Residential,1516,1204,79.5,2012,2017.0,Completed,3994,364695,20419748,6,True,True
PRJ-02456,Sobha Downtown Tower 6,Sobha Realty,Downtown Dubai,Residential,738,486,66.0,2024,,Off-Plan,3329,852844,23556234,80,True,True
PRJ-02457,Al Residences 11,Emaar Properties,Al Satwa,Commercial,619,126,20.5,2018,,Stalled,3262,1483539,14004841,49,True,True
PRJ-02458,Aldar Downtown Tower 8,Aldar,Downtown Dubai,Commercial,690,297,43.1,2022,,Under Construction,3641,409115,8414074,22,True,False
PRJ-02459,Sobha Al Tower 1,Sobha Realty,Al Barsha,Residential,890,696,78.3,2019,2021.0,Completed,3046,544606,8976762,75,True,True
PRJ-02460,Dubai Downtown Tower 7,Dubai Properties,Downtown Dubai,Residential,902,893,99.1,2017,2021.0,Completed,2682,925583,22215254,80,True,False
PRJ-02461,Arabian Residences 11,Sobha Realty,Arabian Ranches,Mixed Use,115,32,28.0,2013,,Off-Plan,1698,429530,18969557,40,True,True
PRJ-02462,MAG Palm Tower 8,MAG Property Development,Palm Jumeirah,Commercial,309,161,52.2,2007,,Stalled,3821,524963,12242604,10,False,False
PRJ-02463,Motor Residences 17,Reportage,Motor City,Mixed Use,653,459,70.3,2014,2016.0,Completed,2948,1249280,10642540,64,True,False
PRJ-02464,Emaar Jumeirah Tower 7,Emaar Properties,Jumeirah,Residential,1059,605,57.2,2009,,Under Construction,1013,362033,3604094,78,False,True
PRJ-02465,Select Deira Tower 6,Select Group,Deira,Commercial,96,63,66.2,2020,,Under Construction,4020,950918,24747772,16,True,True
PRJ-02466,Binghatti Al Tower 9,Binghatti,Al Wasl,Mixed Use,1548,1137,73.5,2005,2009.0,Completed,2005,873673,8809777,78,True,True
PRJ-02467,Business Residences 16,Omniyat,Business Bay,Commercial,1640,1443,88.0,2014,,Under Construction,2977,801959,21787156,30,True,True
PRJ-02468,Al Residences 4,Sobha Realty,Al Quoz,Residential,1544,1419,91.9,2009,2014.0,Completed,1804,1070518,22201186,32,False,True
PRJ-02469,Tiger Sports Tower 7,Tiger Properties,Sports City,Residential,1910,1232,64.5,2014,2017.0,Completed,1429,1088055,5933328,19,True,True
PRJ-02470,Mirdif Residences 15,Dubai Properties,Mirdif,Residential,101,28,28.4,2007,,Under Construction,963,1242912,24386827,56,True,True
PRJ-02471,Deyaar DIFC Tower 6,Deyaar Development,DIFC,Residential,1726,1075,62.3,2007,2010.0,Completed,1464,1253437,22791795,56,False,True
PRJ-02472,DIFC Residences 1,Aldar,DIFC,Residential,1566,995,63.6,2014,2017.0,Completed,2641,1338676,13988368,58,True,False
PRJ-02473,Nad Residences 5,Omniyat,Nad Al Sheba,Commercial,1986,1868,94.1,2022,2026.0,Completed,3620,944038,12160049,13,True,False
PRJ-02474,Downtown Residences 17,Emaar Properties,Downtown Dubai,Commercial,822,507,61.7,2017,2019.0,Completed,2514,502168,10264813,18,False,True
PRJ-02475,Sobha Discovery Tower 9,Sobha Realty,Discovery Gardens,Residential,1651,1422,86.2,2020,,Under Construction,2849,424043,18840603,67,True,True
PRJ-02476,Meraas Motor Tower 3,Meraas,Motor City,Commercial,1989,1064,53.5,2021,,Under Construction,3830,1014740,10938263,47,True,True
PRJ-02477,DIFC Residences 12,Aldar,DIFC,Residential,1991,680,34.2,2009,,Under Construction,1691,818332,15603544,47,True,True
PRJ-02478,Deira Residences 6,Reportage,Deira,Commercial,256,168,66.0,2018,2023.0,Completed,1185,891027,19468147,10,True,False
PRJ-02479,Danube International Tower 6,Danube Properties,International City,Residential,1926,1825,94.8,2010,2013.0,Completed,1099,339699,3465240,11,True,False
PRJ-02480,Select Al Tower 5,Select Group,Al Qusais,Mixed Use,598,353,59.2,2023,,Off-Plan,3199,831294,22073305,21,True,True
PRJ-02481,Meraas Al Tower 1,Meraas,Al Quoz,Residential,1220,943,77.3,2014,2016.0,Completed,4016,983135,24519631,69,True,False
PRJ-02482,Sports Residences 20,Sobha Realty,Sports City,Residential,1014,621,61.3,2010,2015.0,Completed,4223,1133047,12291432,39,True,True
PRJ-02483,Bur Residences 12,Arada,Bur Dubai,Residential,1880,973,51.8,2010,,Under Construction,1150,1202866,24030390,34,True,True
PRJ-02484,Sports Residences 8,Sobha Realty,Sports City,Mixed Use,437,280,64.2,2005,,Under Construction,1716,478899,23655079,77,True,True
PRJ-02485,Umm Residences 14,Danube Properties,Umm Suqeim,Commercial,488,309,63.4,2023,,Off-Plan,1605,389025,10972572,25,False,True
PRJ-02486,Aldar Deira Tower 7,Aldar,Deira,Mixed Use,1467,1201,81.9,2021,2023.0,Completed,4365,559081,5089287,59,True,False
PRJ-02487,International Residences 7,Dubai Properties,International City,Residential,443,269,60.8,2015,2020.0,Completed,3440,499971,14828273,77,True,True
PRJ-02488,Danube Arabian Tower 3,Danube Properties,Arabian Ranches,Commercial,878,310,35.3,2008,,Under Construction,1616,655345,23364992,50,True,False
PRJ-02489,Tiger DIFC Tower 5,Tiger Properties,DIFC,Commercial,1169,836,71.5,2019,,Off-Plan,3053,481513,16670015,6,False,True
PRJ-02490,International Residences 2,Select Group,International City,Mixed Use,1976,1887,95.5,2006,2008.0,Completed,4468,811074,23352370,8,True,True
PRJ-02491,DAMAC Deira Tower 8,DAMAC Properties,Deira,Residential,1574,939,59.7,2008,,Under Construction,1243,514664,12731421,57,False,True
PRJ-02492,Emaar Motor Tower 7,Emaar Properties,Motor City,Residential,804,549,68.4,2008,,Under Construction,4059,1494041,11653545,53,True,True
PRJ-02493,Al Residences 16,Azizi Developments,Al Barsha,Residential,1827,1219,66.8,2010,2015.0,Completed,4052,360540,23766646,14,False,True
PRJ-02494,Dubai Residences 17,Emaar Properties,Dubai Marina,Residential,1765,1328,75.3,2015,,Under Construction,2585,1437996,4893781,40,True,False
PRJ-02495,Azizi Jumeirah Tower 7,Azizi Developments,Jumeirah,Residential,1144,687,60.1,2018,2023.0,Completed,3124,669085,5405674,56,False,False
PRJ-02496,Dubai Residences 11,Sobha Realty,Dubai Creek Harbour,Residential,1846,1160,62.9,2020,,Under Construction,701,939710,22179210,71,True,False
PRJ-02497,Reportage Downtown Tower 5,Reportage,Downtown Dubai,Residential,1988,922,46.4,2008,,Under Construction,3665,873923,7933930,80,False,False
PRJ-02498,Dubai Residences 7,Azizi Developments,Dubai Marina,Commercial,79,62,78.7,2007,,Under Construction,1760,1321765,11294055,47,False,True
PRJ-02499,Business Residences 1,Select Group,Business Bay,Residential,1862,684,36.8,2021,,Off-Plan,3277,1004349,14349529,48,False,True
PRJ-02500,Arada Al Tower 7,Arada,Al Wasl,Mixed Use,1945,1422,73.2,2010,2012.0,Completed,813,597169,16765595,39,True,True
