record_id,project_id,project_name,developer_id,report_date,milestone_name,milestone_planned_start,milestone_planned_end,milestone_actual_start,milestone_actual_end,planned_progress_pct,actual_progress_pct,progress_variance_pct,delay_days,delay_reason,planned_budget_aed,actual_cost_aed,cost_variance_aed,cost_overrun_pct,total_project_budget_aed,total_spent_to_date_aed,budget_utilization_pct,contractor_id,contractor_name,labour_deployed,labour_planned,resource_utilization_pct,rera_inspection_passed,quality_score,safety_incidents,project_health_score,delay_risk_flag,escalation_flag,next_milestone,next_milestone_due_date,handover_date_original,handover_date_revised
CONS000001,PROJ001,The Marina,DEV0009,2020-07-01,Foundation,2020-07-01,2020-10-19,2020-07-06,,0.0,0.0,0.0,6,Labour Shortage,0.0,0.0,0.0,0.0,704614693,0.0,0.0,CONT121,Al Habtoor Engineering LLC,661,712,92.8,False,89.0,0,82.6,False,False,Structure,2020-10-24,2024-03-01,2024-07-12
CONS000002,PROJ001,The Marina,DEV0009,2020-08-01,Foundation,2020-07-01,2020-10-19,2020-07-06,,28.2,18.8,-9.4,6,Labour Shortage,33116891.0,22077927.0,-11038964.0,-33.3,704614693,22077927.0,3.1,CONT121,Al Habtoor Engineering LLC,345,354,97.5,False,88.3,0,78.4,False,False,Structure,2020-10-24,2024-03-01,2024-07-12
CONS000003,PROJ001,The Marina,DEV0009,2020-09-01,Foundation,2020-07-01,2020-10-19,2020-07-06,,56.4,57.1,0.7,6,Labour Shortage,66233781.0,67055832.0,822051.0,1.2,704614693,67055832.0,9.5,CONT121,Al Habtoor Engineering LLC,302,333,90.7,False,97.3,0,82.1,False,False,Structure,2020-10-24,2024-03-01,2024-07-12
CONS000004,PROJ001,The Marina,DEV0009,2020-10-01,Foundation,2020-07-01,2020-10-19,2020-07-06,,83.6,78.7,-4.9,6,Regulatory,98176314.0,92421961.0,-5754353.0,-5.9,704614693,92421961.0,13.1,CONT121,Al Habtoor Engineering LLC,664,646,102.8,False,70.7,0,79.1,False,False,Structure,2020-10-24,2024-03-01,2024-07-12
CONS000005,PROJ001,The Marina,DEV0009,2020-11-01,Foundation,2020-07-01,2020-10-19,2020-07-06,,100.0,95.1,-4.9,6,Regulatory,117435782.0,111681429.0,-5754353.0,-4.9,704614693,111681429.0,15.9,CONT121,Al Habtoor Engineering LLC,215,211,101.9,True,89.7,0,81.8,False,False,Structure,2020-10-24,2024-03-01,2024-07-12
CONS000006,PROJ001,The Marina,DEV0009,2020-12-01,Foundation,2020-07-01,2020-10-19,2020-07-06,,100.0,96.1,-3.9,6,Regulatory,117435782.0,112855787.0,-4579995.0,-3.9,704614693,112855787.0,16.0,CONT121,Al Habtoor Engineering LLC,260,267,97.4,True,83.7,0,79.7,False,False,Structure,2020-10-24,2024-03-01,2024-07-12
CONS000007,PROJ001,The Marina,DEV0009,2020-10-29,Structure,2020-10-29,2021-02-16,2020-11-22,,0.0,0.0,0.0,37,Regulatory,117435782.0,117435782.0,0.0,0.0,704614693,117435782.0,16.7,CONT121,Al Habtoor Engineering LLC,774,708,109.3,False,91.0,0,80.1,True,False,MEP,2021-02-21,2024-03-01,2024-07-12
CONS000008,PROJ001,The Marina,DEV0009,2020-11-01,Structure,2020-10-29,2021-02-16,2020-11-22,,2.7,0.0,-2.7,37,Regulatory,120606548.0,117435782.0,-3170766.0,-2.6,704614693,117435782.0,16.7,CONT121,Al Habtoor Engineering LLC,561,658,85.3,False,96.6,0,82.0,True,False,MEP,2021-02-21,2024-03-01,2024-07-12
CONS000009,PROJ001,The Marina,DEV0009,2020-12-01,Structure,2020-10-29,2021-02-16,2020-11-22,,30.0,14.5,-15.5,37,Regulatory,152666517.0,134463971.0,-18202546.0,-11.9,704614693,134463971.0,19.1,CONT121,Al Habtoor Engineering LLC,422,555,76.0,False,83.8,0,73.5,True,False,MEP,2021-02-21,2024-03-01,2024-07-12
CONS000010,PROJ001,The Marina,DEV0009,2021-01-01,Structure,2020-10-29,2021-02-16,2020-11-22,,58.2,34.9,-23.3,37,Regulatory,185783407.0,158420870.0,-27362537.0,-14.7,704614693,158420870.0,22.5,CONT121,Al Habtoor Engineering LLC,145,175,82.9,False,92.7,0,75.0,True,False,MEP,2021-02-21,2024-03-01,2024-07-12
CONS000011,PROJ001,The Marina,DEV0009,2021-02-01,Structure,2020-10-29,2021-02-16,2020-11-22,,86.4,82.7,-3.7,37,Regulatory,218900298.0,214555174.0,-4345124.0,-2.0,704614693,214555174.0,30.4,CONT121,Al Habtoor Engineering LLC,281,345,81.4,False,79.3,0,77.8,True,False,MEP,2021-02-21,2024-03-01,2024-07-12
CONS000012,PROJ001,The Marina,DEV0009,2021-03-01,Structure,2020-10-29,2021-02-16,2020-11-22,,100.0,88.2,-11.8,37,Material Delay,234871564.0,221014142.0,-13857422.0,-5.9,704614693,221014142.0,31.4,CONT121,Al Habtoor Engineering LLC,448,457,98.0,False,76.3,1,75.0,True,True,MEP,2021-02-21,2024-03-01,2024-07-12
CONS000013,PROJ001,The Marina,DEV0009,2021-04-01,Structure,2020-10-29,2021-02-16,2020-11-22,,100.0,74.5,-25.5,37,Material Delay,234871564.0,204925440.0,-29946124.0,-12.7,704614693,204925440.0,29.1,CONT121,Al Habtoor Engineering LLC,183,194,94.3,False,71.3,0,72.8,True,False,MEP,2021-02-21,2024-03-01,2024-07-12
CONS000014,PROJ001,The Marina,DEV0009,2021-02-26,MEP,2021-02-26,2021-06-16,2021-02-26,,0.0,0.7,0.7,0,,234871564.0,235693615.0,822051.0,0.4,704614693,235693615.0,33.5,CONT121,Al Habtoor Engineering LLC,160,171,93.6,False,90.1,0,81.5,False,False,Façade,2021-06-21,2024-03-01,2024-07-12
CONS000015,PROJ001,The Marina,DEV0009,2021-03-01,MEP,2021-02-26,2021-06-16,2021-02-26,,2.7,0.0,-2.7,0,,238042330.0,234871564.0,-3170766.0,-1.3,704614693,234871564.0,33.3,CONT121,Al Habtoor Engineering LLC,358,420,85.2,False,76.9,0,81.0,False,False,Façade,2021-06-21,2024-03-01,2024-07-12
CONS000016,PROJ001,The Marina,DEV0009,2021-04-01,MEP,2021-02-26,2021-06-16,2021-02-26,,30.9,26.0,-4.9,0,,271159221.0,265404868.0,-5754353.0,-2.1,704614693,265404868.0,37.7,CONT121,Al Habtoor Engineering LLC,247,287,86.1,False,97.0,0,75.7,False,False,Façade,2021-06-21,2024-03-01,2024-07-12
CONS000017,PROJ001,The Marina,DEV0009,2021-05-01,MEP,2021-02-26,2021-06-16,2021-02-26,,58.2,56.4,-1.8,0,,303219190.0,301105345.0,-2113845.0,-0.7,704614693,301105345.0,42.7,CONT121,Al Habtoor Engineering LLC,498,465,107.1,False,79.2,0,79.2,False,False,Façade,2021-06-21,2024-03-01,2024-07-12
CONS000018,PROJ001,The Marina,DEV0009,2021-06-01,MEP,2021-02-26,2021-06-16,2021-02-26,,86.4,92.5,6.1,0,,336336080.0,343499663.0,7163583.0,2.1,704614693,343499663.0,48.8,CONT121,Al Habtoor Engineering LLC,354,378,93.7,False,72.3,0,84.9,False,False,Façade,2021-06-21,2024-03-01,2024-07-12
CONS000019,PROJ001,The Marina,DEV0009,2021-07-01,MEP,2021-02-26,2021-06-16,2021-02-26,2021-06-16,100.0,100.0,0.0,0,,352307346.0,352307346.0,0.0,0.0,704614693,352307346.0,50.0,CONT121,Al Habtoor Engineering LLC,514,611,84.1,True,90.2,0,82.7,False,False,Façade,2021-06-21,2024-03-01,2024-07-12
CONS000020,PROJ001,The Marina,DEV0009,2021-08-01,MEP,2021-02-26,2021-06-16,2021-02-26,2021-06-16,100.0,100.0,0.0,0,,352307346.0,352307346.0,0.0,0.0,704614693,352307346.0,50.0,CONT121,Al Habtoor Engineering LLC,178,193,92.2,True,74.9,0,81.6,False,False,Façade,2021-06-21,2024-03-01,2024-07-12
CONS000021,PROJ001,The Marina,DEV0009,2021-06-26,Façade,2021-06-26,2021-10-14,2021-07-01,,0.0,0.0,0.0,21,COVID-19,352307346.0,352307346.0,0.0,0.0,704614693,352307346.0,50.0,CONT121,Al Habtoor Engineering LLC,569,632,90.0,False,97.4,0,78.3,False,False,Fit-Out,2021-10-19,2024-03-01,2024-07-12
CONS000022,PROJ001,The Marina,DEV0009,2021-07-01,Façade,2021-06-26,2021-10-14,2021-07-01,,4.5,0.0,-4.5,21,Labour Shortage,357591957.0,352307346.0,-5284611.0,-1.5,704614693,352307346.0,50.0,CONT121,Al Habtoor Engineering LLC,169,186,90.9,False,74.8,0,80.8,False,False,Fit-Out,2021-10-19,2024-03-01,2024-07-12
CONS000023,PROJ001,The Marina,DEV0009,2021-08-01,Façade,2021-06-26,2021-10-14,2021-07-01,,32.7,28.9,-3.8,21,Material Delay,390708847.0,386246288.0,-4462559.0,-1.1,704614693,386246288.0,54.8,CONT121,Al Habtoor Engineering LLC,227,214,106.1,False,70.6,0,81.3,False,False,Fit-Out,2021-10-19,2024-03-01,2024-07-12
CONS000024,PROJ001,The Marina,DEV0009,2021-09-01,Façade,2021-06-26,2021-10-14,2021-07-01,,60.9,59.9,-1.0,21,Financing,423825738.0,422651380.0,-1174358.0,-0.3,704614693,422651380.0,60.0,CONT121,Al Habtoor Engineering LLC,542,701,77.3,False,79.4,0,80.8,False,False,Fit-Out,2021-10-19,2024-03-01,2024-07-12
CONS000025,PROJ001,The Marina,DEV0009,2021-10-01,Façade,2021-06-26,2021-10-14,2021-07-01,,88.2,81.1,-7.1,21,Material Delay,455885706.0,447547766.0,-8337940.0,-1.8,704614693,447547766.0,63.5,CONT121,Al Habtoor Engineering LLC,192,232,82.8,False,93.7,0,81.3,False,False,Fit-Out,2021-10-19,2024-03-01,2024-07-12
CONS000026,PROJ001,The Marina,DEV0009,2021-11-01,Façade,2021-06-26,2021-10-14,2021-07-01,,100.0,89.7,-10.3,21,Design Change,469743129.0,457647243.0,-12095886.0,-2.6,704614693,457647243.0,64.9,CONT121,Al Habtoor Engineering LLC,461,576,80.0,False,80.2,0,76.5,True,False,Fit-Out,2021-10-19,2024-03-01,2024-07-12
CONS000027,PROJ001,The Marina,DEV0009,2021-12-01,Façade,2021-06-26,2021-10-14,2021-07-01,,100.0,93.6,-6.4,21,Regulatory,469743129.0,462227239.0,-7515890.0,-1.6,704614693,462227239.0,65.6,CONT121,Al Habtoor Engineering LLC,145,190,76.3,True,77.8,0,78.1,False,False,Fit-Out,2021-10-19,2024-03-01,2024-07-12
CONS000028,PROJ001,The Marina,DEV0009,2021-10-24,Fit-Out,2021-10-24,2022-02-11,2021-10-25,,0.0,0.0,0.0,12,Regulatory,469743129.0,469743129.0,0.0,0.0,704614693,469743129.0,66.7,CONT121,Al Habtoor Engineering LLC,575,773,74.4,False,72.1,0,76.0,False,False,Handover,2022-02-16,2024-03-01,2024-07-12
CONS000029,PROJ001,The Marina,DEV0009,2021-11-01,Fit-Out,2021-10-24,2022-02-11,2021-10-25,,7.3,0.0,-7.3,12,Material Delay,478315941.0,469743129.0,-8572812.0,-1.8,704614693,469743129.0,66.7,CONT121,Al Habtoor Engineering LLC,722,800,90.2,False,94.2,0,80.6,False,False,Handover,2022-02-16,2024-03-01,2024-07-12
CONS000030,PROJ001,The Marina,DEV0009,2021-12-01,Fit-Out,2021-10-24,2022-02-11,2021-10-25,,34.5,27.1,-7.4,12,Design Change,510258474.0,501568226.0,-8690248.0,-1.7,704614693,501568226.0,71.2,CONT121,Al Habtoor Engineering LLC,718,751,95.6,False,92.4,0,79.4,False,False,Handover,2022-02-16,2024-03-01,2024-07-12
CONS000031,PROJ001,The Marina,DEV0009,2022-01-01,Fit-Out,2021-10-24,2022-02-11,2021-10-25,,62.7,65.9,3.2,12,Regulatory,543375364.0,547133309.0,3757945.0,0.7,704614693,547133309.0,77.6,CONT121,Al Habtoor Engineering LLC,400,481,83.2,False,83.7,0,78.6,False,False,Handover,2022-02-16,2024-03-01,2024-07-12
CONS000032,PROJ001,The Marina,DEV0009,2022-02-01,Fit-Out,2021-10-24,2022-02-11,2021-10-25,,90.9,77.9,-13.0,12,Labour Shortage,576492255.0,561225603.0,-15266652.0,-2.6,704614693,561225603.0,79.7,CONT121,Al Habtoor Engineering LLC,176,237,74.3,False,79.2,0,73.6,True,False,Handover,2022-02-16,2024-03-01,2024-07-12
CONS000033,PROJ001,The Marina,DEV0009,2022-03-01,Fit-Out,2021-10-24,2022-02-11,2021-10-25,,100.0,86.6,-13.4,12,Material Delay,587178911.0,571442516.0,-15736395.0,-2.7,704614693,571442516.0,81.1,CONT121,Al Habtoor Engineering LLC,351,386,90.9,False,76.4,0,75.2,True,False,Handover,2022-02-16,2024-03-01,2024-07-12
CONS000034,PROJ001,The Marina,DEV0009,2022-04-01,Fit-Out,2021-10-24,2022-02-11,2021-10-25,,100.0,83.2,-16.8,12,COVID-19,587178911.0,567449699.0,-19729212.0,-3.4,704614693,567449699.0,80.5,CONT121,Al Habtoor Engineering LLC,628,620,101.3,False,80.1,0,77.5,True,False,Handover,2022-02-16,2024-03-01,2024-07-12
CONS000035,PROJ001,The Marina,DEV0009,2022-02-21,Handover,2022-02-21,2022-06-11,2022-02-21,,0.0,0.0,0.0,0,,587178911.0,587178911.0,0.0,0.0,704614693,587178911.0,83.3,CONT121,Al Habtoor Engineering LLC,321,418,76.8,False,85.2,0,80.4,False,False,Completed,2022-06-16,2024-03-01,2024-07-12
CONS000036,PROJ001,The Marina,DEV0009,2022-03-01,Handover,2022-02-21,2022-06-11,2022-02-21,,7.3,1.5,-5.8,0,,595751723.0,588940448.0,-6811275.0,-1.1,704614693,588940448.0,83.6,CONT121,Al Habtoor Engineering LLC,184,178,103.4,False,83.8,0,77.7,False,False,Completed,2022-06-16,2024-03-01,2024-07-12
CONS000037,PROJ001,The Marina,DEV0009,2022-04-01,Handover,2022-02-21,2022-06-11,2022-02-21,,35.5,27.8,-7.7,0,,628868614.0,619826058.0,-9042556.0,-1.4,704614693,619826058.0,88.0,CONT121,Al Habtoor Engineering LLC,358,378,94.7,False,71.7,0,76.7,False,False,Completed,2022-06-16,2024-03-01,2024-07-12
CONS000038,PROJ001,The Marina,DEV0009,2022-05-01,Handover,2022-02-21,2022-06-11,2022-02-21,,62.7,68.3,5.6,0,,660811146.0,667387550.0,6576404.0,1.0,704614693,667387550.0,94.7,CONT121,Al Habtoor Engineering LLC,625,589,106.1,False,85.6,0,80.6,False,False,Completed,2022-06-16,2024-03-01,2024-07-12
CONS000039,PROJ001,The Marina,DEV0009,2022-06-01,Handover,2022-02-21,2022-06-11,2022-02-21,,90.9,97.0,6.1,0,,693928037.0,701091620.0,7163583.0,1.0,704614693,701091620.0,99.5,CONT121,Al Habtoor Engineering LLC,568,605,93.9,False,85.3,0,79.0,False,False,Completed,2022-06-16,2024-03-01,2024-07-12
CONS000040,PROJ001,The Marina,DEV0009,2022-07-01,Handover,2022-02-21,2022-06-11,2022-02-21,2022-06-11,100.0,100.0,0.0,0,,704614693.0,704614693.0,0.0,0.0,704614693,704614693.0,100.0,CONT121,Al Habtoor Engineering LLC,377,398,94.7,True,89.2,0,78.6,False,False,Completed,2022-06-16,2024-03-01,2024-07-12
CONS000041,PROJ001,The Marina,DEV0009,2022-08-01,Handover,2022-02-21,2022-06-11,2022-02-21,2022-06-11,100.0,100.0,0.0,0,,704614693.0,704614693.0,0.0,0.0,704614693,704614693.0,100.0,CONT121,Al Habtoor Engineering LLC,697,798,87.3,True,74.2,0,78.9,False,False,Completed,2022-06-16,2024-03-01,2024-07-12
CONS000042,PROJ002,Royal Gardens,DEV0043,2020-10-01,Foundation,2020-10-01,2021-01-19,2020-10-17,,0.0,0.0,0.0,24,COVID-19,0.0,0.0,0.0,0.0,1758971758,0.0,0.0,CONT114,National Projects & Construction LLC,685,672,101.9,False,79.8,0,91.4,False,False,Structure,2021-01-24,2022-11-13,2023-08-12
CONS000043,PROJ002,Royal Gardens,DEV0043,2020-11-01,Foundation,2020-10-01,2021-01-19,2020-10-17,,28.2,17.9,-10.3,24,Labour Shortage,82671673.0,52475991.0,-30195682.0,-36.5,1758971758,52475991.0,3.0,CONT114,National Projects & Construction LLC,376,390,96.4,False,78.2,0,86.6,True,False,Structure,2021-01-24,2022-11-13,2023-08-12
CONS000044,PROJ002,Royal Gardens,DEV0043,2020-12-01,Foundation,2020-10-01,2021-01-19,2020-10-17,,55.5,41.7,-13.8,24,Labour Shortage,162704888.0,122248537.0,-40456351.0,-24.9,1758971758,122248537.0,6.9,CONT114,National Projects & Construction LLC,595,742,80.2,False,75.2,0,84.2,True,False,Structure,2021-01-24,2022-11-13,2023-08-12
CONS000045,PROJ002,Royal Gardens,DEV0043,2021-01-01,Foundation,2020-10-01,2021-01-19,2020-10-17,,83.6,79.4,-4.2,24,Labour Shortage,245083398.0,232770596.0,-12312802.0,-5.0,1758971758,232770596.0,13.2,CONT114,National Projects & Construction LLC,537,674,79.7,False,71.9,0,93.4,False,False,Structure,2021-01-24,2022-11-13,2023-08-12
CONS000046,PROJ002,Royal Gardens,DEV0043,2021-02-01,Foundation,2020-10-01,2021-01-19,2020-10-17,,100.0,83.8,-16.2,24,Regulatory,293161960.0,245669722.0,-47492238.0,-16.2,1758971758,245669722.0,14.0,CONT114,National Projects & Construction LLC,547,560,97.7,False,86.4,0,83.8,True,False,Structure,2021-01-24,2022-11-13,2023-08-12
CONS000047,PROJ002,Royal Gardens,DEV0043,2021-03-01,Foundation,2020-10-01,2021-01-19,2020-10-17,,100.0,93.1,-6.9,24,Weather,293161960.0,272933784.0,-20228176.0,-6.9,1758971758,272933784.0,15.5,CONT114,National Projects & Construction LLC,313,326,96.0,True,71.0,0,90.3,False,False,Structure,2021-01-24,2022-11-13,2023-08-12
CONS000048,PROJ002,Royal Gardens,DEV0043,2021-01-29,Structure,2021-01-29,2021-05-19,2021-02-04,,0.0,0.0,0.0,35,Design Change,293161960.0,293161960.0,0.0,0.0,1758971758,293161960.0,16.7,CONT114,National Projects & Construction LLC,703,738,95.3,False,70.4,0,93.2,True,False,MEP,2021-05-24,2022-11-13,2023-08-12
CONS000049,PROJ002,Royal Gardens,DEV0043,2021-02-01,Structure,2021-01-29,2021-05-19,2021-02-04,,2.7,0.0,-2.7,35,Labour Shortage,301077333.0,293161960.0,-7915373.0,-2.6,1758971758,293161960.0,16.7,CONT114,National Projects & Construction LLC,324,335,96.7,False,83.1,0,86.1,True,False,MEP,2021-05-24,2022-11-13,2023-08-12
CONS000050,PROJ002,Royal Gardens,DEV0043,2021-03-01,Structure,2021-01-29,2021-05-19,2021-02-04,,28.2,22.4,-5.8,35,Labour Shortage,375833632.0,358830239.0,-17003393.0,-4.5,1758971758,358830239.0,20.4,CONT114,National Projects & Construction LLC,469,557,84.2,False,72.8,0,88.4,True,False,MEP,2021-05-24,2022-11-13,2023-08-12
CONS000051,PROJ002,Royal Gardens,DEV0043,2021-04-01,Structure,2021-01-29,2021-05-19,2021-02-04,,56.4,42.7,-13.7,35,Financing,458505305.0,418342116.0,-40163189.0,-8.8,1758971758,418342116.0,23.8,CONT114,National Projects & Construction LLC,517,576,89.8,False,79.6,0,84.9,True,False,MEP,2021-05-24,2022-11-13,2023-08-12
CONS000052,PROJ002,Royal Gardens,DEV0043,2021-05-01,Structure,2021-01-29,2021-05-19,2021-02-04,,83.6,71.2,-12.4,35,Regulatory,538245358.0,501893275.0,-36352083.0,-6.8,1758971758,501893275.0,28.5,CONT114,National Projects & Construction LLC,660,647,102.0,False,78.1,0,85.1,True,False,MEP,2021-05-24,2022-11-13,2023-08-12
CONS000053,PROJ002,Royal Gardens,DEV0043,2021-06-01,Structure,2021-01-29,2021-05-19,2021-02-04,,100.0,82.4,-17.6,35,Design Change,586323919.0,534727414.0,-51596505.0,-8.8,1758971758,534727414.0,30.4,CONT114,National Projects & Construction LLC,339,347,97.7,False,87.2,0,85.8,True,False,MEP,2021-05-24,2022-11-13,2023-08-12
CONS000054,PROJ002,Royal Gardens,DEV0043,2021-07-01,Structure,2021-01-29,2021-05-19,2021-02-04,,100.0,94.1,-5.9,35,COVID-19,586323919.0,569027364.0,-17296555.0,-2.9,1758971758,569027364.0,32.4,CONT114,National Projects & Construction LLC,148,158,93.7,True,86.9,1,82.0,True,True,MEP,2021-05-24,2022-11-13,2023-08-12
CONS000055,PROJ002,Royal Gardens,DEV0043,2021-05-29,MEP,2021-05-29,2021-09-16,2021-06-04,,0.0,0.0,0.0,6,Financing,586323919.0,586323919.0,0.0,0.0,1758971758,586323919.0,33.3,CONT114,National Projects & Construction LLC,147,185,79.5,False,71.5,1,84.0,False,True,Façade,2021-09-21,2022-11-13,2023-08-12
CONS000056,PROJ002,Royal Gardens,DEV0043,2021-06-01,MEP,2021-05-29,2021-09-16,2021-06-04,,2.7,0.0,-2.7,6,Material Delay,594239292.0,586323919.0,-7915373.0,-1.3,1758971758,586323919.0,33.3,CONT114,National Projects & Construction LLC,148,177,83.6,False,71.3,0,88.9,False,False,Façade,2021-09-21,2022-11-13,2023-08-12
CONS000057,PROJ002,Royal Gardens,DEV0043,2021-07-01,MEP,2021-05-29,2021-09-16,2021-06-04,,30.0,22.7,-7.3,6,Design Change,674272507.0,652871684.0,-21400823.0,-3.2,1758971758,652871684.0,37.1,CONT114,National Projects & Construction LLC,549,727,75.5,False,75.0,0,87.1,False,False,Façade,2021-09-21,2022-11-13,2023-08-12
CONS000058,PROJ002,Royal Gardens,DEV0043,2021-08-01,MEP,2021-05-29,2021-09-16,2021-06-04,,58.2,63.1,4.9,6,Financing,756944180.0,771309116.0,14364936.0,1.9,1758971758,771309116.0,43.9,CONT114,National Projects & Construction LLC,434,460,94.3,False,81.1,0,89.1,False,False,Façade,2021-09-21,2022-11-13,2023-08-12
CONS000059,PROJ002,Royal Gardens,DEV0043,2021-09-01,MEP,2021-05-29,2021-09-16,2021-06-04,,86.4,86.2,-0.2,6,Design Change,839615852.0,839029529.0,-586323.0,-0.1,1758971758,839029529.0,47.7,CONT114,National Projects & Construction LLC,556,728,76.4,False,89.4,0,91.5,False,False,Façade,2021-09-21,2022-11-13,2023-08-12
CONS000060,PROJ002,Royal Gardens,DEV0043,2021-10-01,MEP,2021-05-29,2021-09-16,2021-06-04,,100.0,98.1,-1.9,6,Financing,879485879.0,873915802.0,-5570077.0,-0.6,1758971758,873915802.0,49.7,CONT114,National Projects & Construction LLC,479,525,91.2,True,94.6,0,91.5,False,False,Façade,2021-09-21,2022-11-13,2023-08-12
CONS000061,PROJ002,Royal Gardens,DEV0043,2021-11-01,MEP,2021-05-29,2021-09-16,2021-06-04,,100.0,88.2,-11.8,6,Regulatory,879485879.0,844892768.0,-34593111.0,-3.9,1758971758,844892768.0,48.0,CONT114,National Projects & Construction LLC,612,673,90.9,False,88.9,0,87.1,True,False,Façade,2021-09-21,2022-11-13,2023-08-12
CONS000062,PROJ002,Royal Gardens,DEV0043,2021-09-26,Façade,2021-09-26,2022-01-14,2021-09-28,,0.0,0.0,0.0,35,Financing,879485879.0,879485879.0,0.0,0.0,1758971758,879485879.0,50.0,CONT114,National Projects & Construction LLC,700,645,108.5,False,77.6,0,89.2,True,False,Fit-Out,2022-01-19,2022-11-13,2023-08-12
CONS000063,PROJ002,Royal Gardens,DEV0043,2021-10-01,Façade,2021-09-26,2022-01-14,2021-09-28,,4.5,0.0,-4.5,35,COVID-19,892678167.0,879485879.0,-13192288.0,-1.5,1758971758,879485879.0,50.0,CONT114,National Projects & Construction LLC,318,384,82.8,False,81.7,0,87.2,True,False,Fit-Out,2022-01-19,2022-11-13,2023-08-12
CONS000064,PROJ002,Royal Gardens,DEV0043,2021-11-01,Façade,2021-09-26,2022-01-14,2021-09-28,,32.7,27.9,-4.8,35,Labour Shortage,975349840.0,961278066.0,-14071774.0,-1.4,1758971758,961278066.0,54.7,CONT114,National Projects & Construction LLC,338,348,97.1,False,82.6,0,87.2,True,False,Fit-Out,2022-01-19,2022-11-13,2023-08-12
CONS000065,PROJ002,Royal Gardens,DEV0043,2021-12-01,Façade,2021-09-26,2022-01-14,2021-09-28,,60.0,48.0,-12.0,35,COVID-19,1055383055.0,1020203620.0,-35179435.0,-3.3,1758971758,1020203620.0,58.0,CONT114,National Projects & Construction LLC,373,354,105.4,False,72.2,0,91.1,True,False,Fit-Out,2022-01-19,2022-11-13,2023-08-12
CONS000066,PROJ002,Royal Gardens,DEV0043,2022-01-01,Façade,2021-09-26,2022-01-14,2021-09-28,,88.2,67.7,-20.5,35,Regulatory,1138054727.0,1077956526.0,-60098201.0,-5.3,1758971758,1077956526.0,61.3,CONT114,National Projects & Construction LLC,649,713,91.0,False,92.7,0,85.7,True,False,Fit-Out,2022-01-19,2022-11-13,2023-08-12
CONS000067,PROJ002,Royal Gardens,DEV0043,2022-02-01,Façade,2021-09-26,2022-01-14,2021-09-28,,100.0,89.8,-10.2,35,Weather,1172647839.0,1142745319.0,-29902520.0,-2.6,1758971758,1142745319.0,65.0,CONT114,National Projects & Construction LLC,422,491,85.9,False,75.4,0,85.3,True,False,Fit-Out,2022-01-19,2022-11-13,2023-08-12
CONS000068,PROJ002,Royal Gardens,DEV0043,2022-03-01,Façade,2021-09-26,2022-01-14,2021-09-28,,100.0,91.5,-8.5,35,Regulatory,1172647839.0,1147729072.0,-24918767.0,-2.1,1758971758,1147729072.0,65.2,CONT114,National Projects & Construction LLC,343,486,70.6,True,84.9,0,87.8,True,False,Fit-Out,2022-01-19,2022-11-13,2023-08-12
CONS000069,PROJ002,Royal Gardens,DEV0043,2022-01-24,Fit-Out,2022-01-24,2022-05-14,2022-01-24,,0.0,0.0,0.0,0,,1172647839.0,1172647839.0,0.0,0.0,1758971758,1172647839.0,66.7,CONT114,National Projects & Construction LLC,198,268,73.9,False,77.0,0,89.3,False,False,Handover,2022-05-19,2022-11-13,2023-08-12
CONS000070,PROJ002,Royal Gardens,DEV0043,2022-02-01,Fit-Out,2022-01-24,2022-05-14,2022-01-24,,7.3,0.0,-7.3,0,,1194048662.0,1172647839.0,-21400823.0,-1.8,1758971758,1172647839.0,66.7,CONT114,National Projects & Construction LLC,471,557,84.6,False,86.2,0,89.0,False,False,Handover,2022-05-19,2022-11-13,2023-08-12
CONS000071,PROJ002,Royal Gardens,DEV0043,2022-03-01,Fit-Out,2022-01-24,2022-05-14,2022-01-24,,32.7,19.5,-13.2,0,,1268511799.0,1229814421.0,-38697378.0,-3.1,1758971758,1229814421.0,69.9,CONT114,National Projects & Construction LLC,664,694,95.7,False,79.4,1,82.1,True,True,Handover,2022-05-19,2022-11-13,2023-08-12
CONS000072,PROJ002,Royal Gardens,DEV0043,2022-04-01,Fit-Out,2022-01-24,2022-05-14,2022-01-24,,60.9,55.1,-5.8,0,,1351183472.0,1334180078.0,-17003394.0,-1.3,1758971758,1334180078.0,75.8,CONT114,National Projects & Construction LLC,458,501,91.4,False,78.3,0,90.4,False,False,Handover,2022-05-19,2022-11-13,2023-08-12
CONS000073,PROJ002,Royal Gardens,DEV0043,2022-05-01,Fit-Out,2022-01-24,2022-05-14,2022-01-24,,88.2,94.1,5.9,0,,1431216687.0,1448513243.0,17296556.0,1.2,1758971758,1448513243.0,82.4,CONT114,National Projects & Construction LLC,191,222,86.0,False,85.7,0,90.1,False,False,Handover,2022-05-19,2022-11-13,2023-08-12
CONS000074,PROJ002,Royal Gardens,DEV0043,2022-06-01,Fit-Out,2022-01-24,2022-05-14,2022-01-24,,100.0,90.7,-9.3,0,,1465809798.0,1438545736.0,-27264062.0,-1.9,1758971758,1438545736.0,81.8,CONT114,National Projects & Construction LLC,237,338,70.1,True,89.4,0,87.4,False,False,Handover,2022-05-19,2022-11-13,2023-08-12
CONS000075,PROJ002,Royal Gardens,DEV0043,2022-07-01,Fit-Out,2022-01-24,2022-05-14,2022-01-24,,100.0,89.0,-11.0,0,,1465809798.0,1433561983.0,-32247815.0,-2.2,1758971758,1433561983.0,81.5,CONT114,National Projects & Construction LLC,190,224,84.8,False,94.2,0,83.2,True,False,Handover,2022-05-19,2022-11-13,2023-08-12
CONS000076,PROJ002,Royal Gardens,DEV0043,2022-05-24,Handover,2022-05-24,2022-09-11,2022-05-24,,0.0,0.0,0.0,0,,1465809798.0,1465809798.0,0.0,0.0,1758971758,1465809798.0,83.3,CONT114,National Projects & Construction LLC,418,459,91.1,False,97.2,0,87.5,False,False,Completed,2022-09-16,2022-11-13,2023-08-12
CONS000077,PROJ002,Royal Gardens,DEV0043,2022-06-01,Handover,2022-05-24,2022-09-11,2022-05-24,,7.3,7.1,-0.2,0,,1487210621.0,1486624297.0,-586324.0,-0.0,1758971758,1486624297.0,84.5,CONT114,National Projects & Construction LLC,782,745,105.0,False,88.8,0,91.7,False,False,Completed,2022-09-16,2022-11-13,2023-08-12
CONS000078,PROJ002,Royal Gardens,DEV0043,2022-07-01,Handover,2022-05-24,2022-09-11,2022-05-24,,34.5,31.1,-3.4,0,,1566950674.0,1556983168.0,-9967506.0,-0.6,1758971758,1556983168.0,88.5,CONT114,National Projects & Construction LLC,447,415,107.7,False,75.4,1,82.1,False,True,Completed,2022-09-16,2022-11-13,2023-08-12
CONS000079,PROJ002,Royal Gardens,DEV0043,2022-08-01,Handover,2022-05-24,2022-09-11,2022-05-24,,62.7,55.4,-7.3,0,,1649622347.0,1628221524.0,-21400823.0,-1.3,1758971758,1628221524.0,92.6,CONT114,National Projects & Construction LLC,589,584,100.9,False,74.2,0,86.1,False,False,Completed,2022-09-16,2022-11-13,2023-08-12
CONS000080,PROJ002,Royal Gardens,DEV0043,2022-09-01,Handover,2022-05-24,2022-09-11,2022-05-24,2022-09-11,90.9,100.0,9.1,0,,1732294020.0,1758971758.0,26677738.0,1.5,1758971758,1758971758.0,100.0,CONT114,National Projects & Construction LLC,282,273,103.3,False,89.4,0,92.7,False,False,Completed,2022-09-16,2022-11-13,2023-08-12
CONS000081,PROJ002,Royal Gardens,DEV0043,2022-10-01,Handover,2022-05-24,2022-09-11,2022-05-24,2022-09-11,100.0,100.0,0.0,0,,1758971758.0,1758971758.0,0.0,0.0,1758971758,1758971758.0,100.0,CONT114,National Projects & Construction LLC,535,517,103.5,True,87.0,0,91.4,False,False,Completed,2022-09-16,2022-11-13,2023-08-12
CONS000082,PROJ002,Royal Gardens,DEV0043,2022-11-01,Handover,2022-05-24,2022-09-11,2022-05-24,2022-09-11,100.0,100.0,0.0,0,,1758971758.0,1758971758.0,0.0,0.0,1758971758,1758971758.0,100.0,CONT114,National Projects & Construction LLC,483,496,97.4,True,92.3,0,87.9,False,False,Completed,2022-09-16,2022-11-13,2023-08-12
CONS000083,PROJ003,The Tower,DEV0041,2020-07-01,Foundation,2020-07-01,2020-10-19,2020-07-02,,0.0,0.0,0.0,5,Regulatory,0.0,0.0,0.0,0.0,157731396,0.0,0.0,CONT120,Laing O'Rourke ME LLC,513,550,93.3,False,75.7,0,69.8,False,False,Structure,2020-10-24,2022-07-02,2022-07-09
CONS000084,PROJ003,The Tower,DEV0041,2020-08-01,Foundation,2020-07-01,2020-10-19,2020-07-02,,28.2,31.6,3.4,5,Financing,7413376.0,8307187.0,893811.0,12.1,157731396,8307187.0,5.3,CONT120,Laing O'Rourke ME LLC,509,463,109.9,False,88.8,0,76.1,False,False,Structure,2020-10-24,2022-07-02,2022-07-09
CONS000085,PROJ003,The Tower,DEV0041,2020-09-01,Foundation,2020-07-01,2020-10-19,2020-07-02,,56.4,44.0,-12.4,5,Regulatory,14826751.0,11566969.0,-3259782.0,-22.0,157731396,11566969.0,7.3,CONT120,Laing O'Rourke ME LLC,497,558,89.1,False,74.6,0,75.5,True,False,Structure,2020-10-24,2022-07-02,2022-07-09
CONS000086,PROJ003,The Tower,DEV0041,2020-10-01,Foundation,2020-07-01,2020-10-19,2020-07-02,,83.6,73.0,-10.6,5,COVID-19,21977241.0,19190653.0,-2786588.0,-12.7,157731396,19190653.0,12.2,CONT120,Laing O'Rourke ME LLC,647,734,88.1,False,75.1,0,74.3,True,False,Structure,2020-10-24,2022-07-02,2022-07-09
CONS000087,PROJ003,The Tower,DEV0041,2020-11-01,Foundation,2020-07-01,2020-10-19,2020-07-02,2020-10-24,100.0,100.0,0.0,5,Financing,26288566.0,26288566.0,0.0,0.0,157731396,26288566.0,16.7,CONT120,Laing O'Rourke ME LLC,467,553,84.4,True,83.0,0,79.4,False,False,Structure,2020-10-24,2022-07-02,2022-07-09
CONS000088,PROJ003,The Tower,DEV0041,2020-12-01,Foundation,2020-07-01,2020-10-19,2020-07-02,2020-10-24,100.0,100.0,0.0,5,Weather,26288566.0,26288566.0,0.0,0.0,157731396,26288566.0,16.7,CONT120,Laing O'Rourke ME LLC,724,749,96.7,True,89.7,0,74.5,False,False,Structure,2020-10-24,2022-07-02,2022-07-09
CONS000089,PROJ003,The Tower,DEV0041,2020-10-29,Structure,2020-10-29,2021-02-16,2020-10-29,,0.0,2.8,2.8,0,,26288566.0,27024646.0,736080.0,2.8,157731396,27024646.0,17.1,CONT120,Laing O'Rourke ME LLC,419,467,89.7,False,88.2,0,74.4,False,False,MEP,2021-02-21,2022-07-02,2022-07-09
CONS000090,PROJ003,The Tower,DEV0041,2020-11-01,Structure,2020-10-29,2021-02-16,2020-10-29,,2.7,7.7,5.0,0,,26998357.0,28312786.0,1314429.0,4.9,157731396,28312786.0,18.0,CONT120,Laing O'Rourke ME LLC,604,634,95.3,False,96.8,1,74.2,False,True,MEP,2021-02-21,2022-07-02,2022-07-09
CONS000091,PROJ003,The Tower,DEV0041,2020-12-01,Structure,2020-10-29,2021-02-16,2020-10-29,,30.0,31.6,1.6,0,,34175136.0,34595753.0,420617.0,1.2,157731396,34595753.0,21.9,CONT120,Laing O'Rourke ME LLC,678,798,85.0,False,83.1,0,77.8,False,False,MEP,2021-02-21,2022-07-02,2022-07-09
CONS000092,PROJ003,The Tower,DEV0041,2021-01-01,Structure,2020-10-29,2021-02-16,2020-10-29,,58.2,47.8,-10.4,0,,41588511.0,38854501.0,-2734010.0,-6.6,157731396,38854501.0,24.6,CONT120,Laing O'Rourke ME LLC,148,209,70.8,False,84.4,0,74.3,True,False,MEP,2021-02-21,2022-07-02,2022-07-09
CONS000093,PROJ003,The Tower,DEV0041,2021-02-01,Structure,2020-10-29,2021-02-16,2020-10-29,,86.4,91.4,5.0,0,,49001887.0,50316315.0,1314428.0,2.7,157731396,50316315.0,31.9,CONT120,Laing O'Rourke ME LLC,595,595,100.0,False,93.6,0,80.2,False,False,MEP,2021-02-21,2022-07-02,2022-07-09
CONS000094,PROJ003,The Tower,DEV0041,2021-03-01,Structure,2020-10-29,2021-02-16,2020-10-29,2021-02-16,100.0,100.0,0.0,0,,52577132.0,52577132.0,0.0,0.0,157731396,52577132.0,33.3,CONT120,Laing O'Rourke ME LLC,449,493,91.1,True,89.7,0,77.6,False,False,MEP,2021-02-21,2022-07-02,2022-07-09
CONS000095,PROJ003,The Tower,DEV0041,2021-04-01,Structure,2020-10-29,2021-02-16,2020-10-29,2021-02-16,100.0,100.0,0.0,0,,52577132.0,52577132.0,0.0,0.0,157731396,52577132.0,33.3,CONT120,Laing O'Rourke ME LLC,208,198,105.1,True,73.4,0,77.6,False,False,MEP,2021-02-21,2022-07-02,2022-07-09
CONS000096,PROJ003,The Tower,DEV0041,2021-02-26,MEP,2021-02-26,2021-06-16,2021-02-26,,0.0,0.0,0.0,1,Weather,52577132.0,52577132.0,0.0,0.0,157731396,52577132.0,33.3,CONT120,Laing O'Rourke ME LLC,369,494,74.7,False,70.1,0,78.2,False,False,Façade,2021-06-21,2022-07-02,2022-07-09
CONS000097,PROJ003,The Tower,DEV0041,2021-03-01,MEP,2021-02-26,2021-06-16,2021-02-26,,2.7,0.5,-2.2,1,Labour Shortage,53286923.0,52708575.0,-578348.0,-1.1,157731396,52708575.0,33.4,CONT120,Laing O'Rourke ME LLC,490,542,90.4,False,71.9,0,77.1,False,False,Façade,2021-06-21,2022-07-02,2022-07-09
CONS000098,PROJ003,The Tower,DEV0041,2021-04-01,MEP,2021-02-26,2021-06-16,2021-02-26,,30.9,16.9,-14.0,1,COVID-19,60700299.0,57019900.0,-3680399.0,-6.1,157731396,57019900.0,36.2,CONT120,Laing O'Rourke ME LLC,649,656,98.9,False,82.0,0,74.3,True,False,Façade,2021-06-21,2022-07-02,2022-07-09
CONS000099,PROJ003,The Tower,DEV0041,2021-05-01,MEP,2021-02-26,2021-06-16,2021-02-26,,58.2,45.8,-12.4,1,Labour Shortage,67877077.0,64617295.0,-3259782.0,-4.8,157731396,64617295.0,41.0,CONT120,Laing O'Rourke ME LLC,401,422,95.0,False,80.0,0,75.1,True,False,Façade,2021-06-21,2022-07-02,2022-07-09
CONS000100,PROJ003,The Tower,DEV0041,2021-06-01,MEP,2021-02-26,2021-06-16,2021-02-26,,86.4,93.9,7.5,1,Weather,75290453.0,77262095.0,1971642.0,2.6,157731396,77262095.0,49.0,CONT120,Laing O'Rourke ME LLC,457,499,91.6,False,77.4,0,82.1,False,False,Façade,2021-06-21,2022-07-02,2022-07-09
CONS000101,PROJ003,The Tower,DEV0041,2021-07-01,MEP,2021-02-26,2021-06-16,2021-02-26,,100.0,92.1,-7.9,1,Material Delay,78865698.0,76788901.0,-2076797.0,-2.6,157731396,76788901.0,48.7,CONT120,Laing O'Rourke ME LLC,699,749,93.3,True,81.5,0,73.1,False,False,Façade,2021-06-21,2022-07-02,2022-07-09
CONS000102,PROJ003,The Tower,DEV0041,2021-08-01,MEP,2021-02-26,2021-06-16,2021-02-26,,100.0,91.5,-8.5,1,Material Delay,78865698.0,76631170.0,-2234528.0,-2.8,157731396,76631170.0,48.6,CONT120,Laing O'Rourke ME LLC,364,427,85.2,True,77.4,0,75.2,False,False,Façade,2021-06-21,2022-07-02,2022-07-09
CONS000103,PROJ003,The Tower,DEV0041,2021-06-26,Façade,2021-06-26,2021-10-14,2021-07-01,,0.0,5.4,5.4,8,COVID-19,78865698.0,80285281.0,1419583.0,1.8,157731396,80285281.0,50.9,CONT120,Laing O'Rourke ME LLC,460,630,73.0,False,96.5,2,67.7,False,True,Fit-Out,2021-10-19,2022-07-02,2022-07-09
CONS000104,PROJ003,The Tower,DEV0041,2021-07-01,Façade,2021-06-26,2021-10-14,2021-07-01,,4.5,0.0,-4.5,8,COVID-19,80048683.0,78865698.0,-1182985.0,-1.5,157731396,78865698.0,50.0,CONT120,Laing O'Rourke ME LLC,570,588,96.9,False,76.1,0,73.8,False,False,Fit-Out,2021-10-19,2022-07-02,2022-07-09
CONS000105,PROJ003,The Tower,DEV0041,2021-08-01,Façade,2021-06-26,2021-10-14,2021-07-01,,32.7,35.7,3.0,8,Labour Shortage,87462059.0,88250716.0,788657.0,0.9,157731396,88250716.0,55.9,CONT120,Laing O'Rourke ME LLC,298,418,71.3,False,77.8,0,76.3,False,False,Fit-Out,2021-10-19,2022-07-02,2022-07-09
CONS000106,PROJ003,The Tower,DEV0041,2021-09-01,Façade,2021-06-26,2021-10-14,2021-07-01,,60.9,65.7,4.8,8,Financing,94875435.0,96137286.0,1261851.0,1.3,157731396,96137286.0,61.0,CONT120,Laing O'Rourke ME LLC,315,287,109.8,False,73.0,0,79.2,False,False,Fit-Out,2021-10-19,2022-07-02,2022-07-09
CONS000107,PROJ003,The Tower,DEV0041,2021-10-01,Façade,2021-06-26,2021-10-14,2021-07-01,,88.2,84.2,-4.0,8,Regulatory,102052213.0,101000671.0,-1051542.0,-1.0,157731396,101000671.0,64.0,CONT120,Laing O'Rourke ME LLC,432,473,91.3,False,70.6,0,76.4,False,False,Fit-Out,2021-10-19,2022-07-02,2022-07-09
CONS000108,PROJ003,The Tower,DEV0041,2021-11-01,Façade,2021-06-26,2021-10-14,2021-07-01,,100.0,85.8,-14.2,8,Material Delay,105154264.0,101421288.0,-3732976.0,-3.5,157731396,101421288.0,64.3,CONT120,Laing O'Rourke ME LLC,345,384,89.8,False,78.9,0,73.3,True,False,Fit-Out,2021-10-19,2022-07-02,2022-07-09
CONS000109,PROJ003,The Tower,DEV0041,2021-12-01,Façade,2021-06-26,2021-10-14,2021-07-01,,100.0,89.6,-10.4,8,Regulatory,105154264.0,102420253.0,-2734011.0,-2.6,157731396,102420253.0,64.9,CONT120,Laing O'Rourke ME LLC,473,527,89.8,False,83.9,0,73.2,True,False,Fit-Out,2021-10-19,2022-07-02,2022-07-09
CONS000110,PROJ003,The Tower,DEV0041,2021-10-24,Fit-Out,2021-10-24,2022-02-11,2021-10-24,,0.0,0.9,0.9,0,,105154264.0,105390861.0,236597.0,0.2,157731396,105390861.0,66.8,CONT120,Laing O'Rourke ME LLC,547,679,80.6,False,81.9,0,77.1,False,False,Handover,2022-02-16,2022-07-02,2022-07-09
CONS000111,PROJ003,The Tower,DEV0041,2021-11-01,Fit-Out,2021-10-24,2022-02-11,2021-10-24,,7.3,0.0,-7.3,0,,107073329.0,105154264.0,-1919065.0,-1.8,157731396,105154264.0,66.7,CONT120,Laing O'Rourke ME LLC,175,242,72.3,False,89.8,0,76.2,False,False,Handover,2022-02-16,2022-07-02,2022-07-09
CONS000112,PROJ003,The Tower,DEV0041,2021-12-01,Fit-Out,2021-10-24,2022-02-11,2021-10-24,,34.5,31.0,-3.5,0,,114223819.0,113303719.0,-920100.0,-0.8,157731396,113303719.0,71.8,CONT120,Laing O'Rourke ME LLC,603,716,84.2,False,80.8,0,72.8,False,False,Handover,2022-02-16,2022-07-02,2022-07-09
CONS000113,PROJ003,The Tower,DEV0041,2022-01-01,Fit-Out,2021-10-24,2022-02-11,2021-10-24,,62.7,59.6,-3.1,0,,121637195.0,120822249.0,-814946.0,-0.7,157731396,120822249.0,76.6,CONT120,Laing O'Rourke ME LLC,197,196,100.5,False,94.5,0,75.9,False,False,Handover,2022-02-16,2022-07-02,2022-07-09
CONS000114,PROJ003,The Tower,DEV0041,2022-02-01,Fit-Out,2021-10-24,2022-02-11,2021-10-24,,90.9,81.2,-9.7,0,,129050570.0,126500580.0,-2549990.0,-2.0,157731396,126500580.0,80.2,CONT120,Laing O'Rourke ME LLC,368,471,78.1,False,74.7,0,74.1,False,False,Handover,2022-02-16,2022-07-02,2022-07-09
CONS000115,PROJ003,The Tower,DEV0041,2022-03-01,Fit-Out,2021-10-24,2022-02-11,2021-10-24,,100.0,89.8,-10.2,0,,131442830.0,128761396.0,-2681434.0,-2.0,157731396,128761396.0,81.6,CONT120,Laing O'Rourke ME LLC,752,729,103.2,False,97.1,0,75.2,True,False,Handover,2022-02-16,2022-07-02,2022-07-09
CONS000116,PROJ003,The Tower,DEV0041,2022-04-01,Fit-Out,2021-10-24,2022-02-11,2021-10-24,,100.0,91.2,-8.8,0,,131442830.0,129129436.0,-2313394.0,-1.8,157731396,129129436.0,81.9,CONT120,Laing O'Rourke ME LLC,292,307,95.1,True,70.2,0,71.5,False,False,Handover,2022-02-16,2022-07-02,2022-07-09
CONS000117,PROJ003,The Tower,DEV0041,2022-02-21,Handover,2022-02-21,2022-06-11,2022-02-21,,0.0,0.0,0.0,0,,131442830.0,131442830.0,0.0,0.0,157731396,131442830.0,83.3,CONT120,Laing O'Rourke ME LLC,200,238,84.0,False,80.4,0,79.8,False,False,Completed,2022-06-16,2022-07-02,2022-07-09
CONS000118,PROJ003,The Tower,DEV0041,2022-03-01,Handover,2022-02-21,2022-06-11,2022-02-21,,7.3,16.4,9.1,0,,133361895.0,135754155.0,2392260.0,1.8,157731396,135754155.0,86.1,CONT120,Laing O'Rourke ME LLC,264,348,75.9,False,91.8,0,80.0,False,False,Completed,2022-06-16,2022-07-02,2022-07-09
CONS000119,PROJ003,The Tower,DEV0041,2022-04-01,Handover,2022-02-21,2022-06-11,2022-02-21,,35.5,24.7,-10.8,0,,140775271.0,137936106.0,-2839165.0,-2.0,157731396,137936106.0,87.5,CONT120,Laing O'Rourke ME LLC,544,577,94.3,False,91.8,0,74.1,True,False,Completed,2022-06-16,2022-07-02,2022-07-09
CONS000120,PROJ003,The Tower,DEV0041,2022-05-01,Handover,2022-02-21,2022-06-11,2022-02-21,,62.7,55.8,-6.9,0,,147925761.0,146111850.0,-1813911.0,-1.2,157731396,146111850.0,92.6,CONT120,Laing O'Rourke ME LLC,196,206,95.1,False,92.0,0,73.9,False,False,Completed,2022-06-16,2022-07-02,2022-07-09
CONS000121,PROJ003,The Tower,DEV0041,2022-06-01,Handover,2022-02-21,2022-06-11,2022-02-21,,90.9,81.4,-9.5,0,,155339136.0,152841723.0,-2497413.0,-1.6,157731396,152841723.0,96.9,CONT120,Laing O'Rourke ME LLC,617,752,82.0,False,85.5,0,75.0,False,False,Completed,2022-06-16,2022-07-02,2022-07-09
CONS000122,PROJ003,The Tower,DEV0041,2022-07-01,Handover,2022-02-21,2022-06-11,2022-02-21,,100.0,91.4,-8.6,0,,157731396.0,155470579.0,-2260817.0,-1.4,157731396,155470579.0,98.6,CONT120,Laing O'Rourke ME LLC,290,388,74.7,True,70.8,0,74.3,False,False,Completed,2022-06-16,2022-07-02,2022-07-09
CONS000123,PROJ003,The Tower,DEV0041,2022-08-01,Handover,2022-02-21,2022-06-11,2022-02-21,2022-06-11,100.0,100.0,0.0,0,,157731396.0,157731396.0,0.0,0.0,157731396,157731396.0,100.0,CONT120,Laing O'Rourke ME LLC,499,680,73.4,True,86.0,0,79.2,False,False,Completed,2022-06-16,2022-07-02,2022-07-09
CONS000124,PROJ004,Grand Gardens,DEV0017,2019-11-01,Foundation,2019-11-01,2020-02-19,2019-11-27,,0.0,0.0,0.0,34,COVID-19,0.0,0.0,0.0,0.0,1190741322,0.0,0.0,CONT067,Consolidated Contractors (CCC) LLC,571,548,104.2,False,95.2,0,73.4,True,False,Structure,2020-02-24,2021-11-04,2022-08-09
CONS000125,PROJ004,Grand Gardens,DEV0017,2019-12-01,Foundation,2019-11-01,2020-02-19,2019-11-27,,27.3,11.1,-16.2,34,Material Delay,54178730.0,22028714.0,-32150016.0,-59.3,1190741322,22028714.0,1.8,CONT067,Consolidated Contractors (CCC) LLC,704,781,90.1,False,91.1,0,71.8,True,False,Structure,2020-02-24,2021-11-04,2022-08-09
CONS000126,PROJ004,Grand Gardens,DEV0017,2020-01-01,Foundation,2019-11-01,2020-02-19,2019-11-27,,55.5,50.3,-5.2,34,Labour Shortage,110143572.0,99823814.0,-10319758.0,-9.4,1190741322,99823814.0,8.4,CONT067,Consolidated Contractors (CCC) LLC,702,656,107.0,False,70.3,0,75.6,True,False,Structure,2020-02-24,2021-11-04,2022-08-09
CONS000127,PROJ004,Grand Gardens,DEV0017,2020-02-01,Foundation,2019-11-01,2020-02-19,2019-11-27,,83.6,58.4,-25.2,34,Material Delay,165909958.0,115898822.0,-50011136.0,-30.1,1190741322,115898822.0,9.7,CONT067,Consolidated Contractors (CCC) LLC,564,624,90.4,False,89.4,0,68.4,True,False,Structure,2020-02-24,2021-11-04,2022-08-09
CONS000128,PROJ004,Grand Gardens,DEV0017,2020-03-01,Foundation,2019-11-01,2020-02-19,2019-11-27,,100.0,75.2,-24.8,34,Weather,198456887.0,149239579.0,-49217308.0,-24.8,1190741322,149239579.0,12.5,CONT067,Consolidated Contractors (CCC) LLC,548,648,84.6,False,80.4,0,68.1,True,False,Structure,2020-02-24,2021-11-04,2022-08-09
CONS000129,PROJ004,Grand Gardens,DEV0017,2020-04-01,Foundation,2019-11-01,2020-02-19,2019-11-27,,100.0,82.5,-17.5,34,COVID-19,198456887.0,163726932.0,-34729955.0,-17.5,1190741322,163726932.0,13.8,CONT067,Consolidated Contractors (CCC) LLC,220,227,96.9,False,97.6,0,70.3,True,False,Structure,2020-02-24,2021-11-04,2022-08-09
CONS000130,PROJ004,Grand Gardens,DEV0017,2020-02-29,Structure,2020-02-29,2020-06-18,2020-03-12,,0.0,0.0,0.0,22,Regulatory,198456887.0,198456887.0,0.0,0.0,1190741322,198456887.0,16.7,CONT067,Consolidated Contractors (CCC) LLC,823,783,105.1,False,77.1,0,76.6,False,False,MEP,2020-06-23,2021-11-04,2022-08-09
CONS000131,PROJ004,Grand Gardens,DEV0017,2020-03-01,Structure,2020-02-29,2020-06-18,2020-03-12,,0.9,0.0,-0.9,22,Material Delay,200242999.0,198456887.0,-1786112.0,-0.9,1190741322,198456887.0,16.7,CONT067,Consolidated Contractors (CCC) LLC,630,630,100.0,False,86.2,0,72.4,False,False,MEP,2020-06-23,2021-11-04,2022-08-09
CONS000132,PROJ004,Grand Gardens,DEV0017,2020-04-01,Structure,2020-02-29,2020-06-18,2020-03-12,,29.1,12.8,-16.3,22,Design Change,256207841.0,223859369.0,-32348472.0,-12.6,1190741322,223859369.0,18.8,CONT067,Consolidated Contractors (CCC) LLC,223,248,89.9,False,90.6,0,73.3,True,False,MEP,2020-06-23,2021-11-04,2022-08-09
CONS000133,PROJ004,Grand Gardens,DEV0017,2020-05-01,Structure,2020-02-29,2020-06-18,2020-03-12,,56.4,52.2,-4.2,22,Labour Shortage,310386571.0,302051382.0,-8335189.0,-2.7,1190741322,302051382.0,25.4,CONT067,Consolidated Contractors (CCC) LLC,367,503,73.0,False,80.2,0,74.1,False,False,MEP,2020-06-23,2021-11-04,2022-08-09
CONS000134,PROJ004,Grand Gardens,DEV0017,2020-06-01,Structure,2020-02-29,2020-06-18,2020-03-12,,84.5,73.2,-11.3,22,Material Delay,366152957.0,343727328.0,-22425629.0,-6.1,1190741322,343727328.0,28.9,CONT067,Consolidated Contractors (CCC) LLC,196,251,78.1,False,81.2,0,73.2,True,False,MEP,2020-06-23,2021-11-04,2022-08-09
CONS000135,PROJ004,Grand Gardens,DEV0017,2020-07-01,Structure,2020-02-29,2020-06-18,2020-03-12,,100.0,95.4,-4.6,22,Design Change,396913774.0,387784757.0,-9129017.0,-2.3,1190741322,387784757.0,32.6,CONT067,Consolidated Contractors (CCC) LLC,191,271,70.5,True,71.6,0,75.7,False,False,MEP,2020-06-23,2021-11-04,2022-08-09
CONS000136,PROJ004,Grand Gardens,DEV0017,2020-08-01,Structure,2020-02-29,2020-06-18,2020-03-12,,100.0,97.1,-2.9,22,Weather,396913774.0,391158524.0,-5755250.0,-1.5,1190741322,391158524.0,32.8,CONT067,Consolidated Contractors (CCC) LLC,757,710,106.6,True,75.2,2,64.4,False,True,MEP,2020-06-23,2021-11-04,2022-08-09
CONS000137,PROJ004,Grand Gardens,DEV0017,2020-06-28,MEP,2020-06-28,2020-10-16,2020-06-28,,0.0,0.0,0.0,0,,396913774.0,396913774.0,0.0,0.0,1190741322,396913774.0,33.3,CONT067,Consolidated Contractors (CCC) LLC,527,584,90.2,False,84.2,0,76.0,False,False,Façade,2020-10-21,2021-11-04,2022-08-09
CONS000138,PROJ004,Grand Gardens,DEV0017,2020-07-01,MEP,2020-06-28,2020-10-16,2020-06-28,,2.7,1.0,-1.7,0,,402272110.0,398898343.0,-3373767.0,-0.8,1190741322,398898343.0,33.5,CONT067,Consolidated Contractors (CCC) LLC,307,307,100.0,False,75.1,0,71.7,False,False,Façade,2020-10-21,2021-11-04,2022-08-09
CONS000139,PROJ004,Grand Gardens,DEV0017,2020-08-01,MEP,2020-06-28,2020-10-16,2020-06-28,,30.9,24.0,-6.9,0,,458236952.0,444543427.0,-13693525.0,-3.0,1190741322,444543427.0,37.3,CONT067,Consolidated Contractors (CCC) LLC,291,354,82.2,False,70.5,0,75.7,False,False,Façade,2020-10-21,2021-11-04,2022-08-09
CONS000140,PROJ004,Grand Gardens,DEV0017,2020-09-01,MEP,2020-06-28,2020-10-16,2020-06-28,,59.1,66.4,7.3,0,,514201794.0,528689147.0,14487353.0,2.8,1190741322,528689147.0,44.4,CONT067,Consolidated Contractors (CCC) LLC,476,459,103.7,False,80.3,0,80.7,False,False,Façade,2020-10-21,2021-11-04,2022-08-09
CONS000141,PROJ004,Grand Gardens,DEV0017,2020-10-01,MEP,2020-06-28,2020-10-16,2020-06-28,,86.4,78.6,-7.8,0,,568380524.0,552900887.0,-15479637.0,-2.7,1190741322,552900887.0,46.4,CONT067,Consolidated Contractors (CCC) LLC,206,287,71.8,False,96.7,0,70.6,False,False,Façade,2020-10-21,2021-11-04,2022-08-09
CONS000142,PROJ004,Grand Gardens,DEV0017,2020-11-01,MEP,2020-06-28,2020-10-16,2020-06-28,2020-10-16,100.0,100.0,0.0,0,,595370661.0,595370661.0,0.0,0.0,1190741322,595370661.0,50.0,CONT067,Consolidated Contractors (CCC) LLC,435,477,91.2,True,86.1,1,70.5,False,True,Façade,2020-10-21,2021-11-04,2022-08-09
CONS000143,PROJ004,Grand Gardens,DEV0017,2020-12-01,MEP,2020-06-28,2020-10-16,2020-06-28,2020-10-16,100.0,100.0,0.0,0,,595370661.0,595370661.0,0.0,0.0,1190741322,595370661.0,50.0,CONT067,Consolidated Contractors (CCC) LLC,181,230,78.7,True,82.2,0,73.8,False,False,Façade,2020-10-21,2021-11-04,2022-08-09
CONS000144,PROJ004,Grand Gardens,DEV0017,2020-10-26,Façade,2020-10-26,2021-02-13,2020-10-31,,0.0,0.0,0.0,10,Design Change,595370661.0,595370661.0,0.0,0.0,1190741322,595370661.0,50.0,CONT067,Consolidated Contractors (CCC) LLC,412,441,93.4,False,88.3,0,75.9,False,False,Fit-Out,2021-02-18,2021-11-04,2022-08-09
CONS000145,PROJ004,Grand Gardens,DEV0017,2020-11-01,Façade,2020-10-26,2021-02-13,2020-10-31,,5.5,3.5,-2.0,10,COVID-19,606285790.0,602316652.0,-3969138.0,-0.7,1190741322,602316652.0,50.6,CONT067,Consolidated Contractors (CCC) LLC,589,785,75.0,False,90.2,0,77.0,False,False,Fit-Out,2021-02-18,2021-11-04,2022-08-09
CONS000146,PROJ004,Grand Gardens,DEV0017,2020-12-01,Façade,2020-10-26,2021-02-13,2020-10-31,,32.7,28.5,-4.2,10,COVID-19,660266063.0,651930874.0,-8335189.0,-1.3,1190741322,651930874.0,54.8,CONT067,Consolidated Contractors (CCC) LLC,461,557,82.8,False,88.8,0,77.0,False,False,Fit-Out,2021-02-18,2021-11-04,2022-08-09
CONS000147,PROJ004,Grand Gardens,DEV0017,2021-01-01,Façade,2020-10-26,2021-02-13,2020-10-31,,60.9,48.7,-12.2,10,Labour Shortage,716230905.0,692019165.0,-24211740.0,-3.4,1190741322,692019165.0,58.1,CONT067,Consolidated Contractors (CCC) LLC,717,664,108.0,False,83.0,0,74.9,True,False,Fit-Out,2021-02-18,2021-11-04,2022-08-09
CONS000148,PROJ004,Grand Gardens,DEV0017,2021-02-01,Façade,2020-10-26,2021-02-13,2020-10-31,,89.1,75.8,-13.3,10,Labour Shortage,772195747.0,745800981.0,-26394766.0,-3.4,1190741322,745800981.0,62.6,CONT067,Consolidated Contractors (CCC) LLC,669,780,85.8,False,95.7,0,74.9,True,False,Fit-Out,2021-02-18,2021-11-04,2022-08-09
CONS000149,PROJ004,Grand Gardens,DEV0017,2021-03-01,Façade,2020-10-26,2021-02-13,2020-10-31,,100.0,95.5,-4.5,10,Financing,793827548.0,784896988.0,-8930560.0,-1.1,1190741322,784896988.0,65.9,CONT067,Consolidated Contractors (CCC) LLC,573,568,100.9,True,75.2,0,74.5,False,False,Fit-Out,2021-02-18,2021-11-04,2022-08-09
CONS000150,PROJ004,Grand Gardens,DEV0017,2021-04-01,Façade,2020-10-26,2021-02-13,2020-10-31,,100.0,95.0,-5.0,10,Regulatory,793827548.0,783904704.0,-9922844.0,-1.2,1190741322,783904704.0,65.8,CONT067,Consolidated Contractors (CCC) LLC,503,590,85.3,True,89.4,0,72.5,False,False,Fit-Out,2021-02-18,2021-11-04,2022-08-09
CONS000151,PROJ004,Grand Gardens,DEV0017,2021-02-23,Fit-Out,2021-02-23,2021-06-13,2021-03-06,,0.0,0.0,0.0,29,Design Change,793827548.0,793827548.0,0.0,0.0,1190741322,793827548.0,66.7,CONT067,Consolidated Contractors (CCC) LLC,358,433,82.7,False,77.1,0,76.1,False,False,Handover,2021-06-18,2021-11-04,2022-08-09
CONS000152,PROJ004,Grand Gardens,DEV0017,2021-03-01,Fit-Out,2021-02-23,2021-06-13,2021-03-06,,5.5,1.1,-4.4,29,Labour Shortage,804742677.0,796010574.0,-8732103.0,-1.1,1190741322,796010574.0,66.9,CONT067,Consolidated Contractors (CCC) LLC,189,202,93.6,False,80.9,0,76.2,False,False,Handover,2021-06-18,2021-11-04,2022-08-09
CONS000153,PROJ004,Grand Gardens,DEV0017,2021-04-01,Fit-Out,2021-02-23,2021-06-13,2021-03-06,,33.6,31.0,-2.6,29,Financing,860509062.0,855349183.0,-5159879.0,-0.6,1190741322,855349183.0,71.8,CONT067,Consolidated Contractors (CCC) LLC,637,675,94.4,False,82.7,0,73.1,False,False,Handover,2021-06-18,2021-11-04,2022-08-09
CONS000154,PROJ004,Grand Gardens,DEV0017,2021-05-01,Fit-Out,2021-02-23,2021-06-13,2021-03-06,,60.9,51.2,-9.7,29,Design Change,914687792.0,895437474.0,-19250318.0,-2.1,1190741322,895437474.0,75.2,CONT067,Consolidated Contractors (CCC) LLC,316,335,94.3,False,92.5,0,76.7,False,False,Handover,2021-06-18,2021-11-04,2022-08-09
CONS000155,PROJ004,Grand Gardens,DEV0017,2021-06-01,Fit-Out,2021-02-23,2021-06-13,2021-03-06,,89.1,69.2,-19.9,29,Design Change,970652634.0,931159714.0,-39492920.0,-4.1,1190741322,931159714.0,78.2,CONT067,Consolidated Contractors (CCC) LLC,588,639,92.0,False,83.9,1,67.1,True,True,Handover,2021-06-18,2021-11-04,2022-08-09
CONS000156,PROJ004,Grand Gardens,DEV0017,2021-07-01,Fit-Out,2021-02-23,2021-06-13,2021-03-06,,100.0,89.6,-10.4,29,Material Delay,992284435.0,971644919.0,-20639516.0,-2.1,1190741322,971644919.0,81.6,CONT067,Consolidated Contractors (CCC) LLC,152,207,73.4,False,94.8,0,72.8,True,False,Handover,2021-06-18,2021-11-04,2022-08-09
CONS000157,PROJ004,Grand Gardens,DEV0017,2021-08-01,Fit-Out,2021-02-23,2021-06-13,2021-03-06,,100.0,84.0,-16.0,29,Financing,992284435.0,960531333.0,-31753102.0,-3.2,1190741322,960531333.0,80.7,CONT067,Consolidated Contractors (CCC) LLC,578,637,90.7,False,70.0,0,70.1,True,False,Handover,2021-06-18,2021-11-04,2022-08-09
CONS000158,PROJ004,Grand Gardens,DEV0017,2021-06-23,Handover,2021-06-23,2021-10-11,2021-07-03,,0.0,0.0,0.0,39,Material Delay,992284435.0,992284435.0,0.0,0.0,1190741322,992284435.0,83.3,CONT067,Consolidated Contractors (CCC) LLC,798,796,100.3,False,73.6,0,75.0,True,False,Completed,2021-10-16,2021-11-04,2022-08-09
CONS000159,PROJ004,Grand Gardens,DEV0017,2021-07-01,Handover,2021-06-23,2021-10-11,2021-07-03,,7.3,0.0,-7.3,39,COVID-19,1006771788.0,992284435.0,-14487353.0,-1.4,1190741322,992284435.0,83.3,CONT067,Consolidated Contractors (CCC) LLC,261,359,72.7,False,79.1,0,74.3,True,False,Completed,2021-10-16,2021-11-04,2022-08-09
CONS000160,PROJ004,Grand Gardens,DEV0017,2021-08-01,Handover,2021-06-23,2021-10-11,2021-07-03,,35.5,11.9,-23.6,39,Material Delay,1062736630.0,1015900805.0,-46835825.0,-4.4,1190741322,1015900805.0,85.3,CONT067,Consolidated Contractors (CCC) LLC,145,205,70.7,False,93.9,0,68.8,True,False,Completed,2021-10-16,2021-11-04,2022-08-09
CONS000161,PROJ004,Grand Gardens,DEV0017,2021-09-01,Handover,2021-06-23,2021-10-11,2021-07-03,,63.6,55.0,-8.6,39,Regulatory,1118503015.0,1101435723.0,-17067292.0,-1.5,1190741322,1101435723.0,92.5,CONT067,Consolidated Contractors (CCC) LLC,389,537,72.4,False,95.7,0,75.6,True,False,Completed,2021-10-16,2021-11-04,2022-08-09
CONS000162,PROJ004,Grand Gardens,DEV0017,2021-10-01,Handover,2021-06-23,2021-10-11,2021-07-03,,90.9,83.2,-7.7,39,Design Change,1172681745.0,1157400565.0,-15281180.0,-1.3,1190741322,1157400565.0,97.2,CONT067,Consolidated Contractors (CCC) LLC,734,717,102.4,False,71.3,0,73.3,True,False,Completed,2021-10-16,2021-11-04,2022-08-09
CONS000163,PROJ004,Grand Gardens,DEV0017,2021-11-01,Handover,2021-06-23,2021-10-11,2021-07-03,,100.0,82.0,-18.0,39,Weather,1190741322.0,1155019082.0,-35722240.0,-3.0,1190741322,1155019082.0,97.0,CONT067,Consolidated Contractors (CCC) LLC,322,460,70.0,False,80.9,0,71.9,True,False,Completed,2021-10-16,2021-11-04,2022-08-09
CONS000164,PROJ004,Grand Gardens,DEV0017,2021-12-01,Handover,2021-06-23,2021-10-11,2021-07-03,,100.0,83.5,-16.5,39,Design Change,1190741322.0,1157995936.0,-32745386.0,-2.7,1190741322,1157995936.0,97.3,CONT067,Consolidated Contractors (CCC) LLC,517,698,74.1,False,77.8,0,71.3,True,False,Completed,2021-10-16,2021-11-04,2022-08-09
CONS000165,PROJ005,Royal Square,DEV0043,2023-05-01,Foundation,2023-05-01,2023-08-19,2023-05-06,,0.0,0.0,0.0,9,Weather,0.0,0.0,0.0,0.0,786311743,0.0,0.0,CONT066,ASGC Construction LLC,127,173,73.4,False,97.6,0,57.4,False,False,Structure,2023-08-24,2026-02-20,2026-09-22
CONS000166,PROJ005,Royal Square,DEV0043,2023-06-01,Foundation,2023-05-01,2023-08-19,2023-05-06,,28.2,30.2,2.0,9,COVID-19,36956652.0,39577691.0,2621039.0,7.1,786311743,39577691.0,5.0,CONT066,ASGC Construction LLC,338,399,84.7,False,74.5,0,57.0,False,False,Structure,2023-08-24,2026-02-20,2026-09-22
CONS000167,PROJ005,Royal Square,DEV0043,2023-07-01,Foundation,2023-05-01,2023-08-19,2023-05-06,,55.5,59.7,4.2,9,Labour Shortage,72733836.0,78238018.0,5504182.0,7.6,786311743,78238018.0,9.9,CONT066,ASGC Construction LLC,494,504,98.0,False,80.5,0,59.6,False,False,Structure,2023-08-24,2026-02-20,2026-09-22
CONS000168,PROJ005,Royal Square,DEV0043,2023-08-01,Foundation,2023-05-01,2023-08-19,2023-05-06,,83.6,74.0,-9.6,9,Design Change,109559436.0,96978448.0,-12580988.0,-11.5,786311743,96978448.0,12.3,CONT066,ASGC Construction LLC,329,333,98.8,False,76.5,0,55.5,False,False,Structure,2023-08-24,2026-02-20,2026-09-22
CONS000169,PROJ005,Royal Square,DEV0043,2023-09-01,Foundation,2023-05-01,2023-08-19,2023-05-06,,100.0,96.2,-3.8,9,COVID-19,131051957.0,126071983.0,-4979974.0,-3.8,786311743,126071983.0,16.0,CONT066,ASGC Construction LLC,229,259,88.4,True,97.6,0,56.7,False,False,Structure,2023-08-24,2026-02-20,2026-09-22
CONS000170,PROJ005,Royal Square,DEV0043,2023-10-01,Foundation,2023-05-01,2023-08-19,2023-05-06,2023-08-28,100.0,100.0,0.0,9,Labour Shortage,131051957.0,131051957.0,0.0,0.0,786311743,131051957.0,16.7,CONT066,ASGC Construction LLC,524,563,93.1,True,75.3,1,53.1,False,True,Structure,2023-08-24,2026-02-20,2026-09-22
CONS000171,PROJ005,Royal Square,DEV0043,2023-08-29,Structure,2023-08-29,2023-12-17,2023-09-07,,0.0,0.0,0.0,20,Labour Shortage,131051957.0,131051957.0,0.0,0.0,786311743,131051957.0,16.7,CONT066,ASGC Construction LLC,545,708,77.0,False,95.6,2,45.0,False,True,MEP,2023-12-22,2026-02-20,2026-09-22
CONS000172,PROJ005,Royal Square,DEV0043,2023-09-01,Structure,2023-08-29,2023-12-17,2023-09-07,,2.7,0.0,-2.7,20,COVID-19,134590360.0,131051957.0,-3538403.0,-2.6,786311743,131051957.0,16.7,CONT066,ASGC Construction LLC,533,701,76.0,False,89.6,0,56.7,False,False,MEP,2023-12-22,2026-02-20,2026-09-22
CONS000173,PROJ005,Royal Square,DEV0043,2023-10-01,Structure,2023-08-29,2023-12-17,2023-09-07,,30.0,10.4,-19.6,20,Financing,170367544.0,144681361.0,-25686183.0,-15.1,786311743,144681361.0,18.4,CONT066,ASGC Construction LLC,426,466,91.4,False,93.4,0,53.5,True,False,MEP,2023-12-22,2026-02-20,2026-09-22
CONS000174,PROJ005,Royal Square,DEV0043,2023-11-01,Structure,2023-08-29,2023-12-17,2023-09-07,,58.2,56.1,-2.1,20,COVID-19,207324196.0,204572105.0,-2752091.0,-1.3,786311743,204572105.0,26.0,CONT066,ASGC Construction LLC,342,482,71.0,False,84.3,0,57.3,False,False,MEP,2023-12-22,2026-02-20,2026-09-22
CONS000175,PROJ005,Royal Square,DEV0043,2023-12-01,Structure,2023-08-29,2023-12-17,2023-09-07,,85.5,72.7,-12.8,20,COVID-19,243101381.0,226326730.0,-16774651.0,-6.9,786311743,226326730.0,28.8,CONT066,ASGC Construction LLC,192,259,74.1,False,73.0,0,51.0,True,False,MEP,2023-12-22,2026-02-20,2026-09-22
CONS000176,PROJ005,Royal Square,DEV0043,2024-01-01,Structure,2023-08-29,2023-12-17,2023-09-07,,100.0,96.1,-3.9,20,Financing,262103914.0,256992888.0,-5111026.0,-1.9,786311743,256992888.0,32.7,CONT066,ASGC Construction LLC,136,153,88.9,True,93.8,0,55.6,False,False,MEP,2023-12-22,2026-02-20,2026-09-22
CONS000177,PROJ005,Royal Square,DEV0043,2024-02-01,Structure,2023-08-29,2023-12-17,2023-09-07,,100.0,99.3,-0.7,20,COVID-19,262103914.0,261186551.0,-917363.0,-0.3,786311743,261186551.0,33.2,CONT066,ASGC Construction LLC,242,255,94.9,True,71.7,0,57.4,False,False,MEP,2023-12-22,2026-02-20,2026-09-22
CONS000178,PROJ005,Royal Square,DEV0043,2023-12-27,MEP,2023-12-27,2024-04-15,2024-01-10,,0.0,0.0,0.0,18,Financing,262103914.0,262103914.0,0.0,0.0,786311743,262103914.0,33.3,CONT066,ASGC Construction LLC,362,342,105.8,False,84.6,0,55.4,False,False,Façade,2024-04-20,2026-02-20,2026-09-22
CONS000179,PROJ005,Royal Square,DEV0043,2024-01-01,MEP,2023-12-27,2024-04-15,2024-01-10,,4.5,5.3,0.8,18,Financing,268001252.0,269049668.0,1048416.0,0.4,786311743,269049668.0,34.2,CONT066,ASGC Construction LLC,631,689,91.6,False,89.8,0,54.4,False,False,Façade,2024-04-20,2026-02-20,2026-09-22
CONS000180,PROJ005,Royal Square,DEV0043,2024-02-01,MEP,2023-12-27,2024-04-15,2024-01-10,,32.7,32.5,-0.2,18,Regulatory,304957904.0,304695800.0,-262104.0,-0.1,786311743,304695800.0,38.7,CONT066,ASGC Construction LLC,318,324,98.1,False,73.2,0,56.2,False,False,Façade,2024-04-20,2026-02-20,2026-09-22
CONS000181,PROJ005,Royal Square,DEV0043,2024-03-01,MEP,2023-12-27,2024-04-15,2024-01-10,,59.1,52.2,-6.9,18,Weather,339555621.0,330513036.0,-9042585.0,-2.7,786311743,330513036.0,42.0,CONT066,ASGC Construction LLC,355,410,86.6,False,97.4,0,53.3,False,False,Façade,2024-04-20,2026-02-20,2026-09-22
CONS000182,PROJ005,Royal Square,DEV0043,2024-04-01,MEP,2023-12-27,2024-04-15,2024-01-10,,87.3,80.6,-6.7,18,Design Change,376512273.0,367731792.0,-8780481.0,-2.3,786311743,367731792.0,46.8,CONT066,ASGC Construction LLC,369,393,93.9,False,71.7,0,54.9,False,False,Façade,2024-04-20,2026-02-20,2026-09-22
CONS000183,PROJ005,Royal Square,DEV0043,2024-05-01,MEP,2023-12-27,2024-04-15,2024-01-10,,100.0,90.0,-10.0,18,COVID-19,393155872.0,380050676.0,-13105196.0,-3.3,786311743,380050676.0,48.3,CONT066,ASGC Construction LLC,432,545,79.3,True,78.5,0,50.7,False,False,Façade,2024-04-20,2026-02-20,2026-09-22
CONS000184,PROJ005,Royal Square,DEV0043,2024-06-01,MEP,2023-12-27,2024-04-15,2024-01-10,,100.0,94.1,-5.9,18,COVID-19,393155872.0,385423806.0,-7732066.0,-2.0,786311743,385423806.0,49.0,CONT066,ASGC Construction LLC,598,614,97.4,True,84.1,0,56.3,False,False,Façade,2024-04-20,2026-02-20,2026-09-22
CONS000185,PROJ005,Royal Square,DEV0043,2024-04-25,Façade,2024-04-25,2024-08-13,2024-04-25,,0.0,0.7,0.7,1,Regulatory,393155872.0,394073235.0,917363.0,0.2,786311743,394073235.0,50.1,CONT066,ASGC Construction LLC,737,682,108.1,False,97.0,0,55.8,False,False,Fit-Out,2024-08-18,2026-02-20,2026-09-22
CONS000186,PROJ005,Royal Square,DEV0043,2024-05-01,Façade,2024-04-25,2024-08-13,2024-04-25,,5.5,0.0,-5.5,1,Labour Shortage,400363729.0,393155872.0,-7207857.0,-1.8,786311743,393155872.0,50.0,CONT066,ASGC Construction LLC,490,492,99.6,False,78.1,0,57.2,False,False,Fit-Out,2024-08-18,2026-02-20,2026-09-22
CONS000187,PROJ005,Royal Square,DEV0043,2024-06-01,Façade,2024-04-25,2024-08-13,2024-04-25,,33.6,40.2,6.6,1,Regulatory,437189329.0,445838758.0,8649429.0,2.0,786311743,445838758.0,56.7,CONT066,ASGC Construction LLC,158,208,76.0,False,86.6,0,58.3,False,False,Fit-Out,2024-08-18,2026-02-20,2026-09-22
CONS000188,PROJ005,Royal Square,DEV0043,2024-07-01,Façade,2024-04-25,2024-08-13,2024-04-25,,60.9,50.7,-10.2,1,Material Delay,472966513.0,459599214.0,-13367299.0,-2.8,786311743,459599214.0,58.5,CONT066,ASGC Construction LLC,424,397,106.8,False,80.6,0,53.8,True,False,Fit-Out,2024-08-18,2026-02-20,2026-09-22
CONS000189,PROJ005,Royal Square,DEV0043,2024-08-01,Façade,2024-04-25,2024-08-13,2024-04-25,,89.1,93.1,4.0,1,Financing,509923165.0,515165244.0,5242079.0,1.0,786311743,515165244.0,65.5,CONT066,ASGC Construction LLC,146,169,86.4,False,94.3,0,57.8,False,False,Fit-Out,2024-08-18,2026-02-20,2026-09-22
CONS000190,PROJ005,Royal Square,DEV0043,2024-09-01,Façade,2024-04-25,2024-08-13,2024-04-25,2024-08-14,100.0,100.0,0.0,1,COVID-19,524207829.0,524207829.0,0.0,0.0,786311743,524207829.0,66.7,CONT066,ASGC Construction LLC,764,755,101.2,True,95.5,0,55.5,False,False,Fit-Out,2024-08-18,2026-02-20,2026-09-22
CONS000191,PROJ005,Royal Square,DEV0043,2024-10-01,Façade,2024-04-25,2024-08-13,2024-04-25,,100.0,87.3,-12.7,1,Financing,524207829.0,507564230.0,-16643599.0,-3.2,786311743,507564230.0,64.5,CONT066,ASGC Construction LLC,334,310,107.7,False,72.1,0,58.0,True,False,Fit-Out,2024-08-18,2026-02-20,2026-09-22
CONS000192,PROJ005,Royal Square,DEV0043,2024-08-23,Fit-Out,2024-08-23,2024-12-11,2024-08-27,,0.0,0.0,0.0,35,Regulatory,524207829.0,524207829.0,0.0,0.0,786311743,524207829.0,66.7,CONT066,ASGC Construction LLC,289,286,101.0,False,93.7,0,55.9,True,False,Handover,2024-12-16,2026-02-20,2026-09-22
CONS000193,PROJ005,Royal Square,DEV0043,2024-09-01,Fit-Out,2024-08-23,2024-12-11,2024-08-27,,8.2,0.0,-8.2,35,Financing,534954089.0,524207829.0,-10746260.0,-2.0,786311743,524207829.0,66.7,CONT066,ASGC Construction LLC,416,458,90.8,False,90.1,2,46.5,True,True,Handover,2024-12-16,2026-02-20,2026-09-22
CONS000194,PROJ005,Royal Square,DEV0043,2024-10-01,Fit-Out,2024-08-23,2024-12-11,2024-08-27,,35.5,23.3,-12.2,35,Labour Shortage,570731273.0,554742935.0,-15988338.0,-2.8,786311743,554742935.0,70.6,CONT066,ASGC Construction LLC,545,525,103.8,False,88.0,0,51.1,True,False,Handover,2024-12-16,2026-02-20,2026-09-22
CONS000195,PROJ005,Royal Square,DEV0043,2024-11-01,Fit-Out,2024-08-23,2024-12-11,2024-08-27,,63.6,48.0,-15.6,35,Weather,607556873.0,587112768.0,-20444105.0,-3.4,786311743,587112768.0,74.7,CONT066,ASGC Construction LLC,262,322,81.4,False,90.9,0,53.0,True,False,Handover,2024-12-16,2026-02-20,2026-09-22
CONS000196,PROJ005,Royal Square,DEV0043,2024-12-01,Fit-Out,2024-08-23,2024-12-11,2024-08-27,,90.9,66.0,-24.9,35,Weather,643334058.0,610702120.0,-32631938.0,-5.1,786311743,610702120.0,77.7,CONT066,ASGC Construction LLC,606,690,87.8,False,87.4,0,50.4,True,False,Handover,2024-12-16,2026-02-20,2026-09-22
CONS000197,PROJ005,Royal Square,DEV0043,2025-01-01,Fit-Out,2024-08-23,2024-12-11,2024-08-27,,100.0,75.3,-24.7,35,Labour Shortage,655259786.0,622889952.0,-32369834.0,-4.9,786311743,622889952.0,79.2,CONT066,ASGC Construction LLC,689,783,88.0,False,73.1,0,49.4,True,False,Handover,2024-12-16,2026-02-20,2026-09-22
CONS000198,PROJ005,Royal Square,DEV0043,2025-02-01,Fit-Out,2024-08-23,2024-12-11,2024-08-27,,100.0,85.2,-14.8,35,COVID-19,655259786.0,635864096.0,-19395690.0,-3.0,786311743,635864096.0,80.9,CONT066,ASGC Construction LLC,587,706,83.1,False,87.5,0,51.3,True,False,Handover,2024-12-16,2026-02-20,2026-09-22
CONS000199,PROJ005,Royal Square,DEV0043,2024-12-21,Handover,2024-12-21,2025-04-10,2025-01-18,,0.0,0.0,0.0,28,Regulatory,655259786.0,655259786.0,0.0,0.0,786311743,655259786.0,83.3,CONT066,ASGC Construction LLC,293,273,107.3,False,74.5,0,56.4,False,False,Completed,2025-04-15,2026-02-20,2026-09-22
CONS000200,PROJ005,Royal Square,DEV0043,2025-01-01,Handover,2024-12-21,2025-04-10,2025-01-18,,10.0,6.4,-3.6,28,Weather,668364982.0,663647111.0,-4717871.0,-0.7,786311743,663647111.0,84.4,CONT066,ASGC Construction LLC,586,689,85.1,False,92.1,0,55.0,False,False,Completed,2025-04-15,2026-02-20,2026-09-22
CONS000201,PROJ005,Royal Square,DEV0043,2025-02-01,Handover,2024-12-21,2025-04-10,2025-01-18,,38.2,27.3,-10.9,28,Material Delay,705321633.0,691036970.0,-14284663.0,-2.0,786311743,691036970.0,87.9,CONT066,ASGC Construction LLC,583,668,87.3,False,93.8,0,58.4,True,False,Completed,2025-04-15,2026-02-20,2026-09-22
CONS000202,PROJ005,Royal Square,DEV0043,2025-03-01,Handover,2024-12-21,2025-04-10,2025-01-18,,63.6,57.5,-6.1,28,Material Delay,738608831.0,730614661.0,-7994170.0,-1.1,786311743,730614661.0,92.9,CONT066,ASGC Construction LLC,481,623,77.2,False,76.1,0,55.0,False,False,Completed,2025-04-15,2026-02-20,2026-09-22
CONS000203,PROJ005,Royal Square,DEV0043,2025-04-01,Handover,2024-12-21,2025-04-10,2025-01-18,,91.8,82.3,-9.5,28,Material Delay,775565483.0,763115547.0,-12449936.0,-1.6,786311743,763115547.0,97.1,CONT066,ASGC Construction LLC,254,311,81.7,False,81.7,0,55.1,False,False,Completed,2025-04-15,2026-02-20,2026-09-22
CONS000204,PROJ005,Royal Square,DEV0043,2025-05-01,Handover,2024-12-21,2025-04-10,2025-01-18,,100.0,89.6,-10.4,28,Material Delay,786311743.0,772682339.0,-13629404.0,-1.7,786311743,772682339.0,98.3,CONT066,ASGC Construction LLC,256,360,71.1,False,89.5,0,57.3,True,False,Completed,2025-04-15,2026-02-20,2026-09-22
CONS000205,PROJ005,Royal Square,DEV0043,2025-06-01,Handover,2024-12-21,2025-04-10,2025-01-18,,100.0,87.7,-12.3,28,Material Delay,786311743.0,770192352.0,-16119391.0,-2.1,786311743,770192352.0,97.9,CONT066,ASGC Construction LLC,497,636,78.1,False,79.8,0,51.5,True,False,Completed,2025-04-15,2026-02-20,2026-09-22
CONS000206,PROJ006,Royal Marina,DEV0030,2021-07-01,Foundation,2021-07-01,2021-10-19,2021-07-10,,0.0,0.0,0.0,9,Labour Shortage,0.0,0.0,0.0,0.0,1852539863,0.0,0.0,CONT025,Al Fara'a Group,478,608,78.6,False,87.3,0,55.6,False,False,Structure,2021-10-24,2024-02-17,2024-08-14
CONS000207,PROJ006,Royal Marina,DEV0030,2021-08-01,Foundation,2021-07-01,2021-10-19,2021-07-10,,28.2,17.6,-10.6,9,COVID-19,87069374.0,54341169.0,-32728205.0,-37.6,1852539863,54341169.0,2.9,CONT025,Al Fara'a Group,571,793,72.0,False,74.1,0,51.8,True,False,Structure,2021-10-24,2024-02-17,2024-08-14
CONS000208,PROJ006,Royal Marina,DEV0030,2021-09-01,Foundation,2021-07-01,2021-10-19,2021-07-10,,56.4,51.6,-4.8,9,COVID-19,174138747.0,159318428.0,-14820319.0,-8.5,1852539863,159318428.0,8.6,CONT025,Al Fara'a Group,793,733,108.2,False,80.7,0,53.9,False,False,Structure,2021-10-24,2024-02-17,2024-08-14
CONS000209,PROJ006,Royal Marina,DEV0030,2021-10-01,Foundation,2021-07-01,2021-10-19,2021-07-10,,83.6,83.4,-0.2,9,Regulatory,258120554.0,257503041.0,-617513.0,-0.2,1852539863,257503041.0,13.9,CONT025,Al Fara'a Group,450,511,88.1,False,95.5,0,55.1,False,False,Structure,2021-10-24,2024-02-17,2024-08-14
CONS000210,PROJ006,Royal Marina,DEV0030,2021-11-01,Foundation,2021-07-01,2021-10-19,2021-07-10,2021-10-28,100.0,100.0,0.0,9,Labour Shortage,308756644.0,308756644.0,0.0,0.0,1852539863,308756644.0,16.7,CONT025,Al Fara'a Group,543,527,103.0,True,91.6,0,54.0,False,False,Structure,2021-10-24,2024-02-17,2024-08-14
CONS000211,PROJ006,Royal Marina,DEV0030,2021-12-01,Foundation,2021-07-01,2021-10-19,2021-07-10,,100.0,99.7,-0.3,9,Design Change,308756644.0,307830374.0,-926270.0,-0.3,1852539863,307830374.0,16.6,CONT025,Al Fara'a Group,554,550,100.7,True,96.0,0,55.8,False,False,Structure,2021-10-24,2024-02-17,2024-08-14
CONS000212,PROJ006,Royal Marina,DEV0030,2021-10-29,Structure,2021-10-29,2022-02-16,2021-11-03,,0.0,0.0,0.0,21,Material Delay,308756644.0,308756644.0,0.0,0.0,1852539863,308756644.0,16.7,CONT025,Al Fara'a Group,452,429,105.4,False,91.6,0,53.4,False,False,MEP,2022-02-21,2024-02-17,2024-08-14
CONS000213,PROJ006,Royal Marina,DEV0030,2021-11-01,Structure,2021-10-29,2022-02-16,2021-11-03,,2.7,1.7,-1.0,21,Labour Shortage,317093073.0,314005507.0,-3087566.0,-1.0,1852539863,314005507.0,17.0,CONT025,Al Fara'a Group,476,606,78.5,False,84.8,0,57.2,False,False,MEP,2022-02-21,2024-02-17,2024-08-14
CONS000214,PROJ006,Royal Marina,DEV0030,2021-12-01,Structure,2021-10-29,2022-02-16,2021-11-03,,30.0,23.5,-6.5,21,Regulatory,401383637.0,381314455.0,-20069182.0,-5.0,1852539863,381314455.0,20.6,CONT025,Al Fara'a Group,505,558,90.5,False,92.2,0,54.8,False,False,MEP,2022-02-21,2024-02-17,2024-08-14
CONS000215,PROJ006,Royal Marina,DEV0030,2022-01-01,Structure,2021-10-29,2022-02-16,2021-11-03,,58.2,37.0,-21.2,21,Financing,488453011.0,422996602.0,-65456409.0,-13.4,1852539863,422996602.0,22.8,CONT025,Al Fara'a Group,300,278,107.9,False,83.7,0,48.2,True,False,MEP,2022-02-21,2024-02-17,2024-08-14
CONS000216,PROJ006,Royal Marina,DEV0030,2022-02-01,Structure,2021-10-29,2022-02-16,2021-11-03,,86.4,71.9,-14.5,21,Labour Shortage,575522384.0,530752671.0,-44769713.0,-7.8,1852539863,530752671.0,28.7,CONT025,Al Fara'a Group,550,757,72.7,False,82.8,0,50.3,True,False,MEP,2022-02-21,2024-02-17,2024-08-14
CONS000217,PROJ006,Royal Marina,DEV0030,2022-03-01,Structure,2021-10-29,2022-02-16,2021-11-03,,100.0,95.6,-4.4,21,Weather,617513288.0,603927995.0,-13585293.0,-2.2,1852539863,603927995.0,32.6,CONT025,Al Fara'a Group,423,386,109.6,True,81.5,0,54.7,False,False,MEP,2022-02-21,2024-02-17,2024-08-14
CONS000218,PROJ006,Royal Marina,DEV0030,2022-04-01,Structure,2021-10-29,2022-02-16,2021-11-03,,100.0,88.0,-12.0,21,Design Change,617513288.0,580462490.0,-37050798.0,-6.0,1852539863,580462490.0,31.3,CONT025,Al Fara'a Group,615,585,105.1,False,90.6,0,50.3,True,False,MEP,2022-02-21,2024-02-17,2024-08-14
CONS000219,PROJ006,Royal Marina,DEV0030,2022-02-26,MEP,2022-02-26,2022-06-16,2022-02-26,,0.0,0.0,0.0,0,,617513288.0,617513288.0,0.0,0.0,1852539863,617513288.0,33.3,CONT025,Al Fara'a Group,547,506,108.1,False,78.8,0,59.1,False,False,Façade,2022-06-21,2024-02-17,2024-08-14
CONS000220,PROJ006,Royal Marina,DEV0030,2022-03-01,MEP,2022-02-26,2022-06-16,2022-02-26,,2.7,3.2,0.5,0,,625849717.0,627393500.0,1543783.0,0.2,1852539863,627393500.0,33.9,CONT025,Al Fara'a Group,461,592,77.9,False,96.0,0,56.4,False,False,Façade,2022-06-21,2024-02-17,2024-08-14
CONS000221,PROJ006,Royal Marina,DEV0030,2022-04-01,MEP,2022-02-26,2022-06-16,2022-02-26,,30.9,37.5,6.6,0,,712919091.0,733297029.0,20377938.0,2.9,1852539863,733297029.0,39.6,CONT025,Al Fara'a Group,582,603,96.5,False,93.0,0,58.3,False,False,Façade,2022-06-21,2024-02-17,2024-08-14
CONS000222,PROJ006,Royal Marina,DEV0030,2022-05-01,MEP,2022-02-26,2022-06-16,2022-02-26,,58.2,51.1,-7.1,0,,797209654.0,775287933.0,-21921721.0,-2.7,1852539863,775287933.0,41.9,CONT025,Al Fara'a Group,222,222,100.0,False,78.2,0,54.7,False,False,Façade,2022-06-21,2024-02-17,2024-08-14
CONS000223,PROJ006,Royal Marina,DEV0030,2022-06-01,MEP,2022-02-26,2022-06-16,2022-02-26,,86.4,79.0,-7.4,0,,884279028.0,861431036.0,-22847992.0,-2.6,1852539863,861431036.0,46.5,CONT025,Al Fara'a Group,476,446,106.7,False,91.1,0,52.1,False,False,Façade,2022-06-21,2024-02-17,2024-08-14
CONS000224,PROJ006,Royal Marina,DEV0030,2022-07-01,MEP,2022-02-26,2022-06-16,2022-02-26,,100.0,89.7,-10.3,0,,926269932.0,894467997.0,-31801935.0,-3.4,1852539863,894467997.0,48.3,CONT025,Al Fara'a Group,444,532,83.5,False,83.1,0,54.6,True,False,Façade,2022-06-21,2024-02-17,2024-08-14
CONS000225,PROJ006,Royal Marina,DEV0030,2022-08-01,MEP,2022-02-26,2022-06-16,2022-02-26,,100.0,91.9,-8.1,0,,926269932.0,901260643.0,-25009289.0,-2.7,1852539863,901260643.0,48.6,CONT025,Al Fara'a Group,432,472,91.5,True,92.9,0,53.3,False,False,Façade,2022-06-21,2024-02-17,2024-08-14
CONS000226,PROJ006,Royal Marina,DEV0030,2022-06-26,Façade,2022-06-26,2022-10-14,2022-07-07,,0.0,0.0,0.0,16,Design Change,926269932.0,926269932.0,0.0,0.0,1852539863,926269932.0,50.0,CONT025,Al Fara'a Group,574,733,78.3,False,77.1,0,57.4,False,False,Fit-Out,2022-10-19,2024-02-17,2024-08-14
CONS000227,PROJ006,Royal Marina,DEV0030,2022-07-01,Façade,2022-06-26,2022-10-14,2022-07-07,,4.5,0.0,-4.5,16,Design Change,940163980.0,926269932.0,-13894048.0,-1.5,1852539863,926269932.0,50.0,CONT025,Al Fara'a Group,844,788,107.1,False,75.1,0,53.8,False,False,Fit-Out,2022-10-19,2024-02-17,2024-08-14
CONS000228,PROJ006,Royal Marina,DEV0030,2022-08-01,Façade,2022-06-26,2022-10-14,2022-07-07,,32.7,17.5,-15.2,16,COVID-19,1027233354.0,980302344.0,-46931010.0,-4.6,1852539863,980302344.0,52.9,CONT025,Al Fara'a Group,633,638,99.2,False,82.2,0,53.6,True,False,Fit-Out,2022-10-19,2024-02-17,2024-08-14
CONS000229,PROJ006,Royal Marina,DEV0030,2022-09-01,Façade,2022-06-26,2022-10-14,2022-07-07,,60.9,58.9,-2.0,16,Labour Shortage,1114302728.0,1108127595.0,-6175133.0,-0.6,1852539863,1108127595.0,59.8,CONT025,Al Fara'a Group,562,593,94.8,False,87.6,0,55.7,False,False,Fit-Out,2022-10-19,2024-02-17,2024-08-14
CONS000230,PROJ006,Royal Marina,DEV0030,2022-10-01,Façade,2022-06-26,2022-10-14,2022-07-07,,88.2,82.2,-6.0,16,Financing,1198593291.0,1180067893.0,-18525398.0,-1.5,1852539863,1180067893.0,63.7,CONT025,Al Fara'a Group,311,330,94.2,False,86.7,0,58.1,False,False,Fit-Out,2022-10-19,2024-02-17,2024-08-14
CONS000231,PROJ006,Royal Marina,DEV0030,2022-11-01,Façade,2022-06-26,2022-10-14,2022-07-07,,100.0,82.2,-17.8,16,Labour Shortage,1235026575.0,1180067893.0,-54958682.0,-4.4,1852539863,1180067893.0,63.7,CONT025,Al Fara'a Group,590,623,94.7,False,86.8,0,49.4,True,False,Fit-Out,2022-10-19,2024-02-17,2024-08-14
CONS000232,PROJ006,Royal Marina,DEV0030,2022-12-01,Façade,2022-06-26,2022-10-14,2022-07-07,,100.0,92.1,-7.9,16,Financing,1235026575.0,1210634800.0,-24391775.0,-2.0,1852539863,1210634800.0,65.3,CONT025,Al Fara'a Group,604,609,99.2,True,80.1,0,53.5,False,False,Fit-Out,2022-10-19,2024-02-17,2024-08-14
CONS000233,PROJ006,Royal Marina,DEV0030,2022-10-24,Fit-Out,2022-10-24,2023-02-11,2022-11-04,,0.0,0.0,0.0,26,Labour Shortage,1235026575.0,1235026575.0,0.0,0.0,1852539863,1235026575.0,66.7,CONT025,Al Fara'a Group,821,786,104.5,False,89.1,2,43.4,False,True,Handover,2023-02-16,2024-02-17,2024-08-14
CONS000234,PROJ006,Royal Marina,DEV0030,2022-11-01,Fit-Out,2022-10-24,2023-02-11,2022-11-04,,7.3,0.0,-7.3,26,Material Delay,1257565810.0,1235026575.0,-22539235.0,-1.8,1852539863,1235026575.0,66.7,CONT025,Al Fara'a Group,502,505,99.4,False,85.2,1,47.3,False,True,Handover,2023-02-16,2024-02-17,2024-08-14
CONS000235,PROJ006,Royal Marina,DEV0030,2022-12-01,Fit-Out,2022-10-24,2023-02-11,2022-11-04,,34.5,29.0,-5.5,26,Design Change,1341547617.0,1324566002.0,-16981615.0,-1.3,1852539863,1324566002.0,71.5,CONT025,Al Fara'a Group,200,207,96.6,False,84.6,0,55.1,False,False,Handover,2023-02-16,2024-02-17,2024-08-14
CONS000236,PROJ006,Royal Marina,DEV0030,2023-01-01,Fit-Out,2022-10-24,2023-02-11,2022-11-04,,62.7,40.2,-22.5,26,Financing,1428616991.0,1359146746.0,-69470245.0,-4.9,1852539863,1359146746.0,73.4,CONT025,Al Fara'a Group,230,299,76.9,False,93.2,0,51.0,True,False,Handover,2023-02-16,2024-02-17,2024-08-14
CONS000237,PROJ006,Royal Marina,DEV0030,2023-02-01,Fit-Out,2022-10-24,2023-02-11,2022-11-04,,90.9,71.9,-19.0,26,COVID-19,1515686365.0,1457022602.0,-58663763.0,-3.9,1852539863,1457022602.0,78.6,CONT025,Al Fara'a Group,294,380,77.4,False,90.9,0,55.7,True,False,Handover,2023-02-16,2024-02-17,2024-08-14
CONS000238,PROJ006,Royal Marina,DEV0030,2023-03-01,Fit-Out,2022-10-24,2023-02-11,2022-11-04,,100.0,87.4,-12.6,26,Weather,1543783219.0,1504879882.0,-38903337.0,-2.5,1852539863,1504879882.0,81.2,CONT025,Al Fara'a Group,324,403,80.4,False,90.3,0,51.5,True,False,Handover,2023-02-16,2024-02-17,2024-08-14
CONS000239,PROJ006,Royal Marina,DEV0030,2023-04-01,Fit-Out,2022-10-24,2023-02-11,2022-11-04,,100.0,99.3,-0.7,26,Design Change,1543783219.0,1541621923.0,-2161296.0,-0.1,1852539863,1541621923.0,83.2,CONT025,Al Fara'a Group,320,454,70.5,True,75.0,0,53.4,False,False,Handover,2023-02-16,2024-02-17,2024-08-14
CONS000240,PROJ006,Royal Marina,DEV0030,2023-02-21,Handover,2023-02-21,2023-06-11,2023-02-21,,0.0,0.0,0.0,8,Material Delay,1543783219.0,1543783219.0,0.0,0.0,1852539863,1543783219.0,83.3,CONT025,Al Fara'a Group,246,237,103.8,False,91.7,0,57.0,False,False,Completed,2023-06-16,2024-02-17,2024-08-14
CONS000241,PROJ006,Royal Marina,DEV0030,2023-03-01,Handover,2023-02-21,2023-06-11,2023-02-21,,7.3,0.0,-7.3,8,Design Change,1566322454.0,1543783219.0,-22539235.0,-1.4,1852539863,1543783219.0,83.3,CONT025,Al Fara'a Group,567,662,85.6,False,75.5,0,51.1,False,False,Completed,2023-06-16,2024-02-17,2024-08-14
CONS000242,PROJ006,Royal Marina,DEV0030,2023-04-01,Handover,2023-02-21,2023-06-11,2023-02-21,,35.5,22.6,-12.9,8,Regulatory,1653391828.0,1613562221.0,-39829607.0,-2.4,1852539863,1613562221.0,87.1,CONT025,Al Fara'a Group,220,201,109.5,False,81.1,0,52.8,True,False,Completed,2023-06-16,2024-02-17,2024-08-14
CONS000243,PROJ006,Royal Marina,DEV0030,2023-05-01,Handover,2023-02-21,2023-06-11,2023-02-21,,62.7,50.5,-12.2,8,COVID-19,1737373635.0,1699705324.0,-37668311.0,-2.2,1852539863,1699705324.0,91.7,CONT025,Al Fara'a Group,136,151,90.1,False,92.4,0,50.8,True,False,Completed,2023-06-16,2024-02-17,2024-08-14
CONS000244,PROJ006,Royal Marina,DEV0030,2023-06-01,Handover,2023-02-21,2023-06-11,2023-02-21,,90.9,89.2,-1.7,8,Design Change,1824443008.0,1819194145.0,-5248863.0,-0.3,1852539863,1819194145.0,98.2,CONT025,Al Fara'a Group,613,728,84.2,False,88.3,0,55.4,False,False,Completed,2023-06-16,2024-02-17,2024-08-14
CONS000245,PROJ006,Royal Marina,DEV0030,2023-07-01,Handover,2023-02-21,2023-06-11,2023-02-21,,100.0,91.7,-8.3,8,Weather,1852539863.0,1826913062.0,-25626801.0,-1.4,1852539863,1826913062.0,98.6,CONT025,Al Fara'a Group,191,223,85.7,True,79.1,0,55.2,False,False,Completed,2023-06-16,2024-02-17,2024-08-14
CONS000246,PROJ006,Royal Marina,DEV0030,2023-08-01,Handover,2023-02-21,2023-06-11,2023-02-21,,100.0,97.7,-2.3,8,Design Change,1852539863.0,1845438460.0,-7101403.0,-0.4,1852539863,1845438460.0,99.6,CONT025,Al Fara'a Group,225,311,72.3,True,85.2,0,54.6,False,False,Completed,2023-06-16,2024-02-17,2024-08-14
CONS000247,PROJ007,The Square,DEV0013,2022-05-01,Foundation,2022-05-01,2022-08-19,2022-05-01,,0.0,7.7,7.7,0,,0.0,22355705.0,22355705.0,2235570500.0,1742002975,22355705.0,1.3,CONT044,Drake & Scull LLC,673,694,97.0,False,79.1,0,66.7,False,True,Structure,2022-08-24,2026-01-02,2026-01-02
CONS000248,PROJ007,The Square,DEV0013,2022-06-01,Foundation,2022-05-01,2022-08-19,2022-05-01,,28.2,28.7,0.5,0,,81874140.0,83325809.0,1451669.0,1.8,1742002975,83325809.0,4.8,CONT044,Drake & Scull LLC,408,472,86.4,False,88.5,0,64.4,False,False,Structure,2022-08-24,2026-01-02,2026-01-02
CONS000249,PROJ007,The Square,DEV0013,2022-07-01,Foundation,2022-05-01,2022-08-19,2022-05-01,,55.5,60.7,5.2,0,,161135275.0,176232634.0,15097359.0,9.4,1742002975,176232634.0,10.1,CONT044,Drake & Scull LLC,129,174,74.1,False,76.1,0,60.3,False,False,Structure,2022-08-24,2026-01-02,2026-01-02
CONS000250,PROJ007,The Square,DEV0013,2022-08-01,Foundation,2022-05-01,2022-08-19,2022-05-01,,83.6,81.7,-1.9,0,,242719081.0,237202738.0,-5516343.0,-2.3,1742002975,237202738.0,13.6,CONT044,Drake & Scull LLC,402,435,92.4,False,87.2,0,60.1,False,False,Structure,2022-08-24,2026-01-02,2026-01-02
CONS000251,PROJ007,The Square,DEV0013,2022-09-01,Foundation,2022-05-01,2022-08-19,2022-05-01,2022-08-19,100.0,100.0,0.0,0,,290333829.0,290333829.0,0.0,0.0,1742002975,290333829.0,16.7,CONT044,Drake & Scull LLC,173,207,83.6,True,72.1,0,59.4,False,False,Structure,2022-08-24,2026-01-02,2026-01-02
CONS000252,PROJ007,The Square,DEV0013,2022-10-01,Foundation,2022-05-01,2022-08-19,2022-05-01,,100.0,88.2,-11.8,0,,290333829.0,256074437.0,-34259392.0,-11.8,1742002975,256074437.0,14.7,CONT044,Drake & Scull LLC,656,712,92.1,False,94.1,0,63.0,True,False,Structure,2022-08-24,2026-01-02,2026-01-02
CONS000253,PROJ007,The Square,DEV0013,2022-08-29,Structure,2022-08-29,2022-12-17,2022-08-29,,0.0,0.7,0.7,0,,290333829.0,292366166.0,2032337.0,0.7,1742002975,292366166.0,16.8,CONT044,Drake & Scull LLC,236,246,95.9,False,88.7,0,62.5,False,False,MEP,2022-12-22,2026-01-02,2026-01-02
CONS000254,PROJ007,The Square,DEV0013,2022-09-01,Structure,2022-08-29,2022-12-17,2022-08-29,,2.7,0.0,-2.7,0,,298172843.0,290333829.0,-7839014.0,-2.6,1742002975,290333829.0,16.7,CONT044,Drake & Scull LLC,764,796,96.0,False,91.8,0,65.3,False,False,MEP,2022-12-22,2026-01-02,2026-01-02
CONS000255,PROJ007,The Square,DEV0013,2022-10-01,Structure,2022-08-29,2022-12-17,2022-08-29,,30.0,26.8,-3.2,0,,377433978.0,368143295.0,-9290683.0,-2.5,1742002975,368143295.0,21.1,CONT044,Drake & Scull LLC,656,703,93.3,False,72.6,0,58.3,False,False,MEP,2022-12-22,2026-01-02,2026-01-02
CONS000256,PROJ007,The Square,DEV0013,2022-11-01,Structure,2022-08-29,2022-12-17,2022-08-29,,58.2,63.3,5.1,0,,459308118.0,474115143.0,14807025.0,3.2,1742002975,474115143.0,27.2,CONT044,Drake & Scull LLC,418,547,76.4,False,92.3,0,62.9,False,False,MEP,2022-12-22,2026-01-02,2026-01-02
CONS000257,PROJ007,The Square,DEV0013,2022-12-01,Structure,2022-08-29,2022-12-17,2022-08-29,,85.5,92.1,6.6,0,,538569253.0,557731286.0,19162033.0,3.6,1742002975,557731286.0,32.0,CONT044,Drake & Scull LLC,357,327,109.2,False,79.5,0,66.1,False,False,MEP,2022-12-22,2026-01-02,2026-01-02
CONS000258,PROJ007,The Square,DEV0013,2023-01-01,Structure,2022-08-29,2022-12-17,2022-08-29,,100.0,87.8,-12.2,0,,580667658.0,545246931.0,-35420727.0,-6.1,1742002975,545246931.0,31.3,CONT044,Drake & Scull LLC,185,184,100.5,False,90.6,0,59.2,True,False,MEP,2022-12-22,2026-01-02,2026-01-02
CONS000259,PROJ007,The Square,DEV0013,2023-02-01,Structure,2022-08-29,2022-12-17,2022-08-29,,100.0,93.0,-7.0,0,,580667658.0,560344290.0,-20323368.0,-3.5,1742002975,560344290.0,32.2,CONT044,Drake & Scull LLC,410,397,103.3,True,74.4,0,61.5,False,False,MEP,2022-12-22,2026-01-02,2026-01-02
CONS000260,PROJ007,The Square,DEV0013,2022-12-27,MEP,2022-12-27,2023-04-16,2023-01-01,,0.0,0.0,0.0,5,Labour Shortage,580667658.0,580667658.0,0.0,0.0,1742002975,580667658.0,33.3,CONT044,Drake & Scull LLC,385,525,73.3,False,93.2,0,60.0,False,False,Façade,2023-04-21,2026-01-02,2026-01-02
CONS000261,PROJ007,The Square,DEV0013,2023-01-01,MEP,2022-12-27,2023-04-16,2023-01-01,,4.5,0.0,-4.5,5,Design Change,593732681.0,580667658.0,-13065023.0,-2.2,1742002975,580667658.0,33.3,CONT044,Drake & Scull LLC,198,279,71.0,False,85.4,0,63.9,False,False,Façade,2023-04-21,2026-01-02,2026-01-02
CONS000262,PROJ007,The Square,DEV0013,2023-02-01,MEP,2022-12-27,2023-04-16,2023-01-01,,32.7,27.2,-5.5,5,Regulatory,675606820.0,659638460.0,-15968360.0,-2.4,1742002975,659638460.0,37.9,CONT044,Drake & Scull LLC,373,446,83.6,False,82.6,0,62.4,False,False,Façade,2023-04-21,2026-01-02,2026-01-02
CONS000263,PROJ007,The Square,DEV0013,2023-03-01,MEP,2022-12-27,2023-04-16,2023-01-01,,58.2,46.3,-11.9,5,Labour Shortage,749641947.0,715092221.0,-34549726.0,-4.6,1742002975,715092221.0,41.0,CONT044,Drake & Scull LLC,351,401,87.5,False,95.2,0,59.7,True,False,Façade,2023-04-21,2026-01-02,2026-01-02
CONS000264,PROJ007,The Square,DEV0013,2023-04-01,MEP,2022-12-27,2023-04-16,2023-01-01,,86.4,79.2,-7.2,5,Design Change,831516087.0,810612051.0,-20904036.0,-2.5,1742002975,810612051.0,46.5,CONT044,Drake & Scull LLC,612,668,91.6,False,81.6,0,59.0,False,False,Façade,2023-04-21,2026-01-02,2026-01-02
CONS000265,PROJ007,The Square,DEV0013,2023-05-01,MEP,2022-12-27,2023-04-16,2023-01-01,,100.0,99.8,-0.2,5,Weather,871001488.0,870420820.0,-580668.0,-0.1,1742002975,870420820.0,50.0,CONT044,Drake & Scull LLC,525,626,83.9,True,97.0,0,63.1,False,False,Façade,2023-04-21,2026-01-02,2026-01-02
CONS000266,PROJ007,The Square,DEV0013,2023-06-01,MEP,2022-12-27,2023-04-16,2023-01-01,,100.0,99.9,-0.1,5,Regulatory,871001488.0,870711154.0,-290334.0,-0.0,1742002975,870711154.0,50.0,CONT044,Drake & Scull LLC,273,379,72.0,True,83.2,0,61.9,False,False,Façade,2023-04-21,2026-01-02,2026-01-02
CONS000267,PROJ007,The Square,DEV0013,2023-04-26,Façade,2023-04-26,2023-08-14,2023-04-26,,0.0,0.0,0.0,0,,871001488.0,871001488.0,0.0,0.0,1742002975,871001488.0,50.0,CONT044,Drake & Scull LLC,454,649,70.0,False,89.1,0,59.2,False,False,Fit-Out,2023-08-19,2026-01-02,2026-01-02
CONS000268,PROJ007,The Square,DEV0013,2023-05-01,Façade,2023-04-26,2023-08-14,2023-04-26,,4.5,11.2,6.7,0,,884066510.0,903518876.0,19452366.0,2.2,1742002975,903518876.0,51.9,CONT044,Drake & Scull LLC,155,187,82.9,False,74.4,0,64.4,False,False,Fit-Out,2023-08-19,2026-01-02,2026-01-02
CONS000269,PROJ007,The Square,DEV0013,2023-06-01,Façade,2023-04-26,2023-08-14,2023-04-26,,32.7,31.4,-1.3,0,,965940650.0,962166310.0,-3774340.0,-0.4,1742002975,962166310.0,55.2,CONT044,Drake & Scull LLC,245,298,82.2,False,83.1,0,61.8,False,False,Fit-Out,2023-08-19,2026-01-02,2026-01-02
CONS000270,PROJ007,The Square,DEV0013,2023-07-01,Façade,2023-04-26,2023-08-14,2023-04-26,,60.0,60.6,0.6,0,,1045201785.0,1046943788.0,1742003.0,0.2,1742002975,1046943788.0,60.1,CONT044,Drake & Scull LLC,413,406,101.7,False,73.1,2,54.8,False,True,Fit-Out,2023-08-19,2026-01-02,2026-01-02
CONS000271,PROJ007,The Square,DEV0013,2023-08-01,Façade,2023-04-26,2023-08-14,2023-04-26,,88.2,93.7,5.5,0,,1127075925.0,1143044285.0,15968360.0,1.4,1742002975,1143044285.0,65.6,CONT044,Drake & Scull LLC,139,188,73.9,False,72.1,0,59.7,False,False,Fit-Out,2023-08-19,2026-01-02,2026-01-02
CONS000272,PROJ007,The Square,DEV0013,2023-09-01,Façade,2023-04-26,2023-08-14,2023-04-26,,100.0,86.8,-13.2,0,,1161335317.0,1123011251.0,-38324066.0,-3.3,1742002975,1123011251.0,64.5,CONT044,Drake & Scull LLC,393,369,106.5,False,78.5,0,59.0,True,False,Fit-Out,2023-08-19,2026-01-02,2026-01-02
CONS000273,PROJ007,The Square,DEV0013,2023-10-01,Façade,2023-04-26,2023-08-14,2023-04-26,,100.0,91.7,-8.3,0,,1161335317.0,1137237609.0,-24097708.0,-2.1,1742002975,1137237609.0,65.3,CONT044,Drake & Scull LLC,455,492,92.5,True,91.1,0,57.7,False,False,Fit-Out,2023-08-19,2026-01-02,2026-01-02
CONS000274,PROJ007,The Square,DEV0013,2023-08-24,Fit-Out,2023-08-24,2023-12-12,2023-08-27,,0.0,5.2,5.2,8,COVID-19,1161335317.0,1176432676.0,15097359.0,1.3,1742002975,1176432676.0,67.5,CONT044,Drake & Scull LLC,274,252,108.7,False,90.5,0,64.7,False,False,Handover,2023-12-17,2026-01-02,2026-01-02
CONS000275,PROJ007,The Square,DEV0013,2023-09-01,Fit-Out,2023-08-24,2023-12-12,2023-08-27,,7.3,1.7,-5.6,8,Design Change,1182529686.0,1166270992.0,-16258694.0,-1.4,1742002975,1166270992.0,67.0,CONT044,Drake & Scull LLC,296,299,99.0,False,76.8,0,61.6,False,False,Handover,2023-12-17,2026-01-02,2026-01-02
CONS000276,PROJ007,The Square,DEV0013,2023-10-01,Fit-Out,2023-08-24,2023-12-12,2023-08-27,,34.5,26.9,-7.6,8,Design Change,1261500488.0,1239435117.0,-22065371.0,-1.7,1742002975,1239435117.0,71.2,CONT044,Drake & Scull LLC,726,666,109.0,False,82.0,0,60.0,False,False,Handover,2023-12-17,2026-01-02,2026-01-02
CONS000277,PROJ007,The Square,DEV0013,2023-11-01,Fit-Out,2023-08-24,2023-12-12,2023-08-27,,62.7,51.5,-11.2,8,Regulatory,1343374628.0,1310857239.0,-32517389.0,-2.4,1742002975,1310857239.0,75.3,CONT044,Drake & Scull LLC,244,297,82.2,False,72.5,0,60.8,True,False,Handover,2023-12-17,2026-01-02,2026-01-02
CONS000278,PROJ007,The Square,DEV0013,2023-12-01,Fit-Out,2023-08-24,2023-12-12,2023-08-27,,90.0,76.5,-13.5,8,Weather,1422635763.0,1383440696.0,-39195067.0,-2.8,1742002975,1383440696.0,79.4,CONT044,Drake & Scull LLC,141,187,75.4,False,95.0,0,56.0,True,False,Handover,2023-12-17,2026-01-02,2026-01-02
CONS000279,PROJ007,The Square,DEV0013,2024-01-01,Fit-Out,2023-08-24,2023-12-12,2023-08-27,,100.0,97.8,-2.2,8,Regulatory,1451669146.0,1445281802.0,-6387344.0,-0.4,1742002975,1445281802.0,83.0,CONT044,Drake & Scull LLC,641,648,98.9,True,96.1,0,64.1,False,False,Handover,2023-12-17,2026-01-02,2026-01-02
CONS000280,PROJ007,The Square,DEV0013,2024-02-01,Fit-Out,2023-08-24,2023-12-12,2023-08-27,,100.0,91.3,-8.7,8,Material Delay,1451669146.0,1426410103.0,-25259043.0,-1.7,1742002975,1426410103.0,81.9,CONT044,Drake & Scull LLC,288,349,82.5,True,87.7,0,58.5,False,False,Handover,2023-12-17,2026-01-02,2026-01-02
CONS000281,PROJ007,The Square,DEV0013,2023-12-22,Handover,2023-12-22,2024-04-10,2023-12-22,,0.0,0.0,0.0,0,,1451669146.0,1451669146.0,0.0,0.0,1742002975,1451669146.0,83.3,CONT044,Drake & Scull LLC,367,412,89.1,False,75.6,0,59.4,False,False,Completed,2024-04-15,2026-01-02,2026-01-02
CONS000282,PROJ007,The Square,DEV0013,2024-01-01,Handover,2023-12-22,2024-04-10,2023-12-22,,9.1,0.7,-8.4,0,,1478089524.0,1453701483.0,-24388041.0,-1.6,1742002975,1453701483.0,83.5,CONT044,Drake & Scull LLC,113,150,75.3,False,96.3,0,59.4,False,False,Completed,2024-04-15,2026-01-02,2026-01-02
CONS000283,PROJ007,The Square,DEV0013,2024-02-01,Handover,2023-12-22,2024-04-10,2023-12-22,,37.3,39.2,1.9,0,,1559963664.0,1565480007.0,5516343.0,0.4,1742002975,1565480007.0,89.9,CONT044,Drake & Scull LLC,275,392,70.2,False,76.7,2,48.9,False,True,Completed,2024-04-15,2026-01-02,2026-01-02
CONS000284,PROJ007,The Square,DEV0013,2024-03-01,Handover,2023-12-22,2024-04-10,2023-12-22,,63.6,63.9,0.3,0,,1636321461.0,1637192463.0,871002.0,0.1,1742002975,1637192463.0,94.0,CONT044,Drake & Scull LLC,260,297,87.5,False,89.8,0,63.1,False,False,Completed,2024-04-15,2026-01-02,2026-01-02
CONS000285,PROJ007,The Square,DEV0013,2024-04-01,Handover,2023-12-22,2024-04-10,2023-12-22,,91.8,92.2,0.4,0,,1718195601.0,1719356936.0,1161335.0,0.1,1742002975,1719356936.0,98.7,CONT044,Drake & Scull LLC,242,265,91.3,False,70.8,0,62.1,False,False,Completed,2024-04-15,2026-01-02,2026-01-02
CONS000286,PROJ007,The Square,DEV0013,2024-05-01,Handover,2023-12-22,2024-04-10,2023-12-22,,100.0,89.0,-11.0,0,,1742002975.0,1710066254.0,-31936721.0,-1.8,1742002975,1710066254.0,98.2,CONT044,Drake & Scull LLC,407,450,90.4,False,92.8,0,61.7,True,False,Completed,2024-04-15,2026-01-02,2026-01-02
CONS000287,PROJ007,The Square,DEV0013,2024-06-01,Handover,2023-12-22,2024-04-10,2023-12-22,2024-04-10,100.0,100.0,0.0,0,,1742002975.0,1742002975.0,0.0,0.0,1742002975,1742002975.0,100.0,CONT044,Drake & Scull LLC,294,361,81.4,True,87.4,0,63.8,False,False,Completed,2024-04-15,2026-01-02,2026-01-02
CONS000288,PROJ008,Prime Views,DEV0027,2020-03-01,Foundation,2020-03-01,2020-06-19,2020-03-19,,0.0,0.0,0.0,40,Material Delay,0.0,0.0,0.0,0.0,953369480,0.0,0.0,CONT012,Brookfield Multiplex,346,435,79.5,False,96.6,0,61.2,True,False,Structure,2020-06-24,2023-11-19,2024-08-13
CONS000289,PROJ008,Prime Views,DEV0027,2020-04-01,Foundation,2020-03-01,2020-06-19,2020-03-19,,28.2,5.3,-22.9,40,Weather,44808366.0,8421430.0,-36386936.0,-81.2,953369480,8421430.0,0.9,CONT012,Brookfield Multiplex,735,766,96.0,False,86.6,0,55.5,True,False,Structure,2020-06-24,2023-11-19,2024-08-13
CONS000290,PROJ008,Prime Views,DEV0027,2020-05-01,Foundation,2020-03-01,2020-06-19,2020-03-19,,55.5,33.3,-22.2,40,Design Change,88186677.0,52912006.0,-35274671.0,-40.0,953369480,52912006.0,5.5,CONT012,Brookfield Multiplex,166,166,100.0,False,90.8,0,58.4,True,False,Structure,2020-06-24,2023-11-19,2024-08-13
CONS000291,PROJ008,Prime Views,DEV0027,2020-06-01,Foundation,2020-03-01,2020-06-19,2020-03-19,,83.6,60.5,-23.1,40,Regulatory,132836148.0,96131423.0,-36704725.0,-27.6,953369480,96131423.0,10.1,CONT012,Brookfield Multiplex,283,343,82.5,False,74.6,0,58.8,True,False,Structure,2020-06-24,2023-11-19,2024-08-13
CONS000292,PROJ008,Prime Views,DEV0027,2020-07-01,Foundation,2020-03-01,2020-06-19,2020-03-19,,100.0,84.4,-15.6,40,Design Change,158894913.0,134107307.0,-24787606.0,-15.6,953369480,134107307.0,14.1,CONT012,Brookfield Multiplex,225,231,97.4,False,90.5,0,61.8,True,False,Structure,2020-06-24,2023-11-19,2024-08-13
CONS000293,PROJ008,Prime Views,DEV0027,2020-08-01,Foundation,2020-03-01,2020-06-19,2020-03-19,,100.0,83.9,-16.1,40,Financing,158894913.0,133312832.0,-25582081.0,-16.1,953369480,133312832.0,14.0,CONT012,Brookfield Multiplex,351,414,84.8,False,95.5,0,61.6,True,False,Structure,2020-06-24,2023-11-19,2024-08-13
CONS000294,PROJ008,Prime Views,DEV0027,2020-06-29,Structure,2020-06-29,2020-10-17,2020-07-07,,0.0,0.0,0.0,11,COVID-19,158894913.0,158894913.0,0.0,0.0,953369480,158894913.0,16.7,CONT012,Brookfield Multiplex,409,533,76.7,False,80.2,0,63.8,False,False,MEP,2020-10-22,2023-11-19,2024-08-13
CONS000295,PROJ008,Prime Views,DEV0027,2020-07-01,Structure,2020-06-29,2020-10-17,2020-07-07,,1.8,0.0,-1.8,11,Design Change,161755022.0,158894913.0,-2860109.0,-1.8,953369480,158894913.0,16.7,CONT012,Brookfield Multiplex,418,418,100.0,False,88.1,0,64.2,False,False,MEP,2020-10-22,2023-11-19,2024-08-13
CONS000296,PROJ008,Prime Views,DEV0027,2020-08-01,Structure,2020-06-29,2020-10-17,2020-07-07,,30.0,18.3,-11.7,11,Weather,206563387.0,187972682.0,-18590705.0,-9.0,953369480,187972682.0,19.7,CONT012,Brookfield Multiplex,366,479,76.4,False,88.5,0,63.1,True,False,MEP,2020-10-22,2023-11-19,2024-08-13
CONS000297,PROJ008,Prime Views,DEV0027,2020-09-01,Structure,2020-06-29,2020-10-17,2020-07-07,,58.2,46.6,-11.6,11,Labour Shortage,251371753.0,232939943.0,-18431810.0,-7.3,953369480,232939943.0,24.4,CONT012,Brookfield Multiplex,344,391,88.0,False,84.0,0,59.9,True,False,MEP,2020-10-22,2023-11-19,2024-08-13
CONS000298,PROJ008,Prime Views,DEV0027,2020-10-01,Structure,2020-06-29,2020-10-17,2020-07-07,,85.5,73.0,-12.5,11,Material Delay,294750064.0,274888200.0,-19861864.0,-6.7,953369480,274888200.0,28.8,CONT012,Brookfield Multiplex,195,195,100.0,False,92.8,0,61.0,True,False,MEP,2020-10-22,2023-11-19,2024-08-13
CONS000299,PROJ008,Prime Views,DEV0027,2020-11-01,Structure,2020-06-29,2020-10-17,2020-07-07,,100.0,84.5,-15.5,11,Weather,317789827.0,293161115.0,-24628712.0,-7.8,953369480,293161115.0,30.7,CONT012,Brookfield Multiplex,309,320,96.6,False,76.8,0,58.7,True,False,MEP,2020-10-22,2023-11-19,2024-08-13
CONS000300,PROJ008,Prime Views,DEV0027,2020-12-01,Structure,2020-06-29,2020-10-17,2020-07-07,,100.0,86.2,-13.8,11,Weather,317789827.0,295862329.0,-21927498.0,-6.9,953369480,295862329.0,31.0,CONT012,Brookfield Multiplex,618,613,100.8,False,72.0,0,58.8,True,False,MEP,2020-10-22,2023-11-19,2024-08-13
CONS000301,PROJ008,Prime Views,DEV0027,2020-10-27,MEP,2020-10-27,2021-02-14,2020-12-03,,0.0,0.0,0.0,54,Labour Shortage,317789827.0,317789827.0,0.0,0.0,953369480,317789827.0,33.3,CONT012,Brookfield Multiplex,430,513,83.8,False,96.6,0,64.1,True,False,Façade,2021-02-19,2023-11-19,2024-08-13
CONS000302,PROJ008,Prime Views,DEV0027,2020-11-01,MEP,2020-10-27,2021-02-14,2020-12-03,,4.5,0.0,-4.5,54,Labour Shortage,324940098.0,317789827.0,-7150271.0,-2.2,953369480,317789827.0,33.3,CONT012,Brookfield Multiplex,547,727,75.2,False,92.7,0,61.3,True,False,Façade,2021-02-19,2023-11-19,2024-08-13
CONS000303,PROJ008,Prime Views,DEV0027,2020-12-01,MEP,2020-10-27,2021-02-14,2020-12-03,,31.8,3.3,-28.5,54,Design Change,368318409.0,323033359.0,-45285050.0,-12.3,953369480,323033359.0,33.9,CONT012,Brookfield Multiplex,580,707,82.0,False,85.1,0,55.2,True,False,Façade,2021-02-19,2023-11-19,2024-08-13
CONS000304,PROJ008,Prime Views,DEV0027,2021-01-01,MEP,2020-10-27,2021-02-14,2020-12-03,,60.0,37.0,-23.0,54,Material Delay,413126775.0,376580945.0,-36545830.0,-8.8,953369480,376580945.0,39.5,CONT012,Brookfield Multiplex,186,171,108.8,False,82.4,0,55.0,True,False,Façade,2021-02-19,2023-11-19,2024-08-13
CONS000305,PROJ008,Prime Views,DEV0027,2021-02-01,MEP,2020-10-27,2021-02-14,2020-12-03,,88.2,70.5,-17.7,54,Regulatory,457935140.0,429810741.0,-28124399.0,-6.1,953369480,429810741.0,45.1,CONT012,Brookfield Multiplex,362,477,75.9,False,92.8,2,48.3,True,True,Façade,2021-02-19,2023-11-19,2024-08-13
CONS000306,PROJ008,Prime Views,DEV0027,2021-03-01,MEP,2020-10-27,2021-02-14,2020-12-03,,100.0,78.5,-21.5,54,COVID-19,476684740.0,442522334.0,-34162406.0,-7.2,953369480,442522334.0,46.4,CONT012,Brookfield Multiplex,213,252,84.5,False,79.5,0,58.4,True,False,Façade,2021-02-19,2023-11-19,2024-08-13
CONS000307,PROJ008,Prime Views,DEV0027,2021-04-01,MEP,2020-10-27,2021-02-14,2020-12-03,,100.0,76.2,-23.8,54,Design Change,476684740.0,438867751.0,-37816989.0,-7.9,953369480,438867751.0,46.0,CONT012,Brookfield Multiplex,570,730,78.1,False,78.9,0,55.7,True,False,Façade,2021-02-19,2023-11-19,2024-08-13
CONS000308,PROJ008,Prime Views,DEV0027,2021-02-24,Façade,2021-02-24,2021-06-14,2021-02-27,,0.0,0.0,0.0,4,Design Change,476684740.0,476684740.0,0.0,0.0,953369480,476684740.0,50.0,CONT012,Brookfield Multiplex,418,443,94.4,False,81.0,1,59.0,False,True,Fit-Out,2021-06-19,2023-11-19,2024-08-13
CONS000309,PROJ008,Prime Views,DEV0027,2021-03-01,Façade,2021-02-24,2021-06-14,2021-02-27,,4.5,4.6,0.1,4,COVID-19,483835011.0,483993906.0,158895.0,0.0,953369480,483993906.0,50.8,CONT012,Brookfield Multiplex,262,364,72.0,False,70.9,0,64.3,False,False,Fit-Out,2021-06-19,2023-11-19,2024-08-13
CONS000310,PROJ008,Prime Views,DEV0027,2021-04-01,Façade,2021-02-24,2021-06-14,2021-02-27,,32.7,22.4,-10.3,4,Design Change,528643377.0,512277201.0,-16366176.0,-3.1,953369480,512277201.0,53.7,CONT012,Brookfield Multiplex,237,326,72.7,False,91.0,2,51.8,True,True,Fit-Out,2021-06-19,2023-11-19,2024-08-13
CONS000311,PROJ008,Prime Views,DEV0027,2021-05-01,Façade,2021-02-24,2021-06-14,2021-02-27,,60.0,52.0,-8.0,4,Design Change,572021688.0,559310095.0,-12711593.0,-2.2,953369480,559310095.0,58.7,CONT012,Brookfield Multiplex,504,597,84.4,False,87.7,0,61.3,False,False,Fit-Out,2021-06-19,2023-11-19,2024-08-13
CONS000312,PROJ008,Prime Views,DEV0027,2021-06-01,Façade,2021-02-24,2021-06-14,2021-02-27,,88.2,86.3,-1.9,4,Weather,616830054.0,613811050.0,-3019004.0,-0.5,953369480,613811050.0,64.4,CONT012,Brookfield Multiplex,171,220,77.7,False,83.2,0,65.6,False,False,Fit-Out,2021-06-19,2023-11-19,2024-08-13
CONS000313,PROJ008,Prime Views,DEV0027,2021-07-01,Façade,2021-02-24,2021-06-14,2021-02-27,2021-06-18,100.0,100.0,0.0,4,Labour Shortage,635579653.0,635579653.0,0.0,0.0,953369480,635579653.0,66.7,CONT012,Brookfield Multiplex,182,173,105.2,True,70.0,0,59.8,False,False,Fit-Out,2021-06-19,2023-11-19,2024-08-13
CONS000314,PROJ008,Prime Views,DEV0027,2021-08-01,Façade,2021-02-24,2021-06-14,2021-02-27,2021-06-18,100.0,100.0,0.0,4,Design Change,635579653.0,635579653.0,0.0,0.0,953369480,635579653.0,66.7,CONT012,Brookfield Multiplex,740,697,106.2,True,78.4,0,69.9,False,False,Fit-Out,2021-06-19,2023-11-19,2024-08-13
CONS000315,PROJ008,Prime Views,DEV0027,2021-06-24,Fit-Out,2021-06-24,2021-10-12,2021-06-27,,0.0,5.3,5.3,4,Design Change,635579653.0,644001084.0,8421431.0,1.3,953369480,644001084.0,67.6,CONT012,Brookfield Multiplex,366,460,79.6,False,81.0,0,63.8,False,False,Handover,2021-10-17,2023-11-19,2024-08-13
CONS000316,PROJ008,Prime Views,DEV0027,2021-07-01,Fit-Out,2021-06-24,2021-10-12,2021-06-27,,6.4,0.0,-6.4,4,Labour Shortage,645748928.0,635579653.0,-10169275.0,-1.6,953369480,635579653.0,66.7,CONT012,Brookfield Multiplex,225,301,74.8,False,92.8,0,62.9,False,False,Handover,2021-10-17,2023-11-19,2024-08-13
CONS000317,PROJ008,Prime Views,DEV0027,2021-08-01,Fit-Out,2021-06-24,2021-10-12,2021-06-27,,34.5,33.4,-1.1,4,Material Delay,690398398.0,688650554.0,-1747844.0,-0.3,953369480,688650554.0,72.2,CONT012,Brookfield Multiplex,267,357,74.8,False,90.2,0,61.8,False,False,Handover,2021-10-17,2023-11-19,2024-08-13
CONS000318,PROJ008,Prime Views,DEV0027,2021-09-01,Fit-Out,2021-06-24,2021-10-12,2021-06-27,,62.7,65.3,2.6,4,Design Change,735206764.0,739338032.0,4131268.0,0.6,953369480,739338032.0,77.6,CONT012,Brookfield Multiplex,655,609,107.6,False,85.7,0,66.1,False,False,Handover,2021-10-17,2023-11-19,2024-08-13
CONS000319,PROJ008,Prime Views,DEV0027,2021-10-01,Fit-Out,2021-06-24,2021-10-12,2021-06-27,,90.0,91.0,1.0,4,Regulatory,778585075.0,780174024.0,1588949.0,0.2,953369480,780174024.0,81.8,CONT012,Brookfield Multiplex,262,350,74.9,False,79.8,0,64.9,False,False,Handover,2021-10-17,2023-11-19,2024-08-13
CONS000320,PROJ008,Prime Views,DEV0027,2021-11-01,Fit-Out,2021-06-24,2021-10-12,2021-06-27,,100.0,85.8,-14.2,4,Material Delay,794474567.0,771911489.0,-22563078.0,-2.8,953369480,771911489.0,81.0,CONT012,Brookfield Multiplex,202,195,103.6,False,72.6,0,58.4,True,False,Handover,2021-10-17,2023-11-19,2024-08-13
CONS000321,PROJ008,Prime Views,DEV0027,2021-12-01,Fit-Out,2021-06-24,2021-10-12,2021-06-27,2021-10-16,100.0,100.0,0.0,4,Financing,794474567.0,794474567.0,0.0,0.0,953369480,794474567.0,83.3,CONT012,Brookfield Multiplex,404,459,88.0,True,89.5,0,66.1,False,False,Handover,2021-10-17,2023-11-19,2024-08-13
CONS000322,PROJ008,Prime Views,DEV0027,2021-10-22,Handover,2021-10-22,2022-02-09,2021-11-04,,0.0,0.0,0.0,15,Labour Shortage,794474567.0,794474567.0,0.0,0.0,953369480,794474567.0,83.3,CONT012,Brookfield Multiplex,191,188,101.6,False,93.9,0,63.7,False,False,Completed,2022-02-14,2023-11-19,2024-08-13
CONS000323,PROJ008,Prime Views,DEV0027,2021-11-01,Handover,2021-10-22,2022-02-09,2021-11-04,,9.1,0.0,-9.1,15,Labour Shortage,808934004.0,794474567.0,-14459437.0,-1.8,953369480,794474567.0,83.3,CONT012,Brookfield Multiplex,161,188,85.6,False,92.9,0,62.4,False,False,Completed,2022-02-14,2023-11-19,2024-08-13
CONS000324,PROJ008,Prime Views,DEV0027,2021-12-01,Handover,2021-10-22,2022-02-09,2021-11-04,,36.4,25.4,-11.0,15,Design Change,852312315.0,834833875.0,-17478440.0,-2.1,953369480,834833875.0,87.6,CONT012,Brookfield Multiplex,662,766,86.4,False,81.8,1,53.9,True,True,Completed,2022-02-14,2023-11-19,2024-08-13
CONS000325,PROJ008,Prime Views,DEV0027,2022-01-01,Handover,2021-10-22,2022-02-09,2021-11-04,,64.5,59.7,-4.8,15,Regulatory,896961786.0,889334830.0,-7626956.0,-0.9,953369480,889334830.0,93.3,CONT012,Brookfield Multiplex,343,336,102.1,False,89.7,0,62.5,False,False,Completed,2022-02-14,2023-11-19,2024-08-13
CONS000326,PROJ008,Prime Views,DEV0027,2022-02-01,Handover,2021-10-22,2022-02-09,2021-11-04,,92.7,95.4,2.7,15,Financing,941770151.0,946060314.0,4290163.0,0.5,953369480,946060314.0,99.2,CONT012,Brookfield Multiplex,611,788,77.5,False,75.1,0,68.8,False,False,Completed,2022-02-14,2023-11-19,2024-08-13
CONS000327,PROJ008,Prime Views,DEV0027,2022-03-01,Handover,2021-10-22,2022-02-09,2021-11-04,,100.0,85.0,-15.0,15,Financing,953369480.0,929535243.0,-23834237.0,-2.5,953369480,929535243.0,97.5,CONT012,Brookfield Multiplex,624,673,92.7,False,73.7,0,61.4,True,False,Completed,2022-02-14,2023-11-19,2024-08-13
CONS000328,PROJ008,Prime Views,DEV0027,2022-04-01,Handover,2021-10-22,2022-02-09,2021-11-04,,100.0,91.0,-9.0,15,Design Change,953369480.0,939068938.0,-14300542.0,-1.5,953369480,939068938.0,98.5,CONT012,Brookfield Multiplex,277,382,72.5,True,92.8,0,61.9,False,False,Completed,2022-02-14,2023-11-19,2024-08-13
CONS000329,PROJ009,Luxe Views,DEV0040,2021-02-01,Foundation,2021-02-01,2021-05-22,2021-02-07,,0.0,0.0,0.0,6,Financing,0.0,0.0,0.0,0.0,1841608948,0.0,0.0,CONT200,Six Construct LLC,795,748,106.3,False,71.6,0,81.7,False,False,Structure,2021-05-27,2023-11-09,2024-04-23
CONS000330,PROJ009,Luxe Views,DEV0040,2021-03-01,Foundation,2021-02-01,2021-05-22,2021-02-07,,25.5,27.1,1.6,6,COVID-19,78268380.0,83179337.0,4910957.0,6.3,1841608948,83179337.0,4.5,CONT200,Six Construct LLC,716,700,102.3,False,84.5,0,83.2,False,False,Structure,2021-05-27,2023-11-09,2024-04-23
CONS000331,PROJ009,Luxe Views,DEV0040,2021-04-01,Foundation,2021-02-01,2021-05-22,2021-02-07,,53.6,46.3,-7.3,6,Weather,164517066.0,142110824.0,-22406242.0,-13.6,1841608948,142110824.0,7.7,CONT200,Six Construct LLC,754,774,97.4,False,77.5,0,80.8,False,False,Structure,2021-05-27,2023-11-09,2024-04-23
CONS000332,PROJ009,Luxe Views,DEV0040,2021-05-01,Foundation,2021-02-01,2021-05-22,2021-02-07,,80.9,70.6,-10.3,6,Design Change,248310273.0,216695986.0,-31614287.0,-12.7,1841608948,216695986.0,11.8,CONT200,Six Construct LLC,759,796,95.4,False,91.7,0,80.4,True,False,Structure,2021-05-27,2023-11-09,2024-04-23
CONS000333,PROJ009,Luxe Views,DEV0040,2021-06-01,Foundation,2021-02-01,2021-05-22,2021-02-07,,100.0,96.4,-3.6,6,Weather,306934825.0,295885171.0,-11049654.0,-3.6,1841608948,295885171.0,16.1,CONT200,Six Construct LLC,512,522,98.1,True,83.3,0,79.4,False,False,Structure,2021-05-27,2023-11-09,2024-04-23
CONS000334,PROJ009,Luxe Views,DEV0040,2021-07-01,Foundation,2021-02-01,2021-05-22,2021-02-07,2021-05-28,100.0,100.0,0.0,6,Design Change,306934825.0,306934825.0,0.0,0.0,1841608948,306934825.0,16.7,CONT200,Six Construct LLC,170,231,73.6,True,84.5,0,83.9,False,False,Structure,2021-05-27,2023-11-09,2024-04-23
CONS000335,PROJ009,Luxe Views,DEV0040,2021-06-01,Structure,2021-06-01,2021-09-19,2021-06-02,,0.0,0.0,0.0,2,Weather,306934825.0,306934825.0,0.0,0.0,1841608948,306934825.0,16.7,CONT200,Six Construct LLC,606,756,80.2,False,90.2,0,80.4,False,False,MEP,2021-09-24,2023-11-09,2024-04-23
CONS000336,PROJ009,Luxe Views,DEV0040,2021-07-01,Structure,2021-06-01,2021-09-19,2021-06-02,,27.3,11.7,-15.6,2,Labour Shortage,390728032.0,342846199.0,-47881833.0,-12.3,1841608948,342846199.0,18.6,CONT200,Six Construct LLC,284,312,91.0,False,77.4,0,81.2,True,False,MEP,2021-09-24,2023-11-09,2024-04-23
CONS000337,PROJ009,Luxe Views,DEV0040,2021-08-01,Structure,2021-06-01,2021-09-19,2021-06-02,,55.5,43.3,-12.2,2,Financing,477283652.0,439837604.0,-37446048.0,-7.8,1841608948,439837604.0,23.9,CONT200,Six Construct LLC,419,558,75.1,False,86.0,0,77.4,True,False,MEP,2021-09-24,2023-11-09,2024-04-23
CONS000338,PROJ009,Luxe Views,DEV0040,2021-09-01,Structure,2021-06-01,2021-09-19,2021-06-02,,83.6,74.8,-8.8,2,Weather,563532338.0,536522074.0,-27010264.0,-4.8,1841608948,536522074.0,29.1,CONT200,Six Construct LLC,469,670,70.0,False,73.0,1,75.6,False,True,MEP,2021-09-24,2023-11-09,2024-04-23
CONS000339,PROJ009,Luxe Views,DEV0040,2021-10-01,Structure,2021-06-01,2021-09-19,2021-06-02,,100.0,90.9,-9.1,2,Regulatory,613869649.0,585938580.0,-27931069.0,-4.5,1841608948,585938580.0,31.8,CONT200,Six Construct LLC,783,794,98.6,True,77.5,0,81.9,False,False,MEP,2021-09-24,2023-11-09,2024-04-23
CONS000340,PROJ009,Luxe Views,DEV0040,2021-11-01,Structure,2021-06-01,2021-09-19,2021-06-02,,100.0,92.7,-7.3,2,Design Change,613869649.0,591463407.0,-22406242.0,-3.6,1841608948,591463407.0,32.1,CONT200,Six Construct LLC,587,716,82.0,True,73.5,0,79.9,False,False,MEP,2021-09-24,2023-11-09,2024-04-23
CONS000341,PROJ009,Luxe Views,DEV0040,2021-09-29,MEP,2021-09-29,2022-01-17,2021-09-29,,0.0,1.9,1.9,12,Weather,613869649.0,619701411.0,5831762.0,1.0,1841608948,619701411.0,33.6,CONT200,Six Construct LLC,158,193,81.9,False,95.6,0,83.9,False,False,Façade,2022-01-22,2023-11-09,2024-04-23
CONS000342,PROJ009,Luxe Views,DEV0040,2021-10-01,MEP,2021-09-29,2022-01-17,2021-09-29,,1.8,0.0,-1.8,12,Regulatory,619394476.0,613869649.0,-5524827.0,-0.9,1841608948,613869649.0,33.3,CONT200,Six Construct LLC,820,799,102.6,False,76.5,0,84.9,False,False,Façade,2022-01-22,2023-11-09,2024-04-23
CONS000343,PROJ009,Luxe Views,DEV0040,2021-11-01,MEP,2021-09-29,2022-01-17,2021-09-29,,30.0,21.3,-8.7,12,Design Change,705950097.0,679246767.0,-26703330.0,-3.8,1841608948,679246767.0,36.9,CONT200,Six Construct LLC,516,708,72.9,False,94.9,0,81.1,False,False,Façade,2022-01-22,2023-11-09,2024-04-23
CONS000344,PROJ009,Luxe Views,DEV0040,2021-12-01,MEP,2021-09-29,2022-01-17,2021-09-29,,57.3,59.5,2.2,12,Labour Shortage,789743304.0,796495870.0,6752566.0,0.9,1841608948,796495870.0,43.2,CONT200,Six Construct LLC,682,791,86.2,False,75.6,0,84.0,False,False,Façade,2022-01-22,2023-11-09,2024-04-23
CONS000345,PROJ009,Luxe Views,DEV0040,2022-01-01,MEP,2021-09-29,2022-01-17,2021-09-29,,85.5,70.7,-14.8,12,COVID-19,876298924.0,830872570.0,-45426354.0,-5.2,1841608948,830872570.0,45.1,CONT200,Six Construct LLC,599,663,90.3,False,84.5,0,74.8,True,False,Façade,2022-01-22,2023-11-09,2024-04-23
CONS000346,PROJ009,Luxe Views,DEV0040,2022-02-01,MEP,2021-09-29,2022-01-17,2021-09-29,,100.0,84.0,-16.0,12,Material Delay,920804474.0,871694902.0,-49109572.0,-5.3,1841608948,871694902.0,47.3,CONT200,Six Construct LLC,350,339,103.2,False,71.5,0,75.9,True,False,Façade,2022-01-22,2023-11-09,2024-04-23
CONS000347,PROJ009,Luxe Views,DEV0040,2022-03-01,MEP,2021-09-29,2022-01-17,2021-09-29,,100.0,85.3,-14.7,12,COVID-19,920804474.0,875685055.0,-45119419.0,-4.9,1841608948,875685055.0,47.6,CONT200,Six Construct LLC,167,235,71.1,False,87.1,0,80.3,True,False,Façade,2022-01-22,2023-11-09,2024-04-23
CONS000348,PROJ009,Luxe Views,DEV0040,2022-01-27,Façade,2022-01-27,2022-05-17,2022-02-02,,0.0,0.0,0.0,25,Labour Shortage,920804474.0,920804474.0,0.0,0.0,1841608948,920804474.0,50.0,CONT200,Six Construct LLC,663,758,87.5,False,71.2,0,83.7,False,False,Fit-Out,2022-05-22,2023-11-09,2024-04-23
CONS000349,PROJ009,Luxe Views,DEV0040,2022-02-01,Façade,2022-01-27,2022-05-17,2022-02-02,,4.5,0.0,-4.5,25,COVID-19,934616541.0,920804474.0,-13812067.0,-1.5,1841608948,920804474.0,50.0,CONT200,Six Construct LLC,226,219,103.2,False,79.4,0,82.7,False,False,Fit-Out,2022-05-22,2023-11-09,2024-04-23
CONS000350,PROJ009,Luxe Views,DEV0040,2022-03-01,Façade,2022-01-27,2022-05-17,2022-02-02,,30.0,10.4,-19.6,25,Labour Shortage,1012884921.0,952725696.0,-60159225.0,-5.9,1841608948,952725696.0,51.7,CONT200,Six Construct LLC,215,301,71.4,False,90.2,1,73.0,True,True,Fit-Out,2022-05-22,2023-11-09,2024-04-23
CONS000351,PROJ009,Luxe Views,DEV0040,2022-04-01,Façade,2022-01-27,2022-05-17,2022-02-02,,58.2,57.2,-1.0,25,Material Delay,1099440542.0,1096371194.0,-3069348.0,-0.3,1841608948,1096371194.0,59.5,CONT200,Six Construct LLC,281,377,74.5,False,75.5,0,84.9,False,False,Fit-Out,2022-05-22,2023-11-09,2024-04-23
CONS000352,PROJ009,Luxe Views,DEV0040,2022-05-01,Façade,2022-01-27,2022-05-17,2022-02-02,,85.5,78.9,-6.6,25,Material Delay,1183233749.0,1162976051.0,-20257698.0,-1.7,1841608948,1162976051.0,63.2,CONT200,Six Construct LLC,186,201,92.5,False,95.5,0,80.1,False,False,Fit-Out,2022-05-22,2023-11-09,2024-04-23
CONS000353,PROJ009,Luxe Views,DEV0040,2022-06-01,Façade,2022-01-27,2022-05-17,2022-02-02,,100.0,79.2,-20.8,25,Weather,1227739299.0,1163896855.0,-63842444.0,-5.2,1841608948,1163896855.0,63.2,CONT200,Six Construct LLC,168,236,71.2,False,96.4,0,76.6,True,False,Fit-Out,2022-05-22,2023-11-09,2024-04-23
CONS000354,PROJ009,Luxe Views,DEV0040,2022-07-01,Façade,2022-01-27,2022-05-17,2022-02-02,,100.0,89.2,-10.8,25,Weather,1227739299.0,1194590338.0,-33148961.0,-2.7,1841608948,1194590338.0,64.9,CONT200,Six Construct LLC,829,774,107.1,False,74.6,0,77.3,True,False,Fit-Out,2022-05-22,2023-11-09,2024-04-23
CONS000355,PROJ009,Luxe Views,DEV0040,2022-05-27,Fit-Out,2022-05-27,2022-09-14,2022-05-27,,0.0,7.1,7.1,0,,1227739299.0,1249531671.0,21792372.0,1.8,1841608948,1249531671.0,67.8,CONT200,Six Construct LLC,451,523,86.2,False,71.2,0,82.2,False,False,Handover,2022-09-19,2023-11-09,2024-04-23
CONS000356,PROJ009,Luxe Views,DEV0040,2022-06-01,Fit-Out,2022-05-27,2022-09-14,2022-05-27,,4.5,0.4,-4.1,0,,1241551366.0,1228967038.0,-12584328.0,-1.0,1841608948,1228967038.0,66.7,CONT200,Six Construct LLC,525,732,71.7,False,76.1,0,78.1,False,False,Handover,2022-09-19,2023-11-09,2024-04-23
CONS000357,PROJ009,Luxe Views,DEV0040,2022-07-01,Fit-Out,2022-05-27,2022-09-14,2022-05-27,,31.8,37.9,6.1,0,,1325344573.0,1344067597.0,18723024.0,1.4,1841608948,1344067597.0,73.0,CONT200,Six Construct LLC,293,314,93.3,False,75.9,0,82.7,False,False,Handover,2022-09-19,2023-11-09,2024-04-23
CONS000358,PROJ009,Luxe Views,DEV0040,2022-08-01,Fit-Out,2022-05-27,2022-09-14,2022-05-27,,60.0,55.1,-4.9,0,,1411900193.0,1396860387.0,-15039806.0,-1.1,1841608948,1396860387.0,75.8,CONT200,Six Construct LLC,513,587,87.4,False,74.5,0,84.2,False,False,Handover,2022-09-19,2023-11-09,2024-04-23
CONS000359,PROJ009,Luxe Views,DEV0040,2022-09-01,Fit-Out,2022-05-27,2022-09-14,2022-05-27,,88.2,89.6,1.4,0,,1498455814.0,1502752902.0,4297088.0,0.3,1841608948,1502752902.0,81.6,CONT200,Six Construct LLC,406,457,88.8,False,70.9,0,79.9,False,False,Handover,2022-09-19,2023-11-09,2024-04-23
CONS000360,PROJ009,Luxe Views,DEV0040,2022-10-01,Fit-Out,2022-05-27,2022-09-14,2022-05-27,2022-09-14,100.0,100.0,0.0,0,,1534674123.0,1534674123.0,0.0,0.0,1841608948,1534674123.0,83.3,CONT200,Six Construct LLC,671,623,107.7,True,92.4,1,77.0,False,True,Handover,2022-09-19,2023-11-09,2024-04-23
CONS000361,PROJ009,Luxe Views,DEV0040,2022-11-01,Fit-Out,2022-05-27,2022-09-14,2022-05-27,2022-09-14,100.0,100.0,0.0,0,,1534674123.0,1534674123.0,0.0,0.0,1841608948,1534674123.0,83.3,CONT200,Six Construct LLC,381,413,92.3,True,78.9,0,80.0,False,False,Handover,2022-09-19,2023-11-09,2024-04-23
CONS000362,PROJ009,Luxe Views,DEV0040,2022-09-24,Handover,2022-09-24,2023-01-12,2022-10-21,,0.0,0.0,0.0,42,Design Change,1534674123.0,1534674123.0,0.0,0.0,1841608948,1534674123.0,83.3,CONT200,Six Construct LLC,467,633,73.8,False,82.0,0,81.4,True,False,Completed,2023-01-17,2023-11-09,2024-04-23
CONS000363,PROJ009,Luxe Views,DEV0040,2022-10-01,Handover,2022-09-24,2023-01-12,2022-10-21,,6.4,0.0,-6.4,42,COVID-19,1554317952.0,1534674123.0,-19643829.0,-1.3,1841608948,1534674123.0,83.3,CONT200,Six Construct LLC,149,150,99.3,False,77.0,0,81.0,True,False,Completed,2023-01-17,2023-11-09,2024-04-23
CONS000364,PROJ009,Luxe Views,DEV0040,2022-11-01,Handover,2022-09-24,2023-01-12,2022-10-21,,34.5,12.8,-21.7,42,Design Change,1640566638.0,1573961781.0,-66604857.0,-4.1,1841608948,1573961781.0,85.5,CONT200,Six Construct LLC,518,567,91.4,False,97.2,0,74.7,True,False,Completed,2023-01-17,2023-11-09,2024-04-23
CONS000365,PROJ009,Luxe Views,DEV0040,2022-12-01,Handover,2022-09-24,2023-01-12,2022-10-21,,61.8,55.3,-6.5,42,Financing,1724359845.0,1704409081.0,-19950764.0,-1.2,1841608948,1704409081.0,92.5,CONT200,Six Construct LLC,249,348,71.6,False,80.7,0,82.8,True,False,Completed,2023-01-17,2023-11-09,2024-04-23
CONS000366,PROJ009,Luxe Views,DEV0040,2023-01-01,Handover,2022-09-24,2023-01-12,2022-10-21,,90.0,84.2,-5.8,42,COVID-19,1810915466.0,1793113246.0,-17802220.0,-1.0,1841608948,1793113246.0,97.4,CONT200,Six Construct LLC,568,532,106.8,False,88.0,0,83.9,True,False,Completed,2023-01-17,2023-11-09,2024-04-23
CONS000367,PROJ009,Luxe Views,DEV0040,2023-02-01,Handover,2022-09-24,2023-01-12,2022-10-21,,100.0,91.2,-8.8,42,Labour Shortage,1841608948.0,1814598683.0,-27010265.0,-1.5,1841608948,1814598683.0,98.5,CONT200,Six Construct LLC,694,721,96.3,True,74.5,0,75.5,True,False,Completed,2023-01-17,2023-11-09,2024-04-23
CONS000368,PROJ009,Luxe Views,DEV0040,2023-03-01,Handover,2022-09-24,2023-01-12,2022-10-21,,100.0,84.0,-16.0,42,COVID-19,1841608948.0,1792499376.0,-49109572.0,-2.7,1841608948,1792499376.0,97.3,CONT200,Six Construct LLC,350,352,99.4,False,94.5,0,76.4,True,False,Completed,2023-01-17,2023-11-09,2024-04-23
CONS000369,PROJ010,One Residences,DEV0003,2022-02-01,Foundation,2022-02-01,2022-05-22,2022-02-02,,0.0,0.0,0.0,7,Financing,0.0,0.0,0.0,0.0,1057049617,0.0,0.0,CONT111,Depa United LLC,203,196,103.6,False,88.6,0,74.6,False,False,Structure,2022-05-27,2025-11-27,2026-04-18
CONS000370,PROJ010,One Residences,DEV0003,2022-03-01,Foundation,2022-02-01,2022-05-22,2022-02-02,,25.5,15.8,-9.7,7,Financing,44924609.0,27835640.0,-17088969.0,-38.0,1057049617,27835640.0,2.6,CONT111,Depa United LLC,297,339,87.6,False,89.6,0,73.8,False,False,Structure,2022-05-27,2025-11-27,2026-04-18
CONS000371,PROJ010,One Residences,DEV0003,2022-04-01,Foundation,2022-02-01,2022-05-22,2022-02-02,,53.6,54.4,0.8,7,Financing,94429766.0,95839165.0,1409399.0,1.5,1057049617,95839165.0,9.1,CONT111,Depa United LLC,194,185,104.9,False,72.1,0,73.8,False,False,Structure,2022-05-27,2025-11-27,2026-04-18
CONS000372,PROJ010,One Residences,DEV0003,2022-05-01,Foundation,2022-02-01,2022-05-22,2022-02-02,,80.9,76.1,-4.8,7,Labour Shortage,142525523.0,134069126.0,-8456397.0,-5.9,1057049617,134069126.0,12.7,CONT111,Depa United LLC,355,361,98.3,False,97.9,0,73.0,False,False,Structure,2022-05-27,2025-11-27,2026-04-18
CONS000373,PROJ010,One Residences,DEV0003,2022-06-01,Foundation,2022-02-01,2022-05-22,2022-02-02,2022-05-29,100.0,100.0,0.0,7,Weather,176174936.0,176174936.0,0.0,0.0,1057049617,176174936.0,16.7,CONT111,Depa United LLC,480,452,106.2,True,82.4,0,72.2,False,False,Structure,2022-05-27,2025-11-27,2026-04-18
CONS000374,PROJ010,One Residences,DEV0003,2022-07-01,Foundation,2022-02-01,2022-05-22,2022-02-02,,100.0,91.4,-8.6,7,Labour Shortage,176174936.0,161023892.0,-15151044.0,-8.6,1057049617,161023892.0,15.2,CONT111,Depa United LLC,524,510,102.7,True,78.8,0,68.9,False,False,Structure,2022-05-27,2025-11-27,2026-04-18
CONS000375,PROJ010,One Residences,DEV0003,2022-06-01,Structure,2022-06-01,2022-09-19,2022-06-11,,0.0,0.0,0.0,21,Material Delay,176174936.0,176174936.0,0.0,0.0,1057049617,176174936.0,16.7,CONT111,Depa United LLC,334,323,103.4,False,96.2,0,77.4,False,False,MEP,2022-09-24,2025-11-27,2026-04-18
CONS000376,PROJ010,One Residences,DEV0003,2022-07-01,Structure,2022-06-01,2022-09-19,2022-06-11,,27.3,11.4,-15.9,21,Design Change,224270694.0,196258879.0,-28011815.0,-12.5,1057049617,196258879.0,18.6,CONT111,Depa United LLC,871,794,109.7,False,96.1,0,66.1,True,False,MEP,2022-09-24,2025-11-27,2026-04-18
CONS000377,PROJ010,One Residences,DEV0003,2022-08-01,Structure,2022-06-01,2022-09-19,2022-06-11,,55.5,53.8,-1.7,21,Weather,273952026.0,270957052.0,-2994974.0,-1.1,1057049617,270957052.0,25.6,CONT111,Depa United LLC,746,769,97.0,False,78.1,0,78.6,False,False,MEP,2022-09-24,2025-11-27,2026-04-18
CONS000378,PROJ010,One Residences,DEV0003,2022-09-01,Structure,2022-06-01,2022-09-19,2022-06-11,,83.6,76.3,-7.3,21,Regulatory,323457183.0,310596412.0,-12860771.0,-4.0,1057049617,310596412.0,29.4,CONT111,Depa United LLC,414,377,109.8,False,89.3,0,73.8,False,False,MEP,2022-09-24,2025-11-27,2026-04-18
CONS000379,PROJ010,One Residences,DEV0003,2022-10-01,Structure,2022-06-01,2022-09-19,2022-06-11,,100.0,86.5,-13.5,21,Design Change,352349872.0,328566256.0,-23783616.0,-6.7,1057049617,328566256.0,31.1,CONT111,Depa United LLC,540,583,92.6,False,82.8,0,71.8,True,False,MEP,2022-09-24,2025-11-27,2026-04-18
CONS000380,PROJ010,One Residences,DEV0003,2022-11-01,Structure,2022-06-01,2022-09-19,2022-06-11,2022-10-10,100.0,100.0,0.0,21,Financing,352349872.0,352349872.0,0.0,0.0,1057049617,352349872.0,33.3,CONT111,Depa United LLC,659,646,102.0,True,79.0,0,75.7,False,False,MEP,2022-09-24,2025-11-27,2026-04-18
CONS000381,PROJ010,One Residences,DEV0003,2022-09-29,MEP,2022-09-29,2023-01-17,2022-10-05,,0.0,0.0,0.0,6,Material Delay,352349872.0,352349872.0,0.0,0.0,1057049617,352349872.0,33.3,CONT111,Depa United LLC,798,783,101.9,False,95.5,0,74.0,False,False,Façade,2023-01-22,2025-11-27,2026-04-18
CONS000382,PROJ010,One Residences,DEV0003,2022-10-01,MEP,2022-09-29,2023-01-17,2022-10-05,,1.8,0.0,-1.8,6,Labour Shortage,355521021.0,352349872.0,-3171149.0,-0.9,1057049617,352349872.0,33.3,CONT111,Depa United LLC,636,582,109.3,False,94.0,0,74.7,False,False,Façade,2023-01-22,2025-11-27,2026-04-18
CONS000383,PROJ010,One Residences,DEV0003,2022-11-01,MEP,2022-09-29,2023-01-17,2022-10-05,,30.0,13.8,-16.2,6,Regulatory,405202353.0,376662014.0,-28540339.0,-7.0,1057049617,376662014.0,35.6,CONT111,Depa United LLC,488,610,80.0,False,96.2,0,69.3,True,False,Façade,2023-01-22,2025-11-27,2026-04-18
CONS000384,PROJ010,One Residences,DEV0003,2022-12-01,MEP,2022-09-29,2023-01-17,2022-10-05,,57.3,58.5,1.2,6,Financing,453298111.0,455412210.0,2114099.0,0.5,1057049617,455412210.0,43.1,CONT111,Depa United LLC,444,543,81.8,False,95.3,0,76.0,False,False,Façade,2023-01-22,2025-11-27,2026-04-18
CONS000385,PROJ010,One Residences,DEV0003,2023-01-01,MEP,2022-09-29,2023-01-17,2022-10-05,,85.5,84.5,-1.0,6,Weather,502979443.0,501217693.0,-1761750.0,-0.4,1057049617,501217693.0,47.4,CONT111,Depa United LLC,592,616,96.1,False,90.2,0,74.1,False,False,Façade,2023-01-22,2025-11-27,2026-04-18
CONS000386,PROJ010,One Residences,DEV0003,2023-02-01,MEP,2022-09-29,2023-01-17,2022-10-05,,100.0,89.8,-10.2,6,Financing,528524808.0,510554965.0,-17969843.0,-3.4,1057049617,510554965.0,48.3,CONT111,Depa United LLC,615,581,105.9,False,94.3,0,69.5,True,False,Façade,2023-01-22,2025-11-27,2026-04-18
CONS000387,PROJ010,One Residences,DEV0003,2023-03-01,MEP,2022-09-29,2023-01-17,2022-10-05,,100.0,95.2,-4.8,6,Financing,528524808.0,520068412.0,-8456396.0,-1.6,1057049617,520068412.0,49.2,CONT111,Depa United LLC,307,317,96.8,True,78.6,0,71.3,False,False,Façade,2023-01-22,2025-11-27,2026-04-18
CONS000388,PROJ010,One Residences,DEV0003,2023-01-27,Façade,2023-01-27,2023-05-17,2023-02-07,,0.0,0.0,0.0,18,Regulatory,528524808.0,528524808.0,0.0,0.0,1057049617,528524808.0,50.0,CONT111,Depa United LLC,750,799,93.9,False,76.6,0,72.5,False,False,Fit-Out,2023-05-22,2025-11-27,2026-04-18
CONS000389,PROJ010,One Residences,DEV0003,2023-02-01,Façade,2023-01-27,2023-05-17,2023-02-07,,4.5,0.0,-4.5,18,COVID-19,536452681.0,528524808.0,-7927873.0,-1.5,1057049617,528524808.0,50.0,CONT111,Depa United LLC,141,186,75.8,False,76.7,0,75.1,False,False,Fit-Out,2023-05-22,2025-11-27,2026-04-18
CONS000390,PROJ010,One Residences,DEV0003,2023-03-01,Façade,2023-01-27,2023-05-17,2023-02-07,,30.0,20.1,-9.9,18,Labour Shortage,581377289.0,563935971.0,-17441318.0,-3.0,1057049617,563935971.0,53.4,CONT111,Depa United LLC,693,640,108.3,False,78.4,0,70.3,False,False,Fit-Out,2023-05-22,2025-11-27,2026-04-18
CONS000391,PROJ010,One Residences,DEV0003,2023-04-01,Façade,2023-01-27,2023-05-17,2023-02-07,,58.2,48.6,-9.6,18,Weather,631058621.0,614145827.0,-16912794.0,-2.7,1057049617,614145827.0,58.1,CONT111,Depa United LLC,164,192,85.4,False,74.5,0,67.8,False,False,Fit-Out,2023-05-22,2025-11-27,2026-04-18
CONS000392,PROJ010,One Residences,DEV0003,2023-05-01,Façade,2023-01-27,2023-05-17,2023-02-07,,85.5,83.8,-1.7,18,Regulatory,679154379.0,676159405.0,-2994974.0,-0.4,1057049617,676159405.0,64.0,CONT111,Depa United LLC,504,642,78.5,False,74.7,0,74.8,False,False,Fit-Out,2023-05-22,2025-11-27,2026-04-18
CONS000393,PROJ010,One Residences,DEV0003,2023-06-01,Façade,2023-01-27,2023-05-17,2023-02-07,,100.0,98.6,-1.4,18,Financing,704699745.0,702233296.0,-2466449.0,-0.3,1057049617,702233296.0,66.4,CONT111,Depa United LLC,362,506,71.5,True,70.8,0,77.1,False,False,Fit-Out,2023-05-22,2025-11-27,2026-04-18
CONS000394,PROJ010,One Residences,DEV0003,2023-07-01,Façade,2023-01-27,2023-05-17,2023-02-07,,100.0,84.6,-15.4,18,Regulatory,704699745.0,677568804.0,-27130941.0,-3.9,1057049617,677568804.0,64.1,CONT111,Depa United LLC,587,602,97.5,False,71.0,0,71.4,True,False,Fit-Out,2023-05-22,2025-11-27,2026-04-18
CONS000395,PROJ010,One Residences,DEV0003,2023-05-27,Fit-Out,2023-05-27,2023-09-14,2023-06-27,,0.0,0.0,0.0,35,COVID-19,704699745.0,704699745.0,0.0,0.0,1057049617,704699745.0,66.7,CONT111,Depa United LLC,462,530,87.2,False,80.8,0,73.3,True,False,Handover,2023-09-19,2025-11-27,2026-04-18
CONS000396,PROJ010,One Residences,DEV0003,2023-06-01,Fit-Out,2023-05-27,2023-09-14,2023-06-27,,4.5,0.0,-4.5,35,Financing,712627617.0,704699745.0,-7927872.0,-1.1,1057049617,704699745.0,66.7,CONT111,Depa United LLC,709,684,103.7,False,95.2,0,70.0,True,False,Handover,2023-09-19,2025-11-27,2026-04-18
CONS000397,PROJ010,One Residences,DEV0003,2023-07-01,Fit-Out,2023-05-27,2023-09-14,2023-06-27,,31.8,25.1,-6.7,35,Material Delay,760723374.0,748919654.0,-11803720.0,-1.6,1057049617,748919654.0,70.9,CONT111,Depa United LLC,381,375,101.6,False,78.8,0,72.2,True,False,Handover,2023-09-19,2025-11-27,2026-04-18
CONS000398,PROJ010,One Residences,DEV0003,2023-08-01,Fit-Out,2023-05-27,2023-09-14,2023-06-27,,60.0,47.3,-12.7,35,Weather,810404706.0,788030489.0,-22374217.0,-2.8,1057049617,788030489.0,74.5,CONT111,Depa United LLC,438,410,106.8,False,96.4,0,70.4,True,False,Handover,2023-09-19,2025-11-27,2026-04-18
CONS000399,PROJ010,One Residences,DEV0003,2023-09-01,Fit-Out,2023-05-27,2023-09-14,2023-06-27,,88.2,70.7,-17.5,35,Design Change,860086038.0,829255425.0,-30830613.0,-3.6,1057049617,829255425.0,78.5,CONT111,Depa United LLC,319,325,98.2,False,94.0,1,62.3,True,True,Handover,2023-09-19,2025-11-27,2026-04-18
CONS000400,PROJ010,One Residences,DEV0003,2023-10-01,Fit-Out,2023-05-27,2023-09-14,2023-06-27,,100.0,81.6,-18.4,35,Regulatory,880874681.0,848458493.0,-32416188.0,-3.7,1057049617,848458493.0,80.3,CONT111,Depa United LLC,597,597,100.0,False,90.0,0,70.1,True,False,Handover,2023-09-19,2025-11-27,2026-04-18
CONS000401,PROJ010,One Residences,DEV0003,2023-11-01,Fit-Out,2023-05-27,2023-09-14,2023-06-27,,100.0,78.1,-21.9,35,Regulatory,880874681.0,842292370.0,-38582311.0,-4.4,1057049617,842292370.0,79.7,CONT111,Depa United LLC,749,731,102.5,False,88.1,0,71.6,True,False,Handover,2023-09-19,2025-11-27,2026-04-18
CONS000402,PROJ010,One Residences,DEV0003,2023-09-24,Handover,2023-09-24,2024-01-12,2023-09-30,,0.0,0.0,0.0,23,Weather,880874681.0,880874681.0,0.0,0.0,1057049617,880874681.0,83.3,CONT111,Depa United LLC,435,584,74.5,False,76.4,0,74.9,False,False,Completed,2024-01-17,2025-11-27,2026-04-18
CONS000403,PROJ010,One Residences,DEV0003,2023-10-01,Handover,2023-09-24,2024-01-12,2023-09-30,,6.4,0.0,-6.4,23,Labour Shortage,892149877.0,880874681.0,-11275196.0,-1.3,1057049617,880874681.0,83.3,CONT111,Depa United LLC,120,150,80.0,False,97.1,0,72.9,False,False,Completed,2024-01-17,2025-11-27,2026-04-18
CONS000404,PROJ010,One Residences,DEV0003,2023-11-01,Handover,2023-09-24,2024-01-12,2023-09-30,,34.5,34.7,0.2,23,Labour Shortage,941655034.0,942007384.0,352350.0,0.0,1057049617,942007384.0,89.1,CONT111,Depa United LLC,714,795,89.8,False,70.3,0,72.7,False,False,Completed,2024-01-17,2025-11-27,2026-04-18
CONS000405,PROJ010,One Residences,DEV0003,2023-12-01,Handover,2023-09-24,2024-01-12,2023-09-30,,61.8,61.2,-0.6,23,Weather,989750791.0,988693742.0,-1057049.0,-0.1,1057049617,988693742.0,93.5,CONT111,Depa United LLC,750,752,99.7,False,76.3,0,77.1,False,False,Completed,2024-01-17,2025-11-27,2026-04-18
CONS000406,PROJ010,One Residences,DEV0003,2024-01-01,Handover,2023-09-24,2024-01-12,2023-09-30,,90.0,89.5,-0.5,23,Labour Shortage,1039432123.0,1038551249.0,-880874.0,-0.1,1057049617,1038551249.0,98.3,CONT111,Depa United LLC,483,517,93.4,False,97.3,0,74.2,False,False,Completed,2024-01-17,2025-11-27,2026-04-18
CONS000407,PROJ010,One Residences,DEV0003,2024-02-01,Handover,2023-09-24,2024-01-12,2023-09-30,,100.0,85.6,-14.4,23,Regulatory,1057049617.0,1031680426.0,-25369191.0,-2.4,1057049617,1031680426.0,97.6,CONT111,Depa United LLC,249,277,89.9,False,88.5,1,64.0,True,True,Completed,2024-01-17,2025-11-27,2026-04-18
CONS000408,PROJ010,One Residences,DEV0003,2024-03-01,Handover,2023-09-24,2024-01-12,2023-09-30,,100.0,96.9,-3.1,23,Labour Shortage,1057049617.0,1051588194.0,-5461423.0,-0.5,1057049617,1051588194.0,99.5,CONT111,Depa United LLC,689,743,92.7,True,70.5,0,73.7,False,False,Completed,2024-01-17,2025-11-27,2026-04-18
CONS000409,PROJ011,One Heights,DEV0050,2020-05-01,Foundation,2020-05-01,2020-08-19,2020-05-01,,0.0,0.0,0.0,0,,0.0,0.0,0.0,0.0,1091426719,0.0,0.0,CONT040,China State Construction UAE LLC,528,507,104.1,False,96.4,0,79.7,False,False,Structure,2020-08-24,2022-08-17,2022-11-16
CONS000410,PROJ011,One Heights,DEV0050,2020-06-01,Foundation,2020-05-01,2020-08-19,2020-05-01,,28.2,20.4,-7.8,0,,51297056.0,37108508.0,-14188548.0,-27.7,1091426719,37108508.0,3.4,CONT040,China State Construction UAE LLC,589,727,81.0,False,92.6,1,71.7,False,True,Structure,2020-08-24,2022-08-17,2022-11-16
CONS000411,PROJ011,One Heights,DEV0050,2020-07-01,Foundation,2020-05-01,2020-08-19,2020-05-01,,55.5,54.2,-1.3,0,,100956972.0,98592214.0,-2364758.0,-2.3,1091426719,98592214.0,9.0,CONT040,China State Construction UAE LLC,277,376,73.7,False,82.4,0,80.8,False,False,Structure,2020-08-24,2022-08-17,2022-11-16
CONS000412,PROJ011,One Heights,DEV0050,2020-08-01,Foundation,2020-05-01,2020-08-19,2020-05-01,,83.6,85.5,1.9,0,,152072123.0,155528307.0,3456184.0,2.3,1091426719,155528307.0,14.2,CONT040,China State Construction UAE LLC,850,794,107.1,False,79.6,0,80.1,False,False,Structure,2020-08-24,2022-08-17,2022-11-16
CONS000413,PROJ011,One Heights,DEV0050,2020-09-01,Foundation,2020-05-01,2020-08-19,2020-05-01,,100.0,97.2,-2.8,0,,181904453.0,176811128.0,-5093325.0,-2.8,1091426719,176811128.0,16.2,CONT040,China State Construction UAE LLC,354,372,95.2,True,91.7,2,67.4,False,True,Structure,2020-08-24,2022-08-17,2022-11-16
CONS000414,PROJ011,One Heights,DEV0050,2020-10-01,Foundation,2020-05-01,2020-08-19,2020-05-01,,100.0,88.9,-11.1,0,,181904453.0,161713059.0,-20191394.0,-11.1,1091426719,161713059.0,14.8,CONT040,China State Construction UAE LLC,562,575,97.7,False,92.8,0,76.3,True,False,Structure,2020-08-24,2022-08-17,2022-11-16
CONS000415,PROJ011,One Heights,DEV0050,2020-08-29,Structure,2020-08-29,2020-12-17,2020-09-13,,0.0,0.0,0.0,20,Design Change,181904453.0,181904453.0,0.0,0.0,1091426719,181904453.0,16.7,CONT040,China State Construction UAE LLC,642,733,87.6,False,74.6,0,79.8,False,False,MEP,2020-12-22,2022-08-17,2022-11-16
CONS000416,PROJ011,One Heights,DEV0050,2020-09-01,Structure,2020-08-29,2020-12-17,2020-09-13,,2.7,0.0,-2.7,20,Labour Shortage,186815873.0,181904453.0,-4911420.0,-2.6,1091426719,181904453.0,16.7,CONT040,China State Construction UAE LLC,309,339,91.2,False,80.5,0,75.4,False,False,MEP,2020-12-22,2022-08-17,2022-11-16
CONS000417,PROJ011,One Heights,DEV0050,2020-10-01,Structure,2020-08-29,2020-12-17,2020-09-13,,30.0,13.9,-16.1,20,Design Change,236475789.0,207189172.0,-29286617.0,-12.4,1091426719,207189172.0,19.0,CONT040,China State Construction UAE LLC,756,717,105.4,False,70.1,0,76.3,True,False,MEP,2020-12-22,2022-08-17,2022-11-16
CONS000418,PROJ011,One Heights,DEV0050,2020-11-01,Structure,2020-08-29,2020-12-17,2020-09-13,,58.2,56.0,-2.2,20,Material Delay,287772845.0,283770947.0,-4001898.0,-1.4,1091426719,283770947.0,26.0,CONT040,China State Construction UAE LLC,134,159,84.3,False,94.4,0,77.5,False,False,MEP,2020-12-22,2022-08-17,2022-11-16
CONS000419,PROJ011,One Heights,DEV0050,2020-12-01,Structure,2020-08-29,2020-12-17,2020-09-13,,85.5,77.3,-8.2,20,Design Change,337432761.0,322516595.0,-14916166.0,-4.4,1091426719,322516595.0,29.5,CONT040,China State Construction UAE LLC,400,413,96.9,False,85.2,0,75.8,False,False,MEP,2020-12-22,2022-08-17,2022-11-16
CONS000420,PROJ011,One Heights,DEV0050,2021-01-01,Structure,2020-08-29,2020-12-17,2020-09-13,,100.0,81.8,-18.2,20,Material Delay,363808906.0,330702296.0,-33106610.0,-9.1,1091426719,330702296.0,30.3,CONT040,China State Construction UAE LLC,107,153,69.9,False,92.8,0,74.8,True,False,MEP,2020-12-22,2022-08-17,2022-11-16
CONS000421,PROJ011,One Heights,DEV0050,2021-02-01,Structure,2020-08-29,2020-12-17,2020-09-13,,100.0,85.2,-14.8,20,Design Change,363808906.0,336887047.0,-26921859.0,-7.4,1091426719,336887047.0,30.9,CONT040,China State Construction UAE LLC,599,623,96.1,False,72.4,0,75.9,True,False,MEP,2020-12-22,2022-08-17,2022-11-16
CONS000422,PROJ011,One Heights,DEV0050,2020-12-27,MEP,2020-12-27,2021-04-16,2021-01-03,,0.0,0.0,0.0,8,Financing,363808906.0,363808906.0,0.0,0.0,1091426719,363808906.0,33.3,CONT040,China State Construction UAE LLC,275,313,87.9,False,72.1,0,77.4,False,False,Façade,2021-04-21,2022-08-17,2022-11-16
CONS000423,PROJ011,One Heights,DEV0050,2021-01-01,MEP,2020-12-27,2021-04-16,2021-01-03,,4.5,0.0,-4.5,8,Weather,371994607.0,363808906.0,-8185701.0,-2.2,1091426719,363808906.0,33.3,CONT040,China State Construction UAE LLC,245,256,95.7,False,91.8,0,79.1,False,False,Façade,2021-04-21,2022-08-17,2022-11-16
CONS000424,PROJ011,One Heights,DEV0050,2021-02-01,MEP,2020-12-27,2021-04-16,2021-01-03,,32.7,36.2,3.5,8,Financing,423291663.0,429658318.0,6366655.0,1.5,1091426719,429658318.0,39.4,CONT040,China State Construction UAE LLC,338,335,100.9,False,86.3,0,78.7,False,False,Façade,2021-04-21,2022-08-17,2022-11-16
CONS000425,PROJ011,One Heights,DEV0050,2021-03-01,MEP,2020-12-27,2021-04-16,2021-01-03,,58.2,49.6,-8.6,8,Weather,469677298.0,454033515.0,-15643783.0,-3.3,1091426719,454033515.0,41.6,CONT040,China State Construction UAE LLC,669,732,91.4,False,94.6,0,79.9,False,False,Façade,2021-04-21,2022-08-17,2022-11-16
CONS000426,PROJ011,One Heights,DEV0050,2021-04-01,MEP,2020-12-27,2021-04-16,2021-01-03,,86.4,71.0,-15.4,8,COVID-19,520974354.0,492961068.0,-28013286.0,-5.4,1091426719,492961068.0,45.2,CONT040,China State Construction UAE LLC,511,544,93.9,False,93.9,1,67.5,True,True,Façade,2021-04-21,2022-08-17,2022-11-16
CONS000427,PROJ011,One Heights,DEV0050,2021-05-01,MEP,2020-12-27,2021-04-16,2021-01-03,,100.0,90.7,-9.3,8,Weather,545713360.0,528796245.0,-16917115.0,-3.1,1091426719,528796245.0,48.4,CONT040,China State Construction UAE LLC,364,398,91.5,True,79.7,0,76.5,False,False,Façade,2021-04-21,2022-08-17,2022-11-16
CONS000428,PROJ011,One Heights,DEV0050,2021-06-01,MEP,2020-12-27,2021-04-16,2021-01-03,,100.0,85.0,-15.0,8,Weather,545713360.0,518427692.0,-27285668.0,-5.0,1091426719,518427692.0,47.5,CONT040,China State Construction UAE LLC,592,541,109.4,False,81.9,0,72.7,True,False,Façade,2021-04-21,2022-08-17,2022-11-16
CONS000429,PROJ011,One Heights,DEV0050,2021-04-26,Façade,2021-04-26,2021-08-14,2021-04-30,,0.0,0.0,0.0,8,Material Delay,545713360.0,545713360.0,0.0,0.0,1091426719,545713360.0,50.0,CONT040,China State Construction UAE LLC,373,371,100.5,False,80.1,0,83.2,False,False,Fit-Out,2021-08-19,2022-08-17,2022-11-16
CONS000430,PROJ011,One Heights,DEV0050,2021-05-01,Façade,2021-04-26,2021-08-14,2021-04-30,,4.5,1.8,-2.7,8,Weather,553899060.0,548987640.0,-4911420.0,-0.9,1091426719,548987640.0,50.3,CONT040,China State Construction UAE LLC,563,570,98.8,False,94.0,0,75.5,False,False,Fit-Out,2021-08-19,2022-08-17,2022-11-16
CONS000431,PROJ011,One Heights,DEV0050,2021-06-01,Façade,2021-04-26,2021-08-14,2021-04-30,,32.7,23.2,-9.5,8,Financing,605196116.0,587915193.0,-17280923.0,-2.9,1091426719,587915193.0,53.9,CONT040,China State Construction UAE LLC,492,649,75.8,False,83.0,0,77.0,False,False,Fit-Out,2021-08-19,2022-08-17,2022-11-16
CONS000432,PROJ011,One Heights,DEV0050,2021-07-01,Façade,2021-04-26,2021-08-14,2021-04-30,,60.0,44.3,-15.7,8,COVID-19,654856031.0,626297032.0,-28558999.0,-4.4,1091426719,626297032.0,57.4,CONT040,China State Construction UAE LLC,465,429,108.4,False,72.5,0,72.6,True,False,Fit-Out,2021-08-19,2022-08-17,2022-11-16
CONS000433,PROJ011,One Heights,DEV0050,2021-08-01,Façade,2021-04-26,2021-08-14,2021-04-30,,88.2,92.4,4.2,8,Material Delay,706153087.0,713793074.0,7639987.0,1.1,1091426719,713793074.0,65.4,CONT040,China State Construction UAE LLC,187,227,82.4,False,90.3,0,79.4,False,False,Fit-Out,2021-08-19,2022-08-17,2022-11-16
CONS000434,PROJ011,One Heights,DEV0050,2021-09-01,Façade,2021-04-26,2021-08-14,2021-04-30,,100.0,90.8,-9.2,8,Material Delay,727617813.0,710882603.0,-16735210.0,-2.3,1091426719,710882603.0,65.1,CONT040,China State Construction UAE LLC,411,569,72.2,True,74.6,0,76.9,False,False,Fit-Out,2021-08-19,2022-08-17,2022-11-16
CONS000435,PROJ011,One Heights,DEV0050,2021-10-01,Façade,2021-04-26,2021-08-14,2021-04-30,,100.0,89.4,-10.6,8,COVID-19,727617813.0,708335941.0,-19281872.0,-2.6,1091426719,708335941.0,64.9,CONT040,China State Construction UAE LLC,566,773,73.2,False,96.0,0,78.1,True,False,Fit-Out,2021-08-19,2022-08-17,2022-11-16
CONS000436,PROJ011,One Heights,DEV0050,2021-08-24,Fit-Out,2021-08-24,2021-12-12,2021-08-27,,0.0,0.0,0.0,16,Financing,727617813.0,727617813.0,0.0,0.0,1091426719,727617813.0,66.7,CONT040,China State Construction UAE LLC,378,434,87.1,False,74.3,0,82.0,False,False,Handover,2021-12-17,2022-08-17,2022-11-16
CONS000437,PROJ011,One Heights,DEV0050,2021-09-01,Fit-Out,2021-08-24,2021-12-12,2021-08-27,,7.3,5.1,-2.2,16,COVID-19,740896838.0,736894940.0,-4001898.0,-0.5,1091426719,736894940.0,67.5,CONT040,China State Construction UAE LLC,319,318,100.3,False,78.0,0,75.1,False,False,Handover,2021-12-17,2022-08-17,2022-11-16
CONS000438,PROJ011,One Heights,DEV0050,2021-10-01,Fit-Out,2021-08-24,2021-12-12,2021-08-27,,34.5,30.8,-3.7,16,Financing,790374849.0,783644384.0,-6730465.0,-0.9,1091426719,783644384.0,71.8,CONT040,China State Construction UAE LLC,652,695,93.8,False,74.5,0,78.2,False,False,Handover,2021-12-17,2022-08-17,2022-11-16
CONS000439,PROJ011,One Heights,DEV0050,2021-11-01,Fit-Out,2021-08-24,2021-12-12,2021-08-27,,62.7,65.4,2.7,16,COVID-19,841671905.0,846583325.0,4911420.0,0.6,1091426719,846583325.0,77.6,CONT040,China State Construction UAE LLC,233,241,96.7,False,95.2,1,77.5,False,True,Handover,2021-12-17,2022-08-17,2022-11-16
CONS000440,PROJ011,One Heights,DEV0050,2021-12-01,Fit-Out,2021-08-24,2021-12-12,2021-08-27,,90.0,76.3,-13.7,16,Material Delay,891331821.0,866410910.0,-24920911.0,-2.8,1091426719,866410910.0,79.4,CONT040,China State Construction UAE LLC,495,577,85.8,False,74.1,0,71.3,True,False,Handover,2021-12-17,2022-08-17,2022-11-16
CONS000441,PROJ011,One Heights,DEV0050,2022-01-01,Fit-Out,2021-08-24,2021-12-12,2021-08-27,,100.0,91.1,-8.9,16,COVID-19,909522266.0,893332770.0,-16189496.0,-1.8,1091426719,893332770.0,81.9,CONT040,China State Construction UAE LLC,306,397,77.1,True,77.3,0,76.8,False,False,Handover,2021-12-17,2022-08-17,2022-11-16
CONS000442,PROJ011,One Heights,DEV0050,2022-02-01,Fit-Out,2021-08-24,2021-12-12,2021-08-27,,100.0,84.7,-15.3,16,Regulatory,909522266.0,881690884.0,-27831382.0,-3.1,1091426719,881690884.0,80.8,CONT040,China State Construction UAE LLC,842,774,108.8,False,81.3,0,74.2,True,False,Handover,2021-12-17,2022-08-17,2022-11-16
CONS000443,PROJ011,One Heights,DEV0050,2021-12-22,Handover,2021-12-22,2022-04-11,2021-12-22,,0.0,5.8,5.8,0,,909522266.0,920072724.0,10550458.0,1.2,1091426719,920072724.0,84.3,CONT040,China State Construction UAE LLC,415,503,82.5,False,77.3,0,81.4,False,False,Completed,2022-04-16,2022-08-17,2022-11-16
CONS000444,PROJ011,One Heights,DEV0050,2022-01-01,Handover,2021-12-22,2022-04-11,2021-12-22,,9.1,14.7,5.6,0,,926075571.0,936262220.0,10186649.0,1.1,1091426719,936262220.0,85.8,CONT040,China State Construction UAE LLC,266,288,92.4,False,72.7,0,78.9,False,False,Completed,2022-04-16,2022-08-17,2022-11-16
CONS000445,PROJ011,One Heights,DEV0050,2022-02-01,Handover,2021-12-22,2022-04-11,2021-12-22,,37.3,33.0,-4.3,0,,977372627.0,969550735.0,-7821892.0,-0.8,1091426719,969550735.0,88.8,CONT040,China State Construction UAE LLC,419,441,95.0,False,74.5,0,74.6,False,False,Completed,2022-04-16,2022-08-17,2022-11-16
CONS000446,PROJ011,One Heights,DEV0050,2022-03-01,Handover,2021-12-22,2022-04-11,2021-12-22,,62.7,63.3,0.6,0,,1023576358.0,1024667785.0,1091427.0,0.1,1091426719,1024667785.0,93.9,CONT040,China State Construction UAE LLC,300,393,76.3,False,89.7,0,75.2,False,False,Completed,2022-04-16,2022-08-17,2022-11-16
CONS000447,PROJ011,One Heights,DEV0050,2022-04-01,Handover,2021-12-22,2022-04-11,2021-12-22,,90.9,79.9,-11.0,0,,1074873414.0,1054863924.0,-20009490.0,-1.9,1091426719,1054863924.0,96.7,CONT040,China State Construction UAE LLC,486,591,82.2,False,85.7,0,77.5,True,False,Completed,2022-04-16,2022-08-17,2022-11-16
CONS000448,PROJ011,One Heights,DEV0050,2022-05-01,Handover,2021-12-22,2022-04-11,2021-12-22,,100.0,99.8,-0.2,0,,1091426719.0,1091062910.0,-363809.0,-0.0,1091426719,1091062910.0,100.0,CONT040,China State Construction UAE LLC,846,770,109.9,True,72.2,1,75.9,False,True,Completed,2022-04-16,2022-08-17,2022-11-16
CONS000449,PROJ011,One Heights,DEV0050,2022-06-01,Handover,2021-12-22,2022-04-11,2021-12-22,,100.0,96.6,-3.4,0,,1091426719.0,1085241968.0,-6184751.0,-0.6,1091426719,1085241968.0,99.4,CONT040,China State Construction UAE LLC,596,578,103.1,True,97.1,0,78.4,False,False,Completed,2022-04-16,2022-08-17,2022-11-16
CONS000450,PROJ012,Royal Tower,DEV0004,2021-06-01,Foundation,2021-06-01,2021-09-19,2021-06-09,,0.0,1.5,1.5,10,Financing,0.0,1524113.0,1524113.0,152411300.0,609645098,1524113.0,0.3,CONT172,Interiors & Contracting LLC,778,720,108.1,False,74.2,0,70.2,False,True,Structure,2021-09-24,2023-07-26,2023-10-03
CONS000451,PROJ012,Royal Tower,DEV0004,2021-07-01,Foundation,2021-06-01,2021-09-19,2021-06-09,,27.3,9.6,-17.7,10,Weather,27738852.0,9754322.0,-17984530.0,-64.8,609645098,9754322.0,1.6,CONT172,Interiors & Contracting LLC,347,388,89.4,False,89.7,0,62.2,True,False,Structure,2021-09-24,2023-07-26,2023-10-03
CONS000452,PROJ012,Royal Tower,DEV0004,2021-08-01,Foundation,2021-06-01,2021-09-19,2021-06-09,,55.5,49.0,-6.5,10,Weather,56392172.0,49787683.0,-6604489.0,-11.7,609645098,49787683.0,8.2,CONT172,Interiors & Contracting LLC,412,560,73.6,False,75.5,0,70.0,False,False,Structure,2021-09-24,2023-07-26,2023-10-03
CONS000453,PROJ012,Royal Tower,DEV0004,2021-09-01,Foundation,2021-06-01,2021-09-19,2021-06-09,,83.6,72.8,-10.8,10,Design Change,84943884.0,73970272.0,-10973612.0,-12.9,609645098,73970272.0,12.1,CONT172,Interiors & Contracting LLC,394,366,107.7,False,81.1,0,65.4,True,False,Structure,2021-09-24,2023-07-26,2023-10-03
CONS000454,PROJ012,Royal Tower,DEV0004,2021-10-01,Foundation,2021-06-01,2021-09-19,2021-06-09,,100.0,86.2,-13.8,10,Design Change,101607516.0,87585679.0,-14021837.0,-13.8,609645098,87585679.0,14.4,CONT172,Interiors & Contracting LLC,241,307,78.5,False,71.4,0,65.2,True,False,Structure,2021-09-24,2023-07-26,2023-10-03
CONS000455,PROJ012,Royal Tower,DEV0004,2021-11-01,Foundation,2021-06-01,2021-09-19,2021-06-09,,100.0,92.0,-8.0,10,COVID-19,101607516.0,93478915.0,-8128601.0,-8.0,609645098,93478915.0,15.3,CONT172,Interiors & Contracting LLC,291,312,93.3,True,72.6,0,67.2,False,False,Structure,2021-09-24,2023-07-26,2023-10-03
CONS000456,PROJ012,Royal Tower,DEV0004,2021-09-29,Structure,2021-09-29,2022-01-17,2021-10-02,,0.0,0.0,0.0,17,Financing,101607516.0,101607516.0,0.0,0.0,609645098,101607516.0,16.7,CONT172,Interiors & Contracting LLC,169,227,74.4,False,76.5,0,70.4,False,False,MEP,2022-01-22,2023-07-26,2023-10-03
CONS000457,PROJ012,Royal Tower,DEV0004,2021-10-01,Structure,2021-09-29,2022-01-17,2021-10-02,,1.8,1.1,-0.7,17,Financing,103436452.0,102725199.0,-711253.0,-0.7,609645098,102725199.0,16.8,CONT172,Interiors & Contracting LLC,509,531,95.9,False,72.6,0,69.1,False,False,MEP,2022-01-22,2023-07-26,2023-10-03
CONS000458,PROJ012,Royal Tower,DEV0004,2021-11-01,Structure,2021-09-29,2022-01-17,2021-10-02,,30.0,25.8,-4.2,17,Labour Shortage,132089771.0,127822256.0,-4267515.0,-3.2,609645098,127822256.0,21.0,CONT172,Interiors & Contracting LLC,497,691,71.9,False,79.7,0,69.6,False,False,MEP,2022-01-22,2023-07-26,2023-10-03
CONS000459,PROJ012,Royal Tower,DEV0004,2021-12-01,Structure,2021-09-29,2022-01-17,2021-10-02,,57.3,57.5,0.2,17,Design Change,159828623.0,160031838.0,203215.0,0.1,609645098,160031838.0,26.2,CONT172,Interiors & Contracting LLC,432,522,82.8,False,73.8,0,69.6,False,False,MEP,2022-01-22,2023-07-26,2023-10-03
CONS000460,PROJ012,Royal Tower,DEV0004,2022-01-01,Structure,2021-09-29,2022-01-17,2021-10-02,,85.5,84.6,-0.9,17,COVID-19,188481943.0,187567475.0,-914468.0,-0.5,609645098,187567475.0,30.8,CONT172,Interiors & Contracting LLC,308,429,71.8,False,76.9,0,71.9,False,False,MEP,2022-01-22,2023-07-26,2023-10-03
CONS000461,PROJ012,Royal Tower,DEV0004,2022-02-01,Structure,2021-09-29,2022-01-17,2021-10-02,,100.0,85.8,-14.2,17,COVID-19,203215033.0,188786765.0,-14428268.0,-7.1,609645098,188786765.0,31.0,CONT172,Interiors & Contracting LLC,518,552,93.8,False,76.0,0,68.6,True,False,MEP,2022-01-22,2023-07-26,2023-10-03
CONS000462,PROJ012,Royal Tower,DEV0004,2022-03-01,Structure,2021-09-29,2022-01-17,2021-10-02,,100.0,94.4,-5.6,17,Labour Shortage,203215033.0,197525012.0,-5690021.0,-2.8,609645098,197525012.0,32.4,CONT172,Interiors & Contracting LLC,573,535,107.1,True,85.7,0,69.3,False,False,MEP,2022-01-22,2023-07-26,2023-10-03
CONS000463,PROJ012,Royal Tower,DEV0004,2022-01-27,MEP,2022-01-27,2022-05-17,2022-01-27,,0.0,0.0,0.0,0,,203215033.0,203215033.0,0.0,0.0,609645098,203215033.0,33.3,CONT172,Interiors & Contracting LLC,469,439,106.8,False,88.7,0,71.7,False,False,Façade,2022-05-22,2023-07-26,2023-10-03
CONS000464,PROJ012,Royal Tower,DEV0004,2022-02-01,MEP,2022-01-27,2022-05-17,2022-01-27,,4.5,10.2,5.7,0,,207787371.0,213578999.0,5791628.0,2.8,609645098,213578999.0,35.0,CONT172,Interiors & Contracting LLC,319,379,84.2,False,84.8,0,76.7,False,False,Façade,2022-05-22,2023-07-26,2023-10-03
CONS000465,PROJ012,Royal Tower,DEV0004,2022-03-01,MEP,2022-01-27,2022-05-17,2022-01-27,,30.0,23.2,-6.8,0,,233697288.0,226787976.0,-6909312.0,-3.0,609645098,226787976.0,37.2,CONT172,Interiors & Contracting LLC,748,764,97.9,False,85.2,0,66.4,False,False,Façade,2022-05-22,2023-07-26,2023-10-03
CONS000466,PROJ012,Royal Tower,DEV0004,2022-04-01,MEP,2022-01-27,2022-05-17,2022-01-27,,58.2,47.2,-11.0,0,,262350607.0,251173780.0,-11176827.0,-4.3,609645098,251173780.0,41.2,CONT172,Interiors & Contracting LLC,220,292,75.3,False,79.0,0,65.0,True,False,Façade,2022-05-22,2023-07-26,2023-10-03
CONS000467,PROJ012,Royal Tower,DEV0004,2022-05-01,MEP,2022-01-27,2022-05-17,2022-01-27,,85.5,92.7,7.2,0,,290089459.0,297405200.0,7315741.0,2.5,609645098,297405200.0,48.8,CONT172,Interiors & Contracting LLC,632,616,102.6,False,93.5,0,74.3,False,False,Façade,2022-05-22,2023-07-26,2023-10-03
CONS000468,PROJ012,Royal Tower,DEV0004,2022-06-01,MEP,2022-01-27,2022-05-17,2022-01-27,,100.0,89.6,-10.4,0,,304822549.0,294255367.0,-10567182.0,-3.5,609645098,294255367.0,48.3,CONT172,Interiors & Contracting LLC,171,213,80.3,False,87.0,0,71.6,True,False,Façade,2022-05-22,2023-07-26,2023-10-03
CONS000469,PROJ012,Royal Tower,DEV0004,2022-07-01,MEP,2022-01-27,2022-05-17,2022-01-27,,100.0,91.8,-8.2,0,,304822549.0,296490733.0,-8331816.0,-2.7,609645098,296490733.0,48.6,CONT172,Interiors & Contracting LLC,268,326,82.2,True,74.2,0,67.8,False,False,Façade,2022-05-22,2023-07-26,2023-10-03
CONS000470,PROJ012,Royal Tower,DEV0004,2022-05-27,Façade,2022-05-27,2022-09-14,2022-05-29,,0.0,0.0,0.0,23,Labour Shortage,304822549.0,304822549.0,0.0,0.0,609645098,304822549.0,50.0,CONT172,Interiors & Contracting LLC,582,676,86.1,False,91.8,0,74.3,False,False,Fit-Out,2022-09-19,2023-07-26,2023-10-03
CONS000471,PROJ012,Royal Tower,DEV0004,2022-06-01,Façade,2022-05-27,2022-09-14,2022-05-29,,4.5,3.9,-0.6,23,Financing,309394887.0,308785242.0,-609645.0,-0.2,609645098,308785242.0,50.6,CONT172,Interiors & Contracting LLC,284,364,78.0,False,96.9,0,70.8,False,False,Fit-Out,2022-09-19,2023-07-26,2023-10-03
CONS000472,PROJ012,Royal Tower,DEV0004,2022-07-01,Façade,2022-05-27,2022-09-14,2022-05-29,,31.8,16.8,-15.0,23,Design Change,337133739.0,321892612.0,-15241127.0,-4.5,609645098,321892612.0,52.8,CONT172,Interiors & Contracting LLC,518,547,94.7,False,89.1,0,64.9,True,False,Fit-Out,2022-09-19,2023-07-26,2023-10-03
CONS000473,PROJ012,Royal Tower,DEV0004,2022-08-01,Façade,2022-05-27,2022-09-14,2022-05-29,,60.0,39.6,-20.4,23,Regulatory,365787059.0,345059125.0,-20727934.0,-5.7,609645098,345059125.0,56.6,CONT172,Interiors & Contracting LLC,298,316,94.3,False,85.5,0,62.7,True,False,Fit-Out,2022-09-19,2023-07-26,2023-10-03
CONS000474,PROJ012,Royal Tower,DEV0004,2022-09-01,Façade,2022-05-27,2022-09-14,2022-05-29,,88.2,84.0,-4.2,23,Design Change,394440378.0,390172863.0,-4267515.0,-1.1,609645098,390172863.0,64.0,CONT172,Interiors & Contracting LLC,340,310,109.7,False,90.3,0,70.8,False,False,Fit-Out,2022-09-19,2023-07-26,2023-10-03
CONS000475,PROJ012,Royal Tower,DEV0004,2022-10-01,Façade,2022-05-27,2022-09-14,2022-05-29,,100.0,84.3,-15.7,23,Weather,406430065.0,390477685.0,-15952380.0,-3.9,609645098,390477685.0,64.0,CONT172,Interiors & Contracting LLC,198,265,74.7,False,72.5,0,64.3,True,False,Fit-Out,2022-09-19,2023-07-26,2023-10-03
CONS000476,PROJ012,Royal Tower,DEV0004,2022-11-01,Façade,2022-05-27,2022-09-14,2022-05-29,,100.0,82.3,-17.7,23,Material Delay,406430065.0,388445535.0,-17984530.0,-4.4,609645098,388445535.0,63.7,CONT172,Interiors & Contracting LLC,557,749,74.4,False,90.2,0,65.7,True,False,Fit-Out,2022-09-19,2023-07-26,2023-10-03
CONS000477,PROJ012,Royal Tower,DEV0004,2022-09-24,Fit-Out,2022-09-24,2023-01-12,2022-09-29,,0.0,0.0,0.0,7,Material Delay,406430065.0,406430065.0,0.0,0.0,609645098,406430065.0,66.7,CONT172,Interiors & Contracting LLC,126,176,71.6,False,92.8,0,74.0,False,False,Handover,2023-01-17,2023-07-26,2023-10-03
CONS000478,PROJ012,Royal Tower,DEV0004,2022-10-01,Fit-Out,2022-09-24,2023-01-12,2022-09-29,,6.4,0.0,-6.4,7,COVID-19,412932946.0,406430065.0,-6502881.0,-1.6,609645098,406430065.0,66.7,CONT172,Interiors & Contracting LLC,469,550,85.3,False,81.6,0,68.3,False,False,Handover,2023-01-17,2023-07-26,2023-10-03
CONS000479,PROJ012,Royal Tower,DEV0004,2022-11-01,Fit-Out,2022-09-24,2023-01-12,2022-09-29,,34.5,23.0,-11.5,7,Regulatory,441484658.0,429799794.0,-11684864.0,-2.6,609645098,429799794.0,70.5,CONT172,Interiors & Contracting LLC,163,157,103.8,False,86.5,0,70.0,True,False,Handover,2023-01-17,2023-07-26,2023-10-03
CONS000480,PROJ012,Royal Tower,DEV0004,2022-12-01,Fit-Out,2022-09-24,2023-01-12,2022-09-29,,61.8,60.1,-1.7,7,Design Change,469223510.0,467496183.0,-1727327.0,-0.4,609645098,467496183.0,76.7,CONT172,Interiors & Contracting LLC,437,400,109.2,False,92.9,0,67.9,False,False,Handover,2023-01-17,2023-07-26,2023-10-03
CONS000481,PROJ012,Royal Tower,DEV0004,2023-01-01,Fit-Out,2022-09-24,2023-01-12,2022-09-29,,90.0,78.6,-11.4,7,Design Change,497876830.0,486293573.0,-11583257.0,-2.3,609645098,486293573.0,79.8,CONT172,Interiors & Contracting LLC,674,791,85.2,False,91.9,0,66.3,True,False,Handover,2023-01-17,2023-07-26,2023-10-03
CONS000482,PROJ012,Royal Tower,DEV0004,2023-02-01,Fit-Out,2022-09-24,2023-01-12,2022-09-29,2023-01-19,100.0,100.0,0.0,7,Labour Shortage,508037582.0,508037582.0,0.0,0.0,609645098,508037582.0,83.3,CONT172,Interiors & Contracting LLC,389,550,70.7,True,87.3,0,68.0,False,False,Handover,2023-01-17,2023-07-26,2023-10-03
CONS000483,PROJ012,Royal Tower,DEV0004,2023-03-01,Fit-Out,2022-09-24,2023-01-12,2022-09-29,,100.0,84.5,-15.5,7,COVID-19,508037582.0,492288417.0,-15749165.0,-3.1,609645098,492288417.0,80.8,CONT172,Interiors & Contracting LLC,242,270,89.6,False,79.7,0,66.3,True,False,Handover,2023-01-17,2023-07-26,2023-10-03
CONS000484,PROJ012,Royal Tower,DEV0004,2023-01-22,Handover,2023-01-22,2023-05-12,2023-02-02,,0.0,0.0,0.0,17,COVID-19,508037582.0,508037582.0,0.0,0.0,609645098,508037582.0,83.3,CONT172,Interiors & Contracting LLC,700,659,106.2,False,80.4,0,72.4,False,False,Completed,2023-05-17,2023-07-26,2023-10-03
CONS000485,PROJ012,Royal Tower,DEV0004,2023-02-01,Handover,2023-01-22,2023-05-12,2023-02-02,,9.1,3.4,-5.7,17,COVID-19,517283866.0,511492237.0,-5791629.0,-1.1,609645098,511492237.0,83.9,CONT172,Interiors & Contracting LLC,295,281,105.0,False,80.4,0,69.2,False,False,Completed,2023-05-17,2023-07-26,2023-10-03
CONS000486,PROJ012,Royal Tower,DEV0004,2023-03-01,Handover,2023-01-22,2023-05-12,2023-02-02,,34.5,30.1,-4.4,17,Weather,543092175.0,538621444.0,-4470731.0,-0.8,609645098,538621444.0,88.3,CONT172,Interiors & Contracting LLC,397,424,93.6,False,76.6,0,71.9,False,False,Completed,2023-05-17,2023-07-26,2023-10-03
CONS000487,PROJ012,Royal Tower,DEV0004,2023-04-01,Handover,2023-01-22,2023-05-12,2023-02-02,,62.7,47.9,-14.8,17,Regulatory,571745494.0,556707582.0,-15037912.0,-2.6,609645098,556707582.0,91.3,CONT172,Interiors & Contracting LLC,243,227,107.0,False,74.8,0,64.9,True,False,Completed,2023-05-17,2023-07-26,2023-10-03
CONS000488,PROJ012,Royal Tower,DEV0004,2023-05-01,Handover,2023-01-22,2023-05-12,2023-02-02,,90.0,73.8,-16.2,17,Regulatory,599484346.0,583023929.0,-16460417.0,-2.7,609645098,583023929.0,95.6,CONT172,Interiors & Contracting LLC,402,525,76.6,False,84.9,0,66.4,True,False,Completed,2023-05-17,2023-07-26,2023-10-03
CONS000489,PROJ012,Royal Tower,DEV0004,2023-06-01,Handover,2023-01-22,2023-05-12,2023-02-02,,100.0,95.8,-4.2,17,Design Change,609645098.0,605377582.0,-4267516.0,-0.7,609645098,605377582.0,99.3,CONT172,Interiors & Contracting LLC,593,709,83.6,True,94.8,0,68.5,False,False,Completed,2023-05-17,2023-07-26,2023-10-03
CONS000490,PROJ012,Royal Tower,DEV0004,2023-07-01,Handover,2023-01-22,2023-05-12,2023-02-02,,100.0,98.8,-1.2,17,Regulatory,609645098.0,608425808.0,-1219290.0,-0.2,609645098,608425808.0,99.8,CONT172,Interiors & Contracting LLC,543,618,87.9,True,90.4,0,71.2,False,False,Completed,2023-05-17,2023-07-26,2023-10-03
CONS000491,PROJ013,Sky Views,DEV0022,2021-04-01,Foundation,2021-04-01,2021-07-20,2021-04-01,,0.0,2.1,2.1,0,,0.0,4258195.0,4258195.0,425819500.0,1216627028,4258195.0,0.4,CONT032,Arabtec Construction LLC,467,628,74.4,False,90.1,0,75.5,False,True,Structure,2021-07-25,2024-12-04,2025-09-12
CONS000492,PROJ013,Sky Views,DEV0022,2021-05-01,Foundation,2021-04-01,2021-07-20,2021-04-01,,27.3,30.8,3.5,0,,55356530.0,62453521.0,7096991.0,12.8,1216627028,62453521.0,5.1,CONT032,Arabtec Construction LLC,705,652,108.1,False,96.8,0,76.1,False,False,Structure,2021-07-25,2024-12-04,2025-09-12
CONS000493,PROJ013,Sky Views,DEV0022,2021-06-01,Foundation,2021-04-01,2021-07-20,2021-04-01,,55.5,52.1,-3.4,0,,112538000.0,105643780.0,-6894220.0,-6.1,1216627028,105643780.0,8.7,CONT032,Arabtec Construction LLC,458,548,83.6,False,75.9,0,70.7,False,False,Structure,2021-07-25,2024-12-04,2025-09-12
CONS000494,PROJ013,Sky Views,DEV0022,2021-07-01,Foundation,2021-04-01,2021-07-20,2021-04-01,,82.7,74.9,-7.8,0,,167691759.0,151875607.0,-15816152.0,-9.4,1216627028,151875607.0,12.5,CONT032,Arabtec Construction LLC,594,556,106.8,False,72.6,0,69.8,False,False,Structure,2021-07-25,2024-12-04,2025-09-12
CONS000495,PROJ013,Sky Views,DEV0022,2021-08-01,Foundation,2021-04-01,2021-07-20,2021-04-01,,100.0,95.6,-4.4,0,,202771171.0,193849240.0,-8921931.0,-4.4,1216627028,193849240.0,15.9,CONT032,Arabtec Construction LLC,857,780,109.9,True,74.3,0,71.2,False,False,Structure,2021-07-25,2024-12-04,2025-09-12
CONS000496,PROJ013,Sky Views,DEV0022,2021-09-01,Foundation,2021-04-01,2021-07-20,2021-04-01,2021-07-20,100.0,100.0,0.0,0,,202771171.0,202771171.0,0.0,0.0,1216627028,202771171.0,16.7,CONT032,Arabtec Construction LLC,388,533,72.8,True,97.1,0,73.4,False,False,Structure,2021-07-25,2024-12-04,2025-09-12
CONS000497,PROJ013,Sky Views,DEV0022,2021-07-30,Structure,2021-07-30,2021-11-17,2021-08-11,,0.0,0.0,0.0,50,Material Delay,202771171.0,202771171.0,0.0,0.0,1216627028,202771171.0,16.7,CONT032,Arabtec Construction LLC,257,351,73.2,False,75.4,0,74.1,True,False,MEP,2021-11-22,2024-12-04,2025-09-12
CONS000498,PROJ013,Sky Views,DEV0022,2021-08-01,Structure,2021-07-30,2021-11-17,2021-08-11,,1.8,0.0,-1.8,50,Design Change,206421052.0,202771171.0,-3649881.0,-1.8,1216627028,202771171.0,16.7,CONT032,Arabtec Construction LLC,572,566,101.1,False,98.0,0,74.8,True,False,MEP,2021-11-22,2024-12-04,2025-09-12
CONS000499,PROJ013,Sky Views,DEV0022,2021-09-01,Structure,2021-07-30,2021-11-17,2021-08-11,,30.0,15.6,-14.4,50,Design Change,263602523.0,234403474.0,-29199049.0,-11.1,1216627028,234403474.0,19.3,CONT032,Arabtec Construction LLC,324,461,70.3,False,76.7,0,67.9,True,False,MEP,2021-11-22,2024-12-04,2025-09-12
CONS000500,PROJ013,Sky Views,DEV0022,2021-10-01,Structure,2021-07-30,2021-11-17,2021-08-11,,57.3,34.2,-23.1,50,Labour Shortage,318959053.0,272118912.0,-46840141.0,-14.7,1216627028,272118912.0,22.4,CONT032,Arabtec Construction LLC,624,596,104.7,False,85.7,0,63.8,True,False,MEP,2021-11-22,2024-12-04,2025-09-12
CONS000501,PROJ013,Sky Views,DEV0022,2021-11-01,Structure,2021-07-30,2021-11-17,2021-08-11,,85.5,65.8,-19.7,50,Labour Shortage,376140523.0,336194602.0,-39945921.0,-10.6,1216627028,336194602.0,27.6,CONT032,Arabtec Construction LLC,811,758,107.0,False,90.0,0,72.3,True,False,MEP,2021-11-22,2024-12-04,2025-09-12
CONS000502,PROJ013,Sky Views,DEV0022,2021-12-01,Structure,2021-07-30,2021-11-17,2021-08-11,,100.0,89.6,-10.4,50,Regulatory,405542343.0,384454141.0,-21088202.0,-5.2,1216627028,384454141.0,31.6,CONT032,Arabtec Construction LLC,592,761,77.8,False,96.5,0,68.5,True,False,MEP,2021-11-22,2024-12-04,2025-09-12
CONS000503,PROJ013,Sky Views,DEV0022,2022-01-01,Structure,2021-07-30,2021-11-17,2021-08-11,,100.0,89.7,-10.3,50,Regulatory,405542343.0,384656912.0,-20885431.0,-5.2,1216627028,384656912.0,31.6,CONT032,Arabtec Construction LLC,270,251,107.6,False,78.8,0,72.5,True,False,MEP,2021-11-22,2024-12-04,2025-09-12
CONS000504,PROJ013,Sky Views,DEV0022,2021-11-27,MEP,2021-11-27,2022-03-17,2021-11-27,,0.0,0.0,0.0,0,,405542343.0,405542343.0,0.0,0.0,1216627028,405542343.0,33.3,CONT032,Arabtec Construction LLC,251,229,109.6,False,89.5,0,74.0,False,False,Façade,2022-03-22,2024-12-04,2025-09-12
CONS000505,PROJ013,Sky Views,DEV0022,2021-12-01,MEP,2021-11-27,2022-03-17,2021-11-27,,3.6,0.0,-3.6,0,,412842105.0,405542343.0,-7299762.0,-1.8,1216627028,405542343.0,33.3,CONT032,Arabtec Construction LLC,537,747,71.9,False,76.7,0,73.3,False,False,Façade,2022-03-22,2024-12-04,2025-09-12
CONS000506,PROJ013,Sky Views,DEV0022,2022-01-01,MEP,2021-11-27,2022-03-17,2021-11-27,,31.8,41.1,9.3,0,,470023575.0,488881294.0,18857719.0,4.0,1216627028,488881294.0,40.2,CONT032,Arabtec Construction LLC,462,661,69.9,False,73.7,0,76.7,False,False,Façade,2022-03-22,2024-12-04,2025-09-12
CONS000507,PROJ013,Sky Views,DEV0022,2022-02-01,MEP,2021-11-27,2022-03-17,2021-11-27,,60.0,65.3,5.3,0,,527205045.0,537951918.0,10746873.0,2.0,1216627028,537951918.0,44.2,CONT032,Arabtec Construction LLC,156,159,98.1,False,75.2,0,74.7,False,False,Façade,2022-03-22,2024-12-04,2025-09-12
CONS000508,PROJ013,Sky Views,DEV0022,2022-03-01,MEP,2021-11-27,2022-03-17,2021-11-27,,85.5,94.9,9.4,0,,578911694.0,597972184.0,19060490.0,3.3,1216627028,597972184.0,49.1,CONT032,Arabtec Construction LLC,675,716,94.3,False,87.8,0,77.6,False,False,Façade,2022-03-22,2024-12-04,2025-09-12
CONS000509,PROJ013,Sky Views,DEV0022,2022-04-01,MEP,2021-11-27,2022-03-17,2021-11-27,,100.0,94.5,-5.5,0,,608313514.0,597161100.0,-11152414.0,-1.8,1216627028,597161100.0,49.1,CONT032,Arabtec Construction LLC,279,288,96.9,True,94.3,0,71.4,False,False,Façade,2022-03-22,2024-12-04,2025-09-12
CONS000510,PROJ013,Sky Views,DEV0022,2022-05-01,MEP,2021-11-27,2022-03-17,2021-11-27,,100.0,97.5,-2.5,0,,608313514.0,603244235.0,-5069279.0,-0.8,1216627028,603244235.0,49.6,CONT032,Arabtec Construction LLC,421,490,85.9,True,75.9,0,75.5,False,False,Façade,2022-03-22,2024-12-04,2025-09-12
CONS000511,PROJ013,Sky Views,DEV0022,2022-03-27,Façade,2022-03-27,2022-07-15,2022-04-09,,0.0,0.0,0.0,22,Regulatory,608313514.0,608313514.0,0.0,0.0,1216627028,608313514.0,50.0,CONT032,Arabtec Construction LLC,224,243,92.2,False,91.3,0,75.0,False,False,Fit-Out,2022-07-20,2024-12-04,2025-09-12
CONS000512,PROJ013,Sky Views,DEV0022,2022-04-01,Façade,2022-03-27,2022-07-15,2022-04-09,,4.5,1.1,-3.4,22,Financing,617438217.0,610543997.0,-6894220.0,-1.1,1216627028,610543997.0,50.2,CONT032,Arabtec Construction LLC,403,477,84.5,False,78.3,0,74.1,False,False,Fit-Out,2022-07-20,2024-12-04,2025-09-12
CONS000513,PROJ013,Sky Views,DEV0022,2022-05-01,Façade,2022-03-27,2022-07-15,2022-04-09,,31.8,14.8,-17.0,22,Labour Shortage,672794746.0,638323647.0,-34471099.0,-5.1,1216627028,638323647.0,52.5,CONT032,Arabtec Construction LLC,239,270,88.5,False,92.5,0,67.8,True,False,Fit-Out,2022-07-20,2024-12-04,2025-09-12
CONS000514,PROJ013,Sky Views,DEV0022,2022-06-01,Façade,2022-03-27,2022-07-15,2022-04-09,,60.0,46.1,-13.9,22,COVID-19,729976217.0,701791024.0,-28185193.0,-3.9,1216627028,701791024.0,57.7,CONT032,Arabtec Construction LLC,215,283,76.0,False,85.6,0,69.3,True,False,Fit-Out,2022-07-20,2024-12-04,2025-09-12
CONS000515,PROJ013,Sky Views,DEV0022,2022-07-01,Façade,2022-03-27,2022-07-15,2022-04-09,,87.3,76.2,-11.1,22,COVID-19,785332747.0,762825147.0,-22507600.0,-2.9,1216627028,762825147.0,62.7,CONT032,Arabtec Construction LLC,790,739,106.9,False,78.1,0,68.2,True,False,Fit-Out,2022-07-20,2024-12-04,2025-09-12
CONS000516,PROJ013,Sky Views,DEV0022,2022-08-01,Façade,2022-03-27,2022-07-15,2022-04-09,,100.0,82.1,-17.9,22,Regulatory,811084685.0,774788646.0,-36296039.0,-4.5,1216627028,774788646.0,63.7,CONT032,Arabtec Construction LLC,682,750,90.9,False,78.9,0,67.8,True,False,Fit-Out,2022-07-20,2024-12-04,2025-09-12
CONS000517,PROJ013,Sky Views,DEV0022,2022-09-01,Façade,2022-03-27,2022-07-15,2022-04-09,,100.0,88.5,-11.5,22,Material Delay,811084685.0,787766001.0,-23318684.0,-2.9,1216627028,787766001.0,64.8,CONT032,Arabtec Construction LLC,318,412,77.2,False,87.5,0,68.4,True,False,Fit-Out,2022-07-20,2024-12-04,2025-09-12
CONS000518,PROJ013,Sky Views,DEV0022,2022-07-25,Fit-Out,2022-07-25,2022-11-12,2022-08-01,,0.0,0.0,0.0,35,Weather,811084685.0,811084685.0,0.0,0.0,1216627028,811084685.0,66.7,CONT032,Arabtec Construction LLC,663,682,97.2,False,83.3,0,76.5,True,False,Handover,2022-11-17,2024-12-04,2025-09-12
CONS000519,PROJ013,Sky Views,DEV0022,2022-08-01,Fit-Out,2022-07-25,2022-11-12,2022-08-01,,6.4,0.0,-6.4,35,Weather,824062040.0,811084685.0,-12977355.0,-1.6,1216627028,811084685.0,66.7,CONT032,Arabtec Construction LLC,294,412,71.4,False,89.1,0,72.1,True,False,Handover,2022-11-17,2024-12-04,2025-09-12
CONS000520,PROJ013,Sky Views,DEV0022,2022-09-01,Fit-Out,2022-07-25,2022-11-12,2022-08-01,,34.5,26.4,-8.1,35,COVID-19,881040739.0,864616275.0,-16424464.0,-1.9,1216627028,864616275.0,71.1,CONT032,Arabtec Construction LLC,386,387,99.7,False,93.4,0,71.8,True,False,Handover,2022-11-17,2024-12-04,2025-09-12
CONS000521,PROJ013,Sky Views,DEV0022,2022-10-01,Fit-Out,2022-07-25,2022-11-12,2022-08-01,,61.8,49.0,-12.8,35,Financing,936397269.0,910442559.0,-25954710.0,-2.8,1216627028,910442559.0,74.8,CONT032,Arabtec Construction LLC,121,154,78.6,False,89.6,0,69.6,True,False,Handover,2022-11-17,2024-12-04,2025-09-12
CONS000522,PROJ013,Sky Views,DEV0022,2022-11-01,Fit-Out,2022-07-25,2022-11-12,2022-08-01,,90.0,70.5,-19.5,35,Regulatory,993578740.0,954038361.0,-39540379.0,-4.0,1216627028,954038361.0,78.4,CONT032,Arabtec Construction LLC,665,739,90.0,False,92.1,0,68.4,True,False,Handover,2022-11-17,2024-12-04,2025-09-12
CONS000523,PROJ013,Sky Views,DEV0022,2022-12-01,Fit-Out,2022-07-25,2022-11-12,2022-08-01,,100.0,92.4,-7.6,35,Weather,1013855857.0,998445248.0,-15410609.0,-1.5,1216627028,998445248.0,82.1,CONT032,Arabtec Construction LLC,636,607,104.8,True,75.4,0,76.5,True,False,Handover,2022-11-17,2024-12-04,2025-09-12
CONS000524,PROJ013,Sky Views,DEV0022,2023-01-01,Fit-Out,2022-07-25,2022-11-12,2022-08-01,,100.0,85.1,-14.9,35,Labour Shortage,1013855857.0,983642952.0,-30212905.0,-3.0,1216627028,983642952.0,80.8,CONT032,Arabtec Construction LLC,537,657,81.7,False,71.3,0,68.8,True,False,Handover,2022-11-17,2024-12-04,2025-09-12
CONS000525,PROJ013,Sky Views,DEV0022,2022-11-22,Handover,2022-11-22,2023-03-12,2022-11-22,,0.0,0.0,0.0,0,,1013855857.0,1013855857.0,0.0,0.0,1216627028,1013855857.0,83.3,CONT032,Arabtec Construction LLC,655,631,103.8,False,95.9,0,72.6,False,False,Completed,2023-03-17,2024-12-04,2025-09-12
CONS000526,PROJ013,Sky Views,DEV0022,2022-12-01,Handover,2022-11-22,2023-03-12,2022-11-22,,8.2,13.1,4.9,0,,1030483093.0,1040418880.0,9935787.0,1.0,1216627028,1040418880.0,85.5,CONT032,Arabtec Construction LLC,422,463,91.1,False,79.7,0,76.4,False,False,Completed,2023-03-17,2024-12-04,2025-09-12
CONS000527,PROJ013,Sky Views,DEV0022,2023-01-01,Handover,2022-11-22,2023-03-12,2022-11-22,,36.4,38.2,1.8,0,,1087664563.0,1091314444.0,3649881.0,0.3,1216627028,1091314444.0,89.7,CONT032,Arabtec Construction LLC,387,365,106.0,False,78.3,0,69.4,False,False,Completed,2023-03-17,2024-12-04,2025-09-12
CONS000528,PROJ013,Sky Views,DEV0022,2023-02-01,Handover,2022-11-22,2023-03-12,2022-11-22,,64.5,71.6,7.1,0,,1144643262.0,1159040015.0,14396753.0,1.3,1216627028,1159040015.0,95.3,CONT032,Arabtec Construction LLC,398,539,73.8,False,83.6,0,76.2,False,False,Completed,2023-03-17,2024-12-04,2025-09-12
CONS000529,PROJ013,Sky Views,DEV0022,2023-03-01,Handover,2022-11-22,2023-03-12,2022-11-22,,90.0,89.7,-0.3,0,,1196349911.0,1195741597.0,-608314.0,-0.1,1216627028,1195741597.0,98.3,CONT032,Arabtec Construction LLC,465,491,94.7,False,75.0,0,73.1,False,False,Completed,2023-03-17,2024-12-04,2025-09-12
CONS000530,PROJ013,Sky Views,DEV0022,2023-04-01,Handover,2022-11-22,2023-03-12,2022-11-22,2023-03-12,100.0,100.0,0.0,0,,1216627028.0,1216627028.0,0.0,0.0,1216627028,1216627028.0,100.0,CONT032,Arabtec Construction LLC,496,508,97.6,True,90.0,0,71.9,False,False,Completed,2023-03-17,2024-12-04,2025-09-12
CONS000531,PROJ013,Sky Views,DEV0022,2023-05-01,Handover,2022-11-22,2023-03-12,2022-11-22,,100.0,93.6,-6.4,0,,1216627028.0,1203649673.0,-12977355.0,-1.1,1216627028,1203649673.0,98.9,CONT032,Arabtec Construction LLC,461,583,79.1,True,74.7,0,73.0,False,False,Completed,2023-03-17,2024-12-04,2025-09-12
CONS000532,PROJ014,Royal Bay,DEV0046,2021-04-01,Foundation,2021-04-01,2021-07-20,2021-04-03,,0.0,4.0,4.0,5,Financing,0.0,11105508.0,11105508.0,1110550800.0,1665826181,11105508.0,0.7,CONT007,Consolidated Contractors (CCC),348,430,80.9,False,86.9,1,71.1,False,True,Structure,2021-07-25,2024-08-12,2024-08-12
CONS000533,PROJ014,Royal Bay,DEV0046,2021-05-01,Foundation,2021-04-01,2021-07-20,2021-04-03,,27.3,20.4,-6.9,5,Design Change,75795091.0,56638090.0,-19157001.0,-25.3,1665826181,56638090.0,3.4,CONT007,Consolidated Contractors (CCC),298,289,103.1,False,87.5,1,64.1,False,True,Structure,2021-07-25,2024-08-12,2024-08-12
CONS000534,PROJ014,Royal Bay,DEV0046,2021-06-01,Foundation,2021-04-01,2021-07-20,2021-04-03,,55.5,51.0,-4.5,5,Material Delay,154088922.0,141595225.0,-12493697.0,-8.1,1665826181,141595225.0,8.5,CONT007,Consolidated Contractors (CCC),140,183,76.5,False,78.0,0,72.2,False,False,Structure,2021-07-25,2024-08-12,2024-08-12
CONS000535,PROJ014,Royal Bay,DEV0046,2021-07-01,Foundation,2021-04-01,2021-07-20,2021-04-03,,82.7,68.3,-14.4,5,Financing,229606375.0,189626547.0,-39979828.0,-17.4,1665826181,189626547.0,11.4,CONT007,Consolidated Contractors (CCC),480,602,79.7,False,85.1,0,64.7,True,False,Structure,2021-07-25,2024-08-12,2024-08-12
CONS000536,PROJ014,Royal Bay,DEV0046,2021-08-01,Foundation,2021-04-01,2021-07-20,2021-04-03,,100.0,84.5,-15.5,5,Weather,277637697.0,234603854.0,-43033843.0,-15.5,1665826181,234603854.0,14.1,CONT007,Consolidated Contractors (CCC),284,301,94.4,False,74.0,0,70.7,True,False,Structure,2021-07-25,2024-08-12,2024-08-12
CONS000537,PROJ014,Royal Bay,DEV0046,2021-09-01,Foundation,2021-04-01,2021-07-20,2021-04-03,,100.0,88.0,-12.0,5,Labour Shortage,277637697.0,244321173.0,-33316524.0,-12.0,1665826181,244321173.0,14.7,CONT007,Consolidated Contractors (CCC),228,278,82.0,False,96.5,0,71.8,True,False,Structure,2021-07-25,2024-08-12,2024-08-12
CONS000538,PROJ014,Royal Bay,DEV0046,2021-07-30,Structure,2021-07-30,2021-11-17,2021-07-30,,0.0,0.0,0.0,0,,277637697.0,277637697.0,0.0,0.0,1665826181,277637697.0,16.7,CONT007,Consolidated Contractors (CCC),440,401,109.7,False,76.3,0,73.2,False,False,MEP,2021-11-22,2024-08-12,2024-08-12
CONS000539,PROJ014,Royal Bay,DEV0046,2021-08-01,Structure,2021-07-30,2021-11-17,2021-07-30,,1.8,0.1,-1.7,0,,282635175.0,277915335.0,-4719840.0,-1.7,1665826181,277915335.0,16.7,CONT007,Consolidated Contractors (CCC),161,229,70.3,False,71.3,0,75.4,False,False,MEP,2021-11-22,2024-08-12,2024-08-12
CONS000540,PROJ014,Royal Bay,DEV0046,2021-09-01,Structure,2021-07-30,2021-11-17,2021-07-30,,30.0,39.4,9.4,0,,360929006.0,387026949.0,26097943.0,7.2,1665826181,387026949.0,23.2,CONT007,Consolidated Contractors (CCC),162,228,71.1,False,90.7,0,75.1,False,False,MEP,2021-11-22,2024-08-12,2024-08-12
CONS000541,PROJ014,Royal Bay,DEV0046,2021-10-01,Structure,2021-07-30,2021-11-17,2021-07-30,,57.3,56.2,-1.1,0,,436724097.0,433670082.0,-3054015.0,-0.7,1665826181,433670082.0,26.0,CONT007,Consolidated Contractors (CCC),369,395,93.4,False,80.0,0,72.5,False,False,MEP,2021-11-22,2024-08-12,2024-08-12
CONS000542,PROJ014,Royal Bay,DEV0046,2021-11-01,Structure,2021-07-30,2021-11-17,2021-07-30,,85.5,85.6,0.1,0,,515017928.0,515295565.0,277637.0,0.1,1665826181,515295565.0,30.9,CONT007,Consolidated Contractors (CCC),571,798,71.6,False,94.1,0,75.7,False,False,MEP,2021-11-22,2024-08-12,2024-08-12
CONS000543,PROJ014,Royal Bay,DEV0046,2021-12-01,Structure,2021-07-30,2021-11-17,2021-07-30,,100.0,98.5,-1.5,0,,555275394.0,551110828.0,-4164566.0,-0.8,1665826181,551110828.0,33.1,CONT007,Consolidated Contractors (CCC),359,379,94.7,True,83.0,0,73.0,False,False,MEP,2021-11-22,2024-08-12,2024-08-12
CONS000544,PROJ014,Royal Bay,DEV0046,2022-01-01,Structure,2021-07-30,2021-11-17,2021-07-30,2021-11-17,100.0,100.0,0.0,0,,555275394.0,555275394.0,0.0,0.0,1665826181,555275394.0,33.3,CONT007,Consolidated Contractors (CCC),408,535,76.3,True,76.0,0,74.7,False,False,MEP,2021-11-22,2024-08-12,2024-08-12
CONS000545,PROJ014,Royal Bay,DEV0046,2021-11-27,MEP,2021-11-27,2022-03-17,2021-12-04,,0.0,0.0,0.0,10,COVID-19,555275394.0,555275394.0,0.0,0.0,1665826181,555275394.0,33.3,CONT007,Consolidated Contractors (CCC),313,394,79.4,False,82.6,0,73.7,False,False,Façade,2022-03-22,2024-08-12,2024-08-12
CONS000546,PROJ014,Royal Bay,DEV0046,2021-12-01,MEP,2021-11-27,2022-03-17,2021-12-04,,3.6,0.4,-3.2,10,Material Delay,565270351.0,556385944.0,-8884407.0,-1.6,1665826181,556385944.0,33.4,CONT007,Consolidated Contractors (CCC),598,580,103.1,False,74.3,0,73.0,False,False,Façade,2022-03-22,2024-08-12,2024-08-12
CONS000547,PROJ014,Royal Bay,DEV0046,2022-01-01,MEP,2021-11-27,2022-03-17,2021-12-04,,31.8,18.5,-13.3,10,COVID-19,643564181.0,606638368.0,-36925813.0,-5.7,1665826181,606638368.0,36.4,CONT007,Consolidated Contractors (CCC),532,656,81.1,False,96.8,0,70.1,True,False,Façade,2022-03-22,2024-08-12,2024-08-12
CONS000548,PROJ014,Royal Bay,DEV0046,2022-02-01,MEP,2021-11-27,2022-03-17,2021-12-04,,60.0,52.0,-8.0,10,Design Change,721858012.0,699646996.0,-22211016.0,-3.1,1665826181,699646996.0,42.0,CONT007,Consolidated Contractors (CCC),617,757,81.5,False,89.1,0,71.0,False,False,Façade,2022-03-22,2024-08-12,2024-08-12
CONS000549,PROJ014,Royal Bay,DEV0046,2022-03-01,MEP,2021-11-27,2022-03-17,2021-12-04,,85.5,86.4,0.9,10,Regulatory,792655624.0,795154364.0,2498740.0,0.3,1665826181,795154364.0,47.7,CONT007,Consolidated Contractors (CCC),130,176,73.9,False,97.7,0,75.7,False,False,Façade,2022-03-22,2024-08-12,2024-08-12
CONS000550,PROJ014,Royal Bay,DEV0046,2022-04-01,MEP,2021-11-27,2022-03-17,2021-12-04,,100.0,95.4,-4.6,10,Weather,832913090.0,820141756.0,-12771334.0,-1.5,1665826181,820141756.0,49.2,CONT007,Consolidated Contractors (CCC),555,514,108.0,True,88.0,0,72.2,False,False,Façade,2022-03-22,2024-08-12,2024-08-12
CONS000551,PROJ014,Royal Bay,DEV0046,2022-05-01,MEP,2021-11-27,2022-03-17,2021-12-04,,100.0,97.2,-2.8,10,COVID-19,832913090.0,825139235.0,-7773855.0,-0.9,1665826181,825139235.0,49.5,CONT007,Consolidated Contractors (CCC),419,514,81.5,True,81.7,0,74.0,False,False,Façade,2022-03-22,2024-08-12,2024-08-12
CONS000552,PROJ014,Royal Bay,DEV0046,2022-03-27,Façade,2022-03-27,2022-07-15,2022-03-27,,0.0,0.0,0.0,0,,832913090.0,832913090.0,0.0,0.0,1665826181,832913090.0,50.0,CONT007,Consolidated Contractors (CCC),464,467,99.4,False,92.0,0,73.3,False,False,Fit-Out,2022-07-20,2024-08-12,2024-08-12
CONS000553,PROJ014,Royal Bay,DEV0046,2022-04-01,Façade,2022-03-27,2022-07-15,2022-03-27,,4.5,7.1,2.6,0,,845406787.0,852625367.0,7218580.0,0.9,1665826181,852625367.0,51.2,CONT007,Consolidated Contractors (CCC),189,265,71.3,False,70.3,0,72.5,False,False,Fit-Out,2022-07-20,2024-08-12,2024-08-12
CONS000554,PROJ014,Royal Bay,DEV0046,2022-05-01,Façade,2022-03-27,2022-07-15,2022-03-27,,31.8,36.4,4.6,0,,921201878.0,933973212.0,12771334.0,1.4,1665826181,933973212.0,56.1,CONT007,Consolidated Contractors (CCC),477,671,71.1,False,97.8,1,73.0,False,True,Fit-Out,2022-07-20,2024-08-12,2024-08-12
CONS000555,PROJ014,Royal Bay,DEV0046,2022-06-01,Façade,2022-03-27,2022-07-15,2022-03-27,,60.0,53.8,-6.2,0,,999495709.0,982282171.0,-17213538.0,-1.7,1665826181,982282171.0,59.0,CONT007,Consolidated Contractors (CCC),179,178,100.6,False,70.3,0,73.9,False,False,Fit-Out,2022-07-20,2024-08-12,2024-08-12
CONS000556,PROJ014,Royal Bay,DEV0046,2022-07-01,Façade,2022-03-27,2022-07-15,2022-03-27,,87.3,77.1,-10.2,0,,1075290800.0,1046971755.0,-28319045.0,-2.6,1665826181,1046971755.0,62.9,CONT007,Consolidated Contractors (CCC),117,152,77.0,False,89.7,0,76.3,True,False,Fit-Out,2022-07-20,2024-08-12,2024-08-12
CONS000557,PROJ014,Royal Bay,DEV0046,2022-08-01,Façade,2022-03-27,2022-07-15,2022-03-27,,100.0,89.4,-10.6,0,,1110550787.0,1081121191.0,-29429596.0,-2.7,1665826181,1081121191.0,64.9,CONT007,Consolidated Contractors (CCC),190,221,86.0,False,88.4,1,64.5,True,True,Fit-Out,2022-07-20,2024-08-12,2024-08-12
CONS000558,PROJ014,Royal Bay,DEV0046,2022-09-01,Façade,2022-03-27,2022-07-15,2022-03-27,,100.0,87.5,-12.5,0,,1110550787.0,1075846075.0,-34704712.0,-3.1,1665826181,1075846075.0,64.6,CONT007,Consolidated Contractors (CCC),350,485,72.2,False,70.2,1,65.6,True,True,Fit-Out,2022-07-20,2024-08-12,2024-08-12
CONS000559,PROJ014,Royal Bay,DEV0046,2022-07-25,Fit-Out,2022-07-25,2022-11-12,2022-07-28,,0.0,0.0,0.0,4,Weather,1110550787.0,1110550787.0,0.0,0.0,1665826181,1110550787.0,66.7,CONT007,Consolidated Contractors (CCC),362,345,104.9,False,71.6,2,64.5,False,True,Handover,2022-11-17,2024-08-12,2024-08-12
CONS000560,PROJ014,Royal Bay,DEV0046,2022-08-01,Fit-Out,2022-07-25,2022-11-12,2022-07-28,,6.4,3.9,-2.5,4,Regulatory,1128319600.0,1121378658.0,-6940942.0,-0.6,1665826181,1121378658.0,67.3,CONT007,Consolidated Contractors (CCC),722,778,92.8,False,89.5,0,76.0,False,False,Handover,2022-11-17,2024-08-12,2024-08-12
CONS000561,PROJ014,Royal Bay,DEV0046,2022-09-01,Fit-Out,2022-07-25,2022-11-12,2022-07-28,,34.5,37.6,3.1,4,Labour Shortage,1206335793.0,1214942561.0,8606768.0,0.7,1665826181,1214942561.0,72.9,CONT007,Consolidated Contractors (CCC),317,317,100.0,False,71.0,0,74.7,False,False,Handover,2022-11-17,2024-08-12,2024-08-12
CONS000562,PROJ014,Royal Bay,DEV0046,2022-10-01,Fit-Out,2022-07-25,2022-11-12,2022-07-28,,61.8,62.9,1.1,4,Weather,1282130884.0,1285184899.0,3054015.0,0.2,1665826181,1285184899.0,77.2,CONT007,Consolidated Contractors (CCC),778,794,98.0,False,93.8,0,72.8,False,False,Handover,2022-11-17,2024-08-12,2024-08-12
CONS000563,PROJ014,Royal Bay,DEV0046,2022-11-01,Fit-Out,2022-07-25,2022-11-12,2022-07-28,,90.0,83.9,-6.1,4,Regulatory,1360424714.0,1343488815.0,-16935899.0,-1.2,1665826181,1343488815.0,80.7,CONT007,Consolidated Contractors (CCC),524,529,99.1,False,85.6,0,75.4,False,False,Handover,2022-11-17,2024-08-12,2024-08-12
CONS000564,PROJ014,Royal Bay,DEV0046,2022-12-01,Fit-Out,2022-07-25,2022-11-12,2022-07-28,,100.0,83.9,-16.1,4,Labour Shortage,1388188484.0,1343488815.0,-44699669.0,-3.2,1665826181,1343488815.0,80.7,CONT007,Consolidated Contractors (CCC),414,401,103.2,False,91.7,0,69.3,True,False,Handover,2022-11-17,2024-08-12,2024-08-12
CONS000565,PROJ014,Royal Bay,DEV0046,2023-01-01,Fit-Out,2022-07-25,2022-11-12,2022-07-28,,100.0,84.4,-15.6,4,COVID-19,1388188484.0,1344877003.0,-43311481.0,-3.1,1665826181,1344877003.0,80.7,CONT007,Consolidated Contractors (CCC),445,584,76.2,False,74.5,0,71.9,True,False,Handover,2022-11-17,2024-08-12,2024-08-12
CONS000566,PROJ014,Royal Bay,DEV0046,2022-11-22,Handover,2022-11-22,2023-03-12,2022-11-22,,0.0,0.0,0.0,0,,1388188484.0,1388188484.0,0.0,0.0,1665826181,1388188484.0,83.3,CONT007,Consolidated Contractors (CCC),705,731,96.4,False,82.0,0,76.3,False,False,Completed,2023-03-17,2024-08-12,2024-08-12
CONS000567,PROJ014,Royal Bay,DEV0046,2022-12-01,Handover,2022-11-22,2023-03-12,2022-11-22,,8.2,6.1,-2.1,0,,1410954775.0,1405124384.0,-5830391.0,-0.4,1665826181,1405124384.0,84.4,CONT007,Consolidated Contractors (CCC),658,633,103.9,False,96.8,0,74.1,False,False,Completed,2023-03-17,2024-08-12,2024-08-12
CONS000568,PROJ014,Royal Bay,DEV0046,2023-01-01,Handover,2022-11-22,2023-03-12,2022-11-22,,36.4,34.7,-1.7,0,,1489248606.0,1484528765.0,-4719841.0,-0.3,1665826181,1484528765.0,89.1,CONT007,Consolidated Contractors (CCC),225,257,87.5,False,71.1,0,73.9,False,False,Completed,2023-03-17,2024-08-12,2024-08-12
CONS000569,PROJ014,Royal Bay,DEV0046,2023-02-01,Handover,2022-11-22,2023-03-12,2022-11-22,,64.5,56.6,-7.9,0,,1567264799.0,1545331421.0,-21933378.0,-1.4,1665826181,1545331421.0,92.8,CONT007,Consolidated Contractors (CCC),620,637,97.3,False,77.0,0,71.6,False,False,Completed,2023-03-17,2024-08-12,2024-08-12
CONS000570,PROJ014,Royal Bay,DEV0046,2023-03-01,Handover,2022-11-22,2023-03-12,2022-11-22,,90.0,98.1,8.1,0,,1638062411.0,1660551065.0,22488654.0,1.4,1665826181,1660551065.0,99.7,CONT007,Consolidated Contractors (CCC),769,765,100.5,False,95.2,0,77.2,False,False,Completed,2023-03-17,2024-08-12,2024-08-12
CONS000571,PROJ014,Royal Bay,DEV0046,2023-04-01,Handover,2022-11-22,2023-03-12,2022-11-22,2023-03-12,100.0,100.0,0.0,0,,1665826181.0,1665826181.0,0.0,0.0,1665826181,1665826181.0,100.0,CONT007,Consolidated Contractors (CCC),668,629,106.2,True,76.2,0,76.5,False,False,Completed,2023-03-17,2024-08-12,2024-08-12
CONS000572,PROJ014,Royal Bay,DEV0046,2023-05-01,Handover,2022-11-22,2023-03-12,2022-11-22,,100.0,95.2,-4.8,0,,1665826181.0,1652499572.0,-13326609.0,-0.8,1665826181,1652499572.0,99.2,CONT007,Consolidated Contractors (CCC),518,567,91.4,True,97.3,0,71.8,False,False,Completed,2023-03-17,2024-08-12,2024-08-12
CONS000573,PROJ015,Prime Tower,DEV0011,2019-06-01,Foundation,2019-06-01,2019-09-19,2019-07-03,,0.0,0.0,0.0,41,Weather,0.0,0.0,0.0,0.0,1325700962,0.0,0.0,CONT171,Depa United LLC,740,692,106.9,False,82.1,0,64.5,True,False,Structure,2019-09-24,2022-05-07,2022-11-29
CONS000574,PROJ015,Prime Tower,DEV0011,2019-07-01,Foundation,2019-06-01,2019-09-19,2019-07-03,,27.3,1.4,-25.9,41,Regulatory,60319394.0,3093302.0,-57226092.0,-94.9,1325700962,3093302.0,0.2,CONT171,Depa United LLC,486,448,108.5,False,73.6,0,54.3,True,False,Structure,2019-09-24,2022-05-07,2022-11-29
CONS000575,PROJ015,Prime Tower,DEV0011,2019-08-01,Foundation,2019-06-01,2019-09-19,2019-07-03,,55.5,30.8,-24.7,41,COVID-19,122627339.0,68052649.0,-54574690.0,-44.5,1325700962,68052649.0,5.1,CONT171,Depa United LLC,231,280,82.5,False,75.8,0,54.9,True,False,Structure,2019-09-24,2022-05-07,2022-11-29
CONS000576,PROJ015,Prime Tower,DEV0011,2019-09-01,Foundation,2019-06-01,2019-09-19,2019-07-03,,83.6,62.7,-20.9,41,Labour Shortage,184714334.0,138535751.0,-46178583.0,-25.0,1325700962,138535751.0,10.5,CONT171,Depa United LLC,513,556,92.3,False,81.2,0,58.0,True,False,Structure,2019-09-24,2022-05-07,2022-11-29
CONS000577,PROJ015,Prime Tower,DEV0011,2019-10-01,Foundation,2019-06-01,2019-09-19,2019-07-03,,100.0,79.4,-20.6,41,COVID-19,220950160.0,175434427.0,-45515733.0,-20.6,1325700962,175434427.0,13.2,CONT171,Depa United LLC,190,208,91.3,False,89.0,0,54.2,True,False,Structure,2019-09-24,2022-05-07,2022-11-29
CONS000578,PROJ015,Prime Tower,DEV0011,2019-11-01,Foundation,2019-06-01,2019-09-19,2019-07-03,,100.0,74.9,-25.1,41,Labour Shortage,220950160.0,165491670.0,-55458490.0,-25.1,1325700962,165491670.0,12.5,CONT171,Depa United LLC,489,477,102.5,False,71.4,0,60.9,True,False,Structure,2019-09-24,2022-05-07,2022-11-29
CONS000579,PROJ015,Prime Tower,DEV0011,2019-09-29,Structure,2019-09-29,2020-01-17,2019-10-14,,0.0,0.0,0.0,24,COVID-19,220950160.0,220950160.0,0.0,0.0,1325700962,220950160.0,16.7,CONT171,Depa United LLC,290,389,74.6,False,81.4,0,61.9,False,False,MEP,2020-01-22,2022-05-07,2022-11-29
CONS000580,PROJ015,Prime Tower,DEV0011,2019-10-01,Structure,2019-09-29,2020-01-17,2019-10-14,,1.8,0.0,-1.8,24,Design Change,224927263.0,220950160.0,-3977103.0,-1.8,1325700962,220950160.0,16.7,CONT171,Depa United LLC,185,212,87.3,False,81.4,0,63.7,False,False,MEP,2020-01-22,2022-05-07,2022-11-29
CONS000581,PROJ015,Prime Tower,DEV0011,2019-11-01,Structure,2019-09-29,2020-01-17,2019-10-14,,30.0,22.3,-7.7,24,Regulatory,287235208.0,270222046.0,-17013162.0,-5.9,1325700962,270222046.0,20.4,CONT171,Depa United LLC,774,724,106.9,False,76.5,0,64.3,False,False,MEP,2020-01-22,2022-05-07,2022-11-29
CONS000582,PROJ015,Prime Tower,DEV0011,2019-12-01,Structure,2019-09-29,2020-01-17,2019-10-14,,57.3,37.5,-19.8,24,Weather,347554602.0,303806470.0,-43748132.0,-12.6,1325700962,303806470.0,22.9,CONT171,Depa United LLC,587,737,79.6,False,74.9,0,56.6,True,False,MEP,2020-01-22,2022-05-07,2022-11-29
CONS000583,PROJ015,Prime Tower,DEV0011,2020-01-01,Structure,2019-09-29,2020-01-17,2019-10-14,,85.5,85.5,0.0,24,COVID-19,409862547.0,409862547.0,0.0,0.0,1325700962,409862547.0,30.9,CONT171,Depa United LLC,133,189,70.4,False,73.3,0,59.7,False,False,MEP,2020-01-22,2022-05-07,2022-11-29
CONS000584,PROJ015,Prime Tower,DEV0011,2020-02-01,Structure,2019-09-29,2020-01-17,2019-10-14,,100.0,91.6,-8.4,24,Labour Shortage,441900321.0,423340507.0,-18559814.0,-4.2,1325700962,423340507.0,31.9,CONT171,Depa United LLC,457,432,105.8,True,72.5,0,60.9,False,False,MEP,2020-01-22,2022-05-07,2022-11-29
CONS000585,PROJ015,Prime Tower,DEV0011,2020-03-01,Structure,2019-09-29,2020-01-17,2019-10-14,,100.0,80.9,-19.1,24,Weather,441900321.0,399698840.0,-42201481.0,-9.6,1325700962,399698840.0,30.1,CONT171,Depa United LLC,523,560,93.4,False,94.9,0,56.8,True,False,MEP,2020-01-22,2022-05-07,2022-11-29
CONS000586,PROJ015,Prime Tower,DEV0011,2020-01-27,MEP,2020-01-27,2020-05-16,2020-02-22,,0.0,0.0,0.0,35,Design Change,441900321.0,441900321.0,0.0,0.0,1325700962,441900321.0,33.3,CONT171,Depa United LLC,433,589,73.5,False,98.0,0,59.7,True,False,Façade,2020-05-21,2022-05-07,2022-11-29
CONS000587,PROJ015,Prime Tower,DEV0011,2020-02-01,MEP,2020-01-27,2020-05-16,2020-02-22,,4.5,0.0,-4.5,35,Regulatory,451843078.0,441900321.0,-9942757.0,-2.2,1325700962,441900321.0,33.3,CONT171,Depa United LLC,192,207,92.8,False,94.3,0,63.5,True,False,Façade,2020-05-21,2022-05-07,2022-11-29
CONS000588,PROJ015,Prime Tower,DEV0011,2020-03-01,MEP,2020-01-27,2020-05-16,2020-02-22,,30.9,8.3,-22.6,35,Material Delay,510173920.0,460239184.0,-49934736.0,-9.8,1325700962,460239184.0,34.7,CONT171,Depa United LLC,422,518,81.5,False,77.3,1,52.9,True,True,Façade,2020-05-21,2022-05-07,2022-11-29
CONS000589,PROJ015,Prime Tower,DEV0011,2020-04-01,MEP,2020-01-27,2020-05-16,2020-02-22,,59.1,35.3,-23.8,35,Design Change,572481865.0,519895727.0,-52586138.0,-9.2,1325700962,519895727.0,39.2,CONT171,Depa United LLC,623,694,89.8,False,84.3,1,54.4,True,True,Façade,2020-05-21,2022-05-07,2022-11-29
CONS000590,PROJ015,Prime Tower,DEV0011,2020-05-01,MEP,2020-01-27,2020-05-16,2020-02-22,,86.4,64.3,-22.1,35,Regulatory,632801259.0,583971274.0,-48829985.0,-7.7,1325700962,583971274.0,44.1,CONT171,Depa United LLC,636,767,82.9,False,73.9,0,55.4,True,False,Façade,2020-05-21,2022-05-07,2022-11-29
CONS000591,PROJ015,Prime Tower,DEV0011,2020-06-01,MEP,2020-01-27,2020-05-16,2020-02-22,,100.0,79.9,-20.1,35,Financing,662850481.0,618439499.0,-44410982.0,-6.7,1325700962,618439499.0,46.7,CONT171,Depa United LLC,206,229,90.0,False,90.2,2,45.1,True,True,Façade,2020-05-21,2022-05-07,2022-11-29
CONS000592,PROJ015,Prime Tower,DEV0011,2020-07-01,MEP,2020-01-27,2020-05-16,2020-02-22,,100.0,81.8,-18.2,35,Regulatory,662850481.0,622637552.0,-40212929.0,-6.1,1325700962,622637552.0,47.0,CONT171,Depa United LLC,642,589,109.0,False,93.1,0,58.0,True,False,Façade,2020-05-21,2022-05-07,2022-11-29
CONS000593,PROJ015,Prime Tower,DEV0011,2020-05-26,Façade,2020-05-26,2020-09-13,2020-05-26,,0.0,0.0,0.0,30,Material Delay,662850481.0,662850481.0,0.0,0.0,1325700962,662850481.0,50.0,CONT171,Depa United LLC,335,335,100.0,False,82.5,0,64.1,False,False,Fit-Out,2020-09-18,2022-05-07,2022-11-29
CONS000594,PROJ015,Prime Tower,DEV0011,2020-06-01,Façade,2020-05-26,2020-09-13,2020-05-26,,5.5,0.0,-5.5,30,Material Delay,675002740.0,662850481.0,-12152259.0,-1.8,1325700962,662850481.0,50.0,CONT171,Depa United LLC,675,773,87.3,False,74.8,0,64.5,False,False,Fit-Out,2020-09-18,2022-05-07,2022-11-29
CONS000595,PROJ015,Prime Tower,DEV0011,2020-07-01,Façade,2020-05-26,2020-09-13,2020-05-26,,32.7,27.2,-5.5,30,Financing,735101183.0,722948925.0,-12152258.0,-1.7,1325700962,722948925.0,54.5,CONT171,Depa United LLC,663,624,106.2,False,75.2,0,65.5,False,False,Fit-Out,2020-09-18,2022-05-07,2022-11-29
CONS000596,PROJ015,Prime Tower,DEV0011,2020-08-01,Façade,2020-05-26,2020-09-13,2020-05-26,,60.9,55.9,-5.0,30,Material Delay,797409129.0,786361621.0,-11047508.0,-1.4,1325700962,786361621.0,59.3,CONT171,Depa United LLC,570,794,71.8,False,93.2,0,65.2,False,False,Fit-Out,2020-09-18,2022-05-07,2022-11-29
CONS000597,PROJ015,Prime Tower,DEV0011,2020-09-01,Façade,2020-05-26,2020-09-13,2020-05-26,,89.1,78.1,-11.0,30,Weather,859717074.0,835412556.0,-24304518.0,-2.8,1325700962,835412556.0,63.0,CONT171,Depa United LLC,565,652,86.7,False,83.7,0,61.6,True,False,Fit-Out,2020-09-18,2022-05-07,2022-11-29
CONS000598,PROJ015,Prime Tower,DEV0011,2020-10-01,Façade,2020-05-26,2020-09-13,2020-05-26,,100.0,96.5,-3.5,30,Labour Shortage,883800641.0,876067386.0,-7733255.0,-0.9,1325700962,876067386.0,66.1,CONT171,Depa United LLC,205,282,72.7,True,73.2,0,64.8,False,False,Fit-Out,2020-09-18,2022-05-07,2022-11-29
CONS000599,PROJ015,Prime Tower,DEV0011,2020-11-01,Façade,2020-05-26,2020-09-13,2020-05-26,,100.0,90.6,-9.4,30,Weather,883800641.0,863031326.0,-20769315.0,-2.3,1325700962,863031326.0,65.1,CONT171,Depa United LLC,372,399,93.2,True,85.7,0,60.2,False,False,Fit-Out,2020-09-18,2022-05-07,2022-11-29
CONS000600,PROJ015,Prime Tower,DEV0011,2020-09-23,Fit-Out,2020-09-23,2021-01-11,2020-11-03,,0.0,0.0,0.0,43,Design Change,883800641.0,883800641.0,0.0,0.0,1325700962,883800641.0,66.7,CONT171,Depa United LLC,391,427,91.6,False,92.4,0,64.6,True,False,Handover,2021-01-16,2022-05-07,2022-11-29
CONS000601,PROJ015,Prime Tower,DEV0011,2020-10-01,Fit-Out,2020-09-23,2021-01-11,2020-11-03,,7.3,0.0,-7.3,43,Regulatory,899930003.0,883800641.0,-16129362.0,-1.8,1325700962,883800641.0,66.7,CONT171,Depa United LLC,417,420,99.3,False,74.5,0,59.7,True,False,Handover,2021-01-16,2022-05-07,2022-11-29
CONS000602,PROJ015,Prime Tower,DEV0011,2020-11-01,Fit-Out,2020-09-23,2021-01-11,2020-11-03,,35.5,20.2,-15.3,43,Weather,962237948.0,928432574.0,-33805374.0,-3.5,1325700962,928432574.0,70.0,CONT171,Depa United LLC,661,658,100.5,False,93.8,0,59.8,True,False,Handover,2021-01-16,2022-05-07,2022-11-29
CONS000603,PROJ015,Prime Tower,DEV0011,2020-12-01,Fit-Out,2020-09-23,2021-01-11,2020-11-03,,62.7,37.7,-25.0,43,Material Delay,1022336392.0,967098852.0,-55237540.0,-5.4,1325700962,967098852.0,73.0,CONT171,Depa United LLC,328,316,103.8,False,86.0,0,57.0,True,False,Handover,2021-01-16,2022-05-07,2022-11-29
CONS000604,PROJ015,Prime Tower,DEV0011,2021-01-01,Fit-Out,2020-09-23,2021-01-11,2020-11-03,,90.9,69.8,-21.1,43,Financing,1084644337.0,1038023853.0,-46620484.0,-4.3,1325700962,1038023853.0,78.3,CONT171,Depa United LLC,330,345,95.7,False,79.8,0,61.4,True,False,Handover,2021-01-16,2022-05-07,2022-11-29
CONS000605,PROJ015,Prime Tower,DEV0011,2021-02-01,Fit-Out,2020-09-23,2021-01-11,2020-11-03,,100.0,75.9,-24.1,43,Weather,1104750802.0,1051501813.0,-53248989.0,-4.8,1325700962,1051501813.0,79.3,CONT171,Depa United LLC,218,262,83.2,False,80.6,0,56.6,True,False,Handover,2021-01-16,2022-05-07,2022-11-29
CONS000606,PROJ015,Prime Tower,DEV0011,2021-03-01,Fit-Out,2020-09-23,2021-01-11,2020-11-03,,100.0,84.9,-15.1,43,Design Change,1104750802.0,1071387327.0,-33363475.0,-3.0,1325700962,1071387327.0,80.8,CONT171,Depa United LLC,237,249,95.2,False,71.8,0,60.0,True,False,Handover,2021-01-16,2022-05-07,2022-11-29
CONS000607,PROJ015,Prime Tower,DEV0011,2021-01-21,Handover,2021-01-21,2021-05-11,2021-01-30,,0.0,0.0,0.0,20,Regulatory,1104750802.0,1104750802.0,0.0,0.0,1325700962,1104750802.0,83.3,CONT171,Depa United LLC,644,762,84.5,False,81.4,0,64.8,False,False,Completed,2021-05-16,2022-05-07,2022-11-29
CONS000608,PROJ015,Prime Tower,DEV0011,2021-02-01,Handover,2021-01-21,2021-05-11,2021-01-30,,10.0,3.4,-6.6,20,Regulatory,1126845818.0,1112263107.0,-14582711.0,-1.3,1325700962,1112263107.0,83.9,CONT171,Depa United LLC,406,383,106.0,False,75.6,0,61.4,False,False,Completed,2021-05-16,2022-05-07,2022-11-29
CONS000609,PROJ015,Prime Tower,DEV0011,2021-03-01,Handover,2021-01-21,2021-05-11,2021-01-30,,35.5,32.8,-2.7,20,COVID-19,1183188109.0,1177222454.0,-5965655.0,-0.5,1325700962,1177222454.0,88.8,CONT171,Depa United LLC,212,297,71.4,False,75.3,0,61.9,False,False,Completed,2021-05-16,2022-05-07,2022-11-29
CONS000610,PROJ015,Prime Tower,DEV0011,2021-04-01,Handover,2021-01-21,2021-05-11,2021-01-30,,63.6,65.6,2.0,20,Regulatory,1245275104.0,1249694107.0,4419003.0,0.4,1325700962,1249694107.0,94.3,CONT171,Depa United LLC,296,398,74.4,False,81.5,0,67.5,False,False,Completed,2021-05-16,2022-05-07,2022-11-29
CONS000611,PROJ015,Prime Tower,DEV0011,2021-05-01,Handover,2021-01-21,2021-05-11,2021-01-30,,90.9,76.8,-14.1,20,COVID-19,1305594497.0,1274440525.0,-31153972.0,-2.4,1325700962,1274440525.0,96.1,CONT171,Depa United LLC,563,524,107.4,False,87.8,0,58.1,True,False,Completed,2021-05-16,2022-05-07,2022-11-29
CONS000612,PROJ015,Prime Tower,DEV0011,2021-06-01,Handover,2021-01-21,2021-05-11,2021-01-30,,100.0,91.6,-8.4,20,Material Delay,1325700962.0,1307141149.0,-18559813.0,-1.4,1325700962,1307141149.0,98.6,CONT171,Depa United LLC,380,470,80.9,True,73.2,0,59.1,False,False,Completed,2021-05-16,2022-05-07,2022-11-29
CONS000613,PROJ015,Prime Tower,DEV0011,2021-07-01,Handover,2021-01-21,2021-05-11,2021-01-30,2021-05-31,100.0,100.0,0.0,20,Labour Shortage,1325700962.0,1325700962.0,0.0,0.0,1325700962,1325700962.0,100.0,CONT171,Depa United LLC,295,282,104.6,True,97.8,0,65.7,False,False,Completed,2021-05-16,2022-05-07,2022-11-29
CONS000614,PROJ016,Elite Gardens,DEV0049,2022-12-01,Foundation,2022-12-01,2023-03-21,2022-12-02,,0.0,0.0,0.0,5,COVID-19,0.0,0.0,0.0,0.0,355460249,0.0,0.0,CONT030,Laing O'Rourke ME,734,747,98.3,False,71.9,0,87.4,False,False,Structure,2023-03-26,2026-07-06,2026-10-22
CONS000615,PROJ016,Elite Gardens,DEV0049,2023-01-01,Foundation,2022-12-01,2023-03-21,2022-12-02,,28.2,32.7,4.5,5,Labour Shortage,16706632.0,19372584.0,2665952.0,16.0,355460249,19372584.0,5.5,CONT030,Laing O'Rourke ME,169,216,78.2,False,89.0,0,85.5,False,True,Structure,2023-03-26,2026-07-06,2026-10-22
CONS000616,PROJ016,Elite Gardens,DEV0049,2023-02-01,Foundation,2022-12-01,2023-03-21,2022-12-02,,56.4,51.1,-5.3,5,COVID-19,33413263.0,30273365.0,-3139898.0,-9.4,355460249,30273365.0,8.5,CONT030,Laing O'Rourke ME,456,460,99.1,False,92.6,0,82.6,False,False,Structure,2023-03-26,2026-07-06,2026-10-22
CONS000617,PROJ016,Elite Gardens,DEV0049,2023-03-01,Foundation,2022-12-01,2023-03-21,2022-12-02,,81.8,68.0,-13.8,5,Labour Shortage,48461081.0,40285495.0,-8175586.0,-16.9,355460249,40285495.0,11.3,CONT030,Laing O'Rourke ME,733,731,100.3,False,81.9,0,81.5,True,False,Structure,2023-03-26,2026-07-06,2026-10-22
CONS000618,PROJ016,Elite Gardens,DEV0049,2023-04-01,Foundation,2022-12-01,2023-03-21,2022-12-02,,100.0,86.0,-14.0,5,Labour Shortage,59243375.0,50949302.0,-8294073.0,-14.0,355460249,50949302.0,14.3,CONT030,Laing O'Rourke ME,416,567,73.4,False,71.2,0,79.5,True,False,Structure,2023-03-26,2026-07-06,2026-10-22
CONS000619,PROJ016,Elite Gardens,DEV0049,2023-05-01,Foundation,2022-12-01,2023-03-21,2022-12-02,,100.0,92.6,-7.4,5,Financing,59243375.0,54859365.0,-4384010.0,-7.4,355460249,54859365.0,15.4,CONT030,Laing O'Rourke ME,315,395,79.7,True,80.6,0,81.3,False,False,Structure,2023-03-26,2026-07-06,2026-10-22
CONS000620,PROJ016,Elite Gardens,DEV0049,2023-03-31,Structure,2023-03-31,2023-07-19,2023-03-31,,0.0,0.0,0.0,0,,59243375.0,59243375.0,0.0,0.0,355460249,59243375.0,16.7,CONT030,Laing O'Rourke ME,347,421,82.4,False,74.5,0,86.9,False,False,MEP,2023-07-24,2026-07-06,2026-10-22
CONS000621,PROJ016,Elite Gardens,DEV0049,2023-04-01,Structure,2023-03-31,2023-07-19,2023-03-31,,0.9,0.0,-0.9,0,,59776565.0,59243375.0,-533190.0,-0.9,355460249,59243375.0,16.7,CONT030,Laing O'Rourke ME,584,564,103.5,False,85.7,0,86.0,False,False,MEP,2023-07-24,2026-07-06,2026-10-22
CONS000622,PROJ016,Elite Gardens,DEV0049,2023-05-01,Structure,2023-03-31,2023-07-19,2023-03-31,,28.2,21.5,-6.7,0,,75950007.0,71980700.0,-3969307.0,-5.2,355460249,71980700.0,20.2,CONT030,Laing O'Rourke ME,428,415,103.1,False,84.6,0,85.7,False,False,MEP,2023-07-24,2026-07-06,2026-10-22
CONS000623,PROJ016,Elite Gardens,DEV0049,2023-06-01,Structure,2023-03-31,2023-07-19,2023-03-31,,56.4,63.6,7.2,0,,92656638.0,96922161.0,4265523.0,4.6,355460249,96922161.0,27.3,CONT030,Laing O'Rourke ME,566,544,104.0,False,95.8,0,84.8,False,False,MEP,2023-07-24,2026-07-06,2026-10-22
CONS000624,PROJ016,Elite Gardens,DEV0049,2023-07-01,Structure,2023-03-31,2023-07-19,2023-03-31,,83.6,79.3,-4.3,0,,108770836.0,106223371.0,-2547465.0,-2.3,355460249,106223371.0,29.9,CONT030,Laing O'Rourke ME,219,311,70.4,False,84.2,0,82.8,False,False,MEP,2023-07-24,2026-07-06,2026-10-22
CONS000625,PROJ016,Elite Gardens,DEV0049,2023-08-01,Structure,2023-03-31,2023-07-19,2023-03-31,2023-07-19,100.0,100.0,0.0,0,,118486750.0,118486750.0,0.0,0.0,355460249,118486750.0,33.3,CONT030,Laing O'Rourke ME,345,410,84.1,True,77.7,0,85.7,False,False,MEP,2023-07-24,2026-07-06,2026-10-22
CONS000626,PROJ016,Elite Gardens,DEV0049,2023-09-01,Structure,2023-03-31,2023-07-19,2023-03-31,2023-07-19,100.0,100.0,0.0,0,,118486750.0,118486750.0,0.0,0.0,355460249,118486750.0,33.3,CONT030,Laing O'Rourke ME,192,216,88.9,True,79.4,0,83.2,False,False,MEP,2023-07-24,2026-07-06,2026-10-22
CONS000627,PROJ016,Elite Gardens,DEV0049,2023-07-29,MEP,2023-07-29,2023-11-16,2023-08-16,,0.0,0.0,0.0,27,Material Delay,118486750.0,118486750.0,0.0,0.0,355460249,118486750.0,33.3,CONT030,Laing O'Rourke ME,436,579,75.3,False,73.5,0,86.4,False,False,Façade,2023-11-21,2026-07-06,2026-10-22
CONS000628,PROJ016,Elite Gardens,DEV0049,2023-08-01,MEP,2023-07-29,2023-11-16,2023-08-16,,2.7,0.0,-2.7,27,COVID-19,120086321.0,118486750.0,-1599571.0,-1.3,355460249,118486750.0,33.3,CONT030,Laing O'Rourke ME,155,174,89.1,False,85.4,2,76.7,False,True,Façade,2023-11-21,2026-07-06,2026-10-22
CONS000629,PROJ016,Elite Gardens,DEV0049,2023-09-01,MEP,2023-07-29,2023-11-16,2023-08-16,,30.9,8.5,-22.4,27,Weather,136792952.0,123522437.0,-13270515.0,-9.7,355460249,123522437.0,34.8,CONT030,Laing O'Rourke ME,203,239,84.9,False,77.3,0,77.2,True,False,Façade,2023-11-21,2026-07-06,2026-10-22
CONS000630,PROJ016,Elite Gardens,DEV0049,2023-10-01,MEP,2023-07-29,2023-11-16,2023-08-16,,58.2,35.5,-22.7,27,Material Delay,152966394.0,139518148.0,-13448246.0,-8.8,355460249,139518148.0,39.3,CONT030,Laing O'Rourke ME,790,736,107.3,False,71.7,0,78.4,True,False,Façade,2023-11-21,2026-07-06,2026-10-22
CONS000631,PROJ016,Elite Gardens,DEV0049,2023-11-01,MEP,2023-07-29,2023-11-16,2023-08-16,,86.4,74.5,-11.9,27,Regulatory,169673026.0,162623064.0,-7049962.0,-4.2,355460249,162623064.0,45.8,CONT030,Laing O'Rourke ME,604,604,100.0,False,70.6,0,84.4,True,False,Façade,2023-11-21,2026-07-06,2026-10-22
CONS000632,PROJ016,Elite Gardens,DEV0049,2023-12-01,MEP,2023-07-29,2023-11-16,2023-08-16,,100.0,90.9,-9.1,27,COVID-19,177730124.0,172338977.0,-5391147.0,-3.0,355460249,172338977.0,48.5,CONT030,Laing O'Rourke ME,219,205,106.8,True,75.7,1,81.0,False,True,Façade,2023-11-21,2026-07-06,2026-10-22
CONS000633,PROJ016,Elite Gardens,DEV0049,2024-01-01,MEP,2023-07-29,2023-11-16,2023-08-16,,100.0,78.5,-21.5,27,Material Delay,177730124.0,164992799.0,-12737325.0,-7.2,355460249,164992799.0,46.4,CONT030,Laing O'Rourke ME,241,233,103.4,False,94.5,0,80.1,True,False,Façade,2023-11-21,2026-07-06,2026-10-22
CONS000634,PROJ016,Elite Gardens,DEV0049,2023-11-26,Façade,2023-11-26,2024-03-15,2023-11-26,,0.0,0.0,0.0,0,,177730124.0,177730124.0,0.0,0.0,355460249,177730124.0,50.0,CONT030,Laing O'Rourke ME,253,334,75.7,False,87.7,0,86.3,False,False,Fit-Out,2024-03-20,2026-07-06,2026-10-22
CONS000635,PROJ016,Elite Gardens,DEV0049,2023-12-01,Façade,2023-11-26,2024-03-15,2023-11-26,,4.5,0.0,-4.5,0,,180396076.0,177730124.0,-2665952.0,-1.5,355460249,177730124.0,50.0,CONT030,Laing O'Rourke ME,626,613,102.1,False,90.3,0,82.0,False,False,Fit-Out,2024-03-20,2026-07-06,2026-10-22
CONS000636,PROJ016,Elite Gardens,DEV0049,2024-01-01,Façade,2023-11-26,2024-03-15,2023-11-26,,32.7,23.6,-9.1,0,,197102708.0,191711561.0,-5391147.0,-2.7,355460249,191711561.0,53.9,CONT030,Laing O'Rourke ME,455,487,93.4,False,85.3,0,83.1,False,False,Fit-Out,2024-03-20,2026-07-06,2026-10-22
CONS000637,PROJ016,Elite Gardens,DEV0049,2024-02-01,Façade,2023-11-26,2024-03-15,2023-11-26,,60.9,51.8,-9.1,0,,213809340.0,208418193.0,-5391147.0,-2.5,355460249,208418193.0,58.6,CONT030,Laing O'Rourke ME,539,552,97.6,False,78.1,0,83.5,False,False,Fit-Out,2024-03-20,2026-07-06,2026-10-22
CONS000638,PROJ016,Elite Gardens,DEV0049,2024-03-01,Façade,2023-11-26,2024-03-15,2023-11-26,,87.3,83.0,-4.3,0,,229449591.0,226902126.0,-2547465.0,-1.1,355460249,226902126.0,63.8,CONT030,Laing O'Rourke ME,600,641,93.6,False,77.5,0,83.4,False,False,Fit-Out,2024-03-20,2026-07-06,2026-10-22
CONS000639,PROJ016,Elite Gardens,DEV0049,2024-04-01,Façade,2023-11-26,2024-03-15,2023-11-26,2024-03-15,100.0,100.0,0.0,0,,236973499.0,236973499.0,0.0,0.0,355460249,236973499.0,66.7,CONT030,Laing O'Rourke ME,495,587,84.3,True,95.6,0,83.9,False,False,Fit-Out,2024-03-20,2026-07-06,2026-10-22
CONS000640,PROJ016,Elite Gardens,DEV0049,2024-05-01,Façade,2023-11-26,2024-03-15,2023-11-26,2024-03-15,100.0,100.0,0.0,0,,236973499.0,236973499.0,0.0,0.0,355460249,236973499.0,66.7,CONT030,Laing O'Rourke ME,660,675,97.8,True,76.8,0,82.5,False,False,Fit-Out,2024-03-20,2026-07-06,2026-10-22
CONS000641,PROJ016,Elite Gardens,DEV0049,2024-03-25,Fit-Out,2024-03-25,2024-07-13,2024-03-25,,0.0,3.5,3.5,9,Weather,236973499.0,239047017.0,2073518.0,0.9,355460249,239047017.0,67.2,CONT030,Laing O'Rourke ME,167,182,91.8,False,71.2,0,82.7,False,False,Handover,2024-07-18,2026-07-06,2026-10-22
CONS000642,PROJ016,Elite Gardens,DEV0049,2024-04-01,Fit-Out,2024-03-25,2024-07-13,2024-03-25,,6.4,0.0,-6.4,9,Regulatory,240765075.0,236973499.0,-3791576.0,-1.6,355460249,236973499.0,66.7,CONT030,Laing O'Rourke ME,374,429,87.2,False,76.1,0,79.3,False,False,Handover,2024-07-18,2026-07-06,2026-10-22
CONS000643,PROJ016,Elite Gardens,DEV0049,2024-05-01,Fit-Out,2024-03-25,2024-07-13,2024-03-25,,33.6,21.7,-11.9,9,COVID-19,256879273.0,249829312.0,-7049961.0,-2.7,355460249,249829312.0,70.3,CONT030,Laing O'Rourke ME,433,525,82.5,False,77.9,0,82.7,True,False,Handover,2024-07-18,2026-07-06,2026-10-22
CONS000644,PROJ016,Elite Gardens,DEV0049,2024-06-01,Fit-Out,2024-03-25,2024-07-13,2024-03-25,,61.8,57.3,-4.5,9,Regulatory,273585905.0,270919953.0,-2665952.0,-1.0,355460249,270919953.0,76.2,CONT030,Laing O'Rourke ME,729,664,109.8,False,84.8,0,84.0,False,False,Handover,2024-07-18,2026-07-06,2026-10-22
CONS000645,PROJ016,Elite Gardens,DEV0049,2024-07-01,Fit-Out,2024-03-25,2024-07-13,2024-03-25,,89.1,74.1,-15.0,9,Design Change,289759346.0,280872840.0,-8886506.0,-3.1,355460249,280872840.0,79.0,CONT030,Laing O'Rourke ME,644,652,98.8,False,85.5,0,79.6,True,False,Handover,2024-07-18,2026-07-06,2026-10-22
CONS000646,PROJ016,Elite Gardens,DEV0049,2024-08-01,Fit-Out,2024-03-25,2024-07-13,2024-03-25,,100.0,98.4,-1.6,9,Financing,296216874.0,295268980.0,-947894.0,-0.3,355460249,295268980.0,83.1,CONT030,Laing O'Rourke ME,591,573,103.1,True,93.5,0,84.0,False,False,Handover,2024-07-18,2026-07-06,2026-10-22
CONS000647,PROJ016,Elite Gardens,DEV0049,2024-09-01,Fit-Out,2024-03-25,2024-07-13,2024-03-25,2024-07-22,100.0,100.0,0.0,9,Design Change,296216874.0,296216874.0,0.0,0.0,355460249,296216874.0,83.3,CONT030,Laing O'Rourke ME,684,694,98.6,True,79.4,0,85.5,False,False,Handover,2024-07-18,2026-07-06,2026-10-22
CONS000648,PROJ016,Elite Gardens,DEV0049,2024-07-23,Handover,2024-07-23,2024-11-10,2024-07-24,,0.0,6.1,6.1,3,Weather,296216874.0,299830720.0,3613846.0,1.2,355460249,299830720.0,84.3,CONT030,Laing O'Rourke ME,118,157,75.2,False,89.3,0,86.6,False,False,Completed,2024-11-15,2026-07-06,2026-10-22
CONS000649,PROJ016,Elite Gardens,DEV0049,2024-08-01,Handover,2024-07-23,2024-11-10,2024-07-24,,8.2,0.0,-8.2,3,Material Delay,301074831.0,296216874.0,-4857957.0,-1.6,355460249,296216874.0,83.3,CONT030,Laing O'Rourke ME,251,331,75.8,False,92.6,0,80.0,False,False,Completed,2024-11-15,2026-07-06,2026-10-22
CONS000650,PROJ016,Elite Gardens,DEV0049,2024-09-01,Handover,2024-07-23,2024-11-10,2024-07-24,,36.4,24.1,-12.3,3,Labour Shortage,317781463.0,310494528.0,-7286935.0,-2.3,355460249,310494528.0,87.4,CONT030,Laing O'Rourke ME,706,762,92.7,False,97.9,0,83.2,True,False,Completed,2024-11-15,2026-07-06,2026-10-22
CONS000651,PROJ016,Elite Gardens,DEV0049,2024-10-01,Handover,2024-07-23,2024-11-10,2024-07-24,,63.6,62.4,-1.2,3,Labour Shortage,333895661.0,333184740.0,-710921.0,-0.2,355460249,333184740.0,93.7,CONT030,Laing O'Rourke ME,256,240,106.7,False,77.2,0,85.3,False,False,Completed,2024-11-15,2026-07-06,2026-10-22
CONS000652,PROJ016,Elite Gardens,DEV0049,2024-11-01,Handover,2024-07-23,2024-11-10,2024-07-24,,91.8,86.1,-5.7,3,Regulatory,350602292.0,347225420.0,-3376872.0,-1.0,355460249,347225420.0,97.7,CONT030,Laing O'Rourke ME,427,416,102.6,False,75.9,2,73.9,False,True,Completed,2024-11-15,2026-07-06,2026-10-22
CONS000653,PROJ016,Elite Gardens,DEV0049,2024-12-01,Handover,2024-07-23,2024-11-10,2024-07-24,,100.0,99.5,-0.5,3,Labour Shortage,355460249.0,355164032.0,-296217.0,-0.1,355460249,355164032.0,99.9,CONT030,Laing O'Rourke ME,408,469,87.0,True,73.8,0,86.6,False,False,Completed,2024-11-15,2026-07-06,2026-10-22
CONS000654,PROJ016,Elite Gardens,DEV0049,2025-01-01,Handover,2024-07-23,2024-11-10,2024-07-24,,100.0,85.9,-14.1,3,Weather,355460249.0,347106933.0,-8353316.0,-2.4,355460249,347106933.0,97.6,CONT030,Laing O'Rourke ME,235,281,83.6,False,87.1,0,79.2,True,False,Completed,2024-11-15,2026-07-06,2026-10-22
CONS000655,PROJ017,The Residences,DEV0041,2019-01-01,Foundation,2019-01-01,2019-04-21,2019-01-01,,0.0,0.0,0.0,15,Financing,0.0,0.0,0.0,0.0,727172176,0.0,0.0,CONT091,Al Habtoor Engineering LLC,804,740,108.6,False,87.1,0,74.5,False,False,Structure,2019-04-26,2021-11-19,2021-11-26
CONS000656,PROJ017,The Residences,DEV0041,2019-02-01,Foundation,2019-01-01,2019-04-21,2019-01-01,,28.2,22.3,-5.9,15,Regulatory,34177092.0,27026566.0,-7150526.0,-20.9,727172176,27026566.0,3.7,CONT091,Al Habtoor Engineering LLC,413,390,105.9,False,76.6,1,65.0,False,True,Structure,2019-04-26,2021-11-19,2021-11-26
CONS000657,PROJ017,The Residences,DEV0041,2019-03-01,Foundation,2019-01-01,2019-04-21,2019-01-01,,53.6,47.7,-5.9,15,Labour Shortage,64960714.0,57810188.0,-7150526.0,-11.0,727172176,57810188.0,8.0,CONT091,Al Habtoor Engineering LLC,340,397,85.6,False,92.4,0,72.1,False,False,Structure,2019-04-26,2021-11-19,2021-11-26
CONS000658,PROJ017,The Residences,DEV0041,2019-04-01,Foundation,2019-01-01,2019-04-21,2019-01-01,,81.8,80.1,-1.7,15,Regulatory,99137807.0,97077485.0,-2060322.0,-2.1,727172176,97077485.0,13.3,CONT091,Al Habtoor Engineering LLC,243,231,105.2,False,95.9,0,73.1,False,False,Structure,2019-04-26,2021-11-19,2021-11-26
CONS000659,PROJ017,The Residences,DEV0041,2019-05-01,Foundation,2019-01-01,2019-04-21,2019-01-01,,100.0,99.6,-0.4,15,Labour Shortage,121195363.0,120710581.0,-484782.0,-0.4,727172176,120710581.0,16.6,CONT091,Al Habtoor Engineering LLC,562,538,104.5,True,73.1,0,69.9,False,False,Structure,2019-04-26,2021-11-19,2021-11-26
CONS000660,PROJ017,The Residences,DEV0041,2019-06-01,Foundation,2019-01-01,2019-04-21,2019-01-01,,100.0,87.5,-12.5,15,COVID-19,121195363.0,106045942.0,-15149421.0,-12.5,727172176,106045942.0,14.6,CONT091,Al Habtoor Engineering LLC,620,591,104.9,False,76.0,0,69.4,True,False,Structure,2019-04-26,2021-11-19,2021-11-26
CONS000661,PROJ017,The Residences,DEV0041,2019-05-01,Structure,2019-05-01,2019-08-19,2019-05-01,,0.0,0.0,0.0,1,Labour Shortage,121195363.0,121195363.0,0.0,0.0,727172176,121195363.0,16.7,CONT091,Al Habtoor Engineering LLC,508,722,70.4,False,80.2,0,72.8,False,False,MEP,2019-08-24,2021-11-19,2021-11-26
CONS000662,PROJ017,The Residences,DEV0041,2019-06-01,Structure,2019-05-01,2019-08-19,2019-05-01,,28.2,29.8,1.6,1,Labour Shortage,155372455.0,157311581.0,1939126.0,1.2,727172176,157311581.0,21.6,CONT091,Al Habtoor Engineering LLC,355,392,90.6,False,96.4,0,72.6,False,False,MEP,2019-08-24,2021-11-19,2021-11-26
CONS000663,PROJ017,The Residences,DEV0041,2019-07-01,Structure,2019-05-01,2019-08-19,2019-05-01,,55.5,40.7,-14.8,1,Labour Shortage,188458789.0,170521875.0,-17936914.0,-9.5,727172176,170521875.0,23.4,CONT091,Al Habtoor Engineering LLC,362,461,78.5,False,78.4,0,67.5,True,False,MEP,2019-08-24,2021-11-19,2021-11-26
CONS000664,PROJ017,The Residences,DEV0041,2019-08-01,Structure,2019-05-01,2019-08-19,2019-05-01,,83.6,89.6,6.0,1,Labour Shortage,222514686.0,229786408.0,7271722.0,3.3,727172176,229786408.0,31.6,CONT091,Al Habtoor Engineering LLC,185,235,78.7,False,81.2,0,73.7,False,False,MEP,2019-08-24,2021-11-19,2021-11-26
CONS000665,PROJ017,The Residences,DEV0041,2019-09-01,Structure,2019-05-01,2019-08-19,2019-05-01,,100.0,95.1,-4.9,1,Regulatory,242390725.0,236452153.0,-5938572.0,-2.4,727172176,236452153.0,32.5,CONT091,Al Habtoor Engineering LLC,555,780,71.2,True,81.8,0,72.3,False,False,MEP,2019-08-24,2021-11-19,2021-11-26
CONS000666,PROJ017,The Residences,DEV0041,2019-10-01,Structure,2019-05-01,2019-08-19,2019-05-01,,100.0,97.7,-2.3,1,Weather,242390725.0,239603232.0,-2787493.0,-1.1,727172176,239603232.0,33.0,CONT091,Al Habtoor Engineering LLC,546,775,70.5,True,73.7,0,72.6,False,False,MEP,2019-08-24,2021-11-19,2021-11-26
CONS000667,PROJ017,The Residences,DEV0041,2019-08-29,MEP,2019-08-29,2019-12-17,2019-08-29,,0.0,1.5,1.5,0,,242390725.0,244208656.0,1817931.0,0.8,727172176,244208656.0,33.6,CONT091,Al Habtoor Engineering LLC,687,741,92.7,False,97.5,2,62.6,False,True,Façade,2019-12-22,2021-11-19,2021-11-26
CONS000668,PROJ017,The Residences,DEV0041,2019-09-01,MEP,2019-08-29,2019-12-17,2019-08-29,,2.7,4.3,1.6,0,,245663000.0,247602126.0,1939126.0,0.8,727172176,247602126.0,34.1,CONT091,Al Habtoor Engineering LLC,216,200,108.0,False,82.0,0,69.6,False,False,Façade,2019-12-22,2021-11-19,2021-11-26
CONS000669,PROJ017,The Residences,DEV0041,2019-10-01,MEP,2019-08-29,2019-12-17,2019-08-29,,30.0,32.8,2.8,0,,278749334.0,282142804.0,3393470.0,1.2,727172176,282142804.0,38.8,CONT091,Al Habtoor Engineering LLC,361,405,89.1,False,83.7,0,73.9,False,False,Façade,2019-12-22,2021-11-19,2021-11-26
CONS000670,PROJ017,The Residences,DEV0041,2019-11-01,MEP,2019-08-29,2019-12-17,2019-08-29,,58.2,53.0,-5.2,0,,312926426.0,306624268.0,-6302158.0,-2.0,727172176,306624268.0,42.2,CONT091,Al Habtoor Engineering LLC,434,464,93.5,False,74.6,1,67.0,False,True,Façade,2019-12-22,2021-11-19,2021-11-26
CONS000671,PROJ017,The Residences,DEV0041,2019-12-01,MEP,2019-08-29,2019-12-17,2019-08-29,,85.5,92.0,6.5,0,,346012760.0,353890459.0,7877699.0,2.3,727172176,353890459.0,48.7,CONT091,Al Habtoor Engineering LLC,478,489,97.8,False,71.8,0,78.7,False,False,Façade,2019-12-22,2021-11-19,2021-11-26
CONS000672,PROJ017,The Residences,DEV0041,2020-01-01,MEP,2019-08-29,2019-12-17,2019-08-29,2019-12-17,100.0,100.0,0.0,0,,363586088.0,363586088.0,0.0,0.0,727172176,363586088.0,50.0,CONT091,Al Habtoor Engineering LLC,780,726,107.4,True,90.3,0,74.3,False,False,Façade,2019-12-22,2021-11-19,2021-11-26
CONS000673,PROJ017,The Residences,DEV0041,2020-02-01,MEP,2019-08-29,2019-12-17,2019-08-29,,100.0,99.9,-0.1,0,,363586088.0,363464893.0,-121195.0,-0.0,727172176,363464893.0,50.0,CONT091,Al Habtoor Engineering LLC,527,572,92.1,True,84.5,0,68.3,False,False,Façade,2019-12-22,2021-11-19,2021-11-26
CONS000674,PROJ017,The Residences,DEV0041,2019-12-27,Façade,2019-12-27,2020-04-15,2019-12-27,,0.0,1.0,1.0,0,,363586088.0,364798042.0,1211954.0,0.3,727172176,364798042.0,50.2,CONT091,Al Habtoor Engineering LLC,133,157,84.7,False,81.1,0,72.6,False,False,Fit-Out,2020-04-20,2021-11-19,2021-11-26
CONS000675,PROJ017,The Residences,DEV0041,2020-01-01,Façade,2019-12-27,2020-04-15,2019-12-27,,4.5,0.0,-4.5,0,,369039879.0,363586088.0,-5453791.0,-1.5,727172176,363586088.0,50.0,CONT091,Al Habtoor Engineering LLC,533,687,77.6,False,79.4,0,74.4,False,False,Fit-Out,2020-04-20,2021-11-19,2021-11-26
CONS000676,PROJ017,The Residences,DEV0041,2020-02-01,Façade,2019-12-27,2020-04-15,2019-12-27,,32.7,28.8,-3.9,0,,403216972.0,398490352.0,-4726620.0,-1.2,727172176,398490352.0,54.8,CONT091,Al Habtoor Engineering LLC,625,710,88.0,False,97.2,0,72.2,False,False,Fit-Out,2020-04-20,2021-11-19,2021-11-26
CONS000677,PROJ017,The Residences,DEV0041,2020-03-01,Façade,2019-12-27,2020-04-15,2019-12-27,,59.1,55.1,-4.0,0,,435212547.0,430364733.0,-4847814.0,-1.1,727172176,430364733.0,59.2,CONT091,Al Habtoor Engineering LLC,312,350,89.1,False,96.8,0,71.6,False,False,Fit-Out,2020-04-20,2021-11-19,2021-11-26
CONS000678,PROJ017,The Residences,DEV0041,2020-04-01,Façade,2019-12-27,2020-04-15,2019-12-27,,87.3,97.8,10.5,0,,469389640.0,482115153.0,12725513.0,2.7,727172176,482115153.0,66.3,CONT091,Al Habtoor Engineering LLC,558,724,77.1,False,85.6,0,77.1,True,False,Fit-Out,2020-04-20,2021-11-19,2021-11-26
CONS000679,PROJ017,The Residences,DEV0041,2020-05-01,Façade,2019-12-27,2020-04-15,2019-12-27,,100.0,95.6,-4.4,0,,484781451.0,479448855.0,-5332596.0,-1.1,727172176,479448855.0,65.9,CONT091,Al Habtoor Engineering LLC,323,411,78.6,True,97.5,0,69.5,False,False,Fit-Out,2020-04-20,2021-11-19,2021-11-26
CONS000680,PROJ017,The Residences,DEV0041,2020-06-01,Façade,2019-12-27,2020-04-15,2019-12-27,,100.0,97.0,-3.0,0,,484781451.0,481145590.0,-3635861.0,-0.8,727172176,481145590.0,66.2,CONT091,Al Habtoor Engineering LLC,190,254,74.8,True,81.1,0,72.2,False,False,Fit-Out,2020-04-20,2021-11-19,2021-11-26
CONS000681,PROJ017,The Residences,DEV0041,2020-04-25,Fit-Out,2020-04-25,2020-08-13,2020-04-25,,0.0,0.0,0.0,7,COVID-19,484781451.0,484781451.0,0.0,0.0,727172176,484781451.0,66.7,CONT091,Al Habtoor Engineering LLC,757,736,102.9,False,77.1,0,71.6,False,False,Handover,2020-08-18,2021-11-19,2021-11-26
CONS000682,PROJ017,The Residences,DEV0041,2020-05-01,Fit-Out,2020-04-25,2020-08-13,2020-04-25,,5.5,2.6,-2.9,7,Financing,491447196.0,487932530.0,-3514666.0,-0.7,727172176,487932530.0,67.1,CONT091,Al Habtoor Engineering LLC,444,464,95.7,False,81.2,0,71.2,False,False,Handover,2020-08-18,2021-11-19,2021-11-26
CONS000683,PROJ017,The Residences,DEV0041,2020-06-01,Fit-Out,2020-04-25,2020-08-13,2020-04-25,,33.6,30.2,-3.4,7,Labour Shortage,525503093.0,521382450.0,-4120643.0,-0.8,727172176,521382450.0,71.7,CONT091,Al Habtoor Engineering LLC,302,277,109.0,False,92.3,0,72.7,False,False,Handover,2020-08-18,2021-11-19,2021-11-26
CONS000684,PROJ017,The Residences,DEV0041,2020-07-01,Fit-Out,2020-04-25,2020-08-13,2020-04-25,,60.9,46.6,-14.3,7,Financing,558589427.0,541258490.0,-17330937.0,-3.1,727172176,541258490.0,74.4,CONT091,Al Habtoor Engineering LLC,206,220,93.6,False,77.7,0,66.0,True,False,Handover,2020-08-18,2021-11-19,2021-11-26
CONS000685,PROJ017,The Residences,DEV0041,2020-08-01,Fit-Out,2020-04-25,2020-08-13,2020-04-25,,89.1,78.2,-10.9,7,Financing,592766519.0,579556224.0,-13210295.0,-2.2,727172176,579556224.0,79.7,CONT091,Al Habtoor Engineering LLC,552,506,109.1,False,77.8,0,71.4,True,False,Handover,2020-08-18,2021-11-19,2021-11-26
CONS000686,PROJ017,The Residences,DEV0041,2020-09-01,Fit-Out,2020-04-25,2020-08-13,2020-04-25,,100.0,98.8,-1.2,7,Material Delay,605976813.0,604522469.0,-1454344.0,-0.2,727172176,604522469.0,83.1,CONT091,Al Habtoor Engineering LLC,380,383,99.2,True,93.5,0,70.9,False,False,Handover,2020-08-18,2021-11-19,2021-11-26
CONS000687,PROJ017,The Residences,DEV0041,2020-10-01,Fit-Out,2020-04-25,2020-08-13,2020-04-25,,100.0,94.0,-6.0,7,Regulatory,605976813.0,598705092.0,-7271721.0,-1.2,727172176,598705092.0,82.3,CONT091,Al Habtoor Engineering LLC,255,290,87.9,True,75.1,0,70.8,False,False,Handover,2020-08-18,2021-11-19,2021-11-26
CONS000688,PROJ017,The Residences,DEV0041,2020-08-23,Handover,2020-08-23,2020-12-11,2020-08-23,,0.0,9.2,9.2,0,,605976813.0,617126787.0,11149974.0,1.8,727172176,617126787.0,84.9,CONT091,Al Habtoor Engineering LLC,160,229,69.9,False,85.6,0,72.1,False,False,Completed,2020-12-16,2021-11-19,2021-11-26
CONS000689,PROJ017,The Residences,DEV0041,2020-09-01,Handover,2020-08-23,2020-12-11,2020-08-23,,8.2,0.0,-8.2,0,,615914833.0,605976813.0,-9938020.0,-1.6,727172176,605976813.0,83.3,CONT091,Al Habtoor Engineering LLC,615,562,109.4,False,75.2,0,71.1,False,False,Completed,2020-12-16,2021-11-19,2021-11-26
CONS000690,PROJ017,The Residences,DEV0041,2020-10-01,Handover,2020-08-23,2020-12-11,2020-08-23,,35.5,29.1,-6.4,0,,649001167.0,641244664.0,-7756503.0,-1.2,727172176,641244664.0,88.2,CONT091,Al Habtoor Engineering LLC,392,365,107.4,False,91.2,0,73.1,False,False,Completed,2020-12-16,2021-11-19,2021-11-26
CONS000691,PROJ017,The Residences,DEV0041,2020-11-01,Handover,2020-08-23,2020-12-11,2020-08-23,,63.6,54.8,-8.8,0,,683057064.0,672391872.0,-10665192.0,-1.6,727172176,672391872.0,92.5,CONT091,Al Habtoor Engineering LLC,267,246,108.5,False,84.7,0,68.4,False,False,Completed,2020-12-16,2021-11-19,2021-11-26
CONS000692,PROJ017,The Residences,DEV0041,2020-12-01,Handover,2020-08-23,2020-12-11,2020-08-23,,90.9,84.9,-6.0,0,,716143398.0,708871676.0,-7271722.0,-1.0,727172176,708871676.0,97.5,CONT091,Al Habtoor Engineering LLC,569,746,76.3,False,75.2,0,68.1,False,False,Completed,2020-12-16,2021-11-19,2021-11-26
CONS000693,PROJ017,The Residences,DEV0041,2021-01-01,Handover,2020-08-23,2020-12-11,2020-08-23,,100.0,99.0,-1.0,0,,727172176.0,725960222.0,-1211954.0,-0.2,727172176,725960222.0,99.8,CONT091,Al Habtoor Engineering LLC,613,583,105.1,True,90.5,0,72.4,False,False,Completed,2020-12-16,2021-11-19,2021-11-26
CONS000694,PROJ017,The Residences,DEV0041,2021-02-01,Handover,2020-08-23,2020-12-11,2020-08-23,,100.0,95.9,-4.1,0,,727172176.0,722203166.0,-4969010.0,-0.7,727172176,722203166.0,99.3,CONT091,Al Habtoor Engineering LLC,341,417,81.8,True,93.4,0,73.8,False,False,Completed,2020-12-16,2021-11-19,2021-11-26
CONS000695,PROJ018,One Marina,DEV0005,2019-06-01,Foundation,2019-06-01,2019-09-19,2019-06-10,,0.0,0.0,0.0,9,Design Change,0.0,0.0,0.0,0.0,1900059254,0.0,0.0,CONT169,Besix ME LLC,190,193,98.4,False,97.6,0,76.8,False,False,Structure,2019-09-24,2022-11-19,2023-02-13
CONS000696,PROJ018,One Marina,DEV0005,2019-07-01,Foundation,2019-06-01,2019-09-19,2019-06-10,,27.3,24.4,-2.9,9,Labour Shortage,86452696.0,77269076.0,-9183620.0,-10.6,1900059254,77269076.0,4.1,CONT169,Besix ME LLC,648,765,84.7,False,82.8,0,76.6,False,False,Structure,2019-09-24,2022-11-19,2023-02-13
CONS000697,PROJ018,One Marina,DEV0005,2019-08-01,Foundation,2019-06-01,2019-09-19,2019-06-10,,55.5,41.1,-14.4,9,Financing,175755481.0,130154059.0,-45601422.0,-25.9,1900059254,130154059.0,6.9,CONT169,Besix ME LLC,570,655,87.0,False,72.1,2,64.5,True,True,Structure,2019-09-24,2022-11-19,2023-02-13
CONS000698,PROJ018,One Marina,DEV0005,2019-09-01,Foundation,2019-06-01,2019-09-19,2019-06-10,,83.6,84.6,1.0,9,Financing,264741589.0,267908355.0,3166766.0,1.2,1900059254,267908355.0,14.1,CONT169,Besix ME LLC,146,167,87.4,False,73.3,0,78.4,False,False,Structure,2019-09-24,2022-11-19,2023-02-13
CONS000699,PROJ018,One Marina,DEV0005,2019-10-01,Foundation,2019-06-01,2019-09-19,2019-06-10,,100.0,93.4,-6.6,9,Labour Shortage,316676542.0,295775891.0,-20900651.0,-6.6,1900059254,295775891.0,15.6,CONT169,Besix ME LLC,256,294,87.1,True,73.5,0,76.1,False,False,Structure,2019-09-24,2022-11-19,2023-02-13
CONS000700,PROJ018,One Marina,DEV0005,2019-11-01,Foundation,2019-06-01,2019-09-19,2019-06-10,,100.0,82.6,-17.4,9,Weather,316676542.0,261574824.0,-55101718.0,-17.4,1900059254,261574824.0,13.8,CONT169,Besix ME LLC,774,770,100.5,False,90.2,0,70.3,True,False,Structure,2019-09-24,2022-11-19,2023-02-13
CONS000701,PROJ018,One Marina,DEV0005,2019-09-29,Structure,2019-09-29,2020-01-17,2019-09-30,,0.0,0.0,0.0,4,Weather,316676542.0,316676542.0,0.0,0.0,1900059254,316676542.0,16.7,CONT169,Besix ME LLC,314,302,104.0,False,86.1,0,80.9,False,False,MEP,2020-01-22,2022-11-19,2023-02-13
CONS000702,PROJ018,One Marina,DEV0005,2019-10-01,Structure,2019-09-29,2020-01-17,2019-09-30,,1.8,0.0,-1.8,4,COVID-19,322376720.0,316676542.0,-5700178.0,-1.8,1900059254,316676542.0,16.7,CONT169,Besix ME LLC,438,422,103.8,False,70.7,0,79.8,False,False,MEP,2020-01-22,2022-11-19,2023-02-13
CONS000703,PROJ018,One Marina,DEV0005,2019-11-01,Structure,2019-09-29,2020-01-17,2019-09-30,,30.0,16.4,-13.6,4,Design Change,411679505.0,368611495.0,-43068010.0,-10.5,1900059254,368611495.0,19.4,CONT169,Besix ME LLC,126,157,80.3,False,94.7,0,72.2,True,False,MEP,2020-01-22,2022-11-19,2023-02-13
CONS000704,PROJ018,One Marina,DEV0005,2019-12-01,Structure,2019-09-29,2020-01-17,2019-09-30,,57.3,55.5,-1.8,4,Design Change,498132201.0,492432023.0,-5700178.0,-1.1,1900059254,492432023.0,25.9,CONT169,Besix ME LLC,237,246,96.3,False,95.6,0,82.1,False,False,MEP,2020-01-22,2022-11-19,2023-02-13
CONS000705,PROJ018,One Marina,DEV0005,2020-01-01,Structure,2019-09-29,2020-01-17,2019-09-30,,85.5,77.8,-7.7,4,COVID-19,587434986.0,563050892.0,-24384094.0,-4.2,1900059254,563050892.0,29.6,CONT169,Besix ME LLC,724,683,106.0,False,97.3,0,80.8,False,False,MEP,2020-01-22,2022-11-19,2023-02-13
CONS000706,PROJ018,One Marina,DEV0005,2020-02-01,Structure,2019-09-29,2020-01-17,2019-09-30,,100.0,95.2,-4.8,4,Weather,633353085.0,618152611.0,-15200474.0,-2.4,1900059254,618152611.0,32.5,CONT169,Besix ME LLC,240,330,72.7,True,86.6,0,76.8,False,False,MEP,2020-01-22,2022-11-19,2023-02-13
CONS000707,PROJ018,One Marina,DEV0005,2020-03-01,Structure,2019-09-29,2020-01-17,2019-09-30,2020-01-21,100.0,100.0,0.0,4,Material Delay,633353085.0,633353085.0,0.0,0.0,1900059254,633353085.0,33.3,CONT169,Besix ME LLC,235,236,99.6,True,89.2,0,82.0,False,False,MEP,2020-01-22,2022-11-19,2023-02-13
CONS000708,PROJ018,One Marina,DEV0005,2020-01-27,MEP,2020-01-27,2020-05-16,2020-02-06,,0.0,0.0,0.0,26,COVID-19,633353085.0,633353085.0,0.0,0.0,1900059254,633353085.0,33.3,CONT169,Besix ME LLC,426,604,70.5,False,78.0,0,78.6,False,False,Façade,2020-05-21,2022-11-19,2023-02-13
CONS000709,PROJ018,One Marina,DEV0005,2020-02-01,MEP,2020-01-27,2020-05-16,2020-02-06,,4.5,0.0,-4.5,26,Material Delay,647603529.0,633353085.0,-14250444.0,-2.2,1900059254,633353085.0,33.3,CONT169,Besix ME LLC,548,508,107.9,False,90.1,0,78.7,False,False,Façade,2020-05-21,2022-11-19,2023-02-13
CONS000710,PROJ018,One Marina,DEV0005,2020-03-01,MEP,2020-01-27,2020-05-16,2020-02-06,,30.9,18.3,-12.6,26,Labour Shortage,731206136.0,691304892.0,-39901244.0,-5.5,1900059254,691304892.0,36.4,CONT169,Besix ME LLC,476,609,78.2,False,78.5,0,74.2,True,False,Façade,2020-05-21,2022-11-19,2023-02-13
CONS000711,PROJ018,One Marina,DEV0005,2020-04-01,MEP,2020-01-27,2020-05-16,2020-02-06,,59.1,52.6,-6.5,26,Regulatory,820508921.0,799924946.0,-20583975.0,-2.5,1900059254,799924946.0,42.1,CONT169,Besix ME LLC,676,624,108.3,False,91.9,0,82.2,False,False,Façade,2020-05-21,2022-11-19,2023-02-13
CONS000712,PROJ018,One Marina,DEV0005,2020-05-01,MEP,2020-01-27,2020-05-16,2020-02-06,,86.4,76.8,-9.6,26,Design Change,906961617.0,876560669.0,-30400948.0,-3.4,1900059254,876560669.0,46.1,CONT169,Besix ME LLC,624,789,79.1,False,91.7,0,76.2,False,False,Façade,2020-05-21,2022-11-19,2023-02-13
CONS000713,PROJ018,One Marina,DEV0005,2020-06-01,MEP,2020-01-27,2020-05-16,2020-02-06,,100.0,96.6,-3.4,26,Labour Shortage,950029627.0,939262625.0,-10767002.0,-1.1,1900059254,939262625.0,49.4,CONT169,Besix ME LLC,587,691,84.9,True,77.6,0,78.9,False,False,Façade,2020-05-21,2022-11-19,2023-02-13
CONS000714,PROJ018,One Marina,DEV0005,2020-07-01,MEP,2020-01-27,2020-05-16,2020-02-06,,100.0,83.5,-16.5,26,Weather,950029627.0,897777998.0,-52251629.0,-5.5,1900059254,897777998.0,47.3,CONT169,Besix ME LLC,233,237,98.3,False,86.6,0,73.4,True,False,Façade,2020-05-21,2022-11-19,2023-02-13
CONS000715,PROJ018,One Marina,DEV0005,2020-05-26,Façade,2020-05-26,2020-09-13,2020-06-05,,0.0,0.0,0.0,10,Labour Shortage,950029627.0,950029627.0,0.0,0.0,1900059254,950029627.0,50.0,CONT169,Besix ME LLC,217,306,70.9,False,81.5,2,73.4,False,True,Fit-Out,2020-09-18,2022-11-19,2023-02-13
CONS000716,PROJ018,One Marina,DEV0005,2020-06-01,Façade,2020-05-26,2020-09-13,2020-06-05,,5.5,4.7,-0.8,10,Material Delay,967446837.0,964913424.0,-2533413.0,-0.3,1900059254,964913424.0,50.8,CONT169,Besix ME LLC,168,209,80.4,False,96.3,0,83.2,False,False,Fit-Out,2020-09-18,2022-11-19,2023-02-13
CONS000717,PROJ018,One Marina,DEV0005,2020-07-01,Façade,2020-05-26,2020-09-13,2020-06-05,,32.7,33.0,0.3,10,Labour Shortage,1053582856.0,1054532886.0,950030.0,0.1,1900059254,1054532886.0,55.5,CONT169,Besix ME LLC,521,708,73.6,False,85.7,0,83.1,False,False,Fit-Out,2020-09-18,2022-11-19,2023-02-13
CONS000718,PROJ018,One Marina,DEV0005,2020-08-01,Façade,2020-05-26,2020-09-13,2020-06-05,,60.9,43.9,-17.0,10,Design Change,1142885641.0,1089050629.0,-53835012.0,-4.7,1900059254,1089050629.0,57.3,CONT169,Besix ME LLC,604,671,90.0,False,87.3,0,76.5,True,False,Fit-Out,2020-09-18,2022-11-19,2023-02-13
CONS000719,PROJ018,One Marina,DEV0005,2020-09-01,Façade,2020-05-26,2020-09-13,2020-06-05,,89.1,90.1,1.0,10,Material Delay,1232188426.0,1235355192.0,3166766.0,0.3,1900059254,1235355192.0,65.0,CONT169,Besix ME LLC,722,686,105.2,False,79.6,0,78.8,False,False,Fit-Out,2020-09-18,2022-11-19,2023-02-13
CONS000720,PROJ018,One Marina,DEV0005,2020-10-01,Façade,2020-05-26,2020-09-13,2020-06-05,,100.0,92.3,-7.7,10,Labour Shortage,1266706169.0,1242322076.0,-24384093.0,-1.9,1900059254,1242322076.0,65.4,CONT169,Besix ME LLC,365,337,108.3,True,70.4,0,79.0,False,False,Fit-Out,2020-09-18,2022-11-19,2023-02-13
CONS000721,PROJ018,One Marina,DEV0005,2020-11-01,Façade,2020-05-26,2020-09-13,2020-06-05,,100.0,85.9,-14.1,10,Weather,1266706169.0,1222054777.0,-44651392.0,-3.5,1900059254,1222054777.0,64.3,CONT169,Besix ME LLC,292,367,79.6,False,90.6,0,75.5,True,False,Fit-Out,2020-09-18,2022-11-19,2023-02-13
CONS000722,PROJ018,One Marina,DEV0005,2020-09-23,Fit-Out,2020-09-23,2021-01-11,2020-10-12,,0.0,0.0,0.0,20,Weather,1266706169.0,1266706169.0,0.0,0.0,1900059254,1266706169.0,66.7,CONT169,Besix ME LLC,478,604,79.1,False,97.3,0,82.3,False,False,Handover,2021-01-16,2022-11-19,2023-02-13
CONS000723,PROJ018,One Marina,DEV0005,2020-10-01,Fit-Out,2020-09-23,2021-01-11,2020-10-12,,7.3,0.0,-7.3,20,Design Change,1289823557.0,1266706169.0,-23117388.0,-1.8,1900059254,1266706169.0,66.7,CONT169,Besix ME LLC,219,239,91.6,False,92.5,0,79.7,False,False,Handover,2021-01-16,2022-11-19,2023-02-13
CONS000724,PROJ018,One Marina,DEV0005,2020-11-01,Fit-Out,2020-09-23,2021-01-11,2020-10-12,,35.5,14.8,-20.7,20,COVID-19,1379126342.0,1313574298.0,-65552044.0,-4.8,1900059254,1313574298.0,69.1,CONT169,Besix ME LLC,252,252,100.0,False,89.6,0,72.2,True,False,Handover,2021-01-16,2022-11-19,2023-02-13
CONS000725,PROJ018,One Marina,DEV0005,2020-12-01,Fit-Out,2020-09-23,2021-01-11,2020-10-12,,62.7,61.3,-1.4,20,COVID-19,1465262361.0,1460828890.0,-4433471.0,-0.3,1900059254,1460828890.0,76.9,CONT169,Besix ME LLC,259,322,80.4,False,73.2,0,81.2,False,False,Handover,2021-01-16,2022-11-19,2023-02-13
CONS000726,PROJ018,One Marina,DEV0005,2021-01-01,Fit-Out,2020-09-23,2021-01-11,2020-10-12,,90.9,88.7,-2.2,20,Labour Shortage,1554565146.0,1547598262.0,-6966884.0,-0.4,1900059254,1547598262.0,81.4,CONT169,Besix ME LLC,163,196,83.2,False,78.3,0,80.4,False,False,Handover,2021-01-16,2022-11-19,2023-02-13
CONS000727,PROJ018,One Marina,DEV0005,2021-02-01,Fit-Out,2020-09-23,2021-01-11,2020-10-12,,100.0,81.6,-18.4,20,Labour Shortage,1583382712.0,1525114228.0,-58268484.0,-3.7,1900059254,1525114228.0,80.3,CONT169,Besix ME LLC,262,242,108.3,False,89.0,0,68.6,True,False,Handover,2021-01-16,2022-11-19,2023-02-13
CONS000728,PROJ018,One Marina,DEV0005,2021-03-01,Fit-Out,2020-09-23,2021-01-11,2020-10-12,,100.0,85.8,-14.2,20,Financing,1583382712.0,1538414643.0,-44968069.0,-2.8,1900059254,1538414643.0,81.0,CONT169,Besix ME LLC,590,799,73.8,False,71.5,0,77.0,True,False,Handover,2021-01-16,2022-11-19,2023-02-13
CONS000729,PROJ018,One Marina,DEV0005,2021-01-21,Handover,2021-01-21,2021-05-11,2021-01-23,,0.0,0.0,0.0,6,Design Change,1583382712.0,1583382712.0,0.0,0.0,1900059254,1583382712.0,83.3,CONT169,Besix ME LLC,508,705,72.1,False,77.9,0,78.8,False,False,Completed,2021-05-16,2022-11-19,2023-02-13
CONS000730,PROJ018,One Marina,DEV0005,2021-02-01,Handover,2021-01-21,2021-05-11,2021-01-23,,10.0,13.0,3.0,6,Financing,1615050366.0,1624550662.0,9500296.0,0.6,1900059254,1624550662.0,85.5,CONT169,Besix ME LLC,770,769,100.1,False,72.4,1,73.8,False,True,Completed,2021-05-16,2022-11-19,2023-02-13
CONS000731,PROJ018,One Marina,DEV0005,2021-03-01,Handover,2021-01-21,2021-05-11,2021-01-23,,35.5,20.8,-14.7,6,Material Delay,1695802884.0,1649251432.0,-46551452.0,-2.7,1900059254,1649251432.0,86.8,CONT169,Besix ME LLC,139,166,83.7,False,93.4,0,73.6,True,False,Completed,2021-05-16,2022-11-19,2023-02-13
CONS000732,PROJ018,One Marina,DEV0005,2021-04-01,Handover,2021-01-21,2021-05-11,2021-01-23,,63.6,69.1,5.5,6,Financing,1784788993.0,1802206202.0,17417209.0,1.0,1900059254,1802206202.0,94.8,CONT169,Besix ME LLC,513,474,108.2,False,81.9,0,81.1,False,False,Completed,2021-05-16,2022-11-19,2023-02-13
CONS000733,PROJ018,One Marina,DEV0005,2021-05-01,Handover,2021-01-21,2021-05-11,2021-01-23,,90.9,90.2,-0.7,6,Labour Shortage,1871241689.0,1869024953.0,-2216736.0,-0.1,1900059254,1869024953.0,98.4,CONT169,Besix ME LLC,123,150,82.0,False,87.7,0,80.5,False,False,Completed,2021-05-16,2022-11-19,2023-02-13
CONS000734,PROJ018,One Marina,DEV0005,2021-06-01,Handover,2021-01-21,2021-05-11,2021-01-23,,100.0,87.5,-12.5,6,Material Delay,1900059254.0,1860474686.0,-39584568.0,-2.1,1900059254,1860474686.0,97.9,CONT169,Besix ME LLC,346,395,87.6,False,71.6,0,73.2,True,False,Completed,2021-05-16,2022-11-19,2023-02-13
CONS000735,PROJ018,One Marina,DEV0005,2021-07-01,Handover,2021-01-21,2021-05-11,2021-01-23,,100.0,85.1,-14.9,6,COVID-19,1900059254.0,1852874449.0,-47184805.0,-2.5,1900059254,1852874449.0,97.5,CONT169,Besix ME LLC,246,233,105.6,False,92.6,0,75.6,True,False,Completed,2021-05-16,2022-11-19,2023-02-13
CONS000736,PROJ019,Grand Marina,DEV0019,2022-04-01,Foundation,2022-04-01,2022-07-20,2022-04-28,,0.0,0.0,0.0,27,Material Delay,0.0,0.0,0.0,0.0,1400588793,0.0,0.0,CONT088,National Marine Dredging LLC,189,223,84.8,False,97.3,0,57.3,False,False,Structure,2022-07-25,2025-08-30,2026-03-11
CONS000737,PROJ019,Grand Marina,DEV0019,2022-05-01,Foundation,2022-04-01,2022-07-20,2022-04-28,,27.3,25.1,-2.2,27,Weather,63726790.0,58591298.0,-5135492.0,-8.1,1400588793,58591298.0,4.2,CONT088,National Marine Dredging LLC,588,572,102.8,False,73.1,0,59.2,False,False,Structure,2022-07-25,2025-08-30,2026-03-11
CONS000738,PROJ019,Grand Marina,DEV0019,2022-06-01,Foundation,2022-04-01,2022-07-20,2022-04-28,,55.5,33.5,-22.0,27,Design Change,129554463.0,78199541.0,-51354922.0,-39.6,1400588793,78199541.0,5.6,CONT088,National Marine Dredging LLC,201,205,98.0,False,79.8,0,47.3,True,False,Structure,2022-07-25,2025-08-30,2026-03-11
CONS000739,PROJ019,Grand Marina,DEV0019,2022-07-01,Foundation,2022-04-01,2022-07-20,2022-04-28,,82.7,81.1,-1.6,27,Material Delay,193047822.0,189312919.0,-3734903.0,-1.9,1400588793,189312919.0,13.5,CONT088,National Marine Dredging LLC,493,478,103.1,False,91.9,0,54.9,False,False,Structure,2022-07-25,2025-08-30,2026-03-11
CONS000740,PROJ019,Grand Marina,DEV0019,2022-08-01,Foundation,2022-04-01,2022-07-20,2022-04-28,,100.0,77.1,-22.9,27,Regulatory,233431466.0,179975660.0,-53455806.0,-22.9,1400588793,179975660.0,12.9,CONT088,National Marine Dredging LLC,149,197,75.6,False,70.6,0,49.8,True,False,Structure,2022-07-25,2025-08-30,2026-03-11
CONS000741,PROJ019,Grand Marina,DEV0019,2022-09-01,Foundation,2022-04-01,2022-07-20,2022-04-28,,100.0,92.4,-7.6,27,Labour Shortage,233431466.0,215690674.0,-17740792.0,-7.6,1400588793,215690674.0,15.4,CONT088,National Marine Dredging LLC,534,655,81.5,True,72.1,0,56.1,False,False,Structure,2022-07-25,2025-08-30,2026-03-11
CONS000742,PROJ019,Grand Marina,DEV0019,2022-07-30,Structure,2022-07-30,2022-11-17,2022-08-21,,0.0,0.0,0.0,39,Financing,233431466.0,233431466.0,0.0,0.0,1400588793,233431466.0,16.7,CONT088,National Marine Dredging LLC,280,371,75.5,False,87.6,0,55.5,True,False,MEP,2022-11-22,2025-08-30,2026-03-11
CONS000743,PROJ019,Grand Marina,DEV0019,2022-08-01,Structure,2022-07-30,2022-11-17,2022-08-21,,1.8,0.0,-1.8,39,Financing,237633232.0,233431466.0,-4201766.0,-1.8,1400588793,233431466.0,16.7,CONT088,National Marine Dredging LLC,160,150,106.7,False,74.8,0,58.0,True,False,MEP,2022-11-22,2025-08-30,2026-03-11
CONS000744,PROJ019,Grand Marina,DEV0019,2022-09-01,Structure,2022-07-30,2022-11-17,2022-08-21,,30.0,11.8,-18.2,39,Design Change,303460905.0,260976378.0,-42484527.0,-14.0,1400588793,260976378.0,18.6,CONT088,National Marine Dredging LLC,260,305,85.2,False,92.5,0,46.8,True,False,MEP,2022-11-22,2025-08-30,2026-03-11
CONS000745,PROJ019,Grand Marina,DEV0019,2022-10-01,Structure,2022-07-30,2022-11-17,2022-08-21,,57.3,44.3,-13.0,39,Weather,367187695.0,336841605.0,-30346090.0,-8.3,1400588793,336841605.0,24.1,CONT088,National Marine Dredging LLC,542,608,89.1,False,72.2,0,49.7,True,False,MEP,2022-11-22,2025-08-30,2026-03-11
CONS000746,PROJ019,Grand Marina,DEV0019,2022-11-01,Structure,2022-07-30,2022-11-17,2022-08-21,,85.5,62.0,-23.5,39,Regulatory,433015369.0,378158974.0,-54856395.0,-12.7,1400588793,378158974.0,27.0,CONT088,National Marine Dredging LLC,304,283,107.4,False,84.9,0,49.7,True,False,MEP,2022-11-22,2025-08-30,2026-03-11
CONS000747,PROJ019,Grand Marina,DEV0019,2022-12-01,Structure,2022-07-30,2022-11-17,2022-08-21,,100.0,83.9,-16.1,39,Financing,466862931.0,429280465.0,-37582466.0,-8.1,1400588793,429280465.0,30.6,CONT088,National Marine Dredging LLC,498,463,107.6,False,71.5,0,48.4,True,False,MEP,2022-11-22,2025-08-30,2026-03-11
CONS000748,PROJ019,Grand Marina,DEV0019,2023-01-01,Structure,2022-07-30,2022-11-17,2022-08-21,,100.0,77.3,-22.7,39,Weather,466862931.0,413873988.0,-52988943.0,-11.4,1400588793,413873988.0,29.5,CONT088,National Marine Dredging LLC,583,559,104.3,False,76.2,0,46.9,True,False,MEP,2022-11-22,2025-08-30,2026-03-11
CONS000749,PROJ019,Grand Marina,DEV0019,2022-11-27,MEP,2022-11-27,2023-03-17,2022-12-15,,0.0,0.0,0.0,18,Financing,466862931.0,466862931.0,0.0,0.0,1400588793,466862931.0,33.3,CONT088,National Marine Dredging LLC,275,318,86.5,False,88.7,0,55.0,False,False,Façade,2023-03-22,2025-08-30,2026-03-11
CONS000750,PROJ019,Grand Marina,DEV0019,2022-12-01,MEP,2022-11-27,2023-03-17,2022-12-15,,3.6,0.0,-3.6,18,Design Change,475266464.0,466862931.0,-8403533.0,-1.8,1400588793,466862931.0,33.3,CONT088,National Marine Dredging LLC,263,375,70.1,False,87.9,1,51.6,False,True,Façade,2023-03-22,2025-08-30,2026-03-11
CONS000751,PROJ019,Grand Marina,DEV0019,2023-01-01,MEP,2022-11-27,2023-03-17,2022-12-15,,31.8,16.4,-15.4,18,Financing,541094137.0,505145691.0,-35948446.0,-6.6,1400588793,505145691.0,36.1,CONT088,National Marine Dredging LLC,784,799,98.1,False,89.0,0,47.7,True,False,Façade,2023-03-22,2025-08-30,2026-03-11
CONS000752,PROJ019,Grand Marina,DEV0019,2023-02-01,MEP,2022-11-27,2023-03-17,2022-12-15,,60.0,50.9,-9.1,18,Material Delay,606921810.0,585679547.0,-21242263.0,-3.5,1400588793,585679547.0,41.8,CONT088,National Marine Dredging LLC,591,547,108.0,False,79.3,0,53.7,False,False,Façade,2023-03-22,2025-08-30,2026-03-11
CONS000753,PROJ019,Grand Marina,DEV0019,2023-03-01,MEP,2022-11-27,2023-03-17,2022-12-15,,85.5,75.3,-10.2,18,Regulatory,666446834.0,642636825.0,-23810009.0,-3.6,1400588793,642636825.0,45.9,CONT088,National Marine Dredging LLC,385,353,109.1,False,71.4,0,55.1,True,False,Façade,2023-03-22,2025-08-30,2026-03-11
CONS000754,PROJ019,Grand Marina,DEV0019,2023-04-01,MEP,2022-11-27,2023-03-17,2022-12-15,,100.0,86.3,-13.7,18,Regulatory,700294396.0,668314286.0,-31980110.0,-4.6,1400588793,668314286.0,47.7,CONT088,National Marine Dredging LLC,382,395,96.7,False,79.1,0,51.6,True,False,Façade,2023-03-22,2025-08-30,2026-03-11
CONS000755,PROJ019,Grand Marina,DEV0019,2023-05-01,MEP,2022-11-27,2023-03-17,2022-12-15,,100.0,83.5,-16.5,18,Material Delay,700294396.0,661778205.0,-38516191.0,-5.5,1400588793,661778205.0,47.3,CONT088,National Marine Dredging LLC,323,333,97.0,False,71.4,0,50.4,True,False,Façade,2023-03-22,2025-08-30,2026-03-11
CONS000756,PROJ019,Grand Marina,DEV0019,2023-03-27,Façade,2023-03-27,2023-07-15,2023-04-08,,0.0,0.0,0.0,17,Labour Shortage,700294396.0,700294396.0,0.0,0.0,1400588793,700294396.0,50.0,CONT088,National Marine Dredging LLC,457,576,79.3,False,98.0,0,56.9,False,False,Fit-Out,2023-07-20,2025-08-30,2026-03-11
CONS000757,PROJ019,Grand Marina,DEV0019,2023-04-01,Façade,2023-03-27,2023-07-15,2023-04-08,,4.5,4.5,0.0,17,Financing,710798812.0,710798812.0,0.0,0.0,1400588793,710798812.0,50.7,CONT088,National Marine Dredging LLC,304,314,96.8,False,91.5,0,55.7,False,False,Fit-Out,2023-07-20,2025-08-30,2026-03-11
CONS000758,PROJ019,Grand Marina,DEV0019,2023-05-01,Façade,2023-03-27,2023-07-15,2023-04-08,,31.8,33.3,1.5,17,Design Change,774525603.0,778027075.0,3501472.0,0.5,1400588793,778027075.0,55.6,CONT088,National Marine Dredging LLC,531,561,94.7,False,95.9,0,59.3,False,False,Fit-Out,2023-07-20,2025-08-30,2026-03-11
CONS000759,PROJ019,Grand Marina,DEV0019,2023-06-01,Façade,2023-03-27,2023-07-15,2023-04-08,,60.0,60.9,0.9,17,Material Delay,840353276.0,842454159.0,2100883.0,0.2,1400588793,842454159.0,60.2,CONT088,National Marine Dredging LLC,419,403,104.0,False,74.9,0,54.1,False,False,Fit-Out,2023-07-20,2025-08-30,2026-03-11
CONS000760,PROJ019,Grand Marina,DEV0019,2023-07-01,Façade,2023-03-27,2023-07-15,2023-04-08,,87.3,88.0,0.7,17,Labour Shortage,904080066.0,905714086.0,1634020.0,0.2,1400588793,905714086.0,64.7,CONT088,National Marine Dredging LLC,467,428,109.1,False,71.4,0,56.2,False,False,Fit-Out,2023-07-20,2025-08-30,2026-03-11
CONS000761,PROJ019,Grand Marina,DEV0019,2023-08-01,Façade,2023-03-27,2023-07-15,2023-04-08,,100.0,87.8,-12.2,17,Labour Shortage,933725862.0,905247223.0,-28478639.0,-3.1,1400588793,905247223.0,64.6,CONT088,National Marine Dredging LLC,766,720,106.4,False,85.6,0,52.9,True,False,Fit-Out,2023-07-20,2025-08-30,2026-03-11
CONS000762,PROJ019,Grand Marina,DEV0019,2023-09-01,Façade,2023-03-27,2023-07-15,2023-04-08,,100.0,98.4,-1.6,17,Labour Shortage,933725862.0,929990959.0,-3734903.0,-0.4,1400588793,929990959.0,66.4,CONT088,National Marine Dredging LLC,464,518,89.6,True,91.8,0,54.9,False,False,Fit-Out,2023-07-20,2025-08-30,2026-03-11
CONS000763,PROJ019,Grand Marina,DEV0019,2023-07-25,Fit-Out,2023-07-25,2023-11-12,2023-08-10,,0.0,0.0,0.0,17,Labour Shortage,933725862.0,933725862.0,0.0,0.0,1400588793,933725862.0,66.7,CONT088,National Marine Dredging LLC,234,231,101.3,False,81.9,0,50.4,False,False,Handover,2023-11-17,2025-08-30,2026-03-11
CONS000764,PROJ019,Grand Marina,DEV0019,2023-08-01,Fit-Out,2023-07-25,2023-11-12,2023-08-10,,6.4,0.9,-5.5,17,Financing,948665476.0,935826745.0,-12838731.0,-1.4,1400588793,935826745.0,66.8,CONT088,National Marine Dredging LLC,573,734,78.1,False,75.5,0,54.1,False,False,Handover,2023-11-17,2025-08-30,2026-03-11
CONS000765,PROJ019,Grand Marina,DEV0019,2023-09-01,Fit-Out,2023-07-25,2023-11-12,2023-08-10,,34.5,24.5,-10.0,17,Material Delay,1014259718.0,990916571.0,-23343147.0,-2.3,1400588793,990916571.0,70.7,CONT088,National Marine Dredging LLC,523,551,94.9,False,75.5,0,54.9,False,False,Handover,2023-11-17,2025-08-30,2026-03-11
CONS000766,PROJ019,Grand Marina,DEV0019,2023-10-01,Fit-Out,2023-07-25,2023-11-12,2023-08-10,,61.8,58.5,-3.3,17,COVID-19,1077986508.0,1070283269.0,-7703239.0,-0.7,1400588793,1070283269.0,76.4,CONT088,National Marine Dredging LLC,671,672,99.9,False,75.8,0,56.7,False,False,Handover,2023-11-17,2025-08-30,2026-03-11
CONS000767,PROJ019,Grand Marina,DEV0019,2023-11-01,Fit-Out,2023-07-25,2023-11-12,2023-08-10,,90.0,80.5,-9.5,17,Regulatory,1143814181.0,1121638192.0,-22175989.0,-1.9,1400588793,1121638192.0,80.1,CONT088,National Marine Dredging LLC,387,472,82.0,False,91.6,0,54.0,False,False,Handover,2023-11-17,2025-08-30,2026-03-11
CONS000768,PROJ019,Grand Marina,DEV0019,2023-12-01,Fit-Out,2023-07-25,2023-11-12,2023-08-10,2023-11-29,100.0,100.0,0.0,17,Financing,1167157328.0,1167157328.0,0.0,0.0,1400588793,1167157328.0,83.3,CONT088,National Marine Dredging LLC,550,526,104.6,True,96.2,0,53.9,False,False,Handover,2023-11-17,2025-08-30,2026-03-11
CONS000769,PROJ019,Grand Marina,DEV0019,2024-01-01,Fit-Out,2023-07-25,2023-11-12,2023-08-10,,100.0,89.0,-11.0,17,COVID-19,1167157328.0,1141479866.0,-25677462.0,-2.2,1400588793,1141479866.0,81.5,CONT088,National Marine Dredging LLC,447,443,100.9,False,72.0,0,53.6,True,False,Handover,2023-11-17,2025-08-30,2026-03-11
CONS000770,PROJ019,Grand Marina,DEV0019,2023-11-22,Handover,2023-11-22,2024-03-11,2023-12-05,,0.0,0.0,0.0,14,COVID-19,1167157328.0,1167157328.0,0.0,0.0,1400588793,1167157328.0,83.3,CONT088,National Marine Dredging LLC,550,541,101.7,False,93.1,0,55.0,False,False,Completed,2024-03-16,2025-08-30,2026-03-11
CONS000771,PROJ019,Grand Marina,DEV0019,2023-12-01,Handover,2023-11-22,2024-03-11,2023-12-05,,8.2,0.0,-8.2,14,Financing,1186298708.0,1167157328.0,-19141380.0,-1.6,1400588793,1167157328.0,83.3,CONT088,National Marine Dredging LLC,817,763,107.1,False,97.9,2,44.3,False,True,Completed,2024-03-16,2025-08-30,2026-03-11
CONS000772,PROJ019,Grand Marina,DEV0019,2024-01-01,Handover,2023-11-22,2024-03-11,2023-12-05,,36.4,35.2,-1.2,14,Regulatory,1252126381.0,1249325203.0,-2801178.0,-0.2,1400588793,1249325203.0,89.2,CONT088,National Marine Dredging LLC,225,284,79.2,False,94.2,0,56.0,False,False,Completed,2024-03-16,2025-08-30,2026-03-11
CONS000773,PROJ019,Grand Marina,DEV0019,2024-02-01,Handover,2023-11-22,2024-03-11,2023-12-05,,64.5,46.2,-18.3,14,Financing,1317720623.0,1275002665.0,-42717958.0,-3.2,1400588793,1275002665.0,91.0,CONT088,National Marine Dredging LLC,506,491,103.1,False,82.5,0,48.7,True,False,Completed,2024-03-16,2025-08-30,2026-03-11
CONS000774,PROJ019,Grand Marina,DEV0019,2024-03-01,Handover,2023-11-22,2024-03-11,2023-12-05,,90.9,87.8,-3.1,14,Financing,1379346530.0,1372110154.0,-7236376.0,-0.5,1400588793,1372110154.0,98.0,CONT088,National Marine Dredging LLC,731,710,103.0,False,88.5,0,53.4,False,False,Completed,2024-03-16,2025-08-30,2026-03-11
CONS000775,PROJ019,Grand Marina,DEV0019,2024-04-01,Handover,2023-11-22,2024-03-11,2023-12-05,,100.0,87.5,-12.5,14,Material Delay,1400588793.0,1371409860.0,-29178933.0,-2.1,1400588793,1371409860.0,97.9,CONT088,National Marine Dredging LLC,564,584,96.6,False,93.4,0,53.1,True,False,Completed,2024-03-16,2025-08-30,2026-03-11
CONS000776,PROJ019,Grand Marina,DEV0019,2024-05-01,Handover,2023-11-22,2024-03-11,2023-12-05,,100.0,99.2,-0.8,14,Labour Shortage,1400588793.0,1398721341.0,-1867452.0,-0.1,1400588793,1398721341.0,99.9,CONT088,National Marine Dredging LLC,384,366,104.9,True,81.2,0,55.4,False,False,Completed,2024-03-16,2025-08-30,2026-03-11
CONS000777,PROJ020,Elite Bay,DEV0001,2022-11-01,Foundation,2022-11-01,2023-02-19,2022-11-03,,0.0,0.0,0.0,17,Labour Shortage,0.0,0.0,0.0,0.0,1008731056,0.0,0.0,CONT156,ASGC Construction LLC,276,278,99.3,False,77.2,0,71.2,False,False,Structure,2023-02-24,2025-02-22,2025-04-04
CONS000778,PROJ020,Elite Bay,DEV0001,2022-12-01,Foundation,2022-11-01,2023-02-19,2022-11-03,,27.3,24.1,-3.2,17,Material Delay,45897263.0,40517364.0,-5379899.0,-11.7,1008731056,40517364.0,4.0,CONT156,ASGC Construction LLC,284,364,78.0,False,92.5,0,70.1,False,False,Structure,2023-02-24,2025-02-22,2025-04-04
CONS000779,PROJ020,Elite Bay,DEV0001,2023-01-01,Foundation,2022-11-01,2023-02-19,2022-11-03,,55.5,40.7,-14.8,17,Material Delay,93307623.0,68425590.0,-24882033.0,-26.7,1008731056,68425590.0,6.8,CONT156,ASGC Construction LLC,488,476,102.5,False,88.6,0,67.9,True,False,Structure,2023-02-24,2025-02-22,2025-04-04
CONS000780,PROJ020,Elite Bay,DEV0001,2023-02-01,Foundation,2022-11-01,2023-02-19,2022-11-03,,83.6,82.0,-1.6,17,COVID-19,140549860.0,137859911.0,-2689949.0,-1.9,1008731056,137859911.0,13.7,CONT156,ASGC Construction LLC,779,792,98.4,False,94.0,2,65.6,False,True,Structure,2023-02-24,2025-02-22,2025-04-04
CONS000781,PROJ020,Elite Bay,DEV0001,2023-03-01,Foundation,2022-11-01,2023-02-19,2022-11-03,,100.0,96.9,-3.1,17,Labour Shortage,168121843.0,162910066.0,-5211777.0,-3.1,1008731056,162910066.0,16.2,CONT156,ASGC Construction LLC,495,547,90.5,True,78.3,0,70.9,False,False,Structure,2023-02-24,2025-02-22,2025-04-04
CONS000782,PROJ020,Elite Bay,DEV0001,2023-04-01,Foundation,2022-11-01,2023-02-19,2022-11-03,2023-03-08,100.0,100.0,0.0,17,Labour Shortage,168121843.0,168121843.0,0.0,0.0,1008731056,168121843.0,16.7,CONT156,ASGC Construction LLC,139,180,77.2,True,71.2,0,72.9,False,False,Structure,2023-02-24,2025-02-22,2025-04-04
CONS000783,PROJ020,Elite Bay,DEV0001,2023-03-01,Structure,2023-03-01,2023-06-19,2023-03-01,,0.0,0.0,0.0,2,Labour Shortage,168121843.0,168121843.0,0.0,0.0,1008731056,168121843.0,16.7,CONT156,ASGC Construction LLC,547,589,92.9,False,93.7,0,73.1,False,False,MEP,2023-06-24,2025-02-22,2025-04-04
CONS000784,PROJ020,Elite Bay,DEV0001,2023-04-01,Structure,2023-03-01,2023-06-19,2023-03-01,,28.2,26.2,-2.0,2,Financing,215532202.0,212169765.0,-3362437.0,-1.6,1008731056,212169765.0,21.0,CONT156,ASGC Construction LLC,505,621,81.3,False,74.6,0,70.0,False,False,MEP,2023-06-24,2025-02-22,2025-04-04
CONS000785,PROJ020,Elite Bay,DEV0001,2023-05-01,Structure,2023-03-01,2023-06-19,2023-03-01,,55.5,58.4,2.9,2,Labour Shortage,261429465.0,266304999.0,4875534.0,1.9,1008731056,266304999.0,26.4,CONT156,ASGC Construction LLC,612,652,93.9,False,82.6,0,70.2,False,False,MEP,2023-06-24,2025-02-22,2025-04-04
CONS000786,PROJ020,Elite Bay,DEV0001,2023-06-01,Structure,2023-03-01,2023-06-19,2023-03-01,,83.6,73.6,-10.0,2,Material Delay,308671703.0,291859519.0,-16812184.0,-5.4,1008731056,291859519.0,28.9,CONT156,ASGC Construction LLC,270,376,71.8,False,73.6,0,67.8,False,False,MEP,2023-06-24,2025-02-22,2025-04-04
CONS000787,PROJ020,Elite Bay,DEV0001,2023-07-01,Structure,2023-03-01,2023-06-19,2023-03-01,,100.0,93.7,-6.3,2,Labour Shortage,336243685.0,325652009.0,-10591676.0,-3.1,1008731056,325652009.0,32.3,CONT156,ASGC Construction LLC,224,261,85.8,True,74.3,0,71.5,False,False,MEP,2023-06-24,2025-02-22,2025-04-04
CONS000788,PROJ020,Elite Bay,DEV0001,2023-08-01,Structure,2023-03-01,2023-06-19,2023-03-01,,100.0,96.6,-3.4,2,COVID-19,336243685.0,330527543.0,-5716142.0,-1.7,1008731056,330527543.0,32.8,CONT156,ASGC Construction LLC,308,366,84.2,True,78.8,0,72.1,False,False,MEP,2023-06-24,2025-02-22,2025-04-04
CONS000789,PROJ020,Elite Bay,DEV0001,2023-06-29,MEP,2023-06-29,2023-10-17,2023-06-29,,0.0,2.0,2.0,0,,336243685.0,339606122.0,3362437.0,1.0,1008731056,339606122.0,33.7,CONT156,ASGC Construction LLC,819,788,103.9,False,76.7,0,74.9,False,False,Façade,2023-10-22,2025-02-22,2025-04-04
CONS000790,PROJ020,Elite Bay,DEV0001,2023-07-01,MEP,2023-06-29,2023-10-17,2023-06-29,,1.8,3.6,1.8,0,,339269879.0,342296072.0,3026193.0,0.9,1008731056,342296072.0,33.9,CONT156,ASGC Construction LLC,852,785,108.5,False,97.3,0,73.6,False,False,Façade,2023-10-22,2025-02-22,2025-04-04
CONS000791,PROJ020,Elite Bay,DEV0001,2023-08-01,MEP,2023-06-29,2023-10-17,2023-06-29,,30.0,15.4,-14.6,0,,386680238.0,362134449.0,-24545789.0,-6.3,1008731056,362134449.0,35.9,CONT156,ASGC Construction LLC,575,733,78.4,False,80.3,0,68.3,True,False,Façade,2023-10-22,2025-02-22,2025-04-04
CONS000792,PROJ020,Elite Bay,DEV0001,2023-09-01,MEP,2023-06-29,2023-10-17,2023-06-29,,58.2,47.3,-10.9,0,,434090598.0,415765317.0,-18325281.0,-4.2,1008731056,415765317.0,41.2,CONT156,ASGC Construction LLC,595,547,108.8,False,90.5,0,68.4,True,False,Façade,2023-10-22,2025-02-22,2025-04-04
CONS000793,PROJ020,Elite Bay,DEV0001,2023-10-01,MEP,2023-06-29,2023-10-17,2023-06-29,,85.5,85.7,0.2,0,,479987861.0,480324104.0,336243.0,0.1,1008731056,480324104.0,47.6,CONT156,ASGC Construction LLC,711,798,89.1,False,70.2,0,74.7,False,False,Façade,2023-10-22,2025-02-22,2025-04-04
CONS000794,PROJ020,Elite Bay,DEV0001,2023-11-01,MEP,2023-06-29,2023-10-17,2023-06-29,,100.0,88.7,-11.3,0,,504365528.0,485367760.0,-18997768.0,-3.8,1008731056,485367760.0,48.1,CONT156,ASGC Construction LLC,598,594,100.7,False,84.1,1,62.7,True,True,Façade,2023-10-22,2025-02-22,2025-04-04
CONS000795,PROJ020,Elite Bay,DEV0001,2023-12-01,MEP,2023-06-29,2023-10-17,2023-06-29,,100.0,87.1,-12.9,0,,504365528.0,482677810.0,-21687718.0,-4.3,1008731056,482677810.0,47.8,CONT156,ASGC Construction LLC,294,376,78.2,False,95.4,0,66.8,True,False,Façade,2023-10-22,2025-02-22,2025-04-04
CONS000796,PROJ020,Elite Bay,DEV0001,2023-10-27,Façade,2023-10-27,2024-02-14,2023-10-27,,0.0,0.0,0.0,0,,504365528.0,504365528.0,0.0,0.0,1008731056,504365528.0,50.0,CONT156,ASGC Construction LLC,406,515,78.8,False,87.6,0,74.0,False,False,Fit-Out,2024-02-19,2025-02-22,2025-04-04
CONS000797,PROJ020,Elite Bay,DEV0001,2023-11-01,Façade,2023-10-27,2024-02-14,2023-10-27,,4.5,11.7,7.2,0,,511931011.0,524035784.0,12104773.0,2.4,1008731056,524035784.0,52.0,CONT156,ASGC Construction LLC,195,247,78.9,False,95.0,0,72.4,False,False,Fit-Out,2024-02-19,2025-02-22,2025-04-04
CONS000798,PROJ020,Elite Bay,DEV0001,2023-12-01,Façade,2023-10-27,2024-02-14,2023-10-27,,31.8,34.5,2.7,0,,557828274.0,562367564.0,4539290.0,0.8,1008731056,562367564.0,55.8,CONT156,ASGC Construction LLC,606,627,96.7,False,87.6,0,78.5,False,False,Fit-Out,2024-02-19,2025-02-22,2025-04-04
CONS000799,PROJ020,Elite Bay,DEV0001,2024-01-01,Façade,2023-10-27,2024-02-14,2023-10-27,,60.0,49.2,-10.8,0,,605238634.0,587081475.0,-18157159.0,-3.0,1008731056,587081475.0,58.2,CONT156,ASGC Construction LLC,116,165,70.3,False,97.4,0,69.8,True,False,Fit-Out,2024-02-19,2025-02-22,2025-04-04
CONS000800,PROJ020,Elite Bay,DEV0001,2024-02-01,Façade,2023-10-27,2024-02-14,2023-10-27,,88.2,89.0,0.8,0,,652648993.0,653993968.0,1344975.0,0.2,1008731056,653993968.0,64.8,CONT156,ASGC Construction LLC,433,412,105.1,False,74.6,0,73.8,False,False,Fit-Out,2024-02-19,2025-02-22,2025-04-04
CONS000801,PROJ020,Elite Bay,DEV0001,2024-03-01,Façade,2023-10-27,2024-02-14,2023-10-27,,100.0,97.6,-2.4,0,,672487371.0,668452446.0,-4034925.0,-0.6,1008731056,668452446.0,66.3,CONT156,ASGC Construction LLC,471,445,105.8,True,77.1,0,70.6,False,False,Fit-Out,2024-02-19,2025-02-22,2025-04-04
CONS000802,PROJ020,Elite Bay,DEV0001,2024-04-01,Façade,2023-10-27,2024-02-14,2023-10-27,2024-02-14,100.0,100.0,0.0,0,,672487371.0,672487371.0,0.0,0.0,1008731056,672487371.0,66.7,CONT156,ASGC Construction LLC,158,191,82.7,True,93.0,0,72.3,False,False,Fit-Out,2024-02-19,2025-02-22,2025-04-04
CONS000803,PROJ020,Elite Bay,DEV0001,2024-02-24,Fit-Out,2024-02-24,2024-06-13,2024-02-26,,0.0,0.0,0.0,8,Labour Shortage,672487371.0,672487371.0,0.0,0.0,1008731056,672487371.0,66.7,CONT156,ASGC Construction LLC,387,498,77.7,False,71.7,0,72.0,False,False,Handover,2024-06-18,2025-02-22,2025-04-04
CONS000804,PROJ020,Elite Bay,DEV0001,2024-03-01,Fit-Out,2024-02-24,2024-06-13,2024-02-26,,5.5,6.8,1.3,8,Labour Shortage,681734072.0,683919656.0,2185584.0,0.3,1008731056,683919656.0,67.8,CONT156,ASGC Construction LLC,285,301,94.7,False,88.3,0,72.2,False,False,Handover,2024-06-18,2025-02-22,2025-04-04
CONS000805,PROJ020,Elite Bay,DEV0001,2024-04-01,Fit-Out,2024-02-24,2024-06-13,2024-02-26,,33.6,21.3,-12.3,8,Financing,728976310.0,708297323.0,-20678987.0,-2.8,1008731056,708297323.0,70.2,CONT156,ASGC Construction LLC,367,417,88.0,False,91.6,0,70.5,True,False,Handover,2024-06-18,2025-02-22,2025-04-04
CONS000806,PROJ020,Elite Bay,DEV0001,2024-05-01,Fit-Out,2024-02-24,2024-06-13,2024-02-26,,60.9,52.9,-8.0,8,Weather,774873573.0,761423825.0,-13449748.0,-1.7,1008731056,761423825.0,75.5,CONT156,ASGC Construction LLC,554,553,100.2,False,80.0,0,69.6,False,False,Handover,2024-06-18,2025-02-22,2025-04-04
CONS000807,PROJ020,Elite Bay,DEV0001,2024-06-01,Fit-Out,2024-02-24,2024-06-13,2024-02-26,,89.1,84.1,-5.0,8,Design Change,822283932.0,813877840.0,-8406092.0,-1.0,1008731056,813877840.0,80.7,CONT156,ASGC Construction LLC,568,609,93.3,False,88.1,0,73.4,False,False,Handover,2024-06-18,2025-02-22,2025-04-04
CONS000808,PROJ020,Elite Bay,DEV0001,2024-07-01,Fit-Out,2024-02-24,2024-06-13,2024-02-26,,100.0,98.1,-1.9,8,Design Change,840609213.0,837414898.0,-3194315.0,-0.4,1008731056,837414898.0,83.0,CONT156,ASGC Construction LLC,513,576,89.1,True,79.3,0,77.7,False,False,Handover,2024-06-18,2025-02-22,2025-04-04
CONS000809,PROJ020,Elite Bay,DEV0001,2024-08-01,Fit-Out,2024-02-24,2024-06-13,2024-02-26,,100.0,84.5,-15.5,8,Design Change,840609213.0,814550328.0,-26058885.0,-3.1,1008731056,814550328.0,80.8,CONT156,ASGC Construction LLC,428,498,85.9,False,70.7,0,67.7,True,False,Handover,2024-06-18,2025-02-22,2025-04-04
CONS000810,PROJ020,Elite Bay,DEV0001,2024-06-23,Handover,2024-06-23,2024-10-11,2024-06-23,,0.0,0.0,0.0,0,,840609213.0,840609213.0,0.0,0.0,1008731056,840609213.0,83.3,CONT156,ASGC Construction LLC,224,214,104.7,False,82.4,0,73.2,False,False,Completed,2024-10-16,2025-02-22,2025-04-04
CONS000811,PROJ020,Elite Bay,DEV0001,2024-07-01,Handover,2024-06-23,2024-10-11,2024-06-23,,7.3,13.6,6.3,0,,852882108.0,863473784.0,10591676.0,1.2,1008731056,863473784.0,85.6,CONT156,ASGC Construction LLC,148,173,85.5,False,83.2,0,75.5,False,False,Completed,2024-10-16,2025-02-22,2025-04-04
CONS000812,PROJ020,Elite Bay,DEV0001,2024-08-01,Handover,2024-06-23,2024-10-11,2024-06-23,,35.5,32.3,-3.2,0,,900292467.0,894912569.0,-5379898.0,-0.6,1008731056,894912569.0,88.7,CONT156,ASGC Construction LLC,430,399,107.8,False,92.7,0,75.6,False,False,Completed,2024-10-16,2025-02-22,2025-04-04
CONS000813,PROJ020,Elite Bay,DEV0001,2024-09-01,Handover,2024-06-23,2024-10-11,2024-06-23,,63.6,61.7,-1.9,0,,947534705.0,944340390.0,-3194315.0,-0.3,1008731056,944340390.0,93.6,CONT156,ASGC Construction LLC,163,190,85.8,False,79.8,0,72.2,False,False,Completed,2024-10-16,2025-02-22,2025-04-04
CONS000814,PROJ020,Elite Bay,DEV0001,2024-10-01,Handover,2024-06-23,2024-10-11,2024-06-23,,90.9,84.7,-6.2,0,,993431968.0,983008414.0,-10423554.0,-1.0,1008731056,983008414.0,97.4,CONT156,ASGC Construction LLC,371,435,85.3,False,97.3,0,69.4,False,False,Completed,2024-10-16,2025-02-22,2025-04-04
CONS000815,PROJ020,Elite Bay,DEV0001,2024-11-01,Handover,2024-06-23,2024-10-11,2024-06-23,,100.0,92.9,-7.1,0,,1008731056.0,996794405.0,-11936651.0,-1.2,1008731056,996794405.0,98.8,CONT156,ASGC Construction LLC,649,699,92.8,True,72.3,0,68.2,False,False,Completed,2024-10-16,2025-02-22,2025-04-04
CONS000816,PROJ020,Elite Bay,DEV0001,2024-12-01,Handover,2024-06-23,2024-10-11,2024-06-23,,100.0,93.0,-7.0,0,,1008731056.0,996962527.0,-11768529.0,-1.2,1008731056,996962527.0,98.8,CONT156,ASGC Construction LLC,317,392,80.9,True,79.4,0,70.7,False,False,Completed,2024-10-16,2025-02-22,2025-04-04
CONS000817,PROJ021,Elite Square,DEV0043,2023-10-01,Foundation,2023-10-01,2024-01-19,2023-10-01,,0.0,7.0,7.0,0,,0.0,8581847.0,8581847.0,858184700.0,735586920,8581847.0,1.2,CONT099,Hyundai Engineering UAE LLC,387,471,82.2,False,89.9,1,74.2,False,True,Structure,2024-01-24,2026-01-18,2026-03-13
CONS000818,PROJ021,Elite Square,DEV0043,2023-11-01,Foundation,2023-10-01,2024-01-19,2023-10-01,,28.2,24.9,-3.3,0,,34572585.0,30526857.0,-4045728.0,-11.7,735586920,30526857.0,4.1,CONT099,Hyundai Engineering UAE LLC,342,317,107.9,False,84.1,0,81.0,False,False,Structure,2024-01-24,2026-01-18,2026-03-13
CONS000819,PROJ021,Elite Square,DEV0043,2023-12-01,Foundation,2023-10-01,2024-01-19,2023-10-01,,55.5,57.6,2.1,0,,68041790.0,70616344.0,2574554.0,3.8,735586920,70616344.0,9.6,CONT099,Hyundai Engineering UAE LLC,201,258,77.9,False,76.4,0,82.2,False,False,Structure,2024-01-24,2026-01-18,2026-03-13
CONS000820,PROJ021,Elite Square,DEV0043,2024-01-01,Foundation,2023-10-01,2024-01-19,2023-10-01,,83.6,89.6,6.0,0,,102491778.0,109847647.0,7355869.0,7.2,735586920,109847647.0,14.9,CONT099,Hyundai Engineering UAE LLC,174,245,71.0,False,72.2,2,67.7,False,True,Structure,2024-01-24,2026-01-18,2026-03-13
CONS000821,PROJ021,Elite Square,DEV0043,2024-02-01,Foundation,2023-10-01,2024-01-19,2023-10-01,,100.0,90.3,-9.7,0,,122597820.0,110705831.0,-11891989.0,-9.7,735586920,110705831.0,15.0,CONT099,Hyundai Engineering UAE LLC,565,589,95.9,True,90.5,0,73.7,False,False,Structure,2024-01-24,2026-01-18,2026-03-13
CONS000822,PROJ021,Elite Square,DEV0043,2024-03-01,Foundation,2023-10-01,2024-01-19,2023-10-01,2024-01-19,100.0,100.0,0.0,0,,122597820.0,122597820.0,0.0,0.0,735586920,122597820.0,16.7,CONT099,Hyundai Engineering UAE LLC,427,507,84.2,True,94.4,0,78.1,False,False,Structure,2024-01-24,2026-01-18,2026-03-13
CONS000823,PROJ021,Elite Square,DEV0043,2024-01-29,Structure,2024-01-29,2024-05-18,2024-02-13,,0.0,0.0,0.0,22,Weather,122597820.0,122597820.0,0.0,0.0,735586920,122597820.0,16.7,CONT099,Hyundai Engineering UAE LLC,641,751,85.4,False,85.2,0,80.8,False,False,MEP,2024-05-23,2026-01-18,2026-03-13
CONS000824,PROJ021,Elite Square,DEV0043,2024-02-01,Structure,2024-01-29,2024-05-18,2024-02-13,,2.7,0.0,-2.7,22,COVID-19,125907961.0,122597820.0,-3310141.0,-2.6,735586920,122597820.0,16.7,CONT099,Hyundai Engineering UAE LLC,785,762,103.0,False,89.2,0,77.3,False,False,MEP,2024-05-23,2026-01-18,2026-03-13
CONS000825,PROJ021,Elite Square,DEV0043,2024-03-01,Structure,2024-01-29,2024-05-18,2024-02-13,,29.1,27.7,-1.4,22,COVID-19,158273786.0,156557416.0,-1716370.0,-1.1,735586920,156557416.0,21.3,CONT099,Hyundai Engineering UAE LLC,488,656,74.4,False,83.0,1,71.3,False,True,MEP,2024-05-23,2026-01-18,2026-03-13
CONS000826,PROJ021,Elite Square,DEV0043,2024-04-01,Structure,2024-01-29,2024-05-18,2024-02-13,,57.3,51.0,-6.3,22,Regulatory,192846371.0,185122708.0,-7723663.0,-4.0,735586920,185122708.0,25.2,CONT099,Hyundai Engineering UAE LLC,250,299,83.6,False,91.3,0,76.0,False,False,MEP,2024-05-23,2026-01-18,2026-03-13
CONS000827,PROJ021,Elite Square,DEV0043,2024-05-01,Structure,2024-01-29,2024-05-18,2024-02-13,,84.5,70.9,-13.6,22,Labour Shortage,226192978.0,209519674.0,-16673304.0,-7.4,735586920,209519674.0,28.5,CONT099,Hyundai Engineering UAE LLC,405,536,75.6,False,81.9,0,72.7,True,False,MEP,2024-05-23,2026-01-18,2026-03-13
CONS000828,PROJ021,Elite Square,DEV0043,2024-06-01,Structure,2024-01-29,2024-05-18,2024-02-13,,100.0,88.3,-11.7,22,Material Delay,245195640.0,230851695.0,-14343945.0,-5.9,735586920,230851695.0,31.4,CONT099,Hyundai Engineering UAE LLC,303,278,109.0,False,81.9,0,75.7,True,False,MEP,2024-05-23,2026-01-18,2026-03-13
CONS000829,PROJ021,Elite Square,DEV0043,2024-07-01,Structure,2024-01-29,2024-05-18,2024-02-13,,100.0,79.7,-20.3,22,Design Change,245195640.0,220308283.0,-24887357.0,-10.1,735586920,220308283.0,30.0,CONT099,Hyundai Engineering UAE LLC,410,465,88.2,False,87.3,0,70.5,True,False,MEP,2024-05-23,2026-01-18,2026-03-13
CONS000830,PROJ021,Elite Square,DEV0043,2024-05-28,MEP,2024-05-28,2024-09-15,2024-05-28,,0.0,0.0,0.0,0,,245195640.0,245195640.0,0.0,0.0,735586920,245195640.0,33.3,CONT099,Hyundai Engineering UAE LLC,166,231,71.9,False,81.6,0,77.0,False,False,Façade,2024-09-20,2026-01-18,2026-03-13
CONS000831,PROJ021,Elite Square,DEV0043,2024-06-01,MEP,2024-05-28,2024-09-15,2024-05-28,,3.6,0.0,-3.6,0,,249609162.0,245195640.0,-4413522.0,-1.8,735586920,245195640.0,33.3,CONT099,Hyundai Engineering UAE LLC,218,256,85.2,False,90.1,0,79.2,False,False,Façade,2024-09-20,2026-01-18,2026-03-13
CONS000832,PROJ021,Elite Square,DEV0043,2024-07-01,MEP,2024-05-28,2024-09-15,2024-05-28,,30.9,34.3,3.4,0,,283078366.0,287246692.0,4168326.0,1.5,735586920,287246692.0,39.0,CONT099,Hyundai Engineering UAE LLC,146,163,89.6,False,73.8,0,77.5,False,False,Façade,2024-09-20,2026-01-18,2026-03-13
CONS000833,PROJ021,Elite Square,DEV0043,2024-08-01,MEP,2024-05-28,2024-09-15,2024-05-28,,59.1,50.6,-8.5,0,,317650952.0,307230137.0,-10420815.0,-3.3,735586920,307230137.0,41.8,CONT099,Hyundai Engineering UAE LLC,316,321,98.4,False,84.1,0,72.6,False,False,Façade,2024-09-20,2026-01-18,2026-03-13
CONS000834,PROJ021,Elite Square,DEV0043,2024-09-01,MEP,2024-05-28,2024-09-15,2024-05-28,,87.3,93.7,6.4,0,,352223537.0,360069797.0,7846260.0,2.2,735586920,360069797.0,48.9,CONT099,Hyundai Engineering UAE LLC,584,744,78.5,False,95.2,0,80.1,False,False,Façade,2024-09-20,2026-01-18,2026-03-13
CONS000835,PROJ021,Elite Square,DEV0043,2024-10-01,MEP,2024-05-28,2024-09-15,2024-05-28,,100.0,90.9,-9.1,0,,367793460.0,356637058.0,-11156402.0,-3.0,735586920,356637058.0,48.5,CONT099,Hyundai Engineering UAE LLC,636,599,106.2,True,90.7,0,74.5,False,False,Façade,2024-09-20,2026-01-18,2026-03-13
CONS000836,PROJ021,Elite Square,DEV0043,2024-11-01,MEP,2024-05-28,2024-09-15,2024-05-28,2024-09-15,100.0,100.0,0.0,0,,367793460.0,367793460.0,0.0,0.0,735586920,367793460.0,50.0,CONT099,Hyundai Engineering UAE LLC,257,255,100.8,True,92.7,0,79.0,False,False,Façade,2024-09-20,2026-01-18,2026-03-13
CONS000837,PROJ021,Elite Square,DEV0043,2024-09-25,Façade,2024-09-25,2025-01-13,2024-09-26,,0.0,0.0,0.0,4,Regulatory,367793460.0,367793460.0,0.0,0.0,735586920,367793460.0,50.0,CONT099,Hyundai Engineering UAE LLC,172,229,75.1,False,84.7,0,78.6,False,False,Fit-Out,2025-01-18,2026-01-18,2026-03-13
CONS000838,PROJ021,Elite Square,DEV0043,2024-10-01,Façade,2024-09-25,2025-01-13,2024-09-26,,5.5,1.0,-4.5,4,Labour Shortage,374536340.0,369019438.0,-5516902.0,-1.5,735586920,369019438.0,50.2,CONT099,Hyundai Engineering UAE LLC,192,253,75.9,False,74.5,0,76.6,False,False,Fit-Out,2025-01-18,2026-01-18,2026-03-13
CONS000839,PROJ021,Elite Square,DEV0043,2024-11-01,Façade,2024-09-25,2025-01-13,2024-09-26,,33.6,28.6,-5.0,4,Financing,408986328.0,402856437.0,-6129891.0,-1.5,735586920,402856437.0,54.8,CONT099,Hyundai Engineering UAE LLC,415,394,105.3,False,78.8,0,76.4,False,False,Fit-Out,2025-01-18,2026-01-18,2026-03-13
CONS000840,PROJ021,Elite Square,DEV0043,2024-12-01,Façade,2024-09-25,2025-01-13,2024-09-26,,60.9,45.3,-15.6,4,Labour Shortage,442455532.0,423330272.0,-19125260.0,-4.3,735586920,423330272.0,57.5,CONT099,Hyundai Engineering UAE LLC,245,278,88.1,False,82.9,0,71.8,True,False,Fit-Out,2025-01-18,2026-01-18,2026-03-13
CONS000841,PROJ021,Elite Square,DEV0043,2025-01-01,Façade,2024-09-25,2025-01-13,2024-09-26,,89.1,73.4,-15.7,4,COVID-19,477028118.0,457780260.0,-19247858.0,-4.0,735586920,457780260.0,62.2,CONT099,Hyundai Engineering UAE LLC,241,326,73.9,False,77.2,0,73.5,True,False,Fit-Out,2025-01-18,2026-01-18,2026-03-13
CONS000842,PROJ021,Elite Square,DEV0043,2025-02-01,Façade,2024-09-25,2025-01-13,2024-09-26,,100.0,94.2,-5.8,4,Design Change,490391280.0,483280606.0,-7110674.0,-1.5,735586920,483280606.0,65.7,CONT099,Hyundai Engineering UAE LLC,336,321,104.7,True,87.7,0,78.0,False,False,Fit-Out,2025-01-18,2026-01-18,2026-03-13
CONS000843,PROJ021,Elite Square,DEV0043,2025-03-01,Façade,2024-09-25,2025-01-13,2024-09-26,,100.0,94.9,-5.1,4,Weather,490391280.0,484138791.0,-6252489.0,-1.3,735586920,484138791.0,65.8,CONT099,Hyundai Engineering UAE LLC,140,169,82.8,True,77.7,0,74.5,False,False,Fit-Out,2025-01-18,2026-01-18,2026-03-13
CONS000844,PROJ021,Elite Square,DEV0043,2025-01-23,Fit-Out,2025-01-23,2025-05-13,2025-02-07,,0.0,0.0,0.0,21,Design Change,490391280.0,490391280.0,0.0,0.0,735586920,490391280.0,66.7,CONT099,Hyundai Engineering UAE LLC,244,275,88.7,False,86.8,0,78.0,False,False,Handover,2025-05-18,2026-01-18,2026-03-13
CONS000845,PROJ021,Elite Square,DEV0043,2025-02-01,Fit-Out,2025-01-23,2025-05-13,2025-02-07,,8.2,3.0,-5.2,21,Financing,500444301.0,494069215.0,-6375086.0,-1.3,735586920,494069215.0,67.2,CONT099,Hyundai Engineering UAE LLC,232,324,71.6,False,84.1,0,78.5,False,False,Handover,2025-05-18,2026-01-18,2026-03-13
CONS000846,PROJ021,Elite Square,DEV0043,2025-03-01,Fit-Out,2025-01-23,2025-05-13,2025-02-07,,33.6,18.3,-15.3,21,Labour Shortage,531584148.0,512826681.0,-18757467.0,-3.5,735586920,512826681.0,69.7,CONT099,Hyundai Engineering UAE LLC,788,774,101.8,False,74.5,0,74.4,True,False,Handover,2025-05-18,2026-01-18,2026-03-13
CONS000847,PROJ021,Elite Square,DEV0043,2025-04-01,Fit-Out,2025-01-23,2025-05-13,2025-02-07,,61.8,41.4,-20.4,21,Design Change,566156733.0,541146777.0,-25009956.0,-4.4,735586920,541146777.0,73.6,CONT099,Hyundai Engineering UAE LLC,656,748,87.7,False,88.6,0,74.5,True,False,Handover,2025-05-18,2026-01-18,2026-03-13
CONS000848,PROJ021,Elite Square,DEV0043,2025-05-01,Fit-Out,2025-01-23,2025-05-13,2025-02-07,,89.1,88.3,-0.8,21,Labour Shortage,599625938.0,598645155.0,-980783.0,-0.2,735586920,598645155.0,81.4,CONT099,Hyundai Engineering UAE LLC,185,169,109.5,False,71.4,0,76.6,False,False,Handover,2025-05-18,2026-01-18,2026-03-13
CONS000849,PROJ021,Elite Square,DEV0043,2025-06-01,Fit-Out,2025-01-23,2025-05-13,2025-02-07,,100.0,91.9,-8.1,21,Financing,612989100.0,603058677.0,-9930423.0,-1.6,735586920,603058677.0,82.0,CONT099,Hyundai Engineering UAE LLC,609,647,94.1,True,95.7,0,71.9,False,False,Handover,2025-05-18,2026-01-18,2026-03-13
CONS000850,PROJ021,Elite Square,DEV0043,2025-07-01,Fit-Out,2025-01-23,2025-05-13,2025-02-07,,100.0,84.9,-15.1,21,Regulatory,612989100.0,594476829.0,-18512271.0,-3.0,735586920,594476829.0,80.8,CONT099,Hyundai Engineering UAE LLC,309,297,104.0,False,88.3,0,73.9,True,False,Handover,2025-05-18,2026-01-18,2026-03-13
CONS000851,PROJ021,Elite Square,DEV0043,2025-05-23,Handover,2025-05-23,2025-09-10,2025-05-24,,0.0,0.0,0.0,5,Regulatory,612989100.0,612989100.0,0.0,0.0,735586920,612989100.0,83.3,CONT099,Hyundai Engineering UAE LLC,582,691,84.2,False,77.5,0,78.7,False,False,Completed,2025-09-15,2026-01-18,2026-03-13
CONS000852,PROJ021,Elite Square,DEV0043,2025-06-01,Handover,2025-05-23,2025-09-10,2025-05-24,,8.2,2.5,-5.7,5,Design Change,623042121.0,616054046.0,-6988075.0,-1.1,735586920,616054046.0,83.8,CONT099,Hyundai Engineering UAE LLC,133,163,81.6,False,81.9,0,79.0,False,False,Completed,2025-09-15,2026-01-18,2026-03-13
CONS000853,PROJ021,Elite Square,DEV0043,2025-07-01,Handover,2025-05-23,2025-09-10,2025-05-24,,35.5,40.2,4.7,5,Material Delay,656511326.0,662273424.0,5762098.0,0.9,735586920,662273424.0,90.0,CONT099,Hyundai Engineering UAE LLC,446,563,79.2,False,81.5,0,81.8,False,False,Completed,2025-09-15,2026-01-18,2026-03-13
CONS000854,PROJ021,Elite Square,DEV0043,2025-08-01,Handover,2025-05-23,2025-09-10,2025-05-24,,63.6,54.3,-9.3,5,Labour Shortage,690961314.0,679559716.0,-11401598.0,-1.7,735586920,679559716.0,92.4,CONT099,Hyundai Engineering UAE LLC,546,603,90.5,False,86.0,0,76.3,False,False,Completed,2025-09-15,2026-01-18,2026-03-13
CONS000855,PROJ021,Elite Square,DEV0043,2025-09-01,Handover,2025-05-23,2025-09-10,2025-05-24,,91.8,90.2,-1.6,5,Design Change,725533899.0,723572334.0,-1961565.0,-0.3,735586920,723572334.0,98.4,CONT099,Hyundai Engineering UAE LLC,561,778,72.1,False,78.3,0,79.1,False,False,Completed,2025-09-15,2026-01-18,2026-03-13
CONS000856,PROJ021,Elite Square,DEV0043,2025-10-01,Handover,2025-05-23,2025-09-10,2025-05-24,,100.0,91.6,-8.4,5,COVID-19,735586920.0,725288703.0,-10298217.0,-1.4,735586920,725288703.0,98.6,CONT099,Hyundai Engineering UAE LLC,228,280,81.4,True,96.4,0,75.1,False,False,Completed,2025-09-15,2026-01-18,2026-03-13
CONS000857,PROJ021,Elite Square,DEV0043,2025-11-01,Handover,2025-05-23,2025-09-10,2025-05-24,2025-09-15,100.0,100.0,0.0,5,Material Delay,735586920.0,735586920.0,0.0,0.0,735586920,735586920.0,100.0,CONT099,Hyundai Engineering UAE LLC,716,669,107.0,True,89.4,0,75.6,False,False,Completed,2025-09-15,2026-01-18,2026-03-13
CONS000858,PROJ022,Sky Bay,DEV0007,2020-12-01,Foundation,2020-12-01,2021-03-21,2021-01-03,,0.0,0.0,0.0,45,Design Change,0.0,0.0,0.0,0.0,689766918,0.0,0.0,CONT200,Six Construct LLC,261,297,87.9,False,86.5,0,84.8,True,False,Structure,2021-03-26,2024-08-26,2025-03-24
CONS000859,PROJ022,Sky Bay,DEV0007,2021-01-01,Foundation,2020-12-01,2021-03-21,2021-01-03,,28.2,13.5,-14.7,45,COVID-19,32419045.0,15519756.0,-16899289.0,-52.1,689766918,15519756.0,2.3,CONT200,Six Construct LLC,337,308,109.4,False,91.5,0,82.2,True,False,Structure,2021-03-26,2024-08-26,2025-03-24
CONS000860,PROJ022,Sky Bay,DEV0007,2021-02-01,Foundation,2020-12-01,2021-03-21,2021-01-03,,56.4,46.3,-10.1,45,Regulatory,64838090.0,53227014.0,-11611076.0,-17.9,689766918,53227014.0,7.7,CONT200,Six Construct LLC,705,758,93.0,False,86.6,0,82.9,True,False,Structure,2021-03-26,2024-08-26,2025-03-24
CONS000861,PROJ022,Sky Bay,DEV0007,2021-03-01,Foundation,2020-12-01,2021-03-21,2021-01-03,,81.8,66.4,-15.4,45,Design Change,94038223.0,76334206.0,-17704017.0,-18.8,689766918,76334206.0,11.1,CONT200,Six Construct LLC,298,284,104.9,False,74.3,0,81.6,True,False,Structure,2021-03-26,2024-08-26,2025-03-24
CONS000862,PROJ022,Sky Bay,DEV0007,2021-04-01,Foundation,2020-12-01,2021-03-21,2021-01-03,,100.0,80.4,-19.6,45,Material Delay,114961153.0,92428767.0,-22532386.0,-19.6,689766918,92428767.0,13.4,CONT200,Six Construct LLC,305,325,93.8,False,71.9,0,77.9,True,False,Structure,2021-03-26,2024-08-26,2025-03-24
CONS000863,PROJ022,Sky Bay,DEV0007,2021-05-01,Foundation,2020-12-01,2021-03-21,2021-01-03,,100.0,92.6,-7.4,45,Labour Shortage,114961153.0,106454028.0,-8507125.0,-7.4,689766918,106454028.0,15.4,CONT200,Six Construct LLC,833,787,105.8,True,93.6,0,81.8,True,False,Structure,2021-03-26,2024-08-26,2025-03-24
CONS000864,PROJ022,Sky Bay,DEV0007,2021-03-31,Structure,2021-03-31,2021-07-19,2021-04-12,,0.0,0.0,0.0,38,Design Change,114961153.0,114961153.0,0.0,0.0,689766918,114961153.0,16.7,CONT200,Six Construct LLC,458,425,107.8,False,73.0,0,85.6,True,False,MEP,2021-07-24,2024-08-26,2025-03-24
CONS000865,PROJ022,Sky Bay,DEV0007,2021-04-01,Structure,2021-03-31,2021-07-19,2021-04-12,,0.9,0.0,-0.9,38,Weather,115995803.0,114961153.0,-1034650.0,-0.9,689766918,114961153.0,16.7,CONT200,Six Construct LLC,283,333,85.0,False,70.6,0,83.2,True,False,MEP,2021-07-24,2024-08-26,2025-03-24
CONS000866,PROJ022,Sky Bay,DEV0007,2021-05-01,Structure,2021-03-31,2021-07-19,2021-04-12,,28.2,23.4,-4.8,38,Labour Shortage,147380198.0,141862063.0,-5518135.0,-3.7,689766918,141862063.0,20.6,CONT200,Six Construct LLC,355,333,106.6,False,81.5,0,82.1,True,False,MEP,2021-07-24,2024-08-26,2025-03-24
CONS000867,PROJ022,Sky Bay,DEV0007,2021-06-01,Structure,2021-03-31,2021-07-19,2021-04-12,,56.4,38.1,-18.3,38,Regulatory,179799243.0,158761352.0,-21037891.0,-11.7,689766918,158761352.0,23.0,CONT200,Six Construct LLC,418,537,77.8,False,76.2,0,79.7,True,False,MEP,2021-07-24,2024-08-26,2025-03-24
CONS000868,PROJ022,Sky Bay,DEV0007,2021-07-01,Structure,2021-03-31,2021-07-19,2021-04-12,,83.6,69.0,-14.6,38,Regulatory,211068677.0,194284349.0,-16784328.0,-8.0,689766918,194284349.0,28.2,CONT200,Six Construct LLC,164,210,78.1,False,96.0,0,81.7,True,False,MEP,2021-07-24,2024-08-26,2025-03-24
CONS000869,PROJ022,Sky Bay,DEV0007,2021-08-01,Structure,2021-03-31,2021-07-19,2021-04-12,,100.0,85.2,-14.8,38,Financing,229922306.0,212908055.0,-17014251.0,-7.4,689766918,212908055.0,30.9,CONT200,Six Construct LLC,768,755,101.7,False,80.5,0,79.8,True,False,MEP,2021-07-24,2024-08-26,2025-03-24
CONS000870,PROJ022,Sky Bay,DEV0007,2021-09-01,Structure,2021-03-31,2021-07-19,2021-04-12,,100.0,81.1,-18.9,38,Design Change,229922306.0,208194648.0,-21727658.0,-9.5,689766918,208194648.0,30.2,CONT200,Six Construct LLC,553,530,104.3,False,75.6,0,76.6,True,False,MEP,2021-07-24,2024-08-26,2025-03-24
CONS000871,PROJ022,Sky Bay,DEV0007,2021-07-29,MEP,2021-07-29,2021-11-16,2021-09-04,,0.0,0.0,0.0,39,Design Change,229922306.0,229922306.0,0.0,0.0,689766918,229922306.0,33.3,CONT200,Six Construct LLC,507,477,106.3,False,79.5,0,83.1,True,False,Façade,2021-11-21,2024-08-26,2025-03-24
CONS000872,PROJ022,Sky Bay,DEV0007,2021-08-01,MEP,2021-07-29,2021-11-16,2021-09-04,,2.7,0.0,-2.7,39,COVID-19,233026257.0,229922306.0,-3103951.0,-1.3,689766918,229922306.0,33.3,CONT200,Six Construct LLC,457,427,107.0,False,87.4,0,84.2,True,False,Façade,2021-11-21,2024-08-26,2025-03-24
CONS000873,PROJ022,Sky Bay,DEV0007,2021-09-01,MEP,2021-07-29,2021-11-16,2021-09-04,,30.9,22.9,-8.0,39,Material Delay,265445302.0,256248410.0,-9196892.0,-3.5,689766918,256248410.0,37.1,CONT200,Six Construct LLC,258,358,72.1,False,95.1,0,82.6,True,False,Façade,2021-11-21,2024-08-26,2025-03-24
CONS000874,PROJ022,Sky Bay,DEV0007,2021-10-01,MEP,2021-07-29,2021-11-16,2021-09-04,,58.2,36.3,-21.9,39,Regulatory,296829697.0,271653205.0,-25176492.0,-8.5,689766918,271653205.0,39.4,CONT200,Six Construct LLC,542,584,92.8,False,91.1,0,78.5,True,False,Façade,2021-11-21,2024-08-26,2025-03-24
CONS000875,PROJ022,Sky Bay,DEV0007,2021-11-01,MEP,2021-07-29,2021-11-16,2021-09-04,,86.4,79.9,-6.5,39,COVID-19,329248742.0,321776267.0,-7472475.0,-2.3,689766918,321776267.0,46.6,CONT200,Six Construct LLC,705,665,106.0,False,95.6,0,83.7,True,False,Façade,2021-11-21,2024-08-26,2025-03-24
CONS000876,PROJ022,Sky Bay,DEV0007,2021-12-01,MEP,2021-07-29,2021-11-16,2021-09-04,,100.0,83.8,-16.2,39,Weather,344883459.0,326259752.0,-18623707.0,-5.4,689766918,326259752.0,47.3,CONT200,Six Construct LLC,658,783,84.0,False,81.8,0,79.8,True,False,Façade,2021-11-21,2024-08-26,2025-03-24
CONS000877,PROJ022,Sky Bay,DEV0007,2022-01-01,MEP,2021-07-29,2021-11-16,2021-09-04,,100.0,84.4,-15.6,39,Weather,344883459.0,326949519.0,-17933940.0,-5.2,689766918,326949519.0,47.4,CONT200,Six Construct LLC,219,290,75.5,False,84.0,2,70.5,True,True,Façade,2021-11-21,2024-08-26,2025-03-24
CONS000878,PROJ022,Sky Bay,DEV0007,2021-11-26,Façade,2021-11-26,2022-03-16,2021-12-07,,0.0,0.0,0.0,19,Regulatory,344883459.0,344883459.0,0.0,0.0,689766918,344883459.0,50.0,CONT200,Six Construct LLC,687,771,89.1,False,81.5,0,84.5,False,False,Fit-Out,2022-03-21,2024-08-26,2025-03-24
CONS000879,PROJ022,Sky Bay,DEV0007,2021-12-01,Façade,2021-11-26,2022-03-16,2021-12-07,,4.5,0.0,-4.5,19,Design Change,350056711.0,344883459.0,-5173252.0,-1.5,689766918,344883459.0,50.0,CONT200,Six Construct LLC,288,290,99.3,False,89.5,0,85.5,False,False,Fit-Out,2022-03-21,2024-08-26,2025-03-24
CONS000880,PROJ022,Sky Bay,DEV0007,2022-01-01,Façade,2021-11-26,2022-03-16,2021-12-07,,32.7,23.2,-9.5,19,Material Delay,382475756.0,371554446.0,-10921310.0,-2.9,689766918,371554446.0,53.9,CONT200,Six Construct LLC,444,412,107.8,False,83.1,0,84.6,False,False,Fit-Out,2022-03-21,2024-08-26,2025-03-24
CONS000881,PROJ022,Sky Bay,DEV0007,2022-02-01,Façade,2021-11-26,2022-03-16,2021-12-07,,60.9,60.8,-0.1,19,Material Delay,414894801.0,414779840.0,-114961.0,-0.0,689766918,414779840.0,60.1,CONT200,Six Construct LLC,171,185,92.4,False,70.9,0,82.2,False,False,Fit-Out,2022-03-21,2024-08-26,2025-03-24
CONS000882,PROJ022,Sky Bay,DEV0007,2022-03-01,Façade,2021-11-26,2022-03-16,2021-12-07,,86.4,75.4,-11.0,19,Design Change,444209895.0,431564168.0,-12645727.0,-2.8,689766918,431564168.0,62.6,CONT200,Six Construct LLC,818,789,103.7,False,92.4,0,80.8,True,False,Fit-Out,2022-03-21,2024-08-26,2025-03-24
CONS000883,PROJ022,Sky Bay,DEV0007,2022-04-01,Façade,2021-11-26,2022-03-16,2021-12-07,,100.0,83.9,-16.1,19,Material Delay,459844612.0,441335866.0,-18508746.0,-4.0,689766918,441335866.0,64.0,CONT200,Six Construct LLC,277,347,79.8,False,83.4,0,79.8,True,False,Fit-Out,2022-03-21,2024-08-26,2025-03-24
CONS000884,PROJ022,Sky Bay,DEV0007,2022-05-01,Façade,2021-11-26,2022-03-16,2021-12-07,,100.0,96.0,-4.0,19,Regulatory,459844612.0,455246166.0,-4598446.0,-1.0,689766918,455246166.0,66.0,CONT200,Six Construct LLC,585,751,77.9,True,84.7,0,82.9,False,False,Fit-Out,2022-03-21,2024-08-26,2025-03-24
CONS000885,PROJ022,Sky Bay,DEV0007,2022-03-26,Fit-Out,2022-03-26,2022-07-14,2022-03-26,,0.0,0.0,0.0,0,,459844612.0,459844612.0,0.0,0.0,689766918,459844612.0,66.7,CONT200,Six Construct LLC,405,556,72.8,False,80.0,0,88.2,False,False,Handover,2022-07-19,2024-08-26,2025-03-24
CONS000886,PROJ022,Sky Bay,DEV0007,2022-04-01,Fit-Out,2022-03-26,2022-07-14,2022-03-26,,5.5,6.2,0.7,0,,466167475.0,466972203.0,804728.0,0.2,689766918,466972203.0,67.7,CONT200,Six Construct LLC,688,696,98.9,False,86.3,0,85.3,False,False,Handover,2022-07-19,2024-08-26,2025-03-24
CONS000887,PROJ022,Sky Bay,DEV0007,2022-05-01,Fit-Out,2022-03-26,2022-07-14,2022-03-26,,32.7,39.6,6.9,0,,497436909.0,505369229.0,7932320.0,1.6,689766918,505369229.0,73.3,CONT200,Six Construct LLC,477,501,95.2,False,89.1,0,85.1,False,False,Handover,2022-07-19,2024-08-26,2025-03-24
CONS000888,PROJ022,Sky Bay,DEV0007,2022-06-01,Fit-Out,2022-03-26,2022-07-14,2022-03-26,,60.9,61.9,1.0,0,,529855954.0,531005566.0,1149612.0,0.2,689766918,531005566.0,77.0,CONT200,Six Construct LLC,536,571,93.9,False,72.8,0,86.1,False,False,Handover,2022-07-19,2024-08-26,2025-03-24
CONS000889,PROJ022,Sky Bay,DEV0007,2022-07-01,Fit-Out,2022-03-26,2022-07-14,2022-03-26,,88.2,82.7,-5.5,0,,561240349.0,554917486.0,-6322863.0,-1.1,689766918,554917486.0,80.5,CONT200,Six Construct LLC,155,203,76.4,False,89.9,0,83.5,False,False,Handover,2022-07-19,2024-08-26,2025-03-24
CONS000890,PROJ022,Sky Bay,DEV0007,2022-08-01,Fit-Out,2022-03-26,2022-07-14,2022-03-26,,100.0,91.4,-8.6,0,,574805765.0,564919106.0,-9886659.0,-1.7,689766918,564919106.0,81.9,CONT200,Six Construct LLC,527,588,89.6,True,97.5,0,82.6,False,False,Handover,2022-07-19,2024-08-26,2025-03-24
CONS000891,PROJ022,Sky Bay,DEV0007,2022-09-01,Fit-Out,2022-03-26,2022-07-14,2022-03-26,,100.0,97.4,-2.6,0,,574805765.0,571816775.0,-2988990.0,-0.5,689766918,571816775.0,82.9,CONT200,Six Construct LLC,798,793,100.6,True,78.8,0,87.4,False,False,Handover,2022-07-19,2024-08-26,2025-03-24
CONS000892,PROJ022,Sky Bay,DEV0007,2022-07-24,Handover,2022-07-24,2022-11-11,2022-08-07,,0.0,0.0,0.0,23,Labour Shortage,574805765.0,574805765.0,0.0,0.0,689766918,574805765.0,83.3,CONT200,Six Construct LLC,291,322,90.4,False,77.6,0,85.3,False,False,Completed,2022-11-16,2024-08-26,2025-03-24
CONS000893,PROJ022,Sky Bay,DEV0007,2022-08-01,Handover,2022-07-24,2022-11-11,2022-08-07,,7.3,0.0,-7.3,23,COVID-19,583197929.0,574805765.0,-8392164.0,-1.4,689766918,574805765.0,83.3,CONT200,Six Construct LLC,624,623,100.2,False,96.7,0,81.8,False,False,Completed,2022-11-16,2024-08-26,2025-03-24
CONS000894,PROJ022,Sky Bay,DEV0007,2022-09-01,Handover,2022-07-24,2022-11-11,2022-08-07,,35.5,26.4,-9.1,23,Labour Shortage,615616974.0,605155509.0,-10461465.0,-1.7,689766918,605155509.0,87.7,CONT200,Six Construct LLC,558,651,85.7,False,71.2,0,78.0,False,False,Completed,2022-11-16,2024-08-26,2025-03-24
CONS000895,PROJ022,Sky Bay,DEV0007,2022-10-01,Handover,2022-07-24,2022-11-11,2022-08-07,,62.7,52.2,-10.5,23,Labour Shortage,646886408.0,634815487.0,-12070921.0,-1.9,689766918,634815487.0,92.0,CONT200,Six Construct LLC,388,504,77.0,False,87.1,0,81.1,True,False,Completed,2022-11-16,2024-08-26,2025-03-24
CONS000896,PROJ022,Sky Bay,DEV0007,2022-11-01,Handover,2022-07-24,2022-11-11,2022-08-07,,90.9,81.5,-9.4,23,Labour Shortage,679305453.0,668499105.0,-10806348.0,-1.6,689766918,668499105.0,96.9,CONT200,Six Construct LLC,443,429,103.3,False,73.5,0,84.4,False,False,Completed,2022-11-16,2024-08-26,2025-03-24
CONS000897,PROJ022,Sky Bay,DEV0007,2022-12-01,Handover,2022-07-24,2022-11-11,2022-08-07,,100.0,88.3,-11.7,23,Regulatory,689766918.0,676316463.0,-13450455.0,-2.0,689766918,676316463.0,98.0,CONT200,Six Construct LLC,186,261,71.3,False,85.6,0,80.9,True,False,Completed,2022-11-16,2024-08-26,2025-03-24
CONS000898,PROJ022,Sky Bay,DEV0007,2023-01-01,Handover,2022-07-24,2022-11-11,2022-08-07,,100.0,99.8,-0.2,23,Labour Shortage,689766918.0,689536996.0,-229922.0,-0.0,689766918,689536996.0,100.0,CONT200,Six Construct LLC,731,742,98.5,True,72.3,0,80.1,False,False,Completed,2022-11-16,2024-08-26,2025-03-24
CONS000899,PROJ023,Prime Heights,DEV0034,2020-02-01,Foundation,2020-02-01,2020-05-21,2020-02-07,,0.0,0.0,0.0,23,Financing,0.0,0.0,0.0,0.0,883100605,0.0,0.0,CONT172,Interiors & Contracting LLC,312,285,109.5,False,73.8,0,74.8,False,False,Structure,2020-05-26,2023-07-21,2024-03-17
CONS000900,PROJ023,Prime Heights,DEV0034,2020-03-01,Foundation,2020-02-01,2020-05-21,2020-02-07,,26.4,23.9,-2.5,23,Material Delay,38856427.0,35176841.0,-3679586.0,-9.5,883100605,35176841.0,4.0,CONT172,Interiors & Contracting LLC,636,619,102.7,False,70.2,0,77.0,False,False,Structure,2020-05-26,2023-07-21,2024-03-17
CONS000901,PROJ023,Prime Heights,DEV0034,2020-04-01,Foundation,2020-02-01,2020-05-21,2020-02-07,,54.5,34.7,-19.8,23,Design Change,80214972.0,51072652.0,-29142320.0,-36.3,883100605,51072652.0,5.8,CONT172,Interiors & Contracting LLC,412,381,108.1,False,80.2,0,71.0,True,False,Structure,2020-05-26,2023-07-21,2024-03-17
CONS000902,PROJ023,Prime Heights,DEV0034,2020-05-01,Foundation,2020-02-01,2020-05-21,2020-02-07,,81.8,82.1,0.3,23,Regulatory,120396049.0,120837599.0,441550.0,0.4,883100605,120837599.0,13.7,CONT172,Interiors & Contracting LLC,561,718,78.1,False,96.5,0,74.2,False,False,Structure,2020-05-26,2023-07-21,2024-03-17
CONS000903,PROJ023,Prime Heights,DEV0034,2020-06-01,Foundation,2020-02-01,2020-05-21,2020-02-07,,100.0,93.4,-6.6,23,Regulatory,147183434.0,137469328.0,-9714106.0,-6.6,883100605,137469328.0,15.6,CONT172,Interiors & Contracting LLC,571,542,105.4,True,92.0,0,72.7,False,False,Structure,2020-05-26,2023-07-21,2024-03-17
CONS000904,PROJ023,Prime Heights,DEV0034,2020-07-01,Foundation,2020-02-01,2020-05-21,2020-02-07,,100.0,88.0,-12.0,23,Material Delay,147183434.0,129521422.0,-17662012.0,-12.0,883100605,129521422.0,14.7,CONT172,Interiors & Contracting LLC,606,706,85.8,False,92.8,1,66.4,True,True,Structure,2020-05-26,2023-07-21,2024-03-17
CONS000905,PROJ023,Prime Heights,DEV0034,2020-05-31,Structure,2020-05-31,2020-09-18,2020-06-12,,0.0,0.0,0.0,53,Labour Shortage,147183434.0,147183434.0,0.0,0.0,883100605,147183434.0,16.7,CONT172,Interiors & Contracting LLC,608,567,107.2,False,72.8,0,74.5,True,False,MEP,2020-09-23,2023-07-21,2024-03-17
CONS000906,PROJ023,Prime Heights,DEV0034,2020-06-01,Structure,2020-05-31,2020-09-18,2020-06-12,,0.9,0.0,-0.9,53,Design Change,148508085.0,147183434.0,-1324651.0,-0.9,883100605,147183434.0,16.7,CONT172,Interiors & Contracting LLC,567,750,75.6,False,78.6,0,71.5,True,False,MEP,2020-09-23,2023-07-21,2024-03-17
CONS000907,PROJ023,Prime Heights,DEV0034,2020-07-01,Structure,2020-05-31,2020-09-18,2020-06-12,,28.2,0.0,-28.2,53,COVID-19,188689163.0,147183434.0,-41505729.0,-22.0,883100605,147183434.0,16.7,CONT172,Interiors & Contracting LLC,287,315,91.1,False,77.1,0,68.9,True,False,MEP,2020-09-23,2023-07-21,2024-03-17
CONS000908,PROJ023,Prime Heights,DEV0034,2020-08-01,Structure,2020-05-31,2020-09-18,2020-06-12,,56.4,47.6,-8.8,53,COVID-19,230194891.0,217242749.0,-12952142.0,-5.6,883100605,217242749.0,24.6,CONT172,Interiors & Contracting LLC,667,620,107.6,False,85.2,2,65.7,True,True,MEP,2020-09-23,2023-07-21,2024-03-17
CONS000909,PROJ023,Prime Heights,DEV0034,2020-09-01,Structure,2020-05-31,2020-09-18,2020-06-12,,84.5,73.3,-11.2,53,COVID-19,271553436.0,255068891.0,-16484545.0,-6.1,883100605,255068891.0,28.9,CONT172,Interiors & Contracting LLC,193,240,80.4,False,76.7,0,69.4,True,False,MEP,2020-09-23,2023-07-21,2024-03-17
CONS000910,PROJ023,Prime Heights,DEV0034,2020-10-01,Structure,2020-05-31,2020-09-18,2020-06-12,,100.0,83.7,-16.3,53,Design Change,294366868.0,270375969.0,-23990899.0,-8.1,883100605,270375969.0,30.6,CONT172,Interiors & Contracting LLC,251,338,74.3,False,87.4,0,73.4,True,False,MEP,2020-09-23,2023-07-21,2024-03-17
CONS000911,PROJ023,Prime Heights,DEV0034,2020-11-01,Structure,2020-05-31,2020-09-18,2020-06-12,,100.0,79.6,-20.4,53,Financing,294366868.0,264341448.0,-30025420.0,-10.2,883100605,264341448.0,29.9,CONT172,Interiors & Contracting LLC,290,323,89.8,False,84.0,0,69.5,True,False,MEP,2020-09-23,2023-07-21,2024-03-17
CONS000912,PROJ023,Prime Heights,DEV0034,2020-09-28,MEP,2020-09-28,2021-01-16,2020-10-09,,0.0,0.0,0.0,37,COVID-19,294366868.0,294366868.0,0.0,0.0,883100605,294366868.0,33.3,CONT172,Interiors & Contracting LLC,468,615,76.1,False,79.1,0,78.3,True,False,Façade,2021-01-21,2023-07-21,2024-03-17
CONS000913,PROJ023,Prime Heights,DEV0034,2020-10-01,MEP,2020-09-28,2021-01-16,2020-10-09,,2.7,0.0,-2.7,37,Design Change,298340821.0,294366868.0,-3973953.0,-1.3,883100605,294366868.0,33.3,CONT172,Interiors & Contracting LLC,176,218,80.7,False,72.1,0,75.1,True,False,Façade,2021-01-21,2023-07-21,2024-03-17
CONS000914,PROJ023,Prime Heights,DEV0034,2020-11-01,MEP,2020-09-28,2021-01-16,2020-10-09,,30.9,26.0,-4.9,37,Financing,339846549.0,332634561.0,-7211988.0,-2.1,883100605,332634561.0,37.7,CONT172,Interiors & Contracting LLC,497,691,71.9,False,93.5,0,74.6,True,False,Façade,2021-01-21,2023-07-21,2024-03-17
CONS000915,PROJ023,Prime Heights,DEV0034,2020-12-01,MEP,2020-09-28,2021-01-16,2020-10-09,,58.2,43.4,-14.8,37,Labour Shortage,380027627.0,358244479.0,-21783148.0,-5.7,883100605,358244479.0,40.6,CONT172,Interiors & Contracting LLC,392,360,108.9,False,71.7,0,72.1,True,False,Façade,2021-01-21,2023-07-21,2024-03-17
CONS000916,PROJ023,Prime Heights,DEV0034,2021-01-01,MEP,2020-09-28,2021-01-16,2020-10-09,,86.4,79.5,-6.9,37,Design Change,421533355.0,411377698.0,-10155657.0,-2.4,883100605,411377698.0,46.6,CONT172,Interiors & Contracting LLC,563,745,75.6,False,76.3,0,72.1,True,False,Façade,2021-01-21,2023-07-21,2024-03-17
CONS000917,PROJ023,Prime Heights,DEV0034,2021-02-01,MEP,2020-09-28,2021-01-16,2020-10-09,,100.0,91.8,-8.2,37,Material Delay,441550302.0,429481261.0,-12069041.0,-2.7,883100605,429481261.0,48.6,CONT172,Interiors & Contracting LLC,372,393,94.7,True,88.2,0,75.7,True,False,Façade,2021-01-21,2023-07-21,2024-03-17
CONS000918,PROJ023,Prime Heights,DEV0034,2021-03-01,MEP,2020-09-28,2021-01-16,2020-10-09,,100.0,83.1,-16.9,37,Labour Shortage,441550302.0,416676302.0,-24874000.0,-5.6,883100605,416676302.0,47.2,CONT172,Interiors & Contracting LLC,216,217,99.5,False,89.1,0,68.5,True,False,Façade,2021-01-21,2023-07-21,2024-03-17
CONS000919,PROJ023,Prime Heights,DEV0034,2021-01-26,Façade,2021-01-26,2021-05-16,2021-01-27,,0.0,0.0,0.0,37,Labour Shortage,441550302.0,441550302.0,0.0,0.0,883100605,441550302.0,50.0,CONT172,Interiors & Contracting LLC,272,309,88.0,False,80.2,0,75.0,True,False,Fit-Out,2021-05-21,2023-07-21,2024-03-17
CONS000920,PROJ023,Prime Heights,DEV0034,2021-02-01,Façade,2021-01-26,2021-05-16,2021-01-27,,5.5,0.0,-5.5,37,COVID-19,449645391.0,441550302.0,-8095089.0,-1.8,883100605,441550302.0,50.0,CONT172,Interiors & Contracting LLC,622,571,108.9,False,97.6,0,75.2,True,False,Fit-Out,2021-05-21,2023-07-21,2024-03-17
CONS000921,PROJ023,Prime Heights,DEV0034,2021-03-01,Façade,2021-01-26,2021-05-16,2021-01-27,,30.9,18.8,-12.1,37,Financing,487029984.0,469220788.0,-17809196.0,-3.7,883100605,469220788.0,53.1,CONT172,Interiors & Contracting LLC,739,697,106.0,False,83.4,0,71.2,True,False,Fit-Out,2021-05-21,2023-07-21,2024-03-17
CONS000922,PROJ023,Prime Heights,DEV0034,2021-04-01,Façade,2021-01-26,2021-05-16,2021-01-27,,59.1,55.8,-3.3,37,Financing,528535712.0,523678659.0,-4857053.0,-0.9,883100605,523678659.0,59.3,CONT172,Interiors & Contracting LLC,526,705,74.6,False,75.4,0,76.4,True,False,Fit-Out,2021-05-21,2023-07-21,2024-03-17
CONS000923,PROJ023,Prime Heights,DEV0034,2021-05-01,Façade,2021-01-26,2021-05-16,2021-01-27,,86.4,74.0,-12.4,37,COVID-19,568716790.0,550466044.0,-18250746.0,-3.2,883100605,550466044.0,62.3,CONT172,Interiors & Contracting LLC,395,408,96.8,False,93.4,0,74.8,True,False,Fit-Out,2021-05-21,2023-07-21,2024-03-17
CONS000924,PROJ023,Prime Heights,DEV0034,2021-06-01,Façade,2021-01-26,2021-05-16,2021-01-27,,100.0,77.4,-22.6,37,COVID-19,588733737.0,555470281.0,-33263456.0,-5.6,883100605,555470281.0,62.9,CONT172,Interiors & Contracting LLC,168,191,88.0,False,72.7,0,71.0,True,False,Fit-Out,2021-05-21,2023-07-21,2024-03-17
CONS000925,PROJ023,Prime Heights,DEV0034,2021-07-01,Façade,2021-01-26,2021-05-16,2021-01-27,,100.0,84.8,-15.2,37,Weather,588733737.0,566361855.0,-22371882.0,-3.8,883100605,566361855.0,64.1,CONT172,Interiors & Contracting LLC,129,165,78.2,False,97.9,0,67.4,True,False,Fit-Out,2021-05-21,2023-07-21,2024-03-17
CONS000926,PROJ023,Prime Heights,DEV0034,2021-05-26,Fit-Out,2021-05-26,2021-09-13,2021-06-14,,0.0,1.7,1.7,19,COVID-19,588733737.0,591235855.0,2502118.0,0.4,883100605,591235855.0,66.9,CONT172,Interiors & Contracting LLC,216,235,91.9,False,97.6,0,76.6,False,False,Handover,2021-09-18,2023-07-21,2024-03-17
CONS000927,PROJ023,Prime Heights,DEV0034,2021-06-01,Fit-Out,2021-05-26,2021-09-13,2021-06-14,,5.5,0.0,-5.5,19,Regulatory,596828826.0,588733737.0,-8095089.0,-1.4,883100605,588733737.0,66.7,CONT172,Interiors & Contracting LLC,420,457,91.9,False,83.4,0,76.2,False,False,Handover,2021-09-18,2023-07-21,2024-03-17
CONS000928,PROJ023,Prime Heights,DEV0034,2021-07-01,Fit-Out,2021-05-26,2021-09-13,2021-06-14,,32.7,15.6,-17.1,19,Financing,636862720.0,611694352.0,-25168368.0,-4.0,883100605,611694352.0,69.3,CONT172,Interiors & Contracting LLC,366,380,96.3,False,89.3,0,68.0,True,False,Handover,2021-09-18,2023-07-21,2024-03-17
CONS000929,PROJ023,Prime Heights,DEV0034,2021-08-01,Fit-Out,2021-05-26,2021-09-13,2021-06-14,,60.9,50.6,-10.3,19,Design Change,678368448.0,663208554.0,-15159894.0,-2.2,883100605,663208554.0,75.1,CONT172,Interiors & Contracting LLC,165,235,70.2,False,90.5,0,74.2,True,False,Handover,2021-09-18,2023-07-21,2024-03-17
CONS000930,PROJ023,Prime Heights,DEV0034,2021-09-01,Fit-Out,2021-05-26,2021-09-13,2021-06-14,,89.1,68.7,-20.4,19,Financing,719874177.0,689848756.0,-30025421.0,-4.2,883100605,689848756.0,78.1,CONT172,Interiors & Contracting LLC,372,447,83.2,False,75.5,0,71.0,True,False,Handover,2021-09-18,2023-07-21,2024-03-17
CONS000931,PROJ023,Prime Heights,DEV0034,2021-10-01,Fit-Out,2021-05-26,2021-09-13,2021-06-14,,100.0,95.5,-4.5,19,COVID-19,735917171.0,729293916.0,-6623255.0,-0.9,883100605,729293916.0,82.6,CONT172,Interiors & Contracting LLC,417,504,82.7,True,93.2,0,72.0,False,False,Handover,2021-09-18,2023-07-21,2024-03-17
CONS000932,PROJ023,Prime Heights,DEV0034,2021-11-01,Fit-Out,2021-05-26,2021-09-13,2021-06-14,,100.0,93.0,-7.0,19,Labour Shortage,735917171.0,725614330.0,-10302841.0,-1.4,883100605,725614330.0,82.2,CONT172,Interiors & Contracting LLC,479,495,96.8,True,88.5,0,75.4,False,False,Handover,2021-09-18,2023-07-21,2024-03-17
CONS000933,PROJ023,Prime Heights,DEV0034,2021-09-23,Handover,2021-09-23,2022-01-11,2021-09-25,,0.0,0.0,0.0,44,Financing,735917171.0,735917171.0,0.0,0.0,883100605,735917171.0,83.3,CONT172,Interiors & Contracting LLC,375,350,107.1,False,86.1,0,76.3,True,False,Completed,2022-01-16,2023-07-21,2024-03-17
CONS000934,PROJ023,Prime Heights,DEV0034,2021-10-01,Handover,2021-09-23,2022-01-11,2021-09-25,,7.3,0.0,-7.3,44,Financing,746661562.0,735917171.0,-10744391.0,-1.4,883100605,735917171.0,83.3,CONT172,Interiors & Contracting LLC,602,628,95.9,False,77.5,0,74.9,True,False,Completed,2022-01-16,2023-07-21,2024-03-17
CONS000935,PROJ023,Prime Heights,DEV0034,2021-11-01,Handover,2021-09-23,2022-01-11,2021-09-25,,35.5,15.1,-20.4,44,Labour Shortage,788167290.0,758141869.0,-30025421.0,-3.8,883100605,758141869.0,85.8,CONT172,Interiors & Contracting LLC,451,601,75.0,False,77.7,0,67.7,True,False,Completed,2022-01-16,2023-07-21,2024-03-17
CONS000936,PROJ023,Prime Heights,DEV0034,2021-12-01,Handover,2021-09-23,2022-01-11,2021-09-25,,62.7,45.1,-17.6,44,Weather,828201184.0,802296900.0,-25904284.0,-3.1,883100605,802296900.0,90.9,CONT172,Interiors & Contracting LLC,191,213,89.7,False,87.9,0,70.8,True,False,Completed,2022-01-16,2023-07-21,2024-03-17
CONS000937,PROJ023,Prime Heights,DEV0034,2022-01-01,Handover,2021-09-23,2022-01-11,2021-09-25,,90.9,66.5,-24.4,44,Material Delay,869706912.0,833794155.0,-35912757.0,-4.1,883100605,833794155.0,94.4,CONT172,Interiors & Contracting LLC,192,204,94.1,False,89.5,0,65.1,True,False,Completed,2022-01-16,2023-07-21,2024-03-17
CONS000938,PROJ023,Prime Heights,DEV0034,2022-02-01,Handover,2021-09-23,2022-01-11,2021-09-25,,100.0,83.7,-16.3,44,Regulatory,883100605.0,859109705.0,-23990900.0,-2.7,883100605,859109705.0,97.3,CONT172,Interiors & Contracting LLC,643,747,86.1,False,79.8,0,66.4,True,False,Completed,2022-01-16,2023-07-21,2024-03-17
CONS000939,PROJ023,Prime Heights,DEV0034,2022-03-01,Handover,2021-09-23,2022-01-11,2021-09-25,,100.0,93.3,-6.7,44,Regulatory,883100605.0,873239315.0,-9861290.0,-1.1,883100605,873239315.0,98.9,CONT172,Interiors & Contracting LLC,463,570,81.2,True,72.6,0,74.1,True,False,Completed,2022-01-16,2023-07-21,2024-03-17
CONS000940,PROJ024,Grand Residences,DEV0011,2021-08-01,Foundation,2021-08-01,2021-11-19,2021-08-02,,0.0,0.3,0.3,1,Design Change,0.0,696575.0,696575.0,69657500.0,1393150023,696575.0,0.0,CONT185,ACC (Arabian Construction Co) LLC,664,657,101.1,False,83.9,0,92.0,False,True,Structure,2021-11-24,2025-03-14,2025-03-14
CONS000941,PROJ024,Grand Residences,DEV0011,2021-09-01,Foundation,2021-08-01,2021-11-19,2021-08-02,,28.2,14.2,-14.0,1,Design Change,65478051.0,32971217.0,-32506834.0,-49.6,1393150023,32971217.0,2.4,CONT185,ACC (Arabian Construction Co) LLC,667,745,89.5,False,82.3,0,86.0,True,False,Structure,2021-11-24,2025-03-14,2025-03-14
CONS000942,PROJ024,Grand Residences,DEV0011,2021-10-01,Foundation,2021-08-01,2021-11-19,2021-08-02,,55.5,44.2,-11.3,1,Design Change,128866377.0,102628718.0,-26237659.0,-20.4,1393150023,102628718.0,7.4,CONT185,ACC (Arabian Construction Co) LLC,124,158,78.5,False,97.9,1,81.2,True,True,Structure,2021-11-24,2025-03-14,2025-03-14
CONS000943,PROJ024,Grand Residences,DEV0011,2021-11-01,Foundation,2021-08-01,2021-11-19,2021-08-02,,83.6,73.0,-10.6,1,Weather,194112237.0,169499919.0,-24612318.0,-12.7,1393150023,169499919.0,12.2,CONT185,ACC (Arabian Construction Co) LLC,440,548,80.3,False,81.6,0,86.1,True,False,Structure,2021-11-24,2025-03-14,2025-03-14
CONS000944,PROJ024,Grand Residences,DEV0011,2021-12-01,Foundation,2021-08-01,2021-11-19,2021-08-02,,100.0,98.1,-1.9,1,Financing,232191670.0,227780029.0,-4411641.0,-1.9,1393150023,227780029.0,16.4,CONT185,ACC (Arabian Construction Co) LLC,294,303,97.0,True,89.0,0,87.2,False,False,Structure,2021-11-24,2025-03-14,2025-03-14
CONS000945,PROJ024,Grand Residences,DEV0011,2022-01-01,Foundation,2021-08-01,2021-11-19,2021-08-02,,100.0,86.1,-13.9,1,Financing,232191670.0,199917028.0,-32274642.0,-13.9,1393150023,199917028.0,14.3,CONT185,ACC (Arabian Construction Co) LLC,217,218,99.5,False,82.8,0,85.1,True,False,Structure,2021-11-24,2025-03-14,2025-03-14
CONS000946,PROJ024,Grand Residences,DEV0011,2021-11-29,Structure,2021-11-29,2022-03-19,2021-11-29,,0.0,9.8,9.8,0,,232191670.0,254946454.0,22754784.0,9.8,1393150023,254946454.0,18.3,CONT185,ACC (Arabian Construction Co) LLC,202,202,100.0,False,73.3,0,93.5,False,False,MEP,2022-03-24,2025-03-14,2025-03-14
CONS000947,PROJ024,Grand Residences,DEV0011,2021-12-01,Structure,2021-11-29,2022-03-19,2021-11-29,,1.8,0.0,-1.8,0,,236371121.0,232191670.0,-4179451.0,-1.8,1393150023,232191670.0,16.7,CONT185,ACC (Arabian Construction Co) LLC,237,293,80.9,False,78.3,0,88.3,False,False,MEP,2022-03-24,2025-03-14,2025-03-14
CONS000948,PROJ024,Grand Residences,DEV0011,2022-01-01,Structure,2021-11-29,2022-03-19,2021-11-29,,30.0,26.0,-4.0,0,,301849172.0,292561505.0,-9287667.0,-3.1,1393150023,292561505.0,21.0,CONT185,ACC (Arabian Construction Co) LLC,155,188,82.4,False,93.5,0,90.0,False,False,MEP,2022-03-24,2025-03-14,2025-03-14
CONS000949,PROJ024,Grand Residences,DEV0011,2022-02-01,Structure,2021-11-29,2022-03-19,2021-11-29,,58.2,48.9,-9.3,0,,367327223.0,345733397.0,-21593826.0,-5.9,1393150023,345733397.0,24.8,CONT185,ACC (Arabian Construction Co) LLC,412,564,73.0,False,74.0,0,87.3,False,False,MEP,2022-03-24,2025-03-14,2025-03-14
CONS000950,PROJ024,Grand Residences,DEV0011,2022-03-01,Structure,2021-11-29,2022-03-19,2021-11-29,,83.6,78.2,-5.4,0,,426303907.0,413765557.0,-12538350.0,-2.9,1393150023,413765557.0,29.7,CONT185,ACC (Arabian Construction Co) LLC,262,244,107.4,False,72.5,0,88.7,False,False,MEP,2022-03-24,2025-03-14,2025-03-14
CONS000951,PROJ024,Grand Residences,DEV0011,2022-04-01,Structure,2021-11-29,2022-03-19,2021-11-29,,100.0,95.2,-4.8,0,,464383341.0,453238141.0,-11145200.0,-2.4,1393150023,453238141.0,32.5,CONT185,ACC (Arabian Construction Co) LLC,659,679,97.1,True,85.5,0,90.0,False,False,MEP,2022-03-24,2025-03-14,2025-03-14
CONS000952,PROJ024,Grand Residences,DEV0011,2022-05-01,Structure,2021-11-29,2022-03-19,2021-11-29,2022-03-19,100.0,100.0,0.0,0,,464383341.0,464383341.0,0.0,0.0,1393150023,464383341.0,33.3,CONT185,ACC (Arabian Construction Co) LLC,191,188,101.6,True,78.0,0,88.6,False,False,MEP,2022-03-24,2025-03-14,2025-03-14
CONS000953,PROJ024,Grand Residences,DEV0011,2022-03-29,MEP,2022-03-29,2022-07-17,2022-03-29,,0.0,9.4,9.4,0,,464383341.0,486209358.0,21826017.0,4.7,1393150023,486209358.0,34.9,CONT185,ACC (Arabian Construction Co) LLC,260,249,104.4,False,85.4,0,93.8,False,False,Façade,2022-07-22,2025-03-14,2025-03-14
CONS000954,PROJ024,Grand Residences,DEV0011,2022-04-01,MEP,2022-03-29,2022-07-17,2022-03-29,,2.7,9.1,6.4,0,,470652516.0,485512783.0,14860267.0,3.2,1393150023,485512783.0,34.8,CONT185,ACC (Arabian Construction Co) LLC,353,464,76.1,False,77.4,0,90.8,False,False,Façade,2022-07-22,2025-03-14,2025-03-14
CONS000955,PROJ024,Grand Residences,DEV0011,2022-05-01,MEP,2022-03-29,2022-07-17,2022-03-29,,30.0,33.8,3.8,0,,534040842.0,542864126.0,8823284.0,1.7,1393150023,542864126.0,39.0,CONT185,ACC (Arabian Construction Co) LLC,223,251,88.8,False,72.8,0,91.5,False,False,Façade,2022-07-22,2025-03-14,2025-03-14
CONS000956,PROJ024,Grand Residences,DEV0011,2022-06-01,MEP,2022-03-29,2022-07-17,2022-03-29,,58.2,48.7,-9.5,0,,599518893.0,577460685.0,-22058208.0,-3.7,1393150023,577460685.0,41.5,CONT185,ACC (Arabian Construction Co) LLC,508,494,102.8,False,75.1,0,85.6,False,False,Façade,2022-07-22,2025-03-14,2025-03-14
CONS000957,PROJ024,Grand Residences,DEV0011,2022-07-01,MEP,2022-03-29,2022-07-17,2022-03-29,,85.5,78.9,-6.6,0,,662907219.0,647582569.0,-15324650.0,-2.3,1393150023,647582569.0,46.5,CONT185,ACC (Arabian Construction Co) LLC,621,582,106.7,False,78.6,0,85.9,False,False,Façade,2022-07-22,2025-03-14,2025-03-14
CONS000958,PROJ024,Grand Residences,DEV0011,2022-08-01,MEP,2022-03-29,2022-07-17,2022-03-29,,100.0,92.0,-8.0,0,,696575012.0,677999678.0,-18575334.0,-2.7,1393150023,677999678.0,48.7,CONT185,ACC (Arabian Construction Co) LLC,239,295,81.0,True,90.1,0,87.5,False,False,Façade,2022-07-22,2025-03-14,2025-03-14
CONS000959,PROJ024,Grand Residences,DEV0011,2022-09-01,MEP,2022-03-29,2022-07-17,2022-03-29,2022-07-17,100.0,100.0,0.0,0,,696575012.0,696575012.0,0.0,0.0,1393150023,696575012.0,50.0,CONT185,ACC (Arabian Construction Co) LLC,269,335,80.3,True,70.2,0,85.9,False,False,Façade,2022-07-22,2025-03-14,2025-03-14
CONS000960,PROJ024,Grand Residences,DEV0011,2022-07-27,Façade,2022-07-27,2022-11-14,2022-08-01,,0.0,4.3,4.3,10,Regulatory,696575012.0,706559253.0,9984241.0,1.4,1393150023,706559253.0,50.7,CONT185,ACC (Arabian Construction Co) LLC,661,757,87.3,False,76.3,0,90.4,False,False,Fit-Out,2022-11-19,2025-03-14,2025-03-14
CONS000961,PROJ024,Grand Residences,DEV0011,2022-08-01,Façade,2022-07-27,2022-11-14,2022-08-01,,4.5,1.1,-3.4,10,Material Delay,707023637.0,699129120.0,-7894517.0,-1.1,1393150023,699129120.0,50.2,CONT185,ACC (Arabian Construction Co) LLC,283,331,85.5,False,95.1,0,85.5,False,False,Fit-Out,2022-11-19,2025-03-14,2025-03-14
CONS000962,PROJ024,Grand Residences,DEV0011,2022-09-01,Façade,2022-07-27,2022-11-14,2022-08-01,,32.7,28.5,-4.2,10,Design Change,772501688.0,762749638.0,-9752050.0,-1.3,1393150023,762749638.0,54.8,CONT185,ACC (Arabian Construction Co) LLC,344,361,95.3,False,78.8,2,80.0,False,True,Fit-Out,2022-11-19,2025-03-14,2025-03-14
CONS000963,PROJ024,Grand Residences,DEV0011,2022-10-01,Façade,2022-07-27,2022-11-14,2022-08-01,,60.0,57.3,-2.7,10,Material Delay,835890014.0,829620839.0,-6269175.0,-0.7,1393150023,829620839.0,59.6,CONT185,ACC (Arabian Construction Co) LLC,593,647,91.7,False,80.6,0,91.0,False,False,Fit-Out,2022-11-19,2025-03-14,2025-03-14
CONS000964,PROJ024,Grand Residences,DEV0011,2022-11-01,Façade,2022-07-27,2022-11-14,2022-08-01,,88.2,71.4,-16.8,10,Regulatory,901368065.0,862359864.0,-39008201.0,-4.3,1393150023,862359864.0,61.9,CONT185,ACC (Arabian Construction Co) LLC,216,248,87.1,False,89.1,0,82.9,True,False,Fit-Out,2022-11-19,2025-03-14,2025-03-14
CONS000965,PROJ024,Grand Residences,DEV0011,2022-12-01,Façade,2022-07-27,2022-11-14,2022-08-01,,100.0,90.5,-9.5,10,COVID-19,928766682.0,906708473.0,-22058209.0,-2.4,1393150023,906708473.0,65.1,CONT185,ACC (Arabian Construction Co) LLC,258,307,84.0,True,71.7,0,87.7,False,False,Fit-Out,2022-11-19,2025-03-14,2025-03-14
CONS000966,PROJ024,Grand Residences,DEV0011,2023-01-01,Façade,2022-07-27,2022-11-14,2022-08-01,,100.0,92.5,-7.5,10,Weather,928766682.0,911352307.0,-17414375.0,-1.9,1393150023,911352307.0,65.4,CONT185,ACC (Arabian Construction Co) LLC,675,727,92.8,True,77.7,0,89.2,False,False,Fit-Out,2022-11-19,2025-03-14,2025-03-14
CONS000967,PROJ024,Grand Residences,DEV0011,2022-11-24,Fit-Out,2022-11-24,2023-03-14,2022-11-24,,0.0,0.0,0.0,0,,928766682.0,928766682.0,0.0,0.0,1393150023,928766682.0,66.7,CONT185,ACC (Arabian Construction Co) LLC,500,646,77.4,False,91.4,0,91.5,False,False,Handover,2023-03-19,2025-03-14,2025-03-14
CONS000968,PROJ024,Grand Residences,DEV0011,2022-12-01,Fit-Out,2022-11-24,2023-03-14,2022-11-24,,6.4,7.2,0.8,0,,943626949.0,945484482.0,1857533.0,0.2,1393150023,945484482.0,67.9,CONT185,ACC (Arabian Construction Co) LLC,252,266,94.7,False,77.5,0,90.4,False,False,Handover,2023-03-19,2025-03-14,2025-03-14
CONS000969,PROJ024,Grand Residences,DEV0011,2023-01-01,Fit-Out,2022-11-24,2023-03-14,2022-11-24,,34.5,42.1,7.6,0,,1008872808.0,1026519375.0,17646567.0,1.7,1393150023,1026519375.0,73.7,CONT185,ACC (Arabian Construction Co) LLC,572,783,73.1,False,75.5,0,93.4,False,False,Handover,2023-03-19,2025-03-14,2025-03-14
CONS000970,PROJ024,Grand Residences,DEV0011,2023-02-01,Fit-Out,2022-11-24,2023-03-14,2022-11-24,,62.7,53.0,-9.7,0,,1074350859.0,1051828267.0,-22522592.0,-2.1,1393150023,1051828267.0,75.5,CONT185,ACC (Arabian Construction Co) LLC,373,455,82.0,False,95.5,0,85.5,False,False,Handover,2023-03-19,2025-03-14,2025-03-14
CONS000971,PROJ024,Grand Residences,DEV0011,2023-03-01,Fit-Out,2022-11-24,2023-03-14,2022-11-24,,88.2,85.9,-2.3,0,,1133559735.0,1128219327.0,-5340408.0,-0.5,1393150023,1128219327.0,81.0,CONT185,ACC (Arabian Construction Co) LLC,248,249,99.6,False,87.7,0,89.2,False,False,Handover,2023-03-19,2025-03-14,2025-03-14
CONS000972,PROJ024,Grand Residences,DEV0011,2023-04-01,Fit-Out,2022-11-24,2023-03-14,2022-11-24,,100.0,93.7,-6.3,0,,1160958352.0,1146330277.0,-14628075.0,-1.3,1393150023,1146330277.0,82.3,CONT185,ACC (Arabian Construction Co) LLC,464,558,83.2,True,83.5,2,76.9,False,True,Handover,2023-03-19,2025-03-14,2025-03-14
CONS000973,PROJ024,Grand Residences,DEV0011,2023-05-01,Fit-Out,2022-11-24,2023-03-14,2022-11-24,,100.0,93.5,-6.5,0,,1160958352.0,1145865894.0,-15092458.0,-1.3,1393150023,1145865894.0,82.3,CONT185,ACC (Arabian Construction Co) LLC,829,781,106.1,True,97.7,0,86.3,False,False,Handover,2023-03-19,2025-03-14,2025-03-14
CONS000974,PROJ024,Grand Residences,DEV0011,2023-03-24,Handover,2023-03-24,2023-07-12,2023-03-24,,0.0,0.0,0.0,3,Design Change,1160958352.0,1160958352.0,0.0,0.0,1393150023,1160958352.0,83.3,CONT185,ACC (Arabian Construction Co) LLC,266,351,75.8,False,92.6,0,89.8,False,False,Completed,2023-07-17,2025-03-14,2025-03-14
CONS000975,PROJ024,Grand Residences,DEV0011,2023-04-01,Handover,2023-03-24,2023-07-12,2023-03-24,,7.3,0.0,-7.3,3,Material Delay,1177908344.0,1160958352.0,-16949992.0,-1.4,1393150023,1160958352.0,83.3,CONT185,ACC (Arabian Construction Co) LLC,162,210,77.1,False,91.8,0,88.2,False,False,Completed,2023-07-17,2025-03-14,2025-03-14
CONS000976,PROJ024,Grand Residences,DEV0011,2023-05-01,Handover,2023-03-24,2023-07-12,2023-03-24,,34.5,23.8,-10.7,3,Regulatory,1241064479.0,1216219970.0,-24844509.0,-2.0,1393150023,1216219970.0,87.3,CONT185,ACC (Arabian Construction Co) LLC,179,186,96.2,False,95.0,0,88.8,True,False,Completed,2023-07-17,2025-03-14,2025-03-14
CONS000977,PROJ024,Grand Residences,DEV0011,2023-06-01,Handover,2023-03-24,2023-07-12,2023-03-24,,62.7,54.8,-7.9,3,Regulatory,1306542530.0,1288199388.0,-18343142.0,-1.4,1393150023,1288199388.0,92.5,CONT185,ACC (Arabian Construction Co) LLC,141,181,77.9,False,92.5,0,87.9,False,False,Completed,2023-07-17,2025-03-14,2025-03-14
CONS000978,PROJ024,Grand Residences,DEV0011,2023-07-01,Handover,2023-03-24,2023-07-12,2023-03-24,,90.0,91.1,1.1,3,Design Change,1369930856.0,1372484964.0,2554108.0,0.2,1393150023,1372484964.0,98.5,CONT185,ACC (Arabian Construction Co) LLC,558,731,76.3,False,81.1,0,91.3,False,False,Completed,2023-07-17,2025-03-14,2025-03-14
CONS000979,PROJ024,Grand Residences,DEV0011,2023-08-01,Handover,2023-03-24,2023-07-12,2023-03-24,,100.0,92.8,-7.2,3,COVID-19,1393150023.0,1376432223.0,-16717800.0,-1.2,1393150023,1376432223.0,98.8,CONT185,ACC (Arabian Construction Co) LLC,491,475,103.4,True,94.9,0,88.8,False,False,Completed,2023-07-17,2025-03-14,2025-03-14
CONS000980,PROJ024,Grand Residences,DEV0011,2023-09-01,Handover,2023-03-24,2023-07-12,2023-03-24,,100.0,92.9,-7.1,3,Regulatory,1393150023.0,1376664414.0,-16485609.0,-1.2,1393150023,1376664414.0,98.8,CONT185,ACC (Arabian Construction Co) LLC,393,449,87.5,True,93.6,0,92.9,False,False,Completed,2023-07-17,2025-03-14,2025-03-14
CONS000981,PROJ025,Luxe Place,DEV0017,2020-02-01,Foundation,2020-02-01,2020-05-21,2020-03-03,,0.0,0.0,0.0,50,COVID-19,0.0,0.0,0.0,0.0,911554446,0.0,0.0,CONT172,Interiors & Contracting LLC,130,150,86.7,False,87.6,0,74.2,True,False,Structure,2020-05-26,2022-02-13,2022-10-20
CONS000982,PROJ025,Luxe Place,DEV0017,2020-03-01,Foundation,2020-02-01,2020-05-21,2020-03-03,,26.4,2.6,-23.8,50,Labour Shortage,40108396.0,3950069.0,-36158327.0,-90.2,911554446,3950069.0,0.4,CONT172,Interiors & Contracting LLC,683,629,108.6,False,72.4,0,69.3,True,False,Structure,2020-05-26,2022-02-13,2022-10-20
CONS000983,PROJ025,Luxe Place,DEV0017,2020-04-01,Foundation,2020-02-01,2020-05-21,2020-03-03,,54.5,45.2,-9.3,50,Financing,82799529.0,68670435.0,-14129094.0,-17.1,911554446,68670435.0,7.5,CONT172,Interiors & Contracting LLC,657,796,82.5,False,97.9,0,78.0,True,False,Structure,2020-05-26,2022-02-13,2022-10-20
CONS000984,PROJ025,Luxe Place,DEV0017,2020-05-01,Foundation,2020-02-01,2020-05-21,2020-03-03,,81.8,63.1,-18.7,50,Material Delay,124275256.0,95865143.0,-28410113.0,-22.9,911554446,95865143.0,10.5,CONT172,Interiors & Contracting LLC,335,467,71.7,False,90.3,0,71.5,True,False,Structure,2020-05-26,2022-02-13,2022-10-20
CONS000985,PROJ025,Luxe Place,DEV0017,2020-06-01,Foundation,2020-02-01,2020-05-21,2020-03-03,,100.0,73.7,-26.3,50,Design Change,151925741.0,111969271.0,-39956470.0,-26.3,911554446,111969271.0,12.3,CONT172,Interiors & Contracting LLC,145,176,82.4,False,78.3,0,71.7,True,False,Structure,2020-05-26,2022-02-13,2022-10-20
CONS000986,PROJ025,Luxe Place,DEV0017,2020-07-01,Foundation,2020-02-01,2020-05-21,2020-03-03,,100.0,85.8,-14.2,50,Design Change,151925741.0,130352286.0,-21573455.0,-14.2,911554446,130352286.0,14.3,CONT172,Interiors & Contracting LLC,233,254,91.7,False,76.2,0,74.0,True,False,Structure,2020-05-26,2022-02-13,2022-10-20
CONS000987,PROJ025,Luxe Place,DEV0017,2020-05-31,Structure,2020-05-31,2020-09-18,2020-07-02,,0.0,0.0,0.0,56,Regulatory,151925741.0,151925741.0,0.0,0.0,911554446,151925741.0,16.7,CONT172,Interiors & Contracting LLC,777,710,109.4,False,85.3,0,82.0,True,False,MEP,2020-09-23,2022-02-13,2022-10-20
CONS000988,PROJ025,Luxe Place,DEV0017,2020-06-01,Structure,2020-05-31,2020-09-18,2020-07-02,,0.9,0.0,-0.9,56,Regulatory,153293073.0,151925741.0,-1367332.0,-0.9,911554446,151925741.0,16.7,CONT172,Interiors & Contracting LLC,448,591,75.8,False,93.3,0,75.3,True,False,MEP,2020-09-23,2022-02-13,2022-10-20
CONS000989,PROJ025,Luxe Place,DEV0017,2020-07-01,Structure,2020-05-31,2020-09-18,2020-07-02,,28.2,2.0,-26.2,56,Weather,194768800.0,154964256.0,-39804544.0,-20.4,911554446,154964256.0,17.0,CONT172,Interiors & Contracting LLC,328,415,79.0,False,96.2,0,72.4,True,False,MEP,2020-09-23,2022-02-13,2022-10-20
CONS000990,PROJ025,Luxe Place,DEV0017,2020-08-01,Structure,2020-05-31,2020-09-18,2020-07-02,,56.4,34.7,-21.7,56,Material Delay,237611859.0,204643973.0,-32967886.0,-13.9,911554446,204643973.0,22.4,CONT172,Interiors & Contracting LLC,469,577,81.3,False,84.6,0,74.8,True,False,MEP,2020-09-23,2022-02-13,2022-10-20
CONS000991,PROJ025,Luxe Place,DEV0017,2020-09-01,Structure,2020-05-31,2020-09-18,2020-07-02,,84.5,67.2,-17.3,56,Labour Shortage,280302992.0,254019839.0,-26283153.0,-9.4,911554446,254019839.0,27.9,CONT172,Interiors & Contracting LLC,522,566,92.2,False,94.9,0,70.6,True,False,MEP,2020-09-23,2022-02-13,2022-10-20
CONS000992,PROJ025,Luxe Place,DEV0017,2020-10-01,Structure,2020-05-31,2020-09-18,2020-07-02,,100.0,81.9,-18.1,56,Design Change,303851482.0,276352923.0,-27498559.0,-9.0,911554446,276352923.0,30.3,CONT172,Interiors & Contracting LLC,346,361,95.8,False,94.1,2,63.9,True,True,MEP,2020-09-23,2022-02-13,2022-10-20
CONS000993,PROJ025,Luxe Place,DEV0017,2020-11-01,Structure,2020-05-31,2020-09-18,2020-07-02,,100.0,70.6,-29.4,56,COVID-19,303851482.0,259185314.0,-44666168.0,-14.7,911554446,259185314.0,28.4,CONT172,Interiors & Contracting LLC,634,706,89.8,False,82.5,0,67.0,True,False,MEP,2020-09-23,2022-02-13,2022-10-20
CONS000994,PROJ025,Luxe Place,DEV0017,2020-09-28,MEP,2020-09-28,2021-01-16,2020-10-15,,0.0,0.0,0.0,24,Labour Shortage,303851482.0,303851482.0,0.0,0.0,911554446,303851482.0,33.3,CONT172,Interiors & Contracting LLC,353,454,77.8,False,93.5,1,72.9,False,True,Façade,2021-01-21,2022-02-13,2022-10-20
CONS000995,PROJ025,Luxe Place,DEV0017,2020-10-01,MEP,2020-09-28,2021-01-16,2020-10-15,,2.7,0.0,-2.7,24,Labour Shortage,307953477.0,303851482.0,-4101995.0,-1.3,911554446,303851482.0,33.3,CONT172,Interiors & Contracting LLC,503,509,98.8,False,91.8,0,76.5,False,False,Façade,2021-01-21,2022-02-13,2022-10-20
CONS000996,PROJ025,Luxe Place,DEV0017,2020-11-01,MEP,2020-09-28,2021-01-16,2020-10-15,,30.9,9.7,-21.2,24,Design Change,350796536.0,318588279.0,-32208257.0,-9.2,911554446,318588279.0,35.0,CONT172,Interiors & Contracting LLC,525,728,72.1,False,82.7,0,66.6,True,False,Façade,2021-01-21,2022-02-13,2022-10-20
CONS000997,PROJ025,Luxe Place,DEV0017,2020-12-01,MEP,2020-09-28,2021-01-16,2020-10-15,,58.2,46.1,-12.1,24,Labour Shortage,392272263.0,373889249.0,-18383014.0,-4.7,911554446,373889249.0,41.0,CONT172,Interiors & Contracting LLC,188,177,106.2,False,72.3,0,75.0,True,False,Façade,2021-01-21,2022-02-13,2022-10-20
CONS000998,PROJ025,Luxe Place,DEV0017,2021-01-01,MEP,2020-09-28,2021-01-16,2020-10-15,,86.4,70.2,-16.2,24,Financing,435115322.0,410503352.0,-24611970.0,-5.7,911554446,410503352.0,45.0,CONT172,Interiors & Contracting LLC,326,414,78.7,False,73.8,0,73.2,True,False,Façade,2021-01-21,2022-02-13,2022-10-20
CONS000999,PROJ025,Luxe Place,DEV0017,2021-02-01,MEP,2020-09-28,2021-01-16,2020-10-15,,100.0,78.9,-21.1,24,COVID-19,455777223.0,423720892.0,-32056331.0,-7.0,911554446,423720892.0,46.5,CONT172,Interiors & Contracting LLC,181,176,102.8,False,84.5,0,74.4,True,False,Façade,2021-01-21,2022-02-13,2022-10-20
CONS001000,PROJ025,Luxe Place,DEV0017,2021-03-01,MEP,2020-09-28,2021-01-16,2020-10-15,,100.0,99.6,-0.4,24,Regulatory,455777223.0,455169520.0,-607703.0,-0.1,911554446,455169520.0,49.9,CONT172,Interiors & Contracting LLC,217,273,79.5,True,78.2,0,78.9,False,False,Façade,2021-01-21,2022-02-13,2022-10-20
CONS001001,PROJ025,Luxe Place,DEV0017,2021-01-26,Façade,2021-01-26,2021-05-16,2021-01-28,,0.0,4.8,4.8,8,Regulatory,455777223.0,463069659.0,7292436.0,1.6,911554446,463069659.0,50.8,CONT172,Interiors & Contracting LLC,203,197,103.0,False,92.1,0,83.8,False,False,Fit-Out,2021-05-21,2022-02-13,2022-10-20
CONS001002,PROJ025,Luxe Place,DEV0017,2021-02-01,Façade,2021-01-26,2021-05-16,2021-01-28,,5.5,0.0,-5.5,8,Weather,464133139.0,455777223.0,-8355916.0,-1.8,911554446,455777223.0,50.0,CONT172,Interiors & Contracting LLC,442,538,82.2,False,90.5,0,76.4,False,False,Fit-Out,2021-05-21,2022-02-13,2022-10-20
CONS001003,PROJ025,Luxe Place,DEV0017,2021-03-01,Façade,2021-01-26,2021-05-16,2021-01-28,,30.9,15.8,-15.1,8,Design Change,502722277.0,479781490.0,-22940787.0,-4.6,911554446,479781490.0,52.6,CONT172,Interiors & Contracting LLC,568,650,87.4,False,84.2,0,73.1,True,False,Fit-Out,2021-05-21,2022-02-13,2022-10-20
CONS001004,PROJ025,Luxe Place,DEV0017,2021-04-01,Façade,2021-01-26,2021-05-16,2021-01-28,,59.1,48.2,-10.9,8,Design Change,545565336.0,529005430.0,-16559906.0,-3.0,911554446,529005430.0,58.0,CONT172,Interiors & Contracting LLC,533,496,107.5,False,75.9,0,74.2,True,False,Fit-Out,2021-05-21,2022-02-13,2022-10-20
CONS001005,PROJ025,Luxe Place,DEV0017,2021-05-01,Façade,2021-01-26,2021-05-16,2021-01-28,,86.4,91.5,5.1,8,COVID-19,587041063.0,594789276.0,7748213.0,1.3,911554446,594789276.0,65.2,CONT172,Interiors & Contracting LLC,477,551,86.6,False,95.3,0,78.5,False,False,Fit-Out,2021-05-21,2022-02-13,2022-10-20
CONS001006,PROJ025,Luxe Place,DEV0017,2021-06-01,Façade,2021-01-26,2021-05-16,2021-01-28,,100.0,93.7,-6.3,8,Labour Shortage,607702964.0,598131642.0,-9571322.0,-1.6,911554446,598131642.0,65.6,CONT172,Interiors & Contracting LLC,182,209,87.1,True,75.6,0,71.5,False,False,Fit-Out,2021-05-21,2022-02-13,2022-10-20
CONS001007,PROJ025,Luxe Place,DEV0017,2021-07-01,Façade,2021-01-26,2021-05-16,2021-01-28,,100.0,83.1,-16.9,8,Material Delay,607702964.0,582027514.0,-25675450.0,-4.2,911554446,582027514.0,63.9,CONT172,Interiors & Contracting LLC,609,757,80.4,False,72.6,0,72.3,True,False,Fit-Out,2021-05-21,2022-02-13,2022-10-20
CONS001008,PROJ025,Luxe Place,DEV0017,2021-05-26,Fit-Out,2021-05-26,2021-09-13,2021-06-22,,0.0,0.0,0.0,33,Regulatory,607702964.0,607702964.0,0.0,0.0,911554446,607702964.0,66.7,CONT172,Interiors & Contracting LLC,285,310,91.9,False,71.5,0,73.7,True,False,Handover,2021-09-18,2022-02-13,2022-10-20
CONS001009,PROJ025,Luxe Place,DEV0017,2021-06-01,Fit-Out,2021-05-26,2021-09-13,2021-06-22,,5.5,0.0,-5.5,33,Weather,616058880.0,607702964.0,-8355916.0,-1.4,911554446,607702964.0,66.7,CONT172,Interiors & Contracting LLC,417,421,99.0,False,72.9,0,77.1,True,False,Handover,2021-09-18,2022-02-13,2022-10-20
CONS001010,PROJ025,Luxe Place,DEV0017,2021-07-01,Fit-Out,2021-05-26,2021-09-13,2021-06-22,,32.7,22.6,-10.1,33,Financing,657382681.0,642038181.0,-15344500.0,-2.3,911554446,642038181.0,70.4,CONT172,Interiors & Contracting LLC,191,213,89.7,False,91.3,0,72.3,True,False,Handover,2021-09-18,2022-02-13,2022-10-20
CONS001011,PROJ025,Luxe Place,DEV0017,2021-08-01,Fit-Out,2021-05-26,2021-09-13,2021-06-22,,60.9,41.5,-19.4,33,Labour Shortage,700225740.0,670752147.0,-29473593.0,-4.2,911554446,670752147.0,73.6,CONT172,Interiors & Contracting LLC,445,500,89.0,False,95.6,0,70.2,True,False,Handover,2021-09-18,2022-02-13,2022-10-20
CONS001012,PROJ025,Luxe Place,DEV0017,2021-09-01,Fit-Out,2021-05-26,2021-09-13,2021-06-22,,89.1,79.5,-9.6,33,Material Delay,743068799.0,728483928.0,-14584871.0,-2.0,911554446,728483928.0,79.9,CONT172,Interiors & Contracting LLC,231,258,89.5,False,95.9,0,73.6,True,False,Handover,2021-09-18,2022-02-13,2022-10-20
CONS001013,PROJ025,Luxe Place,DEV0017,2021-10-01,Fit-Out,2021-05-26,2021-09-13,2021-06-22,,100.0,92.3,-7.7,33,Design Change,759628705.0,747930423.0,-11698282.0,-1.5,911554446,747930423.0,82.1,CONT172,Interiors & Contracting LLC,547,684,80.0,True,91.3,0,75.1,True,False,Handover,2021-09-18,2022-02-13,2022-10-20
CONS001014,PROJ025,Luxe Place,DEV0017,2021-11-01,Fit-Out,2021-05-26,2021-09-13,2021-06-22,,100.0,76.0,-24.0,33,Design Change,759628705.0,723166527.0,-36462178.0,-4.8,911554446,723166527.0,79.3,CONT172,Interiors & Contracting LLC,385,416,92.5,False,95.1,0,70.6,True,False,Handover,2021-09-18,2022-02-13,2022-10-20
CONS001015,PROJ025,Luxe Place,DEV0017,2021-09-23,Handover,2021-09-23,2022-01-11,2021-10-03,,0.0,0.0,0.0,19,Weather,759628705.0,759628705.0,0.0,0.0,911554446,759628705.0,83.3,CONT172,Interiors & Contracting LLC,489,541,90.4,False,83.9,0,80.0,False,False,Completed,2022-01-16,2022-02-13,2022-10-20
CONS001016,PROJ025,Luxe Place,DEV0017,2021-10-01,Handover,2021-09-23,2022-01-11,2021-10-03,,7.3,3.8,-3.5,19,Weather,770719284.0,765401883.0,-5317401.0,-0.7,911554446,765401883.0,84.0,CONT172,Interiors & Contracting LLC,500,487,102.7,False,94.5,0,75.6,False,False,Completed,2022-01-16,2022-02-13,2022-10-20
CONS001017,PROJ025,Luxe Place,DEV0017,2021-11-01,Handover,2021-09-23,2022-01-11,2021-10-03,,35.5,20.1,-15.4,19,Material Delay,813562343.0,790165779.0,-23396564.0,-2.9,911554446,790165779.0,86.7,CONT172,Interiors & Contracting LLC,446,494,90.3,False,91.7,1,69.1,True,True,Completed,2022-01-16,2022-02-13,2022-10-20
CONS001018,PROJ025,Luxe Place,DEV0017,2021-12-01,Handover,2021-09-23,2022-01-11,2021-10-03,,62.7,64.1,1.4,19,Financing,854886145.0,857013105.0,2126960.0,0.2,911554446,857013105.0,94.0,CONT172,Interiors & Contracting LLC,501,467,107.3,False,71.0,0,83.7,False,False,Completed,2022-01-16,2022-02-13,2022-10-20
CONS001019,PROJ025,Luxe Place,DEV0017,2022-01-01,Handover,2021-09-23,2022-01-11,2021-10-03,,90.9,77.5,-13.4,19,Labour Shortage,897729204.0,877371154.0,-20358050.0,-2.3,911554446,877371154.0,96.2,CONT172,Interiors & Contracting LLC,430,431,99.8,False,93.2,0,74.5,True,False,Completed,2022-01-16,2022-02-13,2022-10-20
CONS001020,PROJ025,Luxe Place,DEV0017,2022-02-01,Handover,2021-09-23,2022-01-11,2021-10-03,,100.0,95.5,-4.5,19,COVID-19,911554446.0,904717788.0,-6836658.0,-0.7,911554446,904717788.0,99.3,CONT172,Interiors & Contracting LLC,496,556,89.2,True,94.1,0,76.1,False,False,Completed,2022-01-16,2022-02-13,2022-10-20
CONS001021,PROJ025,Luxe Place,DEV0017,2022-03-01,Handover,2021-09-23,2022-01-11,2021-10-03,,100.0,83.8,-16.2,19,Labour Shortage,911554446.0,886942476.0,-24611970.0,-2.7,911554446,886942476.0,97.3,CONT172,Interiors & Contracting LLC,600,681,88.1,False,90.5,1,66.4,True,True,Completed,2022-01-16,2022-02-13,2022-10-20
CONS001022,PROJ026,One Views,DEV0004,2022-08-01,Foundation,2022-08-01,2022-11-19,2022-08-25,,0.0,0.0,0.0,31,Regulatory,0.0,0.0,0.0,0.0,1813000199,0.0,0.0,CONT169,Besix ME LLC,338,322,105.0,False,91.3,0,57.5,True,False,Structure,2022-11-24,2025-12-08,2026-08-13
CONS001023,PROJ026,One Views,DEV0004,2022-09-01,Foundation,2022-08-01,2022-11-19,2022-08-25,,28.2,11.6,-16.6,31,Regulatory,85211009.0,35051337.0,-50159672.0,-58.9,1813000199,35051337.0,1.9,CONT169,Besix ME LLC,219,243,90.1,False,73.6,0,51.1,True,False,Structure,2022-11-24,2025-12-08,2026-08-13
CONS001024,PROJ026,One Views,DEV0004,2022-10-01,Foundation,2022-08-01,2022-11-19,2022-08-25,,55.5,33.7,-21.8,31,Labour Shortage,167702518.0,101830178.0,-65872340.0,-39.3,1813000199,101830178.0,5.6,CONT169,Besix ME LLC,697,760,91.7,False,91.5,0,51.9,True,False,Structure,2022-11-24,2025-12-08,2026-08-13
CONS001025,PROJ026,One Views,DEV0004,2022-11-01,Foundation,2022-08-01,2022-11-19,2022-08-25,,83.6,71.7,-11.9,31,Labour Shortage,252611361.0,216653524.0,-35957837.0,-14.2,1813000199,216653524.0,12.0,CONT169,Besix ME LLC,346,391,88.5,False,95.9,0,54.5,True,False,Structure,2022-11-24,2025-12-08,2026-08-13
CONS001026,PROJ026,One Views,DEV0004,2022-12-01,Foundation,2022-08-01,2022-11-19,2022-08-25,,100.0,88.4,-11.6,31,Weather,302166700.0,267115363.0,-35051337.0,-11.6,1813000199,267115363.0,14.7,CONT169,Besix ME LLC,559,776,72.0,False,92.6,0,50.1,True,False,Structure,2022-11-24,2025-12-08,2026-08-13
CONS001027,PROJ026,One Views,DEV0004,2023-01-01,Foundation,2022-08-01,2022-11-19,2022-08-25,,100.0,80.3,-19.7,31,Financing,302166700.0,242639860.0,-59526840.0,-19.7,1813000199,242639860.0,13.4,CONT169,Besix ME LLC,332,462,71.9,False,75.4,0,52.0,True,False,Structure,2022-11-24,2025-12-08,2026-08-13
CONS001028,PROJ026,One Views,DEV0004,2022-11-29,Structure,2022-11-29,2023-03-19,2022-12-27,,0.0,0.0,0.0,33,Weather,302166700.0,302166700.0,0.0,0.0,1813000199,302166700.0,16.7,CONT169,Besix ME LLC,401,539,74.4,False,73.9,0,60.1,True,False,MEP,2023-03-24,2025-12-08,2026-08-13
CONS001029,PROJ026,One Views,DEV0004,2022-12-01,Structure,2022-11-29,2023-03-19,2022-12-27,,1.8,0.0,-1.8,33,Design Change,307605700.0,302166700.0,-5439000.0,-1.8,1813000199,302166700.0,16.7,CONT169,Besix ME LLC,148,196,75.5,False,76.5,0,56.6,True,False,MEP,2023-03-24,2025-12-08,2026-08-13
CONS001030,PROJ026,One Views,DEV0004,2023-01-01,Structure,2022-11-29,2023-03-19,2022-12-27,,30.0,16.4,-13.6,33,Design Change,392816710.0,351722039.0,-41094671.0,-10.5,1813000199,351722039.0,19.4,CONT169,Besix ME LLC,227,304,74.7,False,88.8,0,52.5,True,False,MEP,2023-03-24,2025-12-08,2026-08-13
CONS001031,PROJ026,One Views,DEV0004,2023-02-01,Structure,2022-11-29,2023-03-19,2022-12-27,,58.2,54.9,-3.3,33,Financing,478027719.0,468056218.0,-9971501.0,-2.1,1813000199,468056218.0,25.8,CONT169,Besix ME LLC,304,330,92.1,False,70.6,0,54.2,True,False,MEP,2023-03-24,2025-12-08,2026-08-13
CONS001032,PROJ026,One Views,DEV0004,2023-03-01,Structure,2022-11-29,2023-03-19,2022-12-27,,83.6,72.0,-11.6,33,Weather,554778061.0,519726724.0,-35051337.0,-6.3,1813000199,519726724.0,28.7,CONT169,Besix ME LLC,233,258,90.3,False,89.6,0,50.7,True,False,MEP,2023-03-24,2025-12-08,2026-08-13
CONS001033,PROJ026,One Views,DEV0004,2023-04-01,Structure,2022-11-29,2023-03-19,2022-12-27,,100.0,94.6,-5.4,33,Labour Shortage,604333400.0,588016398.0,-16317002.0,-2.7,1813000199,588016398.0,32.4,CONT169,Besix ME LLC,249,290,85.9,True,78.7,0,57.9,True,False,MEP,2023-03-24,2025-12-08,2026-08-13
CONS001034,PROJ026,One Views,DEV0004,2023-05-01,Structure,2022-11-29,2023-03-19,2022-12-27,,100.0,87.5,-12.5,33,Weather,604333400.0,566562562.0,-37770838.0,-6.3,1813000199,566562562.0,31.2,CONT169,Besix ME LLC,180,200,90.0,False,82.1,0,53.8,True,False,MEP,2023-03-24,2025-12-08,2026-08-13
CONS001035,PROJ026,One Views,DEV0004,2023-03-29,MEP,2023-03-29,2023-07-17,2023-04-01,,0.0,0.0,0.0,3,Design Change,604333400.0,604333400.0,0.0,0.0,1813000199,604333400.0,33.3,CONT169,Besix ME LLC,480,592,81.1,False,77.8,0,59.4,False,False,Façade,2023-07-22,2025-12-08,2026-08-13
CONS001036,PROJ026,One Views,DEV0004,2023-04-01,MEP,2023-03-29,2023-07-17,2023-04-01,,2.7,8.0,5.3,3,Weather,612491901.0,628506736.0,16014835.0,2.6,1813000199,628506736.0,34.7,CONT169,Besix ME LLC,388,394,98.5,False,89.0,0,62.6,False,False,Façade,2023-07-22,2025-12-08,2026-08-13
CONS001037,PROJ026,One Views,DEV0004,2023-05-01,MEP,2023-03-29,2023-07-17,2023-04-01,,30.0,33.9,3.9,3,Financing,694983410.0,706767911.0,11784501.0,1.7,1813000199,706767911.0,39.0,CONT169,Besix ME LLC,227,261,87.0,False,76.9,0,60.9,False,False,Façade,2023-07-22,2025-12-08,2026-08-13
CONS001038,PROJ026,One Views,DEV0004,2023-06-01,MEP,2023-03-29,2023-07-17,2023-04-01,,58.2,46.8,-11.4,3,COVID-19,780194419.0,745747415.0,-34447004.0,-4.4,1813000199,745747415.0,41.1,CONT169,Besix ME LLC,670,677,99.0,False,84.0,0,53.4,True,False,Façade,2023-07-22,2025-12-08,2026-08-13
CONS001039,PROJ026,One Views,DEV0004,2023-07-01,MEP,2023-03-29,2023-07-17,2023-04-01,,85.5,91.0,5.5,3,Material Delay,862685928.0,879305097.0,16619169.0,1.9,1813000199,879305097.0,48.5,CONT169,Besix ME LLC,510,670,76.1,False,77.5,0,59.8,False,False,Façade,2023-07-22,2025-12-08,2026-08-13
CONS001040,PROJ026,One Views,DEV0004,2023-08-01,MEP,2023-03-29,2023-07-17,2023-04-01,,100.0,88.5,-11.5,3,Labour Shortage,906500100.0,871750929.0,-34749171.0,-3.8,1813000199,871750929.0,48.1,CONT169,Besix ME LLC,660,623,105.9,False,72.3,0,53.2,True,False,Façade,2023-07-22,2025-12-08,2026-08-13
CONS001041,PROJ026,One Views,DEV0004,2023-09-01,MEP,2023-03-29,2023-07-17,2023-04-01,2023-07-20,100.0,100.0,0.0,3,COVID-19,906500100.0,906500100.0,0.0,0.0,1813000199,906500100.0,50.0,CONT169,Besix ME LLC,160,213,75.1,True,96.7,0,56.5,False,False,Façade,2023-07-22,2025-12-08,2026-08-13
CONS001042,PROJ026,One Views,DEV0004,2023-07-27,Façade,2023-07-27,2023-11-14,2023-07-29,,0.0,0.0,0.0,14,Design Change,906500100.0,906500100.0,0.0,0.0,1813000199,906500100.0,50.0,CONT169,Besix ME LLC,397,443,89.6,False,79.7,0,58.6,False,False,Fit-Out,2023-11-19,2025-12-08,2026-08-13
CONS001043,PROJ026,One Views,DEV0004,2023-08-01,Façade,2023-07-27,2023-11-14,2023-07-29,,4.5,1.4,-3.1,14,Regulatory,920097601.0,910730433.0,-9367168.0,-1.0,1813000199,910730433.0,50.2,CONT169,Besix ME LLC,362,433,83.6,False,87.2,0,55.3,False,False,Fit-Out,2023-11-19,2025-12-08,2026-08-13
CONS001044,PROJ026,One Views,DEV0004,2023-09-01,Façade,2023-07-27,2023-11-14,2023-07-29,,32.7,23.8,-8.9,14,Material Delay,1005308610.0,978415774.0,-26892836.0,-2.7,1813000199,978415774.0,54.0,CONT169,Besix ME LLC,625,722,86.6,False,74.1,0,50.8,False,False,Fit-Out,2023-11-19,2025-12-08,2026-08-13
CONS001045,PROJ026,One Views,DEV0004,2023-10-01,Façade,2023-07-27,2023-11-14,2023-07-29,,60.0,44.1,-15.9,14,Labour Shortage,1087800119.0,1039755614.0,-48044505.0,-4.4,1813000199,1039755614.0,57.3,CONT169,Besix ME LLC,339,446,76.0,False,78.7,2,41.4,True,True,Fit-Out,2023-11-19,2025-12-08,2026-08-13
CONS001046,PROJ026,One Views,DEV0004,2023-11-01,Façade,2023-07-27,2023-11-14,2023-07-29,,88.2,72.4,-15.8,14,Design Change,1173011129.0,1125268790.0,-47742339.0,-4.1,1813000199,1125268790.0,62.1,CONT169,Besix ME LLC,698,644,108.4,False,78.0,0,52.5,True,False,Fit-Out,2023-11-19,2025-12-08,2026-08-13
CONS001047,PROJ026,One Views,DEV0004,2023-12-01,Façade,2023-07-27,2023-11-14,2023-07-29,,100.0,81.0,-19.0,14,Regulatory,1208666799.0,1151255126.0,-57411673.0,-4.8,1813000199,1151255126.0,63.5,CONT169,Besix ME LLC,275,353,77.9,False,73.5,0,55.2,True,False,Fit-Out,2023-11-19,2025-12-08,2026-08-13
CONS001048,PROJ026,One Views,DEV0004,2024-01-01,Façade,2023-07-27,2023-11-14,2023-07-29,,100.0,97.4,-2.6,14,Financing,1208666799.0,1200810465.0,-7856334.0,-0.6,1813000199,1200810465.0,66.2,CONT169,Besix ME LLC,351,348,100.9,True,86.0,0,56.1,False,False,Fit-Out,2023-11-19,2025-12-08,2026-08-13
CONS001049,PROJ026,One Views,DEV0004,2023-11-24,Fit-Out,2023-11-24,2024-03-13,2023-12-09,,0.0,0.0,0.0,18,Material Delay,1208666799.0,1208666799.0,0.0,0.0,1813000199,1208666799.0,66.7,CONT169,Besix ME LLC,346,487,71.0,False,85.3,0,58.9,False,False,Handover,2024-03-18,2025-12-08,2026-08-13
CONS001050,PROJ026,One Views,DEV0004,2023-12-01,Fit-Out,2023-11-24,2024-03-13,2023-12-09,,6.4,0.0,-6.4,18,Regulatory,1228005468.0,1208666799.0,-19338669.0,-1.6,1813000199,1208666799.0,66.7,CONT169,Besix ME LLC,283,299,94.6,False,84.6,0,55.6,False,False,Handover,2024-03-18,2025-12-08,2026-08-13
CONS001051,PROJ026,One Views,DEV0004,2024-01-01,Fit-Out,2023-11-24,2024-03-13,2023-12-09,,34.5,15.8,-18.7,18,Design Change,1312914311.0,1256409138.0,-56505173.0,-4.3,1813000199,1256409138.0,69.3,CONT169,Besix ME LLC,296,300,98.7,False,83.3,0,54.7,True,False,Handover,2024-03-18,2025-12-08,2026-08-13
CONS001052,PROJ026,One Views,DEV0004,2024-02-01,Fit-Out,2023-11-24,2024-03-13,2023-12-09,,62.7,45.1,-17.6,18,Material Delay,1398125320.0,1344943981.0,-53181339.0,-3.8,1813000199,1344943981.0,74.2,CONT169,Besix ME LLC,200,274,73.0,False,87.0,0,54.9,True,False,Handover,2024-03-18,2025-12-08,2026-08-13
CONS001053,PROJ026,One Views,DEV0004,2024-03-01,Fit-Out,2023-11-24,2024-03-13,2023-12-09,,89.1,82.7,-6.4,18,Labour Shortage,1477897329.0,1458558660.0,-19338669.0,-1.3,1813000199,1458558660.0,80.4,CONT169,Besix ME LLC,703,769,91.4,False,73.2,0,58.3,False,False,Handover,2024-03-18,2025-12-08,2026-08-13
CONS001054,PROJ026,One Views,DEV0004,2024-04-01,Fit-Out,2023-11-24,2024-03-13,2023-12-09,,100.0,89.3,-10.7,18,Material Delay,1510833499.0,1478501662.0,-32331837.0,-2.1,1813000199,1478501662.0,81.5,CONT169,Besix ME LLC,465,443,105.0,False,76.3,0,51.2,True,False,Handover,2024-03-18,2025-12-08,2026-08-13
CONS001055,PROJ026,One Views,DEV0004,2024-05-01,Fit-Out,2023-11-24,2024-03-13,2023-12-09,,100.0,93.1,-6.9,18,COVID-19,1510833499.0,1489983997.0,-20849502.0,-1.4,1813000199,1489983997.0,82.2,CONT169,Besix ME LLC,140,193,72.5,True,84.7,0,56.2,False,False,Handover,2024-03-18,2025-12-08,2026-08-13
CONS001056,PROJ026,One Views,DEV0004,2024-03-23,Handover,2024-03-23,2024-07-11,2024-05-13,,0.0,0.0,0.0,55,Financing,1510833499.0,1510833499.0,0.0,0.0,1813000199,1510833499.0,83.3,CONT169,Besix ME LLC,295,302,97.7,False,78.5,0,59.4,True,False,Completed,2024-07-16,2025-12-08,2026-08-13
CONS001057,PROJ026,One Views,DEV0004,2024-04-01,Handover,2024-03-23,2024-07-11,2024-05-13,,8.2,0.0,-8.2,55,Material Delay,1535611169.0,1510833499.0,-24777670.0,-1.6,1813000199,1510833499.0,83.3,CONT169,Besix ME LLC,488,645,75.7,False,75.8,0,56.2,True,False,Completed,2024-07-16,2025-12-08,2026-08-13
CONS001058,PROJ026,One Views,DEV0004,2024-05-01,Handover,2024-03-23,2024-07-11,2024-05-13,,35.5,9.6,-25.9,55,Design Change,1618102678.0,1539841502.0,-78261176.0,-4.8,1813000199,1539841502.0,84.9,CONT169,Besix ME LLC,594,575,103.3,False,85.1,1,46.4,True,True,Completed,2024-07-16,2025-12-08,2026-08-13
CONS001059,PROJ026,One Views,DEV0004,2024-06-01,Handover,2024-03-23,2024-07-11,2024-05-13,,63.6,51.5,-12.1,55,Material Delay,1703011520.0,1666449350.0,-36562170.0,-2.1,1813000199,1666449350.0,91.9,CONT169,Besix ME LLC,385,522,73.8,False,96.5,0,54.4,True,False,Completed,2024-07-16,2025-12-08,2026-08-13
CONS001060,PROJ026,One Views,DEV0004,2024-07-01,Handover,2024-03-23,2024-07-11,2024-05-13,,90.9,73.7,-17.2,55,Material Delay,1785503029.0,1733530357.0,-51972672.0,-2.9,1813000199,1733530357.0,95.6,CONT169,Besix ME LLC,179,220,81.4,False,82.3,0,51.3,True,False,Completed,2024-07-16,2025-12-08,2026-08-13
CONS001061,PROJ026,One Views,DEV0004,2024-08-01,Handover,2024-03-23,2024-07-11,2024-05-13,,100.0,88.3,-11.7,55,Labour Shortage,1813000199.0,1777646695.0,-35353504.0,-2.0,1813000199,1777646695.0,98.0,CONT169,Besix ME LLC,658,683,96.3,False,75.7,0,51.0,True,False,Completed,2024-07-16,2025-12-08,2026-08-13
CONS001062,PROJ026,One Views,DEV0004,2024-09-01,Handover,2024-03-23,2024-07-11,2024-05-13,,100.0,72.2,-27.8,55,COVID-19,1813000199.0,1728997856.0,-84002343.0,-4.6,1813000199,1728997856.0,95.4,CONT169,Besix ME LLC,513,501,102.4,False,96.1,0,48.3,True,False,Completed,2024-07-16,2025-12-08,2026-08-13
CONS001063,PROJ027,Sky Place,DEV0034,2021-11-01,Foundation,2021-11-01,2022-02-19,2021-12-10,,0.0,0.0,0.0,47,Weather,0.0,0.0,0.0,0.0,236862531,0.0,0.0,CONT021,Depa United,365,353,103.4,False,90.9,0,71.7,True,False,Structure,2022-02-24,2024-08-19,2025-03-05
CONS001064,PROJ027,Sky Place,DEV0034,2021-12-01,Foundation,2021-11-01,2022-02-19,2021-12-10,,27.3,3.9,-23.4,47,Weather,10777245.0,1539606.0,-9237639.0,-85.7,236862531,1539606.0,0.6,CONT021,Depa United,380,366,103.8,False,72.9,0,58.3,True,False,Structure,2022-02-24,2024-08-19,2025-03-05
CONS001065,PROJ027,Sky Place,DEV0034,2022-01-01,Foundation,2021-11-01,2022-02-19,2021-12-10,,55.5,32.0,-23.5,47,Financing,21909784.0,12632668.0,-9277116.0,-42.3,236862531,12632668.0,5.3,CONT021,Depa United,837,768,109.0,False,77.5,0,55.3,True,False,Structure,2022-02-24,2024-08-19,2025-03-05
CONS001066,PROJ027,Sky Place,DEV0034,2022-02-01,Foundation,2021-11-01,2022-02-19,2021-12-10,,83.6,63.7,-19.9,47,Material Delay,33002846.0,25146905.0,-7855941.0,-23.8,236862531,25146905.0,10.6,CONT021,Depa United,312,410,76.1,False,79.6,0,61.8,True,False,Structure,2022-02-24,2024-08-19,2025-03-05
CONS001067,PROJ027,Sky Place,DEV0034,2022-03-01,Foundation,2021-11-01,2022-02-19,2021-12-10,,100.0,79.4,-20.6,47,Material Delay,39477088.0,31344808.0,-8132280.0,-20.6,236862531,31344808.0,13.2,CONT021,Depa United,345,473,72.9,False,75.2,0,61.8,True,False,Structure,2022-02-24,2024-08-19,2025-03-05
CONS001068,PROJ027,Sky Place,DEV0034,2022-04-01,Foundation,2021-11-01,2022-02-19,2021-12-10,,100.0,93.8,-6.2,47,Design Change,39477088.0,37029509.0,-2447579.0,-6.2,236862531,37029509.0,15.6,CONT021,Depa United,530,689,76.9,True,89.4,0,67.0,True,False,Structure,2022-02-24,2024-08-19,2025-03-05
CONS001069,PROJ027,Sky Place,DEV0034,2022-03-01,Structure,2022-03-01,2022-06-19,2022-04-10,,0.0,0.0,0.0,42,Regulatory,39477088.0,39477088.0,0.0,0.0,236862531,39477088.0,16.7,CONT021,Depa United,346,419,82.6,False,74.5,0,67.2,True,False,MEP,2022-06-24,2024-08-19,2025-03-05
CONS001070,PROJ027,Sky Place,DEV0034,2022-04-01,Structure,2022-03-01,2022-06-19,2022-04-10,,28.2,19.4,-8.8,42,Material Delay,50609627.0,47135644.0,-3473983.0,-6.9,236862531,47135644.0,19.9,CONT021,Depa United,384,502,76.5,False,80.7,0,65.4,True,False,MEP,2022-06-24,2024-08-19,2025-03-05
CONS001071,PROJ027,Sky Place,DEV0034,2022-05-01,Structure,2022-03-01,2022-06-19,2022-04-10,,55.5,40.0,-15.5,42,Financing,61386873.0,55267924.0,-6118949.0,-10.0,236862531,55267924.0,23.3,CONT021,Depa United,642,776,82.7,False,91.6,0,65.3,True,False,MEP,2022-06-24,2024-08-19,2025-03-05
CONS001072,PROJ027,Sky Place,DEV0034,2022-06-01,Structure,2022-03-01,2022-06-19,2022-04-10,,83.6,65.5,-18.1,42,Labour Shortage,72479934.0,65334581.0,-7145353.0,-9.9,236862531,65334581.0,27.6,CONT021,Depa United,662,768,86.2,False,83.6,0,59.4,True,False,MEP,2022-06-24,2024-08-19,2025-03-05
CONS001073,PROJ027,Sky Place,DEV0034,2022-07-01,Structure,2022-03-01,2022-06-19,2022-04-10,,100.0,80.0,-20.0,42,Design Change,78954177.0,71058759.0,-7895418.0,-10.0,236862531,71058759.0,30.0,CONT021,Depa United,480,463,103.7,False,72.3,0,58.4,True,False,MEP,2022-06-24,2024-08-19,2025-03-05
CONS001074,PROJ027,Sky Place,DEV0034,2022-08-01,Structure,2022-03-01,2022-06-19,2022-04-10,,100.0,91.9,-8.1,42,Regulatory,78954177.0,75756533.0,-3197644.0,-4.0,236862531,75756533.0,32.0,CONT021,Depa United,528,589,89.6,True,93.2,0,61.7,True,False,MEP,2022-06-24,2024-08-19,2025-03-05
CONS001075,PROJ027,Sky Place,DEV0034,2022-06-29,MEP,2022-06-29,2022-10-17,2022-06-29,,0.0,1.5,1.5,0,,78954177.0,79546333.0,592156.0,0.7,236862531,79546333.0,33.6,CONT021,Depa United,430,447,96.2,False,91.8,0,66.2,False,False,Façade,2022-10-22,2024-08-19,2025-03-05
CONS001076,PROJ027,Sky Place,DEV0034,2022-07-01,MEP,2022-06-29,2022-10-17,2022-06-29,,1.8,4.0,2.2,0,,79664765.0,80533261.0,868496.0,1.1,236862531,80533261.0,34.0,CONT021,Depa United,185,203,91.1,False,85.4,0,69.8,False,False,Façade,2022-10-22,2024-08-19,2025-03-05
CONS001077,PROJ027,Sky Place,DEV0034,2022-08-01,MEP,2022-06-29,2022-10-17,2022-06-29,,30.0,35.4,5.4,0,,90797304.0,92929066.0,2131762.0,2.3,236862531,92929066.0,39.2,CONT021,Depa United,185,185,100.0,False,97.9,0,69.0,False,False,Façade,2022-10-22,2024-08-19,2025-03-05
CONS001078,PROJ027,Sky Place,DEV0034,2022-09-01,MEP,2022-06-29,2022-10-17,2022-06-29,,58.2,50.2,-8.0,0,,101929843.0,98771675.0,-3158168.0,-3.1,236862531,98771675.0,41.7,CONT021,Depa United,529,656,80.6,False,89.8,0,64.9,False,False,Façade,2022-10-22,2024-08-19,2025-03-05
CONS001079,PROJ027,Sky Place,DEV0034,2022-10-01,MEP,2022-06-29,2022-10-17,2022-06-29,,85.5,83.4,-2.1,0,,112707088.0,111878069.0,-829019.0,-0.7,236862531,111878069.0,47.2,CONT021,Depa United,469,633,74.1,False,83.2,0,62.0,False,False,Façade,2022-10-22,2024-08-19,2025-03-05
CONS001080,PROJ027,Sky Place,DEV0034,2022-11-01,MEP,2022-06-29,2022-10-17,2022-06-29,,100.0,90.7,-9.3,0,,118431266.0,114759896.0,-3671370.0,-3.1,236862531,114759896.0,48.4,CONT021,Depa United,692,668,103.6,True,78.6,0,62.1,False,False,Façade,2022-10-22,2024-08-19,2025-03-05
CONS001081,PROJ027,Sky Place,DEV0034,2022-12-01,MEP,2022-06-29,2022-10-17,2022-06-29,2022-10-17,100.0,100.0,0.0,0,,118431266.0,118431266.0,0.0,0.0,236862531,118431266.0,50.0,CONT021,Depa United,291,361,80.6,True,81.9,0,62.6,False,False,Façade,2022-10-22,2024-08-19,2025-03-05
CONS001082,PROJ027,Sky Place,DEV0034,2022-10-27,Façade,2022-10-27,2023-02-14,2022-11-13,,0.0,0.0,0.0,24,COVID-19,118431266.0,118431266.0,0.0,0.0,236862531,118431266.0,50.0,CONT021,Depa United,229,260,88.1,False,82.1,0,68.6,False,False,Fit-Out,2023-02-19,2024-08-19,2025-03-05
CONS001083,PROJ027,Sky Place,DEV0034,2022-11-01,Façade,2022-10-27,2023-02-14,2022-11-13,,4.5,2.3,-2.2,24,Weather,120207734.0,119339239.0,-868495.0,-0.7,236862531,119339239.0,50.4,CONT021,Depa United,433,405,106.9,False,78.2,0,68.8,False,False,Fit-Out,2023-02-19,2024-08-19,2025-03-05
CONS001084,PROJ027,Sky Place,DEV0034,2022-12-01,Façade,2022-10-27,2023-02-14,2022-11-13,,31.8,27.1,-4.7,24,COVID-19,130984980.0,129129556.0,-1855424.0,-1.4,236862531,129129556.0,54.5,CONT021,Depa United,719,736,97.7,False,92.5,2,56.4,False,True,Fit-Out,2023-02-19,2024-08-19,2025-03-05
CONS001085,PROJ027,Sky Place,DEV0034,2023-01-01,Façade,2022-10-27,2023-02-14,2022-11-13,,60.0,50.5,-9.5,24,Regulatory,142117519.0,138367195.0,-3750324.0,-2.6,236862531,138367195.0,58.4,CONT021,Depa United,192,184,104.3,False,96.9,0,61.5,False,False,Fit-Out,2023-02-19,2024-08-19,2025-03-05
CONS001086,PROJ027,Sky Place,DEV0034,2023-02-01,Façade,2022-10-27,2023-02-14,2022-11-13,,88.2,86.9,-1.3,24,COVID-19,153250058.0,152736855.0,-513203.0,-0.3,236862531,152736855.0,64.5,CONT021,Depa United,424,505,84.0,False,83.5,0,68.9,False,False,Fit-Out,2023-02-19,2024-08-19,2025-03-05
CONS001087,PROJ027,Sky Place,DEV0034,2023-03-01,Façade,2022-10-27,2023-02-14,2022-11-13,,100.0,83.7,-16.3,24,Labour Shortage,157908354.0,151473589.0,-6434765.0,-4.1,236862531,151473589.0,64.0,CONT021,Depa United,476,561,84.8,False,77.6,0,60.9,True,False,Fit-Out,2023-02-19,2024-08-19,2025-03-05
CONS001088,PROJ027,Sky Place,DEV0034,2023-04-01,Façade,2022-10-27,2023-02-14,2022-11-13,,100.0,82.4,-17.6,24,Labour Shortage,157908354.0,150960386.0,-6947968.0,-4.4,236862531,150960386.0,63.7,CONT021,Depa United,464,577,80.4,False,96.0,1,53.6,True,True,Fit-Out,2023-02-19,2024-08-19,2025-03-05
CONS001089,PROJ027,Sky Place,DEV0034,2023-02-24,Fit-Out,2023-02-24,2023-06-14,2023-04-03,,0.0,0.0,0.0,39,Weather,157908354.0,157908354.0,0.0,0.0,236862531,157908354.0,66.7,CONT021,Depa United,506,476,106.3,False,92.7,0,64.4,True,False,Handover,2023-06-19,2024-08-19,2025-03-05
CONS001090,PROJ027,Sky Place,DEV0034,2023-03-01,Fit-Out,2023-02-24,2023-06-14,2023-04-03,,4.5,0.0,-4.5,39,Weather,159684823.0,157908354.0,-1776469.0,-1.1,236862531,157908354.0,66.7,CONT021,Depa United,331,450,73.6,False,70.0,0,64.1,True,False,Handover,2023-06-19,2024-08-19,2025-03-05
CONS001091,PROJ027,Sky Place,DEV0034,2023-04-01,Fit-Out,2023-02-24,2023-06-14,2023-04-03,,32.7,9.4,-23.3,39,Financing,170817362.0,161619200.0,-9198162.0,-5.4,236862531,161619200.0,68.2,CONT021,Depa United,198,182,108.8,False,80.4,0,59.4,True,False,Handover,2023-06-19,2024-08-19,2025-03-05
CONS001092,PROJ027,Sky Place,DEV0034,2023-05-01,Fit-Out,2023-02-24,2023-06-14,2023-04-03,,60.0,44.3,-15.7,39,COVID-19,181594607.0,175396704.0,-6197903.0,-3.4,236862531,175396704.0,74.0,CONT021,Depa United,134,184,72.8,False,71.9,0,61.3,True,False,Handover,2023-06-19,2024-08-19,2025-03-05
CONS001093,PROJ027,Sky Place,DEV0034,2023-06-01,Fit-Out,2023-02-24,2023-06-14,2023-04-03,,88.2,70.4,-17.8,39,Weather,192727146.0,185700224.0,-7026922.0,-3.6,236862531,185700224.0,78.4,CONT021,Depa United,642,760,84.5,False,84.9,0,58.1,True,False,Handover,2023-06-19,2024-08-19,2025-03-05
CONS001094,PROJ027,Sky Place,DEV0034,2023-07-01,Fit-Out,2023-02-24,2023-06-14,2023-04-03,,100.0,78.8,-21.2,39,Financing,197385442.0,189016300.0,-8369142.0,-4.2,236862531,189016300.0,79.8,CONT021,Depa United,720,709,101.6,False,85.0,0,62.4,True,False,Handover,2023-06-19,2024-08-19,2025-03-05
CONS001095,PROJ027,Sky Place,DEV0034,2023-08-01,Fit-Out,2023-02-24,2023-06-14,2023-04-03,,100.0,82.9,-17.1,39,Financing,197385442.0,190634860.0,-6750582.0,-3.4,236862531,190634860.0,80.5,CONT021,Depa United,373,489,76.3,False,75.3,0,60.9,True,False,Handover,2023-06-19,2024-08-19,2025-03-05
CONS001096,PROJ027,Sky Place,DEV0034,2023-06-24,Handover,2023-06-24,2023-10-12,2023-07-16,,0.0,0.0,0.0,24,Regulatory,197385442.0,197385442.0,0.0,0.0,236862531,197385442.0,83.3,CONT021,Depa United,364,380,95.8,False,90.6,1,59.9,False,True,Completed,2023-10-17,2024-08-19,2025-03-05
CONS001097,PROJ027,Sky Place,DEV0034,2023-07-01,Handover,2023-06-24,2023-10-12,2023-07-16,,6.4,0.0,-6.4,24,COVID-19,199911976.0,197385442.0,-2526534.0,-1.3,236862531,197385442.0,83.3,CONT021,Depa United,253,244,103.7,False,84.2,0,66.6,False,False,Completed,2023-10-17,2024-08-19,2025-03-05
CONS001098,PROJ027,Sky Place,DEV0034,2023-08-01,Handover,2023-06-24,2023-10-12,2023-07-16,,34.5,27.6,-6.9,24,Financing,211005038.0,208281119.0,-2723919.0,-1.3,236862531,208281119.0,87.9,CONT021,Depa United,146,177,82.5,False,95.6,1,56.9,False,True,Completed,2023-10-17,2024-08-19,2025-03-05
CONS001099,PROJ027,Sky Place,DEV0034,2023-09-01,Handover,2023-06-24,2023-10-12,2023-07-16,,62.7,62.3,-0.4,24,Material Delay,222137577.0,221979669.0,-157908.0,-0.1,236862531,221979669.0,93.7,CONT021,Depa United,635,681,93.2,False,73.0,0,62.9,False,False,Completed,2023-10-17,2024-08-19,2025-03-05
CONS001100,PROJ027,Sky Place,DEV0034,2023-10-01,Handover,2023-06-24,2023-10-12,2023-07-16,,90.0,86.7,-3.3,24,Weather,232914822.0,231612078.0,-1302744.0,-0.6,236862531,231612078.0,97.8,CONT021,Depa United,283,375,75.5,False,75.4,0,67.9,False,False,Completed,2023-10-17,2024-08-19,2025-03-05
CONS001101,PROJ027,Sky Place,DEV0034,2023-11-01,Handover,2023-06-24,2023-10-12,2023-07-16,,100.0,97.7,-2.3,24,COVID-19,236862531.0,235954558.0,-907973.0,-0.4,236862531,235954558.0,99.6,CONT021,Depa United,340,415,81.9,True,78.7,0,69.4,False,False,Completed,2023-10-17,2024-08-19,2025-03-05
CONS001102,PROJ027,Sky Place,DEV0034,2023-12-01,Handover,2023-06-24,2023-10-12,2023-07-16,,100.0,96.9,-3.1,24,COVID-19,236862531.0,235638741.0,-1223790.0,-0.5,236862531,235638741.0,99.5,CONT021,Depa United,425,538,79.0,True,86.0,0,64.4,False,False,Completed,2023-10-17,2024-08-19,2025-03-05
CONS001103,PROJ028,One Square,DEV0038,2020-05-01,Foundation,2020-05-01,2020-08-19,2020-05-13,,0.0,0.0,0.0,22,Labour Shortage,0.0,0.0,0.0,0.0,1501152565,0.0,0.0,CONT123,Shapoorji Pallonji ME LLC,435,576,75.5,False,78.8,0,74.0,False,False,Structure,2020-08-24,2022-12-30,2023-10-14
CONS001104,PROJ028,One Square,DEV0038,2020-06-01,Foundation,2020-05-01,2020-08-19,2020-05-13,,28.2,28.7,0.5,22,Weather,70554171.0,71805131.0,1250960.0,1.8,1501152565,71805131.0,4.8,CONT123,Shapoorji Pallonji ME LLC,388,423,91.7,False,87.1,1,67.0,False,True,Structure,2020-08-24,2022-12-30,2023-10-14
CONS001105,PROJ028,One Square,DEV0038,2020-07-01,Foundation,2020-05-01,2020-08-19,2020-05-13,,55.5,36.2,-19.3,22,Design Change,138856612.0,90569538.0,-48287074.0,-34.8,1501152565,90569538.0,6.0,CONT123,Shapoorji Pallonji ME LLC,449,422,106.4,False,82.6,0,68.3,True,False,Structure,2020-08-24,2022-12-30,2023-10-14
CONS001106,PROJ028,One Square,DEV0038,2020-08-01,Foundation,2020-05-01,2020-08-19,2020-05-13,,83.6,62.7,-20.9,22,Labour Shortage,209160591.0,156870443.0,-52290148.0,-25.0,1501152565,156870443.0,10.4,CONT123,Shapoorji Pallonji ME LLC,284,267,106.4,False,93.3,0,66.9,True,False,Structure,2020-08-24,2022-12-30,2023-10-14
CONS001107,PROJ028,One Square,DEV0038,2020-09-01,Foundation,2020-05-01,2020-08-19,2020-05-13,,100.0,99.0,-1.0,22,Design Change,250192094.0,247690173.0,-2501921.0,-1.0,1501152565,247690173.0,16.5,CONT123,Shapoorji Pallonji ME LLC,775,722,107.3,True,81.0,0,73.6,False,False,Structure,2020-08-24,2022-12-30,2023-10-14
CONS001108,PROJ028,One Square,DEV0038,2020-10-01,Foundation,2020-05-01,2020-08-19,2020-05-13,,100.0,91.7,-8.3,22,Labour Shortage,250192094.0,229426150.0,-20765944.0,-8.3,1501152565,229426150.0,15.3,CONT123,Shapoorji Pallonji ME LLC,627,792,79.2,True,91.3,0,72.4,False,False,Structure,2020-08-24,2022-12-30,2023-10-14
CONS001109,PROJ028,One Square,DEV0038,2020-08-29,Structure,2020-08-29,2020-12-17,2020-09-01,,0.0,0.0,0.0,8,Weather,250192094.0,250192094.0,0.0,0.0,1501152565,250192094.0,16.7,CONT123,Shapoorji Pallonji ME LLC,307,435,70.6,False,83.0,0,71.9,False,False,MEP,2020-12-22,2022-12-30,2023-10-14
CONS001110,PROJ028,One Square,DEV0038,2020-09-01,Structure,2020-08-29,2020-12-17,2020-09-01,,2.7,0.0,-2.7,8,COVID-19,256947281.0,250192094.0,-6755187.0,-2.6,1501152565,250192094.0,16.7,CONT123,Shapoorji Pallonji ME LLC,367,510,72.0,False,95.4,0,72.6,False,False,MEP,2020-12-22,2022-12-30,2023-10-14
CONS001111,PROJ028,One Square,DEV0038,2020-10-01,Structure,2020-08-29,2020-12-17,2020-09-01,,30.0,14.4,-15.6,8,Design Change,325249722.0,286219756.0,-39029966.0,-12.0,1501152565,286219756.0,19.1,CONT123,Shapoorji Pallonji ME LLC,571,631,90.5,False,73.2,0,65.8,True,False,MEP,2020-12-22,2022-12-30,2023-10-14
CONS001112,PROJ028,One Square,DEV0038,2020-11-01,Structure,2020-08-29,2020-12-17,2020-09-01,,58.2,60.6,2.4,8,Design Change,395803893.0,401808503.0,6004610.0,1.5,1501152565,401808503.0,26.8,CONT123,Shapoorji Pallonji ME LLC,153,175,87.4,False,70.1,0,74.1,False,False,MEP,2020-12-22,2022-12-30,2023-10-14
CONS001113,PROJ028,One Square,DEV0038,2020-12-01,Structure,2020-08-29,2020-12-17,2020-09-01,,85.5,78.5,-7.0,8,Financing,464106335.0,446592888.0,-17513447.0,-3.8,1501152565,446592888.0,29.7,CONT123,Shapoorji Pallonji ME LLC,463,540,85.7,False,72.7,0,71.8,False,False,MEP,2020-12-22,2022-12-30,2023-10-14
CONS001114,PROJ028,One Square,DEV0038,2021-01-01,Structure,2020-08-29,2020-12-17,2020-09-01,,100.0,99.1,-0.9,8,COVID-19,500384188.0,498132459.0,-2251729.0,-0.5,1501152565,498132459.0,33.2,CONT123,Shapoorji Pallonji ME LLC,545,503,108.3,True,76.5,0,74.3,False,False,MEP,2020-12-22,2022-12-30,2023-10-14
CONS001115,PROJ028,One Square,DEV0038,2021-02-01,Structure,2020-08-29,2020-12-17,2020-09-01,,100.0,85.5,-14.5,8,Regulatory,500384188.0,464106335.0,-36277853.0,-7.2,1501152565,464106335.0,30.9,CONT123,Shapoorji Pallonji ME LLC,366,337,108.6,False,84.9,0,70.2,True,False,MEP,2020-12-22,2022-12-30,2023-10-14
CONS001116,PROJ028,One Square,DEV0038,2020-12-27,MEP,2020-12-27,2021-04-16,2020-12-27,,0.0,1.2,1.2,0,,500384188.0,503386493.0,3002305.0,0.6,1501152565,503386493.0,33.5,CONT123,Shapoorji Pallonji ME LLC,212,264,80.3,False,83.6,0,76.3,False,False,Façade,2021-04-21,2022-12-30,2023-10-14
CONS001117,PROJ028,One Square,DEV0038,2021-01-01,MEP,2020-12-27,2021-04-16,2020-12-27,,4.5,12.0,7.5,0,,511642833.0,530407240.0,18764407.0,3.7,1501152565,530407240.0,35.3,CONT123,Shapoorji Pallonji ME LLC,282,266,106.0,False,95.9,0,73.3,False,False,Façade,2021-04-21,2022-12-30,2023-10-14
CONS001118,PROJ028,One Square,DEV0038,2021-02-01,MEP,2020-12-27,2021-04-16,2020-12-27,,32.7,31.9,-0.8,0,,582197003.0,580195466.0,-2001537.0,-0.3,1501152565,580195466.0,38.6,CONT123,Shapoorji Pallonji ME LLC,316,306,103.3,False,89.7,0,70.9,False,False,Façade,2021-04-21,2022-12-30,2023-10-14
CONS001119,PROJ028,One Square,DEV0038,2021-03-01,MEP,2020-12-27,2021-04-16,2020-12-27,,58.2,63.3,5.1,0,,645995987.0,658755784.0,12759797.0,2.0,1501152565,658755784.0,43.9,CONT123,Shapoorji Pallonji ME LLC,584,541,107.9,False,84.0,0,76.7,False,False,Façade,2021-04-21,2022-12-30,2023-10-14
CONS001120,PROJ028,One Square,DEV0038,2021-04-01,MEP,2020-12-27,2021-04-16,2020-12-27,,86.4,76.5,-9.9,0,,716550158.0,691781140.0,-24769018.0,-3.5,1501152565,691781140.0,46.1,CONT123,Shapoorji Pallonji ME LLC,293,419,69.9,False,79.8,0,67.1,False,False,Façade,2021-04-21,2022-12-30,2023-10-14
CONS001121,PROJ028,One Square,DEV0038,2021-05-01,MEP,2020-12-27,2021-04-16,2020-12-27,2021-04-16,100.0,100.0,0.0,0,,750576282.0,750576282.0,0.0,0.0,1501152565,750576282.0,50.0,CONT123,Shapoorji Pallonji ME LLC,386,423,91.3,True,84.8,2,64.5,False,True,Façade,2021-04-21,2022-12-30,2023-10-14
CONS001122,PROJ028,One Square,DEV0038,2021-06-01,MEP,2020-12-27,2021-04-16,2020-12-27,,100.0,93.8,-6.2,0,,750576282.0,735064373.0,-15511909.0,-2.1,1501152565,735064373.0,49.0,CONT123,Shapoorji Pallonji ME LLC,488,594,82.2,True,89.2,0,69.9,False,False,Façade,2021-04-21,2022-12-30,2023-10-14
CONS001123,PROJ028,One Square,DEV0038,2021-04-26,Façade,2021-04-26,2021-08-14,2021-04-26,,0.0,6.2,6.2,0,,750576282.0,766088192.0,15511910.0,2.1,1501152565,766088192.0,51.0,CONT123,Shapoorji Pallonji ME LLC,709,696,101.9,False,78.9,0,79.1,False,False,Fit-Out,2021-08-19,2022-12-30,2023-10-14
CONS001124,PROJ028,One Square,DEV0038,2021-05-01,Façade,2021-04-26,2021-08-14,2021-04-26,,4.5,12.0,7.5,0,,761834927.0,780599334.0,18764407.0,2.5,1501152565,780599334.0,52.0,CONT123,Shapoorji Pallonji ME LLC,225,302,74.5,False,96.2,0,76.9,False,False,Fit-Out,2021-08-19,2022-12-30,2023-10-14
CONS001125,PROJ028,One Square,DEV0038,2021-06-01,Façade,2021-04-26,2021-08-14,2021-04-26,,32.7,38.8,6.1,0,,832389097.0,847650815.0,15261718.0,1.8,1501152565,847650815.0,56.5,CONT123,Shapoorji Pallonji ME LLC,486,665,73.1,False,87.1,0,75.5,False,False,Fit-Out,2021-08-19,2022-12-30,2023-10-14
CONS001126,PROJ028,One Square,DEV0038,2021-07-01,Façade,2021-04-26,2021-08-14,2021-04-26,,60.0,60.2,0.2,0,,900691539.0,901191923.0,500384.0,0.1,1501152565,901191923.0,60.0,CONT123,Shapoorji Pallonji ME LLC,611,789,77.4,False,79.4,0,76.6,False,False,Fit-Out,2021-08-19,2022-12-30,2023-10-14
CONS001127,PROJ028,One Square,DEV0038,2021-08-01,Façade,2021-04-26,2021-08-14,2021-04-26,,88.2,86.5,-1.7,0,,971245710.0,966992444.0,-4253266.0,-0.4,1501152565,966992444.0,64.4,CONT123,Shapoorji Pallonji ME LLC,262,280,93.6,False,94.6,0,71.5,False,False,Fit-Out,2021-08-19,2022-12-30,2023-10-14
CONS001128,PROJ028,One Square,DEV0038,2021-09-01,Façade,2021-04-26,2021-08-14,2021-04-26,,100.0,89.7,-10.3,0,,1000768377.0,974998591.0,-25769786.0,-2.6,1501152565,974998591.0,65.0,CONT123,Shapoorji Pallonji ME LLC,499,485,102.9,False,89.5,0,69.3,True,False,Fit-Out,2021-08-19,2022-12-30,2023-10-14
CONS001129,PROJ028,One Square,DEV0038,2021-10-01,Façade,2021-04-26,2021-08-14,2021-04-26,,100.0,97.7,-2.3,0,,1000768377.0,995013959.0,-5754418.0,-0.6,1501152565,995013959.0,66.3,CONT123,Shapoorji Pallonji ME LLC,497,667,74.5,True,89.7,0,70.9,False,False,Fit-Out,2021-08-19,2022-12-30,2023-10-14
CONS001130,PROJ028,One Square,DEV0038,2021-08-24,Fit-Out,2021-08-24,2021-12-12,2021-09-09,,0.0,0.0,0.0,38,Labour Shortage,1000768377.0,1000768377.0,0.0,0.0,1501152565,1000768377.0,66.7,CONT123,Shapoorji Pallonji ME LLC,632,606,104.3,False,72.3,0,72.4,True,False,Handover,2021-12-17,2022-12-30,2023-10-14
CONS001131,PROJ028,One Square,DEV0038,2021-09-01,Fit-Out,2021-08-24,2021-12-12,2021-09-09,,7.3,0.0,-7.3,38,Material Delay,1019032400.0,1000768377.0,-18264023.0,-1.8,1501152565,1000768377.0,66.7,CONT123,Shapoorji Pallonji ME LLC,613,690,88.8,False,85.9,0,72.0,True,False,Handover,2021-12-17,2022-12-30,2023-10-14
CONS001132,PROJ028,One Square,DEV0038,2021-10-01,Fit-Out,2021-08-24,2021-12-12,2021-09-09,,34.5,30.5,-4.0,38,Labour Shortage,1087084649.0,1077076965.0,-10007684.0,-0.9,1501152565,1077076965.0,71.7,CONT123,Shapoorji Pallonji ME LLC,592,581,101.9,False,71.0,0,73.9,True,False,Handover,2021-12-17,2022-12-30,2023-10-14
CONS001133,PROJ028,One Square,DEV0038,2021-11-01,Fit-Out,2021-08-24,2021-12-12,2021-09-09,,62.7,47.6,-15.1,38,Design Change,1157638820.0,1119859813.0,-37779007.0,-3.3,1501152565,1119859813.0,74.6,CONT123,Shapoorji Pallonji ME LLC,327,346,94.5,False,74.3,0,71.5,True,False,Handover,2021-12-17,2022-12-30,2023-10-14
CONS001134,PROJ028,One Square,DEV0038,2021-12-01,Fit-Out,2021-08-24,2021-12-12,2021-09-09,,90.0,81.3,-8.7,38,Labour Shortage,1225941261.0,1204174549.0,-21766712.0,-1.8,1501152565,1204174549.0,80.2,CONT123,Shapoorji Pallonji ME LLC,696,661,105.3,False,88.3,0,67.8,True,False,Handover,2021-12-17,2022-12-30,2023-10-14
CONS001135,PROJ028,One Square,DEV0038,2022-01-01,Fit-Out,2021-08-24,2021-12-12,2021-09-09,,100.0,82.2,-17.8,38,Regulatory,1250960471.0,1206426278.0,-44534193.0,-3.6,1501152565,1206426278.0,80.4,CONT123,Shapoorji Pallonji ME LLC,193,262,73.7,False,90.6,0,68.4,True,False,Handover,2021-12-17,2022-12-30,2023-10-14
CONS001136,PROJ028,One Square,DEV0038,2022-02-01,Fit-Out,2021-08-24,2021-12-12,2021-09-09,,100.0,91.9,-8.1,38,COVID-19,1250960471.0,1230694911.0,-20265560.0,-1.6,1501152565,1230694911.0,82.0,CONT123,Shapoorji Pallonji ME LLC,175,238,73.5,True,79.6,0,69.5,True,False,Handover,2021-12-17,2022-12-30,2023-10-14
CONS001137,PROJ028,One Square,DEV0038,2021-12-22,Handover,2021-12-22,2022-04-11,2022-01-22,,0.0,0.0,0.0,56,Regulatory,1250960471.0,1250960471.0,0.0,0.0,1501152565,1250960471.0,83.3,CONT123,Shapoorji Pallonji ME LLC,412,520,79.2,False,75.6,0,73.7,True,False,Completed,2022-04-16,2022-12-30,2023-10-14
CONS001138,PROJ028,One Square,DEV0038,2022-01-01,Handover,2021-12-22,2022-04-11,2022-01-22,,9.1,0.0,-9.1,56,Weather,1273727951.0,1250960471.0,-22767480.0,-1.8,1501152565,1250960471.0,83.3,CONT123,Shapoorji Pallonji ME LLC,337,398,84.7,False,94.4,0,76.0,True,False,Completed,2022-04-16,2022-12-30,2023-10-14
CONS001139,PROJ028,One Square,DEV0038,2022-02-01,Handover,2021-12-22,2022-04-11,2022-01-22,,37.3,14.3,-23.0,56,Labour Shortage,1344282122.0,1286737940.0,-57544182.0,-4.3,1501152565,1286737940.0,85.7,CONT123,Shapoorji Pallonji ME LLC,479,634,75.6,False,85.2,0,67.8,True,False,Completed,2022-04-16,2022-12-30,2023-10-14
CONS001140,PROJ028,One Square,DEV0038,2022-03-01,Handover,2021-12-22,2022-04-11,2022-01-22,,62.7,46.5,-16.2,56,Design Change,1407830914.0,1367299795.0,-40531119.0,-2.9,1501152565,1367299795.0,91.1,CONT123,Shapoorji Pallonji ME LLC,527,639,82.5,False,73.9,0,71.0,True,False,Completed,2022-04-16,2022-12-30,2023-10-14
CONS001141,PROJ028,One Square,DEV0038,2022-04-01,Handover,2021-12-22,2022-04-11,2022-01-22,,90.9,62.5,-28.4,56,COVID-19,1478385084.0,1407330530.0,-71054554.0,-4.8,1501152565,1407330530.0,93.8,CONT123,Shapoorji Pallonji ME LLC,616,733,84.0,False,82.1,0,69.5,True,False,Completed,2022-04-16,2022-12-30,2023-10-14
CONS001142,PROJ028,One Square,DEV0038,2022-05-01,Handover,2021-12-22,2022-04-11,2022-01-22,,100.0,69.6,-30.4,56,Weather,1501152565.0,1425094168.0,-76058397.0,-5.1,1501152565,1425094168.0,94.9,CONT123,Shapoorji Pallonji ME LLC,650,794,81.9,False,83.4,0,67.2,True,False,Completed,2022-04-16,2022-12-30,2023-10-14
CONS001143,PROJ028,One Square,DEV0038,2022-06-01,Handover,2021-12-22,2022-04-11,2022-01-22,,100.0,73.8,-26.2,56,Regulatory,1501152565.0,1435602236.0,-65550329.0,-4.4,1501152565,1435602236.0,95.6,CONT123,Shapoorji Pallonji ME LLC,325,364,89.3,False,74.7,0,65.3,True,False,Completed,2022-04-16,2022-12-30,2023-10-14
CONS001144,PROJ029,Sky Heights,DEV0013,2019-06-01,Foundation,2019-06-01,2019-09-19,2019-06-07,,0.0,0.0,0.0,12,Regulatory,0.0,0.0,0.0,0.0,1107438221,0.0,0.0,CONT086,Deyaar Construction LLC,701,737,95.1,False,90.8,0,57.5,False,False,Structure,2019-09-24,2023-04-01,2023-05-01
CONS001145,PROJ029,Sky Heights,DEV0013,2019-07-01,Foundation,2019-06-01,2019-09-19,2019-06-07,,27.3,28.7,1.4,12,Labour Shortage,50388439.0,52972462.0,2584023.0,5.1,1107438221,52972462.0,4.8,CONT086,Deyaar Construction LLC,535,519,103.1,False,76.3,0,60.5,False,False,Structure,2019-09-24,2023-04-01,2023-05-01
CONS001146,PROJ029,Sky Heights,DEV0013,2019-08-01,Foundation,2019-06-01,2019-09-19,2019-06-07,,55.5,53.3,-2.2,12,Financing,102438035.0,98377429.0,-4060606.0,-4.0,1107438221,98377429.0,8.9,CONT086,Deyaar Construction LLC,616,798,77.2,False,75.3,0,58.3,False,False,Structure,2019-09-24,2023-04-01,2023-05-01
CONS001147,PROJ029,Sky Heights,DEV0013,2019-09-01,Foundation,2019-06-01,2019-09-19,2019-06-07,,83.6,74.5,-9.1,12,Regulatory,154303059.0,137506912.0,-16796147.0,-10.9,1107438221,137506912.0,12.4,CONT086,Deyaar Construction LLC,174,184,94.6,False,79.4,0,54.3,False,False,Structure,2019-09-24,2023-04-01,2023-05-01
CONS001148,PROJ029,Sky Heights,DEV0013,2019-10-01,Foundation,2019-06-01,2019-09-19,2019-06-07,,100.0,94.7,-5.3,12,Weather,184573037.0,174790666.0,-9782371.0,-5.3,1107438221,174790666.0,15.8,CONT086,Deyaar Construction LLC,571,543,105.2,True,76.8,0,59.0,False,False,Structure,2019-09-24,2023-04-01,2023-05-01
CONS001149,PROJ029,Sky Heights,DEV0013,2019-11-01,Foundation,2019-06-01,2019-09-19,2019-06-07,,100.0,82.4,-17.6,12,Labour Shortage,184573037.0,152088182.0,-32484855.0,-17.6,1107438221,152088182.0,13.7,CONT086,Deyaar Construction LLC,142,178,79.8,False,74.1,0,55.4,True,False,Structure,2019-09-24,2023-04-01,2023-05-01
CONS001150,PROJ029,Sky Heights,DEV0013,2019-09-29,Structure,2019-09-29,2020-01-17,2019-09-30,,0.0,3.4,3.4,9,Regulatory,184573037.0,190848520.0,6275483.0,3.4,1107438221,190848520.0,17.2,CONT086,Deyaar Construction LLC,314,348,90.2,False,94.3,0,64.7,False,False,MEP,2020-01-22,2023-04-01,2023-05-01
CONS001151,PROJ029,Sky Heights,DEV0013,2019-10-01,Structure,2019-09-29,2020-01-17,2019-09-30,,1.8,0.0,-1.8,9,COVID-19,187895351.0,184573037.0,-3322314.0,-1.8,1107438221,184573037.0,16.7,CONT086,Deyaar Construction LLC,603,771,78.2,False,90.7,0,58.8,False,False,MEP,2020-01-22,2023-04-01,2023-05-01
CONS001152,PROJ029,Sky Heights,DEV0013,2019-11-01,Structure,2019-09-29,2020-01-17,2019-09-30,,30.0,21.1,-8.9,9,Regulatory,239944948.0,223517948.0,-16427000.0,-6.8,1107438221,223517948.0,20.2,CONT086,Deyaar Construction LLC,212,224,94.6,False,86.9,0,58.0,False,False,MEP,2020-01-22,2023-04-01,2023-05-01
CONS001153,PROJ029,Sky Heights,DEV0013,2019-12-01,Structure,2019-09-29,2020-01-17,2019-09-30,,57.3,49.4,-7.9,9,Weather,290333387.0,275752117.0,-14581270.0,-5.0,1107438221,275752117.0,24.9,CONT086,Deyaar Construction LLC,312,442,70.6,False,97.4,0,56.4,False,False,MEP,2020-01-22,2023-04-01,2023-05-01
CONS001154,PROJ029,Sky Heights,DEV0013,2020-01-01,Structure,2019-09-29,2020-01-17,2019-09-30,,85.5,77.8,-7.7,9,Regulatory,342382983.0,328170859.0,-14212124.0,-4.2,1107438221,328170859.0,29.6,CONT086,Deyaar Construction LLC,462,445,103.8,False,86.1,0,59.5,False,False,MEP,2020-01-22,2023-04-01,2023-05-01
CONS001155,PROJ029,Sky Heights,DEV0013,2020-02-01,Structure,2019-09-29,2020-01-17,2019-09-30,,100.0,83.7,-16.3,9,COVID-19,369146074.0,339060669.0,-30085405.0,-8.1,1107438221,339060669.0,30.6,CONT086,Deyaar Construction LLC,432,540,80.0,False,70.3,0,55.0,True,False,MEP,2020-01-22,2023-04-01,2023-05-01
CONS001156,PROJ029,Sky Heights,DEV0013,2020-03-01,Structure,2019-09-29,2020-01-17,2019-09-30,2020-01-26,100.0,100.0,0.0,9,Material Delay,369146074.0,369146074.0,0.0,0.0,1107438221,369146074.0,33.3,CONT086,Deyaar Construction LLC,174,163,106.7,True,85.3,0,57.8,False,False,MEP,2020-01-22,2023-04-01,2023-05-01
CONS001157,PROJ029,Sky Heights,DEV0013,2020-01-27,MEP,2020-01-27,2020-05-16,2020-01-27,,0.0,4.3,4.3,0,,369146074.0,377082714.0,7936640.0,2.1,1107438221,377082714.0,34.0,CONT086,Deyaar Construction LLC,373,350,106.6,False,80.4,0,61.4,False,False,Façade,2020-05-21,2023-04-01,2023-05-01
CONS001158,PROJ029,Sky Heights,DEV0013,2020-02-01,MEP,2020-01-27,2020-05-16,2020-01-27,,4.5,6.0,1.5,0,,377451860.0,380220456.0,2768596.0,0.7,1107438221,380220456.0,34.3,CONT086,Deyaar Construction LLC,643,698,92.1,False,88.5,0,61.3,False,False,Façade,2020-05-21,2023-04-01,2023-05-01
CONS001159,PROJ029,Sky Heights,DEV0013,2020-03-01,MEP,2020-01-27,2020-05-16,2020-01-27,,30.9,38.3,7.4,0,,426179142.0,439837547.0,13658405.0,3.2,1107438221,439837547.0,39.7,CONT086,Deyaar Construction LLC,233,226,103.1,False,95.9,0,62.8,False,False,Façade,2020-05-21,2023-04-01,2023-05-01
CONS001160,PROJ029,Sky Heights,DEV0013,2020-04-01,MEP,2020-01-27,2020-05-16,2020-01-27,,59.1,57.6,-1.5,0,,478228738.0,475460143.0,-2768595.0,-0.6,1107438221,475460143.0,42.9,CONT086,Deyaar Construction LLC,179,200,89.5,False,74.0,0,61.7,False,False,Façade,2020-05-21,2023-04-01,2023-05-01
CONS001161,PROJ029,Sky Heights,DEV0013,2020-05-01,MEP,2020-01-27,2020-05-16,2020-01-27,,86.4,81.8,-4.6,0,,528617177.0,520126818.0,-8490359.0,-1.6,1107438221,520126818.0,47.0,CONT086,Deyaar Construction LLC,276,388,71.1,False,84.5,0,55.8,False,False,Façade,2020-05-21,2023-04-01,2023-05-01
CONS001162,PROJ029,Sky Heights,DEV0013,2020-06-01,MEP,2020-01-27,2020-05-16,2020-01-27,2020-05-16,100.0,100.0,0.0,0,,553719110.0,553719110.0,0.0,0.0,1107438221,553719110.0,50.0,CONT086,Deyaar Construction LLC,429,510,84.1,True,73.2,0,58.4,False,False,Façade,2020-05-21,2023-04-01,2023-05-01
CONS001163,PROJ029,Sky Heights,DEV0013,2020-07-01,MEP,2020-01-27,2020-05-16,2020-01-27,2020-05-16,100.0,100.0,0.0,0,,553719110.0,553719110.0,0.0,0.0,1107438221,553719110.0,50.0,CONT086,Deyaar Construction LLC,320,332,96.4,True,96.7,0,61.4,False,False,Façade,2020-05-21,2023-04-01,2023-05-01
CONS001164,PROJ029,Sky Heights,DEV0013,2020-05-26,Façade,2020-05-26,2020-09-13,2020-06-10,,0.0,0.0,0.0,20,Design Change,553719110.0,553719110.0,0.0,0.0,1107438221,553719110.0,50.0,CONT086,Deyaar Construction LLC,493,583,84.6,False,97.1,0,58.6,False,False,Fit-Out,2020-09-18,2023-04-01,2023-05-01
CONS001165,PROJ029,Sky Heights,DEV0013,2020-06-01,Façade,2020-05-26,2020-09-13,2020-06-10,,5.5,0.0,-5.5,20,Regulatory,563870628.0,553719110.0,-10151518.0,-1.8,1107438221,553719110.0,50.0,CONT086,Deyaar Construction LLC,333,465,71.6,False,95.5,0,58.9,False,False,Fit-Out,2020-09-18,2023-04-01,2023-05-01
CONS001166,PROJ029,Sky Heights,DEV0013,2020-07-01,Façade,2020-05-26,2020-09-13,2020-06-10,,32.7,21.0,-11.7,20,Material Delay,614074494.0,592479448.0,-21595046.0,-3.5,1107438221,592479448.0,53.5,CONT086,Deyaar Construction LLC,331,355,93.2,False,80.2,0,51.8,True,False,Fit-Out,2020-09-18,2023-04-01,2023-05-01
CONS001167,PROJ029,Sky Heights,DEV0013,2020-08-01,Façade,2020-05-26,2020-09-13,2020-06-10,,60.9,53.2,-7.7,20,Material Delay,666124090.0,651911966.0,-14212124.0,-2.1,1107438221,651911966.0,58.9,CONT086,Deyaar Construction LLC,533,507,105.1,False,71.9,0,63.2,False,False,Fit-Out,2020-09-18,2023-04-01,2023-05-01
CONS001168,PROJ029,Sky Heights,DEV0013,2020-09-01,Façade,2020-05-26,2020-09-13,2020-06-10,,89.1,76.8,-12.3,20,Labour Shortage,718173686.0,695471203.0,-22702483.0,-3.2,1107438221,695471203.0,62.8,CONT086,Deyaar Construction LLC,376,525,71.6,False,74.8,0,55.9,True,False,Fit-Out,2020-09-18,2023-04-01,2023-05-01
CONS001169,PROJ029,Sky Heights,DEV0013,2020-10-01,Façade,2020-05-26,2020-09-13,2020-06-10,,100.0,95.0,-5.0,20,Design Change,738292147.0,729063495.0,-9228652.0,-1.3,1107438221,729063495.0,65.8,CONT086,Deyaar Construction LLC,310,371,83.6,True,90.0,0,61.0,False,False,Fit-Out,2020-09-18,2023-04-01,2023-05-01
CONS001170,PROJ029,Sky Heights,DEV0013,2020-11-01,Façade,2020-05-26,2020-09-13,2020-06-10,,100.0,90.7,-9.3,20,Design Change,738292147.0,721126855.0,-17165292.0,-2.3,1107438221,721126855.0,65.1,CONT086,Deyaar Construction LLC,418,389,107.5,True,77.8,0,56.6,False,False,Fit-Out,2020-09-18,2023-04-01,2023-05-01
CONS001171,PROJ029,Sky Heights,DEV0013,2020-09-23,Fit-Out,2020-09-23,2021-01-11,2020-09-27,,0.0,0.0,0.0,8,Regulatory,738292147.0,738292147.0,0.0,0.0,1107438221,738292147.0,66.7,CONT086,Deyaar Construction LLC,487,449,108.5,False,86.4,0,60.9,False,False,Handover,2021-01-16,2023-04-01,2023-05-01
CONS001172,PROJ029,Sky Heights,DEV0013,2020-10-01,Fit-Out,2020-09-23,2021-01-11,2020-09-27,,7.3,0.0,-7.3,8,Weather,751765979.0,738292147.0,-13473832.0,-1.8,1107438221,738292147.0,66.7,CONT086,Deyaar Construction LLC,542,564,96.1,False,78.7,0,60.9,False,False,Handover,2021-01-16,2023-04-01,2023-05-01
CONS001173,PROJ029,Sky Heights,DEV0013,2020-11-01,Fit-Out,2020-09-23,2021-01-11,2020-09-27,,35.5,34.4,-1.1,8,Design Change,803815575.0,801785272.0,-2030303.0,-0.3,1107438221,801785272.0,72.4,CONT086,Deyaar Construction LLC,338,340,99.4,False,71.7,0,62.1,False,False,Handover,2021-01-16,2023-04-01,2023-05-01
CONS001174,PROJ029,Sky Heights,DEV0013,2020-12-01,Fit-Out,2020-09-23,2021-01-11,2020-09-27,,62.7,46.7,-16.0,8,Material Delay,854019441.0,824487756.0,-29531685.0,-3.5,1107438221,824487756.0,74.5,CONT086,Deyaar Construction LLC,645,732,88.1,False,72.9,0,54.9,True,False,Handover,2021-01-16,2023-04-01,2023-05-01
CONS001175,PROJ029,Sky Heights,DEV0013,2021-01-01,Fit-Out,2020-09-23,2021-01-11,2020-09-27,,90.9,95.6,4.7,8,Material Delay,906069038.0,914743971.0,8674933.0,1.0,1107438221,914743971.0,82.6,CONT086,Deyaar Construction LLC,636,632,100.6,False,74.9,0,61.2,False,False,Handover,2021-01-16,2023-04-01,2023-05-01
CONS001176,PROJ029,Sky Heights,DEV0013,2021-02-01,Fit-Out,2020-09-23,2021-01-11,2020-09-27,,100.0,97.9,-2.1,8,Weather,922865184.0,918989150.0,-3876034.0,-0.4,1107438221,918989150.0,83.0,CONT086,Deyaar Construction LLC,248,284,87.3,True,79.3,0,61.5,False,False,Handover,2021-01-16,2023-04-01,2023-05-01
CONS001177,PROJ029,Sky Heights,DEV0013,2021-03-01,Fit-Out,2020-09-23,2021-01-11,2020-09-27,,100.0,96.6,-3.4,8,Financing,922865184.0,916589701.0,-6275483.0,-0.7,1107438221,916589701.0,82.8,CONT086,Deyaar Construction LLC,487,538,90.5,True,87.1,0,63.7,False,False,Handover,2021-01-16,2023-04-01,2023-05-01
CONS001178,PROJ029,Sky Heights,DEV0013,2021-01-21,Handover,2021-01-21,2021-05-11,2021-01-23,,0.0,2.2,2.2,9,Material Delay,922865184.0,926925791.0,4060607.0,0.4,1107438221,926925791.0,83.7,CONT086,Deyaar Construction LLC,545,626,87.1,False,82.6,0,61.1,False,False,Completed,2021-05-16,2023-04-01,2023-05-01
CONS001179,PROJ029,Sky Heights,DEV0013,2021-02-01,Handover,2021-01-21,2021-05-11,2021-01-23,,10.0,9.1,-0.9,9,Design Change,941322488.0,939661331.0,-1661157.0,-0.2,1107438221,939661331.0,84.9,CONT086,Deyaar Construction LLC,442,475,93.1,False,71.8,0,63.7,False,False,Completed,2021-05-16,2023-04-01,2023-05-01
CONS001180,PROJ029,Sky Heights,DEV0013,2021-03-01,Handover,2021-01-21,2021-05-11,2021-01-23,,35.5,27.0,-8.5,9,Regulatory,988388612.0,972699904.0,-15688708.0,-1.6,1107438221,972699904.0,87.8,CONT086,Deyaar Construction LLC,181,255,71.0,False,71.1,2,47.1,False,True,Completed,2021-05-16,2023-04-01,2023-05-01
CONS001181,PROJ029,Sky Heights,DEV0013,2021-04-01,Handover,2021-01-21,2021-05-11,2021-01-23,,63.6,59.7,-3.9,9,Design Change,1040253636.0,1033055287.0,-7198349.0,-0.7,1107438221,1033055287.0,93.3,CONT086,Deyaar Construction LLC,424,467,90.8,False,76.4,0,60.8,False,False,Completed,2021-05-16,2023-04-01,2023-05-01
CONS001182,PROJ029,Sky Heights,DEV0013,2021-05-01,Handover,2021-01-21,2021-05-11,2021-01-23,,90.9,84.7,-6.2,9,Regulatory,1090642075.0,1079198546.0,-11443529.0,-1.0,1107438221,1079198546.0,97.4,CONT086,Deyaar Construction LLC,267,346,77.2,False,89.0,0,60.4,False,False,Completed,2021-05-16,2023-04-01,2023-05-01
CONS001183,PROJ029,Sky Heights,DEV0013,2021-06-01,Handover,2021-01-21,2021-05-11,2021-01-23,,100.0,90.7,-9.3,9,Design Change,1107438221.0,1090272929.0,-17165292.0,-1.5,1107438221,1090272929.0,98.5,CONT086,Deyaar Construction LLC,663,750,88.4,True,72.7,0,56.5,False,False,Completed,2021-05-16,2023-04-01,2023-05-01
CONS001184,PROJ029,Sky Heights,DEV0013,2021-07-01,Handover,2021-01-21,2021-05-11,2021-01-23,,100.0,84.1,-15.9,9,Design Change,1107438221.0,1078091108.0,-29347113.0,-2.7,1107438221,1078091108.0,97.3,CONT086,Deyaar Construction LLC,353,440,80.2,False,85.1,0,53.8,True,False,Completed,2021-05-16,2023-04-01,2023-05-01
CONS001185,PROJ030,Grand Tower,DEV0012,2020-11-01,Foundation,2020-11-01,2021-02-19,2020-11-06,,0.0,0.0,0.0,13,COVID-19,0.0,0.0,0.0,0.0,1156402964,0.0,0.0,CONT172,Interiors & Contracting LLC,265,329,80.5,False,71.3,0,65.9,False,False,Structure,2021-02-24,2022-12-18,2023-07-28
CONS001186,PROJ030,Grand Tower,DEV0012,2020-12-01,Foundation,2020-11-01,2021-02-19,2020-11-06,,27.3,23.6,-3.7,13,Labour Shortage,52616335.0,45485183.0,-7131152.0,-13.6,1156402964,45485183.0,3.9,CONT172,Interiors & Contracting LLC,304,328,92.7,False,87.6,0,61.4,False,False,Structure,2021-02-24,2022-12-18,2023-07-28
CONS001187,PROJ030,Grand Tower,DEV0012,2021-01-01,Foundation,2020-11-01,2021-02-19,2020-11-06,,55.5,40.3,-15.2,13,Material Delay,106967274.0,77671732.0,-29295542.0,-27.4,1156402964,77671732.0,6.7,CONT172,Interiors & Contracting LLC,542,763,71.0,False,82.3,0,57.3,True,False,Structure,2021-02-24,2022-12-18,2023-07-28
CONS001188,PROJ030,Grand Tower,DEV0012,2021-02-01,Foundation,2020-11-01,2021-02-19,2020-11-06,,83.6,74.0,-9.6,13,Material Delay,161125480.0,142623032.0,-18502448.0,-11.5,1156402964,142623032.0,12.3,CONT172,Interiors & Contracting LLC,389,360,108.1,False,80.7,0,59.4,False,False,Structure,2021-02-24,2022-12-18,2023-07-28
CONS001189,PROJ030,Grand Tower,DEV0012,2021-03-01,Foundation,2020-11-01,2021-02-19,2020-11-06,2021-03-04,100.0,100.0,0.0,13,COVID-19,192733827.0,192733827.0,0.0,0.0,1156402964,192733827.0,16.7,CONT172,Interiors & Contracting LLC,826,767,107.7,True,82.2,0,62.5,False,False,Structure,2021-02-24,2022-12-18,2023-07-28
CONS001190,PROJ030,Grand Tower,DEV0012,2021-04-01,Foundation,2020-11-01,2021-02-19,2020-11-06,,100.0,97.7,-2.3,13,Design Change,192733827.0,188300949.0,-4432878.0,-2.3,1156402964,188300949.0,16.3,CONT172,Interiors & Contracting LLC,319,408,78.2,True,86.1,0,64.6,False,False,Structure,2021-02-24,2022-12-18,2023-07-28
CONS001191,PROJ030,Grand Tower,DEV0012,2021-03-01,Structure,2021-03-01,2021-06-19,2021-03-24,,0.0,0.0,0.0,42,Weather,192733827.0,192733827.0,0.0,0.0,1156402964,192733827.0,16.7,CONT172,Interiors & Contracting LLC,831,798,104.1,False,86.5,2,54.6,True,True,MEP,2021-06-24,2022-12-18,2023-07-28
CONS001192,PROJ030,Grand Tower,DEV0012,2021-04-01,Structure,2021-03-01,2021-06-19,2021-03-24,,28.2,19.2,-9.0,42,Design Change,247084767.0,229738722.0,-17346045.0,-7.0,1156402964,229738722.0,19.9,CONT172,Interiors & Contracting LLC,298,311,95.8,False,74.8,0,62.3,True,False,MEP,2021-06-24,2022-12-18,2023-07-28
CONS001193,PROJ030,Grand Tower,DEV0012,2021-05-01,Structure,2021-03-01,2021-06-19,2021-03-24,,55.5,50.3,-5.2,42,Material Delay,299701102.0,289678942.0,-10022160.0,-3.3,1156402964,289678942.0,25.0,CONT172,Interiors & Contracting LLC,520,597,87.1,False,79.6,0,62.9,True,False,MEP,2021-06-24,2022-12-18,2023-07-28
CONS001194,PROJ030,Grand Tower,DEV0012,2021-06-01,Structure,2021-03-01,2021-06-19,2021-03-24,,83.6,61.1,-22.5,42,COVID-19,353859307.0,310494196.0,-43365111.0,-12.3,1156402964,310494196.0,26.9,CONT172,Interiors & Contracting LLC,155,182,85.2,False,74.7,0,55.7,True,False,MEP,2021-06-24,2022-12-18,2023-07-28
CONS001195,PROJ030,Grand Tower,DEV0012,2021-07-01,Structure,2021-03-01,2021-06-19,2021-03-24,,100.0,75.5,-24.5,42,Material Delay,385467655.0,338247867.0,-47219788.0,-12.3,1156402964,338247867.0,29.3,CONT172,Interiors & Contracting LLC,755,778,97.0,False,90.9,0,57.6,True,False,MEP,2021-06-24,2022-12-18,2023-07-28
CONS001196,PROJ030,Grand Tower,DEV0012,2021-08-01,Structure,2021-03-01,2021-06-19,2021-03-24,,100.0,88.8,-11.2,42,Weather,385467655.0,363881466.0,-21586189.0,-5.6,1156402964,363881466.0,31.5,CONT172,Interiors & Contracting LLC,212,270,78.5,False,71.0,0,62.6,True,False,MEP,2021-06-24,2022-12-18,2023-07-28
CONS001197,PROJ030,Grand Tower,DEV0012,2021-06-29,MEP,2021-06-29,2021-10-17,2021-08-02,,0.0,0.0,0.0,41,Regulatory,385467655.0,385467655.0,0.0,0.0,1156402964,385467655.0,33.3,CONT172,Interiors & Contracting LLC,789,799,98.7,False,87.6,0,64.8,True,False,Façade,2021-10-22,2022-12-18,2023-07-28
CONS001198,PROJ030,Grand Tower,DEV0012,2021-07-01,MEP,2021-06-29,2021-10-17,2021-08-02,,1.8,0.0,-1.8,41,Material Delay,388936864.0,385467655.0,-3469209.0,-0.9,1156402964,385467655.0,33.3,CONT172,Interiors & Contracting LLC,371,521,71.2,False,73.2,0,64.0,True,False,Façade,2021-10-22,2022-12-18,2023-07-28
CONS001199,PROJ030,Grand Tower,DEV0012,2021-08-01,MEP,2021-06-29,2021-10-17,2021-08-02,,30.0,10.1,-19.9,41,Regulatory,443287803.0,404933771.0,-38354032.0,-8.7,1156402964,404933771.0,35.0,CONT172,Interiors & Contracting LLC,838,800,104.8,False,87.4,0,56.1,True,False,Façade,2021-10-22,2022-12-18,2023-07-28
CONS001200,PROJ030,Grand Tower,DEV0012,2021-09-01,MEP,2021-06-29,2021-10-17,2021-08-02,,58.2,51.2,-7.0,41,Regulatory,497638742.0,484147374.0,-13491368.0,-2.7,1156402964,484147374.0,41.9,CONT172,Interiors & Contracting LLC,589,741,79.5,False,97.7,0,61.9,True,False,Façade,2021-10-22,2022-12-18,2023-07-28
CONS001201,PROJ030,Grand Tower,DEV0012,2021-10-01,MEP,2021-06-29,2021-10-17,2021-08-02,,85.5,65.3,-20.2,41,Material Delay,550255077.0,511322844.0,-38932233.0,-7.1,1156402964,511322844.0,44.2,CONT172,Interiors & Contracting LLC,227,286,79.4,False,74.0,0,55.9,True,False,Façade,2021-10-22,2022-12-18,2023-07-28
CONS001202,PROJ030,Grand Tower,DEV0012,2021-11-01,MEP,2021-06-29,2021-10-17,2021-08-02,,100.0,75.3,-24.7,41,COVID-19,578201482.0,530596227.0,-47605255.0,-8.2,1156402964,530596227.0,45.9,CONT172,Interiors & Contracting LLC,420,478,87.9,False,95.4,0,56.1,True,False,Façade,2021-10-22,2022-12-18,2023-07-28
CONS001203,PROJ030,Grand Tower,DEV0012,2021-12-01,MEP,2021-06-29,2021-10-17,2021-08-02,,100.0,95.4,-4.6,41,Weather,578201482.0,569335726.0,-8865756.0,-1.5,1156402964,569335726.0,49.2,CONT172,Interiors & Contracting LLC,282,266,106.0,True,71.2,0,58.9,True,False,Façade,2021-10-22,2022-12-18,2023-07-28
CONS001204,PROJ030,Grand Tower,DEV0012,2021-10-27,Façade,2021-10-27,2022-02-14,2021-11-13,,0.0,0.0,0.0,50,Design Change,578201482.0,578201482.0,0.0,0.0,1156402964,578201482.0,50.0,CONT172,Interiors & Contracting LLC,330,379,87.1,False,74.3,0,60.3,True,False,Fit-Out,2022-02-19,2022-12-18,2023-07-28
CONS001205,PROJ030,Grand Tower,DEV0012,2021-11-01,Façade,2021-10-27,2022-02-14,2021-11-13,,4.5,0.0,-4.5,50,Labour Shortage,586874504.0,578201482.0,-8673022.0,-1.5,1156402964,578201482.0,50.0,CONT172,Interiors & Contracting LLC,377,504,74.8,False,85.6,0,61.9,True,False,Fit-Out,2022-02-19,2022-12-18,2023-07-28
CONS001206,PROJ030,Grand Tower,DEV0012,2021-12-01,Façade,2021-10-27,2022-02-14,2021-11-13,,31.8,10.1,-21.7,50,Regulatory,639490839.0,597667599.0,-41823240.0,-6.5,1156402964,597667599.0,51.7,CONT172,Interiors & Contracting LLC,213,218,97.7,False,80.0,0,56.0,True,False,Fit-Out,2022-02-19,2022-12-18,2023-07-28
CONS001207,PROJ030,Grand Tower,DEV0012,2022-01-01,Façade,2021-10-27,2022-02-14,2021-11-13,,60.0,43.2,-16.8,50,Labour Shortage,693841778.0,661462495.0,-32379283.0,-4.7,1156402964,661462495.0,57.2,CONT172,Interiors & Contracting LLC,690,767,90.0,False,74.8,0,58.8,True,False,Fit-Out,2022-02-19,2022-12-18,2023-07-28
CONS001208,PROJ030,Grand Tower,DEV0012,2022-02-01,Façade,2021-10-27,2022-02-14,2021-11-13,,88.2,75.2,-13.0,50,Material Delay,748192718.0,723137320.0,-25055398.0,-3.3,1156402964,723137320.0,62.5,CONT172,Interiors & Contracting LLC,326,304,107.2,False,92.5,0,59.4,True,False,Fit-Out,2022-02-19,2022-12-18,2023-07-28
CONS001209,PROJ030,Grand Tower,DEV0012,2022-03-01,Façade,2021-10-27,2022-02-14,2021-11-13,,100.0,87.9,-12.1,50,Design Change,770935309.0,747614516.0,-23320793.0,-3.0,1156402964,747614516.0,64.6,CONT172,Interiors & Contracting LLC,644,592,108.8,False,90.1,0,60.0,True,False,Fit-Out,2022-02-19,2022-12-18,2023-07-28
CONS001210,PROJ030,Grand Tower,DEV0012,2022-04-01,Façade,2021-10-27,2022-02-14,2021-11-13,,100.0,79.6,-20.4,50,Financing,770935309.0,731617609.0,-39317700.0,-5.1,1156402964,731617609.0,63.3,CONT172,Interiors & Contracting LLC,346,493,70.2,False,88.8,0,58.7,True,False,Fit-Out,2022-02-19,2022-12-18,2023-07-28
CONS001211,PROJ030,Grand Tower,DEV0012,2022-02-24,Fit-Out,2022-02-24,2022-06-14,2022-02-25,,0.0,0.0,0.0,33,Weather,770935309.0,770935309.0,0.0,0.0,1156402964,770935309.0,66.7,CONT172,Interiors & Contracting LLC,701,710,98.7,False,92.0,0,62.7,True,False,Handover,2022-06-19,2022-12-18,2023-07-28
CONS001212,PROJ030,Grand Tower,DEV0012,2022-03-01,Fit-Out,2022-02-24,2022-06-14,2022-02-25,,4.5,0.0,-4.5,33,Design Change,779608332.0,770935309.0,-8673023.0,-1.1,1156402964,770935309.0,66.7,CONT172,Interiors & Contracting LLC,393,427,92.0,False,71.0,0,61.8,True,False,Handover,2022-06-19,2022-12-18,2023-07-28
CONS001213,PROJ030,Grand Tower,DEV0012,2022-04-01,Fit-Out,2022-02-24,2022-06-14,2022-02-25,,32.7,29.4,-3.3,33,COVID-19,833959271.0,827599055.0,-6360216.0,-0.8,1156402964,827599055.0,71.6,CONT172,Interiors & Contracting LLC,292,410,71.2,False,71.9,0,65.5,True,False,Handover,2022-06-19,2022-12-18,2023-07-28
CONS001214,PROJ030,Grand Tower,DEV0012,2022-05-01,Fit-Out,2022-02-24,2022-06-14,2022-02-25,,60.0,38.1,-21.9,33,Labour Shortage,886575606.0,844366898.0,-42208708.0,-4.8,1156402964,844366898.0,73.0,CONT172,Interiors & Contracting LLC,256,276,92.8,False,79.1,0,57.0,True,False,Handover,2022-06-19,2022-12-18,2023-07-28
CONS001215,PROJ030,Grand Tower,DEV0012,2022-06-01,Fit-Out,2022-02-24,2022-06-14,2022-02-25,,88.2,65.2,-23.0,33,Labour Shortage,940926545.0,896597765.0,-44328780.0,-4.7,1156402964,896597765.0,77.5,CONT172,Interiors & Contracting LLC,341,413,82.6,False,83.2,0,56.3,True,False,Handover,2022-06-19,2022-12-18,2023-07-28
CONS001216,PROJ030,Grand Tower,DEV0012,2022-07-01,Fit-Out,2022-02-24,2022-06-14,2022-02-25,,100.0,95.4,-4.6,33,Weather,963669137.0,954803381.0,-8865756.0,-0.9,1156402964,954803381.0,82.6,CONT172,Interiors & Contracting LLC,379,500,75.8,True,77.0,0,62.4,True,False,Handover,2022-06-19,2022-12-18,2023-07-28
CONS001217,PROJ030,Grand Tower,DEV0012,2022-08-01,Fit-Out,2022-02-24,2022-06-14,2022-02-25,,100.0,86.8,-13.2,33,COVID-19,963669137.0,938228271.0,-25440866.0,-2.6,1156402964,938228271.0,81.1,CONT172,Interiors & Contracting LLC,763,717,106.4,False,93.3,0,59.3,True,False,Handover,2022-06-19,2022-12-18,2023-07-28
CONS001218,PROJ030,Grand Tower,DEV0012,2022-06-24,Handover,2022-06-24,2022-10-12,2022-07-12,,0.0,0.0,0.0,23,COVID-19,963669137.0,963669137.0,0.0,0.0,1156402964,963669137.0,83.3,CONT172,Interiors & Contracting LLC,560,680,82.4,False,82.2,0,62.2,False,False,Completed,2022-10-17,2022-12-18,2023-07-28
CONS001219,PROJ030,Grand Tower,DEV0012,2022-07-01,Handover,2022-06-24,2022-10-12,2022-07-12,,6.4,0.0,-6.4,23,COVID-19,976004102.0,963669137.0,-12334965.0,-1.3,1156402964,963669137.0,83.3,CONT172,Interiors & Contracting LLC,561,677,82.9,False,79.9,0,59.7,False,False,Completed,2022-10-17,2022-12-18,2023-07-28
CONS001220,PROJ030,Grand Tower,DEV0012,2022-08-01,Handover,2022-06-24,2022-10-12,2022-07-12,,34.5,20.1,-14.4,23,Labour Shortage,1030162307.0,1002408636.0,-27753671.0,-2.7,1156402964,1002408636.0,86.7,CONT172,Interiors & Contracting LLC,493,502,98.2,False,83.0,0,57.8,True,False,Completed,2022-10-17,2022-12-18,2023-07-28
CONS001221,PROJ030,Grand Tower,DEV0012,2022-09-01,Handover,2022-06-24,2022-10-12,2022-07-12,,62.7,42.9,-19.8,23,Labour Shortage,1084513246.0,1046351949.0,-38161297.0,-3.5,1156402964,1046351949.0,90.5,CONT172,Interiors & Contracting LLC,520,479,108.6,False,89.1,0,59.4,True,False,Completed,2022-10-17,2022-12-18,2023-07-28
CONS001222,PROJ030,Grand Tower,DEV0012,2022-10-01,Handover,2022-06-24,2022-10-12,2022-07-12,,90.0,77.1,-12.9,23,Design Change,1137129581.0,1112266918.0,-24862663.0,-2.2,1156402964,1112266918.0,96.2,CONT172,Interiors & Contracting LLC,446,543,82.1,False,82.6,0,58.5,True,False,Completed,2022-10-17,2022-12-18,2023-07-28
CONS001223,PROJ030,Grand Tower,DEV0012,2022-11-01,Handover,2022-06-24,2022-10-12,2022-07-12,,100.0,93.6,-6.4,23,Material Delay,1156402964.0,1144067999.0,-12334965.0,-1.1,1156402964,1144067999.0,98.9,CONT172,Interiors & Contracting LLC,319,394,81.0,True,71.2,0,61.4,False,False,Completed,2022-10-17,2022-12-18,2023-07-28
CONS001224,PROJ030,Grand Tower,DEV0012,2022-12-01,Handover,2022-06-24,2022-10-12,2022-07-12,,100.0,82.7,-17.3,23,Design Change,1156402964.0,1123060012.0,-33342952.0,-2.9,1156402964,1123060012.0,97.1,CONT172,Interiors & Contracting LLC,410,383,107.0,False,71.6,0,59.8,True,False,Completed,2022-10-17,2022-12-18,2023-07-28
CONS001225,PROJ031,The Place,DEV0004,2022-02-01,Foundation,2022-02-01,2022-05-22,2022-02-01,,0.0,0.0,0.0,18,Design Change,0.0,0.0,0.0,0.0,1821990422,0.0,0.0,CONT028,National Marine Dredging,524,712,73.6,False,93.0,0,84.1,False,False,Structure,2022-05-27,2025-06-10,2025-07-18
CONS001226,PROJ031,The Place,DEV0004,2022-03-01,Foundation,2022-02-01,2022-05-22,2022-02-01,,25.5,14.9,-10.6,18,Design Change,77434593.0,45246095.0,-32188498.0,-41.6,1821990422,45246095.0,2.5,CONT028,National Marine Dredging,425,425,100.0,False,89.3,0,82.8,True,False,Structure,2022-05-27,2025-06-10,2025-07-18
CONS001227,PROJ031,The Place,DEV0004,2022-04-01,Foundation,2022-02-01,2022-05-22,2022-02-01,,53.6,34.7,-18.9,18,Regulatory,162764478.0,105371779.0,-57392699.0,-35.3,1821990422,105371779.0,5.8,CONT028,National Marine Dredging,396,558,71.0,False,95.4,0,75.9,True,False,Structure,2022-05-27,2025-06-10,2025-07-18
CONS001228,PROJ031,The Place,DEV0004,2022-05-01,Foundation,2022-02-01,2022-05-22,2022-02-01,,80.9,62.0,-18.9,18,Material Delay,245665042.0,188272344.0,-57392698.0,-23.4,1821990422,188272344.0,10.3,CONT028,National Marine Dredging,511,494,103.4,False,92.5,0,78.8,True,False,Structure,2022-05-27,2025-06-10,2025-07-18
CONS001229,PROJ031,The Place,DEV0004,2022-06-01,Foundation,2022-02-01,2022-05-22,2022-02-01,,100.0,93.2,-6.8,18,Design Change,303665070.0,283015846.0,-20649224.0,-6.8,1821990422,283015846.0,15.5,CONT028,National Marine Dredging,510,615,82.9,True,93.8,0,82.8,False,False,Structure,2022-05-27,2025-06-10,2025-07-18
CONS001230,PROJ031,The Place,DEV0004,2022-07-01,Foundation,2022-02-01,2022-05-22,2022-02-01,,100.0,85.0,-15.0,18,Design Change,303665070.0,258115310.0,-45549760.0,-15.0,1821990422,258115310.0,14.2,CONT028,National Marine Dredging,350,373,93.8,False,89.9,0,80.2,True,False,Structure,2022-05-27,2025-06-10,2025-07-18
CONS001231,PROJ031,The Place,DEV0004,2022-06-01,Structure,2022-06-01,2022-09-19,2022-06-03,,0.0,0.0,0.0,14,Material Delay,303665070.0,303665070.0,0.0,0.0,1821990422,303665070.0,16.7,CONT028,National Marine Dredging,441,607,72.7,False,81.3,0,81.4,False,False,MEP,2022-09-24,2025-06-10,2025-07-18
CONS001232,PROJ031,The Place,DEV0004,2022-07-01,Structure,2022-06-01,2022-09-19,2022-06-03,,27.3,24.5,-2.8,14,COVID-19,386565635.0,378063013.0,-8502622.0,-2.2,1821990422,378063013.0,20.8,CONT028,National Marine Dredging,284,340,83.5,False,80.4,0,86.3,False,False,MEP,2022-09-24,2025-06-10,2025-07-18
CONS001233,PROJ031,The Place,DEV0004,2022-08-01,Structure,2022-06-01,2022-09-19,2022-06-03,,55.5,40.1,-15.4,14,Regulatory,472199184.0,425434764.0,-46764420.0,-9.9,1821990422,425434764.0,23.4,CONT028,National Marine Dredging,544,516,105.4,False,94.4,0,78.4,True,False,MEP,2022-09-24,2025-06-10,2025-07-18
CONS001234,PROJ031,The Place,DEV0004,2022-09-01,Structure,2022-06-01,2022-09-19,2022-06-03,,83.6,66.3,-17.3,14,Financing,557529069.0,504995012.0,-52534057.0,-9.4,1821990422,504995012.0,27.7,CONT028,National Marine Dredging,166,209,79.4,False,74.6,0,80.2,True,False,MEP,2022-09-24,2025-06-10,2025-07-18
CONS001235,PROJ031,The Place,DEV0004,2022-10-01,Structure,2022-06-01,2022-09-19,2022-06-03,,100.0,88.8,-11.2,14,Regulatory,607330141.0,573319653.0,-34010488.0,-5.6,1821990422,573319653.0,31.5,CONT028,National Marine Dredging,680,633,107.4,False,74.3,0,81.4,True,False,MEP,2022-09-24,2025-06-10,2025-07-18
CONS001236,PROJ031,The Place,DEV0004,2022-11-01,Structure,2022-06-01,2022-09-19,2022-06-03,,100.0,90.6,-9.4,14,COVID-19,607330141.0,578785624.0,-28544517.0,-4.7,1821990422,578785624.0,31.8,CONT028,National Marine Dredging,256,272,94.1,True,81.6,0,83.9,False,False,MEP,2022-09-24,2025-06-10,2025-07-18
CONS001237,PROJ031,The Place,DEV0004,2022-09-29,MEP,2022-09-29,2023-01-17,2022-09-29,,0.0,0.0,0.0,0,,607330141.0,607330141.0,0.0,0.0,1821990422,607330141.0,33.3,CONT028,National Marine Dredging,214,235,91.1,False,96.2,0,89.1,False,False,Façade,2023-01-22,2025-06-10,2025-07-18
CONS001238,PROJ031,The Place,DEV0004,2022-10-01,MEP,2022-09-29,2023-01-17,2022-09-29,,1.8,10.1,8.3,0,,612796112.0,638000313.0,25204201.0,4.1,1821990422,638000313.0,35.0,CONT028,National Marine Dredging,512,553,92.6,False,80.8,0,84.6,False,False,Façade,2023-01-22,2025-06-10,2025-07-18
CONS001239,PROJ031,The Place,DEV0004,2022-11-01,MEP,2022-09-29,2023-01-17,2022-09-29,,30.0,37.7,7.7,0,,698429662.0,721811872.0,23382210.0,3.3,1821990422,721811872.0,39.6,CONT028,National Marine Dredging,337,378,89.2,False,91.1,0,85.7,False,False,Façade,2023-01-22,2025-06-10,2025-07-18
CONS001240,PROJ031,The Place,DEV0004,2022-12-01,MEP,2022-09-29,2023-01-17,2022-09-29,,57.3,44.9,-12.4,0,,781330226.0,743675757.0,-37654469.0,-4.8,1821990422,743675757.0,40.8,CONT028,National Marine Dredging,538,518,103.9,False,87.8,0,81.4,True,False,Façade,2023-01-22,2025-06-10,2025-07-18
CONS001241,PROJ031,The Place,DEV0004,2023-01-01,MEP,2022-09-29,2023-01-17,2022-09-29,,85.5,72.1,-13.4,0,,866963776.0,826272656.0,-40691120.0,-4.7,1821990422,826272656.0,45.3,CONT028,National Marine Dredging,545,653,83.5,False,97.1,0,78.5,True,False,Façade,2023-01-22,2025-06-10,2025-07-18
CONS001242,PROJ031,The Place,DEV0004,2023-02-01,MEP,2022-09-29,2023-01-17,2022-09-29,,100.0,92.1,-7.9,0,,910995211.0,887005670.0,-23989541.0,-2.6,1821990422,887005670.0,48.7,CONT028,National Marine Dredging,438,490,89.4,True,72.0,0,83.9,False,False,Façade,2023-01-22,2025-06-10,2025-07-18
CONS001243,PROJ031,The Place,DEV0004,2023-03-01,MEP,2022-09-29,2023-01-17,2022-09-29,2023-01-17,100.0,100.0,0.0,0,,910995211.0,910995211.0,0.0,0.0,1821990422,910995211.0,50.0,CONT028,National Marine Dredging,368,368,100.0,True,78.1,0,86.4,False,False,Façade,2023-01-22,2025-06-10,2025-07-18
CONS001244,PROJ031,The Place,DEV0004,2023-01-27,Façade,2023-01-27,2023-05-17,2023-01-27,,0.0,0.0,0.0,0,,910995211.0,910995211.0,0.0,0.0,1821990422,910995211.0,50.0,CONT028,National Marine Dredging,502,484,103.7,False,91.8,1,80.8,False,True,Fit-Out,2023-05-22,2025-06-10,2025-07-18
CONS001245,PROJ031,The Place,DEV0004,2023-02-01,Façade,2023-01-27,2023-05-17,2023-01-27,,4.5,0.0,-4.5,0,,924660139.0,910995211.0,-13664928.0,-1.5,1821990422,910995211.0,50.0,CONT028,National Marine Dredging,512,493,103.9,False,70.7,0,83.8,False,False,Fit-Out,2023-05-22,2025-06-10,2025-07-18
CONS001246,PROJ031,The Place,DEV0004,2023-03-01,Façade,2023-01-27,2023-05-17,2023-01-27,,30.0,31.1,1.1,0,,1002094732.0,1005435048.0,3340316.0,0.3,1821990422,1005435048.0,55.2,CONT028,National Marine Dredging,829,757,109.5,False,94.4,0,87.8,False,False,Fit-Out,2023-05-22,2025-06-10,2025-07-18
CONS001247,PROJ031,The Place,DEV0004,2023-04-01,Façade,2023-01-27,2023-05-17,2023-01-27,,58.2,47.6,-10.6,0,,1087728282.0,1055539784.0,-32188498.0,-3.0,1821990422,1055539784.0,57.9,CONT028,National Marine Dredging,652,743,87.8,False,91.0,0,79.2,True,False,Fit-Out,2023-05-22,2025-06-10,2025-07-18
CONS001248,PROJ031,The Place,DEV0004,2023-05-01,Façade,2023-01-27,2023-05-17,2023-01-27,,85.5,78.5,-7.0,0,,1170628846.0,1149372291.0,-21256555.0,-1.8,1821990422,1149372291.0,63.1,CONT028,National Marine Dredging,741,720,102.9,False,74.6,0,82.7,False,False,Fit-Out,2023-05-22,2025-06-10,2025-07-18
CONS001249,PROJ031,The Place,DEV0004,2023-06-01,Façade,2023-01-27,2023-05-17,2023-01-27,,100.0,98.5,-1.5,0,,1214660281.0,1210105305.0,-4554976.0,-0.4,1821990422,1210105305.0,66.4,CONT028,National Marine Dredging,497,489,101.6,True,74.5,0,82.8,False,False,Fit-Out,2023-05-22,2025-06-10,2025-07-18
CONS001250,PROJ031,The Place,DEV0004,2023-07-01,Façade,2023-01-27,2023-05-17,2023-01-27,,100.0,98.1,-1.9,0,,1214660281.0,1208890645.0,-5769636.0,-0.5,1821990422,1208890645.0,66.4,CONT028,National Marine Dredging,284,338,84.0,True,70.6,0,85.9,False,False,Fit-Out,2023-05-22,2025-06-10,2025-07-18
CONS001251,PROJ031,The Place,DEV0004,2023-05-27,Fit-Out,2023-05-27,2023-09-14,2023-05-27,,0.0,0.0,0.0,0,,1214660281.0,1214660281.0,0.0,0.0,1821990422,1214660281.0,66.7,CONT028,National Marine Dredging,163,153,106.5,False,89.7,0,81.0,False,False,Handover,2023-09-19,2025-06-10,2025-07-18
CONS001252,PROJ031,The Place,DEV0004,2023-06-01,Fit-Out,2023-05-27,2023-09-14,2023-05-27,,4.5,4.6,0.1,0,,1228325209.0,1228628875.0,303666.0,0.0,1821990422,1228628875.0,67.4,CONT028,National Marine Dredging,500,543,92.1,False,82.2,0,84.7,False,False,Handover,2023-09-19,2025-06-10,2025-07-18
CONS001253,PROJ031,The Place,DEV0004,2023-07-01,Fit-Out,2023-05-27,2023-09-14,2023-05-27,,31.8,40.0,8.2,0,,1311225774.0,1336126309.0,24900535.0,1.9,1821990422,1336126309.0,73.3,CONT028,National Marine Dredging,626,646,96.9,False,78.8,0,87.8,False,False,Handover,2023-09-19,2025-06-10,2025-07-18
CONS001254,PROJ031,The Place,DEV0004,2023-08-01,Fit-Out,2023-05-27,2023-09-14,2023-05-27,,60.0,50.5,-9.5,0,,1396859324.0,1368011142.0,-28848182.0,-2.1,1821990422,1368011142.0,75.1,CONT028,National Marine Dredging,624,782,79.8,False,74.6,0,80.0,False,False,Handover,2023-09-19,2025-06-10,2025-07-18
CONS001255,PROJ031,The Place,DEV0004,2023-09-01,Fit-Out,2023-05-27,2023-09-14,2023-05-27,,88.2,84.7,-3.5,0,,1482492873.0,1471864596.0,-10628277.0,-0.7,1821990422,1471864596.0,80.8,CONT028,National Marine Dredging,506,603,83.9,False,78.5,0,82.4,False,False,Handover,2023-09-19,2025-06-10,2025-07-18
CONS001256,PROJ031,The Place,DEV0004,2023-10-01,Fit-Out,2023-05-27,2023-09-14,2023-05-27,2023-09-14,100.0,100.0,0.0,0,,1518325352.0,1518325352.0,0.0,0.0,1821990422,1518325352.0,83.3,CONT028,National Marine Dredging,149,178,83.7,True,72.4,0,84.7,False,False,Handover,2023-09-19,2025-06-10,2025-07-18
CONS001257,PROJ031,The Place,DEV0004,2023-11-01,Fit-Out,2023-05-27,2023-09-14,2023-05-27,,100.0,92.0,-8.0,0,,1518325352.0,1494032146.0,-24293206.0,-1.6,1821990422,1494032146.0,82.0,CONT028,National Marine Dredging,374,444,84.2,True,84.9,0,84.2,False,False,Handover,2023-09-19,2025-06-10,2025-07-18
CONS001258,PROJ031,The Place,DEV0004,2023-09-24,Handover,2023-09-24,2024-01-12,2023-09-26,,0.0,0.0,0.0,2,Material Delay,1518325352.0,1518325352.0,0.0,0.0,1821990422,1518325352.0,83.3,CONT028,National Marine Dredging,658,683,96.3,False,89.7,0,82.6,False,False,Completed,2024-01-17,2025-06-10,2025-07-18
CONS001259,PROJ031,The Place,DEV0004,2023-10-01,Handover,2023-09-24,2024-01-12,2023-09-26,,6.4,0.0,-6.4,2,Weather,1537759916.0,1518325352.0,-19434564.0,-1.3,1821990422,1518325352.0,83.3,CONT028,National Marine Dredging,158,199,79.4,False,77.5,0,81.1,False,False,Completed,2024-01-17,2025-06-10,2025-07-18
CONS001260,PROJ031,The Place,DEV0004,2023-11-01,Handover,2023-09-24,2024-01-12,2023-09-26,,34.5,40.1,5.6,2,COVID-19,1623089801.0,1640095045.0,17005244.0,1.0,1821990422,1640095045.0,90.0,CONT028,National Marine Dredging,668,610,109.5,False,72.2,0,88.6,False,False,Completed,2024-01-17,2025-06-10,2025-07-18
CONS001261,PROJ031,The Place,DEV0004,2023-12-01,Handover,2023-09-24,2024-01-12,2023-09-26,,61.8,62.4,0.6,2,Material Delay,1705990365.0,1707812356.0,1821991.0,0.1,1821990422,1707812356.0,93.7,CONT028,National Marine Dredging,336,342,98.2,False,75.9,0,84.3,False,False,Completed,2024-01-17,2025-06-10,2025-07-18
CONS001262,PROJ031,The Place,DEV0004,2024-01-01,Handover,2023-09-24,2024-01-12,2023-09-26,,90.0,88.3,-1.7,2,COVID-19,1791623915.0,1786461609.0,-5162306.0,-0.3,1821990422,1786461609.0,98.1,CONT028,National Marine Dredging,432,397,108.8,False,75.5,0,82.6,False,False,Completed,2024-01-17,2025-06-10,2025-07-18
CONS001263,PROJ031,The Place,DEV0004,2024-02-01,Handover,2023-09-24,2024-01-12,2023-09-26,2024-01-14,100.0,100.0,0.0,2,Design Change,1821990422.0,1821990422.0,0.0,0.0,1821990422,1821990422.0,100.0,CONT028,National Marine Dredging,714,651,109.7,True,97.7,0,86.2,False,False,Completed,2024-01-17,2025-06-10,2025-07-18
CONS001264,PROJ031,The Place,DEV0004,2024-03-01,Handover,2023-09-24,2024-01-12,2023-09-26,,100.0,99.9,-0.1,2,Financing,1821990422.0,1821686757.0,-303665.0,-0.0,1821990422,1821686757.0,100.0,CONT028,National Marine Dredging,159,200,79.5,True,94.8,0,83.7,False,False,Completed,2024-01-17,2025-06-10,2025-07-18
CONS001265,PROJ032,One Gardens,DEV0016,2022-05-01,Foundation,2022-05-01,2022-08-19,2022-05-04,,0.0,0.0,0.0,13,Weather,0.0,0.0,0.0,0.0,695604225,0.0,0.0,CONT003,Shapoorji Pallonji ME,182,244,74.6,False,96.9,1,61.4,False,True,Structure,2022-08-24,2025-11-26,2026-09-09
CONS001266,PROJ032,One Gardens,DEV0016,2022-06-01,Foundation,2022-05-01,2022-08-19,2022-05-04,,28.2,24.1,-4.1,13,Regulatory,32693399.0,27940103.0,-4753296.0,-14.5,695604225,27940103.0,4.0,CONT003,Shapoorji Pallonji ME,455,485,93.8,False,75.3,0,61.7,False,False,Structure,2022-08-24,2025-11-26,2026-09-09
CONS001267,PROJ032,One Gardens,DEV0016,2022-07-01,Foundation,2022-05-01,2022-08-19,2022-05-04,,55.5,48.8,-6.7,13,Regulatory,64343391.0,56575810.0,-7767581.0,-12.1,695604225,56575810.0,8.1,CONT003,Shapoorji Pallonji ME,493,616,80.0,False,82.8,0,62.0,False,False,Structure,2022-08-24,2025-11-26,2026-09-09
CONS001268,PROJ032,One Gardens,DEV0016,2022-08-01,Foundation,2022-05-01,2022-08-19,2022-05-04,,83.6,81.3,-2.3,13,COVID-19,96920855.0,94254372.0,-2666483.0,-2.8,695604225,94254372.0,13.5,CONT003,Shapoorji Pallonji ME,201,237,84.8,False,97.9,0,65.5,False,False,Structure,2022-08-24,2025-11-26,2026-09-09
CONS001269,PROJ032,One Gardens,DEV0016,2022-09-01,Foundation,2022-05-01,2022-08-19,2022-05-04,,100.0,86.0,-14.0,13,Financing,115934038.0,99703272.0,-16230766.0,-14.0,695604225,99703272.0,14.3,CONT003,Shapoorji Pallonji ME,569,575,99.0,False,88.1,2,49.6,True,True,Structure,2022-08-24,2025-11-26,2026-09-09
CONS001270,PROJ032,One Gardens,DEV0016,2022-10-01,Foundation,2022-05-01,2022-08-19,2022-05-04,,100.0,99.6,-0.4,13,Financing,115934038.0,115470301.0,-463737.0,-0.4,695604225,115470301.0,16.6,CONT003,Shapoorji Pallonji ME,449,441,101.8,True,78.6,0,65.7,False,False,Structure,2022-08-24,2025-11-26,2026-09-09
CONS001271,PROJ032,One Gardens,DEV0016,2022-08-29,Structure,2022-08-29,2022-12-17,2022-09-07,,0.0,0.0,0.0,46,Regulatory,115934038.0,115934038.0,0.0,0.0,695604225,115934038.0,16.7,CONT003,Shapoorji Pallonji ME,367,382,96.1,False,74.3,0,64.2,True,False,MEP,2022-12-22,2025-11-26,2026-09-09
CONS001272,PROJ032,One Gardens,DEV0016,2022-09-01,Structure,2022-08-29,2022-12-17,2022-09-07,,2.7,0.0,-2.7,46,COVID-19,119064257.0,115934038.0,-3130219.0,-2.6,695604225,115934038.0,16.7,CONT003,Shapoorji Pallonji ME,712,653,109.0,False,75.3,0,67.5,True,False,MEP,2022-12-22,2025-11-26,2026-09-09
CONS001273,PROJ032,One Gardens,DEV0016,2022-10-01,Structure,2022-08-29,2022-12-17,2022-09-07,,30.0,15.6,-14.4,46,COVID-19,150714249.0,134019747.0,-16694502.0,-11.1,695604225,134019747.0,19.3,CONT003,Shapoorji Pallonji ME,272,295,92.2,False,89.1,0,63.1,True,False,MEP,2022-12-22,2025-11-26,2026-09-09
CONS001274,PROJ032,One Gardens,DEV0016,2022-11-01,Structure,2022-08-29,2022-12-17,2022-09-07,,58.2,42.1,-16.1,46,Regulatory,183407647.0,164742267.0,-18665380.0,-10.2,695604225,164742267.0,23.7,CONT003,Shapoorji Pallonji ME,316,326,96.9,False,91.0,0,56.8,True,False,MEP,2022-12-22,2025-11-26,2026-09-09
CONS001275,PROJ032,One Gardens,DEV0016,2022-12-01,Structure,2022-08-29,2022-12-17,2022-09-07,,85.5,68.8,-16.7,46,Design Change,215057640.0,195696655.0,-19360985.0,-9.0,695604225,195696655.0,28.1,CONT003,Shapoorji Pallonji ME,404,401,100.7,False,92.8,0,60.3,True,False,MEP,2022-12-22,2025-11-26,2026-09-09
CONS001276,PROJ032,One Gardens,DEV0016,2023-01-01,Structure,2022-08-29,2022-12-17,2022-09-07,,100.0,78.2,-21.8,46,Weather,231868075.0,206594455.0,-25273620.0,-10.9,695604225,206594455.0,29.7,CONT003,Shapoorji Pallonji ME,195,179,108.9,False,93.1,0,56.1,True,False,MEP,2022-12-22,2025-11-26,2026-09-09
CONS001277,PROJ032,One Gardens,DEV0016,2023-02-01,Structure,2022-08-29,2022-12-17,2022-09-07,,100.0,87.3,-12.7,46,Financing,231868075.0,217144452.0,-14723623.0,-6.4,695604225,217144452.0,31.2,CONT003,Shapoorji Pallonji ME,662,694,95.4,False,94.7,0,60.9,True,False,MEP,2022-12-22,2025-11-26,2026-09-09
CONS001278,PROJ032,One Gardens,DEV0016,2022-12-27,MEP,2022-12-27,2023-04-16,2022-12-27,,0.0,0.0,0.0,10,Regulatory,231868075.0,231868075.0,0.0,0.0,695604225,231868075.0,33.3,CONT003,Shapoorji Pallonji ME,550,675,81.5,False,95.1,1,59.4,False,True,Façade,2023-04-21,2025-11-26,2026-09-09
CONS001279,PROJ032,One Gardens,DEV0016,2023-01-01,MEP,2022-12-27,2023-04-16,2022-12-27,,4.5,0.0,-4.5,10,Material Delay,237085107.0,231868075.0,-5217032.0,-2.2,695604225,231868075.0,33.3,CONT003,Shapoorji Pallonji ME,731,752,97.2,False,95.9,0,60.8,False,False,Façade,2023-04-21,2025-11-26,2026-09-09
CONS001280,PROJ032,One Gardens,DEV0016,2023-02-01,MEP,2022-12-27,2023-04-16,2022-12-27,,32.7,23.5,-9.2,10,Labour Shortage,269778505.0,259112574.0,-10665931.0,-4.0,695604225,259112574.0,37.3,CONT003,Shapoorji Pallonji ME,305,417,73.1,False,71.6,0,63.7,False,False,Façade,2023-04-21,2025-11-26,2026-09-09
CONS001281,PROJ032,One Gardens,DEV0016,2023-03-01,MEP,2022-12-27,2023-04-16,2022-12-27,,58.2,57.0,-1.2,10,Regulatory,299341685.0,297950476.0,-1391209.0,-0.5,695604225,297950476.0,42.8,CONT003,Shapoorji Pallonji ME,369,412,89.6,False,84.4,0,64.3,False,False,Façade,2023-04-21,2025-11-26,2026-09-09
CONS001282,PROJ032,One Gardens,DEV0016,2023-04-01,MEP,2022-12-27,2023-04-16,2022-12-27,,86.4,68.4,-18.0,10,Regulatory,332035083.0,311166957.0,-20868126.0,-6.3,695604225,311166957.0,44.7,CONT003,Shapoorji Pallonji ME,368,348,105.7,False,74.4,0,58.3,True,False,Façade,2023-04-21,2025-11-26,2026-09-09
CONS001283,PROJ032,One Gardens,DEV0016,2023-05-01,MEP,2022-12-27,2023-04-16,2022-12-27,,100.0,98.4,-1.6,10,Financing,347802112.0,345947168.0,-1854944.0,-0.5,695604225,345947168.0,49.7,CONT003,Shapoorji Pallonji ME,340,402,84.6,True,85.4,0,62.9,False,False,Façade,2023-04-21,2025-11-26,2026-09-09
CONS001284,PROJ032,One Gardens,DEV0016,2023-06-01,MEP,2022-12-27,2023-04-16,2022-12-27,,100.0,96.7,-3.3,10,Labour Shortage,347802112.0,343976289.0,-3825823.0,-1.1,695604225,343976289.0,49.4,CONT003,Shapoorji Pallonji ME,245,260,94.2,True,73.1,0,63.6,False,False,Façade,2023-04-21,2025-11-26,2026-09-09
CONS001285,PROJ032,One Gardens,DEV0016,2023-04-26,Façade,2023-04-26,2023-08-14,2023-05-01,,0.0,2.7,2.7,7,Labour Shortage,347802112.0,350932332.0,3130220.0,0.9,695604225,350932332.0,50.5,CONT003,Shapoorji Pallonji ME,440,626,70.3,False,78.0,0,65.9,False,False,Fit-Out,2023-08-19,2025-11-26,2026-09-09
CONS001286,PROJ032,One Gardens,DEV0016,2023-05-01,Façade,2023-04-26,2023-08-14,2023-05-01,,4.5,6.6,2.1,7,Financing,353019144.0,355453759.0,2434615.0,0.7,695604225,355453759.0,51.1,CONT003,Shapoorji Pallonji ME,514,734,70.0,False,85.3,0,64.7,False,False,Fit-Out,2023-08-19,2025-11-26,2026-09-09
CONS001287,PROJ032,One Gardens,DEV0016,2023-06-01,Façade,2023-04-26,2023-08-14,2023-05-01,,32.7,24.4,-8.3,7,Labour Shortage,385712543.0,376090018.0,-9622525.0,-2.5,695604225,376090018.0,54.1,CONT003,Shapoorji Pallonji ME,295,303,97.4,False,76.4,0,56.1,False,False,Fit-Out,2023-08-19,2025-11-26,2026-09-09
CONS001288,PROJ032,One Gardens,DEV0016,2023-07-01,Façade,2023-04-26,2023-08-14,2023-05-01,,60.0,61.9,1.9,7,Design Change,417362535.0,419565282.0,2202747.0,0.5,695604225,419565282.0,60.3,CONT003,Shapoorji Pallonji ME,543,562,96.6,False,75.2,0,64.9,False,False,Fit-Out,2023-08-19,2025-11-26,2026-09-09
CONS001289,PROJ032,One Gardens,DEV0016,2023-08-01,Façade,2023-04-26,2023-08-14,2023-05-01,,88.2,81.2,-7.0,7,Financing,450055934.0,441940551.0,-8115383.0,-1.8,695604225,441940551.0,63.5,CONT003,Shapoorji Pallonji ME,342,474,72.2,False,79.9,0,59.3,False,False,Fit-Out,2023-08-19,2025-11-26,2026-09-09
CONS001290,PROJ032,One Gardens,DEV0016,2023-09-01,Façade,2023-04-26,2023-08-14,2023-05-01,,100.0,92.4,-7.6,7,Material Delay,463736150.0,454925163.0,-8810987.0,-1.9,695604225,454925163.0,65.4,CONT003,Shapoorji Pallonji ME,735,744,98.8,True,91.1,0,61.6,False,False,Fit-Out,2023-08-19,2025-11-26,2026-09-09
CONS001291,PROJ032,One Gardens,DEV0016,2023-10-01,Façade,2023-04-26,2023-08-14,2023-05-01,,100.0,90.6,-9.4,7,COVID-19,463736150.0,452838350.0,-10897800.0,-2.4,695604225,452838350.0,65.1,CONT003,Shapoorji Pallonji ME,324,450,72.0,True,89.9,0,58.7,False,False,Fit-Out,2023-08-19,2025-11-26,2026-09-09
CONS001292,PROJ032,One Gardens,DEV0016,2023-08-24,Fit-Out,2023-08-24,2023-12-12,2023-08-28,,0.0,0.0,0.0,16,Regulatory,463736150.0,463736150.0,0.0,0.0,695604225,463736150.0,66.7,CONT003,Shapoorji Pallonji ME,256,325,78.8,False,92.8,0,61.5,False,False,Handover,2023-12-17,2025-11-26,2026-09-09
CONS001293,PROJ032,One Gardens,DEV0016,2023-09-01,Fit-Out,2023-08-24,2023-12-12,2023-08-28,,7.3,0.0,-7.3,16,Weather,472199335.0,463736150.0,-8463185.0,-1.8,695604225,463736150.0,66.7,CONT003,Shapoorji Pallonji ME,586,743,78.9,False,96.4,0,64.6,False,False,Handover,2023-12-17,2025-11-26,2026-09-09
CONS001294,PROJ032,One Gardens,DEV0016,2023-10-01,Fit-Out,2023-08-24,2023-12-12,2023-08-28,,34.5,25.9,-8.6,16,COVID-19,503733393.0,493763066.0,-9970327.0,-2.0,695604225,493763066.0,71.0,CONT003,Shapoorji Pallonji ME,507,608,83.4,False,77.6,0,61.1,False,False,Handover,2023-12-17,2025-11-26,2026-09-09
CONS001295,PROJ032,One Gardens,DEV0016,2023-11-01,Fit-Out,2023-08-24,2023-12-12,2023-08-28,,62.7,51.9,-10.8,16,Financing,536426792.0,523905915.0,-12520877.0,-2.3,695604225,523905915.0,75.3,CONT003,Shapoorji Pallonji ME,514,503,102.2,False,96.2,0,60.3,True,False,Handover,2023-12-17,2025-11-26,2026-09-09
CONS001296,PROJ032,One Gardens,DEV0016,2023-12-01,Fit-Out,2023-08-24,2023-12-12,2023-08-28,,90.0,80.9,-9.1,16,Material Delay,568076784.0,557526786.0,-10549998.0,-1.9,695604225,557526786.0,80.1,CONT003,Shapoorji Pallonji ME,113,151,74.8,False,86.7,0,62.5,False,False,Handover,2023-12-17,2025-11-26,2026-09-09
CONS001297,PROJ032,One Gardens,DEV0016,2024-01-01,Fit-Out,2023-08-24,2023-12-12,2023-08-28,,100.0,80.8,-19.2,16,Labour Shortage,579670188.0,557410852.0,-22259336.0,-3.8,695604225,557410852.0,80.1,CONT003,Shapoorji Pallonji ME,610,630,96.8,False,74.6,0,57.8,True,False,Handover,2023-12-17,2025-11-26,2026-09-09
CONS001298,PROJ032,One Gardens,DEV0016,2024-02-01,Fit-Out,2023-08-24,2023-12-12,2023-08-28,,100.0,95.5,-4.5,16,Regulatory,579670188.0,574453156.0,-5217032.0,-0.9,695604225,574453156.0,82.6,CONT003,Shapoorji Pallonji ME,281,275,102.2,True,81.3,0,67.2,False,False,Handover,2023-12-17,2025-11-26,2026-09-09
CONS001299,PROJ032,One Gardens,DEV0016,2023-12-22,Handover,2023-12-22,2024-04-10,2024-01-26,,0.0,0.0,0.0,37,Labour Shortage,579670188.0,579670188.0,0.0,0.0,695604225,579670188.0,83.3,CONT003,Shapoorji Pallonji ME,607,623,97.4,False,77.7,0,63.8,True,False,Completed,2024-04-15,2025-11-26,2026-09-09
CONS001300,PROJ032,One Gardens,DEV0016,2024-01-01,Handover,2023-12-22,2024-04-10,2024-01-26,,9.1,0.0,-9.1,37,Weather,590220185.0,579670188.0,-10549997.0,-1.8,695604225,579670188.0,83.3,CONT003,Shapoorji Pallonji ME,659,753,87.5,False,86.0,0,62.3,True,False,Completed,2024-04-15,2025-11-26,2026-09-09
CONS001301,PROJ032,One Gardens,DEV0016,2024-02-01,Handover,2023-12-22,2024-04-10,2024-01-26,,37.3,12.7,-24.6,37,Design Change,622913583.0,594393810.0,-28519773.0,-4.6,695604225,594393810.0,85.4,CONT003,Shapoorji Pallonji ME,745,744,100.1,False,81.5,1,53.9,True,True,Completed,2024-04-15,2025-11-26,2026-09-09
CONS001302,PROJ032,One Gardens,DEV0016,2024-03-01,Handover,2023-12-22,2024-04-10,2024-01-26,,63.6,55.0,-8.6,37,Labour Shortage,653404235.0,643433908.0,-9970327.0,-1.5,695604225,643433908.0,92.5,CONT003,Shapoorji Pallonji ME,421,554,76.0,False,72.0,0,64.9,True,False,Completed,2024-04-15,2025-11-26,2026-09-09
CONS001303,PROJ032,One Gardens,DEV0016,2024-04-01,Handover,2023-12-22,2024-04-10,2024-01-26,,91.8,74.7,-17.1,37,COVID-19,686097634.0,666272914.0,-19824720.0,-2.9,695604225,666272914.0,95.8,CONT003,Shapoorji Pallonji ME,763,713,107.0,False,85.8,0,57.7,True,False,Completed,2024-04-15,2025-11-26,2026-09-09
CONS001304,PROJ032,One Gardens,DEV0016,2024-05-01,Handover,2023-12-22,2024-04-10,2024-01-26,,100.0,82.7,-17.3,37,Design Change,695604225.0,675547637.0,-20056588.0,-2.9,695604225,675547637.0,97.1,CONT003,Shapoorji Pallonji ME,346,437,79.2,False,71.0,0,58.3,True,False,Completed,2024-04-15,2025-11-26,2026-09-09
CONS001305,PROJ032,One Gardens,DEV0016,2024-06-01,Handover,2023-12-22,2024-04-10,2024-01-26,,100.0,85.3,-14.7,37,Weather,695604225.0,678561921.0,-17042304.0,-2.5,695604225,678561921.0,97.5,CONT003,Shapoorji Pallonji ME,708,727,97.4,False,88.7,0,62.4,True,False,Completed,2024-04-15,2025-11-26,2026-09-09
CONS001306,PROJ033,Grand Bay,DEV0032,2020-08-01,Foundation,2020-08-01,2020-11-19,2020-08-01,,0.0,0.0,0.0,0,,0.0,0.0,0.0,0.0,1978216000,0.0,0.0,CONT073,Alec Contracting LLC,298,351,84.9,False,78.3,0,84.5,False,False,Structure,2020-11-24,2022-12-26,2023-07-05
CONS001307,PROJ033,Grand Bay,DEV0032,2020-09-01,Foundation,2020-08-01,2020-11-19,2020-08-01,,28.2,31.8,3.6,0,,92976152.0,104845448.0,11869296.0,12.8,1978216000,104845448.0,5.3,CONT073,Alec Contracting LLC,468,442,105.9,False,93.5,0,86.1,False,False,Structure,2020-11-24,2022-12-26,2023-07-05
CONS001308,PROJ033,Grand Bay,DEV0032,2020-10-01,Foundation,2020-08-01,2020-11-19,2020-08-01,,55.5,65.2,9.7,0,,182984980.0,214966139.0,31981159.0,17.5,1978216000,214966139.0,10.9,CONT073,Alec Contracting LLC,443,410,108.0,False,71.9,0,83.1,False,True,Structure,2020-11-24,2022-12-26,2023-07-05
CONS001309,PROJ033,Grand Bay,DEV0032,2020-11-01,Foundation,2020-08-01,2020-11-19,2020-08-01,,83.6,91.7,8.1,0,,275631429.0,302337345.0,26705916.0,9.7,1978216000,302337345.0,15.3,CONT073,Alec Contracting LLC,480,603,79.6,False,71.3,0,88.4,False,False,Structure,2020-11-24,2022-12-26,2023-07-05
CONS001310,PROJ033,Grand Bay,DEV0032,2020-12-01,Foundation,2020-08-01,2020-11-19,2020-08-01,,100.0,99.4,-0.6,0,,329702667.0,327724451.0,-1978216.0,-0.6,1978216000,327724451.0,16.6,CONT073,Alec Contracting LLC,652,646,100.9,True,89.2,0,81.2,False,False,Structure,2020-11-24,2022-12-26,2023-07-05
CONS001311,PROJ033,Grand Bay,DEV0032,2021-01-01,Foundation,2020-08-01,2020-11-19,2020-08-01,,100.0,93.5,-6.5,0,,329702667.0,308271993.0,-21430674.0,-6.5,1978216000,308271993.0,15.6,CONT073,Alec Contracting LLC,448,490,91.4,True,82.6,0,81.3,False,False,Structure,2020-11-24,2022-12-26,2023-07-05
CONS001312,PROJ033,Grand Bay,DEV0032,2020-11-29,Structure,2020-11-29,2021-03-19,2020-11-30,,0.0,0.0,0.0,2,Regulatory,329702667.0,329702667.0,0.0,0.0,1978216000,329702667.0,16.7,CONT073,Alec Contracting LLC,681,780,87.3,False,80.2,0,82.6,False,False,MEP,2021-03-24,2022-12-26,2023-07-05
CONS001313,PROJ033,Grand Bay,DEV0032,2020-12-01,Structure,2020-11-29,2021-03-19,2020-11-30,,1.8,8.3,6.5,2,Regulatory,335637315.0,357067988.0,21430673.0,6.4,1978216000,357067988.0,18.1,CONT073,Alec Contracting LLC,212,206,102.9,False,85.8,0,83.1,False,False,MEP,2021-03-24,2022-12-26,2023-07-05
CONS001314,PROJ033,Grand Bay,DEV0032,2021-01-01,Structure,2020-11-29,2021-03-19,2020-11-30,,30.0,15.0,-15.0,2,Material Delay,428613467.0,379158067.0,-49455400.0,-11.5,1978216000,379158067.0,19.2,CONT073,Alec Contracting LLC,279,340,82.1,False,90.8,0,75.6,True,False,MEP,2021-03-24,2022-12-26,2023-07-05
CONS001315,PROJ033,Grand Bay,DEV0032,2021-02-01,Structure,2020-11-29,2021-03-19,2020-11-30,,58.2,57.2,-1.0,2,Material Delay,521589619.0,518292592.0,-3297027.0,-0.6,1978216000,518292592.0,26.2,CONT073,Alec Contracting LLC,691,736,93.9,False,70.9,0,79.1,False,False,MEP,2021-03-24,2022-12-26,2023-07-05
CONS001316,PROJ033,Grand Bay,DEV0032,2021-03-01,Structure,2020-11-29,2021-03-19,2020-11-30,,83.6,84.9,1.3,2,Material Delay,605334096.0,609620231.0,4286135.0,0.7,1978216000,609620231.0,30.8,CONT073,Alec Contracting LLC,369,396,93.2,False,95.0,0,83.5,False,False,MEP,2021-03-24,2022-12-26,2023-07-05
CONS001317,PROJ033,Grand Bay,DEV0032,2021-04-01,Structure,2020-11-29,2021-03-19,2020-11-30,,100.0,99.4,-0.6,2,Labour Shortage,659405333.0,657427117.0,-1978216.0,-0.3,1978216000,657427117.0,33.2,CONT073,Alec Contracting LLC,130,183,71.0,True,90.4,0,79.7,False,False,MEP,2021-03-24,2022-12-26,2023-07-05
CONS001318,PROJ033,Grand Bay,DEV0032,2021-05-01,Structure,2020-11-29,2021-03-19,2020-11-30,,100.0,94.6,-5.4,2,COVID-19,659405333.0,641601389.0,-17803944.0,-2.7,1978216000,641601389.0,32.4,CONT073,Alec Contracting LLC,317,413,76.8,True,81.4,0,79.0,False,False,MEP,2021-03-24,2022-12-26,2023-07-05
CONS001319,PROJ033,Grand Bay,DEV0032,2021-03-29,MEP,2021-03-29,2021-07-17,2021-04-28,,0.0,0.0,0.0,46,Material Delay,659405333.0,659405333.0,0.0,0.0,1978216000,659405333.0,33.3,CONT073,Alec Contracting LLC,344,475,72.4,False,80.4,0,82.5,True,False,Façade,2021-07-22,2022-12-26,2023-07-05
CONS001320,PROJ033,Grand Bay,DEV0032,2021-04-01,MEP,2021-03-29,2021-07-17,2021-04-28,,2.7,0.0,-2.7,46,Financing,668307305.0,659405333.0,-8901972.0,-1.3,1978216000,659405333.0,33.3,CONT073,Alec Contracting LLC,194,234,82.9,False,75.6,0,76.8,True,False,Façade,2021-07-22,2022-12-26,2023-07-05
CONS001321,PROJ033,Grand Bay,DEV0032,2021-05-01,MEP,2021-03-29,2021-07-17,2021-04-28,,30.0,5.1,-24.9,46,Regulatory,758316133.0,676220169.0,-82095964.0,-10.8,1978216000,676220169.0,34.2,CONT073,Alec Contracting LLC,269,361,74.5,False,77.5,0,77.0,True,False,Façade,2021-07-22,2022-12-26,2023-07-05
CONS001322,PROJ033,Grand Bay,DEV0032,2021-06-01,MEP,2021-03-29,2021-07-17,2021-04-28,,58.2,33.7,-24.5,46,COVID-19,851292285.0,770515132.0,-80777153.0,-9.5,1978216000,770515132.0,39.0,CONT073,Alec Contracting LLC,622,636,97.8,False,94.2,0,70.7,True,False,Façade,2021-07-22,2022-12-26,2023-07-05
CONS001323,PROJ033,Grand Bay,DEV0032,2021-07-01,MEP,2021-03-29,2021-07-17,2021-04-28,,85.5,68.7,-16.8,46,Weather,941301113.0,885911065.0,-55390048.0,-5.9,1978216000,885911065.0,44.8,CONT073,Alec Contracting LLC,161,157,102.5,False,89.2,0,77.7,True,False,Façade,2021-07-22,2022-12-26,2023-07-05
CONS001324,PROJ033,Grand Bay,DEV0032,2021-08-01,MEP,2021-03-29,2021-07-17,2021-04-28,,100.0,78.4,-21.6,46,Design Change,989108000.0,917892224.0,-71215776.0,-7.2,1978216000,917892224.0,46.4,CONT073,Alec Contracting LLC,284,357,79.6,False,83.2,0,76.5,True,False,Façade,2021-07-22,2022-12-26,2023-07-05
CONS001325,PROJ033,Grand Bay,DEV0032,2021-09-01,MEP,2021-03-29,2021-07-17,2021-04-28,,100.0,80.1,-19.9,46,Labour Shortage,989108000.0,923497169.0,-65610831.0,-6.6,1978216000,923497169.0,46.7,CONT073,Alec Contracting LLC,264,322,82.0,False,73.1,0,78.0,True,False,Façade,2021-07-22,2022-12-26,2023-07-05
CONS001326,PROJ033,Grand Bay,DEV0032,2021-07-27,Façade,2021-07-27,2021-11-14,2021-07-28,,0.0,0.0,0.0,12,Material Delay,989108000.0,989108000.0,0.0,0.0,1978216000,989108000.0,50.0,CONT073,Alec Contracting LLC,565,716,78.9,False,81.1,0,82.8,False,False,Fit-Out,2021-11-19,2022-12-26,2023-07-05
CONS001327,PROJ033,Grand Bay,DEV0032,2021-08-01,Façade,2021-07-27,2021-11-14,2021-07-28,,4.5,0.0,-4.5,12,Labour Shortage,1003944620.0,989108000.0,-14836620.0,-1.5,1978216000,989108000.0,50.0,CONT073,Alec Contracting LLC,222,213,104.2,False,75.2,0,85.6,False,False,Fit-Out,2021-11-19,2022-12-26,2023-07-05
CONS001328,PROJ033,Grand Bay,DEV0032,2021-09-01,Façade,2021-07-27,2021-11-14,2021-07-28,,32.7,22.8,-9.9,12,Design Change,1096920772.0,1064280208.0,-32640564.0,-3.0,1978216000,1064280208.0,53.8,CONT073,Alec Contracting LLC,243,346,70.2,False,91.2,0,80.4,False,False,Fit-Out,2021-11-19,2022-12-26,2023-07-05
CONS001329,PROJ033,Grand Bay,DEV0032,2021-10-01,Façade,2021-07-27,2021-11-14,2021-07-28,,60.0,60.4,0.4,12,Design Change,1186929600.0,1188248411.0,1318811.0,0.1,1978216000,1188248411.0,60.1,CONT073,Alec Contracting LLC,216,208,103.8,False,83.1,0,85.1,False,False,Fit-Out,2021-11-19,2022-12-26,2023-07-05
CONS001330,PROJ033,Grand Bay,DEV0032,2021-11-01,Façade,2021-07-27,2021-11-14,2021-07-28,,88.2,88.4,0.2,12,Regulatory,1279905752.0,1280565157.0,659405.0,0.1,1978216000,1280565157.0,64.7,CONT073,Alec Contracting LLC,158,155,101.9,False,96.4,0,81.5,False,False,Fit-Out,2021-11-19,2022-12-26,2023-07-05
CONS001331,PROJ033,Grand Bay,DEV0032,2021-12-01,Façade,2021-07-27,2021-11-14,2021-07-28,,100.0,88.3,-11.7,12,Labour Shortage,1318810667.0,1280235455.0,-38575212.0,-2.9,1978216000,1280235455.0,64.7,CONT073,Alec Contracting LLC,747,712,104.9,False,85.9,0,79.6,True,False,Fit-Out,2021-11-19,2022-12-26,2023-07-05
CONS001332,PROJ033,Grand Bay,DEV0032,2022-01-01,Façade,2021-07-27,2021-11-14,2021-07-28,,100.0,90.5,-9.5,12,Weather,1318810667.0,1287488913.0,-31321754.0,-2.4,1978216000,1287488913.0,65.1,CONT073,Alec Contracting LLC,292,282,103.5,True,71.8,0,83.1,False,False,Fit-Out,2021-11-19,2022-12-26,2023-07-05
CONS001333,PROJ033,Grand Bay,DEV0032,2021-11-24,Fit-Out,2021-11-24,2022-03-14,2021-11-24,,0.0,4.6,4.6,0,,1318810667.0,1333976989.0,15166322.0,1.1,1978216000,1333976989.0,67.4,CONT073,Alec Contracting LLC,459,624,73.6,False,72.6,0,83.8,False,False,Handover,2022-03-19,2022-12-26,2023-07-05
CONS001334,PROJ033,Grand Bay,DEV0032,2021-12-01,Fit-Out,2021-11-24,2022-03-14,2021-11-24,,6.4,5.8,-0.6,0,,1339911637.0,1337933421.0,-1978216.0,-0.1,1978216000,1337933421.0,67.6,CONT073,Alec Contracting LLC,244,276,88.4,False,87.0,0,83.1,False,False,Handover,2022-03-19,2022-12-26,2023-07-05
CONS001335,PROJ033,Grand Bay,DEV0032,2022-01-01,Fit-Out,2021-11-24,2022-03-14,2021-11-24,,34.5,25.6,-8.9,0,,1432558087.0,1403214549.0,-29343538.0,-2.0,1978216000,1403214549.0,70.9,CONT073,Alec Contracting LLC,161,169,95.3,False,92.6,0,82.2,False,False,Handover,2022-03-19,2022-12-26,2023-07-05
CONS001336,PROJ033,Grand Bay,DEV0032,2022-02-01,Fit-Out,2021-11-24,2022-03-14,2021-11-24,,62.7,64.7,2.0,0,,1525534239.0,1532128292.0,6594053.0,0.4,1978216000,1532128292.0,77.5,CONT073,Alec Contracting LLC,281,283,99.3,False,85.0,0,82.0,False,False,Handover,2022-03-19,2022-12-26,2023-07-05
CONS001337,PROJ033,Grand Bay,DEV0032,2022-03-01,Fit-Out,2021-11-24,2022-03-14,2021-11-24,,88.2,84.7,-3.5,0,,1609608419.0,1598068825.0,-11539594.0,-0.7,1978216000,1598068825.0,80.8,CONT073,Alec Contracting LLC,412,525,78.5,False,72.7,0,77.5,False,False,Handover,2022-03-19,2022-12-26,2023-07-05
CONS001338,PROJ033,Grand Bay,DEV0032,2022-04-01,Fit-Out,2021-11-24,2022-03-14,2021-11-24,2022-03-14,100.0,100.0,0.0,0,,1648513333.0,1648513333.0,0.0,0.0,1978216000,1648513333.0,83.3,CONT073,Alec Contracting LLC,518,700,74.0,True,97.5,1,78.4,False,True,Handover,2022-03-19,2022-12-26,2023-07-05
CONS001339,PROJ033,Grand Bay,DEV0032,2022-05-01,Fit-Out,2021-11-24,2022-03-14,2021-11-24,,100.0,88.0,-12.0,0,,1648513333.0,1608949013.0,-39564320.0,-2.4,1978216000,1608949013.0,81.3,CONT073,Alec Contracting LLC,214,251,85.3,False,95.2,0,81.3,True,False,Handover,2022-03-19,2022-12-26,2023-07-05
CONS001340,PROJ033,Grand Bay,DEV0032,2022-03-24,Handover,2022-03-24,2022-07-12,2022-04-01,,0.0,0.0,0.0,40,Labour Shortage,1648513333.0,1648513333.0,0.0,0.0,1978216000,1648513333.0,83.3,CONT073,Alec Contracting LLC,597,751,79.5,False,91.4,0,80.2,True,False,Completed,2022-07-17,2022-12-26,2023-07-05
CONS001341,PROJ033,Grand Bay,DEV0032,2022-04-01,Handover,2022-03-24,2022-07-12,2022-04-01,,7.3,0.0,-7.3,40,COVID-19,1672581628.0,1648513333.0,-24068295.0,-1.4,1978216000,1648513333.0,83.3,CONT073,Alec Contracting LLC,454,460,98.7,False,74.7,0,82.1,True,False,Completed,2022-07-17,2022-12-26,2023-07-05
CONS001342,PROJ033,Grand Bay,DEV0032,2022-05-01,Handover,2022-03-24,2022-07-12,2022-04-01,,34.5,28.4,-6.1,40,Regulatory,1762260753.0,1742148891.0,-20111862.0,-1.1,1978216000,1742148891.0,88.1,CONT073,Alec Contracting LLC,294,286,102.8,False,91.5,0,82.4,True,False,Completed,2022-07-17,2022-12-26,2023-07-05
CONS001343,PROJ033,Grand Bay,DEV0032,2022-06-01,Handover,2022-03-24,2022-07-12,2022-04-01,,62.7,39.1,-23.6,40,Material Delay,1855236905.0,1777427076.0,-77809829.0,-4.2,1978216000,1777427076.0,89.8,CONT073,Alec Contracting LLC,411,521,78.9,False,90.0,0,71.3,True,False,Completed,2022-07-17,2022-12-26,2023-07-05
CONS001344,PROJ033,Grand Bay,DEV0032,2022-07-01,Handover,2022-03-24,2022-07-12,2022-04-01,,90.0,78.4,-11.6,40,COVID-19,1945245733.0,1907000224.0,-38245509.0,-2.0,1978216000,1907000224.0,96.4,CONT073,Alec Contracting LLC,579,761,76.1,False,82.6,1,72.5,True,True,Completed,2022-07-17,2022-12-26,2023-07-05
CONS001345,PROJ033,Grand Bay,DEV0032,2022-08-01,Handover,2022-03-24,2022-07-12,2022-04-01,,100.0,93.2,-6.8,40,Financing,1978216000.0,1955796219.0,-22419781.0,-1.1,1978216000,1955796219.0,98.9,CONT073,Alec Contracting LLC,679,742,91.5,True,87.3,0,80.1,True,False,Completed,2022-07-17,2022-12-26,2023-07-05
CONS001346,PROJ033,Grand Bay,DEV0032,2022-09-01,Handover,2022-03-24,2022-07-12,2022-04-01,,100.0,95.9,-4.1,40,Regulatory,1978216000.0,1964698191.0,-13517809.0,-0.7,1978216000,1964698191.0,99.3,CONT073,Alec Contracting LLC,340,358,95.0,True,86.4,0,81.3,True,False,Completed,2022-07-17,2022-12-26,2023-07-05
CONS001347,PROJ034,Luxe Marina,DEV0042,2023-02-01,Foundation,2023-02-01,2023-05-22,2023-02-14,,0.0,0.0,0.0,53,Labour Shortage,0.0,0.0,0.0,0.0,115024477,0.0,0.0,CONT069,Hyundai Engineering UAE LLC,149,174,85.6,False,89.4,0,89.7,True,False,Structure,2023-05-27,2025-12-12,2026-09-18
CONS001348,PROJ034,Luxe Marina,DEV0042,2023-03-01,Foundation,2023-02-01,2023-05-22,2023-02-14,,25.5,15.5,-10.0,53,Design Change,4888540.0,2971466.0,-1917074.0,-39.2,115024477,2971466.0,2.6,CONT069,Hyundai Engineering UAE LLC,483,497,97.2,False,81.2,0,86.6,True,False,Structure,2023-05-27,2025-12-12,2026-09-18
CONS001349,PROJ034,Luxe Marina,DEV0042,2023-04-01,Foundation,2023-02-01,2023-05-22,2023-02-14,,53.6,36.2,-17.4,53,Weather,10275520.0,6939810.0,-3335710.0,-32.5,115024477,6939810.0,6.0,CONT069,Hyundai Engineering UAE LLC,573,703,81.5,False,83.4,0,89.3,True,False,Structure,2023-05-27,2025-12-12,2026-09-18
CONS001350,PROJ034,Luxe Marina,DEV0042,2023-05-01,Foundation,2023-02-01,2023-05-22,2023-02-14,,80.9,56.0,-24.9,53,Weather,15509134.0,10735618.0,-4773516.0,-30.8,115024477,10735618.0,9.3,CONT069,Hyundai Engineering UAE LLC,637,689,92.5,False,76.4,0,83.5,True,False,Structure,2023-05-27,2025-12-12,2026-09-18
CONS001351,PROJ034,Luxe Marina,DEV0042,2023-06-01,Foundation,2023-02-01,2023-05-22,2023-02-14,,100.0,87.1,-12.9,53,Labour Shortage,19170746.0,16697720.0,-2473026.0,-12.9,115024477,16697720.0,14.5,CONT069,Hyundai Engineering UAE LLC,420,600,70.0,False,82.1,0,85.9,True,False,Structure,2023-05-27,2025-12-12,2026-09-18
CONS001352,PROJ034,Luxe Marina,DEV0042,2023-07-01,Foundation,2023-02-01,2023-05-22,2023-02-14,,100.0,83.7,-16.3,53,COVID-19,19170746.0,16045915.0,-3124831.0,-16.3,115024477,16045915.0,14.0,CONT069,Hyundai Engineering UAE LLC,274,312,87.8,False,71.0,0,86.2,True,False,Structure,2023-05-27,2025-12-12,2026-09-18
CONS001353,PROJ034,Luxe Marina,DEV0042,2023-06-01,Structure,2023-06-01,2023-09-19,2023-06-21,,0.0,0.0,0.0,45,Material Delay,19170746.0,19170746.0,0.0,0.0,115024477,19170746.0,16.7,CONT069,Hyundai Engineering UAE LLC,321,324,99.1,False,96.4,0,92.3,True,False,MEP,2023-09-24,2025-12-12,2026-09-18
CONS001354,PROJ034,Luxe Marina,DEV0042,2023-07-01,Structure,2023-06-01,2023-09-19,2023-06-21,,27.3,11.1,-16.2,45,Weather,24404360.0,21298699.0,-3105661.0,-12.7,115024477,21298699.0,18.5,CONT069,Hyundai Engineering UAE LLC,260,346,75.1,False,93.0,0,86.4,True,False,MEP,2023-09-24,2025-12-12,2026-09-18
CONS001355,PROJ034,Luxe Marina,DEV0042,2023-08-01,Structure,2023-06-01,2023-09-19,2023-06-21,,55.5,41.9,-13.6,45,Design Change,29810510.0,27203289.0,-2607221.0,-8.7,115024477,27203289.0,23.7,CONT069,Hyundai Engineering UAE LLC,324,365,88.8,False,73.0,0,86.7,True,False,MEP,2023-09-24,2025-12-12,2026-09-18
CONS001356,PROJ034,Luxe Marina,DEV0042,2023-09-01,Structure,2023-06-01,2023-09-19,2023-06-21,,83.6,69.7,-13.9,45,Weather,35197490.0,32532756.0,-2664734.0,-7.6,115024477,32532756.0,28.3,CONT069,Hyundai Engineering UAE LLC,711,772,92.1,False,87.6,0,85.7,True,False,MEP,2023-09-24,2025-12-12,2026-09-18
CONS001357,PROJ034,Luxe Marina,DEV0042,2023-10-01,Structure,2023-06-01,2023-09-19,2023-06-21,,100.0,90.2,-9.8,45,COVID-19,38341492.0,36462759.0,-1878733.0,-4.9,115024477,36462759.0,31.7,CONT069,Hyundai Engineering UAE LLC,410,386,106.2,True,77.2,0,86.9,True,False,MEP,2023-09-24,2025-12-12,2026-09-18
CONS001358,PROJ034,Luxe Marina,DEV0042,2023-11-01,Structure,2023-06-01,2023-09-19,2023-06-21,,100.0,89.1,-10.9,45,Material Delay,38341492.0,36251881.0,-2089611.0,-5.4,115024477,36251881.0,31.5,CONT069,Hyundai Engineering UAE LLC,387,537,72.1,False,86.5,0,86.7,True,False,MEP,2023-09-24,2025-12-12,2026-09-18
CONS001359,PROJ034,Luxe Marina,DEV0042,2023-09-29,MEP,2023-09-29,2024-01-17,2023-09-30,,0.0,0.0,0.0,1,Design Change,38341492.0,38341492.0,0.0,0.0,115024477,38341492.0,33.3,CONT069,Hyundai Engineering UAE LLC,388,519,74.8,False,86.4,0,91.9,False,False,Façade,2024-01-22,2025-12-12,2026-09-18
CONS001360,PROJ034,Luxe Marina,DEV0042,2023-10-01,MEP,2023-09-29,2024-01-17,2023-09-30,,1.8,0.0,-1.8,1,Material Delay,38686566.0,38341492.0,-345074.0,-0.9,115024477,38341492.0,33.3,CONT069,Hyundai Engineering UAE LLC,698,716,97.5,False,94.8,0,88.7,False,False,Façade,2024-01-22,2025-12-12,2026-09-18
CONS001361,PROJ034,Luxe Marina,DEV0042,2023-11-01,MEP,2023-09-29,2024-01-17,2023-09-30,,30.0,23.5,-6.5,1,Regulatory,44092716.0,42846618.0,-1246098.0,-2.8,115024477,42846618.0,37.3,CONT069,Hyundai Engineering UAE LLC,226,322,70.2,False,88.6,0,90.0,False,False,Façade,2024-01-22,2025-12-12,2026-09-18
CONS001362,PROJ034,Luxe Marina,DEV0042,2023-12-01,MEP,2023-09-29,2024-01-17,2023-09-30,,57.3,59.3,2.0,1,COVID-19,49326330.0,49709745.0,383415.0,0.8,115024477,49709745.0,43.2,CONT069,Hyundai Engineering UAE LLC,475,490,96.9,False,92.6,0,94.6,False,False,Façade,2024-01-22,2025-12-12,2026-09-18
CONS001363,PROJ034,Luxe Marina,DEV0042,2024-01-01,MEP,2023-09-29,2024-01-17,2023-09-30,,85.5,70.8,-14.7,1,Labour Shortage,54732480.0,51914381.0,-2818099.0,-5.1,115024477,51914381.0,45.1,CONT069,Hyundai Engineering UAE LLC,324,325,99.7,False,80.0,0,87.4,True,False,Façade,2024-01-22,2025-12-12,2026-09-18
CONS001364,PROJ034,Luxe Marina,DEV0042,2024-02-01,MEP,2023-09-29,2024-01-17,2023-09-30,,100.0,89.0,-11.0,1,Financing,57512238.0,55403456.0,-2108782.0,-3.7,115024477,55403456.0,48.2,CONT069,Hyundai Engineering UAE LLC,529,656,80.6,False,95.3,0,87.2,True,False,Façade,2024-01-22,2025-12-12,2026-09-18
CONS001365,PROJ034,Luxe Marina,DEV0042,2024-03-01,MEP,2023-09-29,2024-01-17,2023-09-30,2024-01-18,100.0,100.0,0.0,1,Regulatory,57512238.0,57512238.0,0.0,0.0,115024477,57512238.0,50.0,CONT069,Hyundai Engineering UAE LLC,180,203,88.7,True,81.4,0,88.6,False,False,Façade,2024-01-22,2025-12-12,2026-09-18
CONS001366,PROJ034,Luxe Marina,DEV0042,2024-01-27,Façade,2024-01-27,2024-05-16,2024-01-30,,0.0,0.0,0.0,9,Weather,57512238.0,57512238.0,0.0,0.0,115024477,57512238.0,50.0,CONT069,Hyundai Engineering UAE LLC,589,596,98.8,False,94.9,0,94.4,False,False,Fit-Out,2024-05-21,2025-12-12,2026-09-18
CONS001367,PROJ034,Luxe Marina,DEV0042,2024-02-01,Façade,2024-01-27,2024-05-16,2024-01-30,,4.5,0.0,-4.5,9,COVID-19,58374922.0,57512238.0,-862684.0,-1.5,115024477,57512238.0,50.0,CONT069,Hyundai Engineering UAE LLC,361,332,108.7,False,75.3,0,87.5,False,False,Fit-Out,2024-05-21,2025-12-12,2026-09-18
CONS001368,PROJ034,Luxe Marina,DEV0042,2024-03-01,Façade,2024-01-27,2024-05-16,2024-01-30,,30.9,23.3,-7.6,9,Regulatory,63435999.0,61979022.0,-1456977.0,-2.3,115024477,61979022.0,53.9,CONT069,Hyundai Engineering UAE LLC,167,200,83.5,False,88.1,0,90.6,False,False,Fit-Out,2024-05-21,2025-12-12,2026-09-18
CONS001369,PROJ034,Luxe Marina,DEV0042,2024-04-01,Façade,2024-01-27,2024-05-16,2024-01-30,,59.1,43.2,-15.9,9,Regulatory,68842149.0,65794001.0,-3048148.0,-4.4,115024477,65794001.0,57.2,CONT069,Hyundai Engineering UAE LLC,191,262,72.9,False,81.9,0,87.7,True,False,Fit-Out,2024-05-21,2025-12-12,2026-09-18
CONS001370,PROJ034,Luxe Marina,DEV0042,2024-05-01,Façade,2024-01-27,2024-05-16,2024-01-30,,86.4,86.5,0.1,9,COVID-19,74075763.0,74094934.0,19171.0,0.0,115024477,74094934.0,64.4,CONT069,Hyundai Engineering UAE LLC,514,486,105.8,False,79.1,0,90.8,False,False,Fit-Out,2024-05-21,2025-12-12,2026-09-18
CONS001371,PROJ034,Luxe Marina,DEV0042,2024-06-01,Façade,2024-01-27,2024-05-16,2024-01-30,,100.0,95.2,-4.8,9,Material Delay,76682985.0,75762789.0,-920196.0,-1.2,115024477,75762789.0,65.9,CONT069,Hyundai Engineering UAE LLC,762,701,108.7,True,96.4,0,89.2,False,False,Fit-Out,2024-05-21,2025-12-12,2026-09-18
CONS001372,PROJ034,Luxe Marina,DEV0042,2024-07-01,Façade,2024-01-27,2024-05-16,2024-01-30,2024-05-25,100.0,100.0,0.0,9,Financing,76682985.0,76682985.0,0.0,0.0,115024477,76682985.0,66.7,CONT069,Hyundai Engineering UAE LLC,302,360,83.9,True,85.9,0,87.5,False,False,Fit-Out,2024-05-21,2025-12-12,2026-09-18
CONS001373,PROJ034,Luxe Marina,DEV0042,2024-05-26,Fit-Out,2024-05-26,2024-09-13,2024-07-05,,0.0,0.0,0.0,51,Financing,76682985.0,76682985.0,0.0,0.0,115024477,76682985.0,66.7,CONT069,Hyundai Engineering UAE LLC,178,191,93.2,False,72.7,0,91.9,True,False,Handover,2024-09-18,2025-12-12,2026-09-18
CONS001374,PROJ034,Luxe Marina,DEV0042,2024-06-01,Fit-Out,2024-05-26,2024-09-13,2024-07-05,,5.5,0.0,-5.5,51,Material Delay,77737376.0,76682985.0,-1054391.0,-1.4,115024477,76682985.0,66.7,CONT069,Hyundai Engineering UAE LLC,210,277,75.8,False,93.0,0,90.8,True,False,Handover,2024-09-18,2025-12-12,2026-09-18
CONS001375,PROJ034,Luxe Marina,DEV0042,2024-07-01,Fit-Out,2024-05-26,2024-09-13,2024-07-05,,32.7,19.4,-13.3,51,Design Change,82951819.0,80402109.0,-2549710.0,-3.1,115024477,80402109.0,69.9,CONT069,Hyundai Engineering UAE LLC,374,386,96.9,False,74.6,0,85.0,True,False,Handover,2024-09-18,2025-12-12,2026-09-18
CONS001376,PROJ034,Luxe Marina,DEV0042,2024-08-01,Fit-Out,2024-05-26,2024-09-13,2024-07-05,,60.9,42.8,-18.1,51,COVID-19,88357969.0,84888064.0,-3469905.0,-3.9,115024477,84888064.0,73.8,CONT069,Hyundai Engineering UAE LLC,190,254,74.8,False,80.7,0,85.5,True,False,Handover,2024-09-18,2025-12-12,2026-09-18
CONS001377,PROJ034,Luxe Marina,DEV0042,2024-09-01,Fit-Out,2024-05-26,2024-09-13,2024-07-05,,89.1,62.2,-26.9,51,Financing,93764120.0,88607189.0,-5156931.0,-5.5,115024477,88607189.0,77.0,CONT069,Hyundai Engineering UAE LLC,155,184,84.2,False,93.7,0,83.2,True,False,Handover,2024-09-18,2025-12-12,2026-09-18
CONS001378,PROJ034,Luxe Marina,DEV0042,2024-10-01,Fit-Out,2024-05-26,2024-09-13,2024-07-05,,100.0,69.9,-30.1,51,Regulatory,95853731.0,90083336.0,-5770395.0,-6.0,115024477,90083336.0,78.3,CONT069,Hyundai Engineering UAE LLC,671,719,93.3,False,96.3,0,83.3,True,False,Handover,2024-09-18,2025-12-12,2026-09-18
CONS001379,PROJ034,Luxe Marina,DEV0042,2024-11-01,Fit-Out,2024-05-26,2024-09-13,2024-07-05,,100.0,85.1,-14.9,51,COVID-19,95853731.0,92997290.0,-2856441.0,-3.0,115024477,92997290.0,80.9,CONT069,Hyundai Engineering UAE LLC,464,636,73.0,False,93.4,0,86.7,True,False,Handover,2024-09-18,2025-12-12,2026-09-18
CONS001380,PROJ034,Luxe Marina,DEV0042,2024-09-23,Handover,2024-09-23,2025-01-11,2024-10-14,,0.0,0.0,0.0,50,Design Change,95853731.0,95853731.0,0.0,0.0,115024477,95853731.0,83.3,CONT069,Hyundai Engineering UAE LLC,585,674,86.8,False,89.2,0,87.9,True,False,Completed,2025-01-16,2025-12-12,2026-09-18
CONS001381,PROJ034,Luxe Marina,DEV0042,2024-10-01,Handover,2024-09-23,2025-01-11,2024-10-14,,7.3,0.0,-7.3,50,Labour Shortage,97253195.0,95853731.0,-1399464.0,-1.4,115024477,95853731.0,83.3,CONT069,Hyundai Engineering UAE LLC,312,431,72.4,False,87.3,0,88.0,True,False,Completed,2025-01-16,2025-12-12,2026-09-18
CONS001382,PROJ034,Luxe Marina,DEV0042,2024-11-01,Handover,2024-09-23,2025-01-11,2024-10-14,,35.5,15.5,-20.0,50,Design Change,102659346.0,98825196.0,-3834150.0,-3.7,115024477,98825196.0,85.9,CONT069,Hyundai Engineering UAE LLC,504,544,92.6,False,87.9,0,85.6,True,False,Completed,2025-01-16,2025-12-12,2026-09-18
CONS001383,PROJ034,Luxe Marina,DEV0042,2024-12-01,Handover,2024-09-23,2025-01-11,2024-10-14,,62.7,55.2,-7.5,50,Weather,107873789.0,106435983.0,-1437806.0,-1.3,115024477,106435983.0,92.5,CONT069,Hyundai Engineering UAE LLC,796,779,102.2,False,77.4,0,90.6,True,False,Completed,2025-01-16,2025-12-12,2026-09-18
CONS001384,PROJ034,Luxe Marina,DEV0042,2025-01-01,Handover,2024-09-23,2025-01-11,2024-10-14,,90.9,70.0,-20.9,50,Regulatory,113279939.0,109273253.0,-4006686.0,-3.5,115024477,109273253.0,95.0,CONT069,Hyundai Engineering UAE LLC,797,770,103.5,False,70.7,0,83.7,True,False,Completed,2025-01-16,2025-12-12,2026-09-18
CONS001385,PROJ034,Luxe Marina,DEV0042,2025-02-01,Handover,2024-09-23,2025-01-11,2024-10-14,,100.0,75.5,-24.5,50,Weather,115024477.0,110327644.0,-4696833.0,-4.1,115024477,110327644.0,95.9,CONT069,Hyundai Engineering UAE LLC,322,333,96.7,False,77.6,0,88.2,True,False,Completed,2025-01-16,2025-12-12,2026-09-18
CONS001386,PROJ034,Luxe Marina,DEV0042,2025-03-01,Handover,2024-09-23,2025-01-11,2024-10-14,,100.0,72.0,-28.0,50,Financing,115024477.0,109656668.0,-5367809.0,-4.7,115024477,109656668.0,95.3,CONT069,Hyundai Engineering UAE LLC,430,470,91.5,False,90.0,0,79.0,True,False,Completed,2025-01-16,2025-12-12,2026-09-18
CONS001387,PROJ035,The Bay,DEV0037,2020-06-01,Foundation,2020-06-01,2020-09-19,2020-06-07,,0.0,3.4,3.4,8,COVID-19,0.0,1824453.0,1824453.0,182445300.0,321962237,1824453.0,0.6,CONT178,National Marine Dredging LLC,308,328,93.9,False,92.1,0,64.7,False,True,Structure,2020-09-24,2023-07-27,2024-02-03
CONS001388,PROJ035,The Bay,DEV0037,2020-07-01,Foundation,2020-06-01,2020-09-19,2020-06-07,,27.3,11.5,-15.8,8,Financing,14649282.0,6170943.0,-8478339.0,-57.9,321962237,6170943.0,1.9,CONT178,National Marine Dredging LLC,390,384,101.6,False,94.2,0,59.9,True,False,Structure,2020-09-24,2023-07-27,2024-02-03
CONS001389,PROJ035,The Bay,DEV0037,2020-08-01,Foundation,2020-06-01,2020-09-19,2020-06-07,,55.5,47.2,-8.3,8,Financing,29781507.0,25327696.0,-4453811.0,-15.0,321962237,25327696.0,7.9,CONT178,National Marine Dredging LLC,477,531,89.8,False,94.5,0,61.9,False,False,Structure,2020-09-24,2023-07-27,2024-02-03
CONS001390,PROJ035,The Bay,DEV0037,2020-09-01,Foundation,2020-06-01,2020-09-19,2020-06-07,,83.6,81.0,-2.6,8,Weather,44860072.0,43464902.0,-1395170.0,-3.1,321962237,43464902.0,13.5,CONT178,National Marine Dredging LLC,535,744,71.9,False,91.6,0,61.6,False,False,Structure,2020-09-24,2023-07-27,2024-02-03
CONS001391,PROJ035,The Bay,DEV0037,2020-10-01,Foundation,2020-06-01,2020-09-19,2020-06-07,2020-09-27,100.0,100.0,0.0,8,Weather,53660373.0,53660373.0,0.0,0.0,321962237,53660373.0,16.7,CONT178,National Marine Dredging LLC,347,352,98.6,True,96.1,0,65.7,False,False,Structure,2020-09-24,2023-07-27,2024-02-03
CONS001392,PROJ035,The Bay,DEV0037,2020-11-01,Foundation,2020-06-01,2020-09-19,2020-06-07,,100.0,99.5,-0.5,8,Labour Shortage,53660373.0,53392071.0,-268302.0,-0.5,321962237,53392071.0,16.6,CONT178,National Marine Dredging LLC,686,663,103.5,True,82.2,0,65.4,False,False,Structure,2020-09-24,2023-07-27,2024-02-03
CONS001393,PROJ035,The Bay,DEV0037,2020-09-29,Structure,2020-09-29,2021-01-17,2020-10-08,,0.0,0.0,0.0,22,Material Delay,53660373.0,53660373.0,0.0,0.0,321962237,53660373.0,16.7,CONT178,National Marine Dredging LLC,510,657,77.6,False,93.1,0,64.9,False,False,MEP,2021-01-22,2023-07-27,2024-02-03
CONS001394,PROJ035,The Bay,DEV0037,2020-10-01,Structure,2020-09-29,2021-01-17,2020-10-08,,1.8,0.0,-1.8,22,Material Delay,54626260.0,53660373.0,-965887.0,-1.8,321962237,53660373.0,16.7,CONT178,National Marine Dredging LLC,403,572,70.5,False,73.0,0,64.9,False,False,MEP,2021-01-22,2023-07-27,2024-02-03
CONS001395,PROJ035,The Bay,DEV0037,2020-11-01,Structure,2020-09-29,2021-01-17,2020-10-08,,30.0,11.2,-18.8,22,Regulatory,69758485.0,59670335.0,-10088150.0,-14.5,321962237,59670335.0,18.5,CONT178,National Marine Dredging LLC,107,152,70.4,False,73.4,0,58.3,True,False,MEP,2021-01-22,2023-07-27,2024-02-03
CONS001396,PROJ035,The Bay,DEV0037,2020-12-01,Structure,2020-09-29,2021-01-17,2020-10-08,,57.3,55.8,-1.5,22,Weather,84407766.0,83602861.0,-804905.0,-1.0,321962237,83602861.0,26.0,CONT178,National Marine Dredging LLC,274,371,73.9,False,93.7,0,61.1,False,False,MEP,2021-01-22,2023-07-27,2024-02-03
CONS001397,PROJ035,The Bay,DEV0037,2021-01-01,Structure,2020-09-29,2021-01-17,2020-10-08,,85.5,82.5,-3.0,22,Financing,99539992.0,97930180.0,-1609812.0,-1.6,321962237,97930180.0,30.4,CONT178,National Marine Dredging LLC,356,433,82.2,False,85.1,0,62.5,False,False,MEP,2021-01-22,2023-07-27,2024-02-03
CONS001398,PROJ035,The Bay,DEV0037,2021-02-01,Structure,2020-09-29,2021-01-17,2020-10-08,,100.0,98.7,-1.3,22,Design Change,107320746.0,106623161.0,-697585.0,-0.7,321962237,106623161.0,33.1,CONT178,National Marine Dredging LLC,641,662,96.8,True,80.7,0,64.7,False,False,MEP,2021-01-22,2023-07-27,2024-02-03
CONS001399,PROJ035,The Bay,DEV0037,2021-03-01,Structure,2020-09-29,2021-01-17,2020-10-08,,100.0,91.3,-8.7,22,Weather,107320746.0,102652293.0,-4668453.0,-4.4,321962237,102652293.0,31.9,CONT178,National Marine Dredging LLC,418,460,90.9,True,92.4,0,62.5,False,False,MEP,2021-01-22,2023-07-27,2024-02-03
CONS001400,PROJ035,The Bay,DEV0037,2021-01-27,MEP,2021-01-27,2021-05-17,2021-01-29,,0.0,0.0,0.0,13,Design Change,107320746.0,107320746.0,0.0,0.0,321962237,107320746.0,33.3,CONT178,National Marine Dredging LLC,182,221,82.4,False,74.1,0,64.9,False,False,Façade,2021-05-22,2023-07-27,2024-02-03
CONS001401,PROJ035,The Bay,DEV0037,2021-02-01,MEP,2021-01-27,2021-05-17,2021-01-29,,4.5,6.7,2.2,13,COVID-19,109735462.0,110915991.0,1180529.0,1.1,321962237,110915991.0,34.5,CONT178,National Marine Dredging LLC,291,382,76.2,False,90.7,0,66.6,False,False,Façade,2021-05-22,2023-07-27,2024-02-03
CONS001402,PROJ035,The Bay,DEV0037,2021-03-01,MEP,2021-01-27,2021-05-17,2021-01-29,,30.0,14.1,-15.9,13,Financing,123418858.0,114886858.0,-8532000.0,-6.9,321962237,114886858.0,35.7,CONT178,National Marine Dredging LLC,121,173,69.9,False,78.4,0,58.9,True,False,Façade,2021-05-22,2023-07-27,2024-02-03
CONS001403,PROJ035,The Bay,DEV0037,2021-04-01,MEP,2021-01-27,2021-05-17,2021-01-29,,58.2,55.3,-2.9,13,Financing,138551083.0,136994932.0,-1556151.0,-1.1,321962237,136994932.0,42.6,CONT178,National Marine Dredging LLC,562,669,84.0,False,95.0,0,64.0,False,False,Façade,2021-05-22,2023-07-27,2024-02-03
CONS001404,PROJ035,The Bay,DEV0037,2021-05-01,MEP,2021-01-27,2021-05-17,2021-01-29,,85.5,84.5,-1.0,13,Weather,153200364.0,152663761.0,-536603.0,-0.4,321962237,152663761.0,47.4,CONT178,National Marine Dredging LLC,565,603,93.7,False,95.6,0,65.6,False,False,Façade,2021-05-22,2023-07-27,2024-02-03
CONS001405,PROJ035,The Bay,DEV0037,2021-06-01,MEP,2021-01-27,2021-05-17,2021-01-29,,100.0,88.5,-11.5,13,Labour Shortage,160981118.0,154810176.0,-6170942.0,-3.8,321962237,154810176.0,48.1,CONT178,National Marine Dredging LLC,343,327,104.9,False,88.9,0,61.2,True,False,Façade,2021-05-22,2023-07-27,2024-02-03
CONS001406,PROJ035,The Bay,DEV0037,2021-07-01,MEP,2021-01-27,2021-05-17,2021-01-29,,100.0,98.0,-2.0,13,Regulatory,160981118.0,159907911.0,-1073207.0,-0.7,321962237,159907911.0,49.7,CONT178,National Marine Dredging LLC,117,152,77.0,True,76.3,0,61.7,False,False,Façade,2021-05-22,2023-07-27,2024-02-03
CONS001407,PROJ035,The Bay,DEV0037,2021-05-27,Façade,2021-05-27,2021-09-14,2021-06-25,,0.0,0.0,0.0,34,Weather,160981118.0,160981118.0,0.0,0.0,321962237,160981118.0,50.0,CONT178,National Marine Dredging LLC,273,276,98.9,False,77.1,0,62.9,True,False,Fit-Out,2021-09-19,2023-07-27,2024-02-03
CONS001408,PROJ035,The Bay,DEV0037,2021-06-01,Façade,2021-05-27,2021-09-14,2021-06-25,,4.5,0.0,-4.5,34,Financing,163395835.0,160981118.0,-2414717.0,-1.5,321962237,160981118.0,50.0,CONT178,National Marine Dredging LLC,637,601,106.0,False,82.9,0,65.1,True,False,Fit-Out,2021-09-19,2023-07-27,2024-02-03
CONS001409,PROJ035,The Bay,DEV0037,2021-07-01,Façade,2021-05-27,2021-09-14,2021-06-25,,31.8,16.7,-15.1,34,Design Change,178045117.0,169942401.0,-8102716.0,-4.6,321962237,169942401.0,52.8,CONT178,National Marine Dredging LLC,417,522,79.9,False,94.4,0,63.1,True,False,Fit-Out,2021-09-19,2023-07-27,2024-02-03
CONS001410,PROJ035,The Bay,DEV0037,2021-08-01,Façade,2021-05-27,2021-09-14,2021-06-25,,60.0,53.6,-6.4,34,Material Delay,193177342.0,189743078.0,-3434264.0,-1.8,321962237,189743078.0,58.9,CONT178,National Marine Dredging LLC,629,662,95.0,False,79.1,0,65.2,True,False,Fit-Out,2021-09-19,2023-07-27,2024-02-03
CONS001411,PROJ035,The Bay,DEV0037,2021-09-01,Façade,2021-05-27,2021-09-14,2021-06-25,,88.2,76.9,-11.3,34,Design Change,208309567.0,202245945.0,-6063622.0,-2.9,321962237,202245945.0,62.8,CONT178,National Marine Dredging LLC,524,619,84.7,False,96.1,0,61.9,True,False,Fit-Out,2021-09-19,2023-07-27,2024-02-03
CONS001412,PROJ035,The Bay,DEV0037,2021-10-01,Façade,2021-05-27,2021-09-14,2021-06-25,,100.0,86.7,-13.3,34,Weather,214641491.0,207504662.0,-7136829.0,-3.3,321962237,207504662.0,64.5,CONT178,National Marine Dredging LLC,197,229,86.0,False,93.4,0,58.4,True,False,Fit-Out,2021-09-19,2023-07-27,2024-02-03
CONS001413,PROJ035,The Bay,DEV0037,2021-11-01,Façade,2021-05-27,2021-09-14,2021-06-25,,100.0,92.9,-7.1,34,Labour Shortage,214641491.0,210831605.0,-3809886.0,-1.8,321962237,210831605.0,65.5,CONT178,National Marine Dredging LLC,551,627,87.9,True,74.1,0,62.7,True,False,Fit-Out,2021-09-19,2023-07-27,2024-02-03
CONS001414,PROJ035,The Bay,DEV0037,2021-09-24,Fit-Out,2021-09-24,2022-01-12,2021-10-17,,0.0,0.0,0.0,44,COVID-19,214641491.0,214641491.0,0.0,0.0,321962237,214641491.0,66.7,CONT178,National Marine Dredging LLC,460,543,84.7,False,94.3,0,67.9,True,False,Handover,2022-01-17,2023-07-27,2024-02-03
CONS001415,PROJ035,The Bay,DEV0037,2021-10-01,Fit-Out,2021-09-24,2022-01-12,2021-10-17,,6.4,0.0,-6.4,44,Design Change,218075755.0,214641491.0,-3434264.0,-1.6,321962237,214641491.0,66.7,CONT178,National Marine Dredging LLC,490,579,84.6,False,83.3,0,64.1,True,False,Handover,2022-01-17,2023-07-27,2024-02-03
CONS001416,PROJ035,The Bay,DEV0037,2021-11-01,Fit-Out,2021-09-24,2022-01-12,2021-10-17,,34.5,13.6,-20.9,44,Material Delay,233154320.0,221939302.0,-11215018.0,-4.8,321962237,221939302.0,68.9,CONT178,National Marine Dredging LLC,223,221,100.9,False,91.9,0,58.1,True,False,Handover,2022-01-17,2023-07-27,2024-02-03
CONS001417,PROJ035,The Bay,DEV0037,2021-12-01,Fit-Out,2021-09-24,2022-01-12,2021-10-17,,61.8,37.9,-23.9,44,Financing,247803602.0,234978773.0,-12824829.0,-5.2,321962237,234978773.0,73.0,CONT178,National Marine Dredging LLC,298,278,107.2,False,71.0,0,58.9,True,False,Handover,2022-01-17,2023-07-27,2024-02-03
CONS001418,PROJ035,The Bay,DEV0037,2022-01-01,Fit-Out,2021-09-24,2022-01-12,2021-10-17,,90.0,68.8,-21.2,44,Design Change,262935827.0,251559828.0,-11375999.0,-4.3,321962237,251559828.0,78.1,CONT178,National Marine Dredging LLC,557,763,73.0,False,74.2,0,55.9,True,False,Handover,2022-01-17,2023-07-27,2024-02-03
CONS001419,PROJ035,The Bay,DEV0037,2022-02-01,Fit-Out,2021-09-24,2022-01-12,2021-10-17,,100.0,82.9,-17.1,44,Labour Shortage,268301864.0,259125940.0,-9175924.0,-3.4,321962237,259125940.0,80.5,CONT178,National Marine Dredging LLC,714,714,100.0,False,75.3,0,58.3,True,False,Handover,2022-01-17,2023-07-27,2024-02-03
CONS001420,PROJ035,The Bay,DEV0037,2022-03-01,Fit-Out,2021-09-24,2022-01-12,2021-10-17,,100.0,85.4,-14.6,44,Labour Shortage,268301864.0,260467450.0,-7834414.0,-2.9,321962237,260467450.0,80.9,CONT178,National Marine Dredging LLC,541,648,83.5,False,85.0,0,58.3,True,False,Handover,2022-01-17,2023-07-27,2024-02-03
CONS001421,PROJ035,The Bay,DEV0037,2022-01-22,Handover,2022-01-22,2022-05-12,2022-01-23,,0.0,0.0,0.0,20,COVID-19,268301864.0,268301864.0,0.0,0.0,321962237,268301864.0,83.3,CONT178,National Marine Dredging LLC,196,180,108.9,False,94.5,0,65.7,False,False,Completed,2022-05-17,2023-07-27,2024-02-03
CONS001422,PROJ035,The Bay,DEV0037,2022-02-01,Handover,2022-01-22,2022-05-12,2022-01-23,,9.1,10.1,1.0,20,Design Change,273184958.0,273721562.0,536604.0,0.2,321962237,273721562.0,85.0,CONT178,National Marine Dredging LLC,358,386,92.7,False,96.7,0,66.5,False,False,Completed,2022-05-17,2023-07-27,2024-02-03
CONS001423,PROJ035,The Bay,DEV0037,2022-03-01,Handover,2022-01-22,2022-05-12,2022-01-23,,34.5,19.6,-14.9,20,Design Change,286814693.0,278819297.0,-7995396.0,-2.8,321962237,278819297.0,86.6,CONT178,National Marine Dredging LLC,573,774,74.0,False,84.8,0,60.0,True,False,Completed,2022-05-17,2023-07-27,2024-02-03
CONS001424,PROJ035,The Bay,DEV0037,2022-04-01,Handover,2022-01-22,2022-05-12,2022-01-23,,62.7,57.1,-5.6,20,Financing,301946918.0,298941937.0,-3004981.0,-1.0,321962237,298941937.0,92.8,CONT178,National Marine Dredging LLC,141,179,78.8,False,87.9,0,61.4,False,False,Completed,2022-05-17,2023-07-27,2024-02-03
CONS001425,PROJ035,The Bay,DEV0037,2022-05-01,Handover,2022-01-22,2022-05-12,2022-01-23,,90.0,72.8,-17.2,20,Weather,316596200.0,307366616.0,-9229584.0,-2.9,321962237,307366616.0,95.5,CONT178,National Marine Dredging LLC,355,498,71.3,False,97.8,0,59.6,True,False,Completed,2022-05-17,2023-07-27,2024-02-03
CONS001426,PROJ035,The Bay,DEV0037,2022-06-01,Handover,2022-01-22,2022-05-12,2022-01-23,,100.0,90.3,-9.7,20,Regulatory,321962237.0,316757181.0,-5205056.0,-1.6,321962237,316757181.0,98.4,CONT178,National Marine Dredging LLC,370,499,74.1,True,72.3,0,60.9,False,False,Completed,2022-05-17,2023-07-27,2024-02-03
CONS001427,PROJ035,The Bay,DEV0037,2022-07-01,Handover,2022-01-22,2022-05-12,2022-01-23,,100.0,90.3,-9.7,20,Material Delay,321962237.0,316757181.0,-5205056.0,-1.6,321962237,316757181.0,98.4,CONT178,National Marine Dredging LLC,407,415,98.1,True,87.4,0,60.3,False,False,Completed,2022-05-17,2023-07-27,2024-02-03
CONS001428,PROJ036,Grand Heights,DEV0030,2020-03-01,Foundation,2020-03-01,2020-06-19,2020-03-05,,0.0,0.8,0.8,5,COVID-19,0.0,1661157.0,1661157.0,166115700.0,1245868118,1661157.0,0.1,CONT009,Hyundai Engineering UAE,249,347,71.8,False,72.8,0,85.0,False,True,Structure,2020-06-24,2022-05-19,2022-11-26
CONS001429,PROJ036,Grand Heights,DEV0030,2020-04-01,Foundation,2020-03-01,2020-06-19,2020-03-05,,28.2,29.5,1.3,5,COVID-19,58555802.0,61255182.0,2699380.0,4.6,1245868118,61255182.0,4.9,CONT009,Hyundai Engineering UAE,773,787,98.2,False,80.1,0,83.0,False,False,Structure,2020-06-24,2022-05-19,2022-11-26
CONS001430,PROJ036,Grand Heights,DEV0030,2020-05-01,Foundation,2020-03-01,2020-06-19,2020-03-05,,55.5,51.5,-4.0,5,Financing,115242801.0,106937013.0,-8305788.0,-7.2,1245868118,106937013.0,8.6,CONT009,Hyundai Engineering UAE,552,700,78.9,False,80.5,2,69.8,False,True,Structure,2020-06-24,2022-05-19,2022-11-26
CONS001431,PROJ036,Grand Heights,DEV0030,2020-06-01,Foundation,2020-03-01,2020-06-19,2020-03-05,,83.6,72.4,-11.2,5,Labour Shortage,173590958.0,150334753.0,-23256205.0,-13.4,1245868118,150334753.0,12.1,CONT009,Hyundai Engineering UAE,798,771,103.5,False,89.9,2,68.1,True,True,Structure,2020-06-24,2022-05-19,2022-11-26
CONS001432,PROJ036,Grand Heights,DEV0030,2020-07-01,Foundation,2020-03-01,2020-06-19,2020-03-05,,100.0,93.7,-6.3,5,Regulatory,207644686.0,194563071.0,-13081615.0,-6.3,1245868118,194563071.0,15.6,CONT009,Hyundai Engineering UAE,689,631,109.2,True,77.3,0,79.0,False,False,Structure,2020-06-24,2022-05-19,2022-11-26
CONS001433,PROJ036,Grand Heights,DEV0030,2020-08-01,Foundation,2020-03-01,2020-06-19,2020-03-05,2020-06-24,100.0,100.0,0.0,5,COVID-19,207644686.0,207644686.0,0.0,0.0,1245868118,207644686.0,16.7,CONT009,Hyundai Engineering UAE,605,706,85.7,True,92.2,0,84.6,False,False,Structure,2020-06-24,2022-05-19,2022-11-26
CONS001434,PROJ036,Grand Heights,DEV0030,2020-06-29,Structure,2020-06-29,2020-10-17,2020-07-20,,0.0,0.0,0.0,38,Labour Shortage,207644686.0,207644686.0,0.0,0.0,1245868118,207644686.0,16.7,CONT009,Hyundai Engineering UAE,487,681,71.5,False,71.6,0,84.4,True,False,MEP,2020-10-22,2022-05-19,2022-11-26
CONS001435,PROJ036,Grand Heights,DEV0030,2020-07-01,Structure,2020-06-29,2020-10-17,2020-07-20,,1.8,0.0,-1.8,38,Weather,211382291.0,207644686.0,-3737605.0,-1.8,1245868118,207644686.0,16.7,CONT009,Hyundai Engineering UAE,757,739,102.4,False,71.0,0,83.8,True,False,MEP,2020-10-22,2022-05-19,2022-11-26
CONS001436,PROJ036,Grand Heights,DEV0030,2020-08-01,Structure,2020-06-29,2020-10-17,2020-07-20,,30.0,21.4,-8.6,38,COVID-19,269938092.0,252080649.0,-17857443.0,-6.6,1245868118,252080649.0,20.2,CONT009,Hyundai Engineering UAE,318,385,82.6,False,88.5,0,82.7,True,False,MEP,2020-10-22,2022-05-19,2022-11-26
CONS001437,PROJ036,Grand Heights,DEV0030,2020-09-01,Structure,2020-06-29,2020-10-17,2020-07-20,,58.2,49.9,-8.3,38,Labour Shortage,328493894.0,311259385.0,-17234509.0,-5.2,1245868118,311259385.0,25.0,CONT009,Hyundai Engineering UAE,175,179,97.8,False,80.4,0,84.0,True,False,MEP,2020-10-22,2022-05-19,2022-11-26
CONS001438,PROJ036,Grand Heights,DEV0030,2020-10-01,Structure,2020-06-29,2020-10-17,2020-07-20,,85.5,65.0,-20.5,38,COVID-19,385180893.0,342613732.0,-42567161.0,-11.1,1245868118,342613732.0,27.5,CONT009,Hyundai Engineering UAE,805,766,105.1,False,90.1,0,76.8,True,False,MEP,2020-10-22,2022-05-19,2022-11-26
CONS001439,PROJ036,Grand Heights,DEV0030,2020-11-01,Structure,2020-06-29,2020-10-17,2020-07-20,,100.0,95.5,-4.5,38,Regulatory,415289373.0,405945362.0,-9344011.0,-2.3,1245868118,405945362.0,32.6,CONT009,Hyundai Engineering UAE,569,774,73.5,True,86.2,0,83.6,True,False,MEP,2020-10-22,2022-05-19,2022-11-26
CONS001440,PROJ036,Grand Heights,DEV0030,2020-12-01,Structure,2020-06-29,2020-10-17,2020-07-20,,100.0,88.3,-11.7,38,Design Change,415289373.0,390994944.0,-24294429.0,-5.9,1245868118,390994944.0,31.4,CONT009,Hyundai Engineering UAE,168,202,83.2,False,76.6,1,72.4,True,True,MEP,2020-10-22,2022-05-19,2022-11-26
CONS001441,PROJ036,Grand Heights,DEV0030,2020-10-27,MEP,2020-10-27,2021-02-14,2020-10-29,,0.0,0.0,0.0,9,Regulatory,415289373.0,415289373.0,0.0,0.0,1245868118,415289373.0,33.3,CONT009,Hyundai Engineering UAE,384,432,88.9,False,71.3,0,86.9,False,False,Façade,2021-02-19,2022-05-19,2022-11-26
CONS001442,PROJ036,Grand Heights,DEV0030,2020-11-01,MEP,2020-10-27,2021-02-14,2020-10-29,,4.5,0.0,-4.5,9,Labour Shortage,424633384.0,415289373.0,-9344011.0,-2.2,1245868118,415289373.0,33.3,CONT009,Hyundai Engineering UAE,438,485,90.3,False,87.8,0,80.3,False,False,Façade,2021-02-19,2022-05-19,2022-11-26
CONS001443,PROJ036,Grand Heights,DEV0030,2020-12-01,MEP,2020-10-27,2021-02-14,2020-10-29,,31.8,33.7,1.9,9,COVID-19,481320383.0,485265632.0,3945249.0,0.8,1245868118,485265632.0,39.0,CONT009,Hyundai Engineering UAE,298,335,89.0,False,78.1,1,78.2,False,True,Façade,2021-02-19,2022-05-19,2022-11-26
CONS001444,PROJ036,Grand Heights,DEV0030,2021-01-01,MEP,2020-10-27,2021-02-14,2020-10-29,,60.0,63.4,3.4,9,COVID-19,539876184.0,546936104.0,7059920.0,1.3,1245868118,546936104.0,43.9,CONT009,Hyundai Engineering UAE,171,229,74.7,False,72.1,0,83.9,False,False,Façade,2021-02-19,2022-05-19,2022-11-26
CONS001445,PROJ036,Grand Heights,DEV0030,2021-02-01,MEP,2020-10-27,2021-02-14,2020-10-29,,88.2,72.2,-16.0,9,Labour Shortage,598431986.0,565208836.0,-33223150.0,-5.6,1245868118,565208836.0,45.4,CONT009,Hyundai Engineering UAE,285,387,73.6,False,90.7,0,76.2,True,False,Façade,2021-02-19,2022-05-19,2022-11-26
CONS001446,PROJ036,Grand Heights,DEV0030,2021-03-01,MEP,2020-10-27,2021-02-14,2020-10-29,,100.0,84.8,-15.2,9,COVID-19,622934059.0,591372067.0,-31561992.0,-5.1,1245868118,591372067.0,47.5,CONT009,Hyundai Engineering UAE,398,443,89.8,False,96.8,0,79.6,True,False,Façade,2021-02-19,2022-05-19,2022-11-26
CONS001447,PROJ036,Grand Heights,DEV0030,2021-04-01,MEP,2020-10-27,2021-02-14,2020-10-29,,100.0,89.5,-10.5,9,Labour Shortage,622934059.0,601131367.0,-21802692.0,-3.5,1245868118,601131367.0,48.3,CONT009,Hyundai Engineering UAE,548,707,77.5,False,94.6,0,81.4,True,False,Façade,2021-02-19,2022-05-19,2022-11-26
CONS001448,PROJ036,Grand Heights,DEV0030,2021-02-24,Façade,2021-02-24,2021-06-14,2021-02-24,,0.0,0.3,0.3,0,,622934059.0,623556993.0,622934.0,0.1,1245868118,623556993.0,50.0,CONT009,Hyundai Engineering UAE,666,765,87.1,False,73.1,0,83.8,False,False,Fit-Out,2021-06-19,2022-05-19,2022-11-26
CONS001449,PROJ036,Grand Heights,DEV0030,2021-03-01,Façade,2021-02-24,2021-06-14,2021-02-24,,4.5,13.3,8.8,0,,632278070.0,650550802.0,18272732.0,2.9,1245868118,650550802.0,52.2,CONT009,Hyundai Engineering UAE,130,151,86.1,False,94.2,0,83.7,False,False,Fit-Out,2021-06-19,2022-05-19,2022-11-26
CONS001450,PROJ036,Grand Heights,DEV0030,2021-04-01,Façade,2021-02-24,2021-06-14,2021-02-24,,32.7,19.5,-13.2,0,,690833871.0,663424773.0,-27409098.0,-4.0,1245868118,663424773.0,53.3,CONT009,Hyundai Engineering UAE,144,204,70.6,False,79.3,0,84.1,True,False,Fit-Out,2021-06-19,2022-05-19,2022-11-26
CONS001451,PROJ036,Grand Heights,DEV0030,2021-05-01,Façade,2021-02-24,2021-06-14,2021-02-24,,60.0,64.3,4.3,0,,747520871.0,756449592.0,8928721.0,1.2,1245868118,756449592.0,60.7,CONT009,Hyundai Engineering UAE,351,320,109.7,False,71.4,0,86.5,False,False,Fit-Out,2021-06-19,2022-05-19,2022-11-26
CONS001452,PROJ036,Grand Heights,DEV0030,2021-06-01,Façade,2021-02-24,2021-06-14,2021-02-24,,88.2,90.2,2.0,0,,806076672.0,810229566.0,4152894.0,0.5,1245868118,810229566.0,65.0,CONT009,Hyundai Engineering UAE,665,706,94.2,False,85.3,0,90.0,False,False,Fit-Out,2021-06-19,2022-05-19,2022-11-26
CONS001453,PROJ036,Grand Heights,DEV0030,2021-07-01,Façade,2021-02-24,2021-06-14,2021-02-24,,100.0,89.8,-10.2,0,,830578745.0,809398987.0,-21179758.0,-2.6,1245868118,809398987.0,65.0,CONT009,Hyundai Engineering UAE,491,458,107.2,False,95.5,0,79.4,True,False,Fit-Out,2021-06-19,2022-05-19,2022-11-26
CONS001454,PROJ036,Grand Heights,DEV0030,2021-08-01,Façade,2021-02-24,2021-06-14,2021-02-24,,100.0,92.7,-7.3,0,,830578745.0,815420683.0,-15158062.0,-1.8,1245868118,815420683.0,65.4,CONT009,Hyundai Engineering UAE,270,379,71.2,True,77.2,0,83.8,False,False,Fit-Out,2021-06-19,2022-05-19,2022-11-26
CONS001455,PROJ036,Grand Heights,DEV0030,2021-06-24,Fit-Out,2021-06-24,2021-10-12,2021-07-19,,0.0,0.0,0.0,38,Weather,830578745.0,830578745.0,0.0,0.0,1245868118,830578745.0,66.7,CONT009,Hyundai Engineering UAE,419,451,92.9,False,96.9,0,85.7,True,False,Handover,2021-10-17,2022-05-19,2022-11-26
CONS001456,PROJ036,Grand Heights,DEV0030,2021-07-01,Fit-Out,2021-06-24,2021-10-12,2021-07-19,,6.4,0.0,-6.4,38,Material Delay,843868005.0,830578745.0,-13289260.0,-1.6,1245868118,830578745.0,66.7,CONT009,Hyundai Engineering UAE,287,372,77.2,False,75.8,0,81.6,True,False,Handover,2021-10-17,2022-05-19,2022-11-26
CONS001457,PROJ036,Grand Heights,DEV0030,2021-08-01,Fit-Out,2021-06-24,2021-10-12,2021-07-19,,34.5,18.1,-16.4,38,Regulatory,902216162.0,868162434.0,-34053728.0,-3.8,1245868118,868162434.0,69.7,CONT009,Hyundai Engineering UAE,642,699,91.8,False,83.7,0,82.0,True,False,Handover,2021-10-17,2022-05-19,2022-11-26
CONS001458,PROJ036,Grand Heights,DEV0030,2021-09-01,Fit-Out,2021-06-24,2021-10-12,2021-07-19,,62.7,45.2,-17.5,38,Weather,960771964.0,924434144.0,-36337820.0,-3.8,1245868118,924434144.0,74.2,CONT009,Hyundai Engineering UAE,402,386,104.1,False,78.6,0,78.0,True,False,Handover,2021-10-17,2022-05-19,2022-11-26
CONS001459,PROJ036,Grand Heights,DEV0030,2021-10-01,Fit-Out,2021-06-24,2021-10-12,2021-07-19,,90.0,77.1,-12.9,38,Weather,1017458963.0,990672798.0,-26786165.0,-2.6,1245868118,990672798.0,79.5,CONT009,Hyundai Engineering UAE,154,170,90.6,False,79.6,0,79.5,True,False,Handover,2021-10-17,2022-05-19,2022-11-26
CONS001460,PROJ036,Grand Heights,DEV0030,2021-11-01,Fit-Out,2021-06-24,2021-10-12,2021-07-19,,100.0,83.2,-16.8,38,Regulatory,1038223432.0,1003339124.0,-34884308.0,-3.4,1245868118,1003339124.0,80.5,CONT009,Hyundai Engineering UAE,162,164,98.8,False,85.2,0,72.1,True,False,Handover,2021-10-17,2022-05-19,2022-11-26
CONS001461,PROJ036,Grand Heights,DEV0030,2021-12-01,Fit-Out,2021-06-24,2021-10-12,2021-07-19,,100.0,85.0,-15.0,38,Labour Shortage,1038223432.0,1007076729.0,-31146703.0,-3.0,1245868118,1007076729.0,80.8,CONT009,Hyundai Engineering UAE,532,574,92.7,False,88.8,0,80.4,True,False,Handover,2021-10-17,2022-05-19,2022-11-26
CONS001462,PROJ036,Grand Heights,DEV0030,2021-10-22,Handover,2021-10-22,2022-02-09,2021-10-22,,0.0,6.9,6.9,0,,1038223432.0,1052550915.0,14327483.0,1.4,1245868118,1052550915.0,84.5,CONT009,Hyundai Engineering UAE,648,752,86.2,False,80.6,0,83.5,False,False,Completed,2022-02-14,2022-05-19,2022-11-26
CONS001463,PROJ036,Grand Heights,DEV0030,2021-11-01,Handover,2021-10-22,2022-02-09,2021-10-22,,9.1,16.4,7.3,0,,1057119098.0,1072277160.0,15158062.0,1.4,1245868118,1072277160.0,86.1,CONT009,Hyundai Engineering UAE,439,498,88.2,False,96.3,0,85.2,False,False,Completed,2022-02-14,2022-05-19,2022-11-26
CONS001464,PROJ036,Grand Heights,DEV0030,2021-12-01,Handover,2021-10-22,2022-02-09,2021-10-22,,36.4,42.6,6.2,0,,1113806097.0,1126680068.0,12873971.0,1.2,1245868118,1126680068.0,90.4,CONT009,Hyundai Engineering UAE,315,397,79.3,False,78.5,0,83.9,False,False,Completed,2022-02-14,2022-05-19,2022-11-26
CONS001465,PROJ036,Grand Heights,DEV0030,2022-01-01,Handover,2021-10-22,2022-02-09,2021-10-22,,64.5,57.3,-7.2,0,,1172154254.0,1157203837.0,-14950417.0,-1.3,1245868118,1157203837.0,92.9,CONT009,Hyundai Engineering UAE,417,513,81.3,False,97.2,0,81.2,False,False,Completed,2022-02-14,2022-05-19,2022-11-26
CONS001466,PROJ036,Grand Heights,DEV0030,2022-02-01,Handover,2021-10-22,2022-02-09,2021-10-22,,92.7,86.3,-6.4,0,,1230710056.0,1217420796.0,-13289260.0,-1.1,1245868118,1217420796.0,97.7,CONT009,Hyundai Engineering UAE,383,362,105.8,False,85.1,0,83.1,False,False,Completed,2022-02-14,2022-05-19,2022-11-26
CONS001467,PROJ036,Grand Heights,DEV0030,2022-03-01,Handover,2021-10-22,2022-02-09,2021-10-22,,100.0,94.9,-5.1,0,,1245868118.0,1235278239.0,-10589879.0,-0.8,1245868118,1235278239.0,99.2,CONT009,Hyundai Engineering UAE,562,779,72.1,True,78.1,0,82.6,False,False,Completed,2022-02-14,2022-05-19,2022-11-26
CONS001468,PROJ036,Grand Heights,DEV0030,2022-04-01,Handover,2021-10-22,2022-02-09,2021-10-22,,100.0,92.6,-7.4,0,,1245868118.0,1230502411.0,-15365707.0,-1.2,1245868118,1230502411.0,98.8,CONT009,Hyundai Engineering UAE,189,256,73.8,True,73.2,0,83.3,False,False,Completed,2022-02-14,2022-05-19,2022-11-26
CONS001469,PROJ037,Prime Marina,DEV0046,2021-04-01,Foundation,2021-04-01,2021-07-20,2021-04-01,,0.0,0.0,0.0,0,,0.0,0.0,0.0,0.0,1287125427,0.0,0.0,CONT199,Besix ME LLC,381,416,91.6,False,89.2,0,91.4,False,False,Structure,2021-07-25,2023-07-07,2024-03-08
CONS001470,PROJ037,Prime Marina,DEV0046,2021-05-01,Foundation,2021-04-01,2021-07-20,2021-04-01,,27.3,24.5,-2.8,0,,58564207.0,52557622.0,-6006585.0,-10.3,1287125427,52557622.0,4.1,CONT199,Besix ME LLC,646,720,89.7,False,80.4,0,87.3,False,False,Structure,2021-07-25,2023-07-07,2024-03-08
CONS001471,PROJ037,Prime Marina,DEV0046,2021-06-01,Foundation,2021-04-01,2021-07-20,2021-04-01,,55.5,54.9,-0.6,0,,119059102.0,117771977.0,-1287125.0,-1.1,1287125427,117771977.0,9.2,CONT199,Besix ME LLC,420,398,105.5,False,90.9,0,87.8,False,False,Structure,2021-07-25,2023-07-07,2024-03-08
CONS001472,PROJ037,Prime Marina,DEV0046,2021-07-01,Foundation,2021-04-01,2021-07-20,2021-04-01,,82.7,92.4,9.7,0,,177408788.0,198217316.0,20808528.0,11.7,1287125427,198217316.0,15.4,CONT199,Besix ME LLC,310,395,78.5,False,72.8,0,93.7,False,False,Structure,2021-07-25,2023-07-07,2024-03-08
CONS001473,PROJ037,Prime Marina,DEV0046,2021-08-01,Foundation,2021-04-01,2021-07-20,2021-04-01,,100.0,89.8,-10.2,0,,214520904.0,192639772.0,-21881132.0,-10.2,1287125427,192639772.0,15.0,CONT199,Besix ME LLC,266,274,97.1,False,86.8,0,87.9,True,False,Structure,2021-07-25,2023-07-07,2024-03-08
CONS001474,PROJ037,Prime Marina,DEV0046,2021-09-01,Foundation,2021-04-01,2021-07-20,2021-04-01,,100.0,95.6,-4.4,0,,214520904.0,205081985.0,-9438919.0,-4.4,1287125427,205081985.0,15.9,CONT199,Besix ME LLC,621,697,89.1,True,95.3,0,89.1,False,False,Structure,2021-07-25,2023-07-07,2024-03-08
CONS001475,PROJ037,Prime Marina,DEV0046,2021-07-30,Structure,2021-07-30,2021-11-17,2021-09-06,,0.0,0.0,0.0,43,Design Change,214520904.0,214520904.0,0.0,0.0,1287125427,214520904.0,16.7,CONT199,Besix ME LLC,610,613,99.5,False,86.9,1,82.0,True,True,MEP,2021-11-22,2023-07-07,2024-03-08
CONS001476,PROJ037,Prime Marina,DEV0046,2021-08-01,Structure,2021-07-30,2021-11-17,2021-09-06,,1.8,0.0,-1.8,43,Financing,218382281.0,214520904.0,-3861377.0,-1.8,1287125427,214520904.0,16.7,CONT199,Besix ME LLC,369,523,70.6,False,80.3,0,89.2,True,False,MEP,2021-11-22,2023-07-07,2024-03-08
CONS001477,PROJ037,Prime Marina,DEV0046,2021-09-01,Structure,2021-07-30,2021-11-17,2021-09-06,,30.0,23.6,-6.4,43,Weather,278877176.0,265147838.0,-13729338.0,-4.9,1287125427,265147838.0,20.6,CONT199,Besix ME LLC,465,440,105.7,False,70.6,0,87.2,True,False,MEP,2021-11-22,2023-07-07,2024-03-08
CONS001478,PROJ037,Prime Marina,DEV0046,2021-10-01,Structure,2021-07-30,2021-11-17,2021-09-06,,57.3,49.6,-7.7,43,Material Delay,337441383.0,320923273.0,-16518110.0,-4.9,1287125427,320923273.0,24.9,CONT199,Besix ME LLC,566,539,105.0,False,74.7,0,88.7,True,False,MEP,2021-11-22,2023-07-07,2024-03-08
CONS001479,PROJ037,Prime Marina,DEV0046,2021-11-01,Structure,2021-07-30,2021-11-17,2021-09-06,,85.5,72.2,-13.3,43,COVID-19,397936278.0,369404998.0,-28531280.0,-7.2,1287125427,369404998.0,28.7,CONT199,Besix ME LLC,232,271,85.6,False,89.5,0,83.8,True,False,MEP,2021-11-22,2023-07-07,2024-03-08
CONS001480,PROJ037,Prime Marina,DEV0046,2021-12-01,Structure,2021-07-30,2021-11-17,2021-09-06,,100.0,89.4,-10.6,43,Design Change,429041809.0,406302593.0,-22739216.0,-5.3,1287125427,406302593.0,31.6,CONT199,Besix ME LLC,440,445,98.9,False,88.0,0,82.4,True,False,MEP,2021-11-22,2023-07-07,2024-03-08
CONS001481,PROJ037,Prime Marina,DEV0046,2022-01-01,Structure,2021-07-30,2021-11-17,2021-09-06,,100.0,86.7,-13.3,43,COVID-19,429041809.0,400510529.0,-28531280.0,-6.6,1287125427,400510529.0,31.1,CONT199,Besix ME LLC,497,483,102.9,False,91.0,0,86.3,True,False,MEP,2021-11-22,2023-07-07,2024-03-08
CONS001482,PROJ037,Prime Marina,DEV0046,2021-11-27,MEP,2021-11-27,2022-03-17,2021-11-27,,0.0,2.8,2.8,0,,429041809.0,435048394.0,6006585.0,1.4,1287125427,435048394.0,33.8,CONT199,Besix ME LLC,228,229,99.6,False,91.5,0,84.6,False,False,Façade,2022-03-22,2023-07-07,2024-03-08
CONS001483,PROJ037,Prime Marina,DEV0046,2021-12-01,MEP,2021-11-27,2022-03-17,2021-11-27,,3.6,7.1,3.5,0,,436764562.0,444272793.0,7508231.0,1.7,1287125427,444272793.0,34.5,CONT199,Besix ME LLC,223,296,75.3,False,86.0,0,88.5,False,False,Façade,2022-03-22,2023-07-07,2024-03-08
CONS001484,PROJ037,Prime Marina,DEV0046,2022-01-01,MEP,2021-11-27,2022-03-17,2021-11-27,,31.8,20.5,-11.3,0,,497259457.0,473018594.0,-24240863.0,-4.9,1287125427,473018594.0,36.7,CONT199,Besix ME LLC,461,470,98.1,False,77.8,0,83.5,True,False,Façade,2022-03-22,2023-07-07,2024-03-08
CONS001485,PROJ037,Prime Marina,DEV0046,2022-02-01,MEP,2021-11-27,2022-03-17,2021-11-27,,60.0,62.3,2.3,0,,557754352.0,562688333.0,4933981.0,0.9,1287125427,562688333.0,43.7,CONT199,Besix ME LLC,507,715,70.9,False,76.3,0,87.5,False,False,Façade,2022-03-22,2023-07-07,2024-03-08
CONS001486,PROJ037,Prime Marina,DEV0046,2022-03-01,MEP,2021-11-27,2022-03-17,2021-11-27,,85.5,79.8,-5.7,0,,612457182.0,600229491.0,-12227691.0,-2.0,1287125427,600229491.0,46.6,CONT199,Besix ME LLC,357,410,87.1,False,82.0,1,80.7,False,True,Façade,2022-03-22,2023-07-07,2024-03-08
CONS001487,PROJ037,Prime Marina,DEV0046,2022-04-01,MEP,2021-11-27,2022-03-17,2021-11-27,2022-03-17,100.0,100.0,0.0,0,,643562714.0,643562714.0,0.0,0.0,1287125427,643562714.0,50.0,CONT199,Besix ME LLC,703,647,108.7,True,74.7,0,91.3,False,False,Façade,2022-03-22,2023-07-07,2024-03-08
CONS001488,PROJ037,Prime Marina,DEV0046,2022-05-01,MEP,2021-11-27,2022-03-17,2021-11-27,2022-03-17,100.0,100.0,0.0,0,,643562714.0,643562714.0,0.0,0.0,1287125427,643562714.0,50.0,CONT199,Besix ME LLC,185,225,82.2,True,75.8,2,80.5,False,True,Façade,2022-03-22,2023-07-07,2024-03-08
CONS001489,PROJ037,Prime Marina,DEV0046,2022-03-27,Façade,2022-03-27,2022-07-15,2022-04-04,,0.0,0.0,0.0,8,Labour Shortage,643562714.0,643562714.0,0.0,0.0,1287125427,643562714.0,50.0,CONT199,Besix ME LLC,148,176,84.1,False,87.9,0,88.4,False,False,Fit-Out,2022-07-20,2023-07-07,2024-03-08
CONS001490,PROJ037,Prime Marina,DEV0046,2022-04-01,Façade,2022-03-27,2022-07-15,2022-04-04,,4.5,0.0,-4.5,8,Labour Shortage,653216154.0,643562714.0,-9653440.0,-1.5,1287125427,643562714.0,50.0,CONT199,Besix ME LLC,343,410,83.7,False,91.0,0,89.8,False,False,Fit-Out,2022-07-20,2023-07-07,2024-03-08
CONS001491,PROJ037,Prime Marina,DEV0046,2022-05-01,Façade,2022-03-27,2022-07-15,2022-04-04,,31.8,28.0,-3.8,8,Design Change,711780361.0,703628567.0,-8151794.0,-1.1,1287125427,703628567.0,54.7,CONT199,Besix ME LLC,244,316,77.2,False,79.7,0,85.6,False,False,Fit-Out,2022-07-20,2023-07-07,2024-03-08
CONS001492,PROJ037,Prime Marina,DEV0046,2022-06-01,Façade,2022-03-27,2022-07-15,2022-04-04,,60.0,57.0,-3.0,8,Material Delay,772275256.0,765839629.0,-6435627.0,-0.8,1287125427,765839629.0,59.5,CONT199,Besix ME LLC,544,672,81.0,False,76.9,0,85.6,False,False,Fit-Out,2022-07-20,2023-07-07,2024-03-08
CONS001493,PROJ037,Prime Marina,DEV0046,2022-07-01,Façade,2022-03-27,2022-07-15,2022-04-04,,87.3,85.9,-1.4,8,Regulatory,830839463.0,827836170.0,-3003293.0,-0.4,1287125427,827836170.0,64.3,CONT199,Besix ME LLC,308,297,103.7,False,76.7,0,90.2,False,False,Fit-Out,2022-07-20,2023-07-07,2024-03-08
CONS001494,PROJ037,Prime Marina,DEV0046,2022-08-01,Façade,2022-03-27,2022-07-15,2022-04-04,,100.0,85.2,-14.8,8,Weather,858083618.0,826334524.0,-31749094.0,-3.7,1287125427,826334524.0,64.2,CONT199,Besix ME LLC,280,274,102.2,False,81.1,0,85.6,True,False,Fit-Out,2022-07-20,2023-07-07,2024-03-08
CONS001495,PROJ037,Prime Marina,DEV0046,2022-09-01,Façade,2022-03-27,2022-07-15,2022-04-04,,100.0,94.7,-5.3,8,Material Delay,858083618.0,846714010.0,-11369608.0,-1.3,1287125427,846714010.0,65.8,CONT199,Besix ME LLC,239,249,96.0,True,89.5,0,86.4,False,False,Fit-Out,2022-07-20,2023-07-07,2024-03-08
CONS001496,PROJ037,Prime Marina,DEV0046,2022-07-25,Fit-Out,2022-07-25,2022-11-12,2022-07-25,,0.0,0.0,0.0,0,,858083618.0,858083618.0,0.0,0.0,1287125427,858083618.0,66.7,CONT199,Besix ME LLC,696,772,90.2,False,76.4,0,86.6,False,False,Handover,2022-11-17,2023-07-07,2024-03-08
CONS001497,PROJ037,Prime Marina,DEV0046,2022-08-01,Fit-Out,2022-07-25,2022-11-12,2022-07-25,,6.4,5.8,-0.6,0,,871812956.0,870525830.0,-1287126.0,-0.1,1287125427,870525830.0,67.6,CONT199,Besix ME LLC,566,617,91.7,False,70.4,0,91.6,False,False,Handover,2022-11-17,2023-07-07,2024-03-08
CONS001498,PROJ037,Prime Marina,DEV0046,2022-09-01,Fit-Out,2022-07-25,2022-11-12,2022-07-25,,34.5,34.7,0.2,0,,932093330.0,932522372.0,429042.0,0.0,1287125427,932522372.0,72.5,CONT199,Besix ME LLC,252,311,81.0,False,74.4,0,85.5,False,False,Handover,2022-11-17,2023-07-07,2024-03-08
CONS001499,PROJ037,Prime Marina,DEV0046,2022-10-01,Fit-Out,2022-07-25,2022-11-12,2022-07-25,,61.8,51.5,-10.3,0,,990657537.0,968561884.0,-22095653.0,-2.2,1287125427,968561884.0,75.3,CONT199,Besix ME LLC,167,159,105.0,False,71.7,0,84.6,True,False,Handover,2022-11-17,2023-07-07,2024-03-08
CONS001500,PROJ037,Prime Marina,DEV0046,2022-11-01,Fit-Out,2022-07-25,2022-11-12,2022-07-25,,90.0,85.5,-4.5,0,,1051152432.0,1041498991.0,-9653441.0,-0.9,1287125427,1041498991.0,80.9,CONT199,Besix ME LLC,591,604,97.8,False,90.3,0,88.0,False,False,Handover,2022-11-17,2023-07-07,2024-03-08
CONS001501,PROJ037,Prime Marina,DEV0046,2022-12-01,Fit-Out,2022-07-25,2022-11-12,2022-07-25,,100.0,94.6,-5.4,0,,1072604522.0,1061020394.0,-11584128.0,-1.1,1287125427,1061020394.0,82.4,CONT199,Besix ME LLC,678,765,88.6,True,89.0,0,90.9,False,False,Handover,2022-11-17,2023-07-07,2024-03-08
CONS001502,PROJ037,Prime Marina,DEV0046,2023-01-01,Fit-Out,2022-07-25,2022-11-12,2022-07-25,2022-11-12,100.0,100.0,0.0,0,,1072604522.0,1072604522.0,0.0,0.0,1287125427,1072604522.0,83.3,CONT199,Besix ME LLC,594,567,104.8,True,72.2,0,89.7,False,False,Handover,2022-11-17,2023-07-07,2024-03-08
CONS001503,PROJ037,Prime Marina,DEV0046,2022-11-22,Handover,2022-11-22,2023-03-12,2023-01-01,,0.0,0.0,0.0,45,Material Delay,1072604522.0,1072604522.0,0.0,0.0,1287125427,1072604522.0,83.3,CONT199,Besix ME LLC,294,314,93.6,False,80.9,0,89.9,True,False,Completed,2023-03-17,2023-07-07,2024-03-08
CONS001504,PROJ037,Prime Marina,DEV0046,2022-12-01,Handover,2022-11-22,2023-03-12,2023-01-01,,8.2,0.0,-8.2,45,Labour Shortage,1090195237.0,1072604522.0,-17590715.0,-1.6,1287125427,1072604522.0,83.3,CONT199,Besix ME LLC,384,524,73.3,False,93.9,0,85.3,True,False,Completed,2023-03-17,2023-07-07,2024-03-08
CONS001505,PROJ037,Prime Marina,DEV0046,2023-01-01,Handover,2022-11-22,2023-03-12,2023-01-01,,36.4,12.4,-24.0,45,Design Change,1150690132.0,1099205115.0,-51485017.0,-4.5,1287125427,1099205115.0,85.4,CONT199,Besix ME LLC,323,362,89.2,False,74.0,0,82.8,True,False,Completed,2023-03-17,2023-07-07,2024-03-08
CONS001506,PROJ037,Prime Marina,DEV0046,2023-02-01,Handover,2022-11-22,2023-03-12,2023-01-01,,64.5,47.8,-16.7,45,COVID-19,1210970506.0,1175145515.0,-35824991.0,-3.0,1287125427,1175145515.0,91.3,CONT199,Besix ME LLC,477,572,83.4,False,77.3,0,84.1,True,False,Completed,2023-03-17,2023-07-07,2024-03-08
CONS001507,PROJ037,Prime Marina,DEV0046,2023-03-01,Handover,2022-11-22,2023-03-12,2023-01-01,,90.0,84.4,-5.6,45,Regulatory,1265673337.0,1253660166.0,-12013171.0,-0.9,1287125427,1253660166.0,97.4,CONT199,Besix ME LLC,642,740,86.8,False,77.7,0,84.0,True,False,Completed,2023-03-17,2023-07-07,2024-03-08
CONS001508,PROJ037,Prime Marina,DEV0046,2023-04-01,Handover,2022-11-22,2023-03-12,2023-01-01,,100.0,86.6,-13.4,45,Labour Shortage,1287125427.0,1258379626.0,-28745801.0,-2.2,1287125427,1258379626.0,97.8,CONT199,Besix ME LLC,627,698,89.8,False,71.8,0,86.5,True,False,Completed,2023-03-17,2023-07-07,2024-03-08
CONS001509,PROJ037,Prime Marina,DEV0046,2023-05-01,Handover,2022-11-22,2023-03-12,2023-01-01,,100.0,80.4,-19.6,45,COVID-19,1287125427.0,1245079330.0,-42046097.0,-3.3,1287125427,1245079330.0,96.7,CONT199,Besix ME LLC,236,285,82.8,False,92.6,0,85.0,True,False,Completed,2023-03-17,2023-07-07,2024-03-08
CONS001510,PROJ038,Prime Residences,DEV0025,2023-11-01,Foundation,2023-11-01,2024-02-19,2023-11-01,,0.0,0.0,0.0,0,,0.0,0.0,0.0,0.0,440392908,0.0,0.0,CONT069,Hyundai Engineering UAE LLC,293,376,77.9,False,70.8,0,74.8,False,False,Structure,2024-02-24,2027-06-05,2028-03-27
CONS001511,PROJ038,Prime Residences,DEV0025,2023-12-01,Foundation,2023-11-01,2024-02-19,2023-11-01,,27.3,20.4,-6.9,0,,20037877.0,14973359.0,-5064518.0,-25.3,440392908,14973359.0,3.4,CONT069,Hyundai Engineering UAE LLC,197,254,77.6,False,91.2,0,71.2,False,False,Structure,2024-02-24,2027-06-05,2028-03-27
CONS001512,PROJ038,Prime Residences,DEV0025,2024-01-01,Foundation,2023-11-01,2024-02-19,2023-11-01,,55.5,57.9,2.4,0,,40736344.0,42497916.0,1761572.0,4.3,440392908,42497916.0,9.7,CONT069,Hyundai Engineering UAE LLC,384,501,76.6,False,87.7,0,72.0,False,False,Structure,2024-02-24,2027-06-05,2028-03-27
CONS001513,PROJ038,Prime Residences,DEV0025,2024-02-01,Foundation,2023-11-01,2024-02-19,2023-11-01,,83.6,87.3,3.7,0,,61361412.0,64077168.0,2715756.0,4.4,440392908,64077168.0,14.5,CONT069,Hyundai Engineering UAE LLC,597,650,91.8,False,71.0,0,69.7,False,False,Structure,2024-02-24,2027-06-05,2028-03-27
CONS001514,PROJ038,Prime Residences,DEV0025,2024-03-01,Foundation,2023-11-01,2024-02-19,2023-11-01,,100.0,91.5,-8.5,0,,73398818.0,67159918.0,-6238900.0,-8.5,440392908,67159918.0,15.2,CONT069,Hyundai Engineering UAE LLC,197,209,94.3,True,89.1,0,71.0,False,False,Structure,2024-02-24,2027-06-05,2028-03-27
CONS001515,PROJ038,Prime Residences,DEV0025,2024-04-01,Foundation,2023-11-01,2024-02-19,2023-11-01,,100.0,94.9,-5.1,0,,73398818.0,69655478.0,-3743340.0,-5.1,440392908,69655478.0,15.8,CONT069,Hyundai Engineering UAE LLC,601,659,91.2,True,78.1,0,73.8,False,False,Structure,2024-02-24,2027-06-05,2028-03-27
CONS001516,PROJ038,Prime Residences,DEV0025,2024-02-29,Structure,2024-02-29,2024-06-18,2024-02-29,,0.0,9.7,9.7,0,,73398818.0,80518503.0,7119685.0,9.7,440392908,80518503.0,18.3,CONT069,Hyundai Engineering UAE LLC,250,258,96.9,False,89.8,0,78.1,False,False,MEP,2024-06-23,2027-06-05,2028-03-27
CONS001517,PROJ038,Prime Residences,DEV0025,2024-03-01,Structure,2024-02-29,2024-06-18,2024-02-29,,0.9,2.4,1.5,0,,74059407.0,75160390.0,1100983.0,1.5,440392908,75160390.0,17.1,CONT069,Hyundai Engineering UAE LLC,585,752,77.8,False,94.5,0,75.3,False,False,MEP,2024-06-23,2027-06-05,2028-03-27
CONS001518,PROJ038,Prime Residences,DEV0025,2024-04-01,Structure,2024-02-29,2024-06-18,2024-02-29,,29.1,39.1,10.0,0,,94757874.0,102097756.0,7339882.0,7.7,440392908,102097756.0,23.2,CONT069,Hyundai Engineering UAE LLC,401,380,105.5,False,75.2,0,76.1,False,False,MEP,2024-06-23,2027-06-05,2028-03-27
CONS001519,PROJ038,Prime Residences,DEV0025,2024-05-01,Structure,2024-02-29,2024-06-18,2024-02-29,,56.4,59.9,3.5,0,,114795751.0,117364710.0,2568959.0,2.2,440392908,117364710.0,26.7,CONT069,Hyundai Engineering UAE LLC,204,214,95.3,False,75.1,0,76.4,False,False,MEP,2024-06-23,2027-06-05,2028-03-27
CONS001520,PROJ038,Prime Residences,DEV0025,2024-06-01,Structure,2024-02-29,2024-06-18,2024-02-29,,84.5,74.5,-10.0,0,,135420819.0,128080937.0,-7339882.0,-5.4,440392908,128080937.0,29.1,CONT069,Hyundai Engineering UAE LLC,289,404,71.5,False,84.7,0,72.0,False,False,MEP,2024-06-23,2027-06-05,2028-03-27
CONS001521,PROJ038,Prime Residences,DEV0025,2024-07-01,Structure,2024-02-29,2024-06-18,2024-02-29,,100.0,96.8,-3.2,0,,146797636.0,144448874.0,-2348762.0,-1.6,440392908,144448874.0,32.8,CONT069,Hyundai Engineering UAE LLC,465,466,99.8,True,74.0,0,71.4,False,False,MEP,2024-06-23,2027-06-05,2028-03-27
CONS001522,PROJ038,Prime Residences,DEV0025,2024-08-01,Structure,2024-02-29,2024-06-18,2024-02-29,2024-06-18,100.0,100.0,0.0,0,,146797636.0,146797636.0,0.0,0.0,440392908,146797636.0,33.3,CONT069,Hyundai Engineering UAE LLC,357,364,98.1,True,86.5,0,74.6,False,False,MEP,2024-06-23,2027-06-05,2028-03-27
CONS001523,PROJ038,Prime Residences,DEV0025,2024-06-28,MEP,2024-06-28,2024-10-16,2024-07-09,,0.0,0.6,0.6,15,Design Change,146797636.0,147238029.0,440393.0,0.3,440392908,147238029.0,33.4,CONT069,Hyundai Engineering UAE LLC,401,552,72.6,False,94.8,0,72.3,False,False,Façade,2024-10-21,2027-06-05,2028-03-27
CONS001524,PROJ038,Prime Residences,DEV0025,2024-07-01,MEP,2024-06-28,2024-10-16,2024-07-09,,2.7,0.6,-2.1,15,Design Change,148779404.0,147238029.0,-1541375.0,-1.0,440392908,147238029.0,33.4,CONT069,Hyundai Engineering UAE LLC,400,517,77.4,False,83.4,0,73.7,False,False,Façade,2024-10-21,2027-06-05,2028-03-27
CONS001525,PROJ038,Prime Residences,DEV0025,2024-08-01,MEP,2024-06-28,2024-10-16,2024-07-09,,30.9,23.3,-7.6,15,Financing,169477871.0,163899561.0,-5578310.0,-3.3,440392908,163899561.0,37.2,CONT069,Hyundai Engineering UAE LLC,351,398,88.2,False,88.2,0,68.3,False,False,Façade,2024-10-21,2027-06-05,2028-03-27
CONS001526,PROJ038,Prime Residences,DEV0025,2024-09-01,MEP,2024-06-28,2024-10-16,2024-07-09,,59.1,52.9,-6.2,15,Weather,190176337.0,185625611.0,-4550726.0,-2.4,440392908,185625611.0,42.2,CONT069,Hyundai Engineering UAE LLC,507,573,88.5,False,79.0,0,68.9,False,False,Façade,2024-10-21,2027-06-05,2028-03-27
CONS001527,PROJ038,Prime Residences,DEV0025,2024-10-01,MEP,2024-06-28,2024-10-16,2024-07-09,,86.4,83.4,-3.0,15,Material Delay,210214215.0,208012250.0,-2201965.0,-1.0,440392908,208012250.0,47.2,CONT069,Hyundai Engineering UAE LLC,366,352,104.0,False,90.2,0,74.4,False,False,Façade,2024-10-21,2027-06-05,2028-03-27
CONS001528,PROJ038,Prime Residences,DEV0025,2024-11-01,MEP,2024-06-28,2024-10-16,2024-07-09,,100.0,80.6,-19.4,15,Labour Shortage,220196454.0,205957083.0,-14239371.0,-6.5,440392908,205957083.0,46.8,CONT069,Hyundai Engineering UAE LLC,373,509,73.3,False,97.2,0,69.3,True,False,Façade,2024-10-21,2027-06-05,2028-03-27
CONS001529,PROJ038,Prime Residences,DEV0025,2024-12-01,MEP,2024-06-28,2024-10-16,2024-07-09,,100.0,86.7,-13.3,15,Regulatory,220196454.0,210434411.0,-9762043.0,-4.4,440392908,210434411.0,47.8,CONT069,Hyundai Engineering UAE LLC,630,654,96.3,False,83.5,0,70.5,True,False,Façade,2024-10-21,2027-06-05,2028-03-27
CONS001530,PROJ038,Prime Residences,DEV0025,2024-10-26,Façade,2024-10-26,2025-02-13,2024-11-10,,0.0,0.0,0.0,28,Material Delay,220196454.0,220196454.0,0.0,0.0,440392908,220196454.0,50.0,CONT069,Hyundai Engineering UAE LLC,422,423,99.8,False,80.1,0,73.4,False,False,Fit-Out,2025-02-18,2027-06-05,2028-03-27
CONS001531,PROJ038,Prime Residences,DEV0025,2024-11-01,Façade,2024-10-26,2025-02-13,2024-11-10,,5.5,0.0,-5.5,28,Regulatory,224233389.0,220196454.0,-4036935.0,-1.8,440392908,220196454.0,50.0,CONT069,Hyundai Engineering UAE LLC,282,373,75.6,False,72.8,0,66.8,False,False,Fit-Out,2025-02-18,2027-06-05,2028-03-27
CONS001532,PROJ038,Prime Residences,DEV0025,2024-12-01,Façade,2024-10-26,2025-02-13,2024-11-10,,32.7,16.6,-16.1,28,Material Delay,244197867.0,232380658.0,-11817209.0,-4.8,440392908,232380658.0,52.8,CONT069,Hyundai Engineering UAE LLC,684,767,89.2,False,79.4,0,68.2,True,False,Fit-Out,2025-02-18,2027-06-05,2028-03-27
CONS001533,PROJ038,Prime Residences,DEV0025,2025-01-01,Façade,2024-10-26,2025-02-13,2024-11-10,,60.9,43.3,-17.6,28,COVID-19,264896334.0,251978142.0,-12918192.0,-4.9,440392908,251978142.0,57.2,CONT069,Hyundai Engineering UAE LLC,675,695,97.1,False,91.2,0,68.8,True,False,Fit-Out,2025-02-18,2027-06-05,2028-03-27
CONS001534,PROJ038,Prime Residences,DEV0025,2025-02-01,Façade,2024-10-26,2025-02-13,2024-11-10,,89.1,84.3,-4.8,28,Material Delay,285594801.0,282071658.0,-3523143.0,-1.2,440392908,282071658.0,64.1,CONT069,Hyundai Engineering UAE LLC,384,467,82.2,False,83.2,1,65.7,False,True,Fit-Out,2025-02-18,2027-06-05,2028-03-27
CONS001535,PROJ038,Prime Residences,DEV0025,2025-03-01,Façade,2024-10-26,2025-02-13,2024-11-10,,100.0,84.5,-15.5,28,Regulatory,293595272.0,282218455.0,-11376817.0,-3.9,440392908,282218455.0,64.1,CONT069,Hyundai Engineering UAE LLC,451,441,102.3,False,76.6,0,67.1,True,False,Fit-Out,2025-02-18,2027-06-05,2028-03-27
CONS001536,PROJ038,Prime Residences,DEV0025,2025-04-01,Façade,2024-10-26,2025-02-13,2024-11-10,,100.0,96.7,-3.3,28,Regulatory,293595272.0,291173111.0,-2422161.0,-0.8,440392908,291173111.0,66.1,CONT069,Hyundai Engineering UAE LLC,742,724,102.5,True,91.4,0,75.1,False,False,Fit-Out,2025-02-18,2027-06-05,2028-03-27
CONS001537,PROJ038,Prime Residences,DEV0025,2025-02-23,Fit-Out,2025-02-23,2025-06-13,2025-02-27,,0.0,0.0,0.0,6,Financing,293595272.0,293595272.0,0.0,0.0,440392908,293595272.0,66.7,CONT069,Hyundai Engineering UAE LLC,181,255,71.0,False,92.9,0,73.1,False,False,Handover,2025-06-18,2027-06-05,2028-03-27
CONS001538,PROJ038,Prime Residences,DEV0025,2025-03-01,Fit-Out,2025-02-23,2025-06-13,2025-02-27,,5.5,0.0,-5.5,6,Material Delay,297632207.0,293595272.0,-4036935.0,-1.4,440392908,293595272.0,66.7,CONT069,Hyundai Engineering UAE LLC,339,312,108.7,False,82.1,0,72.5,False,False,Handover,2025-06-18,2027-06-05,2028-03-27
CONS001539,PROJ038,Prime Residences,DEV0025,2025-04-01,Fit-Out,2025-02-23,2025-06-13,2025-02-27,,33.6,17.4,-16.2,6,Design Change,318257275.0,306366666.0,-11890609.0,-3.7,440392908,306366666.0,69.6,CONT069,Hyundai Engineering UAE LLC,335,382,87.7,False,97.8,0,69.9,True,False,Handover,2025-06-18,2027-06-05,2028-03-27
CONS001540,PROJ038,Prime Residences,DEV0025,2025-05-01,Fit-Out,2025-02-23,2025-06-13,2025-02-27,,60.9,46.5,-14.4,6,Regulatory,338295152.0,327725722.0,-10569430.0,-3.1,440392908,327725722.0,74.4,CONT069,Hyundai Engineering UAE LLC,237,233,101.7,False,79.4,0,66.9,True,False,Handover,2025-06-18,2027-06-05,2028-03-27
CONS001541,PROJ038,Prime Residences,DEV0025,2025-06-01,Fit-Out,2025-02-23,2025-06-13,2025-02-27,,89.1,88.2,-0.9,6,COVID-19,358993619.0,358333029.0,-660590.0,-0.2,440392908,358333029.0,81.4,CONT069,Hyundai Engineering UAE LLC,176,174,101.1,False,70.9,1,68.3,False,True,Handover,2025-06-18,2027-06-05,2028-03-27
CONS001542,PROJ038,Prime Residences,DEV0025,2025-07-01,Fit-Out,2025-02-23,2025-06-13,2025-02-27,2025-06-19,100.0,100.0,0.0,6,Financing,366994090.0,366994090.0,0.0,0.0,440392908,366994090.0,83.3,CONT069,Hyundai Engineering UAE LLC,495,681,72.7,True,74.6,1,70.8,False,True,Handover,2025-06-18,2027-06-05,2028-03-27
CONS001543,PROJ038,Prime Residences,DEV0025,2025-08-01,Fit-Out,2025-02-23,2025-06-13,2025-02-27,2025-06-19,100.0,100.0,0.0,6,Material Delay,366994090.0,366994090.0,0.0,0.0,440392908,366994090.0,83.3,CONT069,Hyundai Engineering UAE LLC,490,517,94.8,True,87.8,0,76.8,False,False,Handover,2025-06-18,2027-06-05,2028-03-27
CONS001544,PROJ038,Prime Residences,DEV0025,2025-06-23,Handover,2025-06-23,2025-10-11,2025-06-23,,0.0,4.0,4.0,0,,366994090.0,369930043.0,2935953.0,0.8,440392908,369930043.0,84.0,CONT069,Hyundai Engineering UAE LLC,511,521,98.1,False,78.4,0,74.5,False,False,Completed,2025-10-16,2027-06-05,2028-03-27
CONS001545,PROJ038,Prime Residences,DEV0025,2025-07-01,Handover,2025-06-23,2025-10-11,2025-06-23,,7.3,0.0,-7.3,0,,372352204.0,366994090.0,-5358114.0,-1.4,440392908,366994090.0,83.3,CONT069,Hyundai Engineering UAE LLC,400,420,95.2,False,86.9,0,70.5,False,False,Completed,2025-10-16,2027-06-05,2028-03-27
CONS001546,PROJ038,Prime Residences,DEV0025,2025-08-01,Handover,2025-06-23,2025-10-11,2025-06-23,,35.5,41.3,5.8,0,,393050670.0,397307802.0,4257132.0,1.1,440392908,397307802.0,90.2,CONT069,Hyundai Engineering UAE LLC,584,596,98.0,False,96.8,0,75.5,False,False,Completed,2025-10-16,2027-06-05,2028-03-27
CONS001547,PROJ038,Prime Residences,DEV0025,2025-09-01,Handover,2025-06-23,2025-10-11,2025-06-23,,63.6,66.9,3.3,0,,413675738.0,416097899.0,2422161.0,0.6,440392908,416097899.0,94.5,CONT069,Hyundai Engineering UAE LLC,382,543,70.3,False,92.2,0,74.7,False,False,Completed,2025-10-16,2027-06-05,2028-03-27
CONS001548,PROJ038,Prime Residences,DEV0025,2025-10-01,Handover,2025-06-23,2025-10-11,2025-06-23,,90.9,90.3,-0.6,0,,433713616.0,433273223.0,-440393.0,-0.1,440392908,433273223.0,98.4,CONT069,Hyundai Engineering UAE LLC,667,627,106.4,False,91.9,0,75.8,False,False,Completed,2025-10-16,2027-06-05,2028-03-27
CONS001549,PROJ038,Prime Residences,DEV0025,2025-11-01,Handover,2025-06-23,2025-10-11,2025-06-23,2025-10-11,100.0,100.0,0.0,0,,440392908.0,440392908.0,0.0,0.0,440392908,440392908.0,100.0,CONT069,Hyundai Engineering UAE LLC,683,784,87.1,True,78.0,0,71.2,False,False,Completed,2025-10-16,2027-06-05,2028-03-27
CONS001550,PROJ038,Prime Residences,DEV0025,2025-12-01,Handover,2025-06-23,2025-10-11,2025-06-23,,100.0,96.3,-3.7,0,,440392908.0,437677152.0,-2715756.0,-0.6,440392908,437677152.0,99.4,CONT069,Hyundai Engineering UAE LLC,595,794,74.9,True,84.8,0,71.5,False,False,Completed,2025-10-16,2027-06-05,2028-03-27
CONS001551,PROJ039,Elite Marina,DEV0029,2019-05-01,Foundation,2019-05-01,2019-08-19,2019-05-04,,0.0,0.0,0.0,6,Material Delay,0.0,0.0,0.0,0.0,1427964493,0.0,0.0,CONT113,ECC Contracting LLC,233,287,81.2,False,76.1,0,79.2,False,False,Structure,2019-08-24,2023-03-17,2023-06-04
CONS001552,PROJ039,Elite Marina,DEV0029,2019-06-01,Foundation,2019-05-01,2019-08-19,2019-05-04,,28.2,25.6,-2.6,6,Regulatory,67114331.0,60926485.0,-6187846.0,-9.2,1427964493,60926485.0,4.3,CONT113,ECC Contracting LLC,588,680,86.5,False,90.2,0,78.6,False,False,Structure,2019-08-24,2023-03-17,2023-06-04
CONS001553,PROJ039,Elite Marina,DEV0029,2019-07-01,Foundation,2019-05-01,2019-08-19,2019-05-04,,55.5,57.2,1.7,6,Design Change,132086716.0,136132615.0,4045899.0,3.1,1427964493,136132615.0,9.5,CONT113,ECC Contracting LLC,165,169,97.6,False,91.5,0,82.7,False,False,Structure,2019-08-24,2023-03-17,2023-06-04
CONS001554,PROJ039,Elite Marina,DEV0029,2019-08-01,Foundation,2019-05-01,2019-08-19,2019-05-04,,83.6,85.1,1.5,6,Financing,198963053.0,202532964.0,3569911.0,1.8,1427964493,202532964.0,14.2,CONT113,ECC Contracting LLC,429,433,99.1,False,72.2,0,83.5,False,False,Structure,2019-08-24,2023-03-17,2023-06-04
CONS001555,PROJ039,Elite Marina,DEV0029,2019-09-01,Foundation,2019-05-01,2019-08-19,2019-05-04,,100.0,93.9,-6.1,6,Labour Shortage,237994082.0,223476443.0,-14517639.0,-6.1,1427964493,223476443.0,15.6,CONT113,ECC Contracting LLC,360,351,102.6,True,92.4,0,78.3,False,False,Structure,2019-08-24,2023-03-17,2023-06-04
CONS001556,PROJ039,Elite Marina,DEV0029,2019-10-01,Foundation,2019-05-01,2019-08-19,2019-05-04,2019-08-25,100.0,100.0,0.0,6,Regulatory,237994082.0,237994082.0,0.0,0.0,1427964493,237994082.0,16.7,CONT113,ECC Contracting LLC,379,487,77.8,True,84.3,0,82.9,False,False,Structure,2019-08-24,2023-03-17,2023-06-04
CONS001557,PROJ039,Elite Marina,DEV0029,2019-08-29,Structure,2019-08-29,2019-12-17,2019-08-29,,0.0,0.0,0.0,0,,237994082.0,237994082.0,0.0,0.0,1427964493,237994082.0,16.7,CONT113,ECC Contracting LLC,486,460,105.7,False,84.3,0,83.6,False,False,MEP,2019-12-22,2023-03-17,2023-06-04
CONS001558,PROJ039,Elite Marina,DEV0029,2019-09-01,Structure,2019-08-29,2019-12-17,2019-08-29,,2.7,0.0,-2.7,0,,244419922.0,237994082.0,-6425840.0,-2.6,1427964493,237994082.0,16.7,CONT113,ECC Contracting LLC,268,302,88.7,False,93.2,0,84.5,False,False,MEP,2019-12-22,2023-03-17,2023-06-04
CONS001559,PROJ039,Elite Marina,DEV0029,2019-10-01,Structure,2019-08-29,2019-12-17,2019-08-29,,30.0,18.0,-12.0,0,,309392307.0,280833017.0,-28559290.0,-9.2,1427964493,280833017.0,19.7,CONT113,ECC Contracting LLC,122,171,71.3,False,79.5,0,77.9,True,False,MEP,2019-12-22,2023-03-17,2023-06-04
CONS001560,PROJ039,Elite Marina,DEV0029,2019-11-01,Structure,2019-08-29,2019-12-17,2019-08-29,,58.2,51.6,-6.6,0,,376506638.0,360799029.0,-15707609.0,-4.2,1427964493,360799029.0,25.3,CONT113,ECC Contracting LLC,707,772,91.6,False,82.4,0,78.1,False,False,MEP,2019-12-22,2023-03-17,2023-06-04
CONS001561,PROJ039,Elite Marina,DEV0029,2019-12-01,Structure,2019-08-29,2019-12-17,2019-08-29,,85.5,71.6,-13.9,0,,441479022.0,408397845.0,-33081177.0,-7.5,1427964493,408397845.0,28.6,CONT113,ECC Contracting LLC,618,717,86.2,False,80.6,0,75.2,True,False,MEP,2019-12-22,2023-03-17,2023-06-04
CONS001562,PROJ039,Elite Marina,DEV0029,2020-01-01,Structure,2019-08-29,2019-12-17,2019-08-29,2019-12-17,100.0,100.0,0.0,0,,475988164.0,475988164.0,0.0,0.0,1427964493,475988164.0,33.3,CONT113,ECC Contracting LLC,746,761,98.0,True,71.7,0,79.2,False,False,MEP,2019-12-22,2023-03-17,2023-06-04
CONS001563,PROJ039,Elite Marina,DEV0029,2020-02-01,Structure,2019-08-29,2019-12-17,2019-08-29,,100.0,99.0,-1.0,0,,475988164.0,473608224.0,-2379940.0,-0.5,1427964493,473608224.0,33.2,CONT113,ECC Contracting LLC,484,513,94.3,True,85.0,0,83.6,False,False,MEP,2019-12-22,2023-03-17,2023-06-04
CONS001564,PROJ039,Elite Marina,DEV0029,2019-12-27,MEP,2019-12-27,2020-04-15,2020-01-03,,0.0,0.0,0.0,15,Weather,475988164.0,475988164.0,0.0,0.0,1427964493,475988164.0,33.3,CONT113,ECC Contracting LLC,617,707,87.3,False,70.6,0,78.4,False,False,Façade,2020-04-20,2023-03-17,2023-06-04
CONS001565,PROJ039,Elite Marina,DEV0029,2020-01-01,MEP,2019-12-27,2020-04-15,2020-01-03,,4.5,0.0,-4.5,15,Design Change,486697898.0,475988164.0,-10709734.0,-2.2,1427964493,475988164.0,33.3,CONT113,ECC Contracting LLC,286,286,100.0,False,71.1,0,82.5,False,False,Façade,2020-04-20,2023-03-17,2023-06-04
CONS001566,PROJ039,Elite Marina,DEV0029,2020-02-01,MEP,2019-12-27,2020-04-15,2020-01-03,,32.7,28.1,-4.6,15,Design Change,553812229.0,542864501.0,-10947728.0,-2.0,1427964493,542864501.0,38.0,CONT113,ECC Contracting LLC,368,503,73.2,False,71.8,0,78.3,False,False,Façade,2020-04-20,2023-03-17,2023-06-04
CONS001567,PROJ039,Elite Marina,DEV0029,2020-03-01,MEP,2019-12-27,2020-04-15,2020-01-03,,59.1,48.0,-11.1,15,Financing,616642667.0,590225324.0,-26417343.0,-4.3,1427964493,590225324.0,41.3,CONT113,ECC Contracting LLC,342,410,83.4,False,89.8,0,76.7,True,False,Façade,2020-04-20,2023-03-17,2023-06-04
CONS001568,PROJ039,Elite Marina,DEV0029,2020-04-01,MEP,2019-12-27,2020-04-15,2020-01-03,,87.3,74.7,-12.6,15,COVID-19,683756998.0,653769744.0,-29987254.0,-4.4,1427964493,653769744.0,45.8,CONT113,ECC Contracting LLC,325,335,97.0,False,78.4,0,77.3,True,False,Façade,2020-04-20,2023-03-17,2023-06-04
CONS001569,PROJ039,Elite Marina,DEV0029,2020-05-01,MEP,2019-12-27,2020-04-15,2020-01-03,,100.0,85.6,-14.4,15,Labour Shortage,713982246.0,679711099.0,-34271147.0,-4.8,1427964493,679711099.0,47.6,CONT113,ECC Contracting LLC,460,526,87.5,False,82.8,0,75.7,True,False,Façade,2020-04-20,2023-03-17,2023-06-04
CONS001570,PROJ039,Elite Marina,DEV0029,2020-06-01,MEP,2019-12-27,2020-04-15,2020-01-03,2020-04-30,100.0,100.0,0.0,15,Financing,713982246.0,713982246.0,0.0,0.0,1427964493,713982246.0,50.0,CONT113,ECC Contracting LLC,308,367,83.9,True,83.9,0,83.3,False,False,Façade,2020-04-20,2023-03-17,2023-06-04
CONS001571,PROJ039,Elite Marina,DEV0029,2020-04-25,Façade,2020-04-25,2020-08-13,2020-04-27,,0.0,0.0,0.0,24,Labour Shortage,713982246.0,713982246.0,0.0,0.0,1427964493,713982246.0,50.0,CONT113,ECC Contracting LLC,504,507,99.4,False,83.4,0,85.0,False,False,Fit-Out,2020-08-18,2023-03-17,2023-06-04
CONS001572,PROJ039,Elite Marina,DEV0029,2020-05-01,Façade,2020-04-25,2020-08-13,2020-04-27,,5.5,0.0,-5.5,24,Labour Shortage,727071921.0,713982246.0,-13089675.0,-1.8,1427964493,713982246.0,50.0,CONT113,ECC Contracting LLC,224,214,104.7,False,88.9,0,78.4,False,False,Fit-Out,2020-08-18,2023-03-17,2023-06-04
CONS001573,PROJ039,Elite Marina,DEV0029,2020-06-01,Façade,2020-04-25,2020-08-13,2020-04-27,,33.6,23.1,-10.5,24,Labour Shortage,793948258.0,768958879.0,-24989379.0,-3.1,1427964493,768958879.0,53.8,CONT113,ECC Contracting LLC,151,151,100.0,False,76.2,0,77.4,True,False,Fit-Out,2020-08-18,2023-03-17,2023-06-04
CONS001574,PROJ039,Elite Marina,DEV0029,2020-07-01,Façade,2020-04-25,2020-08-13,2020-04-27,,60.9,47.8,-13.1,24,Labour Shortage,858920643.0,827743418.0,-31177225.0,-3.6,1427964493,827743418.0,58.0,CONT113,ECC Contracting LLC,629,766,82.1,False,71.6,0,77.1,True,False,Fit-Out,2020-08-18,2023-03-17,2023-06-04
CONS001575,PROJ039,Elite Marina,DEV0029,2020-08-01,Façade,2020-04-25,2020-08-13,2020-04-27,,89.1,89.6,0.5,24,Regulatory,926034974.0,927224944.0,1189970.0,0.1,1427964493,927224944.0,64.9,CONT113,ECC Contracting LLC,342,427,80.1,False,78.0,0,82.6,False,False,Fit-Out,2020-08-18,2023-03-17,2023-06-04
CONS001576,PROJ039,Elite Marina,DEV0029,2020-09-01,Façade,2020-04-25,2020-08-13,2020-04-27,,100.0,89.6,-10.4,24,Regulatory,951976329.0,927224944.0,-24751385.0,-2.6,1427964493,927224944.0,64.9,CONT113,ECC Contracting LLC,145,171,84.8,False,79.0,0,78.0,True,False,Fit-Out,2020-08-18,2023-03-17,2023-06-04
CONS001577,PROJ039,Elite Marina,DEV0029,2020-10-01,Façade,2020-04-25,2020-08-13,2020-04-27,,100.0,98.2,-1.8,24,Material Delay,951976329.0,947692435.0,-4283894.0,-0.5,1427964493,947692435.0,66.4,CONT113,ECC Contracting LLC,517,498,103.8,True,81.5,0,83.6,False,False,Fit-Out,2020-08-18,2023-03-17,2023-06-04
CONS001578,PROJ039,Elite Marina,DEV0029,2020-08-23,Fit-Out,2020-08-23,2020-12-11,2020-08-23,,0.0,0.0,0.0,5,Labour Shortage,951976329.0,951976329.0,0.0,0.0,1427964493,951976329.0,66.7,CONT113,ECC Contracting LLC,650,714,91.0,False,76.6,0,83.7,False,False,Handover,2020-12-16,2023-03-17,2023-06-04
CONS001579,PROJ039,Elite Marina,DEV0029,2020-09-01,Fit-Out,2020-08-23,2020-12-11,2020-08-23,,8.2,4.9,-3.3,5,Financing,971491843.0,963638039.0,-7853804.0,-0.8,1427964493,963638039.0,67.5,CONT113,ECC Contracting LLC,569,704,80.8,False,90.1,0,78.0,False,False,Handover,2020-12-16,2023-03-17,2023-06-04
CONS001580,PROJ039,Elite Marina,DEV0029,2020-10-01,Fit-Out,2020-08-23,2020-12-11,2020-08-23,,35.5,33.5,-2.0,5,Labour Shortage,1036464228.0,1031704346.0,-4759882.0,-0.5,1427964493,1031704346.0,72.2,CONT113,ECC Contracting LLC,257,268,95.9,False,80.2,0,81.8,False,False,Handover,2020-12-16,2023-03-17,2023-06-04
CONS001581,PROJ039,Elite Marina,DEV0029,2020-11-01,Fit-Out,2020-08-23,2020-12-11,2020-08-23,,63.6,52.5,-11.1,5,Design Change,1103340565.0,1076923222.0,-26417343.0,-2.4,1427964493,1076923222.0,75.4,CONT113,ECC Contracting LLC,195,252,77.4,False,83.8,0,81.1,True,False,Handover,2020-12-16,2023-03-17,2023-06-04
CONS001582,PROJ039,Elite Marina,DEV0029,2020-12-01,Fit-Out,2020-08-23,2020-12-11,2020-08-23,,90.9,75.1,-15.8,5,Design Change,1168312949.0,1130709884.0,-37603065.0,-3.2,1427964493,1130709884.0,79.2,CONT113,ECC Contracting LLC,681,750,90.8,False,86.5,2,65.7,True,True,Handover,2020-12-16,2023-03-17,2023-06-04
CONS001583,PROJ039,Elite Marina,DEV0029,2021-01-01,Fit-Out,2020-08-23,2020-12-11,2020-08-23,,100.0,94.2,-5.8,5,Weather,1189970411.0,1176166754.0,-13803657.0,-1.2,1427964493,1176166754.0,82.4,CONT113,ECC Contracting LLC,701,716,97.9,True,79.8,0,79.1,False,False,Handover,2020-12-16,2023-03-17,2023-06-04
CONS001584,PROJ039,Elite Marina,DEV0029,2021-02-01,Fit-Out,2020-08-23,2020-12-11,2020-08-23,,100.0,99.8,-0.2,5,Material Delay,1189970411.0,1189494423.0,-475988.0,-0.0,1427964493,1189494423.0,83.3,CONT113,ECC Contracting LLC,649,770,84.3,True,73.4,0,80.3,False,False,Handover,2020-12-16,2023-03-17,2023-06-04
CONS001585,PROJ039,Elite Marina,DEV0029,2020-12-21,Handover,2020-12-21,2021-04-10,2020-12-31,,0.0,0.0,0.0,10,Financing,1189970411.0,1189970411.0,0.0,0.0,1427964493,1189970411.0,83.3,CONT113,ECC Contracting LLC,642,638,100.6,False,80.2,1,75.4,False,True,Completed,2021-04-15,2023-03-17,2023-06-04
CONS001586,PROJ039,Elite Marina,DEV0029,2021-01-01,Handover,2020-12-21,2021-04-10,2020-12-31,,10.0,0.0,-10.0,10,Weather,1213769819.0,1189970411.0,-23799408.0,-2.0,1427964493,1189970411.0,83.3,CONT113,ECC Contracting LLC,153,165,92.7,False,77.3,0,75.1,False,False,Completed,2021-04-15,2023-03-17,2023-06-04
CONS001587,PROJ039,Elite Marina,DEV0029,2021-02-01,Handover,2020-12-21,2021-04-10,2020-12-31,,38.2,25.8,-12.4,10,COVID-19,1280884150.0,1251372884.0,-29511266.0,-2.3,1427964493,1251372884.0,87.6,CONT113,ECC Contracting LLC,278,277,100.4,False,84.6,0,75.0,True,False,Completed,2021-04-15,2023-03-17,2023-06-04
CONS001588,PROJ039,Elite Marina,DEV0029,2021-03-01,Handover,2020-12-21,2021-04-10,2020-12-31,,63.6,65.7,2.1,10,COVID-19,1341334647.0,1346332523.0,4997876.0,0.4,1427964493,1346332523.0,94.3,CONT113,ECC Contracting LLC,621,780,79.6,False,89.5,0,82.2,False,False,Completed,2021-04-15,2023-03-17,2023-06-04
CONS001589,PROJ039,Elite Marina,DEV0029,2021-04-01,Handover,2020-12-21,2021-04-10,2020-12-31,,91.8,76.0,-15.8,10,Weather,1408448978.0,1370845913.0,-37603065.0,-2.7,1427964493,1370845913.0,96.0,CONT113,ECC Contracting LLC,202,193,104.7,False,95.6,0,79.7,True,False,Completed,2021-04-15,2023-03-17,2023-06-04
CONS001590,PROJ039,Elite Marina,DEV0029,2021-05-01,Handover,2020-12-21,2021-04-10,2020-12-31,2021-04-20,100.0,100.0,0.0,10,Regulatory,1427964493.0,1427964493.0,0.0,0.0,1427964493,1427964493.0,100.0,CONT113,ECC Contracting LLC,541,673,80.4,True,89.7,0,80.2,False,False,Completed,2021-04-15,2023-03-17,2023-06-04
CONS001591,PROJ039,Elite Marina,DEV0029,2021-06-01,Handover,2020-12-21,2021-04-10,2020-12-31,,100.0,85.3,-14.7,10,Weather,1427964493.0,1392979363.0,-34985130.0,-2.4,1427964493,1392979363.0,97.6,CONT113,ECC Contracting LLC,668,662,100.9,False,96.0,0,75.7,True,False,Completed,2021-04-15,2023-03-17,2023-06-04
CONS001592,PROJ040,Sky Tower,DEV0042,2022-02-01,Foundation,2022-02-01,2022-05-22,2022-02-01,,0.0,0.0,0.0,0,,0.0,0.0,0.0,0.0,100993054,0.0,0.0,CONT105,Ginco General Contracting LLC,263,345,76.2,False,73.4,0,73.5,False,False,Structure,2022-05-27,2024-03-10,2024-07-01
CONS001593,PROJ040,Sky Tower,DEV0042,2022-03-01,Foundation,2022-02-01,2022-05-22,2022-02-01,,25.5,15.7,-9.8,0,,4292205.0,2642652.0,-1649553.0,-38.4,100993054,2642652.0,2.6,CONT105,Ginco General Contracting LLC,383,520,73.7,False,90.9,0,64.9,False,False,Structure,2022-05-27,2024-03-10,2024-07-01
CONS001594,PROJ040,Sky Tower,DEV0042,2022-04-01,Foundation,2022-02-01,2022-05-22,2022-02-01,,53.6,64.1,10.5,0,,9022046.0,10789425.0,1767379.0,19.6,100993054,10789425.0,10.7,CONT105,Ginco General Contracting LLC,667,611,109.2,False,78.4,0,69.9,True,True,Structure,2022-05-27,2024-03-10,2024-07-01
CONS001595,PROJ040,Sky Tower,DEV0042,2022-05-01,Foundation,2022-02-01,2022-05-22,2022-02-01,,80.9,71.7,-9.2,0,,13617230.0,12068670.0,-1548560.0,-11.4,100993054,12068670.0,12.0,CONT105,Ginco General Contracting LLC,508,580,87.6,False,94.4,0,65.7,False,False,Structure,2022-05-27,2024-03-10,2024-07-01
CONS001596,PROJ040,Sky Tower,DEV0042,2022-06-01,Foundation,2022-02-01,2022-05-22,2022-02-01,2022-05-22,100.0,100.0,0.0,0,,16832176.0,16832176.0,0.0,0.0,100993054,16832176.0,16.7,CONT105,Ginco General Contracting LLC,211,244,86.5,True,82.3,0,68.8,False,False,Structure,2022-05-27,2024-03-10,2024-07-01
CONS001597,PROJ040,Sky Tower,DEV0042,2022-07-01,Foundation,2022-02-01,2022-05-22,2022-02-01,,100.0,88.7,-11.3,0,,16832176.0,14930140.0,-1902036.0,-11.3,100993054,14930140.0,14.8,CONT105,Ginco General Contracting LLC,710,683,104.0,False,70.5,0,63.2,True,False,Structure,2022-05-27,2024-03-10,2024-07-01
CONS001598,PROJ040,Sky Tower,DEV0042,2022-06-01,Structure,2022-06-01,2022-09-19,2022-06-24,,0.0,0.0,0.0,29,Design Change,16832176.0,16832176.0,0.0,0.0,100993054,16832176.0,16.7,CONT105,Ginco General Contracting LLC,576,574,100.3,False,81.4,0,69.8,False,False,MEP,2022-09-24,2024-03-10,2024-07-01
CONS001599,PROJ040,Sky Tower,DEV0042,2022-07-01,Structure,2022-06-01,2022-09-19,2022-06-24,,27.3,9.4,-17.9,29,Material Delay,21427360.0,18414400.0,-3012960.0,-14.1,100993054,18414400.0,18.2,CONT105,Ginco General Contracting LLC,567,700,81.0,False,87.8,0,66.6,True,False,MEP,2022-09-24,2024-03-10,2024-07-01
CONS001600,PROJ040,Sky Tower,DEV0042,2022-08-01,Structure,2022-06-01,2022-09-19,2022-06-24,,55.5,36.5,-19.0,29,Design Change,26174033.0,22975920.0,-3198113.0,-12.2,100993054,22975920.0,22.8,CONT105,Ginco General Contracting LLC,590,734,80.4,False,96.4,0,61.8,True,False,MEP,2022-09-24,2024-03-10,2024-07-01
CONS001601,PROJ040,Sky Tower,DEV0042,2022-09-01,Structure,2022-06-01,2022-09-19,2022-06-24,,83.6,77.0,-6.6,29,Material Delay,30903875.0,29792951.0,-1110924.0,-3.6,100993054,29792951.0,29.5,CONT105,Ginco General Contracting LLC,273,264,103.4,False,95.8,0,68.3,False,False,MEP,2022-09-24,2024-03-10,2024-07-01
CONS001602,PROJ040,Sky Tower,DEV0042,2022-10-01,Structure,2022-06-01,2022-09-19,2022-06-24,,100.0,91.9,-8.1,29,Regulatory,33664351.0,32300945.0,-1363406.0,-4.0,100993054,32300945.0,32.0,CONT105,Ginco General Contracting LLC,367,512,71.7,True,84.2,0,68.5,False,False,MEP,2022-09-24,2024-03-10,2024-07-01
CONS001603,PROJ040,Sky Tower,DEV0042,2022-11-01,Structure,2022-06-01,2022-09-19,2022-06-24,,100.0,89.9,-10.1,29,Weather,33664351.0,31964302.0,-1700049.0,-5.0,100993054,31964302.0,31.7,CONT105,Ginco General Contracting LLC,246,313,78.6,False,75.9,0,66.9,True,False,MEP,2022-09-24,2024-03-10,2024-07-01
CONS001604,PROJ040,Sky Tower,DEV0042,2022-09-29,MEP,2022-09-29,2023-01-17,2022-10-03,,0.0,0.0,0.0,9,Regulatory,33664351.0,33664351.0,0.0,0.0,100993054,33664351.0,33.3,CONT105,Ginco General Contracting LLC,193,262,73.7,False,84.6,0,70.5,False,False,Façade,2023-01-22,2024-03-10,2024-07-01
CONS001605,PROJ040,Sky Tower,DEV0042,2022-10-01,MEP,2022-09-29,2023-01-17,2022-10-03,,1.8,0.3,-1.5,9,Regulatory,33967330.0,33714848.0,-252482.0,-0.7,100993054,33714848.0,33.4,CONT105,Ginco General Contracting LLC,317,369,85.9,False,74.8,0,70.0,False,False,Façade,2023-01-22,2024-03-10,2024-07-01
CONS001606,PROJ040,Sky Tower,DEV0042,2022-11-01,MEP,2022-09-29,2023-01-17,2022-10-03,,30.0,34.6,4.6,9,Weather,38714004.0,39488284.0,774280.0,2.0,100993054,39488284.0,39.1,CONT105,Ginco General Contracting LLC,578,723,79.9,False,79.8,0,69.9,False,False,Façade,2023-01-22,2024-03-10,2024-07-01
CONS001607,PROJ040,Sky Tower,DEV0042,2022-12-01,MEP,2022-09-29,2023-01-17,2022-10-03,,57.3,59.2,1.9,9,Design Change,43309188.0,43628999.0,319811.0,0.7,100993054,43628999.0,43.2,CONT105,Ginco General Contracting LLC,526,527,99.8,False,97.7,0,73.7,False,False,Façade,2023-01-22,2024-03-10,2024-07-01
CONS001608,PROJ040,Sky Tower,DEV0042,2023-01-01,MEP,2022-09-29,2023-01-17,2022-10-03,,85.5,73.6,-11.9,9,Regulatory,48055862.0,46052833.0,-2003029.0,-4.2,100993054,46052833.0,45.6,CONT105,Ginco General Contracting LLC,133,175,76.0,False,84.0,0,69.0,True,False,Façade,2023-01-22,2024-03-10,2024-07-01
CONS001609,PROJ040,Sky Tower,DEV0042,2023-02-01,MEP,2022-09-29,2023-01-17,2022-10-03,,100.0,92.1,-7.9,9,Material Delay,50496527.0,49166785.0,-1329742.0,-2.6,100993054,49166785.0,48.7,CONT105,Ginco General Contracting LLC,162,225,72.0,True,85.6,0,70.1,False,False,Façade,2023-01-22,2024-03-10,2024-07-01
CONS001610,PROJ040,Sky Tower,DEV0042,2023-03-01,MEP,2022-09-29,2023-01-17,2022-10-03,2023-01-26,100.0,100.0,0.0,9,COVID-19,50496527.0,50496527.0,0.0,0.0,100993054,50496527.0,50.0,CONT105,Ginco General Contracting LLC,593,592,100.2,True,93.2,0,72.1,False,False,Façade,2023-01-22,2024-03-10,2024-07-01
CONS001611,PROJ040,Sky Tower,DEV0042,2023-01-27,Façade,2023-01-27,2023-05-17,2023-01-27,,0.0,5.8,5.8,0,,50496527.0,51472793.0,976266.0,1.9,100993054,51472793.0,51.0,CONT105,Ginco General Contracting LLC,388,379,102.4,False,73.1,0,68.7,False,False,Fit-Out,2023-05-22,2024-03-10,2024-07-01
CONS001612,PROJ040,Sky Tower,DEV0042,2023-02-01,Façade,2023-01-27,2023-05-17,2023-01-27,,4.5,12.1,7.6,0,,51253975.0,52533220.0,1279245.0,2.5,100993054,52533220.0,52.0,CONT105,Ginco General Contracting LLC,264,256,103.1,False,82.9,0,74.2,False,False,Fit-Out,2023-05-22,2024-03-10,2024-07-01
CONS001613,PROJ040,Sky Tower,DEV0042,2023-03-01,Façade,2023-01-27,2023-05-17,2023-01-27,,30.0,21.3,-8.7,0,,55546180.0,54081780.0,-1464400.0,-2.6,100993054,54081780.0,53.5,CONT105,Ginco General Contracting LLC,264,369,71.5,False,90.5,0,68.8,False,False,Fit-Out,2023-05-22,2024-03-10,2024-07-01
CONS001614,PROJ040,Sky Tower,DEV0042,2023-04-01,Façade,2023-01-27,2023-05-17,2023-01-27,,58.2,48.0,-10.2,0,,60292853.0,58575971.0,-1716882.0,-2.8,100993054,58575971.0,58.0,CONT105,Ginco General Contracting LLC,338,415,81.4,False,78.5,0,64.0,True,False,Fit-Out,2023-05-22,2024-03-10,2024-07-01
CONS001615,PROJ040,Sky Tower,DEV0042,2023-05-01,Façade,2023-01-27,2023-05-17,2023-01-27,,85.5,90.2,4.7,0,,64888037.0,65679149.0,791112.0,1.2,100993054,65679149.0,65.0,CONT105,Ginco General Contracting LLC,436,409,106.6,False,72.3,0,71.1,False,False,Fit-Out,2023-05-22,2024-03-10,2024-07-01
CONS001616,PROJ040,Sky Tower,DEV0042,2023-06-01,Façade,2023-01-27,2023-05-17,2023-01-27,2023-05-17,100.0,100.0,0.0,0,,67328703.0,67328703.0,0.0,0.0,100993054,67328703.0,66.7,CONT105,Ginco General Contracting LLC,718,701,102.4,True,81.9,0,70.7,False,False,Fit-Out,2023-05-22,2024-03-10,2024-07-01
CONS001617,PROJ040,Sky Tower,DEV0042,2023-07-01,Façade,2023-01-27,2023-05-17,2023-01-27,,100.0,97.6,-2.4,0,,67328703.0,66924730.0,-403973.0,-0.6,100993054,66924730.0,66.3,CONT105,Ginco General Contracting LLC,368,397,92.7,True,75.4,0,72.7,False,False,Fit-Out,2023-05-22,2024-03-10,2024-07-01
CONS001618,PROJ040,Sky Tower,DEV0042,2023-05-27,Fit-Out,2023-05-27,2023-09-14,2023-05-27,,0.0,0.0,0.0,32,Labour Shortage,67328703.0,67328703.0,0.0,0.0,100993054,67328703.0,66.7,CONT105,Ginco General Contracting LLC,584,646,90.4,False,94.7,0,71.5,True,False,Handover,2023-09-19,2024-03-10,2024-07-01
CONS001619,PROJ040,Sky Tower,DEV0042,2023-06-01,Fit-Out,2023-05-27,2023-09-14,2023-05-27,,4.5,0.0,-4.5,32,Labour Shortage,68086151.0,67328703.0,-757448.0,-1.1,100993054,67328703.0,66.7,CONT105,Ginco General Contracting LLC,589,783,75.2,False,71.6,0,67.0,True,False,Handover,2023-09-19,2024-03-10,2024-07-01
CONS001620,PROJ040,Sky Tower,DEV0042,2023-07-01,Fit-Out,2023-05-27,2023-09-14,2023-05-27,,31.8,10.0,-21.8,32,Weather,72681335.0,69011920.0,-3669415.0,-5.0,100993054,69011920.0,68.3,CONT105,Ginco General Contracting LLC,506,532,95.1,False,70.5,0,67.0,True,False,Handover,2023-09-19,2024-03-10,2024-07-01
CONS001621,PROJ040,Sky Tower,DEV0042,2023-08-01,Fit-Out,2023-05-27,2023-09-14,2023-05-27,,60.0,38.7,-21.3,32,Regulatory,77428008.0,73842755.0,-3585253.0,-4.6,100993054,73842755.0,73.1,CONT105,Ginco General Contracting LLC,200,197,101.5,False,71.1,0,63.8,True,False,Handover,2023-09-19,2024-03-10,2024-07-01
CONS001622,PROJ040,Sky Tower,DEV0042,2023-09-01,Fit-Out,2023-05-27,2023-09-14,2023-05-27,,88.2,75.8,-12.4,32,Design Change,82174682.0,80087492.0,-2087190.0,-2.5,100993054,80087492.0,79.3,CONT105,Ginco General Contracting LLC,482,559,86.2,False,86.7,1,60.9,True,True,Handover,2023-09-19,2024-03-10,2024-07-01
CONS001623,PROJ040,Sky Tower,DEV0042,2023-10-01,Fit-Out,2023-05-27,2023-09-14,2023-05-27,,100.0,87.5,-12.5,32,Labour Shortage,84160878.0,82056856.0,-2104022.0,-2.5,100993054,82056856.0,81.2,CONT105,Ginco General Contracting LLC,224,236,94.9,False,78.2,0,65.7,True,False,Handover,2023-09-19,2024-03-10,2024-07-01
CONS001624,PROJ040,Sky Tower,DEV0042,2023-11-01,Fit-Out,2023-05-27,2023-09-14,2023-05-27,,100.0,84.7,-15.3,32,Material Delay,84160878.0,81585555.0,-2575323.0,-3.1,100993054,81585555.0,80.8,CONT105,Ginco General Contracting LLC,429,482,89.0,False,82.8,2,52.3,True,True,Handover,2023-09-19,2024-03-10,2024-07-01
CONS001625,PROJ040,Sky Tower,DEV0042,2023-09-24,Handover,2023-09-24,2024-01-12,2023-10-13,,0.0,0.0,0.0,26,Regulatory,84160878.0,84160878.0,0.0,0.0,100993054,84160878.0,83.3,CONT105,Ginco General Contracting LLC,168,225,74.7,False,95.0,0,69.9,False,False,Completed,2024-01-17,2024-03-10,2024-07-01
CONS001626,PROJ040,Sky Tower,DEV0042,2023-10-01,Handover,2023-09-24,2024-01-12,2023-10-13,,6.4,1.4,-5.0,26,Material Delay,85238138.0,84396529.0,-841609.0,-1.0,100993054,84396529.0,83.6,CONT105,Ginco General Contracting LLC,724,775,93.4,False,88.5,0,69.6,False,False,Completed,2024-01-17,2024-03-10,2024-07-01
CONS001627,PROJ040,Sky Tower,DEV0042,2023-11-01,Handover,2023-09-24,2024-01-12,2023-10-13,,34.5,18.0,-16.5,26,Design Change,89967979.0,87190670.0,-2777309.0,-3.1,100993054,87190670.0,86.3,CONT105,Ginco General Contracting LLC,195,265,73.6,False,83.1,0,64.4,True,False,Completed,2024-01-17,2024-03-10,2024-07-01
CONS001628,PROJ040,Sky Tower,DEV0042,2023-12-01,Handover,2023-09-24,2024-01-12,2023-10-13,,61.8,45.1,-16.7,26,Regulatory,94563163.0,91752190.0,-2810973.0,-3.0,100993054,91752190.0,90.9,CONT105,Ginco General Contracting LLC,535,520,102.9,False,77.3,0,65.9,True,False,Completed,2024-01-17,2024-03-10,2024-07-01
CONS001629,PROJ040,Sky Tower,DEV0042,2024-01-01,Handover,2023-09-24,2024-01-12,2023-10-13,,90.0,73.0,-17.0,26,Financing,99309836.0,96448367.0,-2861469.0,-2.9,100993054,96448367.0,95.5,CONT105,Ginco General Contracting LLC,221,262,84.4,False,97.1,0,63.3,True,False,Completed,2024-01-17,2024-03-10,2024-07-01
CONS001630,PROJ040,Sky Tower,DEV0042,2024-02-01,Handover,2023-09-24,2024-01-12,2023-10-13,,100.0,99.4,-0.6,26,Design Change,100993054.0,100892061.0,-100993.0,-0.1,100993054,100892061.0,99.9,CONT105,Ginco General Contracting LLC,187,218,85.8,True,82.1,0,69.6,False,False,Completed,2024-01-17,2024-03-10,2024-07-01
CONS001631,PROJ040,Sky Tower,DEV0042,2024-03-01,Handover,2023-09-24,2024-01-12,2023-10-13,,100.0,79.6,-20.4,26,Weather,100993054.0,97559290.0,-3433764.0,-3.4,100993054,97559290.0,96.6,CONT105,Ginco General Contracting LLC,178,251,70.9,False,80.1,0,64.6,True,False,Completed,2024-01-17,2024-03-10,2024-07-01
CONS001632,PROJ041,The Views,DEV0029,2019-01-01,Foundation,2019-01-01,2019-04-21,2019-01-03,,0.0,0.0,0.0,31,Design Change,0.0,0.0,0.0,0.0,1383698671,0.0,0.0,CONT033,Shapoorji Pallonji ME LLC,537,630,85.2,False,78.9,0,66.6,True,False,Structure,2019-04-26,2022-07-26,2023-01-20
CONS001633,PROJ041,The Views,DEV0029,2019-02-01,Foundation,2019-01-01,2019-04-21,2019-01-03,,28.2,22.2,-6.0,31,COVID-19,65033838.0,51196851.0,-13836987.0,-21.3,1383698671,51196851.0,3.7,CONT033,Shapoorji Pallonji ME LLC,238,289,82.4,False,78.2,0,61.2,True,False,Structure,2019-04-26,2022-07-26,2023-01-20
CONS001634,PROJ041,The Views,DEV0029,2019-03-01,Foundation,2019-01-01,2019-04-21,2019-01-03,,53.6,30.5,-23.1,31,Financing,123610415.0,70338016.0,-53272399.0,-43.1,1383698671,70338016.0,5.1,CONT033,Shapoorji Pallonji ME LLC,748,764,97.9,False,77.7,0,58.4,True,False,Structure,2019-04-26,2022-07-26,2023-01-20
CONS001635,PROJ041,The Views,DEV0029,2019-04-01,Foundation,2019-01-01,2019-04-21,2019-01-03,,81.8,70.3,-11.5,31,Weather,188644252.0,162123361.0,-26520891.0,-14.1,1383698671,162123361.0,11.7,CONT033,Shapoorji Pallonji ME LLC,443,563,78.7,False,94.8,0,66.1,True,False,Structure,2019-04-26,2022-07-26,2023-01-20
CONS001636,PROJ041,The Views,DEV0029,2019-05-01,Foundation,2019-01-01,2019-04-21,2019-01-03,,100.0,85.4,-14.6,31,Regulatory,230616445.0,196946444.0,-33670001.0,-14.6,1383698671,196946444.0,14.2,CONT033,Shapoorji Pallonji ME LLC,614,635,96.7,False,93.8,0,60.8,True,False,Structure,2019-04-26,2022-07-26,2023-01-20
CONS001637,PROJ041,The Views,DEV0029,2019-06-01,Foundation,2019-01-01,2019-04-21,2019-01-03,,100.0,92.2,-7.8,31,Labour Shortage,230616445.0,212628362.0,-17988083.0,-7.8,1383698671,212628362.0,15.4,CONT033,Shapoorji Pallonji ME LLC,799,787,101.5,True,89.2,0,63.9,True,False,Structure,2019-04-26,2022-07-26,2023-01-20
CONS001638,PROJ041,The Views,DEV0029,2019-05-01,Structure,2019-05-01,2019-08-19,2019-05-01,,0.0,5.5,5.5,0,,230616445.0,243300350.0,12683905.0,5.5,1383698671,243300350.0,17.6,CONT033,Shapoorji Pallonji ME LLC,471,517,91.1,False,83.3,0,67.7,False,False,MEP,2019-08-24,2022-07-26,2023-01-20
CONS001639,PROJ041,The Views,DEV0029,2019-06-01,Structure,2019-05-01,2019-08-19,2019-05-01,,28.2,30.9,2.7,0,,295650283.0,301876927.0,6226644.0,2.1,1383698671,301876927.0,21.8,CONT033,Shapoorji Pallonji ME LLC,550,631,87.2,False,90.4,0,70.1,False,False,MEP,2019-08-24,2022-07-26,2023-01-20
CONS001640,PROJ041,The Views,DEV0029,2019-07-01,Structure,2019-05-01,2019-08-19,2019-05-01,,55.5,43.5,-12.0,0,,358608572.0,330934599.0,-27673973.0,-7.7,1383698671,330934599.0,23.9,CONT033,Shapoorji Pallonji ME LLC,621,596,104.2,False,89.3,0,65.2,True,False,MEP,2019-08-24,2022-07-26,2023-01-20
CONS001641,PROJ041,The Views,DEV0029,2019-08-01,Structure,2019-05-01,2019-08-19,2019-05-01,,83.6,75.6,-8.0,0,,423411793.0,404962478.0,-18449315.0,-4.4,1383698671,404962478.0,29.3,CONT033,Shapoorji Pallonji ME LLC,566,745,76.0,False,76.2,0,65.4,False,False,MEP,2019-08-24,2022-07-26,2023-01-20
CONS001642,PROJ041,The Views,DEV0029,2019-09-01,Structure,2019-05-01,2019-08-19,2019-05-01,,100.0,91.1,-8.9,0,,461232890.0,440708027.0,-20524863.0,-4.4,1383698671,440708027.0,31.9,CONT033,Shapoorji Pallonji ME LLC,577,553,104.3,True,88.4,0,61.6,False,False,MEP,2019-08-24,2022-07-26,2023-01-20
CONS001643,PROJ041,The Views,DEV0029,2019-10-01,Structure,2019-05-01,2019-08-19,2019-05-01,2019-08-19,100.0,100.0,0.0,0,,461232890.0,461232890.0,0.0,0.0,1383698671,461232890.0,33.3,CONT033,Shapoorji Pallonji ME LLC,371,520,71.3,True,85.1,0,66.9,False,False,MEP,2019-08-24,2022-07-26,2023-01-20
CONS001644,PROJ041,The Views,DEV0029,2019-08-29,MEP,2019-08-29,2019-12-17,2019-09-06,,0.0,0.0,0.0,32,Material Delay,461232890.0,461232890.0,0.0,0.0,1383698671,461232890.0,33.3,CONT033,Shapoorji Pallonji ME LLC,797,778,102.4,False,70.6,0,67.3,True,False,Façade,2019-12-22,2022-07-26,2023-01-20
CONS001645,PROJ041,The Views,DEV0029,2019-09-01,MEP,2019-08-29,2019-12-17,2019-09-06,,2.7,0.0,-2.7,32,Regulatory,467459534.0,461232890.0,-6226644.0,-1.3,1383698671,461232890.0,33.3,CONT033,Shapoorji Pallonji ME LLC,582,769,75.7,False,84.1,0,64.0,True,False,Façade,2019-12-22,2022-07-26,2023-01-20
CONS001646,PROJ041,The Views,DEV0029,2019-10-01,MEP,2019-08-29,2019-12-17,2019-09-06,,30.0,11.1,-18.9,32,Design Change,530417824.0,486831316.0,-43586508.0,-8.2,1383698671,486831316.0,35.2,CONT033,Shapoorji Pallonji ME LLC,312,344,90.7,False,82.4,0,58.8,True,False,Façade,2019-12-22,2022-07-26,2023-01-20
CONS001647,PROJ041,The Views,DEV0029,2019-11-01,MEP,2019-08-29,2019-12-17,2019-09-06,,58.2,35.9,-22.3,32,Design Change,595451661.0,544024194.0,-51427467.0,-8.6,1383698671,544024194.0,39.3,CONT033,Shapoorji Pallonji ME LLC,283,319,88.7,False,94.8,0,62.9,True,False,Façade,2019-12-22,2022-07-26,2023-01-20
CONS001648,PROJ041,The Views,DEV0029,2019-12-01,MEP,2019-08-29,2019-12-17,2019-09-06,,85.5,81.3,-4.2,32,Material Delay,658409951.0,648724060.0,-9685891.0,-1.5,1383698671,648724060.0,46.9,CONT033,Shapoorji Pallonji ME LLC,679,687,98.8,False,70.5,0,64.3,True,False,Façade,2019-12-22,2022-07-26,2023-01-20
CONS001649,PROJ041,The Views,DEV0029,2020-01-01,MEP,2019-08-29,2019-12-17,2019-09-06,,100.0,95.7,-4.3,32,Weather,691849336.0,681932828.0,-9916508.0,-1.4,1383698671,681932828.0,49.3,CONT033,Shapoorji Pallonji ME LLC,365,475,76.8,True,78.9,1,63.1,True,True,Façade,2019-12-22,2022-07-26,2023-01-20
CONS001650,PROJ041,The Views,DEV0029,2020-02-01,MEP,2019-08-29,2019-12-17,2019-09-06,,100.0,96.5,-3.5,32,COVID-19,691849336.0,683777760.0,-8071576.0,-1.2,1383698671,683777760.0,49.4,CONT033,Shapoorji Pallonji ME LLC,189,203,93.1,True,77.3,0,67.1,True,False,Façade,2019-12-22,2022-07-26,2023-01-20
CONS001651,PROJ041,The Views,DEV0029,2019-12-27,Façade,2019-12-27,2020-04-15,2019-12-29,,0.0,0.0,0.0,2,Financing,691849336.0,691849336.0,0.0,0.0,1383698671,691849336.0,50.0,CONT033,Shapoorji Pallonji ME LLC,187,221,84.6,False,88.5,0,67.0,False,False,Fit-Out,2020-04-20,2022-07-26,2023-01-20
CONS001652,PROJ041,The Views,DEV0029,2020-01-01,Façade,2019-12-27,2020-04-15,2019-12-29,,4.5,7.2,2.7,2,Design Change,702227076.0,708453720.0,6226644.0,0.9,1383698671,708453720.0,51.2,CONT033,Shapoorji Pallonji ME LLC,648,617,105.0,False,93.6,0,67.9,False,False,Fit-Out,2020-04-20,2022-07-26,2023-01-20
CONS001653,PROJ041,The Views,DEV0029,2020-02-01,Façade,2019-12-27,2020-04-15,2019-12-29,,32.7,37.7,5.0,2,Design Change,767260913.0,778791735.0,11530822.0,1.5,1383698671,778791735.0,56.3,CONT033,Shapoorji Pallonji ME LLC,171,215,79.5,False,91.8,0,64.9,False,False,Fit-Out,2020-04-20,2022-07-26,2023-01-20
CONS001654,PROJ041,The Views,DEV0029,2020-03-01,Façade,2019-12-27,2020-04-15,2019-12-29,,59.1,60.7,1.6,2,Design Change,828143655.0,831833518.0,3689863.0,0.4,1383698671,831833518.0,60.1,CONT033,Shapoorji Pallonji ME LLC,316,369,85.6,False,97.2,0,67.1,False,False,Fit-Out,2020-04-20,2022-07-26,2023-01-20
CONS001655,PROJ041,The Views,DEV0029,2020-04-01,Façade,2019-12-27,2020-04-15,2019-12-29,,87.3,80.2,-7.1,2,Labour Shortage,893177492.0,876803725.0,-16373767.0,-1.8,1383698671,876803725.0,63.4,CONT033,Shapoorji Pallonji ME LLC,184,185,99.5,False,83.2,0,66.9,False,False,Fit-Out,2020-04-20,2022-07-26,2023-01-20
CONS001656,PROJ041,The Views,DEV0029,2020-05-01,Façade,2019-12-27,2020-04-15,2019-12-29,2020-04-17,100.0,100.0,0.0,2,Labour Shortage,922465781.0,922465781.0,0.0,0.0,1383698671,922465781.0,66.7,CONT033,Shapoorji Pallonji ME LLC,194,192,101.0,True,94.6,0,67.6,False,False,Fit-Out,2020-04-20,2022-07-26,2023-01-20
CONS001657,PROJ041,The Views,DEV0029,2020-06-01,Façade,2019-12-27,2020-04-15,2019-12-29,2020-04-17,100.0,100.0,0.0,2,Labour Shortage,922465781.0,922465781.0,0.0,0.0,1383698671,922465781.0,66.7,CONT033,Shapoorji Pallonji ME LLC,547,595,91.9,True,77.6,2,56.5,False,True,Fit-Out,2020-04-20,2022-07-26,2023-01-20
CONS001658,PROJ041,The Views,DEV0029,2020-04-25,Fit-Out,2020-04-25,2020-08-13,2020-04-29,,0.0,0.0,0.0,29,Regulatory,922465781.0,922465781.0,0.0,0.0,1383698671,922465781.0,66.7,CONT033,Shapoorji Pallonji ME LLC,857,787,108.9,False,94.7,0,69.6,False,False,Handover,2020-08-18,2022-07-26,2023-01-20
CONS001659,PROJ041,The Views,DEV0029,2020-05-01,Fit-Out,2020-04-25,2020-08-13,2020-04-29,,5.5,0.0,-5.5,29,Material Delay,935149685.0,922465781.0,-12683904.0,-1.4,1383698671,922465781.0,66.7,CONT033,Shapoorji Pallonji ME LLC,363,406,89.4,False,73.5,1,59.2,False,True,Handover,2020-08-18,2022-07-26,2023-01-20
CONS001660,PROJ041,The Views,DEV0029,2020-06-01,Fit-Out,2020-04-25,2020-08-13,2020-04-29,,33.6,22.9,-10.7,29,Weather,999952906.0,975276947.0,-24675959.0,-2.5,1383698671,975276947.0,70.5,CONT033,Shapoorji Pallonji ME LLC,230,261,88.1,False,97.4,0,61.8,True,False,Handover,2020-08-18,2022-07-26,2023-01-20
CONS001661,PROJ041,The Views,DEV0029,2020-07-01,Fit-Out,2020-04-25,2020-08-13,2020-04-29,,60.9,38.8,-22.1,29,Labour Shortage,1062911196.0,1011944961.0,-50966235.0,-4.8,1383698671,1011944961.0,73.1,CONT033,Shapoorji Pallonji ME LLC,146,207,70.5,False,84.7,0,59.9,True,False,Handover,2020-08-18,2022-07-26,2023-01-20
CONS001662,PROJ041,The Views,DEV0029,2020-08-01,Fit-Out,2020-04-25,2020-08-13,2020-04-29,,89.1,68.1,-21.0,29,COVID-19,1127945033.0,1079515580.0,-48429453.0,-4.3,1383698671,1079515580.0,78.0,CONT033,Shapoorji Pallonji ME LLC,404,477,84.7,False,85.0,0,61.4,True,False,Handover,2020-08-18,2022-07-26,2023-01-20
CONS001663,PROJ041,The Views,DEV0029,2020-09-01,Fit-Out,2020-04-25,2020-08-13,2020-04-29,,100.0,81.3,-18.7,29,Design Change,1153082226.0,1109956951.0,-43125275.0,-3.7,1383698671,1109956951.0,80.2,CONT033,Shapoorji Pallonji ME LLC,235,218,107.8,False,94.2,0,57.2,True,False,Handover,2020-08-18,2022-07-26,2023-01-20
CONS001664,PROJ041,The Views,DEV0029,2020-10-01,Fit-Out,2020-04-25,2020-08-13,2020-04-29,,100.0,94.2,-5.8,29,Financing,1153082226.0,1139706472.0,-13375754.0,-1.2,1383698671,1139706472.0,82.4,CONT033,Shapoorji Pallonji ME LLC,206,276,74.6,True,74.1,0,65.0,False,False,Handover,2020-08-18,2022-07-26,2023-01-20
CONS001665,PROJ041,The Views,DEV0029,2020-08-23,Handover,2020-08-23,2020-12-11,2020-09-01,,0.0,0.0,0.0,30,Material Delay,1153082226.0,1153082226.0,0.0,0.0,1383698671,1153082226.0,83.3,CONT033,Shapoorji Pallonji ME LLC,558,727,76.8,False,90.4,0,67.8,False,False,Completed,2020-12-16,2022-07-26,2023-01-20
CONS001666,PROJ041,The Views,DEV0029,2020-09-01,Handover,2020-08-23,2020-12-11,2020-09-01,,8.2,0.0,-8.2,30,Regulatory,1171992774.0,1153082226.0,-18910548.0,-1.6,1383698671,1153082226.0,83.3,CONT033,Shapoorji Pallonji ME LLC,333,319,104.4,False,92.8,0,63.2,False,False,Completed,2020-12-16,2022-07-26,2023-01-20
CONS001667,PROJ041,The Views,DEV0029,2020-10-01,Handover,2020-08-23,2020-12-11,2020-09-01,,35.5,12.0,-23.5,30,Material Delay,1234951064.0,1180756199.0,-54194865.0,-4.4,1383698671,1180756199.0,85.3,CONT033,Shapoorji Pallonji ME LLC,705,681,103.5,False,84.6,0,61.4,True,False,Completed,2020-12-16,2022-07-26,2023-01-20
CONS001668,PROJ041,The Views,DEV0029,2020-11-01,Handover,2020-08-23,2020-12-11,2020-09-01,,63.6,55.4,-8.2,30,Financing,1299754285.0,1280843736.0,-18910549.0,-1.5,1383698671,1280843736.0,92.6,CONT033,Shapoorji Pallonji ME LLC,180,176,102.3,False,85.5,0,65.0,False,False,Completed,2020-12-16,2022-07-26,2023-01-20
CONS001669,PROJ041,The Views,DEV0029,2020-12-01,Handover,2020-08-23,2020-12-11,2020-09-01,,90.9,83.1,-7.8,30,Regulatory,1362712574.0,1344724492.0,-17988082.0,-1.3,1383698671,1344724492.0,97.2,CONT033,Shapoorji Pallonji ME LLC,202,263,76.8,False,70.2,0,68.1,False,False,Completed,2020-12-16,2022-07-26,2023-01-20
CONS001670,PROJ041,The Views,DEV0029,2021-01-01,Handover,2020-08-23,2020-12-11,2020-09-01,,100.0,84.2,-15.8,30,Material Delay,1383698671.0,1347261273.0,-36437398.0,-2.6,1383698671,1347261273.0,97.4,CONT033,Shapoorji Pallonji ME LLC,364,464,78.4,False,74.2,0,60.0,True,False,Completed,2020-12-16,2022-07-26,2023-01-20
CONS001671,PROJ041,The Views,DEV0029,2021-02-01,Handover,2020-08-23,2020-12-11,2020-09-01,,100.0,95.7,-4.3,30,COVID-19,1383698671.0,1373782164.0,-9916507.0,-0.7,1383698671,1373782164.0,99.3,CONT033,Shapoorji Pallonji ME LLC,444,410,108.3,True,71.7,0,66.6,False,False,Completed,2020-12-16,2022-07-26,2023-01-20
CONS001672,PROJ042,The Heights,DEV0010,2022-09-01,Foundation,2022-09-01,2022-12-20,2022-09-02,,0.0,0.0,0.0,1,Design Change,0.0,0.0,0.0,0.0,1583725914,0.0,0.0,CONT198,Carillion Alawi LLC,185,262,70.6,False,72.4,0,70.5,False,False,Structure,2022-12-25,2026-04-07,2026-05-10
CONS001673,PROJ042,The Heights,DEV0010,2022-10-01,Foundation,2022-09-01,2022-12-20,2022-09-02,,27.3,29.1,1.8,1,Design Change,72059529.0,76810707.0,4751178.0,6.6,1583725914,76810707.0,4.9,CONT198,Carillion Alawi LLC,650,643,101.1,False,72.2,0,69.8,False,False,Structure,2022-12-25,2026-04-07,2026-05-10
CONS001674,PROJ042,The Heights,DEV0010,2022-11-01,Foundation,2022-09-01,2022-12-20,2022-09-02,,55.5,47.1,-8.4,1,Material Delay,146494647.0,124322484.0,-22172163.0,-15.1,1583725914,124322484.0,7.8,CONT198,Carillion Alawi LLC,325,299,108.7,False,74.7,0,65.9,False,False,Structure,2022-12-25,2026-04-07,2026-05-10
CONS001675,PROJ042,The Heights,DEV0010,2022-12-01,Foundation,2022-09-01,2022-12-20,2022-09-02,,82.7,73.9,-8.8,1,Labour Shortage,218290222.0,195062242.0,-23227980.0,-10.6,1583725914,195062242.0,12.3,CONT198,Carillion Alawi LLC,621,635,97.8,False,92.4,0,70.9,False,False,Structure,2022-12-25,2026-04-07,2026-05-10
CONS001676,PROJ042,The Heights,DEV0010,2023-01-01,Foundation,2022-09-01,2022-12-20,2022-09-02,,100.0,85.7,-14.3,1,Labour Shortage,263954319.0,226208851.0,-37745468.0,-14.3,1583725914,226208851.0,14.3,CONT198,Carillion Alawi LLC,310,439,70.6,False,83.7,0,68.6,True,False,Structure,2022-12-25,2026-04-07,2026-05-10
CONS001677,PROJ042,The Heights,DEV0010,2023-02-01,Foundation,2022-09-01,2022-12-20,2022-09-02,,100.0,95.7,-4.3,1,Weather,263954319.0,252604283.0,-11350036.0,-4.3,1583725914,252604283.0,15.9,CONT198,Carillion Alawi LLC,253,279,90.7,True,80.6,0,70.3,False,False,Structure,2022-12-25,2026-04-07,2026-05-10
CONS001678,PROJ042,The Heights,DEV0010,2022-12-30,Structure,2022-12-30,2023-04-19,2022-12-30,,0.0,5.9,5.9,0,,263954319.0,279527624.0,15573305.0,5.9,1583725914,279527624.0,17.7,CONT198,Carillion Alawi LLC,351,478,73.4,False,83.9,0,70.7,False,False,MEP,2023-04-24,2026-04-07,2026-05-10
CONS001679,PROJ042,The Heights,DEV0010,2023-01-01,Structure,2022-12-30,2023-04-19,2022-12-30,,1.8,6.5,4.7,0,,268705497.0,281111350.0,12405853.0,4.6,1583725914,281111350.0,17.8,CONT198,Carillion Alawi LLC,305,349,87.4,False,92.9,0,72.5,False,False,MEP,2023-04-24,2026-04-07,2026-05-10
CONS001680,PROJ042,The Heights,DEV0010,2023-02-01,Structure,2022-12-30,2023-04-19,2022-12-30,,30.0,17.6,-12.4,0,,343140615.0,310410279.0,-32730336.0,-9.5,1583725914,310410279.0,19.6,CONT198,Carillion Alawi LLC,501,621,80.7,False,88.6,1,63.8,True,True,MEP,2023-04-24,2026-04-07,2026-05-10
CONS001681,PROJ042,The Heights,DEV0010,2023-03-01,Structure,2022-12-30,2023-04-19,2022-12-30,,55.5,63.8,8.3,0,,410448966.0,432357175.0,21908209.0,5.3,1583725914,432357175.0,27.3,CONT198,Carillion Alawi LLC,455,439,103.6,False,87.6,0,76.6,False,False,MEP,2023-04-24,2026-04-07,2026-05-10
CONS001682,PROJ042,The Heights,DEV0010,2023-04-01,Structure,2022-12-30,2023-04-19,2022-12-30,,83.6,87.4,3.8,0,,484620130.0,494650394.0,10030264.0,2.1,1583725914,494650394.0,31.2,CONT198,Carillion Alawi LLC,379,347,109.2,False,88.4,0,73.6,False,False,MEP,2023-04-24,2026-04-07,2026-05-10
CONS001683,PROJ042,The Heights,DEV0010,2023-05-01,Structure,2022-12-30,2023-04-19,2022-12-30,,100.0,94.8,-5.2,0,,527908638.0,514183013.0,-13725625.0,-2.6,1583725914,514183013.0,32.5,CONT198,Carillion Alawi LLC,167,203,82.3,True,87.9,0,71.4,False,False,MEP,2023-04-24,2026-04-07,2026-05-10
CONS001684,PROJ042,The Heights,DEV0010,2023-06-01,Structure,2022-12-30,2023-04-19,2022-12-30,,100.0,89.6,-10.4,0,,527908638.0,500457389.0,-27451249.0,-5.2,1583725914,500457389.0,31.6,CONT198,Carillion Alawi LLC,193,191,101.0,False,79.1,0,68.6,True,False,MEP,2023-04-24,2026-04-07,2026-05-10
CONS001685,PROJ042,The Heights,DEV0010,2023-04-29,MEP,2023-04-29,2023-08-17,2023-05-07,,0.0,0.0,0.0,10,COVID-19,527908638.0,527908638.0,0.0,0.0,1583725914,527908638.0,33.3,CONT198,Carillion Alawi LLC,806,789,102.2,False,87.9,0,76.0,False,False,Façade,2023-08-22,2026-04-07,2026-05-10
CONS001686,PROJ042,The Heights,DEV0010,2023-05-01,MEP,2023-04-29,2023-08-17,2023-05-07,,1.8,4.2,2.4,10,Regulatory,532659816.0,538994719.0,6334903.0,1.2,1583725914,538994719.0,34.0,CONT198,Carillion Alawi LLC,530,642,82.6,False,89.2,0,71.2,False,False,Façade,2023-08-22,2026-04-07,2026-05-10
CONS001687,PROJ042,The Heights,DEV0010,2023-06-01,MEP,2023-04-29,2023-08-17,2023-05-07,,30.0,25.8,-4.2,10,Labour Shortage,607094934.0,596008852.0,-11086082.0,-1.8,1583725914,596008852.0,37.6,CONT198,Carillion Alawi LLC,344,416,82.7,False,90.7,0,69.8,False,False,Façade,2023-08-22,2026-04-07,2026-05-10
CONS001688,PROJ042,The Heights,DEV0010,2023-07-01,MEP,2023-04-29,2023-08-17,2023-05-07,,57.3,56.7,-0.6,10,Regulatory,679154463.0,677570737.0,-1583726.0,-0.2,1583725914,677570737.0,42.8,CONT198,Carillion Alawi LLC,382,480,79.6,False,84.4,0,71.3,False,False,Façade,2023-08-22,2026-04-07,2026-05-10
CONS001689,PROJ042,The Heights,DEV0010,2023-08-01,MEP,2023-04-29,2023-08-17,2023-05-07,,85.5,72.4,-13.1,10,Regulatory,753589581.0,719011565.0,-34578016.0,-4.6,1583725914,719011565.0,45.4,CONT198,Carillion Alawi LLC,489,453,107.9,False,74.5,0,69.7,True,False,Façade,2023-08-22,2026-04-07,2026-05-10
CONS001690,PROJ042,The Heights,DEV0010,2023-09-01,MEP,2023-04-29,2023-08-17,2023-05-07,,100.0,97.2,-2.8,10,Financing,791862957.0,784472236.0,-7390721.0,-0.9,1583725914,784472236.0,49.5,CONT198,Carillion Alawi LLC,220,201,109.5,True,78.3,0,69.6,False,False,Façade,2023-08-22,2026-04-07,2026-05-10
CONS001691,PROJ042,The Heights,DEV0010,2023-10-01,MEP,2023-04-29,2023-08-17,2023-05-07,,100.0,84.5,-15.5,10,Weather,791862957.0,750950038.0,-40912919.0,-5.2,1583725914,750950038.0,47.4,CONT198,Carillion Alawi LLC,739,724,102.1,False,75.2,0,68.1,True,False,Façade,2023-08-22,2026-04-07,2026-05-10
CONS001692,PROJ042,The Heights,DEV0010,2023-08-27,Façade,2023-08-27,2023-12-15,2023-08-27,,0.0,0.0,0.0,2,Financing,791862957.0,791862957.0,0.0,0.0,1583725914,791862957.0,50.0,CONT198,Carillion Alawi LLC,828,790,104.8,False,94.6,0,72.8,False,False,Fit-Out,2023-12-20,2026-04-07,2026-05-10
CONS001693,PROJ042,The Heights,DEV0010,2023-09-01,Façade,2023-08-27,2023-12-15,2023-08-27,,4.5,0.0,-4.5,2,Design Change,803740901.0,791862957.0,-11877944.0,-1.5,1583725914,791862957.0,50.0,CONT198,Carillion Alawi LLC,293,307,95.4,False,82.2,0,69.8,False,False,Fit-Out,2023-12-20,2026-04-07,2026-05-10
CONS001694,PROJ042,The Heights,DEV0010,2023-10-01,Façade,2023-08-27,2023-12-15,2023-08-27,,31.8,36.9,5.1,2,Labour Shortage,875800430.0,889262101.0,13461671.0,1.5,1583725914,889262101.0,56.2,CONT198,Carillion Alawi LLC,581,772,75.3,False,71.6,0,74.7,False,False,Fit-Out,2023-12-20,2026-04-07,2026-05-10
CONS001695,PROJ042,The Heights,DEV0010,2023-11-01,Façade,2023-08-27,2023-12-15,2023-08-27,,60.0,53.5,-6.5,2,Regulatory,950235548.0,933078518.0,-17157030.0,-1.8,1583725914,933078518.0,58.9,CONT198,Carillion Alawi LLC,648,779,83.2,False,70.8,0,68.5,False,False,Fit-Out,2023-12-20,2026-04-07,2026-05-10
CONS001696,PROJ042,The Heights,DEV0010,2023-12-01,Façade,2023-08-27,2023-12-15,2023-08-27,,87.3,92.5,5.2,2,Labour Shortage,1022295077.0,1036020702.0,13725625.0,1.3,1583725914,1036020702.0,65.4,CONT198,Carillion Alawi LLC,628,697,90.1,False,91.3,0,71.8,False,False,Fit-Out,2023-12-20,2026-04-07,2026-05-10
CONS001697,PROJ042,The Heights,DEV0010,2024-01-01,Façade,2023-08-27,2023-12-15,2023-08-27,,100.0,94.4,-5.6,2,Weather,1055817276.0,1041035834.0,-14781442.0,-1.4,1583725914,1041035834.0,65.7,CONT198,Carillion Alawi LLC,627,589,106.5,True,87.3,0,71.0,False,False,Fit-Out,2023-12-20,2026-04-07,2026-05-10
CONS001698,PROJ042,The Heights,DEV0010,2024-02-01,Façade,2023-08-27,2023-12-15,2023-08-27,,100.0,96.2,-3.8,2,Design Change,1055817276.0,1045787012.0,-10030264.0,-0.9,1583725914,1045787012.0,66.0,CONT198,Carillion Alawi LLC,587,773,75.9,True,90.3,0,68.0,False,False,Fit-Out,2023-12-20,2026-04-07,2026-05-10
CONS001699,PROJ042,The Heights,DEV0010,2023-12-25,Fit-Out,2023-12-25,2024-04-13,2023-12-27,,0.0,0.0,0.0,2,Regulatory,1055817276.0,1055817276.0,0.0,0.0,1583725914,1055817276.0,66.7,CONT198,Carillion Alawi LLC,394,385,102.3,False,90.4,0,68.2,False,False,Handover,2024-04-18,2026-04-07,2026-05-10
CONS001700,PROJ042,The Heights,DEV0010,2024-01-01,Fit-Out,2023-12-25,2024-04-13,2023-12-27,,6.4,0.5,-5.9,2,Weather,1072710352.0,1057137048.0,-15573304.0,-1.5,1583725914,1057137048.0,66.8,CONT198,Carillion Alawi LLC,700,756,92.6,False,97.5,0,71.8,False,False,Handover,2024-04-18,2026-04-07,2026-05-10
CONS001701,PROJ042,The Heights,DEV0010,2024-02-01,Fit-Out,2023-12-25,2024-04-13,2023-12-27,,34.5,33.6,-0.9,2,COVID-19,1146881516.0,1144505927.0,-2375589.0,-0.2,1583725914,1144505927.0,72.3,CONT198,Carillion Alawi LLC,551,543,101.5,False,71.6,0,74.3,False,False,Handover,2024-04-18,2026-04-07,2026-05-10
CONS001702,PROJ042,The Heights,DEV0010,2024-03-01,Fit-Out,2023-12-25,2024-04-13,2023-12-27,,60.9,58.7,-2.2,2,COVID-19,1216565456.0,1210758461.0,-5806995.0,-0.5,1583725914,1210758461.0,76.4,CONT198,Carillion Alawi LLC,183,212,86.3,False,73.6,0,70.9,False,False,Handover,2024-04-18,2026-04-07,2026-05-10
CONS001703,PROJ042,The Heights,DEV0010,2024-04-01,Fit-Out,2023-12-25,2024-04-13,2023-12-27,,89.1,96.4,7.3,2,Regulatory,1291000574.0,1310269240.0,19268666.0,1.5,1583725914,1310269240.0,82.7,CONT198,Carillion Alawi LLC,581,536,108.4,False,94.5,0,73.4,False,False,Handover,2024-04-18,2026-04-07,2026-05-10
CONS001704,PROJ042,The Heights,DEV0010,2024-05-01,Fit-Out,2023-12-25,2024-04-13,2023-12-27,2024-04-15,100.0,100.0,0.0,2,Material Delay,1319771595.0,1319771595.0,0.0,0.0,1583725914,1319771595.0,83.3,CONT198,Carillion Alawi LLC,199,232,85.8,True,91.9,0,74.5,False,False,Handover,2024-04-18,2026-04-07,2026-05-10
CONS001705,PROJ042,The Heights,DEV0010,2024-06-01,Fit-Out,2023-12-25,2024-04-13,2023-12-27,,100.0,96.7,-3.3,2,Material Delay,1319771595.0,1311061102.0,-8710493.0,-0.7,1583725914,1311061102.0,82.8,CONT198,Carillion Alawi LLC,427,533,80.1,True,84.7,0,69.2,False,False,Handover,2024-04-18,2026-04-07,2026-05-10
CONS001706,PROJ042,The Heights,DEV0010,2024-04-23,Handover,2024-04-23,2024-08-11,2024-04-23,,0.0,0.0,0.0,0,,1319771595.0,1319771595.0,0.0,0.0,1583725914,1319771595.0,83.3,CONT198,Carillion Alawi LLC,603,591,102.0,False,90.3,0,69.8,False,False,Completed,2024-08-16,2026-04-07,2026-05-10
CONS001707,PROJ042,The Heights,DEV0010,2024-05-01,Handover,2024-04-23,2024-08-11,2024-04-23,,7.3,0.0,-7.3,0,,1339040260.0,1319771595.0,-19268665.0,-1.4,1583725914,1319771595.0,83.3,CONT198,Carillion Alawi LLC,147,183,80.3,False,73.4,0,71.7,False,False,Completed,2024-08-16,2026-04-07,2026-05-10
CONS001708,PROJ042,The Heights,DEV0010,2024-06-01,Handover,2024-04-23,2024-08-11,2024-04-23,,35.5,40.1,4.6,0,,1413475378.0,1425617277.0,12141899.0,0.9,1583725914,1425617277.0,90.0,CONT198,Carillion Alawi LLC,570,715,79.7,False,98.0,0,73.9,False,False,Completed,2024-08-16,2026-04-07,2026-05-10
CONS001709,PROJ042,The Heights,DEV0010,2024-07-01,Handover,2024-04-23,2024-08-11,2024-04-23,,62.7,68.3,5.6,0,,1485270953.0,1500052395.0,14781442.0,1.0,1583725914,1500052395.0,94.7,CONT198,Carillion Alawi LLC,324,387,83.7,False,97.9,0,76.3,False,False,Completed,2024-08-16,2026-04-07,2026-05-10
CONS001710,PROJ042,The Heights,DEV0010,2024-08-01,Handover,2024-04-23,2024-08-11,2024-04-23,,90.9,79.9,-11.0,0,,1559706071.0,1530671096.0,-29034975.0,-1.9,1583725914,1530671096.0,96.7,CONT198,Carillion Alawi LLC,395,480,82.3,False,88.4,0,64.9,True,False,Completed,2024-08-16,2026-04-07,2026-05-10
CONS001711,PROJ042,The Heights,DEV0010,2024-09-01,Handover,2024-04-23,2024-08-11,2024-04-23,,100.0,96.8,-3.2,0,,1583725914.0,1575279376.0,-8446538.0,-0.5,1583725914,1575279376.0,99.5,CONT198,Carillion Alawi LLC,245,293,83.6,True,88.4,0,68.7,False,False,Completed,2024-08-16,2026-04-07,2026-05-10
CONS001712,PROJ042,The Heights,DEV0010,2024-10-01,Handover,2024-04-23,2024-08-11,2024-04-23,2024-08-11,100.0,100.0,0.0,0,,1583725914.0,1583725914.0,0.0,0.0,1583725914,1583725914.0,100.0,CONT198,Carillion Alawi LLC,345,465,74.2,True,70.2,0,72.5,False,False,Completed,2024-08-16,2026-04-07,2026-05-10
CONS001713,PROJ043,Luxe Residences,DEV0036,2023-01-01,Foundation,2023-01-01,2023-04-21,2023-01-01,,0.0,0.0,0.0,1,Regulatory,0.0,0.0,0.0,0.0,190989006,0.0,0.0,CONT179,Cansult Maunsell LLC,311,358,86.9,False,82.9,0,72.9,False,False,Structure,2023-04-26,2025-10-04,2026-06-06
CONS001714,PROJ043,Luxe Residences,DEV0036,2023-02-01,Foundation,2023-01-01,2023-04-21,2023-01-01,,28.2,33.6,5.4,1,Weather,8976483.0,10695384.0,1718901.0,19.1,190989006,10695384.0,5.6,CONT179,Cansult Maunsell LLC,484,476,101.7,False,91.4,0,75.4,False,True,Structure,2023-04-26,2025-10-04,2026-06-06
CONS001715,PROJ043,Luxe Residences,DEV0036,2023-03-01,Foundation,2023-01-01,2023-04-21,2023-01-01,,53.6,42.9,-10.7,1,Weather,17061685.0,13655714.0,-3405971.0,-20.0,190989006,13655714.0,7.2,CONT179,Cansult Maunsell LLC,217,229,94.8,False,82.5,0,69.2,True,False,Structure,2023-04-26,2025-10-04,2026-06-06
CONS001716,PROJ043,Luxe Residences,DEV0036,2023-04-01,Foundation,2023-01-01,2023-04-21,2023-01-01,,81.8,77.0,-4.8,1,Labour Shortage,26038168.0,24510256.0,-1527912.0,-5.9,190989006,24510256.0,12.8,CONT179,Cansult Maunsell LLC,294,290,101.4,False,82.2,0,71.0,False,False,Structure,2023-04-26,2025-10-04,2026-06-06
CONS001717,PROJ043,Luxe Residences,DEV0036,2023-05-01,Foundation,2023-01-01,2023-04-21,2023-01-01,,100.0,88.4,-11.6,1,Design Change,31831501.0,28139047.0,-3692454.0,-11.6,190989006,28139047.0,14.7,CONT179,Cansult Maunsell LLC,245,272,90.1,False,78.6,0,67.8,True,False,Structure,2023-04-26,2025-10-04,2026-06-06
CONS001718,PROJ043,Luxe Residences,DEV0036,2023-06-01,Foundation,2023-01-01,2023-04-21,2023-01-01,2023-04-22,100.0,100.0,0.0,1,Weather,31831501.0,31831501.0,0.0,0.0,190989006,31831501.0,16.7,CONT179,Cansult Maunsell LLC,182,211,86.3,True,92.3,0,75.3,False,False,Structure,2023-04-26,2025-10-04,2026-06-06
CONS001719,PROJ043,Luxe Residences,DEV0036,2023-05-01,Structure,2023-05-01,2023-08-19,2023-05-05,,0.0,0.0,0.0,28,Design Change,31831501.0,31831501.0,0.0,0.0,190989006,31831501.0,16.7,CONT179,Cansult Maunsell LLC,781,726,107.6,False,77.1,0,69.9,False,False,MEP,2023-08-24,2025-10-04,2026-06-06
CONS001720,PROJ043,Luxe Residences,DEV0036,2023-06-01,Structure,2023-05-01,2023-08-19,2023-05-05,,28.2,16.1,-12.1,28,Financing,40807984.0,36956373.0,-3851611.0,-9.4,190989006,36956373.0,19.4,CONT179,Cansult Maunsell LLC,334,472,70.8,False,95.8,1,64.2,True,True,MEP,2023-08-24,2025-10-04,2026-06-06
CONS001721,PROJ043,Luxe Residences,DEV0036,2023-07-01,Structure,2023-05-01,2023-08-19,2023-05-05,,55.5,50.0,-5.5,28,Material Delay,49497984.0,47747252.0,-1750732.0,-3.5,190989006,47747252.0,25.0,CONT179,Cansult Maunsell LLC,452,596,75.8,False,92.2,0,68.5,False,False,MEP,2023-08-24,2025-10-04,2026-06-06
CONS001722,PROJ043,Luxe Residences,DEV0036,2023-08-01,Structure,2023-05-01,2023-08-19,2023-05-05,,83.6,81.0,-2.6,28,Design Change,58442636.0,57615017.0,-827619.0,-1.4,190989006,57615017.0,30.2,CONT179,Cansult Maunsell LLC,788,732,107.7,False,74.7,0,72.4,False,False,MEP,2023-08-24,2025-10-04,2026-06-06
CONS001723,PROJ043,Luxe Residences,DEV0036,2023-09-01,Structure,2023-05-01,2023-08-19,2023-05-05,,100.0,89.8,-10.2,28,Design Change,63663002.0,60416189.0,-3246813.0,-5.1,190989006,60416189.0,31.6,CONT179,Cansult Maunsell LLC,660,800,82.5,False,97.6,0,67.0,True,False,MEP,2023-08-24,2025-10-04,2026-06-06
CONS001724,PROJ043,Luxe Residences,DEV0036,2023-10-01,Structure,2023-05-01,2023-08-19,2023-05-05,,100.0,82.9,-17.1,28,Financing,63663002.0,58219815.0,-5443187.0,-8.6,190989006,58219815.0,30.5,CONT179,Cansult Maunsell LLC,354,399,88.7,False,91.8,0,68.5,True,False,MEP,2023-08-24,2025-10-04,2026-06-06
CONS001725,PROJ043,Luxe Residences,DEV0036,2023-08-29,MEP,2023-08-29,2023-12-17,2023-09-10,,0.0,0.0,0.0,28,Financing,63663002.0,63663002.0,0.0,0.0,190989006,63663002.0,33.3,CONT179,Cansult Maunsell LLC,461,471,97.9,False,78.7,1,67.3,False,True,Façade,2023-12-22,2025-10-04,2026-06-06
CONS001726,PROJ043,Luxe Residences,DEV0036,2023-09-01,MEP,2023-08-29,2023-12-17,2023-09-10,,2.7,0.0,-2.7,28,Regulatory,64522453.0,63663002.0,-859451.0,-1.3,190989006,63663002.0,33.3,CONT179,Cansult Maunsell LLC,524,500,104.8,False,72.2,0,74.8,False,False,Façade,2023-12-22,2025-10-04,2026-06-06
CONS001727,PROJ043,Luxe Residences,DEV0036,2023-10-01,MEP,2023-08-29,2023-12-17,2023-09-10,,30.0,23.4,-6.6,28,Labour Shortage,73212452.0,71111573.0,-2100879.0,-2.9,190989006,71111573.0,37.2,CONT179,Cansult Maunsell LLC,636,634,100.3,False,85.2,0,69.6,False,False,Façade,2023-12-22,2025-10-04,2026-06-06
CONS001728,PROJ043,Luxe Residences,DEV0036,2023-11-01,MEP,2023-08-29,2023-12-17,2023-09-10,,58.2,38.2,-20.0,28,Material Delay,82188936.0,75822635.0,-6366301.0,-7.7,190989006,75822635.0,39.7,CONT179,Cansult Maunsell LLC,230,221,104.1,False,97.0,0,66.9,True,False,Façade,2023-12-22,2025-10-04,2026-06-06
CONS001729,PROJ043,Luxe Residences,DEV0036,2023-12-01,MEP,2023-08-29,2023-12-17,2023-09-10,,85.5,75.5,-10.0,28,Labour Shortage,90878935.0,87695785.0,-3183150.0,-3.5,190989006,87695785.0,45.9,CONT179,Cansult Maunsell LLC,483,498,97.0,False,87.5,0,67.5,False,False,Façade,2023-12-22,2025-10-04,2026-06-06
CONS001730,PROJ043,Luxe Residences,DEV0036,2024-01-01,MEP,2023-08-29,2023-12-17,2023-09-10,,100.0,90.2,-9.8,28,Regulatory,95494503.0,92375016.0,-3119487.0,-3.3,190989006,92375016.0,48.4,CONT179,Cansult Maunsell LLC,693,755,91.8,True,96.0,0,68.6,False,False,Façade,2023-12-22,2025-10-04,2026-06-06
CONS001731,PROJ043,Luxe Residences,DEV0036,2024-02-01,MEP,2023-08-29,2023-12-17,2023-09-10,,100.0,98.9,-1.1,28,Design Change,95494503.0,95144356.0,-350147.0,-0.4,190989006,95144356.0,49.8,CONT179,Cansult Maunsell LLC,564,773,73.0,True,85.2,0,72.0,False,False,Façade,2023-12-22,2025-10-04,2026-06-06
CONS001732,PROJ043,Luxe Residences,DEV0036,2023-12-27,Façade,2023-12-27,2024-04-15,2024-01-17,,0.0,0.0,0.0,22,Regulatory,95494503.0,95494503.0,0.0,0.0,190989006,95494503.0,50.0,CONT179,Cansult Maunsell LLC,235,301,78.1,False,87.7,0,69.0,False,False,Fit-Out,2024-04-20,2025-10-04,2026-06-06
CONS001733,PROJ043,Luxe Residences,DEV0036,2024-01-01,Façade,2023-12-27,2024-04-15,2024-01-17,,4.5,0.0,-4.5,22,Financing,96926921.0,95494503.0,-1432418.0,-1.5,190989006,95494503.0,50.0,CONT179,Cansult Maunsell LLC,245,324,75.6,False,83.9,0,67.9,False,False,Fit-Out,2024-04-20,2025-10-04,2026-06-06
CONS001734,PROJ043,Luxe Residences,DEV0036,2024-02-01,Façade,2023-12-27,2024-04-15,2024-01-17,,32.7,32.0,-0.7,22,Design Change,105903404.0,105680583.0,-222821.0,-0.2,190989006,105680583.0,55.3,CONT179,Cansult Maunsell LLC,855,795,107.5,False,79.1,0,73.1,False,False,Fit-Out,2024-04-20,2025-10-04,2026-06-06
CONS001735,PROJ043,Luxe Residences,DEV0036,2024-03-01,Façade,2023-12-27,2024-04-15,2024-01-17,,59.1,50.2,-8.9,22,COVID-19,114306920.0,111473917.0,-2833003.0,-2.5,190989006,111473917.0,58.4,CONT179,Cansult Maunsell LLC,359,342,105.0,False,97.9,0,69.1,False,False,Fit-Out,2024-04-20,2025-10-04,2026-06-06
CONS001736,PROJ043,Luxe Residences,DEV0036,2024-04-01,Façade,2023-12-27,2024-04-15,2024-01-17,,87.3,72.2,-15.1,22,Regulatory,123283403.0,118476847.0,-4806556.0,-3.9,190989006,118476847.0,62.0,CONT179,Cansult Maunsell LLC,231,329,70.2,False,85.6,0,66.4,True,False,Fit-Out,2024-04-20,2025-10-04,2026-06-06
CONS001737,PROJ043,Luxe Residences,DEV0036,2024-05-01,Façade,2023-12-27,2024-04-15,2024-01-17,,100.0,87.2,-12.8,22,Weather,127326004.0,123251572.0,-4074432.0,-3.2,190989006,123251572.0,64.5,CONT179,Cansult Maunsell LLC,336,406,82.8,False,75.0,0,66.8,True,False,Fit-Out,2024-04-20,2025-10-04,2026-06-06
CONS001738,PROJ043,Luxe Residences,DEV0036,2024-06-01,Façade,2023-12-27,2024-04-15,2024-01-17,,100.0,95.3,-4.7,22,Regulatory,127326004.0,125829923.0,-1496081.0,-1.2,190989006,125829923.0,65.9,CONT179,Cansult Maunsell LLC,319,338,94.4,True,95.7,0,69.3,False,False,Fit-Out,2024-04-20,2025-10-04,2026-06-06
CONS001739,PROJ043,Luxe Residences,DEV0036,2024-04-25,Fit-Out,2024-04-25,2024-08-13,2024-04-25,,0.0,5.7,5.7,0,,127326004.0,129140400.0,1814396.0,1.4,190989006,129140400.0,67.6,CONT179,Cansult Maunsell LLC,736,794,92.7,False,90.8,0,74.0,False,False,Handover,2024-08-18,2025-10-04,2026-06-06
CONS001740,PROJ043,Luxe Residences,DEV0036,2024-05-01,Fit-Out,2024-04-25,2024-08-13,2024-04-25,,5.5,3.3,-2.2,0,,129076737.0,128376444.0,-700293.0,-0.5,190989006,128376444.0,67.2,CONT179,Cansult Maunsell LLC,194,257,75.5,False,94.4,0,72.3,False,False,Handover,2024-08-18,2025-10-04,2026-06-06
CONS001741,PROJ043,Luxe Residences,DEV0036,2024-06-01,Fit-Out,2024-04-25,2024-08-13,2024-04-25,,33.6,30.7,-2.9,0,,138021388.0,137098275.0,-923113.0,-0.7,190989006,137098275.0,71.8,CONT179,Cansult Maunsell LLC,282,277,101.8,False,95.9,1,62.0,False,True,Handover,2024-08-18,2025-10-04,2026-06-06
CONS001742,PROJ043,Luxe Residences,DEV0036,2024-07-01,Fit-Out,2024-04-25,2024-08-13,2024-04-25,,60.9,67.4,6.5,0,,146711388.0,148780436.0,2069048.0,1.4,190989006,148780436.0,77.9,CONT179,Cansult Maunsell LLC,204,286,71.3,False,76.5,0,76.9,False,False,Handover,2024-08-18,2025-10-04,2026-06-06
CONS001743,PROJ043,Luxe Residences,DEV0036,2024-08-01,Fit-Out,2024-04-25,2024-08-13,2024-04-25,,89.1,86.8,-2.3,0,,155687871.0,154955747.0,-732124.0,-0.5,190989006,154955747.0,81.1,CONT179,Cansult Maunsell LLC,668,777,86.0,False,84.5,0,74.1,False,False,Handover,2024-08-18,2025-10-04,2026-06-06
CONS001744,PROJ043,Luxe Residences,DEV0036,2024-09-01,Fit-Out,2024-04-25,2024-08-13,2024-04-25,2024-08-13,100.0,100.0,0.0,0,,159157505.0,159157505.0,0.0,0.0,190989006,159157505.0,83.3,CONT179,Cansult Maunsell LLC,331,366,90.4,True,90.3,1,62.4,False,True,Handover,2024-08-18,2025-10-04,2026-06-06
CONS001745,PROJ043,Luxe Residences,DEV0036,2024-10-01,Fit-Out,2024-04-25,2024-08-13,2024-04-25,2024-08-13,100.0,100.0,0.0,0,,159157505.0,159157505.0,0.0,0.0,190989006,159157505.0,83.3,CONT179,Cansult Maunsell LLC,714,759,94.1,True,82.9,0,74.3,False,False,Handover,2024-08-18,2025-10-04,2026-06-06
CONS001746,PROJ043,Luxe Residences,DEV0036,2024-08-23,Handover,2024-08-23,2024-12-11,2024-09-18,,0.0,0.0,0.0,49,Weather,159157505.0,159157505.0,0.0,0.0,190989006,159157505.0,83.3,CONT179,Cansult Maunsell LLC,381,479,79.5,False,91.8,0,74.2,True,False,Completed,2024-12-16,2025-10-04,2026-06-06
CONS001747,PROJ043,Luxe Residences,DEV0036,2024-09-01,Handover,2024-08-23,2024-12-11,2024-09-18,,8.2,0.0,-8.2,49,Design Change,161767688.0,159157505.0,-2610183.0,-1.6,190989006,159157505.0,83.3,CONT179,Cansult Maunsell LLC,669,688,97.2,False,85.6,0,69.6,True,False,Completed,2024-12-16,2025-10-04,2026-06-06
CONS001748,PROJ043,Luxe Residences,DEV0036,2024-10-01,Handover,2024-08-23,2024-12-11,2024-09-18,,35.5,15.9,-19.6,49,Weather,170457688.0,164218714.0,-6238974.0,-3.7,190989006,164218714.0,86.0,CONT179,Cansult Maunsell LLC,721,726,99.3,False,97.3,0,63.6,True,False,Completed,2024-12-16,2025-10-04,2026-06-06
CONS001749,PROJ043,Luxe Residences,DEV0036,2024-11-01,Handover,2024-08-23,2024-12-11,2024-09-18,,63.6,35.5,-28.1,49,Regulatory,179402340.0,170457688.0,-8944652.0,-5.0,190989006,170457688.0,89.3,CONT179,Cansult Maunsell LLC,579,549,105.5,False,88.8,1,60.7,True,True,Completed,2024-12-16,2025-10-04,2026-06-06
CONS001750,PROJ043,Luxe Residences,DEV0036,2024-12-01,Handover,2024-08-23,2024-12-11,2024-09-18,,90.9,70.6,-20.3,49,COVID-19,188092339.0,181630545.0,-6461794.0,-3.4,190989006,181630545.0,95.1,CONT179,Cansult Maunsell LLC,269,268,100.4,False,85.8,0,65.5,True,False,Completed,2024-12-16,2025-10-04,2026-06-06
CONS001751,PROJ043,Luxe Residences,DEV0036,2025-01-01,Handover,2024-08-23,2024-12-11,2024-09-18,,100.0,71.1,-28.9,49,Labour Shortage,190989006.0,181789702.0,-9199304.0,-4.8,190989006,181789702.0,95.2,CONT179,Cansult Maunsell LLC,268,295,90.8,False,84.3,0,64.5,True,False,Completed,2024-12-16,2025-10-04,2026-06-06
CONS001752,PROJ043,Luxe Residences,DEV0036,2025-02-01,Handover,2024-08-23,2024-12-11,2024-09-18,,100.0,89.8,-10.2,49,Regulatory,190989006.0,187742193.0,-3246813.0,-1.7,190989006,187742193.0,98.3,CONT179,Cansult Maunsell LLC,522,477,109.4,False,81.5,0,73.5,True,False,Completed,2024-12-16,2025-10-04,2026-06-06
CONS001753,PROJ044,One Tower,DEV0014,2021-12-01,Foundation,2021-12-01,2022-03-21,2021-12-20,,0.0,0.0,0.0,33,Financing,0.0,0.0,0.0,0.0,1415879615,0.0,0.0,CONT183,Shapoorji Pallonji ME LLC,249,236,105.5,False,96.8,1,81.4,True,True,Structure,2022-03-26,2025-03-05,2025-07-15
CONS001754,PROJ044,One Tower,DEV0014,2022-01-01,Foundation,2021-12-01,2022-03-21,2021-12-20,,28.2,25.6,-2.6,33,Weather,66546342.0,60410864.0,-6135478.0,-9.2,1415879615,60410864.0,4.3,CONT183,Shapoorji Pallonji ME LLC,409,372,109.9,False,96.3,0,83.3,True,False,Structure,2022-03-26,2025-03-05,2025-07-15
CONS001755,PROJ044,One Tower,DEV0014,2022-02-01,Foundation,2021-12-01,2022-03-21,2021-12-20,,56.4,50.6,-5.8,33,Regulatory,133092684.0,119405848.0,-13686836.0,-10.3,1415879615,119405848.0,8.4,CONT183,Shapoorji Pallonji ME LLC,406,504,80.6,False,72.1,0,83.5,True,False,Structure,2022-03-26,2025-03-05,2025-07-15
CONS001756,PROJ044,One Tower,DEV0014,2022-03-01,Foundation,2021-12-01,2022-03-21,2021-12-20,,81.8,60.9,-20.9,33,Design Change,193031588.0,143711781.0,-49319807.0,-25.6,1415879615,143711781.0,10.2,CONT183,Shapoorji Pallonji ME LLC,776,781,99.4,False,77.1,0,78.1,True,False,Structure,2022-03-26,2025-03-05,2025-07-15
CONS001757,PROJ044,One Tower,DEV0014,2022-04-01,Foundation,2021-12-01,2022-03-21,2021-12-20,,100.0,95.2,-4.8,33,Financing,235979936.0,224652899.0,-11327037.0,-4.8,1415879615,224652899.0,15.9,CONT183,Shapoorji Pallonji ME LLC,459,552,83.2,True,76.8,0,85.3,True,False,Structure,2022-03-26,2025-03-05,2025-07-15
CONS001758,PROJ044,One Tower,DEV0014,2022-05-01,Foundation,2021-12-01,2022-03-21,2021-12-20,,100.0,83.2,-16.8,33,COVID-19,235979936.0,196335307.0,-39644629.0,-16.8,1415879615,196335307.0,13.9,CONT183,Shapoorji Pallonji ME LLC,768,798,96.2,False,83.2,0,79.2,True,False,Structure,2022-03-26,2025-03-05,2025-07-15
CONS001759,PROJ044,One Tower,DEV0014,2022-03-31,Structure,2022-03-31,2022-07-19,2022-04-13,,0.0,0.0,0.0,20,Design Change,235979936.0,235979936.0,0.0,0.0,1415879615,235979936.0,16.7,CONT183,Shapoorji Pallonji ME LLC,189,267,70.8,False,78.0,0,85.0,False,False,MEP,2022-07-24,2025-03-05,2025-07-15
CONS001760,PROJ044,One Tower,DEV0014,2022-04-01,Structure,2022-03-31,2022-07-19,2022-04-13,,0.9,0.0,-0.9,20,Design Change,238103755.0,235979936.0,-2123819.0,-0.9,1415879615,235979936.0,16.7,CONT183,Shapoorji Pallonji ME LLC,408,468,87.2,False,92.3,0,83.1,False,False,MEP,2022-07-24,2025-03-05,2025-07-15
CONS001761,PROJ044,One Tower,DEV0014,2022-05-01,Structure,2022-03-31,2022-07-19,2022-04-13,,28.2,8.1,-20.1,20,Design Change,302526278.0,255094311.0,-47431967.0,-15.7,1415879615,255094311.0,18.0,CONT183,Shapoorji Pallonji ME LLC,806,765,105.4,False,77.1,1,74.6,True,True,MEP,2022-07-24,2025-03-05,2025-07-15
CONS001762,PROJ044,One Tower,DEV0014,2022-06-01,Structure,2022-03-31,2022-07-19,2022-04-13,,56.4,45.6,-10.8,20,Weather,369072620.0,343586787.0,-25485833.0,-6.9,1415879615,343586787.0,24.3,CONT183,Shapoorji Pallonji ME LLC,330,310,106.5,False,87.5,0,83.0,True,False,MEP,2022-07-24,2025-03-05,2025-07-15
CONS001763,PROJ044,One Tower,DEV0014,2022-07-01,Structure,2022-03-31,2022-07-19,2022-04-13,,83.6,77.5,-6.1,20,Regulatory,433259162.0,418864386.0,-14394776.0,-3.3,1415879615,418864386.0,29.6,CONT183,Shapoorji Pallonji ME LLC,319,291,109.6,False,87.5,0,78.7,False,False,MEP,2022-07-24,2025-03-05,2025-07-15
CONS001764,PROJ044,One Tower,DEV0014,2022-08-01,Structure,2022-03-31,2022-07-19,2022-04-13,,100.0,94.6,-5.4,20,COVID-19,471959872.0,459216955.0,-12742917.0,-2.7,1415879615,459216955.0,32.4,CONT183,Shapoorji Pallonji ME LLC,234,292,80.1,True,88.7,0,84.8,False,False,MEP,2022-07-24,2025-03-05,2025-07-15
CONS001765,PROJ044,One Tower,DEV0014,2022-09-01,Structure,2022-03-31,2022-07-19,2022-04-13,,100.0,83.0,-17.0,20,Regulatory,471959872.0,431843283.0,-40116589.0,-8.5,1415879615,431843283.0,30.5,CONT183,Shapoorji Pallonji ME LLC,182,183,99.5,False,77.5,0,80.7,True,False,MEP,2022-07-24,2025-03-05,2025-07-15
CONS001766,PROJ044,One Tower,DEV0014,2022-07-29,MEP,2022-07-29,2022-11-16,2022-07-29,,0.0,5.5,5.5,0,,471959872.0,484938768.0,12978896.0,2.7,1415879615,484938768.0,34.2,CONT183,Shapoorji Pallonji ME LLC,703,667,105.4,False,77.4,0,86.0,False,False,Façade,2022-11-21,2025-03-05,2025-07-15
CONS001767,PROJ044,One Tower,DEV0014,2022-08-01,MEP,2022-07-29,2022-11-16,2022-07-29,,2.7,0.0,-2.7,0,,478331330.0,471959872.0,-6371458.0,-1.3,1415879615,471959872.0,33.3,CONT183,Shapoorji Pallonji ME LLC,261,320,81.6,False,88.0,0,89.1,False,False,Façade,2022-11-21,2025-03-05,2025-07-15
CONS001768,PROJ044,One Tower,DEV0014,2022-09-01,MEP,2022-07-29,2022-11-16,2022-07-29,,30.9,18.8,-12.1,0,,544877672.0,516324100.0,-28553572.0,-5.2,1415879615,516324100.0,36.5,CONT183,Shapoorji Pallonji ME LLC,211,256,82.4,False,86.7,0,84.2,True,False,Façade,2022-11-21,2025-03-05,2025-07-15
CONS001769,PROJ044,One Tower,DEV0014,2022-10-01,MEP,2022-07-29,2022-11-16,2022-07-29,,58.2,52.1,-6.1,0,,609300194.0,594905418.0,-14394776.0,-2.4,1415879615,594905418.0,42.0,CONT183,Shapoorji Pallonji ME LLC,348,380,91.6,False,75.4,0,81.9,False,False,Façade,2022-11-21,2025-03-05,2025-07-15
CONS001770,PROJ044,One Tower,DEV0014,2022-11-01,MEP,2022-07-29,2022-11-16,2022-07-29,,86.4,72.8,-13.6,0,,675846536.0,643753265.0,-32093271.0,-4.7,1415879615,643753265.0,45.5,CONT183,Shapoorji Pallonji ME LLC,190,206,92.2,False,71.0,0,83.5,True,False,Façade,2022-11-21,2025-03-05,2025-07-15
CONS001771,PROJ044,One Tower,DEV0014,2022-12-01,MEP,2022-07-29,2022-11-16,2022-07-29,2022-11-16,100.0,100.0,0.0,0,,707939808.0,707939808.0,0.0,0.0,1415879615,707939808.0,50.0,CONT183,Shapoorji Pallonji ME LLC,680,726,93.7,True,91.6,0,88.4,False,False,Façade,2022-11-21,2025-03-05,2025-07-15
CONS001772,PROJ044,One Tower,DEV0014,2023-01-01,MEP,2022-07-29,2022-11-16,2022-07-29,,100.0,86.7,-13.3,0,,707939808.0,676554476.0,-31385332.0,-4.4,1415879615,676554476.0,47.8,CONT183,Shapoorji Pallonji ME LLC,323,341,94.7,False,90.0,0,82.2,True,False,Façade,2022-11-21,2025-03-05,2025-07-15
CONS001773,PROJ044,One Tower,DEV0014,2022-11-26,Façade,2022-11-26,2023-03-16,2022-11-26,,0.0,0.0,0.0,0,,707939808.0,707939808.0,0.0,0.0,1415879615,707939808.0,50.0,CONT183,Shapoorji Pallonji ME LLC,285,341,83.6,False,89.7,2,76.6,False,True,Fit-Out,2023-03-21,2025-03-05,2025-07-15
CONS001774,PROJ044,One Tower,DEV0014,2022-12-01,Façade,2022-11-26,2023-03-16,2022-11-26,,4.5,5.3,0.8,0,,718558905.0,720446744.0,1887839.0,0.3,1415879615,720446744.0,50.9,CONT183,Shapoorji Pallonji ME LLC,483,467,103.4,False,97.1,0,86.8,False,False,Fit-Out,2023-03-21,2025-03-05,2025-07-15
CONS001775,PROJ044,One Tower,DEV0014,2023-01-01,Façade,2022-11-26,2023-03-16,2022-11-26,,32.7,25.8,-6.9,0,,785105247.0,768822631.0,-16282616.0,-2.1,1415879615,768822631.0,54.3,CONT183,Shapoorji Pallonji ME LLC,644,731,88.1,False,84.0,0,79.7,False,False,Fit-Out,2023-03-21,2025-03-05,2025-07-15
CONS001776,PROJ044,One Tower,DEV0014,2023-02-01,Façade,2022-11-26,2023-03-16,2022-11-26,,60.9,60.8,-0.1,0,,851651588.0,851415608.0,-235980.0,-0.0,1415879615,851415608.0,60.1,CONT183,Shapoorji Pallonji ME LLC,287,266,107.9,False,87.5,0,85.5,False,False,Fit-Out,2023-03-21,2025-03-05,2025-07-15
CONS001777,PROJ044,One Tower,DEV0014,2023-03-01,Façade,2022-11-26,2023-03-16,2022-11-26,,86.4,75.6,-10.8,0,,911826472.0,886340639.0,-25485833.0,-2.8,1415879615,886340639.0,62.6,CONT183,Shapoorji Pallonji ME LLC,451,419,107.6,False,94.9,0,82.2,True,False,Fit-Out,2023-03-21,2025-03-05,2025-07-15
CONS001778,PROJ044,One Tower,DEV0014,2023-04-01,Façade,2022-11-26,2023-03-16,2022-11-26,,100.0,98.6,-1.4,0,,943919743.0,940616024.0,-3303719.0,-0.3,1415879615,940616024.0,66.4,CONT183,Shapoorji Pallonji ME LLC,514,732,70.2,True,71.6,0,88.3,False,False,Fit-Out,2023-03-21,2025-03-05,2025-07-15
CONS001779,PROJ044,One Tower,DEV0014,2023-05-01,Façade,2022-11-26,2023-03-16,2022-11-26,,100.0,91.0,-9.0,0,,943919743.0,922681549.0,-21238194.0,-2.2,1415879615,922681549.0,65.2,CONT183,Shapoorji Pallonji ME LLC,251,250,100.4,True,85.0,0,83.9,False,False,Fit-Out,2023-03-21,2025-03-05,2025-07-15
CONS001780,PROJ044,One Tower,DEV0014,2023-03-26,Fit-Out,2023-03-26,2023-07-14,2023-04-18,,0.0,0.0,0.0,29,Weather,943919743.0,943919743.0,0.0,0.0,1415879615,943919743.0,66.7,CONT183,Shapoorji Pallonji ME LLC,340,336,101.2,False,97.4,0,85.3,False,False,Handover,2023-07-19,2025-03-05,2025-07-15
CONS001781,PROJ044,One Tower,DEV0014,2023-04-01,Fit-Out,2023-03-26,2023-07-14,2023-04-18,,5.5,0.2,-5.3,29,Material Delay,956898640.0,944391703.0,-12506937.0,-1.3,1415879615,944391703.0,66.7,CONT183,Shapoorji Pallonji ME LLC,129,170,75.9,False,94.9,0,84.1,False,False,Handover,2023-07-19,2025-03-05,2025-07-15
CONS001782,PROJ044,One Tower,DEV0014,2023-05-01,Fit-Out,2023-03-26,2023-07-14,2023-04-18,,32.7,28.9,-3.8,29,Labour Shortage,1021085182.0,1012117945.0,-8967237.0,-0.9,1415879615,1012117945.0,71.5,CONT183,Shapoorji Pallonji ME LLC,587,593,99.0,False,81.6,0,86.8,False,False,Handover,2023-07-19,2025-03-05,2025-07-15
CONS001783,PROJ044,One Tower,DEV0014,2023-06-01,Fit-Out,2023-03-26,2023-07-14,2023-04-18,,60.9,50.8,-10.1,29,Labour Shortage,1087631524.0,1063797551.0,-23833973.0,-2.2,1415879615,1063797551.0,75.1,CONT183,Shapoorji Pallonji ME LLC,548,781,70.2,False,95.9,0,82.5,True,False,Handover,2023-07-19,2025-03-05,2025-07-15
CONS001784,PROJ044,One Tower,DEV0014,2023-07-01,Fit-Out,2023-03-26,2023-07-14,2023-04-18,,88.2,73.4,-14.8,29,Labour Shortage,1152054047.0,1117129016.0,-34925031.0,-3.0,1415879615,1117129016.0,78.9,CONT183,Shapoorji Pallonji ME LLC,323,398,81.2,False,73.5,0,80.1,True,False,Handover,2023-07-19,2025-03-05,2025-07-15
CONS001785,PROJ044,One Tower,DEV0014,2023-08-01,Fit-Out,2023-03-26,2023-07-14,2023-04-18,,100.0,83.2,-16.8,29,Regulatory,1179899679.0,1140255050.0,-39644629.0,-3.4,1415879615,1140255050.0,80.5,CONT183,Shapoorji Pallonji ME LLC,519,523,99.2,False,77.1,0,80.3,True,False,Handover,2023-07-19,2025-03-05,2025-07-15
CONS001786,PROJ044,One Tower,DEV0014,2023-09-01,Fit-Out,2023-03-26,2023-07-14,2023-04-18,,100.0,80.3,-19.7,29,Regulatory,1179899679.0,1133411632.0,-46488047.0,-3.9,1415879615,1133411632.0,80.1,CONT183,Shapoorji Pallonji ME LLC,427,507,84.2,False,71.8,0,81.9,True,False,Handover,2023-07-19,2025-03-05,2025-07-15
CONS001787,PROJ044,One Tower,DEV0014,2023-07-24,Handover,2023-07-24,2023-11-11,2023-07-24,,0.0,0.0,0.0,19,Labour Shortage,1179899679.0,1179899679.0,0.0,0.0,1415879615,1179899679.0,83.3,CONT183,Shapoorji Pallonji ME LLC,553,542,102.0,False,86.0,0,86.9,False,False,Completed,2023-11-16,2025-03-05,2025-07-15
CONS001788,PROJ044,One Tower,DEV0014,2023-08-01,Handover,2023-07-24,2023-11-11,2023-07-24,,7.3,0.0,-7.3,19,Material Delay,1197126214.0,1179899679.0,-17226535.0,-1.4,1415879615,1179899679.0,83.3,CONT183,Shapoorji Pallonji ME LLC,311,383,81.2,False,97.4,0,83.8,False,False,Completed,2023-11-16,2025-03-05,2025-07-15
CONS001789,PROJ044,One Tower,DEV0014,2023-09-01,Handover,2023-07-24,2023-11-11,2023-07-24,,35.5,29.8,-5.7,19,Weather,1263672556.0,1250221700.0,-13450856.0,-1.1,1415879615,1250221700.0,88.3,CONT183,Shapoorji Pallonji ME LLC,708,771,91.8,False,80.9,0,84.6,False,False,Completed,2023-11-16,2025-03-05,2025-07-15
CONS001790,PROJ044,One Tower,DEV0014,2023-10-01,Handover,2023-07-24,2023-11-11,2023-07-24,,62.7,62.8,0.1,19,Labour Shortage,1327859099.0,1328095079.0,235980.0,0.0,1415879615,1328095079.0,93.8,CONT183,Shapoorji Pallonji ME LLC,689,729,94.5,False,93.3,0,84.8,False,False,Completed,2023-11-16,2025-03-05,2025-07-15
CONS001791,PROJ044,One Tower,DEV0014,2023-11-01,Handover,2023-07-24,2023-11-11,2023-07-24,,90.9,76.7,-14.2,19,Labour Shortage,1394405441.0,1360896290.0,-33509151.0,-2.4,1415879615,1360896290.0,96.1,CONT183,Shapoorji Pallonji ME LLC,711,751,94.7,False,92.6,0,81.3,True,False,Completed,2023-11-16,2025-03-05,2025-07-15
CONS001792,PROJ044,One Tower,DEV0014,2023-12-01,Handover,2023-07-24,2023-11-11,2023-07-24,,100.0,89.0,-11.0,19,COVID-19,1415879615.0,1389921822.0,-25957793.0,-1.8,1415879615,1389921822.0,98.2,CONT183,Shapoorji Pallonji ME LLC,287,283,101.4,False,93.8,0,81.3,True,False,Completed,2023-11-16,2025-03-05,2025-07-15
CONS001793,PROJ044,One Tower,DEV0014,2024-01-01,Handover,2023-07-24,2023-11-11,2023-07-24,,100.0,86.4,-13.6,19,Material Delay,1415879615.0,1383786344.0,-32093271.0,-2.3,1415879615,1383786344.0,97.7,CONT183,Shapoorji Pallonji ME LLC,684,716,95.5,False,76.7,0,81.2,True,False,Completed,2023-11-16,2025-03-05,2025-07-15
CONS001794,PROJ045,Prime Square,DEV0039,2022-12-01,Foundation,2022-12-01,2023-03-21,2022-12-01,,0.0,6.0,6.0,0,,0.0,11534300.0,11534300.0,1153430000.0,1153429956,11534300.0,1.0,CONT126,ASGC Construction LLC,462,437,105.7,False,85.5,0,67.4,False,True,Structure,2023-03-26,2026-05-09,2026-05-09
CONS001795,PROJ045,Prime Square,DEV0039,2023-01-01,Foundation,2022-12-01,2023-03-21,2022-12-01,,28.2,36.2,8.0,0,,54211208.0,69590274.0,15379066.0,28.4,1153429956,69590274.0,6.0,CONT126,ASGC Construction LLC,214,301,71.1,False,96.3,0,63.1,False,True,Structure,2023-03-26,2026-05-09,2026-05-09
CONS001796,PROJ045,Prime Square,DEV0039,2023-02-01,Foundation,2022-12-01,2023-03-21,2022-12-01,,56.4,60.5,4.1,0,,108422416.0,116304187.0,7881771.0,7.3,1153429956,116304187.0,10.1,CONT126,ASGC Construction LLC,534,760,70.3,False,70.5,0,62.8,False,False,Structure,2023-03-26,2026-05-09,2026-05-09
CONS001797,PROJ045,Prime Square,DEV0039,2023-03-01,Foundation,2022-12-01,2023-03-21,2022-12-01,,81.8,74.9,-6.9,0,,157250951.0,143986506.0,-13264445.0,-8.4,1153429956,143986506.0,12.5,CONT126,ASGC Construction LLC,252,296,85.1,False,84.4,0,58.3,False,False,Structure,2023-03-26,2026-05-09,2026-05-09
CONS001798,PROJ045,Prime Square,DEV0039,2023-04-01,Foundation,2022-12-01,2023-03-21,2022-12-01,,100.0,94.4,-5.6,0,,192238326.0,181472980.0,-10765346.0,-5.6,1153429956,181472980.0,15.7,CONT126,ASGC Construction LLC,587,787,74.6,True,86.6,0,58.3,False,False,Structure,2023-03-26,2026-05-09,2026-05-09
CONS001799,PROJ045,Prime Square,DEV0039,2023-05-01,Foundation,2022-12-01,2023-03-21,2022-12-01,2023-03-21,100.0,100.0,0.0,0,,192238326.0,192238326.0,0.0,0.0,1153429956,192238326.0,16.7,CONT126,ASGC Construction LLC,494,655,75.4,True,72.8,0,62.5,False,False,Structure,2023-03-26,2026-05-09,2026-05-09
CONS001800,PROJ045,Prime Square,DEV0039,2023-03-31,Structure,2023-03-31,2023-07-19,2023-03-31,,0.0,0.0,0.0,0,,192238326.0,192238326.0,0.0,0.0,1153429956,192238326.0,16.7,CONT126,ASGC Construction LLC,631,718,87.9,False,86.3,0,61.7,False,False,MEP,2023-07-24,2026-05-09,2026-05-09
CONS001801,PROJ045,Prime Square,DEV0039,2023-04-01,Structure,2023-03-31,2023-07-19,2023-03-31,,0.9,0.0,-0.9,0,,193968471.0,192238326.0,-1730145.0,-0.9,1153429956,192238326.0,16.7,CONT126,ASGC Construction LLC,384,418,91.9,False,72.8,1,61.2,False,True,MEP,2023-07-24,2026-05-09,2026-05-09
CONS001802,PROJ045,Prime Square,DEV0039,2023-05-01,Structure,2023-03-31,2023-07-19,2023-03-31,,28.2,38.9,10.7,0,,246449534.0,267019035.0,20569501.0,8.3,1153429956,267019035.0,23.2,CONT126,ASGC Construction LLC,617,587,105.1,False,83.4,0,65.5,True,False,MEP,2023-07-24,2026-05-09,2026-05-09
CONS001803,PROJ045,Prime Square,DEV0039,2023-06-01,Structure,2023-03-31,2023-07-19,2023-03-31,,56.4,52.3,-4.1,0,,300660742.0,292778970.0,-7881772.0,-2.6,1153429956,292778970.0,25.4,CONT126,ASGC Construction LLC,208,227,91.6,False,91.9,0,64.2,False,False,MEP,2023-07-24,2026-05-09,2026-05-09
CONS001804,PROJ045,Prime Square,DEV0039,2023-07-01,Structure,2023-03-31,2023-07-19,2023-03-31,,83.6,94.1,10.5,0,,352949567.0,373134591.0,20185024.0,5.7,1153429956,373134591.0,32.4,CONT126,ASGC Construction LLC,437,432,101.2,False,73.6,0,68.0,True,False,MEP,2023-07-24,2026-05-09,2026-05-09
CONS001805,PROJ045,Prime Square,DEV0039,2023-08-01,Structure,2023-03-31,2023-07-19,2023-03-31,,100.0,91.8,-8.2,0,,384476652.0,368713109.0,-15763543.0,-4.1,1153429956,368713109.0,32.0,CONT126,ASGC Construction LLC,583,722,80.7,True,96.9,0,60.0,False,False,MEP,2023-07-24,2026-05-09,2026-05-09
CONS001806,PROJ045,Prime Square,DEV0039,2023-09-01,Structure,2023-03-31,2023-07-19,2023-03-31,2023-07-19,100.0,100.0,0.0,0,,384476652.0,384476652.0,0.0,0.0,1153429956,384476652.0,33.3,CONT126,ASGC Construction LLC,665,785,84.7,True,90.4,0,67.1,False,False,MEP,2023-07-24,2026-05-09,2026-05-09
CONS001807,PROJ045,Prime Square,DEV0039,2023-07-29,MEP,2023-07-29,2023-11-16,2023-07-29,,0.0,3.6,3.6,0,,384476652.0,391397232.0,6920580.0,1.8,1153429956,391397232.0,33.9,CONT126,ASGC Construction LLC,183,260,70.4,False,82.5,0,64.5,False,False,Façade,2023-11-21,2026-05-09,2026-05-09
CONS001808,PROJ045,Prime Square,DEV0039,2023-08-01,MEP,2023-07-29,2023-11-16,2023-07-29,,2.7,0.0,-2.7,0,,389667087.0,384476652.0,-5190435.0,-1.3,1153429956,384476652.0,33.3,CONT126,ASGC Construction LLC,576,613,94.0,False,87.6,0,65.1,False,False,Façade,2023-11-21,2026-05-09,2026-05-09
CONS001809,PROJ045,Prime Square,DEV0039,2023-09-01,MEP,2023-07-29,2023-11-16,2023-07-29,,30.9,30.1,-0.8,0,,443878295.0,442340388.0,-1537907.0,-0.3,1153429956,442340388.0,38.3,CONT126,ASGC Construction LLC,617,581,106.2,False,95.4,0,65.5,False,False,Façade,2023-11-21,2026-05-09,2026-05-09
CONS001810,PROJ045,Prime Square,DEV0039,2023-10-01,MEP,2023-07-29,2023-11-16,2023-07-29,,58.2,48.9,-9.3,0,,496359358.0,478481193.0,-17878165.0,-3.6,1153429956,478481193.0,41.5,CONT126,ASGC Construction LLC,586,718,81.6,False,86.6,0,60.9,False,False,Façade,2023-11-21,2026-05-09,2026-05-09
CONS001811,PROJ045,Prime Square,DEV0039,2023-11-01,MEP,2023-07-29,2023-11-16,2023-07-29,,86.4,82.2,-4.2,0,,550570566.0,542496556.0,-8074010.0,-1.5,1153429956,542496556.0,47.0,CONT126,ASGC Construction LLC,499,573,87.1,False,92.4,0,63.1,False,False,Façade,2023-11-21,2026-05-09,2026-05-09
CONS001812,PROJ045,Prime Square,DEV0039,2023-12-01,MEP,2023-07-29,2023-11-16,2023-07-29,,100.0,94.9,-5.1,0,,576714978.0,566910823.0,-9804155.0,-1.7,1153429956,566910823.0,49.1,CONT126,ASGC Construction LLC,124,151,82.1,True,73.5,0,62.6,False,False,Façade,2023-11-21,2026-05-09,2026-05-09
CONS001813,PROJ045,Prime Square,DEV0039,2024-01-01,MEP,2023-07-29,2023-11-16,2023-07-29,,100.0,93.5,-6.5,0,,576714978.0,564219487.0,-12495491.0,-2.2,1153429956,564219487.0,48.9,CONT126,ASGC Construction LLC,438,470,93.2,True,76.7,0,58.7,False,False,Façade,2023-11-21,2026-05-09,2026-05-09
CONS001814,PROJ045,Prime Square,DEV0039,2023-11-26,Façade,2023-11-26,2024-03-15,2023-11-26,,0.0,4.8,4.8,0,,576714978.0,585942418.0,9227440.0,1.6,1153429956,585942418.0,50.8,CONT126,ASGC Construction LLC,367,441,83.2,False,96.4,1,59.5,False,True,Fit-Out,2024-03-20,2026-05-09,2026-05-09
CONS001815,PROJ045,Prime Square,DEV0039,2023-12-01,Façade,2023-11-26,2024-03-15,2023-11-26,,4.5,0.0,-4.5,0,,585365703.0,576714978.0,-8650725.0,-1.5,1153429956,576714978.0,50.0,CONT126,ASGC Construction LLC,615,677,90.8,False,81.0,0,63.7,False,False,Fit-Out,2024-03-20,2026-05-09,2026-05-09
CONS001816,PROJ045,Prime Square,DEV0039,2024-01-01,Façade,2023-11-26,2024-03-15,2023-11-26,,32.7,37.4,4.7,0,,639576911.0,648612112.0,9035201.0,1.4,1153429956,648612112.0,56.2,CONT126,ASGC Construction LLC,363,373,97.3,False,72.3,0,67.4,False,False,Fit-Out,2024-03-20,2026-05-09,2026-05-09
CONS001817,PROJ045,Prime Square,DEV0039,2024-02-01,Façade,2023-11-26,2024-03-15,2023-11-26,,60.9,62.3,1.4,0,,693788119.0,696479455.0,2691336.0,0.4,1153429956,696479455.0,60.4,CONT126,ASGC Construction LLC,293,409,71.6,False,72.5,0,61.9,False,False,Fit-Out,2024-03-20,2026-05-09,2026-05-09
CONS001818,PROJ045,Prime Square,DEV0039,2024-03-01,Façade,2023-11-26,2024-03-15,2023-11-26,,87.3,90.0,2.7,0,,744539037.0,749729471.0,5190434.0,0.7,1153429956,749729471.0,65.0,CONT126,ASGC Construction LLC,425,535,79.4,False,82.3,0,64.8,False,False,Fit-Out,2024-03-20,2026-05-09,2026-05-09
CONS001819,PROJ045,Prime Square,DEV0039,2024-04-01,Façade,2023-11-26,2024-03-15,2023-11-26,,100.0,98.4,-1.6,0,,768953304.0,765877491.0,-3075813.0,-0.4,1153429956,765877491.0,66.4,CONT126,ASGC Construction LLC,649,617,105.2,True,73.0,0,62.7,False,False,Fit-Out,2024-03-20,2026-05-09,2026-05-09
CONS001820,PROJ045,Prime Square,DEV0039,2024-05-01,Façade,2023-11-26,2024-03-15,2023-11-26,2024-03-15,100.0,100.0,0.0,0,,768953304.0,768953304.0,0.0,0.0,1153429956,768953304.0,66.7,CONT126,ASGC Construction LLC,324,324,100.0,True,82.6,0,62.7,False,False,Fit-Out,2024-03-20,2026-05-09,2026-05-09
CONS001821,PROJ045,Prime Square,DEV0039,2024-03-25,Fit-Out,2024-03-25,2024-07-13,2024-03-25,,0.0,0.0,0.0,1,COVID-19,768953304.0,768953304.0,0.0,0.0,1153429956,768953304.0,66.7,CONT126,ASGC Construction LLC,649,740,87.7,False,84.7,0,63.6,False,False,Handover,2024-07-18,2026-05-09,2026-05-09
CONS001822,PROJ045,Prime Square,DEV0039,2024-04-01,Fit-Out,2024-03-25,2024-07-13,2024-03-25,,6.4,11.1,4.7,1,Labour Shortage,781256557.0,790291758.0,9035201.0,1.2,1153429956,790291758.0,68.5,CONT126,ASGC Construction LLC,484,513,94.3,False,82.0,0,64.7,False,False,Handover,2024-07-18,2026-05-09,2026-05-09
CONS001823,PROJ045,Prime Square,DEV0039,2024-05-01,Fit-Out,2024-03-25,2024-07-13,2024-03-25,,33.6,31.9,-1.7,1,Design Change,833545382.0,830277330.0,-3268052.0,-0.4,1153429956,830277330.0,72.0,CONT126,ASGC Construction LLC,175,167,104.8,False,91.4,0,63.5,False,False,Handover,2024-07-18,2026-05-09,2026-05-09
CONS001824,PROJ045,Prime Square,DEV0039,2024-06-01,Fit-Out,2024-03-25,2024-07-13,2024-03-25,,61.8,51.6,-10.2,1,Material Delay,887756589.0,868148280.0,-19608309.0,-2.2,1153429956,868148280.0,75.3,CONT126,ASGC Construction LLC,732,672,108.9,False,70.7,0,62.7,True,False,Handover,2024-07-18,2026-05-09,2026-05-09
CONS001825,PROJ045,Prime Square,DEV0039,2024-07-01,Fit-Out,2024-03-25,2024-07-13,2024-03-25,,89.1,88.2,-0.9,1,Weather,940237652.0,938507508.0,-1730144.0,-0.2,1153429956,938507508.0,81.4,CONT126,ASGC Construction LLC,784,762,102.9,False,91.2,0,64.2,False,False,Handover,2024-07-18,2026-05-09,2026-05-09
CONS001826,PROJ045,Prime Square,DEV0039,2024-08-01,Fit-Out,2024-03-25,2024-07-13,2024-03-25,,100.0,86.8,-13.2,1,COVID-19,961191630.0,935816171.0,-25375459.0,-2.6,1153429956,935816171.0,81.1,CONT126,ASGC Construction LLC,178,228,78.1,False,79.8,0,59.6,True,False,Handover,2024-07-18,2026-05-09,2026-05-09
CONS001827,PROJ045,Prime Square,DEV0039,2024-09-01,Fit-Out,2024-03-25,2024-07-13,2024-03-25,2024-07-14,100.0,100.0,0.0,1,Weather,961191630.0,961191630.0,0.0,0.0,1153429956,961191630.0,83.3,CONT126,ASGC Construction LLC,157,193,81.3,True,87.8,0,66.6,False,False,Handover,2024-07-18,2026-05-09,2026-05-09
CONS001828,PROJ045,Prime Square,DEV0039,2024-07-23,Handover,2024-07-23,2024-11-10,2024-07-23,,0.0,4.8,4.8,0,,961191630.0,970419070.0,9227440.0,1.0,1153429956,970419070.0,84.1,CONT126,ASGC Construction LLC,523,554,94.4,False,87.8,0,66.6,False,False,Completed,2024-11-15,2026-05-09,2026-05-09
CONS001829,PROJ045,Prime Square,DEV0039,2024-08-01,Handover,2024-07-23,2024-11-10,2024-07-23,,8.2,9.5,1.3,0,,976955173.0,979454271.0,2499098.0,0.3,1153429956,979454271.0,84.9,CONT126,ASGC Construction LLC,321,295,108.8,False,84.4,0,63.1,False,False,Completed,2024-11-15,2026-05-09,2026-05-09
CONS001830,PROJ045,Prime Square,DEV0039,2024-09-01,Handover,2024-07-23,2024-11-10,2024-07-23,,36.4,24.7,-11.7,0,,1031166381.0,1008674497.0,-22491884.0,-2.2,1153429956,1008674497.0,87.5,CONT126,ASGC Construction LLC,567,641,88.5,False,81.3,0,57.0,True,False,Completed,2024-11-15,2026-05-09,2026-05-09
CONS001831,PROJ045,Prime Square,DEV0039,2024-10-01,Handover,2024-07-23,2024-11-10,2024-07-23,,63.6,57.0,-6.6,0,,1083455205.0,1070767476.0,-12687729.0,-1.2,1153429956,1070767476.0,92.8,CONT126,ASGC Construction LLC,551,548,100.5,False,94.1,0,58.9,False,False,Completed,2024-11-15,2026-05-09,2026-05-09
CONS001832,PROJ045,Prime Square,DEV0039,2024-11-01,Handover,2024-07-23,2024-11-10,2024-07-23,,91.8,86.6,-5.2,0,,1137666413.0,1127670020.0,-9996393.0,-0.9,1153429956,1127670020.0,97.8,CONT126,ASGC Construction LLC,491,670,73.3,False,87.7,0,63.2,False,False,Completed,2024-11-15,2026-05-09,2026-05-09
CONS001833,PROJ045,Prime Square,DEV0039,2024-12-01,Handover,2024-07-23,2024-11-10,2024-07-23,,100.0,86.6,-13.4,0,,1153429956.0,1127670020.0,-25759936.0,-2.2,1153429956,1127670020.0,97.8,CONT126,ASGC Construction LLC,571,791,72.2,False,81.3,0,57.6,True,False,Completed,2024-11-15,2026-05-09,2026-05-09
CONS001834,PROJ045,Prime Square,DEV0039,2025-01-01,Handover,2024-07-23,2024-11-10,2024-07-23,2024-11-10,100.0,100.0,0.0,0,,1153429956.0,1153429956.0,0.0,0.0,1153429956,1153429956.0,100.0,CONT126,ASGC Construction LLC,430,437,98.4,True,79.7,0,60.9,False,False,Completed,2024-11-15,2026-05-09,2026-05-09
CONS001835,PROJ046,Royal Place,DEV0002,2023-06-01,Foundation,2023-06-01,2023-09-19,2023-06-01,,0.0,0.0,0.0,25,Design Change,0.0,0.0,0.0,0.0,651550473,0.0,0.0,CONT068,Ssangyong Engineering LLC,516,533,96.8,False,97.0,0,65.0,False,False,Structure,2023-09-24,2027-04-26,2027-08-17
CONS001836,PROJ046,Royal Place,DEV0002,2023-07-01,Foundation,2023-06-01,2023-09-19,2023-06-01,,27.3,6.8,-20.5,25,Material Delay,29645547.0,7384239.0,-22261308.0,-75.1,651550473,7384239.0,1.1,CONT068,Ssangyong Engineering LLC,405,569,71.2,False,93.0,0,59.0,True,False,Structure,2023-09-24,2027-04-26,2027-08-17
CONS001837,PROJ046,Royal Place,DEV0002,2023-08-01,Foundation,2023-06-01,2023-09-19,2023-06-01,,55.5,44.5,-11.0,25,Material Delay,60268419.0,48323327.0,-11945092.0,-19.8,651550473,48323327.0,7.4,CONT068,Ssangyong Engineering LLC,412,432,95.4,False,91.2,0,64.9,True,False,Structure,2023-09-24,2027-04-26,2027-08-17
CONS001838,PROJ046,Royal Place,DEV0002,2023-09-01,Foundation,2023-06-01,2023-09-19,2023-06-01,,83.6,65.1,-18.5,25,Labour Shortage,90782699.0,70693226.0,-20089473.0,-22.1,651550473,70693226.0,10.8,CONT068,Ssangyong Engineering LLC,497,544,91.4,False,92.2,0,60.6,True,False,Structure,2023-09-24,2027-04-26,2027-08-17
CONS001839,PROJ046,Royal Place,DEV0002,2023-10-01,Foundation,2023-06-01,2023-09-19,2023-06-01,,100.0,97.7,-2.3,25,Material Delay,108591746.0,106094135.0,-2497611.0,-2.3,651550473,106094135.0,16.3,CONT068,Ssangyong Engineering LLC,655,793,82.6,True,83.7,0,63.1,False,False,Structure,2023-09-24,2027-04-26,2027-08-17
CONS001840,PROJ046,Royal Place,DEV0002,2023-11-01,Foundation,2023-06-01,2023-09-19,2023-06-01,,100.0,97.1,-2.9,25,Weather,108591746.0,105442585.0,-3149161.0,-2.9,651550473,105442585.0,16.2,CONT068,Ssangyong Engineering LLC,300,288,104.2,True,92.7,0,65.7,False,False,Structure,2023-09-24,2027-04-26,2027-08-17
CONS001841,PROJ046,Royal Place,DEV0002,2023-09-29,Structure,2023-09-29,2024-01-17,2023-10-19,,0.0,0.0,0.0,23,Regulatory,108591746.0,108591746.0,0.0,0.0,651550473,108591746.0,16.7,CONT068,Ssangyong Engineering LLC,454,502,90.4,False,93.0,0,66.9,False,False,MEP,2024-01-22,2027-04-26,2027-08-17
CONS001842,PROJ046,Royal Place,DEV0002,2023-10-01,Structure,2023-09-29,2024-01-17,2023-10-19,,1.8,0.0,-1.8,23,Material Delay,110546397.0,108591746.0,-1954651.0,-1.8,651550473,108591746.0,16.7,CONT068,Ssangyong Engineering LLC,709,655,108.2,False,70.5,0,65.0,False,False,MEP,2024-01-22,2027-04-26,2027-08-17
CONS001843,PROJ046,Royal Place,DEV0002,2023-11-01,Structure,2023-09-29,2024-01-17,2023-10-19,,30.0,25.4,-4.6,23,Weather,141169269.0,136174049.0,-4995220.0,-3.5,651550473,136174049.0,20.9,CONT068,Ssangyong Engineering LLC,184,258,71.3,False,94.7,0,67.4,False,False,MEP,2024-01-22,2027-04-26,2027-08-17
CONS001844,PROJ046,Royal Place,DEV0002,2023-12-01,Structure,2023-09-29,2024-01-17,2023-10-19,,57.3,37.1,-20.2,23,COVID-19,170814816.0,148879283.0,-21935533.0,-12.8,651550473,148879283.0,22.8,CONT068,Ssangyong Engineering LLC,314,345,91.0,False,83.1,0,59.6,True,False,MEP,2024-01-22,2027-04-26,2027-08-17
CONS001845,PROJ046,Royal Place,DEV0002,2024-01-01,Structure,2023-09-29,2024-01-17,2023-10-19,,85.5,83.8,-1.7,23,COVID-19,201437688.0,199591628.0,-1846060.0,-0.9,651550473,199591628.0,30.6,CONT068,Ssangyong Engineering LLC,325,438,74.2,False,78.0,0,68.2,False,False,MEP,2024-01-22,2027-04-26,2027-08-17
CONS001846,PROJ046,Royal Place,DEV0002,2024-02-01,Structure,2023-09-29,2024-01-17,2023-10-19,,100.0,85.2,-14.8,23,Design Change,217183491.0,201111913.0,-16071578.0,-7.4,651550473,201111913.0,30.9,CONT068,Ssangyong Engineering LLC,406,428,94.9,False,83.2,0,63.3,True,False,MEP,2024-01-22,2027-04-26,2027-08-17
CONS001847,PROJ046,Royal Place,DEV0002,2024-03-01,Structure,2023-09-29,2024-01-17,2023-10-19,,100.0,84.4,-15.6,23,Regulatory,217183491.0,200243179.0,-16940312.0,-7.8,651550473,200243179.0,30.7,CONT068,Ssangyong Engineering LLC,463,455,101.8,False,85.9,0,63.7,True,False,MEP,2024-01-22,2027-04-26,2027-08-17
CONS001848,PROJ046,Royal Place,DEV0002,2024-01-27,MEP,2024-01-27,2024-05-16,2024-01-27,,0.0,0.0,0.0,0,,217183491.0,217183491.0,0.0,0.0,651550473,217183491.0,33.3,CONT068,Ssangyong Engineering LLC,616,689,89.4,False,88.8,0,64.3,False,False,Façade,2024-05-21,2027-04-26,2027-08-17
CONS001849,PROJ046,Royal Place,DEV0002,2024-02-01,MEP,2024-01-27,2024-05-16,2024-01-27,,4.5,0.0,-4.5,0,,222070120.0,217183491.0,-4886629.0,-2.2,651550473,217183491.0,33.3,CONT068,Ssangyong Engineering LLC,176,186,94.6,False,71.5,0,65.3,False,False,Façade,2024-05-21,2027-04-26,2027-08-17
CONS001850,PROJ046,Royal Place,DEV0002,2024-03-01,MEP,2024-01-27,2024-05-16,2024-01-27,,30.9,40.5,9.6,0,,250738340.0,261163148.0,10424808.0,4.2,651550473,261163148.0,40.1,CONT068,Ssangyong Engineering LLC,419,396,105.8,False,84.3,0,69.3,False,False,Façade,2024-05-21,2027-04-26,2027-08-17
CONS001851,PROJ046,Royal Place,DEV0002,2024-04-01,MEP,2024-01-27,2024-05-16,2024-01-27,,59.1,49.0,-10.1,0,,281361213.0,270393446.0,-10967767.0,-3.9,651550473,270393446.0,41.5,CONT068,Ssangyong Engineering LLC,521,593,87.9,False,79.1,0,60.6,True,False,Façade,2024-05-21,2027-04-26,2027-08-17
CONS001852,PROJ046,Royal Place,DEV0002,2024-05-01,MEP,2024-01-27,2024-05-16,2024-01-27,,86.4,79.5,-6.9,0,,311006759.0,303513929.0,-7492830.0,-2.4,651550473,303513929.0,46.6,CONT068,Ssangyong Engineering LLC,536,502,106.8,False,75.2,0,66.6,False,False,Façade,2024-05-21,2027-04-26,2027-08-17
CONS001853,PROJ046,Royal Place,DEV0002,2024-06-01,MEP,2024-01-27,2024-05-16,2024-01-27,,100.0,88.9,-11.1,0,,325775236.0,313721553.0,-12053683.0,-3.7,651550473,313721553.0,48.2,CONT068,Ssangyong Engineering LLC,706,680,103.8,False,89.1,0,61.5,True,False,Façade,2024-05-21,2027-04-26,2027-08-17
CONS001854,PROJ046,Royal Place,DEV0002,2024-07-01,MEP,2024-01-27,2024-05-16,2024-01-27,2024-05-16,100.0,100.0,0.0,0,,325775236.0,325775236.0,0.0,0.0,651550473,325775236.0,50.0,CONT068,Ssangyong Engineering LLC,189,216,87.5,True,80.6,2,55.3,False,True,Façade,2024-05-21,2027-04-26,2027-08-17
CONS001855,PROJ046,Royal Place,DEV0002,2024-05-26,Façade,2024-05-26,2024-09-13,2024-06-03,,0.0,0.0,0.0,29,Weather,325775236.0,325775236.0,0.0,0.0,651550473,325775236.0,50.0,CONT068,Ssangyong Engineering LLC,814,768,106.0,False,94.0,0,64.5,False,False,Fit-Out,2024-09-18,2027-04-26,2027-08-17
CONS001856,PROJ046,Royal Place,DEV0002,2024-06-01,Façade,2024-05-26,2024-09-13,2024-06-03,,5.5,0.0,-5.5,29,Design Change,331747783.0,325775236.0,-5972547.0,-1.8,651550473,325775236.0,50.0,CONT068,Ssangyong Engineering LLC,482,573,84.1,False,97.3,0,66.3,False,False,Fit-Out,2024-09-18,2027-04-26,2027-08-17
CONS001857,PROJ046,Royal Place,DEV0002,2024-07-01,Façade,2024-05-26,2024-09-13,2024-06-03,,32.7,21.8,-10.9,29,Regulatory,361284737.0,349448237.0,-11836500.0,-3.3,651550473,349448237.0,53.6,CONT068,Ssangyong Engineering LLC,220,287,76.7,False,97.0,0,60.2,True,False,Fit-Out,2024-09-18,2027-04-26,2027-08-17
CONS001858,PROJ046,Royal Place,DEV0002,2024-08-01,Façade,2024-05-26,2024-09-13,2024-06-03,,60.9,37.6,-23.3,29,Labour Shortage,391907610.0,366605733.0,-25301877.0,-6.5,651550473,366605733.0,56.3,CONT068,Ssangyong Engineering LLC,244,306,79.7,False,84.7,0,60.7,True,False,Fit-Out,2024-09-18,2027-04-26,2027-08-17
CONS001859,PROJ046,Royal Place,DEV0002,2024-09-01,Façade,2024-05-26,2024-09-13,2024-06-03,,89.1,81.8,-7.3,29,Weather,422530482.0,414603284.0,-7927198.0,-1.9,651550473,414603284.0,63.6,CONT068,Ssangyong Engineering LLC,615,674,91.2,False,82.2,0,66.4,False,False,Fit-Out,2024-09-18,2027-04-26,2027-08-17
CONS001860,PROJ046,Royal Place,DEV0002,2024-10-01,Façade,2024-05-26,2024-09-13,2024-06-03,,100.0,98.1,-1.9,29,Financing,434366982.0,432303739.0,-2063243.0,-0.5,651550473,432303739.0,66.4,CONT068,Ssangyong Engineering LLC,336,316,106.3,True,95.1,0,67.0,False,False,Fit-Out,2024-09-18,2027-04-26,2027-08-17
CONS001861,PROJ046,Royal Place,DEV0002,2024-11-01,Façade,2024-05-26,2024-09-13,2024-06-03,,100.0,77.2,-22.8,29,Regulatory,434366982.0,409608064.0,-24758918.0,-5.7,651550473,409608064.0,62.9,CONT068,Ssangyong Engineering LLC,260,360,72.2,False,83.2,0,61.1,True,False,Fit-Out,2024-09-18,2027-04-26,2027-08-17
CONS001862,PROJ046,Royal Place,DEV0002,2024-09-23,Fit-Out,2024-09-23,2025-01-11,2024-09-23,,0.0,0.0,0.0,0,,434366982.0,434366982.0,0.0,0.0,651550473,434366982.0,66.7,CONT068,Ssangyong Engineering LLC,553,788,70.2,False,95.4,0,68.0,False,False,Handover,2025-01-16,2027-04-26,2027-08-17
CONS001863,PROJ046,Royal Place,DEV0002,2024-10-01,Fit-Out,2024-09-23,2025-01-11,2024-09-23,,7.3,0.0,-7.3,0,,442294179.0,434366982.0,-7927197.0,-1.8,651550473,434366982.0,66.7,CONT068,Ssangyong Engineering LLC,472,499,94.6,False,79.6,0,62.4,False,False,Handover,2025-01-16,2027-04-26,2027-08-17
CONS001864,PROJ046,Royal Place,DEV0002,2024-11-01,Fit-Out,2024-09-23,2025-01-11,2024-09-23,,35.5,29.7,-5.8,0,,472917052.0,466618730.0,-6298322.0,-1.3,651550473,466618730.0,71.6,CONT068,Ssangyong Engineering LLC,310,434,71.4,False,87.1,0,67.6,False,False,Handover,2025-01-16,2027-04-26,2027-08-17
CONS001865,PROJ046,Royal Place,DEV0002,2024-12-01,Fit-Out,2024-09-23,2025-01-11,2024-09-23,,62.7,67.5,4.8,0,,502454006.0,507666410.0,5212404.0,1.0,651550473,507666410.0,77.9,CONT068,Ssangyong Engineering LLC,437,526,83.1,False,72.3,0,67.0,False,False,Handover,2025-01-16,2027-04-26,2027-08-17
CONS001866,PROJ046,Royal Place,DEV0002,2025-01-01,Fit-Out,2024-09-23,2025-01-11,2024-09-23,,90.9,82.4,-8.5,0,,533076879.0,523846580.0,-9230299.0,-1.7,651550473,523846580.0,80.4,CONT068,Ssangyong Engineering LLC,200,207,96.6,False,74.4,1,58.8,False,True,Handover,2025-01-16,2027-04-26,2027-08-17
CONS001867,PROJ046,Royal Place,DEV0002,2025-02-01,Fit-Out,2024-09-23,2025-01-11,2024-09-23,,100.0,94.6,-5.4,0,,542958728.0,537094773.0,-5863955.0,-1.1,651550473,537094773.0,82.4,CONT068,Ssangyong Engineering LLC,312,371,84.1,True,89.0,0,64.2,False,False,Handover,2025-01-16,2027-04-26,2027-08-17
CONS001868,PROJ046,Royal Place,DEV0002,2025-03-01,Fit-Out,2024-09-23,2025-01-11,2024-09-23,,100.0,93.5,-6.5,0,,542958728.0,535900264.0,-7058464.0,-1.3,651550473,535900264.0,82.2,CONT068,Ssangyong Engineering LLC,576,590,97.6,True,78.6,0,65.5,False,False,Handover,2025-01-16,2027-04-26,2027-08-17
CONS001869,PROJ046,Royal Place,DEV0002,2025-01-21,Handover,2025-01-21,2025-05-11,2025-02-16,,0.0,0.0,0.0,29,COVID-19,542958728.0,542958728.0,0.0,0.0,651550473,542958728.0,83.3,CONT068,Ssangyong Engineering LLC,180,193,93.3,False,83.3,0,65.4,False,False,Completed,2025-05-16,2027-04-26,2027-08-17
CONS001870,PROJ046,Royal Place,DEV0002,2025-02-01,Handover,2025-01-21,2025-05-11,2025-02-16,,10.0,9.1,-0.9,29,Design Change,553817902.0,552840576.0,-977326.0,-0.2,651550473,552840576.0,84.8,CONT068,Ssangyong Engineering LLC,527,680,77.5,False,73.1,1,61.4,False,True,Completed,2025-05-16,2027-04-26,2027-08-17
CONS001871,PROJ046,Royal Place,DEV0002,2025-03-01,Handover,2025-01-21,2025-05-11,2025-02-16,,35.5,12.2,-23.3,29,COVID-19,581508797.0,556206920.0,-25301877.0,-4.4,651550473,556206920.0,85.4,CONT068,Ssangyong Engineering LLC,821,752,109.2,False,80.4,0,57.0,True,False,Completed,2025-05-16,2027-04-26,2027-08-17
CONS001872,PROJ046,Royal Place,DEV0002,2025-04-01,Handover,2025-01-21,2025-05-11,2025-02-16,,63.6,45.6,-18.0,29,Weather,612023078.0,592476563.0,-19546515.0,-3.2,651550473,592476563.0,90.9,CONT068,Ssangyong Engineering LLC,560,554,101.1,False,75.1,0,63.4,True,False,Completed,2025-05-16,2027-04-26,2027-08-17
CONS001873,PROJ046,Royal Place,DEV0002,2025-05-01,Handover,2025-01-21,2025-05-11,2025-02-16,,90.9,83.7,-7.2,29,Labour Shortage,641668624.0,633850018.0,-7818606.0,-1.2,651550473,633850018.0,97.3,CONT068,Ssangyong Engineering LLC,171,244,70.1,False,79.9,0,65.7,False,False,Completed,2025-05-16,2027-04-26,2027-08-17
CONS001874,PROJ046,Royal Place,DEV0002,2025-06-01,Handover,2025-01-21,2025-05-11,2025-02-16,,100.0,95.5,-4.5,29,Labour Shortage,651550473.0,646663844.0,-4886629.0,-0.8,651550473,646663844.0,99.2,CONT068,Ssangyong Engineering LLC,590,763,77.3,True,80.1,0,64.6,False,False,Completed,2025-05-16,2027-04-26,2027-08-17
CONS001875,PROJ046,Royal Place,DEV0002,2025-07-01,Handover,2025-01-21,2025-05-11,2025-02-16,,100.0,81.5,-18.5,29,Material Delay,651550473.0,631461000.0,-20089473.0,-3.1,651550473,631461000.0,96.9,CONT068,Ssangyong Engineering LLC,271,350,77.4,False,78.5,0,60.0,True,False,Completed,2025-05-16,2027-04-26,2027-08-17
CONS001876,PROJ047,Prime Place,DEV0044,2020-01-01,Foundation,2020-01-01,2020-04-20,2020-01-07,,0.0,0.0,0.0,11,Regulatory,0.0,0.0,0.0,0.0,1835043680,0.0,0.0,CONT099,Hyundai Engineering UAE LLC,671,644,104.2,False,90.1,0,88.1,False,False,Structure,2020-04-25,2023-10-26,2024-01-04
CONS001877,PROJ047,Prime Place,DEV0044,2020-02-01,Foundation,2020-01-01,2020-04-20,2020-01-07,,28.2,10.8,-17.4,11,Weather,86247053.0,33030786.0,-53216267.0,-61.7,1835043680,33030786.0,1.8,CONT099,Hyundai Engineering UAE LLC,184,219,84.0,False,95.2,0,80.2,True,False,Structure,2020-04-25,2023-10-26,2024-01-04
CONS001878,PROJ047,Prime Place,DEV0044,2020-03-01,Foundation,2020-01-01,2020-04-20,2020-01-07,,54.5,55.3,0.8,11,Design Change,166683134.0,169129859.0,2446725.0,1.5,1835043680,169129859.0,9.2,CONT099,Hyundai Engineering UAE LLC,592,651,90.9,False,78.0,0,87.3,False,False,Structure,2020-04-25,2023-10-26,2024-01-04
CONS001879,PROJ047,Prime Place,DEV0044,2020-04-01,Foundation,2020-01-01,2020-04-20,2020-01-07,,82.7,83.9,1.2,11,COVID-19,252930187.0,256600275.0,3670088.0,1.5,1835043680,256600275.0,14.0,CONT099,Hyundai Engineering UAE LLC,207,253,81.8,False,71.6,0,89.5,False,False,Structure,2020-04-25,2023-10-26,2024-01-04
CONS001880,PROJ047,Prime Place,DEV0044,2020-05-01,Foundation,2020-01-01,2020-04-20,2020-01-07,,100.0,84.4,-15.6,11,COVID-19,305840613.0,258129478.0,-47711135.0,-15.6,1835043680,258129478.0,14.1,CONT099,Hyundai Engineering UAE LLC,461,604,76.3,False,95.3,0,80.5,True,False,Structure,2020-04-25,2023-10-26,2024-01-04
CONS001881,PROJ047,Prime Place,DEV0044,2020-06-01,Foundation,2020-01-01,2020-04-20,2020-01-07,,100.0,94.7,-5.3,11,Material Delay,305840613.0,289631061.0,-16209552.0,-5.3,1835043680,289631061.0,15.8,CONT099,Hyundai Engineering UAE LLC,379,472,80.3,True,71.5,0,85.9,False,False,Structure,2020-04-25,2023-10-26,2024-01-04
CONS001882,PROJ047,Prime Place,DEV0044,2020-04-30,Structure,2020-04-30,2020-08-18,2020-05-17,,0.0,0.0,0.0,24,Regulatory,305840613.0,305840613.0,0.0,0.0,1835043680,305840613.0,16.7,CONT099,Hyundai Engineering UAE LLC,142,167,85.0,False,80.2,0,87.4,False,False,MEP,2020-08-23,2023-10-26,2024-01-04
CONS001883,PROJ047,Prime Place,DEV0044,2020-05-01,Structure,2020-04-30,2020-08-18,2020-05-17,,0.9,0.0,-0.9,24,Design Change,308593179.0,305840613.0,-2752566.0,-0.9,1835043680,305840613.0,16.7,CONT099,Hyundai Engineering UAE LLC,510,562,90.7,False,85.1,1,81.3,False,True,MEP,2020-08-23,2023-10-26,2024-01-04
CONS001884,PROJ047,Prime Place,DEV0044,2020-06-01,Structure,2020-04-30,2020-08-18,2020-05-17,,29.1,11.2,-17.9,24,Design Change,394840232.0,340094762.0,-54745470.0,-13.9,1835043680,340094762.0,18.5,CONT099,Hyundai Engineering UAE LLC,449,438,102.5,False,92.7,0,80.4,True,False,MEP,2020-08-23,2023-10-26,2024-01-04
CONS001885,PROJ047,Prime Place,DEV0044,2020-07-01,Structure,2020-04-30,2020-08-18,2020-05-17,,56.4,36.1,-20.3,24,Weather,478334719.0,416249075.0,-62085644.0,-13.0,1835043680,416249075.0,22.7,CONT099,Hyundai Engineering UAE LLC,257,290,88.6,False,89.0,0,83.1,True,False,MEP,2020-08-23,2023-10-26,2024-01-04
CONS001886,PROJ047,Prime Place,DEV0044,2020-08-01,Structure,2020-04-30,2020-08-18,2020-05-17,,84.5,79.0,-5.5,24,Financing,564275932.0,547454698.0,-16821234.0,-3.0,1835043680,547454698.0,29.8,CONT099,Hyundai Engineering UAE LLC,335,312,107.4,False,77.7,0,84.0,False,False,MEP,2020-08-23,2023-10-26,2024-01-04
CONS001887,PROJ047,Prime Place,DEV0044,2020-09-01,Structure,2020-04-30,2020-08-18,2020-05-17,,100.0,79.3,-20.7,24,Weather,611681227.0,548372220.0,-63309007.0,-10.4,1835043680,548372220.0,29.9,CONT099,Hyundai Engineering UAE LLC,211,194,108.8,False,97.1,0,77.0,True,False,MEP,2020-08-23,2023-10-26,2024-01-04
CONS001888,PROJ047,Prime Place,DEV0044,2020-10-01,Structure,2020-04-30,2020-08-18,2020-05-17,,100.0,99.8,-0.2,24,Weather,611681227.0,611069545.0,-611682.0,-0.1,1835043680,611069545.0,33.3,CONT099,Hyundai Engineering UAE LLC,138,164,84.1,True,91.0,0,88.0,False,False,MEP,2020-08-23,2023-10-26,2024-01-04
CONS001889,PROJ047,Prime Place,DEV0044,2020-08-28,MEP,2020-08-28,2020-12-16,2020-08-30,,0.0,0.0,0.0,3,Financing,611681227.0,611681227.0,0.0,0.0,1835043680,611681227.0,33.3,CONT099,Hyundai Engineering UAE LLC,276,282,97.9,False,77.5,0,84.4,False,False,Façade,2020-12-21,2023-10-26,2024-01-04
CONS001890,PROJ047,Prime Place,DEV0044,2020-09-01,MEP,2020-08-28,2020-12-16,2020-08-30,,3.6,7.3,3.7,3,Design Change,622691489.0,634007591.0,11316102.0,1.8,1835043680,634007591.0,34.5,CONT099,Hyundai Engineering UAE LLC,152,166,91.6,False,97.8,0,89.3,False,False,Façade,2020-12-21,2023-10-26,2024-01-04
CONS001891,PROJ047,Prime Place,DEV0044,2020-10-01,MEP,2020-08-28,2020-12-16,2020-08-30,,30.9,32.9,2.0,3,Labour Shortage,706185976.0,712302788.0,6116812.0,0.9,1835043680,712302788.0,38.8,CONT099,Hyundai Engineering UAE LLC,493,666,74.0,False,83.0,0,90.1,False,False,Façade,2020-12-21,2023-10-26,2024-01-04
CONS001892,PROJ047,Prime Place,DEV0044,2020-11-01,MEP,2020-08-28,2020-12-16,2020-08-30,,59.1,53.6,-5.5,3,Design Change,792433029.0,775611795.0,-16821234.0,-2.1,1835043680,775611795.0,42.3,CONT099,Hyundai Engineering UAE LLC,222,307,72.3,False,84.8,0,86.4,False,False,Façade,2020-12-21,2023-10-26,2024-01-04
CONS001893,PROJ047,Prime Place,DEV0044,2020-12-01,MEP,2020-08-28,2020-12-16,2020-08-30,,86.4,80.9,-5.5,3,Financing,875927517.0,859106283.0,-16821234.0,-1.9,1835043680,859106283.0,46.8,CONT099,Hyundai Engineering UAE LLC,433,499,86.8,False,75.6,0,87.3,False,False,Façade,2020-12-21,2023-10-26,2024-01-04
CONS001894,PROJ047,Prime Place,DEV0044,2021-01-01,MEP,2020-08-28,2020-12-16,2020-08-30,,100.0,95.0,-5.0,3,COVID-19,917521840.0,902229809.0,-15292031.0,-1.7,1835043680,902229809.0,49.2,CONT099,Hyundai Engineering UAE LLC,776,788,98.5,True,84.4,0,89.3,False,False,Façade,2020-12-21,2023-10-26,2024-01-04
CONS001895,PROJ047,Prime Place,DEV0044,2021-02-01,MEP,2020-08-28,2020-12-16,2020-08-30,,100.0,98.0,-2.0,3,COVID-19,917521840.0,911405028.0,-6116812.0,-0.7,1835043680,911405028.0,49.7,CONT099,Hyundai Engineering UAE LLC,160,199,80.4,True,77.9,1,83.1,False,True,Façade,2020-12-21,2023-10-26,2024-01-04
CONS001896,PROJ047,Prime Place,DEV0044,2020-12-26,Façade,2020-12-26,2021-04-15,2020-12-29,,0.0,0.0,0.0,19,Design Change,917521840.0,917521840.0,0.0,0.0,1835043680,917521840.0,50.0,CONT099,Hyundai Engineering UAE LLC,297,315,94.3,False,87.1,0,87.5,False,False,Fit-Out,2021-04-20,2023-10-26,2024-01-04
CONS001897,PROJ047,Prime Place,DEV0044,2021-01-01,Façade,2020-12-26,2021-04-15,2020-12-29,,5.5,7.0,1.5,19,Regulatory,934343074.0,938930683.0,4587609.0,0.5,1835043680,938930683.0,51.2,CONT099,Hyundai Engineering UAE LLC,376,473,79.5,False,82.8,0,90.5,False,False,Fit-Out,2021-04-20,2023-10-26,2024-01-04
CONS001898,PROJ047,Prime Place,DEV0044,2021-02-01,Façade,2020-12-26,2021-04-15,2020-12-29,,33.6,21.6,-12.0,19,Regulatory,1020284286.0,983583412.0,-36700874.0,-3.6,1835043680,983583412.0,53.6,CONT099,Hyundai Engineering UAE LLC,458,494,92.7,False,95.0,0,86.7,True,False,Fit-Out,2021-04-20,2023-10-26,2024-01-04
CONS001899,PROJ047,Prime Place,DEV0044,2021-03-01,Façade,2020-12-26,2021-04-15,2020-12-29,,59.1,43.4,-15.7,19,COVID-19,1098273642.0,1050256666.0,-48016976.0,-4.4,1835043680,1050256666.0,57.2,CONT099,Hyundai Engineering UAE LLC,602,573,105.1,False,79.3,0,85.6,True,False,Fit-Out,2021-04-20,2023-10-26,2024-01-04
CONS001900,PROJ047,Prime Place,DEV0044,2021-04-01,Façade,2020-12-26,2021-04-15,2020-12-29,,87.3,69.8,-17.5,19,Financing,1184520695.0,1130998588.0,-53522107.0,-4.5,1835043680,1130998588.0,61.6,CONT099,Hyundai Engineering UAE LLC,359,351,102.3,False,86.0,0,80.6,True,False,Fit-Out,2021-04-20,2023-10-26,2024-01-04
CONS001901,PROJ047,Prime Place,DEV0044,2021-05-01,Façade,2020-12-26,2021-04-15,2020-12-29,,100.0,97.3,-2.7,19,Regulatory,1223362453.0,1215104757.0,-8257696.0,-0.7,1835043680,1215104757.0,66.2,CONT099,Hyundai Engineering UAE LLC,652,712,91.6,True,77.6,0,83.3,False,False,Fit-Out,2021-04-20,2023-10-26,2024-01-04
CONS001902,PROJ047,Prime Place,DEV0044,2021-06-01,Façade,2020-12-26,2021-04-15,2020-12-29,2021-05-04,100.0,100.0,0.0,19,Material Delay,1223362453.0,1223362453.0,0.0,0.0,1835043680,1223362453.0,66.7,CONT099,Hyundai Engineering UAE LLC,233,310,75.2,True,76.9,0,85.7,False,False,Fit-Out,2021-04-20,2023-10-26,2024-01-04
CONS001903,PROJ047,Prime Place,DEV0044,2021-04-25,Fit-Out,2021-04-25,2021-08-13,2021-05-07,,0.0,0.0,0.0,12,Financing,1223362453.0,1223362453.0,0.0,0.0,1835043680,1223362453.0,66.7,CONT099,Hyundai Engineering UAE LLC,144,161,89.4,False,79.9,0,88.2,False,False,Handover,2021-08-18,2023-10-26,2024-01-04
CONS001904,PROJ047,Prime Place,DEV0044,2021-05-01,Fit-Out,2021-04-25,2021-08-13,2021-05-07,,5.5,0.0,-5.5,12,Design Change,1240183687.0,1223362453.0,-16821234.0,-1.4,1835043680,1223362453.0,66.7,CONT099,Hyundai Engineering UAE LLC,169,190,88.9,False,93.3,0,85.5,False,False,Handover,2021-08-18,2023-10-26,2024-01-04
CONS001905,PROJ047,Prime Place,DEV0044,2021-06-01,Fit-Out,2021-04-25,2021-08-13,2021-05-07,,33.6,17.3,-16.3,12,Material Delay,1326124899.0,1276272879.0,-49852020.0,-3.8,1835043680,1276272879.0,69.5,CONT099,Hyundai Engineering UAE LLC,536,618,86.7,False,82.4,0,81.5,True,False,Handover,2021-08-18,2023-10-26,2024-01-04
CONS001906,PROJ047,Prime Place,DEV0044,2021-07-01,Fit-Out,2021-04-25,2021-08-13,2021-05-07,,60.9,49.9,-11.0,12,Weather,1409619387.0,1375976919.0,-33642468.0,-2.4,1835043680,1375976919.0,75.0,CONT099,Hyundai Engineering UAE LLC,523,542,96.5,False,70.2,0,84.6,True,False,Handover,2021-08-18,2023-10-26,2024-01-04
CONS001907,PROJ047,Prime Place,DEV0044,2021-08-01,Fit-Out,2021-04-25,2021-08-13,2021-05-07,,89.1,78.4,-10.7,12,Financing,1495866440.0,1463141494.0,-32724946.0,-2.2,1835043680,1463141494.0,79.7,CONT099,Hyundai Engineering UAE LLC,546,747,73.1,False,75.7,0,80.6,True,False,Handover,2021-08-18,2023-10-26,2024-01-04
CONS001908,PROJ047,Prime Place,DEV0044,2021-09-01,Fit-Out,2021-04-25,2021-08-13,2021-05-07,,100.0,82.3,-17.7,12,Weather,1529203067.0,1475069278.0,-54133789.0,-3.5,1835043680,1475069278.0,80.4,CONT099,Hyundai Engineering UAE LLC,496,542,91.5,False,96.8,0,81.8,True,False,Handover,2021-08-18,2023-10-26,2024-01-04
CONS001909,PROJ047,Prime Place,DEV0044,2021-10-01,Fit-Out,2021-04-25,2021-08-13,2021-05-07,,100.0,81.5,-18.5,12,COVID-19,1529203067.0,1472622553.0,-56580514.0,-3.7,1835043680,1472622553.0,80.2,CONT099,Hyundai Engineering UAE LLC,555,539,103.0,False,91.4,0,83.5,True,False,Handover,2021-08-18,2023-10-26,2024-01-04
CONS001910,PROJ047,Prime Place,DEV0044,2021-08-23,Handover,2021-08-23,2021-12-11,2021-09-11,,0.0,0.0,0.0,20,Weather,1529203067.0,1529203067.0,0.0,0.0,1835043680,1529203067.0,83.3,CONT099,Hyundai Engineering UAE LLC,630,586,107.5,False,92.7,0,87.9,False,False,Completed,2021-12-16,2023-10-26,2024-01-04
CONS001911,PROJ047,Prime Place,DEV0044,2021-09-01,Handover,2021-08-23,2021-12-11,2021-09-11,,8.2,0.0,-8.2,20,Material Delay,1554281997.0,1529203067.0,-25078930.0,-1.6,1835043680,1529203067.0,83.3,CONT099,Hyundai Engineering UAE LLC,323,378,85.4,False,80.3,0,85.7,False,False,Completed,2021-12-16,2023-10-26,2024-01-04
CONS001912,PROJ047,Prime Place,DEV0044,2021-10-01,Handover,2021-08-23,2021-12-11,2021-09-11,,35.5,33.2,-2.3,20,Regulatory,1637776484.0,1630742150.0,-7034334.0,-0.4,1835043680,1630742150.0,88.9,CONT099,Hyundai Engineering UAE LLC,308,285,108.1,False,93.1,0,89.3,False,False,Completed,2021-12-16,2023-10-26,2024-01-04
CONS001913,PROJ047,Prime Place,DEV0044,2021-11-01,Handover,2021-08-23,2021-12-11,2021-09-11,,63.6,58.1,-5.5,20,Material Delay,1723717697.0,1706896463.0,-16821234.0,-1.0,1835043680,1706896463.0,93.0,CONT099,Hyundai Engineering UAE LLC,697,671,103.9,False,93.4,0,85.0,False,False,Completed,2021-12-16,2023-10-26,2024-01-04
CONS001914,PROJ047,Prime Place,DEV0044,2021-12-01,Handover,2021-08-23,2021-12-11,2021-09-11,,90.9,82.6,-8.3,20,Labour Shortage,1807212184.0,1781827413.0,-25384771.0,-1.4,1835043680,1781827413.0,97.1,CONT099,Hyundai Engineering UAE LLC,734,737,99.6,False,70.4,0,83.0,False,False,Completed,2021-12-16,2023-10-26,2024-01-04
CONS001915,PROJ047,Prime Place,DEV0044,2022-01-01,Handover,2021-08-23,2021-12-11,2021-09-11,,100.0,97.6,-2.4,20,COVID-19,1835043680.0,1827703505.0,-7340175.0,-0.4,1835043680,1827703505.0,99.6,CONT099,Hyundai Engineering UAE LLC,276,385,71.7,True,72.6,0,88.5,False,False,Completed,2021-12-16,2023-10-26,2024-01-04
CONS001916,PROJ047,Prime Place,DEV0044,2022-02-01,Handover,2021-08-23,2021-12-11,2021-09-11,,100.0,82.9,-17.1,20,Regulatory,1835043680.0,1782744935.0,-52298745.0,-2.9,1835043680,1782744935.0,97.1,CONT099,Hyundai Engineering UAE LLC,174,197,88.3,False,78.8,0,84.0,True,False,Completed,2021-12-16,2023-10-26,2024-01-04
CONS001917,PROJ048,Luxe Heights,DEV0032,2022-12-01,Foundation,2022-12-01,2023-03-21,2022-12-20,,0.0,0.0,0.0,23,Design Change,0.0,0.0,0.0,0.0,1639426511,0.0,0.0,CONT041,Multiplex Constructions ME LLC,166,163,101.8,False,72.5,0,66.6,False,False,Structure,2023-03-26,2025-03-22,2025-06-26
CONS001918,PROJ048,Luxe Heights,DEV0032,2023-01-01,Foundation,2022-12-01,2023-03-21,2022-12-20,,28.2,15.2,-13.0,23,Design Change,77053046.0,41532138.0,-35520908.0,-46.1,1639426511,41532138.0,2.5,CONT041,Multiplex Constructions ME LLC,547,739,74.0,False,81.1,0,61.3,True,False,Structure,2023-03-26,2025-03-22,2025-06-26
CONS001919,PROJ048,Luxe Heights,DEV0032,2023-02-01,Foundation,2022-12-01,2023-03-21,2022-12-20,,56.4,47.7,-8.7,23,Weather,154106092.0,130334408.0,-23771684.0,-15.4,1639426511,130334408.0,8.0,CONT041,Multiplex Constructions ME LLC,558,728,76.6,False,82.9,0,62.9,False,False,Structure,2023-03-26,2025-03-22,2025-06-26
CONS001920,PROJ048,Luxe Heights,DEV0032,2023-03-01,Foundation,2022-12-01,2023-03-21,2022-12-20,,81.8,77.6,-4.2,23,COVID-19,223508481.0,212032495.0,-11475986.0,-5.1,1639426511,212032495.0,12.9,CONT041,Multiplex Constructions ME LLC,441,515,85.6,False,70.4,0,61.7,False,False,Structure,2023-03-26,2025-03-22,2025-06-26
CONS001921,PROJ048,Luxe Heights,DEV0032,2023-04-01,Foundation,2022-12-01,2023-03-21,2022-12-20,,100.0,93.7,-6.3,23,Weather,273237752.0,256023773.0,-17213979.0,-6.3,1639426511,256023773.0,15.6,CONT041,Multiplex Constructions ME LLC,368,471,78.1,True,93.7,0,65.8,False,False,Structure,2023-03-26,2025-03-22,2025-06-26
CONS001922,PROJ048,Luxe Heights,DEV0032,2023-05-01,Foundation,2022-12-01,2023-03-21,2022-12-20,,100.0,92.4,-7.6,23,Design Change,273237752.0,252471683.0,-20766069.0,-7.6,1639426511,252471683.0,15.4,CONT041,Multiplex Constructions ME LLC,143,182,78.6,True,93.2,0,65.4,False,False,Structure,2023-03-26,2025-03-22,2025-06-26
CONS001923,PROJ048,Luxe Heights,DEV0032,2023-03-31,Structure,2023-03-31,2023-07-19,2023-04-01,,0.0,3.6,3.6,5,Weather,273237752.0,283074311.0,9836559.0,3.6,1639426511,283074311.0,17.3,CONT041,Multiplex Constructions ME LLC,243,326,74.5,False,79.7,0,64.0,False,False,MEP,2023-07-24,2025-03-22,2025-06-26
CONS001924,PROJ048,Luxe Heights,DEV0032,2023-04-01,Structure,2023-03-31,2023-07-19,2023-04-01,,0.9,0.0,-0.9,5,COVID-19,275696892.0,273237752.0,-2459140.0,-0.9,1639426511,273237752.0,16.7,CONT041,Multiplex Constructions ME LLC,673,725,92.8,False,79.2,0,67.0,False,False,MEP,2023-07-24,2025-03-22,2025-06-26
CONS001925,PROJ048,Luxe Heights,DEV0032,2023-05-01,Structure,2023-03-31,2023-07-19,2023-04-01,,28.2,32.4,4.2,5,COVID-19,350290798.0,361766783.0,11475985.0,3.3,1639426511,361766783.0,22.1,CONT041,Multiplex Constructions ME LLC,283,294,96.3,False,84.9,0,67.6,False,False,MEP,2023-07-24,2025-03-22,2025-06-26
CONS001926,PROJ048,Luxe Heights,DEV0032,2023-06-01,Structure,2023-03-31,2023-07-19,2023-04-01,,56.4,40.9,-15.5,5,Weather,427343844.0,384991992.0,-42351852.0,-9.9,1639426511,384991992.0,23.5,CONT041,Multiplex Constructions ME LLC,474,554,85.6,False,82.8,0,58.8,True,False,MEP,2023-07-24,2025-03-22,2025-06-26
CONS001927,PROJ048,Luxe Heights,DEV0032,2023-07-01,Structure,2023-03-31,2023-07-19,2023-04-01,,83.6,74.7,-8.9,5,Design Change,501664512.0,477346352.0,-24318160.0,-4.8,1639426511,477346352.0,29.1,CONT041,Multiplex Constructions ME LLC,390,356,109.6,False,79.9,0,60.4,False,False,MEP,2023-07-24,2025-03-22,2025-06-26
CONS001928,PROJ048,Luxe Heights,DEV0032,2023-08-01,Structure,2023-03-31,2023-07-19,2023-04-01,2023-07-24,100.0,100.0,0.0,5,Regulatory,546475504.0,546475504.0,0.0,0.0,1639426511,546475504.0,33.3,CONT041,Multiplex Constructions ME LLC,387,424,91.3,True,87.9,0,66.2,False,False,MEP,2023-07-24,2025-03-22,2025-06-26
CONS001929,PROJ048,Luxe Heights,DEV0032,2023-09-01,Structure,2023-03-31,2023-07-19,2023-04-01,,100.0,85.4,-14.6,5,Weather,546475504.0,506582792.0,-39892712.0,-7.3,1639426511,506582792.0,30.9,CONT041,Multiplex Constructions ME LLC,409,528,77.5,False,84.7,0,60.3,True,False,MEP,2023-07-24,2025-03-22,2025-06-26
CONS001930,PROJ048,Luxe Heights,DEV0032,2023-07-29,MEP,2023-07-29,2023-11-16,2023-07-30,,0.0,0.0,0.0,5,Material Delay,546475504.0,546475504.0,0.0,0.0,1639426511,546475504.0,33.3,CONT041,Multiplex Constructions ME LLC,665,610,109.0,False,86.0,1,64.1,False,True,Façade,2023-11-21,2025-03-22,2025-06-26
CONS001931,PROJ048,Luxe Heights,DEV0032,2023-08-01,MEP,2023-07-29,2023-11-16,2023-07-30,,2.7,0.0,-2.7,5,Labour Shortage,553852923.0,546475504.0,-7377419.0,-1.3,1639426511,546475504.0,33.3,CONT041,Multiplex Constructions ME LLC,637,760,83.8,False,72.2,0,66.6,False,False,Façade,2023-11-21,2025-03-22,2025-06-26
CONS001932,PROJ048,Luxe Heights,DEV0032,2023-09-01,MEP,2023-07-29,2023-11-16,2023-07-30,,30.9,17.5,-13.4,5,Labour Shortage,630905969.0,594292110.0,-36613859.0,-5.8,1639426511,594292110.0,36.2,CONT041,Multiplex Constructions ME LLC,586,637,92.0,False,85.2,0,62.4,True,False,Façade,2023-11-21,2025-03-22,2025-06-26
CONS001933,PROJ048,Luxe Heights,DEV0032,2023-10-01,MEP,2023-07-29,2023-11-16,2023-07-30,,58.2,63.1,4.9,5,Weather,705499875.0,718888525.0,13388650.0,1.9,1639426511,718888525.0,43.8,CONT041,Multiplex Constructions ME LLC,536,602,89.0,False,72.4,0,68.0,False,False,Façade,2023-11-21,2025-03-22,2025-06-26
CONS001934,PROJ048,Luxe Heights,DEV0032,2023-11-01,MEP,2023-07-29,2023-11-16,2023-07-30,,86.4,88.1,1.7,5,Labour Shortage,782552921.0,787197963.0,4645042.0,0.6,1639426511,787197963.0,48.0,CONT041,Multiplex Constructions ME LLC,212,204,103.9,False,81.1,0,68.7,False,False,Façade,2023-11-21,2025-03-22,2025-06-26
CONS001935,PROJ048,Luxe Heights,DEV0032,2023-12-01,MEP,2023-07-29,2023-11-16,2023-07-30,2023-11-21,100.0,100.0,0.0,5,COVID-19,819713256.0,819713256.0,0.0,0.0,1639426511,819713256.0,50.0,CONT041,Multiplex Constructions ME LLC,644,796,80.9,True,81.1,0,67.2,False,False,Façade,2023-11-21,2025-03-22,2025-06-26
CONS001936,PROJ048,Luxe Heights,DEV0032,2024-01-01,MEP,2023-07-29,2023-11-16,2023-07-30,,100.0,96.8,-3.2,5,Weather,819713256.0,810969647.0,-8743609.0,-1.1,1639426511,810969647.0,49.5,CONT041,Multiplex Constructions ME LLC,163,154,105.8,True,77.5,0,65.5,False,False,Façade,2023-11-21,2025-03-22,2025-06-26
CONS001937,PROJ048,Luxe Heights,DEV0032,2023-11-26,Façade,2023-11-26,2024-03-15,2023-12-06,,0.0,0.0,0.0,13,Labour Shortage,819713256.0,819713256.0,0.0,0.0,1639426511,819713256.0,50.0,CONT041,Multiplex Constructions ME LLC,836,771,108.4,False,89.0,0,63.5,False,False,Fit-Out,2024-03-20,2025-03-22,2025-06-26
CONS001938,PROJ048,Luxe Heights,DEV0032,2023-12-01,Façade,2023-11-26,2024-03-15,2023-12-06,,4.5,0.4,-4.1,13,Design Change,832008954.0,820806207.0,-11202747.0,-1.3,1639426511,820806207.0,50.1,CONT041,Multiplex Constructions ME LLC,176,208,84.6,False,81.0,0,70.4,False,False,Fit-Out,2024-03-20,2025-03-22,2025-06-26
CONS001939,PROJ048,Luxe Heights,DEV0032,2024-01-01,Façade,2023-11-26,2024-03-15,2023-12-06,,32.7,18.8,-13.9,13,COVID-19,909062000.0,871081953.0,-37980047.0,-4.2,1639426511,871081953.0,53.1,CONT041,Multiplex Constructions ME LLC,486,544,89.3,False,94.1,0,59.1,True,False,Fit-Out,2024-03-20,2025-03-22,2025-06-26
CONS001940,PROJ048,Luxe Heights,DEV0032,2024-02-01,Façade,2023-11-26,2024-03-15,2023-12-06,,60.9,56.4,-4.5,13,Material Delay,986115046.0,973819348.0,-12295698.0,-1.2,1639426511,973819348.0,59.4,CONT041,Multiplex Constructions ME LLC,565,673,84.0,False,92.2,0,63.5,False,False,Fit-Out,2024-03-20,2025-03-22,2025-06-26
CONS001941,PROJ048,Luxe Heights,DEV0032,2024-03-01,Façade,2023-11-26,2024-03-15,2023-12-06,,87.3,70.2,-17.1,13,Regulatory,1058249813.0,1011526157.0,-46723656.0,-4.4,1639426511,1011526157.0,61.7,CONT041,Multiplex Constructions ME LLC,587,576,101.9,False,83.4,1,52.1,True,True,Fit-Out,2024-03-20,2025-03-22,2025-06-26
CONS001942,PROJ048,Luxe Heights,DEV0032,2024-04-01,Façade,2023-11-26,2024-03-15,2023-12-06,,100.0,96.2,-3.8,13,Weather,1092951007.0,1082567973.0,-10383034.0,-0.9,1639426511,1082567973.0,66.0,CONT041,Multiplex Constructions ME LLC,734,722,101.7,True,80.5,0,65.4,False,False,Fit-Out,2024-03-20,2025-03-22,2025-06-26
CONS001943,PROJ048,Luxe Heights,DEV0032,2024-05-01,Façade,2023-11-26,2024-03-15,2023-12-06,,100.0,93.8,-6.2,13,Labour Shortage,1092951007.0,1076010267.0,-16940740.0,-1.5,1639426511,1076010267.0,65.6,CONT041,Multiplex Constructions ME LLC,127,165,77.0,True,84.0,0,63.9,False,False,Fit-Out,2024-03-20,2025-03-22,2025-06-26
CONS001944,PROJ048,Luxe Heights,DEV0032,2024-03-25,Fit-Out,2024-03-25,2024-07-13,2024-04-04,,0.0,0.0,0.0,23,Labour Shortage,1092951007.0,1092951007.0,0.0,0.0,1639426511,1092951007.0,66.7,CONT041,Multiplex Constructions ME LLC,388,377,102.9,False,78.3,0,67.0,False,False,Handover,2024-07-18,2025-03-22,2025-06-26
CONS001945,PROJ048,Luxe Heights,DEV0032,2024-04-01,Fit-Out,2024-03-25,2024-07-13,2024-04-04,,6.4,0.0,-6.4,23,Financing,1110438223.0,1092951007.0,-17487216.0,-1.6,1639426511,1092951007.0,66.7,CONT041,Multiplex Constructions ME LLC,378,391,96.7,False,91.5,0,60.1,False,False,Handover,2024-07-18,2025-03-22,2025-06-26
CONS001946,PROJ048,Luxe Heights,DEV0032,2024-05-01,Fit-Out,2024-03-25,2024-07-13,2024-04-04,,33.6,31.1,-2.5,23,COVID-19,1184758892.0,1177927948.0,-6830944.0,-0.6,1639426511,1177927948.0,71.8,CONT041,Multiplex Constructions ME LLC,784,779,100.6,False,88.2,0,67.0,False,False,Handover,2024-07-18,2025-03-22,2025-06-26
CONS001947,PROJ048,Luxe Heights,DEV0032,2024-06-01,Fit-Out,2024-03-25,2024-07-13,2024-04-04,,61.8,60.5,-1.3,23,Design Change,1261811938.0,1258259847.0,-3552091.0,-0.3,1639426511,1258259847.0,76.7,CONT041,Multiplex Constructions ME LLC,633,703,90.0,False,96.8,0,63.5,False,False,Handover,2024-07-18,2025-03-22,2025-06-26
CONS001948,PROJ048,Luxe Heights,DEV0032,2024-07-01,Fit-Out,2024-03-25,2024-07-13,2024-04-04,,89.1,76.1,-13.0,23,Regulatory,1336405844.0,1300884936.0,-35520908.0,-2.7,1639426511,1300884936.0,79.3,CONT041,Multiplex Constructions ME LLC,690,677,101.9,False,96.0,0,61.3,True,False,Handover,2024-07-18,2025-03-22,2025-06-26
CONS001949,PROJ048,Luxe Heights,DEV0032,2024-08-01,Fit-Out,2024-03-25,2024-07-13,2024-04-04,,100.0,87.8,-12.2,23,Regulatory,1366188759.0,1332853753.0,-33335006.0,-2.4,1639426511,1332853753.0,81.3,CONT041,Multiplex Constructions ME LLC,390,375,104.0,False,83.6,0,63.7,True,False,Handover,2024-07-18,2025-03-22,2025-06-26
CONS001950,PROJ048,Luxe Heights,DEV0032,2024-09-01,Fit-Out,2024-03-25,2024-07-13,2024-04-04,,100.0,78.3,-21.7,23,Labour Shortage,1366188759.0,1306896167.0,-59292592.0,-4.3,1639426511,1306896167.0,79.7,CONT041,Multiplex Constructions ME LLC,240,264,90.9,False,91.7,0,59.5,True,False,Handover,2024-07-18,2025-03-22,2025-06-26
CONS001951,PROJ048,Luxe Heights,DEV0032,2024-07-23,Handover,2024-07-23,2024-11-10,2024-07-27,,0.0,0.0,0.0,24,Financing,1366188759.0,1366188759.0,0.0,0.0,1639426511,1366188759.0,83.3,CONT041,Multiplex Constructions ME LLC,231,321,72.0,False,91.0,0,66.2,False,False,Completed,2024-11-15,2025-03-22,2025-06-26
CONS001952,PROJ048,Luxe Heights,DEV0032,2024-08-01,Handover,2024-07-23,2024-11-10,2024-07-27,,8.2,0.0,-8.2,24,Labour Shortage,1388594255.0,1366188759.0,-22405496.0,-1.6,1639426511,1366188759.0,83.3,CONT041,Multiplex Constructions ME LLC,594,547,108.6,False,96.2,0,64.6,False,False,Completed,2024-11-15,2025-03-22,2025-06-26
CONS001953,PROJ048,Luxe Heights,DEV0032,2024-09-01,Handover,2024-07-23,2024-11-10,2024-07-27,,36.4,31.8,-4.6,24,Financing,1465647301.0,1453078364.0,-12568937.0,-0.9,1639426511,1453078364.0,88.6,CONT041,Multiplex Constructions ME LLC,493,620,79.5,False,72.6,0,65.0,False,False,Completed,2024-11-15,2025-03-22,2025-06-26
CONS001954,PROJ048,Luxe Heights,DEV0032,2024-10-01,Handover,2024-07-23,2024-11-10,2024-07-27,,63.6,43.7,-19.9,24,Financing,1539967969.0,1485593657.0,-54374312.0,-3.5,1639426511,1485593657.0,90.6,CONT041,Multiplex Constructions ME LLC,690,645,107.0,False,74.5,0,58.8,True,False,Completed,2024-11-15,2025-03-22,2025-06-26
CONS001955,PROJ048,Luxe Heights,DEV0032,2024-11-01,Handover,2024-07-23,2024-11-10,2024-07-27,,91.8,82.0,-9.8,24,Design Change,1617021015.0,1590243716.0,-26777299.0,-1.7,1639426511,1590243716.0,97.0,CONT041,Multiplex Constructions ME LLC,200,214,93.5,False,83.3,1,57.2,False,True,Completed,2024-11-15,2025-03-22,2025-06-26
CONS001956,PROJ048,Luxe Heights,DEV0032,2024-12-01,Handover,2024-07-23,2024-11-10,2024-07-27,,100.0,90.5,-9.5,24,Financing,1639426511.0,1613468925.0,-25957586.0,-1.6,1639426511,1613468925.0,98.4,CONT041,Multiplex Constructions ME LLC,492,465,105.8,True,95.6,0,63.1,False,False,Completed,2024-11-15,2025-03-22,2025-06-26
CONS001957,PROJ048,Luxe Heights,DEV0032,2025-01-01,Handover,2024-07-23,2024-11-10,2024-07-27,,100.0,84.7,-15.3,24,Weather,1639426511.0,1597621135.0,-41805376.0,-2.5,1639426511,1597621135.0,97.5,CONT041,Multiplex Constructions ME LLC,561,514,109.1,False,89.1,0,59.1,True,False,Completed,2024-11-15,2025-03-22,2025-06-26
CONS001958,PROJ049,Luxe Square,DEV0031,2019-06-01,Foundation,2019-06-01,2019-09-19,2019-06-01,,0.0,0.0,0.0,0,,0.0,0.0,0.0,0.0,1227125989,0.0,0.0,CONT046,Energoprojekt LLC,728,667,109.1,False,84.1,0,65.8,False,False,Structure,2019-09-24,2022-05-10,2022-05-10
CONS001959,PROJ049,Luxe Square,DEV0031,2019-07-01,Foundation,2019-06-01,2019-09-19,2019-06-01,,27.3,29.6,2.3,0,,55834232.0,60538215.0,4703983.0,8.4,1227125989,60538215.0,4.9,CONT046,Energoprojekt LLC,733,740,99.1,False,72.5,0,65.1,False,False,Structure,2019-09-24,2022-05-10,2022-05-10
CONS001960,PROJ049,Luxe Square,DEV0031,2019-08-01,Foundation,2019-06-01,2019-09-19,2019-06-01,,55.5,60.6,5.1,0,,113509154.0,123939725.0,10430571.0,9.2,1227125989,123939725.0,10.1,CONT046,Energoprojekt LLC,585,765,76.5,False,82.6,0,65.5,False,False,Structure,2019-09-24,2022-05-10,2022-05-10
CONS001961,PROJ049,Luxe Square,DEV0031,2019-09-01,Foundation,2019-06-01,2019-09-19,2019-06-01,,83.6,91.0,7.4,0,,170979554.0,186114108.0,15134554.0,8.9,1227125989,186114108.0,15.2,CONT046,Energoprojekt LLC,740,699,105.9,False,92.4,0,68.4,False,False,Structure,2019-09-24,2022-05-10,2022-05-10
CONS001962,PROJ049,Luxe Square,DEV0031,2019-10-01,Foundation,2019-06-01,2019-09-19,2019-06-01,,100.0,88.3,-11.7,0,,204520998.0,180592041.0,-23928957.0,-11.7,1227125989,180592041.0,14.7,CONT046,Energoprojekt LLC,570,685,83.2,False,77.5,0,60.0,True,False,Structure,2019-09-24,2022-05-10,2022-05-10
CONS001963,PROJ049,Luxe Square,DEV0031,2019-11-01,Foundation,2019-06-01,2019-09-19,2019-06-01,,100.0,98.2,-1.8,0,,204520998.0,200839620.0,-3681378.0,-1.8,1227125989,200839620.0,16.4,CONT046,Energoprojekt LLC,451,414,108.9,True,74.7,0,62.9,False,False,Structure,2019-09-24,2022-05-10,2022-05-10
CONS001964,PROJ049,Luxe Square,DEV0031,2019-09-29,Structure,2019-09-29,2020-01-17,2019-09-30,,0.0,6.3,6.3,1,Material Delay,204520998.0,217405821.0,12884823.0,6.3,1227125989,217405821.0,17.7,CONT046,Energoprojekt LLC,283,315,89.8,False,94.6,0,64.7,False,False,MEP,2020-01-22,2022-05-10,2022-05-10
CONS001965,PROJ049,Luxe Square,DEV0031,2019-10-01,Structure,2019-09-29,2020-01-17,2019-09-30,,1.8,1.0,-0.8,1,Regulatory,208202376.0,206566208.0,-1636168.0,-0.8,1227125989,206566208.0,16.8,CONT046,Energoprojekt LLC,379,447,84.8,False,83.6,0,64.2,False,False,MEP,2020-01-22,2022-05-10,2022-05-10
CONS001966,PROJ049,Luxe Square,DEV0031,2019-11-01,Structure,2019-09-29,2020-01-17,2019-09-30,,30.0,18.9,-11.1,1,Material Delay,265877298.0,243175467.0,-22701831.0,-8.5,1227125989,243175467.0,19.8,CONT046,Energoprojekt LLC,177,254,69.7,False,93.3,0,61.1,True,False,MEP,2020-01-22,2022-05-10,2022-05-10
CONS001967,PROJ049,Luxe Square,DEV0031,2019-12-01,Structure,2019-09-29,2020-01-17,2019-09-30,,57.3,56.9,-0.4,1,Financing,321711530.0,320893446.0,-818084.0,-0.3,1227125989,320893446.0,26.1,CONT046,Energoprojekt LLC,544,559,97.3,False,86.4,0,62.3,False,False,MEP,2020-01-22,2022-05-10,2022-05-10
CONS001968,PROJ049,Luxe Square,DEV0031,2020-01-01,Structure,2019-09-29,2020-01-17,2019-09-30,,85.5,78.4,-7.1,1,Material Delay,379386452.0,364865461.0,-14520991.0,-3.8,1227125989,364865461.0,29.7,CONT046,Energoprojekt LLC,640,627,102.1,False,89.0,0,61.3,False,False,MEP,2020-01-22,2022-05-10,2022-05-10
CONS001969,PROJ049,Luxe Square,DEV0031,2020-02-01,Structure,2019-09-29,2020-01-17,2019-09-30,2020-01-18,100.0,100.0,0.0,1,Financing,409041996.0,409041996.0,0.0,0.0,1227125989,409041996.0,33.3,CONT046,Energoprojekt LLC,268,282,95.0,True,97.8,0,62.5,False,False,MEP,2020-01-22,2022-05-10,2022-05-10
CONS001970,PROJ049,Luxe Square,DEV0031,2020-03-01,Structure,2019-09-29,2020-01-17,2019-09-30,2020-01-18,100.0,100.0,0.0,1,Weather,409041996.0,409041996.0,0.0,0.0,1227125989,409041996.0,33.3,CONT046,Energoprojekt LLC,486,454,107.0,True,78.3,0,62.4,False,False,MEP,2020-01-22,2022-05-10,2022-05-10
CONS001971,PROJ049,Luxe Square,DEV0031,2020-01-27,MEP,2020-01-27,2020-05-16,2020-02-05,,0.0,3.9,3.9,11,Design Change,409041996.0,417018315.0,7976319.0,2.0,1227125989,417018315.0,34.0,CONT046,Energoprojekt LLC,458,450,101.8,False,81.8,0,61.5,False,False,Façade,2020-05-21,2022-05-10,2022-05-10
CONS001972,PROJ049,Luxe Square,DEV0031,2020-02-01,MEP,2020-01-27,2020-05-16,2020-02-05,,4.5,6.7,2.2,11,COVID-19,418245441.0,422744903.0,4499462.0,1.1,1227125989,422744903.0,34.4,CONT046,Energoprojekt LLC,596,679,87.8,False,77.9,0,64.0,False,False,Façade,2020-05-21,2022-05-10,2022-05-10
CONS001973,PROJ049,Luxe Square,DEV0031,2020-03-01,MEP,2020-01-27,2020-05-16,2020-02-05,,30.9,28.4,-2.5,11,Weather,472238985.0,467125960.0,-5113025.0,-1.1,1227125989,467125960.0,38.1,CONT046,Energoprojekt LLC,250,229,109.2,False,96.5,2,49.6,False,True,Façade,2020-05-21,2022-05-10,2022-05-10
CONS001974,PROJ049,Luxe Square,DEV0031,2020-04-01,MEP,2020-01-27,2020-05-16,2020-02-05,,59.1,53.5,-5.6,11,Material Delay,529913906.0,518460730.0,-11453176.0,-2.2,1227125989,518460730.0,42.2,CONT046,Energoprojekt LLC,421,386,109.1,False,87.6,0,61.2,False,False,Façade,2020-05-21,2022-05-10,2022-05-10
CONS001975,PROJ049,Luxe Square,DEV0031,2020-05-01,MEP,2020-01-27,2020-05-16,2020-02-05,,86.4,76.9,-9.5,11,Regulatory,585748139.0,566318644.0,-19429495.0,-3.3,1227125989,566318644.0,46.2,CONT046,Energoprojekt LLC,348,462,75.3,False,91.5,0,59.7,False,False,Façade,2020-05-21,2022-05-10,2022-05-10
CONS001976,PROJ049,Luxe Square,DEV0031,2020-06-01,MEP,2020-01-27,2020-05-16,2020-02-05,,100.0,86.0,-14.0,11,Material Delay,613562994.0,584930055.0,-28632939.0,-4.7,1227125989,584930055.0,47.7,CONT046,Energoprojekt LLC,137,178,77.0,False,84.4,0,61.7,True,False,Façade,2020-05-21,2022-05-10,2022-05-10
CONS001977,PROJ049,Luxe Square,DEV0031,2020-07-01,MEP,2020-01-27,2020-05-16,2020-02-05,,100.0,97.4,-2.6,11,COVID-19,613562994.0,608245449.0,-5317545.0,-0.9,1227125989,608245449.0,49.6,CONT046,Energoprojekt LLC,337,423,79.7,True,91.3,0,61.0,False,False,Façade,2020-05-21,2022-05-10,2022-05-10
CONS001978,PROJ049,Luxe Square,DEV0031,2020-05-26,Façade,2020-05-26,2020-09-13,2020-05-27,,0.0,0.0,0.0,1,Weather,613562994.0,613562994.0,0.0,0.0,1227125989,613562994.0,50.0,CONT046,Energoprojekt LLC,297,317,93.7,False,86.0,0,62.3,False,False,Fit-Out,2020-09-18,2022-05-10,2022-05-10
CONS001979,PROJ049,Luxe Square,DEV0031,2020-06-01,Façade,2020-05-26,2020-09-13,2020-05-27,,5.5,3.9,-1.6,1,Financing,624811649.0,621539313.0,-3272336.0,-0.5,1227125989,621539313.0,50.6,CONT046,Energoprojekt LLC,684,639,107.0,False,94.2,0,62.6,False,False,Fit-Out,2020-09-18,2022-05-10,2022-05-10
CONS001980,PROJ049,Luxe Square,DEV0031,2020-07-01,Façade,2020-05-26,2020-09-13,2020-05-27,,32.7,24.2,-8.5,1,Financing,680441361.0,663057076.0,-17384285.0,-2.6,1227125989,663057076.0,54.0,CONT046,Energoprojekt LLC,294,288,102.1,False,88.2,1,55.1,False,True,Fit-Out,2020-09-18,2022-05-10,2022-05-10
CONS001981,PROJ049,Luxe Square,DEV0031,2020-08-01,Façade,2020-05-26,2020-09-13,2020-05-27,,60.9,63.9,3.0,1,Weather,738116282.0,744251912.0,6135630.0,0.8,1227125989,744251912.0,60.6,CONT046,Energoprojekt LLC,577,752,76.7,False,93.2,0,67.4,False,False,Fit-Out,2020-09-18,2022-05-10,2022-05-10
CONS001982,PROJ049,Luxe Square,DEV0031,2020-09-01,Façade,2020-05-26,2020-09-13,2020-05-27,,89.1,86.6,-2.5,1,Regulatory,795791204.0,790678179.0,-5113025.0,-0.6,1227125989,790678179.0,64.4,CONT046,Energoprojekt LLC,265,361,73.4,False,90.0,0,60.8,False,False,Fit-Out,2020-09-18,2022-05-10,2022-05-10
CONS001983,PROJ049,Luxe Square,DEV0031,2020-10-01,Façade,2020-05-26,2020-09-13,2020-05-27,,100.0,97.9,-2.1,1,Labour Shortage,818083993.0,813789052.0,-4294941.0,-0.5,1227125989,813789052.0,66.3,CONT046,Energoprojekt LLC,376,524,71.8,True,85.0,2,52.4,False,True,Fit-Out,2020-09-18,2022-05-10,2022-05-10
CONS001984,PROJ049,Luxe Square,DEV0031,2020-11-01,Façade,2020-05-26,2020-09-13,2020-05-27,,100.0,93.4,-6.6,1,Material Delay,818083993.0,804585607.0,-13498386.0,-1.7,1227125989,804585607.0,65.6,CONT046,Energoprojekt LLC,507,715,70.9,True,72.5,0,62.5,False,False,Fit-Out,2020-09-18,2022-05-10,2022-05-10
CONS001985,PROJ049,Luxe Square,DEV0031,2020-09-23,Fit-Out,2020-09-23,2021-01-11,2020-09-24,,0.0,0.0,0.0,1,COVID-19,818083993.0,818083993.0,0.0,0.0,1227125989,818083993.0,66.7,CONT046,Energoprojekt LLC,594,553,107.4,False,75.1,0,65.6,False,False,Handover,2021-01-16,2022-05-10,2022-05-10
CONS001986,PROJ049,Luxe Square,DEV0031,2020-10-01,Fit-Out,2020-09-23,2021-01-11,2020-09-24,,7.3,0.0,-7.3,1,Financing,833014026.0,818083993.0,-14930033.0,-1.8,1227125989,818083993.0,66.7,CONT046,Energoprojekt LLC,246,328,75.0,False,81.4,0,60.8,False,False,Handover,2021-01-16,2022-05-10,2022-05-10
CONS001987,PROJ049,Luxe Square,DEV0031,2020-11-01,Fit-Out,2020-09-23,2021-01-11,2020-09-24,,35.5,20.8,-14.7,1,Material Delay,890688947.0,860624360.0,-30064587.0,-3.4,1227125989,860624360.0,70.1,CONT046,Energoprojekt LLC,616,724,85.1,False,73.3,0,55.6,True,False,Handover,2021-01-16,2022-05-10,2022-05-10
CONS001988,PROJ049,Luxe Square,DEV0031,2020-12-01,Fit-Out,2020-09-23,2021-01-11,2020-09-24,,62.7,58.9,-3.8,1,Regulatory,946318659.0,938546861.0,-7771798.0,-0.8,1227125989,938546861.0,76.5,CONT046,Energoprojekt LLC,585,567,103.2,False,97.6,0,62.4,False,False,Handover,2021-01-16,2022-05-10,2022-05-10
CONS001989,PROJ049,Luxe Square,DEV0031,2021-01-01,Fit-Out,2020-09-23,2021-01-11,2020-09-24,,90.9,98.5,7.6,1,Financing,1003993580.0,1019537176.0,15543596.0,1.5,1227125989,1019537176.0,83.1,CONT046,Energoprojekt LLC,305,397,76.8,False,93.9,0,68.8,False,False,Handover,2021-01-16,2022-05-10,2022-05-10
CONS001990,PROJ049,Luxe Square,DEV0031,2021-02-01,Fit-Out,2020-09-23,2021-01-11,2020-09-24,2021-01-12,100.0,100.0,0.0,1,Weather,1022604991.0,1022604991.0,0.0,0.0,1227125989,1022604991.0,83.3,CONT046,Energoprojekt LLC,386,455,84.8,True,79.5,0,64.4,False,False,Handover,2021-01-16,2022-05-10,2022-05-10
CONS001991,PROJ049,Luxe Square,DEV0031,2021-03-01,Fit-Out,2020-09-23,2021-01-11,2020-09-24,,100.0,89.2,-10.8,1,Labour Shortage,1022604991.0,1000516723.0,-22088268.0,-2.2,1227125989,1000516723.0,81.5,CONT046,Energoprojekt LLC,213,228,93.4,False,74.5,0,61.0,True,False,Handover,2021-01-16,2022-05-10,2022-05-10
CONS001992,PROJ049,Luxe Square,DEV0031,2021-01-21,Handover,2021-01-21,2021-05-11,2021-01-21,,0.0,0.0,0.0,0,,1022604991.0,1022604991.0,0.0,0.0,1227125989,1022604991.0,83.3,CONT046,Energoprojekt LLC,190,231,82.3,False,94.0,0,61.7,False,False,Completed,2021-05-16,2022-05-10,2022-05-10
CONS001993,PROJ049,Luxe Square,DEV0031,2021-02-01,Handover,2021-01-21,2021-05-11,2021-01-21,,10.0,10.5,0.5,0,,1043057091.0,1044079696.0,1022605.0,0.1,1227125989,1044079696.0,85.1,CONT046,Energoprojekt LLC,576,758,76.0,False,77.8,0,61.6,False,False,Completed,2021-05-16,2022-05-10,2022-05-10
CONS001994,PROJ049,Luxe Square,DEV0031,2021-03-01,Handover,2021-01-21,2021-05-11,2021-01-21,,35.5,36.8,1.3,0,,1095209945.0,1097868718.0,2658773.0,0.2,1227125989,1097868718.0,89.5,CONT046,Energoprojekt LLC,162,165,98.2,False,81.3,0,64.2,False,False,Completed,2021-05-16,2022-05-10,2022-05-10
CONS001995,PROJ049,Luxe Square,DEV0031,2021-04-01,Handover,2021-01-21,2021-05-11,2021-01-21,,63.6,71.1,7.5,0,,1152680346.0,1168019421.0,15339075.0,1.3,1227125989,1168019421.0,95.2,CONT046,Energoprojekt LLC,480,527,91.1,False,90.9,0,63.2,False,False,Completed,2021-05-16,2022-05-10,2022-05-10
CONS001996,PROJ049,Luxe Square,DEV0031,2021-05-01,Handover,2021-01-21,2021-05-11,2021-01-21,,90.9,99.8,8.9,0,,1208514578.0,1226716947.0,18202369.0,1.5,1227125989,1226716947.0,100.0,CONT046,Energoprojekt LLC,319,430,74.2,False,91.1,0,68.0,False,False,Completed,2021-05-16,2022-05-10,2022-05-10
CONS001997,PROJ049,Luxe Square,DEV0031,2021-06-01,Handover,2021-01-21,2021-05-11,2021-01-21,2021-05-11,100.0,100.0,0.0,0,,1227125989.0,1227125989.0,0.0,0.0,1227125989,1227125989.0,100.0,CONT046,Energoprojekt LLC,609,776,78.5,True,79.6,0,62.1,False,False,Completed,2021-05-16,2022-05-10,2022-05-10
CONS001998,PROJ049,Luxe Square,DEV0031,2021-07-01,Handover,2021-01-21,2021-05-11,2021-01-21,,100.0,94.0,-6.0,0,,1227125989.0,1214854729.0,-12271260.0,-1.0,1227125989,1214854729.0,99.0,CONT046,Energoprojekt LLC,607,732,82.9,True,81.4,0,62.0,False,False,Completed,2021-05-16,2022-05-10,2022-05-10
CONS001999,PROJ050,Sky Square,DEV0016,2021-04-01,Foundation,2021-04-01,2021-07-20,2021-04-01,,0.0,4.9,4.9,0,,0.0,16286062.0,16286062.0,1628606200.0,1994211629,16286062.0,0.8,CONT046,Energoprojekt LLC,173,221,78.3,False,82.6,0,63.8,False,True,Structure,2021-07-25,2023-11-04,2023-11-27
CONS002000,PROJ050,Sky Square,DEV0016,2021-05-01,Foundation,2021-04-01,2021-07-20,2021-04-01,,27.3,35.9,8.6,0,,90736629.0,119320329.0,28583700.0,31.5,1994211629,119320329.0,6.0,CONT046,Energoprojekt LLC,376,376,100.0,False,89.5,0,67.9,False,True,Structure,2021-07-25,2023-11-04,2023-11-27
CONS002001,PROJ050,Sky Square,DEV0016,2021-06-01,Foundation,2021-04-01,2021-07-20,2021-04-01,,55.5,62.1,6.6,0,,184464576.0,206400904.0,21936328.0,11.9,1994211629,206400904.0,10.4,CONT046,Energoprojekt LLC,228,258,88.4,False,75.7,0,65.7,False,False,Structure,2021-07-25,2023-11-04,2023-11-27
CONS002002,PROJ050,Sky Square,DEV0016,2021-07-01,Foundation,2021-04-01,2021-07-20,2021-04-01,,82.7,91.1,8.4,0,,274868836.0,302787799.0,27918963.0,10.2,1994211629,302787799.0,15.2,CONT046,Energoprojekt LLC,658,605,108.8,False,87.5,0,64.0,False,False,Structure,2021-07-25,2023-11-04,2023-11-27
CONS002003,PROJ050,Sky Square,DEV0016,2021-08-01,Foundation,2021-04-01,2021-07-20,2021-04-01,,100.0,97.8,-2.2,0,,332368605.0,325056496.0,-7312109.0,-2.2,1994211629,325056496.0,16.3,CONT046,Energoprojekt LLC,171,170,100.6,True,73.9,0,66.5,False,False,Structure,2021-07-25,2023-11-04,2023-11-27
CONS002004,PROJ050,Sky Square,DEV0016,2021-09-01,Foundation,2021-04-01,2021-07-20,2021-04-01,,100.0,99.1,-0.9,0,,332368605.0,329377287.0,-2991318.0,-0.9,1994211629,329377287.0,16.5,CONT046,Energoprojekt LLC,597,623,95.8,True,71.6,0,69.1,False,False,Structure,2021-07-25,2023-11-04,2023-11-27
CONS002005,PROJ050,Sky Square,DEV0016,2021-07-30,Structure,2021-07-30,2021-11-17,2021-07-30,,0.0,0.0,0.0,0,,332368605.0,332368605.0,0.0,0.0,1994211629,332368605.0,16.7,CONT046,Energoprojekt LLC,219,307,71.3,False,84.4,0,68.4,False,False,MEP,2021-11-22,2023-11-04,2023-11-27
CONS002006,PROJ050,Sky Square,DEV0016,2021-08-01,Structure,2021-07-30,2021-11-17,2021-07-30,,1.8,0.0,-1.8,0,,338351240.0,332368605.0,-5982635.0,-1.8,1994211629,332368605.0,16.7,CONT046,Energoprojekt LLC,382,451,84.7,False,74.5,0,66.9,False,False,MEP,2021-11-22,2023-11-04,2023-11-27
CONS002007,PROJ050,Sky Square,DEV0016,2021-09-01,Structure,2021-07-30,2021-11-17,2021-07-30,,30.0,34.4,4.4,0,,432079186.0,446703405.0,14624219.0,3.4,1994211629,446703405.0,22.4,CONT046,Energoprojekt LLC,537,615,87.3,False,92.9,0,66.6,False,False,MEP,2021-11-22,2023-11-04,2023-11-27
CONS002008,PROJ050,Sky Square,DEV0016,2021-10-01,Structure,2021-07-30,2021-11-17,2021-07-30,,57.3,62.1,4.8,0,,522815815.0,538769508.0,15953693.0,3.1,1994211629,538769508.0,27.0,CONT046,Energoprojekt LLC,532,622,85.5,False,92.4,1,64.2,False,True,MEP,2021-11-22,2023-11-04,2023-11-27
CONS002009,PROJ050,Sky Square,DEV0016,2021-11-01,Structure,2021-07-30,2021-11-17,2021-07-30,,85.5,93.2,7.7,0,,616543762.0,642136145.0,25592383.0,4.2,1994211629,642136145.0,32.2,CONT046,Energoprojekt LLC,171,166,103.0,False,72.4,0,70.9,False,False,MEP,2021-11-22,2023-11-04,2023-11-27
CONS002010,PROJ050,Sky Square,DEV0016,2021-12-01,Structure,2021-07-30,2021-11-17,2021-07-30,,100.0,86.7,-13.3,0,,664737210.0,620532185.0,-44205025.0,-6.7,1994211629,620532185.0,31.1,CONT046,Energoprojekt LLC,405,395,102.5,False,86.4,0,62.4,True,False,MEP,2021-11-22,2023-11-04,2023-11-27
CONS002011,PROJ050,Sky Square,DEV0016,2022-01-01,Structure,2021-07-30,2021-11-17,2021-07-30,2021-11-17,100.0,100.0,0.0,0,,664737210.0,664737210.0,0.0,0.0,1994211629,664737210.0,33.3,CONT046,Energoprojekt LLC,381,468,81.4,True,93.4,0,63.7,False,False,MEP,2021-11-22,2023-11-04,2023-11-27
CONS002012,PROJ050,Sky Square,DEV0016,2021-11-27,MEP,2021-11-27,2022-03-17,2021-12-12,,0.0,0.0,0.0,18,Design Change,664737210.0,664737210.0,0.0,0.0,1994211629,664737210.0,33.3,CONT046,Energoprojekt LLC,694,664,104.5,False,82.6,0,65.1,False,False,Façade,2022-03-22,2023-11-04,2023-11-27
CONS002013,PROJ050,Sky Square,DEV0016,2021-12-01,MEP,2021-11-27,2022-03-17,2021-12-12,,3.6,0.0,-3.6,18,Labour Shortage,676702479.0,664737210.0,-11965269.0,-1.8,1994211629,664737210.0,33.3,CONT046,Energoprojekt LLC,250,231,108.2,False,75.0,0,68.4,False,False,Façade,2022-03-22,2023-11-04,2023-11-27
CONS002014,PROJ050,Sky Square,DEV0016,2022-01-01,MEP,2021-11-27,2022-03-17,2021-12-12,,31.8,32.7,0.9,18,Weather,770430426.0,773421743.0,2991317.0,0.4,1994211629,773421743.0,38.8,CONT046,Energoprojekt LLC,299,327,91.4,False,87.7,0,66.2,False,False,Façade,2022-03-22,2023-11-04,2023-11-27
CONS002015,PROJ050,Sky Square,DEV0016,2022-02-01,MEP,2021-11-27,2022-03-17,2021-12-12,,60.0,41.7,-18.3,18,Design Change,864158373.0,803334918.0,-60823455.0,-7.0,1994211629,803334918.0,40.3,CONT046,Energoprojekt LLC,549,702,78.2,False,73.5,0,54.0,True,False,Façade,2022-03-22,2023-11-04,2023-11-27
CONS002016,PROJ050,Sky Square,DEV0016,2022-03-01,MEP,2021-11-27,2022-03-17,2021-12-12,,85.5,84.1,-1.4,18,Financing,948912367.0,944259206.0,-4653161.0,-0.5,1994211629,944259206.0,47.3,CONT046,Energoprojekt LLC,635,696,91.2,False,83.7,0,62.7,False,False,Façade,2022-03-22,2023-11-04,2023-11-27
CONS002017,PROJ050,Sky Square,DEV0016,2022-04-01,MEP,2021-11-27,2022-03-17,2021-12-12,,100.0,91.2,-8.8,18,Regulatory,997105814.0,967857377.0,-29248437.0,-2.9,1994211629,967857377.0,48.5,CONT046,Energoprojekt LLC,502,620,81.0,True,93.3,0,62.6,False,False,Façade,2022-03-22,2023-11-04,2023-11-27
CONS002018,PROJ050,Sky Square,DEV0016,2022-05-01,MEP,2021-11-27,2022-03-17,2021-12-12,,100.0,97.7,-2.3,18,Weather,997105814.0,989461337.0,-7644477.0,-0.8,1994211629,989461337.0,49.6,CONT046,Energoprojekt LLC,405,515,78.6,True,83.8,0,67.5,False,False,Façade,2022-03-22,2023-11-04,2023-11-27
CONS002019,PROJ050,Sky Square,DEV0016,2022-03-27,Façade,2022-03-27,2022-07-15,2022-03-28,,0.0,0.0,0.0,4,COVID-19,997105814.0,997105814.0,0.0,0.0,1994211629,997105814.0,50.0,CONT046,Energoprojekt LLC,427,486,87.9,False,90.9,0,65.6,False,False,Fit-Out,2022-07-20,2023-11-04,2023-11-27
CONS002020,PROJ050,Sky Square,DEV0016,2022-04-01,Façade,2022-03-27,2022-07-15,2022-03-28,,4.5,0.0,-4.5,4,COVID-19,1012062402.0,997105814.0,-14956588.0,-1.5,1994211629,997105814.0,50.0,CONT046,Energoprojekt LLC,203,217,93.5,False,83.8,0,66.9,False,False,Fit-Out,2022-07-20,2023-11-04,2023-11-27
CONS002021,PROJ050,Sky Square,DEV0016,2022-05-01,Façade,2022-03-27,2022-07-15,2022-03-28,,31.8,31.6,-0.2,4,Regulatory,1102799031.0,1102134294.0,-664737.0,-0.1,1994211629,1102134294.0,55.3,CONT046,Energoprojekt LLC,611,666,91.7,False,92.3,0,65.0,False,False,Fit-Out,2022-07-20,2023-11-04,2023-11-27
CONS002022,PROJ050,Sky Square,DEV0016,2022-06-01,Façade,2022-03-27,2022-07-15,2022-03-28,,60.0,57.1,-2.9,4,COVID-19,1196526977.0,1186888288.0,-9638689.0,-0.8,1994211629,1186888288.0,59.5,CONT046,Energoprojekt LLC,581,771,75.4,False,95.8,0,61.3,False,False,Fit-Out,2022-07-20,2023-11-04,2023-11-27
CONS002023,PROJ050,Sky Square,DEV0016,2022-07-01,Façade,2022-03-27,2022-07-15,2022-03-28,,87.3,77.1,-10.2,4,Material Delay,1287263607.0,1253362009.0,-33901598.0,-2.6,1994211629,1253362009.0,62.9,CONT046,Energoprojekt LLC,669,761,87.9,False,95.6,0,62.1,True,False,Fit-Out,2022-07-20,2023-11-04,2023-11-27
CONS002024,PROJ050,Sky Square,DEV0016,2022-08-01,Façade,2022-03-27,2022-07-15,2022-03-28,,100.0,89.2,-10.8,4,Design Change,1329474419.0,1293578610.0,-35895809.0,-2.7,1994211629,1293578610.0,64.9,CONT046,Energoprojekt LLC,284,380,74.7,False,74.0,0,63.5,True,False,Fit-Out,2022-07-20,2023-11-04,2023-11-27
CONS002025,PROJ050,Sky Square,DEV0016,2022-09-01,Façade,2022-03-27,2022-07-15,2022-03-28,2022-07-19,100.0,100.0,0.0,4,Material Delay,1329474419.0,1329474419.0,0.0,0.0,1994211629,1329474419.0,66.7,CONT046,Energoprojekt LLC,490,676,72.5,True,95.7,0,66.6,False,False,Fit-Out,2022-07-20,2023-11-04,2023-11-27
CONS002026,PROJ050,Sky Square,DEV0016,2022-07-25,Fit-Out,2022-07-25,2022-11-12,2022-07-28,,0.0,0.0,0.0,5,Material Delay,1329474419.0,1329474419.0,0.0,0.0,1994211629,1329474419.0,66.7,CONT046,Energoprojekt LLC,206,196,105.1,False,77.7,0,63.6,False,False,Handover,2022-11-17,2023-11-04,2023-11-27
CONS002027,PROJ050,Sky Square,DEV0016,2022-08-01,Fit-Out,2022-07-25,2022-11-12,2022-07-28,,6.4,0.0,-6.4,5,Design Change,1350746010.0,1329474419.0,-21271591.0,-1.6,1994211629,1329474419.0,66.7,CONT046,Energoprojekt LLC,588,713,82.5,False,73.7,1,58.5,False,True,Handover,2022-11-17,2023-11-04,2023-11-27
CONS002028,PROJ050,Sky Square,DEV0016,2022-09-01,Fit-Out,2022-07-25,2022-11-12,2022-07-28,,34.5,26.3,-8.2,5,Material Delay,1444141588.0,1416887362.0,-27254226.0,-1.9,1994211629,1416887362.0,71.0,CONT046,Energoprojekt LLC,164,180,91.1,False,88.8,0,69.0,False,False,Handover,2022-11-17,2023-11-04,2023-11-27
CONS002029,PROJ050,Sky Square,DEV0016,2022-10-01,Fit-Out,2022-07-25,2022-11-12,2022-07-28,,61.8,51.0,-10.8,5,COVID-19,1534878217.0,1498982408.0,-35895809.0,-2.3,1994211629,1498982408.0,75.2,CONT046,Energoprojekt LLC,548,584,93.8,False,97.3,0,60.4,True,False,Handover,2022-11-17,2023-11-04,2023-11-27
CONS002030,PROJ050,Sky Square,DEV0016,2022-11-01,Fit-Out,2022-07-25,2022-11-12,2022-07-28,,90.0,78.9,-11.1,5,Financing,1628606164.0,1591713249.0,-36892915.0,-2.3,1994211629,1591713249.0,79.8,CONT046,Energoprojekt LLC,415,431,96.3,False,78.8,0,64.1,True,False,Handover,2022-11-17,2023-11-04,2023-11-27
CONS002031,PROJ050,Sky Square,DEV0016,2022-12-01,Fit-Out,2022-07-25,2022-11-12,2022-07-28,2022-11-17,100.0,100.0,0.0,5,Material Delay,1661843024.0,1661843024.0,0.0,0.0,1994211629,1661843024.0,83.3,CONT046,Energoprojekt LLC,252,255,98.8,True,97.3,0,61.9,False,False,Handover,2022-11-17,2023-11-04,2023-11-27
CONS002032,PROJ050,Sky Square,DEV0016,2023-01-01,Fit-Out,2022-07-25,2022-11-12,2022-07-28,,100.0,93.6,-6.4,5,COVID-19,1661843024.0,1640571433.0,-21271591.0,-1.3,1994211629,1640571433.0,82.3,CONT046,Energoprojekt LLC,545,649,84.0,True,89.3,0,65.9,False,False,Handover,2022-11-17,2023-11-04,2023-11-27
CONS002033,PROJ050,Sky Square,DEV0016,2022-11-22,Handover,2022-11-22,2023-03-12,2022-11-22,,0.0,4.5,4.5,0,,1661843024.0,1676799611.0,14956587.0,0.9,1994211629,1676799611.0,84.1,CONT046,Energoprojekt LLC,315,349,90.3,False,86.4,0,65.7,False,False,Completed,2023-03-17,2023-11-04,2023-11-27
CONS002034,PROJ050,Sky Square,DEV0016,2022-12-01,Handover,2022-11-22,2023-03-12,2022-11-22,,8.2,0.0,-8.2,0,,1689097250.0,1661843024.0,-27254226.0,-1.6,1994211629,1661843024.0,83.3,CONT046,Energoprojekt LLC,176,225,78.2,False,88.9,0,64.4,False,False,Completed,2023-03-17,2023-11-04,2023-11-27
CONS002035,PROJ050,Sky Square,DEV0016,2023-01-01,Handover,2022-11-22,2023-03-12,2022-11-22,,36.4,35.0,-1.4,0,,1782825196.0,1778172036.0,-4653160.0,-0.3,1994211629,1778172036.0,89.2,CONT046,Energoprojekt LLC,166,155,107.1,False,82.5,0,63.1,False,False,Completed,2023-03-17,2023-11-04,2023-11-27
CONS002036,PROJ050,Sky Square,DEV0016,2023-02-01,Handover,2022-11-22,2023-03-12,2022-11-22,,64.5,72.4,7.9,0,,1876220774.0,1902477894.0,26257120.0,1.4,1994211629,1902477894.0,95.4,CONT046,Energoprojekt LLC,257,260,98.8,False,84.5,0,69.1,False,False,Completed,2023-03-17,2023-11-04,2023-11-27
CONS002037,PROJ050,Sky Square,DEV0016,2023-03-01,Handover,2022-11-22,2023-03-12,2022-11-22,,90.0,97.9,7.9,0,,1960974769.0,1987231888.0,26257119.0,1.3,1994211629,1987231888.0,99.6,CONT046,Energoprojekt LLC,314,346,90.8,False,81.6,0,66.7,False,False,Completed,2023-03-17,2023-11-04,2023-11-27
CONS002038,PROJ050,Sky Square,DEV0016,2023-04-01,Handover,2022-11-22,2023-03-12,2022-11-22,,100.0,96.9,-3.1,0,,1994211629.0,1983908202.0,-10303427.0,-0.5,1994211629,1983908202.0,99.5,CONT046,Energoprojekt LLC,477,507,94.1,True,92.7,0,63.7,False,False,Completed,2023-03-17,2023-11-04,2023-11-27
CONS002039,PROJ050,Sky Square,DEV0016,2023-05-01,Handover,2022-11-22,2023-03-12,2022-11-22,,100.0,86.1,-13.9,0,,1994211629.0,1948012393.0,-46199236.0,-2.3,1994211629,1948012393.0,97.7,CONT046,Energoprojekt LLC,133,168,79.2,False,70.5,0,62.8,True,False,Completed,2023-03-17,2023-11-04,2023-11-27
CONS002040,PROJ051,One Place,DEV0010,2021-02-01,Foundation,2021-02-01,2021-05-22,2021-02-01,,0.0,7.2,7.2,0,,0.0,22203873.0,22203873.0,2220387300.0,1850322789,22203873.0,1.2,CONT087,Gulf Contracting LLC,445,405,109.9,False,70.2,0,88.6,False,True,Structure,2021-05-27,2023-08-02,2023-08-08
CONS002041,PROJ051,One Place,DEV0010,2021-03-01,Foundation,2021-02-01,2021-05-22,2021-02-01,,25.5,30.6,5.1,0,,78638719.0,94366462.0,15727743.0,20.0,1850322789,94366462.0,5.1,CONT087,Gulf Contracting LLC,418,459,91.1,False,85.6,0,89.6,False,True,Structure,2021-05-27,2023-08-02,2023-08-08
CONS002042,PROJ051,One Place,DEV0010,2021-04-01,Foundation,2021-02-01,2021-05-22,2021-02-01,,53.6,52.5,-1.1,0,,165295502.0,161903244.0,-3392258.0,-2.1,1850322789,161903244.0,8.7,CONT087,Gulf Contracting LLC,416,562,74.0,False,78.8,0,86.6,False,False,Structure,2021-05-27,2023-08-02,2023-08-08
CONS002043,PROJ051,One Place,DEV0010,2021-05-01,Foundation,2021-02-01,2021-05-22,2021-02-01,,80.9,79.8,-1.1,0,,249485189.0,246092931.0,-3392258.0,-1.4,1850322789,246092931.0,13.3,CONT087,Gulf Contracting LLC,562,795,70.7,False,72.8,0,87.1,False,False,Structure,2021-05-27,2023-08-02,2023-08-08
CONS002044,PROJ051,One Place,DEV0010,2021-06-01,Foundation,2021-02-01,2021-05-22,2021-02-01,,100.0,89.6,-10.4,0,,308387132.0,276314870.0,-32072262.0,-10.4,1850322789,276314870.0,14.9,CONT087,Gulf Contracting LLC,158,162,97.5,False,97.6,0,85.1,True,False,Structure,2021-05-27,2023-08-02,2023-08-08
CONS002045,PROJ051,One Place,DEV0010,2021-07-01,Foundation,2021-02-01,2021-05-22,2021-02-01,,100.0,91.9,-8.1,0,,308387132.0,283407774.0,-24979358.0,-8.1,1850322789,283407774.0,15.3,CONT087,Gulf Contracting LLC,553,781,70.8,True,96.7,0,84.2,False,False,Structure,2021-05-27,2023-08-02,2023-08-08
CONS002046,PROJ051,One Place,DEV0010,2021-06-01,Structure,2021-06-01,2021-09-19,2021-06-01,,0.0,6.0,6.0,0,,308387132.0,326890359.0,18503227.0,6.0,1850322789,326890359.0,17.7,CONT087,Gulf Contracting LLC,702,759,92.5,False,94.8,0,87.1,False,False,MEP,2021-09-24,2023-08-02,2023-08-08
CONS002047,PROJ051,One Place,DEV0010,2021-07-01,Structure,2021-06-01,2021-09-19,2021-06-01,,27.3,15.9,-11.4,0,,392576818.0,357420685.0,-35156133.0,-9.0,1850322789,357420685.0,19.3,CONT087,Gulf Contracting LLC,328,445,73.7,False,88.9,0,82.8,True,False,MEP,2021-09-24,2023-08-02,2023-08-08
CONS002048,PROJ051,One Place,DEV0010,2021-08-01,Structure,2021-06-01,2021-09-19,2021-06-01,,55.5,50.3,-5.2,0,,479541989.0,463505859.0,-16036130.0,-3.3,1850322789,463505859.0,25.1,CONT087,Gulf Contracting LLC,554,563,98.4,False,84.5,0,88.1,False,False,MEP,2021-09-24,2023-08-02,2023-08-08
CONS002049,PROJ051,One Place,DEV0010,2021-09-01,Structure,2021-06-01,2021-09-19,2021-06-01,,83.6,93.4,9.8,0,,566198773.0,596420712.0,30221939.0,5.3,1850322789,596420712.0,32.2,CONT087,Gulf Contracting LLC,566,554,102.2,False,82.8,0,90.5,False,False,MEP,2021-09-24,2023-08-02,2023-08-08
CONS002050,PROJ051,One Place,DEV0010,2021-10-01,Structure,2021-06-01,2021-09-19,2021-06-01,,100.0,88.6,-11.4,0,,616774263.0,581618130.0,-35156133.0,-5.7,1850322789,581618130.0,31.4,CONT087,Gulf Contracting LLC,376,345,109.0,False,90.9,0,82.2,True,False,MEP,2021-09-24,2023-08-02,2023-08-08
CONS002051,PROJ051,One Place,DEV0010,2021-11-01,Structure,2021-06-01,2021-09-19,2021-06-01,2021-09-19,100.0,100.0,0.0,0,,616774263.0,616774263.0,0.0,0.0,1850322789,616774263.0,33.3,CONT087,Gulf Contracting LLC,355,408,87.0,True,83.7,0,88.1,False,False,MEP,2021-09-24,2023-08-02,2023-08-08
CONS002052,PROJ051,One Place,DEV0010,2021-09-29,MEP,2021-09-29,2022-01-17,2021-09-29,,0.0,7.0,7.0,0,,616774263.0,638361362.0,21587099.0,3.5,1850322789,638361362.0,34.5,CONT087,Gulf Contracting LLC,393,418,94.0,False,70.6,0,90.3,False,False,Façade,2022-01-22,2023-08-02,2023-08-08
CONS002053,PROJ051,One Place,DEV0010,2021-10-01,MEP,2021-09-29,2022-01-17,2021-09-29,,1.8,4.2,2.4,0,,622325231.0,629726523.0,7401292.0,1.2,1850322789,629726523.0,34.0,CONT087,Gulf Contracting LLC,467,651,71.7,False,73.7,2,79.1,False,True,Façade,2022-01-22,2023-08-02,2023-08-08
CONS002054,PROJ051,One Place,DEV0010,2021-11-01,MEP,2021-09-29,2022-01-17,2021-09-29,,30.0,36.3,6.3,0,,709290402.0,728718792.0,19428390.0,2.7,1850322789,728718792.0,39.4,CONT087,Gulf Contracting LLC,265,345,76.8,False,72.2,0,87.2,False,False,Façade,2022-01-22,2023-08-02,2023-08-08
CONS002055,PROJ051,One Place,DEV0010,2021-12-01,MEP,2021-09-29,2022-01-17,2021-09-29,,57.3,45.1,-12.2,0,,793480089.0,755856859.0,-37623230.0,-4.7,1850322789,755856859.0,40.8,CONT087,Gulf Contracting LLC,502,585,85.8,False,79.7,0,82.3,True,False,Façade,2022-01-22,2023-08-02,2023-08-08
CONS002056,PROJ051,One Place,DEV0010,2022-01-01,MEP,2021-09-29,2022-01-17,2021-09-29,,85.5,79.7,-5.8,0,,880445260.0,862558807.0,-17886453.0,-2.0,1850322789,862558807.0,46.6,CONT087,Gulf Contracting LLC,627,582,107.7,False,70.7,0,84.2,False,False,Façade,2022-01-22,2023-08-02,2023-08-08
CONS002057,PROJ051,One Place,DEV0010,2022-02-01,MEP,2021-09-29,2022-01-17,2021-09-29,2022-01-17,100.0,100.0,0.0,0,,925161394.0,925161394.0,0.0,0.0,1850322789,925161394.0,50.0,CONT087,Gulf Contracting LLC,296,294,100.7,True,86.9,0,86.6,False,False,Façade,2022-01-22,2023-08-02,2023-08-08
CONS002058,PROJ051,One Place,DEV0010,2022-03-01,MEP,2021-09-29,2022-01-17,2021-09-29,,100.0,95.5,-4.5,0,,925161394.0,911283974.0,-13877420.0,-1.5,1850322789,911283974.0,49.3,CONT087,Gulf Contracting LLC,577,754,76.5,True,97.3,0,87.0,False,False,Façade,2022-01-22,2023-08-02,2023-08-08
CONS002059,PROJ051,One Place,DEV0010,2022-01-27,Façade,2022-01-27,2022-05-17,2022-01-31,,0.0,0.0,0.0,5,Design Change,925161394.0,925161394.0,0.0,0.0,1850322789,925161394.0,50.0,CONT087,Gulf Contracting LLC,647,760,85.1,False,73.9,0,87.9,False,False,Fit-Out,2022-05-22,2023-08-02,2023-08-08
CONS002060,PROJ051,One Place,DEV0010,2022-02-01,Façade,2022-01-27,2022-05-17,2022-01-31,,4.5,0.0,-4.5,5,Design Change,939038815.0,925161394.0,-13877421.0,-1.5,1850322789,925161394.0,50.0,CONT087,Gulf Contracting LLC,605,738,82.0,False,77.8,0,86.7,False,False,Fit-Out,2022-05-22,2023-08-02,2023-08-08
CONS002061,PROJ051,One Place,DEV0010,2022-03-01,Façade,2022-01-27,2022-05-17,2022-01-31,,30.0,30.4,0.4,5,Financing,1017677534.0,1018911082.0,1233548.0,0.1,1850322789,1018911082.0,55.1,CONT087,Gulf Contracting LLC,383,405,94.6,False,74.6,0,90.1,False,False,Fit-Out,2022-05-22,2023-08-02,2023-08-08
CONS002062,PROJ051,One Place,DEV0010,2022-04-01,Façade,2022-01-27,2022-05-17,2022-01-31,,58.2,60.9,2.7,5,Weather,1104642705.0,1112969158.0,8326453.0,0.8,1850322789,1112969158.0,60.2,CONT087,Gulf Contracting LLC,132,162,81.5,False,95.1,0,89.5,False,False,Fit-Out,2022-05-22,2023-08-02,2023-08-08
CONS002063,PROJ051,One Place,DEV0010,2022-05-01,Façade,2022-01-27,2022-05-17,2022-01-31,,85.5,80.5,-5.0,5,Financing,1188832392.0,1173413035.0,-15419357.0,-1.3,1850322789,1173413035.0,63.4,CONT087,Gulf Contracting LLC,637,670,95.1,False,84.6,0,85.5,False,False,Fit-Out,2022-05-22,2023-08-02,2023-08-08
CONS002064,PROJ051,One Place,DEV0010,2022-06-01,Façade,2022-01-27,2022-05-17,2022-01-31,2022-05-22,100.0,100.0,0.0,5,Financing,1233548526.0,1233548526.0,0.0,0.0,1850322789,1233548526.0,66.7,CONT087,Gulf Contracting LLC,694,651,106.6,True,87.8,0,84.9,False,False,Fit-Out,2022-05-22,2023-08-02,2023-08-08
CONS002065,PROJ051,One Place,DEV0010,2022-07-01,Façade,2022-01-27,2022-05-17,2022-01-31,,100.0,92.2,-7.8,5,Weather,1233548526.0,1209494330.0,-24054196.0,-1.9,1850322789,1209494330.0,65.4,CONT087,Gulf Contracting LLC,727,698,104.2,True,80.3,0,83.5,False,False,Fit-Out,2022-05-22,2023-08-02,2023-08-08
CONS002066,PROJ051,One Place,DEV0010,2022-05-27,Fit-Out,2022-05-27,2022-09-14,2022-05-30,,0.0,4.0,4.0,3,COVID-19,1233548526.0,1245884011.0,12335485.0,1.0,1850322789,1245884011.0,67.3,CONT087,Gulf Contracting LLC,124,165,75.2,False,79.9,0,88.0,False,False,Handover,2022-09-19,2023-08-02,2023-08-08
CONS002067,PROJ051,One Place,DEV0010,2022-06-01,Fit-Out,2022-05-27,2022-09-14,2022-05-30,,4.5,0.0,-4.5,3,COVID-19,1247425947.0,1233548526.0,-13877421.0,-1.1,1850322789,1233548526.0,66.7,CONT087,Gulf Contracting LLC,320,314,101.9,False,82.5,0,87.6,False,False,Handover,2022-09-19,2023-08-02,2023-08-08
CONS002068,PROJ051,One Place,DEV0010,2022-07-01,Fit-Out,2022-05-27,2022-09-14,2022-05-30,,31.8,19.3,-12.5,3,Weather,1331615634.0,1293067242.0,-38548392.0,-2.9,1850322789,1293067242.0,69.9,CONT087,Gulf Contracting LLC,592,698,84.8,False,71.9,0,83.5,True,False,Handover,2022-09-19,2023-08-02,2023-08-08
CONS002069,PROJ051,One Place,DEV0010,2022-08-01,Fit-Out,2022-05-27,2022-09-14,2022-05-30,,60.0,65.4,5.4,3,Financing,1418580805.0,1435233710.0,16652905.0,1.2,1850322789,1435233710.0,77.6,CONT087,Gulf Contracting LLC,401,401,100.0,False,92.6,0,87.6,False,False,Handover,2022-09-19,2023-08-02,2023-08-08
CONS002070,PROJ051,One Place,DEV0010,2022-09-01,Fit-Out,2022-05-27,2022-09-14,2022-05-30,,88.2,94.8,6.6,3,Design Change,1505545976.0,1525899527.0,20353551.0,1.4,1850322789,1525899527.0,82.5,CONT087,Gulf Contracting LLC,410,430,95.3,False,79.9,0,87.8,False,False,Handover,2022-09-19,2023-08-02,2023-08-08
CONS002071,PROJ051,One Place,DEV0010,2022-10-01,Fit-Out,2022-05-27,2022-09-14,2022-05-30,2022-09-17,100.0,100.0,0.0,3,Design Change,1541935658.0,1541935658.0,0.0,0.0,1850322789,1541935658.0,83.3,CONT087,Gulf Contracting LLC,627,652,96.2,True,73.6,0,87.2,False,False,Handover,2022-09-19,2023-08-02,2023-08-08
CONS002072,PROJ051,One Place,DEV0010,2022-11-01,Fit-Out,2022-05-27,2022-09-14,2022-05-30,2022-09-17,100.0,100.0,0.0,3,Financing,1541935658.0,1541935658.0,0.0,0.0,1850322789,1541935658.0,83.3,CONT087,Gulf Contracting LLC,448,637,70.3,True,76.2,0,89.1,False,False,Handover,2022-09-19,2023-08-02,2023-08-08
CONS002073,PROJ051,One Place,DEV0010,2022-09-24,Handover,2022-09-24,2023-01-12,2022-09-30,,0.0,0.0,0.0,8,Material Delay,1541935658.0,1541935658.0,0.0,0.0,1850322789,1541935658.0,83.3,CONT087,Gulf Contracting LLC,494,529,93.4,False,92.0,0,90.5,False,False,Completed,2023-01-17,2023-08-02,2023-08-08
CONS002074,PROJ051,One Place,DEV0010,2022-10-01,Handover,2022-09-24,2023-01-12,2022-09-30,,6.4,0.0,-6.4,8,Regulatory,1561672434.0,1541935658.0,-19736776.0,-1.3,1850322789,1541935658.0,83.3,CONT087,Gulf Contracting LLC,175,174,100.6,False,76.9,0,85.0,False,False,Completed,2023-01-17,2023-08-02,2023-08-08
CONS002075,PROJ051,One Place,DEV0010,2022-11-01,Handover,2022-09-24,2023-01-12,2022-09-30,,34.5,40.0,5.5,8,Design Change,1648329218.0,1665290510.0,16961292.0,1.0,1850322789,1665290510.0,90.0,CONT087,Gulf Contracting LLC,407,385,105.7,False,91.6,0,88.9,False,False,Completed,2023-01-17,2023-08-02,2023-08-08
CONS002076,PROJ051,One Place,DEV0010,2022-12-01,Handover,2022-09-24,2023-01-12,2022-09-30,,61.8,64.2,2.4,8,Weather,1732518905.0,1739920196.0,7401291.0,0.4,1850322789,1739920196.0,94.0,CONT087,Gulf Contracting LLC,203,284,71.5,False,72.9,0,85.6,False,False,Completed,2023-01-17,2023-08-02,2023-08-08
CONS002077,PROJ051,One Place,DEV0010,2023-01-01,Handover,2022-09-24,2023-01-12,2022-09-30,,90.0,89.9,-0.1,8,Material Delay,1819484076.0,1819175689.0,-308387.0,-0.0,1850322789,1819175689.0,98.3,CONT087,Gulf Contracting LLC,361,369,97.8,False,71.2,0,91.1,False,False,Completed,2023-01-17,2023-08-02,2023-08-08
CONS002078,PROJ051,One Place,DEV0010,2023-02-01,Handover,2022-09-24,2023-01-12,2022-09-30,,100.0,90.4,-9.6,8,COVID-19,1850322789.0,1820717624.0,-29605165.0,-1.6,1850322789,1820717624.0,98.4,CONT087,Gulf Contracting LLC,384,357,107.6,True,71.0,0,81.6,False,False,Completed,2023-01-17,2023-08-02,2023-08-08
CONS002079,PROJ051,One Place,DEV0010,2023-03-01,Handover,2022-09-24,2023-01-12,2022-09-30,,100.0,99.2,-0.8,8,Financing,1850322789.0,1847855692.0,-2467097.0,-0.1,1850322789,1847855692.0,99.9,CONT087,Gulf Contracting LLC,454,597,76.0,True,76.9,0,89.4,False,False,Completed,2023-01-17,2023-08-02,2023-08-08
CONS002080,PROJ052,Sky Residences,DEV0045,2021-09-01,Foundation,2021-09-01,2021-12-20,2021-09-01,,0.0,0.0,0.0,0,,0.0,0.0,0.0,0.0,823907288,0.0,0.0,CONT156,ASGC Construction LLC,312,385,81.0,False,92.9,0,77.0,False,False,Structure,2021-12-25,2024-09-10,2024-09-27
CONS002081,PROJ052,Sky Residences,DEV0045,2021-10-01,Foundation,2021-09-01,2021-12-20,2021-09-01,,27.3,15.3,-12.0,0,,37487782.0,21009636.0,-16478146.0,-44.0,823907288,21009636.0,2.6,CONT156,ASGC Construction LLC,296,402,73.6,False,80.9,0,72.9,True,False,Structure,2021-12-25,2024-09-10,2024-09-27
CONS002082,PROJ052,Sky Residences,DEV0045,2021-11-01,Foundation,2021-09-01,2021-12-20,2021-09-01,,55.5,47.7,-7.8,0,,76211424.0,65500629.0,-10710795.0,-14.1,823907288,65500629.0,7.9,CONT156,ASGC Construction LLC,224,294,76.2,False,77.9,0,73.1,False,False,Structure,2021-12-25,2024-09-10,2024-09-27
CONS002083,PROJ052,Sky Residences,DEV0045,2021-12-01,Foundation,2021-09-01,2021-12-20,2021-09-01,,82.7,87.9,5.2,0,,113561888.0,120702418.0,7140530.0,6.3,823907288,120702418.0,14.7,CONT156,ASGC Construction LLC,183,190,96.3,False,97.0,0,84.1,False,False,Structure,2021-12-25,2024-09-10,2024-09-27
CONS002084,PROJ052,Sky Residences,DEV0045,2022-01-01,Foundation,2021-09-01,2021-12-20,2021-09-01,,100.0,95.5,-4.5,0,,137317881.0,131138577.0,-6179304.0,-4.5,823907288,131138577.0,15.9,CONT156,ASGC Construction LLC,719,730,98.5,True,97.1,0,76.8,False,False,Structure,2021-12-25,2024-09-10,2024-09-27
CONS002085,PROJ052,Sky Residences,DEV0045,2022-02-01,Foundation,2021-09-01,2021-12-20,2021-09-01,,100.0,93.5,-6.5,0,,137317881.0,128392219.0,-8925662.0,-6.5,823907288,128392219.0,15.6,CONT156,ASGC Construction LLC,586,634,92.4,True,74.5,0,75.8,False,False,Structure,2021-12-25,2024-09-10,2024-09-27
CONS002086,PROJ052,Sky Residences,DEV0045,2021-12-30,Structure,2021-12-30,2022-04-19,2021-12-30,,0.0,0.0,0.0,0,,137317881.0,137317881.0,0.0,0.0,823907288,137317881.0,16.7,CONT156,ASGC Construction LLC,219,300,73.0,False,88.4,0,79.5,False,False,MEP,2022-04-24,2024-09-10,2024-09-27
CONS002087,PROJ052,Sky Residences,DEV0045,2022-01-01,Structure,2021-12-30,2022-04-19,2021-12-30,,1.8,9.6,7.8,0,,139789603.0,150500398.0,10710795.0,7.7,823907288,150500398.0,18.3,CONT156,ASGC Construction LLC,555,645,86.0,False,71.9,0,78.7,False,False,MEP,2022-04-24,2024-09-10,2024-09-27
CONS002088,PROJ052,Sky Residences,DEV0045,2022-02-01,Structure,2021-12-30,2022-04-19,2021-12-30,,30.0,32.3,2.3,0,,178513246.0,181671557.0,3158311.0,1.8,823907288,181671557.0,22.0,CONT156,ASGC Construction LLC,157,202,77.7,False,75.5,0,78.4,False,False,MEP,2022-04-24,2024-09-10,2024-09-27
CONS002089,PROJ052,Sky Residences,DEV0045,2022-03-01,Structure,2021-12-30,2022-04-19,2021-12-30,,55.5,48.7,-6.8,0,,213529305.0,204191690.0,-9337615.0,-4.4,823907288,204191690.0,24.8,CONT156,ASGC Construction LLC,176,175,100.6,False,96.4,0,75.8,False,False,MEP,2022-04-24,2024-09-10,2024-09-27
CONS002090,PROJ052,Sky Residences,DEV0045,2022-04-01,Structure,2021-12-30,2022-04-19,2021-12-30,,83.6,76.4,-7.2,0,,252115630.0,242228743.0,-9886887.0,-3.9,823907288,242228743.0,29.4,CONT156,ASGC Construction LLC,530,705,75.2,False,92.9,0,74.5,False,False,MEP,2022-04-24,2024-09-10,2024-09-27
CONS002091,PROJ052,Sky Residences,DEV0045,2022-05-01,Structure,2021-12-30,2022-04-19,2021-12-30,,100.0,97.2,-2.8,0,,274635763.0,270790862.0,-3844901.0,-1.4,823907288,270790862.0,32.9,CONT156,ASGC Construction LLC,175,166,105.4,True,82.7,1,74.3,False,True,MEP,2022-04-24,2024-09-10,2024-09-27
CONS002092,PROJ052,Sky Residences,DEV0045,2022-06-01,Structure,2021-12-30,2022-04-19,2021-12-30,2022-04-19,100.0,100.0,0.0,0,,274635763.0,274635763.0,0.0,0.0,823907288,274635763.0,33.3,CONT156,ASGC Construction LLC,239,339,70.5,True,88.5,0,77.3,False,False,MEP,2022-04-24,2024-09-10,2024-09-27
CONS002093,PROJ052,Sky Residences,DEV0045,2022-04-29,MEP,2022-04-29,2022-08-17,2022-05-03,,0.0,0.0,0.0,10,Financing,274635763.0,274635763.0,0.0,0.0,823907288,274635763.0,33.3,CONT156,ASGC Construction LLC,480,605,79.3,False,81.6,0,74.6,False,False,Façade,2022-08-22,2024-09-10,2024-09-27
CONS002094,PROJ052,Sky Residences,DEV0045,2022-05-01,MEP,2022-04-29,2022-08-17,2022-05-03,,1.8,0.0,-1.8,10,Labour Shortage,277107485.0,274635763.0,-2471722.0,-0.9,823907288,274635763.0,33.3,CONT156,ASGC Construction LLC,154,157,98.1,False,96.0,0,76.6,False,False,Façade,2022-08-22,2024-09-10,2024-09-27
CONS002095,PROJ052,Sky Residences,DEV0045,2022-06-01,MEP,2022-04-29,2022-08-17,2022-05-03,,30.0,14.7,-15.3,10,Material Delay,315831127.0,294821491.0,-21009636.0,-6.7,823907288,294821491.0,35.8,CONT156,ASGC Construction LLC,233,241,96.7,False,89.1,0,73.6,True,False,Façade,2022-08-22,2024-09-10,2024-09-27
CONS002096,PROJ052,Sky Residences,DEV0045,2022-07-01,MEP,2022-04-29,2022-08-17,2022-05-03,,57.3,41.6,-15.7,10,Design Change,353318909.0,331760001.0,-21558908.0,-6.1,823907288,331760001.0,40.3,CONT156,ASGC Construction LLC,412,567,72.7,False,77.7,0,71.2,True,False,Façade,2022-08-22,2024-09-10,2024-09-27
CONS002097,PROJ052,Sky Residences,DEV0045,2022-08-01,MEP,2022-04-29,2022-08-17,2022-05-03,,85.5,86.7,1.2,10,COVID-19,392042551.0,393690366.0,1647815.0,0.4,823907288,393690366.0,47.8,CONT156,ASGC Construction LLC,251,261,96.2,False,70.3,0,76.4,False,False,Façade,2022-08-22,2024-09-10,2024-09-27
CONS002098,PROJ052,Sky Residences,DEV0045,2022-09-01,MEP,2022-04-29,2022-08-17,2022-05-03,,100.0,93.3,-6.7,10,Weather,411953644.0,402753346.0,-9200298.0,-2.2,823907288,402753346.0,48.9,CONT156,ASGC Construction LLC,478,608,78.6,True,90.5,0,74.6,False,False,Façade,2022-08-22,2024-09-10,2024-09-27
CONS002099,PROJ052,Sky Residences,DEV0045,2022-10-01,MEP,2022-04-29,2022-08-17,2022-05-03,,100.0,92.2,-7.8,10,Labour Shortage,411953644.0,401242849.0,-10710795.0,-2.6,823907288,401242849.0,48.7,CONT156,ASGC Construction LLC,395,392,100.8,True,85.0,0,77.8,False,False,Façade,2022-08-22,2024-09-10,2024-09-27
CONS002100,PROJ052,Sky Residences,DEV0045,2022-08-27,Façade,2022-08-27,2022-12-15,2022-08-27,,0.0,0.9,0.9,0,,411953644.0,413189505.0,1235861.0,0.3,823907288,413189505.0,50.2,CONT156,ASGC Construction LLC,417,463,90.1,False,80.1,0,77.0,False,False,Fit-Out,2022-12-20,2024-09-10,2024-09-27
CONS002101,PROJ052,Sky Residences,DEV0045,2022-09-01,Façade,2022-08-27,2022-12-15,2022-08-27,,4.5,0.0,-4.5,0,,418132949.0,411953644.0,-6179305.0,-1.5,823907288,411953644.0,50.0,CONT156,ASGC Construction LLC,584,755,77.4,False,84.5,0,79.2,False,False,Fit-Out,2022-12-20,2024-09-10,2024-09-27
CONS002102,PROJ052,Sky Residences,DEV0045,2022-10-01,Façade,2022-08-27,2022-12-15,2022-08-27,,31.8,21.1,-10.7,0,,455620730.0,440927717.0,-14693013.0,-3.2,823907288,440927717.0,53.5,CONT156,ASGC Construction LLC,676,617,109.6,False,76.1,0,73.3,True,False,Fit-Out,2022-12-20,2024-09-10,2024-09-27
CONS002103,PROJ052,Sky Residences,DEV0045,2022-11-01,Façade,2022-08-27,2022-12-15,2022-08-27,,60.0,57.4,-2.6,0,,494344373.0,490774108.0,-3570265.0,-0.7,823907288,490774108.0,59.6,CONT156,ASGC Construction LLC,121,153,79.1,False,92.6,0,77.6,False,False,Fit-Out,2022-12-20,2024-09-10,2024-09-27
CONS002104,PROJ052,Sky Residences,DEV0045,2022-12-01,Façade,2022-08-27,2022-12-15,2022-08-27,,87.3,81.7,-5.6,0,,531832154.0,524142353.0,-7689801.0,-1.4,823907288,524142353.0,63.6,CONT156,ASGC Construction LLC,320,425,75.3,False,82.8,0,75.1,False,False,Fit-Out,2022-12-20,2024-09-10,2024-09-27
CONS002105,PROJ052,Sky Residences,DEV0045,2023-01-01,Façade,2022-08-27,2022-12-15,2022-08-27,,100.0,94.7,-5.3,0,,549271525.0,541993678.0,-7277847.0,-1.3,823907288,541993678.0,65.8,CONT156,ASGC Construction LLC,696,795,87.5,True,81.3,0,77.6,False,False,Fit-Out,2022-12-20,2024-09-10,2024-09-27
CONS002106,PROJ052,Sky Residences,DEV0045,2023-02-01,Façade,2022-08-27,2022-12-15,2022-08-27,,100.0,89.3,-10.7,0,,549271525.0,534578512.0,-14693013.0,-2.7,823907288,534578512.0,64.9,CONT156,ASGC Construction LLC,686,625,109.8,False,73.0,0,72.3,True,False,Fit-Out,2022-12-20,2024-09-10,2024-09-27
CONS002107,PROJ052,Sky Residences,DEV0045,2022-12-25,Fit-Out,2022-12-25,2023-04-14,2022-12-25,,0.0,6.4,6.4,1,COVID-19,549271525.0,558059870.0,8788345.0,1.6,823907288,558059870.0,67.7,CONT156,ASGC Construction LLC,203,250,81.2,False,90.8,0,81.1,False,False,Handover,2023-04-19,2024-09-10,2024-09-27
CONS002108,PROJ052,Sky Residences,DEV0045,2023-01-01,Fit-Out,2022-12-25,2023-04-14,2022-12-25,,6.4,0.0,-6.4,1,Material Delay,558059870.0,549271525.0,-8788345.0,-1.6,823907288,549271525.0,66.7,CONT156,ASGC Construction LLC,154,205,75.1,False,72.9,0,76.0,False,False,Handover,2023-04-19,2024-09-10,2024-09-27
CONS002109,PROJ052,Sky Residences,DEV0045,2023-02-01,Fit-Out,2022-12-25,2023-04-14,2022-12-25,,34.5,29.2,-5.3,1,Labour Shortage,596646194.0,589368347.0,-7277847.0,-1.2,823907288,589368347.0,71.5,CONT156,ASGC Construction LLC,604,656,92.1,False,75.8,0,74.8,False,False,Handover,2023-04-19,2024-09-10,2024-09-27
CONS002110,PROJ052,Sky Residences,DEV0045,2023-03-01,Fit-Out,2022-12-25,2023-04-14,2022-12-25,,60.0,65.0,5.0,1,COVID-19,631662254.0,638528148.0,6865894.0,1.1,823907288,638528148.0,77.5,CONT156,ASGC Construction LLC,214,229,93.4,False,86.9,0,78.9,False,False,Handover,2023-04-19,2024-09-10,2024-09-27
CONS002111,PROJ052,Sky Residences,DEV0045,2023-04-01,Fit-Out,2022-12-25,2023-04-14,2022-12-25,,88.2,75.6,-12.6,1,Financing,670385897.0,653083844.0,-17302053.0,-2.6,823907288,653083844.0,79.3,CONT156,ASGC Construction LLC,630,677,93.1,False,76.3,0,77.0,True,False,Handover,2023-04-19,2024-09-10,2024-09-27
CONS002112,PROJ052,Sky Residences,DEV0045,2023-05-01,Fit-Out,2022-12-25,2023-04-14,2022-12-25,,100.0,91.7,-8.3,1,COVID-19,686589407.0,675192023.0,-11397384.0,-1.7,823907288,675192023.0,82.0,CONT156,ASGC Construction LLC,149,204,73.0,True,76.6,0,75.5,False,False,Handover,2023-04-19,2024-09-10,2024-09-27
CONS002113,PROJ052,Sky Residences,DEV0045,2023-06-01,Fit-Out,2022-12-25,2023-04-14,2022-12-25,,100.0,89.8,-10.2,1,Material Delay,686589407.0,672582983.0,-14006424.0,-2.0,823907288,672582983.0,81.6,CONT156,ASGC Construction LLC,698,714,97.8,False,82.9,0,73.2,True,False,Handover,2023-04-19,2024-09-10,2024-09-27
CONS002114,PROJ052,Sky Residences,DEV0045,2023-04-24,Handover,2023-04-24,2023-08-12,2023-04-24,,0.0,0.0,0.0,6,Weather,686589407.0,686589407.0,0.0,0.0,823907288,686589407.0,83.3,CONT156,ASGC Construction LLC,447,417,107.2,False,97.3,0,75.3,False,False,Completed,2023-08-17,2024-09-10,2024-09-27
CONS002115,PROJ052,Sky Residences,DEV0045,2023-05-01,Handover,2023-04-24,2023-08-12,2023-04-24,,6.4,3.8,-2.6,6,COVID-19,695377751.0,691807486.0,-3570265.0,-0.5,823907288,691807486.0,84.0,CONT156,ASGC Construction LLC,350,338,103.6,False,85.4,0,77.9,False,False,Completed,2023-08-17,2024-09-10,2024-09-27
CONS002116,PROJ052,Sky Residences,DEV0045,2023-06-01,Handover,2023-04-24,2023-08-12,2023-04-24,,34.5,37.9,3.4,6,Design Change,733964076.0,738632884.0,4668808.0,0.6,823907288,738632884.0,89.7,CONT156,ASGC Construction LLC,581,695,83.6,False,83.5,0,79.1,False,False,Completed,2023-08-17,2024-09-10,2024-09-27
CONS002117,PROJ052,Sky Residences,DEV0045,2023-07-01,Handover,2023-04-24,2023-08-12,2023-04-24,,61.8,48.2,-13.6,6,Financing,771451857.0,752776625.0,-18675232.0,-2.4,823907288,752776625.0,91.4,CONT156,ASGC Construction LLC,231,213,108.5,False,76.8,0,75.0,True,False,Completed,2023-08-17,2024-09-10,2024-09-27
CONS002118,PROJ052,Sky Residences,DEV0045,2023-08-01,Handover,2023-04-24,2023-08-12,2023-04-24,,90.0,74.4,-15.6,6,Regulatory,810175500.0,788753910.0,-21421590.0,-2.6,823907288,788753910.0,95.7,CONT156,ASGC Construction LLC,409,400,102.2,False,74.1,0,70.1,True,False,Completed,2023-08-17,2024-09-10,2024-09-27
CONS002119,PROJ052,Sky Residences,DEV0045,2023-09-01,Handover,2023-04-24,2023-08-12,2023-04-24,,100.0,92.7,-7.3,6,Labour Shortage,823907288.0,813883083.0,-10024205.0,-1.2,823907288,813883083.0,98.8,CONT156,ASGC Construction LLC,248,228,108.8,True,94.7,0,73.2,False,False,Completed,2023-08-17,2024-09-10,2024-09-27
CONS002120,PROJ052,Sky Residences,DEV0045,2023-10-01,Handover,2023-04-24,2023-08-12,2023-04-24,,100.0,97.7,-2.3,6,Regulatory,823907288.0,820748977.0,-3158311.0,-0.4,823907288,820748977.0,99.6,CONT156,ASGC Construction LLC,274,326,84.0,True,75.1,0,79.3,False,False,Completed,2023-08-17,2024-09-10,2024-09-27
CONS002121,PROJ053,Royal Residences,DEV0045,2019-11-01,Foundation,2019-11-01,2020-02-19,2019-11-01,,0.0,0.0,0.0,0,,0.0,0.0,0.0,0.0,471194706,0.0,0.0,CONT157,Consolidated Contractors (CCC) LLC,522,647,80.7,False,82.8,1,73.4,False,True,Structure,2020-02-24,2023-10-08,2024-02-04
CONS002122,PROJ053,Royal Residences,DEV0045,2019-12-01,Foundation,2019-11-01,2020-02-19,2019-11-01,,27.3,21.2,-6.1,0,,21439359.0,16648880.0,-4790479.0,-22.3,471194706,16648880.0,3.5,CONT157,Consolidated Contractors (CCC) LLC,281,348,80.7,False,80.4,0,76.9,False,False,Structure,2020-02-24,2023-10-08,2024-02-04
CONS002123,PROJ053,Royal Residences,DEV0045,2020-01-01,Foundation,2019-11-01,2020-02-19,2019-11-01,,55.5,61.1,5.6,0,,43585510.0,47983328.0,4397818.0,10.1,471194706,47983328.0,10.2,CONT157,Consolidated Contractors (CCC) LLC,825,786,105.0,False,82.5,0,77.5,False,False,Structure,2020-02-24,2023-10-08,2024-02-04
CONS002124,PROJ053,Royal Residences,DEV0045,2020-02-01,Foundation,2019-11-01,2020-02-19,2019-11-01,,83.6,76.2,-7.4,0,,65653129.0,59841728.0,-5811401.0,-8.9,471194706,59841728.0,12.7,CONT157,Consolidated Contractors (CCC) LLC,263,293,89.8,False,80.4,0,73.5,False,False,Structure,2020-02-24,2023-10-08,2024-02-04
CONS002125,PROJ053,Royal Residences,DEV0045,2020-03-01,Foundation,2019-11-01,2020-02-19,2019-11-01,,100.0,93.1,-6.9,0,,78532451.0,73113712.0,-5418739.0,-6.9,471194706,73113712.0,15.5,CONT157,Consolidated Contractors (CCC) LLC,519,617,84.1,True,90.6,0,77.6,False,False,Structure,2020-02-24,2023-10-08,2024-02-04
CONS002126,PROJ053,Royal Residences,DEV0045,2020-04-01,Foundation,2019-11-01,2020-02-19,2019-11-01,2020-02-19,100.0,100.0,0.0,0,,78532451.0,78532451.0,0.0,0.0,471194706,78532451.0,16.7,CONT157,Consolidated Contractors (CCC) LLC,601,737,81.5,True,97.4,0,79.8,False,False,Structure,2020-02-24,2023-10-08,2024-02-04
CONS002127,PROJ053,Royal Residences,DEV0045,2020-02-29,Structure,2020-02-29,2020-06-18,2020-03-01,,0.0,0.0,0.0,2,Labour Shortage,78532451.0,78532451.0,0.0,0.0,471194706,78532451.0,16.7,CONT157,Consolidated Contractors (CCC) LLC,286,317,90.2,False,88.7,0,75.5,False,False,MEP,2020-06-23,2023-10-08,2024-02-04
CONS002128,PROJ053,Royal Residences,DEV0045,2020-03-01,Structure,2020-02-29,2020-06-18,2020-03-01,,0.9,0.0,-0.9,2,Material Delay,79239243.0,78532451.0,-706792.0,-0.9,471194706,78532451.0,16.7,CONT157,Consolidated Contractors (CCC) LLC,312,357,87.4,False,82.6,0,74.9,False,False,MEP,2020-06-23,2023-10-08,2024-02-04
CONS002129,PROJ053,Royal Residences,DEV0045,2020-04-01,Structure,2020-02-29,2020-06-18,2020-03-01,,29.1,23.7,-5.4,2,Regulatory,101385394.0,97144642.0,-4240752.0,-4.2,471194706,97144642.0,20.6,CONT157,Consolidated Contractors (CCC) LLC,128,176,72.7,False,85.2,0,75.9,False,False,MEP,2020-06-23,2023-10-08,2024-02-04
CONS002130,PROJ053,Royal Residences,DEV0045,2020-05-01,Structure,2020-02-29,2020-06-18,2020-03-01,,56.4,59.6,3.2,2,COVID-19,122824753.0,125337792.0,2513039.0,2.0,471194706,125337792.0,26.6,CONT157,Consolidated Contractors (CCC) LLC,393,375,104.8,False,76.9,0,77.1,False,False,MEP,2020-06-23,2023-10-08,2024-02-04
CONS002131,PROJ053,Royal Residences,DEV0045,2020-06-01,Structure,2020-02-29,2020-06-18,2020-03-01,,84.5,81.3,-3.2,2,Regulatory,144892372.0,142379334.0,-2513038.0,-1.7,471194706,142379334.0,30.2,CONT157,Consolidated Contractors (CCC) LLC,294,325,90.5,False,85.6,0,75.1,False,False,MEP,2020-06-23,2023-10-08,2024-02-04
CONS002132,PROJ053,Royal Residences,DEV0045,2020-07-01,Structure,2020-02-29,2020-06-18,2020-03-01,,100.0,92.1,-7.9,2,Labour Shortage,157064902.0,150860838.0,-6204064.0,-4.0,471194706,150860838.0,32.0,CONT157,Consolidated Contractors (CCC) LLC,515,518,99.4,True,91.9,0,72.8,False,False,MEP,2020-06-23,2023-10-08,2024-02-04
CONS002133,PROJ053,Royal Residences,DEV0045,2020-08-01,Structure,2020-02-29,2020-06-18,2020-03-01,,100.0,90.5,-9.5,2,Regulatory,157064902.0,149604319.0,-7460583.0,-4.8,471194706,149604319.0,31.7,CONT157,Consolidated Contractors (CCC) LLC,705,645,109.3,True,73.9,0,73.9,False,False,MEP,2020-06-23,2023-10-08,2024-02-04
CONS002134,PROJ053,Royal Residences,DEV0045,2020-06-28,MEP,2020-06-28,2020-10-16,2020-06-28,,0.0,0.0,0.0,8,COVID-19,157064902.0,157064902.0,0.0,0.0,471194706,157064902.0,33.3,CONT157,Consolidated Contractors (CCC) LLC,203,226,89.8,False,70.2,0,75.4,False,False,Façade,2020-10-21,2023-10-08,2024-02-04
CONS002135,PROJ053,Royal Residences,DEV0045,2020-07-01,MEP,2020-06-28,2020-10-16,2020-06-28,,2.7,7.1,4.4,8,Financing,159185278.0,162640706.0,3455428.0,2.2,471194706,162640706.0,34.5,CONT157,Consolidated Contractors (CCC) LLC,345,478,72.2,False,77.7,0,76.8,False,False,Façade,2020-10-21,2023-10-08,2024-02-04
CONS002136,PROJ053,Royal Residences,DEV0045,2020-08-01,MEP,2020-06-28,2020-10-16,2020-06-28,,30.9,27.0,-3.9,8,Weather,181331429.0,178268664.0,-3062765.0,-1.7,471194706,178268664.0,37.8,CONT157,Consolidated Contractors (CCC) LLC,222,271,81.9,False,82.1,0,77.1,False,False,Façade,2020-10-21,2023-10-08,2024-02-04
CONS002137,PROJ053,Royal Residences,DEV0045,2020-09-01,MEP,2020-06-28,2020-10-16,2020-06-28,,59.1,45.0,-14.1,8,Weather,203477581.0,192404505.0,-11073076.0,-5.4,471194706,192404505.0,40.8,CONT157,Consolidated Contractors (CCC) LLC,497,625,79.5,False,73.2,0,73.4,True,False,Façade,2020-10-21,2023-10-08,2024-02-04
CONS002138,PROJ053,Royal Residences,DEV0045,2020-10-01,MEP,2020-06-28,2020-10-16,2020-06-28,,86.4,74.6,-11.8,8,Financing,224916940.0,215650110.0,-9266830.0,-4.1,471194706,215650110.0,45.8,CONT157,Consolidated Contractors (CCC) LLC,684,627,109.1,False,91.7,0,75.1,True,False,Façade,2020-10-21,2023-10-08,2024-02-04
CONS002139,PROJ053,Royal Residences,DEV0045,2020-11-01,MEP,2020-06-28,2020-10-16,2020-06-28,2020-10-24,100.0,100.0,0.0,8,Weather,235597353.0,235597353.0,0.0,0.0,471194706,235597353.0,50.0,CONT157,Consolidated Contractors (CCC) LLC,479,597,80.2,True,81.3,2,64.4,False,True,Façade,2020-10-21,2023-10-08,2024-02-04
CONS002140,PROJ053,Royal Residences,DEV0045,2020-12-01,MEP,2020-06-28,2020-10-16,2020-06-28,2020-10-24,100.0,100.0,0.0,8,Regulatory,235597353.0,235597353.0,0.0,0.0,471194706,235597353.0,50.0,CONT157,Consolidated Contractors (CCC) LLC,155,214,72.4,True,80.2,0,77.7,False,False,Façade,2020-10-21,2023-10-08,2024-02-04
CONS002141,PROJ053,Royal Residences,DEV0045,2020-10-26,Façade,2020-10-26,2021-02-13,2020-10-26,,0.0,0.0,0.0,0,,235597353.0,235597353.0,0.0,0.0,471194706,235597353.0,50.0,CONT157,Consolidated Contractors (CCC) LLC,373,422,88.4,False,96.9,0,81.9,False,False,Fit-Out,2021-02-18,2023-10-08,2024-02-04
CONS002142,PROJ053,Royal Residences,DEV0045,2020-11-01,Façade,2020-10-26,2021-02-13,2020-10-26,,5.5,0.0,-5.5,0,,239916638.0,235597353.0,-4319285.0,-1.8,471194706,235597353.0,50.0,CONT157,Consolidated Contractors (CCC) LLC,348,457,76.1,False,86.8,0,75.3,False,False,Fit-Out,2021-02-18,2023-10-08,2024-02-04
CONS002143,PROJ053,Royal Residences,DEV0045,2020-12-01,Façade,2020-10-26,2021-02-13,2020-10-26,,32.7,27.0,-5.7,0,,261277464.0,256801115.0,-4476349.0,-1.7,471194706,256801115.0,54.5,CONT157,Consolidated Contractors (CCC) LLC,291,320,90.9,False,77.9,0,77.6,False,False,Fit-Out,2021-02-18,2023-10-08,2024-02-04
CONS002144,PROJ053,Royal Residences,DEV0045,2021-01-01,Façade,2020-10-26,2021-02-13,2020-10-26,,60.9,50.3,-10.6,0,,283423616.0,275099176.0,-8324440.0,-2.9,471194706,275099176.0,58.4,CONT157,Consolidated Contractors (CCC) LLC,396,525,75.4,False,70.3,0,76.2,True,False,Fit-Out,2021-02-18,2023-10-08,2024-02-04
CONS002145,PROJ053,Royal Residences,DEV0045,2021-02-01,Façade,2020-10-26,2021-02-13,2020-10-26,,89.1,95.9,6.8,0,,305569767.0,310909974.0,5340207.0,1.7,471194706,310909974.0,66.0,CONT157,Consolidated Contractors (CCC) LLC,132,153,86.3,False,88.3,0,81.5,False,False,Fit-Out,2021-02-18,2023-10-08,2024-02-04
CONS002146,PROJ053,Royal Residences,DEV0045,2021-03-01,Façade,2020-10-26,2021-02-13,2020-10-26,,100.0,97.7,-2.3,0,,314129804.0,312323558.0,-1806246.0,-0.6,471194706,312323558.0,66.3,CONT157,Consolidated Contractors (CCC) LLC,369,349,105.7,True,73.5,0,77.3,False,False,Fit-Out,2021-02-18,2023-10-08,2024-02-04
CONS002147,PROJ053,Royal Residences,DEV0045,2021-04-01,Façade,2020-10-26,2021-02-13,2020-10-26,2021-02-13,100.0,100.0,0.0,0,,314129804.0,314129804.0,0.0,0.0,471194706,314129804.0,66.7,CONT157,Consolidated Contractors (CCC) LLC,133,157,84.7,True,77.7,0,78.8,False,False,Fit-Out,2021-02-18,2023-10-08,2024-02-04
CONS002148,PROJ053,Royal Residences,DEV0045,2021-02-23,Fit-Out,2021-02-23,2021-06-13,2021-02-28,,0.0,0.0,0.0,16,Regulatory,314129804.0,314129804.0,0.0,0.0,471194706,314129804.0,66.7,CONT157,Consolidated Contractors (CCC) LLC,583,534,109.2,False,84.0,0,79.1,False,False,Handover,2021-06-18,2023-10-08,2024-02-04
CONS002149,PROJ053,Royal Residences,DEV0045,2021-03-01,Fit-Out,2021-02-23,2021-06-13,2021-02-28,,5.5,7.6,2.1,16,Design Change,318449089.0,320098270.0,1649181.0,0.5,471194706,320098270.0,67.9,CONT157,Consolidated Contractors (CCC) LLC,223,310,71.9,False,70.5,0,79.6,False,False,Handover,2021-06-18,2023-10-08,2024-02-04
CONS002150,PROJ053,Royal Residences,DEV0045,2021-04-01,Fit-Out,2021-02-23,2021-06-13,2021-02-28,,33.6,21.1,-12.5,16,Design Change,340516708.0,330700151.0,-9816557.0,-2.9,471194706,330700151.0,70.2,CONT157,Consolidated Contractors (CCC) LLC,425,499,85.2,False,87.2,0,71.7,True,False,Handover,2021-06-18,2023-10-08,2024-02-04
CONS002151,PROJ053,Royal Residences,DEV0045,2021-05-01,Fit-Out,2021-02-23,2021-06-13,2021-02-28,,60.9,50.5,-10.4,16,Material Delay,361956067.0,353788692.0,-8167375.0,-2.3,471194706,353788692.0,75.1,CONT157,Consolidated Contractors (CCC) LLC,348,378,92.1,False,76.7,0,71.2,True,False,Handover,2021-06-18,2023-10-08,2024-02-04
CONS002152,PROJ053,Royal Residences,DEV0045,2021-06-01,Fit-Out,2021-02-23,2021-06-13,2021-02-28,,89.1,91.2,2.1,16,Financing,384102218.0,385751399.0,1649181.0,0.4,471194706,385751399.0,81.9,CONT157,Consolidated Contractors (CCC) LLC,431,484,89.0,False,90.5,0,75.2,False,False,Handover,2021-06-18,2023-10-08,2024-02-04
CONS002153,PROJ053,Royal Residences,DEV0045,2021-07-01,Fit-Out,2021-02-23,2021-06-13,2021-02-28,,100.0,85.1,-14.9,16,Design Change,392662255.0,380960920.0,-11701335.0,-3.0,471194706,380960920.0,80.9,CONT157,Consolidated Contractors (CCC) LLC,196,237,82.7,False,74.6,0,72.7,True,False,Handover,2021-06-18,2023-10-08,2024-02-04
CONS002154,PROJ053,Royal Residences,DEV0045,2021-08-01,Fit-Out,2021-02-23,2021-06-13,2021-02-28,,100.0,99.6,-0.4,16,Design Change,392662255.0,392348125.0,-314130.0,-0.1,471194706,392348125.0,83.3,CONT157,Consolidated Contractors (CCC) LLC,636,739,86.1,True,80.9,0,78.8,False,False,Handover,2021-06-18,2023-10-08,2024-02-04
CONS002155,PROJ053,Royal Residences,DEV0045,2021-06-23,Handover,2021-06-23,2021-10-11,2021-06-23,,0.0,0.8,0.8,0,,392662255.0,393290515.0,628260.0,0.2,471194706,393290515.0,83.5,CONT157,Consolidated Contractors (CCC) LLC,259,311,83.3,False,71.4,0,75.7,False,False,Completed,2021-10-16,2023-10-08,2024-02-04
CONS002156,PROJ053,Royal Residences,DEV0045,2021-07-01,Handover,2021-06-23,2021-10-11,2021-06-23,,7.3,7.9,0.6,0,,398395124.0,398866319.0,471195.0,0.1,471194706,398866319.0,84.7,CONT157,Consolidated Contractors (CCC) LLC,442,474,93.2,False,92.5,0,79.7,False,False,Completed,2021-10-16,2023-10-08,2024-02-04
CONS002157,PROJ053,Royal Residences,DEV0045,2021-08-01,Handover,2021-06-23,2021-10-11,2021-06-23,,35.5,29.3,-6.2,0,,420541275.0,415672263.0,-4869012.0,-1.2,471194706,415672263.0,88.2,CONT157,Consolidated Contractors (CCC) LLC,127,159,79.9,False,88.5,0,74.8,False,False,Completed,2021-10-16,2023-10-08,2024-02-04
CONS002158,PROJ053,Royal Residences,DEV0045,2021-09-01,Handover,2021-06-23,2021-10-11,2021-06-23,,63.6,54.6,-9.0,0,,442608894.0,435540973.0,-7067921.0,-1.6,471194706,435540973.0,92.4,CONT157,Consolidated Contractors (CCC) LLC,189,233,81.1,False,76.4,0,74.0,False,False,Completed,2021-10-16,2023-10-08,2024-02-04
CONS002159,PROJ053,Royal Residences,DEV0045,2021-10-01,Handover,2021-06-23,2021-10-11,2021-06-23,,90.9,88.9,-2.0,0,,464048253.0,462477604.0,-1570649.0,-0.3,471194706,462477604.0,98.2,CONT157,Consolidated Contractors (CCC) LLC,247,276,89.5,False,73.6,0,75.4,False,False,Completed,2021-10-16,2023-10-08,2024-02-04
CONS002160,PROJ053,Royal Residences,DEV0045,2021-11-01,Handover,2021-06-23,2021-10-11,2021-06-23,,100.0,96.8,-3.2,0,,471194706.0,468681668.0,-2513038.0,-0.5,471194706,468681668.0,99.5,CONT157,Consolidated Contractors (CCC) LLC,667,742,89.9,True,88.3,0,73.0,False,False,Completed,2021-10-16,2023-10-08,2024-02-04
CONS002161,PROJ053,Royal Residences,DEV0045,2021-12-01,Handover,2021-06-23,2021-10-11,2021-06-23,,100.0,92.1,-7.9,0,,471194706.0,464990642.0,-6204064.0,-1.3,471194706,464990642.0,98.7,CONT157,Consolidated Contractors (CCC) LLC,315,400,78.8,True,79.3,0,75.8,False,False,Completed,2021-10-16,2023-10-08,2024-02-04
CONS002162,PROJ054,One Bay,DEV0026,2020-07-01,Foundation,2020-07-01,2020-10-19,2020-07-25,,0.0,0.0,0.0,37,COVID-19,0.0,0.0,0.0,0.0,1167792741,0.0,0.0,CONT147,Gulf Contracting LLC,237,274,86.5,False,95.3,0,80.3,True,False,Structure,2020-10-24,2023-10-21,2024-06-27
CONS002163,PROJ054,One Bay,DEV0026,2020-08-01,Foundation,2020-07-01,2020-10-19,2020-07-25,,28.2,17.1,-11.1,37,Financing,54886259.0,33282093.0,-21604166.0,-39.4,1167792741,33282093.0,2.8,CONT147,Gulf Contracting LLC,495,496,99.8,False,81.0,0,73.4,True,False,Structure,2020-10-24,2023-10-21,2024-06-27
CONS002164,PROJ054,One Bay,DEV0026,2020-09-01,Foundation,2020-07-01,2020-10-19,2020-07-25,,56.4,41.6,-14.8,37,Material Delay,109772518.0,80966963.0,-28805555.0,-26.2,1167792741,80966963.0,6.9,CONT147,Gulf Contracting LLC,438,621,70.5,False,95.2,0,68.8,True,False,Structure,2020-10-24,2023-10-21,2024-06-27
CONS002165,PROJ054,One Bay,DEV0026,2020-10-01,Foundation,2020-07-01,2020-10-19,2020-07-25,,83.6,73.4,-10.2,37,Material Delay,162712455.0,142859979.0,-19852476.0,-12.2,1167792741,142859979.0,12.2,CONT147,Gulf Contracting LLC,163,216,75.5,False,85.8,0,75.4,True,False,Structure,2020-10-24,2023-10-21,2024-06-27
CONS002166,PROJ054,One Bay,DEV0026,2020-11-01,Foundation,2020-07-01,2020-10-19,2020-07-25,,100.0,87.5,-12.5,37,Weather,194632124.0,170303108.0,-24329016.0,-12.5,1167792741,170303108.0,14.6,CONT147,Gulf Contracting LLC,300,284,105.6,False,77.9,0,69.9,True,False,Structure,2020-10-24,2023-10-21,2024-06-27
CONS002167,PROJ054,One Bay,DEV0026,2020-12-01,Foundation,2020-07-01,2020-10-19,2020-07-25,,100.0,87.0,-13.0,37,Material Delay,194632124.0,169329947.0,-25302177.0,-13.0,1167792741,169329947.0,14.5,CONT147,Gulf Contracting LLC,508,557,91.2,False,90.6,0,70.6,True,False,Structure,2020-10-24,2023-10-21,2024-06-27
CONS002168,PROJ054,One Bay,DEV0026,2020-10-29,Structure,2020-10-29,2021-02-16,2020-11-11,,0.0,0.0,0.0,29,Labour Shortage,194632124.0,194632124.0,0.0,0.0,1167792741,194632124.0,16.7,CONT147,Gulf Contracting LLC,581,690,84.2,False,76.3,0,76.4,False,False,MEP,2021-02-21,2023-10-21,2024-06-27
CONS002169,PROJ054,One Bay,DEV0026,2020-11-01,Structure,2020-10-29,2021-02-16,2020-11-11,,2.7,0.0,-2.7,29,Financing,199887191.0,194632124.0,-5255067.0,-2.6,1167792741,194632124.0,16.7,CONT147,Gulf Contracting LLC,757,731,103.6,False,96.2,0,76.3,False,False,MEP,2021-02-21,2023-10-21,2024-06-27
CONS002170,PROJ054,One Bay,DEV0026,2020-12-01,Structure,2020-10-29,2021-02-16,2020-11-11,,30.0,24.1,-5.9,29,Financing,253021761.0,241538465.0,-11483296.0,-4.5,1167792741,241538465.0,20.7,CONT147,Gulf Contracting LLC,603,672,89.7,False,70.1,0,73.1,False,False,MEP,2021-02-21,2023-10-21,2024-06-27
CONS002171,PROJ054,One Bay,DEV0026,2021-01-01,Structure,2020-10-29,2021-02-16,2020-11-11,,58.2,56.6,-1.6,29,Financing,307908019.0,304793905.0,-3114114.0,-1.0,1167792741,304793905.0,26.1,CONT147,Gulf Contracting LLC,260,293,88.7,False,94.5,0,75.9,False,False,MEP,2021-02-21,2023-10-21,2024-06-27
CONS002172,PROJ054,One Bay,DEV0026,2021-02-01,Structure,2020-10-29,2021-02-16,2020-11-11,,86.4,80.3,-6.1,29,Material Delay,362794278.0,350921719.0,-11872559.0,-3.3,1167792741,350921719.0,30.1,CONT147,Gulf Contracting LLC,490,550,89.1,False,97.5,0,76.5,False,False,MEP,2021-02-21,2023-10-21,2024-06-27
CONS002173,PROJ054,One Bay,DEV0026,2021-03-01,Structure,2020-10-29,2021-02-16,2020-11-11,,100.0,76.3,-23.7,29,Material Delay,389264247.0,343136434.0,-46127813.0,-11.8,1167792741,343136434.0,29.4,CONT147,Gulf Contracting LLC,151,167,90.4,False,76.0,0,71.5,True,False,MEP,2021-02-21,2023-10-21,2024-06-27
CONS002174,PROJ054,One Bay,DEV0026,2021-04-01,Structure,2020-10-29,2021-02-16,2020-11-11,,100.0,89.2,-10.8,29,Labour Shortage,389264247.0,368243978.0,-21020269.0,-5.4,1167792741,368243978.0,31.5,CONT147,Gulf Contracting LLC,236,244,96.7,False,96.2,0,76.2,True,False,MEP,2021-02-21,2023-10-21,2024-06-27
CONS002175,PROJ054,One Bay,DEV0026,2021-02-26,MEP,2021-02-26,2021-06-16,2021-03-02,,0.0,0.0,0.0,7,Regulatory,389264247.0,389264247.0,0.0,0.0,1167792741,389264247.0,33.3,CONT147,Gulf Contracting LLC,555,594,93.4,False,85.6,0,80.7,False,False,Façade,2021-06-21,2023-10-21,2024-06-27
CONS002176,PROJ054,One Bay,DEV0026,2021-03-01,MEP,2021-02-26,2021-06-16,2021-03-02,,2.7,0.0,-2.7,7,Material Delay,394519314.0,389264247.0,-5255067.0,-1.3,1167792741,389264247.0,33.3,CONT147,Gulf Contracting LLC,172,198,86.9,False,77.2,2,67.7,False,True,Façade,2021-06-21,2023-10-21,2024-06-27
CONS002177,PROJ054,One Bay,DEV0026,2021-04-01,MEP,2021-02-26,2021-06-16,2021-03-02,,30.9,15.4,-15.5,7,COVID-19,449405573.0,419237594.0,-30167979.0,-6.7,1167792741,419237594.0,35.9,CONT147,Gulf Contracting LLC,690,685,100.7,False,74.6,0,71.8,True,False,Façade,2021-06-21,2023-10-21,2024-06-27
CONS002178,PROJ054,One Bay,DEV0026,2021-05-01,MEP,2021-02-26,2021-06-16,2021-03-02,,58.2,62.6,4.4,7,Material Delay,502540143.0,511103956.0,8563813.0,1.7,1167792741,511103956.0,43.8,CONT147,Gulf Contracting LLC,164,193,85.0,False,80.8,0,79.9,False,False,Façade,2021-06-21,2023-10-21,2024-06-27
CONS002179,PROJ054,One Bay,DEV0026,2021-06-01,MEP,2021-02-26,2021-06-16,2021-03-02,,86.4,77.4,-9.0,7,COVID-19,557426402.0,539909511.0,-17516891.0,-3.1,1167792741,539909511.0,46.2,CONT147,Gulf Contracting LLC,604,651,92.8,False,97.5,0,75.1,False,False,Façade,2021-06-21,2023-10-21,2024-06-27
CONS002180,PROJ054,One Bay,DEV0026,2021-07-01,MEP,2021-02-26,2021-06-16,2021-03-02,,100.0,94.5,-5.5,7,Financing,583896370.0,573191604.0,-10704766.0,-1.8,1167792741,573191604.0,49.1,CONT147,Gulf Contracting LLC,204,261,78.2,True,72.6,0,76.3,False,False,Façade,2021-06-21,2023-10-21,2024-06-27
CONS002181,PROJ054,One Bay,DEV0026,2021-08-01,MEP,2021-02-26,2021-06-16,2021-03-02,,100.0,84.6,-15.4,7,COVID-19,583896370.0,553923023.0,-29973347.0,-5.1,1167792741,553923023.0,47.4,CONT147,Gulf Contracting LLC,505,520,97.1,False,75.7,0,72.6,True,False,Façade,2021-06-21,2023-10-21,2024-06-27
CONS002182,PROJ054,One Bay,DEV0026,2021-06-26,Façade,2021-06-26,2021-10-14,2021-06-26,,0.0,3.9,3.9,0,,583896370.0,591487023.0,7590653.0,1.3,1167792741,591487023.0,50.6,CONT147,Gulf Contracting LLC,546,768,71.1,False,76.5,0,76.2,False,False,Fit-Out,2021-10-19,2023-10-21,2024-06-27
CONS002183,PROJ054,One Bay,DEV0026,2021-07-01,Façade,2021-06-26,2021-10-14,2021-06-26,,4.5,0.0,-4.5,0,,592654816.0,583896370.0,-8758446.0,-1.5,1167792741,583896370.0,50.0,CONT147,Gulf Contracting LLC,538,492,109.3,False,83.4,0,73.5,False,False,Fit-Out,2021-10-19,2023-10-21,2024-06-27
CONS002184,PROJ054,One Bay,DEV0026,2021-08-01,Façade,2021-06-26,2021-10-14,2021-06-26,,32.7,26.1,-6.6,0,,647541075.0,634695355.0,-12845720.0,-2.0,1167792741,634695355.0,54.4,CONT147,Gulf Contracting LLC,348,384,90.6,False,72.4,0,74.7,False,False,Fit-Out,2021-10-19,2023-10-21,2024-06-27
CONS002185,PROJ054,One Bay,DEV0026,2021-09-01,Façade,2021-06-26,2021-10-14,2021-06-26,,60.9,62.2,1.3,0,,702427334.0,704957551.0,2530217.0,0.4,1167792741,704957551.0,60.4,CONT147,Gulf Contracting LLC,268,270,99.3,False,73.9,0,77.6,False,False,Fit-Out,2021-10-19,2023-10-21,2024-06-27
CONS002186,PROJ054,One Bay,DEV0026,2021-10-01,Façade,2021-06-26,2021-10-14,2021-06-26,,88.2,86.2,-2.0,0,,755561903.0,751669261.0,-3892642.0,-0.5,1167792741,751669261.0,64.4,CONT147,Gulf Contracting LLC,166,209,79.4,False,77.0,0,74.9,False,False,Fit-Out,2021-10-19,2023-10-21,2024-06-27
CONS002187,PROJ054,One Bay,DEV0026,2021-11-01,Façade,2021-06-26,2021-10-14,2021-06-26,2021-10-14,100.0,100.0,0.0,0,,778528494.0,778528494.0,0.0,0.0,1167792741,778528494.0,66.7,CONT147,Gulf Contracting LLC,689,708,97.3,True,85.0,1,72.7,False,True,Fit-Out,2021-10-19,2023-10-21,2024-06-27
CONS002188,PROJ054,One Bay,DEV0026,2021-12-01,Façade,2021-06-26,2021-10-14,2021-06-26,,100.0,90.5,-9.5,0,,778528494.0,760038442.0,-18490052.0,-2.4,1167792741,760038442.0,65.1,CONT147,Gulf Contracting LLC,708,756,93.7,True,94.3,0,78.2,False,False,Fit-Out,2021-10-19,2023-10-21,2024-06-27
CONS002189,PROJ054,One Bay,DEV0026,2021-10-24,Fit-Out,2021-10-24,2022-02-11,2021-10-24,,0.0,0.0,0.0,0,,778528494.0,778528494.0,0.0,0.0,1167792741,778528494.0,66.7,CONT147,Gulf Contracting LLC,541,748,72.3,False,88.9,0,73.4,False,False,Handover,2022-02-16,2023-10-21,2024-06-27
CONS002190,PROJ054,One Bay,DEV0026,2021-11-01,Fit-Out,2021-10-24,2022-02-11,2021-10-24,,7.3,2.3,-5.0,0,,792736639.0,783005033.0,-9731606.0,-1.2,1167792741,783005033.0,67.1,CONT147,Gulf Contracting LLC,552,640,86.2,False,70.8,0,76.6,False,False,Handover,2022-02-16,2023-10-21,2024-06-27
CONS002191,PROJ054,One Bay,DEV0026,2021-12-01,Fit-Out,2021-10-24,2022-02-11,2021-10-24,,34.5,43.1,8.6,0,,845676577.0,862414939.0,16738362.0,2.0,1167792741,862414939.0,73.8,CONT147,Gulf Contracting LLC,555,587,94.5,False,88.2,0,79.3,False,False,Handover,2022-02-16,2023-10-21,2024-06-27
CONS002192,PROJ054,One Bay,DEV0026,2022-01-01,Fit-Out,2021-10-24,2022-02-11,2021-10-24,,62.7,67.8,5.1,0,,900562835.0,910489074.0,9926239.0,1.1,1167792741,910489074.0,78.0,CONT147,Gulf Contracting LLC,171,200,85.5,False,80.6,0,79.3,False,False,Handover,2022-02-16,2023-10-21,2024-06-27
CONS002193,PROJ054,One Bay,DEV0026,2022-02-01,Fit-Out,2021-10-24,2022-02-11,2021-10-24,,90.9,83.2,-7.7,0,,955449094.0,940462421.0,-14986673.0,-1.6,1167792741,940462421.0,80.5,CONT147,Gulf Contracting LLC,295,370,79.7,False,85.7,0,73.7,False,False,Handover,2022-02-16,2023-10-21,2024-06-27
CONS002194,PROJ054,One Bay,DEV0026,2022-03-01,Fit-Out,2021-10-24,2022-02-11,2021-10-24,2022-02-11,100.0,100.0,0.0,0,,973160618.0,973160618.0,0.0,0.0,1167792741,973160618.0,83.3,CONT147,Gulf Contracting LLC,532,501,106.2,True,96.0,0,76.6,False,False,Handover,2022-02-16,2023-10-21,2024-06-27
CONS002195,PROJ054,One Bay,DEV0026,2022-04-01,Fit-Out,2021-10-24,2022-02-11,2021-10-24,,100.0,95.2,-4.8,0,,973160618.0,963818276.0,-9342342.0,-1.0,1167792741,963818276.0,82.5,CONT147,Gulf Contracting LLC,594,692,85.8,True,92.5,0,75.7,False,False,Handover,2022-02-16,2023-10-21,2024-06-27
CONS002196,PROJ054,One Bay,DEV0026,2022-02-21,Handover,2022-02-21,2022-06-11,2022-03-02,,0.0,0.9,0.9,20,Labour Shortage,973160618.0,974912307.0,1751689.0,0.2,1167792741,974912307.0,83.5,CONT147,Gulf Contracting LLC,293,353,83.0,False,73.0,0,76.6,False,False,Completed,2022-06-16,2023-10-21,2024-06-27
CONS002197,PROJ054,One Bay,DEV0026,2022-03-01,Handover,2022-02-21,2022-06-11,2022-03-02,,7.3,0.0,-7.3,20,Design Change,987368763.0,973160618.0,-14208145.0,-1.4,1167792741,973160618.0,83.3,CONT147,Gulf Contracting LLC,486,559,86.9,False,92.5,0,71.7,False,False,Completed,2022-06-16,2023-10-21,2024-06-27
CONS002198,PROJ054,One Bay,DEV0026,2022-04-01,Handover,2022-02-21,2022-06-11,2022-03-02,,35.5,19.3,-16.2,20,Material Delay,1042255021.0,1010724617.0,-31530404.0,-3.0,1167792741,1010724617.0,86.5,CONT147,Gulf Contracting LLC,483,655,73.7,False,94.8,1,66.6,True,True,Completed,2022-06-16,2023-10-21,2024-06-27
CONS002199,PROJ054,One Bay,DEV0026,2022-05-01,Handover,2022-02-21,2022-06-11,2022-03-02,,62.7,62.4,-0.3,20,Material Delay,1095194959.0,1094611063.0,-583896.0,-0.1,1167792741,1094611063.0,93.7,CONT147,Gulf Contracting LLC,162,202,80.2,False,78.3,1,69.0,False,True,Completed,2022-06-16,2023-10-21,2024-06-27
CONS002200,PROJ054,One Bay,DEV0026,2022-06-01,Handover,2022-02-21,2022-06-11,2022-03-02,,90.9,87.4,-3.5,20,Labour Shortage,1150081218.0,1143269093.0,-6812125.0,-0.6,1167792741,1143269093.0,97.9,CONT147,Gulf Contracting LLC,687,665,103.3,False,77.7,0,77.2,False,False,Completed,2022-06-16,2023-10-21,2024-06-27
CONS002201,PROJ054,One Bay,DEV0026,2022-07-01,Handover,2022-02-21,2022-06-11,2022-03-02,,100.0,82.9,-17.1,20,Design Change,1167792741.0,1134510648.0,-33282093.0,-2.8,1167792741,1134510648.0,97.2,CONT147,Gulf Contracting LLC,357,488,73.2,False,84.0,0,68.0,True,False,Completed,2022-06-16,2023-10-21,2024-06-27
CONS002202,PROJ054,One Bay,DEV0026,2022-08-01,Handover,2022-02-21,2022-06-11,2022-03-02,,100.0,92.4,-7.6,20,Material Delay,1167792741.0,1153000700.0,-14792041.0,-1.3,1167792741,1153000700.0,98.7,CONT147,Gulf Contracting LLC,317,383,82.8,True,78.9,0,76.7,False,False,Completed,2022-06-16,2023-10-21,2024-06-27
CONS002203,PROJ055,Sky Marina,DEV0018,2019-03-01,Foundation,2019-03-01,2019-06-19,2019-03-01,,0.0,0.0,0.0,2,COVID-19,0.0,0.0,0.0,0.0,838573807,0.0,0.0,CONT003,Shapoorji Pallonji ME,303,291,104.1,False,79.9,0,84.9,False,False,Structure,2019-06-24,2022-05-24,2022-06-27
CONS002204,PROJ055,Sky Marina,DEV0018,2019-04-01,Foundation,2019-03-01,2019-06-19,2019-03-01,,28.2,14.6,-13.6,2,Labour Shortage,39412969.0,20405296.0,-19007673.0,-48.2,838573807,20405296.0,2.4,CONT003,Shapoorji Pallonji ME,651,723,90.0,False,76.7,0,80.8,True,False,Structure,2019-06-24,2022-05-24,2022-06-27
CONS002205,PROJ055,Sky Marina,DEV0018,2019-05-01,Foundation,2019-03-01,2019-06-19,2019-03-01,,55.5,54.0,-1.5,2,Financing,77568077.0,75471643.0,-2096434.0,-2.7,838573807,75471643.0,9.0,CONT003,Shapoorji Pallonji ME,378,490,77.1,False,79.3,0,79.2,False,False,Structure,2019-06-24,2022-05-24,2022-06-27
CONS002206,PROJ055,Sky Marina,DEV0018,2019-06-01,Foundation,2019-03-01,2019-06-19,2019-03-01,,83.6,79.7,-3.9,2,Labour Shortage,116841284.0,111390554.0,-5450730.0,-4.7,838573807,111390554.0,13.3,CONT003,Shapoorji Pallonji ME,524,485,108.0,False,75.0,0,82.2,False,False,Structure,2019-06-24,2022-05-24,2022-06-27
CONS002207,PROJ055,Sky Marina,DEV0018,2019-07-01,Foundation,2019-03-01,2019-06-19,2019-03-01,,100.0,91.9,-8.1,2,Financing,139762301.0,128441555.0,-11320746.0,-8.1,838573807,128441555.0,15.3,CONT003,Shapoorji Pallonji ME,466,477,97.7,True,73.6,0,83.9,False,False,Structure,2019-06-24,2022-05-24,2022-06-27
CONS002208,PROJ055,Sky Marina,DEV0018,2019-08-01,Foundation,2019-03-01,2019-06-19,2019-03-01,,100.0,98.0,-2.0,2,Labour Shortage,139762301.0,136967055.0,-2795246.0,-2.0,838573807,136967055.0,16.3,CONT003,Shapoorji Pallonji ME,555,523,106.1,True,71.2,0,82.4,False,False,Structure,2019-06-24,2022-05-24,2022-06-27
CONS002209,PROJ055,Sky Marina,DEV0018,2019-06-29,Structure,2019-06-29,2019-10-17,2019-07-02,,0.0,0.0,0.0,3,Regulatory,139762301.0,139762301.0,0.0,0.0,838573807,139762301.0,16.7,CONT003,Shapoorji Pallonji ME,530,634,83.6,False,88.8,0,81.8,False,False,MEP,2019-10-22,2022-05-24,2022-06-27
CONS002210,PROJ055,Sky Marina,DEV0018,2019-07-01,Structure,2019-06-29,2019-10-17,2019-07-02,,1.8,0.0,-1.8,3,Design Change,142278023.0,139762301.0,-2515722.0,-1.8,838573807,139762301.0,16.7,CONT003,Shapoorji Pallonji ME,175,236,74.2,False,93.5,0,82.2,False,False,MEP,2019-10-22,2022-05-24,2022-06-27
CONS002211,PROJ055,Sky Marina,DEV0018,2019-08-01,Structure,2019-06-29,2019-10-17,2019-07-02,,30.0,23.9,-6.1,3,Regulatory,181690992.0,173165491.0,-8525501.0,-4.7,838573807,173165491.0,20.6,CONT003,Shapoorji Pallonji ME,254,250,101.6,False,91.7,0,82.0,False,False,MEP,2019-10-22,2022-05-24,2022-06-27
CONS002212,PROJ055,Sky Marina,DEV0018,2019-09-01,Structure,2019-06-29,2019-10-17,2019-07-02,,58.2,51.9,-6.3,3,Weather,221103960.0,212298935.0,-8805025.0,-4.0,838573807,212298935.0,25.3,CONT003,Shapoorji Pallonji ME,152,210,72.4,False,93.1,0,80.4,False,False,MEP,2019-10-22,2022-05-24,2022-06-27
CONS002213,PROJ055,Sky Marina,DEV0018,2019-10-01,Structure,2019-06-29,2019-10-17,2019-07-02,,85.5,72.2,-13.3,3,Design Change,259259069.0,240670683.0,-18588386.0,-7.2,838573807,240670683.0,28.7,CONT003,Shapoorji Pallonji ME,532,593,89.7,False,93.8,0,82.5,True,False,MEP,2019-10-22,2022-05-24,2022-06-27
CONS002214,PROJ055,Sky Marina,DEV0018,2019-11-01,Structure,2019-06-29,2019-10-17,2019-07-02,,100.0,92.0,-8.0,3,Design Change,279524602.0,268343618.0,-11180984.0,-4.0,838573807,268343618.0,32.0,CONT003,Shapoorji Pallonji ME,425,565,75.2,True,76.6,0,81.5,False,False,MEP,2019-10-22,2022-05-24,2022-06-27
CONS002215,PROJ055,Sky Marina,DEV0018,2019-12-01,Structure,2019-06-29,2019-10-17,2019-07-02,,100.0,84.2,-15.8,3,Design Change,279524602.0,257442159.0,-22082443.0,-7.9,838573807,257442159.0,30.7,CONT003,Shapoorji Pallonji ME,447,449,99.6,False,72.7,0,78.1,True,False,MEP,2019-10-22,2022-05-24,2022-06-27
CONS002216,PROJ055,Sky Marina,DEV0018,2019-10-27,MEP,2019-10-27,2020-02-14,2019-11-16,,0.0,0.0,0.0,20,Design Change,279524602.0,279524602.0,0.0,0.0,838573807,279524602.0,33.3,CONT003,Shapoorji Pallonji ME,122,167,73.1,False,97.5,0,81.4,False,False,Façade,2020-02-19,2022-05-24,2022-06-27
CONS002217,PROJ055,Sky Marina,DEV0018,2019-11-01,MEP,2019-10-27,2020-02-14,2019-11-16,,4.5,0.0,-4.5,20,Financing,285813906.0,279524602.0,-6289304.0,-2.2,838573807,279524602.0,33.3,CONT003,Shapoorji Pallonji ME,604,574,105.2,False,95.8,0,83.6,False,False,Façade,2020-02-19,2022-05-24,2022-06-27
CONS002218,PROJ055,Sky Marina,DEV0018,2019-12-01,MEP,2019-10-27,2020-02-14,2019-11-16,,31.8,28.2,-3.6,20,Weather,323969014.0,318937571.0,-5031443.0,-1.6,838573807,318937571.0,38.0,CONT003,Shapoorji Pallonji ME,358,449,79.7,False,78.8,0,83.8,False,False,Façade,2020-02-19,2022-05-24,2022-06-27
CONS002219,PROJ055,Sky Marina,DEV0018,2020-01-01,MEP,2019-10-27,2020-02-14,2019-11-16,,60.0,59.0,-1.0,20,Material Delay,363381983.0,361984360.0,-1397623.0,-0.4,838573807,361984360.0,43.2,CONT003,Shapoorji Pallonji ME,542,568,95.4,False,83.8,0,82.1,False,False,Façade,2020-02-19,2022-05-24,2022-06-27
CONS002220,PROJ055,Sky Marina,DEV0018,2020-02-01,MEP,2019-10-27,2020-02-14,2019-11-16,,88.2,87.0,-1.2,20,Weather,402794952.0,401117804.0,-1677148.0,-0.4,838573807,401117804.0,47.8,CONT003,Shapoorji Pallonji ME,413,566,73.0,False,96.9,0,79.2,False,False,Façade,2020-02-19,2022-05-24,2022-06-27
CONS002221,PROJ055,Sky Marina,DEV0018,2020-03-01,MEP,2019-10-27,2020-02-14,2019-11-16,,100.0,84.4,-15.6,20,Design Change,419286904.0,397483985.0,-21802919.0,-5.2,838573807,397483985.0,47.4,CONT003,Shapoorji Pallonji ME,303,425,71.3,False,90.1,0,80.1,True,False,Façade,2020-02-19,2022-05-24,2022-06-27
CONS002222,PROJ055,Sky Marina,DEV0018,2020-04-01,MEP,2019-10-27,2020-02-14,2019-11-16,2020-03-05,100.0,100.0,0.0,20,COVID-19,419286904.0,419286904.0,0.0,0.0,838573807,419286904.0,50.0,CONT003,Shapoorji Pallonji ME,331,403,82.1,True,77.8,0,83.6,False,False,Façade,2020-02-19,2022-05-24,2022-06-27
CONS002223,PROJ055,Sky Marina,DEV0018,2020-02-24,Façade,2020-02-24,2020-06-13,2020-02-27,,0.0,0.0,0.0,6,Weather,419286904.0,419286904.0,0.0,0.0,838573807,419286904.0,50.0,CONT003,Shapoorji Pallonji ME,236,227,104.0,False,79.1,0,84.7,False,False,Fit-Out,2020-06-18,2022-05-24,2022-06-27
CONS002224,PROJ055,Sky Marina,DEV0018,2020-03-01,Façade,2020-02-24,2020-06-13,2020-02-27,,5.5,0.0,-5.5,6,COVID-19,426973830.0,419286904.0,-7686926.0,-1.8,838573807,419286904.0,50.0,CONT003,Shapoorji Pallonji ME,487,678,71.8,False,72.8,0,86.3,False,False,Fit-Out,2020-06-18,2022-05-24,2022-06-27
CONS002225,PROJ055,Sky Marina,DEV0018,2020-04-01,Façade,2020-02-24,2020-06-13,2020-02-27,,33.6,24.5,-9.1,6,Weather,466247037.0,453528667.0,-12718370.0,-2.7,838573807,453528667.0,54.1,CONT003,Shapoorji Pallonji ME,200,237,84.4,False,91.8,1,76.2,False,True,Fit-Out,2020-06-18,2022-05-24,2022-06-27
CONS002226,PROJ055,Sky Marina,DEV0018,2020-05-01,Façade,2020-02-24,2020-06-13,2020-02-27,,60.9,64.2,3.3,6,COVID-19,504402145.0,509014301.0,4612156.0,0.9,838573807,509014301.0,60.7,CONT003,Shapoorji Pallonji ME,200,195,102.6,False,86.9,0,84.0,False,False,Fit-Out,2020-06-18,2022-05-24,2022-06-27
CONS002227,PROJ055,Sky Marina,DEV0018,2020-06-01,Façade,2020-02-24,2020-06-13,2020-02-27,,89.1,78.6,-10.5,6,Material Delay,543815114.0,529140072.0,-14675042.0,-2.7,838573807,529140072.0,63.1,CONT003,Shapoorji Pallonji ME,662,610,108.5,False,77.6,0,78.6,True,False,Fit-Out,2020-06-18,2022-05-24,2022-06-27
CONS002228,PROJ055,Sky Marina,DEV0018,2020-07-01,Façade,2020-02-24,2020-06-13,2020-02-27,,100.0,87.0,-13.0,6,Design Change,559049205.0,540880106.0,-18169099.0,-3.2,838573807,540880106.0,64.5,CONT003,Shapoorji Pallonji ME,443,587,75.5,False,76.2,0,79.5,True,False,Fit-Out,2020-06-18,2022-05-24,2022-06-27
CONS002229,PROJ055,Sky Marina,DEV0018,2020-08-01,Façade,2020-02-24,2020-06-13,2020-02-27,2020-06-19,100.0,100.0,0.0,6,COVID-19,559049205.0,559049205.0,0.0,0.0,838573807,559049205.0,66.7,CONT003,Shapoorji Pallonji ME,552,644,85.7,True,79.9,0,84.3,False,False,Fit-Out,2020-06-18,2022-05-24,2022-06-27
CONS002230,PROJ055,Sky Marina,DEV0018,2020-06-23,Fit-Out,2020-06-23,2020-10-11,2020-06-25,,0.0,0.0,0.0,3,COVID-19,559049205.0,559049205.0,0.0,0.0,838573807,559049205.0,66.7,CONT003,Shapoorji Pallonji ME,766,705,108.7,False,94.6,0,84.1,False,False,Handover,2020-10-16,2022-05-24,2022-06-27
CONS002231,PROJ055,Sky Marina,DEV0018,2020-07-01,Fit-Out,2020-06-23,2020-10-11,2020-06-25,,7.3,0.0,-7.3,3,Design Change,569251853.0,559049205.0,-10202648.0,-1.8,838573807,559049205.0,66.7,CONT003,Shapoorji Pallonji ME,304,297,102.4,False,73.8,0,85.3,False,False,Handover,2020-10-16,2022-05-24,2022-06-27
CONS002232,PROJ055,Sky Marina,DEV0018,2020-08-01,Fit-Out,2020-06-23,2020-10-11,2020-06-25,,35.5,32.6,-2.9,3,COVID-19,608664822.0,604611715.0,-4053107.0,-0.7,838573807,604611715.0,72.1,CONT003,Shapoorji Pallonji ME,310,297,104.4,False,87.8,0,84.1,False,False,Handover,2020-10-16,2022-05-24,2022-06-27
CONS002233,PROJ055,Sky Marina,DEV0018,2020-09-01,Fit-Out,2020-06-23,2020-10-11,2020-06-25,,63.6,51.5,-12.1,3,Design Change,647938028.0,631026790.0,-16911238.0,-2.6,838573807,631026790.0,75.3,CONT003,Shapoorji Pallonji ME,211,229,92.1,False,75.3,0,80.1,True,False,Handover,2020-10-16,2022-05-24,2022-06-27
CONS002234,PROJ055,Sky Marina,DEV0018,2020-10-01,Fit-Out,2020-06-23,2020-10-11,2020-06-25,,90.9,87.2,-3.7,3,Financing,686093136.0,680921931.0,-5171205.0,-0.8,838573807,680921931.0,81.2,CONT003,Shapoorji Pallonji ME,395,372,106.2,False,91.1,0,81.5,False,False,Handover,2020-10-16,2022-05-24,2022-06-27
CONS002235,PROJ055,Sky Marina,DEV0018,2020-11-01,Fit-Out,2020-06-23,2020-10-11,2020-06-25,,100.0,84.8,-15.2,3,Regulatory,698811506.0,677567636.0,-21243870.0,-3.0,838573807,677567636.0,80.8,CONT003,Shapoorji Pallonji ME,385,367,104.9,False,80.7,0,80.0,True,False,Handover,2020-10-16,2022-05-24,2022-06-27
CONS002236,PROJ055,Sky Marina,DEV0018,2020-12-01,Fit-Out,2020-06-23,2020-10-11,2020-06-25,,100.0,99.5,-0.5,3,Labour Shortage,698811506.0,698112694.0,-698812.0,-0.1,838573807,698112694.0,83.2,CONT003,Shapoorji Pallonji ME,356,439,81.1,True,79.7,1,77.0,False,True,Handover,2020-10-16,2022-05-24,2022-06-27
CONS002237,PROJ055,Sky Marina,DEV0018,2020-10-21,Handover,2020-10-21,2021-02-08,2020-10-21,,0.0,0.0,0.0,0,,698811506.0,698811506.0,0.0,0.0,838573807,698811506.0,83.3,CONT003,Shapoorji Pallonji ME,253,267,94.8,False,85.9,0,84.4,False,False,Completed,2021-02-13,2022-05-24,2022-06-27
CONS002238,PROJ055,Sky Marina,DEV0018,2020-11-01,Handover,2020-10-21,2021-02-08,2020-10-21,,10.0,8.5,-1.5,0,,712787736.0,710691301.0,-2096435.0,-0.3,838573807,710691301.0,84.7,CONT003,Shapoorji Pallonji ME,501,683,73.4,False,80.1,0,84.5,False,False,Completed,2021-02-13,2022-05-24,2022-06-27
CONS002239,PROJ055,Sky Marina,DEV0018,2020-12-01,Handover,2020-10-21,2021-02-08,2020-10-21,,37.3,35.6,-1.7,0,,750942844.0,748566885.0,-2375959.0,-0.3,838573807,748566885.0,89.3,CONT003,Shapoorji Pallonji ME,400,381,105.0,False,85.2,0,83.1,False,False,Completed,2021-02-13,2022-05-24,2022-06-27
CONS002240,PROJ055,Sky Marina,DEV0018,2021-01-01,Handover,2020-10-21,2021-02-08,2020-10-21,,65.5,53.1,-12.4,0,,790355813.0,773025288.0,-17330525.0,-2.2,838573807,773025288.0,92.2,CONT003,Shapoorji Pallonji ME,287,314,91.4,False,78.3,0,79.0,True,False,Completed,2021-02-13,2022-05-24,2022-06-27
CONS002241,PROJ055,Sky Marina,DEV0018,2021-02-01,Handover,2020-10-21,2021-02-08,2020-10-21,,93.6,82.5,-11.1,0,,829629020.0,814115404.0,-15513616.0,-1.9,838573807,814115404.0,97.1,CONT003,Shapoorji Pallonji ME,167,170,98.2,False,83.7,0,76.3,True,False,Completed,2021-02-13,2022-05-24,2022-06-27
CONS002242,PROJ055,Sky Marina,DEV0018,2021-03-01,Handover,2020-10-21,2021-02-08,2020-10-21,2021-02-08,100.0,100.0,0.0,0,,838573807.0,838573807.0,0.0,0.0,838573807,838573807.0,100.0,CONT003,Shapoorji Pallonji ME,477,477,100.0,True,85.2,0,86.3,False,False,Completed,2021-02-13,2022-05-24,2022-06-27
CONS002243,PROJ055,Sky Marina,DEV0018,2021-04-01,Handover,2020-10-21,2021-02-08,2020-10-21,,100.0,93.7,-6.3,0,,838573807.0,829768782.0,-8805025.0,-1.1,838573807,829768782.0,98.9,CONT003,Shapoorji Pallonji ME,667,779,85.6,True,71.8,0,82.9,False,False,Completed,2021-02-13,2022-05-24,2022-06-27
