record_id,report_date,year,month,quarter,developer_id,developer_name,total_bookings_units,total_booking_value_aed,revenue_recognized_aed,cost_of_goods_sold_aed,gross_profit_aed,gross_margin_pct,operating_expenses_aed,ebitda_aed,ebitda_margin_pct,collections_aed,collection_rate_pct,escrow_balance_aed,receivables_aed,cancellations_units,cancellation_rate_pct,construction_spend_aed,land_cost_aed,marketing_spend_aed,avg_selling_price_aed,units_handed_over,dld_fees_collected_aed
FIN000001,2019-01-01,2019,1,Q1,DEV0001,Emaar Properties,50,104352750,93529924,53381607,40148316,42.93,11514189,28634127,30.61,72293309,77.29,24573907,21929400,2,4.0,44051978,18255510,5374499,2087055,12,3741196
FIN000002,2019-01-01,2019,1,Q1,DEV0002,DAMAC Properties,95,194168790,177404865,124485684,52919180,29.83,18397318,34521862,19.46,141180587,79.58,28973808,39312791,10,10.53,94561722,18184745,5288617,2043882,14,7096194
FIN000003,2019-01-01,2019,1,Q1,DEV0003,Aldar Properties,65,128044150,117168300,81368762,35799537,30.55,18595712,17203825,14.68,76517089,65.31,29254265,14834698,5,7.69,68643306,19627921,2768451,1969910,3,4686732
FIN000004,2019-01-01,2019,1,Q1,DEV0004,Nakheel,89,164820257,146730329,102131969,44598359,30.39,22039846,22558513,15.37,116713979,79.54,41020889,26779010,5,5.62,79224498,17938121,3459429,1851913,6,5869213
FIN000005,2019-01-01,2019,1,Q1,DEV0005,Meraas,75,171471675,145105542,93630321,51475220,35.47,18285420,33189800,22.87,101161208,69.72,42215903,19464884,4,5.33,78280223,25162104,3854151,2286289,33,5804221
FIN000006,2019-01-01,2019,1,Q1,DEV0006,Sobha Realty,73,162896726,152486355,96148247,56338107,36.95,19977744,36360363,23.84,117913613,77.33,44603012,30330423,2,2.74,68103841,13956731,7164840,2231462,15,6099454
FIN000007,2019-01-01,2019,1,Q1,DEV0007,Azizi Developments,51,66150366,53078347,33101178,19977168,37.64,9230647,10746521,20.25,35446140,66.78,9669775,8565218,3,5.88,23383532,6496746,1866007,1297066,21,2123133
FIN000008,2019-01-01,2019,1,Q1,DEV0008,Danube Properties,49,74881996,70168103,43674307,26493795,37.76,8823862,17669933,25.18,42497369,60.57,20947248,10389950,2,4.08,35554205,11649151,3999442,1528204,19,2806724
FIN000009,2019-01-01,2019,1,Q1,DEV0009,Binghatti,65,85327190,76726484,43634221,33092262,43.13,10054028,23038234,30.03,62623930,81.62,14967567,10255757,3,4.62,36106173,10106876,3946076,1312726,12,3069059
FIN000010,2019-01-01,2019,1,Q1,DEV0010,Ellington Properties,56,101843280,90126617,64828701,25297915,28.07,12711216,12586699,13.97,56654194,62.86,24003841,19575253,3,5.36,45669065,14254226,2016552,1818630,55,3605064
FIN000011,2019-01-01,2019,1,Q1,DEV0011,RAK Properties,27,53204850,46844669,31287798,15556870,33.21,8255843,7301027,15.59,32676354,69.75,11067475,5614446,2,7.41,26411001,4736814,2600595,1970550,14,1873786
FIN000012,2019-01-01,2019,1,Q1,DEV0012,Tiger Properties,81,155146671,130193207,93535800,36657406,28.16,18904518,17752888,13.64,82432131,63.32,26828403,17001313,6,7.41,81594510,22697707,3135711,1915391,26,5207728
FIN000013,2019-01-01,2019,1,Q1,DEV0013,Imtiaz Developments,11,18358395,16647504,9976241,6671262,40.07,2102980,4568282,27.44,10141351,60.92,4021563,3973742,0,0.0,7720739,2763114,842189,1668945,5,665900
FIN000014,2019-01-01,2019,1,Q1,DEV0014,Select Group,32,42517696,37516188,25134009,12382178,33.0,6681455,5700723,15.2,24340848,64.88,7392360,4892414,3,9.38,20861579,5902905,1643161,1328678,16,1500647
FIN000015,2019-01-01,2019,1,Q1,DEV0015,Reportage Properties,13,16972462,15133826,9758891,5374934,35.52,1991239,3383695,22.36,10452711,69.07,4260241,3306703,0,0.0,8220437,2010404,647588,1305574,3,605353
FIN000016,2019-01-01,2019,1,Q1,DEV0016,Samana Developers,-13,-16960983,-14047370,-9979076,-4068293,28.96,-1550101,-2518192,-251819200.0,-9847927,-984792700.0,-3375599,-1507488,-1,-100.0,-8650873,-2780745,-352584,1304691,0,-561894
FIN000017,2019-01-01,2019,1,Q1,DEV0017,Object 1,22,20271130,18903219,11858655,7044563,37.27,2613367,4431196,23.44,12863718,68.05,3241686,2993362,2,9.09,9904924,3436448,940004,921415,2,756128
FIN000018,2019-01-01,2019,1,Q1,DEV0018,Majid Al Futtaim,83,168391645,144775761,85451419,59324341,40.98,15475696,43848645,30.29,121946219,84.23,41876475,27159799,3,3.61,67619258,25641404,8007916,2028815,55,5791030
FIN000019,2019-01-01,2019,1,Q1,DEV0019,Dubai Properties,71,162230882,131273413,82477010,48796402,37.17,13851413,34944989,26.62,109354078,83.3,27809038,18627807,4,5.63,62911221,10767545,5870136,2284942,27,5250936
FIN000020,2019-01-01,2019,1,Q1,DEV0020,Meydan Group,89,193223895,168935876,115163512,53772363,31.83,20747246,33025117,19.55,133280456,78.89,47727277,18192372,10,11.24,85771679,27655831,5448327,2171055,0,6757435
FIN000021,2019-02-01,2019,2,Q1,DEV0001,Emaar Properties,75,165787350,153681972,90955813,62726158,40.82,18820459,43905699,28.57,105600730,68.71,40435192,34250736,4,5.33,75762998,14423291,5279780,2210498,44,6147278
FIN000022,2019-02-01,2019,2,Q1,DEV0002,DAMAC Properties,72,188650584,163810122,98092475,65717646,40.12,22740644,42977002,26.24,99072147,60.48,43289192,19079029,7,9.72,75765924,26240795,3497631,2620147,0,6552404
FIN000023,2019-02-01,2019,2,Q1,DEV0003,Aldar Properties,60,119245140,106947545,76528620,30418924,28.44,13634636,16784288,15.69,68989380,64.51,16652953,15639470,6,10.0,58271166,19508852,3925650,1987419,16,4277901
FIN000024,2019-02-01,2019,2,Q1,DEV0004,Nakheel,72,152703720,138970608,98726394,40244213,28.96,24618604,15625609,11.24,108217449,77.87,26625681,25072142,3,4.17,73491271,21684453,6616455,2120885,20,5558824
FIN000025,2019-02-01,2019,2,Q1,DEV0005,Meraas,87,204451305,168992418,95114273,73878144,43.72,24712791,49165353,29.09,125433765,74.22,37532088,33196633,4,4.6,80623023,30800914,8106142,2350015,49,6759696
FIN000026,2019-02-01,2019,2,Q1,DEV0006,Sobha Realty,73,138527136,118785906,83392745,35393160,29.8,19622895,15770265,13.28,73940680,62.25,25908417,19686262,6,8.22,60506816,17111474,6281448,1897632,4,4751436
FIN000027,2019-02-01,2019,2,Q1,DEV0007,Azizi Developments,64,89289216,82363534,53517754,28845779,35.02,10462316,18383463,22.32,61602213,74.79,14610559,14126313,6,9.38,42972711,9320428,3947948,1395144,6,3294541
FIN000028,2019-02-01,2019,2,Q1,DEV0008,Danube Properties,54,83229930,78606857,51429166,27177690,34.57,9876659,17301031,22.01,63948854,81.35,17019485,12283062,3,5.56,43344083,12495907,4188628,1541295,48,3144274
FIN000029,2019-02-01,2019,2,Q1,DEV0009,Binghatti,20,28046820,26403008,18574042,7828965,29.65,3579293,4249672,16.1,19877187,75.28,7476835,5194553,0,0.0,14447071,4390186,798273,1402341,25,1056120
FIN000030,2019-02-01,2019,2,Q1,DEV0010,Ellington Properties,10,16081420,13235806,8368459,4867346,36.77,1813268,3054078,23.07,8312535,62.8,3486182,1680530,0,0.0,6843619,2373352,668212,1608142,35,529432
FIN000031,2019-02-01,2019,2,Q1,DEV0011,RAK Properties,0,0,0,0,0,37.43,0,0,0.0,0,0.0,0,0,0,0.0,0,0,0,2016585,58,0
FIN000032,2019-02-01,2019,2,Q1,DEV0012,Tiger Properties,50,39959800,35804253,22504575,13299677,37.15,4626945,8672732,24.22,25349681,70.8,10530800,4090505,3,6.0,18137880,7030960,1096754,799196,48,1432170
FIN000033,2019-02-01,2019,2,Q1,DEV0013,Imtiaz Developments,48,87319440,75234832,49641877,25592954,34.02,11380123,14212831,18.89,61908157,82.29,16294462,12772511,1,2.08,38832910,12813721,1529458,1819155,29,3009393
FIN000034,2019-02-01,2019,2,Q1,DEV0014,Select Group,33,45467631,36933364,25587280,11346083,30.72,4760555,6585528,17.83,23728208,64.25,7604207,3718100,2,6.06,20995228,3841485,1417916,1377807,2,1477334
FIN000035,2019-02-01,2019,2,Q1,DEV0015,Reportage Properties,21,9007782,7274173,4468529,2805643,38.57,787564,2018079,27.74,4525443,62.21,1783932,1244092,1,4.76,3380680,1090784,157613,428942,6,290966
FIN000036,2019-02-01,2019,2,Q1,DEV0016,Samana Developers,28,15905316,12728807,7540301,5188505,40.76,2223756,2964749,23.29,7949432,62.45,3660771,1744361,1,3.57,5922874,2322751,491124,568047,48,509152
FIN000037,2019-02-01,2019,2,Q1,DEV0017,Object 1,24,30543768,25301760,14045331,11256428,44.49,4250754,7005674,27.69,20899451,82.6,4204823,5654876,1,4.17,11629976,3536109,559249,1272657,23,1012070
FIN000038,2019-02-01,2019,2,Q1,DEV0018,Majid Al Futtaim,90,190421820,174079772,99701738,74378033,42.73,25381320,48996713,28.15,117320010,67.39,33948219,30555566,5,5.56,77934585,17441251,4599590,2115798,11,6963190
FIN000039,2019-02-01,2019,2,Q1,DEV0019,Dubai Properties,83,221378679,185697940,128177114,57520825,30.98,32890359,24630466,13.26,118487841,63.81,35332051,43814844,7,8.43,103554371,33599825,4852552,2667213,38,7427917
FIN000040,2019-02-01,2019,2,Q1,DEV0020,Meydan Group,62,121207396,98660183,69799731,28860451,29.25,16022196,12838255,13.01,66222588,67.12,29505205,11460375,4,6.45,61122506,15448641,2313206,1954958,6,3946407
FIN000041,2019-03-01,2019,3,Q1,DEV0001,Emaar Properties,80,161977200,139419338,88483559,50935778,36.53,23975569,26960209,19.34,106933763,76.7,28538703,27379273,3,3.75,63671507,14867485,6947181,2024715,45,5576773
FIN000042,2019-03-01,2019,3,Q1,DEV0002,DAMAC Properties,79,152370302,124228597,86919715,37308881,30.03,19968524,17340357,13.96,78705764,63.36,30760794,18896286,7,8.86,78078019,14717658,6894313,1928738,15,4969143
FIN000043,2019-03-01,2019,3,Q1,DEV0003,Aldar Properties,79,174835927,151439701,94857369,56582331,37.36,25116738,31465593,20.78,110642172,73.06,35361188,25851129,3,3.8,80170600,27147491,5606478,2213113,8,6057588
FIN000044,2019-03-01,2019,3,Q1,DEV0004,Nakheel,78,177491340,165754990,92214700,73540289,44.37,18447889,55092400,33.24,107621051,64.93,41010547,30495184,2,2.56,78432728,24572750,4538482,2275530,5,6630199
FIN000045,2019-03-01,2019,3,Q1,DEV0005,Meraas,73,123879321,109283265,64580671,44702593,40.91,12048570,32654023,29.88,67872855,62.11,20129215,23373620,2,2.74,56164406,9126852,3428754,1696977,7,4371330
FIN000046,2019-03-01,2019,3,Q1,DEV0006,Sobha Realty,89,167475572,138060859,78784395,59276463,42.94,24777136,34499327,24.99,92496124,67.0,38101726,13984204,10,11.24,57017942,13343308,7360836,1881748,24,5522434
FIN000047,2019-03-01,2019,3,Q1,DEV0007,Azizi Developments,59,99321367,86616078,56786692,29829385,34.44,13030588,16798797,19.39,55293177,63.84,13644659,10663919,4,6.78,50005745,15245994,4444358,1683413,7,3464643
FIN000048,2019-03-01,2019,3,Q1,DEV0008,Danube Properties,39,42990168,36460047,24114791,12345255,33.86,5671435,6673820,18.3,25623376,70.28,7034432,5175488,1,2.56,17132260,6941324,1792082,1102312,7,1458401
FIN000049,2019-03-01,2019,3,Q1,DEV0009,Binghatti,42,76311144,64183178,38934297,25248880,39.34,7950995,17297885,26.95,54326746,84.64,14668618,14363334,2,4.76,28710989,5391709,3748503,1816932,18,2567327
FIN000050,2019-03-01,2019,3,Q1,DEV0010,Ellington Properties,57,61349784,52723244,33692661,19030582,36.1,7345780,11684802,22.16,34575686,65.58,9243551,6106151,4,7.02,23864850,7863060,1515077,1076312,29,2108929
FIN000051,2019-03-01,2019,3,Q1,DEV0011,RAK Properties,44,65967440,61110644,43644119,17466524,28.58,6518394,10948130,17.92,49306720,80.68,11525601,9917638,1,2.27,38669467,11670339,3300784,1499260,50,2444425
FIN000052,2019-03-01,2019,3,Q1,DEV0012,Tiger Properties,18,25481718,23235553,14354671,8880881,38.22,2900449,5980432,25.74,14800885,63.7,4098340,5058399,1,5.56,11737419,3361844,508576,1415651,22,929422
FIN000053,2019-03-01,2019,3,Q1,DEV0013,Imtiaz Developments,62,115513564,93638968,62128225,31510742,33.65,12260888,19249854,20.56,72536315,77.46,23611379,19104905,6,9.68,48791091,16430862,3853657,1863122,12,3745558
FIN000054,2019-03-01,2019,3,Q1,DEV0014,Select Group,29,33570139,29168913,17594262,11574650,39.68,3680933,7893717,27.06,23786234,81.55,8037519,4820339,2,6.9,13184160,5553101,612399,1157591,6,1166756
FIN000055,2019-03-01,2019,3,Q1,DEV0015,Reportage Properties,26,14389518,13472616,8514654,4957961,36.8,1348315,3609646,26.79,11258155,83.56,3159466,3029865,2,7.69,6730307,1865786,777107,553443,14,538904
FIN000056,2019-03-01,2019,3,Q1,DEV0016,Samana Developers,-2,-1776832,-1636185,-1049018,-587166,35.89,-184784,-402382,-40238200.0,-1354947,-135494700.0,-417361,-363308,0,0.0,-818411,-317283,-95466,888416,4,-65447
FIN000057,2019-03-01,2019,3,Q1,DEV0017,Object 1,-7,-7665959,-6752953,-4340861,-2412091,35.72,-902311,-1509780,-150978000.0,-5684868,-568486800.0,-2006134,-903169,0,0.0,-3730358,-1077595,-395545,1095137,33,-270118
FIN000058,2019-03-01,2019,3,Q1,DEV0018,Majid Al Futtaim,67,143835801,116895293,83509281,33386011,28.56,12937915,20448096,17.49,78736708,67.36,26862476,20567278,4,5.97,65075589,21302066,6603713,2146803,61,4675811
FIN000059,2019-03-01,2019,3,Q1,DEV0019,Dubai Properties,90,169774110,147786663,101482532,46304130,31.33,23049678,23254452,15.74,104708990,70.85,41571868,23512745,9,10.0,80975902,24943889,7689880,1886379,11,5911466
FIN000060,2019-03-01,2019,3,Q1,DEV0020,Meydan Group,82,163727842,140942427,81382055,59560371,42.26,15640856,43919515,31.16,98027491,69.55,41667303,17070398,6,7.32,66256068,27447920,6285249,1996681,14,5637697
FIN000061,2019-04-01,2019,4,Q2,DEV0001,Emaar Properties,64,135976640,109227195,61717300,47509894,43.5,12130973,35378921,32.39,67881473,62.15,17699943,12890054,6,9.38,52344841,15176096,5409217,2124635,2,4369087
FIN000062,2019-04-01,2019,4,Q2,DEV0002,DAMAC Properties,98,256510394,231478039,155190511,76287527,32.96,30004885,46282642,19.99,173675990,75.03,52069431,41113420,10,10.2,108783125,36363247,5436796,2617453,7,9259121
FIN000063,2019-04-01,2019,4,Q2,DEV0003,Aldar Properties,78,173578626,144780551,91617489,53163061,36.72,22072194,31090867,21.47,120754911,83.41,37659149,29553292,6,7.69,79086494,19268013,5920628,2225367,11,5791222
FIN000064,2019-04-01,2019,4,Q2,DEV0004,Nakheel,78,176385534,148290133,90225618,58064514,39.16,25633044,32431470,21.87,111868028,75.44,25455842,19708460,9,11.54,68269729,17372458,5317667,2261353,50,5931605
FIN000065,2019-04-01,2019,4,Q2,DEV0005,Meraas,87,194917410,182818105,109296820,73521284,40.22,32537843,40983441,22.42,118537976,64.84,30211392,18743082,6,6.9,95866123,34892633,8261948,2240430,5,7312724
FIN000066,2019-04-01,2019,4,Q2,DEV0006,Sobha Realty,68,175882204,166614540,103437968,63176571,37.92,28837431,34339140,20.61,126944248,76.19,26099551,19223115,4,5.88,75670116,15890945,8724761,2586503,19,6664581
FIN000067,2019-04-01,2019,4,Q2,DEV0007,Azizi Developments,37,56053742,48360149,29768446,18591702,38.44,7240601,11351101,23.47,39682188,82.06,12550192,9320138,1,2.7,22325253,4387726,2771102,1514966,28,1934405
FIN000068,2019-04-01,2019,4,Q2,DEV0008,Danube Properties,45,58532940,50231456,35237581,14993874,29.85,7341567,7652307,15.23,34515685,68.71,12530302,12518779,2,4.44,27013131,5184119,1228649,1300732,18,2009258
FIN000069,2019-04-01,2019,4,Q2,DEV0009,Binghatti,47,94964205,81806016,57721648,24084367,29.44,11182900,12901467,15.77,50813021,62.11,14725212,13602420,1,2.13,48883874,14528457,3900396,2020515,18,3272240
FIN000070,2019-04-01,2019,4,Q2,DEV0010,Ellington Properties,31,66092186,54684451,32039791,22644659,41.41,6878622,15766037,28.83,46394062,84.84,14383690,10129888,0,0.0,28775479,9248999,1420412,2132006,188,2187378
FIN000071,2019-04-01,2019,4,Q2,DEV0011,RAK Properties,49,55800661,48825618,34513390,14312227,29.31,5936063,8376164,17.16,36672540,75.11,9975586,11217724,3,6.12,27669007,9540624,1725450,1138789,33,1953024
FIN000072,2019-04-01,2019,4,Q2,DEV0012,Tiger Properties,47,55096455,50729895,31955338,18774556,37.01,6306081,12468475,24.58,31919750,62.92,8728984,9363910,1,2.13,26737685,4083956,2739851,1172265,20,2029195
FIN000073,2019-04-01,2019,4,Q2,DEV0013,Imtiaz Developments,50,80720250,65152825,39589058,25563766,39.24,6614666,18949100,29.08,45124162,69.26,14790136,14376664,5,10.0,29266497,5853499,2076744,1614405,34,2606113
FIN000074,2019-04-01,2019,4,Q2,DEV0014,Select Group,36,50463072,47699925,32167792,15532132,32.56,4798949,10733183,22.5,33548847,70.33,9117228,10002535,2,5.56,28443672,4286352,2770845,1401752,60,1907997
FIN000075,2019-04-01,2019,4,Q2,DEV0015,Reportage Properties,-7,-9914779,-8931483,-5949475,-2982007,33.39,-1273511,-1708496,-170849600.0,-7287834,-728783400.0,-1451153,-1469313,0,0.0,-5069179,-1138021,-402430,1416397,13,-357259
FIN000076,2019-04-01,2019,4,Q2,DEV0016,Samana Developers,30,13001310,11123672,7540084,3583587,32.22,1207035,2376552,21.36,9202956,82.73,2886965,1923823,2,6.67,5944746,2200358,529351,433377,9,444946
FIN000077,2019-04-01,2019,4,Q2,DEV0017,Object 1,2,2165534,1758345,1173695,584649,33.25,180384,404265,22.99,1320786,75.12,287868,286191,0,0.0,1040287,317510,70436,1082767,2,70333
FIN000078,2019-04-01,2019,4,Q2,DEV0018,Majid Al Futtaim,50,91138900,82095437,48280895,33814541,41.19,10775454,23039087,28.06,67305857,81.98,15606538,12609300,3,6.0,37125550,8359868,4430900,1822778,7,3283817
FIN000079,2019-04-01,2019,4,Q2,DEV0019,Dubai Properties,75,185450250,150203164,84701541,65501622,43.61,20422303,45079319,30.01,122726371,81.71,37050927,21000759,3,4.0,75556725,23499856,3226936,2472670,48,6008126
FIN000080,2019-04-01,2019,4,Q2,DEV0020,Meydan Group,81,150702363,143001806,79454610,63547195,44.44,17530015,46017180,32.18,98230740,68.69,26037066,18112574,3,3.7,68351858,24017875,4771025,1860523,22,5720072
FIN000081,2019-05-01,2019,5,Q2,DEV0001,Emaar Properties,86,198209704,168381771,114083204,54298566,32.25,25144209,29154357,17.31,134637632,79.96,27438459,18008588,8,9.3,85491255,28140389,7246222,2304764,13,6735270
FIN000082,2019-05-01,2019,5,Q2,DEV0002,DAMAC Properties,84,186805668,165598571,103814157,61784413,37.31,23407409,38377004,23.17,100370093,60.61,30229486,28888292,8,9.52,90168193,23587111,9157570,2223877,9,6623942
FIN000083,2019-05-01,2019,5,Q2,DEV0003,Aldar Properties,61,122396805,109246827,71494713,37752113,34.56,14284427,23467686,21.48,87240806,79.86,21599534,13891560,6,9.84,54121801,9903895,2740299,2006505,5,4369873
FIN000084,2019-05-01,2019,5,Q2,DEV0004,Nakheel,78,163943520,150485282,84516399,65968882,43.84,16982034,48986848,32.55,124583714,82.79,44892505,35623340,6,7.69,64549341,12322822,7947619,2101840,20,6019411
FIN000085,2019-05-01,2019,5,Q2,DEV0005,Meraas,63,135306360,115874141,77776678,38097462,32.88,19459199,18638263,16.08,75187206,64.89,31320000,14038722,5,7.94,64470799,12707646,5175014,2147720,72,4634965
FIN000086,2019-05-01,2019,5,Q2,DEV0006,Sobha Realty,34,72825824,62154603,42552705,19601897,31.54,7687222,11914675,19.17,45227459,72.77,10773384,11492907,3,8.82,35152511,10381771,1904059,2141936,24,2486184
FIN000087,2019-05-01,2019,5,Q2,DEV0007,Azizi Developments,15,25004055,21708384,13377062,8331321,38.38,2866800,5464521,25.17,16357900,75.35,5463245,3574094,1,6.67,11977325,2782522,653506,1666937,53,868335
FIN000088,2019-05-01,2019,5,Q2,DEV0008,Danube Properties,55,74722615,67677851,46677126,21000724,31.03,11966753,9033971,13.35,43586763,64.4,12380819,10625104,5,9.09,37764860,13289939,2874444,1358593,29,2707114
FIN000089,2019-05-01,2019,5,Q2,DEV0009,Binghatti,28,34907852,31242387,18750226,12492160,39.98,5052690,7439470,23.81,19958334,63.88,8700443,4223718,2,7.14,15054913,5324428,1563102,1246709,6,1249695
FIN000090,2019-05-01,2019,5,Q2,DEV0010,Ellington Properties,30,26077050,23581418,14193893,9387524,39.81,4216485,5171039,21.93,15083957,63.97,3984684,5832316,1,3.33,10920058,2572765,1396054,869235,19,943256
FIN000091,2019-05-01,2019,5,Q2,DEV0011,RAK Properties,47,81966731,76488533,53205865,23282667,30.44,12673653,10609014,13.87,51332342,67.11,12193047,16948481,5,10.64,43001914,11550896,3494294,1743973,9,3059541
FIN000092,2019-05-01,2019,5,Q2,DEV0012,Tiger Properties,41,49696141,45921878,33018363,12903514,28.1,5028001,7875513,17.15,38673328,84.22,13457350,9754062,2,4.88,27487850,5285126,2485415,1212101,37,1836875
FIN000093,2019-05-01,2019,5,Q2,DEV0013,Imtiaz Developments,38,37011126,29912958,18191804,11721153,39.18,3970696,7750457,25.91,20966550,70.09,8212590,3906408,3,7.89,16018963,4366209,786552,973977,0,1196518
FIN000094,2019-05-01,2019,5,Q2,DEV0014,Select Group,59,119635893,111643253,73147867,38495385,34.48,14920810,23574575,21.12,76259683,68.31,26542756,14992713,3,5.08,54620807,19444801,6276903,2027727,1,4465730
FIN000095,2019-05-01,2019,5,Q2,DEV0015,Reportage Properties,4,3149388,2814016,1874242,939773,33.4,285010,654763,23.27,1752496,62.28,558054,693494,0,0.0,1382020,393937,60847,787347,0,112560
FIN000096,2019-05-01,2019,5,Q2,DEV0016,Samana Developers,19,12916010,11271763,7669723,3602039,31.96,1367078,2234961,19.83,7211977,63.98,2439966,2741754,1,5.26,6246201,1280048,504590,679790,24,450870
FIN000097,2019-05-01,2019,5,Q2,DEV0017,Object 1,4,4003684,3540895,2385409,1155485,32.63,446344,709141,20.03,2379761,67.21,876048,585086,0,0.0,2014096,508875,114035,1000921,19,141635
FIN000098,2019-05-01,2019,5,Q2,DEV0018,Majid Al Futtaim,44,60477868,52200725,34950720,17250004,33.05,7729174,9520830,18.24,37184789,71.23,12641748,9364092,2,4.55,25905158,9293383,2981991,1374497,14,2088029
FIN000099,2019-05-01,2019,5,Q2,DEV0019,Dubai Properties,85,190366255,179835793,127088235,52747557,29.33,31635997,21111560,11.74,114193913,63.5,31838468,23989507,10,11.76,113183949,32201642,7258444,2239603,11,7193431
FIN000100,2019-05-01,2019,5,Q2,DEV0020,Meydan Group,70,162200220,138484561,97944532,40540028,29.27,20105429,20434599,14.76,111660773,80.63,26763444,20162910,7,10.0,72593532,12010230,2790715,2317146,1,5539382
FIN000101,2019-06-01,2019,6,Q2,DEV0001,Emaar Properties,66,126868896,115837998,69456557,46381440,40.04,14289911,32091529,27.7,76309339,65.88,20047219,26585918,2,3.03,52343421,16185704,5914481,1922256,72,4633519
FIN000102,2019-06-01,2019,6,Q2,DEV0002,DAMAC Properties,79,174975678,150078343,106757163,43321179,28.87,21370859,21950320,14.63,117031550,77.98,28367325,18485741,6,7.59,90096548,23329307,3956602,2214882,6,6003133
FIN000103,2019-06-01,2019,6,Q2,DEV0003,Aldar Properties,96,196245408,182177798,115655109,66522688,36.52,31903887,34618801,19.0,147579949,81.01,42866162,21778603,9,9.38,98260059,29179717,4015575,2044223,10,7287111
FIN000104,2019-06-01,2019,6,Q2,DEV0004,Nakheel,72,143216280,129195157,72074501,57120655,44.21,17986160,39134495,30.29,88832306,68.76,36340480,14742226,5,6.94,52346741,19120501,3774992,1989115,3,5167806
FIN000105,2019-06-01,2019,6,Q2,DEV0005,Meraas,54,114642000,92076007,60804874,31271132,33.96,12519051,18752081,20.37,71222969,77.35,24761214,22999014,3,5.56,50074274,13715771,4248985,2123000,58,3683040
FIN000106,2019-06-01,2019,6,Q2,DEV0006,Sobha Realty,60,137001000,121953842,77910093,44043748,36.12,12330444,31713304,26.0,100261636,82.21,33729314,20275319,6,10.0,64206455,23505173,7246532,2283350,68,4878153
FIN000107,2019-06-01,2019,6,Q2,DEV0007,Azizi Developments,35,56365365,50330139,34504534,15825604,31.44,7301082,8524522,16.94,37462523,74.43,12856572,9445444,2,5.71,26546396,5632341,1413623,1610439,24,2013205
FIN000108,2019-06-01,2019,6,Q2,DEV0008,Danube Properties,50,75672250,61142059,37652754,23489304,38.42,10589523,12899781,21.1,45893992,75.06,18285210,12339789,3,6.0,33428918,5743726,1684168,1513445,56,2445682
FIN000109,2019-06-01,2019,6,Q2,DEV0009,Binghatti,45,62405145,59139844,40992701,18147142,30.69,10296675,7850467,13.27,47062745,79.58,15299379,13748970,2,4.44,32989734,10910679,3025607,1386781,20,2365593
FIN000110,2019-06-01,2019,6,Q2,DEV0010,Ellington Properties,39,66645345,53777080,32582817,21194262,39.41,6921740,14272522,26.54,43505543,80.9,8473429,10496215,4,10.26,26401786,5922464,1080482,1708855,5,2151083
FIN000111,2019-06-01,2019,6,Q2,DEV0011,RAK Properties,48,60540048,52838562,34649767,18188794,34.42,7632318,10556476,19.98,33677486,63.74,11239053,9065915,3,6.25,27203909,6119641,1793170,1261251,18,2113542
FIN000112,2019-06-01,2019,6,Q2,DEV0012,Tiger Properties,44,70609176,65490552,36079256,29411295,44.91,6707060,22704235,34.67,50767586,77.52,10049372,10505084,4,9.09,31029775,7340619,3468021,1604754,90,2619622
FIN000113,2019-06-01,2019,6,Q2,DEV0013,Imtiaz Developments,50,73862700,62286770,43776468,18510301,29.72,8583686,9926615,15.94,46234230,74.23,13343690,9460586,5,10.0,31093766,7048581,1625464,1477254,34,2491470
FIN000114,2019-06-01,2019,6,Q2,DEV0014,Select Group,39,73546590,62676971,40709828,21967142,35.05,10102474,11864668,18.93,48653483,77.63,17863986,12813908,1,2.56,34968396,11589534,3382542,1885810,7,2507078
FIN000115,2019-06-01,2019,6,Q2,DEV0015,Reportage Properties,-9,-11757807,-10450772,-5838492,-4612279,44.13,-1369090,-3243189,-324318900.0,-8592309,-859230900.0,-2590161,-1317183,0,0.0,-4197719,-1845295,-344705,1306423,38,-418030
FIN000116,2019-06-01,2019,6,Q2,DEV0016,Samana Developers,17,14731469,13445703,9603607,3842095,28.57,1777431,2064664,15.36,10882827,80.94,2694345,1985351,1,5.88,7185028,1887724,764896,866557,34,537828
FIN000117,2019-06-01,2019,6,Q2,DEV0017,Object 1,59,43844552,36372241,21929739,14442501,39.71,4353861,10088640,27.74,22203489,61.05,7270506,7160252,1,1.69,18276321,6102214,2058454,743128,14,1454889
FIN000118,2019-06-01,2019,6,Q2,DEV0018,Majid Al Futtaim,76,144380392,123309606,86682180,36627425,29.7,14055324,22572101,18.31,78083312,63.32,33611695,21349653,2,2.63,67788548,13775139,2690274,1899742,23,4932384
FIN000119,2019-06-01,2019,6,Q2,DEV0019,Dubai Properties,97,237493733,193348061,116568403,76779657,39.71,27427106,49352551,25.53,149857632,77.51,51506340,35849677,8,8.25,83325279,36071042,11554106,2448389,11,7733922
FIN000120,2019-06-01,2019,6,Q2,DEV0020,Meydan Group,76,175376308,163230741,111236638,51994102,31.85,22003161,29990941,18.37,114035381,69.86,36612622,32814334,6,7.89,82620455,29181522,7270367,2307583,2,6529229
FIN000121,2019-07-01,2019,7,Q3,DEV0001,Emaar Properties,115,238993460,202850330,122749765,80100564,39.49,28773138,51327426,25.3,138858494,68.45,57653885,26933995,7,6.09,86212409,18338571,11772673,2078204,31,8114013
FIN000122,2019-07-01,2019,7,Q3,DEV0002,DAMAC Properties,73,162808980,134643141,83221718,51421422,38.19,15831895,35589527,26.43,112122240,83.27,33891269,13863658,2,2.74,70381498,23524741,5467062,2230260,19,5385725
FIN000123,2019-07-01,2019,7,Q3,DEV0003,Aldar Properties,67,151148114,133693097,95673796,38019300,28.44,20658288,17361012,12.99,99419949,74.36,22033892,20038664,3,4.48,71795078,22551125,6397947,2255942,4,5347723
FIN000124,2019-07-01,2019,7,Q3,DEV0004,Nakheel,76,145762832,122076846,83903037,38173808,31.27,19752627,18421181,15.09,82416984,67.51,33538840,26408651,5,6.58,61981417,11758502,6698353,1917932,36,4883073
FIN000125,2019-07-01,2019,7,Q3,DEV0005,Meraas,105,242275110,224021284,147169959,76851324,34.31,39097346,37753978,16.85,177066509,79.04,61259828,26599933,9,8.57,115768572,19587475,12969128,2307382,7,8960851
FIN000126,2019-07-01,2019,7,Q3,DEV0006,Sobha Realty,79,178658184,160481656,96820511,63661144,39.67,21745292,41915852,26.12,126851929,79.04,41050677,16443677,5,6.33,79819421,18134593,4686448,2261496,30,6419266
FIN000127,2019-07-01,2019,7,Q3,DEV0007,Azizi Developments,33,51804423,44439594,25053907,19385686,43.62,6117489,13268197,29.86,36505523,82.15,8226072,7944042,2,6.06,18416203,4059508,2220829,1569831,14,1777583
FIN000128,2019-07-01,2019,7,Q3,DEV0008,Danube Properties,48,87344112,79777748,53117438,26660309,33.42,9664317,16995992,21.3,63617193,79.74,19145814,19376790,5,10.42,42525763,7851823,3510256,1819669,12,3191109
FIN000129,2019-07-01,2019,7,Q3,DEV0009,Binghatti,37,60391400,52150812,37112222,15038589,28.84,5754484,9284105,17.8,36827806,70.62,9025524,11919946,2,5.41,31936640,4958065,2302022,1632200,28,2086032
FIN000130,2019-07-01,2019,7,Q3,DEV0010,Ellington Properties,43,52477243,46968531,33449012,13519518,28.78,6801289,6718229,14.3,37466629,79.77,13270994,8911331,4,9.3,29664019,7033878,1226597,1220401,93,1878741
FIN000131,2019-07-01,2019,7,Q3,DEV0011,RAK Properties,69,134121786,112212355,71014408,41197946,36.71,19780344,21417602,19.09,91695258,81.72,25439502,16342746,7,10.14,50499809,15663401,5737576,1943794,42,4488494
FIN000132,2019-07-01,2019,7,Q3,DEV0012,Tiger Properties,52,93509156,85822401,54184036,31638364,36.86,12685929,18952435,22.08,52613909,61.31,14268152,20986007,5,9.62,44028568,11853549,3970790,1798253,42,3432896
FIN000133,2019-07-01,2019,7,Q3,DEV0013,Imtiaz Developments,52,85960888,76919020,54277926,22641093,29.43,8819876,13821217,17.97,59030134,76.74,13212849,17680302,3,5.77,48119603,7073425,3371902,1653094,13,3076760
FIN000134,2019-07-01,2019,7,Q3,DEV0014,Select Group,61,78734286,71623994,41504750,30119243,42.05,8812896,21306347,29.75,49322550,68.86,16113091,10097175,3,4.92,29140612,8649758,4043677,1290726,27,2864959
FIN000135,2019-07-01,2019,7,Q3,DEV0015,Reportage Properties,13,9014694,8290665,5184136,3106528,37.47,986701,2119827,25.57,5369883,64.77,2294836,1383499,1,7.69,4441754,856259,421727,693438,7,331626
FIN000136,2019-07-01,2019,7,Q3,DEV0016,Samana Developers,21,25582767,23045114,14916981,8128132,35.27,3722099,4406033,19.12,16262681,70.57,4537400,4496951,1,4.76,11791781,4412513,1145687,1218227,17,921804
FIN000137,2019-07-01,2019,7,Q3,DEV0017,Object 1,-20,-12145780,-10834842,-6288380,-4546461,41.96,-1652599,-2893862,-289386200.0,-8233832,-823383200.0,-1752909,-1865460,0,0.0,-5054446,-1310683,-274001,607289,1,-433393
FIN000138,2019-07-01,2019,7,Q3,DEV0018,Majid Al Futtaim,77,158575417,131105483,85799533,45305949,34.56,20118958,25186991,19.21,99163741,75.64,20090024,16426217,2,2.6,76263707,17453890,6532621,2059421,25,5244219
FIN000139,2019-07-01,2019,7,Q3,DEV0019,Dubai Properties,90,218096550,184227715,107320373,76907341,41.75,20691586,56215755,30.51,128288888,69.64,42941157,30963303,3,3.33,80897270,21791968,9632851,2423295,9,7369108
FIN000140,2019-07-01,2019,7,Q3,DEV0020,Meydan Group,63,154321902,129709348,86879913,42829434,33.02,17867570,24961864,19.24,103916729,80.12,35479516,13788374,3,4.76,63842972,23797852,3959168,2449554,15,5188373
FIN000141,2019-08-01,2019,8,Q3,DEV0001,Emaar Properties,71,160243450,152131595,107528451,44603143,29.32,24930871,19672272,12.93,111475341,73.28,40555512,30666742,3,4.23,84093606,22788420,6055917,2256950,18,6085263
FIN000142,2019-08-01,2019,8,Q3,DEV0002,DAMAC Properties,91,139706658,122383046,84887482,37495563,30.64,18201733,19293830,15.77,99628123,81.41,33726666,21615361,5,5.49,75594976,16672070,7202939,1535238,9,4895321
FIN000143,2019-08-01,2019,8,Q3,DEV0003,Aldar Properties,91,189419594,179427469,100858861,78568607,43.79,19854275,58714332,32.72,116513446,64.94,43067276,24318876,7,7.69,83716134,21935592,8042444,2081534,29,7177098
FIN000144,2019-08-01,2019,8,Q3,DEV0004,Nakheel,76,212543272,190887165,134466453,56420711,29.56,26469635,29951076,15.69,143575943,75.22,32271730,34250957,2,2.63,100023540,31324725,5199841,2796622,63,7635486
FIN000145,2019-08-01,2019,8,Q3,DEV0005,Meraas,77,151499502,126711157,85127514,41583642,32.82,16529498,25054144,19.77,103185207,81.43,20488969,21604646,3,3.9,73930748,13164685,7177340,1967526,1,5068446
FIN000146,2019-08-01,2019,8,Q3,DEV0006,Sobha Realty,109,278919446,255235510,159991017,95244492,37.32,30521403,64723089,25.36,173342687,67.91,47695742,31626625,6,5.5,113275190,42858465,13887464,2558894,51,10209420
FIN000147,2019-08-01,2019,8,Q3,DEV0007,Azizi Developments,41,57942799,50917856,36241033,14676822,28.82,8313892,6362930,12.5,30859115,60.61,9360656,5363465,2,4.88,32207272,4199376,2580646,1413239,15,2036714
FIN000148,2019-08-01,2019,8,Q3,DEV0008,Danube Properties,44,55177716,49678838,27863276,21815561,43.91,6065214,15750347,31.7,34321629,69.09,11752663,12076370,5,11.36,21664165,6569182,2561740,1254039,38,1987153
FIN000149,2019-08-01,2019,8,Q3,DEV0009,Binghatti,53,58756648,55105598,35240903,19864694,36.05,8928876,10935818,19.85,45163122,81.96,15724186,8364955,5,9.43,28451985,7932032,2367539,1108616,61,2204223
FIN000150,2019-08-01,2019,8,Q3,DEV0010,Ellington Properties,22,31256610,25278039,16577731,8700307,34.42,3759003,4941304,19.55,21212594,83.92,5177579,3879042,1,4.55,12335861,3123258,667965,1420755,32,1011121
FIN000151,2019-08-01,2019,8,Q3,DEV0011,RAK Properties,49,28854434,23095732,15095136,8000595,34.64,3810406,4190189,18.14,16175103,70.04,5640997,5077331,5,10.2,12112307,2667566,761722,588866,10,923829
FIN000152,2019-08-01,2019,8,Q3,DEV0012,Tiger Properties,58,103941046,86396750,53560908,32835841,38.01,13439226,19396615,22.45,70855174,82.01,18439228,17775992,5,8.62,38547097,7708388,4146386,1792087,7,3455870
FIN000153,2019-08-01,2019,8,Q3,DEV0013,Imtiaz Developments,38,42155338,35707308,21566571,14140736,39.6,6343590,7797146,21.84,24239695,67.88,9826231,7543525,1,2.63,17426724,4032056,937267,1109351,24,1428292
FIN000154,2019-08-01,2019,8,Q3,DEV0014,Select Group,35,52094560,48850122,32889649,15960472,32.67,5138608,10821864,22.15,40495924,82.9,7518675,8865906,1,2.86,27403493,5754280,2903490,1488416,14,1954004
FIN000155,2019-08-01,2019,8,Q3,DEV0015,Reportage Properties,13,16516357,14594519,8147262,6447256,44.18,2523340,3923916,26.89,10017543,68.64,4204342,2193026,1,7.69,6423935,2886530,674171,1270489,0,583780
FIN000156,2019-08-01,2019,8,Q3,DEV0016,Samana Developers,-4,-3362552,-2715291,-1916728,-798562,29.41,-458704,-339858,-33985800.0,-2113087,-211308700.0,-491842,-542175,0,0.0,-1570038,-513145,-134918,840638,106,-108611
FIN000157,2019-08-01,2019,8,Q3,DEV0017,Object 1,35,18554130,16445069,11743902,4701166,28.59,2545619,2155547,13.11,12525942,76.17,4682199,2888915,4,11.43,9675078,1873579,973226,530118,0,657802
FIN000158,2019-08-01,2019,8,Q3,DEV0018,Majid Al Futtaim,109,190908922,156580801,106735442,49845358,31.83,28003856,21841502,13.95,113463708,72.46,31944361,23391232,3,2.75,81237181,16598004,4839302,1751458,64,6263232
FIN000159,2019-08-01,2019,8,Q3,DEV0019,Dubai Properties,86,162251900,153939377,109803170,44136206,28.67,17387205,26749001,17.38,123865185,80.46,41994353,27950866,2,2.33,94447134,26885596,4841521,1886650,22,6157575
FIN000160,2019-08-01,2019,8,Q3,DEV0020,Meydan Group,93,177022989,154963741,102559922,52403818,33.82,18070255,34333563,22.16,129359453,83.48,45767951,29029439,5,5.38,80406236,12611369,8187698,1903473,72,6198549
FIN000161,2019-09-01,2019,9,Q3,DEV0001,Emaar Properties,82,199123552,170011780,117974587,52037192,30.61,18167485,33869707,19.92,110553964,65.03,38442360,35803007,8,9.76,97393695,31882203,7931951,2428336,19,6800471
FIN000162,2019-09-01,2019,9,Q3,DEV0002,DAMAC Properties,78,199392336,161791538,113509986,48281551,29.84,27087434,21194117,13.1,135450271,83.72,26103816,23462479,5,6.41,90505760,21731665,9553463,2556312,59,6471661
FIN000163,2019-09-01,2019,9,Q3,DEV0003,Aldar Properties,62,118044404,104106737,73124514,30982222,29.76,17181354,13800868,13.26,65291929,62.72,29167263,18750353,7,11.29,57718825,10980991,2641258,1903942,12,4164269
FIN000164,2019-09-01,2019,9,Q3,DEV0004,Nakheel,65,147617990,122252942,73595933,48657008,39.8,17541284,31115724,25.45,102837106,84.12,33816616,27915463,7,10.77,65455625,21424531,5680738,2271046,32,4890117
FIN000165,2019-09-01,2019,9,Q3,DEV0005,Meraas,86,170579194,153233335,94281907,58951427,38.47,17646915,41304512,26.96,123747310,80.76,30213961,27437117,2,2.33,71790320,13132774,4147615,1983479,1,6129333
FIN000166,2019-09-01,2019,9,Q3,DEV0006,Sobha Realty,84,183401148,171638500,101735191,69903308,40.73,26250109,43653199,25.43,105489515,61.46,47451792,33642862,2,2.38,79893788,15344868,7826809,2183347,50,6865540
FIN000167,2019-09-01,2019,9,Q3,DEV0007,Azizi Developments,64,49189632,46283468,27028905,19254562,41.6,7538374,11716188,25.31,37419061,80.85,7035472,9235411,2,3.12,21736862,6056772,950790,768588,7,1851338
FIN000168,2019-09-01,2019,9,Q3,DEV0008,Danube Properties,38,61880340,58630980,32559168,26071811,44.47,10000360,16071451,27.41,41992010,71.62,9715395,14139911,2,5.26,26695105,11004936,1975050,1628430,19,2345239
FIN000169,2019-09-01,2019,9,Q3,DEV0009,Binghatti,43,72039061,67994497,45711554,22282942,32.77,10393681,11889261,17.49,54616795,80.33,15493468,11911848,2,4.65,39580368,11353682,3059386,1675327,0,2719779
FIN000170,2019-09-01,2019,9,Q3,DEV0010,Ellington Properties,26,40339650,32858824,18522388,14336435,43.63,5391712,8944723,27.22,26737595,81.37,9129564,4977199,1,3.85,15348403,2793496,1471912,1551525,69,1314352
FIN000171,2019-09-01,2019,9,Q3,DEV0011,RAK Properties,48,60000720,51780418,28547261,23233156,44.87,7296758,15936398,30.78,39448051,76.18,10348805,8847315,4,8.33,21183698,7064788,2565985,1250015,10,2071216
FIN000172,2019-09-01,2019,9,Q3,DEV0012,Tiger Properties,45,67324140,63901777,45339612,18562164,29.05,9440253,9121911,14.27,54100919,84.66,16156858,7670487,2,4.44,33259953,11893843,1892389,1496092,1,2556071
FIN000173,2019-09-01,2019,9,Q3,DEV0013,Imtiaz Developments,36,60522084,54425956,34568984,19856971,36.48,6270503,13586468,24.96,32992304,60.62,10345136,13227215,2,5.56,27584026,7013172,1981241,1681169,37,2177038
FIN000174,2019-09-01,2019,9,Q3,DEV0014,Select Group,75,87244050,73843015,51898439,21944575,29.72,11988280,9956295,13.48,51221394,69.37,13360415,9243684,7,9.33,41789667,14555042,2081523,1163254,11,2953720
FIN000175,2019-09-01,2019,9,Q3,DEV0015,Reportage Properties,-3,-2901525,-2465446,-1389936,-1075509,43.62,-405989,-669520,-66952000.0,-1479402,-147940200.0,-502681,-483168,0,0.0,-1143579,-474410,-71981,967175,22,-98617
FIN000176,2019-09-01,2019,9,Q3,DEV0016,Samana Developers,23,24867738,23356328,15380669,7975658,34.15,2861348,5114310,21.9,18428374,78.9,4939875,2901780,1,4.35,12296199,4202412,691893,1081206,33,934253
FIN000177,2019-09-01,2019,9,Q3,DEV0017,Object 1,3,2657244,2437098,1389368,1047729,42.99,287543,760186,31.19,1665311,68.33,708120,434832,0,0.0,1214992,432659,59780,885748,25,97483
FIN000178,2019-09-01,2019,9,Q3,DEV0018,Majid Al Futtaim,86,169273456,148609777,92329508,56280268,37.87,16742419,39537849,26.61,112026060,75.38,32231124,17770511,3,3.49,79949273,21180524,4044294,1968296,14,5944391
FIN000179,2019-09-01,2019,9,Q3,DEV0019,Dubai Properties,82,170476934,160193250,99909214,60284035,37.63,26934516,33349519,20.82,131500731,82.09,33305951,24510296,8,9.76,75327648,18229223,9410477,2078987,17,6407730
FIN000180,2019-09-01,2019,9,Q3,DEV0020,Meydan Group,93,220622598,177379768,106375496,71004271,40.03,27580903,43423368,24.48,111741915,63.0,42887934,30579788,2,2.15,76467400,32459912,9118063,2372286,34,7095190
FIN000181,2019-10-01,2019,10,Q4,DEV0001,Emaar Properties,58,150230150,120967604,73569030,47398573,39.18,18573007,28825566,23.83,91817605,75.9,27162446,19566963,6,10.34,53192406,21371109,4247623,2590175,14,4838704
FIN000182,2019-10-01,2019,10,Q4,DEV0002,DAMAC Properties,79,178362882,150435424,83997715,66437708,44.16,17945362,48492346,32.23,124883013,83.01,38888903,32574926,3,3.8,67251239,19370692,5164206,2257758,4,6017416
FIN000183,2019-10-01,2019,10,Q4,DEV0003,Aldar Properties,110,264865260,226513537,135628072,90885464,40.12,32257900,58627564,25.88,172885747,76.32,40165842,26550164,4,3.64,110454915,32466069,13384932,2407866,21,9060541
FIN000184,2019-10-01,2019,10,Q4,DEV0004,Nakheel,73,156973798,141938080,92098016,49840063,35.11,20640494,29199569,20.57,114387638,80.59,37908100,26095638,2,2.74,65796882,26344298,8154248,2150326,1,5677523
FIN000185,2019-10-01,2019,10,Q4,DEV0005,Meraas,80,191211600,176422615,113397679,63024935,35.72,24700045,38324890,21.72,141661318,80.3,37824560,25178508,4,5.0,87017908,27058158,6431774,2390145,17,7056904
FIN000186,2019-10-01,2019,10,Q4,DEV0006,Sobha Realty,51,92207949,75437536,45947784,29489751,39.09,12050296,17439455,23.12,54628938,72.42,13081388,7637314,3,5.88,36241857,9608858,3762941,1807999,6,3017501
FIN000187,2019-10-01,2019,10,Q4,DEV0007,Azizi Developments,36,57321648,51309540,35437422,15872117,30.93,8645859,7226258,14.08,40392429,78.72,11407920,10003029,1,2.78,29870892,5784459,2560586,1592268,14,2052381
FIN000188,2019-10-01,2019,10,Q4,DEV0008,Danube Properties,47,57635160,53396006,34246221,19149784,35.86,9143710,10006074,18.74,44867977,84.03,12521245,12181667,4,8.51,29461198,5390185,3044425,1226280,0,2135840
FIN000189,2019-10-01,2019,10,Q4,DEV0009,Binghatti,69,108316545,88354823,63522402,24832420,28.11,14606690,10225730,11.57,55084428,62.34,21490199,11078026,5,7.25,48962191,15960280,5136652,1569805,6,3534192
FIN000190,2019-10-01,2019,10,Q4,DEV0010,Ellington Properties,29,29157528,25956730,15092028,10864701,41.86,3573551,7291150,28.09,19027463,73.3,7194195,4541762,2,6.9,10801138,2449263,1487815,1005432,2,1038269
FIN000191,2019-10-01,2019,10,Q4,DEV0011,RAK Properties,47,92132643,84658908,46693904,37965003,44.84,13322956,24642047,29.11,70386718,83.14,22307743,15972585,2,4.26,36687104,11925245,3972414,1960269,15,3386356
FIN000192,2019-10-01,2019,10,Q4,DEV0012,Tiger Properties,12,17047308,15642077,9979221,5662855,36.2,2543851,3119004,19.94,10764035,68.81,4162722,3607048,0,0.0,6994920,2455196,751370,1420609,68,625683
FIN000193,2019-10-01,2019,10,Q4,DEV0013,Imtiaz Developments,88,126079976,117025761,71496424,45529336,38.91,15781550,29747786,25.42,89968609,76.88,33718564,25272211,3,3.41,50856460,9657770,5574869,1432727,15,4681030
FIN000194,2019-10-01,2019,10,Q4,DEV0014,Select Group,44,64831844,58206629,41725242,16481386,28.32,7007694,9473692,16.28,43328459,74.44,10914349,12320042,1,2.27,36239991,5239933,1477546,1473451,69,2328265
FIN000195,2019-10-01,2019,10,Q4,DEV0015,Reportage Properties,24,18958056,16045478,10986481,5058996,31.53,2265266,2793730,17.41,10378473,64.68,4686340,3859021,2,8.33,9173248,1534233,875497,789919,0,641819
FIN000196,2019-10-01,2019,10,Q4,DEV0016,Samana Developers,5,5745085,4724630,3071253,1653376,34.99,639862,1013514,21.45,3577438,75.72,716951,1036656,0,0.0,2287382,580117,234068,1149017,85,188985
FIN000197,2019-10-01,2019,10,Q4,DEV0017,Object 1,12,12326052,10327079,5920208,4406870,42.67,1366049,3040821,29.45,7333695,71.01,2143972,1282499,1,8.33,4814792,1802651,251310,1027171,33,413083
FIN000198,2019-10-01,2019,10,Q4,DEV0018,Majid Al Futtaim,82,224833750,203636646,114237785,89398860,43.9,21559454,67839406,33.31,134999456,66.29,50672842,36194111,9,10.98,100203426,37978314,10162446,2741875,3,8145465
FIN000199,2019-10-01,2019,10,Q4,DEV0019,Dubai Properties,61,159889723,140479932,87672986,52806945,37.59,18538040,34268905,24.39,118761887,84.54,37991359,26704523,2,3.28,64449722,23766398,5152628,2621143,29,5619197
FIN000200,2019-10-01,2019,10,Q4,DEV0020,Meydan Group,90,179251470,162486096,105469533,57016562,35.09,18618206,38398356,23.63,127751373,78.62,38918206,28814676,8,8.89,93860477,17553169,4043445,1991683,49,6499443
FIN000201,2019-11-01,2019,11,Q4,DEV0001,Emaar Properties,80,173153440,159873248,102762838,57110409,35.72,23921062,33189347,20.76,121398955,75.93,24308619,30716972,8,10.0,92276345,22330007,6386626,2164418,8,6394929
FIN000202,2019-11-01,2019,11,Q4,DEV0002,DAMAC Properties,94,201848268,171887563,108079540,63808022,37.12,27599515,36208507,21.07,138078228,80.33,44549632,32320657,9,9.57,80289563,30273735,10046575,2147322,11,6875502
FIN000203,2019-11-01,2019,11,Q4,DEV0003,Aldar Properties,71,148821609,119807054,80377522,39429531,32.91,12952442,26477089,22.1,92910773,77.55,29933587,16604315,5,7.04,66681605,21254631,3966152,2096079,82,4792282
FIN000204,2019-11-01,2019,11,Q4,DEV0004,Nakheel,75,162913575,137062788,96449817,40612970,29.63,18594117,22018853,16.06,97267443,70.97,26609072,25043619,3,4.0,69671671,23064319,6531898,2172181,21,5482511
FIN000205,2019-11-01,2019,11,Q4,DEV0005,Meraas,59,156969441,134889489,80450459,54439029,40.36,18344789,36094240,26.76,107018755,79.34,26922147,16593985,7,11.86,56671392,24375028,7090809,2660499,40,5395579
FIN000206,2019-11-01,2019,11,Q4,DEV0006,Sobha Realty,84,202450332,186024980,125987478,60037501,32.27,19809903,40227598,21.62,146695994,78.86,43200002,42921487,9,10.71,104609661,23557807,3882222,2410123,11,7440999
FIN000207,2019-11-01,2019,11,Q4,DEV0007,Azizi Developments,25,39068100,35516965,19902591,15614373,43.96,6053934,9560439,26.92,22287678,62.75,6033053,4189270,2,8.0,17061981,4843990,953373,1562724,53,1420678
FIN000208,2019-11-01,2019,11,Q4,DEV0008,Danube Properties,55,80801160,72732784,40681723,32051060,44.07,9669034,22382026,30.77,55641570,76.5,20659017,15772715,4,7.27,35635540,11376445,2692570,1469112,7,2909311
FIN000209,2019-11-01,2019,11,Q4,DEV0009,Binghatti,40,70619240,62642550,38938339,23704210,37.84,9750743,13953467,22.27,43878534,70.05,14409728,11362027,4,10.0,28806427,5343636,1861422,1765481,16,2505702
FIN000210,2019-11-01,2019,11,Q4,DEV0010,Ellington Properties,42,53184684,45753004,25441434,20311569,44.39,8063881,12247688,26.77,38859039,84.93,9691151,10751443,1,2.38,18077502,8427608,2356166,1266302,4,1830120
FIN000211,2019-11-01,2019,11,Q4,DEV0011,RAK Properties,41,48181724,43561655,27107451,16454203,37.77,6594193,9860010,22.63,35108913,80.6,10381155,8702148,1,2.44,23883149,5145604,2491268,1175164,14,1742466
FIN000212,2019-11-01,2019,11,Q4,DEV0012,Tiger Properties,48,74154384,59498938,41684618,17814319,29.94,10544775,7269544,12.22,40558018,68.17,10964613,13403133,4,8.33,35809999,8234514,2902203,1544883,0,2379957
FIN000213,2019-11-01,2019,11,Q4,DEV0013,Imtiaz Developments,36,32216328,27872100,19383076,8489023,30.46,3866251,4622772,16.59,20929814,75.09,5757046,4572439,2,5.56,15585026,4788676,629396,894898,8,1114884
FIN000214,2019-11-01,2019,11,Q4,DEV0014,Select Group,29,47507423,41440284,26538259,14902024,35.96,6970670,7931354,19.14,27095789,65.39,8906150,7512352,1,3.45,21916513,5050517,2392259,1638187,1,1657611
FIN000215,2019-11-01,2019,11,Q4,DEV0015,Reportage Properties,-2,-1037948,-836955,-512017,-324937,38.82,-89692,-235245,-23524500.0,-687590,-68759000.0,-195847,-147006,0,0.0,-409137,-79464,-36884,518974,18,-33478
FIN000216,2019-11-01,2019,11,Q4,DEV0016,Samana Developers,18,24278400,22721754,15243268,7478485,32.91,2355014,5123471,22.55,16529471,72.75,6534896,3163778,1,5.56,11032761,3485805,487308,1348800,41,908870
FIN000217,2019-11-01,2019,11,Q4,DEV0017,Object 1,38,19619324,17443003,11729487,5713515,32.76,1988245,3725270,21.36,14574196,83.55,2740504,2690555,3,7.89,8282123,2517604,956101,516298,15,697720
FIN000218,2019-11-01,2019,11,Q4,DEV0018,Majid Al Futtaim,82,163227232,153556997,86637564,66919432,43.58,25308529,41610903,27.1,106254645,69.2,31099765,36886147,8,9.76,65789925,14105814,4186541,1990576,2,6142279
FIN000219,2019-11-01,2019,11,Q4,DEV0019,Dubai Properties,96,237205536,210365594,127837649,82527944,39.23,37779503,44748441,21.27,126857082,60.3,49304259,39191221,10,10.42,114022834,22382684,4490826,2470891,51,8414623
FIN000220,2019-11-01,2019,11,Q4,DEV0020,Meydan Group,61,144072606,134481187,80030750,54450436,40.49,22558711,31891725,23.71,105463403,78.42,24820108,24584935,2,3.28,66866952,17515192,5509713,2361846,1,5379247
FIN000221,2019-12-01,2019,12,Q4,DEV0001,Emaar Properties,69,158529363,147899422,101766412,46133009,31.19,19784645,26348364,17.82,94489941,63.89,27176473,24207370,7,10.14,86696707,20467602,5073154,2297527,29,5915976
FIN000222,2019-12-01,2019,12,Q4,DEV0002,DAMAC Properties,52,96060588,77737051,47567742,30169308,38.81,11983505,18185803,23.39,63946533,82.26,17545490,17818009,2,3.85,36915004,11067334,4320268,1847319,22,3109482
FIN000223,2019-12-01,2019,12,Q4,DEV0003,Aldar Properties,112,188331248,175491608,102665017,72826590,41.5,24617832,48208758,27.47,124216965,70.78,37158036,33870860,9,8.04,88445597,29686353,6170616,1681529,6,7019664
FIN000224,2019-12-01,2019,12,Q4,DEV0004,Nakheel,112,201198592,167393569,95281345,72112223,43.08,25431923,46680300,27.89,131503399,78.56,48297263,40616347,12,10.71,69778659,18904783,4186099,1796416,40,6695742
FIN000225,2019-12-01,2019,12,Q4,DEV0005,Meraas,78,156040716,125044967,83567622,41477344,33.17,18837083,22640261,18.11,104840768,83.84,19525082,14033020,3,3.85,64541632,14408088,3836352,2000522,9,5001798
FIN000226,2019-12-01,2019,12,Q4,DEV0006,Sobha Realty,82,166461968,151152185,104851879,46300305,30.63,23507750,22792555,15.08,104068636,68.85,24217693,24435413,6,7.32,78304229,27385477,7934961,2030024,41,6046087
FIN000227,2019-12-01,2019,12,Q4,DEV0007,Azizi Developments,28,37863700,30478626,19456042,11022583,36.16,4891846,6130737,20.11,23381470,76.71,8116208,4621133,1,3.57,15934555,5364731,730757,1352275,47,1219145
FIN000228,2019-12-01,2019,12,Q4,DEV0008,Danube Properties,27,38769192,34859965,23498652,11361312,32.59,5620242,5741070,16.47,25353257,72.73,9584622,7050602,1,3.7,21103817,3716585,1656438,1435896,13,1394398
FIN000229,2019-12-01,2019,12,Q4,DEV0009,Binghatti,62,74172088,68597375,38919567,29677807,43.26,8060229,21617578,31.51,44180752,64.41,11188954,15737741,1,1.61,28652396,10453553,1378879,1196324,28,2743895
FIN000230,2019-12-01,2019,12,Q4,DEV0010,Ellington Properties,49,65848650,54651780,30446610,24205169,44.29,5755577,18449592,33.76,40540314,74.18,14127240,12413726,3,6.12,26416774,9051650,2845767,1343850,13,2186071
FIN000231,2019-12-01,2019,12,Q4,DEV0011,RAK Properties,38,50852284,41824665,28124359,13700305,32.76,5390714,8309591,19.87,34180234,81.72,6786994,10223963,1,2.63,21909188,5798174,1146230,1338218,26,1672986
FIN000232,2019-12-01,2019,12,Q4,DEV0012,Tiger Properties,47,67631590,59771948,34756150,25015797,41.85,9100911,15914886,26.63,44809422,74.97,13924709,10049681,2,4.26,28035687,10634460,3242191,1438970,11,2390877
FIN000233,2019-12-01,2019,12,Q4,DEV0013,Imtiaz Developments,33,49178184,45910485,32094616,13815868,30.09,6042881,7772987,16.93,31632342,68.9,8646965,11107255,1,3.03,27075628,6126332,2367152,1490248,45,1836419
FIN000234,2019-12-01,2019,12,Q4,DEV0014,Select Group,43,57292082,52797266,30197137,22600128,42.81,5422436,17177692,32.54,43063242,81.56,14301931,8772417,4,9.3,24262879,7607102,2346916,1332374,27,2111890
FIN000235,2019-12-01,2019,12,Q4,DEV0015,Reportage Properties,21,24025596,21216403,13762719,7453683,35.13,3727320,3726363,17.56,15344864,72.33,6092785,4142845,1,4.76,11486324,3255657,972381,1144076,0,848656
FIN000236,2019-12-01,2019,12,Q4,DEV0016,Samana Developers,20,11394140,10604091,7051528,3552562,33.5,1529331,2023231,19.08,7268395,68.54,1760963,1903761,0,0.0,5454140,1443597,250236,569707,10,424163
FIN000237,2019-12-01,2019,12,Q4,DEV0017,Object 1,-4,-3892896,-3538134,-2489550,-1048583,29.64,-583918,-464665,-46466500.0,-2348714,-234871400.0,-787051,-409545,0,0.0,-1760419,-317510,-127648,973224,71,-141525
FIN000238,2019-12-01,2019,12,Q4,DEV0018,Majid Al Futtaim,79,193452988,167148873,114381217,52767655,31.57,28892570,23875085,14.28,126343836,75.59,30935426,21786504,6,7.59,96826921,24828257,3686086,2448772,23,6685954
FIN000239,2019-12-01,2019,12,Q4,DEV0019,Dubai Properties,87,183509970,153958528,94079744,59878783,38.89,21974063,37904720,24.62,98512926,63.99,37266132,37763815,2,2.3,67905121,17454389,7750324,2109310,15,6158341
FIN000240,2019-12-01,2019,12,Q4,DEV0020,Meydan Group,57,107084304,100533033,68687435,31845597,31.68,16065657,15779940,15.7,72050418,71.67,28733866,18786285,3,5.26,59031684,19663579,2722637,1878672,7,4021321
FIN000241,2020-01-01,2020,1,Q1,DEV0001,Emaar Properties,61,137600140,115391386,75497772,39893613,34.57,15819200,24074413,20.86,77434482,67.11,24925614,16873411,5,8.2,53878336,22774720,4841289,2255740,4,4615655
FIN000242,2020-01-01,2020,1,Q1,DEV0002,DAMAC Properties,78,192882144,172725452,123337751,49387700,28.59,20171697,29216003,16.91,128307582,74.28,26601739,39830359,2,2.56,100106936,33494557,5475149,2472848,21,6909018
FIN000243,2020-01-01,2020,1,Q1,DEV0003,Aldar Properties,46,89693974,75193355,45713621,29479733,39.21,9867420,19612313,26.08,61425395,81.69,13181604,13017746,1,2.17,37999689,12192439,2435236,1949869,27,3007734
FIN000244,2020-01-01,2020,1,Q1,DEV0004,Nakheel,61,143167305,124185840,70231826,53954013,43.45,19143608,34810405,28.03,82648959,66.55,33122749,25532935,6,9.84,55140531,10276421,7235522,2347005,10,4967433
FIN000245,2020-01-01,2020,1,Q1,DEV0005,Meraas,71,155634769,134647105,86433027,48214077,35.81,20278355,27935722,20.75,100283452,74.48,37888265,19947354,8,11.27,73888636,19447427,7060890,2192039,8,5385884
FIN000246,2020-01-01,2020,1,Q1,DEV0006,Sobha Realty,79,190944343,154481128,107832880,46648247,30.2,23453041,23195206,15.01,108726337,70.38,35312514,32481754,5,6.33,82983587,24682768,3874407,2417017,24,6179245
FIN000247,2020-01-01,2020,1,Q1,DEV0007,Azizi Developments,42,57885786,53224464,37363409,15861054,29.8,8990701,6870353,12.91,39954934,75.07,9505702,12226169,1,2.38,27961208,10033372,1663624,1378233,7,2128978
FIN000248,2020-01-01,2020,1,Q1,DEV0008,Danube Properties,30,48104610,39271464,22675738,16595725,42.26,4548500,12047225,30.68,25264400,64.33,8245022,8473663,1,3.33,17340770,7564079,803984,1603487,5,1570858
FIN000249,2020-01-01,2020,1,Q1,DEV0009,Binghatti,32,42439488,39348816,26657204,12691611,32.25,6585923,6105688,15.52,26531366,67.43,10543779,8043634,2,6.25,23674448,3431446,1991013,1326234,22,1573952
FIN000250,2020-01-01,2020,1,Q1,DEV0010,Ellington Properties,41,70967556,64367888,43044971,21322916,33.13,7715664,13607252,21.14,47538248,73.85,19239541,12998169,4,9.76,33846277,8648016,2848539,1730916,8,2574715
FIN000251,2020-01-01,2020,1,Q1,DEV0011,RAK Properties,51,69752088,60368687,37079372,23289314,38.58,6220903,17068411,28.27,47502102,78.69,17096528,9737812,3,5.88,31293018,5484881,3272914,1367688,7,2414747
FIN000252,2020-01-01,2020,1,Q1,DEV0012,Tiger Properties,33,35345673,32770976,22326241,10444734,31.87,4170612,6274122,19.15,20808045,63.5,7228242,7087318,2,6.06,17198058,4271047,891489,1071081,61,1310839
FIN000253,2020-01-01,2020,1,Q1,DEV0013,Imtiaz Developments,32,43876320,39279326,22839067,16440258,41.85,5380873,11059385,28.16,30082950,76.59,10346805,9135834,3,9.38,16780837,4073727,1170253,1371135,51,1571173
FIN000254,2020-01-01,2020,1,Q1,DEV0014,Select Group,31,42053794,36838088,24083590,12754497,34.62,5147455,7607042,20.65,24786701,67.29,8825399,4707547,2,6.45,20788083,5766064,1979789,1356574,46,1473523
FIN000255,2020-01-01,2020,1,Q1,DEV0015,Reportage Properties,7,3429874,2942041,1634986,1307054,44.43,448502,858552,29.18,2267954,77.09,772418,645299,0,0.0,1238276,467042,82440,489982,6,117681
FIN000256,2020-01-01,2020,1,Q1,DEV0016,Samana Developers,1,307654,285686,165786,119899,41.97,35010,84889,29.71,213526,74.74,75124,60811,0,0.0,132694,56852,14004,307654,86,11427
FIN000257,2020-01-01,2020,1,Q1,DEV0017,Object 1,5,3481020,2795511,1946608,848902,30.37,429019,419883,15.02,2230107,79.77,788959,644660,0,0.0,1407149,292299,146345,696204,58,111820
FIN000258,2020-01-01,2020,1,Q1,DEV0018,Majid Al Futtaim,49,103337521,90781981,55454652,35327328,38.91,13364851,21962477,24.19,57064585,62.86,20220981,11508078,1,2.04,45848605,16781365,3749658,2108929,68,3631279
FIN000259,2020-01-01,2020,1,Q1,DEV0019,Dubai Properties,60,119373300,103221233,64783777,38437455,37.24,17290372,21147083,20.49,62935234,60.97,30708759,21499556,2,3.33,45569231,18543354,5352757,1989555,32,4128849
FIN000260,2020-01-01,2020,1,Q1,DEV0020,Meydan Group,52,133037580,111846094,74946545,36899548,32.99,18362561,18536987,16.57,77619309,69.4,21002580,17317217,1,1.92,56585542,10210309,2963448,2558415,3,4473843
FIN000261,2020-02-01,2020,2,Q1,DEV0001,Emaar Properties,74,150811408,141635360,90271801,51363558,36.26,17512466,33851092,23.9,97241912,68.66,37346602,16248678,3,4.05,71374438,14692112,5433196,2037992,105,5665414
FIN000262,2020-02-01,2020,2,Q1,DEV0002,DAMAC Properties,51,138360756,111919257,62773762,49145494,43.91,11634480,37511014,33.52,86854910,77.6,25204511,27051324,2,3.92,55921736,19664697,5722047,2712956,26,4476770
FIN000263,2020-02-01,2020,2,Q1,DEV0003,Aldar Properties,60,169014300,142025063,93613992,48411070,34.09,24079378,24331692,17.13,96008547,67.6,39009332,21654164,2,3.33,82179320,19690721,6394519,2816905,7,5681002
FIN000264,2020-02-01,2020,2,Q1,DEV0004,Nakheel,46,94942620,87387620,53490298,33897321,38.79,12462874,21434447,24.53,60489486,69.22,17557081,16614405,5,10.87,39254033,12689018,2490460,2063970,47,3495504
FIN000265,2020-02-01,2020,2,Q1,DEV0005,Meraas,69,165402246,155434429,94868759,60565669,38.97,24601187,35964482,23.14,107611087,69.23,27422036,37244491,2,2.9,67277143,13104882,9133577,2397134,0,6217377
FIN000266,2020-02-01,2020,2,Q1,DEV0006,Sobha Realty,56,160857256,144066784,85806055,58260728,40.44,22627228,35633500,24.73,111339527,77.28,30364995,28398616,3,5.36,62010382,12856560,5040454,2872451,28,5762671
FIN000267,2020-02-01,2020,2,Q1,DEV0007,Azizi Developments,24,42609648,40309874,22856095,17453778,43.3,6496532,10957246,27.18,33050120,81.99,9272880,8647384,2,8.33,16307026,5347789,1409406,1775402,78,1612394
FIN000268,2020-02-01,2020,2,Q1,DEV0008,Danube Properties,29,47156755,40444061,27417881,13026179,32.21,6583486,6442693,15.93,24758547,61.22,9726509,7485315,1,3.45,21163705,6465251,2159894,1626095,87,1617762
FIN000269,2020-02-01,2020,2,Q1,DEV0009,Binghatti,31,52382746,46425190,29560492,16864697,36.33,6927821,9936876,21.4,39439842,84.95,8281927,4701814,2,6.45,22371127,5773456,1568446,1689766,4,1857007
FIN000270,2020-02-01,2020,2,Q1,DEV0010,Ellington Properties,47,84667915,71736127,48041154,23694972,33.03,7423317,16271655,22.68,50090174,69.83,14920521,16851293,4,8.51,38021568,14023395,4274650,1801445,32,2869445
FIN000271,2020-02-01,2020,2,Q1,DEV0011,RAK Properties,24,36036408,31478028,18368786,13109241,41.65,3448318,9660923,30.69,22932440,72.85,4914139,5594266,1,4.17,15283204,4876019,1447959,1501517,56,1259121
FIN000272,2020-02-01,2020,2,Q1,DEV0012,Tiger Properties,16,28637456,24047169,14899855,9147313,38.04,2989581,6157732,25.61,16649743,69.24,5324147,5877015,1,6.25,10510705,2175396,1033853,1789841,64,961886
FIN000273,2020-02-01,2020,2,Q1,DEV0013,Imtiaz Developments,37,60367794,53814855,35944808,17870046,33.21,9250510,8619536,16.02,39222507,72.88,10870262,5711415,1,2.7,30842635,10027038,1662456,1631562,69,2152594
FIN000274,2020-02-01,2020,2,Q1,DEV0014,Select Group,9,19927332,16237867,9526055,6711811,41.33,2469562,4242249,26.13,12252718,75.46,4810261,2076898,0,0.0,7997137,2942181,407797,2214148,46,649514
FIN000275,2020-02-01,2020,2,Q1,DEV0015,Reportage Properties,8,7000936,6530656,3821952,2708703,41.48,1027098,1681605,25.75,5100377,78.1,1489541,1100031,0,0.0,3297463,874041,162135,875117,42,261226
FIN000276,2020-02-01,2020,2,Q1,DEV0016,Samana Developers,4,1828660,1480432,923462,556969,37.62,213064,343905,23.23,1064530,71.91,436463,195108,0,0.0,741688,253690,61622,457165,5,59217
FIN000277,2020-02-01,2020,2,Q1,DEV0017,Object 1,17,24471466,22583744,15384360,7199383,31.88,2381335,4818048,21.33,17432003,77.19,6138157,4516166,0,0.0,12851322,3116307,1063558,1439498,27,903349
FIN000278,2020-02-01,2020,2,Q1,DEV0018,Majid Al Futtaim,58,128515646,121273499,79683060,41590438,34.29,13883264,27707174,22.85,81289404,67.03,30575861,27408889,5,8.62,64627999,14610427,6877651,2215787,106,4850939
FIN000279,2020-02-01,2020,2,Q1,DEV0019,Dubai Properties,77,195072570,156230005,106755183,49474821,31.67,22319319,27155502,17.38,126517680,80.98,24040014,37083705,6,7.79,88918286,25634673,5629025,2533410,4,6249200
FIN000280,2020-02-01,2020,2,Q1,DEV0020,Meydan Group,68,130691240,109996026,78520116,31475909,28.62,14886335,16589574,15.08,90092625,81.91,25435636,11532792,4,5.88,64776514,21567406,2874922,1921930,0,4399841
FIN000281,2020-03-01,2020,3,Q1,DEV0001,Emaar Properties,28,68670588,57733506,37470978,20262527,35.1,5913058,14349469,24.85,38295935,66.33,16345085,7809237,2,7.14,32361941,8838974,1992546,2452521,42,2309340
FIN000282,2020-03-01,2020,3,Q1,DEV0002,DAMAC Properties,26,63035596,54558995,37697737,16861257,30.9,6821248,10040009,18.4,33213461,60.88,9008550,5503204,1,3.85,33900478,5968032,1811189,2424446,18,2182359
FIN000283,2020-03-01,2020,3,Q1,DEV0003,Aldar Properties,20,34780060,32565798,21649306,10916491,33.52,4495412,6421079,19.72,25294079,77.67,7477454,5331690,1,5.0,15801611,4105566,892825,1739003,2,1302631
FIN000284,2020-03-01,2020,3,Q1,DEV0004,Nakheel,34,94274894,80613091,54774185,25838905,32.05,9706093,16132812,20.01,65302893,81.01,21010346,13312097,2,5.88,46388026,9403564,1873036,2772791,3,3224523
FIN000285,2020-03-01,2020,3,Q1,DEV0005,Meraas,36,59335920,52203566,29020233,23183332,44.41,6583617,16599715,31.8,37406369,71.65,9376059,13045303,2,5.56,25827774,9097397,2621600,1648220,101,2088142
FIN000286,2020-03-01,2020,3,Q1,DEV0006,Sobha Realty,26,67087020,53957737,36240851,17716885,32.83,8236956,9479929,17.57,42839748,79.4,15499361,9501883,0,0.0,28863674,7747352,2976525,2580270,37,2158309
FIN000287,2020-03-01,2020,3,Q1,DEV0007,Azizi Developments,20,34103120,29557847,20189568,9368278,31.69,4111094,5257184,17.79,20496673,69.34,7267192,5870618,2,10.0,14288507,4097025,970297,1705156,13,1182313
FIN000288,2020-03-01,2020,3,Q1,DEV0008,Danube Properties,10,13729760,11415681,7473966,3941714,34.53,1260909,2680805,23.48,7014163,61.44,2832695,1825055,0,0.0,5908564,2147424,679564,1372976,19,456627
FIN000289,2020-03-01,2020,3,Q1,DEV0009,Binghatti,13,21433607,18050631,11062337,6988293,38.71,2545456,4442837,24.61,11162458,61.84,3099009,2955316,0,0.0,8846955,3191345,852487,1648739,22,722025
FIN000290,2020-03-01,2020,3,Q1,DEV0010,Ellington Properties,16,35220416,28906207,16955382,11950824,41.34,4305475,7645349,26.45,20592256,71.24,7657850,6929259,0,0.0,14673966,5276595,1035279,2201276,30,1156248
FIN000291,2020-03-01,2020,3,Q1,DEV0011,RAK Properties,17,23384877,19791943,13027977,6763965,34.18,2096584,4667381,23.58,15869571,80.18,4654578,2771444,0,0.0,9563586,2199567,665947,1375581,35,791677
FIN000292,2020-03-01,2020,3,Q1,DEV0012,Tiger Properties,14,21907606,19119126,10749296,8369829,43.78,2235020,6134809,32.09,16079127,84.1,3961804,2248436,0,0.0,8322283,1665204,630299,1564829,7,764765
FIN000293,2020-03-01,2020,3,Q1,DEV0013,Imtiaz Developments,10,10562790,9047847,6454099,2593747,28.67,1244295,1349452,14.91,6283578,69.45,1511203,1143943,0,0.0,4716860,1065384,461916,1056279,17,361913
FIN000294,2020-03-01,2020,3,Q1,DEV0014,Select Group,2,1526538,1287917,892639,395277,30.69,214430,180847,14.04,819834,63.66,250900,230776,0,0.0,757628,177078,39141,763269,7,51516
FIN000295,2020-03-01,2020,3,Q1,DEV0015,Reportage Properties,0,0,0,0,0,43.71,0,0,0.0,0,0.0,0,0,0,0.0,0,0,0,778109,34,0
FIN000296,2020-03-01,2020,3,Q1,DEV0016,Samana Developers,4,3709688,3088799,2089399,999399,32.36,378583,620816,20.1,2126471,68.84,558667,320903,0,0.0,1749579,479852,137292,927422,14,123551
FIN000297,2020-03-01,2020,3,Q1,DEV0017,Object 1,7,5930337,4782165,2710576,2071588,43.32,688067,1383521,28.93,3995529,83.55,1321258,954770,0,0.0,2296652,383379,170555,847191,17,191286
FIN000298,2020-03-01,2020,3,Q1,DEV0018,Majid Al Futtaim,35,59580815,49563578,28107152,21456425,43.29,7108872,14347553,28.95,39491824,79.68,8582815,8034968,1,2.86,22544945,8024821,2281813,1702309,36,1982543
FIN000299,2020-03-01,2020,3,Q1,DEV0019,Dubai Properties,26,56924972,49319234,27889314,21429919,43.45,5616880,15813039,32.06,37897693,76.84,9489476,10833051,2,7.69,20709193,7128835,2925795,2189422,19,1972769
FIN000300,2020-03-01,2020,3,Q1,DEV0020,Meydan Group,20,41700360,35818126,20302884,15515241,43.32,3962476,11552765,32.25,27210330,75.97,7437880,6081340,1,5.0,14717074,4151830,1047423,2085018,7,1432725
FIN000301,2020-04-01,2020,4,Q2,DEV0001,Emaar Properties,33,91472601,81704781,47016789,34687991,42.46,13640869,21047122,25.76,56134291,68.7,13064590,9340518,2,6.06,36875508,12272004,2166920,2771897,2,3268191
FIN000302,2020-04-01,2020,4,Q2,DEV0002,DAMAC Properties,28,55933220,46919546,33576107,13343438,28.44,8053965,5289473,11.27,34027418,72.52,12548705,5728880,2,7.14,26017384,8760136,2224681,1997615,24,1876781
FIN000303,2020-04-01,2020,4,Q2,DEV0003,Aldar Properties,23,53875177,46328458,30495278,15833179,34.18,5342719,10490460,22.64,36401774,78.57,12985171,6806246,1,4.35,24123647,5409085,2497313,2342399,64,1853138
FIN000304,2020-04-01,2020,4,Q2,DEV0004,Nakheel,26,50415560,44839445,27006796,17832648,39.77,7249834,10582814,23.6,30565300,68.17,7342348,11120424,2,7.69,21076345,7239100,1511967,1939060,0,1793577
FIN000305,2020-04-01,2020,4,Q2,DEV0005,Meraas,24,46791504,40968296,25316314,15651981,38.21,4975074,10676907,26.06,28210328,68.86,6766696,9393044,1,4.17,22682306,6598974,1656287,1949646,8,1638731
FIN000306,2020-04-01,2020,4,Q2,DEV0006,Sobha Realty,35,67477480,55582885,35152885,20429999,36.76,8151655,12278344,22.09,35591463,64.03,14762221,12628257,3,8.57,30113581,10238898,2610905,1927928,2,2223315
FIN000307,2020-04-01,2020,4,Q2,DEV0007,Azizi Developments,14,16978836,14401624,9734035,4667588,32.41,2012628,2654960,18.44,10637166,73.86,2811553,1906630,1,7.14,7459339,2129418,503004,1212774,6,576064
FIN000308,2020-04-01,2020,4,Q2,DEV0008,Danube Properties,16,25688096,22284888,14513484,7771403,34.87,3528047,4243356,19.04,13912153,62.43,5302323,3292446,1,6.25,11111078,4330328,477321,1605506,21,891395
FIN000309,2020-04-01,2020,4,Q2,DEV0009,Binghatti,5,8312690,7534048,5044806,2489241,33.04,1052213,1437028,19.07,5276665,70.04,2158452,1716255,0,0.0,3568089,1028689,395076,1662538,12,301361
FIN000310,2020-04-01,2020,4,Q2,DEV0010,Ellington Properties,10,17306310,15557132,10450997,5106134,32.82,1683066,3423068,22.0,12949016,83.24,2790468,2724022,0,0.0,8483584,2719272,890705,1730631,32,622285
FIN000311,2020-04-01,2020,4,Q2,DEV0011,RAK Properties,15,29635980,27484699,17030136,10454562,38.04,3950975,6503587,23.66,17506897,63.7,6069259,5919747,1,6.67,12775737,4454449,671198,1975732,140,1099387
FIN000312,2020-04-01,2020,4,Q2,DEV0012,Tiger Properties,7,9845759,8741769,5766648,2975120,34.03,994124,1980996,22.66,7039036,80.52,1877731,1923852,0,0.0,4623207,1415644,202781,1406537,29,349670
FIN000313,2020-04-01,2020,4,Q2,DEV0013,Imtiaz Developments,9,9162315,7757546,5400638,2356907,30.38,931560,1425347,18.37,5405877,69.69,2179192,1608685,0,0.0,4195457,1254495,440880,1018035,9,310301
FIN000314,2020-04-01,2020,4,Q2,DEV0014,Select Group,11,15573063,14584931,9737329,4847601,33.24,1733488,3114113,21.35,9454677,64.82,3040822,3385325,0,0.0,8136581,2185066,753339,1415733,17,583397
FIN000315,2020-04-01,2020,4,Q2,DEV0015,Reportage Properties,7,5757829,5193816,3193692,2000123,38.51,543150,1456973,28.05,3889887,74.89,1175906,740865,0,0.0,2583880,1011720,299593,822547,19,207752
FIN000316,2020-04-01,2020,4,Q2,DEV0016,Samana Developers,5,3535845,3328855,1927763,1401091,42.09,482128,918963,27.61,2264376,68.02,549866,404225,0,0.0,1427886,656082,132622,707169,24,133154
FIN000317,2020-04-01,2020,4,Q2,DEV0017,Object 1,9,8347392,6903700,4268527,2635172,38.17,797374,1837798,26.62,4578066,66.31,1980056,813944,0,0.0,3626748,1025621,232091,927488,6,276148
FIN000318,2020-04-01,2020,4,Q2,DEV0018,Majid Al Futtaim,25,53919400,46423368,31223448,15199919,32.74,5671825,9528094,20.52,31677602,68.24,12112568,4975886,1,4.0,21933748,5260154,2180250,2156776,21,1856934
FIN000319,2020-04-01,2020,4,Q2,DEV0019,Dubai Properties,30,50914800,42772906,24878759,17894146,41.84,5063333,12830813,30.0,35895812,83.92,10801632,8190579,1,3.33,21199379,7531393,1092780,1697160,81,1710916
FIN000320,2020-04-01,2020,4,Q2,DEV0020,Meydan Group,29,66122088,60835530,33893903,26941626,44.29,8264837,18676789,30.7,39765142,65.36,14106586,12156856,3,10.34,28363249,10681100,3392996,2280072,0,2433421
FIN000321,2020-05-01,2020,5,Q2,DEV0001,Emaar Properties,29,60932248,53442407,36768744,16673662,31.2,6109999,10563663,19.77,43152879,80.75,13503437,5610060,2,6.9,29532128,5946666,2996473,2101112,9,2137696
FIN000322,2020-05-01,2020,5,Q2,DEV0002,DAMAC Properties,37,77380986,73020757,41080864,31939892,43.74,9918618,22021274,30.16,58788678,80.51,17703687,17746315,4,10.81,33324686,11251808,3252381,2091378,35,2920830
FIN000323,2020-05-01,2020,5,Q2,DEV0003,Aldar Properties,29,72836748,60500120,35622599,24877520,41.12,8929723,15947797,26.36,39705084,65.63,15490466,12978447,2,6.9,30458592,7694483,2218052,2511612,67,2420004
FIN000324,2020-05-01,2020,5,Q2,DEV0004,Nakheel,36,69730668,65456497,38750754,26705742,40.8,9376720,17329022,26.47,51384190,78.5,19302708,11739432,2,5.56,30727226,7326516,1480606,1936963,20,2618259
FIN000325,2020-05-01,2020,5,Q2,DEV0005,Meraas,18,34658244,30975639,20010687,10964951,35.4,5007328,5957623,19.23,25675265,82.89,8454354,4141840,1,5.56,14072664,5966514,991473,1925458,33,1239025
FIN000326,2020-05-01,2020,5,Q2,DEV0006,Sobha Realty,26,66001468,55178227,32196039,22982187,41.65,7494404,15487783,28.07,35071414,63.56,11688364,10255605,1,3.85,27135521,10407065,2322470,2538518,9,2207129
FIN000327,2020-05-01,2020,5,Q2,DEV0007,Azizi Developments,7,12641580,10476948,6874331,3602616,34.39,1438371,2164245,20.66,6319726,60.32,2157301,1520478,0,0.0,5991867,935982,250757,1805940,70,419077
FIN000328,2020-05-01,2020,5,Q2,DEV0008,Danube Properties,14,15610056,12670936,8743513,3927422,31.0,2068147,1859275,14.67,9237042,72.9,2782671,1405664,1,7.14,7266678,1375639,574295,1115004,25,506837
FIN000329,2020-05-01,2020,5,Q2,DEV0009,Binghatti,5,6257405,5060765,3462109,1598655,31.59,875705,722950,14.29,3243054,64.08,1416552,807900,0,0.0,2488704,414225,249838,1251481,1,202430
FIN000330,2020-05-01,2020,5,Q2,DEV0010,Ellington Properties,21,45316257,42099952,27109869,14990082,35.61,5259096,9730986,23.11,31131839,73.95,6590326,7832954,1,4.76,24075174,4648870,2070572,2157917,13,1683998
FIN000331,2020-05-01,2020,5,Q2,DEV0011,RAK Properties,10,12314920,11189716,6900283,4289432,38.33,1202338,3087094,27.59,9309669,83.2,2510660,1435852,0,0.0,5505869,1684728,295984,1231492,2,447588
FIN000332,2020-05-01,2020,5,Q2,DEV0012,Tiger Properties,19,29293212,26675023,16779694,9895328,37.1,3032879,6862449,25.73,16310050,61.14,7128490,6145506,1,5.26,13037572,4435672,791570,1541748,29,1067000
FIN000333,2020-05-01,2020,5,Q2,DEV0013,Imtiaz Developments,5,7892195,7020907,4461187,2559719,36.46,1190363,1369356,19.5,4676379,66.61,1737788,825766,0,0.0,3940213,803922,267973,1578439,76,280836
FIN000334,2020-05-01,2020,5,Q2,DEV0014,Select Group,14,23162160,18821034,11122420,7698613,40.9,3203537,4495076,23.88,14106605,74.95,3811811,2490355,0,0.0,9597503,3759201,524085,1654440,44,752841
FIN000335,2020-05-01,2020,5,Q2,DEV0015,Reportage Properties,2,2170716,1739243,1221036,518206,29.79,185336,332870,19.14,1237105,71.13,424831,339882,0,0.0,1011244,342858,82939,1085358,121,69569
FIN000336,2020-05-01,2020,5,Q2,DEV0016,Samana Developers,6,1082610,934234,648346,285887,30.6,136192,149695,16.02,645424,69.09,262703,224001,0,0.0,502346,129436,27124,180435,4,37369
FIN000337,2020-05-01,2020,5,Q2,DEV0017,Object 1,-1,-1288547,-1178825,-771549,-407275,34.55,-140963,-266312,-26631200.0,-892474,-89247400.0,-315529,-205565,0,0.0,-627287,-179790,-58613,1288547,59,-47153
FIN000338,2020-05-01,2020,5,Q2,DEV0018,Majid Al Futtaim,22,42615870,36353257,22388364,13964892,38.41,4827490,9137402,25.14,30103852,82.81,9985977,7017025,1,4.55,17082380,3852990,1159159,1937085,7,1454130
FIN000339,2020-05-01,2020,5,Q2,DEV0019,Dubai Properties,32,68446496,56745477,35210314,21535162,37.95,7237217,14297945,25.2,44778635,78.91,10883791,10972962,2,6.25,29807254,8857330,1228949,2138953,36,2269819
FIN000340,2020-05-01,2020,5,Q2,DEV0020,Meydan Group,27,56268459,46255345,30583240,15672104,33.88,6227821,9444283,20.42,36986907,79.96,7666430,5442861,2,7.41,24853684,4933338,1405083,2084017,27,1850213
FIN000341,2020-06-01,2020,6,Q2,DEV0001,Emaar Properties,25,58628175,51797963,31194820,20603142,39.78,5683768,14919374,28.8,34746607,67.08,15425944,11671089,2,8.0,24737808,5970139,2024055,2345127,17,2071918
FIN000342,2020-06-01,2020,6,Q2,DEV0002,DAMAC Properties,22,48925998,42781015,25834592,16946422,39.61,6247257,10699165,25.01,25969004,60.7,8405694,10320397,2,9.09,20926069,4463512,1775311,2223909,50,1711240
FIN000343,2020-06-01,2020,6,Q2,DEV0003,Aldar Properties,30,60933930,52966619,29673489,23293129,43.98,8451199,14841930,28.02,38250206,72.22,11337549,6717696,2,6.67,22121810,5012711,1750938,2031131,19,2118664
FIN000344,2020-06-01,2020,6,Q2,DEV0004,Nakheel,29,67837322,59560532,37662838,21897693,36.77,5990334,15907359,26.71,43061242,72.3,16351814,14853679,1,3.45,26547534,7911020,1411070,2339218,12,2382421
FIN000345,2020-06-01,2020,6,Q2,DEV0005,Meraas,25,59329925,54221931,32808288,21413642,39.49,6394025,15019617,27.7,36448819,67.22,12714106,13117631,1,4.0,24017568,8190645,2889614,2373197,6,2168877
FIN000346,2020-06-01,2020,6,Q2,DEV0006,Sobha Realty,29,71540564,65111889,43342796,21769092,33.43,6621620,15147472,23.26,44562463,68.44,13071636,6865027,3,10.34,37596662,11891187,2826359,2466916,21,2604475
FIN000347,2020-06-01,2020,6,Q2,DEV0007,Azizi Developments,16,30481232,28340687,20273580,8067106,28.46,4618620,3448486,12.17,20793625,73.37,4887516,3041897,0,0.0,17792341,5242359,789663,1905077,6,1133627
FIN000348,2020-06-01,2020,6,Q2,DEV0008,Danube Properties,10,13055690,12395312,8747268,3648043,29.43,1580233,2067810,16.68,8874983,71.6,3497036,2686673,0,0.0,6435132,2339801,488457,1305569,25,495812
FIN000349,2020-06-01,2020,6,Q2,DEV0009,Binghatti,18,24367752,21900169,15277239,6622929,30.24,2326323,4296606,19.62,16119543,73.6,6342263,2530514,1,5.56,12146462,2714532,1228594,1353764,1,876006
FIN000350,2020-06-01,2020,6,Q2,DEV0010,Ellington Properties,11,14368519,11931812,7011514,4920297,41.24,1721870,3198427,26.81,9752989,81.74,3207660,2314643,1,9.09,5186712,2114116,452650,1306229,42,477272
FIN000351,2020-06-01,2020,6,Q2,DEV0011,RAK Properties,21,38686872,33295418,20400737,12894680,38.73,4839353,8055327,24.19,24269103,72.89,7612247,7381000,2,9.52,18077121,3348979,1480544,1842232,97,1331816
FIN000352,2020-06-01,2020,6,Q2,DEV0012,Tiger Properties,15,27414000,24435119,14413829,10021289,41.01,2661016,7360273,30.12,17246772,70.58,5052036,3915293,0,0.0,10377437,4462955,598268,1827600,4,977404
FIN000353,2020-06-01,2020,6,Q2,DEV0013,Imtiaz Developments,24,35431944,30902278,20676638,10225639,33.09,4690398,5535241,17.91,19786144,64.03,5398051,7562254,2,8.33,18557885,3460912,1188608,1476331,40,1236091
FIN000354,2020-06-01,2020,6,Q2,DEV0014,Select Group,6,9085698,7615049,4793536,2821512,37.05,998997,1822515,23.93,5066681,66.54,1435516,1299288,0,0.0,4198037,1363761,319596,1514283,5,304601
FIN000355,2020-06-01,2020,6,Q2,DEV0015,Reportage Properties,6,6193728,5181569,2916932,2264636,43.71,717782,1546854,29.85,3143394,60.66,1386337,1224203,0,0.0,2185411,846022,107593,1032288,3,207262
FIN000356,2020-06-01,2020,6,Q2,DEV0016,Samana Developers,2,1935458,1589025,1092694,496330,31.23,274651,221679,13.95,1045555,65.8,453536,339694,0,0.0,897369,204417,39775,967729,9,63561
FIN000357,2020-06-01,2020,6,Q2,DEV0017,Object 1,2,1402364,1166184,758043,408140,35.0,136664,271476,23.28,957346,82.09,271406,164132,0,0.0,606175,132308,40650,701182,42,46647
FIN000358,2020-06-01,2020,6,Q2,DEV0018,Majid Al Futtaim,19,41292358,36077789,24060232,12017556,33.31,3931395,8086161,22.41,26542080,73.57,6036910,6700302,0,0.0,18757932,3861897,1367494,2173282,3,1443111
FIN000359,2020-06-01,2020,6,Q2,DEV0019,Dubai Properties,28,54060552,48764624,31716444,17048179,34.96,6483025,10565154,21.67,31468911,64.53,9348536,7790530,2,7.14,23159544,6960203,1875007,1930734,3,1950584
FIN000360,2020-06-01,2020,6,Q2,DEV0020,Meydan Group,34,70980780,63146640,44674092,18472547,29.25,9475151,8997396,14.25,50237645,79.56,12274009,8283004,1,2.94,31753890,5518379,3519364,2087670,8,2525865
FIN000361,2020-07-01,2020,7,Q3,DEV0001,Emaar Properties,58,134797684,124824720,72431617,52393102,41.97,21967501,30425601,24.37,105830076,84.78,36101002,22286510,3,5.17,60918755,20102753,3355679,2324098,55,4992988
FIN000362,2020-07-01,2020,7,Q3,DEV0002,DAMAC Properties,56,113641864,97327855,66364721,30963133,31.81,9788858,21174275,21.76,81864597,84.11,29189427,17590629,1,1.79,46911140,15195994,3533013,2029319,3,3893114
FIN000363,2020-07-01,2020,7,Q3,DEV0003,Aldar Properties,39,85310277,79979761,45400003,34579757,43.24,9347349,25232408,31.55,54038120,67.56,17537692,11173877,3,7.69,33895847,10844907,4566198,2187443,18,3199190
FIN000364,2020-07-01,2020,7,Q3,DEV0004,Nakheel,52,116531740,98956371,62795722,36160648,36.54,14723028,21437620,21.66,83312832,84.19,18715916,11369731,3,5.77,51520005,17956410,4939741,2240995,4,3958254
FIN000365,2020-07-01,2020,7,Q3,DEV0005,Meraas,64,140168448,129809787,92203048,37606738,28.97,16320883,21285855,16.4,100913560,77.74,22297467,22614330,7,10.94,69319384,11453802,7681200,2190132,7,5192391
FIN000366,2020-07-01,2020,7,Q3,DEV0006,Sobha Realty,70,115729880,102402458,71887469,30514988,29.8,16106850,14408138,14.07,78756236,76.91,16709395,23276826,3,4.29,56577503,17598080,4893062,1653284,31,4096098
FIN000367,2020-07-01,2020,7,Q3,DEV0007,Azizi Developments,12,15172068,13940805,9687108,4253696,30.51,1677198,2576498,18.48,9182629,65.87,3305616,2470723,0,0.0,7792414,2391162,372961,1264339,2,557632
FIN000368,2020-07-01,2020,7,Q3,DEV0008,Danube Properties,18,27101394,25696485,17165320,8531164,33.2,2973775,5557389,21.63,16881599,65.7,6431372,3520125,2,11.11,12521455,4372364,1089103,1505633,40,1027859
FIN000369,2020-07-01,2020,7,Q3,DEV0009,Binghatti,38,52480622,46461321,27910120,18551200,39.93,8055277,10495923,22.59,30799839,66.29,8345455,5404859,4,10.53,24088343,9074608,1597441,1381069,12,1858452
FIN000370,2020-07-01,2020,7,Q3,DEV0010,Ellington Properties,31,49594141,44068332,25518729,18549602,42.09,6693895,11855707,26.9,36606012,83.07,12525791,6533228,1,3.23,20902525,4846812,1797951,1599811,5,1762733
FIN000371,2020-07-01,2020,7,Q3,DEV0011,RAK Properties,35,57346485,48877282,28178547,20698734,42.35,6850751,13847983,28.33,31431012,64.31,12378519,9264662,3,8.57,23252701,5840651,1245086,1638471,9,1955091
FIN000372,2020-07-01,2020,7,Q3,DEV0012,Tiger Properties,26,42915782,37770992,24257269,13513722,35.78,5759217,7754505,20.53,23228025,61.5,7134445,5012317,1,3.85,19584248,5259941,1019573,1650607,2,1510839
FIN000373,2020-07-01,2020,7,Q3,DEV0013,Imtiaz Developments,32,59272992,51404282,36232511,15171770,29.51,6414093,8757677,17.04,35585502,69.23,10635468,6487660,3,9.38,27499102,6232722,1330342,1852281,4,2056171
FIN000374,2020-07-01,2020,7,Q3,DEV0014,Select Group,23,28173413,25123104,14113565,11009538,43.82,2688973,8320565,33.12,17364822,69.12,4659396,3404541,2,8.7,11327708,2252147,813649,1224931,6,1004924
FIN000375,2020-07-01,2020,7,Q3,DEV0015,Reportage Properties,8,9171768,7639171,4453316,3185854,41.7,1250109,1935745,25.34,5309485,69.5,1480053,850683,0,0.0,3921132,1153975,374205,1146471,7,305566
FIN000376,2020-07-01,2020,7,Q3,DEV0016,Samana Developers,38,38110124,30687390,20712351,9975038,32.51,3889789,6085249,19.83,20203711,65.84,6349774,4311641,3,7.89,18137698,6004261,1312559,1002898,23,1227495
FIN000377,2020-07-01,2020,7,Q3,DEV0017,Object 1,28,20440448,17760155,11915808,5844346,32.91,2078290,3766056,21.21,14899405,83.89,4052722,4261962,1,3.57,9627060,1958697,1042897,730016,27,710406
FIN000378,2020-07-01,2020,7,Q3,DEV0018,Majid Al Futtaim,61,134713559,119978252,84393801,35584450,29.66,19127427,16457023,13.72,101428052,84.54,28130993,17728966,4,6.56,61496027,22143748,6807194,2208419,94,4799130
FIN000379,2020-07-01,2020,7,Q3,DEV0019,Dubai Properties,68,152290284,132978527,85733601,47244925,35.53,19096878,28148047,21.17,100549784,75.61,21389691,26608353,4,5.88,74374268,21177717,6766237,2239563,39,5319141
FIN000380,2020-07-01,2020,7,Q3,DEV0020,Meydan Group,62,138616810,131498791,90937284,40561506,30.85,15323359,25238147,19.19,91249426,69.39,34104163,18333164,6,9.68,69391350,17978709,7246679,2235755,1,5259951
FIN000381,2020-08-01,2020,8,Q3,DEV0001,Emaar Properties,48,134704992,125629151,89815111,35814039,28.51,13672753,22141286,17.62,100439706,79.95,34390751,24002213,2,4.17,68830219,16286831,5722238,2806354,17,5025166
FIN000382,2020-08-01,2020,8,Q3,DEV0002,DAMAC Properties,59,139849647,113513601,81714580,31799020,28.01,15694022,16104998,14.19,77902261,68.63,18729218,14214813,5,8.47,66787006,20714376,3919439,2370333,5,4540544
FIN000383,2020-08-01,2020,8,Q3,DEV0003,Aldar Properties,38,64687058,52892296,35016723,17875572,33.8,9022303,8853269,16.74,35615055,67.34,9724468,9981075,1,2.63,26228430,5364306,2868536,1702291,9,2115691
FIN000384,2020-08-01,2020,8,Q3,DEV0004,Nakheel,51,110607321,101052122,67442251,33609870,33.26,14662606,18947264,18.75,79398927,78.57,18142999,21596073,2,3.92,58627598,19389746,4551336,2168771,9,4042084
FIN000385,2020-08-01,2020,8,Q3,DEV0005,Meraas,43,82827331,75729914,46935006,28794907,38.02,12149288,16645619,21.98,58802707,77.65,17270862,9699129,2,4.65,39335971,13592124,4024357,1926217,26,3029196
FIN000386,2020-08-01,2020,8,Q3,DEV0006,Sobha Realty,60,117366780,99650994,66641938,33009055,33.12,13256976,19752079,19.82,79302327,79.58,18607409,24267246,6,10.0,55856642,19890795,3690618,1956113,16,3986039
FIN000387,2020-08-01,2020,8,Q3,DEV0007,Azizi Developments,31,48672635,45102428,26780307,18322120,40.62,6882286,11439834,25.36,35377489,78.44,11446113,8304314,3,9.68,22636325,8760495,1032755,1570085,17,1804097
FIN000388,2020-08-01,2020,8,Q3,DEV0008,Danube Properties,12,22264020,19484165,11122210,8361954,42.92,2744942,5617012,28.83,13811671,70.89,3085894,2988160,1,8.33,9591175,2284480,1081265,1855335,17,779366
FIN000389,2020-08-01,2020,8,Q3,DEV0009,Binghatti,34,51596156,44329025,26897213,17431811,39.32,5211471,12220340,27.57,29313311,66.13,13232191,6292799,1,2.94,23851042,4924019,1523143,1517534,4,1773161
FIN000390,2020-08-01,2020,8,Q3,DEV0010,Ellington Properties,17,31250199,27531999,16043646,11488352,41.73,3406914,8081438,29.35,16675835,60.57,6286365,3435331,0,0.0,14408334,2407458,757748,1838247,12,1101279
FIN000391,2020-08-01,2020,8,Q3,DEV0011,RAK Properties,44,48128212,38915250,23005269,15909980,40.88,6987827,8922153,22.93,32505514,83.53,11270687,6041675,3,6.82,17383340,5804854,862807,1093823,2,1556610
FIN000392,2020-08-01,2020,8,Q3,DEV0012,Tiger Properties,36,63986904,56332397,32019630,24312766,43.16,7751577,16561189,29.4,36180384,64.23,12140110,10504965,1,2.78,28213188,5989294,1223943,1777414,4,2253295
FIN000393,2020-08-01,2020,8,Q3,DEV0013,Imtiaz Developments,37,39594958,32424905,23091266,9333638,28.79,4556754,4776884,14.73,27212633,83.93,9641681,5661137,3,8.11,16952630,6334259,1665612,1070134,2,1296996
FIN000394,2020-08-01,2020,8,Q3,DEV0014,Select Group,35,57684515,48398412,30231590,18166821,37.54,7524711,10642110,21.99,38712432,79.99,7598084,7862902,1,2.86,21897045,3894086,1286443,1648129,16,1935936
FIN000395,2020-08-01,2020,8,Q3,DEV0015,Reportage Properties,22,7270868,6864060,4499406,2364653,34.45,1151630,1213023,17.67,5746022,83.71,1329461,762015,0,0.0,3543697,749142,338345,330494,34,274562
FIN000396,2020-08-01,2020,8,Q3,DEV0016,Samana Developers,18,19602306,15923953,11017019,4906933,30.81,2483682,2423251,15.22,11264919,70.74,4503420,3733677,0,0.0,9006761,2644323,403688,1089017,62,636958
FIN000397,2020-08-01,2020,8,Q3,DEV0017,Object 1,-13,-5396404,-4838991,-3300148,-1538842,31.8,-769818,-769024,-76902400.0,-3340046,-334004600.0,-1134013,-1203812,0,0.0,-2771781,-390500,-196845,415108,1,-193559
FIN000398,2020-08-01,2020,8,Q3,DEV0018,Majid Al Futtaim,33,68136552,61026326,37709663,23316662,38.21,9568297,13748365,22.53,38042727,62.34,10314410,9157501,1,3.03,26954175,5394884,3108646,2064744,23,2441053
FIN000399,2020-08-01,2020,8,Q3,DEV0019,Dubai Properties,55,100544070,84898820,49110797,35788022,42.15,11820002,23968020,28.23,63639788,74.96,24845178,19495837,2,3.64,38843784,15317111,3999134,1828074,44,3395952
FIN000400,2020-08-01,2020,8,Q3,DEV0020,Meydan Group,44,94587372,80580462,51549354,29031107,36.03,13936953,15094154,18.73,55894517,69.36,23531518,17884254,4,9.09,37606594,8355167,4589985,2149713,27,3223218
FIN000401,2020-09-01,2020,9,Q3,DEV0001,Emaar Properties,37,84386566,72834011,49556052,23277958,31.96,10398742,12879216,17.68,48695532,66.86,16484269,18185810,2,5.41,38013536,11818644,3492744,2280718,108,2913360
FIN000402,2020-09-01,2020,9,Q3,DEV0002,DAMAC Properties,60,105738600,89197926,63796964,25400961,28.48,13958923,11442038,12.83,65489026,73.42,19337619,17388545,6,10.0,55314772,8963833,3232558,1762310,9,3567917
FIN000403,2020-09-01,2020,9,Q3,DEV0003,Aldar Properties,33,51850260,48802419,29566898,19235520,39.42,6047845,13187675,27.02,35546736,72.84,13085004,9778448,3,9.09,20805563,4742055,2249531,1571220,20,1952096
FIN000404,2020-09-01,2020,9,Q3,DEV0004,Nakheel,45,129201480,114622735,80134917,34487817,30.09,20549925,13937892,12.16,84383656,73.62,26190259,16080582,1,2.22,70946153,18972089,5081135,2871144,1,4584909
FIN000405,2020-09-01,2020,9,Q3,DEV0005,Meraas,50,119299100,103270416,64183147,39087268,37.85,11236367,27850901,26.97,71900889,69.62,26036263,25717422,4,8.0,54113774,15826154,2649730,2385982,34,4130816
FIN000406,2020-09-01,2020,9,Q3,DEV0006,Sobha Realty,48,119352720,96477147,59807316,36669830,38.01,11507396,25162434,26.08,58913088,61.06,25131252,11442165,3,6.25,47815552,15046800,4337589,2486515,7,3859085
FIN000407,2020-09-01,2020,9,Q3,DEV0007,Azizi Developments,43,70793265,60348364,36858541,23489822,38.92,6866430,16623392,27.55,44516009,73.77,18006601,14116025,3,6.98,32009951,9554249,2110438,1646355,4,2413934
FIN000408,2020-09-01,2020,9,Q3,DEV0008,Danube Properties,25,30909125,27676104,18030117,9645986,34.85,4158520,5487466,19.83,17185696,62.1,6389673,6235765,0,0.0,14511778,5475704,797829,1236365,3,1107044
FIN000409,2020-09-01,2020,9,Q3,DEV0009,Binghatti,24,30074256,26493041,15045101,11447939,43.21,3181236,8266703,31.2,17658855,66.65,7722917,3442634,2,8.33,13468867,3159624,1385045,1253094,0,1059721
FIN000410,2020-09-01,2020,9,Q3,DEV0010,Ellington Properties,41,56559377,45438025,31595098,13842926,30.47,6087343,7755583,17.07,36309555,79.91,7621254,6611035,2,4.88,26916120,4987318,959530,1379497,24,1817521
FIN000411,2020-09-01,2020,9,Q3,DEV0011,RAK Properties,21,32535699,28494918,19286398,9208519,32.32,4559588,4648931,16.31,22908805,80.4,5906228,3747340,1,4.76,15073334,4490467,770398,1549319,116,1139796
FIN000412,2020-09-01,2020,9,Q3,DEV0012,Tiger Properties,64,77034048,63541191,38756494,24784696,39.01,7889853,16894843,26.59,40874364,64.33,16307777,6803374,7,10.94,31745230,12228489,2178572,1203657,5,2541647
FIN000413,2020-09-01,2020,9,Q3,DEV0013,Imtiaz Developments,27,64152486,59604103,36726905,22877197,38.38,8171489,14705708,24.67,43478438,72.95,15335032,7708198,1,3.7,28796076,10973722,2176775,2376018,12,2384164
FIN000414,2020-09-01,2020,9,Q3,DEV0014,Select Group,32,50586784,41929901,24242475,17687425,42.18,6501335,11186090,26.68,35430881,84.5,10356779,10211636,1,3.12,21523165,5042108,1444944,1580837,57,1677196
FIN000415,2020-09-01,2020,9,Q3,DEV0015,Reportage Properties,8,10673248,9862278,5513746,4348531,44.09,1048015,3300516,33.47,6537794,66.29,2325583,1833681,0,0.0,4565582,1914034,368839,1334156,65,394491
FIN000416,2020-09-01,2020,9,Q3,DEV0016,Samana Developers,11,7698735,6340972,4038662,2302309,36.31,671093,1631216,25.73,4219191,66.54,1109845,1582722,0,0.0,2999125,993630,296349,699885,18,253638
FIN000417,2020-09-01,2020,9,Q3,DEV0017,Object 1,0,0,0,0,0,43.56,0,0,0.0,0,0.0,0,0,0,0.0,0,0,0,894226,28,0
FIN000418,2020-09-01,2020,9,Q3,DEV0018,Majid Al Futtaim,40,87276880,81670604,46398649,35271954,43.19,13918607,21353347,26.15,58099528,71.14,19128527,15128817,3,7.5,37055735,15016817,3474936,2181922,32,3266824
FIN000419,2020-09-01,2020,9,Q3,DEV0019,Dubai Properties,47,125479942,114223239,77457597,36765641,32.19,13104652,23660989,20.71,80004805,70.04,18912882,27756919,1,2.13,64321988,12208175,6466566,2669786,19,4568929
FIN000420,2020-09-01,2020,9,Q3,DEV0020,Meydan Group,50,117697850,99356543,58070846,41285696,41.55,13169807,28115889,28.3,76598847,77.09,29132851,15174303,2,4.0,43136191,12317994,2479797,2353957,62,3974261
FIN000421,2020-10-01,2020,10,Q4,DEV0001,Emaar Properties,68,172602360,161598952,98309173,63289778,39.16,24021818,39267960,24.3,121714801,75.32,44521293,37331178,2,2.94,71303374,20061825,8218159,2538270,19,6463958
FIN000422,2020-10-01,2020,10,Q4,DEV0002,DAMAC Properties,46,81971356,68409810,47304638,21105171,30.85,9872440,11232731,16.42,53613880,78.37,17060822,15478653,1,2.17,36852853,6290812,3447154,1781986,25,2736392
FIN000423,2020-10-01,2020,10,Q4,DEV0003,Aldar Properties,56,157295488,148915329,82037491,66877837,44.91,19827087,47050750,31.6,123541367,82.96,27047462,17743560,4,7.14,61359259,27699250,8229640,2808848,1,5956613
FIN000424,2020-10-01,2020,10,Q4,DEV0004,Nakheel,67,159265834,137180103,97348296,39831806,29.04,14239986,25591820,18.66,110083343,80.25,31230893,21946773,6,8.96,68780352,14609296,4039154,2377102,57,5487204
FIN000425,2020-10-01,2020,10,Q4,DEV0005,Meraas,49,128080953,114097163,69103975,44993187,39.43,14322272,30670915,26.88,90330205,79.17,29145154,27865716,5,10.2,53179840,10007988,2573672,2613897,23,4563886
FIN000426,2020-10-01,2020,10,Q4,DEV0006,Sobha Realty,50,118543950,108290002,59671634,48618367,44.9,19107900,29510467,27.25,90460436,83.54,24086201,14967382,1,2.0,43293984,10450599,4294566,2370879,16,4331600
FIN000427,2020-10-01,2020,10,Q4,DEV0007,Azizi Developments,32,51480448,43960190,29695667,14264522,32.45,4834738,9429784,21.45,31588795,71.86,8430441,5908292,3,9.38,23028983,3571511,2453951,1608764,27,1758407
FIN000428,2020-10-01,2020,10,Q4,DEV0008,Danube Properties,36,58302612,47333121,28420072,18913048,39.96,5736918,13176130,27.84,29614479,62.57,14167172,5953722,3,8.33,22545390,6270498,2184113,1619517,6,1893324
FIN000429,2020-10-01,2020,10,Q4,DEV0009,Binghatti,24,47110800,40297126,24638942,15658183,38.86,4743993,10914190,27.08,27588523,68.46,9780055,9031712,2,8.33,21934350,5804307,1140874,1962950,5,1611885
FIN000430,2020-10-01,2020,10,Q4,DEV0010,Ellington Properties,37,50964910,45659758,26308923,19350834,42.38,6230432,13120402,28.74,34164240,74.82,8546232,7123216,1,2.7,21168719,6934892,1643648,1377430,9,1826390
FIN000431,2020-10-01,2020,10,Q4,DEV0011,RAK Properties,32,48277184,39758886,22774119,16984766,42.72,6705081,10279685,25.86,31848667,80.1,9614239,9905827,1,3.12,17373348,6615899,2015321,1508662,1,1590355
FIN000432,2020-10-01,2020,10,Q4,DEV0012,Tiger Properties,28,35339612,30752464,18128881,12623582,41.05,3781292,8842290,28.75,21280506,69.2,7581851,5242336,2,7.14,12714056,5082182,1218939,1262129,11,1230098
FIN000433,2020-10-01,2020,10,Q4,DEV0013,Imtiaz Developments,32,53125312,46833602,29006347,17827254,38.07,7059522,10767732,22.99,30769654,65.7,10279916,11364270,1,3.12,20963662,5823724,2561528,1660166,85,1873344
FIN000434,2020-10-01,2020,10,Q4,DEV0014,Select Group,56,51010624,48041970,33372433,14669536,30.53,5227791,9441745,19.65,39680068,82.59,7502779,10091547,4,7.14,26937735,6124909,2110615,910904,18,1921678
FIN000435,2020-10-01,2020,10,Q4,DEV0015,Reportage Properties,6,3884784,3598601,2171767,1426833,39.65,561225,865608,24.05,2708000,75.25,993262,865578,0,0.0,1901491,483712,106822,647464,31,143944
FIN000436,2020-10-01,2020,10,Q4,DEV0016,Samana Developers,15,22967625,19936039,12733278,7202760,36.13,3579441,3623319,18.17,13621814,68.33,4714705,3918838,1,6.67,9023697,2345004,953835,1531175,1,797441
FIN000437,2020-10-01,2020,10,Q4,DEV0017,Object 1,-1,-1412908,-1266211,-908627,-357583,28.24,-166489,-191094,-19109400.0,-1069986,-106998600.0,-375746,-215127,0,0.0,-767733,-109119,-63210,1412908,3,-50648
FIN000438,2020-10-01,2020,10,Q4,DEV0018,Majid Al Futtaim,61,146852132,135675984,77263448,58412535,43.05,15008358,43404177,31.99,86372493,63.66,26311054,23241328,7,11.48,65440034,11115040,5266198,2407412,18,5427039
FIN000439,2020-10-01,2020,10,Q4,DEV0019,Dubai Properties,62,151181854,134293040,78674623,55618416,41.42,14196880,41421536,30.84,85478014,63.65,26673821,14074688,4,6.45,63155530,16102099,6575014,2438417,47,5371721
FIN000440,2020-10-01,2020,10,Q4,DEV0020,Meydan Group,75,189747150,172005044,120941525,51063518,29.69,20630082,30433436,17.69,124344780,72.29,32241415,41212177,6,8.0,86662939,32630214,8205379,2529962,26,6880201
FIN000441,2020-11-01,2020,11,Q4,DEV0001,Emaar Properties,52,100255740,94162900,65822009,28340890,30.1,14895511,13445379,14.28,74886348,79.53,14594858,22465989,2,3.85,52916395,13706306,3237594,1927995,28,3766516
FIN000442,2020-11-01,2020,11,Q4,DEV0002,DAMAC Properties,78,175296108,148719697,91972357,56747339,38.16,14951694,41795645,28.1,112689697,75.77,37027473,29504844,6,7.69,82133422,15000385,4172929,2247386,27,5948787
FIN000443,2020-11-01,2020,11,Q4,DEV0003,Aldar Properties,87,201320001,183108550,124549140,58559409,31.98,26715756,31843653,17.39,132785101,72.52,46214493,43185733,9,10.34,100484771,16665998,4460759,2314023,1,7324342
FIN000444,2020-11-01,2020,11,Q4,DEV0004,Nakheel,72,150724152,124651851,74852719,49799131,39.95,18939196,30859935,24.76,86454867,69.36,34750847,16140472,6,8.33,54393118,17895725,4961840,2093391,6,4986074
FIN000445,2020-11-01,2020,11,Q4,DEV0005,Meraas,77,220560571,202912510,138320832,64591677,31.83,35483580,29108097,14.35,161284536,79.48,39347883,32432348,2,2.6,112860490,32360588,6108918,2864423,28,8116500
FIN000446,2020-11-01,2020,11,Q4,DEV0006,Sobha Realty,68,165084756,141384046,92414359,48969686,34.64,17379049,31590637,22.34,110139450,77.9,35555767,26235354,8,11.76,74817343,20131093,3124419,2427717,1,5655361
FIN000447,2020-11-01,2020,11,Q4,DEV0007,Azizi Developments,32,46886048,40651333,27105442,13545890,33.32,4512320,9033570,22.22,33096127,81.41,9689022,9175499,1,3.12,20886478,4189404,2085919,1465189,8,1626053
FIN000448,2020-11-01,2020,11,Q4,DEV0008,Danube Properties,30,36302460,30765002,17825936,12939065,42.06,5461626,7477439,24.31,19337005,62.85,7992092,3813857,2,6.67,14925384,3929263,1658655,1210082,27,1230600
FIN000449,2020-11-01,2020,11,Q4,DEV0009,Binghatti,37,55813316,45650405,28035677,17614727,38.59,7277125,10337602,22.65,36545840,80.06,13618570,6845841,2,5.41,20548256,4101856,1313060,1508468,3,1826016
FIN000450,2020-11-01,2020,11,Q4,DEV0010,Ellington Properties,36,32324400,30397233,19182334,11214898,36.89,3369192,7845706,25.81,24325667,80.03,9091220,3299044,2,5.56,16066658,3740400,1010058,897900,44,1215889
FIN000451,2020-11-01,2020,11,Q4,DEV0011,RAK Properties,41,72808333,67176093,41264970,25911122,38.57,9150177,16760945,24.95,53931718,80.28,17122680,8860577,1,2.44,29298416,8098890,3995272,1775813,10,2687043
FIN000452,2020-11-01,2020,11,Q4,DEV0012,Tiger Properties,33,64851237,61176361,39874964,21301396,34.82,9586842,11714554,19.15,43909341,71.78,10380397,7201821,3,9.09,34192910,8632086,1810960,1965189,43,2447054
FIN000453,2020-11-01,2020,11,Q4,DEV0013,Imtiaz Developments,19,20925745,19564870,12506752,7058117,36.08,3275229,3782888,19.34,13969098,71.4,3828627,3823415,1,5.26,11050340,1644166,456750,1101355,32,782594
FIN000454,2020-11-01,2020,11,Q4,DEV0014,Select Group,32,57378784,47128275,30231401,16896873,35.85,6784490,10112383,21.46,39002318,82.76,12362108,7135387,1,3.12,21214622,3817899,2220330,1793087,118,1885131
FIN000455,2020-11-01,2020,11,Q4,DEV0015,Reportage Properties,12,8072124,7176760,4848346,2328413,32.44,853221,1475192,20.56,5609751,78.17,1969506,1651184,1,8.33,3739778,1431667,203697,672677,68,287070
FIN000456,2020-11-01,2020,11,Q4,DEV0016,Samana Developers,10,8789950,7450617,4907500,2543116,34.13,837020,1706096,22.9,5923641,79.51,1926849,1658244,0,0.0,4057065,1096838,280502,878995,1,298024
FIN000457,2020-11-01,2020,11,Q4,DEV0017,Object 1,1,576317,522026,331471,190554,36.5,89853,100701,19.29,369342,70.75,95318,98498,0,0.0,248888,67257,15107,576317,5,20881
FIN000458,2020-11-01,2020,11,Q4,DEV0018,Majid Al Futtaim,75,162069600,146754929,97947387,48807541,33.26,24116212,24691329,16.82,114646986,78.12,23826141,30821292,6,8.0,78657650,18288718,5937618,2160928,57,5870197
FIN000459,2020-11-01,2020,11,Q4,DEV0019,Dubai Properties,60,149212440,129402740,81598731,47804008,36.94,21907066,25896942,20.01,103550364,80.02,19927296,14160715,3,5.0,69976707,15968866,6356281,2486874,3,5176109
FIN000460,2020-11-01,2020,11,Q4,DEV0020,Meydan Group,70,138084940,121872320,72453900,49418419,40.55,14268943,35149476,28.84,89984766,73.84,30953641,26965314,3,4.29,56250719,14188590,5108509,1972642,43,4874892
FIN000461,2020-12-01,2020,12,Q4,DEV0001,Emaar Properties,68,168625312,156147324,93359585,62787738,40.21,23572631,39215107,25.11,122531165,78.47,24053392,25293058,2,2.94,75307450,20125242,4590276,2479784,3,6245892
FIN000462,2020-12-01,2020,12,Q4,DEV0002,DAMAC Properties,65,142766000,126595011,76691371,49903639,39.42,16496012,33407627,26.39,104345504,82.42,36955738,27705920,6,9.23,55216099,18251473,5614215,2196400,16,5063800
FIN000463,2020-12-01,2020,12,Q4,DEV0003,Aldar Properties,75,152761200,143098531,80489651,62608879,43.75,20537042,42071837,29.4,117931623,82.41,26978766,25035038,7,9.33,64821831,26632898,4431141,2036816,4,5723941
FIN000464,2020-12-01,2020,12,Q4,DEV0004,Nakheel,63,146563137,126949403,87013183,39936219,31.46,18523475,21412744,16.87,78819392,62.09,26378894,23346333,4,6.35,66757584,17817117,7258490,2326399,25,5077976
FIN000465,2020-12-01,2020,12,Q4,DEV0005,Meraas,64,116179840,105510949,73982708,31528240,29.88,11239952,20288288,19.23,88301560,83.69,24271149,11157777,5,7.81,57349146,16113801,6317636,1815310,3,4220437
FIN000466,2020-12-01,2020,12,Q4,DEV0006,Sobha Realty,56,153157648,126505508,81845363,44660144,35.3,15432538,29227606,23.1,83338349,65.88,23534487,29309470,6,10.71,59484065,17773536,4705067,2734958,21,5060220
FIN000467,2020-12-01,2020,12,Q4,DEV0007,Azizi Developments,41,39984307,34106223,22710425,11395797,33.41,5086009,6309788,18.5,27832473,81.61,9935287,4595047,2,4.88,18302740,5797417,1589996,975227,3,1364248
FIN000468,2020-12-01,2020,12,Q4,DEV0008,Danube Properties,39,60849633,57689852,36507056,21182795,36.72,8217875,12964920,22.47,36127602,62.62,11345293,14312865,2,5.13,26394885,6789178,2327986,1560247,40,2307594
FIN000469,2020-12-01,2020,12,Q4,DEV0009,Binghatti,21,21749406,17802017,10613103,7188913,40.38,2182871,5006042,28.12,13164834,73.95,2797708,3473681,2,9.52,9059990,2555322,604101,1035686,55,712080
FIN000470,2020-12-01,2020,12,Q4,DEV0010,Ellington Properties,38,68121042,62337505,34663448,27674056,44.39,9276319,18397737,29.51,44824548,71.91,10800980,10350399,3,7.89,29138515,10812346,2426382,1792659,19,2493500
FIN000471,2020-12-01,2020,12,Q4,DEV0011,RAK Properties,36,46050516,43577373,26041984,17535388,40.24,5087499,12447889,28.57,28402561,65.18,7315297,10461716,1,2.78,22550275,6980233,2104887,1279181,12,1743094
FIN000472,2020-12-01,2020,12,Q4,DEV0012,Tiger Properties,51,96710127,81283198,47434674,33848523,41.64,13193315,20655208,25.41,61653708,75.85,18553228,13216796,2,3.92,39476525,15665856,1905147,1896277,9,3251327
FIN000473,2020-12-01,2020,12,Q4,DEV0013,Imtiaz Developments,44,85273716,76998284,55033538,21964745,28.53,13582224,8382521,10.89,62266146,80.87,18296641,13023437,5,11.36,47043115,12438994,4470192,1938039,8,3079931
FIN000474,2020-12-01,2020,12,Q4,DEV0014,Select Group,15,18659055,16924201,9836874,7087326,41.88,2697864,4389462,25.94,10177995,60.14,2716266,3380349,0,0.0,8689915,2101467,565405,1243937,29,676968
FIN000475,2020-12-01,2020,12,Q4,DEV0015,Reportage Properties,21,38915184,33916388,23430001,10486386,30.92,4366444,6119942,18.04,23008146,67.84,5118107,5526615,1,4.76,18066363,6080361,1180902,1853104,25,1356655
FIN000476,2020-12-01,2020,12,Q4,DEV0016,Samana Developers,26,25062596,20436615,12754266,7682348,37.59,3091601,4590747,22.46,12968442,63.46,3496299,3023508,2,7.69,10094517,3221746,965624,963946,1,817464
FIN000477,2020-12-01,2020,12,Q4,DEV0017,Object 1,44,9893972,7977160,5036340,2940819,36.87,945251,1995568,25.02,4798058,60.15,2234136,1354904,3,6.82,4116634,1565768,216041,224863,30,319086
FIN000478,2020-12-01,2020,12,Q4,DEV0018,Majid Al Futtaim,48,87109152,70036867,48219928,21816938,31.15,11589728,10227210,14.6,56549262,80.74,11806868,8495896,5,10.42,37790004,8672924,3778258,1814774,2,2801474
FIN000479,2020-12-01,2020,12,Q4,DEV0019,Dubai Properties,74,124140476,111171184,61926447,49244736,44.3,19621095,29623641,26.65,78225991,70.37,20969814,11418383,5,6.76,48265227,20843157,5261223,1677574,23,4446847
FIN000480,2020-12-01,2020,12,Q4,DEV0020,Meydan Group,62,121511134,99761844,67361059,32400784,32.48,10610601,21790183,21.84,71058946,71.23,15449975,18050851,1,1.61,49544556,12779442,4509233,1959857,3,3990473
FIN000481,2021-01-01,2021,1,Q1,DEV0001,Emaar Properties,75,210736950,198528377,137968700,60559676,30.5,32961769,27597907,13.9,141573882,71.31,44028612,27454522,4,5.33,98489157,35352124,5732791,2809826,2,7941135
FIN000482,2021-01-01,2021,1,Q1,DEV0002,DAMAC Properties,80,170623280,160786947,97137715,63649231,39.59,23231253,40417978,25.14,135289304,84.14,36812667,21758453,9,11.25,80938681,17712051,3375701,2132791,29,6431477
FIN000483,2021-01-01,2021,1,Q1,DEV0003,Aldar Properties,84,194211612,160152988,110088802,50064185,31.26,26868579,23195606,14.48,104548604,65.28,40490138,26580366,9,10.71,87592830,26094356,7637680,2312043,9,6406119
FIN000484,2021-01-01,2021,1,Q1,DEV0004,Nakheel,80,171334160,139415693,90234865,49180827,35.28,20280132,28900695,20.73,112582525,80.75,35889198,17130437,9,11.25,69669798,16657928,4162485,2141677,15,5576627
FIN000485,2021-01-01,2021,1,Q1,DEV0005,Meraas,69,129733800,114577365,70169942,44407422,38.76,12281759,32125663,28.04,92930133,81.11,24574941,23740711,3,4.35,58438702,18345685,4390529,1880200,13,4583094
FIN000486,2021-01-01,2021,1,Q1,DEV0006,Sobha Realty,46,103841918,95244118,58494694,36749423,38.58,11798457,24950966,26.2,60748926,63.78,15866550,22581736,5,10.87,41878006,12138389,3764166,2257433,1,3809764
FIN000487,2021-01-01,2021,1,Q1,DEV0007,Azizi Developments,17,31109847,27872081,19616957,8255123,29.62,4799221,3455902,12.4,17075395,61.26,6958974,5969799,1,5.88,17539101,4764896,1595349,1829991,17,1114883
FIN000488,2021-01-01,2021,1,Q1,DEV0008,Danube Properties,46,79843442,68129456,39767257,28362198,41.63,11512755,16849443,24.73,50782229,74.54,11109392,9183509,1,2.17,34594253,7297359,2038612,1735727,73,2725178
FIN000489,2021-01-01,2021,1,Q1,DEV0009,Binghatti,67,95305356,84193422,55004789,29188632,34.67,10936486,18252146,21.68,59094278,70.19,23846184,18239548,5,7.46,43933359,12741504,4948624,1422468,13,3367736
FIN000490,2021-01-01,2021,1,Q1,DEV0010,Ellington Properties,77,77142296,62471376,37594961,24876414,39.82,9070829,15805585,25.3,50979038,81.6,16376612,12591793,8,10.39,29254507,10155994,2188052,1001848,34,2498855
FIN000491,2021-01-01,2021,1,Q1,DEV0011,RAK Properties,44,63827632,59511389,35457328,24054060,40.42,6622161,17431899,29.29,37015267,62.2,13128007,14652516,4,9.09,24931733,10136683,3560862,1450628,8,2380455
FIN000492,2021-01-01,2021,1,Q1,DEV0012,Tiger Properties,47,77370131,65161909,36502778,28659130,43.98,7922253,20736877,31.82,44562392,68.39,11789048,8043535,1,2.13,30883114,10091038,1603819,1646173,21,2606476
FIN000493,2021-01-01,2021,1,Q1,DEV0013,Imtiaz Developments,45,69214320,56706164,35182369,21523794,37.96,6190909,15332885,27.04,44337257,78.19,15073725,9660694,2,4.44,26718071,7401074,2564705,1538096,24,2268246
FIN000494,2021-01-01,2021,1,Q1,DEV0014,Select Group,41,69386350,59965057,36544489,23420567,39.06,9736628,13683939,22.82,42341081,70.61,10559097,8021577,2,4.88,26661125,7559070,2929268,1692350,28,2398602
FIN000495,2021-01-01,2021,1,Q1,DEV0015,Reportage Properties,11,15302012,13223623,7660331,5563291,42.07,2320658,3242633,24.52,9003717,68.09,3425791,1605514,1,9.09,6464906,1230350,695755,1391092,71,528944
FIN000496,2021-01-01,2021,1,Q1,DEV0016,Samana Developers,-35,-24562510,-22390469,-12375356,-10015112,44.73,-2979106,-7036006,-703600600.0,-15032040,-1503204000.0,-6021599,-4441549,-3,-300.0,-9574965,-2782377,-987917,701786,0,-895618
FIN000497,2021-01-01,2021,1,Q1,DEV0017,Object 1,39,55472391,51449885,30127780,21322104,41.44,7170781,14151323,27.51,34249292,66.57,14598654,9645314,2,5.13,25157911,7907478,2657557,1422369,0,2057995
FIN000498,2021-01-01,2021,1,Q1,DEV0018,Majid Al Futtaim,48,81215760,66279318,44951160,21328157,32.18,10177294,11150863,16.82,45030494,67.94,14153365,6838114,1,2.08,39543671,10580362,2822741,1691995,4,2651172
FIN000499,2021-01-01,2021,1,Q1,DEV0019,Dubai Properties,72,187023744,155679264,102373390,53305873,34.24,21807356,31498517,20.23,110594351,71.04,24446056,27694475,6,8.33,76493927,13498591,4912925,2597552,13,6227170
FIN000500,2021-01-01,2021,1,Q1,DEV0020,Meydan Group,75,200510400,164998607,112543395,52455211,31.79,24531339,27923872,16.92,129792079,78.66,35982542,22014283,4,5.33,87131516,18291976,7551526,2673472,6,6599944
FIN000501,2021-02-01,2021,2,Q1,DEV0001,Emaar Properties,85,125611385,106507352,71500297,35007054,32.87,12984578,22022476,20.68,64018849,60.11,24624471,13104033,7,8.24,50495012,13797817,4699259,1477781,28,4260294
FIN000502,2021-02-01,2021,2,Q1,DEV0002,DAMAC Properties,54,114474600,96837581,60112130,36725450,37.92,12075597,24649853,25.45,74810685,77.25,18557390,22335650,4,7.41,44542096,8631408,2462484,2119900,47,3873503
FIN000503,2021-02-01,2021,2,Q1,DEV0003,Aldar Properties,83,194891304,157032782,103359316,53673465,34.18,26869733,26803732,17.07,111438711,70.97,38928022,18667233,4,4.82,83546807,24607797,6193443,2348088,60,6281311
FIN000504,2021-02-01,2021,2,Q1,DEV0004,Nakheel,100,244016200,223998958,132022224,91976733,41.06,36458420,55518313,24.79,165717055,73.98,47754644,46954697,4,4.0,97618161,30721863,5238989,2440162,24,8959958
FIN000505,2021-02-01,2021,2,Q1,DEV0005,Meraas,74,169525564,155759080,89480889,66278190,42.55,15624302,50653888,32.52,118536775,76.1,31244776,33566237,8,10.81,76058951,23468882,3707378,2290886,29,6230363
FIN000506,2021-02-01,2021,2,Q1,DEV0006,Sobha Realty,78,123749964,115580379,75076871,40503507,35.04,12524016,27979491,24.21,95316699,82.47,33754892,12057853,6,7.69,60773388,15392451,2888160,1586538,21,4623215
FIN000507,2021-02-01,2021,2,Q1,DEV0007,Azizi Developments,57,83254941,75395651,52695930,22699720,30.11,11961268,10738452,14.24,59918567,79.47,16178046,11370140,2,3.51,41485103,8538543,3461743,1460613,1,3015826
FIN000508,2021-02-01,2021,2,Q1,DEV0008,Danube Properties,43,59862149,50274090,35892292,14381797,28.61,5031190,9350607,18.6,30248278,60.17,12216642,12291879,3,6.98,29527707,9139820,2939655,1392143,21,2010963
FIN000509,2021-02-01,2021,2,Q1,DEV0009,Binghatti,24,38751648,33897492,21547302,12350189,36.43,5120994,7229195,21.33,21138662,62.36,9933172,4796348,1,4.17,18866724,6696695,1083923,1614652,19,1355899
FIN000510,2021-02-01,2021,2,Q1,DEV0010,Ellington Properties,48,90321744,72838661,45910852,26927808,36.97,11115356,15812452,21.71,54838790,75.29,12058501,11106501,4,8.33,38991632,7168134,3539449,1881703,86,2913546
FIN000511,2021-02-01,2021,2,Q1,DEV0011,RAK Properties,35,65376990,52885810,34800324,18085485,34.2,5603176,12482309,23.6,38063301,71.97,10375123,5430802,2,5.71,29321706,7076382,1424812,1867914,18,2115432
FIN000512,2021-02-01,2021,2,Q1,DEV0012,Tiger Properties,49,60665724,51504461,34568720,16935740,32.88,7126260,9809480,19.05,35220726,68.38,8411251,8429078,4,8.16,27694196,4962279,3015574,1238076,40,2060178
FIN000513,2021-02-01,2021,2,Q1,DEV0013,Imtiaz Developments,54,83370546,66827420,45882598,20944821,31.34,8135804,12809017,19.17,40943114,61.27,17344301,7200728,5,9.26,34470130,13055219,2695409,1543899,79,2673096
FIN000514,2021-02-01,2021,2,Q1,DEV0014,Select Group,58,79782132,74524028,51516066,23007961,30.87,10111852,12896109,17.3,49900430,66.96,11716535,15506286,5,8.62,38190807,11674224,2500415,1375554,11,2980961
FIN000515,2021-02-01,2021,2,Q1,DEV0015,Reportage Properties,0,0,0,0,0,29.26,0,0,0.0,0,0.0,0,0,0,0.0,0,0,0,921165,17,0
FIN000516,2021-02-01,2021,2,Q1,DEV0016,Samana Developers,0,0,0,0,0,28.25,0,0,0.0,0,0.0,0,0,0,0.0,0,0,0,1037859,18,0
FIN000517,2021-02-01,2021,2,Q1,DEV0017,Object 1,19,24586665,20115328,11089572,9025755,44.87,2198619,6827136,33.94,16793368,83.49,4461240,3871150,0,0.0,8244694,1816245,991667,1294035,25,804613
FIN000518,2021-02-01,2021,2,Q1,DEV0018,Majid Al Futtaim,77,198776732,159864608,108399991,51464616,32.19,19367880,32096736,20.08,97587031,61.04,40924779,33244212,5,6.49,85118990,15581250,4385610,2581516,5,6394584
FIN000519,2021-02-01,2021,2,Q1,DEV0019,Dubai Properties,63,136916010,119780483,68947356,50833126,42.44,18574796,32258330,26.93,84465091,70.52,21436701,25064821,4,6.35,56970295,22336292,2604717,2173270,8,4791219
FIN000520,2021-02-01,2021,2,Q1,DEV0020,Meydan Group,85,197393630,182691988,106415741,76276246,41.75,28754301,47521945,26.01,155281259,85.0,31891318,38701266,5,5.88,80430026,23611183,10077160,2322278,27,7307679
FIN000521,2021-03-01,2021,3,Q1,DEV0001,Emaar Properties,58,140272130,123409746,87295797,36113948,29.26,17150777,18963171,15.37,103443437,83.82,27281700,22900521,4,6.9,68727063,14255633,3120173,2418485,23,4936389
FIN000522,2021-03-01,2021,3,Q1,DEV0002,DAMAC Properties,86,168048816,155420740,102247635,53173104,34.21,23308067,29865037,19.22,99631674,64.1,29874988,22976725,6,6.98,77288667,13587545,4104674,1954056,10,6216829
FIN000523,2021-03-01,2021,3,Q1,DEV0003,Aldar Properties,76,120399732,96819910,60019503,36800406,38.01,12416700,24383706,25.18,76235033,78.74,25034068,17079090,8,10.53,51089062,8192387,2667425,1584207,10,3872796
FIN000524,2021-03-01,2021,3,Q1,DEV0004,Nakheel,69,157544802,131875644,73963430,57912213,43.91,21400840,36511373,27.69,109380494,82.94,33068081,18971385,3,4.35,60515685,17766676,4353141,2283258,37,5275025
FIN000525,2021-03-01,2021,3,Q1,DEV0005,Meraas,68,144824768,128456836,75733290,52723545,41.04,13034786,39688759,30.9,99423537,77.4,27029573,21210301,5,7.35,57456743,16819175,3830994,2129776,6,5138273
FIN000526,2021-03-01,2021,3,Q1,DEV0006,Sobha Realty,53,135456022,127810853,84590110,43220742,33.82,18473390,24747352,19.36,102565262,80.25,26239698,21457764,3,5.66,67336749,10470058,4274579,2555774,48,5112434
FIN000527,2021-03-01,2021,3,Q1,DEV0007,Azizi Developments,35,46809980,38287557,26955277,11332279,29.6,5855506,5476773,14.3,30206404,78.89,7197397,4365788,3,8.57,22958837,5914135,980836,1337428,2,1531502
FIN000528,2021-03-01,2021,3,Q1,DEV0008,Danube Properties,9,15282405,13414812,8715204,4699607,35.03,2414345,2285262,17.04,10857213,80.93,2512488,1713062,0,0.0,7598185,2412808,558980,1698045,23,536592
FIN000529,2021-03-01,2021,3,Q1,DEV0009,Binghatti,34,52811316,48267647,29506835,18760811,38.87,7106129,11654682,24.15,39934422,82.74,13077666,7091612,1,2.94,24707242,9059195,2058468,1553274,70,1930705
FIN000530,2021-03-01,2021,3,Q1,DEV0010,Ellington Properties,19,30754673,24707445,15397948,9309496,37.68,4200561,5108935,20.68,15366001,62.19,4968478,6021891,1,5.26,11845371,4865970,1082918,1618667,26,988297
FIN000531,2021-03-01,2021,3,Q1,DEV0011,RAK Properties,27,26442342,21607914,12869762,8738151,40.44,2708657,6029494,27.9,17759493,82.19,5175242,3316068,2,7.41,9942325,3739675,1232656,979346,37,864316
FIN000532,2021-03-01,2021,3,Q1,DEV0012,Tiger Properties,49,60284455,55888992,37999710,17889281,32.01,8918251,8971030,16.05,34156826,61.12,9045305,9216887,4,8.16,27621331,6360359,2301809,1230295,31,2235559
FIN000533,2021-03-01,2021,3,Q1,DEV0013,Imtiaz Developments,51,91334115,84784646,49404802,35379843,41.73,13865203,21514640,25.38,59021970,69.61,15725173,11720584,2,3.92,41645679,10985067,3875822,1790865,8,3391385
FIN000534,2021-03-01,2021,3,Q1,DEV0014,Select Group,59,88316215,75493884,44795431,30698452,40.66,13142363,17556089,23.25,45859607,60.75,22288783,8008031,3,5.08,39078787,8084271,3764616,1496885,14,3019755
FIN000535,2021-03-01,2021,3,Q1,DEV0015,Reportage Properties,-6,-4553118,-4288541,-3027442,-1261098,29.41,-580301,-680797,-68079700.0,-2968521,-296852100.0,-1121074,-1038905,0,0.0,-2251530,-434287,-148572,758853,9,-171541
FIN000536,2021-03-01,2021,3,Q1,DEV0016,Samana Developers,13,8533018,7350693,4327713,3022979,41.13,1027223,1995756,27.15,4983135,67.79,2143234,1297298,0,0.0,3412032,618122,321529,656386,22,294027
FIN000537,2021-03-01,2021,3,Q1,DEV0017,Object 1,30,27402090,25929243,14914726,11014516,42.48,3642708,7371808,28.43,21223561,81.85,5321305,6144658,2,6.67,10588140,2099924,1509471,913403,1,1037169
FIN000538,2021-03-01,2021,3,Q1,DEV0018,Majid Al Futtaim,85,185138330,167104943,93300780,73804162,44.17,26107570,47696592,28.54,115596310,69.18,36491405,23461475,6,7.06,80395974,16162367,6109072,2178098,25,6684197
FIN000539,2021-03-01,2021,3,Q1,DEV0019,Dubai Properties,60,125651340,115890079,68732800,47157278,40.69,14710976,32446302,28.0,86861578,74.95,18046822,16138799,3,5.0,58517822,20048577,2404686,2094189,28,4635603
FIN000540,2021-03-01,2021,3,Q1,DEV0020,Meydan Group,59,126252035,108305735,76334094,31971640,29.52,14366566,17605074,16.25,75244714,69.47,20202779,17827825,5,8.47,64499257,13130686,5024283,2139865,11,4332229
FIN000541,2021-04-01,2021,4,Q2,DEV0001,Emaar Properties,74,179409670,164103174,100334348,63768825,38.86,16842640,46926185,28.6,134476322,81.95,37059079,34829627,6,8.11,90079495,14580165,3631111,2424455,3,6564126
FIN000542,2021-04-01,2021,4,Q2,DEV0002,DAMAC Properties,88,250416760,210555140,119388915,91166224,43.3,32446971,58719253,27.89,130788416,62.12,32137282,24258504,7,7.95,106014677,23406627,5664067,2845645,37,8422205
FIN000543,2021-04-01,2021,4,Q2,DEV0003,Aldar Properties,66,174396354,154406709,89364281,65042427,42.12,20699619,44342808,28.72,114579846,74.21,41847286,24516405,5,7.58,71499979,18776727,6680284,2642369,61,6176268
FIN000544,2021-04-01,2021,4,Q2,DEV0004,Nakheel,70,203105070,187976323,104391605,83584717,44.47,21141206,62443511,33.22,115815029,61.61,45893566,40362319,5,7.14,88752850,36166601,7499337,2901501,45,7519052
FIN000545,2021-04-01,2021,4,Q2,DEV0005,Meraas,75,196253250,160312826,101852738,58460087,36.47,23270384,35189703,21.95,119380263,74.47,46064384,21076142,5,6.67,72579241,19984377,7500492,2616710,2,6412513
FIN000546,2021-04-01,2021,4,Q2,DEV0006,Sobha Realty,69,146299596,136981320,79583315,57398004,41.9,16821109,40576895,29.62,112070754,81.81,33446399,30393190,5,7.25,69806086,22301017,3478474,2120284,79,5479252
FIN000547,2021-04-01,2021,4,Q2,DEV0007,Azizi Developments,51,62683182,52649744,33316115,19333628,36.72,6386054,12947574,24.59,41320762,78.48,8654351,12585465,5,9.8,29282660,5032941,1575436,1229082,13,2105989
FIN000548,2021-04-01,2021,4,Q2,DEV0008,Danube Properties,16,25156480,23076825,13041044,10035780,43.49,4151624,5884156,25.5,16486993,71.44,4779274,3259878,1,6.25,10975386,3728520,550851,1572280,39,923073
FIN000549,2021-04-01,2021,4,Q2,DEV0009,Binghatti,22,35565200,32807204,21654827,11152376,33.99,3524877,7627499,23.25,25901039,78.95,6120678,7680884,2,9.09,17177296,3870351,1858227,1616600,8,1312288
FIN000550,2021-04-01,2021,4,Q2,DEV0010,Ellington Properties,31,39000294,35549522,21224587,14324934,40.3,6087645,8237289,23.17,23019619,64.75,6412329,6088705,1,3.23,17301833,3641314,1370857,1258074,25,1421980
FIN000551,2021-04-01,2021,4,Q2,DEV0011,RAK Properties,42,71903160,62085587,44625825,17459761,28.12,7431984,10027777,16.15,42166002,67.92,10606231,10603201,2,4.76,34174569,8080999,2772219,1711980,10,2483423
FIN000552,2021-04-01,2021,4,Q2,DEV0012,Tiger Properties,72,133030512,113720518,80864660,32855857,28.89,15064919,17790938,15.64,95426616,83.91,28074708,24041983,7,9.72,66779225,19507076,6748587,1847646,28,4548820
FIN000553,2021-04-01,2021,4,Q2,DEV0013,Imtiaz Developments,65,112284575,98032964,54740812,43292151,44.16,13528875,29763276,30.36,75456420,76.97,27475376,22678154,6,9.23,39111574,12418521,5636409,1727455,6,3921318
FIN000554,2021-04-01,2021,4,Q2,DEV0014,Select Group,29,51235054,41843618,23951083,17892534,42.76,6738982,11153552,26.66,26667705,63.73,6754011,6151283,2,6.9,20733841,3466838,2365863,1766726,7,1673744
FIN000555,2021-04-01,2021,4,Q2,DEV0015,Reportage Properties,43,43411295,36364490,21673205,14691284,40.4,5038456,9652828,26.54,25580113,70.34,6658253,6218238,3,6.98,16560414,6113070,1299596,1009565,6,1454579
FIN000556,2021-04-01,2021,4,Q2,DEV0016,Samana Developers,2,2208808,1806416,1290914,515501,28.54,312094,203407,11.26,1488408,82.4,504830,342531,0,0.0,1083613,168143,66893,1104404,9,72256
FIN000557,2021-04-01,2021,4,Q2,DEV0017,Object 1,24,28006800,26562543,14846833,11715709,44.11,3284256,8431453,31.74,20053559,75.5,4848432,6563527,2,8.33,12630872,4431831,1166261,1166950,15,1062501
FIN000558,2021-04-01,2021,4,Q2,DEV0018,Majid Al Futtaim,66,143507166,135736206,87604564,48131641,35.46,18133858,29997783,22.1,106143652,78.2,26173013,31192707,2,3.03,68225232,22809208,2774940,2174351,30,5429448
FIN000559,2021-04-01,2021,4,Q2,DEV0019,Dubai Properties,70,162801310,154602476,94981918,59620557,38.56,20346988,39273569,25.4,123590363,79.94,36739353,24066560,6,8.57,72014702,22903472,5615187,2325733,4,6184099
FIN000560,2021-04-01,2021,4,Q2,DEV0020,Meydan Group,72,161643096,132908569,93637948,39270620,29.55,20554577,18716043,14.08,109570982,82.44,36869040,17166498,2,2.78,79708527,13829203,3923636,2245043,116,5316342
FIN000561,2021-05-01,2021,5,Q2,DEV0001,Emaar Properties,50,127908400,103359782,64004321,39355460,38.08,12929474,26425986,25.57,71108844,68.8,30898310,13422713,4,8.0,54063136,12976436,5195691,2558168,6,4134391
FIN000562,2021-05-01,2021,5,Q2,DEV0002,DAMAC Properties,84,147342384,123204333,86858202,36346130,29.5,18600203,17745927,14.4,97257863,78.94,32187997,27164578,9,10.71,66946549,11383907,2822271,1754076,10,4928173
FIN000563,2021-05-01,2021,5,Q2,DEV0003,Aldar Properties,92,206456280,180983118,109600550,71382567,39.44,32247977,39134590,21.62,129603693,71.61,43955132,25328216,8,8.7,96141964,21990582,6537627,2244090,114,7239324
FIN000564,2021-05-01,2021,5,Q2,DEV0004,Nakheel,80,196275440,174924952,114535637,60389314,34.52,29758913,30630401,17.51,124470404,71.16,40183737,18350229,6,7.5,97462764,24846681,9327815,2453443,16,6996998
FIN000565,2021-05-01,2021,5,Q2,DEV0005,Meraas,88,140215416,114780707,67737279,47043427,40.99,19191429,27851998,24.27,85737879,74.7,19851169,24175649,3,3.41,57039019,19962690,4297450,1593357,17,4591228
FIN000566,2021-05-01,2021,5,Q2,DEV0006,Sobha Realty,79,195360759,175887387,124464683,51422703,29.24,20348238,31074465,17.67,112140853,63.76,36136398,32036969,3,3.8,87566553,18281064,10102379,2472921,27,7035495
FIN000567,2021-05-01,2021,5,Q2,DEV0007,Azizi Developments,25,44560375,38113876,26345437,11768438,30.88,6818488,4949950,12.99,28197381,73.98,7940626,5883443,1,4.0,21193947,4038400,1961558,1782415,3,1524555
FIN000568,2021-05-01,2021,5,Q2,DEV0008,Danube Properties,22,25966248,24191965,14416593,9775371,40.41,2702270,7073101,29.24,16716675,69.1,6750716,3034597,1,4.55,10851403,3641121,988784,1180284,54,967678
FIN000569,2021-05-01,2021,5,Q2,DEV0009,Binghatti,47,77185233,68656683,45964853,22691829,33.05,10249937,12441892,18.12,46322650,67.47,15756457,15823746,1,2.13,40479441,11366297,3130983,1642239,31,2746267
FIN000570,2021-05-01,2021,5,Q2,DEV0010,Ellington Properties,37,55713305,52555544,32463389,20092154,38.23,7474977,12617177,24.01,33080848,62.94,13628064,7116742,2,5.41,23820652,4614881,2225730,1505765,0,2102221
FIN000571,2021-05-01,2021,5,Q2,DEV0011,RAK Properties,58,103325144,96234429,57857412,38377016,39.88,13904493,24472523,25.43,73895528,76.79,17263646,21574831,2,3.45,45495795,17091236,2201893,1781468,0,3849377
FIN000572,2021-05-01,2021,5,Q2,DEV0012,Tiger Properties,57,87284043,80108467,55348617,24759849,30.91,14319010,10440839,13.03,66239380,82.69,17209407,9822221,4,7.02,47709535,9235877,2919713,1531299,24,3204338
FIN000573,2021-05-01,2021,5,Q2,DEV0013,Imtiaz Developments,30,33672630,27082519,15450412,11632106,42.95,4676386,6955720,25.68,17499630,64.62,5223257,5124775,3,10.0,10822759,5093651,1609902,1122421,23,1083300
FIN000574,2021-05-01,2021,5,Q2,DEV0014,Select Group,20,21312520,17552092,10261655,7290436,41.54,2424954,4865482,27.72,12294341,70.04,4393810,2445867,2,10.0,7928609,3060956,553558,1065626,21,702083
FIN000575,2021-05-01,2021,5,Q2,DEV0015,Reportage Properties,16,12951808,11053445,7874028,3179416,28.76,1770105,1409311,12.75,8670229,78.44,3242618,1158884,1,6.25,6499038,2159110,550719,809488,20,442137
FIN000576,2021-05-01,2021,5,Q2,DEV0016,Samana Developers,0,0,0,0,0,44.15,0,0,0.0,0,0.0,0,0,0,0.0,0,0,0,1155816,26,0
FIN000577,2021-05-01,2021,5,Q2,DEV0017,Object 1,2,1092274,959187,574257,384929,40.13,145879,239050,24.92,752064,78.41,243269,125035,0,0.0,500123,100496,48588,546137,30,38367
FIN000578,2021-05-01,2021,5,Q2,DEV0018,Majid Al Futtaim,82,193176092,166265608,100242582,66023025,39.71,17866494,48156531,28.96,107263962,64.51,46000926,32305036,3,3.66,76542896,22772182,4535858,2355806,19,6650624
FIN000579,2021-05-01,2021,5,Q2,DEV0019,Dubai Properties,82,158933466,134560034,77933275,56626758,42.08,22770475,33856283,25.16,85203799,63.32,23515988,14713699,5,6.1,58130322,12195337,7715883,1938213,7,5382401
FIN000580,2021-05-01,2021,5,Q2,DEV0020,Meydan Group,82,176610862,145945422,92384443,53560978,36.7,25885684,27675294,18.96,119544459,81.91,40493399,30743996,3,3.66,77790880,24780787,3170236,2153791,98,5837816
FIN000581,2021-06-01,2021,6,Q2,DEV0001,Emaar Properties,108,255629196,212428982,130358005,82070976,38.63,23524587,58546389,27.56,140847017,66.3,46037317,39383918,5,4.63,95725973,33998175,9252261,2366937,35,8497159
FIN000582,2021-06-01,2021,6,Q2,DEV0002,DAMAC Properties,80,157843040,145726707,90220386,55506320,38.09,25834987,29671333,20.36,107419357,73.71,39944674,32055000,5,6.25,78728700,22007961,7294779,1973038,79,5829068
FIN000583,2021-06-01,2021,6,Q2,DEV0003,Aldar Properties,56,124846624,102509527,58429279,44080247,43.0,15273305,28806942,28.1,83171819,81.14,23207654,12674394,4,7.14,41400595,8327589,4449374,2229404,34,4100381
FIN000584,2021-06-01,2021,6,Q2,DEV0004,Nakheel,88,220023056,208210141,130434712,77775428,37.35,20930672,56844756,27.3,129051189,61.98,42002614,36265843,9,10.23,95214904,21902271,11721294,2500262,59,8328405
FIN000585,2021-06-01,2021,6,Q2,DEV0005,Meraas,113,326477566,283086583,188552354,94534228,33.39,35557928,58976300,20.83,195447498,69.04,46284241,49577936,9,7.96,162376645,52331395,7052595,2889182,24,11323463
FIN000586,2021-06-01,2021,6,Q2,DEV0006,Sobha Realty,83,181602257,161192058,100465149,60726908,37.67,28687989,32038919,19.88,114675613,71.14,28440617,18642160,7,8.43,72385322,25986020,5756114,2187979,3,6447682
FIN000587,2021-06-01,2021,6,Q2,DEV0007,Azizi Developments,32,47587040,39297063,22157300,17139762,43.62,4957183,12182579,31.0,26034228,66.25,11171683,4629781,3,9.38,17855671,4026025,904191,1487095,9,1571882
FIN000588,2021-06-01,2021,6,Q2,DEV0008,Danube Properties,38,67844744,54713984,34016345,20697638,37.83,6445728,14251910,26.05,45533208,83.22,11905271,5535382,1,2.63,28967640,10377519,1636838,1785388,21,2188559
FIN000589,2021-06-01,2021,6,Q2,DEV0009,Binghatti,17,25692236,22085625,15248850,6836774,30.96,3404931,3431843,15.54,16543745,74.91,5095134,3377079,0,0.0,11650716,2336614,469027,1511308,41,883425
FIN000590,2021-06-01,2021,6,Q2,DEV0010,Ellington Properties,24,33355344,29836501,18259876,11576624,38.8,3812680,7763944,26.02,21534582,72.18,7906144,5781039,1,4.17,13637107,5066008,921213,1389806,24,1193460
FIN000591,2021-06-01,2021,6,Q2,DEV0011,RAK Properties,50,96882500,84278455,51759718,32518736,38.58,14428688,18090048,21.46,53724667,63.75,17745602,11496390,3,6.0,41014100,11771172,4519346,1937650,77,3371138
FIN000592,2021-06-01,2021,6,Q2,DEV0012,Tiger Properties,28,54510456,48049897,29471767,18578129,38.66,6493505,12084624,25.15,32455544,67.55,10948642,10274328,2,7.14,22582113,5670018,1161812,1946802,7,1921995
FIN000593,2021-06-01,2021,6,Q2,DEV0013,Imtiaz Developments,42,55235208,52285948,34999706,17286241,33.06,6018398,11267843,21.55,33422339,63.92,11755246,8811712,4,9.52,25834056,4991860,1671010,1315124,25,2091437
FIN000594,2021-06-01,2021,6,Q2,DEV0014,Select Group,55,50109840,44480316,28266354,16213961,36.45,5859108,10354853,23.28,37459002,84.21,11376062,5596875,6,10.91,21704638,3885313,1875464,911088,2,1779212
FIN000595,2021-06-01,2021,6,Q2,DEV0015,Reportage Properties,7,7544194,6959529,4628497,2331031,33.49,965262,1365769,19.62,5509853,79.17,1428060,1620893,0,0.0,3689976,1120645,409863,1077742,7,278381
FIN000596,2021-06-01,2021,6,Q2,DEV0016,Samana Developers,9,9607392,7791028,4898272,2892755,37.13,1236296,1656459,21.26,5217204,66.96,1748746,1232110,0,0.0,3769529,1438339,206861,1067488,29,311641
FIN000597,2021-06-01,2021,6,Q2,DEV0017,Object 1,30,14522520,12816216,9156673,3659542,28.55,1637954,2021588,15.77,10866990,84.79,3531630,3111832,2,6.67,8119658,1733585,610291,484084,17,512648
FIN000598,2021-06-01,2021,6,Q2,DEV0018,Majid Al Futtaim,67,163170393,150176792,104345090,45831701,30.52,19211754,26619947,17.73,117381173,78.16,42596076,26001221,6,8.96,91809908,24427856,8264843,2435379,7,6007071
FIN000599,2021-06-01,2021,6,Q2,DEV0019,Dubai Properties,69,122191548,106394581,60156175,46238405,43.46,16687043,29551362,27.78,74650892,70.16,25548196,21169371,7,10.14,53954178,19273423,6236196,1770892,14,4255783
FIN000600,2021-06-01,2021,6,Q2,DEV0020,Meydan Group,82,203782300,188237089,132730438,55506650,29.49,21494018,34012632,18.07,139849915,74.29,35645902,40706437,4,4.88,100589988,36006812,10012673,2485150,9,7529483
FIN000601,2021-07-01,2021,7,Q3,DEV0001,Emaar Properties,95,203396045,179419385,123772951,55646433,31.01,22926667,32719766,18.24,149843369,83.52,49346554,37869061,7,7.37,104532406,24623751,8554327,2141011,20,7176775
FIN000602,2021-07-01,2021,7,Q3,DEV0002,DAMAC Properties,106,232807482,220727190,126368135,94359054,42.75,32130659,62228395,28.19,165906503,75.16,49958258,26463126,11,10.38,107047026,21332887,4958604,2196297,5,8829087
FIN000603,2021-07-01,2021,7,Q3,DEV0003,Aldar Properties,111,233994993,219137856,140879245,78258610,35.71,31194122,47064488,21.48,167432774,76.41,61937020,53168521,11,9.91,110927291,30380427,10531102,2108063,80,8765514
FIN000604,2021-07-01,2021,7,Q3,DEV0004,Nakheel,73,148740201,119414251,79308609,40105641,33.59,19403847,20701794,17.34,94130184,78.83,21280528,24091293,7,9.59,68414251,15932471,2556013,2037537,18,4776570
FIN000605,2021-07-01,2021,7,Q3,DEV0005,Meraas,95,261335595,216791123,130853587,85937535,39.64,29573980,56363555,26.0,151464408,69.87,49805006,22620185,4,4.21,99647826,26620193,9641134,2750901,11,8671644
FIN000606,2021-07-01,2021,7,Q3,DEV0006,Sobha Realty,76,208158528,182212354,110432761,71779592,39.39,25817345,45962247,25.22,124711904,68.44,48223932,39098475,5,6.58,97120483,19499468,8236702,2738928,15,7288494
FIN000607,2021-07-01,2021,7,Q3,DEV0007,Azizi Developments,64,73330432,60896026,38357117,22538908,37.01,9796214,12742694,20.93,47486624,77.98,17446537,9783436,3,4.69,30219871,9549720,2884178,1145788,38,2435841
FIN000608,2021-07-01,2021,7,Q3,DEV0008,Danube Properties,88,120621424,98416034,57653762,40762271,41.42,17040036,23722235,24.1,72999914,74.17,22466879,19228796,4,4.55,50613301,9971318,2344656,1370698,95,3936641
FIN000609,2021-07-01,2021,7,Q3,DEV0009,Binghatti,72,103641264,97391152,57121543,40269608,41.35,13611374,26658234,27.37,64910958,66.65,15837606,16206083,7,9.72,41863793,13582198,3011007,1439462,31,3895646
FIN000610,2021-07-01,2021,7,Q3,DEV0010,Ellington Properties,45,70411365,66306633,39104697,27201935,41.02,11353950,15847985,23.9,40393621,60.92,12811390,15978756,2,4.44,33751856,12339530,2376523,1564697,0,2652265
FIN000611,2021-07-01,2021,7,Q3,DEV0011,RAK Properties,32,27393120,22428741,12868299,9560441,42.63,3375262,6185179,27.58,14668947,65.4,4278764,3132666,2,6.25,10420386,3863282,455524,856035,4,897149
FIN000612,2021-07-01,2021,7,Q3,DEV0012,Tiger Properties,37,57269229,53617055,33079116,20537938,38.3,8242347,12295591,22.93,38574717,71.94,12927902,7328014,2,5.41,26835461,4328182,2167389,1547817,13,2144682
FIN000613,2021-07-01,2021,7,Q3,DEV0013,Imtiaz Developments,45,58458870,52449456,34001985,18447470,35.17,6462211,11985259,22.85,37152030,70.83,15059044,10936683,1,2.22,28938529,6973294,1311980,1299086,5,2097978
FIN000614,2021-07-01,2021,7,Q3,DEV0014,Select Group,29,37205724,34826596,24793918,10032677,28.81,5001800,5030877,14.45,27030673,77.62,9509223,3827835,0,0.0,21801930,6869421,1977780,1282956,24,1393063
FIN000615,2021-07-01,2021,7,Q3,DEV0015,Reportage Properties,18,12434886,10702675,7360653,3342021,31.23,1617150,1724871,16.12,7674691,71.71,2357485,2152762,1,5.56,6153041,1988870,296462,690827,12,428107
FIN000616,2021-07-01,2021,7,Q3,DEV0016,Samana Developers,-7,-4392766,-3745053,-2301475,-1443577,38.55,-612325,-831252,-83125200.0,-2810609,-281060900.0,-984599,-517080,0,0.0,-2066925,-412114,-188949,627538,3,-149802
FIN000617,2021-07-01,2021,7,Q3,DEV0017,Object 1,-18,-20833326,-16785045,-10061991,-6723053,40.05,-2323580,-4399473,-439947300.0,-13538896,-1353889600.0,-3498184,-2449290,0,0.0,-8269730,-2774012,-901939,1157407,12,-671401
FIN000618,2021-07-01,2021,7,Q3,DEV0018,Majid Al Futtaim,69,150048849,130291308,73391487,56899820,43.67,18347610,38552210,29.59,105170824,80.72,21255766,22445677,6,8.7,52079418,17077046,7437261,2174621,2,5211652
FIN000619,2021-07-01,2021,7,Q3,DEV0019,Dubai Properties,87,245708880,204018184,145982775,58035408,28.45,33633141,24402267,11.96,166368978,81.55,53086502,47917058,9,10.34,127023345,35789001,4637709,2824240,15,8160727
FIN000620,2021-07-01,2021,7,Q3,DEV0020,Meydan Group,76,188726620,168296065,108180996,60115068,35.72,17628612,42486456,25.25,109953665,65.33,31049651,40091147,4,5.26,85722874,28041083,6179033,2483245,43,6731842
FIN000621,2021-08-01,2021,8,Q3,DEV0001,Emaar Properties,74,157200716,131436478,87471413,43965064,33.45,16415677,27549387,20.96,83825622,63.78,26234102,16012337,6,8.11,66429023,23866176,5137027,2124334,11,5257459
FIN000622,2021-08-01,2021,8,Q3,DEV0002,DAMAC Properties,63,117217863,105834089,69310190,36523898,34.51,16900914,19622984,18.54,89032452,84.12,26410008,23634606,4,6.35,52619902,15456205,4135838,1860601,0,4233363
FIN000623,2021-08-01,2021,8,Q3,DEV0003,Aldar Properties,67,152768375,130695892,91004002,39691889,30.37,14980474,24711415,18.91,96786637,74.05,23990427,31748416,4,5.97,65273628,15832797,6590260,2280125,22,5227835
FIN000624,2021-08-01,2021,8,Q3,DEV0004,Nakheel,59,112620970,95724206,63224069,32500136,33.95,15793185,16706951,17.45,65384721,68.31,19807745,17048618,6,10.17,44903524,12232924,2319282,1908830,25,3828968
FIN000625,2021-08-01,2021,8,Q3,DEV0005,Meraas,57,115001604,106701196,68262559,38438636,36.02,16233530,22205106,20.81,68333143,64.04,20053103,19737446,2,3.51,55643140,20123836,4152336,2017572,17,4268047
FIN000626,2021-08-01,2021,8,Q3,DEV0006,Sobha Realty,81,219922128,198829376,139377254,59452121,29.9,28432794,31019327,15.6,137678570,69.24,51831790,36881959,3,3.7,121299226,37074909,7002783,2715088,4,7953175
FIN000627,2021-08-01,2021,8,Q3,DEV0007,Azizi Developments,53,78061527,67402336,43782267,23620068,35.04,11972746,11647322,17.28,54682005,81.13,19708017,12345972,3,5.66,37480957,12268613,3358326,1472859,27,2696093
FIN000628,2021-08-01,2021,8,Q3,DEV0008,Danube Properties,17,24483332,23064644,15770778,7293865,31.62,3477866,3815999,16.54,15675253,67.96,3690709,2654950,0,0.0,11464336,4472749,981463,1440196,4,922585
FIN000629,2021-08-01,2021,8,Q3,DEV0009,Binghatti,45,55237815,47735888,31143910,16591977,34.76,6258206,10333771,21.65,36586900,76.64,8376077,6082443,3,6.67,25391003,4606273,1173516,1227507,50,1909435
FIN000630,2021-08-01,2021,8,Q3,DEV0010,Ellington Properties,32,51868928,46547695,26607665,19940029,42.84,8207170,11732859,25.21,29300660,62.95,10729980,9909147,2,6.25,20551255,8063231,2337918,1620904,5,1861907
FIN000631,2021-08-01,2021,8,Q3,DEV0011,RAK Properties,54,78177636,70233925,45891303,24342621,34.66,10465024,13877597,19.76,43865130,62.46,11552885,9431752,3,5.56,40158953,13288557,3202062,1447734,64,2809357
FIN000632,2021-08-01,2021,8,Q3,DEV0012,Tiger Properties,35,53276650,49588924,31036980,18551943,37.41,5563547,12988396,26.19,30137215,60.77,13464533,7473499,1,2.86,27261354,7022386,1951635,1522190,65,1983556
FIN000633,2021-08-01,2021,8,Q3,DEV0013,Imtiaz Developments,48,57275712,49874369,28861966,21012402,42.13,7953074,13059328,26.18,31711686,63.58,8910180,9158206,1,2.08,23147983,7860879,2641820,1193244,25,1994974
FIN000634,2021-08-01,2021,8,Q3,DEV0014,Select Group,25,45413175,42233030,24846475,17386554,41.17,4720094,12666460,29.99,30984702,73.37,9148457,9506291,2,8.0,17549419,5115213,1838800,1816527,10,1689321
FIN000635,2021-08-01,2021,8,Q3,DEV0015,Reportage Properties,-5,-5772355,-4872299,-3392087,-1480211,30.38,-760916,-719295,-71929500.0,-3026869,-302686900.0,-895322,-974679,0,0.0,-2403865,-825978,-273809,1154471,8,-194891
FIN000636,2021-08-01,2021,8,Q3,DEV0016,Samana Developers,15,14823495,13165740,8002409,5163330,39.22,1860085,3303245,25.09,10130224,76.94,2807481,2650013,0,0.0,6305622,1117256,650031,988233,0,526629
FIN000637,2021-08-01,2021,8,Q3,DEV0017,Object 1,-3,-2486283,-2356304,-1323900,-1032403,43.81,-382194,-650209,-65020900.0,-1462167,-146216700.0,-501518,-316380,0,0.0,-1024282,-218066,-56761,828761,21,-94252
FIN000638,2021-08-01,2021,8,Q3,DEV0018,Majid Al Futtaim,88,194392000,155595789,89978570,65617218,42.17,20844716,44772502,28.77,94575302,60.78,26089149,37334063,9,10.23,75639077,25943951,8200974,2209000,1,6223831
FIN000639,2021-08-01,2021,8,Q3,DEV0019,Dubai Properties,69,137186973,121735907,67098424,54637482,44.88,17708651,36928831,30.34,77608761,63.75,34151207,15153243,4,5.8,48860918,16510842,2547081,1988217,18,4869436
FIN000640,2021-08-01,2021,8,Q3,DEV0020,Meydan Group,119,329934521,265440289,186701149,78739139,29.66,45867622,32871517,12.38,163713579,61.68,62275663,35999690,13,10.92,165487621,35083112,8592390,2772559,0,10617611
FIN000641,2021-09-01,2021,9,Q3,DEV0001,Emaar Properties,80,147862800,139097513,94102266,44995246,32.35,22040562,22954684,16.5,98452417,70.78,38901435,24675344,5,6.25,79525441,16116115,6807263,1848285,0,5563900
FIN000642,2021-09-01,2021,9,Q3,DEV0002,DAMAC Properties,86,151248544,138946132,81102142,57843989,41.63,19627114,38216875,27.5,84612337,60.9,22126947,19712881,5,5.81,61992910,27734618,4107483,1758704,6,5557845
FIN000643,2021-09-01,2021,9,Q3,DEV0003,Aldar Properties,67,159015254,148216551,93661199,54555351,36.81,16441378,38113973,25.72,102776088,69.34,26490279,34435423,4,5.97,80978368,19192554,3499398,2373362,24,5928662
FIN000644,2021-09-01,2021,9,Q3,DEV0004,Nakheel,90,170993700,157641639,112529565,45112073,28.62,22183338,22928735,14.54,127788234,81.06,27162778,17234358,8,8.89,81957062,21393518,7757024,1899930,15,6305665
FIN000645,2021-09-01,2021,9,Q3,DEV0005,Meraas,67,127024362,108938007,70918940,38019066,34.9,12912519,25106547,23.05,67874514,62.31,22434600,20278168,3,4.48,52954171,9959576,3420733,1895886,1,4357520
FIN000646,2021-09-01,2021,9,Q3,DEV0006,Sobha Realty,81,189560250,163693032,94006451,69686580,42.57,23492067,46194513,28.22,122604751,74.9,37462636,23732404,9,11.11,79795344,28516591,3773313,2340250,69,6547721
FIN000647,2021-09-01,2021,9,Q3,DEV0007,Azizi Developments,29,36612123,33886461,20366507,13519953,39.9,4714500,8805453,25.99,24715739,72.94,8699017,5664632,2,6.9,15519737,5714735,790555,1262487,0,1355458
FIN000648,2021-09-01,2021,9,Q3,DEV0008,Danube Properties,32,39770496,35601915,23987968,11613946,32.62,5348378,6265568,17.6,27135212,76.22,9351658,4455486,3,9.38,19551473,7010724,2115829,1242828,24,1424076
FIN000649,2021-09-01,2021,9,Q3,DEV0009,Binghatti,74,157607568,129918959,75910117,54008841,41.57,16744856,37263985,28.68,83193854,64.04,31075286,14100421,3,4.05,60595925,10418558,6902253,2129832,11,5196758
FIN000650,2021-09-01,2021,9,Q3,DEV0010,Ellington Properties,32,37785600,32325456,22610499,9714956,30.05,4560855,5154101,15.94,26532723,82.08,9271924,7291089,2,6.25,19652287,3993218,1562255,1180800,8,1293018
FIN000651,2021-09-01,2021,9,Q3,DEV0011,RAK Properties,21,36465975,34454695,23069672,11385022,33.04,5904800,5480222,15.91,27138000,78.76,7768516,7363697,1,4.76,16834195,5949295,1023361,1736475,33,1378187
FIN000652,2021-09-01,2021,9,Q3,DEV0012,Tiger Properties,19,33100869,29449071,20686433,8762637,29.76,4168373,4594264,15.6,23222263,78.86,6110107,4885158,1,5.26,18357389,5254860,1397435,1742151,14,1177962
FIN000653,2021-09-01,2021,9,Q3,DEV0013,Imtiaz Developments,61,110272140,90855418,64246340,26609077,29.29,14337585,12271492,13.51,61761769,67.98,19341671,21114884,6,9.84,48161007,9551146,4084317,1807740,19,3634216
FIN000654,2021-09-01,2021,9,Q3,DEV0014,Select Group,18,19768716,16177174,10458315,5718858,35.35,2561339,3157519,19.52,12096824,74.78,2969470,3375699,1,5.56,8510226,2537574,519537,1098262,43,647086
FIN000655,2021-09-01,2021,9,Q3,DEV0015,Reportage Properties,18,18664758,17532519,12349679,5182839,29.56,2086782,3096057,17.66,14783653,84.32,4067320,2024658,1,5.56,8790231,3265121,1023281,1036931,21,701300
FIN000656,2021-09-01,2021,9,Q3,DEV0016,Samana Developers,26,41746250,35482429,23655531,11826897,33.33,3658903,8167994,23.02,22543572,63.53,8078505,4986960,3,11.54,19971738,4711867,2034954,1605625,6,1419297
FIN000657,2021-09-01,2021,9,Q3,DEV0017,Object 1,18,11323710,9895968,5505833,4390134,44.36,1133964,3256170,32.9,6556726,66.26,1993014,2256975,0,0.0,3902286,1942245,421225,629095,8,395838
FIN000658,2021-09-01,2021,9,Q3,DEV0018,Majid Al Futtaim,87,184929027,155806454,111934818,43871635,28.16,22787625,21084010,13.53,94812953,60.85,34984553,22016005,4,4.6,79185510,26004828,4893844,2125621,5,6232258
FIN000659,2021-09-01,2021,9,Q3,DEV0019,Dubai Properties,95,190831820,173244810,120795785,52449024,30.27,27281425,25167599,14.53,118148219,68.2,46185143,40898483,8,8.42,108626068,14511593,7799265,2008756,55,6929792
FIN000660,2021-09-01,2021,9,Q3,DEV0020,Meydan Group,112,237752032,208826643,130418901,78407741,37.55,34637874,43769867,20.96,170715688,81.75,51143174,40005145,8,7.14,113533511,30598454,11587449,2122786,11,8353065
FIN000661,2021-10-01,2021,10,Q4,DEV0001,Emaar Properties,112,264003488,216797111,133118196,83678914,38.6,38273146,45405768,20.94,179717794,82.9,47487121,44623351,11,9.82,100159874,22377465,7481583,2357174,2,8671884
FIN000662,2021-10-01,2021,10,Q4,DEV0002,DAMAC Properties,61,126183929,106215215,75377135,30838079,29.03,13377770,17460309,16.44,70050205,65.95,26675594,24763448,3,4.92,55790362,20094650,2852703,2068589,11,4248608
FIN000663,2021-10-01,2021,10,Q4,DEV0003,Aldar Properties,84,234823008,205977861,141742197,64235663,31.19,34773348,29462315,14.3,136267636,66.16,58421442,48746669,6,7.14,124208011,21858897,8009953,2795512,45,8239114
FIN000664,2021-10-01,2021,10,Q4,DEV0004,Nakheel,64,134810688,109604313,61108680,48495632,44.25,11699612,36796020,33.57,70095156,63.95,28013634,12646672,5,7.81,48073595,10130869,5166421,2106417,29,4384172
FIN000665,2021-10-01,2021,10,Q4,DEV0005,Meraas,65,91221195,81038733,55588111,25450621,31.41,8872828,16577793,20.46,61942393,76.44,22168842,15165237,4,6.15,45204924,8139556,4694757,1403403,4,3241549
FIN000666,2021-10-01,2021,10,Q4,DEV0006,Sobha Realty,96,247690944,218493468,141101311,77392156,35.42,24507646,52884510,24.2,158565160,72.57,45134286,36621309,2,2.08,99063585,39967698,6833735,2580114,23,8739738
FIN000667,2021-10-01,2021,10,Q4,DEV0007,Azizi Developments,50,81081800,73178288,51263226,21915061,29.95,7978051,13937010,19.05,56543520,77.27,11348663,15270776,4,8.0,44211683,10518196,2646116,1621636,37,2927131
FIN000668,2021-10-01,2021,10,Q4,DEV0008,Danube Properties,27,46925379,40278061,28130713,12147347,30.16,5397874,6749473,16.76,27410829,68.05,8105226,6246606,1,3.7,23512052,7118891,1878471,1737977,47,1611122
FIN000669,2021-10-01,2021,10,Q4,DEV0009,Binghatti,23,40574254,33679281,23947008,9732272,28.9,4402585,5329687,15.82,27610478,81.98,5875644,5896786,2,8.7,17746407,5751332,1806227,1764098,0,1347171
FIN000670,2021-10-01,2021,10,Q4,DEV0010,Ellington Properties,26,33596862,29044253,20426990,8617262,29.67,4808321,3808941,13.11,24664962,84.92,8383760,4704555,2,7.69,16556686,5435892,1256367,1292187,56,1161770
FIN000671,2021-10-01,2021,10,Q4,DEV0011,RAK Properties,30,42707730,39490028,27686146,11803881,29.89,5497800,6306081,15.97,26264601,66.51,6006917,5669029,1,3.33,21174533,5954896,1460818,1423591,55,1579601
FIN000672,2021-10-01,2021,10,Q4,DEV0012,Tiger Properties,44,67379928,60920484,39241696,21678787,35.59,10141664,11537123,18.94,41342558,67.86,17965728,10811066,1,2.27,27715820,6056582,2255245,1531362,14,2436819
FIN000673,2021-10-01,2021,10,Q4,DEV0013,Imtiaz Developments,50,67235050,56316533,34554902,21761630,38.64,8540384,13221246,23.48,34815380,61.82,12638491,12695986,5,10.0,24843654,11213558,1952364,1344701,18,2252661
FIN000674,2021-10-01,2021,10,Q4,DEV0014,Select Group,38,58101734,48556921,30563340,17993580,37.06,5020510,12973070,26.72,35678528,73.48,9678295,5766698,4,10.53,26012893,9170924,1271048,1528993,86,1942276
FIN000675,2021-10-01,2021,10,Q4,DEV0015,Reportage Properties,-13,-7907367,-6819471,-3969474,-2849996,41.79,-808502,-2041494,-204149400.0,-4889704,-488970400.0,-1384575,-1173163,-1,-100.0,-2868054,-660664,-346162,608259,37,-272778
FIN000676,2021-10-01,2021,10,Q4,DEV0016,Samana Developers,1,499275,420863,250057,170805,40.58,43597,127208,30.23,338298,80.38,67988,100484,0,0.0,199030,75166,24737,499275,5,16834
FIN000677,2021-10-01,2021,10,Q4,DEV0017,Object 1,-8,-4366088,-4051845,-2723478,-1328366,32.78,-657626,-670740,-67074000.0,-3402923,-340292300.0,-965478,-415385,0,0.0,-2147283,-460133,-155353,545761,13,-162073
FIN000678,2021-10-01,2021,10,Q4,DEV0018,Majid Al Futtaim,76,153166220,130951698,94191462,36760235,28.07,19306887,17453348,13.33,89887275,68.64,34206467,26268211,8,10.53,69792078,22992383,3836871,2015345,8,5238067
FIN000679,2021-10-01,2021,10,Q4,DEV0019,Dubai Properties,71,156276325,136219713,82091413,54128299,39.74,14982449,39145850,28.74,89613025,65.79,38570807,32614285,4,5.63,65153897,16448891,4120445,2201075,72,5448788
FIN000680,2021-10-01,2021,10,Q4,DEV0020,Meydan Group,69,126479691,113095564,74718975,38376588,33.93,14269142,24107446,21.32,83784864,74.08,25716682,11793405,6,8.7,58726937,14787088,4971874,1833039,17,4523822
FIN000681,2021-11-01,2021,11,Q4,DEV0001,Emaar Properties,79,200548373,180918353,123539980,57378372,31.72,28222149,29156223,16.12,143000366,79.04,35636236,40896649,6,7.59,103557397,34226337,9511098,2538587,7,7236734
FIN000682,2021-11-01,2021,11,Q4,DEV0002,DAMAC Properties,88,176661320,157307953,109389518,47918434,30.46,17787531,30130903,19.15,111571446,70.93,24285983,36468578,6,6.82,77011550,25324257,8296375,2007515,16,6292318
FIN000683,2021-11-01,2021,11,Q4,DEV0003,Aldar Properties,74,148274984,130866825,94073932,36792892,28.11,21682249,15110643,11.55,90045474,68.81,19909892,22018378,5,6.76,70960007,24705030,7003298,2003716,1,5234673
FIN000684,2021-11-01,2021,11,Q4,DEV0004,Nakheel,104,182534768,146952079,98639916,48312162,32.88,15960713,32351449,22.01,110514463,75.2,32711672,36575624,10,9.62,79299492,22650352,6196903,1755142,44,5878083
FIN000685,2021-11-01,2021,11,Q4,DEV0005,Meraas,57,134811441,126281715,76026485,50255229,39.8,17670305,32584924,25.8,103289790,81.79,24857534,19088822,2,3.51,68321346,18843818,3799552,2365113,25,5051268
FIN000686,2021-11-01,2021,11,Q4,DEV0006,Sobha Realty,70,167959120,141991065,84883040,57108024,40.22,19315455,37792569,26.62,108379088,76.33,35194008,21250502,4,5.71,60096644,15815223,8425264,2399416,26,5679642
FIN000687,2021-11-01,2021,11,Q4,DEV0007,Azizi Developments,46,58298744,54025200,38768804,15256395,28.24,8735897,6520498,12.07,38074371,70.48,10995124,6931648,5,10.87,28824404,5077667,1797963,1267364,46,2161008
FIN000688,2021-11-01,2021,11,Q4,DEV0008,Danube Properties,36,61758612,57931470,33012134,24919335,43.02,9014422,15904913,27.45,37095547,64.03,16428583,10963106,3,8.33,23231688,8044957,2181758,1715517,16,2317258
FIN000689,2021-11-01,2021,11,Q4,DEV0009,Binghatti,17,21472309,19957777,11270991,8686785,43.53,3546461,5140324,25.76,15519317,77.76,5309889,3798705,0,0.0,8155700,3097236,489496,1263077,17,798311
FIN000690,2021-11-01,2021,11,Q4,DEV0010,Ellington Properties,46,49749000,45196718,25962401,19234316,42.56,5352626,13881690,30.71,30576901,67.65,7808810,8114255,2,4.35,22267745,5066799,1992628,1081500,4,1807868
FIN000691,2021-11-01,2021,11,Q4,DEV0011,RAK Properties,20,24747880,22910304,15965421,6944882,30.31,3803954,3140928,13.71,17689160,77.21,5006110,5395515,2,10.0,12288023,2522047,1173368,1237394,1,916412
FIN000692,2021-11-01,2021,11,Q4,DEV0012,Tiger Properties,57,88238850,80616195,48514504,32101690,39.82,13826401,18275289,22.67,62886969,78.01,19480314,15835261,2,3.51,34771623,9214991,4718858,1548050,4,3224647
FIN000693,2021-11-01,2021,11,Q4,DEV0013,Imtiaz Developments,45,67948335,56857540,31842005,25015534,44.0,9758583,15256951,26.83,45020660,79.18,8783561,8970876,3,6.67,26697364,7013332,1708258,1509963,21,2274301
FIN000694,2021-11-01,2021,11,Q4,DEV0014,Select Group,40,66818640,56576621,34622884,21953736,38.8,6604460,15349276,27.13,40852723,72.21,11095674,13262527,1,2.5,30115001,8797328,2122553,1670466,8,2263064
FIN000695,2021-11-01,2021,11,Q4,DEV0015,Reportage Properties,1,914159,762235,446664,315570,41.4,97782,217788,28.57,517785,67.93,211530,104458,0,0.0,369313,91396,20003,914159,36,30489
FIN000696,2021-11-01,2021,11,Q4,DEV0016,Samana Developers,-7,-4179007,-3841355,-2318541,-1522813,39.64,-611026,-911787,-91178700.0,-2551214,-255121400.0,-897983,-910970,0,0.0,-1980942,-722742,-158157,597001,33,-153654
FIN000697,2021-11-01,2021,11,Q4,DEV0017,Object 1,30,39219900,31449576,22114742,9334833,29.68,5431265,3903568,12.41,22777065,72.42,9204823,3416315,1,3.33,17177308,5888025,1548524,1307330,13,1257983
FIN000698,2021-11-01,2021,11,Q4,DEV0018,Majid Al Futtaim,69,155642058,142497346,90692921,51804424,36.35,18700358,33104066,23.23,94987886,66.66,31800667,21952554,2,2.9,75073277,12432722,7930746,2255682,29,5699893
FIN000699,2021-11-01,2021,11,Q4,DEV0019,Dubai Properties,60,103193880,97905193,60600040,37305152,38.1,13473272,23831880,24.34,66463605,67.89,15104831,12364911,3,5.0,46013415,15022265,4042586,1719898,65,3916207
FIN000700,2021-11-01,2021,11,Q4,DEV0020,Meydan Group,84,221148816,181799865,115555367,66244497,36.44,28101794,38142703,20.98,130800299,71.95,47539418,29002183,3,3.57,84881079,18027193,8535733,2632724,47,7271994
FIN000701,2021-12-01,2021,12,Q4,DEV0001,Emaar Properties,82,204699306,169897166,93657648,76239517,44.87,26868857,49370660,29.06,113660600,66.9,39631189,21045607,7,8.54,66058613,21493811,5027005,2496333,0,6795886
FIN000702,2021-12-01,2021,12,Q4,DEV0002,DAMAC Properties,81,180639153,149401607,85697172,63704434,42.64,16930936,46773498,31.31,116791925,78.17,23231869,30628855,3,3.7,74043568,20847018,5028949,2230113,20,5976064
FIN000703,2021-12-01,2021,12,Q4,DEV0003,Aldar Properties,85,123471680,108197599,67423145,40774453,37.69,18393036,22381417,20.69,66039038,61.04,31577200,18341958,4,4.71,49239734,8990352,6251387,1452608,44,4327903
FIN000704,2021-12-01,2021,12,Q4,DEV0004,Nakheel,90,164256480,140577596,84459746,56117849,39.92,16943914,39173935,27.87,109134802,77.63,22474715,34909447,7,7.78,60774351,17971868,6654633,1825072,36,5623103
FIN000705,2021-12-01,2021,12,Q4,DEV0005,Meraas,95,203640290,172718034,100319310,72398723,41.92,21621479,50777244,29.4,141148984,81.72,37227771,42989839,5,5.26,88887118,24821163,7958830,2143582,18,6908721
FIN000706,2021-12-01,2021,12,Q4,DEV0006,Sobha Realty,73,159047655,129112278,84244543,44867734,34.75,20364782,24502952,18.98,104596436,81.01,28713604,13633958,6,8.22,75255891,22632571,6015067,2178735,3,5164491
FIN000707,2021-12-01,2021,12,Q4,DEV0007,Azizi Developments,33,55001397,44834589,25853082,18981506,42.34,7701797,11279709,25.16,29067011,64.83,12179130,4790795,2,6.06,19092380,4872033,1150396,1666709,8,1793383
FIN000708,2021-12-01,2021,12,Q4,DEV0008,Danube Properties,52,75179520,63798690,45175461,18623228,29.19,8077051,10546177,16.53,50809867,79.64,17248378,11917490,4,7.69,36314292,10920073,3392112,1445760,7,2551947
FIN000709,2021-12-01,2021,12,Q4,DEV0009,Binghatti,55,75862985,67251790,44941404,22310385,33.17,8932623,13377762,19.89,46316125,68.87,18069462,7013037,1,1.82,35346774,9128547,3532065,1379327,18,2690071
FIN000710,2021-12-01,2021,12,Q4,DEV0010,Ellington Properties,67,130416907,110819301,72972553,37846747,34.15,17072896,20773851,18.75,70889420,63.97,32221520,14498947,2,2.99,61689301,16342344,4148227,1946521,9,4432772
FIN000711,2021-12-01,2021,12,Q4,DEV0011,RAK Properties,35,36361850,32206949,22577099,9629849,29.9,5727733,3902116,12.12,19387968,60.2,7164575,5484307,3,8.57,19473117,2757926,1401426,1038910,4,1288277
FIN000712,2021-12-01,2021,12,Q4,DEV0012,Tiger Properties,21,30078510,27471089,16827784,10643304,38.74,3642125,7001179,25.49,20321135,73.97,6138689,4814270,0,0.0,12629181,3657546,989653,1432310,57,1098843
FIN000713,2021-12-01,2021,12,Q4,DEV0013,Imtiaz Developments,44,70536488,57656331,41402529,16253801,28.19,9619009,6634792,11.51,46873246,81.3,9004772,14271691,1,2.27,32725553,10659108,1794372,1603102,16,2306253
FIN000714,2021-12-01,2021,12,Q4,DEV0014,Select Group,33,40259538,32341672,22532705,9808966,30.33,3740135,6068831,18.76,20071017,62.06,6380191,4619937,1,3.03,20262186,4927676,1792616,1219986,19,1293666
FIN000715,2021-12-01,2021,12,Q4,DEV0015,Reportage Properties,8,6986488,5975986,3329783,2646202,44.28,798032,1848170,30.93,4887639,81.79,1152489,1187512,0,0.0,2699067,1187984,185447,873311,100,239039
FIN000716,2021-12-01,2021,12,Q4,DEV0016,Samana Developers,-10,-12672940,-10880456,-6441789,-4438666,40.79,-1239389,-3199277,-319927700.0,-6896926,-689692600.0,-2809905,-2222892,0,0.0,-5018659,-1017807,-515021,1267294,105,-435218
FIN000717,2021-12-01,2021,12,Q4,DEV0017,Object 1,17,17714697,14238821,10141016,4097804,28.78,1971102,2126702,14.94,10254263,72.02,4067016,2581550,2,11.76,7856580,1576634,566441,1042041,1,569552
FIN000718,2021-12-01,2021,12,Q4,DEV0018,Majid Al Futtaim,47,119110831,96537207,58407806,38129400,39.5,14602348,23527052,24.37,58981357,61.1,24341549,15784023,2,4.26,41505441,18712121,3335682,2534273,46,3861488
FIN000719,2021-12-01,2021,12,Q4,DEV0019,Dubai Properties,90,229875300,185949096,103056183,82892912,44.58,22092813,60800099,32.7,133012945,71.53,54250053,22100699,6,6.67,80698665,24789696,9829739,2554170,4,7437963
FIN000720,2021-12-01,2021,12,Q4,DEV0020,Meydan Group,74,188932064,165979285,96052778,69926506,42.13,17571950,52354556,31.54,108376792,65.3,30644708,35719578,2,2.7,68613402,31008344,7653946,2553136,3,6639171
FIN000721,2022-01-01,2022,1,Q1,DEV0001,Emaar Properties,84,187191900,161779458,115012692,46766765,28.91,18535462,28231303,17.45,127836683,79.02,42581724,33542306,7,8.33,90548268,26729111,4363833,2228475,7,6471178
FIN000722,2022-01-01,2022,1,Q1,DEV0002,DAMAC Properties,61,135144158,111789758,70845387,40944370,36.63,19803646,21140724,18.91,87288786,78.08,28319694,26004724,4,6.56,62963834,16583770,5707261,2215478,72,4471590
FIN000723,2022-01-01,2022,1,Q1,DEV0003,Aldar Properties,88,184566624,162051148,109877456,52173691,32.2,21227940,30945751,19.1,129057970,79.64,26290629,18666718,4,4.55,91740037,14351062,4748095,2097348,11,6482045
FIN000724,2022-01-01,2022,1,Q1,DEV0004,Nakheel,65,123182345,105871565,58457428,47414136,44.78,16299680,31114456,29.39,81610523,77.08,29399503,12450926,6,9.23,47769395,15663815,4597595,1895113,26,4234862
FIN000725,2022-01-01,2022,1,Q1,DEV0005,Meraas,53,132569801,115986129,70148584,45837544,39.52,17550892,28286652,24.39,80609059,69.5,17679771,23359337,4,7.55,54033093,11484743,4502380,2501317,21,4639445
FIN000726,2022-01-01,2022,1,Q1,DEV0006,Sobha Realty,95,131386615,120414774,68077863,52336910,43.46,18650076,33686834,27.98,82380069,68.41,20447552,18044160,7,7.37,54114712,22517396,3382445,1383017,37,4816590
FIN000727,2022-01-01,2022,1,Q1,DEV0007,Azizi Developments,34,52374654,42738214,25294522,17443691,40.82,6611307,10832384,25.35,34357951,80.39,11474363,6203974,3,8.82,18114627,4491548,1966893,1540431,26,1709528
FIN000728,2022-01-01,2022,1,Q1,DEV0008,Danube Properties,68,160787496,135209823,96108083,39101739,28.92,16046414,23055325,17.05,96478940,71.35,35583754,31155214,7,10.29,86481881,19671154,5115112,2364522,6,5408392
FIN000729,2022-01-01,2022,1,Q1,DEV0009,Binghatti,55,54297265,47393941,32494851,14899089,31.44,7332058,7567031,15.97,38291692,80.79,12112173,10196378,4,7.27,25641912,7237188,1052495,987223,5,1895757
FIN000730,2022-01-01,2022,1,Q1,DEV0010,Ellington Properties,43,74565225,66868366,38466621,28401744,42.47,9903796,18497948,27.66,55622719,83.18,18786603,9273380,4,9.3,32873358,7597043,2262152,1734075,10,2674734
FIN000731,2022-01-01,2022,1,Q1,DEV0011,RAK Properties,28,47414192,44501372,25368220,19133151,42.99,6971181,12161970,27.33,29416068,66.1,8961991,7131832,1,3.57,19949665,7664746,1109510,1693364,2,1780054
FIN000732,2022-01-01,2022,1,Q1,DEV0012,Tiger Properties,26,29188146,25763076,18159764,7603311,29.51,3995875,3607436,14.0,20866717,80.99,3953329,5760344,1,3.85,14519851,3281725,1277970,1122621,40,1030523
FIN000733,2022-01-01,2022,1,Q1,DEV0013,Imtiaz Developments,51,46760676,44084096,24453645,19630450,44.53,6830927,12799523,29.03,29795504,67.59,11976371,9925935,5,9.8,19515360,5546949,1325514,916876,4,1763363
FIN000734,2022-01-01,2022,1,Q1,DEV0014,Select Group,33,58742211,54319876,36531478,17788397,32.75,9024224,8764173,16.13,34394982,63.32,9697250,11388344,1,3.03,27412784,10178739,2121528,1780067,4,2172795
FIN000735,2022-01-01,2022,1,Q1,DEV0015,Reportage Properties,3,3248496,2701560,1727161,974398,36.07,454685,519713,19.24,2276641,84.27,685531,283905,0,0.0,1306979,254016,75661,1082832,11,108062
FIN000736,2022-01-01,2022,1,Q1,DEV0016,Samana Developers,8,3132280,2952641,1984687,967953,32.78,436696,531257,17.99,1903455,64.47,654172,673405,0,0.0,1630500,574817,81498,391535,132,118105
FIN000737,2022-01-01,2022,1,Q1,DEV0017,Object 1,45,42326865,38668735,27297065,11371669,29.41,4318959,7052710,18.24,23444428,60.63,10746488,4741249,2,4.44,22452899,6952919,1515836,940597,3,1546749
FIN000738,2022-01-01,2022,1,Q1,DEV0018,Majid Al Futtaim,89,250716649,207274685,139875044,67399640,32.52,24828673,42570967,20.54,148228079,71.51,44035734,49128011,6,6.74,122447914,39926229,6000952,2817041,31,8290987
FIN000739,2022-01-01,2022,1,Q1,DEV0019,Dubai Properties,89,225176942,197381945,135298979,62082965,31.45,34567111,27515854,13.94,158152512,80.13,47846188,48896445,10,11.24,110478041,22671635,11159155,2530078,7,7895277
FIN000740,2022-01-01,2022,1,Q1,DEV0020,Meydan Group,106,237028296,214218139,130013709,84204429,39.31,27941801,56262628,26.26,155173599,72.44,35597920,48861679,9,8.49,94802116,29453817,4325565,2236116,46,8568725
FIN000741,2022-02-01,2022,2,Q1,DEV0001,Emaar Properties,70,161166250,136913629,95534194,41379434,30.22,19700999,21678435,15.83,93824549,68.53,34455416,25576980,2,2.86,69599260,18674303,4926290,2302375,11,5476545
FIN000742,2022-02-01,2022,2,Q1,DEV0002,DAMAC Properties,91,223015065,209594274,129806996,79787277,38.07,32910027,46877250,22.37,161784253,77.19,33216042,41147652,3,3.3,108320752,18395791,10736184,2450715,48,8383770
FIN000743,2022-02-01,2022,2,Q1,DEV0003,Aldar Properties,67,157037414,141418626,91979550,49439075,34.96,18471741,30967334,21.9,91646504,64.81,39186874,17102878,4,5.97,75740432,25967467,3924858,2343842,6,5656745
FIN000744,2022-02-01,2022,2,Q1,DEV0004,Nakheel,61,153246152,129624589,91858916,37765672,29.13,18753631,19012041,14.67,110048031,84.9,20778899,15093262,3,4.92,81980003,20955689,3176373,2512232,11,5184983
FIN000745,2022-02-01,2022,2,Q1,DEV0005,Meraas,77,220849090,180852441,115244960,65607480,36.28,22654826,42952654,23.75,110080294,60.87,36070930,25088273,8,10.39,81527897,22815774,8335264,2868170,10,7234097
FIN000746,2022-02-01,2022,2,Q1,DEV0006,Sobha Realty,81,158396553,149069590,93381402,55688187,37.36,25361778,30326409,20.34,101797860,68.29,42045380,24139087,4,4.94,83924523,17841880,7686875,1955513,49,5962783
FIN000747,2022-02-01,2022,2,Q1,DEV0007,Azizi Developments,16,23046192,21334806,13385875,7948930,37.26,2451167,5497763,25.77,17624167,82.61,4532159,2343107,0,0.0,10919851,2091174,1090222,1440387,43,853392
FIN000748,2022-02-01,2022,2,Q1,DEV0008,Danube Properties,20,29352140,27112789,18414275,8698513,32.08,4053709,4644804,17.13,19905084,73.42,6326011,4899213,2,10.0,14514861,3119416,664363,1467607,30,1084511
FIN000749,2022-02-01,2022,2,Q1,DEV0009,Binghatti,41,69853955,63541955,37970535,25571419,40.24,7093138,18478281,29.08,51051620,80.34,18856375,11331089,3,7.32,26754279,5208616,3631455,1703755,0,2541678
FIN000750,2022-02-01,2022,2,Q1,DEV0010,Ellington Properties,24,31572120,29808848,21122533,8686314,29.14,5078434,3607880,12.1,21479675,72.06,7972358,5232134,1,4.17,17099318,2821967,1727221,1315505,7,1192353
FIN000751,2022-02-01,2022,2,Q1,DEV0011,RAK Properties,16,20944080,19418949,12886173,6532775,33.64,2548303,3984472,20.52,14571948,75.04,4025803,3215228,1,6.25,10911015,2675777,868206,1309005,10,776757
FIN000752,2022-02-01,2022,2,Q1,DEV0012,Tiger Properties,42,56480424,52982317,29825388,23156928,43.71,6934511,16222417,30.62,39175754,73.94,11120925,6727696,2,4.76,21477647,5062920,1677365,1344772,20,2119292
FIN000753,2022-02-01,2022,2,Q1,DEV0013,Imtiaz Developments,42,85438248,68612307,46317756,22294550,32.49,11737630,10556920,15.39,45265420,65.97,11950929,9956378,2,4.76,34020574,8430344,2978430,2034244,3,2744492
FIN000754,2022-02-01,2022,2,Q1,DEV0014,Select Group,76,113901884,97566023,59652798,37913224,38.86,13702899,24210325,24.81,80058262,82.06,15776003,16892929,4,5.26,52521187,13190315,4448654,1498709,5,3902640
FIN000755,2022-02-01,2022,2,Q1,DEV0015,Reportage Properties,40,48129200,45596342,29061756,16534585,36.26,6734161,9800424,21.49,34288755,75.2,12454947,6924478,1,2.5,25462894,7858575,1553046,1203230,13,1823853
FIN000756,2022-02-01,2022,2,Q1,DEV0016,Samana Developers,41,49924060,46965700,32776781,14188918,30.21,5234087,8954831,19.07,32562802,69.33,11752988,5865090,1,2.44,23761918,6752808,1104111,1217660,59,1878628
FIN000757,2022-02-01,2022,2,Q1,DEV0017,Object 1,3,1666479,1368817,883338,485478,35.47,218325,267153,19.52,1021847,74.65,369603,210689,0,0.0,667911,223813,63360,555493,28,54752
FIN000758,2022-02-01,2022,2,Q1,DEV0018,Majid Al Futtaim,80,188580400,178270998,117983602,60287395,33.82,27962094,32325301,18.13,139046838,78.0,40549863,26466081,7,8.75,87612092,31936190,5272618,2357255,18,7130839
FIN000759,2022-02-01,2022,2,Q1,DEV0019,Dubai Properties,54,129573324,120669328,69497989,51171338,42.41,16300521,34870817,28.9,94564428,78.37,33621220,17703939,3,5.56,50938174,11081995,2743531,2399506,20,4826773
FIN000760,2022-02-01,2022,2,Q1,DEV0020,Meydan Group,81,173970909,153477745,97586548,55891196,36.42,19473727,36417469,23.73,95511197,62.23,33423075,23963307,2,2.47,83246860,21809100,5537425,2147789,10,6139109
FIN000761,2022-03-01,2022,3,Q1,DEV0001,Emaar Properties,73,163936027,140494873,100674511,39820361,28.34,23872456,15947905,11.35,111959502,79.69,21137678,22986462,8,10.96,79132709,14808180,5453698,2245699,12,5619794
FIN000762,2022-03-01,2022,3,Q1,DEV0002,DAMAC Properties,77,166495791,154988607,99113252,55875354,36.05,21065480,34809874,22.46,123568733,79.73,30524591,28973825,6,7.79,78142713,17245250,3589403,2162283,1,6199544
FIN000763,2022-03-01,2022,3,Q1,DEV0003,Aldar Properties,59,149534556,126845448,81911004,44934443,35.42,21444755,23489688,18.52,90078002,71.01,36866196,14421579,6,10.17,61964459,10676249,6451719,2534484,6,5073817
FIN000764,2022-03-01,2022,3,Q1,DEV0004,Nakheel,53,127421646,115691066,68439285,47251780,40.84,14874198,32377582,27.99,74813335,64.67,19443049,20556133,3,5.66,59870220,16930343,6848329,2404182,30,4627642
FIN000765,2022-03-01,2022,3,Q1,DEV0005,Meraas,79,158488615,138389959,94193138,44196820,31.94,18074792,26122028,18.88,109216120,78.92,37102605,32089121,5,6.33,72222186,23999391,6300403,2006185,32,5535598
FIN000766,2022-03-01,2022,3,Q1,DEV0006,Sobha Realty,106,222751262,189670551,134100771,55569779,29.3,32843308,22726471,11.98,148140697,78.1,31169213,45253680,12,11.32,97333144,31526206,7352864,2101427,5,7586822
FIN000767,2022-03-01,2022,3,Q1,DEV0007,Azizi Developments,32,49334592,41652994,23178477,18474516,44.35,6845807,11628709,27.92,29038396,69.72,10087541,5665126,3,9.38,17460257,4300319,2458056,1541706,112,1666119
FIN000768,2022-03-01,2022,3,Q1,DEV0008,Danube Properties,34,72316062,63818292,41809432,22008859,34.49,9581197,12427662,19.47,51038040,79.97,9742467,14319983,1,2.94,33818542,7752517,3036258,2126943,32,2552731
FIN000769,2022-03-01,2022,3,Q1,DEV0009,Binghatti,37,32236731,27616860,15273607,12343252,44.69,4522025,7821227,28.32,17274267,62.55,4646402,6798728,1,2.7,11538459,3444729,1410276,871263,45,1104674
FIN000770,2022-03-01,2022,3,Q1,DEV0010,Ellington Properties,24,35358240,28337608,18788444,9549163,33.7,4852761,4696402,16.57,19120985,67.48,5272781,3822292,2,8.33,14855145,5590203,1014298,1473260,5,1133504
FIN000771,2022-03-01,2022,3,Q1,DEV0011,RAK Properties,43,54753491,44855351,26530216,18325134,40.85,7636235,10688899,23.83,35375345,78.87,10874371,8264324,4,9.3,20816782,5489837,955292,1273337,16,1794214
FIN000772,2022-03-01,2022,3,Q1,DEV0012,Tiger Properties,69,139094340,112255718,64815797,47439920,42.26,14718634,32721286,29.15,74323998,66.21,25467981,18953955,5,7.25,56358346,13239767,3472894,2015860,64,4490228
FIN000773,2022-03-01,2022,3,Q1,DEV0013,Imtiaz Developments,47,50893574,42756438,26298419,16458018,38.49,7375582,9082436,21.24,25902471,60.58,12535485,4341652,2,4.26,19027755,5378521,1040122,1082842,24,1710257
FIN000774,2022-03-01,2022,3,Q1,DEV0014,Select Group,39,85879482,72858026,44024504,28833521,39.57,11846332,16987189,23.32,61224940,84.03,13223166,16288965,2,5.13,33231738,10332790,3142075,2202038,2,2914321
FIN000775,2022-03-01,2022,3,Q1,DEV0015,Reportage Properties,2,1429072,1340905,761509,579395,43.21,233749,345646,25.78,1136965,84.79,268533,206178,0,0.0,557304,139634,51071,714536,44,53636
FIN000776,2022-03-01,2022,3,Q1,DEV0016,Samana Developers,10,9383630,7912268,5294740,2617527,33.08,954637,1662890,21.02,5595783,70.72,1822959,1292471,0,0.0,3768233,1212395,217062,938363,110,316490
FIN000777,2022-03-01,2022,3,Q1,DEV0017,Object 1,17,10854772,9125598,5120640,4004957,43.89,1201168,2803789,30.72,5525180,60.55,1548579,2059755,0,0.0,3859477,1362761,373879,638516,14,365023
FIN000778,2022-03-01,2022,3,Q1,DEV0018,Majid Al Futtaim,76,161698056,131934073,83729264,48204808,36.54,15747654,32457154,24.6,84486861,64.04,29967308,16892437,7,9.21,65811533,23612975,2888118,2127606,13,5277362
FIN000779,2022-03-01,2022,3,Q1,DEV0019,Dubai Properties,87,185273808,162293906,116089144,46204761,28.47,22129832,24074929,14.83,113949484,70.21,36002396,33519073,9,10.34,82838773,19566217,4745237,2129584,20,6491756
FIN000780,2022-03-01,2022,3,Q1,DEV0020,Meydan Group,67,149911428,136407663,85115251,51292411,37.6,19295360,31997051,23.46,107824770,79.05,26283292,24402980,5,7.46,68824552,13699106,7993956,2237484,54,5456306
FIN000781,2022-04-01,2022,4,Q2,DEV0001,Emaar Properties,74,155015200,134120188,94538894,39581293,29.51,22123811,17457482,13.02,111063369,82.81,29027062,27567330,8,10.81,84560860,13662971,7702590,2094800,6,5364807
FIN000782,2022-04-01,2022,4,Q2,DEV0002,DAMAC Properties,76,184324852,157907965,97223782,60684182,38.43,18301317,42382865,26.84,128816459,81.58,43578677,30213418,7,9.21,79766760,22179387,8656041,2425327,3,6316318
FIN000783,2022-04-01,2022,4,Q2,DEV0003,Aldar Properties,88,231818312,213251981,127964940,85287040,39.99,21798504,63488536,29.77,172942713,81.1,48886580,44431268,5,5.68,96585840,35715979,7332984,2634299,15,8530079
FIN000784,2022-04-01,2022,4,Q2,DEV0004,Nakheel,101,243397072,214410278,138675943,75734334,35.32,25328371,50405963,23.51,158772057,74.05,55463868,31817727,5,4.95,122641172,27353223,5774464,2409872,51,8576411
FIN000785,2022-04-01,2022,4,Q2,DEV0005,Meraas,86,181152722,154637406,95892147,58745258,37.99,18125072,40620186,26.27,110582822,71.51,40841530,17344079,3,3.49,70349702,19802912,4612361,2106427,12,6185496
FIN000786,2022-04-01,2022,4,Q2,DEV0006,Sobha Realty,85,177697430,163032299,95627741,67404557,41.34,23189404,44215153,27.12,97822883,60.0,37914956,27359946,4,4.71,69614342,15146404,6607069,2090558,10,6521291
FIN000787,2022-04-01,2022,4,Q2,DEV0007,Azizi Developments,24,38521752,35404751,20038282,15366468,43.4,5761455,9605013,27.13,28611580,80.81,7670770,7985682,2,8.33,17092611,6314645,1663266,1605073,11,1416190
FIN000788,2022-04-01,2022,4,Q2,DEV0008,Danube Properties,24,39797784,31892525,22074939,9817585,30.78,4055717,5761868,18.07,24454615,76.68,8996187,3430409,0,0.0,17177687,2604119,1389487,1658241,4,1275701
FIN000789,2022-04-01,2022,4,Q2,DEV0009,Binghatti,37,35813077,32327120,21708053,10619066,32.85,5251925,5367141,16.6,23337799,72.19,8953306,3798981,1,2.7,18333885,6210767,1604220,967921,47,1293084
FIN000790,2022-04-01,2022,4,Q2,DEV0010,Ellington Properties,34,59695534,48005626,27782777,20222848,42.13,8576559,11646289,24.26,29249192,60.93,9918696,5141058,3,8.82,22522281,7538952,1023177,1755751,44,1920225
FIN000791,2022-04-01,2022,4,Q2,DEV0011,RAK Properties,16,20313648,16527757,11403509,5124247,31.0,2717007,2407240,14.56,10079726,60.99,4236400,3584317,1,6.25,9053720,2196222,604595,1269603,5,661110
FIN000792,2022-04-01,2022,4,Q2,DEV0012,Tiger Properties,29,48107172,45264481,25132822,20131658,44.48,7094891,13036767,28.8,35537183,78.51,11732523,7464901,1,3.45,22614403,4384228,2656546,1658868,2,1810579
FIN000793,2022-04-01,2022,4,Q2,DEV0013,Imtiaz Developments,65,102536395,90592471,55595451,34997019,38.63,13376729,21620290,23.87,57165819,63.1,13617190,13058154,7,10.77,45706867,10552217,4810845,1577483,51,3623698
FIN000794,2022-04-01,2022,4,Q2,DEV0014,Select Group,19,38890093,33700184,22670189,11029994,32.73,3395096,7634898,22.66,22190939,65.85,8130169,6613977,0,0.0,16642324,4979427,1035190,2046847,5,1348007
FIN000795,2022-04-01,2022,4,Q2,DEV0015,Reportage Properties,53,35843211,29597144,20856630,8740513,29.53,4232577,4507936,15.23,17978453,60.74,8833441,6942851,1,1.89,15926030,5662690,599957,676287,15,1183885
FIN000796,2022-04-01,2022,4,Q2,DEV0016,Samana Developers,17,9630925,9024890,5688973,3335916,36.96,1364869,1971047,21.84,7357070,81.52,2548416,1067749,0,0.0,4147231,886840,517062,566525,25,360995
FIN000797,2022-04-01,2022,4,Q2,DEV0017,Object 1,6,1482744,1344017,917204,426812,31.76,199262,227550,16.93,1071607,79.73,393242,222846,0,0.0,806361,153767,58635,247124,42,53760
FIN000798,2022-04-01,2022,4,Q2,DEV0018,Majid Al Futtaim,116,271482340,241839875,170460562,71379312,29.52,35364982,36014330,14.89,180538773,74.65,54748180,54877803,9,7.76,122938041,41870505,9889614,2340365,54,9673595
FIN000799,2022-04-01,2022,4,Q2,DEV0019,Dubai Properties,96,176155776,155519939,107443837,48076101,30.91,22181236,25894865,16.65,123305749,79.29,34253533,37217957,2,2.08,88643451,22701831,7030613,1834956,10,6220797
FIN000800,2022-04-01,2022,4,Q2,DEV0020,Meydan Group,94,187533854,170397415,102135978,68261436,40.06,26672824,41588612,24.41,113772518,66.77,30017393,23952124,4,4.26,84081941,32410347,4432225,1995041,21,6815896
FIN000801,2022-05-01,2022,5,Q2,DEV0001,Emaar Properties,70,150863930,132140566,78852860,53287705,40.33,17104224,36183481,27.38,82206238,62.21,28338490,26157034,5,7.14,57709765,15611356,5929432,2155199,12,5285622
FIN000802,2022-05-01,2022,5,Q2,DEV0002,DAMAC Properties,93,212986182,181452234,107472136,73980097,40.77,19414728,54565369,30.07,110451543,60.87,37004802,37917708,6,6.45,79688325,18535389,6454280,2290174,5,7258089
FIN000803,2022-05-01,2022,5,Q2,DEV0003,Aldar Properties,72,153105336,135796537,96066742,39729794,29.26,22794785,16935009,12.47,84669134,62.35,34410263,25963119,4,5.56,79342668,21967633,7131446,2126463,47,5431861
FIN000804,2022-05-01,2022,5,Q2,DEV0004,Nakheel,75,228109950,214114327,129819536,84294790,39.37,22977235,61317555,28.64,165556919,77.32,36650138,45211341,7,9.33,100216164,18131289,9386940,3041466,13,8564573
FIN000805,2022-05-01,2022,5,Q2,DEV0005,Meraas,108,279646128,231173360,159724604,71448755,30.91,24222896,47225859,20.43,166387883,71.98,52853075,46049573,8,7.41,141108328,34403362,12778154,2589316,4,9246934
FIN000806,2022-05-01,2022,5,Q2,DEV0006,Sobha Realty,62,147294764,130016417,93261019,36755397,28.27,15591697,21163700,16.28,91527708,70.4,22648738,23466460,3,4.84,82918141,22136573,5895159,2375722,9,5200656
FIN000807,2022-05-01,2022,5,Q2,DEV0007,Azizi Developments,47,52146359,43175521,25586731,17588789,40.74,4514025,13074764,30.28,26532075,61.45,12227152,6628888,1,2.13,20509321,8563870,1352914,1109497,16,1727020
FIN000808,2022-05-01,2022,5,Q2,DEV0008,Danube Properties,61,73250264,65654003,38513292,27140710,41.34,8632804,18507906,28.19,51949715,79.13,12787035,10039108,3,4.92,32474143,7011202,3919101,1200824,7,2626160
FIN000809,2022-05-01,2022,5,Q2,DEV0009,Binghatti,30,38678280,33726829,21311751,12415077,36.81,3612122,8802955,26.1,24769556,73.44,6962267,6810451,1,3.33,18534689,2920916,692921,1289276,13,1349073
FIN000810,2022-05-01,2022,5,Q2,DEV0010,Ellington Properties,37,64973517,57338003,39937079,17400923,30.35,6947588,10453335,18.23,41256496,71.95,15705435,11542539,1,2.7,33333707,9597610,2251153,1756041,5,2293520
FIN000811,2022-05-01,2022,5,Q2,DEV0011,RAK Properties,23,25277046,21971369,14277582,7693786,35.02,3400770,4293016,19.54,15182882,69.1,4323384,2464354,2,8.7,12172541,1941380,483819,1099002,5,878854
FIN000812,2022-05-01,2022,5,Q2,DEV0012,Tiger Properties,23,37123564,30458879,17139426,13319452,43.73,4301968,9017484,29.61,23229482,76.27,7789914,6685299,2,8.7,14036809,5304041,650989,1614068,10,1218355
FIN000813,2022-05-01,2022,5,Q2,DEV0013,Imtiaz Developments,50,61500650,50715760,29343231,21372528,42.14,5813394,15559134,30.68,40380717,79.62,9695156,7772811,5,10.0,25413217,9534303,2966546,1230013,49,2028630
FIN000814,2022-05-01,2022,5,Q2,DEV0014,Select Group,47,95963519,78838919,49199631,29639287,37.59,9220526,20418761,25.9,61234314,77.67,15986318,12711694,4,8.51,34716305,12333811,2948245,2041777,37,3153556
FIN000815,2022-05-01,2022,5,Q2,DEV0015,Reportage Properties,-9,-11339901,-10203481,-5618128,-4585352,44.94,-1430779,-3154573,-315457300.0,-6347908,-634790800.0,-2426114,-2010303,0,0.0,-4553770,-1176860,-303258,1259989,48,-408139
FIN000816,2022-05-01,2022,5,Q2,DEV0016,Samana Developers,8,10594800,8480088,4787858,3692229,43.54,1322104,2370125,27.95,6827543,80.51,2226047,888150,0,0.0,3535704,1462546,247332,1324350,37,339203
FIN000817,2022-05-01,2022,5,Q2,DEV0017,Object 1,4,1538196,1259227,731403,527823,41.92,192872,334951,26.6,798981,63.45,241162,277666,0,0.0,565555,178482,48812,384549,11,50369
FIN000818,2022-05-01,2022,5,Q2,DEV0018,Majid Al Futtaim,68,130946036,108725858,78129604,30596253,28.14,12118290,18477963,17.0,80626842,74.16,17591277,25257173,6,8.82,64315408,10027357,3909175,1925677,60,4349034
FIN000819,2022-05-01,2022,5,Q2,DEV0019,Dubai Properties,86,165992642,141132978,88874417,52258560,37.03,20253903,32004657,22.68,111251500,78.83,40911241,26695856,5,5.81,64293410,24316996,6201756,1930147,86,5645319
FIN000820,2022-05-01,2022,5,Q2,DEV0020,Meydan Group,77,137776716,127507537,70304063,57203473,44.86,14027137,43176336,33.86,85100093,66.74,23563170,17974509,5,6.49,56488691,13182292,4768092,1789308,125,5100301
FIN000821,2022-06-01,2022,6,Q2,DEV0001,Emaar Properties,107,259689000,240675271,155988958,84686312,35.19,33993821,50692491,21.06,169249186,70.32,54289787,46041513,3,2.8,123035290,35061624,8251249,2427000,13,9627010
FIN000822,2022-06-01,2022,6,Q2,DEV0002,DAMAC Properties,97,217337133,200510880,118550580,81960299,40.88,28305719,53654580,26.76,165210698,82.39,33487129,25841041,4,4.12,93627930,27108252,10651574,2240589,9,8020435
FIN000823,2022-06-01,2022,6,Q2,DEV0003,Aldar Properties,77,176936760,157726525,97581839,60144685,38.13,26728040,33416645,21.19,131568356,83.42,41545126,35612897,3,3.9,72982585,19865439,9272893,2297880,32,6309061
FIN000824,2022-06-01,2022,6,Q2,DEV0004,Nakheel,52,127450700,106168274,62601788,43566485,41.04,15049489,28516996,26.86,84102805,79.22,31249491,14983869,5,9.62,46337802,17870704,3342858,2450975,0,4246730
FIN000825,2022-06-01,2022,6,Q2,DEV0005,Meraas,75,153974025,127843543,74767517,53076025,41.52,19854612,33221413,25.99,80107176,62.66,32148824,14618384,8,10.67,61374581,14256350,2790499,2052987,5,5113741
FIN000826,2022-06-01,2022,6,Q2,DEV0006,Sobha Realty,86,178681684,160661003,91274256,69386746,43.19,25727469,43659277,27.17,127329318,79.25,43673648,22516077,4,4.65,65272594,20192760,3672343,2077694,29,6426440
FIN000827,2022-06-01,2022,6,Q2,DEV0007,Azizi Developments,43,53223465,43690468,24069317,19621150,44.91,7289401,12331749,28.23,32771252,75.01,11439524,10913808,2,4.65,18603434,7329130,2063428,1237755,12,1747618
FIN000828,2022-06-01,2022,6,Q2,DEV0008,Danube Properties,56,71548456,66884751,47282108,19602642,29.31,11298743,8303899,12.42,40858738,61.09,13947832,13704938,3,5.36,35530256,11357729,3528777,1277651,45,2675390
FIN000829,2022-06-01,2022,6,Q2,DEV0009,Binghatti,23,46385687,40634896,25451111,15183784,37.37,6219795,8963989,22.06,32053837,78.88,10928261,9491559,2,8.7,19751694,5230371,947418,2016769,18,1625395
FIN000830,2022-06-01,2022,6,Q2,DEV0010,Ellington Properties,28,30708972,28038202,15725960,12312241,43.91,3026067,9286174,33.12,16967369,60.52,7731170,6115203,1,3.57,11511062,5242082,1133310,1096749,51,1121528
FIN000831,2022-06-01,2022,6,Q2,DEV0011,RAK Properties,49,58688966,51126403,32807784,18318618,35.83,7524892,10793726,21.11,31416056,61.45,9039656,7147777,3,6.12,25474570,7147206,2606254,1197734,3,2045056
FIN000832,2022-06-01,2022,6,Q2,DEV0012,Tiger Properties,27,46520595,40949574,26146011,14803562,36.15,5733781,9069781,22.15,31524944,76.98,8768055,9828593,2,7.41,20274230,4561910,2058739,1722985,0,1637982
FIN000833,2022-06-01,2022,6,Q2,DEV0013,Imtiaz Developments,65,99697390,81771671,57261370,24510300,29.97,8639770,15870530,19.41,50878585,62.22,24386644,19678117,3,4.62,40411254,8679807,3754058,1533806,4,3270866
FIN000834,2022-06-01,2022,6,Q2,DEV0014,Select Group,47,51913192,44552200,28167840,16384359,36.78,5519691,10864668,24.39,29369016,65.92,8184655,8955544,2,4.26,23947966,5652385,1768089,1104536,21,1782088
FIN000835,2022-06-01,2022,6,Q2,DEV0015,Reportage Properties,-26,-13648700,-11962244,-7383523,-4578720,38.28,-1637768,-2940952,-294095200.0,-8657029,-865702900.0,-1815440,-1741039,-1,-100.0,-5420448,-2381911,-623933,524950,7,-478489
FIN000836,2022-06-01,2022,6,Q2,DEV0016,Samana Developers,25,18076525,16138269,9939630,6198638,38.41,2387274,3811364,23.62,12342511,76.48,2889416,2918661,2,8.0,8472871,1311031,879791,723061,19,645530
FIN000837,2022-06-01,2022,6,Q2,DEV0017,Object 1,19,20651157,16635422,10353243,6282178,37.76,1823326,4458852,26.8,13661328,82.12,4499020,2072734,1,5.26,8718464,3255151,398333,1086903,0,665416
FIN000838,2022-06-01,2022,6,Q2,DEV0018,Majid Al Futtaim,110,256203420,221582805,149227154,72355650,32.65,27879670,44475980,20.07,183694055,82.9,34111998,53286175,8,7.27,107407246,19956888,7078031,2329122,5,8863312
FIN000839,2022-06-01,2022,6,Q2,DEV0019,Dubai Properties,75,136385625,110700758,72840791,37859966,34.2,15108733,22751233,20.55,70079921,63.31,20305686,18840445,3,4.0,58863184,22002745,5561076,1818475,21,4428030
FIN000840,2022-06-01,2022,6,Q2,DEV0020,Meydan Group,102,210912132,180049408,125439285,54610122,30.33,23785316,30824806,17.12,118296700,65.7,28349232,42182954,7,6.86,89934267,19971000,9301759,2067766,78,7201976
FIN000841,2022-07-01,2022,7,Q3,DEV0001,Emaar Properties,73,161557906,132267867,84440399,47827467,36.16,17822440,30005027,22.69,85599894,64.72,29243509,17172767,4,5.48,69428110,24418097,5976313,2213122,19,5290714
FIN000842,2022-07-01,2022,7,Q3,DEV0002,DAMAC Properties,64,158945024,147534860,83465300,64069559,43.43,19131971,44937588,30.46,122758544,83.21,26221489,32118162,2,3.12,61874305,17019180,3992151,2483516,28,5901394
FIN000843,2022-07-01,2022,7,Q3,DEV0003,Aldar Properties,87,147311880,127028520,89712335,37316184,29.38,18477758,18838426,14.83,100470926,79.09,34085652,25224166,5,5.75,67540726,15815605,5313016,1693240,67,5081140
FIN000844,2022-07-01,2022,7,Q3,DEV0004,Nakheel,49,64809164,59823066,34676651,25146414,42.03,6856395,18290019,30.57,43964284,73.49,11709088,11894275,4,8.16,26006479,8983715,2877709,1322636,17,2392922
FIN000845,2022-07-01,2022,7,Q3,DEV0005,Meraas,77,155645798,126779587,75389020,51390566,40.54,16523542,34867024,27.5,82011181,64.69,25375386,19163768,7,9.09,58658449,13204837,2612538,2021374,20,5071183
FIN000846,2022-07-01,2022,7,Q3,DEV0006,Sobha Realty,99,251287047,226399095,137406937,88992157,39.31,29815586,59176571,26.14,141589697,62.54,40127449,51020249,7,7.07,105462532,36844359,12410855,2538253,65,9055963
FIN000847,2022-07-01,2022,7,Q3,DEV0007,Azizi Developments,30,39654660,33933306,21116078,12817227,37.77,4393087,8424140,24.83,21908728,64.56,10115115,5617025,2,6.67,16325080,6446876,1408486,1321822,8,1357332
FIN000848,2022-07-01,2022,7,Q3,DEV0008,Danube Properties,10,11605460,9766469,5876495,3889973,39.83,1244377,2645596,27.09,7199381,73.72,1746608,1198832,1,10.0,4496734,1889410,241683,1160546,8,390658
FIN000849,2022-07-01,2022,7,Q3,DEV0009,Binghatti,18,31361544,28964247,20330655,8633591,29.81,4605203,4028388,13.91,18429842,63.63,4895257,6364871,1,5.56,17362190,3396155,1465226,1742308,1,1158569
FIN000850,2022-07-01,2022,7,Q3,DEV0010,Ellington Properties,32,43818016,35129173,21271924,13857248,39.45,5145175,8712073,24.8,24733316,70.41,7662537,4036401,2,6.25,18471648,5268170,1301512,1369313,22,1405166
FIN000851,2022-07-01,2022,7,Q3,DEV0011,RAK Properties,24,34101912,29502097,17300363,12201733,41.36,3291688,8910045,30.2,24448464,82.87,8836325,4074815,2,8.33,13433712,3130559,1230906,1420913,44,1180083
FIN000852,2022-07-01,2022,7,Q3,DEV0012,Tiger Properties,44,95431512,85761247,48414964,37346282,43.55,12394396,24951886,29.09,52509647,61.23,18423203,15501320,3,6.82,34461282,9970869,5033384,2168898,18,3430449
FIN000853,2022-07-01,2022,7,Q3,DEV0013,Imtiaz Developments,56,64983520,60910463,41350357,19560105,32.11,8406742,11153363,18.31,48264790,79.24,11467749,7065069,3,5.36,31433960,11499981,1232241,1160420,4,2436418
FIN000854,2022-07-01,2022,7,Q3,DEV0014,Select Group,14,20220998,16280274,10905135,5375138,33.02,1752915,3622223,22.25,11352572,69.73,4423768,2414103,0,0.0,9129635,1413632,601544,1444357,22,651210
FIN000855,2022-07-01,2022,7,Q3,DEV0015,Reportage Properties,7,5588758,4969917,3509257,1460659,29.39,527827,932832,18.77,3713096,74.71,839300,1101031,0,0.0,2483909,539236,235325,798394,4,198796
FIN000856,2022-07-01,2022,7,Q3,DEV0016,Samana Developers,0,0,0,0,0,35.63,0,0,0.0,0,0.0,0,0,0,0.0,0,0,0,788702,6,0
FIN000857,2022-07-01,2022,7,Q3,DEV0017,Object 1,3,3029490,2449953,1348605,1101347,44.95,336187,765160,31.23,1512814,61.75,624798,336770,0,0.0,987593,251229,121081,1009830,21,97998
FIN000858,2022-07-01,2022,7,Q3,DEV0018,Majid Al Futtaim,76,176966000,148748801,105160826,43587974,29.3,25171613,18416361,12.38,94014802,63.2,42306545,17147489,2,2.63,79729860,29330435,3474763,2328500,118,5949952
FIN000859,2022-07-01,2022,7,Q3,DEV0019,Dubai Properties,101,251471921,203242521,142749749,60492771,29.76,26487445,34005326,16.73,132994025,65.44,41541622,36401528,11,10.89,106969264,25194253,7028321,2489821,15,8129700
FIN000860,2022-07-01,2022,7,Q3,DEV0020,Meydan Group,75,158624550,137440308,82239748,55200559,40.16,22263850,32936709,23.96,115389788,83.96,37037433,27034012,8,10.67,72078948,19768952,7380136,2114994,9,5497612
FIN000861,2022-08-01,2022,8,Q3,DEV0001,Emaar Properties,78,171395016,146025276,103174795,42850480,29.34,23737959,19112521,13.09,90608420,62.05,33537533,31167065,5,6.41,74248267,13819816,7949671,2197372,7,5841011
FIN000862,2022-08-01,2022,8,Q3,DEV0002,DAMAC Properties,78,172226964,143081356,92627881,50453474,35.26,17969923,32483551,22.7,96320008,67.32,41276245,19091874,5,6.41,70039091,14852361,6054451,2208038,10,5723254
FIN000863,2022-08-01,2022,8,Q3,DEV0003,Aldar Properties,70,174240990,160622711,102589086,58033624,36.13,21702036,36331588,22.62,108165788,67.34,26682780,17600975,4,5.71,76633331,26378434,5995033,2489157,68,6424908
FIN000864,2022-08-01,2022,8,Q3,DEV0004,Nakheel,69,140878956,122623481,83704471,38919009,31.74,15938663,22980346,18.74,95776924,78.11,32391336,19024836,4,5.8,65246369,17887425,6060008,2041724,8,4904939
FIN000865,2022-08-01,2022,8,Q3,DEV0005,Meraas,88,209217712,179667850,125554863,54112986,30.12,22171296,31941690,17.78,126229322,70.26,46266414,26478249,6,6.82,99843778,20033208,8641577,2377474,23,7186714
FIN000866,2022-08-01,2022,8,Q3,DEV0006,Sobha Realty,86,157423000,148933077,98850535,50082541,33.63,15108372,34974169,23.48,109967330,73.84,26724003,28972105,7,8.14,73813676,28984893,3850070,1830500,16,5957323
FIN000867,2022-08-01,2022,8,Q3,DEV0007,Azizi Developments,49,32510814,30545483,19212345,11333137,37.1,4007073,7326064,23.98,19596133,64.15,6918490,4230560,2,4.08,15627124,4503061,1445091,663486,39,1221819
FIN000868,2022-08-01,2022,8,Q3,DEV0008,Danube Properties,38,55940712,51490442,30399196,21091245,40.96,5448416,15642829,30.38,37710979,73.24,11738586,9865517,4,10.53,23775030,5330799,1333880,1472124,18,2059617
FIN000869,2022-08-01,2022,8,Q3,DEV0009,Binghatti,61,136528736,124320016,73496274,50823741,40.88,17570405,33253336,26.75,74682604,60.07,29076859,21037832,6,9.84,52885973,15936284,3909323,2238176,105,4972800
FIN000870,2022-08-01,2022,8,Q3,DEV0010,Ellington Properties,53,100223583,87477889,59735383,27742505,31.71,14895004,12847501,14.69,68578396,78.4,22896279,17396060,6,11.32,43697566,9963645,3570133,1891011,23,3499115
FIN000871,2022-08-01,2022,8,Q3,DEV0011,RAK Properties,50,75264350,70908784,40497890,30410893,42.89,7421670,22989223,32.42,47332822,66.75,18929845,12454482,2,4.0,30244895,9679855,4198001,1505287,3,2836351
FIN000872,2022-08-01,2022,8,Q3,DEV0012,Tiger Properties,22,23592162,22407694,15469474,6938219,30.96,2254210,4684009,20.9,16663942,74.37,6648934,3703903,1,4.55,13152788,3942579,521270,1072371,65,896307
FIN000873,2022-08-01,2022,8,Q3,DEV0013,Imtiaz Developments,25,40947025,36771889,25629836,11142052,30.3,5407056,5734996,15.6,26286542,71.49,8131229,7891046,1,4.0,18387567,7164868,1764121,1637881,18,1470875
FIN000874,2022-08-01,2022,8,Q3,DEV0014,Select Group,28,49075404,41653826,24938668,16715157,40.13,6111916,10603241,25.46,34760354,83.45,7805944,5718662,2,7.14,17800353,6319383,1360958,1752693,30,1666153
FIN000875,2022-08-01,2022,8,Q3,DEV0015,Reportage Properties,-3,-1638972,-1520719,-853604,-667114,43.87,-254148,-412966,-41296600.0,-1098585,-109858500.0,-277621,-274363,0,0.0,-616491,-286618,-76435,546324,12,-60828
FIN000876,2022-08-01,2022,8,Q3,DEV0016,Samana Developers,38,52357502,41889305,27472454,14416850,34.42,5293637,9123213,21.78,35214379,84.07,8319468,5202384,1,2.63,21322026,5813185,1567224,1377829,54,1675572
FIN000877,2022-08-01,2022,8,Q3,DEV0017,Object 1,31,20708713,18555057,10376768,8178288,44.08,2524091,5654197,30.47,15306899,82.49,4181289,3913126,1,3.23,8837187,3000405,474679,668023,4,742202
FIN000878,2022-08-01,2022,8,Q3,DEV0018,Majid Al Futtaim,68,173183896,164440121,99767782,64672338,39.33,16936910,47735428,29.03,114182261,69.44,35096214,26714700,5,7.35,86563479,19524039,9399480,2546822,10,6577604
FIN000879,2022-08-01,2022,8,Q3,DEV0019,Dubai Properties,96,196120320,184067692,103929290,80138401,43.54,31865399,48273002,26.23,132864654,72.18,55219792,31491952,4,4.17,83241423,27587613,4962443,2042920,9,7362707
FIN000880,2022-08-01,2022,8,Q3,DEV0020,Meydan Group,50,104185800,83872133,46301051,37571081,44.8,14697639,22873442,27.27,69780968,83.2,18371838,15376714,3,6.0,37912107,13238926,2620620,2083716,10,3354885
FIN000881,2022-09-01,2022,9,Q3,DEV0001,Emaar Properties,83,147215606,136487659,82821824,53665834,39.32,24283103,29382731,21.53,113685773,83.29,22808943,33795322,4,4.82,72263001,20633224,5781503,1773682,35,5459506
FIN000882,2022-09-01,2022,9,Q3,DEV0002,DAMAC Properties,50,124192900,109342509,76534231,32808277,30.01,17103417,15704860,14.36,84357737,77.15,24238817,15064167,5,10.0,63604979,17962453,3718021,2483858,36,4373700
FIN000883,2022-09-01,2022,9,Q3,DEV0003,Aldar Properties,73,166240710,138851776,87564535,51287240,36.94,22896731,28390509,20.45,95727678,68.94,23480277,18595520,3,4.11,72614033,24386029,5918786,2277270,33,5554071
FIN000884,2022-09-01,2022,9,Q3,DEV0004,Nakheel,63,166833513,136424719,98022902,38401816,28.15,14379338,24022478,17.61,96574246,70.79,38999126,26386486,6,9.52,80692062,20746594,6325456,2648151,5,5456988
FIN000885,2022-09-01,2022,9,Q3,DEV0005,Meraas,70,173686730,145296811,93238311,52058499,35.83,22800261,29258238,20.14,95572852,65.78,22237193,26484841,6,8.57,77618571,19200960,6042012,2481239,4,5811872
FIN000886,2022-09-01,2022,9,Q3,DEV0006,Sobha Realty,70,151852050,137603500,79333270,58270229,42.35,17757753,40512476,29.44,107672480,78.25,22775625,23439001,8,11.43,59610326,17741906,6662780,2169315,18,5504140
FIN000887,2022-09-01,2022,9,Q3,DEV0007,Azizi Developments,78,87743838,74262603,51411818,22850784,30.77,10135958,12714826,17.12,58657578,78.99,11495084,13197128,3,3.85,36919056,13442677,4240737,1124921,0,2970504
FIN000888,2022-09-01,2022,9,Q3,DEV0008,Danube Properties,35,52613925,44189085,26364157,17824927,40.34,5959252,11865675,26.85,26893282,60.86,11854708,10887515,2,5.71,22814024,4060950,995132,1503255,80,1767563
FIN000889,2022-09-01,2022,9,Q3,DEV0009,Binghatti,34,43362682,35324121,20460348,14863772,42.08,5027989,9835783,27.84,25439960,72.02,9391958,7150020,3,8.82,16805822,5886782,870764,1275373,115,1412964
FIN000890,2022-09-01,2022,9,Q3,DEV0010,Ellington Properties,69,126288906,117662417,79013153,38649263,32.85,12350669,26298594,22.35,84492234,71.81,26178227,14038189,5,7.25,64735155,18740133,3800688,1830274,14,4706496
FIN000891,2022-09-01,2022,9,Q3,DEV0011,RAK Properties,38,58065900,53026687,35887230,17139456,32.32,6989839,10149617,19.14,36188966,68.25,8911590,9156028,3,7.89,27729523,8727505,2565305,1528050,1,2121067
FIN000892,2022-09-01,2022,9,Q3,DEV0012,Tiger Properties,56,81435032,75226721,52001497,23225223,30.87,9878516,13346707,17.74,49642553,65.99,21906985,12922253,2,3.57,38492668,10823829,4254837,1454197,5,3009068
FIN000893,2022-09-01,2022,9,Q3,DEV0013,Imtiaz Developments,65,95018235,77184364,54456951,22727412,29.45,11345508,11381904,14.75,51847340,67.17,11707203,16035421,5,7.69,44099099,14328282,3674984,1461819,11,3087374
FIN000894,2022-09-01,2022,9,Q3,DEV0014,Select Group,53,81226157,70660844,46180602,24480241,34.64,8649744,15830497,22.4,46682033,66.06,13559421,10554397,2,3.77,38678861,11517565,2444101,1532569,2,2826433
FIN000895,2022-09-01,2022,9,Q3,DEV0015,Reportage Properties,7,7302666,6654834,3827521,2827312,42.49,754078,2073234,31.15,4787429,71.94,1329302,1309778,0,0.0,2946383,641428,368693,1043238,1,266193
FIN000896,2022-09-01,2022,9,Q3,DEV0016,Samana Developers,6,5522874,4554145,2918233,1635911,35.92,533083,1102828,24.22,3521330,77.32,1067375,544613,0,0.0,2535565,771464,169282,920479,0,182165
FIN000897,2022-09-01,2022,9,Q3,DEV0017,Object 1,31,16773139,13867289,9871753,3995535,28.81,2162338,1833197,13.22,11203000,80.79,2207839,2599259,1,3.23,8195221,1480694,338370,541069,5,554691
FIN000898,2022-09-01,2022,9,Q3,DEV0018,Majid Al Futtaim,84,218134896,176283074,112532203,63750870,36.16,29280909,34469961,19.55,121900520,69.15,40129910,40796072,5,5.95,99142745,25253112,9570871,2596844,20,7051322
FIN000899,2022-09-01,2022,9,Q3,DEV0019,Dubai Properties,84,207965016,195557599,110133524,85424074,43.68,26068121,59355953,30.35,134860547,68.96,57716458,20661854,9,10.71,92420218,34431449,4681164,2475774,52,7822303
FIN000900,2022-09-01,2022,9,Q3,DEV0020,Meydan Group,77,157124275,146553756,93495560,53058195,36.2,22025646,31032549,21.17,112639822,76.86,37305565,21955755,3,3.9,73024899,21933258,6915647,2040575,47,5862150
FIN000901,2022-10-01,2022,10,Q4,DEV0001,Emaar Properties,84,159633516,142362987,78482168,63880818,44.87,24258980,39621838,27.83,85809045,60.27,36508755,25725715,7,8.33,64186856,15643553,4241581,1900399,9,5694519
FIN000902,2022-10-01,2022,10,Q4,DEV0002,DAMAC Properties,84,185908716,158590697,105593458,52997238,33.42,22492476,30504762,19.23,103588295,65.32,33936395,25693740,8,9.52,87010066,16302095,9386323,2213199,20,6343627
FIN000903,2022-10-01,2022,10,Q4,DEV0003,Aldar Properties,72,181513584,167267350,107477813,59789536,35.74,27437709,32351827,19.34,101803149,60.86,36420786,31426489,7,9.72,80255919,29970374,3868419,2521022,17,6690694
FIN000904,2022-10-01,2022,10,Q4,DEV0004,Nakheel,91,177095828,164178593,92327050,71851542,43.76,26189335,45662207,27.81,103660564,63.14,42133310,40646599,9,9.89,81169971,28615436,6048938,1946108,15,6567143
FIN000905,2022-10-01,2022,10,Q4,DEV0005,Meraas,80,181534080,157448659,93163291,64285367,40.83,21277381,43007986,27.32,131365537,83.43,34553146,36105512,4,5.0,69198747,21105529,4769960,2269176,8,6297946
FIN000906,2022-10-01,2022,10,Q4,DEV0006,Sobha Realty,69,160887645,141169787,78281350,62888436,44.55,16845934,46042502,32.61,99070309,70.18,40118498,34090353,3,4.35,58943014,12380072,3324959,2331705,7,5646791
FIN000907,2022-10-01,2022,10,Q4,DEV0007,Azizi Developments,48,55949328,49792695,35541155,14251539,28.62,7230717,7020822,14.1,30979412,62.22,12934986,7380668,4,8.33,26537758,5080172,2362848,1165611,16,1991707
FIN000908,2022-10-01,2022,10,Q4,DEV0008,Danube Properties,32,45093504,41437304,26915048,14522255,35.05,4930042,9592213,23.15,26484613,63.91,9073167,6092174,2,6.25,18891498,6207441,1339191,1409172,17,1657492
FIN000909,2022-10-01,2022,10,Q4,DEV0009,Binghatti,30,55485960,51927364,35689010,16238353,31.27,5225780,11012573,21.21,34267395,65.99,8965757,12291648,2,6.67,26253305,5833317,2359999,1849532,16,2077094
FIN000910,2022-10-01,2022,10,Q4,DEV0010,Ellington Properties,54,77450256,71020814,51123915,19896898,28.02,7768892,12128006,17.08,49930676,70.3,11301526,11245936,5,9.26,36523137,12568905,2777651,1434264,13,2840832
FIN000911,2022-10-01,2022,10,Q4,DEV0011,RAK Properties,38,56206636,49451650,30973272,18478377,37.37,7858449,10619928,21.48,40386826,81.67,8115429,7886307,3,7.89,23976808,8606899,1082288,1479122,8,1978066
FIN000912,2022-10-01,2022,10,Q4,DEV0012,Tiger Properties,23,31482630,27834331,16408070,11426260,41.05,2848929,8577331,30.82,17985722,64.62,4486645,6417139,1,4.35,14752013,3231705,1191226,1368810,19,1113373
FIN000913,2022-10-01,2022,10,Q4,DEV0013,Imtiaz Developments,53,98245464,86555039,51138566,35416472,40.92,13063566,22352906,25.83,66250544,76.54,24166924,9289597,3,5.66,36105410,8335345,5131005,1853688,14,3462201
FIN000914,2022-10-01,2022,10,Q4,DEV0014,Select Group,36,41394240,34863484,22945830,11917653,34.18,4353241,7564412,21.7,24925733,71.5,7086907,5487843,2,5.56,18276239,6632185,724223,1149840,42,1394539
FIN000915,2022-10-01,2022,10,Q4,DEV0015,Reportage Properties,13,7038941,5786924,3606094,2180829,37.69,582614,1598215,27.62,4071073,70.35,980567,973380,1,7.69,3178458,849378,120176,541457,34,231476
FIN000916,2022-10-01,2022,10,Q4,DEV0016,Samana Developers,5,4413780,4013385,2829965,1183419,29.49,548641,634778,15.82,2653237,66.11,1091943,914308,0,0.0,2089685,365839,235651,882756,2,160535
FIN000917,2022-10-01,2022,10,Q4,DEV0017,Object 1,9,12023541,10133738,5838240,4295497,42.39,1686651,2608846,25.74,7392694,72.95,1641341,2369095,0,0.0,4455088,1886184,562705,1335949,37,405349
FIN000918,2022-10-01,2022,10,Q4,DEV0018,Majid Al Futtaim,103,226592481,189289356,127001096,62288259,32.91,25767751,36520508,19.29,122474741,64.7,33429597,42390740,8,7.77,97617635,28303151,4911510,2199927,0,7571574
FIN000919,2022-10-01,2022,10,Q4,DEV0019,Dubai Properties,55,130176255,119803221,81891073,37912147,31.65,12209893,25702254,21.45,101268100,84.53,26462743,15547868,3,5.45,70435706,10780651,3247914,2366841,39,4792128
FIN000920,2022-10-01,2022,10,Q4,DEV0020,Meydan Group,74,144204170,128155725,73788007,54367717,42.42,22432215,31935502,24.92,94453774,73.7,19750887,15080018,6,8.11,53265507,15299890,2758089,1948705,15,5126229
FIN000921,2022-11-01,2022,11,Q4,DEV0001,Emaar Properties,86,210944756,181686326,127688226,53998099,29.72,25459009,28539090,15.71,122361447,67.35,37307879,32560722,8,9.3,91207200,34386705,10452215,2452846,16,7267453
FIN000922,2022-11-01,2022,11,Q4,DEV0002,DAMAC Properties,73,108151033,89830409,56340703,33489705,37.28,9384149,24105556,26.83,63684263,70.89,26119697,22056191,3,4.11,39662528,8976688,2998261,1481521,11,3593216
FIN000923,2022-11-01,2022,11,Q4,DEV0003,Aldar Properties,98,233602894,197319497,121852562,75466934,38.25,30739143,44727791,22.67,122232906,61.95,52790440,24637297,10,10.2,105518273,23115210,11567851,2383703,42,7892779
FIN000924,2022-11-01,2022,11,Q4,DEV0004,Nakheel,55,136187975,116285667,65029446,51256220,44.08,14441291,36814929,31.66,76709792,65.97,22869701,17423745,4,7.27,52675541,10907005,3309400,2476145,80,4651426
FIN000925,2022-11-01,2022,11,Q4,DEV0005,Meraas,108,231908184,218678731,128982950,89695780,41.02,38399065,51296715,23.46,167669086,76.67,44336232,24855721,5,4.63,97374587,33387401,10674198,2147298,19,8747149
FIN000926,2022-11-01,2022,11,Q4,DEV0006,Sobha Realty,68,130478264,109163427,71588151,37575275,34.42,12642466,24932809,22.84,90942883,83.31,20734387,16625544,7,10.29,52036949,19424540,2760235,1918798,10,4366537
FIN000927,2022-11-01,2022,11,Q4,DEV0007,Azizi Developments,46,58550916,48877437,34243703,14633733,29.94,5836831,8796902,18.0,30847240,63.11,8525740,9540765,5,10.87,30537664,7759866,2846032,1272846,1,1955097
FIN000928,2022-11-01,2022,11,Q4,DEV0008,Danube Properties,35,39651360,37272060,26397448,10874611,29.18,3859291,7015320,18.82,29247053,78.47,6340729,6275769,2,5.71,19169095,6340784,1315464,1132896,36,1490882
FIN000929,2022-11-01,2022,11,Q4,DEV0009,Binghatti,22,39829152,36628747,20205099,16423647,44.84,6064675,10358972,28.28,26722298,72.95,8196227,6292568,1,4.55,16062725,6109978,1718853,1810416,37,1465149
FIN000930,2022-11-01,2022,11,Q4,DEV0010,Ellington Properties,47,59658463,52556561,35966083,16590477,31.57,6937530,9652947,18.37,39191108,74.57,15721117,12045461,2,4.26,28500708,4867805,2243445,1269329,5,2102262
FIN000931,2022-11-01,2022,11,Q4,DEV0011,RAK Properties,57,117989658,107396809,69234660,38162148,35.53,11570797,26591351,24.76,79342685,73.88,24998628,25208373,2,3.51,54909975,11439289,5994574,2069994,56,4295872
FIN000932,2022-11-01,2022,11,Q4,DEV0012,Tiger Properties,47,79039947,66280855,41960127,24320727,36.69,11353450,12967277,19.56,53009431,79.98,10365922,16453536,1,2.13,30248797,6032174,1818569,1681701,22,2651234
FIN000933,2022-11-01,2022,11,Q4,DEV0013,Imtiaz Developments,42,46968138,41110930,26840419,14270510,34.71,5357467,8913043,21.68,29934862,72.81,10538796,6269945,2,4.76,22697226,7451297,1893951,1118289,20,1644437
FIN000934,2022-11-01,2022,11,Q4,DEV0014,Select Group,17,24326813,19936218,13070807,6865410,34.44,2997248,3868162,19.4,15620892,78.35,3235897,2542697,2,11.76,10098909,2211112,621779,1430989,0,797448
FIN000935,2022-11-01,2022,11,Q4,DEV0015,Reportage Properties,10,9561630,8548797,4779555,3769241,44.09,1317704,2451537,28.68,5823840,68.12,2224141,1148486,0,0.0,3415032,877868,309767,956163,9,341951
FIN000936,2022-11-01,2022,11,Q4,DEV0016,Samana Developers,26,37138426,29827251,17732494,12094756,40.55,3101513,8993243,30.15,23205252,77.8,6356322,5994196,1,3.85,13316283,3668227,1761048,1428401,6,1193090
FIN000937,2022-11-01,2022,11,Q4,DEV0017,Object 1,25,30130925,28096760,20207287,7889472,28.08,2876243,5013229,17.84,22322256,79.45,8280088,5768643,2,8.0,17702531,3469366,967749,1205237,22,1123870
FIN000938,2022-11-01,2022,11,Q4,DEV0018,Majid Al Futtaim,65,148040035,135062787,80615819,54446967,40.31,21172167,33274800,24.64,84980957,62.92,29887944,28121937,5,7.69,64333333,15694250,5136221,2277539,5,5402511
FIN000939,2022-11-01,2022,11,Q4,DEV0019,Dubai Properties,83,203187652,174845140,109807294,65037845,37.2,20096435,44941410,25.7,137120984,78.42,46346631,27842771,8,9.64,80690802,30330899,5481385,2448044,42,6993805
FIN000940,2022-11-01,2022,11,Q4,DEV0020,Meydan Group,75,208521375,190764008,107105038,83658969,43.85,30921078,52737891,27.65,122695880,64.32,52892713,26782167,4,5.33,85142457,16892856,7221286,2780285,28,7630560
FIN000941,2022-12-01,2022,12,Q4,DEV0001,Emaar Properties,77,149598295,130314514,91147897,39166616,30.06,15992275,23174341,17.78,99471070,76.33,24190366,20952504,6,7.79,64162855,22371173,6179916,1942835,5,5212580
FIN000942,2022-12-01,2022,12,Q4,DEV0002,DAMAC Properties,105,230691090,186613227,105126789,81486437,43.67,26552009,54934428,29.44,132524404,71.02,33309985,37078237,9,8.57,89593405,22151807,9096649,2197058,1,7464529
FIN000943,2022-12-01,2022,12,Q4,DEV0003,Aldar Properties,54,98528940,79751253,49273443,30477809,38.22,11604217,18873592,23.67,65093142,81.62,12472979,18876740,4,7.41,41185670,8747142,2464217,1824610,30,3190050
FIN000944,2022-12-01,2022,12,Q4,DEV0004,Nakheel,61,131241378,113458802,81545331,31913470,28.13,16180029,15733441,13.87,74432180,65.6,18885819,22667851,4,6.56,65970045,16811224,5484407,2151498,4,4538352
FIN000945,2022-12-01,2022,12,Q4,DEV0005,Meraas,98,182936208,165989264,110090691,55898572,33.68,20111361,35787211,21.56,135232211,81.47,43093878,23922001,4,4.08,97078588,20984210,9850382,1866696,39,6639570
FIN000946,2022-12-01,2022,12,Q4,DEV0006,Sobha Realty,79,192585568,180295487,128927065,51368421,28.49,30853929,20514492,11.38,110829713,61.47,42242343,31653730,7,8.86,104898998,19486062,6550860,2437792,72,7211819
FIN000947,2022-12-01,2022,12,Q4,DEV0007,Azizi Developments,31,28572483,26223225,16701850,9521374,36.31,4531219,4990155,19.03,18727105,71.41,4480012,3553333,1,3.23,12581844,2652086,1171607,921693,6,1048929
FIN000948,2022-12-01,2022,12,Q4,DEV0008,Danube Properties,27,33777405,30834518,20811763,10022754,32.5,4024774,5997980,19.45,20090665,65.16,8906379,5180758,2,7.41,16697686,4129653,1199323,1251015,35,1233380
FIN000949,2022-12-01,2022,12,Q4,DEV0009,Binghatti,52,62494224,56512053,36809168,19702884,34.86,6550374,13152510,23.27,40534117,71.73,15699875,8950208,1,1.92,27973385,6787212,1961389,1201812,38,2260482
FIN000950,2022-12-01,2022,12,Q4,DEV0010,Ellington Properties,41,52026868,47977131,28086239,19890891,41.46,5643219,14247672,29.7,32788725,68.34,12917221,5861238,3,7.32,23546410,6004270,1603451,1268948,26,1919085
FIN000951,2022-12-01,2022,12,Q4,DEV0011,RAK Properties,14,19988094,18375172,11243003,7132168,38.81,2922933,4209235,22.91,15605604,84.93,3563353,4166589,0,0.0,9726304,2082162,1053226,1427721,36,735006
FIN000952,2022-12-01,2022,12,Q4,DEV0012,Tiger Properties,50,98200400,88509911,52947486,35562424,40.18,10076658,25485766,28.79,67259502,75.99,22364233,18363174,4,8.0,41979259,10595121,5097200,1964008,1,3540396
FIN000953,2022-12-01,2022,12,Q4,DEV0013,Imtiaz Developments,57,89877942,76775953,44118752,32657200,42.54,9267810,23389390,30.46,50106728,65.26,13331681,13792175,5,8.77,35297292,7796834,3775040,1576806,21,3071038
FIN000954,2022-12-01,2022,12,Q4,DEV0014,Select Group,59,40701976,35668516,23497239,12171276,34.12,3634157,8537119,23.93,25905815,72.63,8144897,4610920,4,6.78,19135115,6666551,1141314,689864,81,1426740
FIN000955,2022-12-01,2022,12,Q4,DEV0015,Reportage Properties,-5,-4008920,-3769731,-2201864,-1567866,41.59,-584924,-982942,-98294200.0,-2447656,-244765600.0,-1045566,-451971,0,0.0,-1635286,-656070,-202569,801784,35,-150789
FIN000956,2022-12-01,2022,12,Q4,DEV0016,Samana Developers,6,6000504,5635126,3764187,1870938,33.2,622976,1247962,22.15,4508821,80.01,1174170,1360300,0,0.0,3059079,737188,142524,1000084,21,225405
FIN000957,2022-12-01,2022,12,Q4,DEV0017,Object 1,27,19126692,16743877,11954317,4789559,28.6,2204092,2585467,15.44,11627888,69.45,3230336,2304642,1,3.7,10046861,2596651,932082,708396,34,669755
FIN000958,2022-12-01,2022,12,Q4,DEV0018,Majid Al Futtaim,71,153677796,126123454,71064033,55059420,43.66,21660869,33398551,26.48,106672324,84.58,34312796,27556168,5,7.04,57437977,20605856,6134559,2164476,45,5044938
FIN000959,2022-12-01,2022,12,Q4,DEV0019,Dubai Properties,97,197331465,173863765,114269682,59594082,34.28,21563882,38030200,21.87,107918688,62.07,27815786,39098432,10,10.31,88489438,14024360,4286463,2034345,50,6954550
FIN000960,2022-12-01,2022,12,Q4,DEV0020,Meydan Group,86,168314556,145714535,97642816,48071718,32.99,22744930,25326788,17.38,110314386,75.71,22822479,20059121,5,5.81,86155097,17143798,7759486,1957146,33,5828581
FIN000961,2023-01-01,2023,1,Q1,DEV0001,Emaar Properties,86,190980286,152798195,108990949,43807245,28.67,16004322,27802923,18.2,106826966,69.91,31405077,27277040,3,3.49,90161687,20804598,4357864,2220701,41,6111927
FIN000962,2023-01-01,2023,1,Q1,DEV0002,DAMAC Properties,87,212637744,185322275,129637245,55685029,30.05,25141713,30543316,16.48,113537962,61.27,50286739,45216541,7,8.05,113125234,28291823,6586311,2444112,7,7412891
FIN000963,2023-01-01,2023,1,Q1,DEV0003,Aldar Properties,61,97390709,78853654,54214183,24639470,31.25,9752594,14886876,18.88,58213854,73.83,12610736,14859598,2,3.28,45529262,6318103,3392402,1596569,5,3154146
FIN000964,2023-01-01,2023,1,Q1,DEV0004,Nakheel,68,92801776,83240094,52275275,30964818,37.2,13255682,17709136,21.27,65984061,79.27,17615272,9420936,2,2.94,45575387,13282513,2878062,1364732,38,3329603
FIN000965,2023-01-01,2023,1,Q1,DEV0005,Meraas,98,242548040,203714268,120241027,83473240,40.98,35088471,48384769,23.75,150755878,74.0,42038851,29555423,6,6.12,93072651,33080299,7064615,2474980,4,8148570
FIN000966,2023-01-01,2023,1,Q1,DEV0006,Sobha Realty,90,209212740,176726104,99586809,77139294,43.65,31465839,45673455,25.84,148606508,84.09,41487655,41672955,6,6.67,73485021,33573208,5792749,2324586,9,7069044
FIN000967,2023-01-01,2023,1,Q1,DEV0007,Azizi Developments,30,47328180,41463004,23927662,17535341,42.29,5046462,12488879,30.12,28130038,67.84,11935148,6723796,3,10.0,17738457,7635060,2457297,1577606,20,1658520
FIN000968,2023-01-01,2023,1,Q1,DEV0008,Danube Properties,33,50630052,45824704,30048191,15776512,34.43,4831843,10944669,23.88,27619411,60.27,9663757,8596529,1,3.03,22046716,5655939,1208473,1534244,24,1832988
FIN000969,2023-01-01,2023,1,Q1,DEV0009,Binghatti,43,66207444,61860665,40406778,21453886,34.68,11016645,10437241,16.87,44101127,71.29,17941095,14677130,2,4.65,36052998,7091725,3648333,1539708,39,2474426
FIN000970,2023-01-01,2023,1,Q1,DEV0010,Ellington Properties,35,47596570,43920743,27852186,16068556,36.59,6029453,10039103,22.86,36908466,84.03,7078412,6672288,1,2.86,22773068,6802761,2234498,1359902,62,1756829
FIN000971,2023-01-01,2023,1,Q1,DEV0011,RAK Properties,31,56139667,51850471,35877767,15972703,30.81,6046839,9925864,19.14,36849531,71.07,8645677,10006135,1,3.23,26632956,4152087,2759984,1810957,11,2074018
FIN000972,2023-01-01,2023,1,Q1,DEV0012,Tiger Properties,40,65846280,56251116,36599007,19652108,34.94,7943972,11708136,20.81,39654883,70.5,9225376,13982071,2,5.0,25863369,8307410,2639286,1646157,45,2250044
FIN000973,2023-01-01,2023,1,Q1,DEV0013,Imtiaz Developments,38,54334148,49199675,27609745,21589929,43.88,5533712,16056217,32.63,37456288,76.13,9542034,12186464,4,10.53,22345530,5556057,1924506,1429846,0,1967987
FIN000974,2023-01-01,2023,1,Q1,DEV0014,Select Group,22,34797466,32323365,23210542,9112822,28.19,4889186,4223636,13.07,24511165,75.83,8034460,5412068,2,9.09,16349550,5192703,1240628,1581703,5,1292934
FIN000975,2023-01-01,2023,1,Q1,DEV0015,Reportage Properties,10,6521350,5952215,3864378,2087836,35.08,720218,1367618,22.98,4967423,83.46,1115868,924720,1,10.0,3317186,947263,324073,652135,53,238088
FIN000976,2023-01-01,2023,1,Q1,DEV0016,Samana Developers,3,3144591,2891046,1615400,1275645,44.12,424459,851186,29.44,2020325,69.88,701258,659800,0,0.0,1138142,362161,70403,1048197,21,115641
FIN000977,2023-01-01,2023,1,Q1,DEV0017,Object 1,7,11609864,9665612,6912980,2752631,28.48,1537087,1215544,12.58,7517407,77.77,1968302,1791435,0,0.0,5394537,1278962,402847,1658552,22,386624
FIN000978,2023-01-01,2023,1,Q1,DEV0018,Majid Al Futtaim,86,186278666,173893785,101060013,72833771,41.88,20989815,51843956,29.81,123128414,70.81,44016248,31907448,7,8.14,73969557,17065953,8192190,2166031,11,6955751
FIN000979,2023-01-01,2023,1,Q1,DEV0019,Dubai Properties,67,149743928,124432933,88277356,36155576,29.06,12706143,23449433,18.85,75797899,60.91,19982722,21268495,7,10.45,78454217,22743506,2823467,2234984,17,4977317
FIN000980,2023-01-01,2023,1,Q1,DEV0020,Meydan Group,61,142230528,127279418,81689164,45590253,35.82,22616862,22973391,18.05,89833279,70.58,33569897,20442150,6,9.84,63230142,23759396,2770635,2331648,8,5091176
FIN000981,2023-02-01,2023,2,Q1,DEV0001,Emaar Properties,79,187760564,153537560,107155327,46382232,30.21,16499685,29882547,19.46,126513720,82.4,41766404,29785879,3,3.8,92333723,16874332,5594917,2376716,1,6141502
FIN000982,2023-02-01,2023,2,Q1,DEV0002,DAMAC Properties,73,150408835,123648239,72757254,50890984,41.16,13931838,36959146,29.89,98643173,79.78,27908656,15240916,7,9.59,58323985,14837703,6055001,2060395,0,4945929
FIN000983,2023-02-01,2023,2,Q1,DEV0003,Aldar Properties,60,150446100,136202533,87454727,48747805,35.79,19332854,29414951,21.6,91499581,67.18,36219925,27551944,2,3.33,71868063,15179303,5208916,2507435,5,5448101
FIN000984,2023-02-01,2023,2,Q1,DEV0004,Nakheel,92,223024100,192550702,109501596,83049105,43.13,29202769,53846336,27.96,127750368,66.35,48178588,19526657,5,5.43,89988099,25532088,6941944,2424175,7,7702028
FIN000985,2023-02-01,2023,2,Q1,DEV0005,Meraas,78,188180070,173472408,118330832,55141575,31.79,27338719,27802856,16.03,125098425,72.11,44625048,36887415,6,7.69,93943406,34417477,7820100,2412565,16,6938896
FIN000986,2023-02-01,2023,2,Q1,DEV0006,Sobha Realty,88,221279608,190108264,133199549,56908714,29.93,30395520,26513194,13.95,147526184,77.6,50193471,27861324,6,6.82,107478183,26729319,4542623,2514541,14,7604330
FIN000987,2023-02-01,2023,2,Q1,DEV0007,Azizi Developments,30,44608920,38382195,21637486,16744708,43.63,5409384,11335324,29.53,30389316,79.18,10389770,6756752,3,10.0,17292532,6116908,2040880,1486964,94,1535287
FIN000988,2023-02-01,2023,2,Q1,DEV0008,Danube Properties,5,8833605,7656224,5311963,2344260,30.62,1369167,975093,12.74,6147829,80.3,1394660,1206524,0,0.0,4766471,1041342,299602,1766721,11,306248
FIN000989,2023-02-01,2023,2,Q1,DEV0009,Binghatti,48,72714336,64730356,46331554,18398801,28.42,10024383,8374418,12.94,42425726,65.54,15279772,8956028,4,8.33,36843833,12279709,3753133,1514882,0,2589214
FIN000990,2023-02-01,2023,2,Q1,DEV0010,Ellington Properties,26,28310672,22929891,15626016,7303874,31.85,2431772,4872102,21.25,18284848,79.74,5542531,2825651,2,7.69,13504631,4356089,948543,1088872,34,917195
FIN000991,2023-02-01,2023,2,Q1,DEV0011,RAK Properties,69,133486917,117146210,73577082,43569127,37.19,19966962,23602165,20.15,74235140,63.37,24228606,12103804,7,10.14,55467105,21108286,3928280,1934593,4,4685848
FIN000992,2023-02-01,2023,2,Q1,DEV0012,Tiger Properties,31,42204423,37084193,21979050,15105142,40.73,4370547,10734595,28.95,25373616,68.42,8417171,6120911,1,3.23,19377025,5561048,1757637,1361433,48,1483367
FIN000993,2023-02-01,2023,2,Q1,DEV0013,Imtiaz Developments,40,57726280,49861123,29392071,20469051,41.05,6054582,14414469,28.91,39488670,79.2,13174231,11245518,4,10.0,22032962,5529062,1342585,1443157,5,1994444
FIN000994,2023-02-01,2023,2,Q1,DEV0014,Select Group,52,78026728,65766210,43461076,22305133,33.92,7618401,14686732,22.33,49644342,75.49,15211082,14841087,2,3.85,38583542,8783252,2224305,1500514,33,2630648
FIN000995,2023-02-01,2023,2,Q1,DEV0015,Reportage Properties,17,23417891,19424152,13852835,5571316,28.68,1971347,3599969,18.53,13808280,71.09,4364181,2667382,1,5.88,10013035,2770991,761778,1377523,25,776966
FIN000996,2023-02-01,2023,2,Q1,DEV0016,Samana Developers,29,30458294,24947923,17495882,7452040,29.87,2616774,4835266,19.38,20696717,82.96,7238423,4926234,3,10.34,14856134,2041989,1141470,1050286,6,997916
FIN000997,2023-02-01,2023,2,Q1,DEV0017,Object 1,31,40874957,35386199,22300479,13085719,36.98,6045397,7040322,19.9,22335587,63.12,10124505,4568781,1,3.23,19811748,5104901,1632013,1318547,17,1415447
FIN000998,2023-02-01,2023,2,Q1,DEV0018,Majid Al Futtaim,91,234979381,211020438,133099699,77920738,36.93,23721559,54199179,25.68,177950074,84.33,38745988,45683191,6,6.59,100463348,35682752,9010274,2582191,38,8440817
FIN000999,2023-02-01,2023,2,Q1,DEV0019,Dubai Properties,59,142381514,114580439,71544091,43036347,37.56,15425205,27611142,24.1,82745328,72.22,21950566,19699767,5,8.47,53856123,10591764,6004594,2413246,34,4583217
FIN001000,2023-02-01,2023,2,Q1,DEV0020,Meydan Group,84,176738268,156819770,89732386,67087383,42.78,26516144,40571239,25.87,110936318,70.74,37901161,30473507,8,9.52,67600772,26214325,3440328,2104027,1,6272790
FIN001001,2023-03-01,2023,3,Q1,DEV0001,Emaar Properties,92,193923672,180506411,109543294,70963116,39.31,21527326,49435790,27.39,132679620,73.5,34510282,41236576,9,9.78,83967576,21308838,8589761,2107866,5,7220256
FIN001002,2023-03-01,2023,3,Q1,DEV0002,DAMAC Properties,90,185659380,172203755,119167751,53036003,30.8,23181057,29854946,17.34,104874571,60.9,51358023,31149089,5,5.56,88770239,15993051,7582717,2062882,11,6888150
FIN001003,2023-03-01,2023,3,Q1,DEV0003,Aldar Properties,102,231311622,211689218,152204862,59484355,28.1,22261985,37222370,17.58,169710343,80.17,45446018,43066513,6,5.88,126931534,36609812,12692125,2267761,1,8467568
FIN001004,2023-03-01,2023,3,Q1,DEV0004,Nakheel,72,178132896,150864450,83317169,67547280,44.77,19012337,48534943,32.17,111697792,74.04,37043276,22075578,4,5.56,74384180,21564831,3570926,2474068,60,6034578
FIN001005,2023-03-01,2023,3,Q1,DEV0005,Meraas,82,168886626,157175585,100047914,57127670,36.35,24093390,33034280,21.02,104904087,66.74,35996802,17289369,5,6.1,79491087,28162081,5954883,2059593,58,6287023
FIN001006,2023-03-01,2023,3,Q1,DEV0006,Sobha Realty,61,142603726,126270124,80626767,45643356,36.15,22485398,23157958,18.34,100727223,79.77,25927313,26581482,6,9.84,66317962,10539346,2857127,2337766,1,5050804
FIN001007,2023-03-01,2023,3,Q1,DEV0007,Azizi Developments,5,6749165,6148489,3510074,2638414,42.91,770788,1867626,30.38,4789800,77.9,1575924,893124,0,0.0,2462025,1045475,167183,1349833,74,245939
FIN001008,2023-03-01,2023,3,Q1,DEV0008,Danube Properties,50,78709950,71881437,41350171,30531265,42.47,9570550,20960715,29.16,56057916,77.99,14814131,8369223,4,8.0,31997806,5788617,1460784,1574199,8,2875257
FIN001009,2023-03-01,2023,3,Q1,DEV0009,Binghatti,36,42396984,34494512,22078796,12415715,35.99,5878953,6536762,18.95,25759988,74.68,5482672,5366784,2,5.56,18246135,3023705,1736144,1177694,23,1379780
FIN001010,2023-03-01,2023,3,Q1,DEV0010,Ellington Properties,40,55493120,49856383,35414477,14441905,28.97,6289760,8152145,16.35,31526713,63.24,14544253,10488407,3,7.5,30433354,9239394,2852250,1387328,10,1994255
FIN001011,2023-03-01,2023,3,Q1,DEV0011,RAK Properties,40,66953160,60160155,38731788,21428366,35.62,7317905,14110461,23.45,37925039,63.04,16462031,14059181,4,10.0,27123763,5010419,1901290,1673829,13,2406406
FIN001012,2023-03-01,2023,3,Q1,DEV0012,Tiger Properties,45,70103340,56297071,37503113,18793957,33.38,6864568,11929389,21.19,38248621,67.94,11623607,8179539,4,8.89,33306571,8108681,2024234,1557852,10,2251882
FIN001013,2023-03-01,2023,3,Q1,DEV0013,Imtiaz Developments,27,50067612,47295359,27385407,19909951,42.1,6955997,12953954,27.39,36431893,77.03,9474393,7760881,1,3.7,22165657,3867341,2718216,1854356,4,1891814
FIN001014,2023-03-01,2023,3,Q1,DEV0014,Select Group,29,36986861,31421608,18128310,13293297,42.31,5332183,7961114,25.34,25552257,81.32,6769969,3649648,3,10.34,14314396,5967063,1096830,1275409,0,1256864
FIN001015,2023-03-01,2023,3,Q1,DEV0015,Reportage Properties,4,3128268,2815315,2002439,812875,28.87,292029,520846,18.5,1690452,60.04,648141,528076,0,0.0,1697342,390886,79689,782067,28,112612
FIN001016,2023-03-01,2023,3,Q1,DEV0016,Samana Developers,20,19239440,15487747,8577121,6910625,44.62,2570187,4340438,28.02,11171516,72.13,3792762,2221693,1,5.0,6768286,3074944,468988,961972,28,619509
FIN001017,2023-03-01,2023,3,Q1,DEV0017,Object 1,18,10159794,8710332,5681244,3029087,34.78,1515062,1514025,17.38,6923775,79.49,2037678,1542345,0,0.0,4006144,1183052,334340,564433,41,348413
FIN001018,2023-03-01,2023,3,Q1,DEV0018,Majid Al Futtaim,63,127858500,112984724,79841301,33143422,29.33,13466650,19676772,17.42,69555036,61.56,28771815,27813272,3,4.76,71322813,9788519,6051056,2029500,157,4519388
FIN001019,2023-03-01,2023,3,Q1,DEV0019,Dubai Properties,68,149111352,123946681,81370016,42576664,34.35,14910577,27666087,22.32,93046581,75.07,25026998,15365582,5,7.35,71076387,23518960,4992800,2192814,17,4957867
FIN001020,2023-03-01,2023,3,Q1,DEV0020,Meydan Group,88,191105816,172935125,113635580,59299544,34.29,28455190,30844354,17.84,121358592,70.18,38311052,22178484,7,7.95,81660687,18366079,4324068,2171657,86,6917405
FIN001021,2023-04-01,2023,4,Q2,DEV0001,Emaar Properties,104,228042256,197169441,131497051,65672389,33.31,31042667,34629722,17.56,145103907,73.59,49874086,41056131,4,3.85,115423875,36014726,8217317,2192714,24,7886777
FIN001022,2023-04-01,2023,4,Q2,DEV0002,DAMAC Properties,70,166034470,139630543,99890044,39740498,28.46,22877154,16863344,12.08,84592036,60.58,30777825,15936768,4,5.71,89780620,20925138,5017306,2371921,12,5585221
FIN001023,2023-04-01,2023,4,Q2,DEV0003,Aldar Properties,93,185221962,148583138,84958343,63624794,42.82,22096222,41528572,27.95,92973267,62.57,39670708,23474863,7,7.53,71413428,12918605,7115893,1991634,12,5943325
FIN001024,2023-04-01,2023,4,Q2,DEV0004,Nakheel,59,146939205,123205894,88069814,35136079,28.52,16647178,18488901,15.01,74558755,60.52,30805934,23010007,6,10.17,68256558,24508787,7082347,2490495,25,4928235
FIN001025,2023-04-01,2023,4,Q2,DEV0005,Meraas,57,135298620,122920830,78418335,44502494,36.2,18120951,26381543,21.46,89563052,72.86,35620304,25680240,2,3.51,64427819,15058376,6248283,2373660,18,4916833
FIN001026,2023-04-01,2023,4,Q2,DEV0006,Sobha Realty,79,180678293,162951122,112421186,50529935,31.01,29031063,21498872,13.19,135696928,83.27,35879511,36617664,6,7.59,82716680,23927486,7057047,2287067,19,6518044
FIN001027,2023-04-01,2023,4,Q2,DEV0007,Azizi Developments,40,64651000,54115188,35123636,18991551,35.09,8237470,10754081,19.87,42801399,79.09,13020155,8227205,2,5.0,25438817,7308640,2368777,1616275,12,2164607
FIN001028,2023-04-01,2023,4,Q2,DEV0008,Danube Properties,35,56508900,46516335,30305557,16210777,34.85,8227558,7983219,17.16,28498377,61.27,11300386,8159383,1,2.86,23821091,7552896,2074701,1614540,9,1860653
FIN001029,2023-04-01,2023,4,Q2,DEV0009,Binghatti,27,45175536,42368992,29424761,12944230,30.55,5592409,7351821,17.35,34943989,82.48,7595938,8399679,3,11.11,25394037,5127973,1814764,1673168,66,1694759
FIN001030,2023-04-01,2023,4,Q2,DEV0010,Ellington Properties,77,122725064,111723319,65564540,46158778,41.32,12611104,33547674,30.03,73609489,65.89,32623463,21316758,5,6.49,54914791,10508669,2659013,1593832,20,4468932
FIN001031,2023-04-01,2023,4,Q2,DEV0011,RAK Properties,31,45950897,39148213,26957423,12190789,31.14,5112105,7078684,18.08,32361841,82.66,8974416,4018087,2,6.45,20563320,5576135,1599106,1482287,22,1565928
FIN001032,2023-04-01,2023,4,Q2,DEV0012,Tiger Properties,43,67281756,54807953,38481456,16326496,29.79,9046289,7280207,13.28,35666004,65.07,10579907,10119786,4,9.3,30716894,8508333,1909568,1564692,6,2192318
FIN001033,2023-04-01,2023,4,Q2,DEV0013,Imtiaz Developments,35,39027100,33788054,20902661,12885392,38.14,5622440,7262952,21.5,27581076,81.63,10019760,7436900,3,8.57,16022545,5059812,933563,1115060,30,1351522
FIN001034,2023-04-01,2023,4,Q2,DEV0014,Select Group,33,47616657,42995369,27758458,15236910,35.44,7660187,7576723,17.62,31451417,73.15,8266850,4359593,3,9.09,21066335,3574282,2352187,1442929,13,1719814
FIN001035,2023-04-01,2023,4,Q2,DEV0015,Reportage Properties,-6,-4717608,-4382104,-2450332,-1931771,44.08,-475961,-1455810,-145581000.0,-2763247,-276324700.0,-1255099,-667900,0,0.0,-1855657,-405158,-104962,786268,10,-175284
FIN001036,2023-04-01,2023,4,Q2,DEV0016,Samana Developers,-9,-9456246,-8624712,-5898474,-2726237,31.61,-1345498,-1380739,-138073900.0,-6208205,-620820500.0,-2082103,-1290407,0,0.0,-4190448,-1717645,-239385,1050694,39,-344988
FIN001037,2023-04-01,2023,4,Q2,DEV0017,Object 1,26,22945260,20547465,12242690,8304774,40.42,2840864,5463910,26.59,16634953,80.96,5427284,4925501,2,7.69,8875872,2786136,541058,882510,1,821898
FIN001038,2023-04-01,2023,4,Q2,DEV0018,Majid Al Futtaim,97,185540921,153440040,102963790,50476249,32.9,18637219,31839030,20.75,130078271,84.77,23160929,18392877,2,2.06,90410795,20700737,7267962,1912793,11,6137601
FIN001039,2023-04-01,2023,4,Q2,DEV0019,Dubai Properties,78,191382126,171109525,122372750,48736774,28.48,19924258,28812516,16.84,144792397,84.62,35634779,33506935,3,3.85,100098417,17841467,8530045,2453617,10,6844381
FIN001040,2023-04-01,2023,4,Q2,DEV0020,Meydan Group,115,276083490,238743303,155115395,83627907,35.03,29479220,54148687,22.68,155464968,65.12,61667609,40818252,8,6.96,118238971,20867881,9341458,2400726,15,9549732
FIN001041,2023-05-01,2023,5,Q2,DEV0001,Emaar Properties,82,211891116,175746489,97228482,78518006,44.68,19768293,58749713,33.43,106980008,60.87,27000441,42876618,6,7.32,86767019,32405781,10324241,2584038,2,7029859
FIN001042,2023-05-01,2023,5,Q2,DEV0002,DAMAC Properties,70,147175280,123791760,78035265,45756494,36.96,18935207,26821287,21.67,101029686,81.61,21337794,23466803,3,4.29,59423976,13034884,3704416,2102504,31,4951670
FIN001043,2023-05-01,2023,5,Q2,DEV0003,Aldar Properties,100,243203800,207800443,141313411,66487031,32.0,31660349,34826682,16.76,145212814,69.88,53015880,26816719,4,4.0,126571649,27872615,8195899,2432038,32,8312017
FIN001044,2023-05-01,2023,5,Q2,DEV0004,Nakheel,72,206213256,177345764,111265254,66080509,37.26,23555865,42524644,23.98,142201559,80.18,27616140,42934787,3,4.17,90418514,25187130,3953631,2864073,5,7093830
FIN001045,2023-05-01,2023,5,Q2,DEV0005,Meraas,107,221003257,196700126,117237117,79463008,40.4,34344921,45118087,22.94,163449164,83.1,34520207,27904523,9,8.41,99761258,21382905,5277078,2065451,20,7868005
FIN001046,2023-05-01,2023,5,Q2,DEV0006,Sobha Realty,78,189372378,177709670,99566743,78142926,43.97,25773723,52369203,29.47,134145888,75.49,38481745,32985713,5,6.41,80500442,21584693,10446867,2427851,12,7108386
FIN001047,2023-05-01,2023,5,Q2,DEV0007,Azizi Developments,63,64605996,54840390,35693061,19147328,34.91,8719717,10427611,19.01,45824266,83.56,15982197,5604753,5,7.94,25124111,5751434,1199511,1025492,33,2193615
FIN001048,2023-05-01,2023,5,Q2,DEV0008,Danube Properties,48,83186400,78713224,47156638,31556585,40.09,8795283,22761302,28.92,49712900,63.16,15871773,12670135,2,4.17,35004489,14214800,1667688,1733050,6,3148528
FIN001049,2023-05-01,2023,5,Q2,DEV0009,Binghatti,37,58993725,47545457,31968254,15577202,32.76,8348986,7228216,15.2,35945560,75.6,11636831,11421556,2,5.41,25482678,8477697,1058691,1594425,8,1901818
FIN001050,2023-05-01,2023,5,Q2,DEV0010,Ellington Properties,57,93192663,80520926,49060598,31460327,39.07,11795751,19664576,24.42,50469114,62.68,19347524,13548176,3,5.26,38035871,16016560,4336440,1634959,23,3220837
FIN001051,2023-05-01,2023,5,Q2,DEV0011,RAK Properties,12,16773300,15433437,10003740,5429696,35.18,1823643,3606053,23.37,12770237,82.74,2910615,1706579,1,8.33,8352962,2125411,399455,1397775,32,617337
FIN001052,2023-05-01,2023,5,Q2,DEV0012,Tiger Properties,24,31793280,27160881,16541201,10619679,39.1,2924354,7695325,28.33,20881301,76.88,7492027,4386694,2,8.33,12069482,2757239,1025337,1324720,20,1086435
FIN001053,2023-05-01,2023,5,Q2,DEV0013,Imtiaz Developments,62,77071332,72573328,41834606,30738721,42.36,7525725,23212996,31.99,47854460,65.94,18529291,12749166,2,3.23,33874221,13814313,2359510,1243086,62,2902933
FIN001054,2023-05-01,2023,5,Q2,DEV0014,Select Group,42,52071432,48036763,27887631,20149131,41.95,6431543,13717588,28.56,39951000,83.17,8814087,7438221,4,9.52,23050123,7410758,1300081,1239796,6,1921470
FIN001055,2023-05-01,2023,5,Q2,DEV0015,Reportage Properties,47,38251232,30680358,21391625,9288732,30.28,3923590,5365142,17.49,24793750,80.81,5018118,7431485,4,8.51,18746907,4921878,1127802,813856,38,1227214
FIN001056,2023-05-01,2023,5,Q2,DEV0016,Samana Developers,16,20988880,17914173,10547051,7367121,41.12,2603182,4763939,26.59,11686267,65.23,5319200,2176471,1,6.25,8914657,2442279,484111,1311805,59,716566
FIN001057,2023-05-01,2023,5,Q2,DEV0017,Object 1,20,20989560,18992653,13439693,5552959,29.24,2417430,3135529,16.51,14414783,75.9,3133099,4497574,1,5.0,9773936,3562073,964277,1049478,1,759706
FIN001058,2023-05-01,2023,5,Q2,DEV0018,Majid Al Futtaim,58,114867898,105076737,65627981,39448755,37.54,15705676,23743079,22.6,68905992,65.58,28540737,21863524,3,5.17,55523550,8527692,3923073,1980481,30,4203069
FIN001059,2023-05-01,2023,5,Q2,DEV0019,Dubai Properties,83,189357030,164156676,112064401,52092274,31.73,26184386,25907888,15.78,112409940,68.48,35486550,38684628,8,9.64,90047548,13520703,8161318,2281410,39,6566267
FIN001060,2023-05-01,2023,5,Q2,DEV0020,Meydan Group,99,235192122,220028486,155997582,64030903,29.1,29120824,34910079,15.87,160760253,73.06,65116811,35691883,9,9.09,133231905,19517337,4761036,2375678,11,8801139
FIN001061,2023-06-01,2023,6,Q2,DEV0001,Emaar Properties,56,120479800,109161761,65756089,43405671,39.76,14979769,28425902,26.04,89607058,82.09,32427740,16658726,5,8.93,56134119,20495530,2256605,2151425,43,4366470
FIN001062,2023-06-01,2023,6,Q2,DEV0002,DAMAC Properties,67,146431247,132129222,75480706,56648515,42.87,19388614,37259901,28.2,86651043,65.58,38530980,28684902,6,8.96,59827345,25950713,5531249,2185541,3,5285168
FIN001063,2023-06-01,2023,6,Q2,DEV0003,Aldar Properties,72,190896768,167259297,99834279,67425017,40.31,19046889,48378128,28.92,134443281,80.38,33284175,37440509,5,6.94,74428550,26875143,8018846,2651344,13,6690371
FIN001064,2023-06-01,2023,6,Q2,DEV0004,Nakheel,95,224368150,200722637,125708964,75013672,37.37,35620866,39392806,19.63,126715559,63.13,44307786,24052634,9,9.47,99318054,17076023,7996540,2361770,12,8028905
FIN001065,2023-06-01,2023,6,Q2,DEV0005,Meraas,54,121023288,109834262,68092157,41742104,38.0,18783903,22958201,20.9,67268587,61.25,19843189,18861588,5,9.26,49376901,21502279,3436249,2241172,21,4393370
FIN001066,2023-06-01,2023,6,Q2,DEV0006,Sobha Realty,68,174972092,144690968,99008797,45682170,31.57,22448518,23233652,16.06,98558571,68.12,27183151,23448927,4,5.88,72051642,15687892,4056659,2573119,69,5787638
FIN001067,2023-06-01,2023,6,Q2,DEV0007,Azizi Developments,38,53744996,50207138,27849715,22357422,44.53,6858616,15498806,30.87,40310311,80.29,14943142,11192328,2,5.26,19784319,4930582,2594070,1414342,5,2008285
FIN001068,2023-06-01,2023,6,Q2,DEV0008,Danube Properties,43,65220035,55484297,33616585,21867711,39.41,8770421,13097290,23.61,37035203,66.75,11791312,8069726,3,6.98,24700090,9556868,2068756,1516745,6,2219371
FIN001069,2023-06-01,2023,6,Q2,DEV0009,Binghatti,14,34856290,28269223,15949785,12319437,43.58,4987479,7331958,25.94,17477041,61.82,6636638,4969865,1,7.14,11366836,3504682,1336363,2489735,8,1130768
FIN001070,2023-06-01,2023,6,Q2,DEV0010,Ellington Properties,44,72641668,66665888,43415249,23250638,34.88,6791460,16459178,24.69,53916888,80.88,19481488,14903365,3,6.82,35368649,9185523,3940535,1650947,47,2666635
FIN001071,2023-06-01,2023,6,Q2,DEV0011,RAK Properties,34,52797546,42409708,24517555,17892152,42.19,5365581,12526571,29.54,30228980,71.28,7680700,9019456,2,5.88,17189669,4319975,1872613,1552869,45,1696388
FIN001072,2023-06-01,2023,6,Q2,DEV0012,Tiger Properties,26,20742176,17151146,11891401,5259744,30.67,2741646,2518098,14.68,11324522,66.03,3416826,3168784,2,7.69,10455024,2561817,981042,797776,22,686045
FIN001073,2023-06-01,2023,6,Q2,DEV0013,Imtiaz Developments,26,54832492,46925854,31234206,15691647,33.44,6447263,9244384,19.7,31024830,66.11,12274884,8782306,2,7.69,24849009,7012079,1836249,2108942,15,1877034
FIN001074,2023-06-01,2023,6,Q2,DEV0014,Select Group,19,21774798,17839580,11378824,6460755,36.22,2351010,4109745,23.04,13606290,76.27,3900737,2511581,1,5.26,8677992,3079288,370892,1146042,4,713583
FIN001075,2023-06-01,2023,6,Q2,DEV0015,Reportage Properties,18,11687562,10434942,6019279,4415662,42.32,1730547,2685115,25.73,7538494,72.24,3006766,1791083,2,11.11,4686594,1897444,230674,649309,71,417397
FIN001076,2023-06-01,2023,6,Q2,DEV0016,Samana Developers,-4,-4010412,-3506586,-2103085,-1403500,40.02,-366264,-1037236,-103723600.0,-2182303,-218230300.0,-953053,-757614,0,0.0,-1713029,-592093,-153404,1002603,14,-140263
FIN001077,2023-06-01,2023,6,Q2,DEV0017,Object 1,-14,-15052352,-13367242,-9563550,-3803691,28.46,-1717264,-2086427,-208642700.0,-10319923,-1031992300.0,-2404888,-1683169,0,0.0,-8325037,-1960379,-681660,1075168,12,-534689
FIN001078,2023-06-01,2023,6,Q2,DEV0018,Majid Al Futtaim,77,149455691,140756346,84334385,56421960,40.08,22819066,33602894,23.87,101030465,71.78,24214530,17951692,2,2.6,68608392,26222501,4980477,1940983,28,5630253
FIN001079,2023-06-01,2023,6,Q2,DEV0019,Dubai Properties,94,221614306,191397143,135130228,56266914,29.4,21007094,35259820,18.42,136519722,71.33,30359114,47745105,7,7.45,117834526,29195436,8945687,2357599,12,7655885
FIN001080,2023-06-01,2023,6,Q2,DEV0020,Meydan Group,81,170384148,160015591,105695591,54319999,33.95,22576094,31743905,19.84,110638220,69.14,29011841,25674264,7,8.64,92313668,28523208,8197665,2103508,13,6400623
FIN001081,2023-07-01,2023,7,Q3,DEV0001,Emaar Properties,86,173505430,139177505,90873026,48304478,34.71,22437163,25867315,18.59,114556546,82.31,37354539,31764258,3,3.49,66567856,21767012,4730504,2017505,10,5567100
FIN001082,2023-07-01,2023,7,Q3,DEV0002,DAMAC Properties,82,148221642,138355579,84335649,54019929,39.04,24064796,29955133,21.65,92342645,66.74,24662097,26542837,5,6.1,66901103,13555580,7878153,1807581,16,5534223
FIN001083,2023-07-01,2023,7,Q3,DEV0003,Aldar Properties,90,183562920,158894947,100212089,58682857,36.93,27170231,31512626,19.83,132854744,83.61,46811657,25756101,10,11.11,73460912,14635933,9293802,2039588,1,6355797
FIN001084,2023-07-01,2023,7,Q3,DEV0004,Nakheel,95,259853975,221398005,150851411,70546593,31.86,30781923,39764670,17.96,140212636,63.33,38284020,23754872,8,8.42,112932313,43597563,9949808,2735305,11,8855920
FIN001085,2023-07-01,2023,7,Q3,DEV0005,Meraas,94,209916664,168933224,110260372,58672851,34.73,21894907,36777944,21.77,119689771,70.85,38380456,30513323,5,5.32,98449262,16083129,6114043,2233156,10,6757328
FIN001086,2023-07-01,2023,7,Q3,DEV0006,Sobha Realty,88,230789504,211168949,120126201,91042747,43.11,31474777,59567970,28.21,168054061,79.58,34409866,49335735,4,4.55,102013791,31290130,9657224,2622608,40,8446757
FIN001087,2023-07-01,2023,7,Q3,DEV0007,Azizi Developments,45,61323795,51151583,28193651,22957931,44.88,8296746,14661185,28.66,34188095,66.84,9166345,6680382,3,6.67,21046440,6295749,2423881,1362751,0,2046063
FIN001088,2023-07-01,2023,7,Q3,DEV0008,Danube Properties,33,56266089,50146464,30253213,19893250,39.67,5986027,13907223,27.73,40533206,80.83,9229362,5230240,1,3.03,26751102,6329623,2337419,1705033,5,2005858
FIN001089,2023-07-01,2023,7,Q3,DEV0009,Binghatti,26,27362920,25258444,16887840,8370603,33.14,4211222,4159381,16.47,19639347,77.75,6660867,4249107,1,3.85,12439083,4073067,1195711,1052420,6,1010337
FIN001090,2023-07-01,2023,7,Q3,DEV0010,Ellington Properties,19,26607752,23035513,15964038,7071474,30.7,3669491,3401983,14.77,18011543,78.19,6044086,3161467,1,5.26,11668593,4051326,708249,1400408,9,921420
FIN001091,2023-07-01,2023,7,Q3,DEV0011,RAK Properties,10,16263610,14038673,9535206,4503466,32.08,2008133,2495333,17.77,9908096,70.58,2617595,1483512,0,0.0,8197123,1908010,450535,1626361,16,561546
FIN001092,2023-07-01,2023,7,Q3,DEV0012,Tiger Properties,44,74290568,68778121,47373050,21405070,31.12,8625258,12779812,18.58,51899888,75.46,11731357,10324757,1,2.27,36409873,7730186,1723964,1688422,9,2751124
FIN001093,2023-07-01,2023,7,Q3,DEV0013,Imtiaz Developments,38,50817552,40753293,28034056,12719236,31.21,5791477,6927759,17.0,25469138,62.5,11056077,8739077,3,7.89,22981720,4914522,857178,1337304,13,1630131
FIN001094,2023-07-01,2023,7,Q3,DEV0014,Select Group,47,45434054,40369059,28847638,11521420,28.54,5136835,6384585,15.82,28594786,70.83,7196737,4221517,1,2.13,24563954,7998734,1402121,966682,0,1614762
FIN001095,2023-07-01,2023,7,Q3,DEV0015,Reportage Properties,8,8380184,7671443,5063201,2608241,34.0,808713,1799528,23.46,6137089,80.0,2112991,1764425,0,0.0,4381744,896772,217699,1047523,26,306857
FIN001096,2023-07-01,2023,7,Q3,DEV0016,Samana Developers,17,24760738,20917714,14962150,5955563,28.47,3149482,2806081,13.41,14036632,67.1,4991479,3404642,1,5.88,12337581,1841481,520119,1456514,3,836708
FIN001097,2023-07-01,2023,7,Q3,DEV0017,Object 1,28,7935732,6635684,4191794,2443889,36.83,994918,1448971,21.84,5330751,80.33,1248623,1511759,3,10.71,3666856,1052550,242867,283419,120,265427
FIN001098,2023-07-01,2023,7,Q3,DEV0018,Majid Al Futtaim,63,147571515,138892056,96204268,42687787,30.73,15234051,27453736,19.77,94000225,67.68,25685455,26453986,6,9.52,71056507,13103151,4866778,2342405,7,5555682
FIN001099,2023-07-01,2023,7,Q3,DEV0019,Dubai Properties,87,179782194,167859238,103839751,64019486,38.14,19831635,44187851,26.32,140606697,83.76,47816270,41622636,8,9.2,80513148,24340051,5299494,2066462,37,6714369
FIN001100,2023-07-01,2023,7,Q3,DEV0020,Meydan Group,82,190678782,178181638,126474553,51707084,29.02,22528835,29178249,16.38,142837062,80.16,49093570,27858688,6,7.32,100575599,31211591,6322485,2325351,4,7127265
FIN001101,2023-08-01,2023,8,Q3,DEV0001,Emaar Properties,79,179263008,147388755,87039225,60349529,40.95,21817567,38531962,26.14,94171796,63.89,26759536,18551885,8,10.13,72796823,21234920,6433342,2269152,1,5895550
FIN001102,2023-08-01,2023,8,Q3,DEV0002,DAMAC Properties,77,157019786,133484213,95208502,38275710,28.67,19001986,19273724,14.44,88337525,66.18,31812051,23394894,4,5.19,84985091,19614391,5817173,2039218,0,5339368
FIN001103,2023-08-01,2023,8,Q3,DEV0003,Aldar Properties,80,202714720,179678002,118998196,60679805,33.77,24851553,35828252,19.94,151110476,84.1,30840463,33531798,6,7.5,97753848,28934388,4544854,2533934,26,7187120
FIN001104,2023-08-01,2023,8,Q3,DEV0004,Nakheel,85,167427220,153375512,95869143,57506368,37.49,25763058,31743310,20.7,111473752,72.68,26218134,21850220,3,3.53,77620277,15338414,5568595,1969732,77,6135020
FIN001105,2023-08-01,2023,8,Q3,DEV0005,Meraas,97,212024443,176865919,115635434,61230484,34.62,28188315,33042169,18.68,109699627,62.02,39932488,31890521,9,9.28,87407771,31393914,10584210,2185819,33,7074636
FIN001106,2023-08-01,2023,8,Q3,DEV0006,Sobha Realty,73,126875898,114444971,63338775,51106195,44.66,14448816,36657379,32.03,87835028,76.75,32913541,11703961,7,9.59,48494489,21616695,5758088,1738026,1,4577798
FIN001107,2023-08-01,2023,8,Q3,DEV0007,Azizi Developments,16,23845088,19152989,10929998,8222990,42.93,2103021,6119969,31.95,13662884,71.34,5065972,3314403,0,0.0,9544463,3167889,1002431,1490318,0,766119
FIN001108,2023-08-01,2023,8,Q3,DEV0008,Danube Properties,49,68398120,63390215,41480733,21909481,34.56,9916990,11992491,18.92,38801381,61.21,14471655,14372179,5,10.2,35214920,9047099,1830391,1395880,6,2535608
FIN001109,2023-08-01,2023,8,Q3,DEV0009,Binghatti,53,87491499,83046872,54433161,28613710,34.45,12915923,15697787,18.9,53123544,63.97,18714728,19088779,4,7.55,40285178,11863828,2963161,1650783,59,3321874
FIN001110,2023-08-01,2023,8,Q3,DEV0010,Ellington Properties,44,70789708,58260517,33190905,25069611,43.03,9006045,16063566,27.57,47275472,81.14,15868542,8002852,5,11.36,28887042,4787128,2227387,1608857,50,2330420
FIN001111,2023-08-01,2023,8,Q3,DEV0011,RAK Properties,43,65325428,60873206,37162418,23710787,38.95,9701213,14009574,23.01,51236894,84.17,16306740,6929521,1,2.33,30865396,5565759,1937120,1519196,85,2434928
FIN001112,2023-08-01,2023,8,Q3,DEV0012,Tiger Properties,28,56067284,44948786,25121228,19827557,44.11,6349405,13478152,29.99,30857196,68.65,12434120,6207759,2,7.14,21220462,4331251,2359940,2002403,10,1797951
FIN001113,2023-08-01,2023,8,Q3,DEV0013,Imtiaz Developments,57,93678531,74957140,43779254,31177885,41.59,9860230,21317655,28.44,62381440,83.22,11456949,8074197,4,7.02,38873214,11999421,2433993,1643483,59,2998285
FIN001114,2023-08-01,2023,8,Q3,DEV0014,Select Group,70,80810660,68225942,48600090,19625851,28.77,7575764,12050087,17.66,45836144,67.18,18663272,15307021,5,7.14,38271069,10396433,1834566,1154438,57,2729037
FIN001115,2023-08-01,2023,8,Q3,DEV0015,Reportage Properties,4,4868624,4028169,2476511,1551657,38.52,532076,1019581,25.31,2958186,73.44,784701,526214,0,0.0,1770548,402410,132869,1217156,6,161126
FIN001116,2023-08-01,2023,8,Q3,DEV0016,Samana Developers,-7,-3617873,-3021809,-1754166,-1267642,41.95,-543035,-724607,-72460700.0,-2402388,-240238800.0,-758723,-474586,0,0.0,-1329116,-276678,-148080,516839,25,-120872
FIN001117,2023-08-01,2023,8,Q3,DEV0017,Object 1,12,17897712,16604610,9417510,7187099,43.28,2012823,5174276,31.16,10653200,64.16,4303918,3287791,0,0.0,6679557,3242772,457219,1491476,1,664184
FIN001118,2023-08-01,2023,8,Q3,DEV0018,Majid Al Futtaim,56,116551120,109776701,72370430,37406270,34.07,13321494,24084776,21.94,75491891,68.77,28996580,18598675,6,10.71,54878826,12729174,2452540,2081270,6,4391068
FIN001119,2023-08-01,2023,8,Q3,DEV0019,Dubai Properties,110,278640780,256458188,149207252,107250935,41.82,28908502,78342433,30.55,185362943,72.28,56520447,51507607,3,2.73,111036281,46490462,9803307,2533098,6,10258327
FIN001120,2023-08-01,2023,8,Q3,DEV0020,Meydan Group,76,176055824,148337048,91201472,57135575,38.52,15955026,41180549,27.76,119204109,80.36,34717332,15912596,7,9.21,67507209,11945805,8122211,2316524,12,5933481
FIN001121,2023-09-01,2023,9,Q3,DEV0001,Emaar Properties,77,149354205,125648246,83720991,41927254,33.37,20292242,21635012,17.22,82455203,65.62,28732169,22293847,9,11.69,64246890,15209044,2734498,1939665,45,5025929
FIN001122,2023-09-01,2023,9,Q3,DEV0002,DAMAC Properties,67,190357720,155368163,104190965,51177197,32.94,27917018,23260179,14.97,116073652,74.71,37040689,20795414,4,5.97,84253985,13912877,7786052,2841160,17,6214726
FIN001123,2023-09-01,2023,9,Q3,DEV0003,Aldar Properties,86,213719116,196857070,137827013,59030056,29.99,29934978,29095078,14.78,150743094,76.57,40443853,42255369,7,8.14,108011632,24652174,7415361,2485106,21,7874282
FIN001124,2023-09-01,2023,9,Q3,DEV0004,Nakheel,63,138327084,119763961,76460724,43303236,36.16,14467615,28835621,24.08,96658017,80.71,29922360,19706624,4,6.35,56668384,12770598,6886741,2195668,25,4790558
FIN001125,2023-09-01,2023,9,Q3,DEV0005,Meraas,100,198449000,170396714,103491270,66905443,39.26,28337011,38568432,22.63,138685714,81.39,37915674,34265721,5,5.0,78177128,31766373,8066785,1984490,36,6815868
FIN001126,2023-09-01,2023,9,Q3,DEV0006,Sobha Realty,67,134200866,110409449,66837875,43571573,39.46,17339047,26232526,23.76,78773034,71.35,21270585,19299414,3,4.48,50135863,11316787,4199188,2002998,28,4416377
FIN001127,2023-09-01,2023,9,Q3,DEV0007,Azizi Developments,36,36328176,31476895,18981815,12495079,39.7,4851341,7643738,24.28,19652193,62.43,7313859,4577892,3,8.33,17080514,2806293,826564,1009116,106,1259075
FIN001128,2023-09-01,2023,9,Q3,DEV0008,Danube Properties,60,88119600,76910405,52992932,23917472,31.1,13006009,10911463,14.19,52937623,68.83,13863681,16818429,5,8.33,43940178,7189096,3733816,1468660,31,3076416
FIN001129,2023-09-01,2023,9,Q3,DEV0009,Binghatti,36,48769632,41787143,28149365,13637777,32.64,7397212,6240565,14.93,25245564,60.41,12524702,6516250,1,2.78,23384865,5178964,2037485,1354712,49,1671485
FIN001130,2023-09-01,2023,9,Q3,DEV0010,Ellington Properties,32,44129440,40366314,26845338,13520975,33.5,7243458,6277517,15.55,27625724,68.44,7116992,4612362,1,3.12,22332783,5167696,1356773,1379045,65,1614652
FIN001131,2023-09-01,2023,9,Q3,DEV0011,RAK Properties,41,48212638,42184125,29277568,12906556,30.6,4294504,8612052,20.42,35104397,83.22,11118452,6356925,2,4.88,26029576,4631044,856433,1175918,39,1687365
FIN001132,2023-09-01,2023,9,Q3,DEV0012,Tiger Properties,30,43242750,35190775,21985892,13204882,37.52,4610193,8594689,24.42,21640331,61.49,8020228,5766459,1,3.33,18048263,6711757,1796602,1441425,39,1407631
FIN001133,2023-09-01,2023,9,Q3,DEV0013,Imtiaz Developments,34,62694572,54137509,30699976,23437532,43.29,5505717,17931815,33.12,42710794,78.89,15286487,8738265,2,5.88,26149344,6327682,1507181,1843958,0,2165500
FIN001134,2023-09-01,2023,9,Q3,DEV0014,Select Group,34,47174218,39505884,22948522,16557361,41.91,6996220,9561141,24.2,28340770,71.74,11825903,4027143,2,5.88,20103655,5166440,1422149,1387477,84,1580235
FIN001135,2023-09-01,2023,9,Q3,DEV0015,Reportage Properties,-1,-247679,-214472,-131645,-82826,38.62,-38591,-44235,-4423500.0,-150222,-15022200.0,-37234,-24207,0,0.0,-102918,-38938,-5050,247679,8,-8578
FIN001136,2023-09-01,2023,9,Q3,DEV0016,Samana Developers,-11,-14763969,-12927922,-9291392,-3636529,28.13,-1930341,-1706188,-170618800.0,-8835945,-883594500.0,-3548294,-2502935,0,0.0,-7387290,-1534147,-711806,1342179,21,-517116
FIN001137,2023-09-01,2023,9,Q3,DEV0017,Object 1,-2,-815608,-692598,-443127,-249470,36.02,-114149,-135321,-13532100.0,-416758,-41675800.0,-204935,-138218,0,0.0,-380646,-63227,-19060,407804,48,-27703
FIN001138,2023-09-01,2023,9,Q3,DEV0018,Majid Al Futtaim,85,213231170,171554567,108403739,63150827,36.81,17365361,45785466,26.69,106357261,62.0,46589158,39516979,9,10.59,86251648,19683659,5709196,2508602,54,6862182
FIN001139,2023-09-01,2023,9,Q3,DEV0019,Dubai Properties,55,115886760,99947638,62963984,36983653,37.0,14978697,22004956,22.02,65835764,65.87,28365752,16783087,5,9.09,56492643,17231593,5027557,2107032,22,3997905
FIN001140,2023-09-01,2023,9,Q3,DEV0020,Meydan Group,70,179312070,148214468,83171575,65042892,43.88,16394975,48647917,32.82,92678256,62.53,23867932,20385736,7,10.0,64506388,23709573,8831665,2561601,10,5928578
FIN001141,2023-10-01,2023,10,Q4,DEV0001,Emaar Properties,75,156978675,137508850,97849656,39659193,28.84,20999114,18660079,13.57,101336244,73.69,37114056,16414355,8,10.67,69259081,19750110,7430159,2093049,28,5500354
FIN001142,2023-10-01,2023,10,Q4,DEV0002,DAMAC Properties,56,110265680,88708735,60589946,28118788,31.7,11923163,16195625,18.26,70874187,79.9,21314302,11417480,4,7.14,43838729,9964890,3721387,1969030,28,3548349
FIN001143,2023-10-01,2023,10,Q4,DEV0003,Aldar Properties,117,246505311,223774094,132387787,91386306,40.84,36131410,55254896,24.69,163266419,72.96,50795579,42251781,4,3.42,103861479,20596951,11080727,2106883,16,8950963
FIN001144,2023-10-01,2023,10,Q4,DEV0004,Nakheel,106,221767688,187573354,120618204,66955149,35.7,31273333,35681816,19.02,135762901,72.38,40713385,19529491,7,6.6,90626590,28546070,9801508,2092148,53,7502934
FIN001145,2023-10-01,2023,10,Q4,DEV0005,Meraas,69,207485208,192110567,133169967,58940599,30.68,24144280,34796319,18.11,139938403,72.84,35913542,27016816,5,7.25,102559913,28498210,9364601,3007032,0,7684422
FIN001146,2023-10-01,2023,10,Q4,DEV0006,Sobha Realty,78,212510922,201820495,126511658,75308836,37.31,33035747,42273089,20.95,145215056,71.95,55628333,24995733,9,11.54,98965121,31847789,6013996,2724499,15,8072819
FIN001147,2023-10-01,2023,10,Q4,DEV0007,Azizi Developments,55,88226380,79539051,54099602,25439448,31.98,10998916,14440532,18.16,57552455,72.36,15060831,11461925,4,7.27,43565031,10062806,4748232,1604116,35,3181562
FIN001148,2023-10-01,2023,10,Q4,DEV0008,Danube Properties,32,65238016,53739758,34052584,19687173,36.63,6116162,13571011,25.25,42657239,79.38,13863874,5887981,3,9.38,30259133,10394283,1270146,2038688,5,2149590
FIN001149,2023-10-01,2023,10,Q4,DEV0009,Binghatti,24,44218200,37839391,27013946,10825444,28.61,6069304,4756140,12.57,23491218,62.08,5788426,7744999,1,4.17,22200092,3399732,1538404,1842425,21,1513575
FIN001150,2023-10-01,2023,10,Q4,DEV0010,Ellington Properties,13,19002750,16556274,10451392,6104881,36.87,1845758,4259123,25.73,11307619,68.3,4060907,1754188,0,0.0,8512208,2152244,975213,1461750,5,662250
FIN001151,2023-10-01,2023,10,Q4,DEV0011,RAK Properties,29,42495469,40220341,28297648,11922692,29.64,7189929,4732763,11.77,29126559,72.42,11588984,4678745,1,3.45,20897188,6852195,1870300,1465361,90,1608813
FIN001152,2023-10-01,2023,10,Q4,DEV0012,Tiger Properties,74,89740096,73751242,49074510,24676731,33.46,12852074,11824657,16.03,56546895,76.67,18670030,12554050,7,9.46,40736694,11646492,2524259,1212704,65,2950049
FIN001153,2023-10-01,2023,10,Q4,DEV0013,Imtiaz Developments,44,53228912,46910526,30858824,16051701,34.22,5174414,10877287,23.19,33451828,71.31,10854029,5232175,1,2.27,23838749,7177789,1252559,1209748,9,1876421
FIN001154,2023-10-01,2023,10,Q4,DEV0014,Select Group,68,135695496,125894000,70769990,55124009,43.79,17893982,37230027,29.57,81217663,64.51,37227930,30783272,2,2.94,53833428,14201792,2535734,1995522,23,5035760
FIN001155,2023-10-01,2023,10,Q4,DEV0015,Reportage Properties,36,37578528,32489845,19126781,13363063,41.13,5563773,7799290,24.01,25084662,77.21,6116605,6626483,3,8.33,17174956,3723642,1446152,1043848,36,1299593
FIN001156,2023-10-01,2023,10,Q4,DEV0016,Samana Developers,41,37915939,34804016,21779521,13024494,37.42,4612800,8411694,24.17,22792222,65.49,5589018,3887447,3,7.32,15292582,5376915,1844769,924779,33,1392160
FIN001157,2023-10-01,2023,10,Q4,DEV0017,Object 1,32,60833248,54778076,39143985,15634090,28.54,8802090,6832000,12.47,46366557,84.64,14623009,8100087,2,6.25,34359999,6248104,3093144,1901039,26,2191123
FIN001158,2023-10-01,2023,10,Q4,DEV0018,Majid Al Futtaim,70,162930810,147181981,105651721,41530259,28.22,22152107,19378152,13.17,96141448,65.32,40497094,16215174,3,4.29,81977338,16673556,8759747,2327583,26,5887279
FIN001159,2023-10-01,2023,10,Q4,DEV0019,Dubai Properties,90,204619410,180941592,105470156,75471435,41.71,29431241,46040194,25.44,133047631,73.53,27199628,40132489,7,7.78,92346925,19286124,4654580,2273549,6,7237663
FIN001160,2023-10-01,2023,10,Q4,DEV0020,Meydan Group,71,148094214,135476428,92530553,42945874,31.7,14746401,28199473,20.82,109454336,80.79,36077921,15757738,4,5.63,69117865,26317234,4310348,2085834,54,5419057
FIN001161,2023-11-01,2023,11,Q4,DEV0001,Emaar Properties,62,140635902,113909064,68613059,45296004,39.77,20099504,25196500,22.12,89202663,78.31,23913904,26694166,4,6.45,52510157,17711971,3422739,2268321,15,4556362
FIN001162,2023-11-01,2023,11,Q4,DEV0002,DAMAC Properties,75,172097925,158884365,98689871,60194493,37.89,22338918,37855575,23.83,116621397,73.4,36978314,36684254,4,5.33,83031164,26598036,4498361,2294639,68,6355374
FIN001163,2023-11-01,2023,11,Q4,DEV0003,Aldar Properties,71,148921577,128448442,88226752,40221689,31.31,21651241,18570448,14.46,94682464,73.71,38057567,22023458,7,9.86,63564651,15319956,3120960,2097487,40,5137937
FIN001164,2023-11-01,2023,11,Q4,DEV0004,Nakheel,87,160294020,128465626,79637619,48828006,38.01,23049957,25778049,20.07,99964805,77.81,33585765,27259870,3,3.45,69447338,25587600,7306442,1842460,40,5138625
FIN001165,2023-11-01,2023,11,Q4,DEV0005,Meraas,82,201359528,174853219,102550838,72302380,41.35,21261212,51041168,29.19,126999719,72.63,42362651,21500932,6,7.32,89166591,30479442,4307626,2455604,39,6994128
FIN001166,2023-11-01,2023,11,Q4,DEV0006,Sobha Realty,48,112020768,94229163,67130361,27098801,28.76,16680752,10418049,11.06,64819484,68.79,16328935,15014179,1,2.08,52511526,14873608,5219284,2333766,13,3769166
FIN001167,2023-11-01,2023,11,Q4,DEV0007,Azizi Developments,64,92265920,77606536,52220357,25386178,32.71,13121878,12264300,15.8,49608357,63.92,15840121,14695953,6,9.38,37438961,8545052,2894113,1441655,16,3104261
FIN001168,2023-11-01,2023,11,Q4,DEV0008,Danube Properties,47,82738236,70668573,50123908,20544664,29.07,10616914,9927750,14.05,48905889,69.2,14741869,10070305,1,2.13,42753508,11213932,3047955,1760388,2,2826742
FIN001169,2023-11-01,2023,11,Q4,DEV0009,Binghatti,66,102459588,94195767,53766484,40429282,42.92,12256602,28172680,29.91,78195439,83.01,16133641,16640116,3,4.55,45399277,14029202,5415162,1552418,2,3767830
FIN001170,2023-11-01,2023,11,Q4,DEV0010,Ellington Properties,24,43256160,36090623,20050287,16040335,44.44,5852358,10187977,28.23,22911198,63.48,5610932,4454016,2,8.33,15967903,6109788,1138333,1802340,16,1443624
FIN001171,2023-11-01,2023,11,Q4,DEV0011,RAK Properties,52,60752432,57299156,38158163,19140992,33.41,7662940,11478052,20.03,35317163,61.64,12526115,12830879,4,7.69,31647269,7022384,1844320,1168316,11,2291966
FIN001172,2023-11-01,2023,11,Q4,DEV0012,Tiger Properties,34,52315970,43760922,30138814,13622107,31.13,4969066,8653041,19.77,34757482,79.43,12866490,8962548,2,5.88,25582679,7735709,2447686,1538705,11,1750436
FIN001173,2023-11-01,2023,11,Q4,DEV0013,Imtiaz Developments,48,64696896,57106372,40146368,16960003,29.7,9805511,7154492,12.53,36385416,63.72,16056954,12459552,2,4.17,35424174,5799669,2249405,1347852,10,2284254
FIN001174,2023-11-01,2023,11,Q4,DEV0014,Select Group,45,77517900,62755970,36542344,26213625,41.77,9808781,16404844,26.14,43219671,68.87,16552464,9288471,4,8.89,27938542,9242032,1668367,1722620,31,2510238
FIN001175,2023-11-01,2023,11,Q4,DEV0015,Reportage Properties,26,23553374,20587656,14639897,5947758,28.89,2386069,3561689,17.3,14164770,68.8,3178143,4696957,2,7.69,12262693,1711644,491552,905899,23,823506
FIN001176,2023-11-01,2023,11,Q4,DEV0016,Samana Developers,29,13512579,11941271,8051227,3890043,32.58,1761068,2128975,17.83,8916562,74.67,3483561,1693122,2,6.9,6629316,1349642,496953,465951,7,477650
FIN001177,2023-11-01,2023,11,Q4,DEV0017,Object 1,-3,-2915742,-2395999,-1413434,-982564,41.01,-304425,-678139,-67813900.0,-1683973,-168397300.0,-698376,-519682,0,0.0,-1071031,-284519,-57812,971914,52,-95839
FIN001178,2023-11-01,2023,11,Q4,DEV0018,Majid Al Futtaim,69,141628089,134387788,84302703,50085084,37.27,15908779,34176305,25.43,102854142,76.54,26557163,32686141,2,2.9,63337036,17089906,5720505,2052581,5,5375511
FIN001179,2023-11-01,2023,11,Q4,DEV0019,Dubai Properties,68,102050456,88847363,60675174,28172188,31.71,11447499,16724689,18.82,61010523,68.67,13457898,11991615,5,7.35,48964230,15119052,3358225,1500742,20,3553894
FIN001180,2023-11-01,2023,11,Q4,DEV0020,Meydan Group,60,129096180,113031002,71375884,41655117,36.85,11841724,29813393,26.38,76729259,67.88,20077799,24725847,6,10.0,58642435,17223285,4844785,2151603,33,4521240
FIN001181,2023-12-01,2023,12,Q4,DEV0001,Emaar Properties,70,133844200,122317818,69575385,52742432,43.12,18343220,34399212,28.12,85280844,69.72,25888644,29457246,3,4.29,48734348,23194903,5757702,1912060,39,4892712
FIN001182,2023-12-01,2023,12,Q4,DEV0002,DAMAC Properties,64,136636032,117711786,76045591,41666194,35.4,12740629,28925565,24.57,82822725,70.36,29923844,13637045,2,3.12,63209717,15517621,4122911,2134938,23,4708471
FIN001183,2023-12-01,2023,12,Q4,DEV0003,Aldar Properties,54,130404546,116119392,80542544,35576847,30.64,13179194,22397653,19.29,91125175,78.48,20979966,14423098,3,5.56,69348455,19739361,2506970,2414899,21,4644775
FIN001184,2023-12-01,2023,12,Q4,DEV0004,Nakheel,87,192835065,181054914,129053776,52001137,28.72,23294474,28706663,15.86,151876767,83.88,31341778,39076244,2,2.3,114592876,30394234,4437853,2216495,27,7242196
FIN001185,2023-12-01,2023,12,Q4,DEV0005,Meraas,73,155194788,133504213,77962999,55541213,41.6,22283455,33257758,24.91,91711039,68.7,26443123,23258805,3,4.11,55022195,19896982,7766482,2125956,8,5340168
FIN001186,2023-12-01,2023,12,Q4,DEV0006,Sobha Realty,94,254458470,241036003,148486407,92549595,38.4,27276368,65273227,27.08,187928170,77.97,48656066,31147896,7,7.45,131815063,39969306,14409959,2707005,7,9641440
FIN001187,2023-12-01,2023,12,Q4,DEV0007,Azizi Developments,26,48019036,41501066,28236666,13264399,31.96,6102842,7161557,17.26,33059202,79.66,10578509,5584455,2,7.69,24464212,7136726,1935146,1846886,21,1660042
FIN001188,2023-12-01,2023,12,Q4,DEV0008,Danube Properties,17,34868870,33081510,21028909,12052600,36.43,4988672,7063928,21.35,24774613,74.89,6148930,7540870,1,5.88,17026765,4214349,1178783,2051110,37,1323260
FIN001189,2023-12-01,2023,12,Q4,DEV0009,Binghatti,47,93471203,84358389,57475335,26883053,31.87,12002630,14880423,17.64,51591671,61.16,22029719,20696135,3,6.38,40853146,11289240,5033080,1988749,29,3374335
FIN001190,2023-12-01,2023,12,Q4,DEV0010,Ellington Properties,35,61081055,57026024,35943085,21082938,36.97,8331347,12751591,22.36,36071152,63.25,11329335,8487857,4,11.43,27461003,8173410,1721148,1745173,19,2281040
FIN001191,2023-12-01,2023,12,Q4,DEV0011,RAK Properties,28,46794860,38933733,26525600,12408132,31.87,5534796,6873336,17.65,30192073,77.55,9195490,9282434,0,0.0,18669201,4396289,1320222,1671245,21,1557349
FIN001192,2023-12-01,2023,12,Q4,DEV0012,Tiger Properties,20,19003800,15349244,9888221,5461022,35.58,1614463,3846559,25.06,11168482,72.76,4336098,2630228,1,5.0,8717824,2113130,608245,950190,23,613969
FIN001193,2023-12-01,2023,12,Q4,DEV0013,Imtiaz Developments,32,51641248,48542459,28106041,20436417,42.1,7397324,13039093,26.86,40771119,83.99,9926827,8617942,3,9.38,23942736,4659319,2644951,1613789,14,1941698
FIN001194,2023-12-01,2023,12,Q4,DEV0014,Select Group,22,32757274,27363230,17344257,10018972,36.61,3923995,6094977,22.27,21994326,80.38,7845877,6726378,1,4.55,14170566,3075054,1231624,1488967,38,1094529
FIN001195,2023-12-01,2023,12,Q4,DEV0015,Reportage Properties,25,17345475,13903414,8771455,5131958,36.91,1467913,3664045,26.35,9942192,71.51,3522012,2921522,1,4.0,7157256,2419082,830936,693819,24,556136
FIN001196,2023-12-01,2023,12,Q4,DEV0016,Samana Developers,31,19349425,18194521,12654696,5539824,30.45,2613255,2926569,16.08,12375653,68.02,3936068,3098063,2,6.45,9692207,2182687,474003,624175,26,727780
FIN001197,2023-12-01,2023,12,Q4,DEV0017,Object 1,-2,-1836956,-1739882,-1021671,-718210,41.28,-238976,-479234,-47923400.0,-1418626,-141862600.0,-376925,-293515,0,0.0,-835346,-251820,-103470,918478,18,-69595
FIN001198,2023-12-01,2023,12,Q4,DEV0018,Majid Al Futtaim,89,198239579,176217204,115404050,60813153,34.51,25800767,35012386,19.87,106877350,60.65,40449124,26228849,9,10.11,83144598,25859621,5179406,2227411,29,7048688
FIN001199,2023-12-01,2023,12,Q4,DEV0019,Dubai Properties,59,128505658,118634783,81371972,37262810,31.41,21340296,15922514,13.42,94881065,79.98,31892011,17157843,2,3.39,60774090,10222896,4422638,2178062,23,4745391
FIN001200,2023-12-01,2023,12,Q4,DEV0020,Meydan Group,64,159972352,131630661,79962311,51668349,39.25,13610202,38058147,28.91,107514317,81.68,25421082,14799846,3,4.69,65621137,14203594,4415322,2499568,19,5265226
FIN001201,2024-01-01,2024,1,Q1,DEV0001,Emaar Properties,77,149264192,127921549,77655014,50266534,39.29,16382946,33883588,26.49,94889626,74.18,34994185,22609972,3,3.9,58450690,11470424,7106157,1938496,2,5116861
FIN001202,2024-01-01,2024,1,Q1,DEV0002,DAMAC Properties,89,168232606,148913408,93382018,55531389,37.29,16764783,38766606,26.03,126007400,84.62,40405187,21222886,8,8.99,82247702,20974543,5610945,1890254,12,5956536
FIN001203,2024-01-01,2024,1,Q1,DEV0003,Aldar Properties,56,89332768,78797814,48680471,30117342,38.22,12426775,17690567,22.45,47960493,60.87,21034012,16473262,3,5.36,38876264,7097327,4029739,1595228,80,3151912
FIN001204,2024-01-01,2024,1,Q1,DEV0004,Nakheel,63,148112118,127233731,71407244,55826486,43.88,15756450,40070036,31.49,98380310,77.32,33357815,21449190,4,6.35,52234430,12089457,3731958,2350986,2,5089349
FIN001205,2024-01-01,2024,1,Q1,DEV0005,Meraas,67,121964991,101200636,63400196,37800439,37.35,11398789,26401650,26.09,71894390,71.04,18396584,21224190,7,10.45,48686119,10119197,5629724,1820373,49,4048025
FIN001206,2024-01-01,2024,1,Q1,DEV0006,Sobha Realty,72,142455456,124220192,82719577,41500614,33.41,16164650,25335964,20.4,100061343,80.55,35432378,25886073,4,5.56,63395352,19329141,3030920,1978548,22,4968807
FIN001207,2024-01-01,2024,1,Q1,DEV0007,Azizi Developments,39,71110338,65706264,44992394,20713869,31.52,11186396,9527473,14.5,48050715,73.13,15277181,9445336,2,5.13,35190363,7906543,2123361,1823342,2,2628250
FIN001208,2024-01-01,2024,1,Q1,DEV0008,Danube Properties,29,34792808,30265368,17897084,12368283,40.87,3128383,9239900,30.53,23782998,78.58,7123307,6503871,2,6.9,14960353,2723506,1744943,1199752,69,1210614
FIN001209,2024-01-01,2024,1,Q1,DEV0009,Binghatti,60,96866520,86962671,54778244,32184426,37.01,12207885,19976541,22.97,71027217,81.68,23596373,15710471,3,5.0,44837817,14958907,5101505,1614442,12,3478506
FIN001210,2024-01-01,2024,1,Q1,DEV0010,Ellington Properties,33,41892675,35437604,23498844,11938759,33.69,4867166,7071593,19.96,27097555,76.47,5670531,6769035,3,9.09,20792776,4733368,725742,1269475,3,1417504
FIN001211,2024-01-01,2024,1,Q1,DEV0011,RAK Properties,52,71219720,65899932,44373935,21525996,32.66,7607296,13918700,21.12,45792482,69.49,13255207,6696633,3,5.77,39489653,9644224,3096112,1369610,28,2635997
FIN001212,2024-01-01,2024,1,Q1,DEV0012,Tiger Properties,54,120851136,106238496,65741454,40497041,38.12,14729541,25767500,24.25,70244684,66.12,30049118,22192284,5,9.26,48778105,10719312,5197604,2237984,13,4249539
FIN001213,2024-01-01,2024,1,Q1,DEV0013,Imtiaz Developments,61,119029361,110106307,62378429,47727877,43.35,12519485,35208392,31.98,71229542,64.69,31874237,13879665,3,4.92,55609832,8991160,4481353,1951301,23,4404252
FIN001214,2024-01-01,2024,1,Q1,DEV0014,Select Group,53,73058062,66944393,43100729,23843663,35.62,11245182,12598481,18.82,56076612,83.77,14992011,16012083,3,5.66,38343169,5559698,1554881,1378454,13,2677775
FIN001215,2024-01-01,2024,1,Q1,DEV0015,Reportage Properties,34,18375878,14943005,10496658,4446346,29.76,2519462,1926884,12.89,9732815,65.13,2557620,3552063,3,8.82,7492674,2935811,316132,540467,22,597720
FIN001216,2024-01-01,2024,1,Q1,DEV0016,Samana Developers,17,17401744,14852593,9846118,5006474,33.71,2217591,2788883,18.78,12230947,82.35,2505854,3475386,1,5.88,7369561,2520967,499936,1023632,22,594103
FIN001217,2024-01-01,2024,1,Q1,DEV0017,Object 1,-1,-894228,-823218,-480556,-342661,41.62,-120345,-222316,-22231600.0,-553627,-55362700.0,-152505,-147445,0,0.0,-410103,-138960,-33503,894228,9,-32928
FIN001218,2024-01-01,2024,1,Q1,DEV0018,Majid Al Futtaim,82,150636952,133806555,81871606,51934948,38.81,14372938,37562010,28.07,103171143,77.1,37810818,13899112,5,6.1,58552628,14556919,7607152,1837036,16,5352262
FIN001219,2024-01-01,2024,1,Q1,DEV0019,Dubai Properties,95,229589540,217093593,150695333,66398259,30.59,36481058,29917201,13.78,154405020,71.12,44209542,37921755,3,3.16,107335988,36980963,11216271,2416732,15,8683743
FIN001220,2024-01-01,2024,1,Q1,DEV0020,Meydan Group,89,201166344,162673986,114615306,48058679,29.54,18361139,29697540,18.26,107643857,66.17,47215328,29291906,4,4.49,92513626,17558609,5730144,2260296,37,6506959
FIN001221,2024-02-01,2024,2,Q1,DEV0001,Emaar Properties,68,179412424,168900078,95741755,73158322,43.31,22791800,50366522,29.82,120363219,71.26,45679959,30085223,3,4.41,75161325,19922463,5933817,2638418,2,6756003
FIN001222,2024-02-01,2024,2,Q1,DEV0002,DAMAC Properties,60,137298960,115856526,68034153,47822372,41.28,18162361,29660011,25.6,78109762,67.42,18116580,20431320,2,3.33,52878546,22386701,2553278,2288316,24,4634261
FIN001223,2024-02-01,2024,2,Q1,DEV0003,Aldar Properties,101,240343034,206821842,136666745,70155096,33.92,28842985,41312111,19.97,167465205,80.97,31937113,39534348,8,7.92,118127456,21990250,4260574,2379634,15,8272873
FIN001224,2024-02-01,2024,2,Q1,DEV0004,Nakheel,100,213463400,193607888,116277105,77330782,39.94,27308424,50022358,25.84,119823544,61.89,34576121,45107197,10,10.0,104005244,31761291,4489570,2134634,12,7744315
FIN001225,2024-02-01,2024,2,Q1,DEV0005,Meraas,93,177057213,151733342,87232551,64500790,42.51,24341061,40159729,26.47,120284888,79.27,26028512,28504522,7,7.53,76733759,15853252,5056394,1903841,23,6069333
FIN001226,2024-02-01,2024,2,Q1,DEV0006,Sobha Realty,70,139829620,116758418,66129705,50628712,43.36,15065506,35563206,30.46,73999916,63.38,30551459,20940931,6,8.57,55307308,18462059,6310653,1997566,35,4670336
FIN001227,2024-02-01,2024,2,Q1,DEV0007,Azizi Developments,54,77801418,73795816,45240196,28555619,38.7,10298859,18256760,24.74,54251307,73.52,16036949,12945744,6,11.11,33647481,9878680,3424757,1440767,76,2951832
FIN001228,2024-02-01,2024,2,Q1,DEV0008,Danube Properties,34,65989818,55613443,38348301,17265141,31.04,8486939,8778202,15.78,46438627,83.5,15355034,11261665,3,8.82,28994977,9673858,2460258,1940877,5,2224537
FIN001229,2024-02-01,2024,2,Q1,DEV0009,Binghatti,52,59473076,50245807,33830770,16415036,32.67,5302050,11112986,22.12,30415376,60.53,12732114,12001948,5,9.62,28560930,9614061,2833534,1143713,26,2009832
FIN001230,2024-02-01,2024,2,Q1,DEV0010,Ellington Properties,47,94604185,84862240,52041678,32820561,38.68,8702402,24118159,28.42,67342048,79.35,13277948,14293873,3,6.38,44853067,8937397,3650310,2012855,13,3394489
FIN001231,2024-02-01,2024,2,Q1,DEV0011,RAK Properties,26,37801738,32471073,23132046,9339026,28.76,4441432,4897594,15.08,20322213,62.59,6929004,4886148,2,7.69,20015111,3414447,1309181,1453913,1,1298842
FIN001232,2024-02-01,2024,2,Q1,DEV0012,Tiger Properties,45,56296080,48433002,27367662,21065339,43.49,7943205,13122134,27.09,29783453,61.49,12555512,10929867,5,11.11,22264594,6603038,2211173,1251024,12,1937320
FIN001233,2024-02-01,2024,2,Q1,DEV0013,Imtiaz Developments,43,78920222,66840885,47769690,19071194,28.53,8918463,10152731,15.19,52087742,77.93,20025894,11629775,4,9.3,42975830,6025810,1352264,1835354,16,2673635
FIN001234,2024-02-01,2024,2,Q1,DEV0014,Select Group,16,26801184,24687112,16709251,7977860,32.32,3127836,4850024,19.65,17474647,70.78,6603283,4647530,0,0.0,14624156,4037749,616129,1675074,5,987484
FIN001235,2024-02-01,2024,2,Q1,DEV0015,Reportage Properties,21,21854028,17978721,11569588,6409132,35.65,2561760,3847372,21.4,14788593,82.26,5326288,2163152,1,4.76,9530722,2361649,849374,1040668,24,719148
FIN001236,2024-02-01,2024,2,Q1,DEV0016,Samana Developers,19,19022401,16428500,9553982,6874517,41.85,2241645,4632872,28.2,12641858,76.95,2877433,2597573,1,5.26,7361926,1864176,334746,1001179,50,657140
FIN001237,2024-02-01,2024,2,Q1,DEV0017,Object 1,-30,-17256240,-13871866,-8299369,-5572496,40.17,-2372053,-3200443,-320044300.0,-10473416,-1047341600.0,-3950866,-3353706,-1,-100.0,-6681605,-1682555,-370386,575208,23,-554874
FIN001238,2024-02-01,2024,2,Q1,DEV0018,Majid Al Futtaim,70,137733540,111554160,61594724,49959435,44.78,13601009,36358426,32.59,75584963,67.76,29892727,27226999,7,10.0,45452845,13549930,6680070,1967622,22,4462166
FIN001239,2024-02-01,2024,2,Q1,DEV0019,Dubai Properties,54,118766196,110962663,78605311,32357351,29.16,15600675,16756676,15.1,90547493,81.6,30901999,20670557,5,9.26,68624539,13446308,5785963,2199374,3,4438506
FIN001240,2024-02-01,2024,2,Q1,DEV0020,Meydan Group,110,226126780,200507862,113598668,86909193,43.34,21683562,65225631,32.53,138217077,68.93,55344847,49194465,5,4.55,91789374,27407626,8937201,2055698,24,8020314
FIN001241,2024-03-01,2024,3,Q1,DEV0001,Emaar Properties,74,187263882,160894872,103952908,56941963,35.39,18992389,37949574,23.59,118172137,73.45,44046669,33408591,7,9.46,76564330,21304155,5137697,2530593,4,6435794
FIN001242,2024-03-01,2024,3,Q1,DEV0002,DAMAC Properties,83,236031831,200902079,133688314,67213764,33.46,31367308,35846456,17.84,154232126,76.77,33682839,50128431,3,3.61,117338893,34067998,11637498,2843757,20,8036083
FIN001243,2024-03-01,2024,3,Q1,DEV0003,Aldar Properties,60,153533580,144781280,84571557,60209722,41.59,17983568,42226154,29.17,88085909,60.84,38869442,33025787,4,6.67,65747689,22415586,7298419,2558893,111,5791251
FIN001244,2024-03-01,2024,3,Q1,DEV0004,Nakheel,65,128788465,120552823,75157129,45395693,37.66,14542024,30853669,25.59,86871610,72.06,30559385,28531597,5,7.69,63155455,15525470,3716842,1981361,4,4822112
FIN001245,2024-03-01,2024,3,Q1,DEV0005,Meraas,89,198533991,180670227,125996069,54674157,30.26,19654486,35019671,19.38,140773183,77.92,54109270,21337392,10,11.24,101453253,31095786,4837937,2230719,17,7226809
FIN001246,2024-03-01,2024,3,Q1,DEV0006,Sobha Realty,93,226549674,192430360,122198445,70231914,36.5,23963989,46267925,24.04,133082692,69.16,30810731,30680400,11,11.83,86538189,20589615,11094769,2436018,42,7697214
FIN001247,2024-03-01,2024,3,Q1,DEV0007,Azizi Developments,31,43086869,35449876,20014502,15435373,43.54,4127285,11308088,31.9,25932203,73.15,8242631,6660950,2,6.45,15592274,6509297,1739215,1389899,25,1417995
FIN001248,2024-03-01,2024,3,Q1,DEV0008,Danube Properties,45,50208660,45595660,27954808,17640851,38.69,6536162,11104689,24.35,32369378,70.99,10021849,6117414,1,2.22,20528593,6555339,1553600,1115748,10,1823826
FIN001249,2024-03-01,2024,3,Q1,DEV0009,Binghatti,39,41209116,37313967,21616084,15697882,42.07,3942312,11755570,31.5,30626983,82.08,8888147,7998886,3,7.69,18541226,4868221,1319824,1056644,17,1492558
FIN001250,2024-03-01,2024,3,Q1,DEV0010,Ellington Properties,46,76003454,69008892,42900560,26108331,37.83,11144132,14964199,21.68,51351722,74.41,12508097,11759512,4,8.7,30961615,9473681,1516684,1652249,52,2760355
FIN001251,2024-03-01,2024,3,Q1,DEV0011,RAK Properties,31,45767625,38411877,25823692,12588184,32.77,6780376,5807808,15.12,27667654,72.03,7741899,6694365,2,6.45,22014353,5960360,1973019,1476375,0,1536475
FIN001252,2024-03-01,2024,3,Q1,DEV0012,Tiger Properties,27,44358246,42011489,26021496,15989992,38.06,4467689,11522303,27.43,34016484,80.97,12013530,9957007,1,3.7,23332375,7632245,1586697,1642898,17,1680459
FIN001253,2024-03-01,2024,3,Q1,DEV0013,Imtiaz Developments,77,102688663,88697521,57881682,30815838,34.74,9725550,21090288,23.78,67505024,76.11,15077065,11074300,4,5.19,42681410,15198190,3787176,1333619,20,3547900
FIN001254,2024-03-01,2024,3,Q1,DEV0014,Select Group,55,102688795,88439320,55350357,33088962,37.41,12540406,20548556,23.23,65072478,73.58,17190746,11479305,4,7.27,47110691,8432100,1984530,1867069,20,3537572
FIN001255,2024-03-01,2024,3,Q1,DEV0015,Reportage Properties,32,31568288,27549817,19437552,8112264,29.45,4646930,3465334,12.58,20919198,75.93,6841498,5787250,3,9.38,15548288,4633057,767391,986509,12,1101992
FIN001256,2024-03-01,2024,3,Q1,DEV0016,Samana Developers,1,1322827,1241689,708019,533669,42.98,135488,398181,32.07,752409,60.6,355397,301708,0,0.0,618564,171465,71832,1322827,7,49667
FIN001257,2024-03-01,2024,3,Q1,DEV0017,Object 1,23,21475215,17902275,12826456,5075818,28.35,2917264,2158554,12.06,13643135,76.21,3059099,3928003,1,4.35,9786415,2467733,859178,933705,3,716091
FIN001258,2024-03-01,2024,3,Q1,DEV0018,Majid Al Futtaim,104,206234704,166002219,100578818,65423400,39.41,21338647,44084753,26.56,133878109,80.65,41025479,38512722,6,5.77,89747450,18230513,6091830,1983026,20,6640088
FIN001259,2024-03-01,2024,3,Q1,DEV0019,Dubai Properties,82,217173556,181492432,103657141,77835290,42.89,23728282,54107008,29.81,133894393,73.77,39526694,18923707,8,9.76,75742050,21786968,9830134,2648458,44,7259697
FIN001260,2024-03-01,2024,3,Q1,DEV0020,Meydan Group,71,179461233,154505845,100013437,54492407,35.27,22593543,31898864,20.65,117436177,76.01,29150958,15639039,7,9.86,78994796,29891275,8584959,2527623,5,6180233
FIN001261,2024-04-01,2024,4,Q2,DEV0001,Emaar Properties,98,205187010,176786702,109009522,67777179,38.34,27744129,40033050,22.64,108572368,61.41,51072034,21298889,10,10.2,97901097,28863801,6532660,2093745,3,7071468
FIN001262,2024-04-01,2024,4,Q2,DEV0002,DAMAC Properties,70,147418810,127832245,70398516,57433728,44.93,16689669,40744059,31.87,105365510,82.42,29884560,29064398,7,10.0,53981848,24065157,5596684,2105983,15,5113289
FIN001263,2024-04-01,2024,4,Q2,DEV0003,Aldar Properties,52,115432252,98125519,62245409,35880109,36.57,13639654,22240455,22.67,64288238,65.52,15126790,20736267,5,9.62,52308341,14663695,3074152,2219851,9,3925020
FIN001264,2024-04-01,2024,4,Q2,DEV0004,Nakheel,65,141696555,119747067,86016063,33731003,28.17,12477805,21253198,17.75,80781615,67.46,33089077,14038451,6,9.23,72681448,19719838,3235651,2179947,85,4789882
FIN001265,2024-04-01,2024,4,Q2,DEV0005,Meraas,86,206465704,166985853,119389040,47596812,28.5,22826998,24769814,14.83,135806220,81.33,30770662,32298695,4,4.65,97708844,25202831,5630091,2400764,55,6679434
FIN001266,2024-04-01,2024,4,Q2,DEV0006,Sobha Realty,75,166197375,145064067,99844765,45219301,31.17,22298982,22920319,15.8,87604024,60.39,33630964,22211345,6,8.0,77557811,20544894,6399464,2215965,44,5802562
FIN001267,2024-04-01,2024,4,Q2,DEV0007,Azizi Developments,41,74629512,69789056,49107617,20681438,29.63,9550386,11131052,15.95,57803228,82.83,17659061,12688129,4,9.76,43416651,13554337,2870972,1820232,30,2791562
FIN001268,2024-04-01,2024,4,Q2,DEV0008,Danube Properties,26,43410406,38110496,23301310,14809185,38.86,4557177,10252008,26.9,28222821,74.06,6379038,5303987,1,3.85,17785840,3131453,1060015,1669631,67,1524419
FIN001269,2024-04-01,2024,4,Q2,DEV0009,Binghatti,27,27314577,24034776,13585710,10449065,43.47,3679788,6769277,28.16,15389615,64.03,5912564,5842850,1,3.7,11831355,3566186,846114,1011651,6,961391
FIN001270,2024-04-01,2024,4,Q2,DEV0010,Ellington Properties,36,38592360,32552377,21229657,11322719,34.78,4694250,6628469,20.36,24649342,75.72,5712175,7426317,2,5.56,16680805,5175576,1921101,1072010,4,1302095
FIN001271,2024-04-01,2024,4,Q2,DEV0011,RAK Properties,26,36535174,30543059,17446002,13097056,42.88,4005866,9091190,29.77,18399543,60.24,8398209,4377605,1,3.85,13226568,4364075,1359887,1405199,15,1221722
FIN001272,2024-04-01,2024,4,Q2,DEV0012,Tiger Properties,33,42464004,37627556,26115919,11511636,30.59,5781972,5729664,15.23,24231979,64.4,10061686,4836899,3,9.09,20081012,5707821,1060199,1286788,23,1505102
FIN001273,2024-04-01,2024,4,Q2,DEV0013,Imtiaz Developments,31,38825423,34042388,19711063,14331324,42.1,4534575,9796749,28.78,24668242,72.46,6278330,5622300,2,6.45,14848396,6691220,1219074,1252433,33,1361695
FIN001274,2024-04-01,2024,4,Q2,DEV0014,Select Group,35,59604650,50414220,35463819,14950400,29.66,8237423,6712977,13.32,38676441,76.72,12624279,10463653,3,8.57,29820556,9731169,2075618,1702990,2,2016568
FIN001275,2024-04-01,2024,4,Q2,DEV0015,Reportage Properties,34,46541308,39357957,26138694,13219262,33.59,4635009,8584253,21.81,28328459,71.98,9508248,6900622,1,2.94,21456245,4744485,1210708,1368862,7,1574318
FIN001276,2024-04-01,2024,4,Q2,DEV0016,Samana Developers,-13,-11968710,-9820422,-6534563,-3285858,33.46,-1157545,-2128313,-212831300.0,-7609730,-760973000.0,-1650542,-1492470,0,0.0,-5361368,-1241936,-341789,920670,9,-392816
FIN001277,2024-04-01,2024,4,Q2,DEV0017,Object 1,-9,-6612615,-5946007,-3378569,-2567437,43.18,-802730,-1764707,-176470700.0,-4727234,-472723400.0,-1086392,-1393553,-1,-100.0,-2399543,-600454,-146302,734735,2,-237840
FIN001278,2024-04-01,2024,4,Q2,DEV0018,Majid Al Futtaim,72,137936448,113385920,77431065,35954854,31.71,15434511,20520343,18.1,91684961,80.86,28669404,22391440,6,8.33,59365654,20657285,6171635,1915784,2,4535436
FIN001279,2024-04-01,2024,4,Q2,DEV0019,Dubai Properties,72,134766360,125285686,71124811,54160874,43.23,19085265,35075609,28.0,91513819,73.04,21275642,17803233,7,9.72,51780645,20275777,3697388,1871755,19,5011427
FIN001280,2024-04-01,2024,4,Q2,DEV0020,Meydan Group,78,190242000,175142652,114692633,60450018,34.51,26346822,34103196,19.47,125942864,71.91,39669227,19685709,4,5.13,89593255,30620252,7004322,2439000,1,7005706
FIN001281,2024-05-01,2024,5,Q2,DEV0001,Emaar Properties,88,179140016,143628952,93225123,50403828,35.09,18788895,31614933,22.01,107990168,75.19,37645576,27072690,6,6.82,68700743,28083618,4787532,2035682,9,5745158
FIN001282,2024-05-01,2024,5,Q2,DEV0002,DAMAC Properties,87,237261441,200555280,128887564,71667715,35.73,29065808,42601907,21.24,131306300,65.47,34491256,20793984,6,6.9,115090597,27643437,4323289,2727143,29,8022211
FIN001283,2024-05-01,2024,5,Q2,DEV0003,Aldar Properties,76,152575016,131322340,79026976,52295363,39.82,13200923,39094440,29.77,106359149,80.99,33318254,21288441,5,6.58,58889497,15726540,4198429,2007566,43,5252893
FIN001284,2024-05-01,2024,5,Q2,DEV0004,Nakheel,76,166958092,153226373,103809745,49416627,32.25,22802525,26614102,17.37,93663687,61.13,45377100,22904370,8,10.53,75121538,18839291,3249522,2196817,19,6129054
FIN001285,2024-05-01,2024,5,Q2,DEV0005,Meraas,96,201980640,183980649,131558368,52422280,28.49,20944841,31477439,17.11,126029053,68.5,42397592,19349281,10,10.42,101156560,25120889,8370143,2103965,0,7359225
FIN001286,2024-05-01,2024,5,Q2,DEV0006,Sobha Realty,104,227528600,183857791,126313853,57543937,31.3,27685613,29858324,16.24,153089774,83.27,34531740,44274902,5,4.81,105048437,30193614,5971976,2187775,3,7354311
FIN001287,2024-05-01,2024,5,Q2,DEV0007,Azizi Developments,13,23657673,20432325,14451885,5980439,29.27,3576323,2404116,11.77,12599020,61.66,4101728,4985655,1,7.69,12669439,3221798,409991,1819821,15,817293
FIN001288,2024-05-01,2024,5,Q2,DEV0008,Danube Properties,50,83539750,76339506,46522546,29816959,39.06,11632049,18184910,23.82,60838565,79.69,12344583,18722392,3,6.0,38738821,8517945,1748562,1670795,12,3053580
FIN001289,2024-05-01,2024,5,Q2,DEV0009,Binghatti,31,46012184,40903310,29285383,11617926,28.4,6141065,5476861,13.39,27570084,67.4,8100384,9524968,1,3.23,22834507,3638471,1537323,1484264,60,1636132
FIN001290,2024-05-01,2024,5,Q2,DEV0010,Ellington Properties,4,7334748,6654921,4005369,2649551,39.81,968556,1680995,25.26,4876906,73.28,1883732,1192924,0,0.0,3239480,873120,268591,1833687,29,266196
FIN001291,2024-05-01,2024,5,Q2,DEV0011,RAK Properties,61,111126811,101944420,62741040,39203379,38.46,13889602,25313777,24.83,72751706,71.36,16429550,24814155,4,6.56,50090182,9643099,6031927,1821751,43,4077776
FIN001292,2024-05-01,2024,5,Q2,DEV0012,Tiger Properties,45,72508185,65406788,41906627,23500160,35.93,10323667,13176493,20.15,46266317,70.74,13777856,10682955,4,8.89,31127410,6433774,3827586,1611293,14,2616271
FIN001293,2024-05-01,2024,5,Q2,DEV0013,Imtiaz Developments,27,43484175,38772624,23232266,15540357,40.08,4455140,11085217,28.59,28997375,74.79,11410448,9328487,2,7.41,19207582,5479462,1115570,1610525,85,1550904
FIN001294,2024-05-01,2024,5,Q2,DEV0014,Select Group,71,96588258,89318251,50221204,39097046,43.77,11675112,27421934,30.7,65081479,72.86,21520452,17229047,3,4.23,36784553,13393178,1797937,1360398,2,3572730
FIN001295,2024-05-01,2024,5,Q2,DEV0015,Reportage Properties,1,828165,708511,389866,318644,44.97,99624,219020,30.91,458679,64.74,189770,140675,0,0.0,305902,131109,35938,828165,24,28340
FIN001296,2024-05-01,2024,5,Q2,DEV0016,Samana Developers,2,1714114,1540915,1040973,499941,32.44,223346,276595,17.95,980923,63.66,269632,297475,0,0.0,790248,216126,73235,857057,53,61636
FIN001297,2024-05-01,2024,5,Q2,DEV0017,Object 1,5,4843020,4161752,2366624,1795127,43.13,652775,1142352,27.45,2867757,68.91,703759,563119,0,0.0,1769478,501749,210958,968604,17,166470
FIN001298,2024-05-01,2024,5,Q2,DEV0018,Majid Al Futtaim,87,214400364,183266950,115329016,67937933,37.07,19398333,48539600,26.49,128444704,70.09,40241939,19412590,2,2.3,86284426,14836925,4771623,2464372,1,7330678
FIN001299,2024-05-01,2024,5,Q2,DEV0019,Dubai Properties,88,185340232,149983216,103931532,46051683,30.7,16082847,29968836,19.98,108260368,72.18,25988013,20079505,9,10.23,87871001,22966146,3241096,2106139,18,5999328
FIN001300,2024-05-01,2024,5,Q2,DEV0020,Meydan Group,116,243000164,195856201,129485652,66370548,33.89,25470840,40899708,20.88,149770841,76.47,34561057,43693551,8,6.9,101426089,31840327,8935770,2094829,12,7834248
FIN001301,2024-06-01,2024,6,Q2,DEV0001,Emaar Properties,80,139867200,130008296,88395565,41612730,32.01,15907542,25705188,19.77,88460916,68.04,32016113,22181717,3,3.75,73054668,21016910,6177891,1748340,22,5200331
FIN001302,2024-06-01,2024,6,Q2,DEV0002,DAMAC Properties,56,127727824,104840619,57717798,47122820,44.95,13723491,33399329,31.86,68623170,65.45,21835500,10608428,5,8.93,42222530,15811994,4676967,2280854,24,4193624
FIN001303,2024-06-01,2024,6,Q2,DEV0003,Aldar Properties,89,206209351,184040631,131837530,52203100,28.36,30010157,22192943,12.06,124876809,67.85,46714790,32224404,3,3.37,94285662,17212245,5400181,2316959,12,7361625
FIN001304,2024-06-01,2024,6,Q2,DEV0004,Nakheel,60,125272800,110840705,76547756,34292948,30.94,12208890,22084058,19.92,89936879,81.14,29100996,15183666,2,3.33,53918304,14454990,4893109,2087880,29,4433628
FIN001305,2024-06-01,2024,6,Q2,DEV0005,Meraas,76,158519812,127091399,76964045,50127353,39.44,18562020,31565333,24.84,78008238,61.38,26712159,24126468,3,3.95,54193628,10769512,4340973,2085787,47,5083655
FIN001306,2024-06-01,2024,6,Q2,DEV0006,Sobha Realty,94,236647350,205733420,136873351,68860068,33.47,31898766,36961302,17.97,137120259,66.65,58840881,48523797,6,6.38,98934251,18000754,11010693,2517525,35,8229336
FIN001307,2024-06-01,2024,6,Q2,DEV0007,Azizi Developments,30,49097190,43381227,30569010,12812216,29.53,7473999,5338217,12.31,32336893,74.54,12205760,9203544,3,10.0,25335510,5392666,1955515,1636573,25,1735249
FIN001308,2024-06-01,2024,6,Q2,DEV0008,Danube Properties,44,102427512,82141814,51534698,30607115,37.26,13804406,16802709,20.46,65706782,79.99,24238604,8292273,4,9.09,43159714,7387135,3305027,2327898,26,3285672
FIN001309,2024-06-01,2024,6,Q2,DEV0009,Binghatti,29,54619702,46513674,26813979,19699694,42.35,4818695,14880999,31.99,31529924,67.79,10656840,8677764,2,6.9,18927514,5268160,1566099,1883438,15,1860546
FIN001310,2024-06-01,2024,6,Q2,DEV0010,Ellington Properties,42,47558952,38224239,26531194,11693044,30.59,6150505,5542539,14.5,32461586,84.92,10163593,8880373,2,4.76,19514019,5533950,1215754,1132356,18,1528969
FIN001311,2024-06-01,2024,6,Q2,DEV0011,RAK Properties,12,16366656,15229277,8512080,6717196,44.11,1701608,5015588,32.93,11444429,75.15,3272960,2802669,0,0.0,7164078,1805756,475163,1363888,36,609171
FIN001312,2024-06-01,2024,6,Q2,DEV0012,Tiger Properties,46,67531634,56388222,34177788,22210433,39.39,5721108,16489325,29.24,42218182,74.87,10514659,5681554,3,6.52,26489440,10749631,2789552,1468079,31,2255528
FIN001313,2024-06-01,2024,6,Q2,DEV0013,Imtiaz Developments,63,94126977,85456271,48395077,37061193,43.37,8677313,28383880,33.21,66293292,77.58,24326898,10832636,5,7.94,37945157,12819312,2694028,1494079,51,3418250
FIN001314,2024-06-01,2024,6,Q2,DEV0014,Select Group,38,75655986,67548085,42332372,25215712,37.33,8617164,16598548,24.57,54590002,80.82,12746210,16108257,3,7.89,36784342,12140905,2301331,1990947,23,2701923
FIN001315,2024-06-01,2024,6,Q2,DEV0015,Reportage Properties,27,23926266,22162055,13661499,8500555,38.36,2593796,5906759,26.65,13562269,61.2,6624045,4110993,2,7.41,10855849,2684984,1128924,886158,7,886482
FIN001316,2024-06-01,2024,6,Q2,DEV0016,Samana Developers,1,568948,471901,279082,192818,40.86,80699,112119,23.76,313744,66.49,84386,75890,0,0.0,249786,56970,15261,568948,3,18876
FIN001317,2024-06-01,2024,6,Q2,DEV0017,Object 1,14,9831822,8584367,6046046,2538320,29.57,945965,1592355,18.55,5257815,61.25,1968935,1352749,1,7.14,4307797,913692,282329,702273,12,343374
FIN001318,2024-06-01,2024,6,Q2,DEV0018,Majid Al Futtaim,98,240054234,224399180,143383935,81015244,36.1,22976925,58038319,25.86,160355133,71.46,61055356,46493035,11,11.22,123090761,20346438,10942246,2449533,6,8975967
FIN001319,2024-06-01,2024,6,Q2,DEV0019,Dubai Properties,111,226217001,194619878,130279095,64340782,33.06,32505067,31835715,16.36,121023877,62.18,34135401,42373757,3,2.7,99155736,21877440,7824808,2037991,2,7784795
FIN001320,2024-06-01,2024,6,Q2,DEV0020,Meydan Group,64,137776192,121501262,69186103,52315158,43.06,14564626,37750532,31.07,94897941,78.1,22019745,26308738,5,7.81,57054291,14279721,6744393,2152753,0,4860050
FIN001321,2024-07-01,2024,7,Q3,DEV0001,Emaar Properties,99,277988634,224069976,125426430,98643545,44.02,27483771,71159774,31.76,188947788,84.33,36578377,44477748,3,3.03,92902757,37416444,12468462,2807966,9,8962799
FIN001322,2024-07-01,2024,7,Q3,DEV0002,DAMAC Properties,86,185884528,172064136,96953312,75110823,43.65,25589219,49521604,28.78,144003181,83.69,50068429,32717765,5,5.81,73131624,16479974,9322547,2161448,8,6882565
FIN001323,2024-07-01,2024,7,Q3,DEV0003,Aldar Properties,75,151599750,132326981,75316358,57010622,43.08,23091662,33918960,25.63,98052628,74.1,28506214,27126582,2,2.67,54311288,25754952,2811651,2021330,28,5293079
FIN001324,2024-07-01,2024,7,Q3,DEV0004,Nakheel,66,167938518,135414117,89814183,45599933,33.67,19357075,26242858,19.38,103650770,76.54,25065894,14855629,6,9.09,78492106,20187338,4317307,2544523,5,5416564
FIN001325,2024-07-01,2024,7,Q3,DEV0005,Meraas,90,207881910,179533406,111775634,67757771,37.74,22770050,44987721,25.06,117502419,65.45,50270528,24599413,3,3.33,81513266,25588675,4966506,2309799,7,7181336
FIN001326,2024-07-01,2024,7,Q3,DEV0006,Sobha Realty,76,161427952,143229311,87644227,55585083,38.81,20238852,35346231,24.68,95514656,66.69,22036934,31267938,4,5.26,63219757,13503225,5166556,2124052,15,5729172
FIN001327,2024-07-01,2024,7,Q3,DEV0007,Azizi Developments,29,40786992,34996838,22921032,12075805,34.51,5281098,6794707,19.42,27766182,79.34,8806236,5097997,3,10.34,19644711,4209989,1568708,1406448,50,1399873
FIN001328,2024-07-01,2024,7,Q3,DEV0008,Danube Properties,41,75044596,60407633,38630260,21777372,36.05,10602080,11175292,18.5,46909713,77.66,12589777,10391176,1,2.44,29049036,5797727,2004785,1830356,64,2416305
FIN001329,2024-07-01,2024,7,Q3,DEV0009,Binghatti,14,19105030,17489952,12028292,5461659,31.23,3106088,2355571,13.47,11623886,66.46,3778973,2952403,1,7.14,9199207,2987116,1008672,1364645,67,699598
FIN001330,2024-07-01,2024,7,Q3,DEV0010,Ellington Properties,19,28420314,23843465,15338340,8505124,35.67,2438714,6066410,25.44,19869009,83.33,4781464,4643762,2,10.53,11627410,2412850,518607,1495806,115,953738
FIN001331,2024-07-01,2024,7,Q3,DEV0011,RAK Properties,44,58338896,46861662,27360984,19500677,41.61,7872825,11627852,24.81,34832836,74.33,12292169,7339774,2,4.55,22098607,3752599,2199428,1325884,16,1874466
FIN001332,2024-07-01,2024,7,Q3,DEV0012,Tiger Properties,25,24623400,21596048,12653158,8942889,41.41,2357343,6585546,30.49,14245673,65.96,3413447,4161870,2,8.0,9455426,2808987,1140900,984936,18,863841
FIN001333,2024-07-01,2024,7,Q3,DEV0013,Imtiaz Developments,58,83235858,74366973,49312890,25054082,33.69,12312794,12741288,17.13,54807686,73.7,11785114,10081881,4,6.9,38367362,8289261,3825548,1435101,6,2974678
FIN001334,2024-07-01,2024,7,Q3,DEV0014,Select Group,35,45089345,41061078,28626070,12435007,30.28,6534209,5900798,14.37,26698197,65.02,7552708,6682234,2,5.71,21571187,4197940,2262289,1288267,5,1642443
FIN001335,2024-07-01,2024,7,Q3,DEV0015,Reportage Properties,17,17962132,15500973,9415802,6085170,39.26,2317500,3767670,24.31,10904629,70.35,4165728,1822477,0,0.0,6959690,2055929,380255,1056596,10,620038
FIN001336,2024-07-01,2024,7,Q3,DEV0016,Samana Developers,19,21243425,19527478,12467653,7059824,36.15,2124313,4935511,25.27,12069492,61.81,4541850,3596799,1,5.26,9718629,2744738,959899,1118075,13,781099
FIN001337,2024-07-01,2024,7,Q3,DEV0017,Object 1,20,17079320,15782884,9263020,6519863,41.31,1830849,4689014,29.71,11579882,73.37,2707921,1827260,0,0.0,7921761,3116149,809050,853966,2,631315
FIN001338,2024-07-01,2024,7,Q3,DEV0018,Majid Al Futtaim,65,127091965,109299112,73082960,36216151,33.13,18932346,17283805,15.81,73248310,67.02,26207052,24624098,2,3.08,53529050,16146628,4563938,1955261,4,4371964
FIN001339,2024-07-01,2024,7,Q3,DEV0019,Dubai Properties,99,246034800,204417395,142074494,62342900,30.5,26810180,35532720,17.38,144773711,70.82,51144323,34943466,11,11.11,120841423,20539096,10937764,2485200,4,8176695
FIN001340,2024-07-01,2024,7,Q3,DEV0020,Meydan Group,63,138095433,116100922,73036820,43064101,37.09,17923504,25140597,21.65,72643308,62.57,32914693,17675803,7,11.11,62965398,13560271,3220263,2191991,6,4644036
FIN001341,2024-08-01,2024,8,Q3,DEV0001,Emaar Properties,71,155069325,134822143,79961230,54860912,40.69,16011897,38849015,28.82,102540451,76.06,23509631,18833467,6,8.45,63476669,16805685,7856975,2184075,9,5392885
FIN001342,2024-08-01,2024,8,Q3,DEV0002,DAMAC Properties,80,183928480,160483125,109162421,51320703,31.98,16666025,34654678,21.59,105528300,65.76,31493749,20227808,3,3.75,83969627,22271009,5617300,2299106,139,6419325
FIN001343,2024-08-01,2024,8,Q3,DEV0003,Aldar Properties,81,198469521,161123600,92923132,68200467,42.33,16827009,51373458,31.88,99722473,61.89,42304247,17085184,6,7.41,67287405,31490112,7657547,2450241,12,6444944
FIN001344,2024-08-01,2024,8,Q3,DEV0004,Nakheel,89,161212998,145107145,100228454,44878690,30.93,17059622,27819068,19.17,87346069,60.19,42232781,25006542,6,6.74,88994371,16681097,4392554,1811382,35,5804285
FIN001345,2024-08-01,2024,8,Q3,DEV0005,Meraas,54,102237930,84796104,59974533,24821570,29.27,13859807,10961763,12.93,67202049,79.25,15424744,20653090,2,3.7,44963420,12828318,3342466,1893295,13,3391844
FIN001346,2024-08-01,2024,8,Q3,DEV0006,Sobha Realty,93,252965580,218881732,142576893,76304838,34.86,39196063,37108775,16.95,184912967,84.48,42534372,27877506,9,9.68,122346187,19725571,5531424,2720060,4,8755269
FIN001347,2024-08-01,2024,8,Q3,DEV0007,Azizi Developments,28,32390512,29537877,19335543,10202333,34.54,4987342,5214991,17.66,20779222,70.35,8796479,6538080,2,7.14,13679250,5659557,1406900,1156804,17,1181515
FIN001348,2024-08-01,2024,8,Q3,DEV0008,Danube Properties,14,17908338,15114149,10514961,4599187,30.43,2546498,2052689,13.58,11585360,76.65,3627401,3751661,1,7.14,8345561,2306931,387011,1279167,49,604565
FIN001349,2024-08-01,2024,8,Q3,DEV0009,Binghatti,35,43161090,39316597,21888442,17428154,44.33,4432201,12995953,33.05,25703440,65.38,6394553,9588909,2,5.71,18141403,3474213,2260429,1233174,16,1572663
FIN001350,2024-08-01,2024,8,Q3,DEV0010,Ellington Properties,54,82662552,71649870,41936580,29713289,41.47,9781127,19932162,27.82,60780091,84.83,18448118,11364133,4,7.41,30063346,11719285,1663173,1530788,6,2865994
FIN001351,2024-08-01,2024,8,Q3,DEV0011,RAK Properties,44,68993496,64349061,44125697,20223363,31.43,8876305,11347058,17.63,39662858,61.64,9683039,12480121,1,2.27,33651116,9836314,3578894,1568034,20,2573962
FIN001352,2024-08-01,2024,8,Q3,DEV0012,Tiger Properties,8,14681312,13651753,7937397,5714355,41.86,2367590,3346765,24.52,11355647,83.18,2971151,2575226,0,0.0,6162163,2340279,604142,1835164,32,546070
FIN001353,2024-08-01,2024,8,Q3,DEV0013,Imtiaz Developments,41,65762237,59459877,37755354,21704522,36.5,6825274,14879248,25.02,39101492,65.76,17075361,8362330,3,7.32,27730218,5618922,3506234,1603957,11,2378395
FIN001354,2024-08-01,2024,8,Q3,DEV0014,Select Group,22,37801544,32968813,23019301,9949511,30.18,4836283,5113228,15.51,27889016,84.59,6089797,4569535,0,0.0,17449043,2638211,1216831,1718252,31,1318752
FIN001355,2024-08-01,2024,8,Q3,DEV0015,Reportage Properties,18,16580754,14556384,9011104,5545279,38.1,1671854,3873425,26.61,10097878,69.37,3705293,2881976,1,5.56,7886475,2067125,797820,921153,4,582255
FIN001356,2024-08-01,2024,8,Q3,DEV0016,Samana Developers,-20,-21968960,-19332780,-11478582,-7854197,40.63,-2907335,-4946862,-494686200.0,-15643169,-1564316900.0,-5448800,-3241890,0,0.0,-9562403,-2966525,-853801,1098448,10,-773311
FIN001357,2024-08-01,2024,8,Q3,DEV0017,Object 1,20,13778440,12224965,7571759,4653205,38.06,1406872,3246333,26.55,7750225,63.4,2370340,2779020,1,5.0,6302562,1735006,557949,688922,1,488998
FIN001358,2024-08-01,2024,8,Q3,DEV0018,Majid Al Futtaim,74,218025756,174905861,124841211,50064649,28.62,18816674,31247975,17.87,113991621,65.17,33518356,41275636,6,8.11,94835881,28565453,3950516,2946294,40,6996234
FIN001359,2024-08-01,2024,8,Q3,DEV0019,Dubai Properties,89,175962523,153572407,91725020,61847386,40.27,25281665,36565721,23.81,128538440,83.7,42980487,20773740,8,8.99,71114970,26539051,4919553,1977107,31,6142896
FIN001360,2024-08-01,2024,8,Q3,DEV0020,Meydan Group,75,166698150,136512513,90085532,46426980,34.01,23195298,23231682,17.02,101794176,74.57,22205187,29246344,5,6.67,77654165,26134056,4992858,2222642,40,5460500
FIN001361,2024-09-01,2024,9,Q3,DEV0001,Emaar Properties,84,158924808,131008546,84590955,46417590,35.43,18822445,27595145,21.06,91325018,69.71,36100990,30032805,8,9.52,66683085,18540436,3410743,1891962,8,5240341
FIN001362,2024-09-01,2024,9,Q3,DEV0002,DAMAC Properties,91,180215854,170689511,118768353,51921157,30.42,21214517,30706640,17.99,144262557,84.52,31021848,31349531,5,5.49,106614668,15243354,8084367,1980394,0,6827580
FIN001363,2024-09-01,2024,9,Q3,DEV0003,Aldar Properties,74,179132836,161425119,102138306,59286812,36.73,21154916,38131896,23.62,127051705,78.71,39600144,34736002,5,6.76,90688516,31196409,4541583,2420714,71,6457004
FIN001364,2024-09-01,2024,9,Q3,DEV0004,Nakheel,94,199742386,184028948,131271348,52757599,28.67,21832207,30925392,16.8,150053137,81.54,44479138,25893270,6,6.38,104788924,19759481,9573698,2124919,52,7361157
FIN001365,2024-09-01,2024,9,Q3,DEV0005,Meraas,83,183519391,170111117,98269342,71841774,42.23,30420353,41421421,24.35,127369215,74.87,43765777,29204530,4,4.82,75746221,29071500,5018270,2211077,8,6804444
FIN001366,2024-09-01,2024,9,Q3,DEV0006,Sobha Realty,46,77734158,73008294,42968797,30039496,41.15,8750185,21289311,29.16,54781410,75.03,19895275,13202141,1,2.17,35125517,13306302,2295687,1689873,4,2920331
FIN001367,2024-09-01,2024,9,Q3,DEV0007,Azizi Developments,61,70442312,61338035,36875885,24462149,39.88,8254133,16208016,26.42,39577402,64.52,15366804,10751241,6,9.84,31073614,9329967,2115077,1154792,13,2453521
FIN001368,2024-09-01,2024,9,Q3,DEV0008,Danube Properties,16,26823280,24971285,14242484,10728800,42.96,2726796,8002004,32.04,20594793,82.47,7036900,4348907,1,6.25,10655751,3016246,1218105,1676455,36,998851
FIN001369,2024-09-01,2024,9,Q3,DEV0009,Binghatti,65,77825345,66040367,40272041,25768325,39.02,9128921,16639404,25.2,43505162,65.88,14908193,12329045,2,3.08,32003820,5580837,2708827,1197313,16,2641614
FIN001370,2024-09-01,2024,9,Q3,DEV0010,Ellington Properties,43,59378313,55516452,37850705,17665746,31.82,6805917,10859829,19.56,36118108,65.06,13684805,10269409,2,4.65,30687703,8835818,2996802,1380891,1,2220658
FIN001371,2024-09-01,2024,9,Q3,DEV0011,RAK Properties,68,78439224,68489917,37814375,30675541,44.79,7169949,23505592,34.32,52296603,76.36,19838578,7516639,6,8.82,27222969,10467824,2088352,1153518,24,2739596
FIN001372,2024-09-01,2024,9,Q3,DEV0012,Tiger Properties,51,65056569,59901867,38456827,21445039,35.8,7541524,13903515,23.21,37762302,63.04,12160428,12889952,3,5.88,30483602,7247476,1564976,1275619,15,2396074
FIN001373,2024-09-01,2024,9,Q3,DEV0013,Imtiaz Developments,32,43771712,38032838,22609813,15423024,40.55,4475583,10947441,28.78,29814140,78.39,10821935,9347880,2,6.25,19357955,7040134,978166,1367866,18,1521313
FIN001374,2024-09-01,2024,9,Q3,DEV0014,Select Group,62,127671330,109315367,78676779,30638587,28.03,16751338,13887249,12.7,82616125,75.58,26169680,19756753,7,11.29,62299962,12148729,4979226,2059215,3,4372614
FIN001375,2024-09-01,2024,9,Q3,DEV0015,Reportage Properties,4,4116672,3366406,2370446,995959,29.59,516836,479123,14.23,2334758,69.35,961385,488111,0,0.0,2133116,456600,167190,1029168,41,134656
FIN001376,2024-09-01,2024,9,Q3,DEV0016,Samana Developers,-8,-4104464,-3703367,-2260298,-1443068,38.97,-623541,-819527,-81952700.0,-2597942,-259794200.0,-1089120,-901416,0,0.0,-1602724,-568786,-154416,513058,24,-148134
FIN001377,2024-09-01,2024,9,Q3,DEV0017,Object 1,36,39477852,32513466,21575561,10937904,33.64,4481464,6456440,19.86,27139575,83.47,8809583,3479892,3,8.33,18127509,4867512,1764526,1096607,4,1300538
FIN001378,2024-09-01,2024,9,Q3,DEV0018,Majid Al Futtaim,56,140363552,125376888,85503099,39873788,31.8,21912176,17961612,14.33,78880177,62.91,29566901,14371878,3,5.36,60389985,16645564,6023747,2506492,1,5015075
FIN001379,2024-09-01,2024,9,Q3,DEV0019,Dubai Properties,77,194940823,166506959,109365518,57141440,34.32,25569022,31572418,18.96,139727935,83.92,34238356,31202650,7,9.09,97343369,16117003,5160456,2531699,24,6660278
FIN001380,2024-09-01,2024,9,Q3,DEV0020,Meydan Group,83,176970193,150356923,83006254,67350668,44.79,24684050,42666618,28.38,90493047,60.19,35980735,35446127,6,7.23,59054816,18699945,6612442,2132171,19,6014276
FIN001381,2024-10-01,2024,10,Q4,DEV0001,Emaar Properties,61,140327389,118971916,74528837,44443078,37.36,17385294,27057784,22.74,81777575,68.74,34264731,17172373,4,6.56,60248170,23362456,6167871,2300449,7,4758876
FIN001382,2024-10-01,2024,10,Q4,DEV0002,DAMAC Properties,75,158783175,139991427,82950522,57040904,40.75,23780300,33260604,23.76,101928226,72.81,28610684,24267497,5,6.67,59150491,19725338,2827876,2117109,10,5599657
FIN001383,2024-10-01,2024,10,Q4,DEV0003,Aldar Properties,97,271706215,229463728,140709339,88754388,38.68,35537988,53216400,23.19,161965092,70.58,50507847,55909259,3,3.09,113348719,27117849,6145446,2801095,15,9178549
FIN001384,2024-10-01,2024,10,Q4,DEV0004,Nakheel,82,147445348,138890908,98353619,40537288,29.19,16257260,24280028,17.48,117813539,84.82,24278433,25471567,9,10.98,78392805,17685807,3849399,1798114,37,5555636
FIN001385,2024-10-01,2024,10,Q4,DEV0005,Meraas,93,249784329,225745001,146511552,79233448,35.1,40486351,38747097,17.16,150780873,66.79,37132874,52489818,8,8.6,127357316,40925023,9381300,2685853,31,9029800
FIN001386,2024-10-01,2024,10,Q4,DEV0006,Sobha Realty,76,199898240,178578899,113989318,64589580,36.17,18902769,45686811,25.58,130242573,72.93,35632192,42338171,6,7.89,85997629,33092773,7864910,2630240,69,7143155
FIN001387,2024-10-01,2024,10,Q4,DEV0007,Azizi Developments,37,53625395,43929508,30527431,13402076,30.51,7004383,6397693,14.56,30628248,69.72,12862583,6702580,4,10.81,25622844,5634095,978067,1449335,51,1757180
FIN001388,2024-10-01,2024,10,Q4,DEV0008,Danube Properties,58,68730116,61182981,35851474,25331506,41.4,10234934,15096572,24.67,43119309,70.48,15565367,14887253,2,3.45,31782556,6725956,3429817,1185002,37,2447319
FIN001389,2024-10-01,2024,10,Q4,DEV0009,Binghatti,39,65304447,60306132,34974587,25331544,42.0,9504059,15827485,26.25,36642377,60.76,15387681,8443046,3,7.69,29983104,4833474,2039547,1674473,35,2412245
FIN001390,2024-10-01,2024,10,Q4,DEV0010,Ellington Properties,55,91935855,83564673,50431543,33133129,39.65,11467371,21665758,25.93,64775591,77.52,16641608,19114436,1,1.82,39490153,8707866,4093624,1671561,10,3342586
FIN001391,2024-10-01,2024,10,Q4,DEV0011,RAK Properties,81,64496412,59423693,40455816,18967876,31.92,7939769,11028107,18.56,49676305,83.6,9083483,10708382,6,7.41,34473473,7666164,2846780,796252,38,2376947
FIN001392,2024-10-01,2024,10,Q4,DEV0012,Tiger Properties,39,45272136,38260107,27424257,10835849,28.32,5180969,5654880,14.78,29392897,76.82,10912772,7948559,3,7.69,20615278,6512569,1843537,1160824,82,1530404
FIN001393,2024-10-01,2024,10,Q4,DEV0013,Imtiaz Developments,30,48771030,45589978,25285915,20304062,44.54,6537834,13766228,30.2,34162474,74.93,12978424,9441973,3,10.0,18064028,4531604,1733012,1625701,9,1823599
FIN001394,2024-10-01,2024,10,Q4,DEV0014,Select Group,52,87033700,80946669,47147089,33799579,41.76,12218132,21581447,26.66,61993000,76.58,20791800,14521271,4,7.69,39644968,13723815,2004337,1673725,16,3237866
FIN001395,2024-10-01,2024,10,Q4,DEV0015,Reportage Properties,27,50372091,43271477,28037738,15233738,35.21,5991451,9242287,21.36,26143548,60.42,9031699,9415142,2,7.41,22741587,4474407,2310722,1865633,3,1730859
FIN001396,2024-10-01,2024,10,Q4,DEV0016,Samana Developers,15,10950300,9771673,6051192,3720480,38.07,1337796,2382684,24.38,7041182,72.06,1557034,1191493,1,6.67,4246182,845579,211894,730020,80,390866
FIN001397,2024-10-01,2024,10,Q4,DEV0017,Object 1,2,2619316,2288518,1263250,1025267,44.8,266053,759214,33.17,1538372,67.22,451062,371941,0,0.0,908090,294654,114789,1309658,38,91540
FIN001398,2024-10-01,2024,10,Q4,DEV0018,Majid Al Futtaim,102,210740670,191052230,109515404,81536825,42.68,28537992,52998833,27.74,123511742,64.65,49302199,33501342,5,4.9,85640351,24082872,6391976,2066085,16,7642089
FIN001399,2024-10-01,2024,10,Q4,DEV0019,Dubai Properties,82,110544692,100769933,68031316,32738616,32.49,16538975,16199641,16.08,61951519,61.48,22653136,20120213,5,6.1,48817140,15543330,4284432,1348106,81,4030797
FIN001400,2024-10-01,2024,10,Q4,DEV0020,Meydan Group,82,151048592,134032335,78817690,55214644,41.2,14546998,40667646,30.34,90329131,67.39,38808675,29417640,4,4.88,62932149,15689691,7934678,1842056,3,5361293
FIN001401,2024-11-01,2024,11,Q4,DEV0001,Emaar Properties,73,174089232,151765784,85245330,66520453,43.83,21695566,44824887,29.54,120064648,79.11,41111833,23665505,3,4.11,76049360,16015125,8756825,2384784,11,6070631
FIN001402,2024-11-01,2024,11,Q4,DEV0002,DAMAC Properties,92,230728916,210314514,146748280,63566233,30.22,31499876,32066357,15.25,160161023,76.15,39326970,51240648,5,5.43,104804793,20545451,6192837,2507923,17,8412580
FIN001403,2024-11-01,2024,11,Q4,DEV0003,Aldar Properties,68,164703140,142020626,84231649,57788976,40.69,17390239,40398737,28.45,109326981,76.98,35724765,27064753,5,7.35,64544160,11887982,4344656,2422105,4,5680825
FIN001404,2024-11-01,2024,11,Q4,DEV0004,Nakheel,61,144583359,131204123,73730791,57473331,43.8,17909079,39564252,30.15,87234772,66.49,37032085,20623278,5,8.2,51796324,15560960,6176160,2370219,16,5248164
FIN001405,2024-11-01,2024,11,Q4,DEV0005,Meraas,33,58121283,47895165,28201782,19693382,41.12,7817388,11875994,24.8,35009821,73.1,7822405,11201234,2,6.06,25067154,5376524,1227179,1761251,15,1915806
FIN001406,2024-11-01,2024,11,Q4,DEV0006,Sobha Realty,73,139525703,124027297,83237971,40789325,32.89,16697201,24092124,19.42,96296379,77.64,34792224,15722389,8,10.96,66056474,20408742,7120276,1911311,6,4961091
FIN001407,2024-11-01,2024,11,Q4,DEV0007,Azizi Developments,58,87156426,81984611,54797277,27187333,33.16,13788003,13399330,16.34,54005961,65.87,18071593,11797269,6,10.34,46235579,15100364,4371583,1502697,42,3279384
FIN001408,2024-11-01,2024,11,Q4,DEV0008,Danube Properties,58,85053520,78456085,55175903,23280181,29.67,11777449,11502732,14.66,64635415,82.38,14188938,9125793,4,6.9,39168385,9386778,3368577,1466440,41,3138243
FIN001409,2024-11-01,2024,11,Q4,DEV0009,Binghatti,29,36342829,31982342,19414705,12567636,39.3,4160437,8407199,26.29,24019927,75.1,6176746,7505266,1,3.45,15644952,5241487,1762135,1253201,40,1279293
FIN001410,2024-11-01,2024,11,Q4,DEV0010,Ellington Properties,52,62119148,56427838,34289491,22138346,39.23,6715001,15423345,27.33,36244002,64.23,13157034,5724273,3,5.77,24938693,5522008,3253625,1194599,17,2257113
FIN001411,2024-11-01,2024,11,Q4,DEV0011,RAK Properties,41,58993096,48832328,33464564,15367763,31.47,8198327,7169436,14.68,34273445,70.19,13294614,7067177,2,4.88,26739386,5538475,2244242,1438856,5,1953293
FIN001412,2024-11-01,2024,11,Q4,DEV0012,Tiger Properties,37,28452704,25921954,18558629,7363324,28.41,4193717,3169607,12.23,21183055,81.72,4915112,5157968,1,2.7,13594576,3367172,1512928,768992,12,1036878
FIN001413,2024-11-01,2024,11,Q4,DEV0013,Imtiaz Developments,47,98176326,81367605,52103964,29263640,35.96,11362070,17901570,22.0,67356273,82.78,22119775,11836446,1,2.13,40549134,13400472,2617493,2088858,33,3254704
FIN001414,2024-11-01,2024,11,Q4,DEV0014,Select Group,40,46716040,38770799,24805759,13965039,36.02,4887499,9077540,23.41,23537524,60.71,10271996,6517994,2,5.0,21738809,5037341,1271855,1167901,40,1550831
FIN001415,2024-11-01,2024,11,Q4,DEV0015,Reportage Properties,29,21840799,17830317,12621768,5208548,29.21,2085696,3122852,17.51,12550505,70.39,2799788,4388482,3,10.34,10441790,2497801,966592,753131,8,713212
FIN001416,2024-11-01,2024,11,Q4,DEV0016,Samana Developers,-5,-4360415,-3635757,-2123086,-1512670,41.61,-567976,-944694,-94469400.0,-2946040,-294604000.0,-1024888,-639526,0,0.0,-1824466,-570576,-150171,872083,24,-145430
FIN001417,2024-11-01,2024,11,Q4,DEV0017,Object 1,25,27175800,25647978,17371839,8276138,32.27,4591888,3684250,14.36,18990276,74.04,5218815,4839030,1,4.0,13268136,2592096,940344,1087032,14,1025919
FIN001418,2024-11-01,2024,11,Q4,DEV0018,Majid Al Futtaim,76,178657228,161321730,108554753,52766976,32.71,21838417,30928559,19.17,136870020,84.84,40195821,31962938,2,2.63,95479944,27182598,8477221,2350753,6,6452869
FIN001419,2024-11-01,2024,11,Q4,DEV0019,Dubai Properties,98,247114056,207506929,129967150,77539778,37.37,22576541,54963237,26.49,157196648,75.75,59710211,48756717,3,3.06,91777220,37004082,9894956,2521572,1,8300277
FIN001420,2024-11-01,2024,11,Q4,DEV0020,Meydan Group,77,123949826,108513405,71513750,36999654,34.1,12664802,24334852,22.43,67488718,62.19,30114618,26514675,5,6.49,56605110,13774910,4147701,1609738,6,4340536
FIN001421,2024-12-01,2024,12,Q4,DEV0001,Emaar Properties,77,160958028,139411185,79009859,60401325,43.33,18636077,41765248,29.96,96179175,68.99,37464283,20525593,4,5.19,64231450,20313001,5022620,2090364,7,5576447
FIN001422,2024-12-01,2024,12,Q4,DEV0002,DAMAC Properties,85,176284050,145747643,86363187,59384455,40.74,19152101,40232354,27.6,113658833,77.98,25868121,30958473,3,3.53,76090145,18797947,6840679,2073930,60,5829905
FIN001423,2024-12-01,2024,12,Q4,DEV0003,Aldar Properties,82,161341642,151300269,104795599,46504669,30.74,24276982,22227687,14.69,103422986,68.36,35589920,22396917,7,8.54,76342433,22562598,7613388,1967581,0,6052010
FIN001424,2024-12-01,2024,12,Q4,DEV0004,Nakheel,78,170546220,153082292,91360395,61721896,40.32,20701616,41020280,26.8,125491436,81.98,40445927,33155265,4,5.13,68805133,27318698,6390376,2186490,36,6123291
FIN001425,2024-12-01,2024,12,Q4,DEV0005,Meraas,42,96198648,87511498,48180436,39331061,44.94,11837197,27493864,31.42,59259791,67.72,23403433,20411973,3,7.14,35491555,15687607,2313067,2290444,24,3500459
FIN001426,2024-12-01,2024,12,Q4,DEV0006,Sobha Realty,72,152174160,135183849,74527334,60656514,44.87,21509271,39147243,28.96,113697985,84.11,29495232,14380654,4,5.56,61441786,14580797,6827002,2113530,19,5407353
FIN001427,2024-12-01,2024,12,Q4,DEV0007,Azizi Developments,56,92537928,76828484,55118812,21709671,28.26,7899843,13809828,17.97,62303885,81.09,16316045,16234334,3,5.36,40740819,8317162,1740567,1652463,19,3073139
FIN001428,2024-12-01,2024,12,Q4,DEV0008,Danube Properties,67,94642324,88754511,51060736,37693774,42.47,9080259,28613515,32.24,55014724,61.99,15406455,19182977,7,10.45,43823216,12396595,4097619,1412572,8,3550180
FIN001429,2024-12-01,2024,12,Q4,DEV0009,Binghatti,45,70035435,58338637,36414314,21924322,37.58,6939808,14984514,25.69,38189984,65.46,11009575,9508348,3,6.67,30986887,8891685,1891801,1556343,40,2333545
FIN001430,2024-12-01,2024,12,Q4,DEV0010,Ellington Properties,28,34825840,30643388,19003849,11639538,37.98,3642506,7997032,26.1,18723292,61.1,7169062,6541391,2,7.14,16304378,5397377,1195791,1243780,6,1225735
FIN001431,2024-12-01,2024,12,Q4,DEV0011,RAK Properties,49,81924717,68680825,48653033,20027791,29.16,11973785,8054006,11.73,46229063,67.31,11626309,14976046,4,8.16,42586020,13563787,1702266,1671933,22,2747233
FIN001432,2024-12-01,2024,12,Q4,DEV0012,Tiger Properties,24,25090992,20267750,12135073,8132676,40.13,3038544,5094132,25.13,15276474,75.37,5854587,3825598,0,0.0,10210993,2217042,1118545,1045458,21,810710
FIN001433,2024-12-01,2024,12,Q4,DEV0013,Imtiaz Developments,55,61218575,54042371,38714947,15327423,28.36,9270196,6057227,11.21,33071223,61.19,9685089,12164141,2,3.64,27708903,10396165,1933098,1113065,100,2161694
FIN001434,2024-12-01,2024,12,Q4,DEV0014,Select Group,56,79984632,66664707,38580711,28083995,42.13,8996675,19087320,28.63,55559944,83.34,15905867,16119864,6,10.71,33529044,8986131,3101666,1428297,19,2666588
FIN001435,2024-12-01,2024,12,Q4,DEV0015,Reportage Properties,26,14579006,12048524,7216453,4832070,40.11,2092423,2739647,22.74,8977571,74.51,2152049,1355146,1,3.85,5103701,1363659,653321,560731,68,481940
FIN001436,2024-12-01,2024,12,Q4,DEV0016,Samana Developers,-1,-973499,-789684,-479133,-310550,39.33,-113214,-197336,-19733600.0,-522772,-52277200.0,-155825,-192122,0,0.0,-369627,-111976,-34154,973499,31,-31587
FIN001437,2024-12-01,2024,12,Q4,DEV0017,Object 1,23,27312592,22115467,12251057,9864409,44.6,3720043,6144366,27.78,18533639,83.8,5788786,3141517,1,4.35,8604279,2105171,821227,1187504,8,884618
FIN001438,2024-12-01,2024,12,Q4,DEV0018,Majid Al Futtaim,80,200108880,162411378,101398366,61013011,37.57,20874415,40138596,24.71,113033002,69.6,36320063,38669166,9,11.25,76184669,18367934,4527129,2501361,12,6496455
FIN001439,2024-12-01,2024,12,Q4,DEV0019,Dubai Properties,83,177928594,157119381,111126660,45992720,29.27,17831063,28161657,17.92,111425751,70.92,40842291,25988532,8,9.64,93232705,14010196,7713716,2143718,42,6284775
FIN001440,2024-12-01,2024,12,Q4,DEV0020,Meydan Group,88,205222600,172245979,110503296,61742682,35.85,30543452,31199230,18.11,143397631,83.25,42225512,23180352,5,5.68,85817657,26287744,8987342,2332075,25,6889839
FIN001441,2025-01-01,2025,1,Q1,DEV0001,Emaar Properties,69,140458401,120970670,79882738,41087931,33.97,18569126,22518805,18.62,80902430,66.88,30671217,19740147,4,5.8,70728567,19312765,2709801,2035629,54,4838826
FIN001442,2025-01-01,2025,1,Q1,DEV0002,DAMAC Properties,82,218952300,198448139,139019215,59428923,29.95,27482901,31946022,16.1,141585896,71.35,59391798,25880130,4,4.88,118659108,20143574,7845661,2670150,34,7937925
FIN001443,2025-01-01,2025,1,Q1,DEV0003,Aldar Properties,73,176325295,153694962,108203119,45491842,29.6,21469268,24022574,15.63,94361445,61.4,35434866,22337259,7,9.59,80640312,18446028,7181123,2415415,6,6147798
FIN001444,2025-01-01,2025,1,Q1,DEV0004,Nakheel,87,188047368,160500082,98112154,62387927,38.87,27060438,35327489,22.01,111775402,69.64,45719122,26919745,9,10.34,75507892,27510967,4230344,2161464,25,6420003
FIN001445,2025-01-01,2025,1,Q1,DEV0005,Meraas,113,247973415,200611260,136845106,63766153,31.79,35785867,27980286,13.95,126637339,63.13,53299298,35757658,13,11.5,118822290,33827267,4729342,2194455,179,8024450
FIN001446,2025-01-01,2025,1,Q1,DEV0006,Sobha Realty,60,127252020,110148002,63886785,46261216,42.0,18049997,28211219,25.61,66139212,60.05,31835132,17384165,6,10.0,57164354,19961964,6479329,2120867,76,4405920
FIN001447,2025-01-01,2025,1,Q1,DEV0007,Azizi Developments,20,37949280,32012015,21453412,10558602,32.98,4132348,6426254,20.07,27059172,84.53,7204712,7152104,1,5.0,16032247,6192420,1231655,1897464,30,1280480
FIN001448,2025-01-01,2025,1,Q1,DEV0008,Danube Properties,15,29615340,28085361,18648024,9437336,33.6,4619836,4817500,17.15,18295968,65.14,4823775,3587923,0,0.0,13722829,3428176,1083008,1974356,43,1123414
FIN001449,2025-01-01,2025,1,Q1,DEV0009,Binghatti,29,51599207,42962673,25937440,17025232,39.63,5479006,11546226,26.88,29738909,69.22,6630348,6650585,2,6.9,19869947,4356430,2561090,1779283,39,1718506
FIN001450,2025-01-01,2025,1,Q1,DEV0010,Ellington Properties,45,84864285,72441766,45370660,27071105,37.37,9074887,17996218,24.84,60103824,82.97,16562231,8888049,2,4.44,37710030,12892362,1591248,1885873,5,2897670
FIN001451,2025-01-01,2025,1,Q1,DEV0011,RAK Properties,41,69319356,64837937,38705891,26132045,40.3,10581598,15550447,23.98,49755363,76.74,19160685,14892777,2,4.88,30243490,10155934,3227697,1690716,28,2593517
FIN001452,2025-01-01,2025,1,Q1,DEV0012,Tiger Properties,14,18308584,15907030,10749825,5157204,32.42,2123239,3033965,19.07,10531367,66.21,2882896,1968713,1,7.14,7895017,2675595,809043,1307756,3,636281
FIN001453,2025-01-01,2025,1,Q1,DEV0013,Imtiaz Developments,32,49217248,41964610,29599091,12365518,29.47,4558603,7806915,18.6,30466139,72.6,7398525,9044260,1,3.12,21237835,6118961,1047997,1538039,24,1678584
FIN001454,2025-01-01,2025,1,Q1,DEV0014,Select Group,37,71165171,56984657,36634033,20350623,35.71,8195738,12154885,21.33,47389319,83.16,12641241,12005317,1,2.7,25983412,9184134,2770296,1923383,7,2279386
FIN001455,2025-01-01,2025,1,Q1,DEV0015,Reportage Properties,2,2222422,2023400,1430304,593095,29.31,267306,325789,16.1,1242689,61.42,424448,214723,0,0.0,1004656,278897,82609,1111211,23,80936
FIN001456,2025-01-01,2025,1,Q1,DEV0016,Samana Developers,-13,-6140095,-5541844,-3521473,-2020370,36.46,-824758,-1195612,-119561200.0,-4703055,-470305500.0,-1226911,-595433,-1,-100.0,-3057783,-733230,-170733,472315,26,-221673
FIN001457,2025-01-01,2025,1,Q1,DEV0017,Object 1,3,2596215,2362218,1449675,912542,38.63,352689,559853,23.7,1488059,62.99,588653,302225,0,0.0,1145635,312665,126217,865405,22,94488
FIN001458,2025-01-01,2025,1,Q1,DEV0018,Majid Al Futtaim,80,85519840,79884606,49820288,30064317,37.63,10940743,19123574,23.94,49574602,62.06,21731779,9264925,9,11.25,42295499,15654135,4317415,1068998,10,3195384
FIN001459,2025-01-01,2025,1,Q1,DEV0019,Dubai Properties,81,177127722,160020414,110422259,49598154,30.99,17087161,32510993,20.32,104431137,65.26,31220665,39535579,7,8.64,87032492,13403118,8886195,2186762,11,6400816
FIN001460,2025-01-01,2025,1,Q1,DEV0020,Meydan Group,75,149906925,126885213,88628379,38256833,30.15,21253242,17003591,13.4,103868238,81.86,24278271,15061681,8,10.67,78667050,17501638,2939188,1998759,2,5075408
FIN001461,2025-02-01,2025,2,Q1,DEV0001,Emaar Properties,78,190982766,158132899,94647595,63485303,40.15,19030352,44454951,28.11,114369057,72.32,36647612,22441866,8,10.26,76093959,17380574,6935539,2448497,29,6325315
FIN001462,2025-02-01,2025,2,Q1,DEV0002,DAMAC Properties,77,170766519,141058002,96058402,44999599,31.9,24470367,20529232,14.55,119294487,84.57,27409314,29247950,4,5.19,78890115,13468375,6471628,2217747,29,5642320
FIN001463,2025-02-01,2025,2,Q1,DEV0003,Aldar Properties,84,134165724,114473176,66112999,48360176,42.25,12982624,35377552,30.9,68684526,60.0,29363699,22662400,4,4.76,52531046,12708947,6340864,1597211,53,4578927
FIN001464,2025-02-01,2025,2,Q1,DEV0004,Nakheel,83,162885923,151707219,94607523,57099695,37.64,24990296,32109399,21.17,106144373,69.97,27417887,34734233,9,10.84,84464396,24995158,5560614,1962481,38,6068288
FIN001465,2025-02-01,2025,2,Q1,DEV0005,Meraas,66,169503840,143562384,91419790,52142593,36.32,19332913,32809680,22.85,92196999,64.22,39636911,31143270,5,7.58,65411900,27514305,6358669,2568240,50,5742495
FIN001466,2025-02-01,2025,2,Q1,DEV0006,Sobha Realty,75,182327175,172298087,121210966,51087120,29.65,17559482,33527638,19.46,104336152,60.56,50479881,21040042,7,9.33,108638887,25553836,7224902,2431029,37,6891923
FIN001467,2025-02-01,2025,2,Q1,DEV0007,Azizi Developments,31,49301005,39712571,23709178,16003392,40.3,5041138,10962254,27.6,25338681,63.81,11038284,6977342,3,9.68,18156172,7164070,2096127,1590355,39,1588502
FIN001468,2025-02-01,2025,2,Q1,DEV0008,Danube Properties,37,46653411,43922019,24780288,19141730,43.58,4886132,14255598,32.46,27548605,62.72,10207857,7920513,3,8.11,21853684,7368187,1873061,1260903,7,1756880
FIN001469,2025-02-01,2025,2,Q1,DEV0009,Binghatti,34,63098900,53409610,34696572,18713037,35.04,7922852,10790185,20.2,36610363,68.55,8585913,9406464,2,5.88,25271403,8665771,2545276,1855850,6,2136384
FIN001470,2025-02-01,2025,2,Q1,DEV0010,Ellington Properties,7,11535713,10426107,5792031,4634075,44.45,1261200,3372875,32.35,6404440,61.43,2601349,2067550,0,0.0,4696120,1467495,339732,1647959,17,417044
FIN001471,2025-02-01,2025,2,Q1,DEV0011,RAK Properties,43,90123356,85013248,55183126,29830121,35.09,8644285,21185836,24.92,55513123,65.3,20380182,17896462,5,11.63,45936977,7358656,3843843,2095892,116,3400529
FIN001472,2025-02-01,2025,2,Q1,DEV0012,Tiger Properties,77,95872854,87191155,61385867,25805287,29.6,13873279,11932008,13.68,65325125,74.92,17027197,20841660,6,7.79,45551850,14985586,4731338,1245102,44,3487646
FIN001473,2025-02-01,2025,2,Q1,DEV0013,Imtiaz Developments,33,57262623,49804971,31066266,18738704,37.62,7343932,11394772,22.88,34807985,69.89,8633085,10932425,2,6.06,22965057,8658325,1715108,1735231,83,1992198
FIN001474,2025-02-01,2025,2,Q1,DEV0014,Select Group,35,67814110,63977213,36089805,27887407,43.59,8611068,19276339,30.13,41975798,65.61,13811048,8830354,3,8.57,29818800,9363016,3330013,1937546,14,2559088
FIN001475,2025-02-01,2025,2,Q1,DEV0015,Reportage Properties,32,26145728,22353162,15403884,6949277,31.09,2639713,4309564,19.28,15648489,70.01,3587884,3929142,3,9.38,12107618,3445534,763936,817054,8,894126
FIN001476,2025-02-01,2025,2,Q1,DEV0016,Samana Developers,11,8761027,7989484,4563929,3425554,42.88,878925,2546629,31.87,5122266,64.11,1585716,841409,0,0.0,3539245,1415345,223173,796457,35,319579
FIN001477,2025-02-01,2025,2,Q1,DEV0017,Object 1,43,32388503,29487302,20753128,8734173,29.62,4459219,4274954,14.5,22138183,75.08,6766531,3004987,3,6.98,18112949,2983539,716416,753221,33,1179492
FIN001478,2025-02-01,2025,2,Q1,DEV0018,Majid Al Futtaim,78,156362466,137865627,79338245,58527381,42.45,17439828,41087553,29.8,110272729,79.99,32901587,28018800,8,10.26,70267004,26560467,7915556,2004647,7,5514625
FIN001479,2025-02-01,2025,2,Q1,DEV0019,Dubai Properties,118,215685828,203299194,129611744,73687449,36.25,32566961,41120488,20.23,130767568,64.32,33432654,37510296,4,3.39,112594264,23857171,7793903,1827846,16,8131967
FIN001480,2025-02-01,2025,2,Q1,DEV0020,Meydan Group,96,190352928,172753938,107870624,64883313,37.56,21539269,43344044,25.09,113553087,65.73,34284678,31575643,11,11.46,88132949,31435978,7241876,1982843,48,6910157
FIN001481,2025-03-01,2025,3,Q1,DEV0001,Emaar Properties,66,151218672,142903691,82453015,60450675,42.3,19610363,40840312,28.58,85935494,60.14,29603134,28332451,7,10.61,58393211,18667803,8572411,2291192,28,5716147
FIN001482,2025-03-01,2025,3,Q1,DEV0002,DAMAC Properties,75,116503275,107932356,73452635,34479720,31.95,17687242,16792478,15.56,83667921,77.52,29974819,11547175,4,5.33,52887422,14974840,2539307,1553377,9,4317294
FIN001483,2025-03-01,2025,3,Q1,DEV0003,Aldar Properties,90,215195940,190389805,128132679,62257125,32.7,21183766,41073359,21.57,161146804,84.64,43280260,22979623,6,6.67,102292597,34733249,10311070,2391066,41,7615592
FIN001484,2025-03-01,2025,3,Q1,DEV0004,Nakheel,65,144216085,125592816,79163145,46429670,36.97,19322891,27106779,21.58,88406059,70.39,28995915,29074638,6,9.23,63473881,11276995,5064061,2218709,3,5023712
FIN001485,2025-03-01,2025,3,Q1,DEV0005,Meraas,63,147591738,137897479,91582122,46315356,33.59,19959316,26356040,19.11,85350907,61.89,37526362,32257577,3,4.76,71954609,23946609,2821298,2342726,2,5515899
FIN001486,2025-03-01,2025,3,Q1,DEV0006,Sobha Realty,75,157584525,141370733,85006953,56363779,39.87,23665942,32697837,23.13,100195719,70.87,28066932,30610165,4,5.33,76048352,21550520,5497371,2101127,10,5654829
FIN001487,2025-03-01,2025,3,Q1,DEV0007,Azizi Developments,33,36475230,33271939,19391808,13880130,41.72,4613336,9266794,27.85,21807634,65.54,7486233,8124488,1,3.03,15535146,2967766,1623504,1105310,34,1330877
FIN001488,2025-03-01,2025,3,Q1,DEV0008,Danube Properties,40,63411800,50745959,33846380,16899578,33.3,5527588,11371990,22.41,41821999,82.41,14888644,11574210,1,2.5,24636840,9961659,2519303,1585295,26,2029838
FIN001489,2025-03-01,2025,3,Q1,DEV0009,Binghatti,56,80813824,64764161,38788786,25975374,40.11,7904359,18071015,27.9,48160779,74.36,10022559,15951993,3,5.36,30113627,7958747,2968115,1443104,1,2590566
FIN001490,2025-03-01,2025,3,Q1,DEV0010,Ellington Properties,67,97259880,81679105,56270459,25408645,31.11,10209122,15199523,18.61,49253509,60.3,23579160,11740228,7,10.45,41566995,14017198,3268379,1451640,33,3267164
FIN001491,2025-03-01,2025,3,Q1,DEV0011,RAK Properties,35,58723945,51647759,36989742,14658016,28.38,7289847,7368169,14.27,39714573,76.9,9992340,10553324,3,8.57,29841846,4620131,2428235,1677827,1,2065910
FIN001492,2025-03-01,2025,3,Q1,DEV0012,Tiger Properties,14,23274230,21653309,14138925,7514383,34.7,3446085,4068298,18.79,13976784,64.55,6298646,2194346,0,0.0,9964355,3615224,1267348,1662445,0,866132
FIN001493,2025-03-01,2025,3,Q1,DEV0013,Imtiaz Developments,39,47103342,43545209,27371474,16173734,37.14,7284720,8889014,20.41,30351243,69.7,9865764,10228488,3,7.69,20309945,4307984,1464493,1207778,13,1741808
FIN001494,2025-03-01,2025,3,Q1,DEV0014,Select Group,48,56701968,47632006,32877294,14754711,30.98,7247119,7507592,15.76,33826529,71.02,8289444,7858996,5,10.42,23493244,9136295,2352025,1181291,27,1905280
FIN001495,2025-03-01,2025,3,Q1,DEV0015,Reportage Properties,37,29086773,23664129,13892870,9771258,41.29,2688475,7082783,29.93,18351828,77.55,4746325,4765368,2,5.41,10418473,2236779,635930,786129,0,946565
FIN001496,2025-03-01,2025,3,Q1,DEV0016,Samana Developers,16,15191216,12324909,8122507,4202401,34.1,2025569,2176832,17.66,9854219,79.95,2033952,2971591,0,0.0,6922044,1357498,471372,949451,32,492996
FIN001497,2025-03-01,2025,3,Q1,DEV0017,Object 1,27,14051583,11264338,7614782,3649555,32.4,1374840,2274715,20.19,7680501,68.18,1744177,2188264,1,3.7,6719218,1719386,295025,520429,22,450573
FIN001498,2025-03-01,2025,3,Q1,DEV0018,Majid Al Futtaim,74,154349940,141124529,100833624,40290904,28.55,18361052,21929852,15.54,97610433,69.17,22740404,30108534,5,6.76,87674051,14200775,4403247,2085810,32,5644981
FIN001499,2025-03-01,2025,3,Q1,DEV0019,Dubai Properties,74,152838490,128554506,76341419,52213086,40.62,17583439,34629647,26.94,102280660,79.56,28865887,19313176,7,9.46,55250208,18427339,5120399,2065385,10,5142180
FIN001500,2025-03-01,2025,3,Q1,DEV0020,Meydan Group,78,153180924,125090138,71303036,53787101,43.0,15803126,37983975,30.37,76168355,60.89,36242717,19810826,5,6.41,59862758,20450983,3203270,1963858,14,5003605
FIN001501,2025-04-01,2025,4,Q2,DEV0001,Emaar Properties,69,148331163,123983967,85459436,38524530,31.07,13729116,24795414,20.0,90981609,73.38,35848693,25543994,3,4.35,68393251,15536422,3726706,2149727,7,4959358
FIN001502,2025-04-01,2025,4,Q2,DEV0002,DAMAC Properties,83,147343260,138154523,90156397,47998125,34.74,13943957,34054168,24.65,110194861,79.76,41123085,15068001,9,10.84,80073761,26894989,5284027,1775220,3,5526180
FIN001503,2025-04-01,2025,4,Q2,DEV0003,Aldar Properties,88,140252112,126964354,77138873,49825480,39.24,21493495,28331985,22.31,105618844,83.19,22731583,24618856,6,6.82,63499649,20479593,3646643,1593774,42,5078574
FIN001504,2025-04-01,2025,4,Q2,DEV0004,Nakheel,47,104392734,96921755,57708975,39212779,40.46,10544273,28668506,29.58,64263341,66.3,22472593,16731360,3,6.38,51052648,13638872,4154051,2221122,40,3876870
FIN001505,2025-04-01,2025,4,Q2,DEV0005,Meraas,101,186961302,159334887,110033570,49301316,30.94,17931252,31370064,19.69,131585321,82.58,36350747,20195226,9,8.91,90973245,21831049,5311271,1851102,52,6373395
FIN001506,2025-04-01,2025,4,Q2,DEV0006,Sobha Realty,91,204297093,188020037,108942282,79077754,42.06,27610871,51466883,27.37,114014338,60.64,48823283,33997920,5,5.49,77925400,21007471,8451390,2245023,14,7520801
FIN001507,2025-04-01,2025,4,Q2,DEV0007,Azizi Developments,8,13392320,11113366,6751431,4361934,39.25,1482262,2879672,25.91,8228893,74.05,2579427,2054561,0,0.0,4832792,1427983,512305,1674040,56,444534
FIN001508,2025-04-01,2025,4,Q2,DEV0008,Danube Properties,36,51295248,45600154,27131830,18468323,40.5,7991448,10476875,22.98,30210213,66.25,7608627,8083869,3,8.33,20551637,5884944,927117,1424868,25,1824006
FIN001509,2025-04-01,2025,4,Q2,DEV0009,Binghatti,39,55997487,49609558,33102774,16506783,33.27,8073068,8433715,17.0,35150374,70.85,7741672,8301922,4,10.26,26727778,6047861,1802227,1435833,62,1984382
FIN001510,2025-04-01,2025,4,Q2,DEV0010,Ellington Properties,35,41069910,36424254,25716192,10708061,29.4,4217164,6490897,17.82,22953543,63.02,10555799,7960166,3,8.57,21841332,5693323,1629309,1173426,1,1456970
FIN001511,2025-04-01,2025,4,Q2,DEV0011,RAK Properties,44,57563044,53776421,34535579,19240841,35.78,6860738,12380103,23.02,36457579,67.79,11284306,10725386,5,11.36,30078976,4468247,2882085,1308251,0,2151056
FIN001512,2025-04-01,2025,4,Q2,DEV0012,Tiger Properties,24,32155152,29900315,17316861,12583453,42.08,3840677,8742776,29.24,23121489,77.33,6039077,4488198,2,8.33,12794867,4771456,946360,1339798,32,1196012
FIN001513,2025-04-01,2025,4,Q2,DEV0013,Imtiaz Developments,41,56372663,47988954,31703667,16285286,33.94,7345995,8939291,18.63,31962416,66.6,7228174,10537040,2,4.88,22484585,6307119,968244,1374943,19,1919558
FIN001514,2025-04-01,2025,4,Q2,DEV0014,Select Group,34,43273874,39552896,27125234,12427661,31.42,5657259,6770402,17.12,30847387,77.99,11400755,6594513,1,2.94,20854384,5134264,1515641,1272761,30,1582115
FIN001515,2025-04-01,2025,4,Q2,DEV0015,Reportage Properties,22,11164868,10319351,6793046,3526304,34.17,1169204,2357100,22.84,8344561,80.86,2878086,1597565,0,0.0,5429337,1800698,595056,507494,17,412774
FIN001516,2025-04-01,2025,4,Q2,DEV0016,Samana Developers,32,37521408,35279893,24914616,10365276,29.38,5566013,4799263,13.6,23425102,66.4,9169439,8328194,2,6.25,18312468,5813556,1195348,1172544,3,1411195
FIN001517,2025-04-01,2025,4,Q2,DEV0017,Object 1,28,40067188,36117920,25609989,10507930,29.09,5334451,5173479,14.32,29109868,80.6,8919532,7304023,2,7.14,21063010,6972606,2079551,1430971,65,1444716
FIN001518,2025-04-01,2025,4,Q2,DEV0018,Majid Al Futtaim,86,230363470,187670002,106250898,81419103,43.38,26456167,54962936,29.29,138614805,73.86,51283056,45080874,5,5.81,90877526,33809147,5339650,2678645,48,7506800
FIN001519,2025-04-01,2025,4,Q2,DEV0019,Dubai Properties,60,124405260,100928387,70134930,30793456,30.51,17015170,13778286,13.65,72098838,71.44,18623304,23447567,5,8.33,49931216,12216310,5255670,2073421,4,4037135
FIN001520,2025-04-01,2025,4,Q2,DEV0020,Meydan Group,123,294221166,252424456,177559602,74864853,29.66,35644292,39220561,15.54,172368294,68.29,44206064,38406912,4,3.25,135865435,22199666,5709599,2392042,14,10096978
FIN001521,2025-05-01,2025,5,Q2,DEV0001,Emaar Properties,44,104942068,88883721,56511176,32372544,36.42,12153606,20218938,22.75,69047304,77.68,26051048,15850489,4,9.09,49637929,9107258,2318128,2385047,42,3555348
FIN001522,2025-05-01,2025,5,Q2,DEV0002,DAMAC Properties,65,153578425,130170103,88182224,41987878,32.26,21546612,20441266,15.7,89747241,68.95,36960651,30468342,6,9.23,67956996,16815281,3666850,2362745,4,5206804
FIN001523,2025-05-01,2025,5,Q2,DEV0003,Aldar Properties,112,207796288,179312844,98909895,80402948,44.84,19351748,61051200,34.05,114666908,63.95,28531572,39128860,7,6.25,79233540,22023829,7288838,1855324,8,7172513
FIN001524,2025-05-01,2025,5,Q2,DEV0004,Nakheel,75,199193550,184764905,130415554,54349350,29.42,31213174,23136176,12.52,151943339,82.24,51589482,25039507,7,9.33,98444929,21710608,6856814,2655914,0,7390596
FIN001525,2025-05-01,2025,5,Q2,DEV0005,Meraas,79,192534613,154508501,100039327,54469173,35.25,17653907,36815266,23.83,121012719,78.32,39688423,36911213,3,3.8,81089672,20247134,7857859,2437147,84,6180340
FIN001526,2025-05-01,2025,5,Q2,DEV0006,Sobha Realty,82,182062468,161728154,107347795,54380358,33.62,18703711,35676647,22.06,136470699,84.38,44672856,23130925,7,8.54,95693996,25003145,9640615,2220274,3,6469126
FIN001527,2025-05-01,2025,5,Q2,DEV0007,Azizi Developments,28,58244732,53799212,37479384,16319827,30.33,7559877,8759950,16.28,45602467,84.76,8338078,12106680,2,7.14,30591031,8831254,1742761,2080169,27,2151968
FIN001528,2025-05-01,2025,5,Q2,DEV0008,Danube Properties,27,39930057,34594541,22331782,12262758,35.45,5883212,6379546,18.44,27616114,79.83,8217671,3991130,1,3.7,16077375,5766899,1746004,1478891,11,1383781
FIN001529,2025-05-01,2025,5,Q2,DEV0009,Binghatti,34,64131242,56018630,32076139,23942490,42.74,9286662,14655828,26.16,44179947,78.87,13185374,9252539,3,8.82,26578454,8257692,2460186,1886213,11,2240745
FIN001530,2025-05-01,2025,5,Q2,DEV0010,Ellington Properties,54,66362112,62844968,37610071,25234896,40.15,10634196,14600700,23.23,38975507,62.02,9872095,10075644,3,5.56,31589840,7837030,1668815,1228928,14,2513798
FIN001531,2025-05-01,2025,5,Q2,DEV0011,RAK Properties,41,40299925,37826390,24612922,13213467,34.93,4808238,8405229,22.22,24801648,65.57,8596782,8906594,1,2.44,21869902,6207101,1343609,982925,33,1513055
FIN001532,2025-05-01,2025,5,Q2,DEV0012,Tiger Properties,37,53601493,47868036,30284742,17583293,36.73,6802224,10781069,22.52,36883595,77.05,12557363,8224303,3,8.11,25005796,8058708,2600232,1448689,6,1914721
FIN001533,2025-05-01,2025,5,Q2,DEV0013,Imtiaz Developments,33,51415353,45264719,25004840,20259878,44.76,6838405,13421473,29.65,27684009,61.16,11054021,10838347,2,6.06,20541136,3826107,2012083,1558041,14,1810588
FIN001534,2025-05-01,2025,5,Q2,DEV0014,Select Group,63,103780971,86558441,53497652,33060788,38.19,9767533,23293255,26.91,72573727,83.84,17921623,12336102,7,11.11,47399092,13751705,3461815,1647317,16,3462337
FIN001535,2025-05-01,2025,5,Q2,DEV0015,Reportage Properties,6,5488482,5184154,3239361,1944792,37.51,617794,1326998,25.6,3522357,67.94,840703,1291578,0,0.0,2640356,880156,249714,914747,11,207366
FIN001536,2025-05-01,2025,5,Q2,DEV0016,Samana Developers,15,11165220,9068659,5724342,3344316,36.88,1545238,1799078,19.84,6438289,70.99,2243290,1787263,1,6.67,4966048,1461383,510192,744348,32,362746
FIN001537,2025-05-01,2025,5,Q2,DEV0017,Object 1,19,23638356,19238962,10765804,8473157,44.04,2574249,5898908,30.66,16348630,84.98,2938087,2835283,2,10.53,8238418,3691867,477119,1244124,19,769558
FIN001538,2025-05-01,2025,5,Q2,DEV0018,Majid Al Futtaim,47,78687165,67626290,40039476,27586813,40.79,7867412,19719401,29.16,55601015,82.22,20080635,7058245,2,4.26,35509395,10788779,2986450,1674195,26,2705051
FIN001539,2025-05-01,2025,5,Q2,DEV0019,Dubai Properties,74,137699126,121556110,68789322,52766787,43.41,21356548,31410239,25.84,94428845,77.68,30820793,19426221,4,5.41,60131342,10773052,6118421,1860799,14,4862244
FIN001540,2025-05-01,2025,5,Q2,DEV0020,Meydan Group,104,210049840,192946510,115908279,77038230,39.93,32500042,44538188,23.08,145331582,75.32,57781411,44570436,6,5.77,98649731,31124839,8687670,2019710,7,7717860
FIN001541,2025-06-01,2025,6,Q2,DEV0001,Emaar Properties,71,164170886,148878879,92656635,56222243,37.76,16090883,40131360,26.96,120092107,80.66,25883643,31983591,7,9.86,80601728,18068047,8014361,2312266,22,5955155
FIN001542,2025-06-01,2025,6,Q2,DEV0002,DAMAC Properties,61,122484340,108798701,61228739,47569961,43.72,18222513,29347448,26.97,87104115,80.06,20655228,25699044,4,6.56,42898780,10723680,3667378,2007940,48,4351948
FIN001543,2025-06-01,2025,6,Q2,DEV0003,Aldar Properties,61,166517068,150142635,91572870,58569764,39.01,15960678,42609086,28.38,112650616,75.03,40782840,17834112,7,11.48,71657742,15583436,3823875,2729788,15,6005705
FIN001544,2025-06-01,2025,6,Q2,DEV0004,Nakheel,90,237881790,200401656,132882968,67518687,33.69,22579049,44939638,22.42,169587890,84.62,38468605,44931303,6,6.67,97533925,36173779,10944025,2643131,0,8016066
FIN001545,2025-06-01,2025,6,Q2,DEV0005,Meraas,59,150496551,125572039,70219030,55353008,44.08,13287251,42065757,33.5,86180891,68.63,28341451,13666896,2,3.39,55081238,20158687,2680460,2550789,9,5022881
FIN001546,2025-06-01,2025,6,Q2,DEV0006,Sobha Realty,83,243037612,226293732,129387537,96906194,42.82,30404130,66502064,29.39,187014362,82.64,51574291,40105593,9,10.84,93348615,36271836,12130984,2928164,22,9051749
FIN001547,2025-06-01,2025,6,Q2,DEV0007,Azizi Developments,41,66892033,61711045,41471709,20239335,32.8,6814501,13424834,21.75,39334990,63.74,17723293,12747825,1,2.44,31106056,6501739,2933978,1631513,26,2468441
FIN001548,2025-06-01,2025,6,Q2,DEV0008,Danube Properties,28,34095572,31312927,20754336,10558590,33.72,4150653,6407937,20.46,19316443,61.69,8525051,3724849,2,7.14,15092542,4137371,1101963,1217699,16,1252517
FIN001549,2025-06-01,2025,6,Q2,DEV0009,Binghatti,42,81262272,71444604,44676151,26768452,37.47,11737483,15030969,21.04,54508804,76.3,14084464,13066488,2,4.76,33092286,11915851,4221832,1934816,25,2857784
FIN001550,2025-06-01,2025,6,Q2,DEV0010,Ellington Properties,42,63481236,54772803,37233961,17538841,32.02,8456519,9082322,16.58,35676940,65.14,12075351,7926110,3,7.14,30515397,8585157,3225981,1511458,39,2190912
FIN001551,2025-06-01,2025,6,Q2,DEV0011,RAK Properties,26,50859848,42822929,27919643,14903285,34.8,4983308,9919977,23.17,36337908,84.86,7689420,7633207,1,3.85,22372835,3700917,1795584,1956148,1,1712917
FIN001552,2025-06-01,2025,6,Q2,DEV0012,Tiger Properties,49,75490772,71094860,42800734,28294125,39.8,7891424,20402701,28.7,53175801,74.8,20135307,7348298,4,8.16,34769914,6143379,2512027,1540628,56,2843794
FIN001553,2025-06-01,2025,6,Q2,DEV0013,Imtiaz Developments,32,51027296,47666188,33551128,14115059,29.61,5697320,8417739,17.66,35503967,74.48,8837966,8370326,0,0.0,27868958,6736085,2138527,1594603,39,1906647
FIN001554,2025-06-01,2025,6,Q2,DEV0014,Select Group,31,56820861,51357710,36381447,14976262,29.16,6835768,8140494,15.85,40519338,78.9,9384389,9457657,1,3.23,30829150,10263731,1223936,1832931,40,2054308
FIN001555,2025-06-01,2025,6,Q2,DEV0015,Reportage Properties,35,41509720,38574568,23582173,14992394,38.87,6824540,8167854,21.17,31616586,81.96,9164681,6128346,2,5.71,19226933,4657771,1627583,1185992,12,1542982
FIN001556,2025-06-01,2025,6,Q2,DEV0016,Samana Developers,22,22552112,19695554,10921582,8773971,44.55,3464260,5309711,26.96,12890358,65.45,4419724,4558522,1,4.55,9797391,1744061,584605,1025096,7,787822
FIN001557,2025-06-01,2025,6,Q2,DEV0017,Object 1,8,6573352,6159576,4022915,2136660,34.69,841662,1294998,21.02,4009762,65.1,1244749,1489315,0,0.0,3318327,641955,273838,821669,41,246383
FIN001558,2025-06-01,2025,6,Q2,DEV0018,Majid Al Futtaim,53,125222623,115131911,82291499,32840411,28.52,13892100,18948311,16.46,86758007,75.36,28129712,14943011,2,3.77,68237306,11416223,5402275,2362691,18,4605276
FIN001559,2025-06-01,2025,6,Q2,DEV0019,Dubai Properties,44,110012188,95809486,54665395,41144090,42.94,12017599,29126491,30.4,68597383,71.6,27582952,20589018,2,4.55,43073274,18796946,2881962,2500277,84,3832379
FIN001560,2025-06-01,2025,6,Q2,DEV0020,Meydan Group,88,218106944,178267821,122954371,55313449,31.03,24260610,31052839,17.42,140060187,78.57,52224923,35651360,8,9.09,105160009,15171029,7335095,2478488,43,7130712
FIN001561,2025-07-01,2025,7,Q3,DEV0001,Emaar Properties,92,189890668,153805782,101409837,52395944,34.07,17883749,34512195,22.44,109433985,71.15,33217682,23986650,6,6.52,77590030,13070230,3093471,2064029,68,6152231
FIN001562,2025-07-01,2025,7,Q3,DEV0002,DAMAC Properties,80,229364560,199640365,120609248,79031116,39.59,23920163,55110953,27.61,151837185,76.06,31352615,28565890,7,8.75,96279685,20826808,4126423,2867057,2,7985614
FIN001563,2025-07-01,2025,7,Q3,DEV0003,Aldar Properties,68,146962484,133501980,81505196,51996783,38.95,18791435,33205348,24.87,83739247,62.73,36449536,13903483,4,5.88,57118417,20848218,4973823,2161213,30,5340079
FIN001564,2025-07-01,2025,7,Q3,DEV0004,Nakheel,75,139275675,128396086,72883235,55512850,43.24,21378229,34134621,26.59,97971785,76.3,35054352,29952246,4,5.33,62903180,23319053,3711842,1857009,12,5135843
FIN001565,2025-07-01,2025,7,Q3,DEV0005,Meraas,93,197176740,167234735,105689910,61544824,36.8,19726660,41818164,25.01,127553089,76.27,38975660,18716505,7,7.53,74924059,25292732,6138158,2120180,36,6689389
FIN001566,2025-07-01,2025,7,Q3,DEV0006,Sobha Realty,97,225330806,199406723,120115040,79291682,39.76,22390927,56900755,28.54,138988321,69.7,34035295,27800718,9,9.28,105235729,19487708,8386142,2322998,85,7976268
FIN001567,2025-07-01,2025,7,Q3,DEV0007,Azizi Developments,28,34270712,30894752,19930311,10964440,35.49,5285276,5679164,18.38,25083882,81.19,8622402,4438609,3,10.71,17872072,2894698,1060120,1223954,22,1235790
FIN001568,2025-07-01,2025,7,Q3,DEV0008,Danube Properties,37,61781860,57684989,35693836,21991152,38.12,7399187,14591965,25.3,45790527,79.38,12633636,7309637,1,2.7,25572631,6822621,3272554,1669780,4,2307399
FIN001569,2025-07-01,2025,7,Q3,DEV0009,Binghatti,63,104856822,96208084,57722962,38485121,40.0,11383969,27101152,28.17,79580988,82.72,25595623,11496668,2,3.17,40725528,11671029,3132632,1664394,56,3848323
FIN001570,2025-07-01,2025,7,Q3,DEV0010,Ellington Properties,33,44182182,38271771,22254899,16016871,41.85,4009254,12007617,31.37,27340815,71.44,10899993,7037529,2,6.06,17134020,3295401,915930,1338854,0,1530870
FIN001571,2025-07-01,2025,7,Q3,DEV0011,RAK Properties,41,67287355,54915735,38688602,16227132,29.55,8917140,7309992,13.31,35872467,65.32,13134743,7533455,1,2.44,33070744,8385601,1682642,1641155,0,2196629
FIN001572,2025-07-01,2025,7,Q3,DEV0012,Tiger Properties,32,56435264,53340692,37940188,15400503,28.87,9331436,6069067,11.38,32437522,60.81,13383354,12781697,1,3.12,31787114,4905468,2745462,1763602,19,2133627
FIN001573,2025-07-01,2025,7,Q3,DEV0013,Imtiaz Developments,41,78897202,67467650,48339790,19127859,28.35,9521624,9606235,14.24,51852684,76.86,11936129,7093735,2,4.88,36783794,11160844,1749578,1924322,13,2698706
FIN001574,2025-07-01,2025,7,Q3,DEV0014,Select Group,11,16779378,15877194,9718622,6158571,38.79,2166373,3992198,25.14,13440953,84.66,3038896,1921515,0,0.0,8723280,2170633,481273,1525398,6,635087
FIN001575,2025-07-01,2025,7,Q3,DEV0015,Reportage Properties,8,4989648,4370112,3083432,1286679,29.44,655323,631356,14.45,3007332,68.82,706282,887450,0,0.0,2626723,668904,124912,623706,20,174804
FIN001576,2025-07-01,2025,7,Q3,DEV0016,Samana Developers,17,10516778,9222898,5173913,4048984,43.9,1407603,2641381,28.64,6394666,69.33,1891976,2243991,1,5.88,3785118,1803494,415614,618634,15,368915
FIN001577,2025-07-01,2025,7,Q3,DEV0017,Object 1,-10,-6973050,-6295718,-4396881,-1898836,30.16,-696574,-1202262,-120226200.0,-5058309,-505830900.0,-1251595,-973770,0,0.0,-3249132,-940243,-148797,697305,24,-251828
FIN001578,2025-07-01,2025,7,Q3,DEV0018,Majid Al Futtaim,53,104065076,93652014,58056245,35595768,38.01,11881216,23714552,25.32,78675652,84.01,15299062,22699537,3,5.66,41870696,10603064,4977553,1963492,3,3746080
FIN001579,2025-07-01,2025,7,Q3,DEV0019,Dubai Properties,63,147379743,136269963,85183369,51086593,37.49,17827345,33259248,24.41,99155418,72.76,24006062,21296117,4,6.35,76643916,21018579,5276834,2339361,39,5450798
FIN001580,2025-07-01,2025,7,Q3,DEV0020,Meydan Group,45,108499365,88878617,53409674,35468942,39.91,12553270,22915672,25.78,63392041,71.32,23585020,11382717,3,6.67,38458221,15860491,2816028,2411097,26,3555144
FIN001581,2025-08-01,2025,8,Q3,DEV0001,Emaar Properties,62,172874104,159646726,88943515,70703210,44.29,20107000,50596210,31.69,115505427,72.35,37045397,19142482,4,6.45,78525886,19415716,4732183,2788292,41,6385869
FIN001582,2025-08-01,2025,8,Q3,DEV0002,DAMAC Properties,88,224992152,208410721,137648511,70762209,33.95,27511202,43251007,20.75,146765141,70.42,47720460,37220038,10,11.36,113881561,35235649,4683593,2556729,10,8336428
FIN001583,2025-08-01,2025,8,Q3,DEV0003,Aldar Properties,87,188528913,174760969,107176105,67584863,38.67,19702005,47882858,27.4,147311996,84.29,39527229,37050202,3,3.45,96232617,20818983,6275120,2166999,35,6990438
FIN001584,2025-08-01,2025,8,Q3,DEV0004,Nakheel,65,106421185,90685247,62111645,28573601,31.51,13798354,14775247,16.29,67462630,74.39,23698921,19549657,2,3.08,50515789,16873498,4348717,1637249,0,3627409
FIN001585,2025-08-01,2025,8,Q3,DEV0005,Meraas,66,143293722,128416892,78455440,49961451,38.91,19320795,30640656,23.86,102656828,79.94,34971857,23129867,6,9.09,56820814,21864024,3144813,2171117,18,5136675
FIN001586,2025-08-01,2025,8,Q3,DEV0006,Sobha Realty,81,205777341,173792117,116004838,57787278,33.25,20159806,37627472,21.65,119996594,69.05,32515372,34756674,9,11.11,96749409,27200927,8282681,2540461,13,6951684
FIN001587,2025-08-01,2025,8,Q3,DEV0007,Azizi Developments,11,12951081,12008597,7326734,4681862,38.99,1555887,3125975,26.03,9974029,83.06,2305100,2893510,0,0.0,5599027,2090815,422650,1177371,30,480343
FIN001588,2025-08-01,2025,8,Q3,DEV0008,Danube Properties,52,72584980,64038348,43506593,20531754,32.06,7436437,13095317,20.45,50017707,78.11,18470957,14325785,5,9.62,32848551,9101057,2290119,1395865,23,2561533
FIN001589,2025-08-01,2025,8,Q3,DEV0009,Binghatti,36,51885612,46238928,26783027,19455900,42.08,5936466,13519434,29.24,28806664,62.3,12637567,5942060,4,11.11,21699437,8749753,1032545,1441267,14,1849557
FIN001590,2025-08-01,2025,8,Q3,DEV0010,Ellington Properties,50,84158550,78165268,55583831,22581436,28.89,8874360,13707076,17.54,59798845,76.5,15301896,19524866,5,10.0,45667642,9200531,4591032,1683171,27,3126610
FIN001591,2025-08-01,2025,8,Q3,DEV0011,RAK Properties,49,84001729,68182131,47322110,20860020,30.59,8972032,11887988,17.44,54894822,80.51,15863775,9035922,4,8.16,35018200,9199035,3055227,1714321,26,2727285
FIN001592,2025-08-01,2025,8,Q3,DEV0012,Tiger Properties,60,103868040,92462106,54900231,37561874,40.62,16121115,21440759,23.19,70574847,76.33,24285857,20752848,6,10.0,43664199,14409784,2355783,1731134,17,3698484
FIN001593,2025-08-01,2025,8,Q3,DEV0013,Imtiaz Developments,43,85625384,70947200,45949623,24997576,35.23,11033367,13964209,19.68,47955291,67.59,16384723,14702067,3,6.98,38117635,6522218,4037926,1991288,29,2837888
FIN001594,2025-08-01,2025,8,Q3,DEV0014,Select Group,42,71111502,58184611,34701482,23483128,40.36,8385409,15097719,25.95,44419272,76.34,11397779,9147401,3,7.14,26354369,4952974,1901686,1693131,29,2327384
FIN001595,2025-08-01,2025,8,Q3,DEV0015,Reportage Properties,8,4672032,4078346,2820342,1258003,30.85,554037,703966,17.26,2875550,70.51,701760,880534,0,0.0,2377882,463706,232049,584004,103,163133
FIN001596,2025-08-01,2025,8,Q3,DEV0016,Samana Developers,29,17056437,14139097,9740090,4399006,31.11,1779884,2619122,18.52,11270909,79.71,2610930,3386014,1,3.45,7622545,1926921,353076,588153,14,565563
FIN001597,2025-08-01,2025,8,Q3,DEV0017,Object 1,-23,-26426517,-24171964,-15255313,-8916650,36.89,-2699948,-6216702,-621670200.0,-17242463,-1724246300.0,-6032271,-4974466,-1,-100.0,-13109474,-4145662,-844903,1148979,16,-966878
FIN001598,2025-08-01,2025,8,Q3,DEV0018,Majid Al Futtaim,63,104755707,91264001,53065651,38198349,41.85,14714620,23483729,25.73,54923754,60.18,22302781,10758208,2,3.17,46057715,8763280,3657114,1662789,11,3650560
FIN001599,2025-08-01,2025,8,Q3,DEV0019,Dubai Properties,70,160782650,130032438,88973617,41058820,31.58,14302899,26755921,20.58,96241575,74.01,34684188,21741602,2,2.86,69496226,15519546,7137174,2296895,4,5201297
FIN001600,2025-08-01,2025,8,Q3,DEV0020,Meydan Group,85,161739275,144682863,97840273,46842589,32.38,18160592,28681997,19.82,115136429,79.58,30002389,26147121,3,3.53,72763208,23887670,8295285,1902815,63,5787314
FIN001601,2025-09-01,2025,9,Q3,DEV0001,Emaar Properties,86,192428440,170716449,103596604,67119844,39.32,21678494,45441350,26.62,127566474,74.72,37559603,23140136,6,6.98,84168795,30077424,6167839,2237540,50,6828657
FIN001602,2025-09-01,2025,9,Q3,DEV0002,DAMAC Properties,89,192898155,173085560,101837293,71248266,41.16,28557844,42690422,24.66,143428959,82.87,33659476,37273834,7,7.87,86340717,14351928,5970815,2167395,1,6923422
FIN001603,2025-09-01,2025,9,Q3,DEV0003,Aldar Properties,69,158702484,130792835,76327922,54464912,41.64,14760425,39704487,30.36,94621473,72.34,20476332,31583064,5,7.25,62014802,18245897,3536850,2300036,9,5231713
FIN001604,2025-09-01,2025,9,Q3,DEV0004,Nakheel,74,156699218,128935268,78808016,50127251,38.88,22031984,28095267,21.79,87060892,67.52,36006391,18264636,5,6.76,70840289,13624983,5195822,2117557,29,5157410
FIN001605,2025-09-01,2025,9,Q3,DEV0005,Meraas,82,166051722,137331286,97557931,39773354,28.96,14696437,25076917,18.26,103716037,75.52,38229454,17589115,9,10.98,82015610,19647841,4009516,2025021,33,5493251
FIN001606,2025-09-01,2025,9,Q3,DEV0006,Sobha Realty,65,170257035,155269197,106463237,48805959,31.43,22926983,25878976,16.67,117871837,75.91,26506092,34191794,4,6.15,87562949,12555353,9135381,2619339,16,6210767
FIN001607,2025-09-01,2025,9,Q3,DEV0007,Azizi Developments,48,87283248,81974605,51818077,30156527,36.79,10282109,19874418,24.24,54807772,66.86,23065289,13759504,1,2.08,44849294,15510911,3680886,1818401,0,3278984
FIN001608,2025-09-01,2025,9,Q3,DEV0008,Danube Properties,51,87820011,82229698,54436193,27793504,33.8,9642062,18151442,22.07,53702534,65.31,12387509,16370383,3,5.88,38113402,14173681,3100208,1721961,13,3289187
FIN001609,2025-09-01,2025,9,Q3,DEV0009,Binghatti,50,106086600,93055256,52495805,40559450,43.59,12354133,28205317,30.31,68692531,73.82,25107762,12254686,2,4.0,39812333,13170183,3088960,2121732,11,3722210
FIN001610,2025-09-01,2025,9,Q3,DEV0010,Ellington Properties,42,78609594,65506976,43317079,22189896,33.87,10086292,12103604,18.48,50703916,77.4,18843169,7255453,1,2.38,30890017,9571082,1812067,1871657,18,2620279
FIN001611,2025-09-01,2025,9,Q3,DEV0011,RAK Properties,39,66158703,58024353,35462132,22562220,38.88,8057220,14505000,25.0,37838490,65.21,15459454,9268161,2,5.13,31677076,10832743,3186878,1696377,69,2320974
FIN001612,2025-09-01,2025,9,Q3,DEV0012,Tiger Properties,58,91518896,82272183,52148608,30123574,36.61,11543451,18580123,22.58,50318654,61.16,19442954,17599291,4,6.9,44363026,14374102,4620167,1577912,21,3290887
FIN001613,2025-09-01,2025,9,Q3,DEV0013,Imtiaz Developments,31,51716928,44050303,30855265,13195037,29.95,4705098,8489939,19.27,35455419,80.49,8139683,8343358,2,6.45,26611073,7186185,1437454,1668288,97,1762012
FIN001614,2025-09-01,2025,9,Q3,DEV0014,Select Group,38,48240430,43516935,24524331,18992603,43.64,5809813,13182790,30.29,34646977,79.62,11389678,9005778,1,2.63,19168037,5422063,1280892,1269485,2,1740677
FIN001615,2025-09-01,2025,9,Q3,DEV0015,Reportage Properties,9,11320047,9490039,6803579,2686459,28.31,1573014,1113445,11.73,7346506,77.41,1916396,2272680,0,0.0,4951407,966806,490299,1257783,15,379601
FIN001616,2025-09-01,2025,9,Q3,DEV0016,Samana Developers,18,9061848,7252442,4434759,2817682,38.85,917726,1899956,26.2,4744883,65.42,1311993,1685525,1,5.56,3635337,793321,226660,503436,28,290097
FIN001617,2025-09-01,2025,9,Q3,DEV0017,Object 1,-9,-6928614,-5736716,-3559951,-2176764,37.94,-862089,-1314675,-131467500.0,-4802956,-480295600.0,-1282163,-602566,0,0.0,-2688507,-1060533,-213911,769846,10,-229468
FIN001618,2025-09-01,2025,9,Q3,DEV0018,Majid Al Futtaim,84,189986664,172353521,100826638,71526882,41.5,27109615,44417267,25.77,108471249,62.94,32012443,42530632,5,5.95,74037760,18115222,8232172,2261746,16,6894140
FIN001619,2025-09-01,2025,9,Q3,DEV0019,Dubai Properties,85,176018085,144841220,96710109,48131110,33.23,18909485,29221625,20.17,114627930,79.14,26765406,32249735,2,2.35,69473921,25855685,4382612,2070801,9,5793648
FIN001620,2025-09-01,2025,9,Q3,DEV0020,Meydan Group,102,243374754,226606006,136486215,90119790,39.77,24140206,65979584,29.12,160281562,70.73,46500127,44247334,3,2.94,113351264,44633509,5580396,2386027,17,9064240
FIN001621,2025-10-01,2025,10,Q4,DEV0001,Emaar Properties,76,140640736,118455436,76107007,42348428,35.75,17299754,25048674,21.15,90466435,76.37,24558658,26060394,6,7.89,63934170,12032103,4665235,1850536,27,4738217
FIN001622,2025-10-01,2025,10,Q4,DEV0002,DAMAC Properties,98,209755182,197149875,114205493,82944381,42.07,25062003,57882378,29.36,134007203,67.97,54746742,23924381,6,6.12,95029223,19331353,10151885,2140359,48,7885995
FIN001623,2025-10-01,2025,10,Q4,DEV0003,Aldar Properties,71,146703892,131192603,87075121,44117481,33.63,20027708,24089773,18.36,110138336,83.95,22993862,31377833,5,7.04,66192633,14762754,7453966,2066252,16,5247704
FIN001624,2025-10-01,2025,10,Q4,DEV0004,Nakheel,68,185306460,149051971,99469743,49582227,33.27,20231872,29350355,19.69,114551402,76.85,42380377,29931712,3,4.41,71382850,20164774,7476444,2725095,68,5962078
FIN001625,2025-10-01,2025,10,Q4,DEV0005,Meraas,77,173623142,156043211,96649046,59394164,38.06,22598304,36795860,23.58,112192976,71.9,24015897,35026569,3,3.9,83732574,25614119,6536756,2254846,22,6241728
FIN001626,2025-10-01,2025,10,Q4,DEV0006,Sobha Realty,73,169976704,151806394,97172884,54633509,35.99,24298517,30334992,19.98,94308646,62.12,34878017,21263101,5,6.85,72624768,26197465,4910234,2328448,12,6072255
FIN001627,2025-10-01,2025,10,Q4,DEV0007,Azizi Developments,28,45570364,40929711,26745869,14183841,34.65,5698617,8485224,20.73,26864821,65.64,10305109,6235936,2,7.14,23389668,7108798,1819187,1627513,14,1637188
FIN001628,2025-10-01,2025,10,Q4,DEV0008,Danube Properties,68,119853672,111277249,76105657,35171591,31.61,18965922,16205669,14.56,79783286,71.7,21363122,19755386,5,7.35,53467762,15582938,2920637,1762554,10,4451089
FIN001629,2025-10-01,2025,10,Q4,DEV0009,Binghatti,49,97008289,78944174,46318382,32625791,41.33,10079546,22546245,28.56,58400747,73.98,18553129,18218248,3,6.12,39138729,15042633,3869914,1979761,8,3157766
FIN001630,2025-10-01,2025,10,Q4,DEV0010,Ellington Properties,37,52764146,43259764,24885246,18374517,42.47,5402455,12972062,29.99,31330895,72.43,10993234,7709561,2,5.41,20110152,6735755,1117262,1426058,6,1730390
FIN001631,2025-10-01,2025,10,Q4,DEV0011,RAK Properties,38,36053754,29714041,18839201,10874839,36.6,5217434,5657405,19.04,22911932,77.11,8305793,7015510,4,10.53,13766187,5778162,1323998,948783,43,1188561
FIN001632,2025-10-01,2025,10,Q4,DEV0012,Tiger Properties,67,93495150,75576885,41895706,33681178,44.57,12950519,20730659,27.43,61523128,81.4,15132575,8364778,5,7.46,36733055,12858052,2788824,1395450,16,3023075
FIN001633,2025-10-01,2025,10,Q4,DEV0013,Imtiaz Developments,31,33186771,28328291,18850693,9477597,33.46,3691080,5786517,20.43,21127042,74.58,4563656,4903452,3,9.68,15909742,5006443,762997,1070541,0,1133131
FIN001634,2025-10-01,2025,10,Q4,DEV0014,Select Group,43,71897763,64543322,39713875,24829446,38.47,7229596,17599850,27.27,44948250,69.64,16121117,13634891,2,4.65,34326934,5648490,3514287,1672041,4,2581732
FIN001635,2025-10-01,2025,10,Q4,DEV0015,Reportage Properties,-10,-5925360,-4803875,-3023078,-1780796,37.07,-663560,-1117236,-111723600.0,-3285415,-328541500.0,-786325,-1068878,-1,-100.0,-2308446,-511524,-101473,592536,51,-192155
FIN001636,2025-10-01,2025,10,Q4,DEV0016,Samana Developers,-9,-14042511,-13053207,-7930769,-5122437,39.24,-1404509,-3717928,-371792800.0,-7911872,-791187200.0,-3143914,-1798749,0,0.0,-6100432,-2057195,-722098,1560279,6,-522128
FIN001637,2025-10-01,2025,10,Q4,DEV0017,Object 1,46,55784522,49944598,35024011,14920586,29.87,5291508,9629078,19.28,36228579,72.54,14102330,11365079,4,8.7,26615849,4085284,1902784,1212707,12,1997783
FIN001638,2025-10-01,2025,10,Q4,DEV0018,Majid Al Futtaim,55,103589585,93619594,60963729,32655864,34.88,9471714,23184150,24.76,76237702,81.43,24234788,16048568,3,5.45,52114241,14530653,3332503,1883447,4,3744783
FIN001639,2025-10-01,2025,10,Q4,DEV0019,Dubai Properties,39,93123732,86516826,52570248,33946577,39.24,9896110,24050467,27.8,71058087,82.13,20846363,18377489,1,2.56,44143209,11209787,4677652,2387788,15,3460673
FIN001640,2025-10-01,2025,10,Q4,DEV0020,Meydan Group,76,135121008,122196693,68803142,53393550,43.69,19320344,34073206,27.88,93641116,76.63,30375763,23103606,7,9.21,50979403,20720033,5984597,1777908,8,4887867
FIN001641,2025-11-01,2025,11,Q4,DEV0001,Emaar Properties,90,208528470,181519082,128587381,52931700,29.16,26791874,26139826,14.4,134735647,74.23,48662803,32130386,5,5.56,110924005,27677558,8175201,2316983,22,7260763
FIN001642,2025-11-01,2025,11,Q4,DEV0002,DAMAC Properties,65,115533860,108143658,73644357,34499300,31.9,19213727,15285573,14.13,79213578,73.25,30841271,16770490,4,6.15,53597744,20346669,5791655,1777444,3,4325746
FIN001643,2025-11-01,2025,11,Q4,DEV0003,Aldar Properties,63,159341994,134973722,95198813,39774908,29.47,19804321,19970587,14.8,104950042,77.76,36635858,21315281,4,6.35,68210043,23438071,3271271,2529238,7,5398948
FIN001644,2025-11-01,2025,11,Q4,DEV0004,Nakheel,101,201841026,186316179,111588379,74727799,40.11,31298158,43429641,23.31,120403651,64.62,47643423,37916206,3,2.97,86307806,23014174,5230644,1998426,4,7452647
FIN001645,2025-11-01,2025,11,Q4,DEV0005,Meraas,82,238879858,202787915,128390910,74397004,36.69,22562201,51834803,25.56,127875157,63.06,49844890,34674665,7,8.54,103661834,20063292,11385811,2913169,41,8111516
FIN001646,2025-11-01,2025,11,Q4,DEV0006,Sobha Realty,89,159013719,150862887,102480403,48382483,32.07,26308954,22073529,14.63,112064252,74.28,29926473,24284121,6,6.74,89605276,18249361,4319517,1786671,10,6034515
FIN001647,2025-11-01,2025,11,Q4,DEV0007,Azizi Developments,48,90453264,82771447,50383284,32388162,39.13,8649562,23738600,28.68,60060561,72.56,20855743,10544549,4,8.33,38176743,8788447,2211256,1884443,22,3310857
FIN001648,2025-11-01,2025,11,Q4,DEV0008,Danube Properties,52,100529936,90603283,62655754,27947528,30.85,10143518,17804010,19.65,68043038,75.1,22267805,14918314,2,3.85,53541063,11158658,5422062,1933268,34,3624131
FIN001649,2025-11-01,2025,11,Q4,DEV0009,Binghatti,27,32628771,30685406,18721805,11963600,38.99,3993582,7970018,25.97,23342966,76.07,5923687,3631695,2,7.41,13593231,4794210,616115,1208473,59,1227416
FIN001650,2025-11-01,2025,11,Q4,DEV0010,Ellington Properties,40,71995160,65194857,39941293,25253563,38.74,10097382,15156181,23.25,47438312,72.76,15994708,9385701,4,10.0,30860403,6240304,2998748,1799879,60,2607794
FIN001651,2025-11-01,2025,11,Q4,DEV0011,RAK Properties,73,88141441,79757713,57119533,22638179,28.38,14243956,8394223,10.52,52699230,66.07,23012760,10254374,7,9.59,44029488,9074498,2454019,1207417,11,3190308
FIN001652,2025-11-01,2025,11,Q4,DEV0012,Tiger Properties,35,67661405,55315369,33045956,22269412,40.26,8236200,14033212,25.37,37086210,67.05,10874043,9789615,1,2.86,23809902,5508512,2918007,1933183,18,2212614
FIN001653,2025-11-01,2025,11,Q4,DEV0013,Imtiaz Developments,37,65754328,60686257,39691299,20994957,34.6,7238425,13756532,22.67,49631841,81.78,15396864,11408260,2,5.41,31739414,10318380,3615371,1777144,1,2427450
FIN001654,2025-11-01,2025,11,Q4,DEV0014,Select Group,30,45370650,37937926,23394232,14543693,38.34,6144664,8399029,22.14,30069046,79.26,10575673,4588233,1,3.33,18591377,5235789,1777661,1512355,40,1517517
FIN001655,2025-11-01,2025,11,Q4,DEV0015,Reportage Properties,30,36321630,31707172,21827507,9879664,31.16,3679559,6200105,19.55,21304097,67.19,8056073,7246391,2,6.67,18861286,2665985,1396910,1210721,1,1268286
FIN001656,2025-11-01,2025,11,Q4,DEV0016,Samana Developers,16,12998272,11311470,7054624,4256845,37.63,1229964,3026881,26.76,8086841,71.49,2291102,1525084,1,6.25,5255047,2235748,465709,812392,18,452458
FIN001657,2025-11-01,2025,11,Q4,DEV0017,Object 1,12,5172288,4367979,2456810,1911168,43.75,639704,1271464,29.11,3474129,79.54,1022706,1013644,0,0.0,1986326,427458,196884,431024,51,174719
FIN001658,2025-11-01,2025,11,Q4,DEV0018,Majid Al Futtaim,58,115564942,106216655,67318106,38898548,36.62,11015471,27883077,26.25,83128238,78.26,27887199,21313556,3,5.17,57639352,11923076,5689068,1992499,57,4248666
FIN001659,2025-11-01,2025,11,Q4,DEV0019,Dubai Properties,85,237245115,212681357,146632425,66048931,31.06,26530708,39518223,18.58,146045208,68.67,42573441,28443241,6,7.06,122035922,32447040,7506200,2791119,34,8507254
FIN001660,2025-11-01,2025,11,Q4,DEV0020,Meydan Group,49,98966427,87698398,50347475,37350922,42.59,10247520,27103402,30.91,70972583,80.93,25499516,15899910,4,8.16,36878864,14180091,2823722,2019723,104,3507935
FIN001661,2025-12-01,2025,12,Q4,DEV0001,Emaar Properties,91,157801098,134397760,87426360,46971399,34.95,17849479,29121920,21.67,113078144,84.14,23280018,19554538,3,3.3,69924940,12702338,6673399,1734078,96,5375910
FIN001662,2025-12-01,2025,12,Q4,DEV0002,DAMAC Properties,58,124752316,111448642,78444387,33004254,29.61,19727116,13277138,11.91,77675148,69.7,24255767,22851008,2,3.45,65771293,9445226,3162666,2150902,6,4457945
FIN001663,2025-12-01,2025,12,Q4,DEV0003,Aldar Properties,93,211649958,178370596,109542741,68827854,38.59,18110419,50717435,28.43,142752078,80.03,47738800,23407342,11,11.83,83104676,14932558,4442751,2275806,13,7134823
FIN001664,2025-12-01,2025,12,Q4,DEV0004,Nakheel,82,265684756,228623847,128708709,99915137,43.7,36540910,63374227,27.72,176012395,76.99,54331576,23157249,9,10.98,95449442,35205397,12565425,3240058,15,9144953
FIN001665,2025-12-01,2025,12,Q4,DEV0005,Meraas,85,226187295,212886808,129596080,83290727,39.12,28556729,54733998,25.71,173121778,81.32,38380049,49826866,8,9.41,113968990,29142937,6640683,2661027,33,8515472
FIN001666,2025-12-01,2025,12,Q4,DEV0006,Sobha Realty,75,157762425,149589542,107493619,42095922,28.14,20341500,21754422,14.54,115082109,76.93,25337216,28488298,3,4.0,87549399,28581983,8042432,2103499,49,5983581
FIN001667,2025-12-01,2025,12,Q4,DEV0007,Azizi Developments,61,93518124,87139585,61239568,25900016,29.72,14252720,11647296,13.37,68521240,78.63,20933129,18238286,6,9.84,45737547,8043927,4590323,1533084,68,3485583
FIN001668,2025-12-01,2025,12,Q4,DEV0008,Danube Properties,52,94875248,77980897,49027019,28953877,37.13,11751746,17202131,22.06,63936304,81.99,20674342,10954084,2,3.85,38699518,10268856,2197829,1824524,14,3119235
FIN001669,2025-12-01,2025,12,Q4,DEV0009,Binghatti,31,55083838,51779528,34940386,16839141,32.52,8350057,8489084,16.39,36109599,69.74,13029012,7862574,1,3.23,28862781,6345255,2974261,1776898,14,2071181
FIN001670,2025-12-01,2025,12,Q4,DEV0010,Ellington Properties,32,47212672,41412298,28757838,12654459,30.56,4247257,8407202,20.3,33894816,81.85,12353901,6717588,2,6.25,24076327,3850128,1094389,1475396,6,1656491
FIN001671,2025-12-01,2025,12,Q4,DEV0011,RAK Properties,26,53243632,43128046,28647974,14480071,33.57,6943847,7536224,17.47,34625301,80.28,10347871,4791801,1,3.85,25627055,5608975,2410219,2047832,9,1725121
FIN001672,2025-12-01,2025,12,Q4,DEV0012,Tiger Properties,35,57959370,46521338,30557888,15963449,34.31,6410684,9552765,20.53,32893345,70.71,10693860,10290389,2,5.71,25591047,8070604,1037569,1655982,24,1860853
FIN001673,2025-12-01,2025,12,Q4,DEV0013,Imtiaz Developments,47,64909397,51938852,31246740,20692111,39.84,7508417,13183694,25.38,40207315,77.41,9412578,5213171,3,6.38,26912920,8916271,2397655,1381051,20,2077554
FIN001674,2025-12-01,2025,12,Q4,DEV0014,Select Group,30,45606060,42513791,29510858,13002932,30.59,4737059,8265873,19.44,29975975,70.51,11201892,10490141,3,10.0,21588558,5126840,1953882,1520202,39,1700551
FIN001675,2025-12-01,2025,12,Q4,DEV0015,Reportage Properties,28,9723868,8702620,5184979,3517640,40.42,1282241,2235399,25.69,6248783,71.8,2530816,919922,1,3.57,4412611,776238,266430,347281,33,348104
FIN001676,2025-12-01,2025,12,Q4,DEV0016,Samana Developers,26,22426066,21180254,13464162,7716091,36.43,3478597,4237494,20.01,16410981,77.48,5846745,3033945,2,7.69,11562634,3961532,786403,862541,36,847210
FIN001677,2025-12-01,2025,12,Q4,DEV0017,Object 1,6,4201524,3524941,2149811,1375129,39.01,490257,884872,25.1,2268031,64.34,879318,385200,0,0.0,1579198,619670,211142,700254,26,140997
FIN001678,2025-12-01,2025,12,Q4,DEV0018,Majid Al Futtaim,87,180920415,153501758,93108855,60392902,39.34,20582742,39810160,25.93,115424554,75.19,34931779,17144316,5,5.75,83525515,26449415,4571947,2079545,5,6140070
FIN001679,2025-12-01,2025,12,Q4,DEV0019,Dubai Properties,81,202899573,175630585,116867676,58762908,33.46,28738030,30024878,17.1,132306356,75.33,43547556,28989018,8,9.88,82704413,29168343,8854494,2504933,41,7025223
FIN001680,2025-12-01,2025,12,Q4,DEV0020,Meydan Group,103,246949195,202749577,139837169,62912407,31.03,27833214,35079193,17.3,160668171,79.24,57830236,39260414,4,3.88,102630442,35386174,5785156,2397565,28,8109983
FIN001681,2026-01-01,2026,1,Q1,DEV0001,Emaar Properties,107,204328484,182783861,106804728,75979132,41.57,28110084,47869048,26.19,134690470,73.69,52581775,37950130,5,4.67,82759819,20449663,7697165,1909612,29,7311354
FIN001682,2026-01-01,2026,1,Q1,DEV0002,DAMAC Properties,91,197300285,171216220,117673744,53542475,31.27,21261334,32281141,18.85,116761102,68.2,32420768,41610414,3,3.3,85677538,17386975,7550508,2168135,8,6848648
FIN001683,2026-01-01,2026,1,Q1,DEV0003,Aldar Properties,81,165504222,151989768,89965710,62024057,40.81,18797960,43226097,28.44,109710402,72.18,37134921,31600449,7,8.64,71415283,20333624,5288687,2043262,32,6079590
FIN001684,2026-01-01,2026,1,Q1,DEV0004,Nakheel,81,190421766,164682397,107895777,56786619,34.48,22452257,34334362,20.85,99556529,60.45,24863182,23809609,9,11.11,96649181,27200225,4485191,2350886,27,6587295
FIN001685,2026-01-01,2026,1,Q1,DEV0005,Meraas,110,257020390,241819407,158975742,82843664,34.26,37033669,45809995,18.94,205044499,84.79,62155611,55316516,13,11.82,119955132,26849167,13062196,2336549,11,9672776
FIN001686,2026-01-01,2026,1,Q1,DEV0006,Sobha Realty,107,199798746,186544515,103217500,83327014,44.67,27101837,56225177,30.14,150136145,80.48,38681178,45114727,6,5.61,79443745,30952748,8050289,1867278,33,7461780
FIN001687,2026-01-01,2026,1,Q1,DEV0007,Azizi Developments,37,51526459,44234413,29856804,14377608,32.5,5812962,8564646,19.36,28342451,64.07,9428314,7400682,2,5.41,26284615,5002441,2524741,1392607,26,1769376
FIN001688,2026-01-01,2026,1,Q1,DEV0008,Danube Properties,32,52503712,46104268,28575208,17529059,38.02,7588498,9940561,21.56,34001461,73.75,10628645,11215154,2,6.25,21331807,5229667,1466323,1640741,4,1844170
FIN001689,2026-01-01,2026,1,Q1,DEV0009,Binghatti,43,97757834,80212202,52580616,27631585,34.45,11559336,16072249,20.04,60006108,74.81,13754898,8585064,2,4.65,46892085,11586892,3881088,2273438,25,3208488
FIN001690,2026-01-01,2026,1,Q1,DEV0010,Ellington Properties,61,93687460,80966651,53195920,27770730,34.3,12839224,14931506,18.44,67254379,83.06,18282464,17070227,6,9.84,40475407,12396662,3276647,1535860,8,3238666
FIN001691,2026-01-01,2026,1,Q1,DEV0011,RAK Properties,55,87848365,80186476,47697940,32488535,40.52,9362518,23126017,28.84,62591481,78.06,20062251,15301333,5,9.09,37611903,8486062,3414670,1597243,67,3207459
FIN001692,2026-01-01,2026,1,Q1,DEV0012,Tiger Properties,41,85200542,78760707,45455834,33304872,42.29,9472830,23832042,30.26,61637044,78.26,16957944,8399119,1,2.44,34035230,6808563,4358478,2078062,27,3150428
FIN001693,2026-01-01,2026,1,Q1,DEV0013,Imtiaz Developments,57,53957055,48664463,34764007,13900455,28.56,8460499,5439956,11.18,30700905,63.09,10340285,7289051,4,7.02,28610964,4435677,1820456,946615,50,1946578
FIN001694,2026-01-01,2026,1,Q1,DEV0014,Select Group,19,27372806,22718614,14666342,8052271,35.44,2836267,5216004,22.96,19116893,84.15,4181571,2570404,2,10.53,11039316,3553672,870256,1440674,12,908744
FIN001695,2026-01-01,2026,1,Q1,DEV0015,Reportage Properties,5,4036475,3754910,2513763,1241146,33.05,378476,862670,22.97,2520842,67.13,564226,686392,0,0.0,2052932,652370,166925,807295,18,150196
FIN001696,2026-01-01,2026,1,Q1,DEV0016,Samana Developers,20,11066340,9492094,5492112,3999981,42.14,1655466,2344515,24.7,7677451,80.88,1976003,1312285,1,5.0,4926512,1623622,473390,553317,25,379683
FIN001697,2026-01-01,2026,1,Q1,DEV0017,Object 1,12,11554188,10876649,7405533,3471115,31.91,1940384,1530731,14.07,8862239,81.48,2365995,2233769,0,0.0,5549099,1911352,307297,962849,17,435065
FIN001698,2026-01-01,2026,1,Q1,DEV0018,Majid Al Futtaim,69,141174069,115702628,82055812,33646815,29.08,19746054,13900761,12.01,92583590,80.02,25965059,28313459,4,5.8,62194977,16167847,5919693,2046001,1,4628105
FIN001699,2026-01-01,2026,1,Q1,DEV0019,Dubai Properties,40,81807080,74236307,50636155,23600151,31.79,8745388,14854763,20.01,55645301,74.96,15281275,8597829,2,5.0,38983406,11491018,1711265,2045177,38,2969452
FIN001700,2026-01-01,2026,1,Q1,DEV0020,Meydan Group,92,232318584,200388497,126122204,74266292,37.06,34198468,40067824,20.0,159663492,79.68,45536793,20716075,7,7.61,104472734,26121069,11429836,2525202,39,8015539
FIN001701,2026-02-01,2026,2,Q1,DEV0001,Emaar Properties,73,152920254,138469365,81635246,56834118,41.04,21505556,35328562,25.51,113362314,81.87,38623056,20185668,8,10.96,72179316,24228824,3989373,2094798,19,5538774
FIN001702,2026-02-01,2026,2,Q1,DEV0002,DAMAC Properties,75,173043750,153003967,98927559,54076407,35.34,15972985,38103422,24.9,94671932,61.88,35446633,17246018,6,8.0,86230654,25932569,4813143,2307250,2,6120158
FIN001703,2026-02-01,2026,2,Q1,DEV0003,Aldar Properties,83,196186353,178782875,114456296,64326578,35.98,28046307,36280271,20.29,141304815,79.04,27539426,36080596,5,6.02,99725667,30541242,9462277,2363691,33,7151315
FIN001704,2026-02-01,2026,2,Q1,DEV0004,Nakheel,82,184507462,174572532,120675345,53897186,30.87,25955007,27942179,16.01,132678961,76.0,30566294,19384470,7,8.54,86098941,25105288,5674632,2250091,2,6982901
FIN001705,2026-02-01,2026,2,Q1,DEV0005,Meraas,71,110506601,91076047,63333638,27742408,30.46,9934980,17807428,19.55,59839767,65.7,14219429,14712776,8,11.27,45048821,10818114,4795512,1556431,9,3643041
FIN001706,2026-02-01,2026,2,Q1,DEV0006,Sobha Realty,82,191089602,168548555,114543925,54004629,32.04,30232063,23772566,14.1,126307719,74.94,36943937,19918772,6,7.32,100314131,17983701,5559782,2330361,17,6741942
FIN001707,2026-02-01,2026,2,Q1,DEV0007,Azizi Developments,41,59779025,55424943,36185148,19239794,34.71,7105804,12133990,21.89,42325117,76.36,12612285,6861756,1,2.44,25590536,7207245,1229651,1458025,14,2216997
FIN001708,2026-02-01,2026,2,Q1,DEV0008,Danube Properties,28,33929252,27294468,18629761,8664706,31.75,4012766,4651940,17.04,22700240,83.17,5321057,6497694,2,7.14,15006997,4822914,1470227,1211759,11,1091778
FIN001709,2026-02-01,2026,2,Q1,DEV0009,Binghatti,43,51986785,44428713,31273901,13154811,29.61,7473270,5681541,12.79,29199139,65.72,9193890,5054976,4,9.3,26242138,5279787,1859558,1208995,27,1777148
FIN001710,2026-02-01,2026,2,Q1,DEV0010,Ellington Properties,48,69080544,64851446,42532756,22318689,34.42,10113949,12204740,18.82,43461487,67.02,13763398,9785042,5,10.42,30612189,10019255,3804404,1439178,9,2594057
FIN001711,2026-02-01,2026,2,Q1,DEV0011,RAK Properties,63,103593105,98085395,60232241,37853153,38.59,10988544,26864609,27.39,76303148,77.79,15609668,17406068,7,11.11,48302250,12028694,4600154,1644335,18,3923415
FIN001712,2026-02-01,2026,2,Q1,DEV0012,Tiger Properties,43,59916372,51310108,34079142,17230965,33.58,7392916,9838049,19.17,32491966,63.32,13932765,5665276,1,2.33,27007589,4565039,2999345,1393404,15,2052404
FIN001713,2026-02-01,2026,2,Q1,DEV0013,Imtiaz Developments,35,62739530,56085817,39660558,16425258,29.29,7249791,9175467,16.36,47247763,84.24,12912014,13956132,2,5.71,35490291,7594818,2199976,1792558,15,2243432
FIN001714,2026-02-01,2026,2,Q1,DEV0014,Select Group,33,51757464,46438553,27761653,18676899,40.22,4968235,13708664,29.52,28165903,60.65,13537411,9392133,1,3.03,24648104,8374450,2251629,1568408,123,1857542
FIN001715,2026-02-01,2026,2,Q1,DEV0015,Reportage Properties,8,11914336,10860155,6055025,4805129,44.25,1861763,2943366,27.1,8958532,82.49,2728989,2488977,0,0.0,5192894,1023898,599762,1489292,56,434406
FIN001716,2026-02-01,2026,2,Q1,DEV0016,Samana Developers,-6,-6525768,-6036931,-3977503,-2059427,34.11,-710488,-1348939,-134893900.0,-4595677,-459567700.0,-947043,-645436,0,0.0,-3193072,-629050,-303640,1087628,7,-241477
FIN001717,2026-02-01,2026,2,Q1,DEV0017,Object 1,22,22032912,18734479,12028937,6705541,35.79,2321095,4384446,23.4,15619013,83.37,3853787,2462384,1,4.55,8616562,1767430,914577,1001496,45,749379
FIN001718,2026-02-01,2026,2,Q1,DEV0018,Majid Al Futtaim,87,189028989,173802045,110456606,63345438,36.45,20622132,42723306,24.58,111915168,64.39,49589679,17397748,2,2.3,82253333,20714488,9217046,2172747,29,6952081
FIN001719,2026-02-01,2026,2,Q1,DEV0019,Dubai Properties,55,117902730,102708744,61616768,41091975,40.01,14458359,26633616,25.93,84851759,82.61,20855500,15139400,3,5.45,44304148,17119036,5777342,2143686,56,4108349
FIN001720,2026-02-01,2026,2,Q1,DEV0020,Meydan Group,89,195186968,178420429,116764184,61656244,34.56,30468771,31187473,17.48,130491717,73.14,37347532,30032088,3,3.37,84217615,19802586,6000538,2193112,2,7136817
FIN001721,2026-03-01,2026,3,Q1,DEV0001,Emaar Properties,63,129674853,104541589,70951236,33590352,32.13,13300215,20290137,19.41,71263615,68.17,18600963,11338652,4,6.35,55020410,17181455,3655033,2058331,23,4181663
FIN001722,2026-03-01,2026,3,Q1,DEV0002,DAMAC Properties,73,153674855,127040458,78455350,48585107,38.24,13351334,35233773,27.73,90310458,71.09,19810762,16908605,2,2.74,61777502,18778634,5493920,2105135,17,5081618
FIN001723,2026-03-01,2026,3,Q1,DEV0003,Aldar Properties,74,119659110,97624804,65609323,32015480,32.79,11085587,20929893,21.44,68401157,70.07,27200873,17109711,4,5.41,52682877,11495977,4349641,1617015,21,3904992
FIN001724,2026-03-01,2026,3,Q1,DEV0004,Nakheel,111,246046152,222191298,135619746,86571551,38.96,35826453,50745098,22.84,137820125,62.03,43384678,30529193,11,9.91,115581918,39661676,4780635,2216632,2,8887651
FIN001725,2026-03-01,2026,3,Q1,DEV0005,Meraas,93,206586201,183868955,124846285,59022669,32.1,29329668,29693001,16.15,146425864,79.64,35558781,30018803,9,9.68,98175015,26607728,6112892,2221357,11,7354758
FIN001726,2026-03-01,2026,3,Q1,DEV0006,Sobha Realty,72,180885744,160870080,97620128,63249951,39.32,25569757,37680194,23.42,126427920,78.59,26161718,25165568,7,9.72,83492970,17778925,5759679,2512302,34,6434803
FIN001727,2026-03-01,2026,3,Q1,DEV0007,Azizi Developments,8,7746808,6628691,3806679,2822011,42.57,1145672,1676339,25.29,5274623,79.57,1211127,1561132,0,0.0,3420278,1199846,301190,968351,5,265147
FIN001728,2026-03-01,2026,3,Q1,DEV0008,Danube Properties,36,55265220,51107238,36166893,14940344,29.23,5176005,9764339,19.11,39271740,76.84,9694161,8858618,1,2.78,29774818,4816277,1280657,1535145,2,2044289
FIN001729,2026-03-01,2026,3,Q1,DEV0009,Binghatti,40,62178680,54278763,30457492,23821270,43.89,7975852,15845418,29.19,45330400,83.51,8218867,12320038,1,2.5,26183121,5904485,1927973,1554467,11,2171150
FIN001730,2026-03-01,2026,3,Q1,DEV0010,Ellington Properties,19,29532460,26715597,18189877,8525719,31.91,3161228,5364491,20.08,21936202,82.11,6568818,4846947,0,0.0,12925369,4209705,1466864,1554340,1,1068623
FIN001731,2026-03-01,2026,3,Q1,DEV0011,RAK Properties,69,97298418,91983215,54334911,37648303,40.93,14637094,23011209,25.02,61219634,66.56,17441910,22778780,5,7.25,44374141,16898731,2236222,1410122,3,3679328
FIN001732,2026-03-01,2026,3,Q1,DEV0012,Tiger Properties,34,55413336,48295019,30783325,17511693,36.26,6112511,11399182,23.6,33620392,69.61,8280834,10996863,1,2.94,23202195,3953536,1948686,1629804,69,1931800
FIN001733,2026-03-01,2026,3,Q1,DEV0013,Imtiaz Developments,58,87462318,78568032,47181093,31386938,39.95,10136633,21250305,27.05,60961186,77.59,12152776,16946698,1,1.72,39401694,9535485,3591281,1507971,10,3142721
FIN001734,2026-03-01,2026,3,Q1,DEV0014,Select Group,18,39627486,35806521,21498753,14307767,39.96,5758693,8549074,23.88,27330194,76.33,7853585,7931403,2,11.11,18540214,6967706,890688,2201527,22,1432260
FIN001735,2026-03-01,2026,3,Q1,DEV0015,Reportage Properties,22,19535318,15671693,8688598,6983094,44.56,1814479,5168615,32.98,10373188,66.19,3459397,2692379,1,4.55,7642722,1803521,840363,887969,22,626867
FIN001736,2026-03-01,2026,3,Q1,DEV0016,Samana Developers,25,32932900,28468434,18708116,9760317,34.28,4319121,5441196,19.11,21668628,76.11,8052802,3735220,1,4.0,14271885,4398449,1168674,1317316,13,1138737
FIN001737,2026-03-01,2026,3,Q1,DEV0017,Object 1,17,15914465,14534644,10072218,4462425,30.7,1846389,2616036,18.0,9444178,64.98,3909417,3105278,0,0.0,8284769,1244599,850289,936145,7,581385
FIN001738,2026-03-01,2026,3,Q1,DEV0018,Majid Al Futtaim,69,133796451,108905045,72868205,36036839,33.09,19538323,16498516,15.15,79907070,73.37,31461671,19424299,2,2.9,54935792,19611557,5390295,1939079,16,4356201
FIN001739,2026-03-01,2026,3,Q1,DEV0019,Dubai Properties,79,183459014,171766759,119336026,52430732,30.52,22747790,29682942,17.28,133708505,77.84,43175142,36702024,9,11.39,94611646,16645353,8835836,2322266,0,6870670
FIN001740,2026-03-01,2026,3,Q1,DEV0020,Meydan Group,94,254384398,214255534,122257889,91997644,42.94,24239553,67758091,31.62,147504923,68.85,52909208,30051868,4,4.26,105640280,17865751,12524341,2706217,32,8570221
FIN001741,2026-04-01,2026,4,Q2,DEV0001,Emaar Properties,85,174627060,142963573,89658128,53305444,37.29,23998944,29306500,20.5,121151120,84.74,29491312,21252364,8,9.41,67328393,25508941,5275301,2054436,11,5718542
FIN001742,2026-04-01,2026,4,Q2,DEV0002,DAMAC Properties,70,174098680,158734696,88981077,69753618,43.94,26899081,42854537,27.0,115653148,72.86,41449907,31248986,3,4.29,76401436,27323106,6406877,2487124,28,6349387
FIN001743,2026-04-01,2026,4,Q2,DEV0003,Aldar Properties,60,116512740,99033350,70941402,28091947,28.37,13934832,14157115,14.3,66506415,67.16,28410941,16155561,4,6.67,62166596,14714940,2816068,1941879,38,3961334
FIN001744,2026-04-01,2026,4,Q2,DEV0004,Nakheel,93,181077138,153615422,93609445,60005976,39.06,24751402,35254574,22.95,98193885,63.92,24070259,18779879,10,10.75,68079573,23558968,5945620,1947066,4,6144616
FIN001745,2026-04-01,2026,4,Q2,DEV0005,Meraas,65,135040230,127268369,73681990,53586378,42.11,19239696,34346682,26.99,89404783,70.25,34767104,16778965,2,3.08,64469666,23251943,2601086,2077542,23,5090734
FIN001746,2026-04-01,2026,4,Q2,DEV0006,Sobha Realty,72,182417976,170877870,103155645,67722224,39.63,25594351,42127873,24.65,125578245,73.49,34461644,34290506,2,2.78,74886310,28555935,3627692,2533583,3,6835114
FIN001747,2026-04-01,2026,4,Q2,DEV0007,Azizi Developments,41,64028388,54303049,30177949,24125099,44.43,5701489,18423610,33.93,45399076,83.6,9921524,6861450,3,7.32,23877240,10288545,3229153,1561668,21,2172121
FIN001748,2026-04-01,2026,4,Q2,DEV0008,Danube Properties,41,67915557,61252199,42242224,19009974,31.04,10470009,8539965,13.94,45632717,74.5,15257787,6389204,1,2.44,35801229,9297260,2813070,1656477,11,2450087
FIN001749,2026-04-01,2026,4,Q2,DEV0009,Binghatti,45,71715645,57386089,33262775,24123313,42.04,10238838,13884475,24.19,43361015,75.56,12681787,12363186,5,11.11,24967996,4689207,2413251,1593681,6,2295443
FIN001750,2026-04-01,2026,4,Q2,DEV0010,Ellington Properties,17,32254355,28848321,17582416,11265904,39.05,3138431,8127473,28.17,18988922,65.82,6230770,5180281,1,5.88,15623886,5033226,1328282,1897315,14,1153932
FIN001751,2026-04-01,2026,4,Q2,DEV0011,RAK Properties,26,29411148,27894524,17182976,10711547,38.4,4679539,6032008,21.62,21150809,75.82,4584490,6267117,1,3.85,13479885,4482109,630007,1131198,0,1115780
FIN001752,2026-04-01,2026,4,Q2,DEV0012,Tiger Properties,45,80590995,73937458,46009422,27928035,37.77,12009572,15918463,21.53,59981722,81.12,11800066,14291098,3,6.67,36225268,6652684,2431255,1790911,52,2957498
FIN001753,2026-04-01,2026,4,Q2,DEV0013,Imtiaz Developments,38,62019458,54894534,38234529,16660004,30.35,5926608,10733396,19.55,46207679,84.18,12222939,11257081,3,7.89,32205848,6242497,2028174,1632091,32,2195781
FIN001754,2026-04-01,2026,4,Q2,DEV0014,Select Group,46,65296034,61975534,42129239,19846294,32.02,8399373,11446921,18.47,42575256,68.7,16978871,11598243,3,6.52,37788532,9339637,1822616,1419479,39,2479021
FIN001755,2026-04-01,2026,4,Q2,DEV0015,Reportage Properties,16,16318176,15370957,10524296,4846660,31.53,2292389,2554271,16.62,11857724,77.14,2892909,1570394,0,0.0,7441832,2874049,384480,1019886,16,614838
FIN001756,2026-04-01,2026,4,Q2,DEV0016,Samana Developers,33,51566691,42751970,28690968,14061001,32.89,7595625,6465376,15.12,35235534,82.42,7768701,4300590,2,6.06,21629913,3689171,2434281,1562627,24,1710078
FIN001757,2026-04-01,2026,4,Q2,DEV0017,Object 1,30,44945730,41352924,24215923,17137000,41.44,4279331,12857669,31.09,30195283,73.02,10186116,9295342,1,3.33,17911182,5468946,1800902,1498191,29,1654116
FIN001758,2026-04-01,2026,4,Q2,DEV0018,Majid Al Futtaim,79,183587705,149120460,90628480,58491979,39.22,26618471,31873508,21.37,91311643,61.23,25200744,29285433,5,6.33,76747815,26438213,7282684,2323895,10,5964818
FIN001759,2026-04-01,2026,4,Q2,DEV0019,Dubai Properties,59,157456250,145802385,82462997,63339387,43.44,26202172,37137215,25.47,100858138,69.17,42577940,30852805,5,8.47,62173743,27482031,7738854,2668750,0,5832095
FIN001760,2026-04-01,2026,4,Q2,DEV0020,Meydan Group,67,160907803,129019006,73199388,55819617,43.26,18899215,36920402,28.62,90244504,69.95,33665001,24954265,4,5.97,51588946,24043327,4965344,2401609,1,5160760
FIN001761,2026-05-01,2026,5,Q2,DEV0001,Emaar Properties,104,246626432,203592310,131828002,71764307,35.25,27981936,43782371,21.5,126833829,62.3,60916059,38304469,7,6.73,116546347,31676335,8779499,2371408,15,8143692
FIN001762,2026-05-01,2026,5,Q2,DEV0002,DAMAC Properties,80,188344880,164711962,117630489,47081472,28.58,26433772,20647700,12.54,103026799,62.55,24725577,24188618,8,10.0,102227505,29538271,8741304,2354311,25,6588478
FIN001763,2026-05-01,2026,5,Q2,DEV0003,Aldar Properties,68,183535740,161712953,112767217,48945735,30.27,23682980,25262755,15.62,104313026,64.51,31964563,20689050,8,11.76,80775808,29477706,3737236,2699055,1,6468518
FIN001764,2026-05-01,2026,5,Q2,DEV0004,Nakheel,90,215268030,180362490,105582323,74780166,41.46,20534828,54245338,30.08,133705713,74.13,49184362,32009607,5,5.56,82556733,15799885,6833338,2391867,8,7214499
FIN001765,2026-05-01,2026,5,Q2,DEV0005,Meraas,80,184744640,153434507,104770939,48663567,31.72,21220128,27443439,17.89,95076117,61.97,41780805,23082690,5,6.25,88926767,17100571,3441994,2309308,14,6137380
FIN001766,2026-05-01,2026,5,Q2,DEV0006,Sobha Realty,75,166328250,139387827,77004836,62382990,44.75,18866644,43516346,31.22,106787844,76.61,33192248,32613731,2,2.67,60629773,11685197,8069875,2217710,9,5575513
FIN001767,2026-05-01,2026,5,Q2,DEV0007,Azizi Developments,54,93819492,89000269,59182731,29817537,33.5,15703648,14113889,15.86,58292839,65.5,16734598,9725256,2,3.7,43806832,9975024,2231793,1737398,30,3560010
FIN001768,2026-05-01,2026,5,Q2,DEV0008,Danube Properties,37,44836452,39661278,24894972,14766305,37.23,5583093,9183212,23.15,25654478,64.68,11283047,7310369,1,2.7,18963661,7242612,1224544,1211796,4,1586451
FIN001769,2026-05-01,2026,5,Q2,DEV0009,Binghatti,32,48506624,44085417,31038471,13046945,29.59,6272507,6774438,15.37,28511888,64.67,11354774,6592429,3,9.38,27176969,8199462,1859611,1515832,26,1763416
FIN001770,2026-05-01,2026,5,Q2,DEV0010,Ellington Properties,31,41412590,38209626,25173478,13036147,34.12,6075160,6960987,18.22,28693705,75.1,6046436,9342740,3,9.68,22274997,4449638,1474598,1335890,26,1528385
FIN001771,2026-05-01,2026,5,Q2,DEV0011,RAK Properties,32,50720288,41720493,24268574,17451918,41.83,6466003,10985915,26.33,27342973,65.54,7855873,8858151,2,6.25,20461170,4112717,864978,1585009,7,1668819
FIN001772,2026-05-01,2026,5,Q2,DEV0012,Tiger Properties,60,92319960,81348937,56916338,24432598,30.03,12676131,11756467,14.45,49225635,60.51,15318775,17131255,4,6.67,45594809,15691993,3529226,1538666,71,3253957
FIN001773,2026-05-01,2026,5,Q2,DEV0013,Imtiaz Developments,62,77638260,71634745,44745426,26889318,37.54,8440614,18448704,25.75,53940309,75.3,11179299,15041818,6,9.68,37706654,12488848,3357213,1252230,6,2865389
FIN001774,2026-05-01,2026,5,Q2,DEV0014,Select Group,22,25603556,22981292,15857444,7123847,31.0,3042596,4081251,17.76,14866953,64.69,5935049,4020053,2,9.09,11526636,2305254,479412,1163798,46,919251
FIN001775,2026-05-01,2026,5,Q2,DEV0015,Reportage Properties,16,19624768,17018857,10711269,6307587,37.06,1912721,4394866,25.82,13510924,79.39,3730916,2841441,1,6.25,7986128,1658778,989765,1226548,58,680754
FIN001776,2026-05-01,2026,5,Q2,DEV0016,Samana Developers,32,34798720,31606805,21216894,10389910,32.87,3829515,6560395,20.76,26197360,82.89,7045143,3853773,2,6.25,18227388,5068525,1873003,1087460,10,1264272
FIN001777,2026-05-01,2026,5,Q2,DEV0017,Object 1,18,17549460,16087416,10419705,5667710,35.23,1750938,3916772,24.35,12116102,75.31,3289667,3965509,1,5.56,7981885,1623962,358166,974970,11,643496
FIN001778,2026-05-01,2026,5,Q2,DEV0018,Majid Al Futtaim,94,208612320,190726322,112392452,78333869,41.07,26951893,51381976,26.94,114962816,60.28,34319461,29368463,5,5.32,87480178,32269824,9202992,2219280,3,7629052
FIN001779,2026-05-01,2026,5,Q2,DEV0019,Dubai Properties,64,161871104,148253529,90525865,57727663,38.94,20011966,37715697,25.44,109995429,74.19,23128555,31060824,2,3.12,67170551,24555193,3658494,2529236,30,5930141
FIN001780,2026-05-01,2026,5,Q2,DEV0020,Meydan Group,79,131128545,112434021,67205719,45228301,40.23,12499217,32729084,29.11,92905946,82.63,30748611,19746930,3,3.8,59361614,9693946,2347429,1659855,119,4497360
