property_id,project_name,developer_id,emirate,city,locality,region,property_type,property_category,bedrooms,completion_status,area_sqft,listed_price_aed,price_per_sqft_aed,total_units_in_project,launch_year,freehold,golden_visa_eligible,dld_permit_no,rera_registration_no,amenities,walkability_score,metro_proximity_km,school_proximity_km,service_charge_per_sqft_aed
PROP0001,Nakheel Qidfa Residences,DEV0004,Fujairah,Fujairah,Qidfa,North UAE,Townhouse,Mid-Market,5BR+,Ready,2715.8,3923083,1444.52,105,2024,True,True,DLD-NOC-959317,RERA-59036,"Gym,Parking,BBQ Area",65.9,5.0,1.8,34.45
PROP0002,Emaar Properties Al Shamkha Views,DEV0001,Abu Dhabi,Abu Dhabi,Al Shamkha,South UAE,Apartment,Premium,2BR,Ready,694.8,2003671,2883.87,9,2019,False,True,DLD-NOC-453021,RERA-61766,"Pool,Gym,Parking",83.3,3.3,4.9,17.28
PROP0003,Binghatti Al Reem Island Gardens,DEV0009,Abu Dhabi,Abu Dhabi,Al Reem Island,South UAE,Apartment,Luxury,2BR,Off-Plan,1310.0,8154635,6224.89,45,2019,True,True,DLD-NOC-391711,RERA-29544,"Pool,Gym,Parking",87.1,0.7,1.3,15.96
PROP0004,Danube Properties Al Marjan Island Park,DEV0008,Ras Al Khaimah,Ras Al Khaimah,Al Marjan Island,North UAE,Apartment,Mid-Market,5BR+,Ready,1043.8,1347764,1291.22,9,2020,True,False,DLD-NOC-408759,RERA-77147,"Pool,Gym,Kids Play,Parking",65.8,1.7,1.8,15.22
PROP0005,Danube Properties Discovery Gardens Gardens,DEV0008,Dubai,Dubai,Discovery Gardens,South UAE,Townhouse,Mid-Market,2BR,Off-Plan,4072.1,5821642,1429.64,283,2024,True,True,DLD-NOC-145973,RERA-95077,"Pool,Gym,Parking",46.3,5.3,3.0,15.54
PROP0006,Meraas Sports City Heights,DEV0005,Dubai,Dubai,Sports City,South UAE,Villa,Affordable,Studio,Ready,2890.9,1681511,581.65,108,2019,True,False,DLD-NOC-809338,RERA-21196,"Pool,Gym,Kids Play,Parking",47.8,6.6,4.2,23.17
PROP0007,Nakheel Al Reef Heights,DEV0004,Abu Dhabi,Abu Dhabi,Al Reef,South UAE,Penthouse,Premium,1BR,Off-Plan,1689.8,2647604,1566.84,255,2024,False,True,DLD-NOC-833479,RERA-98617,"Pool,Gym,Parking,Concierge,Spa",90.8,4.2,3.5,21.28
PROP0008,Majid Al Futtaim Al Nahda Gardens,DEV0018,Sharjah,Sharjah,Al Nahda,Central UAE,Apartment,Affordable,2BR,Off-Plan,1798.8,1269356,705.65,216,2023,True,False,DLD-NOC-968861,RERA-12480,"Pool,Gym,Parking",40.5,3.1,4.7,20.02
PROP0009,Aldar Properties Meydan Residences,DEV0003,Dubai,Dubai,Meydan,South UAE,Villa,Mid-Market,3BR,Ready,4701.3,6655511,1415.67,77,2020,True,True,DLD-NOC-634208,RERA-43369,"Pool,Gym,Kids Play,Parking",65.0,4.8,3.3,32.31
PROP0010,Dubai Properties Saadiyat Island Residences,DEV0019,Abu Dhabi,Abu Dhabi,Saadiyat Island,South UAE,Villa,Mid-Market,2BR,Ready,2875.3,3806134,1323.73,142,2024,True,True,DLD-NOC-740507,RERA-92584,"Pool,Gym,Parking",91.5,3.7,1.9,24.62
PROP0011,Select Group Al Ghadeer Tower,DEV0014,Abu Dhabi,Abu Dhabi,Al Ghadeer,South UAE,Villa,Premium,Studio,Off-Plan,3597.7,5421315,1506.89,155,2019,True,True,DLD-NOC-769948,RERA-33745,"Pool,Gym,Parking",89.9,7.8,2.4,29.53
PROP0012,DAMAC Properties Meydan Heights,DEV0002,Dubai,Dubai,Meydan,South UAE,Apartment,Mid-Market,4BR,Ready,1357.7,1379799,1016.29,339,2022,True,False,DLD-NOC-166443,RERA-73939,"Gym,Parking,BBQ Area",62.4,1.7,1.4,27.94
PROP0013,Emaar Properties Dubai Marina Heights,DEV0001,Dubai,Dubai,Dubai Marina,South UAE,Apartment,Mid-Market,2BR,Ready,1118.5,1173975,1049.62,96,2022,True,False,DLD-NOC-801659,RERA-96402,"Pool,Gym,Parking",60.4,4.5,0.7,22.28
PROP0014,Aldar Properties Al Barsha Residences,DEV0003,Dubai,Dubai,Al Barsha,South UAE,Commercial,Mid-Market,1BR,Ready,1247.2,1286373,1031.42,94,2019,True,False,DLD-NOC-496721,RERA-35018,"Pool,Gym,Kids Play,Parking",56.3,6.5,3.7,20.52
PROP0015,Azizi Developments Al Nahda Residences,DEV0007,Sharjah,Sharjah,Al Nahda,Central UAE,Plot,Mid-Market,3BR,Off-Plan,1962.3,2003238,1020.87,92,2021,True,True,DLD-NOC-369441,RERA-11403,"Pool,Gym,Kids Play,Parking",62.1,2.8,4.0,30.82
PROP0016,Danube Properties JBR Residences,DEV0008,Dubai,Dubai,JBR,South UAE,Apartment,Mid-Market,1BR,Off-Plan,1250.5,1543593,1234.42,12,2025,True,False,DLD-NOC-270993,RERA-66946,"Pool,Gym,Kids Play,Parking",54.8,3.8,3.4,30.73
PROP0017,Object 1 Dubai Hills Estate Residences,DEV0017,Dubai,Dubai,Dubai Hills Estate,South UAE,Plot,Luxury,3BR,Off-Plan,1940.2,12332068,6356.17,46,2025,True,True,DLD-NOC-201157,RERA-40160,"Parking,Gym",77.6,0.9,1.3,33.94
PROP0018,Meydan Group Muwaileh Views,DEV0020,Sharjah,Sharjah,Muwaileh,Central UAE,Villa,Premium,3BR,Off-Plan,1487.5,3619896,2433.6,124,2025,False,True,DLD-NOC-413876,RERA-64011,"Gym,Parking,BBQ Area",59.5,1.7,3.6,16.66
PROP0019,Emaar Properties Fujairah City Views,DEV0001,Fujairah,Fujairah,Fujairah City,North UAE,Villa,Affordable,2BR,Ready,2103.7,933220,443.6,60,2023,True,False,DLD-NOC-743656,RERA-95671,"Pool,Gym,Parking",92.2,0.4,2.9,23.76
PROP0020,Majid Al Futtaim DAMAC Hills Views,DEV0018,Dubai,Dubai,DAMAC Hills,South UAE,Townhouse,Luxury,1BR,Off-Plan,2859.4,19881297,6952.86,13,2025,True,True,DLD-NOC-105387,RERA-83970,"Pool,Gym,Parking",65.4,4.5,3.0,29.45
PROP0021,Azizi Developments Dubai Hills Estate Heights,DEV0007,Dubai,Dubai,Dubai Hills Estate,South UAE,Apartment,Premium,5BR+,Off-Plan,1143.4,2857059,2498.64,69,2019,True,True,DLD-NOC-536662,RERA-56446,"Pool,Gym,Parking,Concierge,Spa",56.5,3.4,4.3,12.25
PROP0022,Majid Al Futtaim DAMAC Hills Gardens,DEV0018,Dubai,Dubai,DAMAC Hills,South UAE,Apartment,Mid-Market,2BR,Off-Plan,1917.8,1934320,1008.63,48,2024,True,False,DLD-NOC-851889,RERA-72594,"Pool,Gym,Parking",70.7,1.9,4.8,18.96
PROP0023,Select Group Sports City Gardens,DEV0014,Dubai,Dubai,Sports City,South UAE,Commercial,Mid-Market,2BR,Ready,1508.6,2244921,1488.06,121,2022,True,True,DLD-NOC-305720,RERA-12459,"Pool,Gym,Parking,Concierge,Spa",40.1,0.6,4.1,14.89
PROP0024,Danube Properties Yas Island Gardens,DEV0008,Abu Dhabi,Abu Dhabi,Yas Island,South UAE,Townhouse,Mid-Market,1BR,Off-Plan,4680.0,5616105,1200.03,225,2023,False,True,DLD-NOC-130380,RERA-25328,"Pool,Gym,Parking,Concierge,Spa",90.2,2.5,1.4,16.81
PROP0025,Reportage Properties Discovery Gardens Heights,DEV0015,Dubai,Dubai,Discovery Gardens,South UAE,Apartment,Premium,1BR,Off-Plan,631.2,1097982,1739.59,102,2024,True,False,DLD-NOC-214461,RERA-17326,"Pool,Gym,Parking",75.7,4.1,0.5,29.11
PROP0026,Dubai Properties Sports City Residences,DEV0019,Dubai,Dubai,Sports City,South UAE,Apartment,Mid-Market,2BR,Off-Plan,1168.4,1243717,1064.44,79,2019,True,False,DLD-NOC-146808,RERA-51791,"Parking,Gym",54.0,1.7,2.0,17.0
PROP0027,Binghatti JVC Tower,DEV0009,Dubai,Dubai,JVC,South UAE,Villa,Mid-Market,3BR,Off-Plan,3298.2,4826120,1463.26,55,2024,True,True,DLD-NOC-539910,RERA-66057,"Pool,Gym,Kids Play,Parking",51.5,6.9,1.1,28.63
PROP0028,Emaar Properties Al Qasimia Park,DEV0001,Sharjah,Sharjah,Al Qasimia,Central UAE,Townhouse,Affordable,4BR,Ready,2460.2,963776,391.74,62,2024,True,False,DLD-NOC-435566,RERA-86203,"Pool,Gym,Kids Play,Parking",44.8,5.2,4.5,34.22
PROP0029,Sobha Realty Motor City Views,DEV0006,Dubai,Dubai,Motor City,South UAE,Apartment,Mid-Market,3BR,Ready,738.1,629264,852.58,28,2021,True,False,DLD-NOC-801183,RERA-85220,"Parking,Gym",88.3,3.3,3.9,18.95
PROP0030,Select Group Al Hamra Village Heights,DEV0014,Ras Al Khaimah,Ras Al Khaimah,Al Hamra Village,North UAE,Apartment,Premium,1BR,Off-Plan,1969.5,3800202,1929.57,131,2020,True,True,DLD-NOC-706922,RERA-86510,"Pool,Gym,Parking,Concierge,Spa",79.1,6.4,1.4,20.15
PROP0031,RAK Properties Al Reef Park,DEV0011,Abu Dhabi,Abu Dhabi,Al Reef,South UAE,Apartment,Affordable,3BR,Ready,1599.9,573680,358.57,202,2020,False,False,DLD-NOC-936104,RERA-76847,"Pool,Gym,Parking",92.0,3.9,3.1,29.17
PROP0032,Binghatti Khalifa City Residences,DEV0009,Abu Dhabi,Abu Dhabi,Khalifa City,South UAE,Apartment,Premium,3BR,Off-Plan,1987.2,3456575,1739.4,34,2022,True,True,DLD-NOC-843475,RERA-19433,"Pool,Gym,Parking,Concierge,Spa",69.0,3.0,4.7,13.37
PROP0033,Meraas Al Majaz Park,DEV0005,Sharjah,Sharjah,Al Majaz,Central UAE,Apartment,Mid-Market,Studio,Off-Plan,1909.2,2702355,1415.43,54,2022,True,True,DLD-NOC-219500,RERA-16544,"Parking,Gym",63.6,7.0,2.0,16.62
PROP0034,Azizi Developments Corniche Residences,DEV0007,Abu Dhabi,Abu Dhabi,Corniche,South UAE,Plot,Luxury,3BR,Ready,1077.1,6310206,5858.34,58,2025,True,True,DLD-NOC-613498,RERA-74837,"Parking,Gym",90.8,2.7,3.4,12.33
PROP0035,RAK Properties Al Nahda Gardens,DEV0011,Sharjah,Sharjah,Al Nahda,Central UAE,Townhouse,Mid-Market,2BR,Off-Plan,2776.9,2769249,997.25,232,2022,True,True,DLD-NOC-742544,RERA-12296,"Pool,Gym,Kids Play,Parking",68.9,1.0,3.3,34.85
PROP0036,Nakheel Muwaileh Heights,DEV0004,Sharjah,Sharjah,Muwaileh,Central UAE,Apartment,Luxury,2BR,Off-Plan,598.4,3448308,5762.94,126,2020,False,True,DLD-NOC-771216,RERA-57092,"Parking,Gym",44.1,7.4,4.4,22.38
PROP0037,Aldar Properties Dubai Marina Gardens,DEV0003,Dubai,Dubai,Dubai Marina,South UAE,Apartment,Premium,4BR,Off-Plan,1268.3,2186083,1723.69,146,2023,True,True,DLD-NOC-866251,RERA-42186,"Pool,Gym,Parking",76.8,0.6,1.6,29.1
PROP0038,Imtiaz Developments Business Bay Residences,DEV0013,Dubai,Dubai,Business Bay,South UAE,Commercial,Luxury,2BR,Off-Plan,831.9,3754948,4513.6,46,2024,True,True,DLD-NOC-899368,RERA-86081,"Gym,Parking,BBQ Area",72.3,1.2,1.5,13.65
PROP0039,Nakheel Al Majaz Tower,DEV0004,Sharjah,Sharjah,Al Majaz,Central UAE,Commercial,Luxury,1BR,Ready,1603.1,10215030,6372.04,205,2023,True,True,DLD-NOC-275506,RERA-26520,"Gym,Parking,BBQ Area",54.7,6.0,2.2,27.86
PROP0040,Tiger Properties JVC Gardens,DEV0012,Dubai,Dubai,JVC,South UAE,Townhouse,Premium,3BR,Off-Plan,3365.6,9867495,2931.9,53,2022,True,True,DLD-NOC-942439,RERA-75788,"Pool,Gym,Parking",55.9,6.6,2.4,25.33
PROP0041,Tiger Properties Al Barsha Gardens,DEV0012,Dubai,Dubai,Al Barsha,South UAE,Penthouse,Mid-Market,3BR,Off-Plan,789.0,1039143,1317.0,11,2025,True,False,DLD-NOC-372153,RERA-46843,"Pool,Gym,Kids Play,Parking",57.0,0.2,1.1,33.98
PROP0042,Meydan Group Al Furjan Tower,DEV0020,Dubai,Dubai,Al Furjan,South UAE,Townhouse,Ultra-Luxury,2BR,Ready,1145.8,13637206,11901.45,4,2020,True,True,DLD-NOC-598100,RERA-30575,"Pool,Gym,Parking",72.0,1.8,3.0,16.88
PROP0043,Binghatti Al Nuaimiya Gardens,DEV0009,Ajman,Ajman,Al Nuaimiya,Central UAE,Apartment,Luxury,2BR,Ready,1854.7,9619064,5186.4,22,2023,False,True,DLD-NOC-144858,RERA-99532,"Pool,Gym,Parking",71.1,3.4,3.7,20.44
PROP0044,DAMAC Properties Dubai Marina Park,DEV0002,Dubai,Dubai,Dubai Marina,South UAE,Commercial,Affordable,3BR,Off-Plan,1302.4,1063584,816.64,7,2019,True,False,DLD-NOC-835302,RERA-94032,"Pool,Gym,Parking",46.8,7.0,1.6,29.11
PROP0045,Reportage Properties Meydan Park,DEV0015,Dubai,Dubai,Meydan,South UAE,Studio,Affordable,4BR,Off-Plan,593.3,425425,717.11,4,2022,True,False,DLD-NOC-435512,RERA-94873,"Pool,Gym,Kids Play,Parking",87.1,1.1,4.3,29.4
PROP0046,Majid Al Futtaim Al Furjan Tower,DEV0018,Dubai,Dubai,Al Furjan,South UAE,Apartment,Premium,3BR,Ready,693.7,1794833,2587.48,6,2020,True,False,DLD-NOC-275225,RERA-32692,"Gym,Parking,BBQ Area",48.0,2.3,2.1,33.89
PROP0047,Nakheel Al Raha Beach Heights,DEV0004,Abu Dhabi,Abu Dhabi,Al Raha Beach,South UAE,Plot,Luxury,2BR,Off-Plan,902.4,3718602,4120.71,51,2024,False,True,DLD-NOC-911880,RERA-16184,"Pool,Gym,Parking",61.0,6.4,4.9,16.67
PROP0048,Imtiaz Developments Dubai Hills Estate Views,DEV0013,Dubai,Dubai,Dubai Hills Estate,South UAE,Villa,Premium,Studio,Off-Plan,2608.5,7398973,2836.48,40,2020,True,True,DLD-NOC-601897,RERA-63574,"Pool,Gym,Parking,Concierge,Spa",57.4,6.3,1.2,24.19
PROP0049,Aldar Properties Dubai Creek Harbour Views,DEV0003,Dubai,Dubai,Dubai Creek Harbour,South UAE,Townhouse,Premium,3BR,Off-Plan,3962.4,7980172,2013.96,47,2019,True,True,DLD-NOC-361428,RERA-95883,"Parking,Gym",54.8,1.8,0.8,12.49
PROP0050,Majid Al Futtaim UAQ Free Trade Zone Park,DEV0018,Umm Al Quwain,Umm Al Quwain,UAQ Free Trade Zone,North UAE,Plot,Mid-Market,2BR,Off-Plan,1829.2,2623030,1433.99,20,2021,True,True,DLD-NOC-373578,RERA-18396,"Pool,Gym,Parking",66.8,3.0,2.7,12.44
PROP0051,Ellington Properties Dubai Hills Estate Views,DEV0010,Dubai,Dubai,Dubai Hills Estate,South UAE,Commercial,Premium,2BR,Ready,1320.0,2520423,1909.37,6,2024,True,True,DLD-NOC-764446,RERA-39663,"Parking,Gym",69.7,3.2,2.2,32.35
PROP0052,Meydan Group Al Majaz Tower,DEV0020,Sharjah,Sharjah,Al Majaz,Central UAE,Studio,Affordable,1BR,Ready,1215.5,631059,519.18,13,2025,True,False,DLD-NOC-891875,RERA-29755,"Pool,Gym,Parking,Concierge,Spa",83.9,2.2,3.8,33.01
PROP0053,Tiger Properties Al Barsha Views,DEV0012,Dubai,Dubai,Al Barsha,South UAE,Apartment,Premium,3BR,Ready,439.1,1106114,2519.05,37,2024,True,False,DLD-NOC-452459,RERA-57106,"Pool,Gym,Parking,Concierge,Spa",65.7,7.5,3.0,24.57
PROP0054,Dubai Properties Palm Jumeirah Residences,DEV0019,Dubai,Dubai,Palm Jumeirah,South UAE,Villa,Premium,1BR,Off-Plan,1774.1,3676874,2072.48,157,2019,True,True,DLD-NOC-921893,RERA-35895,"Pool,Gym,Parking",60.7,4.8,2.0,33.3
PROP0055,Azizi Developments Discovery Gardens Views,DEV0007,Dubai,Dubai,Discovery Gardens,South UAE,Penthouse,Affordable,1BR,Ready,1285.7,534378,415.62,73,2019,True,False,DLD-NOC-363238,RERA-86735,"Pool,Gym,Parking",93.6,7.5,4.1,34.94
PROP0056,Aldar Properties Masdar City Heights,DEV0003,Abu Dhabi,Abu Dhabi,Masdar City,South UAE,Studio,Mid-Market,1BR,Ready,890.4,777675,873.43,10,2022,False,False,DLD-NOC-296191,RERA-81213,"Pool,Gym,Parking,Concierge,Spa",66.6,5.1,4.0,24.19
PROP0057,DAMAC Properties Arabian Ranches Views,DEV0002,Dubai,Dubai,Arabian Ranches,South UAE,Townhouse,Premium,3BR,Ready,767.3,1882870,2453.98,16,2024,True,False,DLD-NOC-789339,RERA-15584,"Pool,Gym,Parking",42.2,7.7,4.6,29.86
PROP0058,Danube Properties Al Nahda Tower,DEV0008,Sharjah,Sharjah,Al Nahda,Central UAE,Plot,Affordable,1BR,Off-Plan,1027.7,668573,650.55,22,2019,True,False,DLD-NOC-313838,RERA-96674,"Pool,Gym,Parking",42.5,3.4,4.3,18.66
PROP0059,Ellington Properties Motor City Heights,DEV0010,Dubai,Dubai,Motor City,South UAE,Penthouse,Affordable,2BR,Off-Plan,1964.2,1530719,779.32,53,2023,True,False,DLD-NOC-825445,RERA-82749,"Pool,Gym,Kids Play,Parking",49.2,6.0,2.9,22.82
PROP0060,Aldar Properties Al Qasimia Residences,DEV0003,Sharjah,Sharjah,Al Qasimia,Central UAE,Villa,Mid-Market,1BR,Ready,2369.6,2698485,1138.82,51,2024,True,True,DLD-NOC-272040,RERA-47050,"Pool,Gym,Parking,Concierge,Spa",84.2,6.4,2.4,27.63
PROP0061,Danube Properties Arabian Ranches Residences,DEV0008,Dubai,Dubai,Arabian Ranches,South UAE,Apartment,Ultra-Luxury,3BR,Off-Plan,1307.0,20094959,15374.34,124,2021,True,True,DLD-NOC-256225,RERA-60367,"Pool,Gym,Kids Play,Parking",91.0,1.0,3.3,18.15
PROP0062,Nakheel Arabian Ranches Gardens,DEV0004,Dubai,Dubai,Arabian Ranches,South UAE,Plot,Mid-Market,1BR,Off-Plan,1012.3,1256325,1241.03,28,2019,True,False,DLD-NOC-235260,RERA-10979,"Pool,Gym,Kids Play,Parking",76.0,2.6,2.0,32.0
PROP0063,Imtiaz Developments Saadiyat Island Park,DEV0013,Abu Dhabi,Abu Dhabi,Saadiyat Island,South UAE,Villa,Affordable,5BR+,Off-Plan,4425.2,3339687,754.69,6,2023,False,True,DLD-NOC-585597,RERA-50420,"Parking,Gym",79.4,1.8,1.0,31.78
PROP0064,Binghatti JVC Park,DEV0009,Dubai,Dubai,JVC,South UAE,Villa,Mid-Market,1BR,Ready,4901.2,4253257,867.79,7,2019,True,True,DLD-NOC-465654,RERA-66197,"Parking,Gym",53.8,1.7,2.4,12.34
PROP0065,Reportage Properties Business Bay Views,DEV0015,Dubai,Dubai,Business Bay,South UAE,Apartment,Affordable,3BR,Off-Plan,930.5,505345,543.07,68,2024,True,False,DLD-NOC-597014,RERA-69192,"Pool,Gym,Parking",73.3,7.5,4.9,14.09
PROP0066,Tiger Properties Dubai Creek Harbour Gardens,DEV0012,Dubai,Dubai,Dubai Creek Harbour,South UAE,Studio,Mid-Market,2BR,Ready,1550.7,2298457,1482.22,75,2022,True,True,DLD-NOC-323046,RERA-70607,"Parking,Gym",68.3,0.9,3.9,13.75
PROP0067,Sobha Realty Al Qasimia Heights,DEV0006,Sharjah,Sharjah,Al Qasimia,Central UAE,Apartment,Premium,2BR,Off-Plan,1652.1,3885872,2352.09,127,2023,True,True,DLD-NOC-512974,RERA-47273,"Pool,Gym,Parking,Concierge,Spa",69.3,4.9,4.8,14.98
PROP0068,Tiger Properties Al Ghadeer Park,DEV0012,Abu Dhabi,Abu Dhabi,Al Ghadeer,South UAE,Apartment,Mid-Market,2BR,Ready,973.4,946140,971.98,198,2025,True,False,DLD-NOC-926051,RERA-92456,"Pool,Gym,Parking",82.5,8.0,4.4,12.89
PROP0069,Tiger Properties Yas Island Views,DEV0012,Abu Dhabi,Abu Dhabi,Yas Island,South UAE,Villa,Ultra-Luxury,4BR,Off-Plan,3371.5,39856437,11821.73,53,2022,True,True,DLD-NOC-289441,RERA-95434,"Gym,Parking,BBQ Area",91.9,1.4,4.7,13.43
PROP0070,Azizi Developments Muwaileh Gardens,DEV0007,Sharjah,Sharjah,Muwaileh,Central UAE,Townhouse,Affordable,5BR+,Ready,1210.4,864103,713.91,49,2025,True,False,DLD-NOC-823016,RERA-74663,"Pool,Gym,Parking",58.1,0.3,3.2,13.51
PROP0071,Binghatti Al Nuaimiya Tower,DEV0009,Ajman,Ajman,Al Nuaimiya,Central UAE,Commercial,Affordable,2BR,Off-Plan,662.8,518070,781.64,7,2023,True,False,DLD-NOC-151845,RERA-93453,"Pool,Gym,Parking,Concierge,Spa",82.4,5.5,0.9,18.9
PROP0072,Aldar Properties JVC Park,DEV0003,Dubai,Dubai,JVC,South UAE,Studio,Affordable,3BR,Off-Plan,555.0,260420,469.19,18,2023,True,False,DLD-NOC-540694,RERA-31036,"Pool,Gym,Parking",62.9,2.2,2.8,28.74
PROP0073,Meydan Group Yas Acres Views,DEV0020,Abu Dhabi,Abu Dhabi,Yas Acres,South UAE,Penthouse,Premium,1BR,Off-Plan,1495.5,3588314,2399.4,78,2024,False,True,DLD-NOC-534067,RERA-45855,"Pool,Gym,Kids Play,Parking",73.1,3.4,3.7,24.79
PROP0074,Sobha Realty Motor City Gardens,DEV0006,Dubai,Dubai,Motor City,South UAE,Commercial,Affordable,2BR,Off-Plan,650.6,294087,452.0,6,2024,True,False,DLD-NOC-358172,RERA-93602,"Pool,Gym,Kids Play,Parking",83.4,6.4,1.9,31.54
PROP0075,Majid Al Futtaim Sports City Tower,DEV0018,Dubai,Dubai,Sports City,South UAE,Apartment,Premium,4BR,Ready,1791.0,5269423,2942.2,9,2022,True,True,DLD-NOC-845451,RERA-81203,"Pool,Gym,Kids Play,Parking",48.1,0.4,4.6,15.76
PROP0076,Danube Properties Dubai Creek Harbour Residences,DEV0008,Dubai,Dubai,Dubai Creek Harbour,South UAE,Plot,Affordable,Studio,Off-Plan,1713.1,1097372,640.58,204,2021,True,False,DLD-NOC-427700,RERA-92032,"Pool,Gym,Parking",55.3,3.0,3.4,33.76
PROP0077,Sobha Realty Al Majaz Residences,DEV0006,Sharjah,Sharjah,Al Majaz,Central UAE,Penthouse,Premium,2BR,Off-Plan,1260.0,2906831,2306.94,10,2023,False,True,DLD-NOC-438462,RERA-44690,"Pool,Gym,Parking",47.1,3.7,3.5,21.16
PROP0078,Reportage Properties JVC Gardens,DEV0015,Dubai,Dubai,JVC,South UAE,Apartment,Mid-Market,3BR,Ready,1163.6,1044011,897.23,37,2021,True,False,DLD-NOC-535429,RERA-84529,"Parking,Gym",48.3,2.4,3.2,26.97
PROP0079,Imtiaz Developments Motor City Heights,DEV0013,Dubai,Dubai,Motor City,South UAE,Villa,Premium,2BR,Off-Plan,4920.1,9073262,1844.12,305,2022,True,True,DLD-NOC-962914,RERA-21713,"Pool,Gym,Kids Play,Parking",78.8,1.5,3.7,25.22
PROP0080,Binghatti Yas Island Gardens,DEV0009,Abu Dhabi,Abu Dhabi,Yas Island,South UAE,Apartment,Luxury,2BR,Ready,1861.6,12862840,6909.4,88,2021,False,True,DLD-NOC-614913,RERA-66409,"Pool,Gym,Parking,Concierge,Spa",86.4,3.0,4.6,18.37
PROP0081,Majid Al Futtaim Dubai Marina Views,DEV0018,Dubai,Dubai,Dubai Marina,South UAE,Plot,Mid-Market,5BR+,Ready,597.3,534581,895.02,28,2019,True,False,DLD-NOC-698647,RERA-63434,"Pool,Gym,Parking",47.5,4.1,1.1,24.64
PROP0082,Danube Properties Saadiyat Island Heights,DEV0008,Abu Dhabi,Abu Dhabi,Saadiyat Island,South UAE,Apartment,Ultra-Luxury,2BR,Off-Plan,1022.0,7307593,7150.01,164,2022,True,True,DLD-NOC-543849,RERA-50196,"Pool,Gym,Parking",42.2,5.1,4.5,34.07
PROP0083,RAK Properties Arabian Ranches Gardens,DEV0011,Dubai,Dubai,Arabian Ranches,South UAE,Apartment,Premium,4BR,Off-Plan,1099.7,2297790,2089.5,23,2022,True,True,DLD-NOC-347796,RERA-27590,"Pool,Gym,Parking",44.0,0.4,2.1,19.28
PROP0084,DAMAC Properties Downtown Dubai Residences,DEV0002,Dubai,Dubai,Downtown Dubai,South UAE,Penthouse,Premium,1BR,Ready,1563.4,2810873,1797.93,10,2022,True,True,DLD-NOC-790162,RERA-36917,"Pool,Gym,Parking",48.0,7.4,2.5,22.11
PROP0085,Danube Properties Al Marjan Island Residences,DEV0008,Ras Al Khaimah,Ras Al Khaimah,Al Marjan Island,North UAE,Townhouse,Affordable,1BR,Off-Plan,2902.8,1921432,661.93,21,2025,True,False,DLD-NOC-385812,RERA-70611,"Pool,Gym,Kids Play,Parking",84.1,1.4,2.3,12.99
PROP0086,DAMAC Properties Al Ghadeer Gardens,DEV0002,Abu Dhabi,Abu Dhabi,Al Ghadeer,South UAE,Apartment,Affordable,4BR,Ready,480.4,373907,778.25,5,2020,False,False,DLD-NOC-611836,RERA-10407,"Pool,Gym,Parking,Concierge,Spa",76.0,1.0,3.0,23.57
PROP0087,RAK Properties Motor City Views,DEV0011,Dubai,Dubai,Motor City,South UAE,Penthouse,Affordable,1BR,Ready,1650.3,1092204,661.84,111,2021,True,False,DLD-NOC-356360,RERA-35555,"Parking,Gym",83.9,2.3,3.4,19.89
PROP0088,Imtiaz Developments Yas Acres Residences,DEV0013,Abu Dhabi,Abu Dhabi,Yas Acres,South UAE,Villa,Luxury,3BR,Ready,3398.5,13095991,3853.48,92,2023,True,True,DLD-NOC-272043,RERA-66742,"Gym,Parking,BBQ Area",51.8,2.6,4.0,22.29
PROP0089,Binghatti MBR City Park,DEV0009,Dubai,Dubai,MBR City,South UAE,Commercial,Mid-Market,1BR,Ready,531.0,704931,1327.55,41,2022,True,False,DLD-NOC-971167,RERA-20300,"Pool,Gym,Kids Play,Parking",79.1,3.6,4.0,17.32
PROP0090,Aldar Properties Al Furjan Heights,DEV0003,Dubai,Dubai,Al Furjan,South UAE,Studio,Premium,1BR,Off-Plan,411.1,870490,2117.66,44,2025,True,False,DLD-NOC-657085,RERA-48986,"Pool,Gym,Kids Play,Parking",90.1,7.6,0.9,30.41
PROP0091,Azizi Developments Al Marjan Island Residences,DEV0007,Ras Al Khaimah,Ras Al Khaimah,Al Marjan Island,North UAE,Penthouse,Premium,1BR,Off-Plan,503.7,806747,1601.76,19,2025,True,False,DLD-NOC-936676,RERA-38633,"Pool,Gym,Kids Play,Parking",69.5,1.0,0.6,25.83
PROP0092,Dubai Properties Al Yarmook Heights,DEV0019,Sharjah,Sharjah,Al Yarmook,Central UAE,Commercial,Mid-Market,1BR,Off-Plan,1856.7,1981111,1067.01,19,2025,True,False,DLD-NOC-521465,RERA-16530,"Parking,Gym",81.4,6.2,4.0,27.84
PROP0093,RAK Properties JBR Tower,DEV0011,Dubai,Dubai,JBR,South UAE,Townhouse,Ultra-Luxury,3BR,Off-Plan,916.8,12365699,13488.16,515,2025,True,True,DLD-NOC-511563,RERA-80119,"Pool,Gym,Parking,Concierge,Spa",44.4,6.8,4.2,31.91
PROP0094,Azizi Developments Motor City Tower,DEV0007,Dubai,Dubai,Motor City,South UAE,Townhouse,Luxury,3BR,Off-Plan,3802.7,17112020,4499.96,27,2024,True,True,DLD-NOC-917069,RERA-69067,"Parking,Gym",44.1,4.5,0.8,24.46
PROP0095,Samana Developers Hayat Island Residences,DEV0016,Ras Al Khaimah,Ras Al Khaimah,Hayat Island,North UAE,Apartment,Mid-Market,5BR+,Ready,1872.2,1992867,1064.47,22,2022,True,False,DLD-NOC-392788,RERA-65039,"Pool,Gym,Parking,Concierge,Spa",53.3,2.1,1.2,12.58
PROP0096,Imtiaz Developments Business Bay Tower,DEV0013,Dubai,Dubai,Business Bay,South UAE,Apartment,Mid-Market,2BR,Off-Plan,1515.7,1943544,1282.3,29,2021,True,False,DLD-NOC-633899,RERA-52896,"Pool,Gym,Kids Play,Parking",82.8,2.5,1.8,25.54
PROP0097,Reportage Properties Meydan Gardens,DEV0015,Dubai,Dubai,Meydan,South UAE,Apartment,Premium,2BR,Off-Plan,1347.0,3470269,2576.33,191,2025,True,True,DLD-NOC-387718,RERA-13132,"Parking,Gym",52.1,6.2,4.0,12.13
PROP0098,Meraas Al Ghadeer Tower,DEV0005,Abu Dhabi,Abu Dhabi,Al Ghadeer,South UAE,Apartment,Affordable,1BR,Off-Plan,1737.6,1363236,784.54,79,2020,False,False,DLD-NOC-226272,RERA-97639,"Pool,Gym,Parking,Concierge,Spa",83.8,7.8,3.3,30.14
PROP0099,Binghatti Masdar City Park,DEV0009,Abu Dhabi,Abu Dhabi,Masdar City,South UAE,Apartment,Luxury,2BR,Ready,556.0,3003894,5403.1,23,2021,True,True,DLD-NOC-118972,RERA-37398,"Parking,Gym",56.2,3.1,4.4,29.96
PROP0100,Meraas JVC Gardens,DEV0005,Dubai,Dubai,JVC,South UAE,Apartment,Premium,3BR,Off-Plan,1445.5,2787517,1928.47,30,2025,True,True,DLD-NOC-877406,RERA-13714,"Gym,Parking,BBQ Area",77.1,1.8,2.4,27.94
PROP0101,Danube Properties Yas Acres Heights,DEV0008,Abu Dhabi,Abu Dhabi,Yas Acres,South UAE,Apartment,Mid-Market,3BR,Off-Plan,1360.6,1273479,935.95,113,2023,False,False,DLD-NOC-313989,RERA-86471,"Pool,Gym,Parking",71.8,1.2,0.6,29.74
PROP0102,Majid Al Futtaim Yas Acres Heights,DEV0018,Abu Dhabi,Abu Dhabi,Yas Acres,South UAE,Plot,Affordable,1BR,Off-Plan,740.6,430739,581.61,9,2024,False,False,DLD-NOC-605069,RERA-62925,"Pool,Gym,Parking",81.4,1.1,1.2,13.61
PROP0103,Majid Al Futtaim Corniche Residences,DEV0018,Abu Dhabi,Abu Dhabi,Corniche,South UAE,Townhouse,Affordable,1BR,Ready,692.4,385870,557.27,295,2025,True,False,DLD-NOC-432347,RERA-62417,"Pool,Gym,Parking",70.8,2.9,1.7,31.96
PROP0104,Binghatti Al Taawun Residences,DEV0009,Sharjah,Sharjah,Al Taawun,Central UAE,Apartment,Affordable,2BR,Ready,792.4,318833,402.36,52,2019,False,False,DLD-NOC-257579,RERA-24560,"Pool,Gym,Parking",82.9,6.3,1.2,16.49
PROP0105,Dubai Properties Yas Acres Heights,DEV0019,Abu Dhabi,Abu Dhabi,Yas Acres,South UAE,Townhouse,Affordable,3BR,Ready,3295.3,2484379,753.9,145,2022,True,True,DLD-NOC-993253,RERA-17872,"Pool,Gym,Kids Play,Parking",54.5,2.2,2.8,13.73
PROP0106,Select Group Downtown Dubai Views,DEV0014,Dubai,Dubai,Downtown Dubai,South UAE,Villa,Mid-Market,4BR,Off-Plan,686.9,758817,1104.65,9,2021,True,False,DLD-NOC-875714,RERA-60515,"Parking,Gym",68.2,4.7,0.7,18.79
PROP0107,Dubai Properties Yas Acres Gardens,DEV0019,Abu Dhabi,Abu Dhabi,Yas Acres,South UAE,Villa,Mid-Market,1BR,Ready,3652.0,3925912,1075.0,10,2019,True,True,DLD-NOC-746063,RERA-81486,"Pool,Gym,Parking",75.8,6.7,1.7,18.32
PROP0108,Imtiaz Developments Al Yarmook Residences,DEV0013,Sharjah,Sharjah,Al Yarmook,Central UAE,Apartment,Affordable,1BR,Ready,562.6,456704,811.71,128,2020,True,False,DLD-NOC-139233,RERA-44794,"Pool,Gym,Parking",81.2,1.3,3.1,25.92
PROP0109,Tiger Properties Al Dhait Views,DEV0012,Ras Al Khaimah,Ras Al Khaimah,Al Dhait,North UAE,Apartment,Mid-Market,2BR,Off-Plan,566.1,711852,1257.42,29,2024,True,False,DLD-NOC-966880,RERA-22313,"Pool,Gym,Kids Play,Parking",58.1,7.5,2.4,17.97
PROP0110,Danube Properties Dubai Marina Gardens,DEV0008,Dubai,Dubai,Dubai Marina,South UAE,Villa,Mid-Market,3BR,Off-Plan,3955.0,5065784,1280.87,41,2024,True,True,DLD-NOC-794293,RERA-70833,"Pool,Gym,Kids Play,Parking",55.6,3.1,1.2,21.35
PROP0111,Meraas Al Reem Island Park,DEV0005,Abu Dhabi,Abu Dhabi,Al Reem Island,South UAE,Apartment,Ultra-Luxury,3BR,Ready,620.5,6463408,10416.17,196,2025,True,True,DLD-NOC-102527,RERA-82787,"Pool,Gym,Parking",70.1,6.5,0.9,29.04
PROP0112,Object 1 Business Bay Gardens,DEV0017,Dubai,Dubai,Business Bay,South UAE,Villa,Luxury,1BR,Ready,4474.0,16203289,3621.68,60,2019,True,True,DLD-NOC-378121,RERA-18407,"Pool,Gym,Kids Play,Parking",85.6,1.1,1.0,24.34
PROP0113,Samana Developers Yas Island Residences,DEV0016,Abu Dhabi,Abu Dhabi,Yas Island,South UAE,Townhouse,Mid-Market,2BR,Off-Plan,1806.5,2351514,1301.71,64,2024,False,True,DLD-NOC-653601,RERA-39165,"Pool,Gym,Parking",71.9,5.7,4.6,32.97
PROP0114,Aldar Properties Discovery Gardens Heights,DEV0003,Dubai,Dubai,Discovery Gardens,South UAE,Townhouse,Mid-Market,1BR,Ready,934.0,848073,907.99,34,2019,True,False,DLD-NOC-462845,RERA-92996,"Gym,Parking,BBQ Area",53.7,7.3,1.2,33.81
PROP0115,DAMAC Properties MBR City Views,DEV0002,Dubai,Dubai,MBR City,South UAE,Commercial,Premium,2BR,Off-Plan,513.2,1315630,2563.6,110,2021,True,False,DLD-NOC-765979,RERA-29071,"Pool,Gym,Kids Play,Parking",47.3,5.2,1.8,31.07
PROP0116,Nakheel Al Taawun Gardens,DEV0004,Sharjah,Sharjah,Al Taawun,Central UAE,Townhouse,Affordable,1BR,Off-Plan,3040.1,1876775,617.35,26,2024,True,False,DLD-NOC-963540,RERA-15448,"Pool,Gym,Parking",43.9,0.9,0.9,33.31
PROP0117,Meraas JVC Views,DEV0005,Dubai,Dubai,JVC,South UAE,Apartment,Premium,1BR,Off-Plan,1786.9,2831735,1584.74,152,2021,True,True,DLD-NOC-773440,RERA-33471,"Pool,Gym,Kids Play,Parking",92.8,4.1,2.7,23.13
PROP0118,Sobha Realty Sports City Tower,DEV0006,Dubai,Dubai,Sports City,South UAE,Penthouse,Luxury,3BR,Off-Plan,1432.9,8549888,5966.79,58,2022,True,True,DLD-NOC-505967,RERA-49975,"Pool,Gym,Kids Play,Parking",64.6,6.8,3.9,26.78
PROP0119,Select Group Business Bay Gardens,DEV0014,Dubai,Dubai,Business Bay,South UAE,Apartment,Affordable,3BR,Off-Plan,598.5,366045,611.63,37,2019,True,False,DLD-NOC-577245,RERA-11721,"Parking,Gym",89.3,8.0,2.6,15.82
PROP0120,Meydan Group Business Bay Views,DEV0020,Dubai,Dubai,Business Bay,South UAE,Apartment,Premium,2BR,Ready,481.8,1320781,2741.18,183,2021,True,False,DLD-NOC-956664,RERA-12083,"Pool,Gym,Parking",86.1,7.6,1.9,31.62
PROP0121,Aldar Properties Dubai Creek Harbour Park,DEV0003,Dubai,Dubai,Dubai Creek Harbour,South UAE,Apartment,Affordable,3BR,Off-Plan,1145.3,557029,486.35,253,2022,True,False,DLD-NOC-804633,RERA-22231,"Gym,Parking,BBQ Area",58.0,0.7,4.4,25.61
PROP0122,Imtiaz Developments Al Hamra Village Heights,DEV0013,Ras Al Khaimah,Ras Al Khaimah,Al Hamra Village,North UAE,Apartment,Premium,3BR,Ready,608.5,1466180,2409.69,21,2022,True,False,DLD-NOC-354199,RERA-66082,"Pool,Gym,Parking",56.5,2.9,4.9,15.97
PROP0123,Imtiaz Developments Al Furjan Gardens,DEV0013,Dubai,Dubai,Al Furjan,South UAE,Apartment,Affordable,5BR+,Ready,1669.2,1353669,810.96,98,2021,True,False,DLD-NOC-767830,RERA-44902,"Parking,Gym",72.9,5.4,4.0,30.82
PROP0124,Meydan Group JBR Park,DEV0020,Dubai,Dubai,JBR,South UAE,Villa,Premium,1BR,Ready,4457.4,12032690,2699.5,17,2024,True,True,DLD-NOC-652339,RERA-49837,"Pool,Gym,Parking,Concierge,Spa",43.7,4.9,2.0,34.5
PROP0125,Reportage Properties Discovery Gardens Gardens,DEV0015,Dubai,Dubai,Discovery Gardens,South UAE,Villa,Luxury,2BR,Off-Plan,1784.2,12410335,6955.59,51,2025,True,True,DLD-NOC-745470,RERA-51810,"Gym,Parking,BBQ Area",50.0,7.1,3.2,34.69
PROP0126,Object 1 Dubai Hills Estate Tower,DEV0017,Dubai,Dubai,Dubai Hills Estate,South UAE,Apartment,Mid-Market,4BR,Ready,1966.8,2200568,1118.88,131,2020,True,True,DLD-NOC-116623,RERA-98826,"Pool,Gym,Parking",87.7,0.2,1.0,27.15
PROP0127,Binghatti Palm Jumeirah Heights,DEV0009,Dubai,Dubai,Palm Jumeirah,South UAE,Apartment,Mid-Market,1BR,Off-Plan,471.9,616656,1306.68,134,2023,True,False,DLD-NOC-346135,RERA-10767,"Pool,Gym,Parking,Concierge,Spa",51.8,6.9,1.8,17.89
PROP0128,Majid Al Futtaim Dubai South Residences,DEV0018,Dubai,Dubai,Dubai South,South UAE,Apartment,Affordable,Studio,Off-Plan,1004.1,346321,344.9,14,2023,True,False,DLD-NOC-545357,RERA-36333,"Pool,Gym,Parking,Concierge,Spa",55.0,0.9,2.0,12.24
PROP0129,Emaar Properties DAMAC Hills Views,DEV0001,Dubai,Dubai,DAMAC Hills,South UAE,Plot,Premium,3BR,Off-Plan,1503.1,3353212,2230.84,25,2023,True,True,DLD-NOC-727190,RERA-68393,"Pool,Gym,Kids Play,Parking",45.3,7.1,4.1,18.23
PROP0130,Nakheel JBR Views,DEV0004,Dubai,Dubai,JBR,South UAE,Commercial,Premium,1BR,Off-Plan,1619.9,3082243,1902.79,20,2025,True,True,DLD-NOC-430861,RERA-65229,"Pool,Gym,Kids Play,Parking",57.6,0.6,4.3,18.95
PROP0131,Majid Al Futtaim Al Ghadeer Tower,DEV0018,Abu Dhabi,Abu Dhabi,Al Ghadeer,South UAE,Apartment,Luxury,2BR,Ready,1542.1,7655735,4964.4,9,2020,True,True,DLD-NOC-131538,RERA-64649,"Pool,Gym,Parking",87.8,6.4,3.1,31.9
PROP0132,Binghatti Al Reem Island Gardens,DEV0009,Abu Dhabi,Abu Dhabi,Al Reem Island,South UAE,Studio,Affordable,Studio,Off-Plan,601.7,337264,560.48,226,2024,False,False,DLD-NOC-553367,RERA-44915,"Pool,Gym,Parking",90.6,4.8,2.6,33.22
PROP0133,RAK Properties JVC Residences,DEV0011,Dubai,Dubai,JVC,South UAE,Apartment,Mid-Market,1BR,Ready,816.0,703018,861.57,121,2020,True,False,DLD-NOC-764853,RERA-37085,"Pool,Gym,Kids Play,Parking",91.1,5.2,2.9,15.91
PROP0134,Nakheel Business Bay Heights,DEV0004,Dubai,Dubai,Business Bay,South UAE,Apartment,Affordable,4BR,Ready,840.7,589050,700.71,103,2022,True,False,DLD-NOC-244966,RERA-49286,"Pool,Gym,Parking",60.7,5.8,2.4,27.03
PROP0135,Ellington Properties Sports City Heights,DEV0010,Dubai,Dubai,Sports City,South UAE,Villa,Luxury,1BR,Off-Plan,3338.9,15610635,4675.4,28,2021,True,True,DLD-NOC-352186,RERA-36438,"Gym,Parking,BBQ Area",73.0,1.8,2.1,16.31
PROP0136,Select Group Al Yarmook Heights,DEV0014,Sharjah,Sharjah,Al Yarmook,Central UAE,Apartment,Premium,1BR,Ready,531.6,1210438,2276.94,122,2024,False,False,DLD-NOC-750278,RERA-10367,"Pool,Gym,Parking,Concierge,Spa",50.5,3.4,2.6,32.81
PROP0137,Sobha Realty Khalifa City Heights,DEV0006,Abu Dhabi,Abu Dhabi,Khalifa City,South UAE,Apartment,Premium,2BR,Off-Plan,605.5,1229578,2030.68,67,2024,False,False,DLD-NOC-161464,RERA-91976,"Gym,Parking,BBQ Area",88.3,4.8,2.7,29.16
PROP0138,Reportage Properties Al Ghadeer Tower,DEV0015,Abu Dhabi,Abu Dhabi,Al Ghadeer,South UAE,Villa,Mid-Market,Studio,Ready,3189.3,3645609,1143.08,112,2021,False,True,DLD-NOC-892602,RERA-33101,"Pool,Gym,Parking,Concierge,Spa",75.5,1.0,2.7,22.91
PROP0139,Emaar Properties Palm Jumeirah Heights,DEV0001,Dubai,Dubai,Palm Jumeirah,South UAE,Townhouse,Luxury,2BR,Ready,1694.6,9568156,5646.34,51,2022,True,True,DLD-NOC-465936,RERA-55287,"Pool,Gym,Kids Play,Parking",45.8,5.1,1.6,23.75
PROP0140,Binghatti Khalifa City Gardens,DEV0009,Abu Dhabi,Abu Dhabi,Khalifa City,South UAE,Apartment,Premium,2BR,Ready,1245.4,1935736,1554.3,16,2022,True,False,DLD-NOC-802323,RERA-59879,"Pool,Gym,Parking,Concierge,Spa",87.9,8.0,1.5,16.26
PROP0141,Object 1 Palm Jumeirah Tower,DEV0017,Dubai,Dubai,Palm Jumeirah,South UAE,Apartment,Mid-Market,1BR,Ready,415.4,398590,959.44,25,2020,True,False,DLD-NOC-808304,RERA-91877,"Pool,Gym,Kids Play,Parking",52.3,4.6,2.3,24.34
PROP0142,Sobha Realty Downtown Dubai Park,DEV0006,Dubai,Dubai,Downtown Dubai,South UAE,Apartment,Mid-Market,2BR,Off-Plan,1286.8,1561164,1213.25,177,2019,True,False,DLD-NOC-755338,RERA-46145,"Pool,Gym,Parking",46.7,1.7,4.1,26.68
PROP0143,Object 1 Yas Island Tower,DEV0017,Abu Dhabi,Abu Dhabi,Yas Island,South UAE,Apartment,Luxury,3BR,Off-Plan,1351.6,6245861,4620.96,223,2025,True,True,DLD-NOC-603965,RERA-53657,"Pool,Gym,Kids Play,Parking",87.1,4.1,4.5,20.48
PROP0144,Nakheel Dubai Hills Estate Tower,DEV0004,Dubai,Dubai,Dubai Hills Estate,South UAE,Apartment,Affordable,2BR,Ready,737.0,230985,313.39,42,2025,True,False,DLD-NOC-386981,RERA-65508,"Pool,Gym,Parking",44.3,3.9,1.7,27.76
PROP0145,Ellington Properties Al Hamra Village Views,DEV0010,Ras Al Khaimah,Ras Al Khaimah,Al Hamra Village,North UAE,Apartment,Luxury,1BR,Off-Plan,469.7,2715192,5780.83,16,2019,True,True,DLD-NOC-339231,RERA-52287,"Pool,Gym,Parking,Concierge,Spa",56.5,0.9,0.9,14.03
PROP0146,Object 1 Downtown Dubai Residences,DEV0017,Dubai,Dubai,Downtown Dubai,South UAE,Townhouse,Mid-Market,4BR,Off-Plan,4158.7,3556616,855.23,278,2022,True,True,DLD-NOC-655405,RERA-53184,"Pool,Gym,Kids Play,Parking",52.7,5.5,3.7,17.33
PROP0147,Meydan Group Dubai Marina Park,DEV0020,Dubai,Dubai,Dubai Marina,South UAE,Apartment,Affordable,2BR,Off-Plan,1368.8,825927,603.4,15,2019,True,False,DLD-NOC-835336,RERA-43110,"Pool,Gym,Parking",61.8,0.7,2.6,28.16
PROP0148,Azizi Developments Al Marjan Island Gardens,DEV0007,Ras Al Khaimah,Ras Al Khaimah,Al Marjan Island,North UAE,Plot,Premium,2BR,Ready,1576.9,3583792,2272.62,57,2024,True,True,DLD-NOC-574537,RERA-43538,"Pool,Gym,Parking",67.0,5.1,4.4,31.29
PROP0149,Meraas Palm Jumeirah Heights,DEV0005,Dubai,Dubai,Palm Jumeirah,South UAE,Villa,Premium,3BR,Ready,4209.1,7408545,1760.12,198,2023,True,True,DLD-NOC-744250,RERA-64240,"Pool,Gym,Kids Play,Parking",94.0,0.6,2.3,19.49
PROP0150,Tiger Properties Khalifa City Heights,DEV0012,Abu Dhabi,Abu Dhabi,Khalifa City,South UAE,Apartment,Mid-Market,1BR,Ready,1213.2,1685344,1389.15,83,2023,False,False,DLD-NOC-390054,RERA-70227,"Gym,Parking,BBQ Area",48.7,7.6,0.8,34.76
PROP0151,Sobha Realty Al Taawun Gardens,DEV0006,Sharjah,Sharjah,Al Taawun,Central UAE,Apartment,Affordable,1BR,Off-Plan,1267.0,814837,643.14,132,2022,False,False,DLD-NOC-226672,RERA-25301,"Pool,Gym,Parking,Concierge,Spa",60.9,4.1,4.4,29.04
PROP0152,Majid Al Futtaim Sports City Gardens,DEV0018,Dubai,Dubai,Sports City,South UAE,Apartment,Premium,2BR,Off-Plan,795.6,2000537,2514.47,36,2019,True,True,DLD-NOC-693174,RERA-44166,"Pool,Gym,Kids Play,Parking",55.2,5.5,3.2,27.58
PROP0153,Object 1 Qidfa Tower,DEV0017,Fujairah,Fujairah,Qidfa,North UAE,Villa,Affordable,3BR,Ready,2843.0,2226149,783.02,26,2024,False,True,DLD-NOC-282492,RERA-60575,"Pool,Gym,Kids Play,Parking",49.4,1.4,0.7,33.8
PROP0154,Emaar Properties Saadiyat Island Tower,DEV0001,Abu Dhabi,Abu Dhabi,Saadiyat Island,South UAE,Penthouse,Mid-Market,4BR,Ready,1497.0,1589792,1062.01,21,2025,False,False,DLD-NOC-880753,RERA-57982,"Parking,Gym",51.1,1.3,2.3,19.51
PROP0155,Meydan Group Dubai Marina Residences,DEV0020,Dubai,Dubai,Dubai Marina,South UAE,Plot,Mid-Market,2BR,Off-Plan,855.4,996101,1164.48,57,2024,True,False,DLD-NOC-923690,RERA-56762,"Pool,Gym,Kids Play,Parking",61.5,2.6,1.0,34.28
PROP0156,RAK Properties Yas Island Views,DEV0011,Abu Dhabi,Abu Dhabi,Yas Island,South UAE,Apartment,Affordable,3BR,Ready,1147.6,427862,372.82,22,2022,True,False,DLD-NOC-958886,RERA-18948,"Pool,Gym,Parking,Concierge,Spa",82.5,6.8,4.9,18.74
PROP0157,Samana Developers Meydan Tower,DEV0016,Dubai,Dubai,Meydan,South UAE,Plot,Affordable,2BR,Ready,1243.0,569258,457.99,56,2020,True,False,DLD-NOC-562270,RERA-18803,"Pool,Gym,Parking",63.4,4.1,2.8,21.33
PROP0158,Emaar Properties Muwaileh Gardens,DEV0001,Sharjah,Sharjah,Muwaileh,Central UAE,Villa,Premium,2BR,Ready,3943.6,7904316,2004.35,214,2023,False,True,DLD-NOC-609042,RERA-97890,"Pool,Gym,Parking",86.6,3.7,3.3,23.38
PROP0159,Nakheel Al Reem Island Gardens,DEV0004,Abu Dhabi,Abu Dhabi,Al Reem Island,South UAE,Plot,Luxury,1BR,Ready,1652.3,9194729,5564.83,28,2020,False,True,DLD-NOC-444699,RERA-56655,"Parking,Gym",50.3,3.2,2.1,27.69
PROP0160,Tiger Properties Masdar City Tower,DEV0012,Abu Dhabi,Abu Dhabi,Masdar City,South UAE,Apartment,Luxury,2BR,Off-Plan,1099.8,6777003,6161.95,48,2020,False,True,DLD-NOC-850541,RERA-69041,"Pool,Gym,Parking",90.8,2.8,1.4,23.99
PROP0161,Ellington Properties Muwaileh Views,DEV0010,Sharjah,Sharjah,Muwaileh,Central UAE,Townhouse,Mid-Market,3BR,Ready,2082.4,2080122,998.91,26,2024,True,True,DLD-NOC-365581,RERA-83215,"Pool,Gym,Parking,Concierge,Spa",71.1,5.5,1.1,14.25
PROP0162,Danube Properties Meydan Tower,DEV0008,Dubai,Dubai,Meydan,South UAE,Plot,Mid-Market,3BR,Off-Plan,1072.0,1032666,963.32,39,2022,True,False,DLD-NOC-593936,RERA-44354,"Pool,Gym,Parking,Concierge,Spa",55.0,0.6,1.4,26.27
PROP0163,DAMAC Properties Discovery Gardens Views,DEV0002,Dubai,Dubai,Discovery Gardens,South UAE,Townhouse,Premium,2BR,Off-Plan,4406.9,6963812,1580.21,183,2024,True,True,DLD-NOC-385295,RERA-39564,"Parking,Gym",58.9,5.1,0.6,34.5
PROP0164,Danube Properties Meydan Park,DEV0008,Dubai,Dubai,Meydan,South UAE,Apartment,Mid-Market,2BR,Ready,1148.7,1427045,1242.32,112,2025,True,False,DLD-NOC-965439,RERA-94222,"Pool,Gym,Parking",57.2,7.0,2.1,21.04
PROP0165,Dubai Properties Discovery Gardens Heights,DEV0019,Dubai,Dubai,Discovery Gardens,South UAE,Apartment,Mid-Market,3BR,Off-Plan,795.5,903039,1135.18,54,2020,True,False,DLD-NOC-551604,RERA-88388,"Pool,Gym,Kids Play,Parking",40.4,2.3,1.3,28.68
PROP0166,Aldar Properties Al Furjan Residences,DEV0003,Dubai,Dubai,Al Furjan,South UAE,Apartment,Ultra-Luxury,Studio,Ready,1182.1,21190562,17926.87,37,2019,True,True,DLD-NOC-283697,RERA-79301,"Gym,Parking,BBQ Area",44.8,6.9,4.9,15.0
PROP0167,Aldar Properties Muwaileh Views,DEV0003,Sharjah,Sharjah,Muwaileh,Central UAE,Villa,Mid-Market,1BR,Ready,1383.6,2046385,1479.08,7,2021,True,True,DLD-NOC-581332,RERA-22656,"Gym,Parking,BBQ Area",50.6,1.4,3.0,26.75
PROP0168,Samana Developers Yas Acres Tower,DEV0016,Abu Dhabi,Abu Dhabi,Yas Acres,South UAE,Townhouse,Premium,4BR,Off-Plan,4247.6,6489015,1527.7,40,2025,True,True,DLD-NOC-924795,RERA-38120,"Pool,Gym,Parking,Concierge,Spa",51.9,3.6,1.2,33.63
PROP0169,Aldar Properties Hayat Island Gardens,DEV0003,Ras Al Khaimah,Ras Al Khaimah,Hayat Island,North UAE,Townhouse,Premium,2BR,Ready,1347.3,3929866,2916.94,102,2020,True,True,DLD-NOC-883803,RERA-80090,"Pool,Gym,Parking,Concierge,Spa",90.2,5.6,1.3,22.41
PROP0170,Majid Al Futtaim Al Dhait Views,DEV0018,Ras Al Khaimah,Ras Al Khaimah,Al Dhait,North UAE,Villa,Luxury,3BR,Ready,4039.9,17051533,4220.81,58,2025,True,True,DLD-NOC-945446,RERA-87487,"Parking,Gym",74.4,1.8,3.2,12.82
PROP0171,Meraas Al Hamra Village Views,DEV0005,Ras Al Khaimah,Ras Al Khaimah,Al Hamra Village,North UAE,Apartment,Affordable,1BR,Ready,1471.7,557771,379.01,70,2019,True,False,DLD-NOC-603984,RERA-36206,"Pool,Gym,Parking",83.7,0.6,0.8,13.77
PROP0172,Meraas Al Furjan Gardens,DEV0005,Dubai,Dubai,Al Furjan,South UAE,Apartment,Mid-Market,2BR,Ready,1496.9,2131108,1423.71,180,2025,True,True,DLD-NOC-926562,RERA-68467,"Pool,Gym,Parking,Concierge,Spa",48.2,0.4,2.4,24.29
PROP0173,Samana Developers JVC Gardens,DEV0016,Dubai,Dubai,JVC,South UAE,Penthouse,Mid-Market,2BR,Ready,1446.8,1334243,922.21,101,2023,True,False,DLD-NOC-427832,RERA-46162,"Pool,Gym,Parking,Concierge,Spa",74.7,7.1,2.2,26.39
PROP0174,Majid Al Futtaim Emirates City Views,DEV0018,Ajman,Ajman,Emirates City,Central UAE,Apartment,Premium,1BR,Ready,1726.6,4971820,2879.49,34,2020,False,True,DLD-NOC-631387,RERA-11678,"Pool,Gym,Parking,Concierge,Spa",79.9,5.6,4.5,18.29
PROP0175,Sobha Realty Emirates City Tower,DEV0006,Ajman,Ajman,Emirates City,Central UAE,Plot,Premium,Studio,Off-Plan,1247.8,3201743,2565.92,29,2023,False,True,DLD-NOC-807921,RERA-29967,"Pool,Gym,Parking",52.5,7.0,1.7,20.53
PROP0176,Binghatti Al Dhait Tower,DEV0009,Ras Al Khaimah,Ras Al Khaimah,Al Dhait,North UAE,Plot,Premium,1BR,Off-Plan,1784.2,4843827,2714.85,243,2020,True,True,DLD-NOC-213290,RERA-83597,"Pool,Gym,Parking,Concierge,Spa",66.0,6.0,3.0,28.02
PROP0177,Object 1 Al Reef Residences,DEV0017,Abu Dhabi,Abu Dhabi,Al Reef,South UAE,Apartment,Mid-Market,Studio,Off-Plan,1127.4,1524566,1352.23,23,2024,True,False,DLD-NOC-698531,RERA-40055,"Gym,Parking,BBQ Area",61.2,4.0,4.4,29.77
PROP0178,Meydan Group Al Qasimia Views,DEV0020,Sharjah,Sharjah,Al Qasimia,Central UAE,Villa,Mid-Market,Studio,Off-Plan,4470.5,5930981,1326.7,125,2025,True,True,DLD-NOC-182657,RERA-80502,"Gym,Parking,BBQ Area",63.3,1.6,2.9,28.35
PROP0179,Select Group Dubai South Park,DEV0014,Dubai,Dubai,Dubai South,South UAE,Villa,Mid-Market,1BR,Off-Plan,1225.9,1765516,1440.2,128,2022,True,False,DLD-NOC-777532,RERA-79259,"Pool,Gym,Kids Play,Parking",70.5,1.7,4.2,25.48
PROP0180,Azizi Developments Al Shamkha Residences,DEV0007,Abu Dhabi,Abu Dhabi,Al Shamkha,South UAE,Apartment,Premium,Studio,Off-Plan,1116.1,1742849,1561.59,93,2022,True,False,DLD-NOC-828826,RERA-94728,"Parking,Gym",79.8,1.2,2.7,23.81
PROP0181,Majid Al Futtaim Al Ghadeer Park,DEV0018,Abu Dhabi,Abu Dhabi,Al Ghadeer,South UAE,Apartment,Mid-Market,1BR,Ready,1960.4,2128236,1085.62,48,2019,False,True,DLD-NOC-359198,RERA-17892,"Pool,Gym,Kids Play,Parking",51.2,0.3,1.7,29.59
PROP0182,Azizi Developments JBR Park,DEV0007,Dubai,Dubai,JBR,South UAE,Apartment,Mid-Market,5BR+,Off-Plan,1287.6,1135709,882.05,236,2023,True,False,DLD-NOC-153299,RERA-96497,"Pool,Gym,Parking",86.4,2.4,3.0,28.7
PROP0183,Ellington Properties Al Khan Heights,DEV0010,Sharjah,Sharjah,Al Khan,Central UAE,Apartment,Affordable,3BR,Off-Plan,992.1,803886,810.32,160,2024,False,False,DLD-NOC-798146,RERA-81333,"Pool,Gym,Kids Play,Parking",81.9,7.8,4.3,18.94
PROP0184,Imtiaz Developments Al Raha Beach Residences,DEV0013,Abu Dhabi,Abu Dhabi,Al Raha Beach,South UAE,Apartment,Mid-Market,3BR,Off-Plan,776.2,917112,1181.56,93,2019,True,False,DLD-NOC-278206,RERA-70613,"Gym,Parking,BBQ Area",60.4,2.8,2.0,27.42
PROP0185,Tiger Properties Meydan Tower,DEV0012,Dubai,Dubai,Meydan,South UAE,Apartment,Mid-Market,3BR,Off-Plan,1388.8,1708120,1229.89,43,2025,True,False,DLD-NOC-129395,RERA-63370,"Parking,Gym",87.6,2.6,3.1,20.04
PROP0186,Reportage Properties Al Reef Views,DEV0015,Abu Dhabi,Abu Dhabi,Al Reef,South UAE,Penthouse,Premium,5BR+,Ready,837.8,1525416,1820.78,48,2022,True,False,DLD-NOC-230404,RERA-41381,"Pool,Gym,Parking",53.2,5.4,3.7,20.0
PROP0187,Object 1 Meydan Residences,DEV0017,Dubai,Dubai,Meydan,South UAE,Townhouse,Mid-Market,2BR,Off-Plan,4409.1,4107306,931.56,12,2019,True,True,DLD-NOC-243123,RERA-89289,"Pool,Gym,Parking,Concierge,Spa",64.1,4.9,1.0,17.91
PROP0188,Reportage Properties Downtown Dubai Gardens,DEV0015,Dubai,Dubai,Downtown Dubai,South UAE,Townhouse,Premium,1BR,Ready,2767.6,6099039,2203.74,10,2025,True,True,DLD-NOC-387791,RERA-43249,"Pool,Gym,Parking",61.8,0.2,1.9,17.79
PROP0189,Nakheel Dubai Hills Estate Heights,DEV0004,Dubai,Dubai,Dubai Hills Estate,South UAE,Commercial,Premium,5BR+,Ready,1483.4,3945057,2659.52,306,2025,True,True,DLD-NOC-176455,RERA-82825,"Gym,Parking,BBQ Area",69.0,2.3,3.0,25.02
PROP0190,Danube Properties Dubai Marina Views,DEV0008,Dubai,Dubai,Dubai Marina,South UAE,Commercial,Ultra-Luxury,2BR,Ready,1210.8,11586276,9569.11,34,2019,True,True,DLD-NOC-718373,RERA-16595,"Pool,Gym,Parking,Concierge,Spa",60.6,2.6,2.8,19.51
PROP0191,Danube Properties Palm Jumeirah Heights,DEV0008,Dubai,Dubai,Palm Jumeirah,South UAE,Villa,Mid-Market,2BR,Off-Plan,4054.5,4586867,1131.3,32,2023,True,True,DLD-NOC-629644,RERA-36039,"Parking,Gym",86.0,7.1,1.4,34.0
PROP0192,Aldar Properties Arabian Ranches Park,DEV0003,Dubai,Dubai,Arabian Ranches,South UAE,Apartment,Affordable,1BR,Ready,1736.3,1126418,648.75,72,2023,True,False,DLD-NOC-954140,RERA-38547,"Parking,Gym",40.1,2.9,4.2,25.04
PROP0193,RAK Properties Dubai South Park,DEV0011,Dubai,Dubai,Dubai South,South UAE,Studio,Mid-Market,1BR,Ready,1981.0,1977331,998.14,175,2025,True,False,DLD-NOC-947483,RERA-97889,"Pool,Gym,Kids Play,Parking",78.1,6.1,3.2,23.89
PROP0194,Emaar Properties MBR City Residences,DEV0001,Dubai,Dubai,MBR City,South UAE,Apartment,Mid-Market,3BR,Off-Plan,1315.3,1965825,1494.57,17,2021,True,False,DLD-NOC-855068,RERA-33820,"Parking,Gym",66.6,6.5,3.5,12.19
PROP0195,Dubai Properties JVC Tower,DEV0019,Dubai,Dubai,JVC,South UAE,Apartment,Mid-Market,2BR,Off-Plan,1465.9,1463177,998.14,129,2025,True,False,DLD-NOC-778055,RERA-76014,"Pool,Gym,Parking,Concierge,Spa",47.5,6.5,1.9,23.54
PROP0196,Majid Al Futtaim DAMAC Hills Gardens,DEV0018,Dubai,Dubai,DAMAC Hills,South UAE,Apartment,Mid-Market,2BR,Off-Plan,1165.2,1052842,903.57,63,2020,True,False,DLD-NOC-197265,RERA-16626,"Pool,Gym,Parking",46.5,6.0,4.1,16.52
PROP0197,Danube Properties Arabian Ranches Tower,DEV0008,Dubai,Dubai,Arabian Ranches,South UAE,Apartment,Affordable,1BR,Off-Plan,1760.0,791950,449.98,116,2019,True,False,DLD-NOC-472714,RERA-27526,"Pool,Gym,Parking,Concierge,Spa",56.4,7.4,2.2,21.16
PROP0198,Dubai Properties Qidfa Heights,DEV0019,Fujairah,Fujairah,Qidfa,North UAE,Apartment,Mid-Market,Studio,Off-Plan,1255.7,1516569,1207.76,61,2020,True,False,DLD-NOC-353267,RERA-34468,"Pool,Gym,Kids Play,Parking",72.7,1.7,2.0,12.33
PROP0199,Danube Properties Al Ghadeer Tower,DEV0008,Abu Dhabi,Abu Dhabi,Al Ghadeer,South UAE,Villa,Luxury,1BR,Ready,3693.9,23730138,6424.08,79,2020,False,True,DLD-NOC-680066,RERA-77638,"Parking,Gym",91.4,4.5,1.6,21.49
PROP0200,Emaar Properties Palm Jumeirah Views,DEV0001,Dubai,Dubai,Palm Jumeirah,South UAE,Villa,Premium,1BR,Off-Plan,4822.8,12946646,2684.46,55,2023,True,True,DLD-NOC-532599,RERA-53901,"Pool,Gym,Kids Play,Parking",65.8,0.3,3.6,15.06
PROP0201,Aldar Properties Al Majaz Residences,DEV0003,Sharjah,Sharjah,Al Majaz,Central UAE,Commercial,Premium,4BR,Off-Plan,1846.8,4690691,2539.94,117,2024,True,True,DLD-NOC-965940,RERA-43493,"Pool,Gym,Parking,Concierge,Spa",92.6,1.6,3.0,30.4
PROP0202,DAMAC Properties Emirates City Park,DEV0002,Ajman,Ajman,Emirates City,Central UAE,Apartment,Premium,Studio,Off-Plan,601.3,1480363,2461.98,77,2023,False,False,DLD-NOC-151747,RERA-61261,"Pool,Gym,Parking,Concierge,Spa",69.6,5.8,4.0,12.1
PROP0203,Danube Properties Al Yarmook Residences,DEV0008,Sharjah,Sharjah,Al Yarmook,Central UAE,Villa,Premium,3BR,Ready,3336.1,9149506,2742.56,16,2021,True,True,DLD-NOC-459242,RERA-69399,"Gym,Parking,BBQ Area",72.9,2.3,2.7,31.73
PROP0204,Aldar Properties Al Barsha Tower,DEV0003,Dubai,Dubai,Al Barsha,South UAE,Apartment,Premium,3BR,Ready,1621.3,3614226,2229.22,356,2025,True,True,DLD-NOC-599849,RERA-92893,"Pool,Gym,Parking,Concierge,Spa",87.3,5.0,4.1,18.26
PROP0205,DAMAC Properties Mina Al Arab Gardens,DEV0002,Ras Al Khaimah,Ras Al Khaimah,Mina Al Arab,North UAE,Studio,Luxury,1BR,Off-Plan,951.8,5100810,5359.08,47,2022,True,True,DLD-NOC-284121,RERA-39997,"Gym,Parking,BBQ Area",61.8,6.3,4.4,17.29
PROP0206,RAK Properties Al Ghadeer Tower,DEV0011,Abu Dhabi,Abu Dhabi,Al Ghadeer,South UAE,Plot,Affordable,Studio,Off-Plan,781.6,380871,487.27,280,2023,True,False,DLD-NOC-657531,RERA-20224,"Parking,Gym",94.1,0.4,1.6,24.86
PROP0207,Aldar Properties Yas Acres Gardens,DEV0003,Abu Dhabi,Abu Dhabi,Yas Acres,South UAE,Villa,Premium,2BR,Ready,874.6,1946141,2225.22,145,2021,True,False,DLD-NOC-856446,RERA-70406,"Parking,Gym",47.4,3.2,0.7,19.0
PROP0208,Object 1 Masdar City Residences,DEV0017,Abu Dhabi,Abu Dhabi,Masdar City,South UAE,Villa,Premium,1BR,Ready,3037.1,6789844,2235.66,126,2021,False,True,DLD-NOC-243003,RERA-17468,"Pool,Gym,Parking,Concierge,Spa",87.1,2.2,3.0,12.62
PROP0209,Danube Properties Masdar City Residences,DEV0008,Abu Dhabi,Abu Dhabi,Masdar City,South UAE,Studio,Mid-Market,2BR,Off-Plan,436.0,611333,1401.99,59,2022,True,False,DLD-NOC-510870,RERA-91189,"Pool,Gym,Parking",50.5,1.7,1.7,16.63
PROP0210,Binghatti Saadiyat Island Tower,DEV0009,Abu Dhabi,Abu Dhabi,Saadiyat Island,South UAE,Penthouse,Luxury,2BR,Off-Plan,1460.7,9869181,6756.29,28,2020,False,True,DLD-NOC-333463,RERA-23352,"Pool,Gym,Parking",48.0,0.6,2.5,23.61
PROP0211,Samana Developers Al Raha Beach Gardens,DEV0016,Abu Dhabi,Abu Dhabi,Al Raha Beach,South UAE,Apartment,Affordable,1BR,Off-Plan,1412.0,863591,611.6,291,2024,False,False,DLD-NOC-620984,RERA-13229,"Pool,Gym,Parking",71.0,6.8,1.6,22.17
PROP0212,Azizi Developments Meydan Park,DEV0007,Dubai,Dubai,Meydan,South UAE,Apartment,Mid-Market,2BR,Ready,1364.5,1287396,943.52,18,2024,True,False,DLD-NOC-952452,RERA-31192,"Parking,Gym",70.2,6.6,3.6,20.26
PROP0213,Majid Al Futtaim Al Furjan Heights,DEV0018,Dubai,Dubai,Al Furjan,South UAE,Townhouse,Premium,3BR,Off-Plan,3165.8,7066341,2232.06,61,2022,True,True,DLD-NOC-120250,RERA-72213,"Parking,Gym",55.3,3.9,0.6,14.23
PROP0214,Meraas Al Reem Island Gardens,DEV0005,Abu Dhabi,Abu Dhabi,Al Reem Island,South UAE,Apartment,Luxury,1BR,Off-Plan,1647.5,10336051,6273.7,4,2021,True,True,DLD-NOC-371141,RERA-15860,"Pool,Gym,Parking",70.9,4.1,3.0,13.83
PROP0215,Dubai Properties Al Khan Park,DEV0019,Sharjah,Sharjah,Al Khan,Central UAE,Commercial,Affordable,4BR,Off-Plan,1615.2,1088778,674.09,54,2020,False,False,DLD-NOC-106904,RERA-36992,"Pool,Gym,Parking",81.0,2.3,1.1,33.03
PROP0216,Dubai Properties Dubai Creek Harbour Heights,DEV0019,Dubai,Dubai,Dubai Creek Harbour,South UAE,Villa,Mid-Market,1BR,Off-Plan,4432.7,4278652,965.25,73,2020,True,True,DLD-NOC-342994,RERA-90130,"Gym,Parking,BBQ Area",82.5,6.9,0.5,26.21
PROP0217,Samana Developers Mina Al Arab Tower,DEV0016,Ras Al Khaimah,Ras Al Khaimah,Mina Al Arab,North UAE,Commercial,Premium,2BR,Ready,1570.9,2802093,1783.77,76,2019,True,True,DLD-NOC-705948,RERA-99888,"Pool,Gym,Kids Play,Parking",88.1,7.0,1.1,14.19
PROP0218,Danube Properties Yas Acres Heights,DEV0008,Abu Dhabi,Abu Dhabi,Yas Acres,South UAE,Villa,Affordable,1BR,Off-Plan,1713.4,969527,565.83,30,2021,True,False,DLD-NOC-238071,RERA-44003,"Parking,Gym",71.1,7.0,4.9,13.11
PROP0219,Samana Developers JBR Gardens,DEV0016,Dubai,Dubai,JBR,South UAE,Penthouse,Affordable,3BR,Off-Plan,1094.5,733213,669.92,20,2021,True,False,DLD-NOC-594051,RERA-58454,"Pool,Gym,Parking,Concierge,Spa",67.8,5.5,3.4,15.69
PROP0220,Select Group Al Qasimia Views,DEV0014,Sharjah,Sharjah,Al Qasimia,Central UAE,Villa,Luxury,2BR,Ready,2462.0,13854257,5627.15,13,2024,True,True,DLD-NOC-925853,RERA-27359,"Pool,Gym,Kids Play,Parking",67.2,7.1,4.2,29.86
PROP0221,Azizi Developments Dubai Hills Estate Residences,DEV0007,Dubai,Dubai,Dubai Hills Estate,South UAE,Apartment,Mid-Market,4BR,Off-Plan,1128.0,1559154,1382.2,37,2023,True,False,DLD-NOC-827355,RERA-54828,"Pool,Gym,Kids Play,Parking",43.9,5.3,2.2,27.47
PROP0222,Nakheel Emirates City Views,DEV0004,Ajman,Ajman,Emirates City,Central UAE,Villa,Mid-Market,5BR+,Off-Plan,3840.5,5274473,1373.38,45,2023,True,True,DLD-NOC-870068,RERA-30401,"Pool,Gym,Kids Play,Parking",48.1,0.2,0.8,22.1
PROP0223,Nakheel Downtown Dubai Park,DEV0004,Dubai,Dubai,Downtown Dubai,South UAE,Villa,Premium,1BR,Ready,1143.6,2368980,2071.46,46,2023,True,True,DLD-NOC-907420,RERA-74171,"Pool,Gym,Parking",66.2,2.2,0.5,31.04
PROP0224,Select Group Al Taawun Views,DEV0014,Sharjah,Sharjah,Al Taawun,Central UAE,Studio,Mid-Market,2BR,Off-Plan,505.3,463789,917.81,38,2025,True,False,DLD-NOC-163872,RERA-22251,"Pool,Gym,Kids Play,Parking",52.0,7.9,4.3,22.5
PROP0225,Tiger Properties Al Khan Tower,DEV0012,Sharjah,Sharjah,Al Khan,Central UAE,Apartment,Premium,2BR,Ready,1635.3,4099354,2506.72,102,2021,False,True,DLD-NOC-134305,RERA-47844,"Pool,Gym,Parking,Concierge,Spa",81.0,2.2,3.7,28.67
PROP0226,Select Group Masdar City Gardens,DEV0014,Abu Dhabi,Abu Dhabi,Masdar City,South UAE,Apartment,Mid-Market,1BR,Ready,1885.8,2782920,1475.72,11,2021,True,True,DLD-NOC-679815,RERA-83407,"Pool,Gym,Parking",54.4,5.2,5.0,25.65
PROP0227,Select Group Meydan Gardens,DEV0014,Dubai,Dubai,Meydan,South UAE,Villa,Affordable,2BR,Ready,1679.3,1221897,727.63,12,2024,True,False,DLD-NOC-579926,RERA-84727,"Parking,Gym",54.3,3.8,1.3,15.9
PROP0228,Reportage Properties Motor City Park,DEV0015,Dubai,Dubai,Motor City,South UAE,Townhouse,Premium,2BR,Ready,3312.3,9762595,2947.35,56,2025,True,True,DLD-NOC-731941,RERA-21335,"Pool,Gym,Parking,Concierge,Spa",61.1,0.8,3.6,32.46
PROP0229,DAMAC Properties Al Qasimia Park,DEV0002,Sharjah,Sharjah,Al Qasimia,Central UAE,Apartment,Premium,4BR,Off-Plan,1792.9,4362261,2433.02,144,2021,False,True,DLD-NOC-728097,RERA-31787,"Pool,Gym,Parking",82.0,0.9,4.2,18.94
PROP0230,Nakheel Yas Acres Gardens,DEV0004,Abu Dhabi,Abu Dhabi,Yas Acres,South UAE,Apartment,Affordable,3BR,Ready,1086.5,336872,310.05,140,2024,False,False,DLD-NOC-920982,RERA-73834,"Parking,Gym",94.9,4.0,3.1,22.85
PROP0231,DAMAC Properties Al Qasimia Tower,DEV0002,Sharjah,Sharjah,Al Qasimia,Central UAE,Apartment,Mid-Market,2BR,Off-Plan,939.3,802807,854.65,78,2023,False,False,DLD-NOC-154825,RERA-35771,"Gym,Parking,BBQ Area",70.4,1.6,1.4,26.69
PROP0232,Imtiaz Developments Meydan Views,DEV0013,Dubai,Dubai,Meydan,South UAE,Plot,Premium,1BR,Off-Plan,571.3,1691039,2959.89,13,2021,True,False,DLD-NOC-209240,RERA-78686,"Gym,Parking,BBQ Area",92.5,0.8,4.9,31.09
PROP0233,RAK Properties Al Nahda Views,DEV0011,Sharjah,Sharjah,Al Nahda,Central UAE,Villa,Luxury,4BR,Off-Plan,954.1,6522133,6835.74,11,2023,True,True,DLD-NOC-318187,RERA-60931,"Gym,Parking,BBQ Area",89.7,3.1,0.9,30.68
PROP0234,Nakheel Al Shamkha Residences,DEV0004,Abu Dhabi,Abu Dhabi,Al Shamkha,South UAE,Apartment,Affordable,2BR,Off-Plan,1672.2,774364,463.09,41,2024,False,False,DLD-NOC-360911,RERA-12578,"Pool,Gym,Parking",46.1,4.0,3.1,15.37
PROP0235,Danube Properties Al Raha Beach Views,DEV0008,Abu Dhabi,Abu Dhabi,Al Raha Beach,South UAE,Apartment,Affordable,Studio,Off-Plan,1605.6,578212,360.13,57,2020,False,False,DLD-NOC-897247,RERA-24537,"Pool,Gym,Kids Play,Parking",55.7,3.1,4.6,28.43
PROP0236,Azizi Developments Business Bay Views,DEV0007,Dubai,Dubai,Business Bay,South UAE,Apartment,Premium,2BR,Ready,1245.9,2232820,1792.15,62,2020,True,True,DLD-NOC-123436,RERA-93954,"Pool,Gym,Parking,Concierge,Spa",66.9,6.3,3.9,18.36
PROP0237,Azizi Developments Al Qasimia Heights,DEV0007,Sharjah,Sharjah,Al Qasimia,Central UAE,Townhouse,Mid-Market,2BR,Ready,3969.4,3720188,937.21,98,2023,True,True,DLD-NOC-242425,RERA-30517,"Pool,Gym,Kids Play,Parking",47.2,3.4,1.8,18.65
PROP0238,Majid Al Futtaim Yas Island Tower,DEV0018,Abu Dhabi,Abu Dhabi,Yas Island,South UAE,Apartment,Ultra-Luxury,3BR,Ready,550.7,5741896,10427.12,12,2022,False,True,DLD-NOC-999281,RERA-41933,"Gym,Parking,BBQ Area",92.7,0.2,2.5,15.82
PROP0239,Reportage Properties Business Bay Park,DEV0015,Dubai,Dubai,Business Bay,South UAE,Apartment,Premium,1BR,Ready,1921.4,3239525,1685.98,20,2020,True,True,DLD-NOC-597319,RERA-67348,"Pool,Gym,Parking",54.3,7.5,1.8,20.09
PROP0240,Meraas Al Majaz Residences,DEV0005,Sharjah,Sharjah,Al Majaz,Central UAE,Apartment,Luxury,2BR,Off-Plan,1587.5,8134649,5124.03,10,2024,False,True,DLD-NOC-662254,RERA-13990,"Pool,Gym,Kids Play,Parking",40.4,2.3,0.8,13.08
PROP0241,Select Group Mirbah Heights,DEV0014,Fujairah,Fujairah,Mirbah,North UAE,Apartment,Luxury,1BR,Ready,495.4,2981761,6019.32,149,2024,False,True,DLD-NOC-974231,RERA-53143,"Pool,Gym,Kids Play,Parking",80.6,4.5,0.7,26.2
PROP0242,Sobha Realty Al Furjan Residences,DEV0006,Dubai,Dubai,Al Furjan,South UAE,Studio,Mid-Market,5BR+,Off-Plan,885.8,1128527,1274.01,158,2019,True,False,DLD-NOC-622105,RERA-47743,"Pool,Gym,Parking",53.5,6.3,3.6,25.2
PROP0243,Binghatti Dubai Creek Harbour Gardens,DEV0009,Dubai,Dubai,Dubai Creek Harbour,South UAE,Apartment,Mid-Market,1BR,Off-Plan,614.0,623856,1016.02,5,2022,True,False,DLD-NOC-805920,RERA-64236,"Pool,Gym,Parking",67.7,0.3,2.6,15.5
PROP0244,Reportage Properties Meydan Tower,DEV0015,Dubai,Dubai,Meydan,South UAE,Apartment,Premium,4BR,Off-Plan,1625.5,2717180,1671.65,61,2019,True,True,DLD-NOC-247006,RERA-38992,"Pool,Gym,Kids Play,Parking",70.5,4.2,4.7,22.23
PROP0245,Danube Properties Mina Al Arab Tower,DEV0008,Ras Al Khaimah,Ras Al Khaimah,Mina Al Arab,North UAE,Apartment,Premium,5BR+,Ready,433.4,778169,1795.65,21,2022,True,False,DLD-NOC-903200,RERA-43832,"Parking,Gym",75.0,5.9,2.2,12.45
PROP0246,Aldar Properties Masdar City Park,DEV0003,Abu Dhabi,Abu Dhabi,Masdar City,South UAE,Apartment,Premium,2BR,Off-Plan,670.1,1717691,2563.47,49,2024,True,False,DLD-NOC-882897,RERA-10892,"Parking,Gym",50.1,6.6,5.0,32.13
PROP0247,Reportage Properties Motor City Residences,DEV0015,Dubai,Dubai,Motor City,South UAE,Apartment,Affordable,1BR,Off-Plan,1659.4,1231389,742.05,222,2019,True,False,DLD-NOC-110498,RERA-68495,"Pool,Gym,Kids Play,Parking",86.1,1.2,1.5,13.7
PROP0248,Majid Al Futtaim Yas Acres Gardens,DEV0018,Abu Dhabi,Abu Dhabi,Yas Acres,South UAE,Apartment,Premium,3BR,Off-Plan,917.7,1591099,1733.8,34,2025,False,False,DLD-NOC-453615,RERA-60796,"Pool,Gym,Parking,Concierge,Spa",76.4,4.0,3.0,30.88
PROP0249,Nakheel Al Shamkha Park,DEV0004,Abu Dhabi,Abu Dhabi,Al Shamkha,South UAE,Apartment,Affordable,2BR,Off-Plan,1146.0,775150,676.41,9,2025,True,False,DLD-NOC-866533,RERA-36173,"Pool,Gym,Parking",82.7,4.8,3.3,30.48
PROP0250,DAMAC Properties Al Jurf Heights,DEV0002,Ajman,Ajman,Al Jurf,Central UAE,Plot,Luxury,1BR,Ready,932.6,4200888,4504.44,33,2025,False,True,DLD-NOC-701685,RERA-69386,"Parking,Gym",59.9,6.5,4.6,29.39
PROP0251,Majid Al Futtaim Business Bay Tower,DEV0018,Dubai,Dubai,Business Bay,South UAE,Apartment,Premium,2BR,Ready,1132.9,2778815,2452.92,21,2023,True,True,DLD-NOC-927931,RERA-32297,"Pool,Gym,Parking",53.7,7.7,4.3,17.98
PROP0252,Emaar Properties Al Raha Beach Gardens,DEV0001,Abu Dhabi,Abu Dhabi,Al Raha Beach,South UAE,Studio,Mid-Market,1BR,Ready,1452.4,1804169,1242.18,292,2023,False,False,DLD-NOC-274570,RERA-49448,"Parking,Gym",55.7,5.5,2.7,30.03
PROP0253,Aldar Properties Hayat Island Gardens,DEV0003,Ras Al Khaimah,Ras Al Khaimah,Hayat Island,North UAE,Apartment,Mid-Market,2BR,Off-Plan,774.4,898802,1160.71,181,2019,True,False,DLD-NOC-459843,RERA-55872,"Pool,Gym,Parking",66.7,6.4,4.1,15.89
PROP0254,Danube Properties Mina Al Arab Heights,DEV0008,Ras Al Khaimah,Ras Al Khaimah,Mina Al Arab,North UAE,Penthouse,Mid-Market,3BR,Off-Plan,1078.9,1242302,1151.48,25,2022,True,False,DLD-NOC-444972,RERA-75361,"Parking,Gym",59.2,4.5,3.0,33.68
PROP0255,Sobha Realty Dubai Marina Gardens,DEV0006,Dubai,Dubai,Dubai Marina,South UAE,Studio,Mid-Market,2BR,Off-Plan,1303.9,1180099,905.05,128,2019,True,False,DLD-NOC-958964,RERA-24131,"Pool,Gym,Parking",53.8,7.3,1.2,31.06
PROP0256,Select Group Muwaileh Residences,DEV0014,Sharjah,Sharjah,Muwaileh,Central UAE,Apartment,Affordable,Studio,Off-Plan,1647.7,904429,548.91,35,2024,True,False,DLD-NOC-544615,RERA-26059,"Pool,Gym,Parking,Concierge,Spa",90.5,5.3,0.7,34.07
PROP0257,Samana Developers Hayat Island Gardens,DEV0016,Ras Al Khaimah,Ras Al Khaimah,Hayat Island,North UAE,Plot,Ultra-Luxury,1BR,Ready,1738.5,25536182,14688.36,46,2020,True,True,DLD-NOC-722698,RERA-82521,"Pool,Gym,Parking,Concierge,Spa",66.3,4.4,2.9,16.82
PROP0258,Samana Developers Yas Island Views,DEV0016,Abu Dhabi,Abu Dhabi,Yas Island,South UAE,Townhouse,Premium,Studio,Ready,4506.5,9536508,2116.14,71,2022,True,True,DLD-NOC-689041,RERA-99454,"Pool,Gym,Parking",75.3,0.3,3.6,22.17
PROP0259,Azizi Developments Al Yarmook Residences,DEV0007,Sharjah,Sharjah,Al Yarmook,Central UAE,Townhouse,Mid-Market,1BR,Off-Plan,4297.9,5890918,1370.65,183,2025,False,True,DLD-NOC-919670,RERA-39107,"Pool,Gym,Parking,Concierge,Spa",86.8,4.4,1.3,19.75
PROP0260,Imtiaz Developments Palm Jumeirah Heights,DEV0013,Dubai,Dubai,Palm Jumeirah,South UAE,Villa,Affordable,2BR,Ready,2338.0,1426950,610.33,5,2022,True,False,DLD-NOC-298483,RERA-67875,"Pool,Gym,Parking,Concierge,Spa",55.3,3.7,4.9,12.49
PROP0261,DAMAC Properties JVC Residences,DEV0002,Dubai,Dubai,JVC,South UAE,Plot,Luxury,2BR,Ready,1942.5,7738616,3983.86,66,2023,True,True,DLD-NOC-175539,RERA-82017,"Pool,Gym,Kids Play,Parking",43.7,4.2,3.6,15.33
PROP0262,Sobha Realty Al Majaz Tower,DEV0006,Sharjah,Sharjah,Al Majaz,Central UAE,Villa,Mid-Market,5BR+,Off-Plan,3937.1,5185639,1317.12,36,2020,True,True,DLD-NOC-103618,RERA-10976,"Pool,Gym,Kids Play,Parking",43.1,4.0,3.9,33.61
PROP0263,Imtiaz Developments Sports City Views,DEV0013,Dubai,Dubai,Sports City,South UAE,Commercial,Premium,5BR+,Off-Plan,990.2,1790850,1808.57,41,2025,True,False,DLD-NOC-306309,RERA-85885,"Gym,Parking,BBQ Area",41.3,5.1,1.4,21.9
PROP0264,Emaar Properties Dubai Hills Estate Heights,DEV0001,Dubai,Dubai,Dubai Hills Estate,South UAE,Apartment,Premium,2BR,Off-Plan,1583.1,3585038,2264.58,39,2019,True,True,DLD-NOC-936524,RERA-28740,"Gym,Parking,BBQ Area",62.1,2.7,4.1,13.15
PROP0265,Imtiaz Developments DAMAC Hills Views,DEV0013,Dubai,Dubai,DAMAC Hills,South UAE,Townhouse,Premium,3BR,Off-Plan,2798.4,4533894,1620.15,26,2024,True,True,DLD-NOC-495854,RERA-18608,"Pool,Gym,Parking,Concierge,Spa",61.6,2.5,0.5,14.08
PROP0266,Binghatti Al Reem Island Residences,DEV0009,Abu Dhabi,Abu Dhabi,Al Reem Island,South UAE,Apartment,Mid-Market,1BR,Ready,1969.5,2365066,1200.84,37,2020,True,True,DLD-NOC-679384,RERA-35472,"Pool,Gym,Kids Play,Parking",68.4,3.4,1.8,30.25
PROP0267,Reportage Properties Dubai Hills Estate Park,DEV0015,Dubai,Dubai,Dubai Hills Estate,South UAE,Commercial,Mid-Market,3BR,Ready,1643.9,2428506,1477.28,19,2024,True,True,DLD-NOC-190714,RERA-47853,"Gym,Parking,BBQ Area",68.6,6.2,1.9,13.73
PROP0268,Ellington Properties Al Reef Gardens,DEV0010,Abu Dhabi,Abu Dhabi,Al Reef,South UAE,Apartment,Mid-Market,2BR,Ready,1252.4,1393573,1112.73,189,2024,True,False,DLD-NOC-298724,RERA-11974,"Pool,Gym,Parking",62.9,1.4,2.6,33.54
PROP0269,Select Group DAMAC Hills Tower,DEV0014,Dubai,Dubai,DAMAC Hills,South UAE,Townhouse,Premium,3BR,Ready,3491.2,5250338,1503.88,35,2024,True,True,DLD-NOC-992054,RERA-52810,"Pool,Gym,Parking,Concierge,Spa",47.3,4.9,1.7,18.2
PROP0270,Majid Al Futtaim Muwaileh Heights,DEV0018,Sharjah,Sharjah,Muwaileh,Central UAE,Villa,Premium,1BR,Ready,1280.1,3351804,2618.33,7,2019,False,True,DLD-NOC-405798,RERA-52548,"Pool,Gym,Parking,Concierge,Spa",81.0,4.0,3.7,23.31
PROP0271,Samana Developers Discovery Gardens Park,DEV0016,Dubai,Dubai,Discovery Gardens,South UAE,Apartment,Mid-Market,2BR,Ready,1735.2,2416872,1392.82,37,2021,True,True,DLD-NOC-179690,RERA-26786,"Pool,Gym,Parking,Concierge,Spa",71.8,5.0,0.5,34.67
PROP0272,Meraas Muwaileh Gardens,DEV0005,Sharjah,Sharjah,Muwaileh,Central UAE,Villa,Affordable,2BR,Ready,2065.4,1506677,729.48,7,2021,False,False,DLD-NOC-943755,RERA-39074,"Pool,Gym,Kids Play,Parking",79.5,4.4,1.7,27.53
PROP0273,Azizi Developments Yas Island Residences,DEV0007,Abu Dhabi,Abu Dhabi,Yas Island,South UAE,Apartment,Affordable,2BR,Ready,1882.4,1348883,716.59,94,2025,False,False,DLD-NOC-304424,RERA-41653,"Parking,Gym",93.0,1.9,0.7,31.78
PROP0274,Ellington Properties Khalifa City Residences,DEV0010,Abu Dhabi,Abu Dhabi,Khalifa City,South UAE,Plot,Mid-Market,3BR,Ready,918.0,1041099,1134.12,15,2020,True,False,DLD-NOC-472671,RERA-53421,"Gym,Parking,BBQ Area",74.3,6.6,2.7,31.69
PROP0275,Azizi Developments JVC Heights,DEV0007,Dubai,Dubai,JVC,South UAE,Plot,Luxury,3BR,Off-Plan,1071.2,7229613,6748.88,62,2020,True,True,DLD-NOC-933507,RERA-22019,"Pool,Gym,Parking",61.5,4.4,4.3,22.44
PROP0276,DAMAC Properties Corniche Gardens,DEV0002,Abu Dhabi,Abu Dhabi,Corniche,South UAE,Villa,Premium,1BR,Ready,3679.3,9258136,2516.28,53,2025,False,True,DLD-NOC-131473,RERA-70118,"Pool,Gym,Parking",60.1,4.1,3.8,14.23
PROP0277,Dubai Properties Al Khan Residences,DEV0019,Sharjah,Sharjah,Al Khan,Central UAE,Villa,Mid-Market,1BR,Ready,4773.2,6995337,1465.56,53,2023,True,True,DLD-NOC-380837,RERA-83054,"Gym,Parking,BBQ Area",54.1,1.9,3.6,29.61
PROP0278,Majid Al Futtaim Downtown Dubai Residences,DEV0018,Dubai,Dubai,Downtown Dubai,South UAE,Studio,Mid-Market,1BR,Ready,1662.9,1974758,1187.55,57,2025,True,False,DLD-NOC-231724,RERA-89624,"Pool,Gym,Kids Play,Parking",62.7,1.5,4.2,29.42
PROP0279,DAMAC Properties Al Reem Island Views,DEV0002,Abu Dhabi,Abu Dhabi,Al Reem Island,South UAE,Apartment,Mid-Market,2BR,Ready,1772.3,1705577,962.34,351,2024,False,False,DLD-NOC-579476,RERA-16883,"Pool,Gym,Parking,Concierge,Spa",50.1,2.9,4.2,31.46
PROP0280,RAK Properties Business Bay Residences,DEV0011,Dubai,Dubai,Business Bay,South UAE,Apartment,Mid-Market,3BR,Ready,743.7,1094024,1471.11,192,2019,True,False,DLD-NOC-463002,RERA-29854,"Pool,Gym,Parking",67.3,4.0,2.0,29.37
PROP0281,DAMAC Properties Downtown Dubai Park,DEV0002,Dubai,Dubai,Downtown Dubai,South UAE,Apartment,Affordable,Studio,Ready,1487.5,1047589,704.25,88,2023,True,False,DLD-NOC-299828,RERA-10775,"Parking,Gym",70.3,3.2,2.0,23.05
PROP0282,DAMAC Properties DAMAC Hills Park,DEV0002,Dubai,Dubai,DAMAC Hills,South UAE,Villa,Affordable,3BR,Off-Plan,668.8,543735,813.05,57,2022,True,False,DLD-NOC-568790,RERA-17638,"Gym,Parking,BBQ Area",92.3,7.7,1.1,20.89
PROP0283,Dubai Properties JVC Residences,DEV0019,Dubai,Dubai,JVC,South UAE,Apartment,Mid-Market,1BR,Off-Plan,1653.1,1654729,1001.0,78,2022,True,False,DLD-NOC-453419,RERA-49737,"Pool,Gym,Kids Play,Parking",43.0,4.4,4.3,15.71
PROP0284,Samana Developers Business Bay Views,DEV0016,Dubai,Dubai,Business Bay,South UAE,Apartment,Affordable,2BR,Ready,1591.3,892628,560.94,134,2025,True,False,DLD-NOC-449479,RERA-21466,"Pool,Gym,Parking,Concierge,Spa",58.2,5.7,4.3,23.0
PROP0285,Object 1 Al Raha Beach Residences,DEV0017,Abu Dhabi,Abu Dhabi,Al Raha Beach,South UAE,Apartment,Mid-Market,1BR,Off-Plan,1496.8,1903838,1271.97,31,2025,True,False,DLD-NOC-701749,RERA-71472,"Parking,Gym",58.3,1.9,1.1,19.13
PROP0286,Object 1 Al Raha Beach Views,DEV0017,Abu Dhabi,Abu Dhabi,Al Raha Beach,South UAE,Villa,Mid-Market,1BR,Ready,3030.6,3986389,1315.4,103,2022,True,True,DLD-NOC-930498,RERA-14579,"Pool,Gym,Kids Play,Parking",46.2,7.3,2.2,31.11
PROP0287,Sobha Realty Al Reef Tower,DEV0006,Abu Dhabi,Abu Dhabi,Al Reef,South UAE,Townhouse,Premium,1BR,Ready,1828.7,3482150,1904.13,13,2020,False,True,DLD-NOC-318012,RERA-63262,"Pool,Gym,Kids Play,Parking",46.9,5.2,4.4,18.69
PROP0288,DAMAC Properties Arabian Ranches Heights,DEV0002,Dubai,Dubai,Arabian Ranches,South UAE,Townhouse,Mid-Market,1BR,Ready,660.6,727250,1100.91,17,2023,True,False,DLD-NOC-472406,RERA-91765,"Pool,Gym,Parking,Concierge,Spa",80.1,7.2,0.6,21.8
PROP0289,Object 1 Discovery Gardens Views,DEV0017,Dubai,Dubai,Discovery Gardens,South UAE,Townhouse,Mid-Market,5BR+,Off-Plan,2380.7,2589134,1087.57,17,2023,True,True,DLD-NOC-554941,RERA-96443,"Pool,Gym,Parking",78.7,5.6,4.3,13.79
PROP0290,Aldar Properties Dubai Creek Harbour Park,DEV0003,Dubai,Dubai,Dubai Creek Harbour,South UAE,Villa,Ultra-Luxury,2BR,Off-Plan,755.5,6366883,8427.16,78,2024,True,True,DLD-NOC-925439,RERA-35088,"Pool,Gym,Parking",94.1,6.8,2.7,27.02
PROP0291,Sobha Realty JVC Views,DEV0006,Dubai,Dubai,JVC,South UAE,Penthouse,Premium,1BR,Off-Plan,1048.6,1594818,1520.92,97,2020,True,False,DLD-NOC-846002,RERA-69774,"Pool,Gym,Parking",71.1,0.9,2.8,19.63
PROP0292,Aldar Properties Al Shamkha Gardens,DEV0003,Abu Dhabi,Abu Dhabi,Al Shamkha,South UAE,Plot,Premium,5BR+,Off-Plan,830.8,2270174,2732.58,317,2020,False,True,DLD-NOC-144959,RERA-56803,"Pool,Gym,Parking",93.8,6.3,1.9,26.52
PROP0293,Meydan Group Discovery Gardens Tower,DEV0020,Dubai,Dubai,Discovery Gardens,South UAE,Studio,Affordable,2BR,Ready,941.8,688080,730.57,26,2022,True,False,DLD-NOC-831097,RERA-57716,"Gym,Parking,BBQ Area",51.5,3.6,2.9,17.04
PROP0294,Aldar Properties Discovery Gardens Residences,DEV0003,Dubai,Dubai,Discovery Gardens,South UAE,Villa,Mid-Market,Studio,Off-Plan,3221.8,3535360,1097.34,336,2023,True,True,DLD-NOC-876905,RERA-67525,"Pool,Gym,Kids Play,Parking",70.6,1.3,1.8,16.55
PROP0295,Danube Properties Al Majaz Heights,DEV0008,Sharjah,Sharjah,Al Majaz,Central UAE,Plot,Mid-Market,3BR,Off-Plan,694.8,691612,995.35,49,2021,True,False,DLD-NOC-251946,RERA-37998,"Pool,Gym,Parking",61.6,0.6,3.8,26.16
PROP0296,Imtiaz Developments Saadiyat Island Residences,DEV0013,Abu Dhabi,Abu Dhabi,Saadiyat Island,South UAE,Apartment,Mid-Market,3BR,Off-Plan,1093.4,1320625,1207.77,244,2023,True,False,DLD-NOC-207441,RERA-82604,"Pool,Gym,Parking,Concierge,Spa",63.1,2.0,1.0,12.82
PROP0297,Nakheel Downtown Dubai Park,DEV0004,Dubai,Dubai,Downtown Dubai,South UAE,Commercial,Affordable,2BR,Ready,451.4,251294,556.66,32,2025,True,False,DLD-NOC-459158,RERA-51904,"Pool,Gym,Kids Play,Parking",92.0,3.8,1.0,18.93
PROP0298,Dubai Properties Al Barsha Gardens,DEV0019,Dubai,Dubai,Al Barsha,South UAE,Plot,Premium,2BR,Off-Plan,1184.5,3467948,2927.7,144,2023,True,True,DLD-NOC-532274,RERA-16188,"Pool,Gym,Parking",49.6,6.3,0.5,33.81
PROP0299,Danube Properties Dubai South Park,DEV0008,Dubai,Dubai,Dubai South,South UAE,Townhouse,Mid-Market,1BR,Off-Plan,2682.8,3560317,1327.08,21,2022,True,True,DLD-NOC-647517,RERA-39394,"Pool,Gym,Parking",40.8,3.3,0.9,19.1
PROP0300,Dubai Properties Al Nahda Heights,DEV0019,Sharjah,Sharjah,Al Nahda,Central UAE,Penthouse,Affordable,2BR,Ready,1724.2,1291723,749.15,32,2021,True,False,DLD-NOC-729185,RERA-87914,"Pool,Gym,Kids Play,Parking",50.0,1.3,4.0,33.43
PROP0301,Meydan Group Yas Acres Park,DEV0020,Abu Dhabi,Abu Dhabi,Yas Acres,South UAE,Townhouse,Affordable,5BR+,Off-Plan,4082.9,2838462,695.21,30,2019,True,True,DLD-NOC-602688,RERA-16456,"Gym,Parking,BBQ Area",70.6,2.1,3.9,19.88
PROP0302,DAMAC Properties Al Ghadeer Residences,DEV0002,Abu Dhabi,Abu Dhabi,Al Ghadeer,South UAE,Apartment,Mid-Market,Studio,Off-Plan,1511.1,1508808,998.47,127,2021,True,False,DLD-NOC-424829,RERA-95264,"Gym,Parking,BBQ Area",42.4,6.1,1.9,28.39
PROP0303,Meydan Group Hayat Island Park,DEV0020,Ras Al Khaimah,Ras Al Khaimah,Hayat Island,North UAE,Villa,Premium,2BR,Ready,2749.0,7522855,2736.56,23,2019,True,True,DLD-NOC-793723,RERA-88433,"Pool,Gym,Parking",77.3,3.6,4.4,15.95
PROP0304,Aldar Properties Masdar City Views,DEV0003,Abu Dhabi,Abu Dhabi,Masdar City,South UAE,Apartment,Premium,5BR+,Off-Plan,1549.7,3015150,1945.68,10,2022,True,True,DLD-NOC-371794,RERA-95915,"Gym,Parking,BBQ Area",75.9,7.6,3.6,23.35
PROP0305,Select Group DAMAC Hills Residences,DEV0014,Dubai,Dubai,DAMAC Hills,South UAE,Villa,Mid-Market,1BR,Off-Plan,4652.9,5626544,1209.27,69,2021,True,True,DLD-NOC-815145,RERA-95683,"Gym,Parking,BBQ Area",54.2,6.1,4.1,30.27
PROP0306,Dubai Properties Al Qasimia Residences,DEV0019,Sharjah,Sharjah,Al Qasimia,Central UAE,Apartment,Mid-Market,1BR,Ready,886.7,1211031,1365.71,29,2020,False,False,DLD-NOC-817923,RERA-47552,"Pool,Gym,Parking,Concierge,Spa",94.2,1.3,1.4,14.35
PROP0307,Dubai Properties Dubai Marina Heights,DEV0019,Dubai,Dubai,Dubai Marina,South UAE,Villa,Premium,3BR,Ready,2357.0,5533498,2347.71,118,2024,True,True,DLD-NOC-869941,RERA-23830,"Gym,Parking,BBQ Area",47.4,3.8,0.6,26.91
PROP0308,Object 1 Al Reem Island Tower,DEV0017,Abu Dhabi,Abu Dhabi,Al Reem Island,South UAE,Apartment,Mid-Market,2BR,Off-Plan,1047.0,1356801,1295.86,70,2023,False,False,DLD-NOC-641998,RERA-87147,"Pool,Gym,Kids Play,Parking",62.9,6.8,3.9,32.96
PROP0309,RAK Properties Yas Acres Tower,DEV0011,Abu Dhabi,Abu Dhabi,Yas Acres,South UAE,Villa,Ultra-Luxury,5BR+,Off-Plan,4607.1,80663528,17508.55,36,2024,False,True,DLD-NOC-942938,RERA-44861,"Pool,Gym,Parking,Concierge,Spa",56.8,1.9,0.7,15.28
PROP0310,Binghatti Al Reem Island Views,DEV0009,Abu Dhabi,Abu Dhabi,Al Reem Island,South UAE,Apartment,Mid-Market,4BR,Off-Plan,1245.0,1528533,1227.69,142,2024,True,False,DLD-NOC-541135,RERA-17882,"Pool,Gym,Parking,Concierge,Spa",40.5,7.5,4.1,28.59
PROP0311,Azizi Developments Yas Island Heights,DEV0007,Abu Dhabi,Abu Dhabi,Yas Island,South UAE,Villa,Mid-Market,1BR,Ready,2486.8,2584888,1039.45,183,2023,True,True,DLD-NOC-743163,RERA-30368,"Pool,Gym,Parking,Concierge,Spa",57.9,6.9,3.2,23.19
PROP0312,RAK Properties Saadiyat Island Park,DEV0011,Abu Dhabi,Abu Dhabi,Saadiyat Island,South UAE,Townhouse,Mid-Market,4BR,Ready,3540.0,4122207,1164.48,43,2025,True,True,DLD-NOC-747769,RERA-93168,"Pool,Gym,Parking",69.5,0.4,1.0,33.58
PROP0313,Danube Properties Palm Jumeirah Views,DEV0008,Dubai,Dubai,Palm Jumeirah,South UAE,Villa,Luxury,3BR,Off-Plan,4262.5,25627915,6012.45,111,2025,True,True,DLD-NOC-354078,RERA-60711,"Pool,Gym,Kids Play,Parking",52.5,5.7,2.4,20.88
PROP0314,Binghatti Dubai Creek Harbour Residences,DEV0009,Dubai,Dubai,Dubai Creek Harbour,South UAE,Plot,Affordable,4BR,Ready,1900.8,1558607,819.96,4,2024,True,False,DLD-NOC-386131,RERA-65212,"Pool,Gym,Parking",71.6,7.4,4.3,19.21
PROP0315,Imtiaz Developments Dubai Creek Harbour Residences,DEV0013,Dubai,Dubai,Dubai Creek Harbour,South UAE,Commercial,Luxury,1BR,Off-Plan,1242.1,7144253,5751.78,6,2021,True,True,DLD-NOC-207729,RERA-50657,"Pool,Gym,Parking,Concierge,Spa",80.2,5.2,3.0,27.92
PROP0316,Meraas Business Bay Views,DEV0005,Dubai,Dubai,Business Bay,South UAE,Plot,Luxury,3BR,Off-Plan,1976.3,11126189,5629.74,259,2024,True,True,DLD-NOC-435775,RERA-85329,"Pool,Gym,Parking",73.3,6.3,5.0,23.1
PROP0317,Ellington Properties Sports City Tower,DEV0010,Dubai,Dubai,Sports City,South UAE,Apartment,Premium,1BR,Ready,1069.8,2342242,2189.44,63,2025,True,True,DLD-NOC-938420,RERA-54324,"Pool,Gym,Parking,Concierge,Spa",60.3,1.3,3.4,16.8
PROP0318,Reportage Properties Ajman Corniche Park,DEV0015,Ajman,Ajman,Ajman Corniche,Central UAE,Apartment,Mid-Market,4BR,Off-Plan,457.9,419499,916.17,15,2025,True,False,DLD-NOC-803219,RERA-65145,"Gym,Parking,BBQ Area",74.4,2.3,1.7,15.92
PROP0319,RAK Properties Qidfa Tower,DEV0011,Fujairah,Fujairah,Qidfa,North UAE,Penthouse,Mid-Market,Studio,Ready,1779.0,1539431,865.34,5,2024,True,False,DLD-NOC-204403,RERA-10936,"Pool,Gym,Parking,Concierge,Spa",92.4,6.7,1.7,16.99
PROP0320,Aldar Properties Al Nahda Residences,DEV0003,Sharjah,Sharjah,Al Nahda,Central UAE,Penthouse,Mid-Market,3BR,Ready,530.9,686142,1292.44,167,2019,False,False,DLD-NOC-500477,RERA-10702,"Pool,Gym,Parking",45.1,2.6,1.0,24.62
PROP0321,Emaar Properties Yas Island Tower,DEV0001,Abu Dhabi,Abu Dhabi,Yas Island,South UAE,Apartment,Affordable,2BR,Off-Plan,1582.6,1303180,823.47,144,2023,True,False,DLD-NOC-886403,RERA-30183,"Pool,Gym,Kids Play,Parking",69.4,6.7,4.1,24.34
PROP0322,Reportage Properties Dubai Creek Harbour Park,DEV0015,Dubai,Dubai,Dubai Creek Harbour,South UAE,Apartment,Ultra-Luxury,1BR,Ready,1043.8,16735976,16033.62,178,2022,True,True,DLD-NOC-619020,RERA-72488,"Pool,Gym,Parking,Concierge,Spa",70.5,4.8,1.8,27.26
PROP0323,Meydan Group Meydan Heights,DEV0020,Dubai,Dubai,Meydan,South UAE,Apartment,Luxury,1BR,Ready,1430.1,9993428,6987.72,46,2023,True,True,DLD-NOC-966599,RERA-39085,"Pool,Gym,Parking",81.0,1.2,2.5,13.54
PROP0324,Dubai Properties Al Hamra Village Residences,DEV0019,Ras Al Khaimah,Ras Al Khaimah,Al Hamra Village,North UAE,Apartment,Mid-Market,5BR+,Off-Plan,1584.1,1673772,1056.58,66,2022,True,False,DLD-NOC-947602,RERA-35084,"Pool,Gym,Parking",87.1,3.6,3.6,23.12
PROP0325,Nakheel Arabian Ranches Heights,DEV0004,Dubai,Dubai,Arabian Ranches,South UAE,Villa,Luxury,2BR,Ready,959.5,3729556,3887.0,232,2021,True,True,DLD-NOC-739890,RERA-47015,"Pool,Gym,Parking,Concierge,Spa",61.9,4.4,1.9,15.89
PROP0326,Aldar Properties Arabian Ranches Residences,DEV0003,Dubai,Dubai,Arabian Ranches,South UAE,Villa,Mid-Market,5BR+,Off-Plan,3174.3,3073263,968.17,270,2022,True,True,DLD-NOC-781081,RERA-41783,"Pool,Gym,Parking,Concierge,Spa",78.9,6.9,2.3,28.74
PROP0327,Majid Al Futtaim Al Reef Park,DEV0018,Abu Dhabi,Abu Dhabi,Al Reef,South UAE,Studio,Mid-Market,2BR,Off-Plan,1106.8,1371015,1238.7,11,2022,True,False,DLD-NOC-910235,RERA-20463,"Pool,Gym,Kids Play,Parking",62.8,7.4,4.2,28.96
PROP0328,Azizi Developments Motor City Park,DEV0007,Dubai,Dubai,Motor City,South UAE,Penthouse,Premium,4BR,Off-Plan,575.8,1334585,2317.94,94,2023,True,False,DLD-NOC-240360,RERA-19311,"Pool,Gym,Parking",66.6,7.8,4.5,25.71
PROP0329,Object 1 Al Barsha Heights,DEV0017,Dubai,Dubai,Al Barsha,South UAE,Villa,Mid-Market,1BR,Off-Plan,1529.7,2025332,1323.97,60,2019,True,True,DLD-NOC-755895,RERA-90001,"Parking,Gym",82.0,2.2,0.8,13.42
PROP0330,Binghatti Dubai Creek Harbour Tower,DEV0009,Dubai,Dubai,Dubai Creek Harbour,South UAE,Apartment,Affordable,1BR,Ready,1378.1,689211,500.11,27,2019,True,False,DLD-NOC-642680,RERA-75489,"Pool,Gym,Parking",74.7,2.6,4.9,31.72
PROP0331,Meraas Yas Acres Park,DEV0005,Abu Dhabi,Abu Dhabi,Yas Acres,South UAE,Apartment,Mid-Market,Studio,Off-Plan,1025.4,878335,856.61,17,2021,True,False,DLD-NOC-142474,RERA-26539,"Pool,Gym,Kids Play,Parking",53.0,7.2,3.2,25.92
PROP0332,Tiger Properties Sports City Heights,DEV0012,Dubai,Dubai,Sports City,South UAE,Apartment,Mid-Market,1BR,Off-Plan,1497.5,1943688,1297.95,40,2019,True,False,DLD-NOC-571021,RERA-58477,"Pool,Gym,Kids Play,Parking",47.3,0.4,2.1,17.54
PROP0333,Aldar Properties Downtown Dubai Residences,DEV0003,Dubai,Dubai,Downtown Dubai,South UAE,Apartment,Mid-Market,Studio,Off-Plan,1453.2,1244015,856.05,62,2022,True,False,DLD-NOC-649679,RERA-36522,"Pool,Gym,Kids Play,Parking",59.0,6.8,1.5,32.38
PROP0334,Danube Properties Dubai South Views,DEV0008,Dubai,Dubai,Dubai South,South UAE,Apartment,Ultra-Luxury,2BR,Ready,519.2,5483057,10560.46,106,2019,True,True,DLD-NOC-719133,RERA-33599,"Parking,Gym",50.1,7.8,1.3,30.53
PROP0335,Tiger Properties Khalifa City Park,DEV0012,Abu Dhabi,Abu Dhabi,Khalifa City,South UAE,Apartment,Mid-Market,2BR,Off-Plan,1313.7,1179732,898.03,20,2023,True,False,DLD-NOC-203125,RERA-87064,"Pool,Gym,Parking,Concierge,Spa",94.5,6.1,4.1,31.09
PROP0336,Ellington Properties Downtown Dubai Heights,DEV0010,Dubai,Dubai,Downtown Dubai,South UAE,Penthouse,Mid-Market,3BR,Off-Plan,1387.4,1448261,1043.84,167,2019,True,False,DLD-NOC-976823,RERA-32523,"Parking,Gym",50.4,6.1,3.5,32.43
PROP0337,Sobha Realty Al Majaz Residences,DEV0006,Sharjah,Sharjah,Al Majaz,Central UAE,Apartment,Luxury,3BR,Ready,1907.0,6422153,3367.73,86,2024,True,True,DLD-NOC-764410,RERA-58169,"Pool,Gym,Parking,Concierge,Spa",62.7,4.5,2.1,15.07
PROP0338,Reportage Properties Dubai Hills Estate Heights,DEV0015,Dubai,Dubai,Dubai Hills Estate,South UAE,Apartment,Premium,2BR,Off-Plan,1103.0,2800826,2539.26,21,2025,True,True,DLD-NOC-782244,RERA-76728,"Parking,Gym",71.6,5.3,1.9,33.64
PROP0339,Majid Al Futtaim Downtown Dubai Heights,DEV0018,Dubai,Dubai,Downtown Dubai,South UAE,Apartment,Affordable,2BR,Off-Plan,839.0,315065,375.54,272,2022,True,False,DLD-NOC-608984,RERA-86783,"Pool,Gym,Kids Play,Parking",65.1,0.8,4.5,30.99
PROP0340,Ellington Properties JVC Tower,DEV0010,Dubai,Dubai,JVC,South UAE,Studio,Affordable,3BR,Off-Plan,1397.2,804649,575.88,23,2021,True,False,DLD-NOC-986997,RERA-70769,"Pool,Gym,Parking",49.7,0.3,4.9,18.58
PROP0341,Meydan Group Al Furjan Views,DEV0020,Dubai,Dubai,Al Furjan,South UAE,Apartment,Premium,4BR,Off-Plan,1424.0,3195806,2244.26,4,2022,True,True,DLD-NOC-926862,RERA-17281,"Pool,Gym,Parking",75.2,4.8,3.8,12.85
PROP0342,Object 1 JVC Heights,DEV0017,Dubai,Dubai,JVC,South UAE,Penthouse,Mid-Market,2BR,Off-Plan,1524.8,1424844,934.46,196,2025,True,False,DLD-NOC-904360,RERA-80741,"Pool,Gym,Kids Play,Parking",57.9,5.1,0.9,34.99
PROP0343,Emaar Properties Al Furjan Tower,DEV0001,Dubai,Dubai,Al Furjan,South UAE,Penthouse,Premium,2BR,Off-Plan,1872.6,3012780,1608.83,11,2025,True,True,DLD-NOC-237314,RERA-83932,"Parking,Gym",46.4,6.1,3.6,23.81
PROP0344,Majid Al Futtaim Al Shamkha Residences,DEV0018,Abu Dhabi,Abu Dhabi,Al Shamkha,South UAE,Apartment,Premium,Studio,Off-Plan,1088.8,2317753,2128.71,21,2021,False,True,DLD-NOC-253729,RERA-78229,"Pool,Gym,Parking",42.9,1.6,1.2,12.07
PROP0345,Ellington Properties Mina Al Arab Tower,DEV0010,Ras Al Khaimah,Ras Al Khaimah,Mina Al Arab,North UAE,Apartment,Premium,2BR,Off-Plan,1397.9,3284961,2350.01,40,2025,True,True,DLD-NOC-413441,RERA-56804,"Pool,Gym,Kids Play,Parking",93.0,6.6,4.0,14.53
PROP0346,Nakheel Corniche Park,DEV0004,Abu Dhabi,Abu Dhabi,Corniche,South UAE,Plot,Premium,3BR,Ready,1750.5,2700546,1542.71,103,2019,True,True,DLD-NOC-373192,RERA-89212,"Pool,Gym,Kids Play,Parking",70.0,6.6,2.6,29.65
PROP0347,Meraas Al Furjan Residences,DEV0005,Dubai,Dubai,Al Furjan,South UAE,Plot,Premium,1BR,Ready,1689.2,3945302,2335.57,13,2025,True,True,DLD-NOC-874610,RERA-94627,"Pool,Gym,Parking,Concierge,Spa",88.9,4.9,4.1,16.69
PROP0348,Binghatti Meydan Park,DEV0009,Dubai,Dubai,Meydan,South UAE,Villa,Luxury,3BR,Ready,881.5,5708760,6476.37,35,2019,True,True,DLD-NOC-842830,RERA-73921,"Pool,Gym,Kids Play,Parking",58.9,5.2,2.3,29.22
PROP0349,Nakheel Dubai Hills Estate Gardens,DEV0004,Dubai,Dubai,Dubai Hills Estate,South UAE,Townhouse,Affordable,2BR,Ready,3833.7,3225867,841.46,54,2024,True,True,DLD-NOC-389796,RERA-41666,"Pool,Gym,Kids Play,Parking",45.9,5.3,1.4,15.94
PROP0350,Nakheel Motor City Tower,DEV0004,Dubai,Dubai,Motor City,South UAE,Villa,Premium,Studio,Ready,3028.1,7804762,2577.47,257,2023,True,True,DLD-NOC-508621,RERA-97434,"Gym,Parking,BBQ Area",58.2,3.5,4.8,30.63
PROP0351,Majid Al Futtaim Al Ghadeer Views,DEV0018,Abu Dhabi,Abu Dhabi,Al Ghadeer,South UAE,Apartment,Mid-Market,1BR,Ready,1310.7,1595896,1217.59,116,2023,True,False,DLD-NOC-669237,RERA-40237,"Pool,Gym,Parking",59.4,2.6,3.4,24.0
PROP0352,Meraas Al Raha Beach Gardens,DEV0005,Abu Dhabi,Abu Dhabi,Al Raha Beach,South UAE,Penthouse,Mid-Market,4BR,Off-Plan,1589.3,2127944,1338.92,318,2024,False,True,DLD-NOC-230496,RERA-60819,"Pool,Gym,Parking",42.4,0.9,4.1,20.37
PROP0353,Binghatti Al Khan Views,DEV0009,Sharjah,Sharjah,Al Khan,Central UAE,Commercial,Premium,2BR,Ready,744.0,1450250,1949.36,58,2019,True,False,DLD-NOC-367915,RERA-37844,"Pool,Gym,Kids Play,Parking",77.8,0.4,0.9,16.22
PROP0354,Ellington Properties Meydan Heights,DEV0010,Dubai,Dubai,Meydan,South UAE,Apartment,Luxury,3BR,Off-Plan,1183.0,6025739,5093.78,133,2022,True,True,DLD-NOC-260285,RERA-78697,"Pool,Gym,Parking",40.4,1.7,0.8,28.6
PROP0355,Meydan Group Saadiyat Island Park,DEV0020,Abu Dhabi,Abu Dhabi,Saadiyat Island,South UAE,Apartment,Mid-Market,3BR,Off-Plan,1963.4,2308277,1175.64,61,2023,True,True,DLD-NOC-174679,RERA-68628,"Pool,Gym,Parking",54.5,6.7,0.7,32.76
PROP0356,Azizi Developments JBR Gardens,DEV0007,Dubai,Dubai,JBR,South UAE,Apartment,Premium,2BR,Ready,1658.1,4800022,2894.89,88,2019,True,True,DLD-NOC-665553,RERA-79972,"Pool,Gym,Kids Play,Parking",84.4,6.1,4.1,34.32
PROP0357,RAK Properties Al Raha Beach Gardens,DEV0011,Abu Dhabi,Abu Dhabi,Al Raha Beach,South UAE,Villa,Mid-Market,2BR,Off-Plan,2972.0,3720423,1251.84,33,2020,True,True,DLD-NOC-817392,RERA-24667,"Parking,Gym",76.6,3.0,0.9,20.8
PROP0358,Azizi Developments Palm Jumeirah Gardens,DEV0007,Dubai,Dubai,Palm Jumeirah,South UAE,Villa,Mid-Market,2BR,Off-Plan,2683.3,2669030,994.68,21,2023,True,True,DLD-NOC-623146,RERA-86933,"Pool,Gym,Parking",69.5,2.9,2.0,14.85
PROP0359,Binghatti Al Shamkha Tower,DEV0009,Abu Dhabi,Abu Dhabi,Al Shamkha,South UAE,Apartment,Mid-Market,2BR,Off-Plan,898.7,1097255,1221.0,55,2024,True,False,DLD-NOC-581542,RERA-66937,"Pool,Gym,Parking",50.4,4.6,3.5,28.62
PROP0360,Object 1 Dubai South Views,DEV0017,Dubai,Dubai,Dubai South,South UAE,Apartment,Mid-Market,2BR,Ready,916.6,1125220,1227.64,33,2024,True,False,DLD-NOC-942220,RERA-20979,"Pool,Gym,Parking",51.7,2.6,4.0,33.13
PROP0361,Samana Developers Dubai Marina Heights,DEV0016,Dubai,Dubai,Dubai Marina,South UAE,Apartment,Luxury,1BR,Ready,492.9,1752828,3556.04,96,2019,True,False,DLD-NOC-939368,RERA-27739,"Gym,Parking,BBQ Area",58.6,7.5,2.3,21.9
PROP0362,Binghatti Al Dhait Residences,DEV0009,Ras Al Khaimah,Ras Al Khaimah,Al Dhait,North UAE,Apartment,Affordable,2BR,Off-Plan,1190.2,870976,731.79,332,2024,True,False,DLD-NOC-106005,RERA-29272,"Pool,Gym,Parking",47.1,7.0,2.4,21.24
PROP0363,DAMAC Properties Dubai Creek Harbour Views,DEV0002,Dubai,Dubai,Dubai Creek Harbour,South UAE,Townhouse,Premium,1BR,Off-Plan,2463.0,5819702,2362.87,37,2019,True,True,DLD-NOC-202240,RERA-45956,"Pool,Gym,Parking,Concierge,Spa",75.6,1.1,3.3,20.82
PROP0364,Aldar Properties Al Shamkha Views,DEV0003,Abu Dhabi,Abu Dhabi,Al Shamkha,South UAE,Apartment,Premium,Studio,Ready,587.1,945552,1610.64,65,2022,False,False,DLD-NOC-955128,RERA-87012,"Parking,Gym",43.8,6.7,4.9,33.05
PROP0365,Select Group Meydan Park,DEV0014,Dubai,Dubai,Meydan,South UAE,Apartment,Mid-Market,Studio,Ready,780.7,955043,1223.29,122,2023,True,False,DLD-NOC-199381,RERA-48005,"Pool,Gym,Kids Play,Parking",47.1,4.7,3.7,13.79
PROP0366,Binghatti Motor City Gardens,DEV0009,Dubai,Dubai,Motor City,South UAE,Apartment,Mid-Market,Studio,Ready,783.1,1054400,1346.53,21,2023,True,False,DLD-NOC-888659,RERA-50193,"Pool,Gym,Parking,Concierge,Spa",59.2,6.7,3.5,16.06
PROP0367,DAMAC Properties Sports City Tower,DEV0002,Dubai,Dubai,Sports City,South UAE,Apartment,Mid-Market,1BR,Ready,1060.2,1467795,1384.44,112,2021,True,False,DLD-NOC-666580,RERA-29892,"Pool,Gym,Parking",89.3,6.7,4.7,28.59
PROP0368,Emaar Properties Al Dhait Views,DEV0001,Ras Al Khaimah,Ras Al Khaimah,Al Dhait,North UAE,Commercial,Mid-Market,2BR,Off-Plan,766.6,887812,1158.14,52,2023,True,False,DLD-NOC-125489,RERA-78179,"Pool,Gym,Parking",87.0,6.2,0.9,20.35
PROP0369,RAK Properties Al Shamkha Residences,DEV0011,Abu Dhabi,Abu Dhabi,Al Shamkha,South UAE,Villa,Affordable,1BR,Off-Plan,868.4,302020,347.8,21,2020,False,False,DLD-NOC-672581,RERA-12679,"Pool,Gym,Parking,Concierge,Spa",74.8,0.5,4.9,12.04
PROP0370,Meraas Qidfa Park,DEV0005,Fujairah,Fujairah,Qidfa,North UAE,Apartment,Affordable,2BR,Ready,787.9,314216,398.8,122,2020,False,False,DLD-NOC-879142,RERA-58398,"Pool,Gym,Kids Play,Parking",58.0,6.1,2.2,14.32
PROP0371,Binghatti Al Jurf Residences,DEV0009,Ajman,Ajman,Al Jurf,Central UAE,Villa,Affordable,1BR,Ready,3675.7,1489686,405.28,172,2023,False,False,DLD-NOC-443241,RERA-79939,"Parking,Gym",90.8,2.2,2.8,19.7
PROP0372,Sobha Realty Discovery Gardens Residences,DEV0006,Dubai,Dubai,Discovery Gardens,South UAE,Villa,Mid-Market,3BR,Ready,4325.4,4985294,1152.58,26,2022,True,True,DLD-NOC-961331,RERA-96827,"Parking,Gym",56.1,5.8,4.6,14.09
PROP0373,Reportage Properties Dubai South Residences,DEV0015,Dubai,Dubai,Dubai South,South UAE,Apartment,Affordable,2BR,Ready,1311.5,864784,659.39,102,2019,True,False,DLD-NOC-303086,RERA-54801,"Pool,Gym,Kids Play,Parking",55.7,0.3,1.3,22.16
PROP0374,Majid Al Futtaim Al Hamra Village Park,DEV0018,Ras Al Khaimah,Ras Al Khaimah,Al Hamra Village,North UAE,Apartment,Mid-Market,3BR,Off-Plan,1674.2,1863156,1112.86,116,2025,True,False,DLD-NOC-386837,RERA-76174,"Pool,Gym,Parking",44.8,7.0,4.4,14.03
PROP0375,Select Group Fujairah City Heights,DEV0014,Fujairah,Fujairah,Fujairah City,North UAE,Townhouse,Affordable,4BR,Off-Plan,1302.4,826351,634.49,75,2020,True,False,DLD-NOC-552583,RERA-51896,"Pool,Gym,Kids Play,Parking",75.2,1.2,4.3,30.25
PROP0376,Majid Al Futtaim Dubai Creek Harbour Residences,DEV0018,Dubai,Dubai,Dubai Creek Harbour,South UAE,Plot,Affordable,4BR,Ready,1338.3,836982,625.41,20,2023,True,False,DLD-NOC-642989,RERA-28352,"Gym,Parking,BBQ Area",89.4,7.0,3.8,33.47
PROP0377,Emaar Properties Al Taawun Views,DEV0001,Sharjah,Sharjah,Al Taawun,Central UAE,Apartment,Premium,3BR,Off-Plan,704.5,1066671,1514.16,21,2019,False,False,DLD-NOC-540338,RERA-27807,"Pool,Gym,Parking",74.3,6.3,0.5,13.23
PROP0378,Nakheel Dubai Marina Residences,DEV0004,Dubai,Dubai,Dubai Marina,South UAE,Villa,Luxury,1BR,Off-Plan,1435.3,7220415,5030.71,120,2021,True,True,DLD-NOC-643728,RERA-56150,"Parking,Gym",88.9,3.8,0.7,26.29
PROP0379,Aldar Properties Dubai South Residences,DEV0003,Dubai,Dubai,Dubai South,South UAE,Apartment,Mid-Market,1BR,Ready,902.2,1026505,1137.74,19,2025,True,False,DLD-NOC-587701,RERA-56262,"Pool,Gym,Parking",71.3,1.8,4.5,19.74
PROP0380,Meraas JVC Gardens,DEV0005,Dubai,Dubai,JVC,South UAE,Apartment,Affordable,2BR,Ready,1744.0,1121899,643.3,154,2025,True,False,DLD-NOC-740588,RERA-46340,"Pool,Gym,Parking,Concierge,Spa",72.6,4.9,1.0,31.99
PROP0381,Majid Al Futtaim Discovery Gardens Tower,DEV0018,Dubai,Dubai,Discovery Gardens,South UAE,Studio,Premium,2BR,Off-Plan,761.1,1527431,2006.85,11,2025,True,False,DLD-NOC-268438,RERA-81238,"Pool,Gym,Parking",74.4,2.7,0.8,16.11
PROP0382,DAMAC Properties Saadiyat Island Park,DEV0002,Abu Dhabi,Abu Dhabi,Saadiyat Island,South UAE,Villa,Mid-Market,1BR,Off-Plan,1746.6,2331496,1334.87,14,2021,False,True,DLD-NOC-368137,RERA-46517,"Gym,Parking,BBQ Area",44.5,7.9,2.4,18.34
PROP0383,Tiger Properties JVC Heights,DEV0012,Dubai,Dubai,JVC,South UAE,Apartment,Mid-Market,4BR,Off-Plan,909.9,907221,997.09,188,2024,True,False,DLD-NOC-397799,RERA-40188,"Gym,Parking,BBQ Area",65.6,0.6,2.8,18.83
PROP0384,Dubai Properties Muwaileh Gardens,DEV0019,Sharjah,Sharjah,Muwaileh,Central UAE,Villa,Mid-Market,2BR,Off-Plan,1950.5,2702939,1385.79,183,2024,True,True,DLD-NOC-958444,RERA-12159,"Parking,Gym",49.5,5.4,3.2,14.72
PROP0385,Majid Al Futtaim Al Khan Park,DEV0018,Sharjah,Sharjah,Al Khan,Central UAE,Townhouse,Luxury,Studio,Off-Plan,3411.5,23169001,6791.41,72,2019,True,True,DLD-NOC-377284,RERA-31513,"Parking,Gym",77.2,2.2,2.4,14.84
PROP0386,Meraas Downtown Dubai Heights,DEV0005,Dubai,Dubai,Downtown Dubai,South UAE,Commercial,Affordable,2BR,Off-Plan,1668.4,941576,564.36,43,2020,True,False,DLD-NOC-767890,RERA-90942,"Pool,Gym,Parking",53.1,0.4,1.6,15.47
PROP0387,Select Group MBR City Park,DEV0014,Dubai,Dubai,MBR City,South UAE,Apartment,Luxury,Studio,Ready,1920.9,9686435,5042.71,11,2021,True,True,DLD-NOC-473348,RERA-54115,"Gym,Parking,BBQ Area",87.4,7.7,2.4,28.56
PROP0388,Meraas Arabian Ranches Views,DEV0005,Dubai,Dubai,Arabian Ranches,South UAE,Apartment,Affordable,2BR,Ready,1758.2,1492450,848.85,31,2025,True,False,DLD-NOC-818156,RERA-30708,"Gym,Parking,BBQ Area",84.3,6.5,2.2,25.42
PROP0389,DAMAC Properties Muwaileh Views,DEV0002,Sharjah,Sharjah,Muwaileh,Central UAE,Penthouse,Premium,4BR,Ready,1544.9,3253414,2105.87,114,2022,False,True,DLD-NOC-145122,RERA-51060,"Pool,Gym,Parking",63.9,6.0,2.6,15.12
PROP0390,Ellington Properties JVC Views,DEV0010,Dubai,Dubai,JVC,South UAE,Commercial,Premium,2BR,Ready,1197.0,3168738,2647.17,12,2021,True,True,DLD-NOC-343038,RERA-23232,"Pool,Gym,Kids Play,Parking",62.1,1.6,1.5,28.95
PROP0391,Tiger Properties Palm Jumeirah Heights,DEV0012,Dubai,Dubai,Palm Jumeirah,South UAE,Apartment,Affordable,2BR,Off-Plan,1910.8,784638,410.63,92,2022,True,False,DLD-NOC-115447,RERA-25613,"Parking,Gym",48.8,6.4,4.4,24.22
PROP0392,DAMAC Properties JBR Heights,DEV0002,Dubai,Dubai,JBR,South UAE,Apartment,Ultra-Luxury,1BR,Off-Plan,924.1,15670836,16958.33,62,2024,True,True,DLD-NOC-267066,RERA-48072,"Pool,Gym,Parking",93.5,6.9,1.4,24.45
PROP0393,Tiger Properties Arabian Ranches Gardens,DEV0012,Dubai,Dubai,Arabian Ranches,South UAE,Villa,Affordable,2BR,Ready,3393.1,1208732,356.24,19,2019,True,False,DLD-NOC-637908,RERA-69625,"Pool,Gym,Parking,Concierge,Spa",48.6,4.6,2.1,12.53
PROP0394,Azizi Developments Corniche Heights,DEV0007,Abu Dhabi,Abu Dhabi,Corniche,South UAE,Apartment,Premium,2BR,Off-Plan,562.8,1407346,2500.7,17,2020,True,False,DLD-NOC-960777,RERA-78886,"Parking,Gym",55.0,3.3,4.0,25.18
PROP0395,Danube Properties Al Yarmook Gardens,DEV0008,Sharjah,Sharjah,Al Yarmook,Central UAE,Penthouse,Premium,5BR+,Off-Plan,1783.3,4033665,2261.85,57,2025,False,True,DLD-NOC-105208,RERA-86731,"Pool,Gym,Parking",81.4,4.2,0.8,12.78
PROP0396,Nakheel Muwaileh Heights,DEV0004,Sharjah,Sharjah,Muwaileh,Central UAE,Apartment,Affordable,2BR,Off-Plan,511.9,384824,751.73,108,2022,True,False,DLD-NOC-356767,RERA-86979,"Parking,Gym",53.8,4.8,0.7,13.19
PROP0397,Tiger Properties Al Majaz Gardens,DEV0012,Sharjah,Sharjah,Al Majaz,Central UAE,Apartment,Premium,4BR,Off-Plan,992.7,2050629,2065.78,52,2025,True,True,DLD-NOC-853997,RERA-13203,"Pool,Gym,Parking",82.9,7.1,3.9,24.32
PROP0398,Majid Al Futtaim Mirbah Heights,DEV0018,Fujairah,Fujairah,Mirbah,North UAE,Apartment,Mid-Market,2BR,Ready,530.0,675197,1274.0,9,2023,False,False,DLD-NOC-803085,RERA-19377,"Pool,Gym,Parking,Concierge,Spa",88.0,4.9,1.7,29.16
PROP0399,Select Group Al Raha Beach Park,DEV0014,Abu Dhabi,Abu Dhabi,Al Raha Beach,South UAE,Townhouse,Mid-Market,2BR,Off-Plan,2877.6,2564673,891.24,45,2024,True,True,DLD-NOC-377054,RERA-19659,"Pool,Gym,Parking",57.0,1.2,4.8,12.97
PROP0400,Meydan Group Yas Acres Tower,DEV0020,Abu Dhabi,Abu Dhabi,Yas Acres,South UAE,Townhouse,Affordable,1BR,Off-Plan,3477.6,2168772,623.65,117,2022,False,True,DLD-NOC-907766,RERA-37224,"Pool,Gym,Parking,Concierge,Spa",87.9,3.4,3.3,21.31
PROP0401,Meraas Dubai Hills Estate Residences,DEV0005,Dubai,Dubai,Dubai Hills Estate,South UAE,Villa,Mid-Market,2BR,Off-Plan,690.9,920867,1332.92,20,2023,True,False,DLD-NOC-118467,RERA-63919,"Pool,Gym,Kids Play,Parking",46.0,7.1,3.9,13.41
PROP0402,Danube Properties Ajman Corniche Tower,DEV0008,Ajman,Ajman,Ajman Corniche,Central UAE,Apartment,Affordable,1BR,Off-Plan,533.0,320561,601.38,60,2022,True,False,DLD-NOC-763999,RERA-94647,"Pool,Gym,Kids Play,Parking",93.3,1.0,3.8,12.17
PROP0403,Sobha Realty Al Marjan Island Gardens,DEV0006,Ras Al Khaimah,Ras Al Khaimah,Al Marjan Island,North UAE,Townhouse,Affordable,4BR,Ready,3433.6,2916143,849.3,60,2024,True,True,DLD-NOC-440517,RERA-42502,"Pool,Gym,Parking,Concierge,Spa",41.8,3.0,2.7,12.25
PROP0404,Sobha Realty Al Rashidiya Tower,DEV0006,Ajman,Ajman,Al Rashidiya,Central UAE,Apartment,Affordable,2BR,Off-Plan,1294.4,557890,431.02,210,2025,True,False,DLD-NOC-475592,RERA-13145,"Pool,Gym,Parking",89.4,3.3,3.7,34.19
PROP0405,Select Group Mina Al Arab Tower,DEV0014,Ras Al Khaimah,Ras Al Khaimah,Mina Al Arab,North UAE,Townhouse,Premium,5BR+,Ready,4973.9,11892671,2391.04,85,2022,True,True,DLD-NOC-829207,RERA-73079,"Pool,Gym,Kids Play,Parking",81.6,6.5,3.4,25.32
PROP0406,Emaar Properties Al Shamkha Views,DEV0001,Abu Dhabi,Abu Dhabi,Al Shamkha,South UAE,Villa,Premium,5BR+,Ready,3159.0,5423281,1716.78,236,2021,True,True,DLD-NOC-432004,RERA-55989,"Parking,Gym",43.3,1.4,3.3,16.59
PROP0407,Sobha Realty Al Khan Residences,DEV0006,Sharjah,Sharjah,Al Khan,Central UAE,Villa,Premium,1BR,Ready,4933.5,10432175,2114.55,49,2025,False,True,DLD-NOC-891976,RERA-60653,"Gym,Parking,BBQ Area",47.9,1.3,4.9,13.84
PROP0408,RAK Properties Dubai Marina Park,DEV0011,Dubai,Dubai,Dubai Marina,South UAE,Studio,Affordable,2BR,Off-Plan,1841.4,1397221,758.79,23,2019,True,False,DLD-NOC-460592,RERA-66777,"Pool,Gym,Kids Play,Parking",66.9,8.0,1.3,31.51
PROP0409,Select Group Dubai Creek Harbour Views,DEV0014,Dubai,Dubai,Dubai Creek Harbour,South UAE,Apartment,Premium,4BR,Off-Plan,628.5,1031393,1641.15,24,2024,True,False,DLD-NOC-362552,RERA-64101,"Gym,Parking,BBQ Area",67.3,2.7,1.8,16.92
PROP0410,Danube Properties Corniche Heights,DEV0008,Abu Dhabi,Abu Dhabi,Corniche,South UAE,Studio,Mid-Market,2BR,Ready,1305.3,1823386,1396.91,25,2021,False,False,DLD-NOC-845049,RERA-97421,"Pool,Gym,Kids Play,Parking",44.0,5.0,2.4,31.61
PROP0411,Binghatti Al Dhait Park,DEV0009,Ras Al Khaimah,Ras Al Khaimah,Al Dhait,North UAE,Apartment,Premium,2BR,Ready,1701.0,4331897,2546.69,86,2021,True,True,DLD-NOC-249411,RERA-27013,"Pool,Gym,Parking",46.7,7.0,3.6,23.79
PROP0412,Sobha Realty Dubai Creek Harbour Park,DEV0006,Dubai,Dubai,Dubai Creek Harbour,South UAE,Townhouse,Mid-Market,1BR,Ready,1199.1,1174014,979.11,9,2025,True,False,DLD-NOC-124381,RERA-72926,"Pool,Gym,Kids Play,Parking",45.9,1.6,1.1,13.45
PROP0413,Nakheel Al Qasimia Gardens,DEV0004,Sharjah,Sharjah,Al Qasimia,Central UAE,Apartment,Luxury,Studio,Off-Plan,538.7,2577635,4784.76,92,2020,False,True,DLD-NOC-864234,RERA-91829,"Pool,Gym,Parking,Concierge,Spa",44.6,8.0,4.5,29.37
PROP0414,Imtiaz Developments Emirates City Residences,DEV0013,Ajman,Ajman,Emirates City,Central UAE,Penthouse,Affordable,2BR,Ready,625.2,348834,557.93,116,2024,True,False,DLD-NOC-110818,RERA-65216,"Pool,Gym,Kids Play,Parking",44.0,4.4,3.2,34.5
PROP0415,DAMAC Properties Al Marjan Island Residences,DEV0002,Ras Al Khaimah,Ras Al Khaimah,Al Marjan Island,North UAE,Apartment,Affordable,4BR,Ready,1200.9,654186,544.74,201,2025,True,False,DLD-NOC-696912,RERA-54455,"Pool,Gym,Kids Play,Parking",73.2,2.1,0.6,29.05
PROP0416,Samana Developers Al Shamkha Residences,DEV0016,Abu Dhabi,Abu Dhabi,Al Shamkha,South UAE,Commercial,Affordable,1BR,Off-Plan,878.4,472551,537.94,175,2021,True,False,DLD-NOC-658006,RERA-32437,"Gym,Parking,BBQ Area",86.0,7.3,3.8,24.77
PROP0417,Danube Properties Saadiyat Island Park,DEV0008,Abu Dhabi,Abu Dhabi,Saadiyat Island,South UAE,Apartment,Mid-Market,3BR,Ready,1895.2,2118143,1117.67,202,2023,False,True,DLD-NOC-955072,RERA-69162,"Pool,Gym,Parking,Concierge,Spa",80.4,0.3,1.7,15.38
PROP0418,Azizi Developments Masdar City Residences,DEV0007,Abu Dhabi,Abu Dhabi,Masdar City,South UAE,Commercial,Luxury,3BR,Ready,1092.6,6649102,6085.49,19,2019,False,True,DLD-NOC-572976,RERA-33933,"Pool,Gym,Kids Play,Parking",55.8,3.0,4.4,27.09
PROP0419,Reportage Properties Emirates City Views,DEV0015,Ajman,Ajman,Emirates City,Central UAE,Studio,Mid-Market,2BR,Off-Plan,1470.7,2040168,1387.25,41,2024,False,True,DLD-NOC-970437,RERA-39010,"Parking,Gym",84.3,4.2,4.0,13.95
PROP0420,Tiger Properties JVC Tower,DEV0012,Dubai,Dubai,JVC,South UAE,Studio,Premium,3BR,Ready,1429.4,4082438,2855.99,48,2020,True,True,DLD-NOC-731321,RERA-95710,"Pool,Gym,Kids Play,Parking",78.4,6.4,1.2,28.3
PROP0421,Ellington Properties Al Raha Beach Views,DEV0010,Abu Dhabi,Abu Dhabi,Al Raha Beach,South UAE,Commercial,Mid-Market,2BR,Ready,704.7,705882,1001.67,161,2022,False,False,DLD-NOC-690399,RERA-30327,"Pool,Gym,Parking",65.0,1.3,2.4,24.75
PROP0422,Danube Properties Al Yarmook Views,DEV0008,Sharjah,Sharjah,Al Yarmook,Central UAE,Apartment,Mid-Market,5BR+,Ready,1556.9,1652349,1061.33,102,2023,True,False,DLD-NOC-526806,RERA-28545,"Pool,Gym,Parking",55.9,7.9,1.4,32.49
PROP0423,Danube Properties Yas Acres Gardens,DEV0008,Abu Dhabi,Abu Dhabi,Yas Acres,South UAE,Villa,Premium,1BR,Off-Plan,3046.8,4771435,1566.06,118,2022,False,True,DLD-NOC-802651,RERA-92147,"Gym,Parking,BBQ Area",41.3,0.3,4.4,23.39
PROP0424,Emaar Properties Al Reem Island Views,DEV0001,Abu Dhabi,Abu Dhabi,Al Reem Island,South UAE,Apartment,Premium,1BR,Off-Plan,573.5,913815,1593.32,8,2023,True,False,DLD-NOC-964402,RERA-11849,"Gym,Parking,BBQ Area",55.9,0.3,1.4,18.85
PROP0425,Azizi Developments Al Yarmook Gardens,DEV0007,Sharjah,Sharjah,Al Yarmook,Central UAE,Villa,Luxury,1BR,Off-Plan,4120.6,14915277,3619.65,162,2025,False,True,DLD-NOC-338956,RERA-86242,"Pool,Gym,Kids Play,Parking",77.9,2.7,2.3,33.35
PROP0426,Imtiaz Developments Al Reem Island Tower,DEV0013,Abu Dhabi,Abu Dhabi,Al Reem Island,South UAE,Plot,Mid-Market,3BR,Off-Plan,1147.4,1173362,1022.67,138,2019,True,False,DLD-NOC-310369,RERA-68270,"Pool,Gym,Kids Play,Parking",47.7,1.0,0.7,12.41
PROP0427,RAK Properties Dubai South Park,DEV0011,Dubai,Dubai,Dubai South,South UAE,Apartment,Mid-Market,2BR,Ready,1394.1,2061722,1478.9,8,2023,True,True,DLD-NOC-288381,RERA-56879,"Pool,Gym,Parking,Concierge,Spa",69.5,2.3,4.3,25.43
PROP0428,Binghatti MBR City Residences,DEV0009,Dubai,Dubai,MBR City,South UAE,Apartment,Affordable,1BR,Off-Plan,566.8,269358,475.19,151,2021,True,False,DLD-NOC-657665,RERA-76980,"Pool,Gym,Kids Play,Parking",65.1,2.4,1.6,22.38
PROP0429,Aldar Properties Ajman Corniche Views,DEV0003,Ajman,Ajman,Ajman Corniche,Central UAE,Apartment,Luxury,1BR,Off-Plan,1988.9,6823427,3430.78,25,2021,True,True,DLD-NOC-326843,RERA-99623,"Pool,Gym,Parking",51.2,7.1,2.4,17.66
PROP0430,Binghatti Al Jurf Tower,DEV0009,Ajman,Ajman,Al Jurf,Central UAE,Apartment,Mid-Market,3BR,Off-Plan,1555.9,1947544,1251.72,24,2024,True,False,DLD-NOC-171763,RERA-72213,"Parking,Gym",53.3,7.0,2.5,18.16
PROP0431,Tiger Properties Meydan Park,DEV0012,Dubai,Dubai,Meydan,South UAE,Studio,Mid-Market,1BR,Ready,1639.6,1891665,1153.74,32,2022,True,False,DLD-NOC-172230,RERA-62598,"Pool,Gym,Parking,Concierge,Spa",62.1,1.6,1.0,31.33
PROP0432,Object 1 MBR City Tower,DEV0017,Dubai,Dubai,MBR City,South UAE,Apartment,Mid-Market,2BR,Ready,1948.8,1932442,991.59,65,2022,True,False,DLD-NOC-471273,RERA-26263,"Parking,Gym",78.4,1.3,4.3,25.65
PROP0433,Imtiaz Developments Palm Jumeirah Tower,DEV0013,Dubai,Dubai,Palm Jumeirah,South UAE,Apartment,Premium,2BR,Off-Plan,991.1,1569107,1583.24,15,2025,True,False,DLD-NOC-801607,RERA-30264,"Pool,Gym,Parking",53.1,3.7,3.4,15.7
PROP0434,Majid Al Futtaim Qidfa Tower,DEV0018,Fujairah,Fujairah,Qidfa,North UAE,Villa,Ultra-Luxury,1BR,Ready,3256.3,32999557,10134.12,11,2023,False,True,DLD-NOC-153174,RERA-45190,"Parking,Gym",85.4,0.7,0.9,33.87
PROP0435,RAK Properties Palm Jumeirah Gardens,DEV0011,Dubai,Dubai,Palm Jumeirah,South UAE,Penthouse,Luxury,1BR,Ready,1841.6,7208417,3914.17,16,2020,True,True,DLD-NOC-776564,RERA-52078,"Parking,Gym",61.2,2.5,3.7,33.72
PROP0436,Emaar Properties DAMAC Hills Park,DEV0001,Dubai,Dubai,DAMAC Hills,South UAE,Townhouse,Luxury,3BR,Off-Plan,3298.1,11115259,3370.2,144,2021,True,True,DLD-NOC-480773,RERA-94293,"Parking,Gym",70.5,5.2,1.8,22.94
PROP0437,Nakheel Motor City Tower,DEV0004,Dubai,Dubai,Motor City,South UAE,Villa,Affordable,3BR,Off-Plan,4975.4,3281320,659.51,69,2022,True,True,DLD-NOC-129265,RERA-66670,"Pool,Gym,Parking",70.3,4.9,0.5,33.04
PROP0438,Binghatti Dubai Hills Estate Views,DEV0009,Dubai,Dubai,Dubai Hills Estate,South UAE,Townhouse,Affordable,1BR,Ready,3228.7,2718111,841.86,21,2025,True,True,DLD-NOC-428249,RERA-30383,"Pool,Gym,Parking,Concierge,Spa",47.2,2.0,4.9,22.23
PROP0439,Sobha Realty Al Yarmook Gardens,DEV0006,Sharjah,Sharjah,Al Yarmook,Central UAE,Villa,Luxury,1BR,Off-Plan,3195.6,16240134,5082.08,87,2020,False,True,DLD-NOC-425234,RERA-10943,"Pool,Gym,Kids Play,Parking",60.0,1.7,2.2,16.48
PROP0440,Dubai Properties Dubai Marina Views,DEV0019,Dubai,Dubai,Dubai Marina,South UAE,Villa,Mid-Market,1BR,Off-Plan,1975.9,2847395,1441.03,191,2021,True,True,DLD-NOC-604237,RERA-82290,"Pool,Gym,Parking",82.5,2.9,4.7,30.28
PROP0441,Binghatti Al Khan Tower,DEV0009,Sharjah,Sharjah,Al Khan,Central UAE,Plot,Mid-Market,2BR,Ready,564.3,723286,1281.85,28,2022,False,False,DLD-NOC-738313,RERA-15475,"Pool,Gym,Parking,Concierge,Spa",61.5,2.6,1.4,34.2
PROP0442,DAMAC Properties Discovery Gardens Park,DEV0002,Dubai,Dubai,Discovery Gardens,South UAE,Commercial,Ultra-Luxury,Studio,Ready,687.2,9920196,14436.62,7,2021,True,True,DLD-NOC-722365,RERA-67514,"Pool,Gym,Parking",90.6,6.5,0.8,21.67
PROP0443,Nakheel Khalifa City Heights,DEV0004,Abu Dhabi,Abu Dhabi,Khalifa City,South UAE,Plot,Luxury,1BR,Off-Plan,463.0,3210788,6934.03,72,2022,True,True,DLD-NOC-500168,RERA-71799,"Gym,Parking,BBQ Area",92.3,1.9,3.5,33.49
PROP0444,Meydan Group Qidfa Tower,DEV0020,Fujairah,Fujairah,Qidfa,North UAE,Apartment,Mid-Market,4BR,Off-Plan,1665.9,2212419,1328.06,53,2019,False,True,DLD-NOC-518226,RERA-86618,"Gym,Parking,BBQ Area",56.0,1.3,4.0,24.62
PROP0445,Select Group JVC Views,DEV0014,Dubai,Dubai,JVC,South UAE,Commercial,Mid-Market,4BR,Ready,1213.6,1635526,1347.67,64,2019,True,False,DLD-NOC-791280,RERA-67302,"Pool,Gym,Kids Play,Parking",41.7,7.7,3.8,12.87
PROP0446,Tiger Properties Al Furjan Heights,DEV0012,Dubai,Dubai,Al Furjan,South UAE,Studio,Mid-Market,5BR+,Off-Plan,907.3,1234222,1360.31,76,2022,True,False,DLD-NOC-214549,RERA-65677,"Pool,Gym,Parking",68.5,7.7,1.0,33.15
PROP0447,RAK Properties Khalifa City Park,DEV0011,Abu Dhabi,Abu Dhabi,Khalifa City,South UAE,Villa,Affordable,2BR,Off-Plan,4520.6,2026455,448.27,112,2021,False,True,DLD-NOC-840610,RERA-72023,"Pool,Gym,Parking",47.9,2.4,2.7,28.11
PROP0448,Select Group Al Hamra Village Residences,DEV0014,Ras Al Khaimah,Ras Al Khaimah,Al Hamra Village,North UAE,Apartment,Mid-Market,1BR,Off-Plan,1383.8,1297744,937.78,34,2019,True,False,DLD-NOC-184266,RERA-43578,"Gym,Parking,BBQ Area",71.9,3.2,3.3,29.79
PROP0449,Meydan Group Dubai Hills Estate Views,DEV0020,Dubai,Dubai,Dubai Hills Estate,South UAE,Apartment,Affordable,1BR,Ready,1483.4,493145,332.45,103,2022,True,False,DLD-NOC-831715,RERA-32266,"Pool,Gym,Parking",49.9,4.7,3.7,16.71
PROP0450,Object 1 Dubai Marina Residences,DEV0017,Dubai,Dubai,Dubai Marina,South UAE,Apartment,Affordable,2BR,Ready,707.6,359586,508.15,137,2020,True,False,DLD-NOC-334999,RERA-44243,"Pool,Gym,Kids Play,Parking",56.6,2.1,1.5,16.76
PROP0451,Nakheel Al Shamkha Residences,DEV0004,Abu Dhabi,Abu Dhabi,Al Shamkha,South UAE,Villa,Mid-Market,4BR,Ready,3999.7,3920756,980.25,112,2020,True,True,DLD-NOC-284404,RERA-23666,"Pool,Gym,Parking",80.9,4.5,0.8,29.46
PROP0452,Imtiaz Developments Fujairah City Tower,DEV0013,Fujairah,Fujairah,Fujairah City,North UAE,Villa,Premium,4BR,Ready,2170.0,4776335,2201.07,95,2022,False,True,DLD-NOC-899981,RERA-59231,"Pool,Gym,Parking,Concierge,Spa",93.5,3.3,4.0,27.2
PROP0453,Dubai Properties Masdar City Views,DEV0019,Abu Dhabi,Abu Dhabi,Masdar City,South UAE,Plot,Luxury,1BR,Ready,548.5,2246238,4095.57,117,2023,False,True,DLD-NOC-732598,RERA-32782,"Pool,Gym,Parking,Concierge,Spa",92.8,6.8,2.2,29.57
PROP0454,Azizi Developments Arabian Ranches Views,DEV0007,Dubai,Dubai,Arabian Ranches,South UAE,Penthouse,Premium,2BR,Off-Plan,1758.7,3631585,2064.94,72,2020,True,True,DLD-NOC-925305,RERA-38271,"Pool,Gym,Kids Play,Parking",93.5,5.8,3.9,29.32
PROP0455,Binghatti JVC Tower,DEV0009,Dubai,Dubai,JVC,South UAE,Villa,Mid-Market,1BR,Off-Plan,3909.9,5602591,1432.92,233,2024,True,True,DLD-NOC-446803,RERA-56053,"Parking,Gym",72.6,2.9,2.6,30.68
PROP0456,DAMAC Properties Al Ghadeer Tower,DEV0002,Abu Dhabi,Abu Dhabi,Al Ghadeer,South UAE,Apartment,Premium,1BR,Off-Plan,1393.7,2991072,2146.12,244,2025,True,True,DLD-NOC-383066,RERA-97565,"Pool,Gym,Parking",75.3,2.1,1.5,26.24
PROP0457,Select Group Motor City Residences,DEV0014,Dubai,Dubai,Motor City,South UAE,Commercial,Luxury,4BR,Off-Plan,1343.3,6053175,4506.11,5,2023,True,True,DLD-NOC-187540,RERA-94857,"Pool,Gym,Kids Play,Parking",93.2,2.6,4.2,19.69
PROP0458,Emaar Properties Arabian Ranches Heights,DEV0001,Dubai,Dubai,Arabian Ranches,South UAE,Commercial,Mid-Market,2BR,Ready,748.5,763617,1020.26,81,2021,True,False,DLD-NOC-305306,RERA-23462,"Gym,Parking,BBQ Area",85.4,1.5,2.6,13.18
PROP0459,Object 1 Palm Jumeirah Tower,DEV0017,Dubai,Dubai,Palm Jumeirah,South UAE,Apartment,Mid-Market,3BR,Off-Plan,750.1,889478,1185.75,89,2023,True,False,DLD-NOC-233322,RERA-22453,"Pool,Gym,Kids Play,Parking",50.6,2.1,0.7,15.49
PROP0460,Majid Al Futtaim Masdar City Gardens,DEV0018,Abu Dhabi,Abu Dhabi,Masdar City,South UAE,Plot,Mid-Market,2BR,Ready,1502.6,1770583,1178.37,174,2020,True,False,DLD-NOC-979448,RERA-85034,"Pool,Gym,Parking,Concierge,Spa",77.2,7.3,3.6,12.96
PROP0461,Azizi Developments Dubai Hills Estate Park,DEV0007,Dubai,Dubai,Dubai Hills Estate,South UAE,Plot,Mid-Market,3BR,Off-Plan,556.9,799417,1435.58,211,2025,True,False,DLD-NOC-352388,RERA-60813,"Pool,Gym,Kids Play,Parking",94.0,6.1,3.8,26.91
PROP0462,Tiger Properties JBR Park,DEV0012,Dubai,Dubai,JBR,South UAE,Villa,Premium,2BR,Off-Plan,2256.1,3545676,1571.59,163,2021,True,True,DLD-NOC-772095,RERA-68260,"Parking,Gym",89.9,4.5,2.7,18.36
PROP0463,Select Group Meydan Park,DEV0014,Dubai,Dubai,Meydan,South UAE,Villa,Mid-Market,3BR,Off-Plan,942.2,1084157,1150.66,110,2019,True,False,DLD-NOC-842392,RERA-87943,"Gym,Parking,BBQ Area",54.2,2.5,3.3,29.69
PROP0464,Aldar Properties Al Nuaimiya Residences,DEV0003,Ajman,Ajman,Al Nuaimiya,Central UAE,Townhouse,Affordable,2BR,Ready,618.4,257105,415.75,19,2019,True,False,DLD-NOC-208945,RERA-47683,"Pool,Gym,Parking",77.9,2.1,0.6,24.3
PROP0465,RAK Properties Sports City Gardens,DEV0011,Dubai,Dubai,Sports City,South UAE,Villa,Affordable,3BR,Off-Plan,3852.0,3063862,795.4,216,2020,True,True,DLD-NOC-792385,RERA-37046,"Pool,Gym,Parking,Concierge,Spa",43.5,5.6,3.1,20.75
PROP0466,Meydan Group Corniche Tower,DEV0020,Abu Dhabi,Abu Dhabi,Corniche,South UAE,Villa,Affordable,3BR,Off-Plan,1422.7,1034152,726.9,210,2025,False,False,DLD-NOC-339894,RERA-41071,"Pool,Gym,Parking",65.2,2.4,3.4,12.25
PROP0467,RAK Properties Al Shamkha Park,DEV0011,Abu Dhabi,Abu Dhabi,Al Shamkha,South UAE,Apartment,Luxury,5BR+,Off-Plan,964.6,3332525,3454.69,16,2020,False,True,DLD-NOC-730613,RERA-39074,"Pool,Gym,Kids Play,Parking",65.5,1.0,0.9,18.54
PROP0468,Nakheel Dubai Hills Estate Heights,DEV0004,Dubai,Dubai,Dubai Hills Estate,South UAE,Apartment,Premium,1BR,Ready,595.2,1781226,2992.77,92,2025,True,False,DLD-NOC-884734,RERA-34040,"Gym,Parking,BBQ Area",40.2,2.1,2.5,18.06
PROP0469,Ellington Properties Al Marjan Island Gardens,DEV0010,Ras Al Khaimah,Ras Al Khaimah,Al Marjan Island,North UAE,Apartment,Affordable,3BR,Off-Plan,1708.6,1172689,686.35,9,2019,True,False,DLD-NOC-848470,RERA-18295,"Parking,Gym",48.2,6.4,4.6,17.35
PROP0470,Object 1 DAMAC Hills Views,DEV0017,Dubai,Dubai,DAMAC Hills,South UAE,Villa,Mid-Market,2BR,Off-Plan,2475.0,2786410,1125.82,55,2021,True,True,DLD-NOC-142303,RERA-59121,"Gym,Parking,BBQ Area",80.1,7.3,0.8,17.98
PROP0471,Ellington Properties Al Raha Beach Residences,DEV0010,Abu Dhabi,Abu Dhabi,Al Raha Beach,South UAE,Commercial,Affordable,3BR,Ready,581.9,296415,509.36,179,2022,False,False,DLD-NOC-561095,RERA-33329,"Pool,Gym,Parking,Concierge,Spa",78.7,5.4,2.0,23.34
PROP0472,Select Group JBR Gardens,DEV0014,Dubai,Dubai,JBR,South UAE,Apartment,Mid-Market,1BR,Ready,1180.4,1056189,894.81,88,2024,True,False,DLD-NOC-921115,RERA-86851,"Pool,Gym,Kids Play,Parking",90.6,0.5,4.9,19.85
PROP0473,RAK Properties Masdar City Gardens,DEV0011,Abu Dhabi,Abu Dhabi,Masdar City,South UAE,Villa,Mid-Market,4BR,Off-Plan,4881.7,6753148,1383.36,21,2024,False,True,DLD-NOC-430085,RERA-74382,"Parking,Gym",93.6,3.4,2.4,12.41
PROP0474,Imtiaz Developments Corniche Views,DEV0013,Abu Dhabi,Abu Dhabi,Corniche,South UAE,Apartment,Luxury,2BR,Off-Plan,1107.5,3566091,3219.83,109,2021,True,True,DLD-NOC-289070,RERA-96080,"Parking,Gym",63.5,3.8,2.5,25.56
PROP0475,Ellington Properties Al Furjan Heights,DEV0010,Dubai,Dubai,Al Furjan,South UAE,Apartment,Affordable,4BR,Off-Plan,1199.3,853528,711.71,131,2020,True,False,DLD-NOC-247567,RERA-90869,"Parking,Gym",64.3,5.7,4.1,30.32
PROP0476,Majid Al Futtaim Al Ghadeer Park,DEV0018,Abu Dhabi,Abu Dhabi,Al Ghadeer,South UAE,Apartment,Mid-Market,1BR,Off-Plan,793.2,1046485,1319.38,102,2019,False,False,DLD-NOC-934927,RERA-89028,"Pool,Gym,Parking",61.6,2.3,3.1,15.42
PROP0477,Meraas Dubai Creek Harbour Views,DEV0005,Dubai,Dubai,Dubai Creek Harbour,South UAE,Apartment,Luxury,Studio,Off-Plan,1903.3,12279364,6451.59,83,2025,True,True,DLD-NOC-336008,RERA-17853,"Pool,Gym,Kids Play,Parking",72.4,4.1,3.2,19.3
PROP0478,Azizi Developments Al Marjan Island Park,DEV0007,Ras Al Khaimah,Ras Al Khaimah,Al Marjan Island,North UAE,Studio,Premium,2BR,Ready,1799.6,3495348,1942.34,69,2024,True,True,DLD-NOC-838473,RERA-64656,"Pool,Gym,Parking",46.4,2.4,4.6,15.03
PROP0479,Select Group JBR Residences,DEV0014,Dubai,Dubai,JBR,South UAE,Apartment,Affordable,2BR,Off-Plan,1006.8,739807,734.79,53,2020,True,False,DLD-NOC-892923,RERA-54283,"Pool,Gym,Parking",92.1,3.5,3.4,17.29
PROP0480,Imtiaz Developments Al Raha Beach Views,DEV0013,Abu Dhabi,Abu Dhabi,Al Raha Beach,South UAE,Commercial,Affordable,2BR,Ready,1317.7,604393,458.66,113,2023,True,False,DLD-NOC-374776,RERA-11210,"Pool,Gym,Parking",94.8,0.2,3.8,22.19
PROP0481,Sobha Realty Discovery Gardens Residences,DEV0006,Dubai,Dubai,Discovery Gardens,South UAE,Villa,Premium,2BR,Ready,1834.9,4192546,2284.93,36,2020,True,True,DLD-NOC-859398,RERA-36364,"Pool,Gym,Parking",73.4,4.3,0.6,32.07
PROP0482,Meydan Group Al Reem Island Views,DEV0020,Abu Dhabi,Abu Dhabi,Al Reem Island,South UAE,Apartment,Premium,3BR,Ready,1057.5,2395322,2265.18,112,2023,True,True,DLD-NOC-228003,RERA-11844,"Gym,Parking,BBQ Area",60.4,6.5,1.7,19.33
PROP0483,Dubai Properties Sports City Gardens,DEV0019,Dubai,Dubai,Sports City,South UAE,Plot,Affordable,1BR,Off-Plan,1312.9,512718,390.54,44,2019,True,False,DLD-NOC-813175,RERA-36144,"Pool,Gym,Parking,Concierge,Spa",60.1,5.8,4.7,29.81
PROP0484,Ellington Properties UAQ Free Trade Zone Residences,DEV0010,Umm Al Quwain,Umm Al Quwain,UAQ Free Trade Zone,North UAE,Apartment,Premium,2BR,Off-Plan,1092.0,3062857,2804.93,11,2024,True,True,DLD-NOC-407145,RERA-77925,"Pool,Gym,Kids Play,Parking",56.8,2.1,2.5,30.96
PROP0485,Imtiaz Developments Al Reem Island Heights,DEV0013,Abu Dhabi,Abu Dhabi,Al Reem Island,South UAE,Apartment,Mid-Market,4BR,Off-Plan,417.3,434520,1041.18,171,2022,True,False,DLD-NOC-481007,RERA-56418,"Parking,Gym",43.1,4.5,0.9,25.56
PROP0486,Majid Al Futtaim Al Hamra Village Park,DEV0018,Ras Al Khaimah,Ras Al Khaimah,Al Hamra Village,North UAE,Apartment,Affordable,1BR,Off-Plan,816.9,683665,836.88,120,2024,True,False,DLD-NOC-708291,RERA-63285,"Pool,Gym,Parking",63.0,5.1,3.6,20.99
PROP0487,Emaar Properties Palm Jumeirah Park,DEV0001,Dubai,Dubai,Palm Jumeirah,South UAE,Townhouse,Luxury,1BR,Ready,3819.9,26173816,6851.93,30,2024,True,True,DLD-NOC-417079,RERA-39468,"Pool,Gym,Parking",85.6,0.7,3.7,16.49
PROP0488,Ellington Properties Arabian Ranches Views,DEV0010,Dubai,Dubai,Arabian Ranches,South UAE,Villa,Mid-Market,2BR,Ready,2927.6,2541128,867.98,12,2019,True,True,DLD-NOC-406921,RERA-37080,"Pool,Gym,Kids Play,Parking",68.3,7.4,2.5,27.61
PROP0489,Ellington Properties Khalifa City Views,DEV0010,Abu Dhabi,Abu Dhabi,Khalifa City,South UAE,Apartment,Affordable,1BR,Ready,723.8,281357,388.73,134,2023,True,False,DLD-NOC-232393,RERA-73036,"Pool,Gym,Kids Play,Parking",70.2,7.4,1.9,19.48
PROP0490,Azizi Developments Dubai Creek Harbour Gardens,DEV0007,Dubai,Dubai,Dubai Creek Harbour,South UAE,Villa,Mid-Market,1BR,Ready,3987.3,5269192,1321.51,150,2021,True,True,DLD-NOC-187148,RERA-89125,"Pool,Gym,Parking",78.9,2.2,3.5,18.56
PROP0491,Select Group Yas Island Tower,DEV0014,Abu Dhabi,Abu Dhabi,Yas Island,South UAE,Studio,Premium,1BR,Ready,917.9,1583469,1725.13,285,2023,True,False,DLD-NOC-610504,RERA-32449,"Parking,Gym",67.1,4.9,2.6,23.12
PROP0492,Dubai Properties Al Rashidiya Gardens,DEV0019,Ajman,Ajman,Al Rashidiya,Central UAE,Apartment,Mid-Market,2BR,Ready,1536.9,1618912,1053.36,53,2019,True,False,DLD-NOC-336497,RERA-22153,"Pool,Gym,Kids Play,Parking",42.2,5.4,1.3,20.67
PROP0493,Meydan Group Al Majaz Views,DEV0020,Sharjah,Sharjah,Al Majaz,Central UAE,Villa,Luxury,2BR,Off-Plan,1845.9,9703061,5256.47,95,2024,True,True,DLD-NOC-849597,RERA-38745,"Pool,Gym,Kids Play,Parking",62.4,6.7,1.9,27.08
PROP0494,RAK Properties Yas Island Tower,DEV0011,Abu Dhabi,Abu Dhabi,Yas Island,South UAE,Apartment,Premium,3BR,Off-Plan,719.0,1551502,2157.74,78,2019,True,False,DLD-NOC-585632,RERA-14043,"Parking,Gym",80.0,5.0,3.3,22.28
PROP0495,Reportage Properties JBR Views,DEV0015,Dubai,Dubai,JBR,South UAE,Plot,Premium,2BR,Ready,1511.5,3749999,2480.98,113,2022,True,True,DLD-NOC-343008,RERA-57582,"Pool,Gym,Parking,Concierge,Spa",67.1,4.4,1.6,18.44
PROP0496,Reportage Properties Al Marjan Island Park,DEV0015,Ras Al Khaimah,Ras Al Khaimah,Al Marjan Island,North UAE,Apartment,Affordable,3BR,Off-Plan,1681.5,1061402,631.22,30,2021,True,False,DLD-NOC-624487,RERA-52659,"Pool,Gym,Kids Play,Parking",52.5,4.0,0.7,33.46
PROP0497,Reportage Properties Al Barsha Tower,DEV0015,Dubai,Dubai,Al Barsha,South UAE,Apartment,Mid-Market,1BR,Off-Plan,403.5,556911,1380.32,243,2020,True,False,DLD-NOC-968064,RERA-17952,"Pool,Gym,Kids Play,Parking",69.3,1.7,1.9,32.04
PROP0498,Azizi Developments Al Reef Heights,DEV0007,Abu Dhabi,Abu Dhabi,Al Reef,South UAE,Villa,Premium,1BR,Off-Plan,2172.8,6400913,2945.94,12,2024,True,True,DLD-NOC-333508,RERA-55178,"Pool,Gym,Parking,Concierge,Spa",51.3,4.9,2.8,24.61
PROP0499,Object 1 Dubai Creek Harbour Heights,DEV0017,Dubai,Dubai,Dubai Creek Harbour,South UAE,Apartment,Premium,2BR,Ready,603.1,1233386,2045.08,127,2019,True,False,DLD-NOC-129488,RERA-69496,"Pool,Gym,Kids Play,Parking",58.3,0.9,1.5,31.32
PROP0500,Samana Developers Al Qasimia Tower,DEV0016,Sharjah,Sharjah,Al Qasimia,Central UAE,Apartment,Premium,2BR,Ready,1361.6,3403596,2499.65,300,2022,True,True,DLD-NOC-829613,RERA-14172,"Pool,Gym,Kids Play,Parking",75.2,1.9,4.1,19.32
PROP0501,Sobha Realty Al Shamkha Gardens,DEV0006,Abu Dhabi,Abu Dhabi,Al Shamkha,South UAE,Commercial,Luxury,2BR,Ready,801.4,5574034,6955.26,15,2022,True,True,DLD-NOC-386638,RERA-72472,"Pool,Gym,Parking,Concierge,Spa",82.9,2.5,2.0,13.72
PROP0502,Aldar Properties Masdar City Heights,DEV0003,Abu Dhabi,Abu Dhabi,Masdar City,South UAE,Apartment,Mid-Market,2BR,Ready,411.5,374571,910.3,8,2019,False,False,DLD-NOC-602704,RERA-44985,"Pool,Gym,Parking",84.8,4.2,1.9,13.02
PROP0503,Ellington Properties Al Raha Beach Views,DEV0010,Abu Dhabi,Abu Dhabi,Al Raha Beach,South UAE,Townhouse,Mid-Market,Studio,Off-Plan,2064.1,2408664,1166.93,54,2024,True,True,DLD-NOC-782914,RERA-39433,"Pool,Gym,Parking",83.0,3.7,0.6,26.34
PROP0504,Object 1 MBR City Tower,DEV0017,Dubai,Dubai,MBR City,South UAE,Apartment,Mid-Market,1BR,Off-Plan,637.1,793272,1245.06,15,2024,True,False,DLD-NOC-573001,RERA-62760,"Pool,Gym,Parking,Concierge,Spa",90.5,1.2,5.0,14.96
PROP0505,Meydan Group Dubai South Park,DEV0020,Dubai,Dubai,Dubai South,South UAE,Apartment,Premium,1BR,Ready,1931.1,5442054,2818.17,37,2022,True,True,DLD-NOC-244697,RERA-62057,"Gym,Parking,BBQ Area",91.8,6.9,0.9,16.09
PROP0506,RAK Properties Al Furjan Park,DEV0011,Dubai,Dubai,Al Furjan,South UAE,Commercial,Ultra-Luxury,1BR,Ready,596.4,4181579,7011.06,28,2023,True,True,DLD-NOC-913755,RERA-42166,"Pool,Gym,Parking,Concierge,Spa",50.8,7.1,1.4,18.09
PROP0507,Aldar Properties Dubai Hills Estate Gardens,DEV0003,Dubai,Dubai,Dubai Hills Estate,South UAE,Studio,Mid-Market,1BR,Off-Plan,1668.7,1520909,911.41,388,2023,True,False,DLD-NOC-694659,RERA-78548,"Gym,Parking,BBQ Area",67.4,3.6,3.8,25.95
PROP0508,Danube Properties Al Shamkha Heights,DEV0008,Abu Dhabi,Abu Dhabi,Al Shamkha,South UAE,Apartment,Mid-Market,1BR,Off-Plan,1784.6,2421133,1356.67,227,2022,False,True,DLD-NOC-121517,RERA-80938,"Gym,Parking,BBQ Area",60.2,0.6,3.5,34.08
PROP0509,Ellington Properties MBR City Park,DEV0010,Dubai,Dubai,MBR City,South UAE,Apartment,Mid-Market,1BR,Ready,1779.1,2587251,1454.23,254,2023,True,True,DLD-NOC-475852,RERA-11671,"Pool,Gym,Parking,Concierge,Spa",88.9,5.9,1.4,13.29
PROP0510,Danube Properties Al Furjan Views,DEV0008,Dubai,Dubai,Al Furjan,South UAE,Apartment,Mid-Market,2BR,Off-Plan,1400.5,1855286,1324.77,137,2023,True,False,DLD-NOC-915947,RERA-92308,"Pool,Gym,Parking",63.1,7.0,1.8,31.84
PROP0511,Azizi Developments Motor City Gardens,DEV0007,Dubai,Dubai,Motor City,South UAE,Studio,Affordable,2BR,Ready,401.7,172381,429.17,264,2023,True,False,DLD-NOC-520944,RERA-86670,"Gym,Parking,BBQ Area",75.3,6.4,4.3,19.7
PROP0512,Meraas Discovery Gardens Park,DEV0005,Dubai,Dubai,Discovery Gardens,South UAE,Apartment,Affordable,3BR,Ready,686.9,546232,795.24,116,2021,True,False,DLD-NOC-991273,RERA-63755,"Pool,Gym,Parking",77.3,6.4,2.5,15.98
PROP0513,Emaar Properties Al Furjan Residences,DEV0001,Dubai,Dubai,Al Furjan,South UAE,Townhouse,Premium,3BR,Off-Plan,4249.2,8541334,2010.11,115,2025,True,True,DLD-NOC-703040,RERA-71703,"Gym,Parking,BBQ Area",81.6,6.1,4.7,34.14
PROP0514,DAMAC Properties Al Taawun Heights,DEV0002,Sharjah,Sharjah,Al Taawun,Central UAE,Apartment,Mid-Market,3BR,Ready,1949.3,2606640,1337.19,86,2020,True,True,DLD-NOC-802655,RERA-89202,"Pool,Gym,Parking,Concierge,Spa",69.3,3.8,0.8,30.02
PROP0515,Danube Properties Motor City Tower,DEV0008,Dubai,Dubai,Motor City,South UAE,Villa,Ultra-Luxury,Studio,Off-Plan,2504.8,17932024,7159.01,164,2020,True,True,DLD-NOC-833128,RERA-58305,"Pool,Gym,Kids Play,Parking",50.9,2.6,5.0,21.54
PROP0516,Samana Developers JVC Residences,DEV0016,Dubai,Dubai,JVC,South UAE,Commercial,Luxury,Studio,Off-Plan,1088.6,3841629,3528.92,19,2019,True,True,DLD-NOC-778002,RERA-55119,"Pool,Gym,Parking",67.6,5.2,3.5,15.24
PROP0517,Meydan Group Masdar City Tower,DEV0020,Abu Dhabi,Abu Dhabi,Masdar City,South UAE,Apartment,Mid-Market,Studio,Off-Plan,1420.9,1222582,860.44,38,2023,True,False,DLD-NOC-481188,RERA-42703,"Pool,Gym,Kids Play,Parking",66.4,0.6,1.5,20.16
PROP0518,Aldar Properties Business Bay Park,DEV0003,Dubai,Dubai,Business Bay,South UAE,Apartment,Mid-Market,1BR,Ready,571.7,708585,1239.33,153,2022,True,False,DLD-NOC-199446,RERA-35001,"Pool,Gym,Kids Play,Parking",42.3,1.5,1.6,22.48
PROP0519,Reportage Properties Al Qasimia Residences,DEV0015,Sharjah,Sharjah,Al Qasimia,Central UAE,Apartment,Affordable,2BR,Off-Plan,1033.7,356794,345.15,109,2019,True,False,DLD-NOC-336576,RERA-41098,"Pool,Gym,Kids Play,Parking",52.8,2.4,3.1,27.87
PROP0520,Select Group Yas Island Tower,DEV0014,Abu Dhabi,Abu Dhabi,Yas Island,South UAE,Plot,Mid-Market,1BR,Ready,1294.3,1892323,1462.02,106,2020,True,False,DLD-NOC-604464,RERA-61765,"Gym,Parking,BBQ Area",74.6,1.0,3.7,33.89
PROP0521,Dubai Properties Khalifa City Residences,DEV0019,Abu Dhabi,Abu Dhabi,Khalifa City,South UAE,Plot,Mid-Market,1BR,Ready,1119.9,1179356,1053.09,53,2025,True,False,DLD-NOC-520619,RERA-64210,"Parking,Gym",85.8,6.1,2.8,30.29
PROP0522,Azizi Developments JVC Tower,DEV0007,Dubai,Dubai,JVC,South UAE,Penthouse,Mid-Market,3BR,Off-Plan,938.2,1405696,1498.27,60,2023,True,False,DLD-NOC-479559,RERA-38937,"Pool,Gym,Parking,Concierge,Spa",54.7,0.5,4.4,30.27
PROP0523,Imtiaz Developments Al Nahda Heights,DEV0013,Sharjah,Sharjah,Al Nahda,Central UAE,Townhouse,Premium,2BR,Off-Plan,2020.0,5598461,2771.57,4,2024,True,True,DLD-NOC-293144,RERA-47690,"Pool,Gym,Parking",85.8,2.9,4.4,21.32
PROP0524,Samana Developers Saadiyat Island Views,DEV0016,Abu Dhabi,Abu Dhabi,Saadiyat Island,South UAE,Apartment,Mid-Market,4BR,Off-Plan,1868.6,1836637,982.89,60,2025,True,False,DLD-NOC-716263,RERA-48471,"Pool,Gym,Kids Play,Parking",56.2,5.7,4.5,25.09
PROP0525,Imtiaz Developments Al Qasimia Views,DEV0013,Sharjah,Sharjah,Al Qasimia,Central UAE,Apartment,Luxury,Studio,Ready,1874.1,9291602,4957.96,120,2021,True,True,DLD-NOC-247874,RERA-83089,"Parking,Gym",57.3,3.7,3.2,30.15
PROP0526,Danube Properties Al Reef Views,DEV0008,Abu Dhabi,Abu Dhabi,Al Reef,South UAE,Studio,Affordable,4BR,Off-Plan,1903.3,821566,431.66,41,2021,True,False,DLD-NOC-889133,RERA-10115,"Pool,Gym,Kids Play,Parking",80.7,7.8,3.7,18.57
PROP0527,Meraas Motor City Views,DEV0005,Dubai,Dubai,Motor City,South UAE,Apartment,Premium,1BR,Ready,1738.7,3232310,1859.01,21,2025,True,True,DLD-NOC-635010,RERA-70310,"Pool,Gym,Parking",89.5,0.6,4.4,14.08
PROP0528,Emaar Properties Al Yarmook Heights,DEV0001,Sharjah,Sharjah,Al Yarmook,Central UAE,Plot,Affordable,2BR,Ready,1481.5,827464,558.54,310,2021,True,False,DLD-NOC-517813,RERA-10826,"Pool,Gym,Parking,Concierge,Spa",84.4,1.7,3.1,28.46
PROP0529,Nakheel DAMAC Hills Park,DEV0004,Dubai,Dubai,DAMAC Hills,South UAE,Plot,Affordable,2BR,Ready,1635.6,779308,476.45,58,2025,True,False,DLD-NOC-214197,RERA-98879,"Pool,Gym,Parking",81.8,5.8,4.5,17.36
PROP0530,Select Group Al Reem Island Park,DEV0014,Abu Dhabi,Abu Dhabi,Al Reem Island,South UAE,Apartment,Premium,2BR,Off-Plan,1706.4,4355987,2552.69,100,2022,True,True,DLD-NOC-437400,RERA-22736,"Pool,Gym,Parking",73.4,2.0,4.9,24.38
PROP0531,Danube Properties Motor City Residences,DEV0008,Dubai,Dubai,Motor City,South UAE,Townhouse,Luxury,1BR,Ready,2826.1,16688642,5905.18,22,2021,True,True,DLD-NOC-259644,RERA-13025,"Gym,Parking,BBQ Area",61.8,4.8,0.9,26.58
PROP0532,Sobha Realty Palm Jumeirah Park,DEV0006,Dubai,Dubai,Palm Jumeirah,South UAE,Apartment,Mid-Market,3BR,Ready,400.1,470739,1176.54,54,2020,True,False,DLD-NOC-139830,RERA-91267,"Pool,Gym,Parking",73.1,5.7,4.9,19.65
PROP0533,Object 1 DAMAC Hills Views,DEV0017,Dubai,Dubai,DAMAC Hills,South UAE,Plot,Premium,2BR,Off-Plan,1001.7,2597475,2593.05,168,2024,True,True,DLD-NOC-672518,RERA-78675,"Pool,Gym,Parking",47.0,4.8,3.1,33.88
PROP0534,Reportage Properties Al Reem Island Gardens,DEV0015,Abu Dhabi,Abu Dhabi,Al Reem Island,South UAE,Apartment,Mid-Market,2BR,Off-Plan,611.4,593128,970.09,53,2019,True,False,DLD-NOC-869082,RERA-56152,"Pool,Gym,Kids Play,Parking",52.7,6.4,4.8,33.17
PROP0535,DAMAC Properties JVC Views,DEV0002,Dubai,Dubai,JVC,South UAE,Apartment,Affordable,4BR,Ready,1142.9,529584,463.37,158,2023,True,False,DLD-NOC-672224,RERA-37673,"Parking,Gym",81.3,1.3,1.3,32.25
PROP0536,Majid Al Futtaim Al Reef Residences,DEV0018,Abu Dhabi,Abu Dhabi,Al Reef,South UAE,Villa,Premium,3BR,Ready,4690.9,10842038,2311.3,75,2023,True,True,DLD-NOC-923133,RERA-61991,"Pool,Gym,Kids Play,Parking",89.4,3.5,2.2,26.61
PROP0537,Danube Properties Al Majaz Residences,DEV0008,Sharjah,Sharjah,Al Majaz,Central UAE,Townhouse,Mid-Market,4BR,Ready,1203.1,1504045,1250.1,16,2023,False,False,DLD-NOC-839947,RERA-86081,"Parking,Gym",74.4,6.9,2.3,16.49
PROP0538,Nakheel Downtown Dubai Gardens,DEV0004,Dubai,Dubai,Downtown Dubai,South UAE,Apartment,Mid-Market,3BR,Ready,1198.0,1480045,1235.38,23,2023,True,False,DLD-NOC-796166,RERA-77436,"Pool,Gym,Parking",45.8,2.9,3.6,31.41
PROP0539,Reportage Properties Dubai Hills Estate Residences,DEV0015,Dubai,Dubai,Dubai Hills Estate,South UAE,Apartment,Affordable,Studio,Ready,1922.6,1055764,549.14,42,2023,True,False,DLD-NOC-407637,RERA-65129,"Gym,Parking,BBQ Area",85.4,4.7,1.1,19.97
PROP0540,Meraas Al Raha Beach Residences,DEV0005,Abu Dhabi,Abu Dhabi,Al Raha Beach,South UAE,Apartment,Premium,4BR,Off-Plan,1961.7,5659809,2885.22,59,2025,True,True,DLD-NOC-203251,RERA-46800,"Pool,Gym,Parking",46.0,1.4,1.8,32.73
PROP0541,Reportage Properties Arabian Ranches Tower,DEV0015,Dubai,Dubai,Arabian Ranches,South UAE,Apartment,Mid-Market,1BR,Off-Plan,1840.6,2199698,1195.08,56,2021,True,True,DLD-NOC-881577,RERA-63317,"Parking,Gym",94.0,4.9,3.9,21.6
PROP0542,Object 1 Business Bay Residences,DEV0017,Dubai,Dubai,Business Bay,South UAE,Commercial,Premium,2BR,Ready,1333.3,2615243,1961.54,20,2019,True,True,DLD-NOC-696821,RERA-26980,"Pool,Gym,Parking",81.4,0.6,4.2,17.04
PROP0543,Majid Al Futtaim Masdar City Views,DEV0018,Abu Dhabi,Abu Dhabi,Masdar City,South UAE,Apartment,Affordable,Studio,Ready,1188.1,654489,550.86,128,2021,True,False,DLD-NOC-389796,RERA-50652,"Pool,Gym,Parking",81.8,6.0,3.0,12.57
PROP0544,Meydan Group Saadiyat Island Views,DEV0020,Abu Dhabi,Abu Dhabi,Saadiyat Island,South UAE,Villa,Affordable,2BR,Off-Plan,3498.3,2096375,599.26,69,2024,True,True,DLD-NOC-880438,RERA-97510,"Parking,Gym",60.3,5.9,1.6,25.76
PROP0545,RAK Properties Business Bay Heights,DEV0011,Dubai,Dubai,Business Bay,South UAE,Apartment,Premium,2BR,Off-Plan,509.1,802887,1577.12,29,2023,True,False,DLD-NOC-455399,RERA-47137,"Pool,Gym,Kids Play,Parking",57.8,0.5,2.2,18.05
PROP0546,Reportage Properties Al Shamkha Views,DEV0015,Abu Dhabi,Abu Dhabi,Al Shamkha,South UAE,Apartment,Premium,3BR,Off-Plan,1997.9,3130103,1566.67,143,2025,True,True,DLD-NOC-482725,RERA-24683,"Pool,Gym,Parking",77.5,4.7,1.2,19.71
PROP0547,Meydan Group Al Dhait Heights,DEV0020,Ras Al Khaimah,Ras Al Khaimah,Al Dhait,North UAE,Apartment,Mid-Market,Studio,Off-Plan,1463.6,1538110,1050.89,111,2020,True,False,DLD-NOC-658854,RERA-75917,"Pool,Gym,Parking",79.6,2.8,3.5,19.57
PROP0548,Object 1 JBR Heights,DEV0017,Dubai,Dubai,JBR,South UAE,Apartment,Affordable,3BR,Ready,1537.8,1236685,804.21,27,2025,True,False,DLD-NOC-144169,RERA-55535,"Pool,Gym,Parking",70.2,6.9,1.0,15.94
PROP0549,Select Group Al Reef Views,DEV0014,Abu Dhabi,Abu Dhabi,Al Reef,South UAE,Townhouse,Affordable,1BR,Off-Plan,4872.1,1828743,375.35,93,2022,True,False,DLD-NOC-100893,RERA-91430,"Pool,Gym,Kids Play,Parking",79.2,7.0,5.0,23.04
PROP0550,Majid Al Futtaim Dubai Hills Estate Gardens,DEV0018,Dubai,Dubai,Dubai Hills Estate,South UAE,Apartment,Premium,Studio,Ready,1480.4,3132036,2115.64,158,2021,True,True,DLD-NOC-305471,RERA-79945,"Pool,Gym,Kids Play,Parking",59.8,3.3,2.7,22.82
PROP0551,Reportage Properties Dubai Hills Estate Park,DEV0015,Dubai,Dubai,Dubai Hills Estate,South UAE,Apartment,Affordable,4BR,Off-Plan,1726.8,774482,448.51,68,2022,True,False,DLD-NOC-770512,RERA-44592,"Pool,Gym,Parking,Concierge,Spa",67.1,1.0,2.7,18.09
PROP0552,Sobha Realty Sports City Heights,DEV0006,Dubai,Dubai,Sports City,South UAE,Townhouse,Mid-Market,1BR,Off-Plan,1831.4,2471683,1349.64,67,2021,True,True,DLD-NOC-978373,RERA-37551,"Pool,Gym,Kids Play,Parking",89.5,6.5,3.1,27.15
PROP0553,Samana Developers Discovery Gardens Park,DEV0016,Dubai,Dubai,Discovery Gardens,South UAE,Villa,Mid-Market,3BR,Ready,3247.0,3661779,1127.75,172,2025,True,True,DLD-NOC-553447,RERA-40817,"Pool,Gym,Kids Play,Parking",87.6,6.6,0.5,34.55
PROP0554,Reportage Properties Al Shamkha Park,DEV0015,Abu Dhabi,Abu Dhabi,Al Shamkha,South UAE,Townhouse,Premium,2BR,Ready,790.7,1395018,1764.27,102,2020,True,False,DLD-NOC-548425,RERA-38367,"Pool,Gym,Parking,Concierge,Spa",95.0,3.7,4.7,16.69
PROP0555,Binghatti Meydan Gardens,DEV0009,Dubai,Dubai,Meydan,South UAE,Plot,Affordable,2BR,Ready,1282.0,919821,717.5,161,2023,True,False,DLD-NOC-258197,RERA-31989,"Pool,Gym,Parking,Concierge,Spa",40.2,8.0,2.8,34.16
PROP0556,Danube Properties Al Nuaimiya Residences,DEV0008,Ajman,Ajman,Al Nuaimiya,Central UAE,Villa,Premium,2BR,Off-Plan,2200.7,5966428,2711.17,15,2019,True,True,DLD-NOC-316384,RERA-66944,"Pool,Gym,Parking,Concierge,Spa",81.1,1.8,3.7,34.88
PROP0557,Binghatti Khalifa City Park,DEV0009,Abu Dhabi,Abu Dhabi,Khalifa City,South UAE,Villa,Ultra-Luxury,1BR,Off-Plan,2594.0,43178904,16645.69,21,2019,True,True,DLD-NOC-995893,RERA-69874,"Pool,Gym,Parking",86.9,0.8,3.1,27.67
PROP0558,Object 1 Hayat Island Residences,DEV0017,Ras Al Khaimah,Ras Al Khaimah,Hayat Island,North UAE,Townhouse,Premium,2BR,Off-Plan,3656.5,8516998,2329.25,88,2023,True,True,DLD-NOC-856839,RERA-17052,"Pool,Gym,Parking",45.5,5.6,3.7,19.75
PROP0559,Samana Developers Yas Island Heights,DEV0016,Abu Dhabi,Abu Dhabi,Yas Island,South UAE,Apartment,Mid-Market,2BR,Ready,634.3,901475,1421.3,81,2024,False,False,DLD-NOC-878415,RERA-92293,"Pool,Gym,Parking,Concierge,Spa",69.1,4.6,1.9,17.39
PROP0560,Danube Properties Al Ghadeer Tower,DEV0008,Abu Dhabi,Abu Dhabi,Al Ghadeer,South UAE,Villa,Luxury,2BR,Ready,4235.6,17242830,4070.89,21,2023,False,True,DLD-NOC-253911,RERA-36750,"Pool,Gym,Parking",72.9,4.9,4.1,34.33
PROP0561,Binghatti Business Bay Tower,DEV0009,Dubai,Dubai,Business Bay,South UAE,Townhouse,Mid-Market,2BR,Ready,751.2,666448,887.15,59,2020,True,False,DLD-NOC-783124,RERA-67786,"Gym,Parking,BBQ Area",70.5,1.6,2.8,16.27
PROP0562,Reportage Properties Arabian Ranches Tower,DEV0015,Dubai,Dubai,Arabian Ranches,South UAE,Apartment,Premium,2BR,Ready,1930.8,4920757,2548.53,17,2024,True,True,DLD-NOC-786813,RERA-48573,"Pool,Gym,Parking",68.0,5.3,3.1,15.44
PROP0563,Aldar Properties Dubai South Residences,DEV0003,Dubai,Dubai,Dubai South,South UAE,Townhouse,Mid-Market,3BR,Off-Plan,3081.3,4345593,1410.33,11,2025,True,True,DLD-NOC-250715,RERA-81925,"Pool,Gym,Kids Play,Parking",42.6,5.2,1.1,15.61
PROP0564,Ellington Properties UAQ Old Town Gardens,DEV0010,Umm Al Quwain,Umm Al Quwain,UAQ Old Town,North UAE,Townhouse,Mid-Market,1BR,Ready,4156.7,5434259,1307.35,76,2023,True,True,DLD-NOC-804065,RERA-27268,"Pool,Gym,Parking",90.0,5.6,1.4,12.5
PROP0565,Danube Properties Business Bay Residences,DEV0008,Dubai,Dubai,Business Bay,South UAE,Apartment,Mid-Market,2BR,Ready,1357.6,1994611,1469.17,68,2024,True,False,DLD-NOC-142863,RERA-87485,"Pool,Gym,Parking",59.8,3.8,1.9,16.59
PROP0566,Binghatti Arabian Ranches Tower,DEV0009,Dubai,Dubai,Arabian Ranches,South UAE,Villa,Luxury,3BR,Ready,4992.2,28509543,5710.86,183,2023,True,True,DLD-NOC-866248,RERA-16504,"Pool,Gym,Parking",90.8,2.0,4.8,31.87
PROP0567,RAK Properties Dubai South Tower,DEV0011,Dubai,Dubai,Dubai South,South UAE,Apartment,Luxury,2BR,Ready,698.6,4710896,6743.71,71,2024,True,True,DLD-NOC-548964,RERA-23344,"Pool,Gym,Parking",87.8,2.4,0.9,14.01
PROP0568,RAK Properties DAMAC Hills Heights,DEV0011,Dubai,Dubai,DAMAC Hills,South UAE,Apartment,Affordable,3BR,Off-Plan,857.0,649903,758.37,38,2019,True,False,DLD-NOC-226457,RERA-37613,"Pool,Gym,Kids Play,Parking",59.3,7.5,3.8,19.28
PROP0569,Majid Al Futtaim Al Dhait Residences,DEV0018,Ras Al Khaimah,Ras Al Khaimah,Al Dhait,North UAE,Villa,Mid-Market,1BR,Off-Plan,3924.6,5673665,1445.67,82,2020,True,True,DLD-NOC-617963,RERA-76348,"Pool,Gym,Parking",60.8,1.3,3.7,13.72
PROP0570,Aldar Properties Al Nahda Views,DEV0003,Sharjah,Sharjah,Al Nahda,Central UAE,Apartment,Ultra-Luxury,3BR,Ready,1812.1,28030191,15468.41,8,2020,False,True,DLD-NOC-248121,RERA-80246,"Gym,Parking,BBQ Area",51.9,5.2,3.0,29.32
PROP0571,Meraas Motor City Views,DEV0005,Dubai,Dubai,Motor City,South UAE,Apartment,Luxury,1BR,Off-Plan,1702.0,7675622,4509.82,48,2020,True,True,DLD-NOC-379352,RERA-98338,"Pool,Gym,Parking,Concierge,Spa",94.3,4.9,3.8,18.75
PROP0572,Meraas Motor City Views,DEV0005,Dubai,Dubai,Motor City,South UAE,Apartment,Premium,5BR+,Ready,881.9,2325527,2636.95,467,2021,True,True,DLD-NOC-301995,RERA-18212,"Pool,Gym,Parking",42.8,7.8,3.8,32.11
PROP0573,Danube Properties Al Yarmook Residences,DEV0008,Sharjah,Sharjah,Al Yarmook,Central UAE,Apartment,Affordable,2BR,Ready,1282.7,1047193,816.43,11,2021,False,False,DLD-NOC-678008,RERA-81351,"Pool,Gym,Parking,Concierge,Spa",94.0,6.7,3.6,16.5
PROP0574,Imtiaz Developments Al Yarmook Park,DEV0013,Sharjah,Sharjah,Al Yarmook,Central UAE,Townhouse,Mid-Market,3BR,Ready,3845.7,4087895,1062.97,5,2025,True,True,DLD-NOC-570760,RERA-84026,"Pool,Gym,Kids Play,Parking",79.7,6.1,4.3,31.69
PROP0575,Meraas Saadiyat Island Views,DEV0005,Abu Dhabi,Abu Dhabi,Saadiyat Island,South UAE,Apartment,Mid-Market,1BR,Off-Plan,644.1,643446,999.03,9,2020,True,False,DLD-NOC-361229,RERA-55087,"Parking,Gym",64.4,0.5,2.4,13.12
PROP0576,Azizi Developments Al Nuaimiya Views,DEV0007,Ajman,Ajman,Al Nuaimiya,Central UAE,Apartment,Mid-Market,4BR,Off-Plan,938.6,1392711,1483.86,39,2025,False,False,DLD-NOC-828692,RERA-61041,"Parking,Gym",56.3,0.5,3.5,22.64
PROP0577,Aldar Properties Yas Island Views,DEV0003,Abu Dhabi,Abu Dhabi,Yas Island,South UAE,Townhouse,Ultra-Luxury,3BR,Off-Plan,3374.7,50740396,15035.53,27,2023,True,True,DLD-NOC-877714,RERA-59397,"Gym,Parking,BBQ Area",42.7,5.3,1.5,21.78
PROP0578,Select Group Meydan Gardens,DEV0014,Dubai,Dubai,Meydan,South UAE,Townhouse,Mid-Market,2BR,Off-Plan,654.4,621805,950.18,199,2020,True,False,DLD-NOC-194609,RERA-36873,"Pool,Gym,Parking,Concierge,Spa",77.3,5.4,2.2,33.99
PROP0579,Select Group Al Barsha Residences,DEV0014,Dubai,Dubai,Al Barsha,South UAE,Villa,Mid-Market,Studio,Off-Plan,3959.6,4789795,1209.65,135,2024,True,True,DLD-NOC-247573,RERA-70833,"Pool,Gym,Kids Play,Parking",81.4,4.0,1.8,24.35
PROP0580,RAK Properties Motor City Tower,DEV0011,Dubai,Dubai,Motor City,South UAE,Apartment,Mid-Market,3BR,Off-Plan,640.7,833141,1300.4,21,2019,True,False,DLD-NOC-854270,RERA-45715,"Pool,Gym,Parking",40.6,2.5,3.3,19.36
PROP0581,Majid Al Futtaim Al Nuaimiya Views,DEV0018,Ajman,Ajman,Al Nuaimiya,Central UAE,Villa,Luxury,3BR,Ready,4235.1,28711226,6779.41,60,2022,False,True,DLD-NOC-501435,RERA-60392,"Pool,Gym,Parking",73.8,4.1,1.3,13.67
PROP0582,Reportage Properties Al Reef Heights,DEV0015,Abu Dhabi,Abu Dhabi,Al Reef,South UAE,Townhouse,Mid-Market,2BR,Off-Plan,4043.4,4651632,1150.43,30,2022,True,True,DLD-NOC-755912,RERA-17230,"Pool,Gym,Kids Play,Parking",64.4,5.7,4.3,24.75
PROP0583,Select Group DAMAC Hills Park,DEV0014,Dubai,Dubai,DAMAC Hills,South UAE,Plot,Premium,1BR,Off-Plan,1975.8,4496401,2275.74,191,2023,True,True,DLD-NOC-167585,RERA-35663,"Pool,Gym,Parking,Concierge,Spa",92.0,0.9,5.0,21.59
PROP0584,DAMAC Properties MBR City Heights,DEV0002,Dubai,Dubai,MBR City,South UAE,Apartment,Mid-Market,2BR,Ready,1248.6,1290227,1033.35,103,2024,True,False,DLD-NOC-795200,RERA-25733,"Pool,Gym,Parking,Concierge,Spa",41.7,1.6,4.1,17.48
PROP0585,Azizi Developments Muwaileh Heights,DEV0007,Sharjah,Sharjah,Muwaileh,Central UAE,Penthouse,Mid-Market,2BR,Ready,431.5,625948,1450.79,167,2019,True,False,DLD-NOC-911030,RERA-45384,"Pool,Gym,Parking",52.8,3.0,1.1,33.11
PROP0586,Select Group DAMAC Hills Gardens,DEV0014,Dubai,Dubai,DAMAC Hills,South UAE,Apartment,Affordable,4BR,Off-Plan,1899.0,867221,456.67,109,2021,True,False,DLD-NOC-938264,RERA-19508,"Pool,Gym,Kids Play,Parking",74.3,0.7,3.6,16.75
PROP0587,Imtiaz Developments Al Nahda Park,DEV0013,Sharjah,Sharjah,Al Nahda,Central UAE,Penthouse,Affordable,1BR,Off-Plan,650.9,515795,792.38,98,2021,True,False,DLD-NOC-228856,RERA-67255,"Pool,Gym,Parking",43.9,2.1,4.3,26.91
PROP0588,Dubai Properties Al Hamra Village Gardens,DEV0019,Ras Al Khaimah,Ras Al Khaimah,Al Hamra Village,North UAE,Villa,Affordable,Studio,Ready,2418.2,1606117,664.19,117,2021,True,False,DLD-NOC-677924,RERA-23299,"Pool,Gym,Kids Play,Parking",48.7,2.4,3.0,24.31
PROP0589,Emaar Properties MBR City Heights,DEV0001,Dubai,Dubai,MBR City,South UAE,Apartment,Premium,1BR,Off-Plan,1056.1,1703849,1613.27,38,2023,True,False,DLD-NOC-666400,RERA-11070,"Parking,Gym",53.6,7.8,2.2,21.16
PROP0590,Dubai Properties MBR City Views,DEV0019,Dubai,Dubai,MBR City,South UAE,Commercial,Premium,3BR,Off-Plan,983.0,2890514,2940.36,170,2023,True,True,DLD-NOC-148590,RERA-70839,"Pool,Gym,Parking,Concierge,Spa",75.5,6.1,0.9,22.64
PROP0591,Imtiaz Developments Dubai South Heights,DEV0013,Dubai,Dubai,Dubai South,South UAE,Apartment,Mid-Market,1BR,Ready,926.2,1002632,1082.51,5,2023,True,False,DLD-NOC-371894,RERA-86731,"Pool,Gym,Kids Play,Parking",88.9,2.6,3.8,15.36
PROP0592,Samana Developers JVC Heights,DEV0016,Dubai,Dubai,JVC,South UAE,Apartment,Mid-Market,Studio,Ready,773.3,693307,896.59,127,2020,True,False,DLD-NOC-992362,RERA-58952,"Gym,Parking,BBQ Area",48.9,0.2,1.2,20.26
PROP0593,Emaar Properties Dubai South Gardens,DEV0001,Dubai,Dubai,Dubai South,South UAE,Villa,Premium,3BR,Off-Plan,3210.1,7267053,2263.78,67,2019,True,True,DLD-NOC-461971,RERA-46398,"Pool,Gym,Parking,Concierge,Spa",85.3,6.1,4.3,27.55
PROP0594,Tiger Properties Motor City Residences,DEV0012,Dubai,Dubai,Motor City,South UAE,Apartment,Mid-Market,1BR,Ready,1578.2,1996444,1264.99,127,2024,True,False,DLD-NOC-728591,RERA-67569,"Parking,Gym",84.2,0.2,2.3,19.64
PROP0595,Ellington Properties Al Yarmook Gardens,DEV0010,Sharjah,Sharjah,Al Yarmook,Central UAE,Studio,Luxury,2BR,Ready,645.8,4143787,6416.24,63,2022,False,True,DLD-NOC-915055,RERA-24589,"Pool,Gym,Parking",65.8,1.9,2.1,19.73
PROP0596,Imtiaz Developments JBR Heights,DEV0013,Dubai,Dubai,JBR,South UAE,Townhouse,Mid-Market,2BR,Off-Plan,2669.8,2582120,967.14,114,2019,True,True,DLD-NOC-460283,RERA-61101,"Pool,Gym,Parking",47.0,6.5,0.9,13.16
PROP0597,Select Group JBR Heights,DEV0014,Dubai,Dubai,JBR,South UAE,Penthouse,Premium,1BR,Ready,672.5,1315521,1956.22,142,2024,True,False,DLD-NOC-466750,RERA-54723,"Pool,Gym,Parking",88.2,3.5,2.6,24.31
PROP0598,Majid Al Futtaim Corniche Residences,DEV0018,Abu Dhabi,Abu Dhabi,Corniche,South UAE,Apartment,Mid-Market,5BR+,Ready,1656.1,2021312,1220.55,23,2021,False,True,DLD-NOC-408866,RERA-10193,"Pool,Gym,Kids Play,Parking",49.7,5.0,4.4,13.29
PROP0599,Majid Al Futtaim DAMAC Hills Views,DEV0018,Dubai,Dubai,DAMAC Hills,South UAE,Apartment,Mid-Market,1BR,Ready,1645.5,1488752,904.76,101,2021,True,False,DLD-NOC-537083,RERA-20497,"Pool,Gym,Kids Play,Parking",71.9,6.9,3.8,20.65
PROP0600,Meydan Group Yas Island Tower,DEV0020,Abu Dhabi,Abu Dhabi,Yas Island,South UAE,Apartment,Affordable,1BR,Off-Plan,856.1,477482,557.77,161,2019,False,False,DLD-NOC-908219,RERA-69350,"Gym,Parking,BBQ Area",65.7,7.8,1.5,21.96
PROP0601,Danube Properties Al Furjan Tower,DEV0008,Dubai,Dubai,Al Furjan,South UAE,Penthouse,Premium,5BR+,Ready,1880.2,3216219,1710.62,116,2021,True,True,DLD-NOC-649006,RERA-98968,"Pool,Gym,Parking",71.6,4.0,3.7,32.08
PROP0602,Samana Developers Al Taawun Gardens,DEV0016,Sharjah,Sharjah,Al Taawun,Central UAE,Apartment,Affordable,5BR+,Ready,624.1,233473,374.08,137,2022,True,False,DLD-NOC-942681,RERA-21835,"Pool,Gym,Kids Play,Parking",51.5,4.2,2.2,31.01
PROP0603,Danube Properties Corniche Tower,DEV0008,Abu Dhabi,Abu Dhabi,Corniche,South UAE,Villa,Affordable,Studio,Ready,2581.5,1236213,478.88,36,2023,False,False,DLD-NOC-179755,RERA-42949,"Pool,Gym,Kids Play,Parking",47.0,0.8,3.8,25.49
PROP0604,Binghatti Yas Acres Residences,DEV0009,Abu Dhabi,Abu Dhabi,Yas Acres,South UAE,Apartment,Premium,3BR,Ready,1141.3,1955093,1712.97,125,2022,True,False,DLD-NOC-802011,RERA-77045,"Pool,Gym,Parking",90.3,4.7,3.2,31.76
PROP0605,Select Group Masdar City Tower,DEV0014,Abu Dhabi,Abu Dhabi,Masdar City,South UAE,Commercial,Luxury,2BR,Off-Plan,1255.5,4624838,3683.57,108,2025,True,True,DLD-NOC-833596,RERA-93212,"Parking,Gym",43.4,7.5,0.5,20.19
PROP0606,Samana Developers Palm Jumeirah Gardens,DEV0016,Dubai,Dubai,Palm Jumeirah,South UAE,Apartment,Affordable,2BR,Off-Plan,860.7,519945,604.07,215,2023,True,False,DLD-NOC-451380,RERA-13560,"Pool,Gym,Parking",88.8,1.9,1.4,19.12
PROP0607,Emaar Properties Muwaileh Park,DEV0001,Sharjah,Sharjah,Muwaileh,Central UAE,Commercial,Affordable,4BR,Ready,1788.3,712205,398.27,90,2021,False,False,DLD-NOC-778638,RERA-74350,"Pool,Gym,Kids Play,Parking",58.1,7.0,1.1,31.28
PROP0608,Imtiaz Developments Dubai Marina Park,DEV0013,Dubai,Dubai,Dubai Marina,South UAE,Commercial,Luxury,3BR,Ready,1972.8,7813871,3960.78,19,2021,True,True,DLD-NOC-925756,RERA-33874,"Gym,Parking,BBQ Area",45.0,7.1,3.2,21.07
PROP0609,RAK Properties Business Bay Gardens,DEV0011,Dubai,Dubai,Business Bay,South UAE,Penthouse,Premium,Studio,Off-Plan,1110.9,1870575,1683.82,11,2024,True,False,DLD-NOC-663718,RERA-54447,"Gym,Parking,BBQ Area",77.8,1.6,3.5,33.15
PROP0610,Imtiaz Developments Al Ghadeer Gardens,DEV0013,Abu Dhabi,Abu Dhabi,Al Ghadeer,South UAE,Villa,Mid-Market,3BR,Ready,2132.7,2789397,1307.92,17,2021,True,True,DLD-NOC-963969,RERA-91199,"Pool,Gym,Kids Play,Parking",67.2,3.8,3.5,31.38
PROP0611,Sobha Realty Al Barsha Park,DEV0006,Dubai,Dubai,Al Barsha,South UAE,Commercial,Premium,2BR,Off-Plan,1954.1,4031379,2063.0,93,2024,True,True,DLD-NOC-673151,RERA-94386,"Parking,Gym",77.3,7.2,4.3,18.62
PROP0612,Reportage Properties Dubai Marina Tower,DEV0015,Dubai,Dubai,Dubai Marina,South UAE,Apartment,Premium,2BR,Off-Plan,1672.1,3190385,1908.03,91,2025,True,True,DLD-NOC-645637,RERA-16551,"Pool,Gym,Parking",52.8,6.0,4.3,32.54
PROP0613,Meraas UAQ Old Town Tower,DEV0005,Umm Al Quwain,Umm Al Quwain,UAQ Old Town,North UAE,Apartment,Affordable,2BR,Off-Plan,1332.0,479663,360.1,16,2021,True,False,DLD-NOC-890190,RERA-27414,"Pool,Gym,Kids Play,Parking",43.1,6.0,2.7,34.33
PROP0614,Meydan Group Business Bay Gardens,DEV0020,Dubai,Dubai,Business Bay,South UAE,Villa,Premium,5BR+,Off-Plan,2563.9,5776571,2253.05,154,2023,True,True,DLD-NOC-932801,RERA-66100,"Pool,Gym,Kids Play,Parking",72.1,4.2,2.5,31.24
PROP0615,Majid Al Futtaim Al Yarmook Views,DEV0018,Sharjah,Sharjah,Al Yarmook,Central UAE,Townhouse,Premium,2BR,Ready,1340.3,2952956,2203.25,5,2024,True,True,DLD-NOC-814354,RERA-37123,"Pool,Gym,Kids Play,Parking",55.1,3.5,4.6,30.77
PROP0616,Emaar Properties Corniche Tower,DEV0001,Abu Dhabi,Abu Dhabi,Corniche,South UAE,Apartment,Ultra-Luxury,4BR,Ready,469.3,7032695,14986.46,65,2019,True,True,DLD-NOC-552918,RERA-78049,"Pool,Gym,Kids Play,Parking",49.1,3.4,3.0,27.2
PROP0617,Imtiaz Developments Khalifa City Park,DEV0013,Abu Dhabi,Abu Dhabi,Khalifa City,South UAE,Villa,Luxury,1BR,Ready,4269.8,17587692,4119.09,99,2025,False,True,DLD-NOC-258468,RERA-51528,"Pool,Gym,Parking",72.8,0.2,1.2,16.19
PROP0618,Dubai Properties Dubai Marina Views,DEV0019,Dubai,Dubai,Dubai Marina,South UAE,Villa,Mid-Market,3BR,Ready,2130.8,2040034,957.39,109,2023,True,True,DLD-NOC-640644,RERA-53572,"Pool,Gym,Kids Play,Parking",71.3,4.4,1.1,18.97
PROP0619,Dubai Properties Dubai Hills Estate Views,DEV0019,Dubai,Dubai,Dubai Hills Estate,South UAE,Commercial,Mid-Market,4BR,Ready,1366.1,1928610,1411.75,35,2023,True,False,DLD-NOC-235379,RERA-28229,"Gym,Parking,BBQ Area",54.5,0.3,4.5,25.97
PROP0620,Emaar Properties Al Reef Park,DEV0001,Abu Dhabi,Abu Dhabi,Al Reef,South UAE,Apartment,Mid-Market,3BR,Off-Plan,1775.1,2622409,1477.33,28,2024,True,True,DLD-NOC-839520,RERA-74555,"Pool,Gym,Kids Play,Parking",54.5,3.0,1.6,31.18
PROP0621,Aldar Properties Al Marjan Island Heights,DEV0003,Ras Al Khaimah,Ras Al Khaimah,Al Marjan Island,North UAE,Studio,Premium,3BR,Off-Plan,1393.1,2839119,2038.06,31,2020,True,True,DLD-NOC-697908,RERA-91731,"Parking,Gym",93.1,4.0,1.3,13.34
PROP0622,Select Group Al Furjan Gardens,DEV0014,Dubai,Dubai,Al Furjan,South UAE,Townhouse,Mid-Market,3BR,Off-Plan,746.1,1007825,1350.82,6,2020,True,False,DLD-NOC-897281,RERA-75430,"Pool,Gym,Kids Play,Parking",73.1,2.6,0.5,24.1
PROP0623,Meraas Khalifa City Gardens,DEV0005,Abu Dhabi,Abu Dhabi,Khalifa City,South UAE,Penthouse,Premium,3BR,Off-Plan,542.1,1578142,2910.95,136,2022,True,False,DLD-NOC-901223,RERA-93080,"Pool,Gym,Parking",89.5,0.9,1.2,12.43
PROP0624,Reportage Properties MBR City Tower,DEV0015,Dubai,Dubai,MBR City,South UAE,Plot,Premium,1BR,Off-Plan,1673.1,3656252,2185.32,55,2021,True,True,DLD-NOC-410426,RERA-10599,"Parking,Gym",57.4,7.6,2.2,22.21
PROP0625,Sobha Realty Al Hamra Village Residences,DEV0006,Ras Al Khaimah,Ras Al Khaimah,Al Hamra Village,North UAE,Townhouse,Ultra-Luxury,1BR,Off-Plan,2656.7,35544900,13379.38,79,2025,True,True,DLD-NOC-662953,RERA-14071,"Pool,Gym,Parking",69.2,0.2,3.4,31.61
PROP0626,DAMAC Properties Arabian Ranches Tower,DEV0002,Dubai,Dubai,Arabian Ranches,South UAE,Apartment,Luxury,4BR,Ready,1609.4,7455452,4632.47,82,2022,True,True,DLD-NOC-171031,RERA-26228,"Pool,Gym,Parking",80.3,5.7,1.7,22.56
PROP0627,Binghatti Al Jurf Views,DEV0009,Ajman,Ajman,Al Jurf,Central UAE,Apartment,Mid-Market,2BR,Off-Plan,1700.3,1590195,935.24,79,2023,True,False,DLD-NOC-515015,RERA-96643,"Pool,Gym,Parking,Concierge,Spa",70.9,1.0,4.4,20.0
PROP0628,Imtiaz Developments Arabian Ranches Heights,DEV0013,Dubai,Dubai,Arabian Ranches,South UAE,Studio,Affordable,Studio,Ready,801.3,358831,447.8,104,2020,True,False,DLD-NOC-841633,RERA-44830,"Pool,Gym,Parking",57.9,5.4,1.8,20.55
PROP0629,RAK Properties Saadiyat Island Heights,DEV0011,Abu Dhabi,Abu Dhabi,Saadiyat Island,South UAE,Commercial,Premium,1BR,Ready,1664.9,4314540,2591.44,129,2024,True,True,DLD-NOC-459110,RERA-87587,"Pool,Gym,Parking",59.0,3.5,0.6,32.83
PROP0630,Azizi Developments Yas Island Gardens,DEV0007,Abu Dhabi,Abu Dhabi,Yas Island,South UAE,Apartment,Mid-Market,4BR,Off-Plan,1263.6,1859579,1471.62,118,2022,True,False,DLD-NOC-668536,RERA-76203,"Gym,Parking,BBQ Area",67.6,8.0,4.6,30.04
PROP0631,Reportage Properties Masdar City Tower,DEV0015,Abu Dhabi,Abu Dhabi,Masdar City,South UAE,Apartment,Mid-Market,5BR+,Off-Plan,995.5,1205257,1210.69,35,2019,True,False,DLD-NOC-364182,RERA-27147,"Parking,Gym",91.5,3.9,1.2,28.75
PROP0632,RAK Properties Mina Al Arab Gardens,DEV0011,Ras Al Khaimah,Ras Al Khaimah,Mina Al Arab,North UAE,Apartment,Affordable,1BR,Off-Plan,809.3,500711,618.7,81,2025,True,False,DLD-NOC-752818,RERA-60566,"Gym,Parking,BBQ Area",40.8,2.8,3.5,13.21
PROP0633,RAK Properties Dubai Marina Heights,DEV0011,Dubai,Dubai,Dubai Marina,South UAE,Commercial,Luxury,1BR,Ready,1351.1,8426941,6236.89,57,2022,True,True,DLD-NOC-826508,RERA-26486,"Pool,Gym,Parking",61.0,5.6,3.6,20.32
PROP0634,Imtiaz Developments Yas Acres Heights,DEV0013,Abu Dhabi,Abu Dhabi,Yas Acres,South UAE,Studio,Mid-Market,1BR,Off-Plan,1004.2,1037959,1033.6,37,2019,True,False,DLD-NOC-620670,RERA-85409,"Pool,Gym,Parking",74.6,7.9,0.9,25.99
PROP0635,Binghatti Al Hamra Village Gardens,DEV0009,Ras Al Khaimah,Ras Al Khaimah,Al Hamra Village,North UAE,Apartment,Mid-Market,1BR,Off-Plan,1382.8,1730222,1251.24,17,2022,True,False,DLD-NOC-269664,RERA-73069,"Pool,Gym,Parking",93.4,1.1,4.2,23.58
PROP0636,Select Group Dubai South Park,DEV0014,Dubai,Dubai,Dubai South,South UAE,Apartment,Mid-Market,2BR,Off-Plan,1824.7,2246022,1230.92,97,2019,True,True,DLD-NOC-966973,RERA-86543,"Pool,Gym,Kids Play,Parking",90.5,5.6,4.2,33.82
PROP0637,Binghatti Dibba Heights,DEV0009,Fujairah,Fujairah,Dibba,North UAE,Penthouse,Premium,2BR,Ready,1368.2,3496920,2555.94,77,2023,True,True,DLD-NOC-559768,RERA-35029,"Pool,Gym,Parking,Concierge,Spa",50.3,1.9,1.3,20.11
PROP0638,Aldar Properties Downtown Dubai Tower,DEV0003,Dubai,Dubai,Downtown Dubai,South UAE,Apartment,Mid-Market,3BR,Ready,1439.9,2001054,1389.69,130,2023,True,True,DLD-NOC-933214,RERA-42141,"Pool,Gym,Parking",50.8,4.1,4.3,23.91
PROP0639,Samana Developers Al Furjan Residences,DEV0016,Dubai,Dubai,Al Furjan,South UAE,Villa,Affordable,1BR,Ready,2662.6,2164764,813.04,26,2020,True,True,DLD-NOC-320626,RERA-65688,"Pool,Gym,Parking",67.7,2.1,1.5,14.51
PROP0640,Emaar Properties Sports City Views,DEV0001,Dubai,Dubai,Sports City,South UAE,Plot,Mid-Market,1BR,Off-Plan,1874.0,1845767,984.92,7,2021,True,False,DLD-NOC-821900,RERA-33947,"Gym,Parking,BBQ Area",79.4,6.6,1.2,33.59
PROP0641,Majid Al Futtaim Al Raha Beach Tower,DEV0018,Abu Dhabi,Abu Dhabi,Al Raha Beach,South UAE,Studio,Luxury,3BR,Ready,1669.8,11047027,6615.74,66,2020,True,True,DLD-NOC-154751,RERA-84719,"Gym,Parking,BBQ Area",66.8,5.7,1.8,22.86
PROP0642,DAMAC Properties Saadiyat Island Views,DEV0002,Abu Dhabi,Abu Dhabi,Saadiyat Island,South UAE,Commercial,Ultra-Luxury,2BR,Off-Plan,1836.0,19371633,10550.95,87,2025,True,True,DLD-NOC-151900,RERA-80496,"Parking,Gym",60.2,4.8,0.6,23.09
PROP0643,Tiger Properties Al Reem Island Tower,DEV0012,Abu Dhabi,Abu Dhabi,Al Reem Island,South UAE,Apartment,Mid-Market,2BR,Off-Plan,903.9,843668,933.34,138,2021,True,False,DLD-NOC-118173,RERA-92753,"Pool,Gym,Parking",73.6,6.4,2.4,15.24
PROP0644,Danube Properties Mina Al Arab Views,DEV0008,Ras Al Khaimah,Ras Al Khaimah,Mina Al Arab,North UAE,Commercial,Ultra-Luxury,1BR,Ready,1086.2,18368787,16911.12,73,2019,True,True,DLD-NOC-520000,RERA-54116,"Pool,Gym,Parking",62.4,0.7,2.4,29.62
PROP0645,Aldar Properties Al Yarmook Views,DEV0003,Sharjah,Sharjah,Al Yarmook,Central UAE,Apartment,Mid-Market,Studio,Off-Plan,1447.8,1841760,1272.11,30,2019,False,False,DLD-NOC-265211,RERA-23654,"Pool,Gym,Parking,Concierge,Spa",41.0,3.2,4.2,26.67
PROP0646,DAMAC Properties Downtown Dubai Gardens,DEV0002,Dubai,Dubai,Downtown Dubai,South UAE,Plot,Premium,4BR,Off-Plan,742.0,1510617,2035.76,57,2021,True,False,DLD-NOC-613195,RERA-15787,"Pool,Gym,Kids Play,Parking",42.7,7.0,4.4,20.3
PROP0647,Emaar Properties Al Barsha Gardens,DEV0001,Dubai,Dubai,Al Barsha,South UAE,Apartment,Premium,2BR,Ready,701.8,1973692,2812.45,15,2023,True,False,DLD-NOC-220418,RERA-24847,"Parking,Gym",43.8,4.0,4.7,18.07
PROP0648,Danube Properties DAMAC Hills Heights,DEV0008,Dubai,Dubai,DAMAC Hills,South UAE,Apartment,Luxury,1BR,Off-Plan,1021.5,3517229,3443.27,7,2025,True,True,DLD-NOC-305158,RERA-27624,"Pool,Gym,Parking,Concierge,Spa",92.8,7.6,1.7,24.33
PROP0649,Azizi Developments Dubai Hills Estate Tower,DEV0007,Dubai,Dubai,Dubai Hills Estate,South UAE,Apartment,Mid-Market,1BR,Off-Plan,1799.5,2557940,1421.51,93,2019,True,True,DLD-NOC-483377,RERA-18172,"Parking,Gym",94.5,3.8,2.9,24.28
PROP0650,Emaar Properties Dubai Creek Harbour Park,DEV0001,Dubai,Dubai,Dubai Creek Harbour,South UAE,Townhouse,Luxury,1BR,Ready,3843.5,14088002,3665.4,33,2025,True,True,DLD-NOC-492457,RERA-80906,"Pool,Gym,Parking",73.1,2.1,2.7,34.85
PROP0651,Meydan Group Khalifa City Park,DEV0020,Abu Dhabi,Abu Dhabi,Khalifa City,South UAE,Villa,Mid-Market,1BR,Ready,713.3,1013258,1420.55,236,2025,True,False,DLD-NOC-305186,RERA-54381,"Pool,Gym,Kids Play,Parking",53.0,7.3,4.7,12.54
PROP0652,Meraas Mina Al Arab Tower,DEV0005,Ras Al Khaimah,Ras Al Khaimah,Mina Al Arab,North UAE,Penthouse,Premium,1BR,Off-Plan,1982.8,3130323,1578.73,90,2019,True,True,DLD-NOC-694285,RERA-90041,"Pool,Gym,Parking",89.5,0.7,4.6,23.79
PROP0653,Danube Properties Khalifa City Heights,DEV0008,Abu Dhabi,Abu Dhabi,Khalifa City,South UAE,Villa,Premium,3BR,Ready,1728.9,4935868,2854.94,115,2025,True,True,DLD-NOC-518510,RERA-31741,"Pool,Gym,Kids Play,Parking",52.0,3.6,2.2,25.78
PROP0654,Meraas Palm Jumeirah Heights,DEV0005,Dubai,Dubai,Palm Jumeirah,South UAE,Plot,Mid-Market,1BR,Off-Plan,402.5,481765,1197.02,22,2024,True,False,DLD-NOC-171610,RERA-90309,"Pool,Gym,Parking",74.0,0.3,0.6,28.92
PROP0655,Samana Developers Saadiyat Island Heights,DEV0016,Abu Dhabi,Abu Dhabi,Saadiyat Island,South UAE,Villa,Mid-Market,4BR,Off-Plan,3499.4,3360210,960.23,23,2022,False,True,DLD-NOC-494767,RERA-51531,"Pool,Gym,Parking",76.4,6.7,4.1,20.8
PROP0656,Nakheel MBR City Heights,DEV0004,Dubai,Dubai,MBR City,South UAE,Apartment,Affordable,2BR,Off-Plan,892.9,548205,613.97,48,2020,True,False,DLD-NOC-538517,RERA-38520,"Pool,Gym,Parking",44.8,6.5,4.8,17.57
PROP0657,Dubai Properties Meydan Heights,DEV0019,Dubai,Dubai,Meydan,South UAE,Townhouse,Mid-Market,1BR,Off-Plan,2571.8,2853297,1109.47,60,2023,True,True,DLD-NOC-119639,RERA-65218,"Pool,Gym,Parking",47.3,2.9,3.6,26.1
PROP0658,Azizi Developments Masdar City Tower,DEV0007,Abu Dhabi,Abu Dhabi,Masdar City,South UAE,Townhouse,Mid-Market,Studio,Off-Plan,2998.8,3260037,1087.1,26,2021,False,True,DLD-NOC-318145,RERA-53257,"Pool,Gym,Parking",79.7,0.3,2.3,14.12
PROP0659,Reportage Properties Dubai Hills Estate Heights,DEV0015,Dubai,Dubai,Dubai Hills Estate,South UAE,Commercial,Mid-Market,Studio,Off-Plan,1950.6,2775330,1422.77,49,2019,True,True,DLD-NOC-487590,RERA-85223,"Pool,Gym,Parking,Concierge,Spa",76.6,3.0,4.3,15.67
PROP0660,Binghatti Dubai South Residences,DEV0009,Dubai,Dubai,Dubai South,South UAE,Townhouse,Mid-Market,1BR,Off-Plan,1020.9,1024212,1003.23,35,2019,True,False,DLD-NOC-564351,RERA-90239,"Pool,Gym,Parking",88.1,5.2,1.3,12.81
PROP0661,Tiger Properties JVC Tower,DEV0012,Dubai,Dubai,JVC,South UAE,Apartment,Luxury,2BR,Ready,619.7,2584266,4170.17,19,2020,True,True,DLD-NOC-176690,RERA-74756,"Pool,Gym,Parking,Concierge,Spa",87.5,3.2,2.1,19.68
PROP0662,Sobha Realty JVC Tower,DEV0006,Dubai,Dubai,JVC,South UAE,Apartment,Affordable,2BR,Off-Plan,1483.5,1014486,683.83,178,2025,True,False,DLD-NOC-413194,RERA-11255,"Gym,Parking,BBQ Area",52.6,0.8,4.8,22.14
PROP0663,Meydan Group Al Reef Park,DEV0020,Abu Dhabi,Abu Dhabi,Al Reef,South UAE,Apartment,Affordable,1BR,Ready,526.7,218856,415.51,373,2025,False,False,DLD-NOC-186486,RERA-46135,"Pool,Gym,Parking",80.5,4.9,3.0,32.27
PROP0664,Meydan Group Al Barsha Tower,DEV0020,Dubai,Dubai,Al Barsha,South UAE,Villa,Mid-Market,Studio,Off-Plan,1063.3,953945,897.11,97,2020,True,False,DLD-NOC-358196,RERA-83676,"Pool,Gym,Parking",55.8,3.8,0.7,31.84
PROP0665,Nakheel Al Barsha Views,DEV0004,Dubai,Dubai,Al Barsha,South UAE,Commercial,Luxury,2BR,Off-Plan,1027.7,5785006,5629.24,126,2025,True,True,DLD-NOC-109577,RERA-46403,"Pool,Gym,Parking,Concierge,Spa",80.9,6.8,0.6,12.08
PROP0666,Sobha Realty Dubai Creek Harbour Heights,DEV0006,Dubai,Dubai,Dubai Creek Harbour,South UAE,Villa,Mid-Market,2BR,Off-Plan,2537.3,3086658,1216.49,132,2024,True,True,DLD-NOC-566611,RERA-81620,"Pool,Gym,Parking,Concierge,Spa",61.8,3.2,1.8,20.16
PROP0667,Ellington Properties Qidfa Gardens,DEV0010,Fujairah,Fujairah,Qidfa,North UAE,Villa,Luxury,1BR,Ready,1594.0,9201370,5772.44,20,2020,False,True,DLD-NOC-815240,RERA-94003,"Gym,Parking,BBQ Area",41.2,6.1,4.5,26.47
PROP0668,Nakheel Al Rashidiya Heights,DEV0004,Ajman,Ajman,Al Rashidiya,Central UAE,Commercial,Mid-Market,5BR+,Off-Plan,807.8,734661,909.43,99,2019,True,False,DLD-NOC-450280,RERA-77738,"Pool,Gym,Kids Play,Parking",83.8,4.9,1.8,20.43
PROP0669,Dubai Properties Al Nahda Park,DEV0019,Sharjah,Sharjah,Al Nahda,Central UAE,Apartment,Premium,2BR,Off-Plan,1373.4,2700313,1966.15,252,2019,True,True,DLD-NOC-358480,RERA-39578,"Pool,Gym,Parking,Concierge,Spa",80.5,6.1,4.6,30.94
PROP0670,Emaar Properties Arabian Ranches Residences,DEV0001,Dubai,Dubai,Arabian Ranches,South UAE,Studio,Mid-Market,4BR,Ready,1548.6,2155016,1391.62,105,2021,True,True,DLD-NOC-825406,RERA-55519,"Pool,Gym,Parking",61.7,3.2,1.8,14.97
PROP0671,Ellington Properties JVC Park,DEV0010,Dubai,Dubai,JVC,South UAE,Apartment,Mid-Market,1BR,Off-Plan,1271.3,1316602,1035.67,34,2023,True,False,DLD-NOC-826900,RERA-67916,"Pool,Gym,Kids Play,Parking",71.1,6.7,1.5,30.91
PROP0672,Dubai Properties Ajman Corniche Residences,DEV0019,Ajman,Ajman,Ajman Corniche,Central UAE,Apartment,Affordable,1BR,Ready,861.4,364996,423.74,212,2021,True,False,DLD-NOC-624571,RERA-64636,"Pool,Gym,Parking",84.5,1.7,4.8,29.09
PROP0673,Imtiaz Developments Al Furjan Tower,DEV0013,Dubai,Dubai,Al Furjan,South UAE,Apartment,Affordable,2BR,Off-Plan,1632.1,1262033,773.28,113,2022,True,False,DLD-NOC-717107,RERA-86760,"Pool,Gym,Parking,Concierge,Spa",89.8,1.1,3.9,13.44
PROP0674,Imtiaz Developments Mina Al Arab Park,DEV0013,Ras Al Khaimah,Ras Al Khaimah,Mina Al Arab,North UAE,Studio,Affordable,1BR,Ready,655.4,246891,376.7,34,2022,True,False,DLD-NOC-196313,RERA-34587,"Pool,Gym,Parking,Concierge,Spa",82.6,0.5,3.8,23.73
PROP0675,Azizi Developments Mina Al Arab Views,DEV0007,Ras Al Khaimah,Ras Al Khaimah,Mina Al Arab,North UAE,Apartment,Premium,2BR,Ready,617.6,1057746,1712.74,107,2019,True,False,DLD-NOC-315769,RERA-18426,"Pool,Gym,Parking",68.8,2.2,2.3,13.28
PROP0676,Aldar Properties Dubai Creek Harbour Views,DEV0003,Dubai,Dubai,Dubai Creek Harbour,South UAE,Apartment,Premium,2BR,Ready,1062.4,1999083,1881.66,37,2024,True,False,DLD-NOC-310076,RERA-82270,"Pool,Gym,Parking",76.4,4.1,3.9,33.06
PROP0677,Dubai Properties Al Furjan Heights,DEV0019,Dubai,Dubai,Al Furjan,South UAE,Villa,Luxury,2BR,Off-Plan,2368.7,14605486,6165.97,22,2020,True,True,DLD-NOC-964798,RERA-55685,"Parking,Gym",86.3,4.3,1.8,23.22
PROP0678,Danube Properties Al Rashidiya Tower,DEV0008,Ajman,Ajman,Al Rashidiya,Central UAE,Villa,Affordable,1BR,Ready,1325.9,742076,559.66,40,2020,False,False,DLD-NOC-456803,RERA-42113,"Pool,Gym,Parking",54.4,6.5,4.9,21.95
PROP0679,Nakheel Corniche Park,DEV0004,Abu Dhabi,Abu Dhabi,Corniche,South UAE,Townhouse,Affordable,2BR,Off-Plan,4500.6,2537643,563.85,177,2022,False,True,DLD-NOC-393064,RERA-88395,"Pool,Gym,Parking",61.2,3.8,4.1,14.88
PROP0680,Ellington Properties Dubai South Tower,DEV0010,Dubai,Dubai,Dubai South,South UAE,Villa,Mid-Market,1BR,Off-Plan,677.2,839314,1239.37,42,2022,True,False,DLD-NOC-928532,RERA-99684,"Pool,Gym,Kids Play,Parking",81.9,5.7,1.7,25.32
PROP0681,Meydan Group Dubai South Heights,DEV0020,Dubai,Dubai,Dubai South,South UAE,Apartment,Mid-Market,2BR,Ready,1111.7,1456533,1310.17,245,2024,True,False,DLD-NOC-276262,RERA-59602,"Parking,Gym",57.3,5.9,2.9,31.03
PROP0682,Nakheel Dubai Hills Estate Tower,DEV0004,Dubai,Dubai,Dubai Hills Estate,South UAE,Apartment,Affordable,1BR,Ready,1992.7,1343256,674.08,220,2022,True,False,DLD-NOC-616556,RERA-70780,"Pool,Gym,Parking",73.1,1.8,4.1,26.6
PROP0683,Dubai Properties Dubai Creek Harbour Park,DEV0019,Dubai,Dubai,Dubai Creek Harbour,South UAE,Apartment,Luxury,5BR+,Ready,1235.1,4021931,3256.3,22,2020,True,True,DLD-NOC-655004,RERA-94320,"Gym,Parking,BBQ Area",52.2,0.6,4.8,26.81
PROP0684,DAMAC Properties Khalifa City Tower,DEV0002,Abu Dhabi,Abu Dhabi,Khalifa City,South UAE,Apartment,Luxury,3BR,Ready,953.1,6089699,6389.15,31,2022,True,True,DLD-NOC-718109,RERA-63403,"Parking,Gym",48.4,1.7,0.6,34.13
PROP0685,Tiger Properties JBR Gardens,DEV0012,Dubai,Dubai,JBR,South UAE,Villa,Affordable,Studio,Ready,3441.3,1372339,398.79,141,2025,True,False,DLD-NOC-502449,RERA-44186,"Parking,Gym",66.7,6.3,1.9,34.68
PROP0686,Majid Al Futtaim Al Reem Island Tower,DEV0018,Abu Dhabi,Abu Dhabi,Al Reem Island,South UAE,Studio,Mid-Market,1BR,Off-Plan,1878.4,2166119,1153.16,34,2019,True,True,DLD-NOC-329303,RERA-47286,"Pool,Gym,Parking",55.3,6.1,4.7,33.02
PROP0687,Select Group Al Hamra Village Park,DEV0014,Ras Al Khaimah,Ras Al Khaimah,Al Hamra Village,North UAE,Plot,Mid-Market,3BR,Ready,501.7,448596,894.21,111,2025,True,False,DLD-NOC-655745,RERA-92186,"Parking,Gym",44.0,7.3,1.2,26.25
PROP0688,Tiger Properties Dubai South Park,DEV0012,Dubai,Dubai,Dubai South,South UAE,Penthouse,Mid-Market,1BR,Ready,1474.5,1912505,1297.02,98,2021,True,False,DLD-NOC-304565,RERA-26399,"Pool,Gym,Parking,Concierge,Spa",58.1,7.2,2.8,19.59
PROP0689,Aldar Properties Yas Acres Views,DEV0003,Abu Dhabi,Abu Dhabi,Yas Acres,South UAE,Commercial,Mid-Market,1BR,Off-Plan,1852.4,2216367,1196.51,44,2025,True,True,DLD-NOC-253434,RERA-57981,"Pool,Gym,Parking,Concierge,Spa",86.3,4.7,1.2,32.99
PROP0690,Object 1 Meydan Residences,DEV0017,Dubai,Dubai,Meydan,South UAE,Apartment,Premium,2BR,Off-Plan,1511.0,2886682,1910.43,51,2022,True,True,DLD-NOC-347498,RERA-35525,"Pool,Gym,Parking",83.7,5.8,4.9,19.34
PROP0691,RAK Properties Al Barsha Tower,DEV0011,Dubai,Dubai,Al Barsha,South UAE,Apartment,Mid-Market,3BR,Ready,1048.6,1232544,1175.47,143,2020,True,False,DLD-NOC-188446,RERA-97430,"Pool,Gym,Kids Play,Parking",66.6,4.4,1.4,18.39
PROP0692,Emaar Properties Al Ghadeer Park,DEV0001,Abu Dhabi,Abu Dhabi,Al Ghadeer,South UAE,Villa,Mid-Market,4BR,Off-Plan,1708.0,2269260,1328.64,76,2019,False,True,DLD-NOC-702422,RERA-49281,"Pool,Gym,Parking,Concierge,Spa",65.6,1.2,1.4,20.06
PROP0693,Select Group Dubai Marina Park,DEV0014,Dubai,Dubai,Dubai Marina,South UAE,Villa,Ultra-Luxury,2BR,Off-Plan,2347.0,33120549,14111.62,149,2024,True,True,DLD-NOC-515737,RERA-61857,"Pool,Gym,Parking",46.9,3.8,4.4,21.18
PROP0694,Samana Developers Palm Jumeirah Park,DEV0016,Dubai,Dubai,Palm Jumeirah,South UAE,Studio,Affordable,Studio,Off-Plan,1413.8,799588,565.56,115,2025,True,False,DLD-NOC-115810,RERA-89022,"Pool,Gym,Parking",70.8,6.8,3.7,14.4
PROP0695,Nakheel Al Rashidiya Heights,DEV0004,Ajman,Ajman,Al Rashidiya,Central UAE,Townhouse,Premium,Studio,Off-Plan,3926.2,11111009,2829.95,17,2025,False,True,DLD-NOC-914141,RERA-68837,"Pool,Gym,Parking",61.0,2.7,4.8,22.09
PROP0696,Select Group Yas Acres Park,DEV0014,Abu Dhabi,Abu Dhabi,Yas Acres,South UAE,Apartment,Affordable,3BR,Off-Plan,1537.9,466322,303.22,52,2019,False,False,DLD-NOC-862236,RERA-90930,"Pool,Gym,Kids Play,Parking",57.6,0.5,4.8,21.19
PROP0697,Tiger Properties Al Barsha Views,DEV0012,Dubai,Dubai,Al Barsha,South UAE,Apartment,Affordable,1BR,Off-Plan,1952.5,1367774,700.53,62,2020,True,False,DLD-NOC-478137,RERA-65409,"Pool,Gym,Parking,Concierge,Spa",54.0,6.0,4.4,16.23
PROP0698,Reportage Properties Saadiyat Island Park,DEV0015,Abu Dhabi,Abu Dhabi,Saadiyat Island,South UAE,Villa,Affordable,4BR,Off-Plan,2594.5,1316346,507.37,155,2024,False,False,DLD-NOC-273464,RERA-47587,"Pool,Gym,Parking",85.6,3.6,1.3,17.63
PROP0699,Meraas Al Jurf Heights,DEV0005,Ajman,Ajman,Al Jurf,Central UAE,Townhouse,Affordable,1BR,Off-Plan,4580.3,2862751,625.02,116,2023,True,True,DLD-NOC-819378,RERA-43713,"Pool,Gym,Kids Play,Parking",80.6,3.1,0.5,17.68
PROP0700,Select Group Khalifa City Park,DEV0014,Abu Dhabi,Abu Dhabi,Khalifa City,South UAE,Commercial,Affordable,3BR,Ready,1691.9,623579,368.56,72,2023,True,False,DLD-NOC-978498,RERA-69548,"Pool,Gym,Kids Play,Parking",94.4,4.0,1.8,17.31
PROP0701,Sobha Realty Dubai Hills Estate Gardens,DEV0006,Dubai,Dubai,Dubai Hills Estate,South UAE,Apartment,Premium,Studio,Off-Plan,1454.8,2504171,1721.27,235,2024,True,True,DLD-NOC-696102,RERA-50964,"Parking,Gym",89.6,7.2,1.9,18.03
PROP0702,Object 1 Dubai Creek Harbour Tower,DEV0017,Dubai,Dubai,Dubai Creek Harbour,South UAE,Villa,Affordable,5BR+,Off-Plan,2818.1,2153934,764.33,24,2021,True,True,DLD-NOC-829417,RERA-54689,"Pool,Gym,Parking",92.1,5.7,1.2,17.95
PROP0703,Binghatti Yas Island Residences,DEV0009,Abu Dhabi,Abu Dhabi,Yas Island,South UAE,Apartment,Premium,2BR,Off-Plan,1436.2,2571725,1790.62,226,2021,True,True,DLD-NOC-759604,RERA-73595,"Pool,Gym,Parking,Concierge,Spa",94.8,0.7,1.0,23.95
PROP0704,Meydan Group Khalifa City Park,DEV0020,Abu Dhabi,Abu Dhabi,Khalifa City,South UAE,Apartment,Affordable,Studio,Off-Plan,938.2,618636,659.42,48,2022,False,False,DLD-NOC-817630,RERA-87818,"Pool,Gym,Parking",68.1,1.8,1.4,18.55
PROP0705,Majid Al Futtaim Dubai South Heights,DEV0018,Dubai,Dubai,Dubai South,South UAE,Studio,Luxury,2BR,Off-Plan,1792.5,6658500,3714.71,44,2022,True,True,DLD-NOC-358515,RERA-90651,"Parking,Gym",85.8,4.9,0.8,23.14
PROP0706,Samana Developers Yas Island Views,DEV0016,Abu Dhabi,Abu Dhabi,Yas Island,South UAE,Apartment,Mid-Market,1BR,Off-Plan,1360.4,1550900,1140.07,26,2024,True,False,DLD-NOC-463093,RERA-41111,"Parking,Gym",73.6,5.8,1.0,22.59
PROP0707,Reportage Properties Al Reem Island Residences,DEV0015,Abu Dhabi,Abu Dhabi,Al Reem Island,South UAE,Penthouse,Affordable,3BR,Off-Plan,676.2,432683,639.89,17,2019,True,False,DLD-NOC-808395,RERA-27746,"Parking,Gym",52.8,6.0,1.9,13.22
PROP0708,Select Group Business Bay Gardens,DEV0014,Dubai,Dubai,Business Bay,South UAE,Commercial,Ultra-Luxury,2BR,Ready,1033.7,7537092,7291.47,19,2023,True,True,DLD-NOC-140381,RERA-27668,"Pool,Gym,Parking",61.3,1.1,3.9,20.92
PROP0709,Dubai Properties Al Nahda Tower,DEV0019,Sharjah,Sharjah,Al Nahda,Central UAE,Apartment,Affordable,2BR,Ready,1164.3,707446,607.64,4,2024,True,False,DLD-NOC-424881,RERA-80721,"Pool,Gym,Parking,Concierge,Spa",62.4,1.8,4.8,31.28
PROP0710,Binghatti Al Ghadeer Views,DEV0009,Abu Dhabi,Abu Dhabi,Al Ghadeer,South UAE,Townhouse,Affordable,2BR,Ready,3261.6,2516113,771.44,105,2022,False,True,DLD-NOC-796411,RERA-62293,"Pool,Gym,Parking,Concierge,Spa",84.3,7.6,5.0,17.78
PROP0711,RAK Properties Al Salama Residences,DEV0011,Umm Al Quwain,Umm Al Quwain,Al Salama,North UAE,Penthouse,Mid-Market,2BR,Ready,1518.2,1531204,1008.56,172,2020,True,False,DLD-NOC-342327,RERA-83565,"Pool,Gym,Parking,Concierge,Spa",92.1,7.4,4.6,14.77
PROP0712,Danube Properties Al Marjan Island Tower,DEV0008,Ras Al Khaimah,Ras Al Khaimah,Al Marjan Island,North UAE,Apartment,Affordable,3BR,Off-Plan,792.4,604278,762.57,5,2020,True,False,DLD-NOC-967624,RERA-67870,"Pool,Gym,Kids Play,Parking",86.6,1.3,1.1,13.44
PROP0713,Aldar Properties Al Furjan Heights,DEV0003,Dubai,Dubai,Al Furjan,South UAE,Plot,Luxury,1BR,Off-Plan,547.6,3538850,6462.19,59,2022,True,True,DLD-NOC-453506,RERA-19851,"Pool,Gym,Parking,Concierge,Spa",69.7,7.0,1.4,12.04
PROP0714,Binghatti Al Dhait Park,DEV0009,Ras Al Khaimah,Ras Al Khaimah,Al Dhait,North UAE,Apartment,Mid-Market,2BR,Off-Plan,1208.0,1200192,993.56,117,2019,True,False,DLD-NOC-477248,RERA-60051,"Pool,Gym,Parking",64.3,5.8,2.7,14.71
PROP0715,Reportage Properties Al Raha Beach Residences,DEV0015,Abu Dhabi,Abu Dhabi,Al Raha Beach,South UAE,Apartment,Mid-Market,4BR,Ready,1686.5,2307205,1368.01,24,2019,False,True,DLD-NOC-772012,RERA-62075,"Parking,Gym",57.7,4.7,3.1,32.88
PROP0716,Danube Properties Al Reem Island Tower,DEV0008,Abu Dhabi,Abu Dhabi,Al Reem Island,South UAE,Townhouse,Mid-Market,2BR,Ready,4932.6,5605141,1136.35,33,2021,True,True,DLD-NOC-298899,RERA-35585,"Pool,Gym,Parking,Concierge,Spa",58.3,6.5,4.5,14.85
PROP0717,Reportage Properties Yas Acres Views,DEV0015,Abu Dhabi,Abu Dhabi,Yas Acres,South UAE,Commercial,Mid-Market,4BR,Off-Plan,1736.1,1619613,932.89,196,2023,True,False,DLD-NOC-853452,RERA-75578,"Parking,Gym",83.4,6.8,4.4,24.88
PROP0718,Dubai Properties Mina Al Arab Gardens,DEV0019,Ras Al Khaimah,Ras Al Khaimah,Mina Al Arab,North UAE,Townhouse,Mid-Market,1BR,Ready,2441.8,2469291,1011.28,53,2024,True,True,DLD-NOC-308461,RERA-95974,"Gym,Parking,BBQ Area",74.1,2.1,3.8,18.38
PROP0719,Meydan Group DAMAC Hills Park,DEV0020,Dubai,Dubai,DAMAC Hills,South UAE,Villa,Affordable,1BR,Off-Plan,1706.0,1325552,777.0,22,2025,True,False,DLD-NOC-626924,RERA-42998,"Pool,Gym,Parking,Concierge,Spa",60.0,0.7,2.8,19.01
PROP0720,Imtiaz Developments Downtown Dubai Gardens,DEV0013,Dubai,Dubai,Downtown Dubai,South UAE,Commercial,Mid-Market,1BR,Off-Plan,1814.7,2629867,1449.23,45,2024,True,True,DLD-NOC-394013,RERA-47664,"Pool,Gym,Parking",43.4,3.2,0.6,21.1
PROP0721,RAK Properties Al Furjan Heights,DEV0011,Dubai,Dubai,Al Furjan,South UAE,Studio,Premium,2BR,Ready,1088.1,2091565,1922.21,80,2025,True,True,DLD-NOC-308146,RERA-48514,"Pool,Gym,Parking",89.2,4.4,4.8,22.32
PROP0722,Emaar Properties Al Shamkha Park,DEV0001,Abu Dhabi,Abu Dhabi,Al Shamkha,South UAE,Townhouse,Luxury,2BR,Ready,1974.5,6530208,3307.22,61,2025,True,True,DLD-NOC-204770,RERA-80849,"Pool,Gym,Parking,Concierge,Spa",46.3,4.0,0.9,16.32
PROP0723,Samana Developers Al Taawun Views,DEV0016,Sharjah,Sharjah,Al Taawun,Central UAE,Apartment,Affordable,2BR,Ready,1578.9,1264032,800.59,63,2022,True,False,DLD-NOC-588032,RERA-44796,"Pool,Gym,Kids Play,Parking",69.4,5.4,4.1,30.5
PROP0724,RAK Properties Al Majaz Heights,DEV0011,Sharjah,Sharjah,Al Majaz,Central UAE,Plot,Affordable,4BR,Ready,1109.0,477425,430.49,14,2022,True,False,DLD-NOC-531061,RERA-75807,"Pool,Gym,Kids Play,Parking",44.1,5.7,4.7,19.95
PROP0725,Sobha Realty Sports City Gardens,DEV0006,Dubai,Dubai,Sports City,South UAE,Apartment,Mid-Market,3BR,Ready,1735.3,1688061,972.79,110,2025,True,False,DLD-NOC-138011,RERA-61331,"Pool,Gym,Kids Play,Parking",52.1,2.0,2.8,33.55
PROP0726,Samana Developers Khalifa City Gardens,DEV0016,Abu Dhabi,Abu Dhabi,Khalifa City,South UAE,Villa,Premium,1BR,Off-Plan,4137.7,8807419,2128.59,226,2023,False,True,DLD-NOC-257196,RERA-82731,"Parking,Gym",67.1,6.7,4.2,19.2
PROP0727,Azizi Developments Dubai South Gardens,DEV0007,Dubai,Dubai,Dubai South,South UAE,Commercial,Affordable,2BR,Ready,1001.9,518150,517.16,74,2021,True,False,DLD-NOC-166226,RERA-50666,"Pool,Gym,Kids Play,Parking",94.4,4.0,2.8,31.92
PROP0728,Tiger Properties Yas Island Heights,DEV0012,Abu Dhabi,Abu Dhabi,Yas Island,South UAE,Commercial,Mid-Market,1BR,Off-Plan,1887.2,2452266,1299.44,171,2021,True,True,DLD-NOC-797143,RERA-78052,"Gym,Parking,BBQ Area",53.3,2.8,2.3,22.29
PROP0729,Binghatti Arabian Ranches Views,DEV0009,Dubai,Dubai,Arabian Ranches,South UAE,Townhouse,Affordable,2BR,Off-Plan,3242.0,1063455,328.02,203,2020,True,False,DLD-NOC-129818,RERA-36742,"Gym,Parking,BBQ Area",68.1,7.6,4.6,18.98
PROP0730,RAK Properties Al Khan Heights,DEV0011,Sharjah,Sharjah,Al Khan,Central UAE,Penthouse,Mid-Market,3BR,Off-Plan,805.9,968099,1201.29,97,2020,False,False,DLD-NOC-287113,RERA-30630,"Pool,Gym,Parking",78.4,4.6,1.6,33.44
PROP0731,Binghatti Dubai Creek Harbour Residences,DEV0009,Dubai,Dubai,Dubai Creek Harbour,South UAE,Townhouse,Mid-Market,Studio,Ready,2669.6,2346546,878.98,88,2022,True,True,DLD-NOC-890138,RERA-68430,"Pool,Gym,Parking,Concierge,Spa",79.6,5.8,1.4,16.45
PROP0732,Meydan Group Arabian Ranches Tower,DEV0020,Dubai,Dubai,Arabian Ranches,South UAE,Apartment,Affordable,2BR,Off-Plan,1127.0,764243,678.14,59,2022,True,False,DLD-NOC-335610,RERA-18706,"Pool,Gym,Parking",57.5,6.7,3.0,15.6
PROP0733,Binghatti Yas Island Gardens,DEV0009,Abu Dhabi,Abu Dhabi,Yas Island,South UAE,Apartment,Affordable,2BR,Off-Plan,1540.3,666042,432.4,192,2024,False,False,DLD-NOC-481062,RERA-15132,"Pool,Gym,Parking",80.1,3.3,1.6,20.57
PROP0734,Majid Al Futtaim Motor City Gardens,DEV0018,Dubai,Dubai,Motor City,South UAE,Apartment,Premium,1BR,Off-Plan,939.0,2141856,2281.07,12,2020,True,True,DLD-NOC-583139,RERA-94183,"Parking,Gym",51.5,1.6,4.1,21.02
PROP0735,Emaar Properties Masdar City Views,DEV0001,Abu Dhabi,Abu Dhabi,Masdar City,South UAE,Penthouse,Premium,3BR,Off-Plan,759.8,1788397,2353.79,60,2025,False,False,DLD-NOC-569829,RERA-89689,"Gym,Parking,BBQ Area",52.6,7.5,1.8,26.77
PROP0736,Object 1 Downtown Dubai Park,DEV0017,Dubai,Dubai,Downtown Dubai,South UAE,Apartment,Mid-Market,1BR,Ready,1357.1,1692029,1246.83,134,2021,True,False,DLD-NOC-684805,RERA-10463,"Pool,Gym,Kids Play,Parking",92.9,5.9,0.6,12.61
PROP0737,Azizi Developments Motor City Views,DEV0007,Dubai,Dubai,Motor City,South UAE,Commercial,Mid-Market,1BR,Off-Plan,1075.4,1410982,1312.05,128,2019,True,False,DLD-NOC-596627,RERA-62253,"Gym,Parking,BBQ Area",70.2,0.7,2.9,24.1
PROP0738,Aldar Properties Motor City Tower,DEV0003,Dubai,Dubai,Motor City,South UAE,Apartment,Premium,2BR,Off-Plan,1487.7,3727443,2505.5,106,2022,True,True,DLD-NOC-166881,RERA-20638,"Pool,Gym,Kids Play,Parking",48.7,0.6,3.5,19.65
PROP0739,Danube Properties Motor City Gardens,DEV0008,Dubai,Dubai,Motor City,South UAE,Studio,Affordable,1BR,Off-Plan,1815.6,1124460,619.34,164,2022,True,False,DLD-NOC-879494,RERA-63896,"Pool,Gym,Parking,Concierge,Spa",87.2,2.1,1.6,18.38
PROP0740,Select Group Al Nahda Views,DEV0014,Sharjah,Sharjah,Al Nahda,Central UAE,Commercial,Mid-Market,2BR,Ready,536.1,476679,889.13,41,2020,True,False,DLD-NOC-174491,RERA-32930,"Pool,Gym,Parking",92.7,6.0,2.7,15.83
PROP0741,Samana Developers Al Yarmook Park,DEV0016,Sharjah,Sharjah,Al Yarmook,Central UAE,Apartment,Affordable,5BR+,Ready,851.5,349765,410.76,76,2025,True,False,DLD-NOC-580045,RERA-44028,"Parking,Gym",94.9,5.0,4.4,21.83
PROP0742,Majid Al Futtaim Al Jurf Heights,DEV0018,Ajman,Ajman,Al Jurf,Central UAE,Apartment,Mid-Market,3BR,Ready,1487.3,1964429,1320.79,34,2025,False,False,DLD-NOC-858413,RERA-94894,"Pool,Gym,Parking",93.0,6.9,4.3,13.71
PROP0743,Danube Properties Muwaileh Park,DEV0008,Sharjah,Sharjah,Muwaileh,Central UAE,Plot,Mid-Market,1BR,Ready,1213.8,1107190,912.15,188,2020,False,False,DLD-NOC-691071,RERA-59299,"Pool,Gym,Parking",93.5,6.0,2.5,25.69
PROP0744,Samana Developers DAMAC Hills Heights,DEV0016,Dubai,Dubai,DAMAC Hills,South UAE,Apartment,Premium,3BR,Ready,1019.3,2946318,2890.49,5,2020,True,True,DLD-NOC-525593,RERA-40554,"Parking,Gym",46.2,1.3,1.4,12.26
PROP0745,Samana Developers Yas Island Park,DEV0016,Abu Dhabi,Abu Dhabi,Yas Island,South UAE,Studio,Ultra-Luxury,2BR,Ready,760.6,7828689,10293.35,58,2023,True,True,DLD-NOC-745149,RERA-37178,"Gym,Parking,BBQ Area",61.2,1.1,4.0,14.71
PROP0746,Reportage Properties JVC Gardens,DEV0015,Dubai,Dubai,JVC,South UAE,Apartment,Mid-Market,5BR+,Ready,1114.9,1436670,1288.56,14,2023,True,False,DLD-NOC-553680,RERA-64569,"Pool,Gym,Parking",54.6,3.5,3.0,12.49
PROP0747,Emaar Properties Al Nahda Heights,DEV0001,Sharjah,Sharjah,Al Nahda,Central UAE,Villa,Luxury,1BR,Ready,3709.8,22075472,5950.64,91,2022,True,True,DLD-NOC-952074,RERA-36074,"Parking,Gym",68.7,4.7,3.9,34.76
PROP0748,Aldar Properties Saadiyat Island Views,DEV0003,Abu Dhabi,Abu Dhabi,Saadiyat Island,South UAE,Townhouse,Mid-Market,4BR,Ready,2981.4,3870060,1298.05,17,2019,True,True,DLD-NOC-759836,RERA-50972,"Parking,Gym",54.5,2.4,1.9,20.64
PROP0749,Ellington Properties Discovery Gardens Gardens,DEV0010,Dubai,Dubai,Discovery Gardens,South UAE,Apartment,Mid-Market,3BR,Ready,1599.7,2288925,1430.89,190,2019,True,True,DLD-NOC-848105,RERA-48210,"Gym,Parking,BBQ Area",74.8,2.7,4.4,34.95
PROP0750,Danube Properties Palm Jumeirah Tower,DEV0008,Dubai,Dubai,Palm Jumeirah,South UAE,Villa,Premium,1BR,Off-Plan,3010.8,8011252,2660.87,16,2019,True,True,DLD-NOC-856901,RERA-91736,"Pool,Gym,Kids Play,Parking",91.7,7.2,3.9,13.09
PROP0751,Imtiaz Developments Al Khan Gardens,DEV0013,Sharjah,Sharjah,Al Khan,Central UAE,Townhouse,Mid-Market,1BR,Off-Plan,4104.4,5127628,1249.29,93,2023,True,True,DLD-NOC-492438,RERA-55770,"Parking,Gym",91.9,4.9,1.2,22.0
PROP0752,Danube Properties Al Nahda Views,DEV0008,Sharjah,Sharjah,Al Nahda,Central UAE,Apartment,Premium,3BR,Off-Plan,1160.2,2770642,2387.99,36,2022,False,True,DLD-NOC-800223,RERA-80444,"Pool,Gym,Parking",90.5,1.1,1.1,12.05
PROP0753,Ellington Properties Al Furjan Heights,DEV0010,Dubai,Dubai,Al Furjan,South UAE,Commercial,Mid-Market,3BR,Ready,1581.8,1359640,859.54,71,2025,True,False,DLD-NOC-358488,RERA-48722,"Pool,Gym,Kids Play,Parking",40.0,2.6,2.7,18.67
PROP0754,Dubai Properties Al Barsha Tower,DEV0019,Dubai,Dubai,Al Barsha,South UAE,Villa,Mid-Market,1BR,Off-Plan,3458.4,4455804,1288.4,69,2021,True,True,DLD-NOC-194605,RERA-76712,"Pool,Gym,Parking",88.4,6.4,1.5,31.93
PROP0755,Tiger Properties Al Hamra Village Heights,DEV0012,Ras Al Khaimah,Ras Al Khaimah,Al Hamra Village,North UAE,Apartment,Mid-Market,1BR,Ready,1445.1,1919914,1328.6,16,2023,True,False,DLD-NOC-288738,RERA-42569,"Gym,Parking,BBQ Area",79.4,0.7,3.9,28.84
PROP0756,Samana Developers Al Yarmook Park,DEV0016,Sharjah,Sharjah,Al Yarmook,Central UAE,Apartment,Luxury,2BR,Off-Plan,1481.7,4588254,3096.59,25,2021,True,True,DLD-NOC-565523,RERA-95056,"Pool,Gym,Parking",70.9,1.4,1.4,28.41
PROP0757,Majid Al Futtaim Business Bay Gardens,DEV0018,Dubai,Dubai,Business Bay,South UAE,Townhouse,Premium,Studio,Ready,692.3,1178598,1702.44,65,2022,True,False,DLD-NOC-743326,RERA-13761,"Parking,Gym",80.7,2.3,4.6,31.02
PROP0758,Object 1 Palm Jumeirah Heights,DEV0017,Dubai,Dubai,Palm Jumeirah,South UAE,Villa,Mid-Market,2BR,Ready,2123.7,2537630,1194.91,82,2025,True,True,DLD-NOC-795884,RERA-21254,"Pool,Gym,Parking",81.7,6.9,4.5,26.38
PROP0759,Tiger Properties Al Shamkha Heights,DEV0012,Abu Dhabi,Abu Dhabi,Al Shamkha,South UAE,Apartment,Luxury,1BR,Off-Plan,1156.7,6436495,5564.48,85,2022,False,True,DLD-NOC-871199,RERA-97241,"Gym,Parking,BBQ Area",53.3,6.4,3.0,19.25
PROP0760,Select Group Dubai Hills Estate Heights,DEV0014,Dubai,Dubai,Dubai Hills Estate,South UAE,Villa,Mid-Market,1BR,Off-Plan,4339.3,6386308,1471.75,104,2024,True,True,DLD-NOC-632687,RERA-22825,"Pool,Gym,Kids Play,Parking",55.2,0.6,4.7,16.09
PROP0761,Majid Al Futtaim Fujairah City Views,DEV0018,Fujairah,Fujairah,Fujairah City,North UAE,Townhouse,Affordable,1BR,Off-Plan,2831.7,2271752,802.26,51,2024,True,True,DLD-NOC-514144,RERA-28475,"Pool,Gym,Parking",70.8,4.7,1.1,23.11
PROP0762,RAK Properties Qidfa Gardens,DEV0011,Fujairah,Fujairah,Qidfa,North UAE,Apartment,Affordable,Studio,Off-Plan,1259.3,480612,381.66,4,2019,False,False,DLD-NOC-654859,RERA-49318,"Parking,Gym",63.3,2.2,3.3,21.61
PROP0763,Tiger Properties Al Furjan Views,DEV0012,Dubai,Dubai,Al Furjan,South UAE,Villa,Affordable,3BR,Off-Plan,3154.3,1274855,404.17,170,2020,True,False,DLD-NOC-407797,RERA-86151,"Pool,Gym,Kids Play,Parking",70.5,0.9,1.1,28.04
PROP0764,Reportage Properties Al Furjan Views,DEV0015,Dubai,Dubai,Al Furjan,South UAE,Apartment,Affordable,3BR,Off-Plan,1619.8,1250583,772.06,98,2020,True,False,DLD-NOC-437473,RERA-93772,"Pool,Gym,Parking",57.8,1.7,4.1,31.26
PROP0765,Binghatti Muwaileh Residences,DEV0009,Sharjah,Sharjah,Muwaileh,Central UAE,Studio,Premium,2BR,Off-Plan,1169.2,3384645,2894.75,8,2023,False,True,DLD-NOC-691557,RERA-93033,"Pool,Gym,Parking",84.1,7.8,2.8,17.12
PROP0766,Ellington Properties JBR Tower,DEV0010,Dubai,Dubai,JBR,South UAE,Plot,Luxury,2BR,Off-Plan,1776.5,5939161,3343.23,66,2024,True,True,DLD-NOC-290931,RERA-66979,"Pool,Gym,Kids Play,Parking",80.4,7.8,2.7,12.65
PROP0767,Binghatti Business Bay Gardens,DEV0009,Dubai,Dubai,Business Bay,South UAE,Plot,Premium,3BR,Ready,1699.3,4083366,2402.94,95,2019,True,True,DLD-NOC-792275,RERA-83251,"Pool,Gym,Parking,Concierge,Spa",63.0,6.8,2.0,22.64
PROP0768,Danube Properties Yas Acres Gardens,DEV0008,Abu Dhabi,Abu Dhabi,Yas Acres,South UAE,Studio,Premium,2BR,Ready,1171.0,2345108,2002.64,96,2024,True,True,DLD-NOC-743223,RERA-98881,"Pool,Gym,Parking",88.4,1.6,1.9,14.02
PROP0769,Nakheel Al Marjan Island Park,DEV0004,Ras Al Khaimah,Ras Al Khaimah,Al Marjan Island,North UAE,Townhouse,Affordable,1BR,Off-Plan,4034.6,2879210,713.63,28,2025,True,True,DLD-NOC-365042,RERA-94280,"Pool,Gym,Parking",69.0,2.5,2.6,28.63
PROP0770,Azizi Developments Discovery Gardens Views,DEV0007,Dubai,Dubai,Discovery Gardens,South UAE,Apartment,Mid-Market,1BR,Off-Plan,477.4,568128,1190.03,67,2020,True,False,DLD-NOC-281311,RERA-81376,"Pool,Gym,Kids Play,Parking",92.0,1.8,2.8,15.04
PROP0771,RAK Properties Al Rashidiya Park,DEV0011,Ajman,Ajman,Al Rashidiya,Central UAE,Apartment,Mid-Market,4BR,Ready,733.9,830338,1131.45,5,2022,False,False,DLD-NOC-711637,RERA-41157,"Pool,Gym,Parking,Concierge,Spa",51.1,7.7,0.7,33.35
PROP0772,Nakheel Palm Jumeirah Views,DEV0004,Dubai,Dubai,Palm Jumeirah,South UAE,Villa,Mid-Market,2BR,Off-Plan,1278.0,1559701,1220.42,73,2022,True,False,DLD-NOC-466296,RERA-52040,"Parking,Gym",74.8,2.6,0.5,33.64
PROP0773,Majid Al Futtaim Yas Acres Park,DEV0018,Abu Dhabi,Abu Dhabi,Yas Acres,South UAE,Apartment,Affordable,2BR,Off-Plan,618.0,450649,729.16,19,2019,False,False,DLD-NOC-416011,RERA-46656,"Pool,Gym,Parking,Concierge,Spa",54.8,2.6,2.5,33.47
PROP0774,Sobha Realty Dubai South Residences,DEV0006,Dubai,Dubai,Dubai South,South UAE,Plot,Affordable,2BR,Off-Plan,1570.1,1169981,745.19,91,2022,True,False,DLD-NOC-175535,RERA-66464,"Pool,Gym,Kids Play,Parking",54.6,5.7,0.5,34.74
PROP0775,Azizi Developments Mina Al Arab Residences,DEV0007,Ras Al Khaimah,Ras Al Khaimah,Mina Al Arab,North UAE,Plot,Premium,1BR,Ready,1062.6,2578849,2427.02,102,2024,True,True,DLD-NOC-716205,RERA-97099,"Pool,Gym,Parking",45.7,5.8,2.1,29.46
PROP0776,Azizi Developments Dubai Hills Estate Views,DEV0007,Dubai,Dubai,Dubai Hills Estate,South UAE,Apartment,Mid-Market,1BR,Off-Plan,1547.4,2254824,1457.15,30,2024,True,True,DLD-NOC-154616,RERA-78470,"Pool,Gym,Kids Play,Parking",61.3,3.1,1.8,15.55
PROP0777,Samana Developers Al Furjan Park,DEV0016,Dubai,Dubai,Al Furjan,South UAE,Plot,Affordable,1BR,Off-Plan,785.4,503395,640.92,69,2021,True,False,DLD-NOC-125265,RERA-25992,"Pool,Gym,Parking,Concierge,Spa",65.2,4.3,0.6,32.34
PROP0778,Binghatti Business Bay Gardens,DEV0009,Dubai,Dubai,Business Bay,South UAE,Apartment,Mid-Market,2BR,Ready,1220.2,1311315,1074.69,163,2022,True,False,DLD-NOC-288074,RERA-77952,"Pool,Gym,Kids Play,Parking",87.3,4.4,4.2,26.54
PROP0779,Dubai Properties Al Shamkha Heights,DEV0019,Abu Dhabi,Abu Dhabi,Al Shamkha,South UAE,Apartment,Premium,1BR,Off-Plan,478.7,767894,1603.98,24,2024,False,False,DLD-NOC-238924,RERA-68267,"Pool,Gym,Parking,Concierge,Spa",80.8,5.2,4.6,33.8
PROP0780,Object 1 Corniche Heights,DEV0017,Abu Dhabi,Abu Dhabi,Corniche,South UAE,Apartment,Mid-Market,5BR+,Off-Plan,408.1,352668,864.21,19,2023,True,False,DLD-NOC-184325,RERA-84000,"Parking,Gym",72.0,2.3,1.0,26.4
PROP0781,Meydan Group Dubai South Views,DEV0020,Dubai,Dubai,Dubai South,South UAE,Townhouse,Luxury,Studio,Off-Plan,3176.9,13225975,4163.13,61,2021,True,True,DLD-NOC-407465,RERA-87064,"Pool,Gym,Parking,Concierge,Spa",41.2,4.9,2.6,23.04
PROP0782,Ellington Properties Dubai South Heights,DEV0010,Dubai,Dubai,Dubai South,South UAE,Commercial,Mid-Market,2BR,Ready,877.7,895097,1019.85,17,2021,True,False,DLD-NOC-590358,RERA-97798,"Pool,Gym,Kids Play,Parking",93.4,2.2,1.5,18.41
PROP0783,Nakheel JBR Tower,DEV0004,Dubai,Dubai,JBR,South UAE,Apartment,Mid-Market,5BR+,Off-Plan,1015.1,1134974,1118.11,239,2023,True,False,DLD-NOC-444883,RERA-79143,"Pool,Gym,Parking",72.3,2.0,1.3,18.04
PROP0784,Azizi Developments Sports City Views,DEV0007,Dubai,Dubai,Sports City,South UAE,Villa,Affordable,1BR,Ready,4893.9,3371032,688.82,19,2024,True,True,DLD-NOC-990291,RERA-88027,"Pool,Gym,Kids Play,Parking",91.9,6.7,2.7,28.45
PROP0785,Ellington Properties Sports City Gardens,DEV0010,Dubai,Dubai,Sports City,South UAE,Apartment,Affordable,1BR,Ready,1292.0,878333,679.84,30,2022,True,False,DLD-NOC-915664,RERA-10950,"Pool,Gym,Parking,Concierge,Spa",61.7,7.3,4.3,30.56
PROP0786,Danube Properties Al Khan Gardens,DEV0008,Sharjah,Sharjah,Al Khan,Central UAE,Apartment,Premium,2BR,Off-Plan,1047.6,2405564,2296.33,389,2019,True,True,DLD-NOC-179260,RERA-34526,"Pool,Gym,Parking",53.5,1.4,1.4,23.81
PROP0787,Tiger Properties Sports City Residences,DEV0012,Dubai,Dubai,Sports City,South UAE,Villa,Premium,2BR,Off-Plan,3326.3,9791755,2943.73,51,2020,True,True,DLD-NOC-856800,RERA-42066,"Pool,Gym,Parking",57.2,1.2,3.1,34.89
PROP0788,Sobha Realty Masdar City Park,DEV0006,Abu Dhabi,Abu Dhabi,Masdar City,South UAE,Apartment,Mid-Market,3BR,Off-Plan,1112.6,1467657,1319.16,26,2019,False,False,DLD-NOC-350473,RERA-50224,"Pool,Gym,Parking",65.6,0.8,1.9,33.87
PROP0789,Ellington Properties Al Reem Island Views,DEV0010,Abu Dhabi,Abu Dhabi,Al Reem Island,South UAE,Plot,Affordable,2BR,Off-Plan,1593.4,1251150,785.19,106,2019,True,False,DLD-NOC-762203,RERA-48398,"Pool,Gym,Parking",77.3,4.6,2.0,17.32
PROP0790,Emaar Properties Al Shamkha Tower,DEV0001,Abu Dhabi,Abu Dhabi,Al Shamkha,South UAE,Villa,Ultra-Luxury,1BR,Ready,4769.5,79663957,16702.82,96,2020,True,True,DLD-NOC-874483,RERA-90280,"Pool,Gym,Kids Play,Parking",66.2,1.9,1.0,33.65
PROP0791,Majid Al Futtaim DAMAC Hills Park,DEV0018,Dubai,Dubai,DAMAC Hills,South UAE,Commercial,Mid-Market,2BR,Ready,1495.5,1987295,1328.83,302,2021,True,False,DLD-NOC-287871,RERA-39432,"Pool,Gym,Parking",57.6,2.6,4.9,27.43
PROP0792,Meraas Al Yarmook Park,DEV0005,Sharjah,Sharjah,Al Yarmook,Central UAE,Apartment,Premium,3BR,Off-Plan,1695.9,3689783,2175.72,33,2023,False,True,DLD-NOC-393377,RERA-49915,"Pool,Gym,Parking",91.5,7.7,2.3,23.44
PROP0793,Binghatti Al Reem Island Heights,DEV0009,Abu Dhabi,Abu Dhabi,Al Reem Island,South UAE,Townhouse,Mid-Market,1BR,Ready,2623.1,3847409,1466.76,60,2024,True,True,DLD-NOC-859668,RERA-17279,"Pool,Gym,Parking,Concierge,Spa",67.4,3.8,4.5,23.53
PROP0794,DAMAC Properties JVC Park,DEV0002,Dubai,Dubai,JVC,South UAE,Apartment,Affordable,4BR,Off-Plan,702.2,578772,824.28,268,2020,True,False,DLD-NOC-507557,RERA-44071,"Pool,Gym,Parking",41.1,3.5,2.6,29.45
PROP0795,DAMAC Properties Muwaileh Park,DEV0002,Sharjah,Sharjah,Muwaileh,Central UAE,Villa,Mid-Market,2BR,Off-Plan,1409.3,1982560,1406.73,60,2025,False,False,DLD-NOC-846371,RERA-86193,"Pool,Gym,Kids Play,Parking",67.5,0.2,3.6,30.37
PROP0796,Majid Al Futtaim Al Barsha Park,DEV0018,Dubai,Dubai,Al Barsha,South UAE,Penthouse,Mid-Market,Studio,Ready,742.3,1001301,1348.94,29,2020,True,False,DLD-NOC-303308,RERA-57232,"Pool,Gym,Parking",92.9,6.6,1.2,32.3
PROP0797,Ellington Properties Khalifa City Park,DEV0010,Abu Dhabi,Abu Dhabi,Khalifa City,South UAE,Townhouse,Mid-Market,2BR,Off-Plan,3370.0,3380965,1003.25,93,2025,True,True,DLD-NOC-254882,RERA-19366,"Pool,Gym,Parking,Concierge,Spa",57.1,0.9,4.7,28.58
PROP0798,Meraas Dubai Marina Views,DEV0005,Dubai,Dubai,Dubai Marina,South UAE,Commercial,Premium,3BR,Off-Plan,1284.5,2449103,1906.63,47,2020,True,True,DLD-NOC-941537,RERA-37263,"Pool,Gym,Parking,Concierge,Spa",67.5,7.3,0.8,31.49
PROP0799,Samana Developers Yas Island Tower,DEV0016,Abu Dhabi,Abu Dhabi,Yas Island,South UAE,Apartment,Mid-Market,1BR,Ready,501.3,651150,1299.05,29,2023,True,False,DLD-NOC-399223,RERA-55246,"Pool,Gym,Kids Play,Parking",46.5,3.0,4.5,29.46
PROP0800,Nakheel Al Nuaimiya Residences,DEV0004,Ajman,Ajman,Al Nuaimiya,Central UAE,Plot,Mid-Market,1BR,Ready,755.9,794514,1051.09,15,2024,True,False,DLD-NOC-478902,RERA-13384,"Parking,Gym",66.1,6.2,3.1,25.68
