record_id,period_date,year,month,quarter,emirate,city,locality,property_type,bedrooms,avg_annual_rent_aed,median_annual_rent_aed,avg_monthly_rent_aed,rent_yoy_change_pct,rent_mom_change_pct,gross_rental_yield_pct,net_rental_yield_pct,occupancy_rate_pct,vacancy_rate_pct,avg_tenancy_duration_months,new_listings_count,total_active_listings,short_term_rental_share_pct,short_term_avg_daily_rate_aed,short_term_occupancy_pct,short_term_annual_revenue_aed,market_avg_yield_pct,yield_vs_market_diff,avg_property_price_aed,price_to_rent_ratio,ejari_registrations
RENT000015,2019-01-01,2019,1,Q1,Dubai,Dubai,Al Furjan,Apartment,3BR,74000,73000,6200,0.0,-1.4,5.56,4.65,76.6,23.4,21.2,135,849,5.6,410,72.8,109000,5.9,-0.34,1350000,18.0,372
RENT000016,2019-01-01,2019,1,Q1,Dubai,Dubai,Al Furjan,Villa,4BR,216000,209000,18000,0.0,0.5,5.62,5.08,72.8,27.2,19.2,31,904,1.9,920,76.5,257000,5.16,0.46,3850000,17.8,574
RENT000055,2019-01-01,2019,1,Q1,Ras Al Khaimah,Ras Al Khaimah,Al Hamra Village,Apartment,Studio,58000,54000,4800,0.0,-1.5,4.06,2.89,70.7,29.3,23.1,199,355,7.6,240,86.1,75000,4.28,-0.22,1450000,24.7,112
RENT000056,2019-01-01,2019,1,Q1,Ras Al Khaimah,Ras Al Khaimah,Al Hamra Village,Villa,Studio,191000,197000,15900,0.0,0.1,5.16,4.66,74.8,25.2,13.5,64,498,4.1,1240,71.2,322000,5.47,-0.31,3700000,19.4,22
RENT000051,2019-01-01,2019,1,Q1,Sharjah,Sharjah,Al Khan,Apartment,2BR,46000,43000,3800,0.0,3.1,5.57,4.69,84.3,15.7,22.2,132,676,7.6,270,62.0,61000,5.8,-0.23,850000,18.0,139
RENT000052,2019-01-01,2019,1,Q1,Sharjah,Sharjah,Al Khan,Villa,Studio,79000,73000,6600,0.0,-1.8,5.68,4.81,72.9,27.1,17.5,48,599,5.2,340,64.8,80000,5.61,0.07,1400000,17.6,90
RENT000045,2019-01-01,2019,1,Q1,Sharjah,Sharjah,Al Majaz,Apartment,2BR,48000,49000,4000,0.0,-1.3,6.08,5.22,86.7,13.3,21.6,13,945,1.4,310,80.0,91000,6.43,-0.35,800000,16.4,96
RENT000046,2019-01-01,2019,1,Q1,Sharjah,Sharjah,Al Majaz,Villa,2BR,100000,98000,8300,0.0,0.2,4.34,3.34,84.7,15.3,16.3,110,685,2.4,470,62.5,107000,4.38,-0.04,2300000,23.0,217
RENT000047,2019-01-01,2019,1,Q1,Sharjah,Sharjah,Al Nahda,Apartment,3BR,41000,40000,3400,0.0,-2.2,3.92,3.06,76.2,23.8,21.6,129,348,4.4,180,79.0,52000,3.75,0.17,1050000,25.5,137
RENT000048,2019-01-01,2019,1,Q1,Sharjah,Sharjah,Al Nahda,Villa,2BR,144000,147000,12000,0.0,-0.0,4.68,3.57,83.5,16.5,16.6,228,548,4.6,690,68.1,172000,4.31,0.37,3100000,21.4,46
RENT000035,2019-01-01,2019,1,Q1,Abu Dhabi,Abu Dhabi,Al Raha Beach,Apartment,2BR,97000,101000,8100,0.0,-0.3,5.15,4.03,72.3,27.7,22.2,84,112,4.3,380,72.1,100000,4.72,0.43,1900000,19.4,67
RENT000036,2019-01-01,2019,1,Q1,Abu Dhabi,Abu Dhabi,Al Raha Beach,Villa,3BR,228000,219000,19000,0.0,0.4,4.0,3.38,72.2,27.8,21.5,122,305,2.1,1130,72.2,298000,3.95,0.05,5700000,25.0,233
RENT000041,2019-01-01,2019,1,Q1,Abu Dhabi,Abu Dhabi,Al Reef,Apartment,1BR,69000,71000,5800,0.0,-1.1,4.2,3.47,87.2,12.8,16.6,173,169,7.2,300,84.7,93000,4.49,-0.29,1650000,23.8,196
RENT000042,2019-01-01,2019,1,Q1,Abu Dhabi,Abu Dhabi,Al Reef,Villa,2BR,149000,139000,12400,0.0,1.2,4.83,4.21,73.0,27.0,22.6,100,1176,2.9,840,62.9,193000,4.85,-0.02,3100000,20.7,185
RENT000029,2019-01-01,2019,1,Q1,Abu Dhabi,Abu Dhabi,Al Reem Island,Apartment,1BR,70000,67000,5800,0.0,-1.2,5.3,4.73,77.1,22.9,14.2,215,241,6.4,370,79.1,107000,5.2,0.1,1300000,18.9,164
RENT000030,2019-01-01,2019,1,Q1,Abu Dhabi,Abu Dhabi,Al Reem Island,Villa,1BR,213000,205000,17800,0.0,2.2,4.23,3.21,80.2,19.8,17.4,236,107,1.0,1540,85.1,478000,4.31,-0.08,5050000,23.6,334
RENT000053,2019-01-01,2019,1,Q1,Sharjah,Sharjah,Al Taawun,Apartment,Studio,41000,39000,3400,0.0,2.2,5.34,4.54,79.6,20.4,23.8,235,772,7.2,280,56.7,58000,5.0,0.34,750000,18.7,96
RENT000054,2019-01-01,2019,1,Q1,Sharjah,Sharjah,Al Taawun,Villa,Studio,72000,74000,6000,0.0,-2.2,6.23,5.52,72.4,27.6,17.9,151,799,6.3,330,63.2,76000,6.7,-0.47,1150000,16.1,194
RENT000009,2019-01-01,2019,1,Q1,Dubai,Dubai,Business Bay,Apartment,Studio,92000,94000,7700,0.0,1.7,5.2,4.14,76.8,23.2,19.9,52,1138,6.0,660,77.8,187000,4.7,0.5,1750000,19.2,305
RENT000010,2019-01-01,2019,1,Q1,Dubai,Dubai,Business Bay,Villa,2BR,244000,230000,20300,0.0,-1.7,4.01,3.19,83.9,16.1,13.6,214,341,1.4,1020,75.2,280000,3.72,0.29,6100000,25.0,502
RENT000039,2019-01-01,2019,1,Q1,Abu Dhabi,Abu Dhabi,Corniche,Apartment,1BR,116000,110000,9700,0.0,0.3,4.92,3.85,78.2,21.8,17.0,55,681,3.0,780,58.1,165000,5.41,-0.49,2350000,20.3,141
RENT000040,2019-01-01,2019,1,Q1,Abu Dhabi,Abu Dhabi,Corniche,Villa,3BR,282000,288000,23500,0.0,-1.7,4.66,4.07,70.8,29.2,18.0,214,748,5.9,2020,71.4,526000,4.65,0.01,6050000,21.4,211
RENT000019,2019-01-01,2019,1,Q1,Dubai,Dubai,Creek Harbour,Apartment,2BR,96000,100000,8000,0.0,3.5,5.99,4.99,71.3,28.7,13.4,109,580,2.2,420,60.3,92000,6.41,-0.42,1600000,16.7,297
RENT000020,2019-01-01,2019,1,Q1,Dubai,Dubai,Creek Harbour,Villa,4BR,229000,226000,19100,0.0,0.4,4.5,3.57,87.7,12.3,19.7,92,888,6.9,1420,77.8,403000,4.33,0.17,5100000,22.2,525
RENT000021,2019-01-01,2019,1,Q1,Dubai,Dubai,DAMAC Hills,Apartment,2BR,87000,85000,7200,0.0,-0.2,4.35,3.67,78.9,21.1,16.1,241,128,7.1,480,67.7,119000,4.23,0.12,2000000,23.0,137
RENT000022,2019-01-01,2019,1,Q1,Dubai,Dubai,DAMAC Hills,Villa,1BR,261000,256000,21800,0.0,3.0,5.33,4.71,73.1,26.9,16.1,49,752,3.0,1930,60.0,423000,4.92,0.41,4900000,18.8,463
RENT000001,2019-01-01,2019,1,Q1,Dubai,Dubai,Downtown Dubai,Apartment,1BR,122000,121000,10200,0.0,0.6,5.34,4.78,74.6,25.4,20.7,139,60,16.8,830,56.9,172000,5.64,-0.3,2300000,18.7,545
RENT000002,2019-01-01,2019,1,Q1,Dubai,Dubai,Downtown Dubai,Villa,Studio,283000,261000,23600,0.0,2.3,3.97,3.36,80.8,19.2,10.1,151,881,13.5,1270,74.7,346000,4.34,-0.37,7100000,25.2,485
RENT000007,2019-01-01,2019,1,Q1,Dubai,Dubai,Dubai Hills Estate,Apartment,2BR,131000,125000,10900,0.0,2.9,5.68,4.75,80.1,19.9,16.8,58,108,6.1,950,82.8,287000,6.13,-0.45,2300000,17.6,268
RENT000008,2019-01-01,2019,1,Q1,Dubai,Dubai,Dubai Hills Estate,Villa,Studio,302000,291000,25200,0.0,-1.9,4.31,3.18,77.4,22.6,23.4,147,871,1.7,1920,82.6,579000,4.3,0.01,7000000,23.2,219
RENT000003,2019-01-01,2019,1,Q1,Dubai,Dubai,Dubai Marina,Apartment,3BR,106000,98000,8800,0.0,-1.9,3.98,2.89,87.5,12.5,16.9,75,841,14.2,600,69.1,151000,3.62,0.36,2650000,25.1,542
RENT000004,2019-01-01,2019,1,Q1,Dubai,Dubai,Dubai Marina,Villa,2BR,333000,330000,27800,0.0,1.6,6.05,4.93,88.2,11.8,12.5,128,488,13.0,1880,75.1,515000,5.84,0.21,5500000,16.5,477
RENT000023,2019-01-01,2019,1,Q1,Dubai,Dubai,Dubai South,Apartment,2BR,60000,61000,5000,0.0,-1.4,4.2,3.05,72.5,27.5,20.4,91,678,7.9,280,57.6,59000,4.64,-0.44,1450000,23.8,146
RENT000024,2019-01-01,2019,1,Q1,Dubai,Dubai,Dubai South,Villa,1BR,130000,136000,10800,0.0,2.9,4.21,3.46,75.8,24.2,20.8,197,200,6.6,870,68.1,216000,4.41,-0.2,3100000,23.8,335
RENT000017,2019-01-01,2019,1,Q1,Dubai,Dubai,JBR,Apartment,1BR,113000,108000,9400,0.0,-2.2,4.09,2.96,77.8,22.2,12.7,118,1082,12.6,760,59.9,166000,4.27,-0.18,2750000,24.4,586
RENT000018,2019-01-01,2019,1,Q1,Dubai,Dubai,JBR,Villa,3BR,286000,267000,23800,0.0,1.8,5.28,4.58,74.4,25.6,21.4,144,390,11.4,1770,64.7,418000,4.97,0.31,5400000,18.9,169
RENT000011,2019-01-01,2019,1,Q1,Dubai,Dubai,JVC,Apartment,3BR,64000,60000,5300,0.0,-0.8,5.1,4.31,76.3,23.7,10.1,180,466,1.4,320,71.6,84000,5.59,-0.49,1250000,19.6,108
RENT000012,2019-01-01,2019,1,Q1,Dubai,Dubai,JVC,Villa,4BR,182000,172000,15200,0.0,2.6,5.09,4.3,79.0,21.0,16.4,250,788,2.6,950,75.4,261000,4.87,0.22,3600000,19.7,517
RENT000037,2019-01-01,2019,1,Q1,Abu Dhabi,Abu Dhabi,Khalifa City,Apartment,1BR,73000,76000,6100,0.0,1.1,4.11,3.53,72.9,27.1,15.9,193,333,3.4,300,57.7,63000,4.34,-0.23,1800000,24.3,127
RENT000038,2019-01-01,2019,1,Q1,Abu Dhabi,Abu Dhabi,Khalifa City,Villa,2BR,190000,179000,15800,0.0,0.7,6.16,5.47,76.3,23.7,23.8,145,504,7.5,940,60.0,206000,6.52,-0.36,3100000,16.2,55
RENT000013,2019-01-01,2019,1,Q1,Dubai,Dubai,MBR City,Apartment,4BR,148000,142000,12300,0.0,0.2,5.32,4.51,81.9,18.1,19.6,100,570,6.5,720,67.0,176000,5.21,0.11,2800000,18.8,215
RENT000014,2019-01-01,2019,1,Q1,Dubai,Dubai,MBR City,Villa,2BR,385000,367000,32100,0.0,0.7,5.51,4.99,71.2,28.8,22.9,67,105,2.8,1780,69.0,448000,5.85,-0.34,7000000,18.2,425
RENT000043,2019-01-01,2019,1,Q1,Abu Dhabi,Abu Dhabi,Masdar City,Apartment,4BR,54000,53000,4500,0.0,-0.6,5.45,4.48,80.2,19.8,13.8,182,913,2.0,280,78.1,80000,5.22,0.23,1000000,18.4,134
RENT000044,2019-01-01,2019,1,Q1,Abu Dhabi,Abu Dhabi,Masdar City,Villa,3BR,135000,125000,11200,0.0,0.5,3.87,2.75,75.9,24.1,17.0,108,61,2.4,670,69.0,169000,3.93,-0.06,3500000,25.8,156
RENT000025,2019-01-01,2019,1,Q1,Dubai,Dubai,Meydan,Apartment,1BR,97000,94000,8100,0.0,2.0,6.12,5.51,77.5,22.5,16.5,68,307,5.5,570,72.5,151000,5.94,0.18,1600000,16.3,284
RENT000026,2019-01-01,2019,1,Q1,Dubai,Dubai,Meydan,Villa,1BR,263000,250000,21900,0.0,1.7,5.11,4.54,70.1,29.9,19.5,59,638,3.5,1060,84.4,327000,4.64,0.47,5150000,19.6,255
RENT000049,2019-01-01,2019,1,Q1,Sharjah,Sharjah,Muwaileh,Apartment,4BR,37000,35000,3100,0.0,-0.6,5.9,5.35,80.4,19.6,11.7,133,969,7.6,190,61.5,43000,5.83,0.07,650000,16.9,233
RENT000050,2019-01-01,2019,1,Q1,Sharjah,Sharjah,Muwaileh,Villa,2BR,115000,108000,9600,0.0,0.3,5.42,4.52,81.6,18.4,21.7,119,573,2.9,760,61.2,170000,5.84,-0.42,2100000,18.5,72
RENT000005,2019-01-01,2019,1,Q1,Dubai,Dubai,Palm Jumeirah,Apartment,3BR,191000,185000,15900,0.0,-2.1,6.06,5.28,76.5,23.5,21.1,69,1033,19.8,990,73.3,265000,6.01,0.05,3150000,16.5,538
RENT000006,2019-01-01,2019,1,Q1,Dubai,Dubai,Palm Jumeirah,Villa,2BR,418000,399000,34800,0.0,2.5,4.91,4.14,83.4,16.6,18.3,223,510,12.7,1710,64.5,403000,4.98,-0.07,8500000,20.4,585
RENT000031,2019-01-01,2019,1,Q1,Abu Dhabi,Abu Dhabi,Saadiyat Island,Apartment,3BR,153000,150000,12800,0.0,0.2,4.75,3.6,82.1,17.9,21.3,171,558,16.8,1120,59.5,243000,4.49,0.26,3200000,21.1,240
RENT000032,2019-01-01,2019,1,Q1,Abu Dhabi,Abu Dhabi,Saadiyat Island,Villa,Studio,513000,522000,42800,0.0,2.3,4.07,2.88,72.4,27.6,21.4,205,939,16.9,3350,64.8,792000,3.64,0.43,12600000,24.6,173
RENT000027,2019-01-01,2019,1,Q1,Dubai,Dubai,Sports City,Apartment,1BR,55000,51000,4600,0.0,1.3,5.94,4.84,81.7,18.3,20.6,13,705,2.5,200,56.8,41000,5.56,0.38,950000,16.8,498
RENT000028,2019-01-01,2019,1,Q1,Dubai,Dubai,Sports City,Villa,1BR,185000,178000,15400,0.0,-1.6,4.1,3.44,79.7,20.3,18.3,81,793,3.6,740,59.5,161000,3.79,0.31,4500000,24.4,115
RENT000033,2019-01-01,2019,1,Q1,Abu Dhabi,Abu Dhabi,Yas Island,Apartment,2BR,90000,94000,7500,0.0,2.5,4.22,3.32,76.1,23.9,20.0,185,498,13.1,390,62.4,89000,4.4,-0.18,2150000,23.7,279
RENT000034,2019-01-01,2019,1,Q1,Abu Dhabi,Abu Dhabi,Yas Island,Villa,2BR,220000,217000,18300,0.0,-2.4,5.21,4.26,74.0,26.0,22.0,226,759,7.0,1550,82.0,464000,5.35,-0.14,4200000,19.2,353
RENT000071,2019-02-01,2019,2,Q1,Dubai,Dubai,Al Furjan,Apartment,1BR,70000,68000,5800,0.0,-0.3,4.97,4.18,71.2,28.8,17.8,198,143,7.7,490,64.0,114000,5.21,-0.24,1400000,20.1,293
RENT000072,2019-02-01,2019,2,Q1,Dubai,Dubai,Al Furjan,Villa,3BR,146000,137000,12200,0.0,0.1,4.44,3.5,87.7,12.3,10.1,28,598,1.9,890,85.9,279000,4.51,-0.07,3300000,22.5,344
RENT000111,2019-02-01,2019,2,Q1,Ras Al Khaimah,Ras Al Khaimah,Al Hamra Village,Apartment,1BR,66000,66000,5500,0.0,1.4,4.9,3.81,71.9,28.1,12.0,195,237,7.4,340,73.0,91000,4.56,0.34,1350000,20.4,32
RENT000112,2019-02-01,2019,2,Q1,Ras Al Khaimah,Ras Al Khaimah,Al Hamra Village,Villa,2BR,149000,154000,12400,0.0,-1.4,4.54,3.93,81.6,18.4,10.8,52,517,4.2,620,85.8,194000,4.64,-0.1,3300000,22.0,118
RENT000107,2019-02-01,2019,2,Q1,Sharjah,Sharjah,Al Khan,Apartment,1BR,48000,49000,4000,0.0,-0.9,4.58,3.72,77.8,22.2,23.4,158,160,2.9,250,71.8,66000,4.35,0.23,1050000,21.8,226
RENT000108,2019-02-01,2019,2,Q1,Sharjah,Sharjah,Al Khan,Villa,3BR,123000,123000,10200,0.0,0.1,4.13,3.12,73.2,26.8,15.0,215,1079,7.3,450,65.5,108000,4.05,0.08,3000000,24.2,60
RENT000101,2019-02-01,2019,2,Q1,Sharjah,Sharjah,Al Majaz,Apartment,2BR,47000,46000,3900,0.0,-1.2,5.31,4.68,79.9,20.1,18.0,47,908,7.6,260,61.9,59000,4.86,0.45,900000,18.8,72
RENT000102,2019-02-01,2019,2,Q1,Sharjah,Sharjah,Al Majaz,Villa,Studio,118000,124000,9800,0.0,-1.4,4.49,3.41,73.2,26.8,18.0,37,347,2.9,750,75.9,208000,4.3,0.19,2650000,22.3,82
RENT000103,2019-02-01,2019,2,Q1,Sharjah,Sharjah,Al Nahda,Apartment,Studio,45000,44000,3800,0.0,-0.5,4.43,3.9,77.7,22.3,14.2,26,70,7.9,270,75.4,74000,4.42,0.01,1000000,22.6,142
RENT000104,2019-02-01,2019,2,Q1,Sharjah,Sharjah,Al Nahda,Villa,Studio,148000,145000,12300,0.0,0.9,5.91,5.25,86.8,13.2,15.7,239,1085,4.4,640,81.6,191000,5.44,0.47,2500000,16.9,211
RENT000091,2019-02-01,2019,2,Q1,Abu Dhabi,Abu Dhabi,Al Raha Beach,Apartment,5BR+,108000,110000,9000,0.0,0.9,4.86,3.97,85.0,15.0,13.8,176,794,7.9,800,77.0,225000,5.11,-0.25,2200000,20.6,285
RENT000092,2019-02-01,2019,2,Q1,Abu Dhabi,Abu Dhabi,Al Raha Beach,Villa,5BR+,209000,202000,17400,0.0,2.5,4.12,3.17,79.6,20.4,13.8,180,210,3.5,1460,68.5,365000,4.59,-0.47,5050000,24.3,284
RENT000097,2019-02-01,2019,2,Q1,Abu Dhabi,Abu Dhabi,Al Reef,Apartment,Studio,70000,67000,5800,0.0,2.0,5.36,4.45,79.4,20.6,10.5,75,881,3.6,420,78.2,120000,5.5,-0.14,1300000,18.6,79
RENT000098,2019-02-01,2019,2,Q1,Abu Dhabi,Abu Dhabi,Al Reef,Villa,1BR,148000,137000,12300,0.0,2.0,4.99,3.92,85.9,14.1,14.9,138,492,5.3,600,59.5,130000,4.63,0.36,2950000,20.0,93
RENT000085,2019-02-01,2019,2,Q1,Abu Dhabi,Abu Dhabi,Al Reem Island,Apartment,2BR,72000,75000,6000,0.0,-2.0,6.09,5.06,82.3,17.7,14.8,72,787,3.0,520,65.4,124000,5.64,0.45,1200000,16.4,285
RENT000086,2019-02-01,2019,2,Q1,Abu Dhabi,Abu Dhabi,Al Reem Island,Villa,4BR,238000,226000,19800,0.0,-0.6,4.16,3.5,89.0,11.0,17.3,221,269,1.5,1080,67.9,268000,4.01,0.15,5700000,24.0,129
RENT000109,2019-02-01,2019,2,Q1,Sharjah,Sharjah,Al Taawun,Apartment,Studio,39000,39000,3200,0.0,0.3,4.9,3.92,76.5,23.5,15.5,234,881,2.4,240,59.7,52000,4.51,0.39,800000,20.4,112
RENT000110,2019-02-01,2019,2,Q1,Sharjah,Sharjah,Al Taawun,Villa,1BR,97000,98000,8100,0.0,3.4,3.98,3.14,86.7,13.3,13.9,31,631,3.3,720,57.3,151000,3.88,0.1,2450000,25.2,138
RENT000065,2019-02-01,2019,2,Q1,Dubai,Dubai,Business Bay,Apartment,2BR,91000,86000,7600,0.0,2.7,4.35,3.67,73.0,27.0,11.0,102,706,4.1,440,73.8,119000,4.46,-0.11,2100000,23.0,193
RENT000066,2019-02-01,2019,2,Q1,Dubai,Dubai,Business Bay,Villa,2BR,262000,248000,21800,0.0,-2.1,3.98,3.25,71.9,28.1,22.7,15,145,7.6,1340,83.7,409000,3.98,0.0,6600000,25.1,438
RENT000095,2019-02-01,2019,2,Q1,Abu Dhabi,Abu Dhabi,Corniche,Apartment,1BR,117000,109000,9800,0.0,0.5,4.15,3.23,81.7,18.3,23.0,97,721,6.2,760,58.6,163000,3.92,0.23,2800000,24.1,150
RENT000096,2019-02-01,2019,2,Q1,Abu Dhabi,Abu Dhabi,Corniche,Villa,1BR,284000,277000,23700,0.0,-2.3,4.65,3.89,80.6,19.4,11.7,128,1069,6.6,1810,68.1,450000,5.11,-0.46,6100000,21.5,340
RENT000075,2019-02-01,2019,2,Q1,Dubai,Dubai,Creek Harbour,Apartment,3BR,108000,108000,9000,0.0,-2.1,5.57,4.68,76.6,23.4,18.7,216,550,2.2,770,68.3,192000,6.01,-0.44,1950000,18.0,89
RENT000076,2019-02-01,2019,2,Q1,Dubai,Dubai,Creek Harbour,Villa,Studio,240000,227000,20000,0.0,1.7,4.03,3.25,83.6,16.4,18.9,75,506,1.2,1040,57.9,220000,3.67,0.36,5950000,24.8,560
RENT000077,2019-02-01,2019,2,Q1,Dubai,Dubai,DAMAC Hills,Apartment,2BR,95000,88000,7900,0.0,-2.0,4.12,3.32,86.6,13.4,11.6,238,568,3.5,670,70.0,171000,4.48,-0.36,2300000,24.3,580
RENT000078,2019-02-01,2019,2,Q1,Dubai,Dubai,DAMAC Hills,Villa,4BR,270000,249000,22500,0.0,-1.3,5.84,5.31,87.1,12.9,12.1,227,112,2.2,1650,85.7,516000,6.05,-0.21,4600000,17.1,363
RENT000057,2019-02-01,2019,2,Q1,Dubai,Dubai,Downtown Dubai,Apartment,2BR,121000,124000,10100,0.0,-0.9,5.8,4.89,81.0,19.0,23.7,64,203,14.5,810,72.7,215000,6.27,-0.47,2100000,17.2,550
RENT000058,2019-02-01,2019,2,Q1,Dubai,Dubai,Downtown Dubai,Villa,1BR,330000,325000,27500,0.0,-2.1,4.25,3.73,70.3,29.7,11.3,192,91,16.3,1400,85.7,438000,4.58,-0.33,7750000,23.5,492
RENT000063,2019-02-01,2019,2,Q1,Dubai,Dubai,Dubai Hills Estate,Apartment,2BR,132000,131000,11000,0.0,1.0,4.86,3.86,73.1,26.9,19.5,42,450,2.7,470,83.6,143000,4.94,-0.08,2700000,20.6,280
RENT000064,2019-02-01,2019,2,Q1,Dubai,Dubai,Dubai Hills Estate,Villa,1BR,254000,239000,21200,0.0,-2.0,4.25,3.69,83.1,16.9,22.5,59,622,7.9,1690,61.8,381000,4.6,-0.35,6000000,23.5,228
RENT000059,2019-02-01,2019,2,Q1,Dubai,Dubai,Dubai Marina,Apartment,3BR,102000,102000,8500,0.0,-1.6,4.48,3.57,72.1,27.9,17.9,116,863,11.0,370,75.6,102000,4.88,-0.4,2250000,22.3,308
RENT000060,2019-02-01,2019,2,Q1,Dubai,Dubai,Dubai Marina,Villa,5BR+,222000,221000,18500,0.0,-2.3,5.86,4.72,77.5,22.5,15.0,11,128,9.9,1550,83.7,474000,5.4,0.46,3800000,17.1,208
RENT000079,2019-02-01,2019,2,Q1,Dubai,Dubai,Dubai South,Apartment,2BR,67000,68000,5600,0.0,1.7,4.87,4.07,77.5,22.5,23.9,199,872,3.8,340,81.8,102000,4.79,0.08,1400000,20.5,531
RENT000080,2019-02-01,2019,2,Q1,Dubai,Dubai,Dubai South,Villa,Studio,126000,131000,10500,0.0,2.4,4.91,4.31,78.4,21.6,16.8,130,562,5.0,650,87.4,207000,4.49,0.42,2550000,20.4,96
RENT000073,2019-02-01,2019,2,Q1,Dubai,Dubai,JBR,Apartment,1BR,117000,120000,9800,0.0,-0.4,5.53,4.54,82.6,17.4,11.2,96,176,12.5,570,82.1,171000,5.62,-0.09,2100000,18.1,100
RENT000074,2019-02-01,2019,2,Q1,Dubai,Dubai,JBR,Villa,3BR,199000,194000,16600,0.0,1.7,5.12,4.14,74.2,25.8,21.4,163,60,10.8,1420,83.9,435000,5.43,-0.31,3900000,19.5,448
RENT000067,2019-02-01,2019,2,Q1,Dubai,Dubai,JVC,Apartment,1BR,65000,63000,5400,0.0,1.2,5.58,5.02,83.8,16.2,19.4,24,1097,7.0,470,72.0,124000,5.42,0.16,1150000,17.9,512
RENT000068,2019-02-01,2019,2,Q1,Dubai,Dubai,JVC,Villa,1BR,124000,128000,10300,0.0,-0.8,5.47,4.66,76.7,23.3,18.4,189,1091,5.6,870,56.3,179000,5.88,-0.41,2250000,18.3,416
RENT000093,2019-02-01,2019,2,Q1,Abu Dhabi,Abu Dhabi,Khalifa City,Apartment,3BR,69000,69000,5800,0.0,1.8,3.85,2.9,83.2,16.8,23.3,12,813,7.7,370,55.4,75000,3.66,0.19,1800000,26.0,114
RENT000094,2019-02-01,2019,2,Q1,Abu Dhabi,Abu Dhabi,Khalifa City,Villa,2BR,124000,126000,10300,0.0,2.6,5.48,4.38,83.1,16.9,14.4,33,258,1.0,860,72.8,229000,5.89,-0.41,2250000,18.2,262
RENT000069,2019-02-01,2019,2,Q1,Dubai,Dubai,MBR City,Apartment,2BR,146000,151000,12200,0.0,1.7,4.36,3.45,74.4,25.6,15.8,72,1139,2.2,890,87.6,285000,4.43,-0.07,3350000,22.9,418
RENT000070,2019-02-01,2019,2,Q1,Dubai,Dubai,MBR City,Villa,4BR,413000,418000,34400,0.0,-1.5,6.24,5.62,80.1,19.9,21.3,50,750,1.6,2740,65.3,653000,5.85,0.39,6600000,16.0,194
RENT000099,2019-02-01,2019,2,Q1,Abu Dhabi,Abu Dhabi,Masdar City,Apartment,2BR,64000,63000,5300,0.0,2.2,5.11,4.14,72.8,27.2,12.3,18,512,7.5,390,85.7,122000,5.55,-0.44,1250000,19.6,202
RENT000100,2019-02-01,2019,2,Q1,Abu Dhabi,Abu Dhabi,Masdar City,Villa,Studio,134000,130000,11200,0.0,0.1,3.91,2.93,84.5,15.5,10.8,77,90,6.3,720,68.1,179000,3.97,-0.06,3450000,25.6,93
RENT000081,2019-02-01,2019,2,Q1,Dubai,Dubai,Meydan,Apartment,2BR,92000,89000,7700,0.0,2.9,5.68,4.51,86.7,13.3,10.7,217,272,3.4,570,58.8,122000,5.53,0.15,1600000,17.6,522
RENT000082,2019-02-01,2019,2,Q1,Dubai,Dubai,Meydan,Villa,2BR,277000,279000,23100,0.0,-0.6,4.64,3.69,89.1,10.9,22.8,45,616,7.7,1500,76.0,416000,4.67,-0.03,5950000,21.5,545
RENT000105,2019-02-01,2019,2,Q1,Sharjah,Sharjah,Muwaileh,Apartment,3BR,40000,40000,3300,0.0,-1.7,3.94,3.09,75.5,24.5,21.9,186,411,2.0,150,78.6,43000,3.46,0.48,1000000,25.4,188
RENT000106,2019-02-01,2019,2,Q1,Sharjah,Sharjah,Muwaileh,Villa,1BR,90000,92000,7500,0.0,1.5,4.35,3.49,83.8,16.2,12.9,87,381,6.4,660,56.3,136000,4.0,0.35,2050000,23.0,118
RENT000061,2019-02-01,2019,2,Q1,Dubai,Dubai,Palm Jumeirah,Apartment,3BR,219000,229000,18200,0.0,-0.1,4.44,3.58,78.5,21.5,19.0,37,541,11.1,1190,82.1,357000,4.19,0.25,4950000,22.5,545
RENT000062,2019-02-01,2019,2,Q1,Dubai,Dubai,Palm Jumeirah,Villa,Studio,668000,672000,55700,0.0,2.2,4.72,3.56,82.4,17.6,11.1,174,604,14.2,4010,81.8,1197000,4.64,0.08,14150000,21.2,424
RENT000087,2019-02-01,2019,2,Q1,Abu Dhabi,Abu Dhabi,Saadiyat Island,Apartment,1BR,173000,170000,14400,0.0,-2.1,5.13,4.06,87.1,12.9,13.4,120,167,13.1,670,87.1,213000,5.51,-0.38,3350000,19.5,131
RENT000088,2019-02-01,2019,2,Q1,Abu Dhabi,Abu Dhabi,Saadiyat Island,Villa,2BR,433000,450000,36100,0.0,1.2,5.29,4.31,89.0,11.0,11.2,103,160,18.2,2690,62.5,614000,5.16,0.13,8200000,18.9,192
RENT000083,2019-02-01,2019,2,Q1,Dubai,Dubai,Sports City,Apartment,Studio,58000,55000,4800,0.0,0.4,4.19,3.21,88.6,11.4,19.4,242,664,5.0,310,61.9,70000,4.1,0.09,1400000,23.9,518
RENT000084,2019-02-01,2019,2,Q1,Dubai,Dubai,Sports City,Villa,3BR,189000,198000,15800,0.0,2.8,5.06,4.36,72.1,27.9,16.7,144,969,6.1,1160,59.1,250000,4.94,0.12,3750000,19.8,475
RENT000089,2019-02-01,2019,2,Q1,Abu Dhabi,Abu Dhabi,Yas Island,Apartment,5BR+,100000,101000,8300,0.0,2.6,5.56,5.02,72.3,27.7,18.1,207,236,16.4,630,77.3,178000,5.39,0.17,1800000,18.0,230
RENT000090,2019-02-01,2019,2,Q1,Abu Dhabi,Abu Dhabi,Yas Island,Villa,3BR,274000,274000,22800,0.0,-2.0,5.27,4.14,77.2,22.8,16.0,129,510,9.1,1280,66.0,308000,5.01,0.26,5200000,19.0,353
RENT000127,2019-03-01,2019,3,Q1,Dubai,Dubai,Al Furjan,Apartment,1BR,79000,75000,6600,0.0,1.4,4.37,3.47,84.6,15.4,11.3,85,75,3.6,370,87.5,118000,4.61,-0.24,1800000,22.9,528
RENT000128,2019-03-01,2019,3,Q1,Dubai,Dubai,Al Furjan,Villa,2BR,262000,269000,21800,0.0,-2.4,3.96,3.08,80.6,19.4,13.4,245,1100,5.8,1840,56.6,380000,3.76,0.2,6600000,25.2,594
RENT000167,2019-03-01,2019,3,Q1,Ras Al Khaimah,Ras Al Khaimah,Al Hamra Village,Apartment,3BR,69000,72000,5800,0.0,1.9,4.52,3.42,89.4,10.6,12.0,62,894,3.6,330,71.5,86000,4.05,0.47,1550000,22.1,76
RENT000168,2019-03-01,2019,3,Q1,Ras Al Khaimah,Ras Al Khaimah,Al Hamra Village,Villa,2BR,164000,161000,13700,0.0,-1.5,4.88,4.29,80.5,19.5,18.2,63,748,6.6,860,65.4,205000,5.33,-0.45,3350000,20.5,90
RENT000163,2019-03-01,2019,3,Q1,Sharjah,Sharjah,Al Khan,Apartment,2BR,49000,50000,4100,0.0,2.7,4.6,3.95,88.5,11.5,15.3,72,1177,4.6,310,87.0,98000,4.16,0.44,1050000,21.7,176
RENT000164,2019-03-01,2019,3,Q1,Sharjah,Sharjah,Al Khan,Villa,1BR,94000,89000,7800,0.0,3.3,4.76,3.72,79.9,20.1,15.3,145,590,3.0,390,55.6,79000,5.24,-0.48,2000000,21.0,128
RENT000157,2019-03-01,2019,3,Q1,Sharjah,Sharjah,Al Majaz,Apartment,2BR,52000,55000,4300,0.0,3.2,3.87,2.92,83.1,16.9,12.3,214,382,1.3,380,60.0,83000,3.59,0.28,1350000,25.8,238
RENT000158,2019-03-01,2019,3,Q1,Sharjah,Sharjah,Al Majaz,Villa,1BR,124000,120000,10300,0.0,-1.0,6.08,4.94,75.5,24.5,19.9,151,534,2.5,780,68.6,195000,6.13,-0.05,2050000,16.4,228
RENT000159,2019-03-01,2019,3,Q1,Sharjah,Sharjah,Al Nahda,Apartment,3BR,48000,49000,4000,0.0,1.4,3.86,3.22,73.7,26.3,13.7,178,240,7.7,330,79.6,96000,4.35,-0.49,1250000,25.9,75
RENT000160,2019-03-01,2019,3,Q1,Sharjah,Sharjah,Al Nahda,Villa,3BR,146000,142000,12200,0.0,3.1,4.47,3.96,78.6,21.4,17.9,192,1034,6.9,630,64.0,147000,4.22,0.25,3250000,22.3,118
RENT000147,2019-03-01,2019,3,Q1,Abu Dhabi,Abu Dhabi,Al Raha Beach,Apartment,2BR,99000,100000,8200,0.0,-0.7,3.9,3.09,75.9,24.1,12.5,173,232,4.6,690,71.7,181000,4.11,-0.21,2550000,25.6,264
RENT000148,2019-03-01,2019,3,Q1,Abu Dhabi,Abu Dhabi,Al Raha Beach,Villa,Studio,201000,204000,16800,0.0,-1.4,4.12,3.43,76.2,23.8,12.8,71,1033,2.8,880,82.5,265000,4.2,-0.08,4900000,24.3,104
RENT000153,2019-03-01,2019,3,Q1,Abu Dhabi,Abu Dhabi,Al Reef,Apartment,2BR,65000,64000,5400,0.0,-1.2,6.08,5.1,86.0,14.0,20.9,196,1044,1.2,310,61.0,69000,5.88,0.2,1050000,16.4,242
RENT000154,2019-03-01,2019,3,Q1,Abu Dhabi,Abu Dhabi,Al Reef,Villa,2BR,217000,216000,18100,0.0,-1.0,5.12,4.33,84.8,15.2,23.5,124,439,7.2,1030,85.5,321000,5.21,-0.09,4250000,19.5,237
RENT000141,2019-03-01,2019,3,Q1,Abu Dhabi,Abu Dhabi,Al Reem Island,Apartment,3BR,82000,76000,6800,0.0,0.8,4.8,3.68,76.0,24.0,13.8,198,721,5.1,290,65.9,70000,4.82,-0.02,1700000,20.8,112
RENT000142,2019-03-01,2019,3,Q1,Abu Dhabi,Abu Dhabi,Al Reem Island,Villa,2BR,172000,179000,14300,0.0,2.0,4.86,3.88,70.2,29.8,15.7,177,894,6.3,920,82.6,277000,4.65,0.21,3550000,20.6,355
RENT000165,2019-03-01,2019,3,Q1,Sharjah,Sharjah,Al Taawun,Apartment,1BR,43000,45000,3600,0.0,0.6,5.27,4.75,79.3,20.7,22.8,198,69,1.6,270,56.4,56000,5.02,0.25,800000,19.0,131
RENT000166,2019-03-01,2019,3,Q1,Sharjah,Sharjah,Al Taawun,Villa,2BR,98000,99000,8200,0.0,0.3,5.22,4.62,72.9,27.1,12.4,190,1015,3.7,560,88.0,180000,4.94,0.28,1900000,19.1,135
RENT000121,2019-03-01,2019,3,Q1,Dubai,Dubai,Business Bay,Apartment,3BR,100000,101000,8300,0.0,-0.9,5.46,4.7,79.6,20.4,23.5,15,174,7.9,420,79.8,122000,5.51,-0.05,1850000,18.3,236
RENT000122,2019-03-01,2019,3,Q1,Dubai,Dubai,Business Bay,Villa,5BR+,244000,250000,20300,0.0,2.6,4.5,3.96,79.3,20.7,12.8,62,563,7.1,1160,81.6,345000,4.83,-0.33,5450000,22.2,152
RENT000151,2019-03-01,2019,3,Q1,Abu Dhabi,Abu Dhabi,Corniche,Apartment,3BR,122000,118000,10200,0.0,2.2,4.76,3.66,82.3,17.7,13.8,37,812,5.6,470,63.2,108000,4.29,0.47,2550000,21.0,295
RENT000152,2019-03-01,2019,3,Q1,Abu Dhabi,Abu Dhabi,Corniche,Villa,2BR,346000,350000,28800,0.0,1.7,5.61,4.6,78.0,22.0,17.3,228,301,4.9,1360,59.5,295000,6.0,-0.39,6150000,17.8,197
RENT000131,2019-03-01,2019,3,Q1,Dubai,Dubai,Creek Harbour,Apartment,5BR+,103000,100000,8600,0.0,-1.3,4.04,3.17,76.8,23.2,23.9,59,824,4.5,760,82.7,229000,4.44,-0.4,2550000,24.7,591
RENT000132,2019-03-01,2019,3,Q1,Dubai,Dubai,Creek Harbour,Villa,3BR,283000,283000,23600,0.0,-2.0,4.76,3.98,82.5,17.5,19.5,77,254,2.1,1770,57.4,371000,4.84,-0.08,5950000,21.0,150
RENT000133,2019-03-01,2019,3,Q1,Dubai,Dubai,DAMAC Hills,Apartment,2BR,90000,86000,7500,0.0,-0.0,5.26,4.19,88.9,11.1,20.4,226,779,2.5,650,84.9,201000,5.64,-0.38,1700000,19.0,205
RENT000134,2019-03-01,2019,3,Q1,Dubai,Dubai,DAMAC Hills,Villa,Studio,236000,247000,19700,0.0,-2.0,4.23,3.48,86.1,13.9,23.6,219,924,3.8,1560,61.6,351000,3.87,0.36,5600000,23.6,191
RENT000113,2019-03-01,2019,3,Q1,Dubai,Dubai,Downtown Dubai,Apartment,2BR,137000,139000,11400,0.0,1.5,5.35,4.46,77.2,22.8,21.7,111,210,14.9,860,75.5,237000,5.68,-0.33,2550000,18.7,585
RENT000114,2019-03-01,2019,3,Q1,Dubai,Dubai,Downtown Dubai,Villa,2BR,413000,419000,34400,0.0,0.7,4.72,3.55,79.7,20.3,10.3,154,803,5.2,2740,57.2,572000,4.67,0.05,8750000,21.2,547
RENT000119,2019-03-01,2019,3,Q1,Dubai,Dubai,Dubai Hills Estate,Apartment,2BR,142000,147000,11800,0.0,2.2,5.0,4.18,78.2,21.8,17.9,218,641,7.5,1030,64.7,243000,4.97,0.03,2850000,20.0,387
RENT000120,2019-03-01,2019,3,Q1,Dubai,Dubai,Dubai Hills Estate,Villa,2BR,475000,481000,39600,0.0,2.3,5.05,4.55,71.6,28.4,19.9,152,753,2.4,2410,82.4,725000,5.46,-0.41,9400000,19.8,460
RENT000115,2019-03-01,2019,3,Q1,Dubai,Dubai,Dubai Marina,Apartment,1BR,112000,106000,9300,0.0,1.5,4.47,3.4,76.5,23.5,19.6,14,479,15.6,500,65.4,119000,4.24,0.23,2500000,22.4,523
RENT000116,2019-03-01,2019,3,Q1,Dubai,Dubai,Dubai Marina,Villa,2BR,270000,270000,22500,0.0,-2.4,5.15,4.03,86.7,13.3,12.9,52,96,17.5,1610,82.8,487000,5.41,-0.26,5250000,19.4,132
RENT000135,2019-03-01,2019,3,Q1,Dubai,Dubai,Dubai South,Apartment,3BR,65000,62000,5400,0.0,2.4,4.65,3.45,74.7,25.3,13.6,11,720,3.1,350,68.0,87000,4.57,0.08,1400000,21.5,424
RENT000136,2019-03-01,2019,3,Q1,Dubai,Dubai,Dubai South,Villa,2BR,141000,131000,11800,0.0,-1.5,4.48,3.86,87.9,12.1,15.3,125,805,4.7,590,69.8,150000,4.9,-0.42,3150000,22.3,199
RENT000129,2019-03-01,2019,3,Q1,Dubai,Dubai,JBR,Apartment,2BR,126000,124000,10500,0.0,-2.2,4.17,3.38,78.4,21.6,10.0,218,86,7.1,600,85.3,187000,3.7,0.47,3000000,24.0,199
RENT000130,2019-03-01,2019,3,Q1,Dubai,Dubai,JBR,Villa,1BR,379000,395000,31600,0.0,2.4,3.96,3.46,74.7,25.3,15.7,99,559,18.0,1950,87.2,621000,3.59,0.37,9550000,25.3,421
RENT000123,2019-03-01,2019,3,Q1,Dubai,Dubai,JVC,Apartment,3BR,64000,60000,5300,0.0,-1.5,4.7,3.63,82.4,17.6,21.3,159,437,2.0,270,76.6,75000,4.53,0.17,1350000,21.3,545
RENT000124,2019-03-01,2019,3,Q1,Dubai,Dubai,JVC,Villa,1BR,174000,171000,14500,0.0,-1.9,4.85,4.16,82.4,17.6,19.9,169,966,1.5,630,57.0,131000,5.24,-0.39,3600000,20.6,591
RENT000149,2019-03-01,2019,3,Q1,Abu Dhabi,Abu Dhabi,Khalifa City,Apartment,2BR,78000,79000,6500,0.0,-0.4,4.11,2.94,82.9,17.1,11.7,164,1107,2.6,410,59.5,89000,3.67,0.44,1900000,24.3,55
RENT000150,2019-03-01,2019,3,Q1,Abu Dhabi,Abu Dhabi,Khalifa City,Villa,5BR+,168000,165000,14000,0.0,-0.9,4.53,4.01,79.3,20.7,13.2,19,1015,7.2,770,84.9,239000,4.48,0.05,3700000,22.1,305
RENT000125,2019-03-01,2019,3,Q1,Dubai,Dubai,MBR City,Apartment,4BR,149000,152000,12400,0.0,-2.5,4.82,4.28,77.8,22.2,13.8,148,487,6.5,650,84.9,201000,5.14,-0.32,3100000,20.8,343
RENT000126,2019-03-01,2019,3,Q1,Dubai,Dubai,MBR City,Villa,1BR,449000,467000,37400,0.0,1.4,4.77,3.79,87.5,12.5,23.7,118,1120,2.2,2830,73.1,755000,4.27,0.5,9400000,21.0,233
RENT000155,2019-03-01,2019,3,Q1,Abu Dhabi,Abu Dhabi,Masdar City,Apartment,2BR,59000,60000,4900,0.0,-1.4,4.2,3.67,76.6,23.4,21.7,120,377,4.0,260,79.2,75000,3.73,0.47,1400000,23.8,118
RENT000156,2019-03-01,2019,3,Q1,Abu Dhabi,Abu Dhabi,Masdar City,Villa,Studio,176000,182000,14700,0.0,0.4,5.24,4.59,81.1,18.9,15.2,102,100,3.3,730,66.4,177000,5.28,-0.04,3350000,19.1,300
RENT000137,2019-03-01,2019,3,Q1,Dubai,Dubai,Meydan,Apartment,3BR,104000,100000,8700,0.0,0.2,5.52,4.8,89.2,10.8,15.8,185,109,7.8,510,84.9,158000,5.32,0.2,1900000,18.1,483
RENT000138,2019-03-01,2019,3,Q1,Dubai,Dubai,Meydan,Villa,3BR,346000,330000,28800,0.0,2.8,5.05,4.15,89.8,10.2,14.2,49,475,7.3,1670,81.0,494000,4.78,0.27,6850000,19.8,523
RENT000161,2019-03-01,2019,3,Q1,Sharjah,Sharjah,Muwaileh,Apartment,5BR+,42000,39000,3500,0.0,-2.3,4.79,3.94,76.8,23.2,13.5,169,461,3.1,220,77.7,62000,4.54,0.25,900000,20.9,48
RENT000162,2019-03-01,2019,3,Q1,Sharjah,Sharjah,Muwaileh,Villa,1BR,126000,122000,10500,0.0,3.4,5.72,4.57,73.4,26.6,12.4,210,183,4.4,820,80.5,241000,6.06,-0.34,2200000,17.5,139
RENT000117,2019-03-01,2019,3,Q1,Dubai,Dubai,Palm Jumeirah,Apartment,4BR,202000,189000,16800,0.0,1.8,5.7,4.53,75.4,24.6,21.5,112,1065,6.6,900,63.9,210000,5.94,-0.24,3550000,17.5,286
RENT000118,2019-03-01,2019,3,Q1,Dubai,Dubai,Palm Jumeirah,Villa,2BR,447000,457000,37200,0.0,-1.7,4.4,3.81,79.8,20.2,22.7,202,877,14.0,2160,78.2,617000,3.97,0.43,10150000,22.7,594
RENT000143,2019-03-01,2019,3,Q1,Abu Dhabi,Abu Dhabi,Saadiyat Island,Apartment,1BR,161000,159000,13400,0.0,-0.0,4.25,3.33,77.7,22.3,22.7,249,463,16.1,1180,75.6,326000,4.21,0.04,3800000,23.5,339
RENT000144,2019-03-01,2019,3,Q1,Abu Dhabi,Abu Dhabi,Saadiyat Island,Villa,3BR,402000,370000,33500,0.0,1.8,4.07,3.1,78.8,21.2,14.1,206,902,5.7,1750,73.5,469000,3.59,0.48,9850000,24.5,227
RENT000139,2019-03-01,2019,3,Q1,Dubai,Dubai,Sports City,Apartment,2BR,66000,61000,5500,0.0,0.6,5.8,5.24,73.3,26.7,20.1,189,926,1.3,370,55.7,75000,5.37,0.43,1150000,17.3,576
RENT000140,2019-03-01,2019,3,Q1,Dubai,Dubai,Sports City,Villa,2BR,166000,158000,13800,0.0,-0.7,6.18,5.66,82.7,17.3,21.5,142,1177,3.4,710,67.6,175000,6.66,-0.48,2700000,16.2,105
RENT000145,2019-03-01,2019,3,Q1,Abu Dhabi,Abu Dhabi,Yas Island,Apartment,1BR,92000,90000,7700,0.0,-1.4,4.82,3.8,89.5,10.5,16.9,208,840,18.0,520,66.5,126000,5.16,-0.34,1900000,20.8,344
RENT000146,2019-03-01,2019,3,Q1,Abu Dhabi,Abu Dhabi,Yas Island,Villa,2BR,171000,178000,14200,0.0,3.2,5.12,4.32,74.8,25.2,20.3,179,228,16.1,680,69.2,172000,5.19,-0.07,3350000,19.5,130
RENT000183,2019-04-01,2019,4,Q2,Dubai,Dubai,Al Furjan,Apartment,2BR,77000,80000,6400,0.0,1.2,4.27,3.42,70.1,29.9,19.4,159,502,6.2,470,61.4,105000,4.3,-0.03,1800000,23.4,243
RENT000184,2019-04-01,2019,4,Q2,Dubai,Dubai,Al Furjan,Villa,2BR,192000,179000,16000,0.0,0.9,5.48,4.38,82.6,17.4,18.0,170,952,2.6,1080,68.0,268000,5.64,-0.16,3500000,18.2,392
RENT000223,2019-04-01,2019,4,Q2,Ras Al Khaimah,Ras Al Khaimah,Al Hamra Village,Apartment,1BR,65000,68000,5400,0.0,-2.1,3.94,3.4,87.3,12.7,22.8,99,499,1.9,230,56.6,48000,3.84,0.1,1650000,25.4,16
RENT000224,2019-04-01,2019,4,Q2,Ras Al Khaimah,Ras Al Khaimah,Al Hamra Village,Villa,2BR,186000,172000,15500,0.0,-2.4,4.31,3.52,72.2,27.8,22.1,99,767,3.7,1030,62.1,233000,3.93,0.38,4300000,23.2,67
RENT000219,2019-04-01,2019,4,Q2,Sharjah,Sharjah,Al Khan,Apartment,Studio,47000,45000,3900,0.0,-0.8,4.54,3.47,79.0,21.0,10.2,216,494,1.4,240,83.4,73000,4.99,-0.45,1050000,22.0,131
RENT000220,2019-04-01,2019,4,Q2,Sharjah,Sharjah,Al Khan,Villa,3BR,164000,170000,13700,0.0,2.2,3.9,2.86,73.5,26.5,11.2,111,812,5.7,810,63.3,187000,3.46,0.44,4200000,25.6,70
RENT000213,2019-04-01,2019,4,Q2,Sharjah,Sharjah,Al Majaz,Apartment,4BR,49000,51000,4100,0.0,-0.5,5.96,5.17,75.9,24.1,10.3,243,629,7.4,360,86.8,114000,5.75,0.21,800000,16.8,86
RENT000214,2019-04-01,2019,4,Q2,Sharjah,Sharjah,Al Majaz,Villa,3BR,144000,146000,12000,0.0,3.0,5.77,4.61,79.5,20.5,18.3,93,112,6.3,760,78.9,219000,5.96,-0.19,2500000,17.3,138
RENT000215,2019-04-01,2019,4,Q2,Sharjah,Sharjah,Al Nahda,Apartment,4BR,47000,44000,3900,0.0,1.9,4.63,3.97,83.7,16.3,18.6,164,230,2.6,350,75.3,96000,5.05,-0.42,1000000,21.6,188
RENT000216,2019-04-01,2019,4,Q2,Sharjah,Sharjah,Al Nahda,Villa,4BR,126000,130000,10500,0.0,-0.9,5.11,3.95,77.0,23.0,21.7,35,119,2.9,690,73.5,185000,4.85,0.26,2450000,19.6,204
RENT000203,2019-04-01,2019,4,Q2,Abu Dhabi,Abu Dhabi,Al Raha Beach,Apartment,1BR,115000,115000,9600,0.0,-1.4,5.9,5.0,82.9,17.1,17.8,179,164,3.6,770,72.9,205000,6.08,-0.18,1950000,16.9,169
RENT000204,2019-04-01,2019,4,Q2,Abu Dhabi,Abu Dhabi,Al Raha Beach,Villa,1BR,220000,222000,18300,0.0,1.2,5.6,4.52,84.4,15.6,11.3,215,900,1.6,1140,59.2,246000,5.24,0.36,3950000,17.9,276
RENT000209,2019-04-01,2019,4,Q2,Abu Dhabi,Abu Dhabi,Al Reef,Apartment,Studio,75000,71000,6200,0.0,-0.9,5.63,4.9,77.9,22.1,19.7,157,744,6.1,500,74.9,137000,5.71,-0.08,1350000,17.8,337
RENT000210,2019-04-01,2019,4,Q2,Abu Dhabi,Abu Dhabi,Al Reef,Villa,2BR,174000,180000,14500,0.0,-1.4,4.11,3.44,81.6,18.4,21.6,61,564,4.3,720,71.3,187000,3.74,0.37,4250000,24.3,213
RENT000197,2019-04-01,2019,4,Q2,Abu Dhabi,Abu Dhabi,Al Reem Island,Apartment,1BR,86000,83000,7200,0.0,0.4,4.41,3.74,78.8,21.2,18.8,107,860,1.3,500,80.0,146000,4.7,-0.29,1950000,22.7,318
RENT000198,2019-04-01,2019,4,Q2,Abu Dhabi,Abu Dhabi,Al Reem Island,Villa,Studio,270000,253000,22500,0.0,1.7,4.51,3.88,78.8,21.2,15.2,156,481,2.4,1290,60.7,286000,4.79,-0.28,6000000,22.2,86
RENT000221,2019-04-01,2019,4,Q2,Sharjah,Sharjah,Al Taawun,Apartment,Studio,44000,45000,3700,0.0,1.9,5.58,4.61,85.1,14.9,17.9,223,246,4.8,320,80.5,94000,5.24,0.34,800000,17.9,173
RENT000222,2019-04-01,2019,4,Q2,Sharjah,Sharjah,Al Taawun,Villa,5BR+,121000,120000,10100,0.0,-1.1,4.8,3.96,74.7,25.3,19.9,79,1154,1.5,580,67.6,143000,5.29,-0.49,2500000,20.8,220
RENT000177,2019-04-01,2019,4,Q2,Dubai,Dubai,Business Bay,Apartment,1BR,90000,84000,7500,0.0,-1.5,4.31,3.58,75.2,24.8,12.9,18,523,4.7,370,84.1,114000,4.53,-0.22,2100000,23.2,418
RENT000178,2019-04-01,2019,4,Q2,Dubai,Dubai,Business Bay,Villa,1BR,329000,344000,27400,0.0,-1.9,5.47,4.68,71.0,29.0,13.9,158,887,5.3,1750,78.4,501000,5.46,0.01,6000000,18.3,176
RENT000207,2019-04-01,2019,4,Q2,Abu Dhabi,Abu Dhabi,Corniche,Apartment,4BR,121000,117000,10100,0.0,-2.3,6.09,5.0,80.5,19.5,13.2,17,920,5.8,600,87.1,191000,6.33,-0.24,2000000,16.4,159
RENT000208,2019-04-01,2019,4,Q2,Abu Dhabi,Abu Dhabi,Corniche,Villa,2BR,264000,261000,22000,0.0,0.3,6.09,5.23,87.5,12.5,18.1,121,706,6.7,1760,66.6,428000,6.39,-0.3,4350000,16.4,125
RENT000187,2019-04-01,2019,4,Q2,Dubai,Dubai,Creek Harbour,Apartment,1BR,114000,112000,9500,0.0,-2.1,5.85,4.98,89.0,11.0,12.6,111,428,4.2,530,63.2,122000,5.75,0.1,1950000,17.1,123
RENT000188,2019-04-01,2019,4,Q2,Dubai,Dubai,Creek Harbour,Villa,2BR,352000,366000,29300,0.0,1.7,5.78,5.16,77.9,22.1,22.8,10,719,6.3,2420,80.1,708000,5.42,0.36,6100000,17.3,187
RENT000189,2019-04-01,2019,4,Q2,Dubai,Dubai,DAMAC Hills,Apartment,1BR,99000,95000,8200,0.0,-1.8,3.98,3.06,86.1,13.9,16.0,97,210,5.3,690,74.3,187000,4.23,-0.25,2500000,25.1,108
RENT000190,2019-04-01,2019,4,Q2,Dubai,Dubai,DAMAC Hills,Villa,Studio,285000,282000,23800,0.0,2.9,5.75,4.63,74.1,25.9,15.6,229,1006,6.8,1890,64.2,443000,5.99,-0.24,4950000,17.4,500
RENT000169,2019-04-01,2019,4,Q2,Dubai,Dubai,Downtown Dubai,Apartment,2BR,123000,127000,10200,0.0,-0.9,5.05,4.12,79.4,20.6,22.0,70,1173,15.7,520,73.7,140000,5.55,-0.5,2450000,19.8,199
RENT000170,2019-04-01,2019,4,Q2,Dubai,Dubai,Downtown Dubai,Villa,3BR,285000,287000,23800,0.0,-0.4,4.92,4.08,77.4,22.6,19.4,198,942,17.4,1030,59.4,223000,5.24,-0.32,5800000,20.3,479
RENT000175,2019-04-01,2019,4,Q2,Dubai,Dubai,Dubai Hills Estate,Apartment,5BR+,131000,130000,10900,0.0,2.6,4.06,3.24,83.1,16.9,12.1,173,973,3.9,610,59.6,133000,4.02,0.04,3200000,24.6,146
RENT000176,2019-04-01,2019,4,Q2,Dubai,Dubai,Dubai Hills Estate,Villa,1BR,266000,254000,22200,0.0,-1.7,6.12,5.49,75.6,24.4,23.7,189,1004,2.2,1670,84.6,516000,5.78,0.34,4350000,16.3,288
RENT000171,2019-04-01,2019,4,Q2,Dubai,Dubai,Dubai Marina,Apartment,2BR,113000,106000,9400,0.0,-2.2,4.31,3.21,71.9,28.1,20.8,16,742,16.5,600,84.0,184000,4.14,0.17,2600000,23.2,545
RENT000172,2019-04-01,2019,4,Q2,Dubai,Dubai,Dubai Marina,Villa,2BR,245000,251000,20400,0.0,2.6,4.68,3.57,74.8,25.2,15.5,244,228,17.4,940,72.3,248000,5.09,-0.41,5250000,21.3,430
RENT000191,2019-04-01,2019,4,Q2,Dubai,Dubai,Dubai South,Apartment,2BR,61000,57000,5100,0.0,1.2,3.91,3.15,82.2,17.8,11.5,170,567,6.4,260,64.5,61000,3.62,0.29,1550000,25.5,301
RENT000192,2019-04-01,2019,4,Q2,Dubai,Dubai,Dubai South,Villa,3BR,200000,187000,16700,0.0,-2.3,6.12,5.21,83.6,16.4,17.6,201,298,3.4,930,86.1,292000,5.63,0.49,3250000,16.3,356
RENT000185,2019-04-01,2019,4,Q2,Dubai,Dubai,JBR,Apartment,4BR,121000,125000,10100,0.0,3.4,5.94,4.83,73.7,26.3,13.4,43,417,18.9,620,82.2,186000,5.46,0.48,2050000,16.8,502
RENT000186,2019-04-01,2019,4,Q2,Dubai,Dubai,JBR,Villa,Studio,307000,287000,25600,0.0,-2.1,5.93,5.14,70.7,29.3,11.3,54,798,6.4,1780,84.6,550000,5.93,0.0,5200000,16.9,500
RENT000179,2019-04-01,2019,4,Q2,Dubai,Dubai,JVC,Apartment,3BR,71000,72000,5900,0.0,-1.1,4.02,3.19,87.3,12.7,11.1,24,216,7.7,330,81.5,98000,3.57,0.45,1750000,24.9,484
RENT000180,2019-04-01,2019,4,Q2,Dubai,Dubai,JVC,Villa,1BR,221000,222000,18400,0.0,3.5,4.16,3.0,79.3,20.7,12.7,104,1175,2.9,1570,59.2,339000,4.3,-0.14,5300000,24.0,431
RENT000205,2019-04-01,2019,4,Q2,Abu Dhabi,Abu Dhabi,Khalifa City,Apartment,4BR,80000,80000,6700,0.0,3.0,4.78,4.18,81.8,18.2,23.0,72,729,6.4,480,60.8,107000,4.78,0.0,1650000,20.9,261
RENT000206,2019-04-01,2019,4,Q2,Abu Dhabi,Abu Dhabi,Khalifa City,Villa,5BR+,144000,150000,12000,0.0,3.1,5.97,4.96,78.5,21.5,23.9,33,383,4.3,810,60.2,178000,5.97,0.0,2400000,16.8,73
RENT000181,2019-04-01,2019,4,Q2,Dubai,Dubai,MBR City,Apartment,1BR,141000,138000,11800,0.0,-0.6,4.04,3.2,70.2,29.8,15.9,188,376,1.2,580,66.2,140000,3.98,0.06,3500000,24.7,237
RENT000182,2019-04-01,2019,4,Q2,Dubai,Dubai,MBR City,Villa,Studio,304000,289000,25300,0.0,0.4,5.19,4.01,72.6,27.4,19.0,118,1018,1.8,1350,55.3,272000,5.6,-0.41,5850000,19.3,397
RENT000211,2019-04-01,2019,4,Q2,Abu Dhabi,Abu Dhabi,Masdar City,Apartment,2BR,63000,60000,5200,0.0,2.5,4.08,3.24,75.8,24.2,16.5,118,61,2.7,450,78.9,130000,4.0,0.08,1550000,24.5,192
RENT000212,2019-04-01,2019,4,Q2,Abu Dhabi,Abu Dhabi,Masdar City,Villa,1BR,181000,167000,15100,0.0,-0.1,5.1,4.08,77.2,22.8,19.4,48,1150,4.2,820,67.7,203000,5.3,-0.2,3550000,19.6,199
RENT000193,2019-04-01,2019,4,Q2,Dubai,Dubai,Meydan,Apartment,4BR,106000,109000,8800,0.0,0.4,4.93,3.77,72.9,27.1,21.7,163,1116,3.3,600,79.8,175000,4.97,-0.04,2150000,20.3,124
RENT000194,2019-04-01,2019,4,Q2,Dubai,Dubai,Meydan,Villa,2BR,245000,235000,20400,0.0,-1.6,5.59,4.78,84.5,15.5,12.9,212,396,3.2,1030,68.4,257000,5.97,-0.38,4400000,17.9,257
RENT000217,2019-04-01,2019,4,Q2,Sharjah,Sharjah,Muwaileh,Apartment,3BR,40000,38000,3300,0.0,0.4,5.6,4.98,85.7,14.3,12.4,71,94,5.0,220,86.7,70000,5.14,0.46,700000,17.9,39
RENT000218,2019-04-01,2019,4,Q2,Sharjah,Sharjah,Muwaileh,Villa,Studio,83000,84000,6900,0.0,-0.1,4.2,3.6,82.0,18.0,21.3,146,1085,6.4,380,78.5,109000,4.31,-0.11,2000000,23.8,148
RENT000173,2019-04-01,2019,4,Q2,Dubai,Dubai,Palm Jumeirah,Apartment,1BR,226000,213000,18800,0.0,-0.9,3.86,2.89,76.7,23.3,12.7,221,813,16.9,1510,85.2,470000,4.13,-0.27,5850000,25.9,250
RENT000174,2019-04-01,2019,4,Q2,Dubai,Dubai,Palm Jumeirah,Villa,2BR,723000,752000,60200,0.0,0.2,4.66,3.85,87.4,12.6,14.4,248,924,8.9,3710,78.8,1067000,4.3,0.36,15500000,21.5,194
RENT000199,2019-04-01,2019,4,Q2,Abu Dhabi,Abu Dhabi,Saadiyat Island,Apartment,2BR,175000,176000,14600,0.0,1.7,4.32,3.44,83.8,16.2,23.2,70,248,16.7,770,68.4,192000,4.63,-0.31,4050000,23.1,105
RENT000200,2019-04-01,2019,4,Q2,Abu Dhabi,Abu Dhabi,Saadiyat Island,Villa,1BR,473000,496000,39400,0.0,-2.2,5.9,5.32,86.7,13.3,19.7,135,1180,12.6,1700,57.8,359000,5.94,-0.04,8000000,16.9,350
RENT000195,2019-04-01,2019,4,Q2,Dubai,Dubai,Sports City,Apartment,3BR,64000,60000,5300,0.0,-1.2,5.6,5.0,86.0,14.0,22.5,208,774,1.0,240,84.0,74000,5.59,0.01,1150000,17.8,485
RENT000196,2019-04-01,2019,4,Q2,Dubai,Dubai,Sports City,Villa,2BR,166000,161000,13800,0.0,1.8,5.15,4.26,72.5,27.5,10.1,157,1021,3.9,850,76.5,237000,4.75,0.4,3200000,19.4,166
RENT000201,2019-04-01,2019,4,Q2,Abu Dhabi,Abu Dhabi,Yas Island,Apartment,3BR,94000,97000,7800,0.0,1.9,3.97,3.16,71.7,28.3,15.6,47,904,16.4,590,84.8,183000,4.03,-0.06,2350000,25.2,88
RENT000202,2019-04-01,2019,4,Q2,Abu Dhabi,Abu Dhabi,Yas Island,Villa,2BR,215000,202000,17900,0.0,-1.9,5.05,3.99,80.2,19.8,20.7,150,721,5.7,1290,57.7,272000,4.67,0.38,4250000,19.8,133
RENT000239,2019-05-01,2019,5,Q2,Dubai,Dubai,Al Furjan,Apartment,5BR+,73000,68000,6100,0.0,3.1,3.85,3.22,71.5,28.5,18.6,161,312,6.9,500,62.5,114000,3.69,0.16,1900000,26.0,306
RENT000240,2019-05-01,2019,5,Q2,Dubai,Dubai,Al Furjan,Villa,3BR,236000,238000,19700,0.0,-0.1,4.5,3.66,72.3,27.7,22.9,173,162,3.4,1070,86.5,338000,4.71,-0.21,5250000,22.2,330
RENT000279,2019-05-01,2019,5,Q2,Ras Al Khaimah,Ras Al Khaimah,Al Hamra Village,Apartment,3BR,63000,64000,5200,0.0,1.2,4.47,3.47,80.0,20.0,16.3,172,54,4.8,360,84.8,111000,4.66,-0.19,1400000,22.3,114
RENT000280,2019-05-01,2019,5,Q2,Ras Al Khaimah,Ras Al Khaimah,Al Hamra Village,Villa,Studio,136000,143000,11300,0.0,0.4,3.9,2.98,87.7,12.3,12.7,157,281,7.7,600,87.6,192000,3.82,0.08,3500000,25.6,54
RENT000275,2019-05-01,2019,5,Q2,Sharjah,Sharjah,Al Khan,Apartment,4BR,47000,44000,3900,0.0,1.3,4.01,3.34,75.1,24.9,19.4,149,619,1.9,330,62.2,75000,3.64,0.37,1150000,24.9,191
RENT000276,2019-05-01,2019,5,Q2,Sharjah,Sharjah,Al Khan,Villa,1BR,112000,108000,9300,0.0,2.8,3.87,2.82,83.2,16.8,15.6,43,398,3.8,440,83.3,134000,4.09,-0.22,2900000,25.8,213
RENT000269,2019-05-01,2019,5,Q2,Sharjah,Sharjah,Al Majaz,Apartment,5BR+,55000,56000,4600,0.0,-1.1,4.06,3.04,85.6,14.4,14.0,240,531,5.4,400,57.9,85000,3.76,0.3,1350000,24.6,44
RENT000270,2019-05-01,2019,5,Q2,Sharjah,Sharjah,Al Majaz,Villa,3BR,114000,114000,9500,0.0,-0.5,6.2,5.65,85.2,14.8,14.0,168,603,3.1,790,72.6,209000,6.24,-0.04,1850000,16.1,209
RENT000271,2019-05-01,2019,5,Q2,Sharjah,Sharjah,Al Nahda,Apartment,1BR,47000,49000,3900,0.0,2.5,4.74,3.95,83.1,16.9,18.1,147,260,7.8,310,74.2,84000,4.27,0.47,1000000,21.1,222
RENT000272,2019-05-01,2019,5,Q2,Sharjah,Sharjah,Al Nahda,Villa,5BR+,144000,141000,12000,0.0,1.5,3.87,3.28,73.1,26.9,12.3,240,217,7.4,640,62.4,146000,4.04,-0.17,3700000,25.9,144
RENT000259,2019-05-01,2019,5,Q2,Abu Dhabi,Abu Dhabi,Al Raha Beach,Apartment,3BR,108000,110000,9000,0.0,2.5,5.05,3.97,74.9,25.1,21.3,98,86,2.2,720,84.3,222000,5.02,0.03,2150000,19.8,331
RENT000260,2019-05-01,2019,5,Q2,Abu Dhabi,Abu Dhabi,Al Raha Beach,Villa,2BR,273000,286000,22800,0.0,-1.7,4.88,3.92,73.1,26.9,17.2,240,267,6.9,1580,62.3,359000,4.47,0.41,5600000,20.5,349
RENT000265,2019-05-01,2019,5,Q2,Abu Dhabi,Abu Dhabi,Al Reef,Apartment,2BR,64000,64000,5300,0.0,3.0,4.24,3.09,78.5,21.5,15.7,171,837,5.7,370,83.1,112000,4.27,-0.03,1500000,23.6,221
RENT000266,2019-05-01,2019,5,Q2,Abu Dhabi,Abu Dhabi,Al Reef,Villa,1BR,144000,142000,12000,0.0,3.4,5.92,5.25,72.9,27.1,12.3,109,437,2.0,580,58.8,124000,6.39,-0.47,2450000,16.9,339
RENT000253,2019-05-01,2019,5,Q2,Abu Dhabi,Abu Dhabi,Al Reem Island,Apartment,2BR,81000,83000,6800,0.0,-1.8,6.05,5.46,82.1,17.9,23.4,96,488,3.2,470,86.3,148000,6.09,-0.04,1350000,16.5,258
RENT000254,2019-05-01,2019,5,Q2,Abu Dhabi,Abu Dhabi,Al Reem Island,Villa,3BR,275000,282000,22900,0.0,2.7,5.0,4.01,80.7,19.3,23.7,89,294,7.1,1880,86.5,594000,4.52,0.48,5500000,20.0,219
RENT000277,2019-05-01,2019,5,Q2,Sharjah,Sharjah,Al Taawun,Apartment,4BR,41000,40000,3400,0.0,0.6,5.29,4.22,80.5,19.5,21.9,59,816,1.2,270,76.4,75000,4.86,0.43,800000,18.9,172
RENT000278,2019-05-01,2019,5,Q2,Sharjah,Sharjah,Al Taawun,Villa,Studio,92000,93000,7700,0.0,2.8,5.9,5.2,71.1,28.9,22.9,234,900,1.1,600,63.3,139000,5.74,0.16,1550000,16.9,236
RENT000233,2019-05-01,2019,5,Q2,Dubai,Dubai,Business Bay,Apartment,1BR,96000,98000,8000,0.0,-1.1,5.08,3.96,88.7,11.3,21.0,123,314,3.4,470,78.2,134000,5.42,-0.34,1900000,19.7,206
RENT000234,2019-05-01,2019,5,Q2,Dubai,Dubai,Business Bay,Villa,1BR,206000,209000,17200,0.0,0.3,5.46,4.51,70.2,29.8,13.0,194,851,1.6,1450,65.4,346000,5.61,-0.15,3750000,18.3,554
RENT000263,2019-05-01,2019,5,Q2,Abu Dhabi,Abu Dhabi,Corniche,Apartment,3BR,122000,122000,10200,0.0,0.0,4.02,2.97,84.2,15.8,13.0,110,605,2.3,740,73.8,199000,3.95,0.07,3050000,24.9,192
RENT000264,2019-05-01,2019,5,Q2,Abu Dhabi,Abu Dhabi,Corniche,Villa,2BR,354000,343000,29500,0.0,1.4,5.09,4.09,86.0,14.0,12.2,127,1057,4.5,2500,67.2,613000,5.38,-0.29,6950000,19.6,256
RENT000243,2019-05-01,2019,5,Q2,Dubai,Dubai,Creek Harbour,Apartment,3BR,108000,103000,9000,0.0,2.8,5.81,4.95,85.9,14.1,21.4,194,416,6.9,510,84.2,157000,5.93,-0.12,1850000,17.2,370
RENT000244,2019-05-01,2019,5,Q2,Dubai,Dubai,Creek Harbour,Villa,3BR,296000,305000,24700,0.0,0.2,6.14,5.58,70.8,29.2,13.9,110,78,5.4,1210,57.3,253000,6.18,-0.04,4800000,16.3,483
RENT000245,2019-05-01,2019,5,Q2,Dubai,Dubai,DAMAC Hills,Apartment,3BR,84000,78000,7000,0.0,-1.7,5.95,5.27,72.2,27.8,22.5,86,1073,4.7,540,86.5,170000,6.4,-0.45,1400000,16.8,530
RENT000246,2019-05-01,2019,5,Q2,Dubai,Dubai,DAMAC Hills,Villa,5BR+,311000,309000,25900,0.0,1.0,5.85,5.32,74.7,25.3,12.4,162,455,6.8,1830,58.4,390000,5.98,-0.13,5300000,17.1,543
RENT000225,2019-05-01,2019,5,Q2,Dubai,Dubai,Downtown Dubai,Apartment,1BR,122000,122000,10200,0.0,-0.7,4.31,3.26,71.2,28.8,22.5,67,53,18.5,730,60.6,161000,3.87,0.44,2850000,23.2,167
RENT000226,2019-05-01,2019,5,Q2,Dubai,Dubai,Downtown Dubai,Villa,1BR,353000,327000,29400,0.0,2.7,4.3,3.77,79.9,20.1,22.1,112,1193,15.0,1530,74.2,414000,4.78,-0.48,8200000,23.3,557
RENT000231,2019-05-01,2019,5,Q2,Dubai,Dubai,Dubai Hills Estate,Apartment,1BR,143000,149000,11900,0.0,3.3,4.26,3.46,75.2,24.8,15.9,228,208,3.7,690,71.8,181000,4.45,-0.19,3350000,23.5,252
RENT000232,2019-05-01,2019,5,Q2,Dubai,Dubai,Dubai Hills Estate,Villa,4BR,464000,456000,38700,0.0,1.1,4.09,3.35,80.3,19.7,22.1,206,694,1.7,2480,82.7,749000,4.04,0.05,11350000,24.5,505
RENT000227,2019-05-01,2019,5,Q2,Dubai,Dubai,Dubai Marina,Apartment,2BR,106000,103000,8800,0.0,1.4,4.37,3.39,81.3,18.7,13.0,239,958,15.1,700,61.2,156000,4.49,-0.12,2400000,22.9,240
RENT000228,2019-05-01,2019,5,Q2,Dubai,Dubai,Dubai Marina,Villa,1BR,255000,244000,21200,0.0,-1.9,3.85,2.99,78.3,21.7,12.0,203,1142,14.4,930,68.7,233000,3.56,0.29,6650000,26.0,420
RENT000247,2019-05-01,2019,5,Q2,Dubai,Dubai,Dubai South,Apartment,2BR,67000,63000,5600,0.0,1.7,3.87,3.27,74.9,25.1,10.7,149,503,2.5,390,56.9,81000,3.83,0.04,1750000,25.9,299
RENT000248,2019-05-01,2019,5,Q2,Dubai,Dubai,Dubai South,Villa,4BR,203000,209000,16900,0.0,-1.5,4.8,3.83,75.3,24.7,23.4,143,142,5.1,1440,62.5,328000,4.93,-0.13,4250000,20.8,148
RENT000241,2019-05-01,2019,5,Q2,Dubai,Dubai,JBR,Apartment,4BR,115000,115000,9600,0.0,1.9,4.54,3.43,81.0,19.0,17.6,220,774,12.9,460,71.3,120000,4.44,0.1,2550000,22.0,288
RENT000242,2019-05-01,2019,5,Q2,Dubai,Dubai,JBR,Villa,1BR,349000,350000,29100,0.0,-0.3,6.04,5.39,86.9,13.1,11.4,29,424,11.1,2240,74.7,611000,6.41,-0.37,5750000,16.5,484
RENT000235,2019-05-01,2019,5,Q2,Dubai,Dubai,JVC,Apartment,2BR,66000,68000,5500,0.0,-1.6,5.27,4.65,89.8,10.2,22.8,105,293,1.0,280,55.9,57000,5.08,0.19,1250000,19.0,376
RENT000236,2019-05-01,2019,5,Q2,Dubai,Dubai,JVC,Villa,3BR,152000,154000,12700,0.0,-0.8,4.23,3.48,81.3,18.7,13.5,182,655,1.3,630,85.6,197000,3.82,0.41,3600000,23.6,477
RENT000261,2019-05-01,2019,5,Q2,Abu Dhabi,Abu Dhabi,Khalifa City,Apartment,5BR+,73000,76000,6100,0.0,0.6,4.37,3.69,73.0,27.0,11.8,174,206,7.0,300,71.7,79000,4.3,0.07,1650000,22.9,109
RENT000262,2019-05-01,2019,5,Q2,Abu Dhabi,Abu Dhabi,Khalifa City,Villa,1BR,150000,140000,12500,0.0,1.6,5.84,5.06,85.9,14.1,18.0,122,353,6.4,710,70.2,182000,6.29,-0.45,2550000,17.1,328
RENT000237,2019-05-01,2019,5,Q2,Dubai,Dubai,MBR City,Apartment,1BR,160000,162000,13300,0.0,-2.5,4.97,4.37,73.2,26.8,12.3,134,648,7.7,680,84.7,210000,5.13,-0.16,3200000,20.1,318
RENT000238,2019-05-01,2019,5,Q2,Dubai,Dubai,MBR City,Villa,4BR,309000,309000,25800,0.0,2.5,4.21,3.65,74.7,25.3,14.3,218,281,5.6,2060,76.4,574000,4.12,0.09,7350000,23.8,380
RENT000267,2019-05-01,2019,5,Q2,Abu Dhabi,Abu Dhabi,Masdar City,Apartment,2BR,63000,63000,5200,0.0,-1.4,4.67,4.02,85.8,14.2,23.4,129,943,4.4,450,74.6,123000,4.62,0.05,1350000,21.4,199
RENT000268,2019-05-01,2019,5,Q2,Abu Dhabi,Abu Dhabi,Masdar City,Villa,1BR,117000,114000,9800,0.0,1.1,4.91,4.27,73.3,26.7,17.7,207,849,4.0,600,69.4,152000,4.78,0.13,2400000,20.4,65
RENT000249,2019-05-01,2019,5,Q2,Dubai,Dubai,Meydan,Apartment,3BR,108000,101000,9000,0.0,-2.1,4.45,3.71,85.9,14.1,13.3,66,295,7.8,550,77.6,156000,4.27,0.18,2450000,22.5,197
RENT000250,2019-05-01,2019,5,Q2,Dubai,Dubai,Meydan,Villa,1BR,307000,306000,25600,0.0,-2.0,4.34,3.79,72.7,27.3,20.7,225,97,7.5,2150,68.9,541000,4.57,-0.23,7100000,23.1,120
RENT000273,2019-05-01,2019,5,Q2,Sharjah,Sharjah,Muwaileh,Apartment,Studio,44000,45000,3700,0.0,-1.4,5.77,4.91,87.4,12.6,12.5,126,620,2.2,310,66.7,75000,6.26,-0.49,750000,17.3,199
RENT000274,2019-05-01,2019,5,Q2,Sharjah,Sharjah,Muwaileh,Villa,Studio,89000,82000,7400,0.0,0.6,4.4,3.64,77.6,22.4,21.2,140,1054,7.1,420,79.7,122000,4.52,-0.12,2000000,22.7,223
RENT000229,2019-05-01,2019,5,Q2,Dubai,Dubai,Palm Jumeirah,Apartment,5BR+,217000,223000,18100,0.0,-1.4,5.23,4.22,73.8,26.2,12.3,11,839,7.5,810,85.9,254000,5.14,0.09,4150000,19.1,573
RENT000230,2019-05-01,2019,5,Q2,Dubai,Dubai,Palm Jumeirah,Villa,2BR,738000,760000,61500,0.0,-2.2,6.03,5.29,77.9,22.1,15.0,191,1183,12.3,3510,83.4,1068000,5.79,0.24,12250000,16.6,99
RENT000255,2019-05-01,2019,5,Q2,Abu Dhabi,Abu Dhabi,Saadiyat Island,Apartment,1BR,158000,164000,13200,0.0,1.3,4.79,3.64,77.0,23.0,21.7,57,792,11.6,570,58.4,122000,4.86,-0.07,3300000,20.9,220
RENT000256,2019-05-01,2019,5,Q2,Abu Dhabi,Abu Dhabi,Saadiyat Island,Villa,1BR,550000,567000,45800,0.0,1.4,4.2,3.38,73.3,26.7,16.7,71,271,9.4,3440,78.6,987000,4.09,0.11,13100000,23.8,263
RENT000251,2019-05-01,2019,5,Q2,Dubai,Dubai,Sports City,Apartment,5BR+,60000,59000,5000,0.0,1.9,6.16,5.54,85.3,14.7,17.4,56,718,5.6,250,77.3,71000,5.9,0.26,950000,16.2,161
RENT000252,2019-05-01,2019,5,Q2,Dubai,Dubai,Sports City,Villa,1BR,193000,189000,16100,0.0,-0.8,4.2,3.4,71.9,28.1,14.0,230,1102,4.3,1270,83.9,389000,4.1,0.1,4600000,23.8,319
RENT000257,2019-05-01,2019,5,Q2,Abu Dhabi,Abu Dhabi,Yas Island,Apartment,Studio,89000,92000,7400,0.0,-0.8,4.4,3.28,78.3,21.7,17.5,191,1140,6.4,370,64.1,87000,4.78,-0.38,2000000,22.7,359
RENT000258,2019-05-01,2019,5,Q2,Abu Dhabi,Abu Dhabi,Yas Island,Villa,1BR,273000,276000,22800,0.0,1.0,4.91,4.0,73.4,26.6,15.6,24,93,11.8,1290,67.1,316000,4.97,-0.06,5550000,20.4,319
RENT000295,2019-06-01,2019,6,Q2,Dubai,Dubai,Al Furjan,Apartment,4BR,74000,75000,6200,0.0,1.9,4.8,3.91,74.4,25.6,11.3,158,71,6.2,400,83.0,121000,4.84,-0.04,1550000,20.8,399
RENT000296,2019-06-01,2019,6,Q2,Dubai,Dubai,Al Furjan,Villa,2BR,149000,142000,12400,0.0,0.5,4.5,3.3,80.1,19.9,18.1,150,381,5.8,1070,74.8,292000,4.7,-0.2,3300000,22.2,258
RENT000335,2019-06-01,2019,6,Q2,Ras Al Khaimah,Ras Al Khaimah,Al Hamra Village,Apartment,1BR,64000,59000,5300,0.0,-2.2,4.74,3.67,84.2,15.8,21.9,236,892,7.3,340,69.5,86000,4.62,0.12,1350000,21.1,69
RENT000336,2019-06-01,2019,6,Q2,Ras Al Khaimah,Ras Al Khaimah,Al Hamra Village,Villa,2BR,163000,159000,13600,0.0,3.3,5.62,5.12,76.3,23.7,14.9,226,1001,5.1,940,71.5,245000,5.53,0.09,2900000,17.8,96
RENT000331,2019-06-01,2019,6,Q2,Sharjah,Sharjah,Al Khan,Apartment,1BR,48000,47000,4000,0.0,-0.9,3.87,2.99,78.3,21.7,13.6,207,555,4.8,200,70.7,52000,3.8,0.07,1250000,25.8,168
RENT000332,2019-06-01,2019,6,Q2,Sharjah,Sharjah,Al Khan,Villa,1BR,146000,151000,12200,0.0,0.5,3.95,2.8,74.9,25.1,19.2,109,959,6.2,910,63.9,212000,4.23,-0.28,3700000,25.3,184
RENT000325,2019-06-01,2019,6,Q2,Sharjah,Sharjah,Al Majaz,Apartment,1BR,51000,51000,4200,0.0,-1.9,6.1,5.05,81.1,18.9,17.8,238,436,6.1,310,86.5,98000,6.16,-0.06,850000,16.4,56
RENT000326,2019-06-01,2019,6,Q2,Sharjah,Sharjah,Al Majaz,Villa,3BR,121000,126000,10100,0.0,0.1,4.77,3.82,80.4,19.6,23.1,238,241,1.8,800,75.0,219000,4.59,0.18,2550000,21.0,41
RENT000327,2019-06-01,2019,6,Q2,Sharjah,Sharjah,Al Nahda,Apartment,1BR,45000,42000,3800,0.0,-0.2,4.14,3.31,76.8,23.2,17.5,106,797,2.4,190,65.3,45000,3.94,0.2,1100000,24.2,178
RENT000328,2019-06-01,2019,6,Q2,Sharjah,Sharjah,Al Nahda,Villa,1BR,133000,125000,11100,0.0,0.5,6.0,5.36,83.7,16.3,12.7,225,567,3.6,710,86.4,224000,5.71,0.29,2200000,16.7,119
RENT000315,2019-06-01,2019,6,Q2,Abu Dhabi,Abu Dhabi,Al Raha Beach,Apartment,1BR,102000,105000,8500,0.0,-1.1,6.1,5.11,89.1,10.9,14.7,97,506,7.1,610,65.3,145000,5.97,0.13,1650000,16.4,290
RENT000316,2019-06-01,2019,6,Q2,Abu Dhabi,Abu Dhabi,Al Raha Beach,Villa,1BR,219000,225000,18200,0.0,3.0,4.12,3.29,73.1,26.9,15.7,220,558,7.9,1470,76.3,409000,3.84,0.28,5300000,24.3,205
RENT000321,2019-06-01,2019,6,Q2,Abu Dhabi,Abu Dhabi,Al Reef,Apartment,1BR,66000,65000,5500,0.0,1.5,4.16,3.11,77.2,22.8,16.0,29,1041,6.1,290,68.2,72000,3.79,0.37,1600000,24.0,315
RENT000322,2019-06-01,2019,6,Q2,Abu Dhabi,Abu Dhabi,Al Reef,Villa,3BR,203000,202000,16900,0.0,0.6,3.94,2.81,87.3,12.7,20.6,66,780,5.3,1010,67.2,248000,3.89,0.05,5150000,25.4,99
RENT000309,2019-06-01,2019,6,Q2,Abu Dhabi,Abu Dhabi,Al Reem Island,Apartment,2BR,81000,80000,6800,0.0,-1.0,5.3,4.12,76.1,23.9,21.0,137,293,2.1,550,69.0,139000,5.71,-0.41,1550000,18.9,121
RENT000310,2019-06-01,2019,6,Q2,Abu Dhabi,Abu Dhabi,Al Reem Island,Villa,1BR,252000,256000,21000,0.0,1.4,4.52,3.83,87.2,12.8,11.6,149,325,5.4,1510,57.9,319000,4.77,-0.25,5600000,22.1,51
RENT000333,2019-06-01,2019,6,Q2,Sharjah,Sharjah,Al Taawun,Apartment,5BR+,40000,42000,3300,0.0,-0.9,4.41,3.39,81.1,18.9,11.2,207,165,5.1,260,66.6,63000,4.77,-0.36,900000,22.7,192
RENT000334,2019-06-01,2019,6,Q2,Sharjah,Sharjah,Al Taawun,Villa,1BR,132000,134000,11000,0.0,-0.4,3.89,3.21,84.6,15.4,10.9,220,780,3.0,770,76.8,216000,4.14,-0.25,3400000,25.7,197
RENT000289,2019-06-01,2019,6,Q2,Dubai,Dubai,Business Bay,Apartment,4BR,96000,93000,8000,0.0,2.9,3.9,3.39,84.7,15.3,20.0,179,1126,4.5,600,75.4,165000,4.2,-0.3,2450000,25.7,325
RENT000290,2019-06-01,2019,6,Q2,Dubai,Dubai,Business Bay,Villa,3BR,301000,281000,25100,0.0,-1.6,4.01,3.34,79.6,20.4,21.3,43,564,4.2,2020,68.9,508000,3.85,0.16,7500000,24.9,161
RENT000319,2019-06-01,2019,6,Q2,Abu Dhabi,Abu Dhabi,Corniche,Apartment,1BR,105000,108000,8800,0.0,-0.5,4.21,3.68,75.4,24.6,13.5,237,977,4.7,680,87.2,216000,4.31,-0.1,2500000,23.8,286
RENT000320,2019-06-01,2019,6,Q2,Abu Dhabi,Abu Dhabi,Corniche,Villa,4BR,384000,384000,32000,0.0,-2.2,4.19,3.11,87.7,12.3,12.0,103,984,2.1,2020,78.4,578000,4.2,-0.01,9150000,23.9,79
RENT000299,2019-06-01,2019,6,Q2,Dubai,Dubai,Creek Harbour,Apartment,2BR,106000,109000,8800,0.0,-0.4,5.42,4.5,84.1,15.9,23.5,14,349,2.1,740,69.6,188000,5.43,-0.01,1950000,18.4,190
RENT000300,2019-06-01,2019,6,Q2,Dubai,Dubai,Creek Harbour,Villa,3BR,268000,252000,22300,0.0,-1.1,4.15,3.31,75.5,24.5,19.1,105,652,4.3,1350,78.9,389000,4.25,-0.1,6450000,24.1,107
RENT000301,2019-06-01,2019,6,Q2,Dubai,Dubai,DAMAC Hills,Apartment,5BR+,85000,80000,7100,0.0,-0.7,4.54,3.59,83.8,16.2,17.5,86,861,2.3,570,83.0,173000,4.59,-0.05,1850000,22.0,192
RENT000302,2019-06-01,2019,6,Q2,Dubai,Dubai,DAMAC Hills,Villa,2BR,232000,235000,19300,0.0,3.2,4.92,3.94,74.6,25.4,11.3,179,885,1.3,1720,78.9,495000,4.55,0.37,4700000,20.3,129
RENT000281,2019-06-01,2019,6,Q2,Dubai,Dubai,Downtown Dubai,Apartment,3BR,125000,125000,10400,0.0,2.6,4.53,3.68,73.9,26.1,13.9,77,386,10.2,660,62.1,150000,4.81,-0.28,2750000,22.1,490
RENT000282,2019-06-01,2019,6,Q2,Dubai,Dubai,Downtown Dubai,Villa,4BR,281000,278000,23400,0.0,1.7,4.48,3.76,86.0,14.0,11.4,12,1066,7.1,1150,76.8,322000,4.86,-0.38,6250000,22.3,379
RENT000287,2019-06-01,2019,6,Q2,Dubai,Dubai,Dubai Hills Estate,Apartment,5BR+,140000,131000,11700,0.0,1.0,5.61,4.64,76.4,23.6,16.9,96,158,4.8,980,79.5,284000,5.98,-0.37,2500000,17.8,304
RENT000288,2019-06-01,2019,6,Q2,Dubai,Dubai,Dubai Hills Estate,Villa,1BR,300000,312000,25000,0.0,-1.7,4.04,2.87,75.2,24.8,14.6,107,439,2.0,1200,74.6,327000,3.89,0.15,7400000,24.7,306
RENT000283,2019-06-01,2019,6,Q2,Dubai,Dubai,Dubai Marina,Apartment,2BR,98000,97000,8200,0.0,-1.6,4.4,3.62,88.8,11.2,18.0,133,706,12.8,570,80.8,168000,3.94,0.46,2250000,22.7,422
RENT000284,2019-06-01,2019,6,Q2,Dubai,Dubai,Dubai Marina,Villa,1BR,340000,315000,28300,0.0,1.2,4.3,3.11,78.5,21.5,11.1,223,776,6.4,2220,80.8,655000,4.56,-0.26,7900000,23.3,538
RENT000303,2019-06-01,2019,6,Q2,Dubai,Dubai,Dubai South,Apartment,1BR,60000,58000,5000,0.0,2.5,6.02,5.04,85.0,15.0,10.2,103,1038,6.7,230,70.0,59000,5.56,0.46,1000000,16.6,234
RENT000304,2019-06-01,2019,6,Q2,Dubai,Dubai,Dubai South,Villa,5BR+,129000,126000,10800,0.0,0.9,4.55,3.46,87.3,12.7,18.8,148,939,1.7,710,73.8,191000,4.44,0.11,2850000,22.0,598
RENT000297,2019-06-01,2019,6,Q2,Dubai,Dubai,JBR,Apartment,2BR,112000,108000,9300,0.0,2.0,3.98,3.32,76.2,23.8,11.8,180,1129,5.1,540,75.0,148000,3.56,0.42,2800000,25.1,405
RENT000298,2019-06-01,2019,6,Q2,Dubai,Dubai,JBR,Villa,3BR,353000,335000,29400,0.0,-2.1,6.01,4.96,82.6,17.4,16.0,109,538,15.9,1840,76.5,514000,5.93,0.08,5900000,16.6,508
RENT000291,2019-06-01,2019,6,Q2,Dubai,Dubai,JVC,Apartment,4BR,64000,64000,5300,0.0,-2.1,4.3,3.76,75.9,24.1,16.2,121,221,6.9,470,63.4,109000,3.9,0.4,1500000,23.3,494
RENT000292,2019-06-01,2019,6,Q2,Dubai,Dubai,JVC,Villa,1BR,175000,167000,14600,0.0,-0.1,4.13,2.99,79.7,20.3,20.6,161,748,1.8,1210,83.1,367000,4.14,-0.01,4250000,24.2,83
RENT000317,2019-06-01,2019,6,Q2,Abu Dhabi,Abu Dhabi,Khalifa City,Apartment,2BR,73000,70000,6100,0.0,2.7,4.51,3.52,73.9,26.1,16.6,106,806,7.6,390,78.7,112000,5.0,-0.49,1600000,22.2,235
RENT000318,2019-06-01,2019,6,Q2,Abu Dhabi,Abu Dhabi,Khalifa City,Villa,1BR,220000,210000,18300,0.0,0.9,5.98,5.22,74.4,25.6,22.4,37,770,5.2,1500,76.4,418000,6.4,-0.42,3700000,16.7,185
RENT000293,2019-06-01,2019,6,Q2,Dubai,Dubai,MBR City,Apartment,5BR+,143000,148000,11900,0.0,-1.6,4.85,3.94,76.8,23.2,23.6,66,256,4.7,1020,64.4,240000,5.27,-0.42,2950000,20.6,332
RENT000294,2019-06-01,2019,6,Q2,Dubai,Dubai,MBR City,Villa,Studio,450000,471000,37500,0.0,0.4,3.89,3.07,83.6,16.4,18.5,93,550,7.1,1970,56.4,406000,3.53,0.36,11600000,25.7,275
RENT000323,2019-06-01,2019,6,Q2,Abu Dhabi,Abu Dhabi,Masdar City,Apartment,2BR,60000,55000,5000,0.0,-1.5,4.9,4.02,87.1,12.9,22.7,165,536,6.3,320,69.3,81000,5.2,-0.3,1200000,20.4,119
RENT000324,2019-06-01,2019,6,Q2,Abu Dhabi,Abu Dhabi,Masdar City,Villa,3BR,195000,203000,16200,0.0,-2.5,4.86,4.17,74.1,25.9,18.3,177,575,6.8,860,58.0,182000,4.42,0.44,4000000,20.6,236
RENT000305,2019-06-01,2019,6,Q2,Dubai,Dubai,Meydan,Apartment,3BR,93000,97000,7800,0.0,-2.2,5.21,4.25,87.9,12.1,21.3,205,423,3.6,610,85.2,190000,5.4,-0.19,1800000,19.2,178
RENT000306,2019-06-01,2019,6,Q2,Dubai,Dubai,Meydan,Villa,2BR,338000,347000,28200,0.0,-1.9,4.35,3.83,76.1,23.9,15.7,183,1076,7.7,1270,57.9,268000,4.1,0.25,7750000,23.0,492
RENT000329,2019-06-01,2019,6,Q2,Sharjah,Sharjah,Muwaileh,Apartment,Studio,40000,38000,3300,0.0,2.9,4.33,3.39,78.5,21.5,12.3,96,882,1.5,200,56.8,41000,4.38,-0.05,900000,23.1,209
RENT000330,2019-06-01,2019,6,Q2,Sharjah,Sharjah,Muwaileh,Villa,3BR,91000,92000,7600,0.0,1.8,4.74,3.71,85.2,14.8,11.0,59,1148,3.5,510,81.4,152000,4.69,0.05,1900000,21.1,135
RENT000285,2019-06-01,2019,6,Q2,Dubai,Dubai,Palm Jumeirah,Apartment,2BR,196000,192000,16300,0.0,1.9,4.09,3.04,80.4,19.6,14.2,23,645,10.8,930,84.7,288000,4.3,-0.21,4800000,24.4,558
RENT000286,2019-06-01,2019,6,Q2,Dubai,Dubai,Palm Jumeirah,Villa,2BR,583000,591000,48600,0.0,-0.7,4.53,3.33,73.5,26.5,13.8,22,299,19.2,2410,83.9,738000,4.04,0.49,12850000,22.1,228
RENT000311,2019-06-01,2019,6,Q2,Abu Dhabi,Abu Dhabi,Saadiyat Island,Apartment,1BR,156000,162000,13000,0.0,-2.0,3.91,3.36,70.0,30.0,20.4,201,574,17.0,810,62.6,185000,3.89,0.02,4000000,25.6,347
RENT000312,2019-06-01,2019,6,Q2,Abu Dhabi,Abu Dhabi,Saadiyat Island,Villa,2BR,498000,514000,41500,0.0,-0.8,5.08,4.42,76.9,23.1,10.6,193,347,8.8,2540,59.3,550000,5.41,-0.33,9800000,19.7,353
RENT000307,2019-06-01,2019,6,Q2,Dubai,Dubai,Sports City,Apartment,3BR,56000,57000,4700,0.0,2.5,5.09,4.06,78.4,21.6,20.9,165,586,1.3,260,64.9,62000,5.26,-0.17,1100000,19.7,488
RENT000308,2019-06-01,2019,6,Q2,Dubai,Dubai,Sports City,Villa,1BR,171000,164000,14200,0.0,-2.5,5.49,4.97,81.5,18.5,18.6,178,520,4.2,650,77.2,183000,5.53,-0.04,3100000,18.2,518
RENT000313,2019-06-01,2019,6,Q2,Abu Dhabi,Abu Dhabi,Yas Island,Apartment,Studio,93000,90000,7800,0.0,1.1,4.05,3.42,72.6,27.4,11.1,67,934,15.8,390,77.5,110000,3.9,0.15,2300000,24.7,52
RENT000314,2019-06-01,2019,6,Q2,Abu Dhabi,Abu Dhabi,Yas Island,Villa,2BR,258000,264000,21500,0.0,0.6,5.35,4.38,85.8,14.2,18.9,180,934,9.7,1820,55.4,368000,5.63,-0.28,4850000,18.7,114
RENT000351,2019-07-01,2019,7,Q3,Dubai,Dubai,Al Furjan,Apartment,2BR,75000,71000,6200,0.0,1.0,4.12,3.55,79.6,20.4,20.3,145,1041,1.7,370,58.0,78000,3.63,0.49,1800000,24.3,440
RENT000352,2019-07-01,2019,7,Q3,Dubai,Dubai,Al Furjan,Villa,3BR,197000,189000,16400,0.0,-1.8,4.66,3.46,89.4,10.6,15.7,53,249,4.8,740,62.1,168000,4.4,0.26,4250000,21.5,476
RENT000391,2019-07-01,2019,7,Q3,Ras Al Khaimah,Ras Al Khaimah,Al Hamra Village,Apartment,3BR,56000,54000,4700,0.0,2.8,5.21,4.36,77.0,23.0,12.0,83,388,1.1,340,75.5,94000,5.11,0.1,1100000,19.2,54
RENT000392,2019-07-01,2019,7,Q3,Ras Al Khaimah,Ras Al Khaimah,Al Hamra Village,Villa,3BR,165000,161000,13800,0.0,-1.9,4.49,3.71,86.4,13.6,18.0,218,616,2.9,1150,75.0,315000,4.23,0.26,3700000,22.3,102
RENT000387,2019-07-01,2019,7,Q3,Sharjah,Sharjah,Al Khan,Apartment,3BR,44000,41000,3700,0.0,-1.3,4.13,3.17,80.2,19.8,18.8,115,860,4.3,170,87.5,54000,4.22,-0.09,1050000,24.2,84
RENT000388,2019-07-01,2019,7,Q3,Sharjah,Sharjah,Al Khan,Villa,1BR,97000,96000,8100,0.0,3.0,4.9,4.08,75.8,24.2,11.2,41,380,4.2,570,67.4,140000,4.55,0.35,2000000,20.4,169
RENT000381,2019-07-01,2019,7,Q3,Sharjah,Sharjah,Al Majaz,Apartment,1BR,47000,48000,3900,0.0,2.4,5.74,5.1,79.1,20.9,14.7,129,167,1.4,190,57.8,40000,6.15,-0.41,800000,17.4,107
RENT000382,2019-07-01,2019,7,Q3,Sharjah,Sharjah,Al Majaz,Villa,4BR,147000,150000,12200,0.0,2.3,4.5,3.72,71.0,29.0,23.9,213,312,5.3,1010,55.1,203000,4.25,0.25,3250000,22.2,233
RENT000383,2019-07-01,2019,7,Q3,Sharjah,Sharjah,Al Nahda,Apartment,3BR,40000,40000,3300,0.0,1.2,4.64,3.62,81.9,18.1,21.0,45,1140,6.9,180,85.3,56000,4.61,0.03,850000,21.5,118
RENT000384,2019-07-01,2019,7,Q3,Sharjah,Sharjah,Al Nahda,Villa,Studio,105000,99000,8800,0.0,-1.3,5.52,4.78,89.4,10.6,12.5,99,970,6.2,580,55.4,117000,5.12,0.4,1900000,18.1,95
RENT000371,2019-07-01,2019,7,Q3,Abu Dhabi,Abu Dhabi,Al Raha Beach,Apartment,2BR,101000,104000,8400,0.0,2.6,5.45,4.28,84.7,15.3,22.1,33,525,6.9,480,66.1,116000,5.31,0.14,1850000,18.4,179
RENT000372,2019-07-01,2019,7,Q3,Abu Dhabi,Abu Dhabi,Al Raha Beach,Villa,3BR,235000,236000,19600,0.0,2.8,4.62,4.03,71.4,28.6,14.4,214,328,3.0,1730,66.1,417000,4.95,-0.33,5100000,21.6,207
RENT000377,2019-07-01,2019,7,Q3,Abu Dhabi,Abu Dhabi,Al Reef,Apartment,3BR,70000,65000,5800,0.0,-0.2,4.34,3.26,78.1,21.9,13.9,138,586,4.0,470,56.3,97000,4.6,-0.26,1600000,23.1,87
RENT000378,2019-07-01,2019,7,Q3,Abu Dhabi,Abu Dhabi,Al Reef,Villa,4BR,152000,144000,12700,0.0,1.5,3.96,3.18,74.5,25.5,14.6,125,1023,2.7,930,81.8,278000,3.78,0.18,3850000,25.3,174
RENT000365,2019-07-01,2019,7,Q3,Abu Dhabi,Abu Dhabi,Al Reem Island,Apartment,2BR,70000,70000,5800,0.0,-1.4,6.14,5.54,74.7,25.3,22.6,38,858,7.2,510,83.8,156000,5.75,0.39,1150000,16.3,350
RENT000366,2019-07-01,2019,7,Q3,Abu Dhabi,Abu Dhabi,Al Reem Island,Villa,3BR,143000,135000,11900,0.0,0.9,4.99,3.99,73.7,26.3,16.0,188,858,6.8,820,66.6,199000,5.39,-0.4,2850000,20.1,249
RENT000389,2019-07-01,2019,7,Q3,Sharjah,Sharjah,Al Taawun,Apartment,2BR,39000,36000,3200,0.0,3.1,3.95,2.81,77.0,23.0,17.0,105,51,5.5,150,57.1,31000,3.92,0.03,1000000,25.3,104
RENT000390,2019-07-01,2019,7,Q3,Sharjah,Sharjah,Al Taawun,Villa,1BR,109000,104000,9100,0.0,-1.8,5.95,4.83,89.7,10.3,12.5,64,1170,6.9,530,55.7,108000,5.77,0.18,1850000,16.8,173
RENT000345,2019-07-01,2019,7,Q3,Dubai,Dubai,Business Bay,Apartment,5BR+,84000,79000,7000,0.0,1.6,5.62,4.46,81.9,18.1,13.4,32,1153,7.9,450,76.3,125000,5.45,0.17,1500000,17.8,213
RENT000346,2019-07-01,2019,7,Q3,Dubai,Dubai,Business Bay,Villa,2BR,170000,172000,14200,0.0,-0.9,6.01,5.11,82.1,17.9,14.9,123,279,6.2,870,79.4,252000,6.42,-0.41,2850000,16.6,201
RENT000375,2019-07-01,2019,7,Q3,Abu Dhabi,Abu Dhabi,Corniche,Apartment,2BR,103000,108000,8600,0.0,0.1,4.61,3.63,76.8,23.2,13.4,107,620,7.0,670,61.3,150000,4.49,0.12,2250000,21.7,228
RENT000376,2019-07-01,2019,7,Q3,Abu Dhabi,Abu Dhabi,Corniche,Villa,2BR,256000,252000,21300,0.0,-2.0,4.3,3.62,73.1,26.9,17.7,92,1032,4.6,1560,77.0,438000,4.06,0.24,5950000,23.3,288
RENT000355,2019-07-01,2019,7,Q3,Dubai,Dubai,Creek Harbour,Apartment,2BR,97000,93000,8100,0.0,1.0,3.98,2.88,81.2,18.8,11.9,69,614,1.0,600,76.6,168000,3.99,-0.01,2450000,25.1,175
RENT000356,2019-07-01,2019,7,Q3,Dubai,Dubai,Creek Harbour,Villa,2BR,213000,199000,17800,0.0,-0.9,4.11,3.47,79.4,20.6,24.0,33,427,2.9,1210,85.4,377000,4.04,0.07,5200000,24.3,125
RENT000357,2019-07-01,2019,7,Q3,Dubai,Dubai,DAMAC Hills,Apartment,3BR,83000,79000,6900,0.0,-1.3,3.88,3.36,87.3,12.7,21.2,137,800,5.3,500,57.7,105000,3.98,-0.1,2150000,25.8,442
RENT000358,2019-07-01,2019,7,Q3,Dubai,Dubai,DAMAC Hills,Villa,1BR,280000,277000,23300,0.0,1.4,6.1,5.21,85.4,14.6,17.0,152,995,5.4,1240,63.8,289000,6.13,-0.03,4600000,16.4,153
RENT000337,2019-07-01,2019,7,Q3,Dubai,Dubai,Downtown Dubai,Apartment,2BR,127000,121000,10600,0.0,-0.9,3.95,3.37,83.2,16.8,22.9,31,254,10.5,720,55.4,146000,4.41,-0.46,3200000,25.3,587
RENT000338,2019-07-01,2019,7,Q3,Dubai,Dubai,Downtown Dubai,Villa,2BR,390000,385000,32500,0.0,-1.2,4.98,4.24,71.7,28.3,23.3,42,480,5.5,1910,80.9,564000,5.16,-0.18,7850000,20.1,533
RENT000343,2019-07-01,2019,7,Q3,Dubai,Dubai,Dubai Hills Estate,Apartment,1BR,135000,130000,11200,0.0,-0.6,4.6,3.67,86.0,14.0,20.1,58,521,2.4,980,78.1,279000,5.08,-0.48,2950000,21.8,332
RENT000344,2019-07-01,2019,7,Q3,Dubai,Dubai,Dubai Hills Estate,Villa,4BR,402000,407000,33500,0.0,0.4,4.95,4.11,79.9,20.1,18.3,133,103,2.8,1670,73.5,448000,4.69,0.26,8150000,20.2,270
RENT000339,2019-07-01,2019,7,Q3,Dubai,Dubai,Dubai Marina,Apartment,1BR,97000,101000,8100,0.0,1.1,4.67,4.05,71.2,28.8,20.0,24,793,6.4,630,75.0,172000,5.03,-0.36,2100000,21.4,435
RENT000340,2019-07-01,2019,7,Q3,Dubai,Dubai,Dubai Marina,Villa,4BR,291000,283000,24200,0.0,3.4,4.32,3.4,81.6,18.4,18.9,106,204,17.8,1210,60.7,268000,4.8,-0.48,6750000,23.1,313
RENT000359,2019-07-01,2019,7,Q3,Dubai,Dubai,Dubai South,Apartment,1BR,58000,60000,4800,0.0,1.0,4.6,3.77,74.9,25.1,16.1,200,1046,3.0,270,70.6,70000,4.6,0.0,1250000,21.7,312
RENT000360,2019-07-01,2019,7,Q3,Dubai,Dubai,Dubai South,Villa,2BR,115000,111000,9600,0.0,1.1,5.55,4.85,75.6,24.4,23.4,150,480,3.0,770,84.8,238000,5.68,-0.13,2050000,18.0,403
RENT000353,2019-07-01,2019,7,Q3,Dubai,Dubai,JBR,Apartment,3BR,102000,100000,8500,0.0,3.0,4.42,3.46,83.9,16.1,16.9,83,745,12.0,450,65.5,108000,4.13,0.29,2300000,22.6,558
RENT000354,2019-07-01,2019,7,Q3,Dubai,Dubai,JBR,Villa,Studio,347000,335000,28900,0.0,-0.8,4.96,3.87,79.4,20.6,19.4,153,1026,17.1,2360,78.8,679000,5.0,-0.04,7000000,20.2,473
RENT000347,2019-07-01,2019,7,Q3,Dubai,Dubai,JVC,Apartment,Studio,65000,62000,5400,0.0,1.8,6.22,5.65,84.6,15.4,23.6,76,146,4.4,480,66.7,117000,5.77,0.45,1050000,16.1,464
RENT000348,2019-07-01,2019,7,Q3,Dubai,Dubai,JVC,Villa,1BR,170000,168000,14200,0.0,1.7,5.64,4.81,79.1,20.9,11.5,58,785,6.8,910,57.2,190000,5.97,-0.33,3000000,17.7,234
RENT000373,2019-07-01,2019,7,Q3,Abu Dhabi,Abu Dhabi,Khalifa City,Apartment,4BR,74000,72000,6200,0.0,2.5,4.2,3.68,80.7,19.3,17.7,138,110,3.1,480,70.0,123000,4.62,-0.42,1750000,23.8,261
RENT000374,2019-07-01,2019,7,Q3,Abu Dhabi,Abu Dhabi,Khalifa City,Villa,2BR,164000,161000,13700,0.0,-0.4,5.39,4.57,70.2,29.8,11.8,198,912,3.8,800,58.9,172000,5.69,-0.3,3050000,18.5,111
RENT000349,2019-07-01,2019,7,Q3,Dubai,Dubai,MBR City,Apartment,2BR,149000,146000,12400,0.0,3.0,4.37,3.29,71.0,29.0,22.9,198,289,2.3,620,81.6,185000,4.62,-0.25,3400000,22.9,247
RENT000350,2019-07-01,2019,7,Q3,Dubai,Dubai,MBR City,Villa,Studio,286000,291000,23800,0.0,1.1,6.17,5.31,87.0,13.0,10.8,215,429,4.4,1140,65.9,274000,6.52,-0.35,4650000,16.2,497
RENT000379,2019-07-01,2019,7,Q3,Abu Dhabi,Abu Dhabi,Masdar City,Apartment,1BR,58000,54000,4800,0.0,2.3,5.46,4.95,87.5,12.5,23.4,17,153,2.3,220,77.9,63000,5.9,-0.44,1050000,18.3,104
RENT000380,2019-07-01,2019,7,Q3,Abu Dhabi,Abu Dhabi,Masdar City,Villa,1BR,185000,185000,15400,0.0,1.5,5.41,4.73,70.8,29.2,23.4,87,1113,3.7,850,62.1,193000,5.32,0.09,3400000,18.5,163
RENT000361,2019-07-01,2019,7,Q3,Dubai,Dubai,Meydan,Apartment,Studio,90000,90000,7500,0.0,0.2,4.11,2.95,83.9,16.1,13.1,185,381,5.1,650,84.3,200000,3.76,0.35,2200000,24.3,373
RENT000362,2019-07-01,2019,7,Q3,Dubai,Dubai,Meydan,Villa,3BR,253000,244000,21100,0.0,-0.9,6.2,5.63,75.5,24.5,14.0,126,194,7.7,1140,71.1,296000,6.42,-0.22,4100000,16.1,153
RENT000385,2019-07-01,2019,7,Q3,Sharjah,Sharjah,Muwaileh,Apartment,4BR,37000,38000,3100,0.0,-2.3,5.04,4.33,85.4,14.6,17.0,72,863,7.0,160,60.6,35000,5.34,-0.3,750000,19.8,216
RENT000386,2019-07-01,2019,7,Q3,Sharjah,Sharjah,Muwaileh,Villa,1BR,102000,98000,8500,0.0,-1.2,5.19,4.29,82.6,17.4,22.2,209,562,4.1,700,66.8,171000,5.57,-0.38,1950000,19.3,102
RENT000341,2019-07-01,2019,7,Q3,Dubai,Dubai,Palm Jumeirah,Apartment,2BR,213000,213000,17800,0.0,1.8,4.24,3.43,80.0,20.0,10.0,35,1185,6.5,780,60.5,172000,4.08,0.16,5000000,23.6,336
RENT000342,2019-07-01,2019,7,Q3,Dubai,Dubai,Palm Jumeirah,Villa,1BR,527000,491000,43900,0.0,2.7,5.15,4.15,79.5,20.5,14.7,72,150,12.6,3260,68.0,809000,5.09,0.06,10250000,19.4,90
RENT000367,2019-07-01,2019,7,Q3,Abu Dhabi,Abu Dhabi,Saadiyat Island,Apartment,1BR,149000,147000,12400,0.0,0.6,5.26,4.72,81.8,18.2,13.4,22,556,8.1,870,56.1,178000,5.75,-0.49,2850000,19.0,269
RENT000368,2019-07-01,2019,7,Q3,Abu Dhabi,Abu Dhabi,Saadiyat Island,Villa,2BR,533000,524000,44400,0.0,-2.2,4.42,3.51,71.6,28.4,18.0,243,427,12.9,2670,59.3,578000,4.6,-0.18,12050000,22.6,97
RENT000363,2019-07-01,2019,7,Q3,Dubai,Dubai,Sports City,Apartment,1BR,60000,60000,5000,0.0,0.4,3.96,2.9,86.1,13.9,10.6,162,793,5.2,370,65.7,89000,3.98,-0.02,1500000,25.3,299
RENT000364,2019-07-01,2019,7,Q3,Dubai,Dubai,Sports City,Villa,4BR,112000,104000,9300,0.0,-2.2,5.49,4.98,75.3,24.7,15.4,215,971,2.5,500,80.8,147000,5.47,0.02,2050000,18.2,579
RENT000369,2019-07-01,2019,7,Q3,Abu Dhabi,Abu Dhabi,Yas Island,Apartment,3BR,95000,89000,7900,0.0,-0.8,4.37,3.8,89.2,10.8,11.9,134,319,10.6,500,68.4,125000,4.12,0.25,2150000,22.9,185
RENT000370,2019-07-01,2019,7,Q3,Abu Dhabi,Abu Dhabi,Yas Island,Villa,3BR,242000,227000,20200,0.0,0.7,4.96,4.14,89.1,10.9,12.5,211,368,11.5,1450,74.4,394000,5.01,-0.05,4900000,20.2,145
RENT000407,2019-08-01,2019,8,Q3,Dubai,Dubai,Al Furjan,Apartment,2BR,68000,71000,5700,0.0,-2.5,4.47,3.64,78.9,21.1,19.9,140,516,3.4,430,74.1,116000,4.07,0.4,1500000,22.4,240
RENT000408,2019-08-01,2019,8,Q3,Dubai,Dubai,Al Furjan,Villa,3BR,198000,204000,16500,0.0,-1.4,3.93,3.11,86.4,13.6,22.1,111,1017,2.9,870,66.1,210000,4.34,-0.41,5050000,25.5,230
RENT000447,2019-08-01,2019,8,Q3,Ras Al Khaimah,Ras Al Khaimah,Al Hamra Village,Apartment,3BR,57000,60000,4800,0.0,-1.5,4.84,4.02,80.7,19.3,17.1,246,120,4.7,300,74.0,81000,4.34,0.5,1200000,20.7,78
RENT000448,2019-08-01,2019,8,Q3,Ras Al Khaimah,Ras Al Khaimah,Al Hamra Village,Villa,1BR,177000,163000,14800,0.0,1.9,4.12,3.34,74.6,25.4,18.4,103,114,4.0,1170,70.9,303000,4.32,-0.2,4300000,24.3,59
RENT000443,2019-08-01,2019,8,Q3,Sharjah,Sharjah,Al Khan,Apartment,2BR,45000,42000,3800,0.0,3.4,4.41,3.35,85.7,14.3,20.9,69,1055,7.3,280,68.4,70000,4.65,-0.24,1000000,22.7,125
RENT000444,2019-08-01,2019,8,Q3,Sharjah,Sharjah,Al Khan,Villa,Studio,88000,89000,7300,0.0,0.2,5.46,4.8,70.3,29.7,20.0,12,751,4.0,330,81.0,98000,5.01,0.45,1600000,18.3,128
RENT000437,2019-08-01,2019,8,Q3,Sharjah,Sharjah,Al Majaz,Apartment,Studio,44000,45000,3700,0.0,3.5,5.59,4.92,89.7,10.3,14.0,222,981,1.8,160,85.9,50000,5.81,-0.22,800000,17.9,168
RENT000438,2019-08-01,2019,8,Q3,Sharjah,Sharjah,Al Majaz,Villa,3BR,140000,139000,11700,0.0,2.2,5.11,4.39,86.9,13.1,12.5,232,753,5.7,630,66.4,153000,5.13,-0.02,2750000,19.6,117
RENT000439,2019-08-01,2019,8,Q3,Sharjah,Sharjah,Al Nahda,Apartment,3BR,43000,45000,3600,0.0,-0.5,5.41,4.37,85.0,15.0,12.8,197,671,4.1,280,69.7,71000,5.15,0.26,800000,18.5,97
RENT000440,2019-08-01,2019,8,Q3,Sharjah,Sharjah,Al Nahda,Villa,3BR,99000,94000,8200,0.0,3.0,4.22,3.34,88.0,12.0,22.5,155,876,7.4,450,61.7,101000,3.9,0.32,2350000,23.7,40
RENT000427,2019-08-01,2019,8,Q3,Abu Dhabi,Abu Dhabi,Al Raha Beach,Apartment,2BR,91000,92000,7600,0.0,-1.3,5.59,4.83,77.1,22.9,10.5,114,504,5.5,520,73.4,139000,5.74,-0.15,1650000,17.9,157
RENT000428,2019-08-01,2019,8,Q3,Abu Dhabi,Abu Dhabi,Al Raha Beach,Villa,2BR,321000,303000,26800,0.0,1.6,4.0,3.42,78.5,21.5,18.5,58,402,5.0,1670,83.6,510000,4.14,-0.14,8050000,25.0,328
RENT000433,2019-08-01,2019,8,Q3,Abu Dhabi,Abu Dhabi,Al Reef,Apartment,Studio,58000,57000,4800,0.0,-0.1,4.92,4.32,75.7,24.3,13.7,191,651,6.9,390,72.9,104000,4.81,0.11,1200000,20.3,335
RENT000434,2019-08-01,2019,8,Q3,Abu Dhabi,Abu Dhabi,Al Reef,Villa,2BR,194000,189000,16200,0.0,1.7,4.66,3.57,80.6,19.4,17.1,147,417,3.6,1420,72.8,377000,4.37,0.29,4150000,21.5,312
RENT000421,2019-08-01,2019,8,Q3,Abu Dhabi,Abu Dhabi,Al Reem Island,Apartment,1BR,76000,72000,6300,0.0,2.3,4.12,3.38,83.5,16.5,14.0,129,866,4.9,410,74.5,111000,3.77,0.35,1850000,24.2,162
RENT000422,2019-08-01,2019,8,Q3,Abu Dhabi,Abu Dhabi,Al Reem Island,Villa,1BR,207000,195000,17200,0.0,-0.1,5.23,4.66,74.0,26.0,19.3,201,607,1.9,1240,83.7,379000,5.39,-0.16,3950000,19.1,135
RENT000445,2019-08-01,2019,8,Q3,Sharjah,Sharjah,Al Taawun,Apartment,2BR,40000,37000,3300,0.0,-1.0,5.38,4.78,89.5,10.5,15.3,175,1023,7.9,200,57.7,42000,5.04,0.34,750000,18.6,33
RENT000446,2019-08-01,2019,8,Q3,Sharjah,Sharjah,Al Taawun,Villa,1BR,71000,66000,5900,0.0,3.2,5.85,5.1,86.9,13.1,21.6,203,208,6.7,340,67.1,83000,5.6,0.25,1200000,17.1,239
RENT000401,2019-08-01,2019,8,Q3,Dubai,Dubai,Business Bay,Apartment,2BR,85000,87000,7100,0.0,-1.3,4.18,3.49,83.2,16.8,19.4,61,817,4.9,580,67.4,143000,3.7,0.48,2050000,23.9,345
RENT000402,2019-08-01,2019,8,Q3,Dubai,Dubai,Business Bay,Villa,Studio,191000,186000,15900,0.0,-0.8,4.82,4.17,79.2,20.8,10.4,42,1026,2.0,1120,80.7,330000,5.24,-0.42,3950000,20.8,521
RENT000431,2019-08-01,2019,8,Q3,Abu Dhabi,Abu Dhabi,Corniche,Apartment,4BR,105000,109000,8800,0.0,1.6,6.1,5.25,82.3,17.7,16.3,249,1039,6.1,750,70.9,194000,6.39,-0.29,1700000,16.4,96
RENT000432,2019-08-01,2019,8,Q3,Abu Dhabi,Abu Dhabi,Corniche,Villa,3BR,266000,259000,22200,0.0,2.4,5.24,4.59,88.0,12.0,17.0,106,153,6.5,1430,80.3,419000,4.97,0.27,5050000,19.1,199
RENT000411,2019-08-01,2019,8,Q3,Dubai,Dubai,Creek Harbour,Apartment,1BR,99000,96000,8200,0.0,-0.5,4.28,3.24,75.6,24.4,19.2,152,213,2.5,640,76.1,178000,4.38,-0.1,2300000,23.4,434
RENT000412,2019-08-01,2019,8,Q3,Dubai,Dubai,Creek Harbour,Villa,1BR,252000,264000,21000,0.0,3.2,4.12,3.28,79.9,20.1,19.2,102,82,2.3,1660,60.9,369000,3.8,0.32,6100000,24.3,116
RENT000413,2019-08-01,2019,8,Q3,Dubai,Dubai,DAMAC Hills,Apartment,1BR,87000,80000,7200,0.0,1.3,6.0,5.41,71.7,28.3,19.4,233,59,7.0,600,66.4,145000,5.64,0.36,1450000,16.7,144
RENT000414,2019-08-01,2019,8,Q3,Dubai,Dubai,DAMAC Hills,Villa,2BR,213000,205000,17800,0.0,-0.8,4.59,3.98,88.8,11.2,23.4,20,645,1.7,1340,59.9,293000,5.0,-0.41,4650000,21.8,297
RENT000393,2019-08-01,2019,8,Q3,Dubai,Dubai,Downtown Dubai,Apartment,4BR,112000,115000,9300,0.0,-0.8,3.99,3.16,85.5,14.5,15.4,20,790,17.4,400,86.8,127000,3.84,0.15,2800000,25.0,296
RENT000394,2019-08-01,2019,8,Q3,Dubai,Dubai,Downtown Dubai,Villa,2BR,310000,316000,25800,0.0,-2.3,4.13,3.22,88.8,11.2,19.9,202,268,5.6,1490,81.4,443000,4.58,-0.45,7500000,24.2,492
RENT000399,2019-08-01,2019,8,Q3,Dubai,Dubai,Dubai Hills Estate,Apartment,2BR,129000,130000,10800,0.0,-1.4,5.8,5.28,70.6,29.4,20.6,241,895,5.8,810,83.2,246000,5.3,0.5,2250000,17.3,533
RENT000400,2019-08-01,2019,8,Q3,Dubai,Dubai,Dubai Hills Estate,Villa,2BR,294000,273000,24500,0.0,3.2,6.1,5.19,71.2,28.8,19.3,25,60,4.2,1690,57.6,355000,6.02,0.08,4800000,16.4,127
RENT000395,2019-08-01,2019,8,Q3,Dubai,Dubai,Dubai Marina,Apartment,4BR,103000,95000,8600,0.0,0.1,4.54,3.37,87.2,12.8,17.4,67,670,9.8,680,85.1,211000,4.12,0.42,2250000,22.0,559
RENT000396,2019-08-01,2019,8,Q3,Dubai,Dubai,Dubai Marina,Villa,Studio,262000,262000,21800,0.0,-0.5,5.19,4.05,70.5,29.5,12.9,47,417,16.2,1620,65.2,386000,5.29,-0.1,5050000,19.3,168
RENT000415,2019-08-01,2019,8,Q3,Dubai,Dubai,Dubai South,Apartment,Studio,59000,60000,4900,0.0,2.6,5.91,5.35,83.4,16.6,11.9,247,745,2.3,310,55.9,63000,5.99,-0.08,1000000,16.9,142
RENT000416,2019-08-01,2019,8,Q3,Dubai,Dubai,Dubai South,Villa,1BR,188000,175000,15700,0.0,0.9,4.96,4.04,76.2,23.8,11.3,111,983,3.9,890,61.0,198000,5.33,-0.37,3800000,20.2,168
RENT000409,2019-08-01,2019,8,Q3,Dubai,Dubai,JBR,Apartment,2BR,108000,103000,9000,0.0,3.0,6.06,5.25,88.1,11.9,19.7,85,1058,17.4,700,81.0,207000,5.85,0.21,1800000,16.5,149
RENT000410,2019-08-01,2019,8,Q3,Dubai,Dubai,JBR,Villa,2BR,337000,325000,28100,0.0,-0.7,3.98,2.99,85.0,15.0,23.3,92,277,6.8,2180,71.0,565000,4.14,-0.16,8500000,25.2,111
RENT000403,2019-08-01,2019,8,Q3,Dubai,Dubai,JVC,Apartment,4BR,63000,63000,5200,0.0,1.0,5.77,4.83,72.2,27.8,21.2,171,148,3.6,380,67.1,93000,5.36,0.41,1100000,17.3,304
RENT000404,2019-08-01,2019,8,Q3,Dubai,Dubai,JVC,Villa,1BR,140000,130000,11700,0.0,-2.5,5.04,4.27,88.2,11.8,13.7,194,542,5.7,680,77.4,192000,5.36,-0.32,2800000,19.9,115
RENT000429,2019-08-01,2019,8,Q3,Abu Dhabi,Abu Dhabi,Khalifa City,Apartment,Studio,69000,71000,5800,0.0,2.5,3.93,2.98,73.0,27.0,22.9,46,1095,7.4,370,65.2,88000,3.54,0.39,1750000,25.4,188
RENT000430,2019-08-01,2019,8,Q3,Abu Dhabi,Abu Dhabi,Khalifa City,Villa,2BR,156000,161000,13000,0.0,-0.1,4.14,3.08,86.6,13.4,10.8,129,300,3.0,870,77.4,246000,4.46,-0.32,3750000,24.1,92
RENT000405,2019-08-01,2019,8,Q3,Dubai,Dubai,MBR City,Apartment,1BR,138000,139000,11500,0.0,2.8,4.29,3.27,70.2,29.8,11.7,169,1003,1.8,670,70.7,173000,3.86,0.43,3200000,23.3,497
RENT000406,2019-08-01,2019,8,Q3,Dubai,Dubai,MBR City,Villa,Studio,280000,274000,23300,0.0,-1.6,5.57,4.6,76.4,23.6,11.1,112,1095,1.8,1500,82.4,451000,5.29,0.28,5000000,17.9,130
RENT000435,2019-08-01,2019,8,Q3,Abu Dhabi,Abu Dhabi,Masdar City,Apartment,1BR,56000,58000,4700,0.0,-0.0,4.29,3.76,89.5,10.5,15.9,16,916,8.0,260,58.5,56000,4.24,0.05,1300000,23.3,229
RENT000436,2019-08-01,2019,8,Q3,Abu Dhabi,Abu Dhabi,Masdar City,Villa,1BR,119000,123000,9900,0.0,-2.4,5.86,4.84,86.3,13.7,22.9,230,294,3.8,840,74.3,228000,6.22,-0.36,2050000,17.1,315
RENT000417,2019-08-01,2019,8,Q3,Dubai,Dubai,Meydan,Apartment,4BR,90000,91000,7500,0.0,-2.5,5.8,5.25,76.2,23.8,15.5,216,360,7.0,530,86.8,168000,5.75,0.05,1550000,17.2,85
RENT000418,2019-08-01,2019,8,Q3,Dubai,Dubai,Meydan,Villa,1BR,229000,227000,19100,0.0,-1.9,4.7,4.13,85.3,14.7,13.4,141,567,4.5,1520,87.4,485000,4.47,0.23,4850000,21.3,315
RENT000441,2019-08-01,2019,8,Q3,Sharjah,Sharjah,Muwaileh,Apartment,3BR,35000,35000,2900,0.0,-0.9,6.04,5.21,74.0,26.0,22.4,157,572,3.3,260,68.2,65000,6.04,0.0,600000,16.6,203
RENT000442,2019-08-01,2019,8,Q3,Sharjah,Sharjah,Muwaileh,Villa,2BR,78000,73000,6500,0.0,0.1,5.6,4.83,88.1,11.9,14.3,125,358,5.4,440,67.0,108000,5.92,-0.32,1400000,17.9,165
RENT000397,2019-08-01,2019,8,Q3,Dubai,Dubai,Palm Jumeirah,Apartment,3BR,189000,194000,15800,0.0,0.3,4.73,3.85,87.7,12.3,14.7,200,636,14.6,960,72.3,253000,4.35,0.38,4000000,21.1,289
RENT000398,2019-08-01,2019,8,Q3,Dubai,Dubai,Palm Jumeirah,Villa,1BR,366000,347000,30500,0.0,-1.0,4.41,3.86,71.6,28.4,10.8,33,292,16.5,2230,63.0,513000,4.5,-0.09,8300000,22.7,528
RENT000423,2019-08-01,2019,8,Q3,Abu Dhabi,Abu Dhabi,Saadiyat Island,Apartment,3BR,165000,153000,13800,0.0,1.1,3.85,2.66,83.6,16.4,21.1,37,240,17.9,710,69.2,179000,3.37,0.48,4300000,26.0,132
RENT000424,2019-08-01,2019,8,Q3,Abu Dhabi,Abu Dhabi,Saadiyat Island,Villa,1BR,357000,341000,29800,0.0,3.2,6.04,5.38,77.1,22.9,17.7,206,838,18.2,2200,80.0,642000,6.21,-0.17,5900000,16.6,153
RENT000419,2019-08-01,2019,8,Q3,Dubai,Dubai,Sports City,Apartment,2BR,53000,53000,4400,0.0,2.4,6.23,5.43,81.4,18.6,22.4,141,1054,3.5,340,59.7,74000,6.03,0.2,850000,16.1,513
RENT000420,2019-08-01,2019,8,Q3,Dubai,Dubai,Sports City,Villa,1BR,185000,177000,15400,0.0,-2.5,5.16,4.28,84.0,16.0,10.1,220,1092,1.8,880,61.2,197000,4.95,0.21,3600000,19.4,431
RENT000425,2019-08-01,2019,8,Q3,Abu Dhabi,Abu Dhabi,Yas Island,Apartment,2BR,89000,93000,7400,0.0,3.2,4.97,4.03,72.3,27.7,17.7,240,1109,16.0,380,78.5,109000,5.26,-0.29,1800000,20.1,205
RENT000426,2019-08-01,2019,8,Q3,Abu Dhabi,Abu Dhabi,Yas Island,Villa,2BR,203000,212000,16900,0.0,-0.8,5.33,4.44,77.7,22.3,14.9,74,100,19.5,1050,80.7,309000,5.01,0.32,3800000,18.8,93
RENT000463,2019-09-01,2019,9,Q3,Dubai,Dubai,Al Furjan,Apartment,1BR,67000,70000,5600,0.0,-1.0,5.24,4.08,83.0,17.0,14.4,248,362,3.7,450,77.8,128000,5.38,-0.14,1300000,19.1,374
RENT000464,2019-09-01,2019,9,Q3,Dubai,Dubai,Al Furjan,Villa,Studio,192000,195000,16000,0.0,2.4,3.92,3.1,89.7,10.3,19.5,217,485,8.0,1250,56.7,259000,4.33,-0.41,4900000,25.5,500
RENT000503,2019-09-01,2019,9,Q3,Ras Al Khaimah,Ras Al Khaimah,Al Hamra Village,Apartment,2BR,56000,57000,4700,0.0,-0.3,4.87,3.84,79.5,20.5,11.3,10,1015,1.2,370,66.7,90000,4.52,0.35,1150000,20.5,58
RENT000504,2019-09-01,2019,9,Q3,Ras Al Khaimah,Ras Al Khaimah,Al Hamra Village,Villa,2BR,151000,147000,12600,0.0,-1.2,5.88,4.91,83.7,16.3,20.3,108,106,6.4,1120,72.1,295000,5.55,0.33,2550000,17.0,57
RENT000499,2019-09-01,2019,9,Q3,Sharjah,Sharjah,Al Khan,Apartment,2BR,41000,39000,3400,0.0,-1.2,5.79,4.67,76.0,24.0,18.9,147,1060,5.5,290,73.4,78000,6.01,-0.22,700000,17.3,156
RENT000500,2019-09-01,2019,9,Q3,Sharjah,Sharjah,Al Khan,Villa,4BR,100000,94000,8300,0.0,-0.2,4.76,3.97,85.7,14.3,12.4,81,663,5.1,370,63.5,86000,4.82,-0.06,2100000,21.0,139
RENT000493,2019-09-01,2019,9,Q3,Sharjah,Sharjah,Al Majaz,Apartment,4BR,47000,46000,3900,0.0,1.5,5.61,4.56,87.0,13.0,11.0,89,502,4.6,280,63.3,65000,5.68,-0.07,850000,17.8,211
RENT000494,2019-09-01,2019,9,Q3,Sharjah,Sharjah,Al Majaz,Villa,3BR,114000,111000,9500,0.0,-0.1,6.08,5.52,72.1,27.9,22.9,61,1018,7.2,700,81.5,208000,6.13,-0.05,1850000,16.4,46
RENT000495,2019-09-01,2019,9,Q3,Sharjah,Sharjah,Al Nahda,Apartment,1BR,37000,37000,3100,0.0,3.4,5.26,4.17,71.0,29.0,22.2,215,902,1.5,150,71.2,39000,5.47,-0.21,700000,19.0,79
RENT000496,2019-09-01,2019,9,Q3,Sharjah,Sharjah,Al Nahda,Villa,2BR,94000,98000,7800,0.0,3.1,4.61,3.98,83.8,16.2,11.1,132,352,1.4,600,64.3,141000,5.02,-0.41,2050000,21.7,219
RENT000483,2019-09-01,2019,9,Q3,Abu Dhabi,Abu Dhabi,Al Raha Beach,Apartment,1BR,99000,99000,8200,0.0,2.1,4.25,3.27,74.4,25.6,10.5,147,625,5.4,730,72.0,192000,3.8,0.45,2350000,23.5,111
RENT000484,2019-09-01,2019,9,Q3,Abu Dhabi,Abu Dhabi,Al Raha Beach,Villa,1BR,198000,193000,16500,0.0,-1.4,3.98,3.3,82.3,17.7,21.4,210,582,3.0,830,57.6,174000,3.95,0.03,5000000,25.1,221
RENT000489,2019-09-01,2019,9,Q3,Abu Dhabi,Abu Dhabi,Al Reef,Apartment,1BR,65000,63000,5400,0.0,-0.7,4.54,3.81,82.6,17.4,21.2,238,585,3.5,310,59.4,67000,4.68,-0.14,1450000,22.0,258
RENT000490,2019-09-01,2019,9,Q3,Abu Dhabi,Abu Dhabi,Al Reef,Villa,2BR,109000,107000,9100,0.0,1.7,4.44,3.35,83.0,17.0,12.7,85,371,5.4,600,75.8,166000,4.48,-0.04,2450000,22.5,218
RENT000477,2019-09-01,2019,9,Q3,Abu Dhabi,Abu Dhabi,Al Reem Island,Apartment,1BR,65000,61000,5400,0.0,-1.5,3.97,3.02,79.6,20.4,23.7,241,66,7.0,270,70.4,69000,3.93,0.04,1650000,25.2,244
RENT000478,2019-09-01,2019,9,Q3,Abu Dhabi,Abu Dhabi,Al Reem Island,Villa,Studio,235000,243000,19600,0.0,-1.0,5.49,4.81,85.2,14.8,10.3,133,455,7.7,920,55.5,186000,5.39,0.1,4300000,18.2,94
RENT000501,2019-09-01,2019,9,Q3,Sharjah,Sharjah,Al Taawun,Apartment,1BR,39000,41000,3200,0.0,1.7,5.7,5.0,70.0,30.0,17.6,166,1012,6.2,180,66.6,44000,5.72,-0.02,700000,17.6,161
RENT000502,2019-09-01,2019,9,Q3,Sharjah,Sharjah,Al Taawun,Villa,1BR,126000,117000,10500,0.0,1.5,4.79,3.89,71.6,28.4,15.8,45,832,5.8,460,81.7,137000,4.52,0.27,2650000,20.9,127
RENT000457,2019-09-01,2019,9,Q3,Dubai,Dubai,Business Bay,Apartment,1BR,88000,85000,7300,0.0,-0.2,4.0,2.96,83.9,16.1,10.5,138,1009,6.8,590,75.5,163000,3.58,0.42,2200000,25.0,386
RENT000458,2019-09-01,2019,9,Q3,Dubai,Dubai,Business Bay,Villa,2BR,165000,169000,13800,0.0,-2.2,6.03,5.04,87.3,12.7,16.1,19,1016,4.6,780,76.7,218000,5.64,0.39,2750000,16.6,194
RENT000487,2019-09-01,2019,9,Q3,Abu Dhabi,Abu Dhabi,Corniche,Apartment,1BR,99000,94000,8200,0.0,-0.3,5.2,4.24,83.7,16.3,13.2,186,1172,4.2,570,62.4,130000,5.13,0.07,1900000,19.2,73
RENT000488,2019-09-01,2019,9,Q3,Abu Dhabi,Abu Dhabi,Corniche,Villa,2BR,215000,219000,17900,0.0,-1.1,4.59,3.59,77.6,22.4,17.8,226,689,2.7,870,80.6,256000,4.51,0.08,4700000,21.8,189
RENT000467,2019-09-01,2019,9,Q3,Dubai,Dubai,Creek Harbour,Apartment,2BR,86000,88000,7200,0.0,2.1,5.75,4.62,71.1,28.9,23.5,242,724,4.5,400,70.4,103000,5.94,-0.19,1500000,17.4,367
RENT000468,2019-09-01,2019,9,Q3,Dubai,Dubai,Creek Harbour,Villa,2BR,327000,323000,27200,0.0,1.3,4.68,3.51,77.0,23.0,18.4,82,698,1.0,1840,76.5,514000,4.7,-0.02,7000000,21.4,363
RENT000469,2019-09-01,2019,9,Q3,Dubai,Dubai,DAMAC Hills,Apartment,4BR,78000,78000,6500,0.0,-0.9,4.57,3.5,71.0,29.0,17.1,221,50,1.8,510,75.9,141000,4.19,0.38,1700000,21.9,305
RENT000470,2019-09-01,2019,9,Q3,Dubai,Dubai,DAMAC Hills,Villa,2BR,275000,287000,22900,0.0,3.0,5.44,4.31,70.5,29.5,15.0,235,537,7.8,1820,86.4,574000,5.2,0.24,5050000,18.4,83
RENT000449,2019-09-01,2019,9,Q3,Dubai,Dubai,Downtown Dubai,Apartment,Studio,103000,106000,8600,0.0,-2.4,4.34,3.81,73.3,26.7,13.3,136,702,15.6,430,67.1,105000,4.4,-0.06,2400000,23.1,488
RENT000450,2019-09-01,2019,9,Q3,Dubai,Dubai,Downtown Dubai,Villa,2BR,270000,280000,22500,0.0,-2.0,4.52,3.87,86.9,13.1,18.5,233,976,10.2,1560,74.2,422000,4.68,-0.16,5950000,22.1,257
RENT000455,2019-09-01,2019,9,Q3,Dubai,Dubai,Dubai Hills Estate,Apartment,3BR,119000,123000,9900,0.0,1.2,4.37,3.84,72.0,28.0,13.1,215,844,6.5,850,67.0,208000,4.65,-0.28,2750000,22.9,468
RENT000456,2019-09-01,2019,9,Q3,Dubai,Dubai,Dubai Hills Estate,Villa,1BR,252000,254000,21000,0.0,0.6,4.62,4.09,79.3,20.7,17.5,117,638,5.8,1860,68.5,465000,4.23,0.39,5450000,21.6,453
RENT000451,2019-09-01,2019,9,Q3,Dubai,Dubai,Dubai Marina,Apartment,2BR,98000,91000,8200,0.0,-2.1,3.86,2.92,85.4,14.6,16.9,165,368,17.9,460,81.4,137000,3.64,0.22,2550000,25.9,120
RENT000452,2019-09-01,2019,9,Q3,Dubai,Dubai,Dubai Marina,Villa,2BR,232000,238000,19300,0.0,3.3,4.94,4.13,72.9,27.1,19.1,126,446,19.1,1490,72.6,395000,4.9,0.04,4700000,20.3,139
RENT000471,2019-09-01,2019,9,Q3,Dubai,Dubai,Dubai South,Apartment,1BR,55000,52000,4600,0.0,-1.1,5.68,4.48,77.9,22.1,23.3,165,78,2.6,220,87.6,70000,6.14,-0.46,950000,17.6,295
RENT000472,2019-09-01,2019,9,Q3,Dubai,Dubai,Dubai South,Villa,5BR+,163000,163000,13600,0.0,2.2,4.35,3.57,88.0,12.0,16.3,123,1137,3.7,1060,72.8,282000,3.93,0.42,3750000,23.0,425
RENT000465,2019-09-01,2019,9,Q3,Dubai,Dubai,JBR,Apartment,1BR,101000,105000,8400,0.0,-1.0,3.98,3.2,70.6,29.4,23.4,167,1181,6.1,540,71.8,142000,4.16,-0.18,2550000,25.1,339
RENT000466,2019-09-01,2019,9,Q3,Dubai,Dubai,JBR,Villa,3BR,232000,231000,19300,0.0,0.2,4.22,3.49,80.2,19.8,18.1,57,208,19.8,960,74.6,261000,4.69,-0.47,5500000,23.7,596
RENT000459,2019-09-01,2019,9,Q3,Dubai,Dubai,JVC,Apartment,1BR,56000,54000,4700,0.0,2.2,4.85,4.22,77.7,22.3,20.0,156,362,4.0,420,75.6,116000,5.01,-0.16,1150000,20.6,372
RENT000460,2019-09-01,2019,9,Q3,Dubai,Dubai,JVC,Villa,3BR,221000,205000,18400,0.0,1.0,4.42,3.3,72.4,27.6,12.2,28,81,4.4,980,69.1,247000,4.0,0.42,5000000,22.6,119
RENT000485,2019-09-01,2019,9,Q3,Abu Dhabi,Abu Dhabi,Khalifa City,Apartment,3BR,70000,68000,5800,0.0,-2.2,4.37,3.6,71.0,29.0,15.5,15,212,4.3,500,57.6,105000,3.87,0.5,1600000,22.9,119
RENT000486,2019-09-01,2019,9,Q3,Abu Dhabi,Abu Dhabi,Khalifa City,Villa,2BR,172000,158000,14300,0.0,2.4,4.17,3.59,77.6,22.4,16.9,46,647,5.5,720,79.1,208000,4.54,-0.37,4150000,24.0,144
RENT000461,2019-09-01,2019,9,Q3,Dubai,Dubai,MBR City,Apartment,Studio,136000,141000,11300,0.0,-1.2,4.29,3.4,88.7,11.3,17.8,56,149,7.0,570,59.0,123000,3.88,0.41,3150000,23.3,326
RENT000462,2019-09-01,2019,9,Q3,Dubai,Dubai,MBR City,Villa,3BR,269000,280000,22400,0.0,1.4,5.36,4.29,77.4,22.6,22.1,124,196,4.9,1580,85.9,495000,5.15,0.21,5000000,18.7,564
RENT000491,2019-09-01,2019,9,Q3,Abu Dhabi,Abu Dhabi,Masdar City,Apartment,5BR+,50000,47000,4200,0.0,-1.9,4.44,3.44,79.3,20.7,10.3,44,1108,3.3,270,79.6,78000,4.07,0.37,1150000,22.5,351
RENT000492,2019-09-01,2019,9,Q3,Abu Dhabi,Abu Dhabi,Masdar City,Villa,3BR,109000,110000,9100,0.0,1.7,4.57,3.88,89.3,10.7,11.1,130,841,7.4,780,61.0,174000,4.58,-0.01,2400000,21.9,246
RENT000473,2019-09-01,2019,9,Q3,Dubai,Dubai,Meydan,Apartment,2BR,95000,98000,7900,0.0,1.8,4.39,3.56,87.5,12.5,17.6,91,798,3.5,500,65.9,120000,4.04,0.35,2150000,22.8,195
RENT000474,2019-09-01,2019,9,Q3,Dubai,Dubai,Meydan,Villa,Studio,252000,248000,21000,0.0,0.6,4.17,3.39,83.7,16.3,18.2,157,647,1.0,1360,80.8,401000,4.0,0.17,6050000,24.0,147
RENT000497,2019-09-01,2019,9,Q3,Sharjah,Sharjah,Muwaileh,Apartment,1BR,37000,39000,3100,0.0,-2.2,3.97,3.05,72.2,27.8,14.5,54,255,5.4,220,77.3,62000,3.52,0.45,950000,25.2,76
RENT000498,2019-09-01,2019,9,Q3,Sharjah,Sharjah,Muwaileh,Villa,3BR,114000,117000,9500,0.0,0.7,5.58,4.55,74.5,25.5,19.0,195,749,7.6,810,67.1,198000,5.48,0.1,2050000,17.9,87
RENT000453,2019-09-01,2019,9,Q3,Dubai,Dubai,Palm Jumeirah,Apartment,5BR+,178000,169000,14800,0.0,0.6,3.95,2.97,88.8,11.2,18.1,84,384,7.8,1180,71.8,309000,4.17,-0.22,4500000,25.3,215
RENT000454,2019-09-01,2019,9,Q3,Dubai,Dubai,Palm Jumeirah,Villa,1BR,477000,442000,39800,0.0,-2.0,4.49,3.91,81.1,18.9,15.9,33,683,9.5,2470,79.6,718000,4.77,-0.28,10600000,22.3,107
RENT000479,2019-09-01,2019,9,Q3,Abu Dhabi,Abu Dhabi,Saadiyat Island,Apartment,1BR,140000,136000,11700,0.0,1.0,5.91,5.13,83.8,16.2,12.7,99,637,5.9,610,66.9,149000,5.42,0.49,2350000,16.9,221
RENT000480,2019-09-01,2019,9,Q3,Abu Dhabi,Abu Dhabi,Saadiyat Island,Villa,1BR,327000,316000,27200,0.0,-1.2,4.86,4.08,75.9,24.1,22.1,247,262,6.6,1980,69.0,499000,4.38,0.48,6750000,20.6,259
RENT000475,2019-09-01,2019,9,Q3,Dubai,Dubai,Sports City,Apartment,3BR,54000,57000,4500,0.0,2.4,5.43,4.82,75.6,24.4,23.6,182,566,7.7,320,66.1,77000,5.23,0.2,1000000,18.4,546
RENT000476,2019-09-01,2019,9,Q3,Dubai,Dubai,Sports City,Villa,1BR,182000,175000,15200,0.0,0.9,5.09,4.49,88.8,11.2,11.8,162,999,1.5,940,84.8,291000,4.8,0.29,3550000,19.6,378
RENT000481,2019-09-01,2019,9,Q3,Abu Dhabi,Abu Dhabi,Yas Island,Apartment,3BR,83000,79000,6900,0.0,-0.0,4.91,3.75,72.6,27.4,23.6,27,625,15.8,390,71.5,102000,4.42,0.49,1700000,20.4,231
RENT000482,2019-09-01,2019,9,Q3,Abu Dhabi,Abu Dhabi,Yas Island,Villa,3BR,209000,201000,17400,0.0,0.1,4.9,4.3,75.5,24.5,22.2,190,658,12.2,1030,78.3,294000,5.24,-0.34,4250000,20.4,143
RENT000519,2019-10-01,2019,10,Q4,Dubai,Dubai,Al Furjan,Apartment,Studio,63000,58000,5200,0.0,-2.5,3.96,3.3,81.9,18.1,19.6,112,1054,6.7,280,75.8,77000,3.84,0.12,1600000,25.3,532
RENT000520,2019-10-01,2019,10,Q4,Dubai,Dubai,Al Furjan,Villa,2BR,202000,196000,16800,0.0,1.7,5.02,4.0,85.5,14.5,11.9,87,486,4.1,820,67.7,203000,5.11,-0.09,4000000,19.9,541
RENT000559,2019-10-01,2019,10,Q4,Ras Al Khaimah,Ras Al Khaimah,Al Hamra Village,Apartment,Studio,59000,56000,4900,0.0,1.5,5.42,4.72,85.5,14.5,11.5,230,204,1.6,250,87.5,80000,5.28,0.14,1100000,18.5,22
RENT000560,2019-10-01,2019,10,Q4,Ras Al Khaimah,Ras Al Khaimah,Al Hamra Village,Villa,Studio,139000,129000,11600,0.0,1.3,4.1,3.28,86.4,13.6,10.4,68,353,7.3,740,86.2,233000,4.56,-0.46,3400000,24.4,52
RENT000555,2019-10-01,2019,10,Q4,Sharjah,Sharjah,Al Khan,Apartment,1BR,39000,37000,3200,0.0,2.8,5.35,4.16,76.8,23.2,20.9,79,163,5.8,280,59.3,61000,4.98,0.37,750000,18.7,89
RENT000556,2019-10-01,2019,10,Q4,Sharjah,Sharjah,Al Khan,Villa,1BR,83000,83000,6900,0.0,-0.5,4.43,3.39,85.8,14.2,23.1,19,433,3.9,430,78.2,123000,4.37,0.06,1850000,22.6,110
RENT000549,2019-10-01,2019,10,Q4,Sharjah,Sharjah,Al Majaz,Apartment,3BR,48000,47000,4000,0.0,2.3,3.98,3.36,72.0,28.0,14.0,207,770,5.2,270,85.1,84000,4.38,-0.4,1200000,25.2,61
RENT000550,2019-10-01,2019,10,Q4,Sharjah,Sharjah,Al Majaz,Villa,1BR,148000,142000,12300,0.0,1.5,5.68,4.66,85.1,14.9,16.0,229,549,4.9,620,79.4,180000,5.18,0.5,2600000,17.6,209
RENT000551,2019-10-01,2019,10,Q4,Sharjah,Sharjah,Al Nahda,Apartment,3BR,38000,39000,3200,0.0,2.0,5.05,4.47,82.6,17.4,16.4,12,424,4.0,180,80.9,53000,4.7,0.35,750000,19.8,215
RENT000552,2019-10-01,2019,10,Q4,Sharjah,Sharjah,Al Nahda,Villa,1BR,94000,87000,7800,0.0,0.5,4.09,3.46,84.9,15.1,18.1,233,945,3.5,380,63.3,88000,3.67,0.42,2300000,24.5,98
RENT000539,2019-10-01,2019,10,Q4,Abu Dhabi,Abu Dhabi,Al Raha Beach,Apartment,2BR,89000,93000,7400,0.0,1.3,4.2,3.7,81.9,18.1,17.5,62,521,5.9,630,79.8,184000,4.23,-0.03,2100000,23.8,70
RENT000540,2019-10-01,2019,10,Q4,Abu Dhabi,Abu Dhabi,Al Raha Beach,Villa,4BR,207000,210000,17200,0.0,-0.3,4.82,3.81,75.0,25.0,22.1,57,487,2.0,1020,65.1,242000,4.82,0.0,4300000,20.7,199
RENT000545,2019-10-01,2019,10,Q4,Abu Dhabi,Abu Dhabi,Al Reef,Apartment,3BR,64000,67000,5300,0.0,-2.1,4.73,3.82,89.9,10.1,18.1,222,89,1.6,240,85.1,75000,4.73,0.0,1350000,21.1,139
RENT000546,2019-10-01,2019,10,Q4,Abu Dhabi,Abu Dhabi,Al Reef,Villa,3BR,152000,145000,12700,0.0,2.6,4.46,3.7,84.5,15.5,10.9,30,212,3.5,760,70.7,196000,4.87,-0.41,3400000,22.4,267
RENT000533,2019-10-01,2019,10,Q4,Abu Dhabi,Abu Dhabi,Al Reem Island,Apartment,5BR+,65000,62000,5400,0.0,-0.7,3.93,2.83,80.9,19.1,11.1,49,478,7.8,360,78.4,103000,4.43,-0.5,1650000,25.5,316
RENT000534,2019-10-01,2019,10,Q4,Abu Dhabi,Abu Dhabi,Al Reem Island,Villa,1BR,133000,134000,11100,0.0,-1.5,5.13,4.37,79.7,20.3,16.5,203,718,3.1,540,61.0,120000,4.98,0.15,2600000,19.5,262
RENT000557,2019-10-01,2019,10,Q4,Sharjah,Sharjah,Al Taawun,Apartment,1BR,36000,37000,3000,0.0,2.0,4.08,3.37,73.5,26.5,17.6,19,749,5.2,150,83.0,45000,4.13,-0.05,900000,24.5,142
RENT000558,2019-10-01,2019,10,Q4,Sharjah,Sharjah,Al Taawun,Villa,Studio,66000,66000,5500,0.0,3.1,3.93,3.12,77.7,22.3,15.3,177,883,4.0,370,79.8,108000,3.61,0.32,1700000,25.4,128
RENT000513,2019-10-01,2019,10,Q4,Dubai,Dubai,Business Bay,Apartment,1BR,87000,82000,7200,0.0,-2.5,5.05,4.16,74.5,25.5,21.3,28,1032,5.8,600,58.4,128000,4.93,0.12,1700000,19.8,384
RENT000514,2019-10-01,2019,10,Q4,Dubai,Dubai,Business Bay,Villa,4BR,253000,244000,21100,0.0,3.2,5.52,4.92,81.2,18.8,15.2,89,1172,2.4,1770,58.9,381000,5.17,0.35,4600000,18.1,174
RENT000543,2019-10-01,2019,10,Q4,Abu Dhabi,Abu Dhabi,Corniche,Apartment,4BR,99000,101000,8200,0.0,0.9,4.11,3.56,81.4,18.6,20.4,161,588,5.5,390,66.7,95000,4.58,-0.47,2400000,24.3,271
RENT000544,2019-10-01,2019,10,Q4,Abu Dhabi,Abu Dhabi,Corniche,Villa,3BR,194000,199000,16200,0.0,2.6,4.08,3.24,87.6,12.4,17.1,64,422,4.9,850,77.4,240000,4.0,0.08,4750000,24.5,215
RENT000523,2019-10-01,2019,10,Q4,Dubai,Dubai,Creek Harbour,Apartment,2BR,88000,83000,7300,0.0,3.2,4.13,3.17,79.4,20.6,19.7,54,162,4.6,550,84.5,170000,4.05,0.08,2150000,24.2,201
RENT000524,2019-10-01,2019,10,Q4,Dubai,Dubai,Creek Harbour,Villa,1BR,316000,311000,26300,0.0,1.7,5.34,4.69,80.7,19.3,15.5,98,208,7.0,1830,61.7,412000,4.99,0.35,5900000,18.7,295
RENT000525,2019-10-01,2019,10,Q4,Dubai,Dubai,DAMAC Hills,Apartment,3BR,73000,71000,6100,0.0,3.4,5.52,4.7,81.9,18.1,12.8,115,1061,6.6,310,73.9,84000,5.13,0.39,1300000,18.1,88
RENT000526,2019-10-01,2019,10,Q4,Dubai,Dubai,DAMAC Hills,Villa,1BR,282000,292000,23500,0.0,-0.9,4.83,4.31,72.6,27.4,18.9,78,1120,7.6,1070,69.1,270000,5.02,-0.19,5850000,20.7,369
RENT000505,2019-10-01,2019,10,Q4,Dubai,Dubai,Downtown Dubai,Apartment,1BR,107000,107000,8900,0.0,2.9,4.25,3.39,83.2,16.8,23.7,232,444,12.4,610,78.3,174000,4.38,-0.13,2500000,23.5,166
RENT000506,2019-10-01,2019,10,Q4,Dubai,Dubai,Downtown Dubai,Villa,5BR+,306000,315000,25500,0.0,2.6,4.08,3.43,85.6,14.4,14.9,105,175,10.6,1590,66.9,388000,4.37,-0.29,7500000,24.5,129
RENT000511,2019-10-01,2019,10,Q4,Dubai,Dubai,Dubai Hills Estate,Apartment,1BR,122000,116000,10200,0.0,-2.3,5.84,5.21,80.6,19.4,23.2,108,885,3.4,490,86.8,155000,5.88,-0.04,2100000,17.1,237
RENT000512,2019-10-01,2019,10,Q4,Dubai,Dubai,Dubai Hills Estate,Villa,1BR,232000,228000,19300,0.0,1.6,5.05,4.41,70.8,29.2,20.0,17,1072,4.6,1150,85.0,357000,4.56,0.49,4600000,19.8,408
RENT000507,2019-10-01,2019,10,Q4,Dubai,Dubai,Dubai Marina,Apartment,Studio,97000,97000,8100,0.0,0.3,5.19,4.17,73.8,26.2,15.8,87,542,17.9,460,83.2,140000,5.44,-0.25,1850000,19.3,508
RENT000508,2019-10-01,2019,10,Q4,Dubai,Dubai,Dubai Marina,Villa,2BR,164000,167000,13700,0.0,-0.5,5.7,4.68,89.1,10.9,21.9,141,1048,7.2,1200,68.7,301000,5.4,0.3,2850000,17.5,531
RENT000527,2019-10-01,2019,10,Q4,Dubai,Dubai,Dubai South,Apartment,Studio,52000,48000,4300,0.0,-1.8,4.0,2.86,82.7,17.3,19.4,133,975,5.9,250,60.1,55000,4.12,-0.12,1300000,25.0,300
RENT000528,2019-10-01,2019,10,Q4,Dubai,Dubai,Dubai South,Villa,2BR,185000,174000,15400,0.0,2.1,4.48,3.87,81.8,18.2,22.7,214,483,4.0,1070,86.7,339000,4.79,-0.31,4150000,22.3,265
RENT000521,2019-10-01,2019,10,Q4,Dubai,Dubai,JBR,Apartment,1BR,109000,100000,9100,0.0,2.8,4.85,4.33,82.8,17.2,19.3,131,1127,15.5,590,76.9,166000,4.61,0.24,2250000,20.6,106
RENT000522,2019-10-01,2019,10,Q4,Dubai,Dubai,JBR,Villa,2BR,274000,278000,22800,0.0,-1.7,5.07,4.07,77.3,22.7,11.4,190,647,15.1,1210,67.3,297000,5.36,-0.29,5400000,19.7,555
RENT000515,2019-10-01,2019,10,Q4,Dubai,Dubai,JVC,Apartment,4BR,59000,57000,4900,0.0,-1.2,4.23,3.5,77.5,22.5,17.2,25,951,3.2,290,63.4,67000,4.61,-0.38,1400000,23.7,300
RENT000516,2019-10-01,2019,10,Q4,Dubai,Dubai,JVC,Villa,Studio,109000,111000,9100,0.0,3.1,4.61,3.88,72.8,27.2,12.1,138,686,2.4,660,68.7,165000,4.68,-0.07,2350000,21.7,452
RENT000541,2019-10-01,2019,10,Q4,Abu Dhabi,Abu Dhabi,Khalifa City,Apartment,2BR,64000,67000,5300,0.0,-1.3,4.61,3.44,86.3,13.7,16.0,66,594,4.0,320,79.7,93000,5.05,-0.44,1400000,21.7,195
RENT000542,2019-10-01,2019,10,Q4,Abu Dhabi,Abu Dhabi,Khalifa City,Villa,2BR,206000,214000,17200,0.0,3.1,4.82,4.19,88.2,11.8,20.5,100,695,5.0,940,80.8,277000,4.7,0.12,4250000,20.7,54
RENT000517,2019-10-01,2019,10,Q4,Dubai,Dubai,MBR City,Apartment,1BR,129000,120000,10800,0.0,2.8,4.7,4.06,85.9,14.1,10.8,248,657,7.1,720,79.7,209000,4.32,0.38,2750000,21.3,553
RENT000518,2019-10-01,2019,10,Q4,Dubai,Dubai,MBR City,Villa,3BR,351000,356000,29200,0.0,0.8,5.19,4.06,81.6,18.4,17.8,211,729,4.0,2570,66.6,625000,4.75,0.44,6750000,19.3,366
RENT000547,2019-10-01,2019,10,Q4,Abu Dhabi,Abu Dhabi,Masdar City,Apartment,3BR,49000,51000,4100,0.0,1.9,4.89,4.15,74.2,25.8,19.3,154,542,4.1,190,79.5,55000,4.79,0.1,1000000,20.4,145
RENT000548,2019-10-01,2019,10,Q4,Abu Dhabi,Abu Dhabi,Masdar City,Villa,1BR,147000,145000,12200,0.0,1.9,6.04,5.02,76.1,23.9,19.3,204,1123,5.6,800,84.1,246000,5.8,0.24,2450000,16.5,324
RENT000529,2019-10-01,2019,10,Q4,Dubai,Dubai,Meydan,Apartment,1BR,81000,78000,6800,0.0,-0.6,5.87,5.13,81.4,18.6,13.5,75,561,2.7,380,74.9,104000,5.6,0.27,1400000,17.0,314
RENT000530,2019-10-01,2019,10,Q4,Dubai,Dubai,Meydan,Villa,1BR,274000,266000,22800,0.0,-2.2,6.07,5.56,73.5,26.5,13.2,63,919,1.0,1230,79.2,356000,5.86,0.21,4500000,16.5,264
RENT000553,2019-10-01,2019,10,Q4,Sharjah,Sharjah,Muwaileh,Apartment,Studio,33000,34000,2800,0.0,1.1,4.56,3.58,80.5,19.5,12.4,162,794,3.9,140,61.3,31000,4.26,0.3,700000,21.9,100
RENT000554,2019-10-01,2019,10,Q4,Sharjah,Sharjah,Muwaileh,Villa,1BR,104000,104000,8700,0.0,0.7,3.97,2.94,87.4,12.6,23.6,138,468,4.1,560,71.0,145000,4.47,-0.5,2600000,25.2,139
RENT000509,2019-10-01,2019,10,Q4,Dubai,Dubai,Palm Jumeirah,Apartment,4BR,176000,163000,14700,0.0,-1.7,5.16,4.6,82.7,17.3,24.0,227,1026,13.6,1190,71.2,309000,5.53,-0.37,3400000,19.4,373
RENT000510,2019-10-01,2019,10,Q4,Dubai,Dubai,Palm Jumeirah,Villa,1BR,441000,455000,36800,0.0,-0.3,5.4,4.88,78.0,22.0,14.5,140,916,17.3,2660,72.7,706000,5.43,-0.03,8150000,18.5,515
RENT000535,2019-10-01,2019,10,Q4,Abu Dhabi,Abu Dhabi,Saadiyat Island,Apartment,2BR,145000,136000,12100,0.0,-1.2,5.74,4.57,74.6,25.4,12.6,206,1058,6.5,990,75.7,274000,6.14,-0.4,2550000,17.4,196
RENT000536,2019-10-01,2019,10,Q4,Abu Dhabi,Abu Dhabi,Saadiyat Island,Villa,1BR,490000,455000,40800,0.0,-1.8,5.59,4.92,80.7,19.3,18.7,213,273,5.6,2480,77.6,702000,5.8,-0.21,8750000,17.9,341
RENT000531,2019-10-01,2019,10,Q4,Dubai,Dubai,Sports City,Apartment,2BR,54000,54000,4500,0.0,2.6,4.99,4.35,73.3,26.7,16.8,220,1140,2.1,220,74.8,60000,5.3,-0.31,1100000,20.0,291
RENT000532,2019-10-01,2019,10,Q4,Dubai,Dubai,Sports City,Villa,1BR,166000,156000,13800,0.0,-1.3,5.62,4.94,78.2,21.8,14.9,41,427,2.6,900,63.6,209000,5.21,0.41,2950000,17.8,359
RENT000537,2019-10-01,2019,10,Q4,Abu Dhabi,Abu Dhabi,Yas Island,Apartment,1BR,88000,90000,7300,0.0,0.6,4.17,3.39,74.7,25.3,12.6,109,509,17.9,490,69.1,124000,4.58,-0.41,2100000,24.0,355
RENT000538,2019-10-01,2019,10,Q4,Abu Dhabi,Abu Dhabi,Yas Island,Villa,5BR+,179000,183000,14900,0.0,-0.2,5.58,5.06,75.1,24.9,16.2,169,799,6.1,1170,76.8,328000,6.01,-0.43,3200000,17.9,345
RENT000575,2019-11-01,2019,11,Q4,Dubai,Dubai,Al Furjan,Apartment,1BR,68000,65000,5700,0.0,-2.3,5.74,5.04,87.5,12.5,10.1,154,947,3.1,450,62.3,102000,5.61,0.13,1200000,17.4,546
RENT000576,2019-11-01,2019,11,Q4,Dubai,Dubai,Al Furjan,Villa,1BR,243000,229000,20200,0.0,2.6,3.99,3.12,77.5,22.5,16.3,154,285,7.5,890,75.2,244000,3.8,0.19,6100000,25.1,437
RENT000615,2019-11-01,2019,11,Q4,Ras Al Khaimah,Ras Al Khaimah,Al Hamra Village,Apartment,Studio,54000,57000,4500,0.0,1.4,4.67,3.5,84.0,16.0,24.0,128,828,1.4,390,86.9,124000,4.75,-0.08,1150000,21.4,43
RENT000616,2019-11-01,2019,11,Q4,Ras Al Khaimah,Ras Al Khaimah,Al Hamra Village,Villa,2BR,157000,151000,13100,0.0,-2.4,6.07,5.27,84.0,16.0,18.4,143,557,7.1,590,74.5,160000,5.99,0.08,2600000,16.5,92
RENT000611,2019-11-01,2019,11,Q4,Sharjah,Sharjah,Al Khan,Apartment,2BR,44000,46000,3700,0.0,2.4,4.15,3.65,81.7,18.3,17.8,111,111,3.8,160,86.8,51000,4.42,-0.27,1050000,24.1,121
RENT000612,2019-11-01,2019,11,Q4,Sharjah,Sharjah,Al Khan,Villa,2BR,93000,89000,7800,0.0,-2.1,3.89,3.38,73.5,26.5,13.9,245,794,6.2,540,69.7,137000,4.09,-0.2,2400000,25.7,103
RENT000605,2019-11-01,2019,11,Q4,Sharjah,Sharjah,Al Majaz,Apartment,2BR,44000,45000,3700,0.0,1.7,6.08,4.95,83.2,16.8,22.1,199,1038,4.8,190,81.5,57000,5.83,0.25,700000,16.4,224
RENT000606,2019-11-01,2019,11,Q4,Sharjah,Sharjah,Al Majaz,Villa,5BR+,132000,131000,11000,0.0,2.9,3.93,3.3,74.9,25.1,22.7,201,643,1.5,960,68.4,240000,3.87,0.06,3350000,25.5,169
RENT000607,2019-11-01,2019,11,Q4,Sharjah,Sharjah,Al Nahda,Apartment,3BR,37000,39000,3100,0.0,-2.0,4.76,3.58,81.7,18.3,17.5,130,277,5.2,180,56.5,37000,4.31,0.45,800000,21.0,178
RENT000608,2019-11-01,2019,11,Q4,Sharjah,Sharjah,Al Nahda,Villa,2BR,85000,85000,7100,0.0,3.3,4.0,3.26,86.9,13.1,21.0,130,418,4.7,310,84.7,96000,4.24,-0.24,2150000,25.0,207
RENT000595,2019-11-01,2019,11,Q4,Abu Dhabi,Abu Dhabi,Al Raha Beach,Apartment,2BR,92000,88000,7700,0.0,-0.4,4.63,3.45,78.5,21.5,15.4,218,453,5.5,560,64.4,132000,4.63,0.0,2000000,21.6,48
RENT000596,2019-11-01,2019,11,Q4,Abu Dhabi,Abu Dhabi,Al Raha Beach,Villa,5BR+,286000,270000,23800,0.0,1.2,5.13,4.05,74.7,25.3,18.3,169,1132,4.4,1510,64.7,357000,5.13,0.0,5600000,19.5,103
RENT000601,2019-11-01,2019,11,Q4,Abu Dhabi,Abu Dhabi,Al Reef,Apartment,2BR,58000,57000,4800,0.0,-0.3,4.05,2.85,80.7,19.3,17.1,206,72,5.5,340,81.7,101000,3.89,0.16,1450000,24.7,264
RENT000602,2019-11-01,2019,11,Q4,Abu Dhabi,Abu Dhabi,Al Reef,Villa,2BR,127000,121000,10600,0.0,0.5,4.66,3.75,83.7,16.3,10.6,111,780,6.0,860,83.5,262000,4.47,0.19,2700000,21.4,259
RENT000589,2019-11-01,2019,11,Q4,Abu Dhabi,Abu Dhabi,Al Reem Island,Apartment,Studio,70000,73000,5800,0.0,1.9,5.08,4.43,72.7,27.3,11.0,131,75,7.2,380,60.7,84000,4.81,0.27,1400000,19.7,326
RENT000590,2019-11-01,2019,11,Q4,Abu Dhabi,Abu Dhabi,Al Reem Island,Villa,3BR,143000,141000,11900,0.0,-1.0,5.95,5.25,89.5,10.5,10.6,73,235,2.3,650,84.0,199000,6.13,-0.18,2400000,16.8,179
RENT000613,2019-11-01,2019,11,Q4,Sharjah,Sharjah,Al Taawun,Apartment,4BR,37000,38000,3100,0.0,2.6,4.38,3.25,72.9,27.1,15.9,229,843,4.2,270,65.7,65000,4.66,-0.28,850000,22.8,66
RENT000614,2019-11-01,2019,11,Q4,Sharjah,Sharjah,Al Taawun,Villa,3BR,130000,123000,10800,0.0,-0.9,6.19,5.42,76.6,23.4,15.4,93,280,2.1,730,86.1,229000,6.37,-0.18,2100000,16.1,48
RENT000569,2019-11-01,2019,11,Q4,Dubai,Dubai,Business Bay,Apartment,2BR,85000,87000,7100,0.0,-0.9,4.7,3.9,88.9,11.1,12.2,89,983,3.1,530,79.8,154000,4.26,0.44,1800000,21.3,157
RENT000570,2019-11-01,2019,11,Q4,Dubai,Dubai,Business Bay,Villa,4BR,202000,209000,16800,0.0,-2.0,4.55,3.93,88.4,11.6,15.3,213,268,4.2,760,79.3,220000,4.64,-0.09,4450000,22.0,165
RENT000599,2019-11-01,2019,11,Q4,Abu Dhabi,Abu Dhabi,Corniche,Apartment,Studio,100000,101000,8300,0.0,1.2,6.1,5.6,85.3,14.7,20.0,229,1035,6.4,540,68.9,136000,6.48,-0.38,1650000,16.4,285
RENT000600,2019-11-01,2019,11,Q4,Abu Dhabi,Abu Dhabi,Corniche,Villa,4BR,209000,196000,17400,0.0,1.9,4.87,3.91,82.0,18.0,21.9,133,257,4.5,1080,64.8,255000,4.42,0.45,4300000,20.5,178
RENT000579,2019-11-01,2019,11,Q4,Dubai,Dubai,Creek Harbour,Apartment,2BR,91000,92000,7600,0.0,-0.4,4.31,3.31,87.3,12.7,12.1,129,320,1.8,370,87.7,118000,4.55,-0.24,2100000,23.2,198
RENT000580,2019-11-01,2019,11,Q4,Dubai,Dubai,Creek Harbour,Villa,2BR,158000,160000,13200,0.0,-0.2,5.62,4.8,72.9,27.1,23.9,230,167,1.6,580,78.5,166000,5.92,-0.3,2800000,17.8,294
RENT000581,2019-11-01,2019,11,Q4,Dubai,Dubai,DAMAC Hills,Apartment,1BR,81000,75000,6800,0.0,-1.8,4.6,3.52,74.9,25.1,22.5,173,472,5.5,480,76.4,134000,4.29,0.31,1750000,21.8,453
RENT000582,2019-11-01,2019,11,Q4,Dubai,Dubai,DAMAC Hills,Villa,2BR,204000,198000,17000,0.0,0.2,4.62,3.6,84.0,16.0,23.0,244,1142,4.9,1480,56.0,303000,4.52,0.1,4400000,21.7,190
RENT000561,2019-11-01,2019,11,Q4,Dubai,Dubai,Downtown Dubai,Apartment,1BR,116000,114000,9700,0.0,2.3,4.71,3.61,73.4,26.6,23.6,250,356,14.2,600,86.8,190000,5.18,-0.47,2450000,21.2,149
RENT000562,2019-11-01,2019,11,Q4,Dubai,Dubai,Downtown Dubai,Villa,1BR,314000,294000,26200,0.0,1.4,4.24,3.43,80.9,19.1,11.2,69,102,15.5,1750,66.6,425000,4.25,-0.01,7400000,23.6,426
RENT000567,2019-11-01,2019,11,Q4,Dubai,Dubai,Dubai Hills Estate,Apartment,2BR,111000,114000,9200,0.0,-2.5,5.08,4.32,76.5,23.5,19.3,78,684,6.4,430,66.8,105000,5.54,-0.46,2200000,19.7,336
RENT000568,2019-11-01,2019,11,Q4,Dubai,Dubai,Dubai Hills Estate,Villa,1BR,418000,436000,34800,0.0,1.0,4.06,2.9,82.5,17.5,13.7,27,1087,6.3,2500,68.4,624000,4.34,-0.28,10300000,24.6,211
RENT000563,2019-11-01,2019,11,Q4,Dubai,Dubai,Dubai Marina,Apartment,4BR,93000,87000,7800,0.0,0.6,5.88,5.13,84.7,15.3,18.2,209,572,10.9,690,79.4,200000,6.02,-0.14,1600000,17.0,340
RENT000564,2019-11-01,2019,11,Q4,Dubai,Dubai,Dubai Marina,Villa,2BR,248000,242000,20700,0.0,2.6,3.94,3.27,75.8,24.2,10.1,94,670,5.6,1040,66.9,254000,4.05,-0.11,6300000,25.4,100
RENT000583,2019-11-01,2019,11,Q4,Dubai,Dubai,Dubai South,Apartment,1BR,54000,52000,4500,0.0,2.8,4.2,3.66,75.8,24.2,17.0,174,457,2.9,220,55.2,44000,4.44,-0.24,1300000,23.8,334
RENT000584,2019-11-01,2019,11,Q4,Dubai,Dubai,Dubai South,Villa,5BR+,137000,139000,11400,0.0,-2.0,5.88,4.73,77.6,22.4,15.5,222,816,2.2,580,79.5,168000,6.05,-0.17,2350000,17.0,392
RENT000577,2019-11-01,2019,11,Q4,Dubai,Dubai,JBR,Apartment,1BR,108000,108000,9000,0.0,-2.3,4.93,4.29,83.2,16.8,21.7,13,933,5.3,580,79.8,169000,4.47,0.46,2200000,20.3,283
RENT000578,2019-11-01,2019,11,Q4,Dubai,Dubai,JBR,Villa,4BR,190000,198000,15800,0.0,-2.0,6.01,5.4,77.3,22.7,13.9,22,172,19.9,1230,81.4,365000,5.92,0.09,3150000,16.6,392
RENT000571,2019-11-01,2019,11,Q4,Dubai,Dubai,JVC,Apartment,2BR,65000,67000,5400,0.0,0.3,3.86,3.3,89.8,10.2,13.7,198,1077,4.9,450,78.5,129000,4.17,-0.31,1700000,25.9,93
RENT000572,2019-11-01,2019,11,Q4,Dubai,Dubai,JVC,Villa,Studio,151000,145000,12600,0.0,0.6,3.85,2.82,82.5,17.5,18.8,145,888,7.5,890,62.9,204000,3.38,0.47,3900000,25.9,349
RENT000597,2019-11-01,2019,11,Q4,Abu Dhabi,Abu Dhabi,Khalifa City,Apartment,3BR,65000,67000,5400,0.0,0.4,4.22,3.66,76.1,23.9,18.3,125,1058,2.1,250,77.7,71000,4.12,0.1,1550000,23.7,125
RENT000598,2019-11-01,2019,11,Q4,Abu Dhabi,Abu Dhabi,Khalifa City,Villa,1BR,211000,195000,17600,0.0,-0.5,4.01,3.2,80.2,19.8,18.9,226,1050,2.0,840,69.7,214000,3.91,0.1,5250000,25.0,287
RENT000573,2019-11-01,2019,11,Q4,Dubai,Dubai,MBR City,Apartment,1BR,122000,125000,10200,0.0,0.9,5.56,4.61,85.6,14.4,21.4,243,509,2.5,530,80.3,155000,5.49,0.07,2200000,18.0,223
RENT000574,2019-11-01,2019,11,Q4,Dubai,Dubai,MBR City,Villa,1BR,277000,276000,23100,0.0,-2.3,3.92,3.15,73.1,26.9,15.3,111,711,2.1,1920,60.1,421000,4.2,-0.28,7050000,25.5,101
RENT000603,2019-11-01,2019,11,Q4,Abu Dhabi,Abu Dhabi,Masdar City,Apartment,3BR,58000,56000,4800,0.0,2.4,5.48,4.48,83.2,16.8,22.1,16,368,3.7,230,62.1,52000,5.97,-0.49,1050000,18.2,187
RENT000604,2019-11-01,2019,11,Q4,Abu Dhabi,Abu Dhabi,Masdar City,Villa,3BR,133000,125000,11100,0.0,-0.6,4.81,4.31,74.1,25.9,17.2,205,853,5.1,700,66.7,170000,5.16,-0.35,2750000,20.8,249
RENT000585,2019-11-01,2019,11,Q4,Dubai,Dubai,Meydan,Apartment,2BR,93000,87000,7800,0.0,0.5,5.09,4.34,84.3,15.7,18.0,37,991,6.3,540,84.4,166000,5.03,0.06,1850000,19.6,535
RENT000586,2019-11-01,2019,11,Q4,Dubai,Dubai,Meydan,Villa,2BR,306000,304000,25500,0.0,1.9,6.24,5.54,80.1,19.9,18.1,205,422,5.9,2140,86.0,672000,6.12,0.12,4900000,16.0,526
RENT000609,2019-11-01,2019,11,Q4,Sharjah,Sharjah,Muwaileh,Apartment,2BR,37000,38000,3100,0.0,-2.1,5.8,4.77,73.6,26.4,10.3,197,1066,7.6,180,61.2,40000,5.35,0.45,650000,17.2,109
RENT000610,2019-11-01,2019,11,Q4,Sharjah,Sharjah,Muwaileh,Villa,4BR,104000,103000,8700,0.0,-0.0,5.68,4.91,82.1,17.9,10.9,36,546,5.0,750,56.8,155000,5.37,0.31,1850000,17.6,161
RENT000565,2019-11-01,2019,11,Q4,Dubai,Dubai,Palm Jumeirah,Apartment,1BR,188000,177000,15700,0.0,-2.4,4.88,3.86,78.3,21.7,16.0,127,1148,9.3,1190,83.5,363000,5.0,-0.12,3850000,20.5,316
RENT000566,2019-11-01,2019,11,Q4,Dubai,Dubai,Palm Jumeirah,Villa,3BR,479000,455000,39900,0.0,3.2,4.4,3.23,81.7,18.3,23.2,140,1198,18.2,2550,62.8,585000,4.76,-0.36,10850000,22.7,551
RENT000591,2019-11-01,2019,11,Q4,Abu Dhabi,Abu Dhabi,Saadiyat Island,Apartment,1BR,154000,161000,12800,0.0,3.1,4.09,3.42,72.2,27.8,15.7,70,393,8.0,1000,56.7,207000,4.5,-0.41,3750000,24.5,119
RENT000592,2019-11-01,2019,11,Q4,Abu Dhabi,Abu Dhabi,Saadiyat Island,Villa,1BR,467000,437000,38900,0.0,2.7,5.19,4.27,74.7,25.3,10.2,57,1171,14.4,2410,64.5,567000,5.15,0.04,9000000,19.3,236
RENT000587,2019-11-01,2019,11,Q4,Dubai,Dubai,Sports City,Apartment,Studio,54000,54000,4500,0.0,-1.3,5.62,5.07,71.8,28.2,15.6,27,560,1.1,280,69.0,71000,5.14,0.48,950000,17.8,598
RENT000588,2019-11-01,2019,11,Q4,Dubai,Dubai,Sports City,Villa,3BR,119000,121000,9900,0.0,-1.7,5.4,4.47,75.5,24.5,10.3,140,527,3.7,810,60.6,179000,5.33,0.07,2200000,18.5,476
RENT000593,2019-11-01,2019,11,Q4,Abu Dhabi,Abu Dhabi,Yas Island,Apartment,3BR,85000,82000,7100,0.0,-2.2,4.06,3.53,74.4,25.6,19.3,235,1174,16.7,490,79.2,142000,3.69,0.37,2100000,24.7,330
RENT000594,2019-11-01,2019,11,Q4,Abu Dhabi,Abu Dhabi,Yas Island,Villa,1BR,228000,224000,19000,0.0,0.1,4.39,3.37,79.2,20.8,20.7,148,506,5.2,1220,82.8,369000,4.55,-0.16,5200000,22.8,307
RENT000631,2019-12-01,2019,12,Q4,Dubai,Dubai,Al Furjan,Apartment,2BR,71000,69000,5900,0.0,-1.1,5.57,4.87,80.1,19.9,21.5,240,979,6.8,270,80.7,80000,5.21,0.36,1250000,17.9,330
RENT000632,2019-12-01,2019,12,Q4,Dubai,Dubai,Al Furjan,Villa,2BR,135000,138000,11200,0.0,-2.3,6.0,4.98,87.5,12.5,21.5,138,114,3.6,820,63.0,189000,6.06,-0.06,2250000,16.7,208
RENT000671,2019-12-01,2019,12,Q4,Ras Al Khaimah,Ras Al Khaimah,Al Hamra Village,Apartment,1BR,60000,57000,5000,0.0,1.3,3.89,3.06,82.6,17.4,20.6,208,936,7.7,440,86.0,138000,3.63,0.26,1550000,25.7,17
RENT000672,2019-12-01,2019,12,Q4,Ras Al Khaimah,Ras Al Khaimah,Al Hamra Village,Villa,2BR,129000,128000,10800,0.0,-1.4,5.3,4.22,74.9,25.1,22.9,181,246,4.5,680,63.4,157000,5.28,0.02,2450000,18.9,57
RENT000667,2019-12-01,2019,12,Q4,Sharjah,Sharjah,Al Khan,Apartment,2BR,43000,44000,3600,0.0,-0.2,4.44,3.58,84.0,16.0,19.1,153,686,7.4,310,78.3,89000,4.5,-0.06,950000,22.5,216
RENT000668,2019-12-01,2019,12,Q4,Sharjah,Sharjah,Al Khan,Villa,1BR,132000,136000,11000,0.0,0.8,3.94,2.88,78.4,21.6,19.3,234,411,6.2,870,72.1,229000,4.07,-0.13,3350000,25.4,106
RENT000661,2019-12-01,2019,12,Q4,Sharjah,Sharjah,Al Majaz,Apartment,1BR,43000,41000,3600,0.0,2.1,6.09,5.27,87.3,12.7,15.0,249,783,5.5,300,80.5,88000,6.25,-0.16,700000,16.4,193
RENT000662,2019-12-01,2019,12,Q4,Sharjah,Sharjah,Al Majaz,Villa,Studio,157000,155000,13100,0.0,-1.3,4.72,3.93,71.6,28.4,13.6,249,871,6.2,590,57.6,124000,4.45,0.27,3350000,21.2,174
RENT000663,2019-12-01,2019,12,Q4,Sharjah,Sharjah,Al Nahda,Apartment,Studio,39000,38000,3200,0.0,-1.0,4.46,3.58,89.9,10.1,18.1,195,929,1.1,160,83.8,49000,4.93,-0.47,850000,22.4,77
RENT000664,2019-12-01,2019,12,Q4,Sharjah,Sharjah,Al Nahda,Villa,2BR,78000,72000,6500,0.0,-1.1,5.57,5.04,85.5,14.5,14.8,211,1013,3.4,360,57.7,76000,5.98,-0.41,1400000,18.0,117
RENT000651,2019-12-01,2019,12,Q4,Abu Dhabi,Abu Dhabi,Al Raha Beach,Apartment,1BR,93000,92000,7800,0.0,-1.9,5.69,4.77,79.6,20.4,24.0,123,758,5.3,350,71.7,92000,5.83,-0.14,1650000,17.6,279
RENT000652,2019-12-01,2019,12,Q4,Abu Dhabi,Abu Dhabi,Al Raha Beach,Villa,2BR,345000,337000,28800,0.0,0.5,4.89,4.14,81.6,18.4,20.0,199,570,4.3,2510,81.3,745000,5.28,-0.39,7050000,20.5,214
RENT000657,2019-12-01,2019,12,Q4,Abu Dhabi,Abu Dhabi,Al Reef,Apartment,3BR,59000,59000,4900,0.0,1.9,4.06,3.53,89.0,11.0,14.9,243,555,6.2,430,87.1,137000,4.45,-0.39,1450000,24.6,246
RENT000658,2019-12-01,2019,12,Q4,Abu Dhabi,Abu Dhabi,Al Reef,Villa,2BR,144000,133000,12000,0.0,1.8,4.89,4.04,78.6,21.4,12.0,227,437,1.0,940,56.1,192000,4.8,0.09,2950000,20.5,59
RENT000645,2019-12-01,2019,12,Q4,Abu Dhabi,Abu Dhabi,Al Reem Island,Apartment,1BR,71000,73000,5900,0.0,2.1,5.53,4.39,72.6,27.4,22.1,50,186,6.9,320,64.2,75000,5.89,-0.36,1300000,18.1,236
RENT000646,2019-12-01,2019,12,Q4,Abu Dhabi,Abu Dhabi,Al Reem Island,Villa,3BR,162000,159000,13500,0.0,1.4,4.75,4.23,88.5,11.5,18.4,99,332,1.5,1040,67.8,257000,4.69,0.06,3400000,21.1,189
RENT000669,2019-12-01,2019,12,Q4,Sharjah,Sharjah,Al Taawun,Apartment,2BR,36000,35000,3000,0.0,0.3,4.02,3.47,89.0,11.0,22.8,71,732,6.4,160,62.9,37000,4.21,-0.19,900000,24.9,199
RENT000670,2019-12-01,2019,12,Q4,Sharjah,Sharjah,Al Taawun,Villa,2BR,119000,112000,9900,0.0,2.9,5.24,4.38,89.8,10.2,10.5,118,80,5.1,640,78.5,183000,5.08,0.16,2250000,19.1,149
RENT000625,2019-12-01,2019,12,Q4,Dubai,Dubai,Business Bay,Apartment,2BR,91000,95000,7600,0.0,-2.0,3.95,2.97,88.0,12.0,20.3,174,482,2.6,600,64.4,141000,3.71,0.24,2300000,25.3,370
RENT000626,2019-12-01,2019,12,Q4,Dubai,Dubai,Business Bay,Villa,1BR,206000,212000,17200,0.0,-0.4,5.31,4.42,85.9,14.1,22.0,115,996,4.1,790,79.9,230000,4.87,0.44,3900000,18.8,331
RENT000655,2019-12-01,2019,12,Q4,Abu Dhabi,Abu Dhabi,Corniche,Apartment,2BR,114000,116000,9500,0.0,-1.7,4.86,3.92,75.5,24.5,16.6,164,1031,6.1,720,66.5,175000,5.24,-0.38,2350000,20.6,82
RENT000656,2019-12-01,2019,12,Q4,Abu Dhabi,Abu Dhabi,Corniche,Villa,Studio,205000,193000,17100,0.0,0.7,4.96,4.24,85.9,14.1,20.1,221,1197,2.6,1290,67.2,316000,4.73,0.23,4150000,20.1,240
RENT000635,2019-12-01,2019,12,Q4,Dubai,Dubai,Creek Harbour,Apartment,1BR,94000,95000,7800,0.0,2.1,5.2,4.46,84.0,16.0,23.7,235,1047,3.2,390,83.0,118000,4.83,0.37,1800000,19.2,358
RENT000636,2019-12-01,2019,12,Q4,Dubai,Dubai,Creek Harbour,Villa,3BR,307000,305000,25600,0.0,-2.1,4.41,3.75,80.6,19.4,19.2,150,1004,7.8,1280,67.7,316000,4.61,-0.2,6950000,22.7,438
RENT000637,2019-12-01,2019,12,Q4,Dubai,Dubai,DAMAC Hills,Apartment,Studio,83000,80000,6900,0.0,-0.2,6.19,5.69,73.4,26.6,18.7,158,671,4.0,520,57.8,110000,5.83,0.36,1350000,16.2,111
RENT000638,2019-12-01,2019,12,Q4,Dubai,Dubai,DAMAC Hills,Villa,1BR,245000,253000,20400,0.0,-0.0,5.78,5.01,84.4,15.6,15.9,147,346,6.0,1150,84.1,353000,5.38,0.4,4250000,17.3,113
RENT000617,2019-12-01,2019,12,Q4,Dubai,Dubai,Downtown Dubai,Apartment,1BR,118000,117000,9800,0.0,-1.4,5.7,5.06,83.8,16.2,18.6,72,857,11.1,850,86.6,269000,5.97,-0.27,2050000,17.6,558
RENT000618,2019-12-01,2019,12,Q4,Dubai,Dubai,Downtown Dubai,Villa,5BR+,209000,200000,17400,0.0,0.8,5.81,4.88,88.8,11.2,21.9,205,893,6.6,1170,87.6,374000,5.58,0.23,3600000,17.2,91
RENT000623,2019-12-01,2019,12,Q4,Dubai,Dubai,Dubai Hills Estate,Apartment,2BR,119000,119000,9900,0.0,2.7,4.43,3.7,86.0,14.0,16.9,58,52,1.7,670,82.2,201000,4.18,0.25,2700000,22.6,194
RENT000624,2019-12-01,2019,12,Q4,Dubai,Dubai,Dubai Hills Estate,Villa,2BR,308000,299000,25700,0.0,-0.7,4.0,3.0,79.9,20.1,10.9,219,878,2.0,1360,85.5,424000,4.29,-0.29,7700000,25.0,179
RENT000619,2019-12-01,2019,12,Q4,Dubai,Dubai,Dubai Marina,Apartment,4BR,94000,88000,7800,0.0,-1.6,4.12,3.43,88.9,11.1,12.7,173,464,17.8,420,74.2,114000,4.3,-0.18,2300000,24.3,571
RENT000620,2019-12-01,2019,12,Q4,Dubai,Dubai,Dubai Marina,Villa,2BR,236000,235000,19700,0.0,0.4,6.17,5.64,87.0,13.0,16.8,212,110,19.4,1570,74.3,426000,6.49,-0.32,3800000,16.2,187
RENT000639,2019-12-01,2019,12,Q4,Dubai,Dubai,Dubai South,Apartment,2BR,62000,58000,5200,0.0,-0.9,5.5,4.72,77.5,22.5,21.4,232,878,7.7,330,59.0,71000,5.46,0.04,1150000,18.2,582
RENT000640,2019-12-01,2019,12,Q4,Dubai,Dubai,Dubai South,Villa,Studio,118000,120000,9800,0.0,2.6,5.92,5.13,75.9,24.1,16.4,55,874,1.6,500,85.7,156000,5.67,0.25,2000000,16.9,213
RENT000633,2019-12-01,2019,12,Q4,Dubai,Dubai,JBR,Apartment,2BR,106000,101000,8800,0.0,-0.1,5.22,4.62,82.9,17.1,23.1,213,949,14.6,680,62.1,154000,5.41,-0.19,2050000,19.2,116
RENT000634,2019-12-01,2019,12,Q4,Dubai,Dubai,JBR,Villa,Studio,309000,299000,25800,0.0,1.3,5.0,3.83,84.8,15.2,19.2,246,662,13.9,1280,58.2,272000,5.14,-0.14,6150000,20.0,186
RENT000627,2019-12-01,2019,12,Q4,Dubai,Dubai,JVC,Apartment,3BR,64000,60000,5300,0.0,0.7,4.84,3.72,88.1,11.9,20.7,234,212,7.8,280,78.1,80000,4.34,0.5,1300000,20.7,270
RENT000628,2019-12-01,2019,12,Q4,Dubai,Dubai,JVC,Villa,1BR,208000,209000,17300,0.0,3.3,6.03,5.25,79.3,20.7,12.6,126,1082,4.7,1180,70.1,302000,5.75,0.28,3450000,16.6,483
RENT000653,2019-12-01,2019,12,Q4,Abu Dhabi,Abu Dhabi,Khalifa City,Apartment,4BR,66000,68000,5500,0.0,-2.3,4.83,4.12,80.0,20.0,14.8,128,1131,2.3,300,67.5,74000,4.35,0.48,1350000,20.7,316
RENT000654,2019-12-01,2019,12,Q4,Abu Dhabi,Abu Dhabi,Khalifa City,Villa,3BR,162000,167000,13500,0.0,0.2,4.61,4.06,74.6,25.4,20.2,146,306,2.5,880,78.4,252000,4.28,0.33,3500000,21.7,177
RENT000629,2019-12-01,2019,12,Q4,Dubai,Dubai,MBR City,Apartment,3BR,144000,145000,12000,0.0,0.4,4.1,2.95,89.9,10.1,19.0,191,926,5.1,780,78.4,223000,4.42,-0.32,3500000,24.4,218
RENT000630,2019-12-01,2019,12,Q4,Dubai,Dubai,MBR City,Villa,2BR,427000,440000,35600,0.0,1.8,5.61,4.88,79.2,20.8,23.8,13,107,2.1,1730,72.9,460000,6.06,-0.45,7600000,17.8,509
RENT000659,2019-12-01,2019,12,Q4,Abu Dhabi,Abu Dhabi,Masdar City,Apartment,3BR,56000,52000,4700,0.0,-1.5,5.0,4.46,77.5,22.5,19.4,244,1040,5.4,250,68.9,63000,5.03,-0.03,1100000,20.0,51
RENT000660,2019-12-01,2019,12,Q4,Abu Dhabi,Abu Dhabi,Masdar City,Villa,3BR,170000,171000,14200,0.0,-2.0,4.64,3.7,82.7,17.3,17.1,187,932,5.2,1070,78.0,305000,4.93,-0.29,3650000,21.6,331
RENT000641,2019-12-01,2019,12,Q4,Dubai,Dubai,Meydan,Apartment,Studio,91000,84000,7600,0.0,1.4,4.53,3.93,72.4,27.6,14.5,225,1095,6.1,410,87.0,130000,4.84,-0.31,2000000,22.1,577
RENT000642,2019-12-01,2019,12,Q4,Dubai,Dubai,Meydan,Villa,2BR,156000,144000,13000,0.0,0.3,5.12,4.11,79.2,20.8,20.1,19,624,7.0,1010,85.9,317000,4.65,0.47,3050000,19.5,417
RENT000665,2019-12-01,2019,12,Q4,Sharjah,Sharjah,Muwaileh,Apartment,1BR,37000,37000,3100,0.0,-0.2,4.02,2.9,85.2,14.8,22.9,64,781,1.3,210,75.8,58000,3.89,0.13,900000,24.9,191
RENT000666,2019-12-01,2019,12,Q4,Sharjah,Sharjah,Muwaileh,Villa,Studio,89000,93000,7400,0.0,-1.0,4.2,3.34,70.7,29.3,12.0,107,246,2.8,540,67.8,134000,4.01,0.19,2100000,23.8,125
RENT000621,2019-12-01,2019,12,Q4,Dubai,Dubai,Palm Jumeirah,Apartment,1BR,195000,196000,16200,0.0,0.9,5.74,4.62,76.8,23.2,15.3,152,1079,18.3,1020,63.3,236000,5.56,0.18,3400000,17.4,486
RENT000622,2019-12-01,2019,12,Q4,Dubai,Dubai,Palm Jumeirah,Villa,3BR,587000,542000,48900,0.0,3.3,5.05,3.92,87.7,12.3,12.6,138,1117,15.8,2500,59.4,542000,4.68,0.37,11650000,19.8,265
RENT000647,2019-12-01,2019,12,Q4,Abu Dhabi,Abu Dhabi,Saadiyat Island,Apartment,3BR,149000,149000,12400,0.0,-2.4,5.05,4.05,75.3,24.7,16.0,215,800,12.9,1100,67.7,272000,4.85,0.2,2950000,19.8,304
RENT000648,2019-12-01,2019,12,Q4,Abu Dhabi,Abu Dhabi,Saadiyat Island,Villa,3BR,294000,306000,24500,0.0,0.7,3.94,3.39,76.2,23.8,10.9,44,421,17.3,1460,84.1,448000,3.81,0.13,7450000,25.4,122
RENT000643,2019-12-01,2019,12,Q4,Dubai,Dubai,Sports City,Apartment,Studio,52000,53000,4300,0.0,2.3,3.99,3.26,75.6,24.4,12.2,54,1177,2.7,230,68.8,58000,4.0,-0.01,1300000,25.0,457
RENT000644,2019-12-01,2019,12,Q4,Dubai,Dubai,Sports City,Villa,4BR,145000,149000,12100,0.0,2.7,3.97,3.41,85.9,14.1,11.7,95,794,1.8,1050,68.3,262000,3.54,0.43,3650000,25.2,232
RENT000649,2019-12-01,2019,12,Q4,Abu Dhabi,Abu Dhabi,Yas Island,Apartment,1BR,87000,82000,7200,0.0,-0.7,4.22,3.06,70.4,29.6,21.7,242,643,14.4,620,72.6,164000,4.17,0.05,2050000,23.7,95
RENT000650,2019-12-01,2019,12,Q4,Abu Dhabi,Abu Dhabi,Yas Island,Villa,1BR,236000,245000,19700,0.0,-0.2,4.65,3.72,88.5,11.5,22.9,155,611,10.0,1670,67.8,413000,4.3,0.35,5050000,21.5,332
RENT000687,2020-01-01,2020,1,Q1,Dubai,Dubai,Al Furjan,Apartment,2BR,67000,65000,5600,-8.0,1.0,5.42,4.69,75.6,24.4,11.1,109,962,2.0,300,79.5,87000,5.92,-0.5,1250000,18.4,569
RENT000688,2020-01-01,2020,1,Q1,Dubai,Dubai,Al Furjan,Villa,2BR,235000,246000,19600,-8.0,1.0,5.14,4.59,70.5,29.5,15.4,37,404,5.0,1460,81.2,433000,4.94,0.2,4550000,19.5,306
RENT000727,2020-01-01,2020,1,Q1,Ras Al Khaimah,Ras Al Khaimah,Al Hamra Village,Apartment,1BR,59000,57000,4900,-8.0,2.1,4.37,3.48,74.4,25.6,22.5,48,753,2.0,380,64.0,89000,4.38,-0.01,1350000,22.9,81
RENT000728,2020-01-01,2020,1,Q1,Ras Al Khaimah,Ras Al Khaimah,Al Hamra Village,Villa,4BR,160000,148000,13300,-8.0,2.3,5.71,4.83,83.4,16.6,10.3,56,802,6.9,840,55.7,171000,5.47,0.24,2800000,17.5,28
RENT000723,2020-01-01,2020,1,Q1,Sharjah,Sharjah,Al Khan,Apartment,5BR+,44000,44000,3700,-8.0,3.1,4.16,3.64,77.5,22.5,19.5,244,986,4.7,250,85.4,78000,3.8,0.36,1050000,24.0,118
RENT000724,2020-01-01,2020,1,Q1,Sharjah,Sharjah,Al Khan,Villa,2BR,130000,134000,10800,-8.0,-2.2,4.42,3.46,81.5,18.5,10.9,105,1087,7.2,540,82.9,163000,4.52,-0.1,2950000,22.6,198
RENT000717,2020-01-01,2020,1,Q1,Sharjah,Sharjah,Al Majaz,Apartment,Studio,42000,41000,3500,-8.0,0.7,4.39,3.82,80.7,19.3,20.8,41,179,6.1,200,83.2,61000,3.9,0.49,950000,22.8,62
RENT000718,2020-01-01,2020,1,Q1,Sharjah,Sharjah,Al Majaz,Villa,3BR,104000,98000,8700,-8.0,0.2,4.07,3.28,88.3,11.7,13.0,131,1197,1.8,580,87.2,185000,3.71,0.36,2550000,24.6,179
RENT000719,2020-01-01,2020,1,Q1,Sharjah,Sharjah,Al Nahda,Apartment,Studio,38000,40000,3200,-8.0,-1.9,4.96,3.95,85.3,14.7,23.6,238,1009,2.1,260,60.9,58000,4.76,0.2,750000,20.1,224
RENT000720,2020-01-01,2020,1,Q1,Sharjah,Sharjah,Al Nahda,Villa,2BR,107000,100000,8900,-8.0,-1.6,5.9,5.29,71.2,28.8,21.8,140,992,4.5,480,83.9,147000,5.44,0.46,1800000,16.9,77
RENT000707,2020-01-01,2020,1,Q1,Abu Dhabi,Abu Dhabi,Al Raha Beach,Apartment,Studio,85000,89000,7100,-8.0,-2.3,4.36,3.72,75.2,24.8,17.6,167,1089,1.2,480,79.6,139000,3.9,0.46,1950000,22.9,95
RENT000708,2020-01-01,2020,1,Q1,Abu Dhabi,Abu Dhabi,Al Raha Beach,Villa,1BR,213000,203000,17800,-8.0,-0.5,3.93,3.03,78.3,21.7,11.0,21,974,1.8,840,83.7,257000,3.95,-0.02,5400000,25.5,183
RENT000713,2020-01-01,2020,1,Q1,Abu Dhabi,Abu Dhabi,Al Reef,Apartment,1BR,58000,60000,4800,-8.0,3.3,4.45,3.71,79.1,20.9,19.9,122,261,3.0,320,82.0,96000,4.87,-0.42,1300000,22.5,84
RENT000714,2020-01-01,2020,1,Q1,Abu Dhabi,Abu Dhabi,Al Reef,Villa,5BR+,192000,195000,16000,-8.0,-0.6,4.07,3.05,89.8,10.2,15.4,174,320,2.0,1140,76.6,319000,4.26,-0.19,4700000,24.6,156
RENT000701,2020-01-01,2020,1,Q1,Abu Dhabi,Abu Dhabi,Al Reem Island,Apartment,5BR+,69000,71000,5800,-8.0,-1.4,3.88,3.19,82.1,17.9,22.3,93,65,4.1,370,76.1,103000,3.42,0.46,1800000,25.8,269
RENT000702,2020-01-01,2020,1,Q1,Abu Dhabi,Abu Dhabi,Al Reem Island,Villa,Studio,175000,162000,14600,-8.0,-0.7,3.85,2.93,84.4,15.6,18.1,28,1093,6.8,890,83.2,270000,4.22,-0.37,4550000,26.0,340
RENT000725,2020-01-01,2020,1,Q1,Sharjah,Sharjah,Al Taawun,Apartment,1BR,35000,35000,2900,-8.0,0.2,4.72,4.14,83.5,16.5,21.7,240,971,6.6,220,76.9,62000,4.58,0.14,750000,21.2,238
RENT000726,2020-01-01,2020,1,Q1,Sharjah,Sharjah,Al Taawun,Villa,1BR,83000,85000,6900,-8.0,2.2,5.33,4.58,89.4,10.6,10.9,38,535,2.9,340,87.7,109000,5.71,-0.38,1550000,18.8,48
RENT000681,2020-01-01,2020,1,Q1,Dubai,Dubai,Business Bay,Apartment,3BR,84000,83000,7000,-8.0,-1.3,5.57,4.51,81.6,18.4,20.9,110,644,6.8,370,68.6,93000,6.03,-0.46,1500000,18.0,245
RENT000682,2020-01-01,2020,1,Q1,Dubai,Dubai,Business Bay,Villa,2BR,213000,208000,17800,-8.0,-0.3,6.05,5.03,82.4,17.6,15.0,19,647,5.2,1100,74.8,300000,5.95,0.1,3500000,16.5,322
RENT000711,2020-01-01,2020,1,Q1,Abu Dhabi,Abu Dhabi,Corniche,Apartment,5BR+,106000,98000,8800,-8.0,-2.4,5.61,4.57,71.8,28.2,22.4,164,271,4.0,660,67.7,163000,6.01,-0.4,1900000,17.8,276
RENT000712,2020-01-01,2020,1,Q1,Abu Dhabi,Abu Dhabi,Corniche,Villa,2BR,315000,327000,26200,-8.0,1.9,4.77,3.92,78.1,21.9,18.9,133,800,5.7,1990,69.7,506000,4.69,0.08,6600000,20.9,135
RENT000691,2020-01-01,2020,1,Q1,Dubai,Dubai,Creek Harbour,Apartment,1BR,95000,90000,7900,-8.0,-2.1,5.13,4.01,77.0,23.0,15.6,136,477,6.9,410,57.3,86000,5.37,-0.24,1850000,19.5,434
RENT000692,2020-01-01,2020,1,Q1,Dubai,Dubai,Creek Harbour,Villa,2BR,297000,305000,24800,-8.0,-0.0,4.63,3.81,70.7,29.3,12.7,221,823,5.3,1200,84.8,371000,4.29,0.34,6400000,21.6,399
RENT000693,2020-01-01,2020,1,Q1,Dubai,Dubai,DAMAC Hills,Apartment,1BR,75000,71000,6200,-8.0,-2.4,5.27,4.2,87.7,12.3,12.1,98,889,3.2,350,79.6,102000,4.88,0.39,1400000,19.0,372
RENT000694,2020-01-01,2020,1,Q1,Dubai,Dubai,DAMAC Hills,Villa,5BR+,275000,266000,22900,-8.0,-1.1,5.7,4.93,74.4,25.6,15.8,116,274,4.7,1100,64.5,259000,5.62,0.08,4850000,17.5,536
RENT000673,2020-01-01,2020,1,Q1,Dubai,Dubai,Downtown Dubai,Apartment,2BR,119000,125000,9900,-8.0,-0.1,3.97,2.89,78.5,21.5,19.0,179,406,17.4,440,68.6,110000,3.66,0.31,3000000,25.2,187
RENT000674,2020-01-01,2020,1,Q1,Dubai,Dubai,Downtown Dubai,Villa,3BR,263000,250000,21900,-8.0,2.3,4.54,3.84,73.4,26.6,23.4,230,421,14.9,1260,79.1,364000,4.29,0.25,5800000,22.0,92
RENT000679,2020-01-01,2020,1,Q1,Dubai,Dubai,Dubai Hills Estate,Apartment,5BR+,115000,107000,9600,-8.0,2.8,5.56,4.76,72.4,27.6,21.4,176,1066,3.5,600,76.1,167000,5.79,-0.23,2050000,18.0,485
RENT000680,2020-01-01,2020,1,Q1,Dubai,Dubai,Dubai Hills Estate,Villa,2BR,415000,388000,34600,-8.0,0.1,3.88,3.23,87.2,12.8,17.1,20,1046,6.4,1920,79.9,560000,3.77,0.11,10700000,25.7,80
RENT000675,2020-01-01,2020,1,Q1,Dubai,Dubai,Dubai Marina,Apartment,2BR,91000,90000,7600,-8.0,3.2,4.65,3.65,82.1,17.9,11.4,206,712,11.2,670,84.5,207000,4.39,0.26,1950000,21.5,484
RENT000676,2020-01-01,2020,1,Q1,Dubai,Dubai,Dubai Marina,Villa,2BR,246000,235000,20500,-8.0,3.1,4.48,3.82,71.0,29.0,22.7,33,1160,12.9,1250,74.8,341000,4.33,0.15,5500000,22.3,111
RENT000695,2020-01-01,2020,1,Q1,Dubai,Dubai,Dubai South,Apartment,1BR,58000,57000,4800,-8.0,0.5,4.02,2.87,71.6,28.4,23.1,239,934,6.5,260,65.0,62000,4.47,-0.45,1450000,24.9,388
RENT000696,2020-01-01,2020,1,Q1,Dubai,Dubai,Dubai South,Villa,3BR,151000,139000,12600,-8.0,-1.6,5.55,4.55,86.3,13.7,11.2,110,716,1.8,560,80.5,165000,5.3,0.25,2700000,18.0,271
RENT000689,2020-01-01,2020,1,Q1,Dubai,Dubai,JBR,Apartment,2BR,101000,94000,8400,-8.0,1.4,4.71,3.7,75.7,24.3,23.1,96,199,10.3,450,68.7,113000,5.11,-0.4,2150000,21.2,537
RENT000690,2020-01-01,2020,1,Q1,Dubai,Dubai,JBR,Villa,1BR,198000,193000,16500,-8.0,3.3,5.19,4.6,83.4,16.6,10.3,22,857,9.5,1100,82.8,332000,5.13,0.06,3800000,19.3,90
RENT000683,2020-01-01,2020,1,Q1,Dubai,Dubai,JVC,Apartment,2BR,61000,57000,5100,-8.0,2.0,6.01,5.24,78.4,21.6,16.0,209,744,3.4,360,61.7,81000,5.83,0.18,1000000,16.6,118
RENT000684,2020-01-01,2020,1,Q1,Dubai,Dubai,JVC,Villa,4BR,154000,159000,12800,-8.0,-2.3,4.63,3.72,88.6,11.4,15.1,110,587,3.7,790,58.1,168000,4.54,0.09,3300000,21.6,165
RENT000709,2020-01-01,2020,1,Q1,Abu Dhabi,Abu Dhabi,Khalifa City,Apartment,4BR,66000,64000,5500,-8.0,0.1,5.19,4.15,84.8,15.2,14.0,218,379,3.6,250,57.4,52000,4.9,0.29,1250000,19.3,267
RENT000710,2020-01-01,2020,1,Q1,Abu Dhabi,Abu Dhabi,Khalifa City,Villa,1BR,147000,136000,12200,-8.0,1.8,4.72,4.12,82.2,17.8,13.7,21,1064,7.4,1040,79.1,300000,4.39,0.33,3100000,21.2,296
RENT000685,2020-01-01,2020,1,Q1,Dubai,Dubai,MBR City,Apartment,1BR,125000,124000,10400,-8.0,2.9,4.77,4.12,74.7,25.3,11.7,102,922,1.0,700,66.4,170000,5.12,-0.35,2600000,21.0,557
RENT000686,2020-01-01,2020,1,Q1,Dubai,Dubai,MBR City,Villa,2BR,406000,419000,33800,-8.0,-1.6,5.8,5.03,74.3,25.7,18.7,27,549,1.4,2210,64.1,517000,5.45,0.35,7000000,17.2,356
RENT000715,2020-01-01,2020,1,Q1,Abu Dhabi,Abu Dhabi,Masdar City,Apartment,2BR,57000,55000,4800,-8.0,0.5,3.87,2.88,78.8,21.2,22.1,250,246,1.6,390,62.2,89000,3.51,0.36,1450000,25.8,172
RENT000716,2020-01-01,2020,1,Q1,Abu Dhabi,Abu Dhabi,Masdar City,Villa,Studio,145000,152000,12100,-8.0,2.8,3.95,3.07,76.2,23.8,11.3,180,943,1.4,850,63.9,198000,3.76,0.19,3650000,25.3,339
RENT000697,2020-01-01,2020,1,Q1,Dubai,Dubai,Meydan,Apartment,2BR,91000,85000,7600,-8.0,-1.4,4.03,2.99,78.9,21.1,21.4,144,58,7.5,480,55.1,97000,3.91,0.12,2250000,24.8,425
RENT000698,2020-01-01,2020,1,Q1,Dubai,Dubai,Meydan,Villa,2BR,269000,266000,22400,-8.0,3.0,4.71,4.12,70.0,30.0,20.7,90,493,5.8,1970,59.4,427000,4.42,0.29,5700000,21.2,537
RENT000721,2020-01-01,2020,1,Q1,Sharjah,Sharjah,Muwaileh,Apartment,1BR,37000,36000,3100,-8.0,-1.8,5.95,5.16,78.3,21.7,11.1,56,1076,6.7,210,63.7,49000,6.14,-0.19,600000,16.8,42
RENT000722,2020-01-01,2020,1,Q1,Sharjah,Sharjah,Muwaileh,Villa,5BR+,98000,94000,8200,-8.0,1.7,4.91,4.37,70.7,29.3,20.1,15,765,7.2,640,62.1,145000,4.43,0.48,2000000,20.4,181
RENT000677,2020-01-01,2020,1,Q1,Dubai,Dubai,Palm Jumeirah,Apartment,2BR,177000,176000,14800,-8.0,0.7,4.16,3.4,83.0,17.0,16.1,183,664,16.0,1030,62.0,233000,4.0,0.16,4250000,24.0,505
RENT000678,2020-01-01,2020,1,Q1,Dubai,Dubai,Palm Jumeirah,Villa,1BR,623000,627000,51900,-8.0,2.8,3.86,2.88,77.2,22.8,10.6,221,336,10.4,3270,83.9,1001000,3.41,0.45,16150000,25.9,510
RENT000703,2020-01-01,2020,1,Q1,Abu Dhabi,Abu Dhabi,Saadiyat Island,Apartment,2BR,158000,148000,13200,-8.0,2.3,4.67,3.63,82.9,17.1,11.8,94,719,19.9,920,86.8,291000,5.14,-0.47,3400000,21.4,247
RENT000704,2020-01-01,2020,1,Q1,Abu Dhabi,Abu Dhabi,Saadiyat Island,Villa,2BR,457000,439000,38100,-8.0,-2.2,4.09,3.42,70.5,29.5,23.4,219,804,6.1,3020,68.6,756000,3.82,0.27,11200000,24.5,147
RENT000699,2020-01-01,2020,1,Q1,Dubai,Dubai,Sports City,Apartment,4BR,53000,55000,4400,-8.0,0.1,6.25,5.22,76.4,23.6,23.8,89,173,7.2,210,64.3,49000,6.51,-0.26,850000,16.0,384
RENT000700,2020-01-01,2020,1,Q1,Dubai,Dubai,Sports City,Villa,Studio,111000,107000,9200,-8.0,2.3,4.86,4.28,74.8,25.2,23.5,214,697,6.6,490,72.8,130000,5.01,-0.15,2300000,20.6,90
RENT000705,2020-01-01,2020,1,Q1,Abu Dhabi,Abu Dhabi,Yas Island,Apartment,5BR+,86000,89000,7200,-8.0,-1.3,5.14,4.53,73.1,26.9,16.9,114,139,9.8,420,75.5,116000,5.59,-0.45,1650000,19.5,206
RENT000706,2020-01-01,2020,1,Q1,Abu Dhabi,Abu Dhabi,Yas Island,Villa,1BR,144000,133000,12000,-8.0,-1.0,4.8,3.8,73.6,26.4,17.1,17,482,8.1,1000,82.6,301000,5.22,-0.42,3000000,20.8,160
RENT000743,2020-02-01,2020,2,Q1,Dubai,Dubai,Al Furjan,Apartment,3BR,74000,73000,6200,-8.0,0.2,4.41,3.49,83.7,16.3,21.9,194,728,1.4,470,67.2,115000,3.93,0.48,1700000,22.7,518
RENT000744,2020-02-01,2020,2,Q1,Dubai,Dubai,Al Furjan,Villa,1BR,212000,195000,17700,-8.0,-0.7,4.2,3.43,85.4,14.6,18.7,148,94,2.7,1060,61.4,238000,4.57,-0.37,5050000,23.8,112
RENT000783,2020-02-01,2020,2,Q1,Ras Al Khaimah,Ras Al Khaimah,Al Hamra Village,Apartment,1BR,55000,54000,4600,-8.0,0.8,3.95,3.28,76.0,24.0,22.1,109,535,1.9,320,62.0,72000,4.16,-0.21,1400000,25.3,116
RENT000784,2020-02-01,2020,2,Q1,Ras Al Khaimah,Ras Al Khaimah,Al Hamra Village,Villa,3BR,110000,114000,9200,-8.0,-1.8,4.26,3.75,89.3,10.7,12.8,140,362,5.6,650,55.9,133000,4.23,0.03,2600000,23.5,78
RENT000779,2020-02-01,2020,2,Q1,Sharjah,Sharjah,Al Khan,Apartment,1BR,42000,40000,3500,-8.0,-0.7,4.85,4.14,82.0,18.0,10.0,242,236,5.3,250,59.5,54000,5.13,-0.28,850000,20.6,239
RENT000780,2020-02-01,2020,2,Q1,Sharjah,Sharjah,Al Khan,Villa,5BR+,114000,117000,9500,-8.0,-2.3,4.76,4.14,78.1,21.9,21.4,209,315,7.5,460,81.7,137000,4.66,0.1,2400000,21.0,218
RENT000773,2020-02-01,2020,2,Q1,Sharjah,Sharjah,Al Majaz,Apartment,5BR+,47000,49000,3900,-8.0,3.4,5.03,4.03,82.3,17.7,10.7,141,170,5.3,260,76.3,72000,5.32,-0.29,950000,19.9,72
RENT000774,2020-02-01,2020,2,Q1,Sharjah,Sharjah,Al Majaz,Villa,1BR,130000,120000,10800,-8.0,0.1,6.23,5.57,88.3,11.7,18.6,147,425,1.5,810,55.2,163000,6.7,-0.47,2100000,16.0,109
RENT000775,2020-02-01,2020,2,Q1,Sharjah,Sharjah,Al Nahda,Apartment,4BR,41000,39000,3400,-8.0,2.9,3.96,3.2,82.3,17.7,18.5,40,144,2.8,150,86.0,47000,4.21,-0.25,1050000,25.3,65
RENT000776,2020-02-01,2020,2,Q1,Sharjah,Sharjah,Al Nahda,Villa,3BR,118000,110000,9800,-8.0,1.1,5.79,5.15,76.2,23.8,13.3,50,895,6.4,810,80.8,239000,5.39,0.4,2050000,17.3,150
RENT000763,2020-02-01,2020,2,Q1,Abu Dhabi,Abu Dhabi,Al Raha Beach,Apartment,2BR,98000,91000,8200,-8.0,1.9,4.39,3.79,71.6,28.4,21.4,221,251,7.4,660,70.9,171000,4.2,0.19,2250000,22.8,93
RENT000764,2020-02-01,2020,2,Q1,Abu Dhabi,Abu Dhabi,Al Raha Beach,Villa,2BR,234000,237000,19500,-8.0,2.7,4.66,3.61,81.6,18.4,17.0,125,67,6.2,1330,65.4,317000,4.37,0.29,5000000,21.5,279
RENT000769,2020-02-01,2020,2,Q1,Abu Dhabi,Abu Dhabi,Al Reef,Apartment,1BR,61000,56000,5100,-8.0,1.2,5.38,4.29,85.5,14.5,21.1,52,521,4.9,270,83.5,82000,5.4,-0.02,1150000,18.6,206
RENT000770,2020-02-01,2020,2,Q1,Abu Dhabi,Abu Dhabi,Al Reef,Villa,2BR,197000,188000,16400,-8.0,3.2,4.08,2.94,71.9,28.1,20.0,161,317,7.6,780,86.4,246000,4.41,-0.33,4850000,24.5,172
RENT000757,2020-02-01,2020,2,Q1,Abu Dhabi,Abu Dhabi,Al Reem Island,Apartment,Studio,69000,71000,5800,-8.0,-2.3,4.0,2.91,74.5,25.5,12.8,102,503,2.7,450,81.5,134000,3.95,0.05,1700000,25.0,59
RENT000758,2020-02-01,2020,2,Q1,Abu Dhabi,Abu Dhabi,Al Reem Island,Villa,4BR,144000,145000,12000,-8.0,-0.1,3.92,3.14,74.9,25.1,12.6,190,735,2.2,910,73.3,243000,3.92,0.0,3700000,25.5,254
RENT000781,2020-02-01,2020,2,Q1,Sharjah,Sharjah,Al Taawun,Apartment,2BR,41000,41000,3400,-8.0,1.2,4.57,3.94,87.3,12.7,16.1,16,981,3.7,190,82.1,57000,4.93,-0.36,900000,21.9,229
RENT000782,2020-02-01,2020,2,Q1,Sharjah,Sharjah,Al Taawun,Villa,1BR,107000,107000,8900,-8.0,-0.9,4.8,4.29,73.1,26.9,15.0,159,247,3.8,600,77.2,169000,5.15,-0.35,2250000,20.9,45
RENT000737,2020-02-01,2020,2,Q1,Dubai,Dubai,Business Bay,Apartment,1BR,84000,86000,7000,-8.0,-0.7,5.05,4.11,80.6,19.4,17.7,191,1055,1.5,460,67.2,113000,5.2,-0.15,1650000,19.8,386
RENT000738,2020-02-01,2020,2,Q1,Dubai,Dubai,Business Bay,Villa,5BR+,247000,251000,20600,-8.0,3.3,4.67,3.89,83.2,16.8,22.1,239,1076,1.1,1400,61.9,316000,4.22,0.45,5300000,21.4,155
RENT000767,2020-02-01,2020,2,Q1,Abu Dhabi,Abu Dhabi,Corniche,Apartment,2BR,106000,109000,8800,-8.0,-2.4,6.15,5.33,78.0,22.0,23.3,117,1099,1.6,610,85.9,191000,6.58,-0.43,1700000,16.3,69
RENT000768,2020-02-01,2020,2,Q1,Abu Dhabi,Abu Dhabi,Corniche,Villa,2BR,206000,196000,17200,-8.0,-2.3,5.98,5.42,89.0,11.0,20.0,197,271,3.9,1260,70.4,324000,5.8,0.18,3450000,16.7,242
RENT000747,2020-02-01,2020,2,Q1,Dubai,Dubai,Creek Harbour,Apartment,1BR,97000,101000,8100,-8.0,2.2,4.39,3.84,81.7,18.3,12.0,166,155,1.3,600,75.6,166000,4.18,0.21,2200000,22.8,138
RENT000748,2020-02-01,2020,2,Q1,Dubai,Dubai,Creek Harbour,Villa,3BR,271000,263000,22600,-8.0,0.3,4.29,3.7,80.9,19.1,17.2,142,921,2.1,1830,56.4,377000,4.39,-0.1,6300000,23.3,325
RENT000749,2020-02-01,2020,2,Q1,Dubai,Dubai,DAMAC Hills,Apartment,4BR,81000,83000,6800,-8.0,2.9,5.55,4.54,74.4,25.6,22.9,224,281,5.0,510,59.6,111000,5.88,-0.33,1450000,18.0,503
RENT000750,2020-02-01,2020,2,Q1,Dubai,Dubai,DAMAC Hills,Villa,2BR,152000,140000,12700,-8.0,-0.9,4.7,4.07,89.0,11.0,12.0,75,955,7.8,550,73.5,148000,4.77,-0.07,3250000,21.3,199
RENT000729,2020-02-01,2020,2,Q1,Dubai,Dubai,Downtown Dubai,Apartment,2BR,121000,126000,10100,-8.0,2.1,5.67,4.59,77.2,22.8,21.7,44,98,9.9,770,70.9,199000,5.29,0.38,2150000,17.6,452
RENT000730,2020-02-01,2020,2,Q1,Dubai,Dubai,Downtown Dubai,Villa,3BR,226000,218000,18800,-8.0,3.2,4.36,3.51,76.3,23.7,11.6,237,1125,12.5,1000,67.2,245000,4.03,0.33,5200000,22.9,295
RENT000735,2020-02-01,2020,2,Q1,Dubai,Dubai,Dubai Hills Estate,Apartment,Studio,116000,122000,9700,-8.0,0.4,4.24,3.61,75.0,25.0,12.1,195,464,5.3,850,59.6,185000,4.58,-0.34,2750000,23.6,237
RENT000736,2020-02-01,2020,2,Q1,Dubai,Dubai,Dubai Hills Estate,Villa,2BR,274000,259000,22800,-8.0,-0.5,4.55,3.6,78.2,21.8,12.5,65,660,2.8,1270,85.5,396000,4.91,-0.36,6000000,22.0,148
RENT000731,2020-02-01,2020,2,Q1,Dubai,Dubai,Dubai Marina,Apartment,1BR,103000,99000,8600,-8.0,2.4,4.24,3.45,86.8,13.2,11.6,155,891,8.2,500,59.5,109000,3.84,0.4,2450000,23.6,191
RENT000732,2020-02-01,2020,2,Q1,Dubai,Dubai,Dubai Marina,Villa,1BR,182000,174000,15200,-8.0,-0.5,4.03,3.27,70.9,29.1,17.1,153,472,19.9,990,68.8,249000,4.42,-0.39,4500000,24.8,493
RENT000751,2020-02-01,2020,2,Q1,Dubai,Dubai,Dubai South,Apartment,4BR,59000,62000,4900,-8.0,2.7,4.0,3.47,89.1,10.9,17.1,161,358,1.5,320,55.3,65000,3.75,0.25,1450000,25.0,433
RENT000752,2020-02-01,2020,2,Q1,Dubai,Dubai,Dubai South,Villa,1BR,174000,167000,14500,-8.0,2.7,5.14,4.03,80.0,20.0,19.2,89,756,1.6,1260,64.3,296000,5.58,-0.44,3400000,19.5,361
RENT000745,2020-02-01,2020,2,Q1,Dubai,Dubai,JBR,Apartment,2BR,99000,100000,8200,-8.0,1.7,5.75,4.94,85.7,14.3,18.6,175,1094,17.3,450,58.0,95000,5.62,0.13,1700000,17.4,435
RENT000746,2020-02-01,2020,2,Q1,Dubai,Dubai,JBR,Villa,Studio,338000,344000,28200,-8.0,3.5,4.29,3.24,75.8,24.2,11.3,36,365,16.3,2010,77.9,572000,4.19,0.1,7900000,23.3,342
RENT000739,2020-02-01,2020,2,Q1,Dubai,Dubai,JVC,Apartment,1BR,61000,60000,5100,-8.0,-0.5,5.57,4.45,87.9,12.1,21.3,91,751,4.7,330,81.3,98000,5.77,-0.2,1100000,18.0,210
RENT000740,2020-02-01,2020,2,Q1,Dubai,Dubai,JVC,Villa,3BR,127000,125000,10600,-8.0,1.0,4.84,4.15,83.9,16.1,18.5,98,431,3.0,480,64.9,114000,5.2,-0.36,2650000,20.7,532
RENT000765,2020-02-01,2020,2,Q1,Abu Dhabi,Abu Dhabi,Khalifa City,Apartment,2BR,67000,64000,5600,-8.0,2.5,4.73,3.74,81.1,18.9,16.7,123,153,5.2,390,84.2,120000,4.35,0.38,1400000,21.1,78
RENT000766,2020-02-01,2020,2,Q1,Abu Dhabi,Abu Dhabi,Khalifa City,Villa,3BR,171000,160000,14200,-8.0,-1.8,5.97,5.15,85.2,14.8,22.9,64,1190,3.5,1070,82.9,324000,6.21,-0.24,2850000,16.7,228
RENT000741,2020-02-01,2020,2,Q1,Dubai,Dubai,MBR City,Apartment,1BR,133000,133000,11100,-8.0,0.2,4.65,3.82,84.7,15.3,10.9,180,673,7.0,750,75.4,206000,4.94,-0.29,2850000,21.5,464
RENT000742,2020-02-01,2020,2,Q1,Dubai,Dubai,MBR City,Villa,Studio,274000,286000,22800,-8.0,2.5,4.29,3.31,88.0,12.0,18.2,116,430,1.2,1090,59.4,236000,3.88,0.41,6400000,23.3,330
RENT000771,2020-02-01,2020,2,Q1,Abu Dhabi,Abu Dhabi,Masdar City,Apartment,5BR+,51000,53000,4200,-8.0,0.6,4.6,3.59,82.3,17.7,14.5,227,1035,5.6,280,68.5,70000,4.14,0.46,1100000,21.7,122
RENT000772,2020-02-01,2020,2,Q1,Abu Dhabi,Abu Dhabi,Masdar City,Villa,2BR,159000,147000,13200,-8.0,-2.5,5.85,5.11,89.8,10.2,15.6,84,127,2.6,770,65.5,184000,6.34,-0.49,2700000,17.1,275
RENT000753,2020-02-01,2020,2,Q1,Dubai,Dubai,Meydan,Apartment,Studio,90000,83000,7500,-8.0,3.4,6.1,5.5,87.8,12.2,15.5,130,964,1.7,570,82.6,172000,6.01,0.09,1450000,16.4,371
RENT000754,2020-02-01,2020,2,Q1,Dubai,Dubai,Meydan,Villa,5BR+,215000,205000,17900,-8.0,-0.8,4.31,3.31,70.3,29.7,15.9,187,765,7.4,1340,75.8,371000,4.62,-0.31,5000000,23.2,427
RENT000777,2020-02-01,2020,2,Q1,Sharjah,Sharjah,Muwaileh,Apartment,1BR,35000,34000,2900,-8.0,0.2,4.44,3.39,82.1,17.9,20.4,36,684,4.5,150,62.7,34000,4.92,-0.48,800000,22.5,201
RENT000778,2020-02-01,2020,2,Q1,Sharjah,Sharjah,Muwaileh,Villa,3BR,75000,70000,6200,-8.0,-1.7,5.39,4.37,79.6,20.4,12.7,68,262,2.4,280,78.7,80000,5.47,-0.08,1400000,18.5,77
RENT000733,2020-02-01,2020,2,Q1,Dubai,Dubai,Palm Jumeirah,Apartment,4BR,201000,196000,16800,-8.0,1.4,4.58,3.66,87.8,12.2,21.6,92,133,12.6,980,67.9,243000,5.06,-0.48,4400000,21.9,575
RENT000734,2020-02-01,2020,2,Q1,Dubai,Dubai,Palm Jumeirah,Villa,2BR,674000,642000,56200,-8.0,-0.2,4.17,3.04,86.6,13.4,18.6,157,724,6.8,3770,63.2,870000,3.75,0.42,16150000,24.0,163
RENT000759,2020-02-01,2020,2,Q1,Abu Dhabi,Abu Dhabi,Saadiyat Island,Apartment,1BR,150000,156000,12500,-8.0,-1.1,4.04,3.18,86.8,13.2,23.9,230,271,14.2,700,68.6,175000,4.46,-0.42,3700000,24.8,102
RENT000760,2020-02-01,2020,2,Q1,Abu Dhabi,Abu Dhabi,Saadiyat Island,Villa,2BR,299000,301000,24900,-8.0,2.8,5.56,4.92,75.8,24.2,17.1,145,71,14.2,1890,60.7,419000,5.69,-0.13,5400000,18.0,205
RENT000755,2020-02-01,2020,2,Q1,Dubai,Dubai,Sports City,Apartment,2BR,56000,58000,4700,-8.0,-0.3,5.66,4.58,89.8,10.2,21.1,116,1015,2.8,270,63.6,63000,5.25,0.41,1000000,17.7,503
RENT000756,2020-02-01,2020,2,Q1,Dubai,Dubai,Sports City,Villa,3BR,133000,129000,11100,-8.0,0.8,5.62,4.9,71.9,28.1,23.2,94,211,4.5,800,69.4,203000,5.61,0.01,2350000,17.8,509
RENT000761,2020-02-01,2020,2,Q1,Abu Dhabi,Abu Dhabi,Yas Island,Apartment,1BR,93000,95000,7800,-8.0,-2.0,4.43,3.72,72.3,27.7,16.1,38,329,12.2,690,68.8,173000,4.62,-0.19,2100000,22.6,315
RENT000762,2020-02-01,2020,2,Q1,Abu Dhabi,Abu Dhabi,Yas Island,Villa,Studio,248000,242000,20700,-8.0,2.2,4.19,3.01,89.0,11.0,10.4,192,368,17.8,1140,84.5,352000,3.72,0.47,5900000,23.8,172
RENT000799,2020-03-01,2020,3,Q1,Dubai,Dubai,Al Furjan,Apartment,2BR,75000,78000,6200,-8.0,2.8,4.85,3.7,73.1,26.9,18.5,192,693,1.8,290,84.0,89000,4.97,-0.12,1550000,20.6,109
RENT000800,2020-03-01,2020,3,Q1,Dubai,Dubai,Al Furjan,Villa,2BR,152000,145000,12700,-8.0,1.1,4.34,3.43,76.6,23.4,13.8,65,108,3.1,900,58.0,191000,4.03,0.31,3500000,23.0,366
RENT000839,2020-03-01,2020,3,Q1,Ras Al Khaimah,Ras Al Khaimah,Al Hamra Village,Apartment,5BR+,55000,51000,4600,-8.0,-0.1,4.61,3.46,78.8,21.2,12.4,190,802,3.1,290,73.6,78000,4.91,-0.3,1200000,21.7,66
RENT000840,2020-03-01,2020,3,Q1,Ras Al Khaimah,Ras Al Khaimah,Al Hamra Village,Villa,2BR,146000,150000,12200,-8.0,1.5,4.23,3.55,72.6,27.4,21.9,104,1093,4.1,830,71.6,217000,3.86,0.37,3450000,23.6,110
RENT000835,2020-03-01,2020,3,Q1,Sharjah,Sharjah,Al Khan,Apartment,2BR,43000,43000,3600,-8.0,-0.7,4.37,3.42,80.9,19.1,12.4,230,132,7.9,310,75.4,85000,4.37,0.0,1000000,22.9,123
RENT000836,2020-03-01,2020,3,Q1,Sharjah,Sharjah,Al Khan,Villa,Studio,104000,102000,8700,-8.0,-1.6,4.53,3.89,78.5,21.5,20.4,97,900,3.8,750,83.5,229000,4.66,-0.13,2300000,22.1,235
RENT000829,2020-03-01,2020,3,Q1,Sharjah,Sharjah,Al Majaz,Apartment,1BR,46000,46000,3800,-8.0,-1.0,5.27,4.44,76.2,23.8,16.9,121,804,7.5,180,70.0,46000,5.53,-0.26,850000,19.0,66
RENT000830,2020-03-01,2020,3,Q1,Sharjah,Sharjah,Al Majaz,Villa,Studio,125000,121000,10400,-8.0,-0.0,5.31,4.29,86.7,13.3,20.0,81,352,3.9,520,79.6,151000,5.6,-0.29,2350000,18.8,217
RENT000831,2020-03-01,2020,3,Q1,Sharjah,Sharjah,Al Nahda,Apartment,3BR,42000,40000,3500,-8.0,-0.2,3.89,3.09,75.6,24.4,12.4,199,992,3.5,280,64.1,66000,3.41,0.48,1100000,25.7,64
RENT000832,2020-03-01,2020,3,Q1,Sharjah,Sharjah,Al Nahda,Villa,3BR,93000,94000,7800,-8.0,0.4,4.35,3.54,77.6,22.4,14.9,188,984,2.4,460,60.5,102000,4.81,-0.46,2150000,23.0,192
RENT000819,2020-03-01,2020,3,Q1,Abu Dhabi,Abu Dhabi,Al Raha Beach,Apartment,Studio,100000,98000,8300,-8.0,2.7,5.28,4.71,79.9,20.1,12.1,227,248,7.1,690,64.8,163000,5.63,-0.35,1900000,18.9,95
RENT000820,2020-03-01,2020,3,Q1,Abu Dhabi,Abu Dhabi,Al Raha Beach,Villa,2BR,313000,312000,26100,-8.0,-1.7,4.43,3.71,70.7,29.3,22.9,221,787,6.6,1760,78.7,506000,4.83,-0.4,7050000,22.6,89
RENT000825,2020-03-01,2020,3,Q1,Abu Dhabi,Abu Dhabi,Al Reef,Apartment,3BR,67000,70000,5600,-8.0,2.9,4.74,3.75,72.8,27.2,23.3,109,983,1.3,330,61.4,74000,4.25,0.49,1400000,21.1,359
RENT000826,2020-03-01,2020,3,Q1,Abu Dhabi,Abu Dhabi,Al Reef,Villa,3BR,144000,138000,12000,-8.0,1.2,4.54,3.58,79.7,20.3,17.2,245,1123,5.7,540,67.9,134000,4.98,-0.44,3150000,22.0,281
RENT000813,2020-03-01,2020,3,Q1,Abu Dhabi,Abu Dhabi,Al Reem Island,Apartment,Studio,73000,72000,6100,-8.0,0.0,4.77,4.17,75.2,24.8,14.6,145,475,4.5,450,74.8,123000,5.01,-0.24,1550000,21.0,91
RENT000814,2020-03-01,2020,3,Q1,Abu Dhabi,Abu Dhabi,Al Reem Island,Villa,2BR,168000,156000,14000,-8.0,2.8,5.48,4.62,70.8,29.2,19.4,182,974,3.6,1080,62.9,248000,5.02,0.46,3050000,18.2,89
RENT000837,2020-03-01,2020,3,Q1,Sharjah,Sharjah,Al Taawun,Apartment,1BR,41000,39000,3400,-8.0,1.3,4.84,4.27,81.7,18.3,23.3,160,788,7.4,300,82.5,90000,5.13,-0.29,850000,20.7,223
RENT000838,2020-03-01,2020,3,Q1,Sharjah,Sharjah,Al Taawun,Villa,4BR,71000,67000,5900,-8.0,-0.9,4.6,3.58,75.8,24.2,10.9,83,80,3.7,370,83.5,113000,4.82,-0.22,1550000,21.7,128
RENT000793,2020-03-01,2020,3,Q1,Dubai,Dubai,Business Bay,Apartment,1BR,90000,94000,7500,-8.0,-0.5,5.85,5.25,84.9,15.1,14.6,208,557,1.6,570,60.3,125000,6.09,-0.24,1550000,17.1,257
RENT000794,2020-03-01,2020,3,Q1,Dubai,Dubai,Business Bay,Villa,2BR,170000,167000,14200,-8.0,-1.5,5.26,4.36,71.3,28.7,19.9,133,941,4.5,740,60.3,163000,5.01,0.25,3250000,19.0,160
RENT000823,2020-03-01,2020,3,Q1,Abu Dhabi,Abu Dhabi,Corniche,Apartment,Studio,117000,115000,9800,-8.0,1.0,4.2,3.54,77.9,22.1,19.9,220,623,6.0,510,82.9,154000,4.07,0.13,2800000,23.8,222
RENT000824,2020-03-01,2020,3,Q1,Abu Dhabi,Abu Dhabi,Corniche,Villa,4BR,317000,293000,26400,-8.0,-0.4,3.94,2.79,76.1,23.9,21.9,32,431,6.7,1990,72.1,524000,4.36,-0.42,8050000,25.4,110
RENT000803,2020-03-01,2020,3,Q1,Dubai,Dubai,Creek Harbour,Apartment,2BR,104000,98000,8700,-8.0,2.3,5.08,4.45,81.9,18.1,10.8,97,307,2.8,530,61.4,119000,4.93,0.15,2050000,19.7,356
RENT000804,2020-03-01,2020,3,Q1,Dubai,Dubai,Creek Harbour,Villa,3BR,168000,172000,14000,-8.0,-1.6,4.28,3.57,80.2,19.8,20.8,61,1090,2.2,750,66.6,182000,4.51,-0.23,3900000,23.3,203
RENT000805,2020-03-01,2020,3,Q1,Dubai,Dubai,DAMAC Hills,Apartment,Studio,87000,88000,7200,-8.0,0.7,4.0,3.31,76.9,23.1,16.2,36,1159,1.7,460,65.6,110000,3.81,0.19,2200000,25.0,278
RENT000806,2020-03-01,2020,3,Q1,Dubai,Dubai,DAMAC Hills,Villa,1BR,247000,251000,20600,-8.0,1.3,4.65,3.66,87.4,12.6,14.1,65,177,1.6,1500,56.8,311000,4.35,0.3,5300000,21.5,464
RENT000785,2020-03-01,2020,3,Q1,Dubai,Dubai,Downtown Dubai,Apartment,4BR,115000,109000,9600,-8.0,2.6,5.99,4.81,73.3,26.7,19.3,71,1167,6.4,580,77.3,164000,5.66,0.33,1900000,16.7,572
RENT000786,2020-03-01,2020,3,Q1,Dubai,Dubai,Downtown Dubai,Villa,1BR,276000,263000,23000,-8.0,1.8,5.58,4.47,72.2,27.8,17.6,184,585,7.5,1470,86.0,461000,5.25,0.33,4950000,17.9,113
RENT000791,2020-03-01,2020,3,Q1,Dubai,Dubai,Dubai Hills Estate,Apartment,Studio,131000,136000,10900,-8.0,2.2,4.6,3.73,73.8,26.2,13.6,223,851,2.2,970,56.2,199000,4.1,0.5,2850000,21.8,262
RENT000792,2020-03-01,2020,3,Q1,Dubai,Dubai,Dubai Hills Estate,Villa,1BR,412000,429000,34300,-8.0,-1.1,4.63,3.84,79.1,20.9,18.5,18,1098,3.0,1680,85.6,525000,4.91,-0.28,8900000,21.6,398
RENT000787,2020-03-01,2020,3,Q1,Dubai,Dubai,Dubai Marina,Apartment,Studio,100000,94000,8300,-8.0,-1.2,4.55,3.68,88.8,11.2,12.5,222,287,7.7,680,79.7,198000,4.37,0.18,2200000,22.0,184
RENT000788,2020-03-01,2020,3,Q1,Dubai,Dubai,Dubai Marina,Villa,Studio,246000,258000,20500,-8.0,-1.3,4.23,3.37,74.7,25.3,11.0,142,988,12.6,1610,70.8,416000,4.32,-0.09,5800000,23.7,523
RENT000807,2020-03-01,2020,3,Q1,Dubai,Dubai,Dubai South,Apartment,1BR,55000,52000,4600,-8.0,0.2,5.66,5.14,85.2,14.8,10.8,75,839,5.2,330,70.9,85000,5.97,-0.31,950000,17.7,218
RENT000808,2020-03-01,2020,3,Q1,Dubai,Dubai,Dubai South,Villa,Studio,116000,107000,9700,-8.0,-0.4,4.12,3.11,78.6,21.4,19.1,14,537,5.8,840,57.2,175000,4.09,0.03,2800000,24.3,366
RENT000801,2020-03-01,2020,3,Q1,Dubai,Dubai,JBR,Apartment,2BR,102000,96000,8500,-8.0,-0.3,4.58,3.62,74.2,25.8,22.3,238,457,17.3,460,84.8,142000,4.13,0.45,2250000,21.8,94
RENT000802,2020-03-01,2020,3,Q1,Dubai,Dubai,JBR,Villa,2BR,304000,313000,25300,-8.0,1.7,4.09,3.43,78.8,21.2,13.3,250,1176,16.5,1680,87.6,537000,3.67,0.42,7450000,24.4,441
RENT000795,2020-03-01,2020,3,Q1,Dubai,Dubai,JVC,Apartment,3BR,64000,64000,5300,-8.0,-1.4,5.71,4.94,84.7,15.3,22.2,226,442,6.5,260,81.8,78000,5.52,0.19,1100000,17.5,219
RENT000796,2020-03-01,2020,3,Q1,Dubai,Dubai,JVC,Villa,1BR,187000,188000,15600,-8.0,0.3,5.28,4.5,75.2,24.8,13.6,51,869,4.8,1010,78.5,289000,5.36,-0.08,3550000,18.9,503
RENT000821,2020-03-01,2020,3,Q1,Abu Dhabi,Abu Dhabi,Khalifa City,Apartment,4BR,74000,68000,6200,-8.0,3.0,5.61,5.09,87.5,12.5,23.3,146,697,1.0,550,63.4,127000,5.53,0.08,1300000,17.8,213
RENT000822,2020-03-01,2020,3,Q1,Abu Dhabi,Abu Dhabi,Khalifa City,Villa,Studio,164000,156000,13700,-8.0,-0.7,4.16,3.52,86.8,13.2,23.3,87,1105,4.7,910,82.3,273000,4.64,-0.48,3950000,24.0,319
RENT000797,2020-03-01,2020,3,Q1,Dubai,Dubai,MBR City,Apartment,1BR,132000,126000,11000,-8.0,0.0,5.18,4.28,73.9,26.1,19.4,103,81,7.7,940,83.9,288000,5.04,0.14,2550000,19.3,325
RENT000798,2020-03-01,2020,3,Q1,Dubai,Dubai,MBR City,Villa,5BR+,298000,294000,24800,-8.0,-1.8,6.14,5.61,78.0,22.0,19.9,204,762,7.3,1910,60.5,422000,5.65,0.49,4850000,16.3,479
RENT000827,2020-03-01,2020,3,Q1,Abu Dhabi,Abu Dhabi,Masdar City,Apartment,5BR+,53000,55000,4400,-8.0,-0.8,5.94,5.13,83.5,16.5,13.8,181,302,5.5,320,62.5,73000,5.72,0.22,900000,16.8,168
RENT000828,2020-03-01,2020,3,Q1,Abu Dhabi,Abu Dhabi,Masdar City,Villa,Studio,152000,140000,12700,-8.0,-1.9,4.5,3.79,83.0,17.0,21.9,34,482,2.0,1070,68.7,268000,4.97,-0.47,3400000,22.2,305
RENT000809,2020-03-01,2020,3,Q1,Dubai,Dubai,Meydan,Apartment,2BR,95000,100000,7900,-8.0,2.6,4.73,3.93,74.0,26.0,19.0,72,136,2.9,700,70.1,179000,4.66,0.07,2000000,21.1,502
RENT000810,2020-03-01,2020,3,Q1,Dubai,Dubai,Meydan,Villa,Studio,181000,169000,15100,-8.0,2.4,4.7,3.83,79.0,21.0,17.5,200,551,1.4,980,60.3,216000,5.14,-0.44,3850000,21.3,154
RENT000833,2020-03-01,2020,3,Q1,Sharjah,Sharjah,Muwaileh,Apartment,2BR,37000,35000,3100,-8.0,1.9,4.25,3.2,78.9,21.1,18.1,243,1097,1.9,260,82.8,79000,4.42,-0.17,850000,23.5,131
RENT000834,2020-03-01,2020,3,Q1,Sharjah,Sharjah,Muwaileh,Villa,1BR,110000,115000,9200,-8.0,-2.0,3.94,2.77,76.0,24.0,19.5,57,682,7.9,750,83.5,229000,3.67,0.27,2800000,25.4,212
RENT000789,2020-03-01,2020,3,Q1,Dubai,Dubai,Palm Jumeirah,Apartment,2BR,212000,203000,17700,-8.0,1.0,4.1,3.35,71.1,28.9,13.4,189,347,16.1,1130,66.9,276000,4.31,-0.21,5200000,24.4,281
RENT000790,2020-03-01,2020,3,Q1,Dubai,Dubai,Palm Jumeirah,Villa,4BR,590000,610000,49200,-8.0,2.8,4.57,4.04,80.5,19.5,14.1,215,413,14.2,2180,63.4,504000,4.56,0.01,12900000,21.9,435
RENT000815,2020-03-01,2020,3,Q1,Abu Dhabi,Abu Dhabi,Saadiyat Island,Apartment,1BR,147000,142000,12200,-8.0,-0.2,5.14,4.21,78.2,21.8,11.7,246,1081,11.9,1040,79.8,303000,5.02,0.12,2850000,19.5,318
RENT000816,2020-03-01,2020,3,Q1,Abu Dhabi,Abu Dhabi,Saadiyat Island,Villa,3BR,547000,553000,45600,-8.0,2.3,5.45,4.81,72.6,27.4,18.1,61,589,10.9,3700,77.4,1045000,5.45,0.0,10050000,18.3,123
RENT000811,2020-03-01,2020,3,Q1,Dubai,Dubai,Sports City,Apartment,2BR,59000,57000,4900,-8.0,-1.1,4.65,3.74,81.0,19.0,13.2,12,137,3.7,280,77.5,79000,4.27,0.38,1250000,21.5,223
RENT000812,2020-03-01,2020,3,Q1,Dubai,Dubai,Sports City,Villa,3BR,130000,131000,10800,-8.0,1.3,4.2,3.14,71.4,28.6,11.4,205,1178,2.0,710,85.7,222000,4.31,-0.11,3100000,23.8,86
RENT000817,2020-03-01,2020,3,Q1,Abu Dhabi,Abu Dhabi,Yas Island,Apartment,1BR,95000,99000,7900,-8.0,2.8,6.09,4.94,76.1,23.9,10.8,228,363,15.6,580,55.2,117000,5.65,0.44,1550000,16.4,73
RENT000818,2020-03-01,2020,3,Q1,Abu Dhabi,Abu Dhabi,Yas Island,Villa,2BR,216000,211000,18000,-8.0,-2.4,4.34,3.8,85.5,14.5,21.7,172,525,10.1,1070,58.9,230000,4.28,0.06,4950000,23.0,154
RENT000855,2020-04-01,2020,4,Q2,Dubai,Dubai,Al Furjan,Apartment,2BR,65000,66000,5400,-21.8,-2.0,3.96,3.27,61.7,38.3,21.6,80,1116,2.2,310,55.6,63000,3.91,0.05,1650000,25.3,375
RENT000856,2020-04-01,2020,4,Q2,Dubai,Dubai,Al Furjan,Villa,2BR,149000,154000,12400,-21.8,3.4,4.21,3.09,46.6,53.4,20.5,221,721,1.5,830,58.9,178000,3.79,0.42,3550000,23.8,164
RENT000895,2020-04-01,2020,4,Q2,Ras Al Khaimah,Ras Al Khaimah,Al Hamra Village,Apartment,3BR,54000,52000,4500,-21.8,2.6,6.2,5.06,59.9,40.1,22.6,133,159,3.8,320,68.9,80000,6.53,-0.33,850000,16.1,108
RENT000896,2020-04-01,2020,4,Q2,Ras Al Khaimah,Ras Al Khaimah,Al Hamra Village,Villa,1BR,151000,157000,12600,-21.8,-1.9,3.87,2.84,51.4,48.6,12.5,230,270,6.0,610,65.4,146000,3.88,-0.01,3900000,25.8,85
RENT000891,2020-04-01,2020,4,Q2,Sharjah,Sharjah,Al Khan,Apartment,Studio,38000,36000,3200,-21.8,-1.1,4.44,3.88,54.1,45.9,12.1,130,505,5.3,180,55.6,37000,4.86,-0.42,850000,22.5,161
RENT000892,2020-04-01,2020,4,Q2,Sharjah,Sharjah,Al Khan,Villa,1BR,89000,91000,7400,-21.8,-0.1,4.06,2.9,59.9,40.1,12.3,139,528,7.9,480,56.6,99000,3.96,0.1,2200000,24.7,173
RENT000885,2020-04-01,2020,4,Q2,Sharjah,Sharjah,Al Majaz,Apartment,2BR,39000,38000,3200,-21.8,1.6,4.38,3.66,51.0,49.0,12.9,91,356,5.1,250,81.4,74000,4.78,-0.4,900000,22.9,91
RENT000886,2020-04-01,2020,4,Q2,Sharjah,Sharjah,Al Majaz,Villa,3BR,107000,112000,8900,-21.8,-2.2,3.85,3.12,48.4,51.6,23.6,235,311,5.6,430,70.8,111000,3.89,-0.04,2800000,26.0,173
RENT000887,2020-04-01,2020,4,Q2,Sharjah,Sharjah,Al Nahda,Apartment,1BR,35000,32000,2900,-21.8,-1.6,6.01,5.29,58.8,41.2,22.3,27,892,2.8,230,80.6,68000,5.92,0.09,600000,16.6,68
RENT000888,2020-04-01,2020,4,Q2,Sharjah,Sharjah,Al Nahda,Villa,1BR,125000,115000,10400,-21.8,-0.8,4.8,3.91,51.3,48.7,20.1,157,1081,7.6,710,77.8,202000,4.67,0.13,2600000,20.8,38
RENT000875,2020-04-01,2020,4,Q2,Abu Dhabi,Abu Dhabi,Al Raha Beach,Apartment,3BR,91000,92000,7600,-21.8,1.3,5.42,4.31,58.6,41.4,17.4,54,623,2.9,340,55.4,69000,5.84,-0.42,1700000,18.4,346
RENT000876,2020-04-01,2020,4,Q2,Abu Dhabi,Abu Dhabi,Al Raha Beach,Villa,1BR,234000,227000,19500,-21.8,3.1,4.52,3.87,57.8,42.2,15.4,203,433,4.6,950,87.0,302000,4.89,-0.37,5150000,22.1,262
RENT000881,2020-04-01,2020,4,Q2,Abu Dhabi,Abu Dhabi,Al Reef,Apartment,4BR,51000,53000,4200,-21.8,-1.6,5.28,4.13,45.7,54.3,14.8,186,557,4.7,260,74.3,71000,5.49,-0.21,950000,19.0,174
RENT000882,2020-04-01,2020,4,Q2,Abu Dhabi,Abu Dhabi,Al Reef,Villa,2BR,121000,113000,10100,-21.8,3.0,5.97,5.07,58.3,41.7,17.0,113,1075,6.6,860,75.1,236000,6.36,-0.39,2050000,16.8,55
RENT000869,2020-04-01,2020,4,Q2,Abu Dhabi,Abu Dhabi,Al Reem Island,Apartment,3BR,63000,60000,5200,-21.8,-2.2,5.81,5.29,62.5,37.5,13.5,243,841,4.2,420,63.3,97000,5.85,-0.04,1100000,17.2,159
RENT000870,2020-04-01,2020,4,Q2,Abu Dhabi,Abu Dhabi,Al Reem Island,Villa,2BR,173000,163000,14400,-21.8,-0.3,4.62,3.91,51.5,48.5,19.4,179,280,3.8,840,55.3,170000,5.11,-0.49,3750000,21.7,122
RENT000893,2020-04-01,2020,4,Q2,Sharjah,Sharjah,Al Taawun,Apartment,1BR,33000,34000,2800,-21.8,2.0,5.86,4.8,55.4,44.6,21.3,63,1174,6.1,210,68.3,52000,5.38,0.48,550000,17.1,88
RENT000894,2020-04-01,2020,4,Q2,Sharjah,Sharjah,Al Taawun,Villa,4BR,86000,83000,7200,-21.8,0.2,6.24,5.11,56.8,43.2,21.3,160,1113,1.1,420,60.9,93000,6.63,-0.39,1400000,16.0,78
RENT000849,2020-04-01,2020,4,Q2,Dubai,Dubai,Business Bay,Apartment,2BR,70000,67000,5800,-21.8,-1.2,4.56,3.41,63.7,36.3,14.6,176,393,2.6,300,62.7,69000,4.27,0.29,1550000,21.9,385
RENT000850,2020-04-01,2020,4,Q2,Dubai,Dubai,Business Bay,Villa,2BR,239000,247000,19900,-21.8,-0.2,5.31,4.36,55.0,45.0,12.4,58,67,2.1,1620,55.7,329000,4.96,0.35,4500000,18.8,107
RENT000879,2020-04-01,2020,4,Q2,Abu Dhabi,Abu Dhabi,Corniche,Apartment,3BR,90000,83000,7500,-21.8,-0.3,5.63,4.77,56.7,43.3,16.8,52,483,5.0,370,76.1,103000,5.99,-0.36,1600000,17.7,348
RENT000880,2020-04-01,2020,4,Q2,Abu Dhabi,Abu Dhabi,Corniche,Villa,Studio,178000,178000,14800,-21.8,-0.4,5.59,4.91,54.0,46.0,20.3,195,362,1.7,860,84.5,265000,5.35,0.24,3200000,17.9,106
RENT000859,2020-04-01,2020,4,Q2,Dubai,Dubai,Creek Harbour,Apartment,Studio,80000,76000,6700,-21.8,-0.0,4.0,3.14,48.8,51.2,19.6,20,171,2.2,580,59.7,126000,4.13,-0.13,2000000,25.0,490
RENT000860,2020-04-01,2020,4,Q2,Dubai,Dubai,Creek Harbour,Villa,2BR,188000,187000,15700,-21.8,-2.2,4.34,3.69,51.1,48.9,23.1,164,338,4.5,1370,66.1,331000,4.69,-0.35,4350000,23.1,234
RENT000861,2020-04-01,2020,4,Q2,Dubai,Dubai,DAMAC Hills,Apartment,1BR,77000,77000,6400,-21.8,1.4,4.19,3.58,53.2,46.8,20.1,184,527,4.4,340,85.8,106000,4.31,-0.12,1850000,23.9,510
RENT000862,2020-04-01,2020,4,Q2,Dubai,Dubai,DAMAC Hills,Villa,1BR,221000,231000,18400,-21.8,-2.2,4.45,3.7,49.8,50.2,22.3,222,839,6.2,1610,62.8,369000,4.4,0.05,4950000,22.5,516
RENT000841,2020-04-01,2020,4,Q2,Dubai,Dubai,Downtown Dubai,Apartment,1BR,98000,101000,8200,-21.8,-2.0,3.89,3.33,52.9,47.1,10.2,78,471,19.7,370,55.2,75000,3.57,0.32,2500000,25.7,399
RENT000842,2020-04-01,2020,4,Q2,Dubai,Dubai,Downtown Dubai,Villa,1BR,371000,387000,30900,-21.8,-2.4,4.47,3.94,54.7,45.3,18.4,101,434,7.2,1500,69.1,378000,3.97,0.5,8300000,22.4,446
RENT000847,2020-04-01,2020,4,Q2,Dubai,Dubai,Dubai Hills Estate,Apartment,3BR,112000,108000,9300,-21.8,-1.2,4.55,3.49,55.3,44.7,14.4,173,418,2.4,620,67.0,152000,4.41,0.14,2450000,22.0,540
RENT000848,2020-04-01,2020,4,Q2,Dubai,Dubai,Dubai Hills Estate,Villa,3BR,321000,323000,26800,-21.8,-2.1,4.13,3.0,62.2,37.8,16.2,11,1036,3.7,1690,68.4,422000,4.22,-0.09,7800000,24.2,162
RENT000843,2020-04-01,2020,4,Q2,Dubai,Dubai,Dubai Marina,Apartment,Studio,91000,91000,7600,-21.8,0.7,5.94,5.39,51.8,48.2,18.5,99,397,14.5,470,80.9,139000,5.63,0.31,1550000,16.8,252
RENT000844,2020-04-01,2020,4,Q2,Dubai,Dubai,Dubai Marina,Villa,2BR,251000,239000,20900,-21.8,1.9,4.05,2.95,50.0,50.0,18.1,38,554,9.9,1820,55.6,369000,3.78,0.27,6200000,24.7,532
RENT000863,2020-04-01,2020,4,Q2,Dubai,Dubai,Dubai South,Apartment,4BR,54000,52000,4500,-21.8,-0.4,4.27,3.73,54.2,45.8,12.4,116,527,2.5,390,85.8,122000,4.13,0.14,1250000,23.4,208
RENT000864,2020-04-01,2020,4,Q2,Dubai,Dubai,Dubai South,Villa,2BR,128000,120000,10700,-21.8,-0.4,4.8,3.82,56.0,44.0,19.0,172,698,2.3,800,82.8,242000,4.49,0.31,2650000,20.8,408
RENT000857,2020-04-01,2020,4,Q2,Dubai,Dubai,JBR,Apartment,2BR,98000,101000,8200,-21.8,1.9,4.74,3.67,54.4,45.6,10.3,217,1109,8.4,400,57.6,84000,5.12,-0.38,2050000,21.1,174
RENT000858,2020-04-01,2020,4,Q2,Dubai,Dubai,JBR,Villa,1BR,241000,253000,20100,-21.8,-0.1,4.44,3.77,56.2,43.8,18.6,160,760,8.5,1200,85.7,375000,4.62,-0.18,5400000,22.5,549
RENT000851,2020-04-01,2020,4,Q2,Dubai,Dubai,JVC,Apartment,2BR,58000,57000,4800,-21.8,3.1,4.33,3.3,50.8,49.2,18.4,148,411,2.2,370,70.6,95000,4.8,-0.47,1350000,23.1,192
RENT000852,2020-04-01,2020,4,Q2,Dubai,Dubai,JVC,Villa,3BR,195000,187000,16200,-21.8,-0.1,3.96,2.9,62.9,37.1,10.1,13,600,6.6,880,83.8,269000,3.85,0.11,4950000,25.3,280
RENT000877,2020-04-01,2020,4,Q2,Abu Dhabi,Abu Dhabi,Khalifa City,Apartment,5BR+,56000,56000,4700,-21.8,-0.5,4.69,3.65,61.8,38.2,22.4,19,908,4.3,250,61.1,56000,4.34,0.35,1200000,21.3,300
RENT000878,2020-04-01,2020,4,Q2,Abu Dhabi,Abu Dhabi,Khalifa City,Villa,1BR,217000,223000,18100,-21.8,-2.1,4.8,4.26,53.9,46.1,12.5,60,278,4.0,1050,85.7,328000,4.69,0.11,4500000,20.8,133
RENT000853,2020-04-01,2020,4,Q2,Dubai,Dubai,MBR City,Apartment,1BR,124000,130000,10300,-21.8,-1.8,5.88,4.7,59.5,40.5,12.8,86,1175,4.9,640,75.2,176000,5.59,0.29,2100000,17.0,179
RENT000854,2020-04-01,2020,4,Q2,Dubai,Dubai,MBR City,Villa,3BR,340000,348000,28300,-21.8,3.5,3.95,3.37,46.7,53.3,22.5,135,667,5.2,1570,86.1,493000,3.71,0.24,8600000,25.3,283
RENT000883,2020-04-01,2020,4,Q2,Abu Dhabi,Abu Dhabi,Masdar City,Apartment,1BR,53000,51000,4400,-21.8,0.8,5.72,4.97,62.9,37.1,10.5,57,134,7.2,290,83.9,89000,5.77,-0.05,950000,17.5,62
RENT000884,2020-04-01,2020,4,Q2,Abu Dhabi,Abu Dhabi,Masdar City,Villa,3BR,156000,160000,13000,-21.8,0.8,4.88,3.96,51.5,48.5,11.1,113,989,7.1,610,79.2,176000,5.29,-0.41,3200000,20.5,212
RENT000865,2020-04-01,2020,4,Q2,Dubai,Dubai,Meydan,Apartment,1BR,79000,80000,6600,-21.8,2.6,3.87,3.25,59.3,40.7,12.6,22,753,5.8,380,56.8,79000,3.94,-0.07,2050000,25.8,439
RENT000866,2020-04-01,2020,4,Q2,Dubai,Dubai,Meydan,Villa,1BR,274000,258000,22800,-21.8,0.6,4.34,3.65,50.9,49.1,18.5,176,825,7.4,1450,82.5,437000,4.65,-0.31,6300000,23.1,92
RENT000889,2020-04-01,2020,4,Q2,Sharjah,Sharjah,Muwaileh,Apartment,5BR+,33000,34000,2800,-21.8,-2.3,3.98,3.33,58.9,41.1,14.0,46,263,5.0,230,87.5,73000,3.72,0.26,850000,25.1,44
RENT000890,2020-04-01,2020,4,Q2,Sharjah,Sharjah,Muwaileh,Villa,Studio,87000,90000,7200,-21.8,1.1,4.74,3.81,57.4,42.6,11.6,243,822,5.8,420,77.8,119000,4.73,0.01,1850000,21.1,44
RENT000845,2020-04-01,2020,4,Q2,Dubai,Dubai,Palm Jumeirah,Apartment,Studio,161000,167000,13400,-21.8,-1.0,4.79,4.14,57.1,42.9,19.6,117,567,8.6,700,66.4,170000,4.93,-0.14,3350000,20.9,510
RENT000846,2020-04-01,2020,4,Q2,Dubai,Dubai,Palm Jumeirah,Villa,3BR,603000,600000,50200,-21.8,0.1,4.22,3.72,53.6,46.4,17.2,168,719,19.6,3650,81.6,1087000,4.7,-0.48,14300000,23.7,420
RENT000871,2020-04-01,2020,4,Q2,Abu Dhabi,Abu Dhabi,Saadiyat Island,Apartment,2BR,142000,138000,11800,-21.8,-1.8,4.3,3.52,58.1,41.9,18.9,225,734,9.2,820,76.0,227000,4.23,0.07,3300000,23.2,164
RENT000872,2020-04-01,2020,4,Q2,Abu Dhabi,Abu Dhabi,Saadiyat Island,Villa,2BR,290000,289000,24200,-21.8,0.5,4.43,3.29,52.2,47.8,14.5,163,782,17.5,2000,60.3,440000,4.53,-0.1,6550000,22.6,308
RENT000867,2020-04-01,2020,4,Q2,Dubai,Dubai,Sports City,Apartment,1BR,51000,53000,4200,-21.8,3.3,3.92,3.25,60.1,39.9,14.9,95,86,2.2,360,83.8,110000,4.34,-0.42,1300000,25.5,221
RENT000868,2020-04-01,2020,4,Q2,Dubai,Dubai,Sports City,Villa,3BR,125000,124000,10400,-21.8,-0.0,4.13,3.44,50.9,49.1,15.9,183,316,6.6,890,64.5,210000,3.98,0.15,3000000,24.2,451
RENT000873,2020-04-01,2020,4,Q2,Abu Dhabi,Abu Dhabi,Yas Island,Apartment,2BR,82000,83000,6800,-21.8,-0.8,4.78,3.68,50.3,49.7,22.0,240,490,10.6,490,71.5,128000,5.07,-0.29,1700000,20.9,139
RENT000874,2020-04-01,2020,4,Q2,Abu Dhabi,Abu Dhabi,Yas Island,Villa,Studio,232000,231000,19300,-21.8,2.4,5.72,4.64,47.1,52.9,11.1,16,641,9.5,1380,80.7,406000,5.77,-0.05,4050000,17.5,337
RENT000911,2020-05-01,2020,5,Q2,Dubai,Dubai,Al Furjan,Apartment,2BR,62000,62000,5200,-21.8,0.0,4.05,3.52,52.7,47.3,14.2,127,605,7.6,310,56.5,64000,3.67,0.38,1550000,24.7,344
RENT000912,2020-05-01,2020,5,Q2,Dubai,Dubai,Al Furjan,Villa,3BR,180000,166000,15000,-21.8,0.1,5.79,4.62,48.9,51.1,22.6,223,307,2.7,780,66.7,190000,6.01,-0.22,3100000,17.3,197
RENT000951,2020-05-01,2020,5,Q2,Ras Al Khaimah,Ras Al Khaimah,Al Hamra Village,Apartment,3BR,48000,49000,4000,-21.8,2.6,6.02,5.21,54.2,45.8,12.0,78,71,2.7,310,81.1,92000,6.49,-0.47,800000,16.6,57
RENT000952,2020-05-01,2020,5,Q2,Ras Al Khaimah,Ras Al Khaimah,Al Hamra Village,Villa,2BR,160000,164000,13300,-21.8,2.8,3.93,2.96,49.2,50.8,20.7,206,1129,1.9,980,82.2,294000,3.74,0.19,4050000,25.5,17
RENT000947,2020-05-01,2020,5,Q2,Sharjah,Sharjah,Al Khan,Apartment,Studio,40000,42000,3300,-21.8,3.1,5.18,4.67,49.6,50.4,14.7,56,552,4.8,290,72.3,77000,4.86,0.32,750000,19.3,88
RENT000948,2020-05-01,2020,5,Q2,Sharjah,Sharjah,Al Khan,Villa,1BR,98000,95000,8200,-21.8,3.2,5.4,4.83,45.4,54.6,19.2,216,86,1.3,670,87.6,214000,5.53,-0.13,1800000,18.5,128
RENT000941,2020-05-01,2020,5,Q2,Sharjah,Sharjah,Al Majaz,Apartment,1BR,40000,38000,3300,-21.8,-1.8,4.62,3.56,64.5,35.5,20.9,246,421,4.1,230,58.2,49000,4.39,0.23,850000,21.6,216
RENT000942,2020-05-01,2020,5,Q2,Sharjah,Sharjah,Al Majaz,Villa,1BR,150000,141000,12500,-21.8,-0.7,5.94,4.79,46.0,54.0,21.0,25,526,2.7,820,86.0,257000,5.57,0.37,2500000,16.8,105
RENT000943,2020-05-01,2020,5,Q2,Sharjah,Sharjah,Al Nahda,Apartment,2BR,34000,36000,2800,-21.8,0.3,3.87,2.98,58.5,41.5,10.2,95,1019,1.2,180,71.9,47000,4.05,-0.18,900000,25.9,158
RENT000944,2020-05-01,2020,5,Q2,Sharjah,Sharjah,Al Nahda,Villa,1BR,118000,120000,9800,-21.8,-1.9,5.9,4.92,62.8,37.2,16.6,28,104,3.8,520,70.9,135000,5.5,0.4,2000000,16.9,52
RENT000931,2020-05-01,2020,5,Q2,Abu Dhabi,Abu Dhabi,Al Raha Beach,Apartment,Studio,84000,88000,7000,-21.8,-1.2,5.15,4.02,55.0,45.0,14.0,133,977,6.9,530,56.1,109000,5.09,0.06,1650000,19.4,301
RENT000932,2020-05-01,2020,5,Q2,Abu Dhabi,Abu Dhabi,Al Raha Beach,Villa,1BR,280000,270000,23300,-21.8,2.8,4.21,3.54,50.9,49.1,13.4,233,1093,2.4,1910,67.2,468000,4.6,-0.39,6650000,23.8,146
RENT000937,2020-05-01,2020,5,Q2,Abu Dhabi,Abu Dhabi,Al Reef,Apartment,2BR,55000,52000,4600,-21.8,3.3,5.4,4.36,55.2,44.8,10.3,15,287,8.0,400,69.6,102000,5.72,-0.32,1000000,18.5,149
RENT000938,2020-05-01,2020,5,Q2,Abu Dhabi,Abu Dhabi,Al Reef,Villa,3BR,195000,195000,16200,-21.8,1.4,4.21,3.45,46.4,53.6,21.1,177,1170,6.1,1100,61.3,246000,4.0,0.21,4650000,23.8,189
RENT000925,2020-05-01,2020,5,Q2,Abu Dhabi,Abu Dhabi,Al Reem Island,Apartment,1BR,62000,61000,5200,-21.8,2.4,5.63,4.7,60.2,39.8,11.8,173,969,7.4,360,73.3,96000,5.44,0.19,1100000,17.8,182
RENT000926,2020-05-01,2020,5,Q2,Abu Dhabi,Abu Dhabi,Al Reem Island,Villa,2BR,147000,147000,12200,-21.8,2.6,4.14,3.21,53.5,46.5,11.4,151,1171,2.3,1060,65.4,253000,4.44,-0.3,3550000,24.1,134
RENT000949,2020-05-01,2020,5,Q2,Sharjah,Sharjah,Al Taawun,Apartment,2BR,32000,32000,2700,-21.8,1.2,5.11,4.22,51.5,48.5,12.8,166,658,5.0,150,79.4,43000,5.54,-0.43,650000,19.6,133
RENT000950,2020-05-01,2020,5,Q2,Sharjah,Sharjah,Al Taawun,Villa,2BR,80000,81000,6700,-21.8,-1.4,4.56,3.87,59.1,40.9,12.7,61,898,7.4,590,70.5,152000,5.04,-0.48,1750000,21.9,196
RENT000905,2020-05-01,2020,5,Q2,Dubai,Dubai,Business Bay,Apartment,3BR,73000,76000,6100,-21.8,0.8,4.53,3.64,55.2,44.8,19.7,192,1044,6.1,280,77.8,80000,4.78,-0.25,1600000,22.1,382
RENT000906,2020-05-01,2020,5,Q2,Dubai,Dubai,Business Bay,Villa,5BR+,175000,181000,14600,-21.8,-1.3,4.2,3.07,52.7,47.3,12.1,181,799,3.4,1260,64.7,298000,4.67,-0.47,4150000,23.8,173
RENT000935,2020-05-01,2020,5,Q2,Abu Dhabi,Abu Dhabi,Corniche,Apartment,1BR,98000,90000,8200,-21.8,2.6,5.82,4.69,50.5,49.5,16.7,10,65,2.4,640,77.0,180000,5.82,0.0,1700000,17.2,56
RENT000936,2020-05-01,2020,5,Q2,Abu Dhabi,Abu Dhabi,Corniche,Villa,1BR,279000,274000,23200,-21.8,-2.1,5.55,4.74,50.4,49.6,18.0,193,415,2.7,1300,83.0,394000,5.43,0.12,5050000,18.0,84
RENT000915,2020-05-01,2020,5,Q2,Dubai,Dubai,Creek Harbour,Apartment,1BR,84000,78000,7000,-21.8,-1.4,4.19,3.01,46.5,53.5,17.1,195,214,1.4,520,60.3,114000,4.34,-0.15,2000000,23.9,213
RENT000916,2020-05-01,2020,5,Q2,Dubai,Dubai,Creek Harbour,Villa,Studio,167000,163000,13900,-21.8,-1.2,5.1,4.46,54.8,45.2,16.2,96,1080,2.7,790,72.1,208000,5.4,-0.3,3250000,19.6,259
RENT000917,2020-05-01,2020,5,Q2,Dubai,Dubai,DAMAC Hills,Apartment,2BR,74000,77000,6200,-21.8,2.8,4.17,3.66,47.4,52.6,20.0,170,466,2.8,330,83.1,100000,3.78,0.39,1800000,24.0,448
RENT000918,2020-05-01,2020,5,Q2,Dubai,Dubai,DAMAC Hills,Villa,2BR,237000,247000,19800,-21.8,-0.1,4.6,4.04,51.5,48.5,20.5,28,299,6.3,1130,61.5,254000,4.49,0.11,5150000,21.7,426
RENT000897,2020-05-01,2020,5,Q2,Dubai,Dubai,Downtown Dubai,Apartment,2BR,104000,108000,8700,-21.8,-0.2,5.45,4.42,45.2,54.8,17.5,66,991,14.7,570,62.6,130000,5.38,0.07,1900000,18.3,335
RENT000898,2020-05-01,2020,5,Q2,Dubai,Dubai,Downtown Dubai,Villa,1BR,282000,293000,23500,-21.8,-0.3,5.38,4.34,57.9,42.1,11.2,96,613,10.8,1690,56.8,350000,5.67,-0.29,5250000,18.6,272
RENT000903,2020-05-01,2020,5,Q2,Dubai,Dubai,Dubai Hills Estate,Apartment,3BR,117000,120000,9800,-21.8,2.8,4.88,3.72,59.0,41.0,22.6,119,441,5.6,610,73.6,164000,4.97,-0.09,2400000,20.5,141
RENT000904,2020-05-01,2020,5,Q2,Dubai,Dubai,Dubai Hills Estate,Villa,2BR,325000,315000,27100,-21.8,-0.2,4.46,3.42,47.6,52.4,13.0,84,960,5.9,1540,73.7,414000,4.25,0.21,7300000,22.4,169
RENT000899,2020-05-01,2020,5,Q2,Dubai,Dubai,Dubai Marina,Apartment,5BR+,90000,84000,7500,-21.8,2.6,4.88,3.73,61.5,38.5,11.7,138,813,8.4,660,58.2,140000,5.01,-0.13,1850000,20.5,361
RENT000900,2020-05-01,2020,5,Q2,Dubai,Dubai,Dubai Marina,Villa,4BR,163000,157000,13600,-21.8,1.6,4.62,3.76,45.5,54.5,16.4,226,810,20.0,720,76.0,200000,4.2,0.42,3550000,21.6,115
RENT000919,2020-05-01,2020,5,Q2,Dubai,Dubai,Dubai South,Apartment,2BR,46000,47000,3800,-21.8,2.9,5.86,4.93,51.6,48.4,16.4,161,873,6.6,170,68.5,43000,5.82,0.04,800000,17.1,306
RENT000920,2020-05-01,2020,5,Q2,Dubai,Dubai,Dubai South,Villa,Studio,166000,168000,13800,-21.8,-1.5,4.72,3.89,64.9,35.1,20.4,145,832,6.1,1070,60.8,237000,4.94,-0.22,3500000,21.2,412
RENT000913,2020-05-01,2020,5,Q2,Dubai,Dubai,JBR,Apartment,1BR,91000,88000,7600,-21.8,0.5,3.9,3.07,53.6,46.4,18.7,74,877,7.5,420,58.2,89000,3.64,0.26,2350000,25.6,217
RENT000914,2020-05-01,2020,5,Q2,Dubai,Dubai,JBR,Villa,2BR,242000,244000,20200,-21.8,0.7,4.18,3.63,57.1,42.9,19.6,98,142,17.3,980,79.5,284000,4.49,-0.31,5800000,23.9,532
RENT000907,2020-05-01,2020,5,Q2,Dubai,Dubai,JVC,Apartment,Studio,57000,56000,4800,-21.8,-0.2,4.84,4.2,56.6,43.4,10.1,111,798,1.9,350,84.9,108000,4.77,0.07,1200000,20.7,590
RENT000908,2020-05-01,2020,5,Q2,Dubai,Dubai,JVC,Villa,3BR,160000,156000,13300,-21.8,1.8,4.69,3.54,57.5,42.5,11.2,202,246,3.2,1090,62.7,249000,5.04,-0.35,3400000,21.3,112
RENT000933,2020-05-01,2020,5,Q2,Abu Dhabi,Abu Dhabi,Khalifa City,Apartment,5BR+,63000,63000,5200,-21.8,-1.6,4.28,3.33,61.2,38.8,16.8,153,770,7.9,390,81.6,116000,4.37,-0.09,1450000,23.4,241
RENT000934,2020-05-01,2020,5,Q2,Abu Dhabi,Abu Dhabi,Khalifa City,Villa,1BR,125000,130000,10400,-21.8,-1.9,4.27,3.36,53.8,46.2,22.2,250,374,1.2,900,80.4,264000,4.61,-0.34,2900000,23.4,252
RENT000909,2020-05-01,2020,5,Q2,Dubai,Dubai,MBR City,Apartment,1BR,122000,125000,10200,-21.8,2.6,6.15,5.49,50.9,49.1,18.3,107,537,3.6,720,62.5,164000,6.57,-0.42,2000000,16.3,519
RENT000910,2020-05-01,2020,5,Q2,Dubai,Dubai,MBR City,Villa,2BR,340000,351000,28300,-21.8,-2.2,4.16,3.37,53.3,46.7,23.0,120,696,7.0,1840,65.3,439000,3.91,0.25,8200000,24.1,283
RENT000939,2020-05-01,2020,5,Q2,Abu Dhabi,Abu Dhabi,Masdar City,Apartment,4BR,46000,43000,3800,-21.8,-2.4,4.51,3.55,49.4,50.6,20.6,227,379,2.9,220,85.7,69000,4.32,0.19,1000000,22.2,85
RENT000940,2020-05-01,2020,5,Q2,Abu Dhabi,Abu Dhabi,Masdar City,Villa,1BR,127000,125000,10600,-21.8,-1.3,5.73,4.97,52.1,47.9,19.2,191,869,7.8,850,66.1,205000,6.23,-0.5,2200000,17.4,358
RENT000921,2020-05-01,2020,5,Q2,Dubai,Dubai,Meydan,Apartment,5BR+,85000,88000,7100,-21.8,-0.6,5.48,4.28,51.3,48.7,12.3,137,522,3.5,500,81.1,148000,5.52,-0.04,1550000,18.2,374
RENT000922,2020-05-01,2020,5,Q2,Dubai,Dubai,Meydan,Villa,3BR,159000,159000,13200,-21.8,1.2,5.81,4.67,57.1,42.9,11.4,228,967,6.2,990,61.2,221000,6.11,-0.3,2750000,17.2,172
RENT000945,2020-05-01,2020,5,Q2,Sharjah,Sharjah,Muwaileh,Apartment,4BR,32000,33000,2700,-21.8,1.3,5.79,5.24,48.8,51.2,16.6,161,626,7.4,220,76.2,61000,5.95,-0.16,550000,17.3,135
RENT000946,2020-05-01,2020,5,Q2,Sharjah,Sharjah,Muwaileh,Villa,5BR+,69000,68000,5800,-21.8,0.8,3.99,3.24,56.8,43.2,11.2,26,1154,5.1,270,64.9,64000,4.24,-0.25,1750000,25.1,72
RENT000901,2020-05-01,2020,5,Q2,Dubai,Dubai,Palm Jumeirah,Apartment,4BR,155000,154000,12900,-21.8,1.7,4.1,3.05,54.8,45.2,18.0,89,1072,6.5,930,55.6,189000,4.52,-0.42,3800000,24.4,461
RENT000902,2020-05-01,2020,5,Q2,Dubai,Dubai,Palm Jumeirah,Villa,2BR,324000,312000,27000,-21.8,2.2,4.86,3.74,63.1,36.9,11.5,177,107,15.2,2170,68.3,541000,4.51,0.35,6650000,20.6,423
RENT000927,2020-05-01,2020,5,Q2,Abu Dhabi,Abu Dhabi,Saadiyat Island,Apartment,3BR,128000,126000,10700,-21.8,-0.1,4.28,3.56,59.1,40.9,22.4,63,810,9.8,870,74.7,237000,4.71,-0.43,3000000,23.4,124
RENT000928,2020-05-01,2020,5,Q2,Abu Dhabi,Abu Dhabi,Saadiyat Island,Villa,Studio,388000,381000,32300,-21.8,-2.3,4.94,4.25,54.8,45.2,11.3,137,679,17.3,1780,67.3,437000,4.89,0.05,7850000,20.2,127
RENT000923,2020-05-01,2020,5,Q2,Dubai,Dubai,Sports City,Apartment,3BR,50000,48000,4200,-21.8,-1.8,5.39,4.83,52.0,48.0,23.2,85,428,4.0,350,68.7,88000,5.75,-0.36,950000,18.6,277
RENT000924,2020-05-01,2020,5,Q2,Dubai,Dubai,Sports City,Villa,2BR,91000,90000,7600,-21.8,-2.2,5.16,4.42,55.4,44.6,12.3,189,485,1.4,360,60.7,80000,5.33,-0.17,1750000,19.4,298
RENT000929,2020-05-01,2020,5,Q2,Abu Dhabi,Abu Dhabi,Yas Island,Apartment,1BR,78000,72000,6500,-21.8,1.5,4.69,4.0,65.0,35.0,12.7,61,403,17.0,560,77.4,158000,4.61,0.08,1650000,21.3,114
RENT000930,2020-05-01,2020,5,Q2,Abu Dhabi,Abu Dhabi,Yas Island,Villa,1BR,240000,232000,20000,-21.8,1.5,5.27,4.28,62.7,37.3,21.1,63,1015,8.0,1460,75.5,402000,5.59,-0.32,4550000,19.0,55
RENT000967,2020-06-01,2020,6,Q2,Dubai,Dubai,Al Furjan,Apartment,4BR,63000,62000,5200,-21.8,-2.3,4.75,3.84,47.9,52.1,17.9,163,538,4.6,370,80.0,108000,4.42,0.33,1350000,21.1,286
RENT000968,2020-06-01,2020,6,Q2,Dubai,Dubai,Al Furjan,Villa,2BR,165000,165000,13800,-21.8,0.3,5.64,5.09,59.9,40.1,23.0,88,518,7.2,1200,81.8,358000,6.07,-0.43,2900000,17.7,298
RENT001007,2020-06-01,2020,6,Q2,Ras Al Khaimah,Ras Al Khaimah,Al Hamra Village,Apartment,1BR,48000,47000,4000,-21.8,-1.4,4.11,2.99,50.6,49.4,23.1,84,637,2.6,210,87.8,67000,3.75,0.36,1150000,24.3,31
RENT001008,2020-06-01,2020,6,Q2,Ras Al Khaimah,Ras Al Khaimah,Al Hamra Village,Villa,1BR,103000,107000,8600,-21.8,0.4,3.9,3.13,56.8,43.2,10.8,103,755,4.7,410,63.6,95000,3.44,0.46,2650000,25.7,117
RENT001003,2020-06-01,2020,6,Q2,Sharjah,Sharjah,Al Khan,Apartment,4BR,35000,35000,2900,-21.8,-0.8,4.69,3.94,64.6,35.4,13.5,174,629,3.2,180,65.7,43000,4.38,0.31,750000,21.3,83
RENT001004,2020-06-01,2020,6,Q2,Sharjah,Sharjah,Al Khan,Villa,1BR,79000,79000,6600,-21.8,3.5,6.04,5.35,48.9,51.1,11.5,119,723,6.5,440,83.3,134000,6.36,-0.32,1300000,16.6,134
RENT000997,2020-06-01,2020,6,Q2,Sharjah,Sharjah,Al Majaz,Apartment,3BR,36000,33000,3000,-21.8,3.5,4.53,3.79,47.3,52.7,13.0,151,281,5.5,220,73.1,59000,4.74,-0.21,800000,22.1,120
RENT000998,2020-06-01,2020,6,Q2,Sharjah,Sharjah,Al Majaz,Villa,2BR,77000,79000,6400,-21.8,-1.5,4.12,3.23,50.3,49.7,20.8,107,671,4.7,440,87.4,140000,3.76,0.36,1850000,24.3,119
RENT000999,2020-06-01,2020,6,Q2,Sharjah,Sharjah,Al Nahda,Apartment,2BR,34000,34000,2800,-21.8,2.1,4.57,3.96,48.2,51.8,15.6,155,306,7.4,190,57.7,40000,4.55,0.02,750000,21.9,233
RENT001000,2020-06-01,2020,6,Q2,Sharjah,Sharjah,Al Nahda,Villa,2BR,105000,106000,8800,-21.8,-2.0,5.63,4.45,62.1,37.9,18.2,199,928,7.6,480,80.9,142000,5.53,0.1,1850000,17.8,236
RENT000987,2020-06-01,2020,6,Q2,Abu Dhabi,Abu Dhabi,Al Raha Beach,Apartment,1BR,77000,78000,6400,-21.8,0.9,4.07,2.95,64.3,35.7,17.0,158,376,7.7,550,74.2,149000,3.68,0.39,1900000,24.5,258
RENT000988,2020-06-01,2020,6,Q2,Abu Dhabi,Abu Dhabi,Al Raha Beach,Villa,3BR,247000,236000,20600,-21.8,2.3,5.19,4.68,59.2,40.8,22.3,31,411,2.7,1690,71.2,439000,5.5,-0.31,4750000,19.3,249
RENT000993,2020-06-01,2020,6,Q2,Abu Dhabi,Abu Dhabi,Al Reef,Apartment,1BR,51000,47000,4200,-21.8,1.1,5.36,4.61,56.2,43.8,13.5,214,867,2.1,310,78.0,88000,5.6,-0.24,950000,18.6,250
RENT000994,2020-06-01,2020,6,Q2,Abu Dhabi,Abu Dhabi,Al Reef,Villa,Studio,157000,154000,13100,-21.8,-1.5,4.65,3.78,45.4,54.6,14.0,13,1175,5.8,900,73.6,242000,4.55,0.1,3350000,21.5,151
RENT000981,2020-06-01,2020,6,Q2,Abu Dhabi,Abu Dhabi,Al Reem Island,Apartment,1BR,63000,64000,5200,-21.8,1.6,5.31,4.26,46.1,53.9,21.7,130,996,6.7,460,73.5,123000,5.56,-0.25,1200000,18.8,182
RENT000982,2020-06-01,2020,6,Q2,Abu Dhabi,Abu Dhabi,Al Reem Island,Villa,2BR,163000,158000,13600,-21.8,-1.3,3.93,3.34,52.2,47.8,12.6,139,578,1.6,770,87.6,246000,4.02,-0.09,4150000,25.4,324
RENT001005,2020-06-01,2020,6,Q2,Sharjah,Sharjah,Al Taawun,Apartment,3BR,35000,33000,2900,-21.8,3.3,5.55,4.97,61.8,38.2,20.9,143,997,4.2,180,66.6,44000,5.22,0.33,650000,18.0,56
RENT001006,2020-06-01,2020,6,Q2,Sharjah,Sharjah,Al Taawun,Villa,3BR,78000,73000,6500,-21.8,-1.8,4.66,3.97,56.3,43.7,21.3,216,1093,6.2,540,75.8,149000,4.45,0.21,1650000,21.4,203
RENT000961,2020-06-01,2020,6,Q2,Dubai,Dubai,Business Bay,Apartment,1BR,70000,73000,5800,-21.8,2.2,4.28,3.66,62.5,37.5,11.7,151,742,3.1,280,71.7,73000,4.1,0.18,1650000,23.3,337
RENT000962,2020-06-01,2020,6,Q2,Dubai,Dubai,Business Bay,Villa,2BR,206000,202000,17200,-21.8,3.2,5.02,3.9,54.7,45.3,12.4,87,1176,6.6,1210,59.6,263000,5.16,-0.14,4100000,19.9,94
RENT000991,2020-06-01,2020,6,Q2,Abu Dhabi,Abu Dhabi,Corniche,Apartment,1BR,96000,101000,8000,-21.8,-2.4,4.46,3.5,51.0,49.0,17.8,95,611,1.1,360,82.2,108000,4.06,0.4,2150000,22.4,161
RENT000992,2020-06-01,2020,6,Q2,Abu Dhabi,Abu Dhabi,Corniche,Villa,1BR,181000,188000,15100,-21.8,-2.2,4.78,4.04,64.2,35.8,17.5,196,1008,2.3,1190,57.1,248000,4.93,-0.15,3800000,20.9,320
RENT000971,2020-06-01,2020,6,Q2,Dubai,Dubai,Creek Harbour,Apartment,2BR,80000,77000,6700,-21.8,0.1,4.13,2.99,52.5,47.5,23.0,236,181,6.2,400,78.1,114000,4.59,-0.46,1950000,24.2,478
RENT000972,2020-06-01,2020,6,Q2,Dubai,Dubai,Creek Harbour,Villa,4BR,228000,210000,19000,-21.8,2.3,5.5,4.66,53.1,46.9,12.0,35,542,5.2,1660,73.5,445000,5.99,-0.49,4150000,18.2,116
RENT000973,2020-06-01,2020,6,Q2,Dubai,Dubai,DAMAC Hills,Apartment,4BR,66000,62000,5500,-21.8,1.1,4.07,3.36,61.7,38.3,21.2,242,878,1.5,470,55.7,96000,3.83,0.24,1600000,24.6,313
RENT000974,2020-06-01,2020,6,Q2,Dubai,Dubai,DAMAC Hills,Villa,Studio,126000,131000,10500,-21.8,0.4,5.21,4.64,62.5,37.5,22.8,194,944,1.4,680,83.3,207000,5.33,-0.12,2400000,19.2,293
RENT000953,2020-06-01,2020,6,Q2,Dubai,Dubai,Downtown Dubai,Apartment,1BR,103000,99000,8600,-21.8,1.6,4.7,3.79,52.1,47.9,10.2,68,363,12.0,680,68.8,171000,4.4,0.3,2200000,21.3,384
RENT000954,2020-06-01,2020,6,Q2,Dubai,Dubai,Downtown Dubai,Villa,2BR,319000,314000,26600,-21.8,0.1,5.81,5.23,60.6,39.4,18.5,50,706,6.9,1150,69.6,292000,6.05,-0.24,5500000,17.2,426
RENT000959,2020-06-01,2020,6,Q2,Dubai,Dubai,Dubai Hills Estate,Apartment,2BR,103000,105000,8600,-21.8,2.9,3.92,2.99,56.3,43.7,20.7,112,1044,6.8,690,86.4,218000,4.09,-0.17,2600000,25.5,275
RENT000960,2020-06-01,2020,6,Q2,Dubai,Dubai,Dubai Hills Estate,Villa,1BR,195000,195000,16200,-21.8,-1.6,6.24,5.09,57.3,42.7,14.4,88,451,2.0,1070,68.1,266000,6.43,-0.19,3100000,16.0,411
RENT000955,2020-06-01,2020,6,Q2,Dubai,Dubai,Dubai Marina,Apartment,Studio,81000,76000,6800,-21.8,-0.1,4.25,3.3,51.3,48.7,24.0,48,342,20.0,550,82.5,166000,3.9,0.35,1900000,23.6,158
RENT000956,2020-06-01,2020,6,Q2,Dubai,Dubai,Dubai Marina,Villa,2BR,157000,146000,13100,-21.8,2.6,4.74,4.11,47.6,52.4,19.6,220,942,10.0,1100,67.6,271000,4.69,0.05,3300000,21.1,111
RENT000975,2020-06-01,2020,6,Q2,Dubai,Dubai,Dubai South,Apartment,2BR,50000,47000,4200,-21.8,-0.2,5.39,4.72,56.6,43.4,14.5,87,329,1.1,350,83.6,107000,5.32,0.07,950000,18.5,276
RENT000976,2020-06-01,2020,6,Q2,Dubai,Dubai,Dubai South,Villa,5BR+,103000,97000,8600,-21.8,1.0,4.4,3.74,61.0,39.0,19.9,148,474,7.1,480,66.0,116000,4.76,-0.36,2350000,22.7,491
RENT000969,2020-06-01,2020,6,Q2,Dubai,Dubai,JBR,Apartment,2BR,94000,89000,7800,-21.8,-1.1,4.19,3.14,59.1,40.9,20.2,10,346,10.8,560,60.3,123000,4.22,-0.03,2250000,23.9,130
RENT000970,2020-06-01,2020,6,Q2,Dubai,Dubai,JBR,Villa,2BR,251000,259000,20900,-21.8,1.4,5.47,4.42,63.1,36.9,18.9,87,397,6.0,1320,68.0,328000,5.73,-0.26,4600000,18.3,278
RENT000963,2020-06-01,2020,6,Q2,Dubai,Dubai,JVC,Apartment,1BR,54000,52000,4500,-21.8,0.7,5.99,5.11,63.9,36.1,16.0,14,843,4.1,380,77.5,107000,5.74,0.25,900000,16.7,448
RENT000964,2020-06-01,2020,6,Q2,Dubai,Dubai,JVC,Villa,Studio,144000,140000,12000,-21.8,3.4,5.84,5.23,52.4,47.6,20.0,146,1070,7.0,970,67.5,239000,5.61,0.23,2450000,17.1,455
RENT000989,2020-06-01,2020,6,Q2,Abu Dhabi,Abu Dhabi,Khalifa City,Apartment,2BR,60000,56000,5000,-21.8,2.3,4.27,3.49,45.4,54.6,18.2,184,673,5.1,340,65.6,81000,3.81,0.46,1400000,23.4,135
RENT000990,2020-06-01,2020,6,Q2,Abu Dhabi,Abu Dhabi,Khalifa City,Villa,2BR,189000,179000,15800,-21.8,-2.3,5.11,4.49,52.2,47.8,15.5,152,429,3.0,1320,80.9,390000,4.63,0.48,3700000,19.6,77
RENT000965,2020-06-01,2020,6,Q2,Dubai,Dubai,MBR City,Apartment,3BR,115000,110000,9600,-21.8,1.0,4.98,4.34,54.9,45.1,18.5,71,481,2.3,530,67.3,130000,5.29,-0.31,2300000,20.1,240
RENT000966,2020-06-01,2020,6,Q2,Dubai,Dubai,MBR City,Villa,1BR,335000,309000,27900,-21.8,-2.2,4.45,3.53,64.7,35.3,20.7,202,747,7.3,2280,86.3,718000,4.77,-0.32,7550000,22.5,550
RENT000995,2020-06-01,2020,6,Q2,Abu Dhabi,Abu Dhabi,Masdar City,Apartment,4BR,45000,46000,3800,-21.8,1.5,5.15,4.43,49.0,51.0,21.6,82,336,4.7,260,56.7,54000,4.98,0.17,850000,19.4,279
RENT000996,2020-06-01,2020,6,Q2,Abu Dhabi,Abu Dhabi,Masdar City,Villa,2BR,142000,134000,11800,-21.8,-2.0,6.06,5.44,45.6,54.4,15.4,138,114,2.1,630,83.2,191000,6.03,0.03,2350000,16.5,347
RENT000977,2020-06-01,2020,6,Q2,Dubai,Dubai,Meydan,Apartment,2BR,77000,80000,6400,-21.8,1.5,5.38,4.49,62.9,37.1,12.6,221,180,1.9,460,80.2,135000,5.11,0.27,1450000,18.6,506
RENT000978,2020-06-01,2020,6,Q2,Dubai,Dubai,Meydan,Villa,1BR,155000,158000,12900,-21.8,1.8,4.67,3.59,59.0,41.0,13.0,143,206,5.0,840,69.9,214000,4.73,-0.06,3300000,21.4,116
RENT001001,2020-06-01,2020,6,Q2,Sharjah,Sharjah,Muwaileh,Apartment,4BR,31000,32000,2600,-21.8,-0.4,4.51,3.73,63.7,36.3,11.0,199,988,1.6,150,58.9,32000,4.63,-0.12,700000,22.2,85
RENT001002,2020-06-01,2020,6,Q2,Sharjah,Sharjah,Muwaileh,Villa,2BR,67000,67000,5600,-21.8,-0.1,4.58,3.59,52.3,47.7,20.7,61,719,2.7,270,82.8,82000,4.7,-0.12,1450000,21.8,188
RENT000957,2020-06-01,2020,6,Q2,Dubai,Dubai,Palm Jumeirah,Apartment,1BR,160000,164000,13300,-21.8,-0.6,4.05,3.45,49.3,50.7,17.6,178,213,7.7,890,56.4,183000,4.51,-0.46,3950000,24.7,587
RENT000958,2020-06-01,2020,6,Q2,Dubai,Dubai,Palm Jumeirah,Villa,1BR,472000,442000,39300,-21.8,-0.8,4.09,3.06,46.8,53.2,17.3,140,1095,16.5,2030,75.9,562000,4.25,-0.16,11550000,24.4,293
RENT000983,2020-06-01,2020,6,Q2,Abu Dhabi,Abu Dhabi,Saadiyat Island,Apartment,1BR,130000,122000,10800,-21.8,-1.1,6.13,5.42,64.9,35.1,18.4,230,1003,19.3,850,87.1,270000,6.29,-0.16,2100000,16.3,320
RENT000984,2020-06-01,2020,6,Q2,Abu Dhabi,Abu Dhabi,Saadiyat Island,Villa,1BR,423000,409000,35200,-21.8,-1.9,6.03,4.84,53.6,46.4,23.6,55,1118,5.4,1990,83.9,609000,5.74,0.29,7000000,16.6,228
RENT000979,2020-06-01,2020,6,Q2,Dubai,Dubai,Sports City,Apartment,3BR,50000,49000,4200,-21.8,-0.1,4.13,3.45,61.9,38.1,23.6,31,148,6.5,200,70.7,52000,4.06,0.07,1200000,24.2,85
RENT000980,2020-06-01,2020,6,Q2,Dubai,Dubai,Sports City,Villa,4BR,118000,113000,9800,-21.8,0.1,4.14,3.22,47.9,52.1,19.5,179,214,3.2,630,87.1,200000,3.89,0.25,2850000,24.2,511
RENT000985,2020-06-01,2020,6,Q2,Abu Dhabi,Abu Dhabi,Yas Island,Apartment,2BR,71000,73000,5900,-21.8,1.6,4.68,3.49,58.4,41.6,11.7,70,716,15.4,440,64.1,103000,4.56,0.12,1500000,21.4,339
RENT000986,2020-06-01,2020,6,Q2,Abu Dhabi,Abu Dhabi,Yas Island,Villa,1BR,150000,156000,12500,-21.8,2.6,5.21,4.41,64.2,35.8,19.2,81,54,15.7,990,76.0,275000,5.7,-0.49,2900000,19.2,290
RENT001023,2020-07-01,2020,7,Q3,Dubai,Dubai,Al Furjan,Apartment,Studio,65000,61000,5400,-8.0,-1.0,5.69,4.62,89.5,10.5,19.8,170,1094,5.6,280,65.3,67000,5.85,-0.16,1150000,17.6,247
RENT001024,2020-07-01,2020,7,Q3,Dubai,Dubai,Al Furjan,Villa,3BR,225000,224000,18800,-8.0,2.6,4.11,3.58,81.3,18.7,21.2,104,503,3.2,970,82.2,291000,3.63,0.48,5450000,24.3,376
RENT001063,2020-07-01,2020,7,Q3,Ras Al Khaimah,Ras Al Khaimah,Al Hamra Village,Apartment,1BR,54000,51000,4500,-8.0,0.9,4.76,4.07,80.0,20.0,19.2,30,781,7.9,370,61.2,83000,4.9,-0.14,1150000,21.0,53
RENT001064,2020-07-01,2020,7,Q3,Ras Al Khaimah,Ras Al Khaimah,Al Hamra Village,Villa,1BR,140000,138000,11700,-8.0,2.1,4.33,3.74,86.2,13.8,11.5,225,207,3.8,670,62.6,153000,4.58,-0.25,3250000,23.1,91
RENT001059,2020-07-01,2020,7,Q3,Sharjah,Sharjah,Al Khan,Apartment,Studio,39000,37000,3200,-8.0,3.2,4.68,3.82,87.2,12.8,20.6,229,836,6.2,240,58.2,51000,4.94,-0.26,850000,21.3,205
RENT001060,2020-07-01,2020,7,Q3,Sharjah,Sharjah,Al Khan,Villa,2BR,102000,98000,8500,-8.0,3.2,4.65,3.48,76.6,23.4,21.7,23,306,2.5,370,74.9,101000,4.82,-0.17,2200000,21.5,214
RENT001053,2020-07-01,2020,7,Q3,Sharjah,Sharjah,Al Majaz,Apartment,1BR,41000,41000,3400,-8.0,0.4,4.86,4.34,71.3,28.7,10.9,23,1094,6.8,210,63.6,49000,4.87,-0.01,850000,20.6,190
RENT001054,2020-07-01,2020,7,Q3,Sharjah,Sharjah,Al Majaz,Villa,1BR,116000,120000,9700,-8.0,0.3,4.77,4.09,79.9,20.1,18.2,224,140,1.6,840,64.0,196000,4.38,0.39,2450000,21.0,95
RENT001055,2020-07-01,2020,7,Q3,Sharjah,Sharjah,Al Nahda,Apartment,2BR,36000,33000,3000,-8.0,1.4,5.87,5.28,81.6,18.4,10.8,242,939,7.7,270,58.1,57000,5.44,0.43,600000,17.0,66
RENT001056,2020-07-01,2020,7,Q3,Sharjah,Sharjah,Al Nahda,Villa,Studio,86000,85000,7200,-8.0,0.3,4.9,4.09,84.0,16.0,10.9,155,1156,4.6,370,57.5,78000,4.61,0.29,1750000,20.4,93
RENT001043,2020-07-01,2020,7,Q3,Abu Dhabi,Abu Dhabi,Al Raha Beach,Apartment,1BR,98000,93000,8200,-8.0,1.6,4.52,3.35,76.0,24.0,22.2,179,1062,7.3,360,86.6,114000,4.87,-0.35,2150000,22.1,107
RENT001044,2020-07-01,2020,7,Q3,Abu Dhabi,Abu Dhabi,Al Raha Beach,Villa,Studio,293000,304000,24400,-8.0,1.4,4.05,3.27,73.4,26.6,20.2,37,418,4.5,2170,83.3,660000,3.78,0.27,7250000,24.7,268
RENT001049,2020-07-01,2020,7,Q3,Abu Dhabi,Abu Dhabi,Al Reef,Apartment,Studio,57000,60000,4800,-8.0,-1.9,4.64,3.71,81.3,18.7,21.8,214,787,6.5,370,67.2,91000,4.5,0.14,1250000,21.6,149
RENT001050,2020-07-01,2020,7,Q3,Abu Dhabi,Abu Dhabi,Al Reef,Villa,2BR,151000,141000,12600,-8.0,0.9,4.28,3.35,71.5,28.5,16.6,47,287,6.2,1010,66.8,246000,4.69,-0.41,3550000,23.3,255
RENT001037,2020-07-01,2020,7,Q3,Abu Dhabi,Abu Dhabi,Al Reem Island,Apartment,2BR,64000,59000,5300,-8.0,-2.5,4.49,3.6,74.2,25.8,11.8,119,350,2.6,310,61.4,69000,4.94,-0.45,1400000,22.3,149
RENT001038,2020-07-01,2020,7,Q3,Abu Dhabi,Abu Dhabi,Al Reem Island,Villa,1BR,186000,187000,15500,-8.0,-0.9,4.91,4.06,89.0,11.0,16.0,188,251,3.6,1380,86.3,435000,5.18,-0.27,3800000,20.4,188
RENT001061,2020-07-01,2020,7,Q3,Sharjah,Sharjah,Al Taawun,Apartment,1BR,39000,38000,3200,-8.0,0.6,5.9,5.35,80.3,19.7,12.4,58,531,7.5,140,68.6,35000,5.85,0.05,650000,16.9,54
RENT001062,2020-07-01,2020,7,Q3,Sharjah,Sharjah,Al Taawun,Villa,3BR,113000,119000,9400,-8.0,2.5,4.61,3.49,82.2,17.8,13.2,89,1142,4.0,610,76.4,170000,4.32,0.29,2450000,21.7,225
RENT001017,2020-07-01,2020,7,Q3,Dubai,Dubai,Business Bay,Apartment,5BR+,84000,85000,7000,-8.0,1.3,5.86,4.99,88.2,11.8,11.5,216,148,5.9,620,55.5,126000,5.92,-0.06,1450000,17.1,167
RENT001018,2020-07-01,2020,7,Q3,Dubai,Dubai,Business Bay,Villa,5BR+,229000,240000,19100,-8.0,2.5,6.1,5.58,79.6,20.4,10.3,42,205,6.1,1410,57.1,294000,6.57,-0.47,3750000,16.4,247
RENT001047,2020-07-01,2020,7,Q3,Abu Dhabi,Abu Dhabi,Corniche,Apartment,2BR,105000,105000,8800,-8.0,-2.3,4.6,3.87,84.1,15.9,17.0,158,1030,4.0,770,86.7,244000,5.09,-0.49,2300000,21.7,166
RENT001048,2020-07-01,2020,7,Q3,Abu Dhabi,Abu Dhabi,Corniche,Villa,3BR,245000,246000,20400,-8.0,-1.5,5.13,4.0,85.9,14.1,18.3,71,523,2.5,1530,58.9,329000,5.23,-0.1,4800000,19.5,65
RENT001027,2020-07-01,2020,7,Q3,Dubai,Dubai,Creek Harbour,Apartment,2BR,93000,93000,7800,-8.0,-0.6,5.38,4.18,74.1,25.9,17.4,48,131,3.4,600,77.0,169000,5.19,0.19,1750000,18.6,363
RENT001028,2020-07-01,2020,7,Q3,Dubai,Dubai,Creek Harbour,Villa,1BR,203000,213000,16900,-8.0,-0.2,4.3,3.24,85.0,15.0,20.1,105,490,4.2,1400,76.1,389000,4.38,-0.08,4700000,23.2,556
RENT001029,2020-07-01,2020,7,Q3,Dubai,Dubai,DAMAC Hills,Apartment,2BR,81000,78000,6800,-8.0,-1.0,4.5,3.45,73.7,26.3,17.3,141,221,1.2,400,69.7,102000,4.26,0.24,1800000,22.2,160
RENT001030,2020-07-01,2020,7,Q3,Dubai,Dubai,DAMAC Hills,Villa,1BR,162000,163000,13500,-8.0,3.3,5.1,4.48,80.8,19.2,11.0,59,978,2.7,1060,69.7,270000,5.35,-0.25,3200000,19.6,244
RENT001009,2020-07-01,2020,7,Q3,Dubai,Dubai,Downtown Dubai,Apartment,4BR,110000,110000,9200,-8.0,1.8,4.25,3.36,83.5,16.5,13.1,74,1120,6.7,810,81.7,242000,4.43,-0.18,2600000,23.5,556
RENT001010,2020-07-01,2020,7,Q3,Dubai,Dubai,Downtown Dubai,Villa,1BR,221000,219000,18400,-8.0,-1.4,4.03,3.4,84.0,16.0,18.1,95,441,9.5,920,67.3,226000,4.12,-0.09,5500000,24.8,561
RENT001015,2020-07-01,2020,7,Q3,Dubai,Dubai,Dubai Hills Estate,Apartment,5BR+,119000,118000,9900,-8.0,-0.3,5.72,4.91,85.8,14.2,22.1,90,578,1.9,650,65.9,156000,5.98,-0.26,2100000,17.5,289
RENT001016,2020-07-01,2020,7,Q3,Dubai,Dubai,Dubai Hills Estate,Villa,3BR,307000,307000,25600,-8.0,2.6,4.56,3.51,83.7,16.3,12.6,33,409,1.6,1560,72.9,415000,4.32,0.24,6750000,21.9,264
RENT001011,2020-07-01,2020,7,Q3,Dubai,Dubai,Dubai Marina,Apartment,1BR,90000,87000,7500,-8.0,2.0,4.99,3.99,74.6,25.4,13.1,108,71,16.6,640,65.7,153000,5.26,-0.27,1800000,20.0,279
RENT001012,2020-07-01,2020,7,Q3,Dubai,Dubai,Dubai Marina,Villa,1BR,184000,178000,15300,-8.0,3.5,4.39,3.31,81.4,18.6,18.0,189,990,8.5,800,87.2,255000,3.95,0.44,4200000,22.8,442
RENT001031,2020-07-01,2020,7,Q3,Dubai,Dubai,Dubai South,Apartment,2BR,59000,58000,4900,-8.0,0.8,4.21,3.36,71.2,28.8,23.6,25,504,3.3,400,65.0,95000,4.65,-0.44,1400000,23.7,266
RENT001032,2020-07-01,2020,7,Q3,Dubai,Dubai,Dubai South,Villa,Studio,141000,130000,11800,-8.0,3.2,4.63,3.93,75.1,24.9,23.4,131,526,1.1,960,79.5,279000,4.84,-0.21,3050000,21.6,569
RENT001025,2020-07-01,2020,7,Q3,Dubai,Dubai,JBR,Apartment,1BR,107000,100000,8900,-8.0,-0.6,6.07,5.0,72.7,27.3,22.9,165,158,9.4,740,67.8,183000,6.32,-0.25,1750000,16.5,544
RENT001026,2020-07-01,2020,7,Q3,Dubai,Dubai,JBR,Villa,1BR,285000,269000,23800,-8.0,-1.9,4.47,3.5,86.1,13.9,19.8,132,133,10.7,1300,82.0,389000,4.25,0.22,6400000,22.4,319
RENT001019,2020-07-01,2020,7,Q3,Dubai,Dubai,JVC,Apartment,2BR,59000,60000,4900,-8.0,-1.4,4.39,3.65,81.3,18.7,19.4,190,688,2.6,270,66.5,66000,4.11,0.28,1350000,22.8,494
RENT001020,2020-07-01,2020,7,Q3,Dubai,Dubai,JVC,Villa,4BR,181000,180000,15100,-8.0,1.1,4.44,3.58,74.3,25.7,14.5,220,897,1.7,960,74.8,262000,4.34,0.1,4100000,22.5,414
RENT001045,2020-07-01,2020,7,Q3,Abu Dhabi,Abu Dhabi,Khalifa City,Apartment,1BR,66000,65000,5500,-8.0,1.3,6.15,5.52,74.0,26.0,18.0,148,287,1.4,250,61.2,56000,6.62,-0.47,1050000,16.3,277
RENT001046,2020-07-01,2020,7,Q3,Abu Dhabi,Abu Dhabi,Khalifa City,Villa,Studio,204000,205000,17000,-8.0,2.2,4.41,3.73,84.9,15.1,16.2,235,875,4.0,1370,58.3,292000,4.08,0.33,4650000,22.7,275
RENT001021,2020-07-01,2020,7,Q3,Dubai,Dubai,MBR City,Apartment,1BR,120000,125000,10000,-8.0,-1.1,4.6,3.6,70.7,29.3,15.2,74,385,2.8,750,62.8,172000,4.21,0.39,2600000,21.7,101
RENT001022,2020-07-01,2020,7,Q3,Dubai,Dubai,MBR City,Villa,2BR,406000,382000,33800,-8.0,0.4,5.92,5.39,73.8,26.2,23.7,135,868,6.7,1570,82.3,472000,6.0,-0.08,6850000,16.9,107
RENT001051,2020-07-01,2020,7,Q3,Abu Dhabi,Abu Dhabi,Masdar City,Apartment,5BR+,57000,54000,4800,-8.0,2.3,4.75,3.58,80.4,19.6,23.3,67,1017,2.3,390,70.4,100000,4.72,0.03,1200000,21.1,84
RENT001052,2020-07-01,2020,7,Q3,Abu Dhabi,Abu Dhabi,Masdar City,Villa,5BR+,135000,131000,11200,-8.0,2.7,3.9,3.12,87.5,12.5,22.3,198,733,3.5,760,83.3,231000,4.01,-0.11,3450000,25.7,179
RENT001033,2020-07-01,2020,7,Q3,Dubai,Dubai,Meydan,Apartment,Studio,88000,82000,7300,-8.0,-1.9,5.64,4.98,82.3,17.7,12.8,220,751,2.1,530,84.1,163000,5.46,0.18,1550000,17.7,484
RENT001034,2020-07-01,2020,7,Q3,Dubai,Dubai,Meydan,Villa,3BR,259000,270000,21600,-8.0,1.0,5.61,4.51,71.5,28.5,20.6,90,283,6.9,1230,64.7,290000,5.29,0.32,4600000,17.8,184
RENT001057,2020-07-01,2020,7,Q3,Sharjah,Sharjah,Muwaileh,Apartment,1BR,37000,38000,3100,-8.0,2.5,4.89,4.01,71.4,28.6,20.0,80,157,4.1,160,82.4,48000,5.34,-0.45,750000,20.4,232
RENT001058,2020-07-01,2020,7,Q3,Sharjah,Sharjah,Muwaileh,Villa,Studio,107000,111000,8900,-8.0,-1.6,6.25,5.21,86.9,13.1,11.6,169,375,8.0,470,71.4,122000,6.25,0.0,1700000,16.0,183
RENT001013,2020-07-01,2020,7,Q3,Dubai,Dubai,Palm Jumeirah,Apartment,3BR,194000,184000,16200,-8.0,2.8,4.53,3.55,85.4,14.6,10.4,25,1004,14.8,1190,66.1,287000,4.09,0.44,4300000,22.1,255
RENT001014,2020-07-01,2020,7,Q3,Dubai,Dubai,Palm Jumeirah,Villa,1BR,587000,566000,48900,-8.0,2.6,3.95,3.1,72.6,27.4,11.8,157,91,7.1,2320,64.4,545000,3.74,0.21,14850000,25.3,522
RENT001039,2020-07-01,2020,7,Q3,Abu Dhabi,Abu Dhabi,Saadiyat Island,Apartment,2BR,159000,153000,13200,-8.0,-2.4,6.09,5.16,85.5,14.5,11.2,206,139,14.0,910,60.2,200000,6.51,-0.42,2600000,16.4,286
RENT001040,2020-07-01,2020,7,Q3,Abu Dhabi,Abu Dhabi,Saadiyat Island,Villa,2BR,425000,440000,35400,-8.0,0.4,5.09,4.55,71.2,28.8,15.0,86,521,7.9,1980,86.6,626000,4.93,0.16,8350000,19.6,322
RENT001035,2020-07-01,2020,7,Q3,Dubai,Dubai,Sports City,Apartment,Studio,50000,51000,4200,-8.0,0.1,4.56,3.54,87.9,12.1,10.8,238,198,2.5,240,71.6,63000,4.61,-0.05,1100000,22.0,258
RENT001036,2020-07-01,2020,7,Q3,Dubai,Dubai,Sports City,Villa,2BR,140000,131000,11700,-8.0,2.4,4.1,3.31,86.9,13.1,21.9,200,471,7.5,880,77.4,249000,3.74,0.36,3400000,24.4,152
RENT001041,2020-07-01,2020,7,Q3,Abu Dhabi,Abu Dhabi,Yas Island,Apartment,2BR,89000,91000,7400,-8.0,-0.8,4.0,3.2,87.3,12.7,22.1,237,1194,15.5,470,77.8,133000,3.78,0.22,2250000,25.0,237
RENT001042,2020-07-01,2020,7,Q3,Abu Dhabi,Abu Dhabi,Yas Island,Villa,4BR,147000,137000,12200,-8.0,2.8,4.01,3.12,71.6,28.4,12.1,120,718,9.2,630,74.8,172000,3.93,0.08,3650000,24.9,55
RENT001079,2020-08-01,2020,8,Q3,Dubai,Dubai,Al Furjan,Apartment,2BR,63000,62000,5200,-8.0,1.8,4.76,3.66,73.2,26.8,14.0,176,588,2.8,410,83.2,125000,4.81,-0.05,1300000,21.0,532
RENT001080,2020-08-01,2020,8,Q3,Dubai,Dubai,Al Furjan,Villa,Studio,198000,199000,16500,-8.0,1.2,4.02,3.11,73.8,26.2,15.2,18,1085,7.9,980,87.6,313000,4.0,0.02,4950000,24.9,518
RENT001119,2020-08-01,2020,8,Q3,Ras Al Khaimah,Ras Al Khaimah,Al Hamra Village,Apartment,2BR,56000,52000,4700,-8.0,2.6,4.31,3.46,82.1,17.9,20.7,41,129,5.4,400,74.2,108000,4.36,-0.05,1300000,23.2,113
RENT001120,2020-08-01,2020,8,Q3,Ras Al Khaimah,Ras Al Khaimah,Al Hamra Village,Villa,1BR,150000,153000,12500,-8.0,3.2,4.03,3.22,87.4,12.6,17.1,66,378,3.8,1060,83.2,322000,4.51,-0.48,3700000,24.8,20
RENT001115,2020-08-01,2020,8,Q3,Sharjah,Sharjah,Al Khan,Apartment,Studio,37000,38000,3100,-8.0,0.9,3.98,2.84,74.4,25.6,16.9,191,857,2.2,220,65.0,52000,3.96,0.02,950000,25.1,142
RENT001116,2020-08-01,2020,8,Q3,Sharjah,Sharjah,Al Khan,Villa,3BR,114000,109000,9500,-8.0,-1.1,4.09,3.1,73.2,26.8,10.4,72,1072,6.5,730,83.4,222000,3.67,0.42,2800000,24.4,185
RENT001109,2020-08-01,2020,8,Q3,Sharjah,Sharjah,Al Majaz,Apartment,2BR,41000,38000,3400,-8.0,1.9,4.59,3.61,80.6,19.4,10.6,15,679,6.3,280,62.1,63000,4.23,0.36,900000,21.8,117
RENT001110,2020-08-01,2020,8,Q3,Sharjah,Sharjah,Al Majaz,Villa,2BR,131000,127000,10900,-8.0,1.3,4.49,3.75,79.2,20.8,22.8,249,745,3.8,890,73.7,239000,4.51,-0.02,2900000,22.3,164
RENT001111,2020-08-01,2020,8,Q3,Sharjah,Sharjah,Al Nahda,Apartment,1BR,38000,37000,3200,-8.0,-1.5,6.05,5.21,85.5,14.5,13.4,162,603,6.7,280,81.0,83000,6.19,-0.14,650000,16.5,66
RENT001112,2020-08-01,2020,8,Q3,Sharjah,Sharjah,Al Nahda,Villa,2BR,102000,98000,8500,-8.0,-0.0,4.2,3.01,84.1,15.9,22.3,54,594,6.7,440,68.0,109000,3.84,0.36,2450000,23.8,233
RENT001099,2020-08-01,2020,8,Q3,Abu Dhabi,Abu Dhabi,Al Raha Beach,Apartment,2BR,91000,85000,7600,-8.0,-1.6,6.0,5.17,88.7,11.3,12.1,25,874,4.5,500,60.3,110000,5.58,0.42,1500000,16.7,343
RENT001100,2020-08-01,2020,8,Q3,Abu Dhabi,Abu Dhabi,Al Raha Beach,Villa,1BR,274000,255000,22800,-8.0,2.3,5.89,4.92,79.2,20.8,10.0,189,327,5.6,1840,60.2,404000,5.53,0.36,4650000,17.0,334
RENT001105,2020-08-01,2020,8,Q3,Abu Dhabi,Abu Dhabi,Al Reef,Apartment,2BR,56000,57000,4700,-8.0,1.0,4.43,3.59,76.2,23.8,18.3,24,1176,4.0,330,79.0,95000,4.56,-0.13,1250000,22.6,67
RENT001106,2020-08-01,2020,8,Q3,Abu Dhabi,Abu Dhabi,Al Reef,Villa,3BR,113000,114000,9400,-8.0,0.2,5.09,4.43,79.8,20.2,18.6,207,1023,5.0,520,82.5,157000,4.76,0.33,2200000,19.6,78
RENT001093,2020-08-01,2020,8,Q3,Abu Dhabi,Abu Dhabi,Al Reem Island,Apartment,3BR,65000,60000,5400,-8.0,0.6,4.9,3.71,77.9,22.1,23.9,206,269,8.0,460,74.4,125000,4.59,0.31,1350000,20.4,307
RENT001094,2020-08-01,2020,8,Q3,Abu Dhabi,Abu Dhabi,Al Reem Island,Villa,2BR,149000,153000,12400,-8.0,-0.1,4.12,3.06,70.8,29.2,17.2,149,665,1.3,750,64.1,175000,3.67,0.45,3600000,24.3,183
RENT001117,2020-08-01,2020,8,Q3,Sharjah,Sharjah,Al Taawun,Apartment,1BR,36000,37000,3000,-8.0,3.0,4.45,3.87,73.8,26.2,17.9,49,709,4.9,200,81.7,60000,4.24,0.21,800000,22.5,71
RENT001118,2020-08-01,2020,8,Q3,Sharjah,Sharjah,Al Taawun,Villa,2BR,132000,130000,11000,-8.0,-0.9,4.24,3.28,76.2,23.8,16.0,102,861,5.4,970,55.0,195000,3.9,0.34,3100000,23.6,124
RENT001073,2020-08-01,2020,8,Q3,Dubai,Dubai,Business Bay,Apartment,4BR,74000,68000,6200,-8.0,0.2,5.12,4.15,79.0,21.0,20.3,174,84,1.9,480,65.9,115000,5.49,-0.37,1450000,19.5,295
RENT001074,2020-08-01,2020,8,Q3,Dubai,Dubai,Business Bay,Villa,2BR,246000,239000,20500,-8.0,-1.4,5.42,4.62,72.7,27.3,12.0,240,1081,5.3,1800,77.0,506000,5.66,-0.24,4550000,18.4,318
RENT001103,2020-08-01,2020,8,Q3,Abu Dhabi,Abu Dhabi,Corniche,Apartment,Studio,91000,91000,7600,-8.0,0.1,5.06,3.93,71.9,28.1,17.4,197,844,6.0,650,81.0,192000,5.43,-0.37,1800000,19.8,89
RENT001104,2020-08-01,2020,8,Q3,Abu Dhabi,Abu Dhabi,Corniche,Villa,Studio,175000,168000,14600,-8.0,-0.8,3.97,3.41,83.6,16.4,16.6,221,68,3.1,850,59.2,184000,4.12,-0.15,4400000,25.2,134
RENT001083,2020-08-01,2020,8,Q3,Dubai,Dubai,Creek Harbour,Apartment,2BR,91000,93000,7600,-8.0,2.6,4.66,3.76,85.7,14.3,23.5,208,750,1.3,670,60.8,149000,4.66,0.0,1950000,21.4,407
RENT001084,2020-08-01,2020,8,Q3,Dubai,Dubai,Creek Harbour,Villa,2BR,263000,261000,21900,-8.0,1.8,4.94,4.05,84.5,15.5,20.6,88,824,4.4,1760,84.3,542000,4.6,0.34,5300000,20.2,232
RENT001085,2020-08-01,2020,8,Q3,Dubai,Dubai,DAMAC Hills,Apartment,Studio,78000,80000,6500,-8.0,0.3,4.89,3.92,71.5,28.5,11.1,148,400,3.3,560,62.4,128000,5.27,-0.38,1600000,20.5,209
RENT001086,2020-08-01,2020,8,Q3,Dubai,Dubai,DAMAC Hills,Villa,3BR,138000,138000,11500,-8.0,2.9,4.59,4.01,89.6,10.4,15.8,78,1038,5.5,600,73.8,162000,4.32,0.27,3000000,21.8,91
RENT001065,2020-08-01,2020,8,Q3,Dubai,Dubai,Downtown Dubai,Apartment,3BR,107000,99000,8900,-8.0,1.3,5.65,4.45,74.9,25.1,20.4,96,931,10.1,720,76.0,200000,6.08,-0.43,1900000,17.7,310
RENT001066,2020-08-01,2020,8,Q3,Dubai,Dubai,Downtown Dubai,Villa,1BR,258000,256000,21500,-8.0,-2.4,4.92,3.78,87.3,12.7,15.8,15,595,9.9,1860,76.3,518000,5.24,-0.32,5250000,20.3,576
RENT001071,2020-08-01,2020,8,Q3,Dubai,Dubai,Dubai Hills Estate,Apartment,2BR,115000,120000,9600,-8.0,0.6,5.32,4.4,76.6,23.4,18.6,66,953,6.5,700,58.4,149000,5.01,0.31,2150000,18.8,124
RENT001072,2020-08-01,2020,8,Q3,Dubai,Dubai,Dubai Hills Estate,Villa,1BR,383000,401000,31900,-8.0,3.0,4.54,3.48,81.8,18.2,15.1,155,679,6.0,2000,61.2,447000,4.36,0.18,8450000,22.0,549
RENT001067,2020-08-01,2020,8,Q3,Dubai,Dubai,Dubai Marina,Apartment,3BR,91000,94000,7600,-8.0,0.7,3.85,2.72,83.9,16.1,11.3,46,239,15.2,600,77.4,170000,4.14,-0.29,2350000,26.0,326
RENT001068,2020-08-01,2020,8,Q3,Dubai,Dubai,Dubai Marina,Villa,1BR,293000,276000,24400,-8.0,-0.4,6.12,5.5,83.2,16.8,10.7,55,557,13.1,1200,55.8,244000,6.18,-0.06,4800000,16.3,268
RENT001087,2020-08-01,2020,8,Q3,Dubai,Dubai,Dubai South,Apartment,4BR,53000,52000,4400,-8.0,2.7,4.87,3.85,89.6,10.4,22.2,229,443,2.2,300,86.3,94000,5.12,-0.25,1100000,20.5,569
RENT001088,2020-08-01,2020,8,Q3,Dubai,Dubai,Dubai South,Villa,3BR,135000,134000,11200,-8.0,2.3,6.13,5.16,87.4,12.6,16.0,182,891,7.2,940,80.3,276000,6.37,-0.24,2200000,16.3,487
RENT001081,2020-08-01,2020,8,Q3,Dubai,Dubai,JBR,Apartment,3BR,90000,88000,7500,-8.0,-0.2,4.62,3.84,81.5,18.5,12.2,144,340,6.7,610,64.6,144000,4.67,-0.05,1950000,21.6,277
RENT001082,2020-08-01,2020,8,Q3,Dubai,Dubai,JBR,Villa,Studio,294000,283000,24500,-8.0,2.9,4.39,3.81,77.2,22.8,12.7,23,727,19.9,1760,75.6,486000,4.21,0.18,6700000,22.8,196
RENT001075,2020-08-01,2020,8,Q3,Dubai,Dubai,JVC,Apartment,Studio,55000,52000,4600,-8.0,1.1,5.9,4.73,75.3,24.7,23.2,49,651,7.7,250,74.2,68000,5.44,0.46,950000,17.0,227
RENT001076,2020-08-01,2020,8,Q3,Dubai,Dubai,JVC,Villa,1BR,162000,151000,13500,-8.0,-1.1,4.9,4.31,80.4,19.6,10.8,242,220,2.4,1180,79.4,342000,4.61,0.29,3300000,20.4,88
RENT001101,2020-08-01,2020,8,Q3,Abu Dhabi,Abu Dhabi,Khalifa City,Apartment,Studio,66000,67000,5500,-8.0,1.7,4.78,3.67,70.2,29.8,17.3,142,1151,3.5,410,64.6,97000,4.42,0.36,1400000,20.9,226
RENT001102,2020-08-01,2020,8,Q3,Abu Dhabi,Abu Dhabi,Khalifa City,Villa,3BR,231000,226000,19200,-8.0,-2.1,4.89,4.26,77.1,22.9,16.9,90,784,7.8,1070,83.5,326000,5.17,-0.28,4700000,20.4,74
RENT001077,2020-08-01,2020,8,Q3,Dubai,Dubai,MBR City,Apartment,2BR,118000,121000,9800,-8.0,-1.4,5.42,4.5,78.4,21.6,16.3,200,1093,3.9,450,76.0,125000,5.74,-0.32,2200000,18.4,148
RENT001078,2020-08-01,2020,8,Q3,Dubai,Dubai,MBR City,Villa,3BR,228000,224000,19000,-8.0,3.2,4.86,4.05,78.8,21.2,13.3,52,684,6.9,1440,81.2,427000,5.12,-0.26,4700000,20.6,597
RENT001107,2020-08-01,2020,8,Q3,Abu Dhabi,Abu Dhabi,Masdar City,Apartment,1BR,49000,47000,4100,-8.0,0.9,3.89,3.22,81.7,18.3,13.1,92,648,5.1,350,86.4,110000,4.34,-0.45,1250000,25.7,239
RENT001108,2020-08-01,2020,8,Q3,Abu Dhabi,Abu Dhabi,Masdar City,Villa,3BR,140000,146000,11700,-8.0,0.7,3.92,2.9,83.3,16.7,16.5,240,259,7.2,850,78.0,242000,3.62,0.3,3550000,25.5,279
RENT001089,2020-08-01,2020,8,Q3,Dubai,Dubai,Meydan,Apartment,3BR,82000,77000,6800,-8.0,0.4,5.99,4.81,88.5,11.5,12.6,209,784,2.9,430,71.4,112000,6.07,-0.08,1350000,16.7,511
RENT001090,2020-08-01,2020,8,Q3,Dubai,Dubai,Meydan,Villa,2BR,241000,235000,20100,-8.0,-1.1,5.86,4.83,83.9,16.1,13.8,60,486,4.0,1550,84.6,479000,5.54,0.32,4100000,17.1,324
RENT001113,2020-08-01,2020,8,Q3,Sharjah,Sharjah,Muwaileh,Apartment,1BR,32000,32000,2700,-8.0,2.8,4.8,4.09,84.6,15.4,11.7,18,93,6.3,170,86.5,54000,5.16,-0.36,650000,20.8,165
RENT001114,2020-08-01,2020,8,Q3,Sharjah,Sharjah,Muwaileh,Villa,1BR,106000,106000,8800,-8.0,-0.3,4.17,3.66,73.3,26.7,21.5,44,813,7.1,430,70.5,111000,4.56,-0.39,2550000,24.0,102
RENT001069,2020-08-01,2020,8,Q3,Dubai,Dubai,Palm Jumeirah,Apartment,2BR,182000,182000,15200,-8.0,2.5,3.96,3.36,85.3,14.7,23.0,19,1126,19.2,1060,76.7,297000,4.4,-0.44,4600000,25.2,479
RENT001070,2020-08-01,2020,8,Q3,Dubai,Dubai,Palm Jumeirah,Villa,2BR,410000,424000,34200,-8.0,-2.3,5.84,4.89,74.0,26.0,22.8,71,503,8.6,1490,74.6,406000,5.63,0.21,7000000,17.1,500
RENT001095,2020-08-01,2020,8,Q3,Abu Dhabi,Abu Dhabi,Saadiyat Island,Apartment,4BR,142000,143000,11800,-8.0,1.8,4.98,3.81,85.3,14.7,20.3,50,1150,6.9,730,60.4,161000,5.15,-0.17,2850000,20.1,164
RENT001096,2020-08-01,2020,8,Q3,Abu Dhabi,Abu Dhabi,Saadiyat Island,Villa,3BR,479000,492000,39900,-8.0,-0.2,4.2,3.25,78.9,21.1,18.5,113,94,15.5,2250,68.5,563000,4.12,0.08,11400000,23.8,262
RENT001091,2020-08-01,2020,8,Q3,Dubai,Dubai,Sports City,Apartment,2BR,52000,54000,4300,-8.0,3.3,4.02,3.27,87.3,12.7,22.0,198,52,5.6,380,87.7,122000,4.46,-0.44,1300000,24.9,215
RENT001092,2020-08-01,2020,8,Q3,Dubai,Dubai,Sports City,Villa,2BR,128000,121000,10700,-8.0,2.2,5.15,4.19,88.4,11.6,19.9,222,413,8.0,590,72.2,155000,4.88,0.27,2500000,19.4,164
RENT001097,2020-08-01,2020,8,Q3,Abu Dhabi,Abu Dhabi,Yas Island,Apartment,1BR,83000,87000,6900,-8.0,3.2,5.08,4.31,78.2,21.8,17.7,35,996,9.1,500,82.7,151000,4.73,0.35,1650000,19.7,106
RENT001098,2020-08-01,2020,8,Q3,Abu Dhabi,Abu Dhabi,Yas Island,Villa,3BR,239000,244000,19900,-8.0,-1.7,3.95,3.09,86.6,13.4,10.9,142,366,15.8,1580,60.9,351000,4.38,-0.43,6050000,25.3,61
RENT001135,2020-09-01,2020,9,Q3,Dubai,Dubai,Al Furjan,Apartment,3BR,66000,67000,5500,-8.0,0.3,4.03,3.03,72.7,27.3,10.1,214,649,1.6,420,87.9,135000,4.14,-0.11,1650000,24.8,599
RENT001136,2020-09-01,2020,9,Q3,Dubai,Dubai,Al Furjan,Villa,Studio,161000,160000,13400,-8.0,2.1,5.73,4.99,73.9,26.1,15.9,100,1005,6.6,1140,71.0,295000,6.0,-0.27,2800000,17.5,196
RENT001175,2020-09-01,2020,9,Q3,Ras Al Khaimah,Ras Al Khaimah,Al Hamra Village,Apartment,2BR,51000,49000,4200,-8.0,-1.9,5.08,3.95,70.8,29.2,15.0,158,650,2.4,310,60.4,68000,4.86,0.22,1000000,19.7,39
RENT001176,2020-09-01,2020,9,Q3,Ras Al Khaimah,Ras Al Khaimah,Al Hamra Village,Villa,4BR,156000,153000,13000,-8.0,-0.6,4.98,4.25,88.2,11.8,12.3,75,1167,6.5,1150,86.2,362000,4.78,0.2,3150000,20.1,100
RENT001171,2020-09-01,2020,9,Q3,Sharjah,Sharjah,Al Khan,Apartment,4BR,38000,39000,3200,-8.0,0.6,4.9,4.38,78.9,21.1,15.0,146,780,4.4,240,67.3,59000,5.11,-0.21,800000,20.4,186
RENT001172,2020-09-01,2020,9,Q3,Sharjah,Sharjah,Al Khan,Villa,Studio,73000,72000,6100,-8.0,1.6,4.45,3.66,89.2,10.8,15.3,74,492,1.3,470,67.9,116000,4.59,-0.14,1650000,22.5,155
RENT001165,2020-09-01,2020,9,Q3,Sharjah,Sharjah,Al Majaz,Apartment,3BR,41000,38000,3400,-8.0,1.4,5.53,4.96,86.9,13.1,16.8,16,60,6.8,220,59.0,47000,5.13,0.4,750000,18.1,95
RENT001166,2020-09-01,2020,9,Q3,Sharjah,Sharjah,Al Majaz,Villa,4BR,102000,102000,8500,-8.0,2.5,4.29,3.77,71.9,28.1,22.4,195,290,6.7,630,58.0,133000,4.29,0.0,2400000,23.3,128
RENT001167,2020-09-01,2020,9,Q3,Sharjah,Sharjah,Al Nahda,Apartment,2BR,37000,38000,3100,-8.0,1.3,5.35,4.26,75.7,24.3,22.9,33,738,4.3,210,59.8,46000,5.49,-0.14,700000,18.7,115
RENT001168,2020-09-01,2020,9,Q3,Sharjah,Sharjah,Al Nahda,Villa,1BR,128000,130000,10700,-8.0,-2.4,4.13,3.07,83.5,16.5,21.9,70,399,3.1,570,64.3,134000,3.66,0.47,3100000,24.2,142
RENT001155,2020-09-01,2020,9,Q3,Abu Dhabi,Abu Dhabi,Al Raha Beach,Apartment,4BR,91000,95000,7600,-8.0,0.3,4.9,3.75,84.5,15.5,22.0,117,876,6.8,660,59.3,143000,4.63,0.27,1850000,20.4,144
RENT001156,2020-09-01,2020,9,Q3,Abu Dhabi,Abu Dhabi,Al Raha Beach,Villa,4BR,214000,211000,17800,-8.0,-1.5,5.45,4.88,86.8,13.2,23.8,233,115,7.6,1310,59.1,283000,5.15,0.3,3950000,18.3,348
RENT001161,2020-09-01,2020,9,Q3,Abu Dhabi,Abu Dhabi,Al Reef,Apartment,Studio,55000,53000,4600,-8.0,-0.9,4.39,3.53,81.8,18.2,17.6,134,904,5.5,260,77.0,73000,4.05,0.34,1250000,22.8,353
RENT001162,2020-09-01,2020,9,Q3,Abu Dhabi,Abu Dhabi,Al Reef,Villa,2BR,149000,145000,12400,-8.0,-0.3,3.91,3.22,74.4,25.6,21.8,22,996,6.2,580,70.1,148000,3.9,0.01,3800000,25.6,117
RENT001149,2020-09-01,2020,9,Q3,Abu Dhabi,Abu Dhabi,Al Reem Island,Apartment,2BR,62000,57000,5200,-8.0,2.6,4.39,3.59,76.3,23.7,12.8,145,459,1.8,300,78.2,86000,4.7,-0.31,1400000,22.8,158
RENT001150,2020-09-01,2020,9,Q3,Abu Dhabi,Abu Dhabi,Al Reem Island,Villa,2BR,171000,175000,14200,-8.0,1.8,4.5,3.32,90.0,10.0,12.5,27,1078,1.1,1040,73.6,279000,4.25,0.25,3800000,22.2,253
RENT001173,2020-09-01,2020,9,Q3,Sharjah,Sharjah,Al Taawun,Apartment,4BR,37000,34000,3100,-8.0,2.1,4.0,2.89,72.3,27.7,14.6,243,211,5.6,190,74.8,52000,3.53,0.47,950000,25.0,211
RENT001174,2020-09-01,2020,9,Q3,Sharjah,Sharjah,Al Taawun,Villa,1BR,103000,102000,8600,-8.0,2.4,4.72,3.77,85.4,14.6,18.6,12,1199,4.6,500,77.7,142000,4.3,0.42,2200000,21.2,182
RENT001129,2020-09-01,2020,9,Q3,Dubai,Dubai,Business Bay,Apartment,1BR,81000,83000,6800,-8.0,-2.3,3.96,3.07,80.1,19.9,20.9,216,769,7.1,590,75.8,163000,4.18,-0.22,2050000,25.3,513
RENT001130,2020-09-01,2020,9,Q3,Dubai,Dubai,Business Bay,Villa,3BR,181000,179000,15100,-8.0,3.5,5.49,4.34,80.4,19.6,11.1,90,211,7.6,1330,81.2,394000,5.7,-0.21,3300000,18.2,117
RENT001159,2020-09-01,2020,9,Q3,Abu Dhabi,Abu Dhabi,Corniche,Apartment,3BR,93000,92000,7800,-8.0,-0.8,4.76,3.6,75.1,24.9,22.4,214,1181,4.9,540,64.1,126000,4.81,-0.05,1950000,21.0,155
RENT001160,2020-09-01,2020,9,Q3,Abu Dhabi,Abu Dhabi,Corniche,Villa,2BR,294000,306000,24500,-8.0,1.0,5.94,5.16,81.3,18.7,23.0,186,920,4.2,1060,70.2,272000,5.62,0.32,4950000,16.8,252
RENT001139,2020-09-01,2020,9,Q3,Dubai,Dubai,Creek Harbour,Apartment,3BR,79000,74000,6600,-8.0,3.3,4.37,3.86,74.1,25.9,15.7,135,286,7.7,460,77.8,131000,4.39,-0.02,1800000,22.9,495
RENT001140,2020-09-01,2020,9,Q3,Dubai,Dubai,Creek Harbour,Villa,2BR,186000,172000,15500,-8.0,1.1,4.09,3.45,85.1,14.9,15.7,184,487,2.3,1350,65.2,321000,4.29,-0.2,4550000,24.5,483
RENT001141,2020-09-01,2020,9,Q3,Dubai,Dubai,DAMAC Hills,Apartment,Studio,70000,65000,5800,-8.0,0.2,6.04,5.09,74.3,25.7,12.9,206,281,6.0,460,79.5,133000,6.51,-0.47,1150000,16.6,411
RENT001142,2020-09-01,2020,9,Q3,Dubai,Dubai,DAMAC Hills,Villa,3BR,167000,174000,13900,-8.0,-0.5,6.05,5.31,74.7,25.3,12.1,54,374,1.3,850,64.3,199000,5.66,0.39,2750000,16.5,319
RENT001121,2020-09-01,2020,9,Q3,Dubai,Dubai,Downtown Dubai,Apartment,2BR,98000,91000,8200,-8.0,2.0,4.97,3.97,71.8,28.2,22.6,57,99,19.7,520,66.1,125000,4.83,0.14,1950000,20.1,91
RENT001122,2020-09-01,2020,9,Q3,Dubai,Dubai,Downtown Dubai,Villa,Studio,297000,298000,24800,-8.0,0.4,4.03,3.53,80.9,19.1,23.3,178,1154,5.8,1390,79.8,405000,4.49,-0.46,7400000,24.8,350
RENT001127,2020-09-01,2020,9,Q3,Dubai,Dubai,Dubai Hills Estate,Apartment,3BR,108000,109000,9000,-8.0,-1.2,4.41,3.85,81.2,18.8,18.1,20,951,2.0,460,68.2,115000,4.51,-0.1,2450000,22.7,380
RENT001128,2020-09-01,2020,9,Q3,Dubai,Dubai,Dubai Hills Estate,Villa,1BR,331000,342000,27600,-8.0,1.7,4.11,3.27,89.7,10.3,16.0,38,909,4.8,2400,61.6,540000,3.82,0.29,8050000,24.3,159
RENT001123,2020-09-01,2020,9,Q3,Dubai,Dubai,Dubai Marina,Apartment,3BR,81000,83000,6800,-8.0,-0.7,5.78,5.21,83.0,17.0,22.6,107,1111,9.0,380,83.1,115000,5.61,0.17,1400000,17.3,176
RENT001124,2020-09-01,2020,9,Q3,Dubai,Dubai,Dubai Marina,Villa,5BR+,245000,253000,20400,-8.0,-0.6,4.71,4.04,75.9,24.1,14.7,237,702,6.1,1580,70.3,405000,4.62,0.09,5200000,21.2,176
RENT001143,2020-09-01,2020,9,Q3,Dubai,Dubai,Dubai South,Apartment,2BR,50000,50000,4200,-8.0,0.4,3.93,2.8,74.0,26.0,19.3,189,157,4.9,310,56.2,64000,3.87,0.06,1250000,25.5,302
RENT001144,2020-09-01,2020,9,Q3,Dubai,Dubai,Dubai South,Villa,3BR,100000,99000,8300,-8.0,-1.9,5.44,4.82,83.5,16.5,11.1,147,762,4.5,520,78.4,149000,5.65,-0.21,1850000,18.4,95
RENT001137,2020-09-01,2020,9,Q3,Dubai,Dubai,JBR,Apartment,3BR,99000,98000,8200,-8.0,1.8,3.98,3.13,85.7,14.3,14.0,137,515,8.8,730,70.4,188000,4.05,-0.07,2500000,25.1,96
RENT001138,2020-09-01,2020,9,Q3,Dubai,Dubai,JBR,Villa,Studio,261000,268000,21800,-8.0,1.1,4.61,4.07,71.0,29.0,22.1,49,311,16.4,1150,85.4,358000,4.26,0.35,5650000,21.7,346
RENT001131,2020-09-01,2020,9,Q3,Dubai,Dubai,JVC,Apartment,1BR,58000,55000,4800,-8.0,-0.1,4.02,2.94,81.5,18.5,18.0,119,403,2.0,350,83.0,106000,3.94,0.08,1450000,24.9,234
RENT001132,2020-09-01,2020,9,Q3,Dubai,Dubai,JVC,Villa,1BR,166000,171000,13800,-8.0,1.7,5.49,4.44,70.5,29.5,18.5,42,680,7.9,830,84.1,255000,5.77,-0.28,3050000,18.2,271
RENT001157,2020-09-01,2020,9,Q3,Abu Dhabi,Abu Dhabi,Khalifa City,Apartment,2BR,57000,57000,4800,-8.0,1.5,3.85,3.19,72.8,27.2,19.3,136,824,6.3,360,56.1,74000,3.78,0.07,1500000,26.0,326
RENT001158,2020-09-01,2020,9,Q3,Abu Dhabi,Abu Dhabi,Khalifa City,Villa,Studio,208000,192000,17300,-8.0,0.6,4.44,3.5,80.6,19.4,16.5,61,519,4.5,930,67.9,230000,4.65,-0.21,4700000,22.5,115
RENT001133,2020-09-01,2020,9,Q3,Dubai,Dubai,MBR City,Apartment,3BR,115000,116000,9600,-8.0,0.0,5.52,4.8,74.1,25.9,17.4,82,613,5.7,580,78.4,166000,5.59,-0.07,2100000,18.1,354
RENT001134,2020-09-01,2020,9,Q3,Dubai,Dubai,MBR City,Villa,1BR,336000,312000,28000,-8.0,-0.5,3.89,2.99,75.4,24.6,13.9,35,780,2.8,1620,80.1,474000,3.73,0.16,8650000,25.7,167
RENT001163,2020-09-01,2020,9,Q3,Abu Dhabi,Abu Dhabi,Masdar City,Apartment,2BR,47000,45000,3900,-8.0,1.9,4.26,3.13,89.6,10.4,17.5,186,683,5.1,190,74.9,52000,4.46,-0.2,1100000,23.5,239
RENT001164,2020-09-01,2020,9,Q3,Abu Dhabi,Abu Dhabi,Masdar City,Villa,Studio,146000,134000,12200,-8.0,0.4,3.91,2.94,85.3,14.7,23.7,85,534,3.2,1030,84.0,316000,4.17,-0.26,3750000,25.6,265
RENT001145,2020-09-01,2020,9,Q3,Dubai,Dubai,Meydan,Apartment,1BR,76000,74000,6300,-8.0,2.9,4.2,3.55,73.2,26.8,12.4,81,958,6.4,280,57.2,58000,4.43,-0.23,1800000,23.8,428
RENT001146,2020-09-01,2020,9,Q3,Dubai,Dubai,Meydan,Villa,1BR,184000,184000,15300,-8.0,-0.3,5.35,4.84,77.3,22.7,19.3,79,1155,1.8,990,78.7,284000,4.91,0.44,3450000,18.7,140
RENT001169,2020-09-01,2020,9,Q3,Sharjah,Sharjah,Muwaileh,Apartment,4BR,34000,33000,2800,-8.0,3.5,3.98,2.98,84.0,16.0,11.8,195,230,5.4,230,67.6,57000,4.32,-0.34,850000,25.1,215
RENT001170,2020-09-01,2020,9,Q3,Sharjah,Sharjah,Muwaileh,Villa,4BR,109000,111000,9100,-8.0,-2.5,5.93,5.01,70.1,29.9,23.0,215,704,3.3,690,64.9,163000,5.81,0.12,1850000,16.9,192
RENT001125,2020-09-01,2020,9,Q3,Dubai,Dubai,Palm Jumeirah,Apartment,1BR,168000,157000,14000,-8.0,2.2,4.31,3.41,77.7,22.3,12.9,155,760,7.7,810,67.2,199000,4.72,-0.41,3900000,23.2,401
RENT001126,2020-09-01,2020,9,Q3,Dubai,Dubai,Palm Jumeirah,Villa,3BR,521000,497000,43400,-8.0,2.1,5.8,4.87,83.9,16.1,20.9,126,835,5.8,3150,80.0,920000,5.7,0.1,9000000,17.2,517
RENT001151,2020-09-01,2020,9,Q3,Abu Dhabi,Abu Dhabi,Saadiyat Island,Apartment,3BR,143000,139000,11900,-8.0,0.9,5.91,4.91,74.9,25.1,17.6,75,96,8.8,950,69.3,240000,6.16,-0.25,2400000,16.9,347
RENT001152,2020-09-01,2020,9,Q3,Abu Dhabi,Abu Dhabi,Saadiyat Island,Villa,Studio,397000,381000,33100,-8.0,2.4,6.13,5.06,71.9,28.1,20.1,202,687,5.4,2700,79.6,784000,5.71,0.42,6500000,16.3,126
RENT001147,2020-09-01,2020,9,Q3,Dubai,Dubai,Sports City,Apartment,2BR,52000,49000,4300,-8.0,0.1,5.33,4.82,70.5,29.5,11.4,66,970,3.6,210,69.4,53000,4.91,0.42,1000000,18.8,102
RENT001148,2020-09-01,2020,9,Q3,Dubai,Dubai,Sports City,Villa,5BR+,125000,123000,10400,-8.0,2.8,4.1,3.1,75.0,25.0,15.3,97,345,3.8,740,67.4,182000,3.69,0.41,3050000,24.4,566
RENT001153,2020-09-01,2020,9,Q3,Abu Dhabi,Abu Dhabi,Yas Island,Apartment,3BR,75000,75000,6200,-8.0,3.4,5.4,4.75,82.4,17.6,11.3,43,966,17.9,330,68.0,82000,5.46,-0.06,1400000,18.5,329
RENT001154,2020-09-01,2020,9,Q3,Abu Dhabi,Abu Dhabi,Yas Island,Villa,Studio,167000,154000,13900,-8.0,2.5,4.42,3.36,88.2,11.8,18.5,107,404,16.9,980,86.5,309000,4.72,-0.3,3800000,22.6,244
RENT001191,2020-10-01,2020,10,Q4,Dubai,Dubai,Al Furjan,Apartment,1BR,64000,60000,5300,-8.0,-1.6,6.23,5.53,81.8,18.2,14.4,65,1083,2.7,460,85.8,144000,5.87,0.36,1050000,16.0,192
RENT001192,2020-10-01,2020,10,Q4,Dubai,Dubai,Al Furjan,Villa,1BR,123000,125000,10200,-8.0,1.1,3.95,3.11,71.3,28.7,19.3,98,301,3.2,530,55.8,108000,4.4,-0.45,3100000,25.3,526
RENT001231,2020-10-01,2020,10,Q4,Ras Al Khaimah,Ras Al Khaimah,Al Hamra Village,Apartment,2BR,48000,47000,4000,-8.0,-1.0,4.39,3.6,80.3,19.7,19.0,153,864,6.4,300,82.1,90000,4.25,0.14,1100000,22.8,26
RENT001232,2020-10-01,2020,10,Q4,Ras Al Khaimah,Ras Al Khaimah,Al Hamra Village,Villa,5BR+,140000,138000,11700,-8.0,1.8,4.0,3.14,85.3,14.7,23.1,14,1103,5.9,670,70.3,172000,4.24,-0.24,3500000,25.0,40
RENT001227,2020-10-01,2020,10,Q4,Sharjah,Sharjah,Al Khan,Apartment,Studio,36000,33000,3000,-8.0,-1.4,4.14,3.28,76.6,23.4,22.8,45,790,3.5,230,62.6,53000,3.7,0.44,850000,24.1,151
RENT001228,2020-10-01,2020,10,Q4,Sharjah,Sharjah,Al Khan,Villa,2BR,137000,143000,11400,-8.0,-0.2,3.87,3.36,86.4,13.6,16.9,31,724,5.5,500,77.2,141000,3.84,0.03,3550000,25.9,187
RENT001221,2020-10-01,2020,10,Q4,Sharjah,Sharjah,Al Majaz,Apartment,2BR,38000,37000,3200,-8.0,0.4,4.24,3.29,86.5,13.5,13.7,181,986,3.5,260,75.2,71000,3.87,0.37,900000,23.6,107
RENT001222,2020-10-01,2020,10,Q4,Sharjah,Sharjah,Al Majaz,Villa,2BR,140000,131000,11700,-8.0,0.1,6.03,5.04,70.3,29.7,23.1,105,429,5.0,920,65.7,221000,6.52,-0.49,2300000,16.6,123
RENT001223,2020-10-01,2020,10,Q4,Sharjah,Sharjah,Al Nahda,Apartment,4BR,33000,32000,2800,-8.0,-1.5,4.11,3.26,85.7,14.3,20.3,141,590,2.1,150,74.5,41000,4.02,0.09,800000,24.3,110
RENT001224,2020-10-01,2020,10,Q4,Sharjah,Sharjah,Al Nahda,Villa,1BR,90000,91000,7500,-8.0,0.4,4.21,3.31,79.3,20.7,16.8,69,557,2.5,340,69.1,86000,4.09,0.12,2150000,23.7,100
RENT001211,2020-10-01,2020,10,Q4,Abu Dhabi,Abu Dhabi,Al Raha Beach,Apartment,Studio,88000,82000,7300,-8.0,-2.5,4.94,4.36,82.3,17.7,14.9,130,1099,6.1,590,76.8,165000,4.7,0.24,1800000,20.2,208
RENT001212,2020-10-01,2020,10,Q4,Abu Dhabi,Abu Dhabi,Al Raha Beach,Villa,3BR,287000,278000,23900,-8.0,-1.2,3.96,3.28,81.6,18.4,11.5,233,222,2.8,1090,69.1,275000,4.46,-0.5,7250000,25.2,231
RENT001217,2020-10-01,2020,10,Q4,Abu Dhabi,Abu Dhabi,Al Reef,Apartment,3BR,55000,57000,4600,-8.0,-0.8,4.28,3.71,80.1,19.9,23.5,146,431,4.2,230,85.8,72000,4.04,0.24,1300000,23.4,250
RENT001218,2020-10-01,2020,10,Q4,Abu Dhabi,Abu Dhabi,Al Reef,Villa,1BR,136000,132000,11300,-8.0,0.4,5.18,4.01,72.0,28.0,22.6,88,246,1.6,1000,71.1,260000,4.89,0.29,2650000,19.3,193
RENT001205,2020-10-01,2020,10,Q4,Abu Dhabi,Abu Dhabi,Al Reem Island,Apartment,4BR,60000,61000,5000,-8.0,-2.0,4.11,2.99,89.0,11.0,20.1,233,485,2.5,320,70.3,82000,4.2,-0.09,1450000,24.3,183
RENT001206,2020-10-01,2020,10,Q4,Abu Dhabi,Abu Dhabi,Al Reem Island,Villa,1BR,147000,150000,12200,-8.0,2.5,5.33,4.16,78.5,21.5,22.0,119,1095,2.9,1030,85.6,322000,5.65,-0.32,2750000,18.8,203
RENT001229,2020-10-01,2020,10,Q4,Sharjah,Sharjah,Al Taawun,Apartment,1BR,35000,34000,2900,-8.0,3.1,4.66,4.11,84.0,16.0,16.8,241,1078,6.3,240,82.1,72000,5.15,-0.49,750000,21.5,174
RENT001230,2020-10-01,2020,10,Q4,Sharjah,Sharjah,Al Taawun,Villa,1BR,93000,86000,7800,-8.0,-0.3,6.08,5.01,85.7,14.3,11.2,17,158,5.6,600,73.5,161000,6.5,-0.42,1550000,16.4,117
RENT001185,2020-10-01,2020,10,Q4,Dubai,Dubai,Business Bay,Apartment,Studio,73000,72000,6100,-8.0,1.2,4.71,4.16,80.1,19.9,12.4,220,620,5.3,360,68.2,90000,5.17,-0.46,1550000,21.2,398
RENT001186,2020-10-01,2020,10,Q4,Dubai,Dubai,Business Bay,Villa,1BR,204000,204000,17000,-8.0,-1.8,4.4,3.43,80.2,19.8,13.3,118,321,6.6,1510,56.3,310000,4.59,-0.19,4650000,22.7,127
RENT001215,2020-10-01,2020,10,Q4,Abu Dhabi,Abu Dhabi,Corniche,Apartment,1BR,90000,85000,7500,-8.0,3.4,4.05,3.12,85.2,14.8,13.0,126,247,4.9,490,73.9,132000,3.61,0.44,2200000,24.7,61
RENT001216,2020-10-01,2020,10,Q4,Abu Dhabi,Abu Dhabi,Corniche,Villa,1BR,168000,172000,14000,-8.0,3.1,4.78,4.04,84.3,15.7,12.8,60,911,1.6,990,85.4,309000,4.81,-0.03,3500000,20.9,127
RENT001195,2020-10-01,2020,10,Q4,Dubai,Dubai,Creek Harbour,Apartment,1BR,88000,83000,7300,-8.0,0.6,4.83,3.77,88.3,11.7,22.1,29,535,5.4,640,72.7,170000,5.27,-0.44,1800000,20.7,546
RENT001196,2020-10-01,2020,10,Q4,Dubai,Dubai,Creek Harbour,Villa,3BR,208000,192000,17300,-8.0,-0.1,4.6,3.68,75.0,25.0,23.4,49,674,5.0,1020,62.2,232000,4.7,-0.1,4550000,21.8,422
RENT001197,2020-10-01,2020,10,Q4,Dubai,Dubai,DAMAC Hills,Apartment,2BR,70000,73000,5800,-8.0,0.4,5.0,3.83,74.2,25.8,12.4,75,669,1.2,410,82.6,124000,5.02,-0.02,1400000,20.0,269
RENT001198,2020-10-01,2020,10,Q4,Dubai,Dubai,DAMAC Hills,Villa,1BR,177000,171000,14800,-8.0,0.8,4.03,3.48,71.8,28.2,23.4,91,1059,2.4,1120,84.3,345000,3.72,0.31,4400000,24.8,526
RENT001177,2020-10-01,2020,10,Q4,Dubai,Dubai,Downtown Dubai,Apartment,3BR,103000,106000,8600,-8.0,3.2,6.2,5.12,71.3,28.7,10.7,33,250,13.2,500,60.5,110000,6.26,-0.06,1650000,16.1,107
RENT001178,2020-10-01,2020,10,Q4,Dubai,Dubai,Downtown Dubai,Villa,3BR,315000,298000,26200,-8.0,-2.3,4.28,3.43,83.4,16.6,15.8,72,944,11.1,1880,78.0,535000,4.75,-0.47,7350000,23.3,196
RENT001183,2020-10-01,2020,10,Q4,Dubai,Dubai,Dubai Hills Estate,Apartment,1BR,112000,113000,9300,-8.0,1.1,5.34,4.8,71.1,28.9,16.3,185,704,2.3,690,71.3,180000,5.65,-0.31,2100000,18.7,515
RENT001184,2020-10-01,2020,10,Q4,Dubai,Dubai,Dubai Hills Estate,Villa,1BR,265000,272000,22100,-8.0,0.3,4.63,4.05,87.2,12.8,17.5,54,88,4.7,1510,66.0,364000,4.41,0.22,5750000,21.6,589
RENT001179,2020-10-01,2020,10,Q4,Dubai,Dubai,Dubai Marina,Apartment,3BR,80000,79000,6700,-8.0,1.4,5.46,4.46,82.4,17.6,11.3,128,1185,14.3,320,55.9,65000,5.11,0.35,1450000,18.3,92
RENT001180,2020-10-01,2020,10,Q4,Dubai,Dubai,Dubai Marina,Villa,5BR+,186000,177000,15500,-8.0,-0.7,5.05,4.52,84.6,15.4,11.7,61,526,12.2,1280,55.3,258000,5.12,-0.07,3700000,19.8,368
RENT001199,2020-10-01,2020,10,Q4,Dubai,Dubai,Dubai South,Apartment,3BR,51000,52000,4200,-8.0,-1.1,5.35,4.53,74.9,25.1,11.7,159,349,2.6,290,73.7,78000,4.96,0.39,950000,18.7,350
RENT001200,2020-10-01,2020,10,Q4,Dubai,Dubai,Dubai South,Villa,2BR,152000,157000,12700,-8.0,3.4,4.13,3.25,75.3,24.7,22.1,78,302,4.2,1100,70.5,283000,4.46,-0.33,3700000,24.2,275
RENT001193,2020-10-01,2020,10,Q4,Dubai,Dubai,JBR,Apartment,3BR,100000,104000,8300,-8.0,3.1,5.75,5.08,83.0,17.0,20.8,109,1166,10.8,630,74.2,171000,5.49,0.26,1750000,17.4,236
RENT001194,2020-10-01,2020,10,Q4,Dubai,Dubai,JBR,Villa,2BR,169000,171000,14100,-8.0,-1.4,4.65,3.95,76.1,23.9,23.5,177,308,17.3,680,75.3,187000,4.23,0.42,3650000,21.5,137
RENT001187,2020-10-01,2020,10,Q4,Dubai,Dubai,JVC,Apartment,2BR,54000,51000,4500,-8.0,0.7,5.61,4.51,86.8,13.2,10.8,211,168,4.3,360,63.5,83000,5.85,-0.24,950000,17.8,282
RENT001188,2020-10-01,2020,10,Q4,Dubai,Dubai,JVC,Villa,Studio,146000,137000,12200,-8.0,3.0,3.86,2.79,79.9,20.1,12.5,94,556,7.5,880,81.3,261000,3.87,-0.01,3800000,25.9,413
RENT001213,2020-10-01,2020,10,Q4,Abu Dhabi,Abu Dhabi,Khalifa City,Apartment,3BR,63000,62000,5200,-8.0,1.3,4.6,3.67,86.9,13.1,20.2,66,1189,4.2,340,65.2,81000,4.33,0.27,1350000,21.8,233
RENT001214,2020-10-01,2020,10,Q4,Abu Dhabi,Abu Dhabi,Khalifa City,Villa,1BR,115000,120000,9600,-8.0,-1.1,4.76,3.91,71.1,28.9,14.0,150,118,3.9,500,64.4,118000,4.39,0.37,2400000,21.0,89
RENT001189,2020-10-01,2020,10,Q4,Dubai,Dubai,MBR City,Apartment,Studio,113000,110000,9400,-8.0,3.5,4.23,3.57,79.0,21.0,20.1,85,624,4.8,540,59.1,116000,3.85,0.38,2650000,23.6,402
RENT001190,2020-10-01,2020,10,Q4,Dubai,Dubai,MBR City,Villa,1BR,417000,395000,34800,-8.0,-1.3,4.65,3.65,75.8,24.2,21.7,92,304,7.9,2700,80.2,790000,4.8,-0.15,8950000,21.5,550
RENT001219,2020-10-01,2020,10,Q4,Abu Dhabi,Abu Dhabi,Masdar City,Apartment,Studio,47000,44000,3900,-8.0,-2.0,5.06,4.52,76.5,23.5,12.7,181,1056,1.8,280,77.6,79000,5.28,-0.22,950000,19.8,347
RENT001220,2020-10-01,2020,10,Q4,Abu Dhabi,Abu Dhabi,Masdar City,Villa,2BR,133000,138000,11100,-8.0,3.3,4.5,3.88,84.7,15.3,21.6,66,1054,3.3,700,78.1,200000,4.26,0.24,2950000,22.2,259
RENT001201,2020-10-01,2020,10,Q4,Dubai,Dubai,Meydan,Apartment,4BR,80000,74000,6700,-8.0,3.1,5.11,4.55,72.2,27.8,20.1,221,962,7.3,570,79.0,164000,4.95,0.16,1550000,19.6,264
RENT001202,2020-10-01,2020,10,Q4,Dubai,Dubai,Meydan,Villa,1BR,185000,180000,15400,-8.0,3.0,5.08,4.34,72.4,27.6,13.7,34,824,5.5,660,81.2,196000,5.57,-0.49,3650000,19.7,90
RENT001225,2020-10-01,2020,10,Q4,Sharjah,Sharjah,Muwaileh,Apartment,2BR,30000,31000,2500,-8.0,2.9,5.48,4.6,70.9,29.1,20.3,231,896,6.5,110,60.1,24000,5.65,-0.17,550000,18.2,109
RENT001226,2020-10-01,2020,10,Q4,Sharjah,Sharjah,Muwaileh,Villa,Studio,67000,68000,5600,-8.0,3.5,4.24,3.4,74.9,25.1,12.5,64,190,5.7,250,60.1,55000,4.59,-0.35,1600000,23.6,85
RENT001181,2020-10-01,2020,10,Q4,Dubai,Dubai,Palm Jumeirah,Apartment,1BR,167000,171000,13900,-8.0,-1.2,4.14,3.1,84.7,15.3,19.0,38,424,16.5,790,67.2,194000,4.5,-0.36,4050000,24.2,387
RENT001182,2020-10-01,2020,10,Q4,Dubai,Dubai,Palm Jumeirah,Villa,1BR,530000,550000,44200,-8.0,-0.5,4.22,3.61,73.9,26.1,18.1,242,97,16.2,3780,76.9,1061000,4.01,0.21,12550000,23.7,160
RENT001207,2020-10-01,2020,10,Q4,Abu Dhabi,Abu Dhabi,Saadiyat Island,Apartment,1BR,131000,123000,10900,-8.0,3.3,5.53,5.03,86.2,13.8,21.6,217,872,11.3,610,79.1,176000,5.44,0.09,2350000,18.1,71
RENT001208,2020-10-01,2020,10,Q4,Abu Dhabi,Abu Dhabi,Saadiyat Island,Villa,4BR,269000,248000,22400,-8.0,-0.0,4.14,3.28,82.2,17.8,11.6,188,976,5.4,1960,75.1,537000,3.69,0.45,6500000,24.1,253
RENT001203,2020-10-01,2020,10,Q4,Dubai,Dubai,Sports City,Apartment,5BR+,50000,50000,4200,-8.0,-2.0,5.6,4.66,71.3,28.7,16.4,186,920,7.2,260,78.3,74000,5.23,0.37,900000,17.9,130
RENT001204,2020-10-01,2020,10,Q4,Dubai,Dubai,Sports City,Villa,3BR,134000,127000,11200,-8.0,3.3,5.31,4.56,70.9,29.1,18.7,133,503,4.0,830,68.8,208000,5.68,-0.37,2500000,18.8,417
RENT001209,2020-10-01,2020,10,Q4,Abu Dhabi,Abu Dhabi,Yas Island,Apartment,1BR,82000,76000,6800,-8.0,-1.6,5.91,5.26,75.3,24.7,14.7,116,234,9.3,310,61.1,69000,5.96,-0.05,1400000,16.9,138
RENT001210,2020-10-01,2020,10,Q4,Abu Dhabi,Abu Dhabi,Yas Island,Villa,1BR,236000,244000,19700,-8.0,1.4,4.72,3.57,70.2,29.8,14.2,135,490,9.4,1280,85.0,397000,4.88,-0.16,5000000,21.2,164
RENT001247,2020-11-01,2020,11,Q4,Dubai,Dubai,Al Furjan,Apartment,4BR,66000,65000,5500,-8.0,2.8,5.76,4.68,81.1,18.9,18.2,114,1046,5.1,330,59.3,71000,5.91,-0.15,1150000,17.4,548
RENT001248,2020-11-01,2020,11,Q4,Dubai,Dubai,Al Furjan,Villa,2BR,196000,196000,16300,-8.0,2.8,3.94,2.88,72.5,27.5,13.1,117,648,7.5,960,85.7,300000,3.95,-0.01,5000000,25.4,126
RENT001287,2020-11-01,2020,11,Q4,Ras Al Khaimah,Ras Al Khaimah,Al Hamra Village,Apartment,4BR,55000,54000,4600,-8.0,-0.5,5.58,5.04,81.7,18.3,11.8,214,979,7.1,300,65.3,72000,5.64,-0.06,1000000,17.9,61
RENT001288,2020-11-01,2020,11,Q4,Ras Al Khaimah,Ras Al Khaimah,Al Hamra Village,Villa,2BR,145000,148000,12100,-8.0,-0.0,6.06,5.05,76.4,23.6,15.8,118,930,5.4,800,66.2,193000,6.07,-0.01,2400000,16.5,108
RENT001283,2020-11-01,2020,11,Q4,Sharjah,Sharjah,Al Khan,Apartment,2BR,41000,39000,3400,-8.0,-0.3,4.25,3.3,89.3,10.7,10.4,170,560,5.5,180,76.0,50000,4.44,-0.19,950000,23.5,111
RENT001284,2020-11-01,2020,11,Q4,Sharjah,Sharjah,Al Khan,Villa,2BR,78000,79000,6500,-8.0,-0.3,4.17,3.41,81.2,18.8,23.7,244,1115,1.8,560,67.8,139000,3.76,0.41,1850000,24.0,68
RENT001277,2020-11-01,2020,11,Q4,Sharjah,Sharjah,Al Majaz,Apartment,1BR,38000,36000,3200,-8.0,-0.8,6.22,5.39,72.2,27.8,19.4,27,909,3.0,150,79.5,44000,6.03,0.19,600000,16.1,54
RENT001278,2020-11-01,2020,11,Q4,Sharjah,Sharjah,Al Majaz,Villa,5BR+,97000,91000,8100,-8.0,2.0,3.92,2.77,86.0,14.0,12.9,166,961,7.0,420,87.6,134000,4.01,-0.09,2450000,25.5,187
RENT001279,2020-11-01,2020,11,Q4,Sharjah,Sharjah,Al Nahda,Apartment,1BR,37000,36000,3100,-8.0,2.5,5.12,4.54,77.9,22.1,10.6,192,1004,2.1,230,78.4,66000,5.61,-0.49,700000,19.5,75
RENT001280,2020-11-01,2020,11,Q4,Sharjah,Sharjah,Al Nahda,Villa,1BR,120000,120000,10000,-8.0,2.9,5.5,4.34,70.7,29.3,20.3,231,342,4.5,430,63.3,99000,5.18,0.32,2200000,18.2,187
RENT001267,2020-11-01,2020,11,Q4,Abu Dhabi,Abu Dhabi,Al Raha Beach,Apartment,2BR,87000,83000,7200,-8.0,-1.9,4.27,3.31,82.4,17.6,18.0,96,1094,2.5,580,66.6,141000,4.59,-0.32,2050000,23.4,232
RENT001268,2020-11-01,2020,11,Q4,Abu Dhabi,Abu Dhabi,Al Raha Beach,Villa,1BR,184000,179000,15300,-8.0,1.8,5.37,4.79,88.6,11.4,20.9,248,1070,1.5,1070,80.4,314000,5.46,-0.09,3450000,18.6,268
RENT001273,2020-11-01,2020,11,Q4,Abu Dhabi,Abu Dhabi,Al Reef,Apartment,Studio,55000,53000,4600,-8.0,-0.2,4.46,3.35,82.8,17.2,20.6,129,1088,1.7,400,78.5,115000,4.27,0.19,1250000,22.4,238
RENT001274,2020-11-01,2020,11,Q4,Abu Dhabi,Abu Dhabi,Al Reef,Villa,1BR,149000,144000,12400,-8.0,-1.8,4.3,3.49,72.4,27.6,23.2,25,966,1.6,790,78.2,225000,4.4,-0.1,3450000,23.3,257
RENT001261,2020-11-01,2020,11,Q4,Abu Dhabi,Abu Dhabi,Al Reem Island,Apartment,1BR,60000,56000,5000,-8.0,0.7,6.01,5.51,73.2,26.8,16.2,174,667,4.2,320,84.2,98000,5.55,0.46,1000000,16.6,273
RENT001262,2020-11-01,2020,11,Q4,Abu Dhabi,Abu Dhabi,Al Reem Island,Villa,2BR,235000,246000,19600,-8.0,-1.6,6.07,5.53,83.3,16.7,18.5,176,1179,7.6,1350,62.1,306000,6.25,-0.18,3850000,16.5,107
RENT001285,2020-11-01,2020,11,Q4,Sharjah,Sharjah,Al Taawun,Apartment,3BR,33000,34000,2800,-8.0,1.7,3.99,3.39,83.4,16.6,17.5,95,137,1.2,130,65.1,31000,4.06,-0.07,850000,25.1,178
RENT001286,2020-11-01,2020,11,Q4,Sharjah,Sharjah,Al Taawun,Villa,3BR,68000,70000,5700,-8.0,-0.8,5.21,4.34,74.5,25.5,18.4,58,156,6.9,310,63.1,71000,4.94,0.27,1300000,19.2,157
RENT001241,2020-11-01,2020,11,Q4,Dubai,Dubai,Business Bay,Apartment,Studio,73000,73000,6100,-8.0,0.8,5.28,4.5,86.8,13.2,10.0,184,906,2.2,530,76.1,147000,5.74,-0.46,1400000,19.0,526
RENT001242,2020-11-01,2020,11,Q4,Dubai,Dubai,Business Bay,Villa,3BR,162000,153000,13500,-8.0,0.2,5.7,4.8,75.1,24.9,23.9,198,369,3.3,680,72.2,179000,5.39,0.31,2850000,17.6,301
RENT001271,2020-11-01,2020,11,Q4,Abu Dhabi,Abu Dhabi,Corniche,Apartment,4BR,100000,95000,8300,-8.0,1.3,6.06,5.02,85.9,14.1,14.8,174,798,4.7,590,76.8,165000,6.08,-0.02,1650000,16.5,101
RENT001272,2020-11-01,2020,11,Q4,Abu Dhabi,Abu Dhabi,Corniche,Villa,2BR,298000,288000,24800,-8.0,1.5,5.08,4.47,70.3,29.7,11.9,159,603,3.8,1100,78.1,314000,4.83,0.25,5850000,19.7,164
RENT001251,2020-11-01,2020,11,Q4,Dubai,Dubai,Creek Harbour,Apartment,2BR,86000,84000,7200,-8.0,1.8,4.76,3.61,89.2,10.8,20.7,29,162,3.6,330,81.6,98000,4.48,0.28,1800000,21.0,225
RENT001252,2020-11-01,2020,11,Q4,Dubai,Dubai,Creek Harbour,Villa,2BR,261000,242000,21800,-8.0,0.3,4.13,3.31,89.1,10.9,16.8,13,681,4.2,1000,63.1,230000,4.22,-0.09,6300000,24.2,318
RENT001253,2020-11-01,2020,11,Q4,Dubai,Dubai,DAMAC Hills,Apartment,1BR,67000,69000,5600,-8.0,3.0,5.46,4.36,82.2,17.8,15.6,193,1182,4.4,310,60.2,68000,5.23,0.23,1250000,18.3,331
RENT001254,2020-11-01,2020,11,Q4,Dubai,Dubai,DAMAC Hills,Villa,1BR,213000,217000,17800,-8.0,2.9,5.81,4.61,70.7,29.3,18.2,85,465,1.6,870,72.3,230000,6.17,-0.36,3650000,17.2,584
RENT001233,2020-11-01,2020,11,Q4,Dubai,Dubai,Downtown Dubai,Apartment,2BR,107000,108000,8900,-8.0,0.3,4.37,3.33,75.9,24.1,22.8,76,1197,14.6,400,63.7,93000,4.8,-0.43,2450000,22.9,367
RENT001234,2020-11-01,2020,11,Q4,Dubai,Dubai,Downtown Dubai,Villa,2BR,296000,289000,24700,-8.0,-0.8,3.97,3.11,71.0,29.0,11.0,119,1080,10.9,1910,58.7,409000,3.61,0.36,7450000,25.2,515
RENT001239,2020-11-01,2020,11,Q4,Dubai,Dubai,Dubai Hills Estate,Apartment,1BR,110000,106000,9200,-8.0,-0.2,5.61,4.8,75.7,24.3,13.7,161,799,4.7,520,58.3,111000,5.12,0.49,1950000,17.8,255
RENT001240,2020-11-01,2020,11,Q4,Dubai,Dubai,Dubai Hills Estate,Villa,2BR,282000,296000,23500,-8.0,1.7,5.02,4.04,83.8,16.2,17.7,245,398,1.8,1410,71.2,366000,4.63,0.39,5600000,19.9,407
RENT001235,2020-11-01,2020,11,Q4,Dubai,Dubai,Dubai Marina,Apartment,2BR,92000,88000,7700,-8.0,0.9,3.93,3.4,74.5,25.5,16.6,87,814,10.3,570,86.2,179000,4.25,-0.32,2350000,25.5,353
RENT001236,2020-11-01,2020,11,Q4,Dubai,Dubai,Dubai Marina,Villa,4BR,159000,154000,13200,-8.0,-1.7,4.01,3.13,70.4,29.6,10.9,119,107,17.1,580,82.9,175000,3.87,0.14,3950000,25.0,80
RENT001255,2020-11-01,2020,11,Q4,Dubai,Dubai,Dubai South,Apartment,1BR,50000,49000,4200,-8.0,-0.5,4.38,3.73,75.1,24.9,19.8,91,564,1.7,340,62.8,78000,4.2,0.18,1150000,22.8,148
RENT001256,2020-11-01,2020,11,Q4,Dubai,Dubai,Dubai South,Villa,2BR,129000,119000,10800,-8.0,-0.9,3.98,2.86,71.9,28.1,17.3,69,803,2.2,480,75.1,132000,3.74,0.24,3250000,25.1,187
RENT001249,2020-11-01,2020,11,Q4,Dubai,Dubai,JBR,Apartment,2BR,90000,86000,7500,-8.0,-0.3,5.85,5.06,70.8,29.2,17.6,141,1125,10.1,480,78.8,138000,5.72,0.13,1550000,17.1,81
RENT001250,2020-11-01,2020,11,Q4,Dubai,Dubai,JBR,Villa,1BR,316000,302000,26300,-8.0,0.8,4.58,4.06,85.1,14.9,18.6,229,598,11.8,1150,65.0,273000,4.66,-0.08,6900000,21.8,472
RENT001243,2020-11-01,2020,11,Q4,Dubai,Dubai,JVC,Apartment,1BR,57000,59000,4800,-8.0,-0.9,4.05,3.25,70.2,29.8,16.1,176,656,5.3,280,72.7,74000,4.12,-0.07,1400000,24.7,388
RENT001244,2020-11-01,2020,11,Q4,Dubai,Dubai,JVC,Villa,Studio,145000,149000,12100,-8.0,-2.1,5.48,4.87,86.0,14.0,20.5,60,798,6.0,1060,87.1,337000,5.63,-0.15,2650000,18.2,415
RENT001269,2020-11-01,2020,11,Q4,Abu Dhabi,Abu Dhabi,Khalifa City,Apartment,3BR,62000,61000,5200,-8.0,-2.2,4.26,3.35,72.1,27.9,10.2,118,687,3.2,280,82.9,85000,4.39,-0.13,1450000,23.5,316
RENT001270,2020-11-01,2020,11,Q4,Abu Dhabi,Abu Dhabi,Khalifa City,Villa,4BR,173000,169000,14400,-8.0,3.3,5.45,4.4,86.9,13.1,10.9,72,635,4.1,650,65.6,156000,5.92,-0.47,3150000,18.3,267
RENT001245,2020-11-01,2020,11,Q4,Dubai,Dubai,MBR City,Apartment,4BR,124000,122000,10300,-8.0,3.0,5.96,4.81,75.0,25.0,13.9,246,1188,5.0,830,77.3,234000,6.31,-0.35,2100000,16.8,174
RENT001246,2020-11-01,2020,11,Q4,Dubai,Dubai,MBR City,Villa,4BR,285000,264000,23800,-8.0,0.7,6.13,5.38,78.6,21.4,20.4,99,568,5.9,2060,78.3,589000,6.29,-0.16,4650000,16.3,175
RENT001275,2020-11-01,2020,11,Q4,Abu Dhabi,Abu Dhabi,Masdar City,Apartment,2BR,52000,52000,4300,-8.0,-2.0,5.09,4.54,86.0,14.0,16.7,124,1176,2.0,340,56.1,70000,5.14,-0.05,1000000,19.6,278
RENT001276,2020-11-01,2020,11,Q4,Abu Dhabi,Abu Dhabi,Masdar City,Villa,3BR,96000,99000,8000,-8.0,2.8,6.02,4.85,87.6,12.4,22.1,29,574,2.9,610,79.8,178000,5.57,0.45,1600000,16.6,306
RENT001257,2020-11-01,2020,11,Q4,Dubai,Dubai,Meydan,Apartment,2BR,77000,71000,6400,-8.0,0.5,4.05,3.5,81.9,18.1,22.4,111,525,6.0,320,81.3,95000,3.76,0.29,1900000,24.7,242
RENT001258,2020-11-01,2020,11,Q4,Dubai,Dubai,Meydan,Villa,2BR,224000,213000,18700,-8.0,0.6,6.22,5.04,70.5,29.5,15.0,35,272,2.1,1280,78.0,364000,6.36,-0.14,3600000,16.1,589
RENT001281,2020-11-01,2020,11,Q4,Sharjah,Sharjah,Muwaileh,Apartment,2BR,35000,33000,2900,-8.0,-0.8,4.01,3.31,81.0,19.0,11.0,122,560,4.2,220,67.7,54000,4.48,-0.47,850000,24.9,135
RENT001282,2020-11-01,2020,11,Q4,Sharjah,Sharjah,Muwaileh,Villa,Studio,79000,79000,6600,-8.0,1.8,5.22,4.55,74.0,26.0,14.6,148,1160,5.5,390,87.9,125000,5.07,0.15,1500000,19.1,196
RENT001237,2020-11-01,2020,11,Q4,Dubai,Dubai,Palm Jumeirah,Apartment,1BR,167000,163000,13900,-8.0,-0.7,4.63,4.06,78.5,21.5,18.8,43,1168,8.1,1010,70.6,260000,5.1,-0.47,3600000,21.6,506
RENT001238,2020-11-01,2020,11,Q4,Dubai,Dubai,Palm Jumeirah,Villa,2BR,327000,331000,27200,-8.0,0.8,3.87,3.14,89.5,10.5,10.2,189,474,15.8,1920,64.0,449000,3.92,-0.05,8450000,25.8,344
RENT001263,2020-11-01,2020,11,Q4,Abu Dhabi,Abu Dhabi,Saadiyat Island,Apartment,2BR,142000,133000,11800,-8.0,-1.3,4.77,3.73,70.6,29.4,20.9,197,789,15.3,950,82.7,287000,4.9,-0.13,2950000,20.9,112
RENT001264,2020-11-01,2020,11,Q4,Abu Dhabi,Abu Dhabi,Saadiyat Island,Villa,3BR,387000,381000,32200,-8.0,-2.3,4.57,4.06,89.2,10.8,11.4,125,1189,5.3,2850,56.5,588000,4.87,-0.3,8450000,21.9,116
RENT001259,2020-11-01,2020,11,Q4,Dubai,Dubai,Sports City,Apartment,1BR,48000,48000,4000,-8.0,2.3,5.51,4.51,89.5,10.5,10.0,79,900,4.5,220,82.7,66000,5.29,0.22,850000,18.1,128
RENT001260,2020-11-01,2020,11,Q4,Dubai,Dubai,Sports City,Villa,3BR,131000,125000,10900,-8.0,-1.2,5.68,4.99,82.3,17.7,13.1,131,859,1.4,590,71.7,154000,5.22,0.46,2300000,17.6,356
RENT001265,2020-11-01,2020,11,Q4,Abu Dhabi,Abu Dhabi,Yas Island,Apartment,2BR,79000,82000,6600,-8.0,2.6,5.26,4.62,74.5,25.5,18.1,97,816,14.8,460,63.9,107000,5.29,-0.03,1500000,19.0,130
RENT001266,2020-11-01,2020,11,Q4,Abu Dhabi,Abu Dhabi,Yas Island,Villa,1BR,212000,199000,17700,-8.0,1.6,5.98,5.36,78.1,21.9,22.0,113,565,13.7,1080,74.7,294000,5.74,0.24,3550000,16.7,104
RENT001303,2020-12-01,2020,12,Q4,Dubai,Dubai,Al Furjan,Apartment,5BR+,60000,60000,5000,-8.0,1.5,4.67,4.04,88.8,11.2,11.1,240,819,1.9,340,59.4,74000,4.98,-0.31,1300000,21.4,568
RENT001304,2020-12-01,2020,12,Q4,Dubai,Dubai,Al Furjan,Villa,3BR,152000,157000,12700,-8.0,-0.4,3.94,3.14,82.5,17.5,15.1,79,650,2.4,720,65.2,171000,3.76,0.18,3850000,25.4,397
RENT001343,2020-12-01,2020,12,Q4,Ras Al Khaimah,Ras Al Khaimah,Al Hamra Village,Apartment,1BR,52000,48000,4300,-8.0,1.9,6.1,5.04,81.6,18.4,16.5,161,599,6.2,250,85.6,78000,6.26,-0.16,850000,16.4,62
RENT001344,2020-12-01,2020,12,Q4,Ras Al Khaimah,Ras Al Khaimah,Al Hamra Village,Villa,3BR,150000,140000,12500,-8.0,1.4,5.26,4.7,75.0,25.0,21.3,245,776,6.3,650,81.8,194000,5.22,0.04,2850000,19.0,110
RENT001339,2020-12-01,2020,12,Q4,Sharjah,Sharjah,Al Khan,Apartment,1BR,41000,42000,3400,-8.0,3.1,5.69,4.55,78.6,21.4,11.5,161,1105,2.6,150,74.7,41000,5.88,-0.19,700000,17.6,173
RENT001340,2020-12-01,2020,12,Q4,Sharjah,Sharjah,Al Khan,Villa,1BR,135000,128000,11200,-8.0,0.8,5.03,4.45,81.1,18.9,21.9,180,259,6.3,820,56.3,169000,4.86,0.17,2700000,19.9,129
RENT001333,2020-12-01,2020,12,Q4,Sharjah,Sharjah,Al Majaz,Apartment,1BR,41000,39000,3400,-8.0,2.3,3.87,2.86,75.8,24.2,13.1,69,173,2.3,210,87.3,67000,4.14,-0.27,1050000,25.9,81
RENT001334,2020-12-01,2020,12,Q4,Sharjah,Sharjah,Al Majaz,Villa,1BR,136000,131000,11300,-8.0,1.7,5.58,4.77,77.1,22.9,19.7,85,939,4.6,890,66.5,216000,5.85,-0.27,2450000,17.9,121
RENT001335,2020-12-01,2020,12,Q4,Sharjah,Sharjah,Al Nahda,Apartment,4BR,39000,38000,3200,-8.0,-1.3,5.88,5.26,81.8,18.2,15.1,43,862,1.9,220,65.1,52000,5.84,0.04,650000,17.0,53
RENT001336,2020-12-01,2020,12,Q4,Sharjah,Sharjah,Al Nahda,Villa,3BR,128000,134000,10700,-8.0,1.4,5.24,4.54,76.9,23.1,10.3,184,485,1.9,620,78.1,177000,4.95,0.29,2450000,19.1,127
RENT001323,2020-12-01,2020,12,Q4,Abu Dhabi,Abu Dhabi,Al Raha Beach,Apartment,1BR,89000,87000,7400,-8.0,-0.7,4.43,3.83,75.4,24.6,20.5,65,1063,4.0,520,70.9,135000,4.21,0.22,2000000,22.6,259
RENT001324,2020-12-01,2020,12,Q4,Abu Dhabi,Abu Dhabi,Al Raha Beach,Villa,3BR,244000,253000,20300,-8.0,2.5,5.0,4.13,76.4,23.6,16.8,35,699,7.5,1150,56.0,235000,5.14,-0.14,4900000,20.0,345
RENT001329,2020-12-01,2020,12,Q4,Abu Dhabi,Abu Dhabi,Al Reef,Apartment,5BR+,56000,53000,4700,-8.0,0.8,4.86,4.1,76.1,23.9,22.3,223,1023,1.0,340,64.6,80000,4.78,0.08,1150000,20.6,204
RENT001330,2020-12-01,2020,12,Q4,Abu Dhabi,Abu Dhabi,Al Reef,Villa,2BR,172000,176000,14300,-8.0,-1.8,4.3,3.68,79.6,20.4,20.8,30,977,3.6,1240,83.1,376000,4.35,-0.05,4000000,23.3,144
RENT001317,2020-12-01,2020,12,Q4,Abu Dhabi,Abu Dhabi,Al Reem Island,Apartment,3BR,68000,68000,5700,-8.0,2.2,4.26,3.18,86.8,13.2,19.9,65,437,5.3,290,56.2,59000,4.03,0.23,1600000,23.5,50
RENT001318,2020-12-01,2020,12,Q4,Abu Dhabi,Abu Dhabi,Al Reem Island,Villa,2BR,166000,160000,13800,-8.0,-0.7,4.32,3.15,87.1,12.9,19.7,36,868,5.2,730,64.8,173000,4.11,0.21,3850000,23.1,308
RENT001341,2020-12-01,2020,12,Q4,Sharjah,Sharjah,Al Taawun,Apartment,2BR,34000,36000,2800,-8.0,-0.5,4.17,3.57,86.5,13.5,20.9,174,1185,3.3,160,69.4,41000,3.76,0.41,800000,24.0,131
RENT001342,2020-12-01,2020,12,Q4,Sharjah,Sharjah,Al Taawun,Villa,Studio,73000,69000,6100,-8.0,0.2,6.17,5.03,82.1,17.9,21.6,96,911,4.9,370,55.8,75000,6.07,0.1,1200000,16.2,187
RENT001297,2020-12-01,2020,12,Q4,Dubai,Dubai,Business Bay,Apartment,4BR,78000,75000,6500,-8.0,-1.2,4.51,3.74,77.2,22.8,11.9,52,343,1.8,430,75.8,119000,4.44,0.07,1750000,22.2,210
RENT001298,2020-12-01,2020,12,Q4,Dubai,Dubai,Business Bay,Villa,2BR,183000,190000,15200,-8.0,-0.8,4.42,3.61,72.2,27.8,14.6,12,229,1.1,960,76.2,267000,4.88,-0.46,4150000,22.6,363
RENT001327,2020-12-01,2020,12,Q4,Abu Dhabi,Abu Dhabi,Corniche,Apartment,2BR,100000,94000,8300,-8.0,1.4,3.95,3.38,81.7,18.3,11.2,120,1027,5.3,610,60.2,134000,4.3,-0.35,2550000,25.3,114
RENT001328,2020-12-01,2020,12,Q4,Abu Dhabi,Abu Dhabi,Corniche,Villa,1BR,323000,335000,26900,-8.0,0.2,4.74,4.23,84.4,15.6,13.3,13,92,7.0,1220,76.3,340000,4.64,0.1,6800000,21.1,296
RENT001307,2020-12-01,2020,12,Q4,Dubai,Dubai,Creek Harbour,Apartment,Studio,88000,91000,7300,-8.0,-0.1,5.48,4.56,74.2,25.8,23.4,29,1053,7.9,420,59.4,91000,5.27,0.21,1600000,18.2,412
RENT001308,2020-12-01,2020,12,Q4,Dubai,Dubai,Creek Harbour,Villa,2BR,200000,197000,16700,-8.0,0.7,4.02,3.49,84.1,15.9,23.8,11,133,6.3,1050,79.8,306000,4.05,-0.03,5000000,24.9,111
RENT001309,2020-12-01,2020,12,Q4,Dubai,Dubai,DAMAC Hills,Apartment,2BR,77000,78000,6400,-8.0,-1.3,6.1,5.01,85.1,14.9,21.0,247,123,5.8,290,84.5,89000,6.18,-0.08,1250000,16.4,265
RENT001310,2020-12-01,2020,12,Q4,Dubai,Dubai,DAMAC Hills,Villa,4BR,178000,168000,14800,-8.0,-2.2,4.21,3.7,82.9,17.1,13.6,44,162,6.5,740,85.5,231000,4.25,-0.04,4250000,23.8,359
RENT001289,2020-12-01,2020,12,Q4,Dubai,Dubai,Downtown Dubai,Apartment,Studio,114000,113000,9500,-8.0,-0.1,3.99,3.01,80.2,19.8,12.7,20,308,12.0,720,80.5,212000,4.1,-0.11,2850000,25.1,114
RENT001290,2020-12-01,2020,12,Q4,Dubai,Dubai,Downtown Dubai,Villa,3BR,364000,346000,30300,-8.0,0.2,6.02,5.28,71.5,28.5,10.8,201,617,13.0,1980,79.7,576000,5.65,0.37,6050000,16.6,233
RENT001295,2020-12-01,2020,12,Q4,Dubai,Dubai,Dubai Hills Estate,Apartment,1BR,118000,114000,9800,-8.0,-2.4,5.09,4.59,73.1,26.9,13.3,178,668,6.7,510,61.0,114000,4.65,0.44,2300000,19.6,245
RENT001296,2020-12-01,2020,12,Q4,Dubai,Dubai,Dubai Hills Estate,Villa,4BR,216000,203000,18000,-8.0,2.7,4.11,3.4,71.0,29.0,22.2,116,1098,1.6,1290,55.3,260000,3.81,0.3,5250000,24.3,587
RENT001291,2020-12-01,2020,12,Q4,Dubai,Dubai,Dubai Marina,Apartment,2BR,83000,80000,6900,-8.0,2.0,5.3,4.3,79.1,20.9,15.7,216,196,6.7,340,75.9,94000,5.03,0.27,1550000,18.9,399
RENT001292,2020-12-01,2020,12,Q4,Dubai,Dubai,Dubai Marina,Villa,Studio,179000,177000,14900,-8.0,2.4,4.13,3.23,76.0,24.0,23.2,129,354,5.5,1070,79.0,309000,3.97,0.16,4350000,24.2,454
RENT001311,2020-12-01,2020,12,Q4,Dubai,Dubai,Dubai South,Apartment,5BR+,54000,54000,4500,-8.0,1.8,4.61,3.46,87.2,12.8,17.6,104,1105,5.1,310,57.3,65000,5.07,-0.46,1150000,21.7,84
RENT001312,2020-12-01,2020,12,Q4,Dubai,Dubai,Dubai South,Villa,Studio,128000,120000,10700,-8.0,1.5,4.34,3.43,85.6,14.4,12.5,52,694,6.6,550,64.0,128000,4.04,0.3,2950000,23.1,528
RENT001305,2020-12-01,2020,12,Q4,Dubai,Dubai,JBR,Apartment,4BR,96000,100000,8000,-8.0,-0.4,4.34,3.17,70.9,29.1,10.4,143,803,13.4,430,56.0,88000,4.65,-0.31,2200000,23.0,175
RENT001306,2020-12-01,2020,12,Q4,Dubai,Dubai,JBR,Villa,4BR,212000,195000,17700,-8.0,1.3,5.52,4.59,79.8,20.2,15.9,46,52,13.7,1370,74.8,374000,5.52,0.0,3850000,18.1,425
RENT001299,2020-12-01,2020,12,Q4,Dubai,Dubai,JVC,Apartment,3BR,54000,54000,4500,-8.0,0.5,5.74,4.99,75.7,24.3,15.3,71,356,2.0,250,76.8,70000,5.24,0.5,950000,17.4,332
RENT001300,2020-12-01,2020,12,Q4,Dubai,Dubai,JVC,Villa,3BR,145000,143000,12100,-8.0,1.6,5.18,4.27,89.6,10.4,10.9,170,767,4.5,550,70.3,141000,4.91,0.27,2800000,19.3,243
RENT001325,2020-12-01,2020,12,Q4,Abu Dhabi,Abu Dhabi,Khalifa City,Apartment,3BR,58000,60000,4800,-8.0,1.7,4.19,3.61,83.3,16.7,18.9,116,696,3.5,340,57.7,72000,4.43,-0.24,1400000,23.9,332
RENT001326,2020-12-01,2020,12,Q4,Abu Dhabi,Abu Dhabi,Khalifa City,Villa,1BR,180000,187000,15000,-8.0,-0.9,4.02,2.91,86.6,13.4,15.0,198,229,3.7,1250,86.4,394000,3.98,0.04,4500000,24.9,238
RENT001301,2020-12-01,2020,12,Q4,Dubai,Dubai,MBR City,Apartment,2BR,132000,122000,11000,-8.0,3.3,4.97,4.23,76.7,23.3,17.7,55,1013,1.4,920,69.1,232000,5.38,-0.41,2650000,20.1,486
RENT001302,2020-12-01,2020,12,Q4,Dubai,Dubai,MBR City,Villa,2BR,355000,357000,29600,-8.0,2.1,4.81,4.13,78.8,21.2,17.5,181,629,2.4,1350,74.9,369000,4.65,0.16,7400000,20.8,189
RENT001331,2020-12-01,2020,12,Q4,Abu Dhabi,Abu Dhabi,Masdar City,Apartment,1BR,52000,48000,4300,-8.0,2.0,5.34,4.6,87.6,12.4,21.8,193,726,5.9,310,87.9,99000,5.25,0.09,950000,18.7,282
RENT001332,2020-12-01,2020,12,Q4,Abu Dhabi,Abu Dhabi,Masdar City,Villa,1BR,175000,166000,14600,-8.0,-1.4,4.61,3.69,80.3,19.7,13.6,161,439,7.5,700,75.8,194000,4.68,-0.07,3800000,21.7,215
RENT001313,2020-12-01,2020,12,Q4,Dubai,Dubai,Meydan,Apartment,2BR,86000,88000,7200,-8.0,1.6,5.06,4.13,71.3,28.7,14.4,33,799,4.7,610,71.1,158000,4.96,0.1,1700000,19.8,308
RENT001314,2020-12-01,2020,12,Q4,Dubai,Dubai,Meydan,Villa,Studio,288000,271000,24000,-8.0,0.7,5.03,4.15,77.2,22.8,10.8,228,331,2.1,1860,87.4,593000,5.42,-0.39,5750000,19.9,581
RENT001337,2020-12-01,2020,12,Q4,Sharjah,Sharjah,Muwaileh,Apartment,3BR,31000,31000,2600,-8.0,1.9,4.85,4.29,81.7,18.3,22.8,244,1011,1.1,130,62.3,30000,5.04,-0.19,650000,20.6,211
RENT001338,2020-12-01,2020,12,Q4,Sharjah,Sharjah,Muwaileh,Villa,2BR,90000,93000,7500,-8.0,-1.1,4.01,3.48,88.0,12.0,13.5,88,1096,6.8,380,72.5,101000,4.07,-0.06,2250000,25.0,239
RENT001293,2020-12-01,2020,12,Q4,Dubai,Dubai,Palm Jumeirah,Apartment,3BR,185000,191000,15400,-8.0,-1.1,4.78,3.91,78.9,21.1,17.1,139,442,19.3,910,72.3,240000,4.58,0.2,3850000,20.9,489
RENT001294,2020-12-01,2020,12,Q4,Dubai,Dubai,Palm Jumeirah,Villa,1BR,436000,450000,36300,-8.0,-1.9,4.51,3.74,72.4,27.6,23.3,65,984,11.0,1820,67.9,451000,4.54,-0.03,9700000,22.2,392
RENT001319,2020-12-01,2020,12,Q4,Abu Dhabi,Abu Dhabi,Saadiyat Island,Apartment,3BR,149000,142000,12400,-8.0,2.0,5.65,4.76,82.0,18.0,16.6,108,566,9.7,850,67.7,210000,5.9,-0.25,2650000,17.7,154
RENT001320,2020-12-01,2020,12,Q4,Abu Dhabi,Abu Dhabi,Saadiyat Island,Villa,1BR,417000,420000,34800,-8.0,-0.1,4.39,3.85,89.7,10.3,19.1,88,605,13.3,2510,67.7,620000,4.68,-0.29,9500000,22.8,180
RENT001315,2020-12-01,2020,12,Q4,Dubai,Dubai,Sports City,Apartment,1BR,49000,46000,4100,-8.0,-1.9,6.05,4.87,78.6,21.4,22.4,234,881,2.7,280,72.5,74000,6.0,0.05,800000,16.5,365
RENT001316,2020-12-01,2020,12,Q4,Dubai,Dubai,Sports City,Villa,1BR,115000,110000,9600,-8.0,0.5,4.93,3.77,84.0,16.0,16.6,239,1143,6.4,610,67.9,151000,4.99,-0.06,2350000,20.3,580
RENT001321,2020-12-01,2020,12,Q4,Abu Dhabi,Abu Dhabi,Yas Island,Apartment,5BR+,73000,68000,6100,-8.0,-1.4,5.13,4.05,84.1,15.9,15.6,10,949,13.0,400,86.2,126000,5.36,-0.23,1400000,19.5,164
RENT001322,2020-12-01,2020,12,Q4,Abu Dhabi,Abu Dhabi,Yas Island,Villa,3BR,263000,255000,21900,-8.0,3.4,5.26,4.75,84.4,15.6,16.4,240,220,14.4,1740,68.9,438000,4.93,0.33,5000000,19.0,233
RENT001359,2021-01-01,2021,1,Q1,Dubai,Dubai,Al Furjan,Apartment,1BR,66000,65000,5500,3.3,-0.5,3.97,3.25,84.8,15.2,22.5,147,982,4.0,440,71.9,115000,4.18,-0.21,1650000,25.2,114
RENT001360,2021-01-01,2021,1,Q1,Dubai,Dubai,Al Furjan,Villa,2BR,207000,208000,17200,3.3,-0.8,4.19,3.0,89.3,10.7,10.3,250,101,1.5,960,80.0,280000,4.19,0.0,4950000,23.9,513
RENT001399,2021-01-01,2021,1,Q1,Ras Al Khaimah,Ras Al Khaimah,Al Hamra Village,Apartment,4BR,57000,53000,4800,3.3,3.3,4.31,3.2,74.4,25.6,14.7,31,180,6.3,420,59.3,91000,4.27,0.04,1300000,23.2,118
RENT001400,2021-01-01,2021,1,Q1,Ras Al Khaimah,Ras Al Khaimah,Al Hamra Village,Villa,3BR,183000,178000,15200,3.3,1.1,6.19,5.3,72.8,27.2,12.0,197,1064,5.3,1080,87.9,347000,6.04,0.15,2950000,16.2,97
RENT001395,2021-01-01,2021,1,Q1,Sharjah,Sharjah,Al Khan,Apartment,2BR,43000,43000,3600,3.3,3.1,5.03,4.51,87.6,12.4,18.6,106,1035,4.4,300,84.8,93000,4.67,0.36,850000,19.9,51
RENT001396,2021-01-01,2021,1,Q1,Sharjah,Sharjah,Al Khan,Villa,1BR,94000,98000,7800,3.3,1.5,4.43,3.86,82.9,17.1,14.7,235,351,2.0,430,79.6,125000,4.53,-0.1,2100000,22.6,218
RENT001389,2021-01-01,2021,1,Q1,Sharjah,Sharjah,Al Majaz,Apartment,3BR,43000,42000,3600,3.3,0.3,4.06,3.06,89.8,10.2,19.8,222,1097,6.0,250,80.6,74000,3.71,0.35,1050000,24.6,189
RENT001390,2021-01-01,2021,1,Q1,Sharjah,Sharjah,Al Majaz,Villa,1BR,104000,97000,8700,3.3,-0.4,4.01,3.16,84.6,15.4,20.7,144,698,5.9,760,80.7,224000,3.72,0.29,2600000,24.9,128
RENT001391,2021-01-01,2021,1,Q1,Sharjah,Sharjah,Al Nahda,Apartment,2BR,41000,38000,3400,3.3,1.7,5.33,4.53,86.8,13.2,15.3,158,435,3.3,220,70.3,56000,5.53,-0.2,750000,18.8,68
RENT001392,2021-01-01,2021,1,Q1,Sharjah,Sharjah,Al Nahda,Villa,3BR,118000,113000,9800,3.3,-1.7,4.83,3.93,83.2,16.8,15.0,69,630,6.0,660,66.2,159000,5.26,-0.43,2450000,20.7,155
RENT001379,2021-01-01,2021,1,Q1,Abu Dhabi,Abu Dhabi,Al Raha Beach,Apartment,2BR,91000,92000,7600,3.3,0.5,4.6,3.88,73.9,26.1,11.9,103,407,5.5,530,86.3,167000,5.07,-0.47,2000000,21.7,122
RENT001380,2021-01-01,2021,1,Q1,Abu Dhabi,Abu Dhabi,Al Raha Beach,Villa,1BR,302000,290000,25200,3.3,1.3,3.97,3.29,74.7,25.3,18.7,69,367,6.4,1950,86.4,615000,3.63,0.34,7600000,25.2,245
RENT001385,2021-01-01,2021,1,Q1,Abu Dhabi,Abu Dhabi,Al Reef,Apartment,3BR,58000,58000,4800,3.3,-1.9,4.87,3.92,86.4,13.6,17.3,247,64,3.7,370,69.3,94000,4.59,0.28,1200000,20.5,193
RENT001386,2021-01-01,2021,1,Q1,Abu Dhabi,Abu Dhabi,Al Reef,Villa,3BR,125000,124000,10400,3.3,-0.5,5.08,4.5,87.7,12.3,11.6,76,1158,5.4,650,68.0,161000,5.32,-0.24,2450000,19.7,48
RENT001373,2021-01-01,2021,1,Q1,Abu Dhabi,Abu Dhabi,Al Reem Island,Apartment,2BR,68000,63000,5700,3.3,-2.4,5.43,4.79,73.0,27.0,15.0,214,891,3.1,450,85.7,141000,5.04,0.39,1250000,18.4,54
RENT001374,2021-01-01,2021,1,Q1,Abu Dhabi,Abu Dhabi,Al Reem Island,Villa,3BR,148000,151000,12300,3.3,-0.9,5.5,4.65,88.1,11.9,23.1,55,329,1.2,990,81.0,293000,5.44,0.06,2700000,18.2,157
RENT001397,2021-01-01,2021,1,Q1,Sharjah,Sharjah,Al Taawun,Apartment,3BR,38000,36000,3200,3.3,-0.6,3.91,2.78,77.3,22.7,16.5,148,951,2.8,260,81.4,77000,3.55,0.36,950000,25.6,99
RENT001398,2021-01-01,2021,1,Q1,Sharjah,Sharjah,Al Taawun,Villa,Studio,112000,106000,9300,3.3,2.5,5.72,5.14,89.9,10.1,23.1,219,357,7.0,550,57.4,115000,6.15,-0.43,1950000,17.5,149
RENT001353,2021-01-01,2021,1,Q1,Dubai,Dubai,Business Bay,Apartment,3BR,83000,80000,6900,3.3,0.4,4.8,3.96,80.9,19.1,13.8,97,167,3.7,580,86.2,182000,4.74,0.06,1750000,20.8,535
RENT001354,2021-01-01,2021,1,Q1,Dubai,Dubai,Business Bay,Villa,1BR,241000,247000,20100,3.3,-1.0,5.58,4.96,79.6,20.4,14.5,12,681,4.9,1010,86.2,318000,5.13,0.45,4300000,17.9,217
RENT001383,2021-01-01,2021,1,Q1,Abu Dhabi,Abu Dhabi,Corniche,Apartment,Studio,103000,101000,8600,3.3,3.3,4.68,3.88,89.8,10.2,10.7,52,825,6.1,500,63.5,116000,4.78,-0.1,2200000,21.4,157
RENT001384,2021-01-01,2021,1,Q1,Abu Dhabi,Abu Dhabi,Corniche,Villa,1BR,254000,238000,21200,3.3,0.8,5.54,4.66,87.5,12.5,18.7,213,125,4.7,1350,56.3,277000,5.48,0.06,4600000,18.0,291
RENT001363,2021-01-01,2021,1,Q1,Dubai,Dubai,Creek Harbour,Apartment,Studio,100000,94000,8300,3.3,-0.5,6.1,5.01,89.5,10.5,22.3,118,456,1.2,660,72.1,174000,6.32,-0.22,1650000,16.4,217
RENT001364,2021-01-01,2021,1,Q1,Dubai,Dubai,Creek Harbour,Villa,2BR,316000,326000,26300,3.3,-2.5,6.01,5.15,86.2,13.8,21.7,180,331,4.1,1970,65.1,468000,5.64,0.37,5250000,16.6,313
RENT001365,2021-01-01,2021,1,Q1,Dubai,Dubai,DAMAC Hills,Apartment,1BR,74000,74000,6200,3.3,-2.3,5.53,4.68,77.2,22.8,18.4,107,449,5.6,500,63.6,116000,5.34,0.19,1350000,18.1,212
RENT001366,2021-01-01,2021,1,Q1,Dubai,Dubai,DAMAC Hills,Villa,Studio,229000,219000,19100,3.3,-2.2,5.18,4.19,78.0,22.0,13.2,34,68,3.6,1410,60.9,313000,5.22,-0.04,4400000,19.3,366
RENT001345,2021-01-01,2021,1,Q1,Dubai,Dubai,Downtown Dubai,Apartment,2BR,112000,107000,9300,3.3,-2.1,5.39,4.35,72.5,27.5,12.2,20,1010,11.7,550,57.3,115000,5.27,0.12,2100000,18.6,364
RENT001346,2021-01-01,2021,1,Q1,Dubai,Dubai,Downtown Dubai,Villa,2BR,279000,282000,23200,3.3,3.0,4.19,3.55,80.5,19.5,13.6,156,811,12.4,1320,70.4,339000,4.29,-0.1,6650000,23.9,188
RENT001351,2021-01-01,2021,1,Q1,Dubai,Dubai,Dubai Hills Estate,Apartment,4BR,120000,115000,10000,3.3,2.3,5.47,4.75,86.6,13.4,19.3,83,1189,3.2,450,60.4,99000,5.68,-0.21,2200000,18.3,190
RENT001352,2021-01-01,2021,1,Q1,Dubai,Dubai,Dubai Hills Estate,Villa,3BR,249000,237000,20800,3.3,-0.9,4.5,3.4,71.9,28.1,14.9,108,1012,7.6,1000,63.4,231000,4.51,-0.01,5550000,22.2,429
RENT001347,2021-01-01,2021,1,Q1,Dubai,Dubai,Dubai Marina,Apartment,3BR,102000,98000,8500,3.3,0.2,4.46,3.8,89.1,10.9,15.7,87,1044,11.0,420,71.4,109000,4.49,-0.03,2300000,22.4,449
RENT001348,2021-01-01,2021,1,Q1,Dubai,Dubai,Dubai Marina,Villa,1BR,208000,210000,17300,3.3,2.5,5.07,4.17,78.4,21.6,16.2,164,1023,10.7,1300,66.0,313000,5.41,-0.34,4100000,19.7,140
RENT001367,2021-01-01,2021,1,Q1,Dubai,Dubai,Dubai South,Apartment,1BR,56000,56000,4700,3.3,-2.0,4.1,3.37,78.8,21.2,12.7,133,1010,7.5,270,86.1,85000,4.31,-0.21,1350000,24.4,343
RENT001368,2021-01-01,2021,1,Q1,Dubai,Dubai,Dubai South,Villa,Studio,161000,169000,13400,3.3,-0.7,4.63,3.69,85.2,14.8,14.2,131,263,1.6,590,76.0,164000,5.09,-0.46,3500000,21.6,393
RENT001361,2021-01-01,2021,1,Q1,Dubai,Dubai,JBR,Apartment,2BR,109000,105000,9100,3.3,-1.5,4.06,2.96,82.3,17.7,20.6,62,572,15.5,440,86.8,139000,4.13,-0.07,2700000,24.7,390
RENT001362,2021-01-01,2021,1,Q1,Dubai,Dubai,JBR,Villa,2BR,311000,287000,25900,3.3,3.3,6.11,5.39,79.8,20.2,20.7,211,765,9.1,2210,66.7,538000,6.53,-0.42,5100000,16.4,168
RENT001355,2021-01-01,2021,1,Q1,Dubai,Dubai,JVC,Apartment,1BR,57000,55000,4800,3.3,2.7,5.73,4.8,87.6,12.4,18.8,55,91,5.1,240,67.9,59000,6.18,-0.45,1000000,17.4,202
RENT001356,2021-01-01,2021,1,Q1,Dubai,Dubai,JVC,Villa,Studio,196000,186000,16300,3.3,0.9,4.78,3.61,79.9,20.1,14.0,81,617,7.0,1000,80.7,295000,4.34,0.44,4100000,20.9,415
RENT001381,2021-01-01,2021,1,Q1,Abu Dhabi,Abu Dhabi,Khalifa City,Apartment,3BR,69000,67000,5800,3.3,2.4,5.48,4.5,72.0,28.0,19.5,22,632,3.2,250,87.5,80000,5.52,-0.04,1250000,18.2,132
RENT001382,2021-01-01,2021,1,Q1,Abu Dhabi,Abu Dhabi,Khalifa City,Villa,3BR,127000,129000,10600,3.3,-0.6,3.93,2.74,74.4,25.6,15.7,66,1048,5.2,590,86.6,186000,3.81,0.12,3250000,25.4,184
RENT001357,2021-01-01,2021,1,Q1,Dubai,Dubai,MBR City,Apartment,2BR,127000,121000,10600,3.3,-0.4,5.71,4.92,89.7,10.3,23.9,125,293,7.2,590,55.3,119000,5.32,0.39,2200000,17.5,576
RENT001358,2021-01-01,2021,1,Q1,Dubai,Dubai,MBR City,Villa,Studio,482000,493000,40200,3.3,0.4,6.2,5.57,84.4,15.6,14.5,173,182,7.1,2910,71.8,763000,5.75,0.45,7800000,16.1,217
RENT001387,2021-01-01,2021,1,Q1,Abu Dhabi,Abu Dhabi,Masdar City,Apartment,4BR,57000,54000,4800,3.3,-0.9,4.14,3.06,75.6,24.4,17.9,243,261,4.7,270,87.8,87000,4.54,-0.4,1400000,24.1,309
RENT001388,2021-01-01,2021,1,Q1,Abu Dhabi,Abu Dhabi,Masdar City,Villa,4BR,147000,140000,12200,3.3,2.8,4.26,3.64,89.6,10.4,21.2,24,668,6.5,850,87.4,271000,4.31,-0.05,3450000,23.5,285
RENT001369,2021-01-01,2021,1,Q1,Dubai,Dubai,Meydan,Apartment,5BR+,88000,82000,7300,3.3,3.5,4.17,3.61,86.4,13.6,11.0,101,965,5.1,340,68.5,85000,4.3,-0.13,2100000,24.0,563
RENT001370,2021-01-01,2021,1,Q1,Dubai,Dubai,Meydan,Villa,1BR,217000,227000,18100,3.3,2.8,4.05,3.54,81.0,19.0,13.2,148,545,2.2,1140,67.4,280000,3.92,0.13,5350000,24.7,373
RENT001393,2021-01-01,2021,1,Q1,Sharjah,Sharjah,Muwaileh,Apartment,3BR,38000,40000,3200,3.3,2.5,3.99,2.88,83.4,16.6,21.3,162,746,3.1,210,55.3,42000,3.96,0.03,950000,25.1,145
RENT001394,2021-01-01,2021,1,Q1,Sharjah,Sharjah,Muwaileh,Villa,1BR,110000,105000,9200,3.3,-0.2,4.86,3.75,74.9,25.1,19.3,56,1063,4.4,680,70.5,175000,5.13,-0.27,2250000,20.6,62
RENT001349,2021-01-01,2021,1,Q1,Dubai,Dubai,Palm Jumeirah,Apartment,Studio,202000,207000,16800,3.3,-1.3,5.13,3.96,83.7,16.3,11.1,23,890,11.5,1070,61.4,240000,4.94,0.19,3950000,19.5,435
RENT001350,2021-01-01,2021,1,Q1,Dubai,Dubai,Palm Jumeirah,Villa,3BR,397000,371000,33100,3.3,-2.0,5.86,5.29,87.4,12.6,12.8,136,929,10.9,2870,81.4,853000,5.62,0.24,6800000,17.1,292
RENT001375,2021-01-01,2021,1,Q1,Abu Dhabi,Abu Dhabi,Saadiyat Island,Apartment,1BR,153000,159000,12800,3.3,2.9,5.82,5.3,74.4,25.6,19.3,110,592,12.0,1080,75.9,299000,5.54,0.28,2650000,17.2,196
RENT001376,2021-01-01,2021,1,Q1,Abu Dhabi,Abu Dhabi,Saadiyat Island,Villa,3BR,467000,484000,38900,3.3,-2.2,5.64,4.5,83.8,16.2,15.7,229,1056,18.1,2110,62.5,481000,5.97,-0.33,8300000,17.7,155
RENT001371,2021-01-01,2021,1,Q1,Dubai,Dubai,Sports City,Apartment,4BR,55000,55000,4600,3.3,1.7,5.22,4.09,79.0,21.0,19.2,227,971,3.2,220,81.0,65000,5.06,0.16,1050000,19.2,564
RENT001372,2021-01-01,2021,1,Q1,Dubai,Dubai,Sports City,Villa,1BR,170000,176000,14200,3.3,1.7,4.52,3.92,86.5,13.5,16.8,204,655,1.8,1260,71.2,327000,4.85,-0.33,3750000,22.1,579
RENT001377,2021-01-01,2021,1,Q1,Abu Dhabi,Abu Dhabi,Yas Island,Apartment,Studio,86000,84000,7200,3.3,0.7,4.83,4.28,72.5,27.5,17.8,101,917,11.0,320,74.9,87000,5.18,-0.35,1800000,20.7,84
RENT001378,2021-01-01,2021,1,Q1,Abu Dhabi,Abu Dhabi,Yas Island,Villa,1BR,175000,168000,14600,3.3,-0.6,5.88,4.74,86.7,13.3,11.8,210,1031,6.6,950,64.2,223000,5.54,0.34,3000000,17.0,285
RENT001415,2021-02-01,2021,2,Q1,Dubai,Dubai,Al Furjan,Apartment,4BR,70000,73000,5800,3.3,-2.2,4.86,4.22,84.8,15.2,22.1,232,618,2.0,430,78.4,123000,4.99,-0.13,1450000,20.6,178
RENT001416,2021-02-01,2021,2,Q1,Dubai,Dubai,Al Furjan,Villa,3BR,153000,155000,12800,3.3,1.4,4.74,3.87,79.1,20.9,21.0,107,158,6.1,740,70.5,190000,4.46,0.28,3250000,21.1,434
RENT001455,2021-02-01,2021,2,Q1,Ras Al Khaimah,Ras Al Khaimah,Al Hamra Village,Apartment,2BR,58000,54000,4800,3.3,-0.4,5.38,4.85,76.2,23.8,16.0,149,1011,2.1,410,74.5,111000,5.83,-0.45,1100000,18.6,40
RENT001456,2021-02-01,2021,2,Q1,Ras Al Khaimah,Ras Al Khaimah,Al Hamra Village,Villa,1BR,166000,154000,13800,3.3,-0.8,5.52,4.68,89.9,10.1,21.2,217,557,2.2,840,66.3,203000,5.55,-0.03,3000000,18.1,42
RENT001451,2021-02-01,2021,2,Q1,Sharjah,Sharjah,Al Khan,Apartment,2BR,47000,45000,3900,3.3,3.0,3.99,3.22,80.9,19.1,14.5,22,182,1.0,320,70.2,82000,4.27,-0.28,1200000,25.0,234
RENT001452,2021-02-01,2021,2,Q1,Sharjah,Sharjah,Al Khan,Villa,2BR,130000,129000,10800,3.3,1.0,5.26,4.43,89.6,10.4,17.2,128,91,6.2,480,78.0,137000,5.22,0.04,2450000,19.0,147
RENT001445,2021-02-01,2021,2,Q1,Sharjah,Sharjah,Al Majaz,Apartment,Studio,50000,47000,4200,3.3,2.2,4.99,4.47,86.8,13.2,14.2,84,812,3.0,270,66.6,66000,5.3,-0.31,1000000,20.0,112
RENT001446,2021-02-01,2021,2,Q1,Sharjah,Sharjah,Al Majaz,Villa,1BR,106000,110000,8800,3.3,3.3,6.11,5.01,78.0,22.0,10.9,14,994,5.2,750,59.6,163000,6.16,-0.05,1750000,16.4,189
RENT001447,2021-02-01,2021,2,Q1,Sharjah,Sharjah,Al Nahda,Apartment,2BR,43000,43000,3600,3.3,0.9,5.54,4.94,84.4,15.6,18.7,28,221,5.8,250,57.8,53000,5.48,0.06,800000,18.0,91
RENT001448,2021-02-01,2021,2,Q1,Sharjah,Sharjah,Al Nahda,Villa,Studio,82000,80000,6800,3.3,1.2,5.15,4.09,84.4,15.6,23.4,246,757,2.8,440,72.2,116000,5.17,-0.02,1600000,19.4,230
RENT001435,2021-02-01,2021,2,Q1,Abu Dhabi,Abu Dhabi,Al Raha Beach,Apartment,1BR,95000,97000,7900,3.3,-0.9,3.95,3.15,85.8,14.2,12.5,148,257,6.6,440,75.1,121000,4.32,-0.37,2400000,25.3,350
RENT001436,2021-02-01,2021,2,Q1,Abu Dhabi,Abu Dhabi,Al Raha Beach,Villa,2BR,256000,247000,21300,3.3,-1.3,6.21,5.6,83.9,16.1,18.8,60,1067,1.2,930,56.4,191000,6.17,0.04,4150000,16.1,123
RENT001441,2021-02-01,2021,2,Q1,Abu Dhabi,Abu Dhabi,Al Reef,Apartment,2BR,61000,62000,5100,3.3,-1.0,4.33,3.21,81.1,18.9,15.8,184,1002,2.2,420,62.1,95000,4.02,0.31,1400000,23.1,335
RENT001442,2021-02-01,2021,2,Q1,Abu Dhabi,Abu Dhabi,Al Reef,Villa,Studio,162000,164000,13500,3.3,2.9,3.9,2.7,73.3,26.7,15.4,58,370,6.8,610,73.4,163000,4.16,-0.26,4150000,25.7,185
RENT001429,2021-02-01,2021,2,Q1,Abu Dhabi,Abu Dhabi,Al Reem Island,Apartment,2BR,72000,67000,6000,3.3,1.2,4.47,3.5,84.4,15.6,13.9,68,868,5.8,400,84.4,123000,4.58,-0.11,1600000,22.4,230
RENT001430,2021-02-01,2021,2,Q1,Abu Dhabi,Abu Dhabi,Al Reem Island,Villa,1BR,232000,228000,19300,3.3,-1.5,3.98,2.8,80.5,19.5,21.1,127,1189,6.0,1690,84.4,521000,4.32,-0.34,5850000,25.1,276
RENT001453,2021-02-01,2021,2,Q1,Sharjah,Sharjah,Al Taawun,Apartment,2BR,40000,39000,3300,3.3,0.9,4.6,3.9,73.3,26.7,17.9,103,1017,7.6,270,66.5,66000,4.82,-0.22,850000,21.7,71
RENT001454,2021-02-01,2021,2,Q1,Sharjah,Sharjah,Al Taawun,Villa,Studio,136000,135000,11300,3.3,0.3,6.06,5.46,82.2,17.8,13.3,20,582,4.0,860,75.8,238000,6.12,-0.06,2250000,16.5,46
RENT001409,2021-02-01,2021,2,Q1,Dubai,Dubai,Business Bay,Apartment,1BR,84000,86000,7000,3.3,0.2,4.96,4.28,86.2,13.8,16.9,150,935,1.4,420,76.2,117000,5.13,-0.17,1700000,20.2,83
RENT001410,2021-02-01,2021,2,Q1,Dubai,Dubai,Business Bay,Villa,1BR,319000,301000,26600,3.3,-2.0,4.59,3.62,83.8,16.2,18.3,116,654,1.7,2300,82.9,696000,4.66,-0.07,6950000,21.8,258
RENT001439,2021-02-01,2021,2,Q1,Abu Dhabi,Abu Dhabi,Corniche,Apartment,5BR+,103000,101000,8600,3.3,-0.8,3.94,3.23,76.3,23.7,12.7,138,214,5.7,470,81.4,140000,4.24,-0.3,2600000,25.4,106
RENT001440,2021-02-01,2021,2,Q1,Abu Dhabi,Abu Dhabi,Corniche,Villa,3BR,195000,192000,16200,3.3,0.1,5.86,4.77,86.6,13.4,11.0,245,660,2.9,1440,72.0,378000,5.92,-0.06,3350000,17.1,257
RENT001419,2021-02-01,2021,2,Q1,Dubai,Dubai,Creek Harbour,Apartment,3BR,103000,97000,8600,3.3,-1.5,5.36,4.23,83.9,16.1,11.7,55,928,5.2,710,81.9,212000,5.42,-0.06,1900000,18.7,486
RENT001420,2021-02-01,2021,2,Q1,Dubai,Dubai,Creek Harbour,Villa,3BR,210000,220000,17500,3.3,-0.3,4.73,3.97,81.8,18.2,16.5,196,809,4.5,1510,66.9,369000,5.17,-0.44,4450000,21.1,545
RENT001421,2021-02-01,2021,2,Q1,Dubai,Dubai,DAMAC Hills,Apartment,3BR,80000,76000,6700,3.3,2.6,5.21,4.24,74.9,25.1,14.6,87,251,3.4,400,81.7,119000,5.03,0.18,1550000,19.2,491
RENT001422,2021-02-01,2021,2,Q1,Dubai,Dubai,DAMAC Hills,Villa,3BR,176000,175000,14700,3.3,-1.9,6.19,5.64,85.0,15.0,18.1,40,978,5.2,900,62.9,207000,6.37,-0.18,2850000,16.1,114
RENT001401,2021-02-01,2021,2,Q1,Dubai,Dubai,Downtown Dubai,Apartment,Studio,127000,125000,10600,3.3,-1.6,5.41,4.79,76.7,23.3,16.6,156,1143,11.4,860,58.4,183000,5.51,-0.1,2350000,18.5,376
RENT001402,2021-02-01,2021,2,Q1,Dubai,Dubai,Downtown Dubai,Villa,1BR,296000,291000,24700,3.3,1.7,3.95,3.13,78.5,21.5,18.6,194,341,8.7,1120,78.7,322000,3.97,-0.02,7500000,25.3,512
RENT001407,2021-02-01,2021,2,Q1,Dubai,Dubai,Dubai Hills Estate,Apartment,1BR,129000,124000,10800,3.3,1.9,5.08,4.34,81.7,18.3,18.2,250,110,2.8,720,73.8,194000,5.04,0.04,2550000,19.7,276
RENT001408,2021-02-01,2021,2,Q1,Dubai,Dubai,Dubai Hills Estate,Villa,3BR,262000,260000,21800,3.3,1.4,5.26,4.26,88.6,11.4,17.5,100,200,7.5,1830,61.6,411000,5.39,-0.13,5000000,19.0,203
RENT001403,2021-02-01,2021,2,Q1,Dubai,Dubai,Dubai Marina,Apartment,1BR,97000,96000,8100,3.3,-0.1,5.19,4.01,83.2,16.8,14.3,40,1142,8.7,500,64.5,118000,5.06,0.13,1850000,19.3,323
RENT001404,2021-02-01,2021,2,Q1,Dubai,Dubai,Dubai Marina,Villa,1BR,214000,203000,17800,3.3,2.5,4.18,3.61,71.7,28.3,23.0,210,781,8.3,1190,56.0,243000,4.16,0.02,5100000,23.9,409
RENT001423,2021-02-01,2021,2,Q1,Dubai,Dubai,Dubai South,Apartment,1BR,57000,56000,4800,3.3,2.7,4.31,3.37,71.2,28.8,20.1,171,98,1.4,360,78.6,103000,4.18,0.13,1300000,23.2,302
RENT001424,2021-02-01,2021,2,Q1,Dubai,Dubai,Dubai South,Villa,2BR,172000,169000,14300,3.3,-2.4,6.15,5.11,71.4,28.6,17.9,195,1171,1.8,650,58.8,140000,6.47,-0.32,2800000,16.2,491
RENT001417,2021-02-01,2021,2,Q1,Dubai,Dubai,JBR,Apartment,1BR,111000,116000,9200,3.3,-0.2,5.62,4.98,80.7,19.3,23.2,209,395,7.3,520,56.4,107000,5.3,0.32,2000000,17.8,512
RENT001418,2021-02-01,2021,2,Q1,Dubai,Dubai,JBR,Villa,2BR,272000,278000,22700,3.3,2.6,4.31,3.52,83.9,16.1,23.4,225,1196,17.4,1470,88.0,472000,4.57,-0.26,6300000,23.2,244
RENT001411,2021-02-01,2021,2,Q1,Dubai,Dubai,JVC,Apartment,2BR,65000,62000,5400,3.3,2.5,4.1,3.4,88.0,12.0,22.0,82,936,2.5,470,56.5,97000,3.77,0.33,1600000,24.4,561
RENT001412,2021-02-01,2021,2,Q1,Dubai,Dubai,JVC,Villa,3BR,169000,169000,14100,3.3,1.8,4.91,4.34,85.9,14.1,13.2,55,712,4.4,770,73.7,207000,4.63,0.28,3450000,20.4,351
RENT001437,2021-02-01,2021,2,Q1,Abu Dhabi,Abu Dhabi,Khalifa City,Apartment,1BR,71000,72000,5900,3.3,3.1,4.5,3.76,81.6,18.4,10.9,34,973,3.8,340,77.4,96000,4.17,0.33,1600000,22.2,93
RENT001438,2021-02-01,2021,2,Q1,Abu Dhabi,Abu Dhabi,Khalifa City,Villa,Studio,184000,189000,15300,3.3,-0.2,5.63,4.94,78.1,21.9,17.3,211,159,6.6,1250,62.6,286000,5.73,-0.1,3250000,17.8,347
RENT001413,2021-02-01,2021,2,Q1,Dubai,Dubai,MBR City,Apartment,5BR+,130000,128000,10800,3.3,1.2,4.82,4.09,88.2,11.8,15.8,217,967,6.4,570,68.9,143000,5.31,-0.49,2700000,20.7,454
RENT001414,2021-02-01,2021,2,Q1,Dubai,Dubai,MBR City,Villa,Studio,394000,392000,32800,3.3,-1.0,4.25,3.66,72.7,27.3,15.8,52,865,6.7,2500,62.1,567000,3.97,0.28,9250000,23.5,231
RENT001443,2021-02-01,2021,2,Q1,Abu Dhabi,Abu Dhabi,Masdar City,Apartment,1BR,61000,56000,5100,3.3,-2.4,4.29,3.69,83.6,16.4,11.3,245,650,6.6,410,77.5,116000,4.74,-0.45,1400000,23.3,88
RENT001444,2021-02-01,2021,2,Q1,Abu Dhabi,Abu Dhabi,Masdar City,Villa,3BR,133000,128000,11100,3.3,-0.9,4.1,3.42,79.4,20.6,11.6,84,504,2.8,930,60.2,204000,3.94,0.16,3250000,24.4,204
RENT001425,2021-02-01,2021,2,Q1,Dubai,Dubai,Meydan,Apartment,Studio,88000,88000,7300,3.3,-0.4,4.24,3.06,89.8,10.2,23.7,102,381,2.9,460,64.2,108000,4.2,0.04,2050000,23.6,114
RENT001426,2021-02-01,2021,2,Q1,Dubai,Dubai,Meydan,Villa,1BR,284000,274000,23700,3.3,0.8,4.49,3.94,83.2,16.8,19.8,129,806,3.3,1700,61.1,379000,4.16,0.33,6300000,22.3,235
RENT001449,2021-02-01,2021,2,Q1,Sharjah,Sharjah,Muwaileh,Apartment,Studio,35000,36000,2900,3.3,-0.7,5.62,5.08,88.5,11.5,12.3,136,1006,4.5,180,69.6,46000,5.69,-0.07,600000,17.8,37
RENT001450,2021-02-01,2021,2,Q1,Sharjah,Sharjah,Muwaileh,Villa,1BR,115000,111000,9600,3.3,1.2,4.02,3.46,77.8,22.2,21.8,248,866,8.0,820,80.1,240000,4.11,-0.09,2850000,24.9,72
RENT001405,2021-02-01,2021,2,Q1,Dubai,Dubai,Palm Jumeirah,Apartment,1BR,189000,198000,15800,3.3,0.1,5.81,4.92,86.3,13.7,10.9,43,950,6.9,1400,55.8,285000,5.76,0.05,3250000,17.2,239
RENT001406,2021-02-01,2021,2,Q1,Dubai,Dubai,Palm Jumeirah,Villa,1BR,380000,396000,31700,3.3,0.3,5.09,4.45,85.0,15.0,19.0,41,747,12.4,2490,62.0,563000,4.84,0.25,7450000,19.6,412
RENT001431,2021-02-01,2021,2,Q1,Abu Dhabi,Abu Dhabi,Saadiyat Island,Apartment,2BR,166000,165000,13800,3.3,-1.0,5.73,5.05,88.3,11.7,12.6,97,778,16.4,600,87.8,192000,5.57,0.16,2900000,17.4,118
RENT001432,2021-02-01,2021,2,Q1,Abu Dhabi,Abu Dhabi,Saadiyat Island,Villa,3BR,431000,448000,35900,3.3,-1.6,4.39,3.42,85.1,14.9,10.7,155,835,12.8,2410,69.6,612000,4.29,0.1,9850000,22.8,334
RENT001427,2021-02-01,2021,2,Q1,Dubai,Dubai,Sports City,Apartment,3BR,55000,56000,4600,3.3,0.2,4.22,3.21,84.4,15.6,17.9,106,1164,2.4,340,72.9,90000,4.0,0.22,1300000,23.7,478
RENT001428,2021-02-01,2021,2,Q1,Dubai,Dubai,Sports City,Villa,5BR+,191000,197000,15900,3.3,-2.2,4.57,3.57,87.3,12.7,20.0,178,95,1.5,1230,63.0,283000,4.92,-0.35,4200000,21.9,185
RENT001433,2021-02-01,2021,2,Q1,Abu Dhabi,Abu Dhabi,Yas Island,Apartment,Studio,84000,82000,7000,3.3,0.7,4.33,3.16,83.6,16.4,17.6,218,311,10.4,530,83.4,161000,4.59,-0.26,1950000,23.1,263
RENT001434,2021-02-01,2021,2,Q1,Abu Dhabi,Abu Dhabi,Yas Island,Villa,2BR,202000,188000,16800,3.3,-2.1,4.18,3.46,75.4,24.6,19.7,186,1111,17.5,1480,60.8,328000,3.79,0.39,4850000,23.9,178
RENT001471,2021-03-01,2021,3,Q1,Dubai,Dubai,Al Furjan,Apartment,1BR,75000,77000,6200,3.3,0.7,3.97,2.89,72.4,27.6,11.6,61,693,7.3,360,70.5,93000,3.63,0.34,1900000,25.2,515
RENT001472,2021-03-01,2021,3,Q1,Dubai,Dubai,Al Furjan,Villa,2BR,215000,221000,17900,3.3,2.3,5.72,4.62,87.2,12.8,11.1,21,352,3.5,1030,67.0,252000,6.19,-0.47,3750000,17.5,433
RENT001511,2021-03-01,2021,3,Q1,Ras Al Khaimah,Ras Al Khaimah,Al Hamra Village,Apartment,2BR,62000,61000,5200,3.3,3.3,4.2,3.69,75.8,24.2,17.6,55,198,1.8,360,64.5,85000,3.78,0.42,1500000,23.8,90
RENT001512,2021-03-01,2021,3,Q1,Ras Al Khaimah,Ras Al Khaimah,Al Hamra Village,Villa,2BR,129000,133000,10800,3.3,-2.0,5.12,4.22,80.0,20.0,17.8,42,949,1.1,940,83.8,288000,4.67,0.45,2500000,19.5,36
RENT001507,2021-03-01,2021,3,Q1,Sharjah,Sharjah,Al Khan,Apartment,2BR,44000,42000,3700,3.3,3.4,5.09,4.01,72.0,28.0,11.3,42,509,4.3,240,75.7,66000,4.71,0.38,850000,19.7,186
RENT001508,2021-03-01,2021,3,Q1,Sharjah,Sharjah,Al Khan,Villa,2BR,140000,146000,11700,3.3,3.4,4.51,3.79,81.7,18.3,20.9,202,428,3.3,560,58.4,119000,4.34,0.17,3100000,22.2,216
RENT001501,2021-03-01,2021,3,Q1,Sharjah,Sharjah,Al Majaz,Apartment,3BR,53000,55000,4400,3.3,3.4,5.26,4.09,70.8,29.2,23.3,228,716,2.9,310,57.2,65000,5.34,-0.08,1000000,19.0,162
RENT001502,2021-03-01,2021,3,Q1,Sharjah,Sharjah,Al Majaz,Villa,3BR,145000,150000,12100,3.3,1.9,4.2,3.65,86.5,13.5,11.9,132,628,7.0,780,58.4,166000,4.17,0.03,3450000,23.8,56
RENT001503,2021-03-01,2021,3,Q1,Sharjah,Sharjah,Al Nahda,Apartment,2BR,40000,39000,3300,3.3,1.6,4.87,4.25,82.0,18.0,12.1,175,893,2.9,250,59.5,54000,4.98,-0.11,800000,20.5,80
RENT001504,2021-03-01,2021,3,Q1,Sharjah,Sharjah,Al Nahda,Villa,1BR,128000,132000,10700,3.3,1.1,4.0,3.39,78.5,21.5,20.2,234,113,3.5,730,61.8,165000,4.17,-0.17,3200000,25.0,190
RENT001491,2021-03-01,2021,3,Q1,Abu Dhabi,Abu Dhabi,Al Raha Beach,Apartment,1BR,97000,90000,8100,3.3,-1.8,4.91,3.72,84.9,15.1,17.2,12,765,2.3,570,78.8,164000,4.7,0.21,2000000,20.4,79
RENT001492,2021-03-01,2021,3,Q1,Abu Dhabi,Abu Dhabi,Al Raha Beach,Villa,2BR,255000,254000,21200,3.3,1.8,4.82,4.29,79.3,20.7,12.9,174,486,5.3,1790,88.0,575000,4.65,0.17,5300000,20.7,119
RENT001497,2021-03-01,2021,3,Q1,Abu Dhabi,Abu Dhabi,Al Reef,Apartment,3BR,67000,68000,5600,3.3,3.4,4.39,3.54,86.0,14.0,11.3,171,857,2.0,470,72.9,125000,4.54,-0.15,1550000,22.8,359
RENT001498,2021-03-01,2021,3,Q1,Abu Dhabi,Abu Dhabi,Al Reef,Villa,2BR,168000,160000,14000,3.3,-1.3,5.24,4.04,86.7,13.3,12.4,95,502,4.9,1000,61.5,224000,5.22,0.02,3200000,19.1,259
RENT001485,2021-03-01,2021,3,Q1,Abu Dhabi,Abu Dhabi,Al Reem Island,Apartment,1BR,75000,78000,6200,3.3,1.7,4.33,3.22,73.6,26.4,19.6,102,339,5.1,310,73.3,83000,4.61,-0.28,1750000,23.1,139
RENT001486,2021-03-01,2021,3,Q1,Abu Dhabi,Abu Dhabi,Al Reem Island,Villa,1BR,160000,147000,13300,3.3,-0.8,4.44,3.27,79.9,20.1,14.0,111,961,4.1,1080,65.7,259000,4.54,-0.1,3600000,22.5,240
RENT001509,2021-03-01,2021,3,Q1,Sharjah,Sharjah,Al Taawun,Apartment,2BR,42000,40000,3500,3.3,2.2,4.76,3.94,83.5,16.5,14.7,29,769,2.1,160,57.6,34000,4.29,0.47,900000,21.0,128
RENT001510,2021-03-01,2021,3,Q1,Sharjah,Sharjah,Al Taawun,Villa,1BR,116000,116000,9700,3.3,-1.6,6.22,5.47,77.9,22.1,18.7,98,114,7.4,620,56.5,128000,6.56,-0.34,1850000,16.1,227
RENT001465,2021-03-01,2021,3,Q1,Dubai,Dubai,Business Bay,Apartment,4BR,92000,95000,7700,3.3,-0.9,5.04,4.04,86.1,13.9,19.4,54,674,2.1,450,83.2,137000,5.01,0.03,1800000,19.8,391
RENT001466,2021-03-01,2021,3,Q1,Dubai,Dubai,Business Bay,Villa,4BR,223000,217000,18600,3.3,-2.4,3.85,2.66,78.7,21.3,19.0,225,604,2.8,1430,84.0,438000,3.74,0.11,5800000,26.0,277
RENT001495,2021-03-01,2021,3,Q1,Abu Dhabi,Abu Dhabi,Corniche,Apartment,Studio,107000,104000,8900,3.3,-0.9,4.02,3.07,84.8,15.2,17.1,10,510,1.4,530,73.8,143000,3.73,0.29,2650000,24.9,248
RENT001496,2021-03-01,2021,3,Q1,Abu Dhabi,Abu Dhabi,Corniche,Villa,3BR,272000,271000,22700,3.3,0.6,5.31,4.42,75.9,24.1,21.7,56,88,4.8,1010,81.7,301000,5.72,-0.41,5100000,18.8,253
RENT001475,2021-03-01,2021,3,Q1,Dubai,Dubai,Creek Harbour,Apartment,Studio,94000,89000,7800,3.3,1.7,4.65,3.6,87.2,12.8,12.3,245,958,2.1,660,57.7,139000,5.05,-0.4,2000000,21.5,306
RENT001476,2021-03-01,2021,3,Q1,Dubai,Dubai,Creek Harbour,Villa,1BR,208000,212000,17300,3.3,2.5,4.1,3.38,74.9,25.1,19.7,49,288,6.7,1530,86.1,481000,3.94,0.16,5050000,24.4,250
RENT001477,2021-03-01,2021,3,Q1,Dubai,Dubai,DAMAC Hills,Apartment,3BR,87000,88000,7200,3.3,-0.4,5.85,5.18,79.3,20.7,16.4,107,125,1.9,550,78.2,157000,5.46,0.39,1500000,17.1,413
RENT001478,2021-03-01,2021,3,Q1,Dubai,Dubai,DAMAC Hills,Villa,3BR,282000,268000,23500,3.3,-1.9,4.23,3.32,86.9,13.1,18.5,115,193,1.6,1960,69.8,499000,4.38,-0.15,6650000,23.6,296
RENT001457,2021-03-01,2021,3,Q1,Dubai,Dubai,Downtown Dubai,Apartment,2BR,131000,133000,10900,3.3,1.8,3.9,3.19,81.0,19.0,22.0,184,672,18.9,750,80.9,221000,3.69,0.21,3350000,25.6,113
RENT001458,2021-03-01,2021,3,Q1,Dubai,Dubai,Downtown Dubai,Villa,1BR,232000,231000,19300,3.3,1.5,4.67,3.77,83.6,16.4,12.0,228,757,13.2,1180,68.8,296000,5.01,-0.34,4950000,21.4,517
RENT001463,2021-03-01,2021,3,Q1,Dubai,Dubai,Dubai Hills Estate,Apartment,3BR,125000,117000,10400,3.3,0.0,5.98,5.01,82.9,17.1,19.7,95,229,3.6,770,74.0,208000,6.2,-0.22,2100000,16.7,181
RENT001464,2021-03-01,2021,3,Q1,Dubai,Dubai,Dubai Hills Estate,Villa,2BR,396000,366000,33000,3.3,1.9,4.76,4.14,74.9,25.1,15.5,96,983,4.4,2730,69.7,695000,4.59,0.17,8300000,21.0,441
RENT001459,2021-03-01,2021,3,Q1,Dubai,Dubai,Dubai Marina,Apartment,2BR,99000,99000,8200,3.3,-1.4,5.49,4.9,72.6,27.4,11.6,25,1036,8.2,580,77.7,164000,5.5,-0.01,1800000,18.2,436
RENT001460,2021-03-01,2021,3,Q1,Dubai,Dubai,Dubai Marina,Villa,3BR,238000,235000,19800,3.3,1.9,5.17,4.15,75.7,24.3,19.2,66,541,15.6,980,75.2,269000,4.78,0.39,4600000,19.3,394
RENT001479,2021-03-01,2021,3,Q1,Dubai,Dubai,Dubai South,Apartment,3BR,62000,61000,5200,3.3,-2.1,4.98,4.38,88.3,11.7,15.6,178,333,7.2,430,59.2,93000,4.58,0.4,1250000,20.1,432
RENT001480,2021-03-01,2021,3,Q1,Dubai,Dubai,Dubai South,Villa,2BR,145000,138000,12100,3.3,1.4,4.1,3.39,83.6,16.4,21.9,55,778,5.2,630,72.2,166000,4.55,-0.45,3550000,24.4,82
RENT001473,2021-03-01,2021,3,Q1,Dubai,Dubai,JBR,Apartment,5BR+,105000,108000,8800,3.3,2.0,5.4,4.8,81.0,19.0,23.9,208,1000,18.2,670,82.0,201000,4.99,0.41,1950000,18.5,324
RENT001474,2021-03-01,2021,3,Q1,Dubai,Dubai,JBR,Villa,1BR,340000,344000,28300,3.3,-2.4,4.06,3.46,87.5,12.5,13.0,55,312,12.2,1340,82.5,404000,3.96,0.1,8400000,24.6,438
RENT001467,2021-03-01,2021,3,Q1,Dubai,Dubai,JVC,Apartment,3BR,66000,63000,5500,3.3,2.6,4.98,3.91,89.9,10.1,19.1,88,911,2.0,410,72.4,108000,4.81,0.17,1300000,20.1,183
RENT001468,2021-03-01,2021,3,Q1,Dubai,Dubai,JVC,Villa,3BR,246000,228000,20500,3.3,-0.6,4.23,3.15,76.4,23.6,22.5,94,941,2.4,1040,74.9,284000,3.76,0.47,5800000,23.6,560
RENT001493,2021-03-01,2021,3,Q1,Abu Dhabi,Abu Dhabi,Khalifa City,Apartment,Studio,75000,71000,6200,3.3,-2.1,4.45,3.77,73.3,26.7,15.0,14,89,1.4,300,65.2,71000,4.14,0.31,1700000,22.5,198
RENT001494,2021-03-01,2021,3,Q1,Abu Dhabi,Abu Dhabi,Khalifa City,Villa,5BR+,228000,232000,19000,3.3,0.1,4.49,3.94,79.7,20.3,13.7,209,334,3.3,1340,60.7,297000,4.28,0.21,5050000,22.2,302
RENT001469,2021-03-01,2021,3,Q1,Dubai,Dubai,MBR City,Apartment,4BR,134000,129000,11200,3.3,0.1,3.89,3.22,87.4,12.6,16.0,170,439,1.5,560,72.7,149000,4.33,-0.44,3450000,25.7,197
RENT001470,2021-03-01,2021,3,Q1,Dubai,Dubai,MBR City,Villa,Studio,473000,437000,39400,3.3,0.7,4.57,3.51,76.8,23.2,21.4,29,901,5.2,3190,83.4,971000,4.37,0.2,10350000,21.9,592
RENT001499,2021-03-01,2021,3,Q1,Abu Dhabi,Abu Dhabi,Masdar City,Apartment,Studio,56000,58000,4700,3.3,2.9,4.13,3.03,85.3,14.7,19.4,77,275,4.9,360,70.2,92000,4.29,-0.16,1350000,24.2,212
RENT001500,2021-03-01,2021,3,Q1,Abu Dhabi,Abu Dhabi,Masdar City,Villa,1BR,130000,128000,10800,3.3,-0.1,5.58,5.02,88.2,11.8,23.9,33,1194,5.4,730,64.5,172000,5.25,0.33,2350000,17.9,208
RENT001481,2021-03-01,2021,3,Q1,Dubai,Dubai,Meydan,Apartment,3BR,102000,99000,8500,3.3,3.0,5.67,4.5,81.0,19.0,14.9,23,575,6.6,370,67.6,91000,6.12,-0.45,1800000,17.6,322
RENT001482,2021-03-01,2021,3,Q1,Dubai,Dubai,Meydan,Villa,1BR,203000,200000,16900,3.3,-0.3,5.35,4.61,79.4,20.6,23.6,55,1147,2.2,1170,63.1,269000,4.96,0.39,3800000,18.7,227
RENT001505,2021-03-01,2021,3,Q1,Sharjah,Sharjah,Muwaileh,Apartment,1BR,36000,36000,3000,3.3,-0.8,4.86,3.84,78.0,22.0,19.9,84,1124,1.2,130,62.2,30000,5.32,-0.46,750000,20.6,37
RENT001506,2021-03-01,2021,3,Q1,Sharjah,Sharjah,Muwaileh,Villa,3BR,94000,87000,7800,3.3,-2.0,4.79,3.83,84.7,15.3,17.1,158,590,3.2,540,63.1,124000,4.77,0.02,1950000,20.9,69
RENT001461,2021-03-01,2021,3,Q1,Dubai,Dubai,Palm Jumeirah,Apartment,2BR,206000,204000,17200,3.3,3.1,5.7,4.57,79.8,20.2,12.7,189,427,13.3,820,83.6,250000,5.44,0.26,3600000,17.6,444
RENT001462,2021-03-01,2021,3,Q1,Dubai,Dubai,Palm Jumeirah,Villa,2BR,567000,585000,47200,3.3,-2.2,5.0,4.16,76.2,23.8,12.9,173,265,17.8,2550,66.8,622000,5.21,-0.21,11350000,20.0,195
RENT001487,2021-03-01,2021,3,Q1,Abu Dhabi,Abu Dhabi,Saadiyat Island,Apartment,4BR,163000,153000,13600,3.3,-1.6,5.64,4.92,74.1,25.9,20.7,108,503,11.4,630,85.8,197000,5.51,0.13,2900000,17.7,255
RENT001488,2021-03-01,2021,3,Q1,Abu Dhabi,Abu Dhabi,Saadiyat Island,Villa,2BR,365000,347000,30400,3.3,-2.4,5.49,4.79,89.2,10.8,14.2,141,493,9.9,1580,73.4,423000,5.06,0.43,6650000,18.2,203
RENT001483,2021-03-01,2021,3,Q1,Dubai,Dubai,Sports City,Apartment,4BR,62000,58000,5200,3.3,1.0,4.0,3.3,86.5,13.5,15.3,36,126,3.8,420,87.6,134000,3.9,0.1,1550000,25.0,497
RENT001484,2021-03-01,2021,3,Q1,Dubai,Dubai,Sports City,Villa,2BR,127000,117000,10600,3.3,-1.6,6.05,4.94,80.4,19.6,22.1,22,420,1.5,820,84.1,252000,5.63,0.42,2100000,16.5,233
RENT001489,2021-03-01,2021,3,Q1,Abu Dhabi,Abu Dhabi,Yas Island,Apartment,2BR,98000,92000,8200,3.3,0.5,3.86,2.87,76.1,23.9,18.9,216,612,9.2,500,87.3,159000,4.25,-0.39,2550000,25.9,325
RENT001490,2021-03-01,2021,3,Q1,Abu Dhabi,Abu Dhabi,Yas Island,Villa,3BR,182000,189000,15200,3.3,-2.2,4.07,2.94,82.7,17.3,12.9,249,308,5.6,1020,85.1,317000,4.06,0.01,4450000,24.6,208
RENT001527,2021-04-01,2021,4,Q2,Dubai,Dubai,Al Furjan,Apartment,1BR,75000,70000,6200,3.3,-0.2,6.12,5.56,77.2,22.8,22.8,31,1111,2.2,380,76.2,106000,5.97,0.15,1250000,16.3,154
RENT001528,2021-04-01,2021,4,Q2,Dubai,Dubai,Al Furjan,Villa,2BR,187000,183000,15600,3.3,3.4,4.8,4.2,81.3,18.7,17.6,174,896,1.4,1200,76.3,334000,5.13,-0.33,3900000,20.8,136
RENT001567,2021-04-01,2021,4,Q2,Ras Al Khaimah,Ras Al Khaimah,Al Hamra Village,Apartment,3BR,60000,61000,5000,3.3,-0.1,5.54,4.63,73.9,26.1,17.2,174,262,7.5,220,87.2,70000,5.49,0.05,1100000,18.0,88
RENT001568,2021-04-01,2021,4,Q2,Ras Al Khaimah,Ras Al Khaimah,Al Hamra Village,Villa,2BR,114000,114000,9500,3.3,2.6,4.96,4.01,77.9,22.1,22.4,151,115,8.0,480,66.8,117000,5.45,-0.49,2300000,20.2,76
RENT001563,2021-04-01,2021,4,Q2,Sharjah,Sharjah,Al Khan,Apartment,1BR,46000,47000,3800,3.3,-0.3,4.3,3.72,74.9,25.1,19.6,65,628,3.6,200,76.0,55000,4.04,0.26,1050000,23.2,64
RENT001564,2021-04-01,2021,4,Q2,Sharjah,Sharjah,Al Khan,Villa,3BR,155000,145000,12900,3.3,3.0,4.93,3.8,89.9,10.1,20.4,76,894,7.4,970,58.5,207000,5.18,-0.25,3150000,20.3,186
RENT001557,2021-04-01,2021,4,Q2,Sharjah,Sharjah,Al Majaz,Apartment,Studio,45000,43000,3800,3.3,-0.8,4.76,3.9,88.7,11.3,11.5,156,842,4.6,270,57.6,57000,4.47,0.29,950000,21.0,180
RENT001558,2021-04-01,2021,4,Q2,Sharjah,Sharjah,Al Majaz,Villa,Studio,89000,90000,7400,3.3,-1.7,6.05,5.16,70.2,29.8,20.9,93,516,3.2,470,55.1,95000,6.31,-0.26,1450000,16.5,135
RENT001559,2021-04-01,2021,4,Q2,Sharjah,Sharjah,Al Nahda,Apartment,4BR,43000,43000,3600,3.3,-0.5,4.03,3.27,84.4,15.6,14.1,78,1145,4.6,280,83.6,85000,3.8,0.23,1050000,24.8,59
RENT001560,2021-04-01,2021,4,Q2,Sharjah,Sharjah,Al Nahda,Villa,2BR,147000,142000,12200,3.3,3.2,5.32,4.49,70.5,29.5,19.1,63,65,2.7,740,86.2,233000,5.26,0.06,2750000,18.8,69
RENT001547,2021-04-01,2021,4,Q2,Abu Dhabi,Abu Dhabi,Al Raha Beach,Apartment,2BR,105000,102000,8800,3.3,3.3,4.05,3.29,77.6,22.4,12.8,52,416,3.9,430,74.5,117000,4.27,-0.22,2600000,24.7,350
RENT001548,2021-04-01,2021,4,Q2,Abu Dhabi,Abu Dhabi,Al Raha Beach,Villa,Studio,309000,315000,25800,3.3,-1.2,4.25,3.26,88.9,11.1,23.2,159,605,4.6,2080,79.6,604000,4.28,-0.03,7300000,23.6,216
RENT001553,2021-04-01,2021,4,Q2,Abu Dhabi,Abu Dhabi,Al Reef,Apartment,2BR,64000,62000,5300,3.3,0.0,5.44,4.73,80.4,19.6,18.9,10,1040,1.5,340,86.0,107000,4.97,0.47,1200000,18.4,210
RENT001554,2021-04-01,2021,4,Q2,Abu Dhabi,Abu Dhabi,Al Reef,Villa,3BR,221000,222000,18400,3.3,2.3,3.86,3.0,74.6,25.4,15.3,190,748,3.5,1630,71.7,427000,4.24,-0.38,5700000,25.9,339
RENT001541,2021-04-01,2021,4,Q2,Abu Dhabi,Abu Dhabi,Al Reem Island,Apartment,1BR,73000,72000,6100,3.3,1.4,5.25,4.55,78.5,21.5,23.9,156,114,7.6,430,74.2,116000,5.53,-0.28,1400000,19.1,167
RENT001542,2021-04-01,2021,4,Q2,Abu Dhabi,Abu Dhabi,Al Reem Island,Villa,2BR,260000,269000,21700,3.3,-0.8,5.24,4.22,89.6,10.4,20.9,200,275,6.0,950,77.5,269000,5.23,0.01,4950000,19.1,232
RENT001565,2021-04-01,2021,4,Q2,Sharjah,Sharjah,Al Taawun,Apartment,2BR,40000,39000,3300,3.3,3.1,4.23,3.58,73.8,26.2,24.0,185,108,6.9,170,76.1,47000,4.17,0.06,950000,23.6,65
RENT001566,2021-04-01,2021,4,Q2,Sharjah,Sharjah,Al Taawun,Villa,1BR,103000,100000,8600,3.3,-1.8,4.32,3.31,84.0,16.0,12.0,191,194,8.0,720,84.4,222000,4.51,-0.19,2400000,23.2,165
RENT001521,2021-04-01,2021,4,Q2,Dubai,Dubai,Business Bay,Apartment,3BR,92000,96000,7700,3.3,3.3,3.89,3.25,87.1,12.9,13.7,127,429,4.8,620,58.7,133000,3.57,0.32,2350000,25.7,294
RENT001522,2021-04-01,2021,4,Q2,Dubai,Dubai,Business Bay,Villa,Studio,179000,187000,14900,3.3,-0.7,4.24,3.22,77.2,22.8,21.9,129,746,5.1,980,77.4,277000,4.55,-0.31,4200000,23.6,386
RENT001551,2021-04-01,2021,4,Q2,Abu Dhabi,Abu Dhabi,Corniche,Apartment,3BR,109000,106000,9100,3.3,1.9,4.35,3.72,74.7,25.3,13.2,31,630,3.2,530,63.5,123000,4.79,-0.44,2500000,23.0,209
RENT001552,2021-04-01,2021,4,Q2,Abu Dhabi,Abu Dhabi,Corniche,Villa,2BR,233000,216000,19400,3.3,2.4,5.41,4.45,76.7,23.3,10.8,205,359,4.1,1630,77.0,458000,5.01,0.4,4300000,18.5,329
RENT001531,2021-04-01,2021,4,Q2,Dubai,Dubai,Creek Harbour,Apartment,Studio,97000,93000,8100,3.3,3.0,4.97,3.94,78.6,21.4,11.7,195,355,4.5,430,58.5,92000,4.65,0.32,1950000,20.1,533
RENT001532,2021-04-01,2021,4,Q2,Dubai,Dubai,Creek Harbour,Villa,2BR,199000,187000,16600,3.3,-0.1,4.03,3.46,85.9,14.1,23.1,44,919,4.6,1180,59.9,258000,4.21,-0.18,4950000,24.8,353
RENT001533,2021-04-01,2021,4,Q2,Dubai,Dubai,DAMAC Hills,Apartment,3BR,86000,86000,7200,3.3,1.9,3.86,2.83,81.7,18.3,10.8,236,478,3.5,530,59.2,115000,3.88,-0.02,2250000,25.9,287
RENT001534,2021-04-01,2021,4,Q2,Dubai,Dubai,DAMAC Hills,Villa,1BR,245000,254000,20400,3.3,-0.6,5.02,4.52,78.7,21.3,12.0,159,658,3.7,1080,75.1,296000,4.57,0.45,4900000,19.9,581
RENT001513,2021-04-01,2021,4,Q2,Dubai,Dubai,Downtown Dubai,Apartment,Studio,125000,125000,10400,3.3,2.2,6.02,5.42,85.8,14.2,19.1,49,1114,8.0,830,85.8,260000,5.84,0.18,2100000,16.6,484
RENT001514,2021-04-01,2021,4,Q2,Dubai,Dubai,Downtown Dubai,Villa,3BR,324000,340000,27000,3.3,2.4,3.85,2.68,79.0,21.0,11.3,129,79,19.4,2170,75.9,601000,4.33,-0.48,8400000,26.0,546
RENT001519,2021-04-01,2021,4,Q2,Dubai,Dubai,Dubai Hills Estate,Apartment,1BR,137000,135000,11400,3.3,-2.2,4.83,4.05,81.3,18.7,13.5,53,405,7.5,640,85.9,201000,5.27,-0.44,2850000,20.7,311
RENT001520,2021-04-01,2021,4,Q2,Dubai,Dubai,Dubai Hills Estate,Villa,Studio,379000,351000,31600,3.3,2.3,4.28,3.23,75.4,24.6,15.4,182,1075,7.3,2190,62.1,496000,4.6,-0.32,8850000,23.4,104
RENT001515,2021-04-01,2021,4,Q2,Dubai,Dubai,Dubai Marina,Apartment,2BR,102000,97000,8500,3.3,0.9,4.02,3.49,77.4,22.6,11.3,96,1161,18.8,440,62.1,100000,4.27,-0.25,2550000,24.9,343
RENT001516,2021-04-01,2021,4,Q2,Dubai,Dubai,Dubai Marina,Villa,2BR,308000,299000,25700,3.3,2.3,5.36,4.18,89.2,10.8,17.4,233,272,14.3,1410,83.9,432000,5.47,-0.11,5750000,18.6,274
RENT001535,2021-04-01,2021,4,Q2,Dubai,Dubai,Dubai South,Apartment,2BR,66000,69000,5500,3.3,3.2,3.89,2.69,86.5,13.5,11.5,226,534,3.4,470,84.8,145000,3.5,0.39,1700000,25.7,122
RENT001536,2021-04-01,2021,4,Q2,Dubai,Dubai,Dubai South,Villa,3BR,177000,175000,14800,3.3,0.5,5.15,4.16,84.3,15.7,13.0,91,282,6.6,1190,65.6,285000,5.63,-0.48,3450000,19.4,522
RENT001529,2021-04-01,2021,4,Q2,Dubai,Dubai,JBR,Apartment,1BR,121000,115000,10100,3.3,1.6,4.3,3.38,74.1,25.9,21.4,163,693,11.2,450,73.2,120000,4.67,-0.37,2800000,23.2,254
RENT001530,2021-04-01,2021,4,Q2,Dubai,Dubai,JBR,Villa,4BR,280000,273000,23300,3.3,2.6,4.99,4.46,89.7,10.3,23.9,22,407,15.7,1520,65.4,363000,4.99,0.0,5600000,20.0,360
RENT001523,2021-04-01,2021,4,Q2,Dubai,Dubai,JVC,Apartment,5BR+,67000,65000,5600,3.3,0.2,4.62,3.89,70.4,29.6,21.0,182,630,5.0,480,73.4,129000,4.49,0.13,1450000,21.7,144
RENT001524,2021-04-01,2021,4,Q2,Dubai,Dubai,JVC,Villa,2BR,166000,155000,13800,3.3,2.4,4.33,3.8,70.9,29.1,10.7,204,153,4.7,930,81.2,276000,4.22,0.11,3850000,23.1,345
RENT001549,2021-04-01,2021,4,Q2,Abu Dhabi,Abu Dhabi,Khalifa City,Apartment,1BR,66000,62000,5500,3.3,-0.6,4.95,4.07,89.4,10.6,12.4,173,355,4.9,340,80.5,100000,4.81,0.14,1350000,20.2,265
RENT001550,2021-04-01,2021,4,Q2,Abu Dhabi,Abu Dhabi,Khalifa City,Villa,2BR,223000,232000,18600,3.3,-1.3,5.9,5.14,84.3,15.7,13.5,222,607,3.8,1650,67.1,404000,5.66,0.24,3800000,16.9,201
RENT001525,2021-04-01,2021,4,Q2,Dubai,Dubai,MBR City,Apartment,1BR,138000,129000,11500,3.3,1.3,4.34,3.45,79.0,21.0,19.9,98,178,5.3,750,73.1,200000,4.3,0.04,3200000,23.1,450
RENT001526,2021-04-01,2021,4,Q2,Dubai,Dubai,MBR City,Villa,1BR,374000,379000,31200,3.3,1.2,5.8,4.88,77.1,22.9,17.8,51,664,5.9,1590,74.9,435000,5.4,0.4,6450000,17.2,501
RENT001555,2021-04-01,2021,4,Q2,Abu Dhabi,Abu Dhabi,Masdar City,Apartment,4BR,63000,59000,5200,3.3,0.5,4.65,3.68,73.5,26.5,12.4,150,848,1.9,440,56.4,91000,4.97,-0.32,1350000,21.5,316
RENT001556,2021-04-01,2021,4,Q2,Abu Dhabi,Abu Dhabi,Masdar City,Villa,4BR,182000,187000,15200,3.3,1.5,4.86,3.94,89.0,11.0,19.5,16,59,4.4,1030,70.3,264000,5.03,-0.17,3750000,20.6,302
RENT001537,2021-04-01,2021,4,Q2,Dubai,Dubai,Meydan,Apartment,Studio,91000,94000,7600,3.3,1.1,5.08,4.2,72.3,27.7,14.8,88,154,6.2,580,82.3,174000,4.85,0.23,1800000,19.7,529
RENT001538,2021-04-01,2021,4,Q2,Dubai,Dubai,Meydan,Villa,2BR,273000,266000,22800,3.3,-1.0,4.06,2.89,83.5,16.5,15.6,178,643,2.4,1490,82.1,447000,4.48,-0.42,6700000,24.6,373
RENT001561,2021-04-01,2021,4,Q2,Sharjah,Sharjah,Muwaileh,Apartment,3BR,42000,39000,3500,3.3,1.6,5.53,4.34,80.7,19.3,14.2,47,1122,5.8,170,71.0,44000,5.75,-0.22,750000,18.1,67
RENT001562,2021-04-01,2021,4,Q2,Sharjah,Sharjah,Muwaileh,Villa,1BR,123000,114000,10200,3.3,2.9,5.05,4.04,88.7,11.3,23.7,213,1115,3.2,760,61.0,169000,5.16,-0.11,2450000,19.8,104
RENT001517,2021-04-01,2021,4,Q2,Dubai,Dubai,Palm Jumeirah,Apartment,4BR,210000,205000,17500,3.3,3.2,4.66,3.52,74.5,25.5,13.8,184,515,19.0,1510,85.8,473000,4.75,-0.09,4500000,21.5,567
RENT001518,2021-04-01,2021,4,Q2,Dubai,Dubai,Palm Jumeirah,Villa,Studio,402000,370000,33500,3.3,-2.2,5.94,5.3,71.8,28.2,19.7,117,595,18.0,2280,86.9,723000,5.74,0.2,6750000,16.8,424
RENT001543,2021-04-01,2021,4,Q2,Abu Dhabi,Abu Dhabi,Saadiyat Island,Apartment,Studio,158000,163000,13200,3.3,2.2,5.67,4.52,84.4,15.6,15.0,98,949,15.1,640,56.7,132000,5.18,0.49,2800000,17.6,336
RENT001544,2021-04-01,2021,4,Q2,Abu Dhabi,Abu Dhabi,Saadiyat Island,Villa,1BR,423000,436000,35200,3.3,-0.9,5.7,4.74,76.0,24.0,10.3,20,1058,19.4,2840,83.6,867000,5.86,-0.16,7400000,17.5,308
RENT001539,2021-04-01,2021,4,Q2,Dubai,Dubai,Sports City,Apartment,1BR,57000,57000,4800,3.3,1.4,5.43,4.33,84.1,15.9,10.6,231,76,6.8,360,83.4,110000,5.74,-0.31,1050000,18.4,261
RENT001540,2021-04-01,2021,4,Q2,Dubai,Dubai,Sports City,Villa,4BR,165000,173000,13800,3.3,2.9,5.33,4.78,75.0,25.0,19.3,102,1200,4.8,700,72.2,184000,5.75,-0.42,3100000,18.8,299
RENT001545,2021-04-01,2021,4,Q2,Abu Dhabi,Abu Dhabi,Yas Island,Apartment,4BR,95000,92000,7900,3.3,2.1,5.61,4.81,88.9,11.1,16.6,41,808,9.9,540,59.7,118000,5.96,-0.35,1700000,17.8,93
RENT001546,2021-04-01,2021,4,Q2,Abu Dhabi,Abu Dhabi,Yas Island,Villa,2BR,231000,242000,19200,3.3,1.4,6.05,5.37,72.0,28.0,15.1,234,923,6.4,1310,59.6,285000,5.62,0.43,3800000,16.5,321
RENT001583,2021-05-01,2021,5,Q2,Dubai,Dubai,Al Furjan,Apartment,3BR,68000,64000,5700,3.3,-2.0,6.09,5.32,88.2,11.8,16.9,209,1077,4.6,450,71.0,117000,5.96,0.13,1100000,16.4,417
RENT001584,2021-05-01,2021,5,Q2,Dubai,Dubai,Al Furjan,Villa,1BR,159000,157000,13200,3.3,1.2,5.29,4.76,82.5,17.5,19.0,55,297,5.9,790,85.7,247000,5.33,-0.04,3000000,18.9,164
RENT001623,2021-05-01,2021,5,Q2,Ras Al Khaimah,Ras Al Khaimah,Al Hamra Village,Apartment,1BR,60000,61000,5000,3.3,2.0,4.84,3.73,75.5,24.5,11.1,91,1000,2.6,220,56.7,46000,4.65,0.19,1250000,20.7,51
RENT001624,2021-05-01,2021,5,Q2,Ras Al Khaimah,Ras Al Khaimah,Al Hamra Village,Villa,1BR,157000,153000,13100,3.3,2.8,3.94,2.88,84.7,15.3,17.8,236,1056,3.4,680,75.6,188000,3.62,0.32,4000000,25.4,86
RENT001619,2021-05-01,2021,5,Q2,Sharjah,Sharjah,Al Khan,Apartment,3BR,45000,43000,3800,3.3,0.2,3.94,3.07,77.9,22.1,12.3,80,741,3.5,260,60.4,57000,4.08,-0.14,1150000,25.4,151
RENT001620,2021-05-01,2021,5,Q2,Sharjah,Sharjah,Al Khan,Villa,1BR,103000,106000,8600,3.3,1.8,4.23,3.3,82.1,17.9,19.0,190,865,1.8,490,60.0,107000,4.14,0.09,2450000,23.7,134
RENT001613,2021-05-01,2021,5,Q2,Sharjah,Sharjah,Al Majaz,Apartment,2BR,47000,45000,3900,3.3,1.5,5.19,4.43,79.4,20.6,21.3,59,725,4.9,270,60.0,59000,4.86,0.33,900000,19.3,71
RENT001614,2021-05-01,2021,5,Q2,Sharjah,Sharjah,Al Majaz,Villa,2BR,113000,117000,9400,3.3,-2.1,4.53,3.73,80.2,19.8,21.0,228,940,6.7,470,72.0,124000,4.51,0.02,2500000,22.1,203
RENT001615,2021-05-01,2021,5,Q2,Sharjah,Sharjah,Al Nahda,Apartment,1BR,44000,45000,3700,3.3,2.6,3.97,3.25,75.1,24.9,21.2,20,1089,6.7,240,58.5,51000,4.43,-0.46,1100000,25.2,223
RENT001616,2021-05-01,2021,5,Q2,Sharjah,Sharjah,Al Nahda,Villa,1BR,92000,88000,7700,3.3,3.4,5.13,3.96,88.6,11.4,16.4,147,1192,6.6,390,68.3,97000,4.68,0.45,1800000,19.5,36
RENT001603,2021-05-01,2021,5,Q2,Abu Dhabi,Abu Dhabi,Al Raha Beach,Apartment,1BR,102000,103000,8500,3.3,-1.3,4.68,3.82,82.0,18.0,23.3,139,617,7.3,620,63.7,144000,5.03,-0.35,2200000,21.4,218
RENT001604,2021-05-01,2021,5,Q2,Abu Dhabi,Abu Dhabi,Al Raha Beach,Villa,3BR,285000,296000,23800,3.3,3.4,5.86,4.75,84.1,15.9,10.1,39,394,2.3,1760,70.6,454000,5.49,0.37,4850000,17.1,276
RENT001609,2021-05-01,2021,5,Q2,Abu Dhabi,Abu Dhabi,Al Reef,Apartment,1BR,68000,70000,5700,3.3,3.2,3.85,2.83,83.8,16.2,13.5,159,64,3.9,310,63.9,72000,3.59,0.26,1750000,26.0,77
RENT001610,2021-05-01,2021,5,Q2,Abu Dhabi,Abu Dhabi,Al Reef,Villa,Studio,231000,221000,19200,3.3,1.5,4.08,3.0,73.8,26.2,21.8,30,262,7.1,1610,74.1,435000,4.44,-0.36,5650000,24.5,260
RENT001597,2021-05-01,2021,5,Q2,Abu Dhabi,Abu Dhabi,Al Reem Island,Apartment,1BR,73000,76000,6100,3.3,-0.3,5.68,4.52,76.3,23.7,22.6,174,722,4.4,410,78.5,117000,5.54,0.14,1300000,17.6,199
RENT001598,2021-05-01,2021,5,Q2,Abu Dhabi,Abu Dhabi,Al Reem Island,Villa,3BR,148000,152000,12300,3.3,-2.4,3.94,3.13,87.4,12.6,14.6,63,1108,7.3,530,64.4,125000,4.42,-0.48,3750000,25.4,62
RENT001621,2021-05-01,2021,5,Q2,Sharjah,Sharjah,Al Taawun,Apartment,2BR,39000,41000,3200,3.3,1.8,4.45,3.52,74.1,25.9,17.4,113,121,1.1,190,86.3,60000,4.63,-0.18,900000,22.5,103
RENT001622,2021-05-01,2021,5,Q2,Sharjah,Sharjah,Al Taawun,Villa,1BR,89000,88000,7400,3.3,-2.4,5.44,4.63,88.2,11.8,16.7,229,641,5.8,350,86.4,110000,5.25,0.19,1650000,18.4,216
RENT001577,2021-05-01,2021,5,Q2,Dubai,Dubai,Business Bay,Apartment,Studio,91000,84000,7600,3.3,2.4,5.56,5.01,85.6,14.4,19.0,162,170,1.4,420,83.3,128000,5.47,0.09,1650000,18.0,270
RENT001578,2021-05-01,2021,5,Q2,Dubai,Dubai,Business Bay,Villa,2BR,247000,239000,20600,3.3,2.4,6.12,5.04,77.3,22.7,22.1,232,116,4.4,1660,65.5,397000,5.68,0.44,4050000,16.3,486
RENT001607,2021-05-01,2021,5,Q2,Abu Dhabi,Abu Dhabi,Corniche,Apartment,3BR,116000,108000,9700,3.3,-1.2,3.89,2.95,88.0,12.0,21.6,155,440,5.3,550,76.3,153000,3.91,-0.02,3000000,25.7,194
RENT001608,2021-05-01,2021,5,Q2,Abu Dhabi,Abu Dhabi,Corniche,Villa,1BR,213000,207000,17800,3.3,0.9,4.97,4.16,70.6,29.4,14.2,115,903,4.4,760,73.7,204000,5.1,-0.13,4300000,20.1,319
RENT001587,2021-05-01,2021,5,Q2,Dubai,Dubai,Creek Harbour,Apartment,3BR,96000,98000,8000,3.3,3.3,6.11,5.15,78.1,21.9,23.4,144,89,5.8,400,83.0,121000,6.1,0.01,1550000,16.4,158
RENT001588,2021-05-01,2021,5,Q2,Dubai,Dubai,Creek Harbour,Villa,2BR,301000,309000,25100,3.3,1.6,5.75,4.8,78.2,21.8,21.0,124,674,2.9,1590,83.3,483000,5.49,0.26,5250000,17.4,377
RENT001589,2021-05-01,2021,5,Q2,Dubai,Dubai,DAMAC Hills,Apartment,Studio,88000,88000,7300,3.3,0.9,4.14,3.31,86.8,13.2,21.5,244,602,4.1,400,80.2,117000,3.78,0.36,2150000,24.2,215
RENT001590,2021-05-01,2021,5,Q2,Dubai,Dubai,DAMAC Hills,Villa,3BR,201000,187000,16800,3.3,-1.8,4.96,3.93,89.2,10.8,18.0,190,603,1.7,1210,79.2,350000,4.62,0.34,4050000,20.1,346
RENT001569,2021-05-01,2021,5,Q2,Dubai,Dubai,Downtown Dubai,Apartment,2BR,115000,116000,9600,3.3,2.0,5.19,4.49,89.9,10.1,14.0,145,756,10.3,710,80.6,209000,5.11,0.08,2200000,19.3,231
RENT001570,2021-05-01,2021,5,Q2,Dubai,Dubai,Downtown Dubai,Villa,Studio,290000,302000,24200,3.3,3.3,4.61,3.64,81.4,18.6,14.2,65,499,6.5,1440,61.6,324000,4.82,-0.21,6300000,21.7,439
RENT001575,2021-05-01,2021,5,Q2,Dubai,Dubai,Dubai Hills Estate,Apartment,2BR,141000,136000,11800,3.3,-0.0,5.91,4.87,86.7,13.3,11.2,228,474,4.9,900,85.6,281000,5.47,0.44,2400000,16.9,214
RENT001576,2021-05-01,2021,5,Q2,Dubai,Dubai,Dubai Hills Estate,Villa,1BR,402000,398000,33500,3.3,2.0,4.73,3.79,87.0,13.0,20.1,247,1185,2.2,2510,73.3,672000,4.64,0.09,8500000,21.1,190
RENT001571,2021-05-01,2021,5,Q2,Dubai,Dubai,Dubai Marina,Apartment,2BR,104000,102000,8700,3.3,-2.2,5.43,4.3,86.6,13.4,13.9,174,206,16.2,640,78.8,184000,5.6,-0.17,1900000,18.4,308
RENT001572,2021-05-01,2021,5,Q2,Dubai,Dubai,Dubai Marina,Villa,1BR,326000,313000,27200,3.3,3.4,3.94,2.84,71.4,28.6,12.2,160,1200,5.8,1660,64.8,393000,3.79,0.15,8300000,25.4,102
RENT001591,2021-05-01,2021,5,Q2,Dubai,Dubai,Dubai South,Apartment,Studio,58000,55000,4800,3.3,2.3,4.48,3.68,88.1,11.9,23.3,160,242,6.2,370,63.5,86000,4.97,-0.49,1300000,22.3,235
RENT001592,2021-05-01,2021,5,Q2,Dubai,Dubai,Dubai South,Villa,1BR,140000,134000,11700,3.3,0.5,4.32,3.31,70.5,29.5,19.2,185,128,7.0,890,80.6,262000,4.12,0.2,3250000,23.1,191
RENT001585,2021-05-01,2021,5,Q2,Dubai,Dubai,JBR,Apartment,Studio,120000,119000,10000,3.3,1.4,4.18,3.68,79.0,21.0,20.3,173,1077,16.3,670,83.9,205000,4.66,-0.48,2850000,23.9,183
RENT001586,2021-05-01,2021,5,Q2,Dubai,Dubai,JBR,Villa,2BR,277000,273000,23100,3.3,-0.4,5.81,4.79,80.5,19.5,19.6,195,398,16.3,1610,82.4,484000,6.02,-0.21,4750000,17.2,205
RENT001579,2021-05-01,2021,5,Q2,Dubai,Dubai,JVC,Apartment,2BR,70000,71000,5800,3.3,1.4,3.85,3.3,84.7,15.3,18.1,73,424,7.8,490,76.4,137000,4.17,-0.32,1800000,26.0,583
RENT001580,2021-05-01,2021,5,Q2,Dubai,Dubai,JVC,Villa,4BR,133000,124000,11100,3.3,1.2,3.88,2.69,85.0,15.0,11.3,52,927,3.8,900,74.0,243000,3.49,0.39,3450000,25.8,388
RENT001605,2021-05-01,2021,5,Q2,Abu Dhabi,Abu Dhabi,Khalifa City,Apartment,5BR+,73000,72000,6100,3.3,1.5,4.46,3.32,80.1,19.9,20.0,249,342,3.5,390,55.6,79000,4.68,-0.22,1650000,22.4,98
RENT001606,2021-05-01,2021,5,Q2,Abu Dhabi,Abu Dhabi,Khalifa City,Villa,3BR,243000,242000,20200,3.3,-0.0,4.19,3.54,74.5,25.5,10.7,55,337,1.3,1240,79.9,362000,4.36,-0.17,5800000,23.8,81
RENT001581,2021-05-01,2021,5,Q2,Dubai,Dubai,MBR City,Apartment,4BR,148000,140000,12300,3.3,2.7,5.29,4.29,75.0,25.0,19.3,26,527,3.4,1080,85.7,338000,5.01,0.28,2800000,18.9,265
RENT001582,2021-05-01,2021,5,Q2,Dubai,Dubai,MBR City,Villa,3BR,421000,434000,35100,3.3,1.9,3.88,2.82,76.3,23.7,19.2,139,1013,3.5,2560,78.3,732000,3.73,0.15,10850000,25.8,157
RENT001611,2021-05-01,2021,5,Q2,Abu Dhabi,Abu Dhabi,Masdar City,Apartment,1BR,58000,54000,4800,3.3,-2.0,4.77,4.11,79.8,20.2,15.9,250,1096,1.9,210,69.2,53000,5.11,-0.34,1200000,21.0,358
RENT001612,2021-05-01,2021,5,Q2,Abu Dhabi,Abu Dhabi,Masdar City,Villa,2BR,146000,142000,12200,3.3,1.0,4.58,4.04,85.4,14.6,20.2,75,1157,6.2,760,62.9,174000,4.11,0.47,3200000,21.8,356
RENT001593,2021-05-01,2021,5,Q2,Dubai,Dubai,Meydan,Apartment,2BR,103000,105000,8600,3.3,-0.1,5.87,5.36,80.2,19.8,17.0,97,614,4.3,760,59.4,165000,5.67,0.2,1750000,17.0,581
RENT001594,2021-05-01,2021,5,Q2,Dubai,Dubai,Meydan,Villa,4BR,236000,233000,19700,3.3,1.8,5.08,4.35,73.6,26.4,17.8,135,529,7.2,1060,81.1,314000,5.07,0.01,4650000,19.7,549
RENT001617,2021-05-01,2021,5,Q2,Sharjah,Sharjah,Muwaileh,Apartment,1BR,40000,37000,3300,3.3,-2.2,4.54,3.47,84.1,15.9,13.6,61,668,3.8,210,87.9,67000,4.95,-0.41,900000,22.0,230
RENT001618,2021-05-01,2021,5,Q2,Sharjah,Sharjah,Muwaileh,Villa,Studio,80000,82000,6700,3.3,2.5,4.8,4.2,78.7,21.3,13.5,40,761,4.8,570,62.6,130000,4.71,0.09,1650000,20.8,198
RENT001573,2021-05-01,2021,5,Q2,Dubai,Dubai,Palm Jumeirah,Apartment,5BR+,196000,190000,16300,3.3,1.4,4.64,4.03,70.9,29.1,16.8,125,336,7.4,1360,64.1,318000,4.9,-0.26,4200000,21.5,150
RENT001574,2021-05-01,2021,5,Q2,Dubai,Dubai,Palm Jumeirah,Villa,2BR,442000,419000,36800,3.3,2.6,5.2,4.27,82.2,17.8,21.6,174,674,18.7,2650,60.8,588000,5.5,-0.3,8500000,19.2,566
RENT001599,2021-05-01,2021,5,Q2,Abu Dhabi,Abu Dhabi,Saadiyat Island,Apartment,5BR+,169000,169000,14100,3.3,2.1,4.57,3.51,75.2,24.8,17.2,238,716,15.9,840,69.5,213000,4.22,0.35,3700000,21.9,258
RENT001600,2021-05-01,2021,5,Q2,Abu Dhabi,Abu Dhabi,Saadiyat Island,Villa,Studio,552000,550000,46000,3.3,-0.7,4.62,4.01,79.0,21.0,11.4,149,972,16.2,3300,56.4,679000,4.32,0.3,11950000,21.6,187
RENT001595,2021-05-01,2021,5,Q2,Dubai,Dubai,Sports City,Apartment,3BR,60000,60000,5000,3.3,3.2,4.77,4.04,87.6,12.4,15.5,247,297,6.7,390,69.0,98000,4.51,0.26,1250000,21.0,185
RENT001596,2021-05-01,2021,5,Q2,Dubai,Dubai,Sports City,Villa,5BR+,151000,141000,12600,3.3,1.0,4.48,3.75,76.9,23.1,14.9,84,707,2.2,670,83.8,205000,4.45,0.03,3350000,22.3,214
RENT001601,2021-05-01,2021,5,Q2,Abu Dhabi,Abu Dhabi,Yas Island,Apartment,2BR,85000,86000,7100,3.3,1.5,4.07,2.96,89.1,10.9,22.1,166,962,16.2,380,67.6,94000,4.4,-0.33,2100000,24.6,130
RENT001602,2021-05-01,2021,5,Q2,Abu Dhabi,Abu Dhabi,Yas Island,Villa,2BR,316000,302000,26300,3.3,3.2,4.27,3.66,75.4,24.6,17.6,209,188,18.1,2160,82.9,654000,4.17,0.1,7400000,23.4,109
RENT001639,2021-06-01,2021,6,Q2,Dubai,Dubai,Al Furjan,Apartment,2BR,75000,73000,6200,3.3,-0.5,4.33,3.59,71.1,28.9,16.3,139,1175,1.9,270,77.8,77000,4.13,0.2,1750000,23.1,241
RENT001640,2021-06-01,2021,6,Q2,Dubai,Dubai,Al Furjan,Villa,2BR,207000,206000,17200,3.3,-0.7,4.44,3.5,70.8,29.2,16.9,44,1064,4.4,1050,81.3,312000,4.48,-0.04,4650000,22.5,379
RENT001679,2021-06-01,2021,6,Q2,Ras Al Khaimah,Ras Al Khaimah,Al Hamra Village,Apartment,3BR,59000,59000,4900,3.3,-2.1,5.04,3.91,72.2,27.8,18.3,203,516,5.0,390,58.4,83000,4.69,0.35,1150000,19.8,32
RENT001680,2021-06-01,2021,6,Q2,Ras Al Khaimah,Ras Al Khaimah,Al Hamra Village,Villa,1BR,157000,155000,13100,3.3,3.5,5.8,4.61,87.0,13.0,10.7,178,630,7.9,930,78.3,266000,5.34,0.46,2700000,17.3,86
RENT001675,2021-06-01,2021,6,Q2,Sharjah,Sharjah,Al Khan,Apartment,4BR,44000,42000,3700,3.3,-1.9,4.86,3.8,80.6,19.4,13.9,86,537,6.3,280,72.1,74000,4.99,-0.13,900000,20.6,99
RENT001676,2021-06-01,2021,6,Q2,Sharjah,Sharjah,Al Khan,Villa,1BR,134000,126000,11200,3.3,-0.0,5.56,4.44,89.9,10.1,14.1,17,862,5.3,950,60.1,208000,5.9,-0.34,2400000,18.0,32
RENT001669,2021-06-01,2021,6,Q2,Sharjah,Sharjah,Al Majaz,Apartment,2BR,45000,44000,3800,3.3,3.2,4.25,3.53,81.2,18.8,21.7,241,575,2.5,330,56.3,68000,4.45,-0.2,1050000,23.6,221
RENT001670,2021-06-01,2021,6,Q2,Sharjah,Sharjah,Al Majaz,Villa,Studio,162000,150000,13500,3.3,2.4,4.7,3.72,87.8,12.2,18.3,103,983,2.6,1090,73.9,294000,4.7,0.0,3450000,21.3,56
RENT001671,2021-06-01,2021,6,Q2,Sharjah,Sharjah,Al Nahda,Apartment,Studio,44000,45000,3700,3.3,-1.2,5.22,4.63,83.2,16.8,13.4,84,276,1.2,330,74.8,90000,5.14,0.08,850000,19.2,65
RENT001672,2021-06-01,2021,6,Q2,Sharjah,Sharjah,Al Nahda,Villa,1BR,115000,109000,9600,3.3,-2.1,4.68,3.55,74.9,25.1,10.5,166,1100,4.3,670,60.1,147000,5.01,-0.33,2450000,21.4,53
RENT001659,2021-06-01,2021,6,Q2,Abu Dhabi,Abu Dhabi,Al Raha Beach,Apartment,1BR,105000,107000,8800,3.3,2.9,5.47,4.44,76.9,23.1,18.0,179,1137,1.2,710,85.5,222000,4.99,0.48,1900000,18.3,337
RENT001660,2021-06-01,2021,6,Q2,Abu Dhabi,Abu Dhabi,Al Raha Beach,Villa,2BR,174000,174000,14500,3.3,-1.9,3.93,2.88,85.9,14.1,15.2,106,654,7.5,680,76.7,190000,4.24,-0.31,4450000,25.5,317
RENT001665,2021-06-01,2021,6,Q2,Abu Dhabi,Abu Dhabi,Al Reef,Apartment,2BR,64000,66000,5300,3.3,-0.4,3.89,2.73,70.9,29.1,17.4,130,169,1.3,410,77.1,115000,4.22,-0.33,1650000,25.7,104
RENT001666,2021-06-01,2021,6,Q2,Abu Dhabi,Abu Dhabi,Al Reef,Villa,2BR,203000,189000,16900,3.3,2.9,4.92,4.29,74.5,25.5,10.6,186,760,3.2,1370,70.5,353000,4.87,0.05,4150000,20.3,154
RENT001653,2021-06-01,2021,6,Q2,Abu Dhabi,Abu Dhabi,Al Reem Island,Apartment,3BR,73000,68000,6100,3.3,-0.3,4.45,3.82,86.7,13.3,21.7,186,946,4.1,540,79.8,157000,4.59,-0.14,1650000,22.5,142
RENT001654,2021-06-01,2021,6,Q2,Abu Dhabi,Abu Dhabi,Al Reem Island,Villa,Studio,277000,289000,23100,3.3,1.7,4.0,2.81,75.8,24.2,15.7,250,111,3.0,1880,59.6,409000,3.82,0.18,6950000,25.0,148
RENT001677,2021-06-01,2021,6,Q2,Sharjah,Sharjah,Al Taawun,Apartment,3BR,41000,39000,3400,3.3,-0.3,4.81,3.99,78.5,21.5,13.5,23,53,3.7,300,87.8,96000,4.84,-0.03,850000,20.8,40
RENT001678,2021-06-01,2021,6,Q2,Sharjah,Sharjah,Al Taawun,Villa,Studio,129000,122000,10800,3.3,-2.0,5.33,4.71,89.5,10.5,23.7,24,728,3.1,860,84.2,264000,5.32,0.01,2400000,18.8,129
RENT001633,2021-06-01,2021,6,Q2,Dubai,Dubai,Business Bay,Apartment,1BR,85000,82000,7100,3.3,-1.5,5.42,4.27,72.6,27.4,15.6,209,1103,8.0,480,57.7,101000,5.15,0.27,1550000,18.4,586
RENT001634,2021-06-01,2021,6,Q2,Dubai,Dubai,Business Bay,Villa,4BR,246000,242000,20500,3.3,-1.0,5.38,4.69,74.7,25.3,15.0,108,389,2.5,990,82.8,299000,4.9,0.48,4550000,18.6,189
RENT001663,2021-06-01,2021,6,Q2,Abu Dhabi,Abu Dhabi,Corniche,Apartment,Studio,109000,111000,9100,3.3,0.9,4.43,3.26,82.6,17.4,10.5,67,843,2.1,500,86.8,158000,4.23,0.2,2450000,22.6,289
RENT001664,2021-06-01,2021,6,Q2,Abu Dhabi,Abu Dhabi,Corniche,Villa,2BR,329000,329000,27400,3.3,2.1,4.41,3.75,88.1,11.9,12.0,141,666,3.2,1280,69.6,325000,4.26,0.15,7450000,22.7,64
RENT001643,2021-06-01,2021,6,Q2,Dubai,Dubai,Creek Harbour,Apartment,3BR,106000,111000,8800,3.3,2.9,5.2,4.04,72.5,27.5,18.3,63,1081,5.4,660,58.7,141000,4.94,0.26,2050000,19.2,254
RENT001644,2021-06-01,2021,6,Q2,Dubai,Dubai,Creek Harbour,Villa,Studio,264000,243000,22000,3.3,0.8,3.85,2.71,85.0,15.0,20.4,13,1002,4.3,1340,76.8,376000,3.92,-0.07,6850000,26.0,241
RENT001645,2021-06-01,2021,6,Q2,Dubai,Dubai,DAMAC Hills,Apartment,2BR,90000,83000,7500,3.3,3.3,4.15,3.43,88.8,11.2,12.0,79,813,4.3,340,64.1,80000,4.48,-0.33,2150000,24.1,377
RENT001646,2021-06-01,2021,6,Q2,Dubai,Dubai,DAMAC Hills,Villa,1BR,226000,211000,18800,3.3,0.3,5.72,4.79,86.6,13.4,18.2,113,364,7.2,1600,70.0,409000,5.62,0.1,3950000,17.5,380
RENT001625,2021-06-01,2021,6,Q2,Dubai,Dubai,Downtown Dubai,Apartment,1BR,113000,105000,9400,3.3,-2.1,4.26,3.2,83.5,16.5,16.5,238,413,14.1,540,55.9,110000,4.65,-0.39,2650000,23.4,479
RENT001626,2021-06-01,2021,6,Q2,Dubai,Dubai,Downtown Dubai,Villa,1BR,267000,278000,22200,3.3,0.8,5.66,4.76,81.9,18.1,16.1,76,291,12.3,1410,73.9,380000,6.12,-0.46,4700000,17.7,587
RENT001631,2021-06-01,2021,6,Q2,Dubai,Dubai,Dubai Hills Estate,Apartment,2BR,131000,137000,10900,3.3,1.5,4.13,3.1,86.5,13.5,23.8,63,1084,6.7,930,66.7,226000,3.85,0.28,3150000,24.2,408
RENT001632,2021-06-01,2021,6,Q2,Dubai,Dubai,Dubai Hills Estate,Villa,3BR,324000,306000,27000,3.3,2.1,4.74,4.16,72.6,27.4,18.1,65,699,7.6,2050,83.3,623000,4.26,0.48,6850000,21.1,102
RENT001627,2021-06-01,2021,6,Q2,Dubai,Dubai,Dubai Marina,Apartment,2BR,96000,94000,8000,3.3,2.6,5.51,5.01,73.3,26.7,21.9,58,984,16.8,520,88.0,167000,5.36,0.15,1750000,18.2,251
RENT001628,2021-06-01,2021,6,Q2,Dubai,Dubai,Dubai Marina,Villa,1BR,247000,228000,20600,3.3,0.4,5.29,4.78,76.6,23.4,18.6,79,746,5.6,1650,60.4,364000,5.56,-0.27,4650000,18.9,544
RENT001647,2021-06-01,2021,6,Q2,Dubai,Dubai,Dubai South,Apartment,Studio,60000,55000,5000,3.3,0.1,4.69,3.99,73.6,26.4,16.4,122,217,4.4,360,82.7,109000,4.92,-0.23,1300000,21.3,285
RENT001648,2021-06-01,2021,6,Q2,Dubai,Dubai,Dubai South,Villa,1BR,183000,183000,15200,3.3,-2.3,4.02,3.27,83.8,16.2,12.7,23,1049,3.1,1000,71.3,260000,4.39,-0.37,4550000,24.9,411
RENT001641,2021-06-01,2021,6,Q2,Dubai,Dubai,JBR,Apartment,3BR,107000,105000,8900,3.3,0.2,5.99,4.89,75.2,24.8,15.5,22,94,5.2,440,77.1,124000,6.25,-0.26,1800000,16.7,336
RENT001642,2021-06-01,2021,6,Q2,Dubai,Dubai,JBR,Villa,4BR,209000,204000,17400,3.3,0.4,4.06,2.93,88.8,11.2,10.2,44,193,18.0,1160,65.0,275000,3.86,0.2,5150000,24.6,126
RENT001635,2021-06-01,2021,6,Q2,Dubai,Dubai,JVC,Apartment,2BR,60000,57000,5000,3.3,0.1,6.13,5.27,84.9,15.1,11.1,240,237,3.9,260,78.2,74000,6.22,-0.09,1000000,16.3,418
RENT001636,2021-06-01,2021,6,Q2,Dubai,Dubai,JVC,Villa,Studio,207000,195000,17200,3.3,-0.9,4.16,3.03,80.3,19.7,10.6,47,175,6.3,1190,66.1,287000,3.79,0.37,5000000,24.1,250
RENT001661,2021-06-01,2021,6,Q2,Abu Dhabi,Abu Dhabi,Khalifa City,Apartment,1BR,71000,72000,5900,3.3,0.7,5.15,3.96,81.8,18.2,19.7,246,284,5.0,420,78.3,120000,4.88,0.27,1400000,19.4,247
RENT001662,2021-06-01,2021,6,Q2,Abu Dhabi,Abu Dhabi,Khalifa City,Villa,Studio,225000,214000,18800,3.3,0.2,4.58,3.92,82.3,17.7,18.5,160,967,4.5,1290,63.8,300000,4.7,-0.12,4900000,21.8,201
RENT001637,2021-06-01,2021,6,Q2,Dubai,Dubai,MBR City,Apartment,5BR+,137000,143000,11400,3.3,-1.4,4.63,3.43,88.8,11.2,12.8,46,188,1.6,720,62.8,165000,4.51,0.12,2950000,21.6,403
RENT001638,2021-06-01,2021,6,Q2,Dubai,Dubai,MBR City,Villa,4BR,387000,403000,32200,3.3,1.2,3.98,3.27,88.3,11.7,22.5,218,1164,4.2,1970,79.6,572000,3.64,0.34,9750000,25.2,119
RENT001667,2021-06-01,2021,6,Q2,Abu Dhabi,Abu Dhabi,Masdar City,Apartment,3BR,59000,55000,4900,3.3,-0.0,5.17,4.21,77.9,22.1,23.2,55,252,3.2,250,85.9,78000,4.72,0.45,1150000,19.3,208
RENT001668,2021-06-01,2021,6,Q2,Abu Dhabi,Abu Dhabi,Masdar City,Villa,2BR,123000,121000,10200,3.3,1.3,4.37,3.48,73.6,26.4,16.7,97,705,7.6,690,61.1,154000,4.38,-0.01,2800000,22.9,220
RENT001649,2021-06-01,2021,6,Q2,Dubai,Dubai,Meydan,Apartment,1BR,100000,96000,8300,3.3,3.4,5.36,4.51,70.1,29.9,17.9,30,741,5.7,600,75.0,164000,5.11,0.25,1850000,18.7,511
RENT001650,2021-06-01,2021,6,Q2,Dubai,Dubai,Meydan,Villa,5BR+,340000,318000,28300,3.3,0.5,3.87,3.23,79.8,20.2,21.6,62,256,2.3,1740,60.7,386000,3.42,0.45,8800000,25.8,545
RENT001673,2021-06-01,2021,6,Q2,Sharjah,Sharjah,Muwaileh,Apartment,2BR,36000,37000,3000,3.3,0.9,4.0,3.04,74.2,25.8,18.1,76,496,1.4,250,60.5,55000,4.26,-0.26,900000,25.0,71
RENT001674,2021-06-01,2021,6,Q2,Sharjah,Sharjah,Muwaileh,Villa,4BR,93000,91000,7800,3.3,0.1,4.68,3.9,87.6,12.4,12.8,15,1196,4.5,690,76.8,193000,4.81,-0.13,2000000,21.4,92
RENT001629,2021-06-01,2021,6,Q2,Dubai,Dubai,Palm Jumeirah,Apartment,2BR,213000,215000,17800,3.3,2.1,4.51,3.75,71.4,28.6,12.7,133,80,19.1,1470,65.8,353000,4.51,0.0,4750000,22.2,594
RENT001630,2021-06-01,2021,6,Q2,Dubai,Dubai,Palm Jumeirah,Villa,3BR,428000,425000,35700,3.3,-2.1,4.92,4.05,88.8,11.2,12.4,197,248,7.4,2390,72.3,631000,4.45,0.47,8700000,20.3,389
RENT001655,2021-06-01,2021,6,Q2,Abu Dhabi,Abu Dhabi,Saadiyat Island,Apartment,3BR,146000,140000,12200,3.3,-2.4,5.45,4.92,80.9,19.1,10.4,97,974,12.7,540,55.0,108000,5.54,-0.09,2700000,18.3,247
RENT001656,2021-06-01,2021,6,Q2,Abu Dhabi,Abu Dhabi,Saadiyat Island,Villa,Studio,566000,535000,47200,3.3,-1.2,4.07,3.4,71.2,28.8,21.7,205,434,8.3,2220,73.5,596000,3.6,0.47,13900000,24.5,262
RENT001651,2021-06-01,2021,6,Q2,Dubai,Dubai,Sports City,Apartment,5BR+,57000,57000,4800,3.3,1.6,3.88,2.9,76.8,23.2,19.1,69,1173,7.6,400,84.6,124000,3.58,0.3,1450000,25.8,86
RENT001652,2021-06-01,2021,6,Q2,Dubai,Dubai,Sports City,Villa,2BR,123000,118000,10200,3.3,-1.6,4.26,3.45,80.9,19.1,13.2,179,1120,3.6,850,66.4,206000,4.03,0.23,2900000,23.5,334
RENT001657,2021-06-01,2021,6,Q2,Abu Dhabi,Abu Dhabi,Yas Island,Apartment,2BR,88000,81000,7300,3.3,-1.3,5.33,4.22,75.8,24.2,10.0,200,165,10.2,370,73.3,99000,5.8,-0.47,1650000,18.8,302
RENT001658,2021-06-01,2021,6,Q2,Abu Dhabi,Abu Dhabi,Yas Island,Villa,1BR,259000,242000,21600,3.3,-2.5,5.38,4.53,85.9,14.1,23.9,97,165,6.0,1800,82.4,541000,5.66,-0.28,4800000,18.6,167
RENT001695,2021-07-01,2021,7,Q3,Dubai,Dubai,Al Furjan,Apartment,4BR,73000,73000,6100,3.3,-0.3,4.28,3.73,78.1,21.9,23.3,42,72,1.2,480,86.8,152000,4.31,-0.03,1700000,23.4,299
RENT001696,2021-07-01,2021,7,Q3,Dubai,Dubai,Al Furjan,Villa,3BR,142000,140000,11800,3.3,1.4,3.95,3.24,83.1,16.9,21.7,80,702,5.6,900,70.0,230000,3.48,0.47,3600000,25.3,172
RENT001735,2021-07-01,2021,7,Q3,Ras Al Khaimah,Ras Al Khaimah,Al Hamra Village,Apartment,4BR,59000,58000,4900,3.3,2.5,4.37,3.69,76.8,23.2,13.6,102,1008,3.8,420,82.5,126000,4.78,-0.41,1350000,22.9,36
RENT001736,2021-07-01,2021,7,Q3,Ras Al Khaimah,Ras Al Khaimah,Al Hamra Village,Villa,4BR,172000,170000,14300,3.3,1.5,4.18,3.05,80.1,19.9,19.0,237,1106,6.9,1180,76.3,329000,4.57,-0.39,4100000,23.9,78
RENT001731,2021-07-01,2021,7,Q3,Sharjah,Sharjah,Al Khan,Apartment,2BR,44000,42000,3700,3.3,0.8,4.71,4.14,77.8,22.2,22.0,84,132,4.8,230,65.0,55000,4.51,0.2,950000,21.2,85
RENT001732,2021-07-01,2021,7,Q3,Sharjah,Sharjah,Al Khan,Villa,5BR+,146000,142000,12200,3.3,2.8,4.46,3.43,73.7,26.3,10.2,141,237,4.8,770,71.1,200000,4.55,-0.09,3300000,22.4,237
RENT001725,2021-07-01,2021,7,Q3,Sharjah,Sharjah,Al Majaz,Apartment,2BR,46000,46000,3800,3.3,0.3,4.24,3.37,71.1,28.9,18.6,200,468,7.4,290,87.7,93000,4.6,-0.36,1100000,23.6,57
RENT001726,2021-07-01,2021,7,Q3,Sharjah,Sharjah,Al Majaz,Villa,5BR+,82000,84000,6800,3.3,-2.1,3.86,2.84,86.8,13.2,16.7,86,243,1.8,590,78.9,170000,3.96,-0.1,2100000,25.9,40
RENT001727,2021-07-01,2021,7,Q3,Sharjah,Sharjah,Al Nahda,Apartment,4BR,39000,39000,3200,3.3,-1.1,4.93,4.29,72.5,27.5,15.9,240,151,7.0,230,68.4,57000,5.29,-0.36,800000,20.3,137
RENT001728,2021-07-01,2021,7,Q3,Sharjah,Sharjah,Al Nahda,Villa,2BR,126000,131000,10500,3.3,0.3,4.46,3.65,74.3,25.7,11.0,203,898,1.9,590,66.1,142000,4.37,0.09,2800000,22.4,54
RENT001715,2021-07-01,2021,7,Q3,Abu Dhabi,Abu Dhabi,Al Raha Beach,Apartment,1BR,96000,99000,8000,3.3,3.2,5.25,4.24,88.1,11.9,12.8,99,554,3.3,500,56.8,104000,5.48,-0.23,1850000,19.0,321
RENT001716,2021-07-01,2021,7,Q3,Abu Dhabi,Abu Dhabi,Al Raha Beach,Villa,3BR,217000,218000,18100,3.3,-1.3,4.94,3.95,78.1,21.9,21.9,81,1018,6.8,1440,81.5,428000,4.75,0.19,4400000,20.3,348
RENT001721,2021-07-01,2021,7,Q3,Abu Dhabi,Abu Dhabi,Al Reef,Apartment,2BR,60000,58000,5000,3.3,-1.3,3.92,2.89,78.4,21.6,11.8,36,671,2.2,230,60.9,51000,4.4,-0.48,1550000,25.5,329
RENT001722,2021-07-01,2021,7,Q3,Abu Dhabi,Abu Dhabi,Al Reef,Villa,3BR,167000,170000,13900,3.3,1.1,4.25,3.44,88.9,11.1,20.1,228,575,2.6,840,68.9,211000,4.54,-0.29,3950000,23.5,131
RENT001709,2021-07-01,2021,7,Q3,Abu Dhabi,Abu Dhabi,Al Reem Island,Apartment,5BR+,66000,61000,5500,3.3,0.6,5.71,5.12,88.9,11.1,13.4,133,1110,5.6,340,60.4,75000,5.61,0.1,1150000,17.5,145
RENT001710,2021-07-01,2021,7,Q3,Abu Dhabi,Abu Dhabi,Al Reem Island,Villa,2BR,125000,125000,10400,3.3,1.5,5.62,4.74,70.1,29.9,15.9,84,233,3.6,890,74.3,241000,5.97,-0.35,2250000,17.8,344
RENT001733,2021-07-01,2021,7,Q3,Sharjah,Sharjah,Al Taawun,Apartment,1BR,38000,39000,3200,3.3,-0.3,4.15,3.08,87.1,12.9,12.8,58,1067,6.8,280,74.6,76000,4.54,-0.39,900000,24.1,41
RENT001734,2021-07-01,2021,7,Q3,Sharjah,Sharjah,Al Taawun,Villa,Studio,117000,118000,9800,3.3,2.9,5.95,5.12,89.9,10.1,18.4,94,1017,2.9,640,65.3,153000,5.79,0.16,1950000,16.8,193
RENT001689,2021-07-01,2021,7,Q3,Dubai,Dubai,Business Bay,Apartment,4BR,84000,85000,7000,3.3,1.4,3.87,3.14,78.0,22.0,13.7,159,417,4.0,360,72.5,95000,3.87,0.0,2150000,25.8,596
RENT001690,2021-07-01,2021,7,Q3,Dubai,Dubai,Business Bay,Villa,3BR,240000,243000,20000,3.3,3.5,3.97,2.97,83.5,16.5,13.7,95,994,3.2,1680,60.9,373000,3.97,0.0,6050000,25.2,578
RENT001719,2021-07-01,2021,7,Q3,Abu Dhabi,Abu Dhabi,Corniche,Apartment,4BR,103000,95000,8600,3.3,0.3,4.02,3.36,78.2,21.8,10.5,218,1119,7.3,460,69.1,116000,4.38,-0.36,2550000,24.9,162
RENT001720,2021-07-01,2021,7,Q3,Abu Dhabi,Abu Dhabi,Corniche,Villa,1BR,256000,256000,21300,3.3,2.2,5.37,4.19,78.2,21.8,15.4,139,1129,1.3,1640,84.9,508000,5.19,0.18,4750000,18.6,235
RENT001699,2021-07-01,2021,7,Q3,Dubai,Dubai,Creek Harbour,Apartment,3BR,88000,92000,7300,3.3,-0.9,4.26,3.26,72.8,27.2,10.1,107,812,5.7,480,76.3,134000,4.36,-0.1,2050000,23.5,128
RENT001700,2021-07-01,2021,7,Q3,Dubai,Dubai,Creek Harbour,Villa,4BR,201000,198000,16800,3.3,-1.5,4.74,4.04,73.2,26.8,13.0,160,326,7.1,910,80.4,267000,5.06,-0.32,4250000,21.1,452
RENT001701,2021-07-01,2021,7,Q3,Dubai,Dubai,DAMAC Hills,Apartment,5BR+,79000,81000,6600,3.3,-1.2,4.82,3.84,87.1,12.9,18.5,236,852,3.4,300,74.3,81000,5.13,-0.31,1650000,20.8,312
RENT001702,2021-07-01,2021,7,Q3,Dubai,Dubai,DAMAC Hills,Villa,1BR,286000,284000,23800,3.3,2.7,4.96,4.41,89.0,11.0,17.6,115,314,2.2,1620,56.8,336000,4.66,0.3,5750000,20.2,132
RENT001681,2021-07-01,2021,7,Q3,Dubai,Dubai,Downtown Dubai,Apartment,1BR,107000,101000,8900,3.3,-0.3,4.26,3.72,86.1,13.9,16.7,52,866,8.2,520,80.8,153000,4.2,0.06,2500000,23.5,274
RENT001682,2021-07-01,2021,7,Q3,Dubai,Dubai,Downtown Dubai,Villa,2BR,341000,324000,28400,3.3,-1.6,4.24,3.15,70.2,29.8,23.3,69,1159,7.2,2270,55.2,457000,4.7,-0.46,8050000,23.6,570
RENT001687,2021-07-01,2021,7,Q3,Dubai,Dubai,Dubai Hills Estate,Apartment,2BR,133000,125000,11100,3.3,0.1,5.26,4.27,80.0,20.0,12.1,59,1008,7.7,890,55.5,180000,5.58,-0.32,2550000,19.0,304
RENT001688,2021-07-01,2021,7,Q3,Dubai,Dubai,Dubai Hills Estate,Villa,4BR,382000,389000,31800,3.3,-0.6,4.09,3.48,80.8,19.2,15.2,61,951,1.8,2810,74.0,759000,4.02,0.07,9350000,24.4,243
RENT001683,2021-07-01,2021,7,Q3,Dubai,Dubai,Dubai Marina,Apartment,2BR,94000,97000,7800,3.3,3.4,5.93,4.81,75.2,24.8,16.8,128,317,17.0,650,78.3,186000,6.41,-0.48,1600000,16.9,232
RENT001684,2021-07-01,2021,7,Q3,Dubai,Dubai,Dubai Marina,Villa,1BR,302000,278000,25200,3.3,2.8,5.01,4.29,83.2,16.8,19.9,112,230,6.0,1270,71.3,331000,4.77,0.24,6050000,20.0,580
RENT001703,2021-07-01,2021,7,Q3,Dubai,Dubai,Dubai South,Apartment,1BR,56000,57000,4700,3.3,-1.7,4.75,3.94,84.2,15.8,11.6,214,546,1.5,410,80.3,120000,4.38,0.37,1200000,21.0,166
RENT001704,2021-07-01,2021,7,Q3,Dubai,Dubai,Dubai South,Villa,3BR,180000,177000,15000,3.3,2.3,4.37,3.8,81.6,18.4,15.8,153,794,4.2,870,72.2,229000,4.25,0.12,4100000,22.9,398
RENT001697,2021-07-01,2021,7,Q3,Dubai,Dubai,JBR,Apartment,1BR,111000,103000,9200,3.3,1.3,4.25,3.26,83.5,16.5,19.8,111,100,12.3,540,84.2,166000,4.06,0.19,2600000,23.5,439
RENT001698,2021-07-01,2021,7,Q3,Dubai,Dubai,JBR,Villa,1BR,269000,249000,22400,3.3,-2.3,4.67,4.1,84.2,15.8,13.5,249,396,5.5,1380,86.6,436000,4.49,0.18,5750000,21.4,136
RENT001691,2021-07-01,2021,7,Q3,Dubai,Dubai,JVC,Apartment,2BR,66000,63000,5500,3.3,-0.4,5.54,4.75,71.1,28.9,13.4,17,572,2.6,470,80.6,138000,5.4,0.14,1200000,18.1,437
RENT001692,2021-07-01,2021,7,Q3,Dubai,Dubai,JVC,Villa,1BR,157000,146000,13100,3.3,-0.6,4.61,4.05,81.1,18.9,14.2,70,409,2.3,720,77.8,204000,4.34,0.27,3400000,21.7,577
RENT001717,2021-07-01,2021,7,Q3,Abu Dhabi,Abu Dhabi,Khalifa City,Apartment,3BR,65000,65000,5400,3.3,3.5,4.32,3.31,82.1,17.9,21.6,224,1049,3.7,280,80.5,82000,4.13,0.19,1500000,23.1,114
RENT001718,2021-07-01,2021,7,Q3,Abu Dhabi,Abu Dhabi,Khalifa City,Villa,2BR,160000,163000,13300,3.3,0.1,4.56,3.84,77.0,23.0,12.9,64,228,7.2,860,61.9,194000,4.43,0.13,3500000,21.9,106
RENT001693,2021-07-01,2021,7,Q3,Dubai,Dubai,MBR City,Apartment,3BR,140000,131000,11700,3.3,1.5,4.07,3.34,81.4,18.6,23.1,61,931,2.9,820,72.2,216000,4.11,-0.04,3450000,24.6,164
RENT001694,2021-07-01,2021,7,Q3,Dubai,Dubai,MBR City,Villa,1BR,407000,378000,33900,3.3,-1.2,4.53,3.72,77.6,22.4,20.7,28,71,3.0,2770,73.4,742000,4.37,0.16,9000000,22.1,102
RENT001723,2021-07-01,2021,7,Q3,Abu Dhabi,Abu Dhabi,Masdar City,Apartment,1BR,53000,51000,4400,3.3,2.5,4.91,3.78,87.9,12.1,10.2,97,951,2.4,260,67.7,64000,5.21,-0.3,1100000,20.4,196
RENT001724,2021-07-01,2021,7,Q3,Abu Dhabi,Abu Dhabi,Masdar City,Villa,3BR,132000,125000,11000,3.3,-1.3,4.91,3.83,78.7,21.3,23.6,178,590,6.6,930,79.7,271000,4.94,-0.03,2700000,20.4,339
RENT001705,2021-07-01,2021,7,Q3,Dubai,Dubai,Meydan,Apartment,1BR,85000,81000,7100,3.3,-1.9,5.16,4.31,78.2,21.8,13.1,201,763,7.3,340,58.3,72000,5.35,-0.19,1650000,19.4,504
RENT001706,2021-07-01,2021,7,Q3,Dubai,Dubai,Meydan,Villa,3BR,294000,273000,24500,3.3,-0.1,4.09,3.2,81.7,18.3,12.4,10,1094,3.7,1750,55.5,355000,4.09,0.0,7200000,24.5,532
RENT001729,2021-07-01,2021,7,Q3,Sharjah,Sharjah,Muwaileh,Apartment,Studio,37000,39000,3100,3.3,0.7,5.79,4.63,88.1,11.9,15.6,179,811,3.0,240,83.1,73000,6.02,-0.23,650000,17.3,50
RENT001730,2021-07-01,2021,7,Q3,Sharjah,Sharjah,Muwaileh,Villa,3BR,93000,91000,7800,3.3,1.0,4.23,3.09,86.9,13.1,15.3,55,1058,5.7,370,67.4,91000,3.74,0.49,2200000,23.6,151
RENT001685,2021-07-01,2021,7,Q3,Dubai,Dubai,Palm Jumeirah,Apartment,4BR,202000,194000,16800,3.3,-0.5,4.35,3.19,75.5,24.5,12.0,73,528,9.0,1250,78.5,358000,3.96,0.39,4650000,23.0,299
RENT001686,2021-07-01,2021,7,Q3,Dubai,Dubai,Palm Jumeirah,Villa,2BR,690000,664000,57500,3.3,2.2,4.28,3.22,74.8,25.2,13.0,79,759,5.2,2680,85.6,837000,4.65,-0.37,16150000,23.4,454
RENT001711,2021-07-01,2021,7,Q3,Abu Dhabi,Abu Dhabi,Saadiyat Island,Apartment,5BR+,159000,153000,13200,3.3,3.1,4.55,3.61,71.0,29.0,15.7,127,1018,11.5,960,85.9,301000,4.23,0.32,3500000,22.0,250
RENT001712,2021-07-01,2021,7,Q3,Abu Dhabi,Abu Dhabi,Saadiyat Island,Villa,5BR+,403000,407000,33600,3.3,-0.9,3.98,3.32,77.4,22.6,16.0,155,547,18.6,2710,65.1,644000,4.11,-0.13,10150000,25.2,152
RENT001707,2021-07-01,2021,7,Q3,Dubai,Dubai,Sports City,Apartment,1BR,58000,55000,4800,3.3,3.2,5.21,4.03,79.4,20.6,11.9,188,366,7.7,430,67.6,106000,5.13,0.08,1100000,19.2,404
RENT001708,2021-07-01,2021,7,Q3,Dubai,Dubai,Sports City,Villa,1BR,187000,176000,15600,3.3,-2.0,4.11,3.09,78.1,21.9,15.3,191,826,6.9,1200,85.2,373000,4.23,-0.12,4550000,24.3,253
RENT001713,2021-07-01,2021,7,Q3,Abu Dhabi,Abu Dhabi,Yas Island,Apartment,5BR+,92000,93000,7700,3.3,2.3,5.89,5.17,79.1,20.9,20.9,224,1177,11.6,490,61.4,110000,5.5,0.39,1550000,17.0,128
RENT001714,2021-07-01,2021,7,Q3,Abu Dhabi,Abu Dhabi,Yas Island,Villa,1BR,175000,167000,14600,3.3,-2.4,4.04,3.16,89.8,10.2,17.8,121,758,14.7,640,69.0,161000,3.92,0.12,4350000,24.7,305
RENT001751,2021-08-01,2021,8,Q3,Dubai,Dubai,Al Furjan,Apartment,4BR,69000,71000,5800,3.3,-1.3,4.62,3.74,81.9,18.1,20.9,136,529,7.1,300,68.8,75000,4.25,0.37,1500000,21.6,125
RENT001752,2021-08-01,2021,8,Q3,Dubai,Dubai,Al Furjan,Villa,5BR+,218000,202000,18200,3.3,1.8,5.58,4.85,76.3,23.7,10.0,243,1128,6.0,1250,56.9,260000,5.79,-0.21,3900000,17.9,347
RENT001791,2021-08-01,2021,8,Q3,Ras Al Khaimah,Ras Al Khaimah,Al Hamra Village,Apartment,2BR,58000,60000,4800,3.3,-2.4,4.32,3.49,86.3,13.7,17.4,203,247,6.2,220,65.5,53000,4.05,0.27,1350000,23.1,101
RENT001792,2021-08-01,2021,8,Q3,Ras Al Khaimah,Ras Al Khaimah,Al Hamra Village,Villa,1BR,162000,163000,13500,3.3,3.4,5.18,4.32,77.1,22.9,12.4,87,129,1.5,930,85.2,289000,5.12,0.06,3100000,19.3,57
RENT001787,2021-08-01,2021,8,Q3,Sharjah,Sharjah,Al Khan,Apartment,1BR,41000,39000,3400,3.3,2.8,3.88,3.01,75.3,24.7,15.0,196,471,1.8,240,65.8,58000,3.69,0.19,1050000,25.8,162
RENT001788,2021-08-01,2021,8,Q3,Sharjah,Sharjah,Al Khan,Villa,Studio,110000,104000,9200,3.3,1.7,5.88,5.1,73.4,26.6,12.4,99,910,4.8,550,82.2,165000,6.05,-0.17,1850000,17.0,178
RENT001781,2021-08-01,2021,8,Q3,Sharjah,Sharjah,Al Majaz,Apartment,1BR,46000,46000,3800,3.3,2.6,4.97,4.14,74.8,25.2,22.7,107,889,6.6,260,63.0,60000,4.68,0.29,900000,20.1,153
RENT001782,2021-08-01,2021,8,Q3,Sharjah,Sharjah,Al Majaz,Villa,Studio,137000,138000,11400,3.3,0.2,4.06,2.88,79.0,21.0,15.3,147,890,3.9,930,81.3,276000,4.13,-0.07,3350000,24.6,58
RENT001783,2021-08-01,2021,8,Q3,Sharjah,Sharjah,Al Nahda,Apartment,4BR,41000,39000,3400,3.3,0.4,5.33,4.66,72.7,27.3,12.7,29,934,2.4,160,70.4,41000,5.13,0.2,750000,18.8,100
RENT001784,2021-08-01,2021,8,Q3,Sharjah,Sharjah,Al Nahda,Villa,2BR,85000,80000,7100,3.3,0.9,4.08,3.27,87.5,12.5,21.1,222,498,1.7,620,66.6,151000,3.6,0.48,2100000,24.5,106
RENT001771,2021-08-01,2021,8,Q3,Abu Dhabi,Abu Dhabi,Al Raha Beach,Apartment,5BR+,93000,95000,7800,3.3,0.8,5.4,4.71,80.5,19.5,14.6,33,676,1.2,360,72.2,95000,5.55,-0.15,1700000,18.5,226
RENT001772,2021-08-01,2021,8,Q3,Abu Dhabi,Abu Dhabi,Al Raha Beach,Villa,3BR,282000,268000,23500,3.3,3.0,5.42,4.4,74.0,26.0,21.0,127,107,4.5,1960,59.4,425000,5.9,-0.48,5200000,18.5,195
RENT001777,2021-08-01,2021,8,Q3,Abu Dhabi,Abu Dhabi,Al Reef,Apartment,2BR,60000,56000,5000,3.3,2.5,5.31,4.74,85.5,14.5,22.6,125,705,5.8,380,68.1,94000,5.5,-0.19,1150000,18.8,324
RENT001778,2021-08-01,2021,8,Q3,Abu Dhabi,Abu Dhabi,Al Reef,Villa,2BR,159000,162000,13200,3.3,-0.6,5.77,4.63,78.9,21.1,11.7,57,435,2.0,690,63.3,159000,5.99,-0.22,2750000,17.3,264
RENT001765,2021-08-01,2021,8,Q3,Abu Dhabi,Abu Dhabi,Al Reem Island,Apartment,2BR,74000,77000,6200,3.3,-0.1,4.5,3.36,71.2,28.8,20.1,180,514,1.2,340,68.5,85000,4.85,-0.35,1650000,22.2,57
RENT001766,2021-08-01,2021,8,Q3,Abu Dhabi,Abu Dhabi,Al Reem Island,Villa,3BR,192000,191000,16000,3.3,1.1,4.51,3.43,85.4,14.6,22.2,200,1132,6.7,910,87.8,292000,4.82,-0.31,4250000,22.2,320
RENT001789,2021-08-01,2021,8,Q3,Sharjah,Sharjah,Al Taawun,Apartment,3BR,35000,32000,2900,3.3,-1.4,3.94,3.33,77.2,22.8,20.3,22,205,2.3,200,77.6,57000,3.52,0.42,900000,25.4,128
RENT001790,2021-08-01,2021,8,Q3,Sharjah,Sharjah,Al Taawun,Villa,2BR,93000,97000,7800,3.3,-2.5,5.38,4.29,78.1,21.9,10.2,55,616,6.5,520,59.7,113000,5.55,-0.17,1750000,18.6,212
RENT001745,2021-08-01,2021,8,Q3,Dubai,Dubai,Business Bay,Apartment,3BR,85000,85000,7100,3.3,-1.5,5.57,4.7,72.6,27.4,22.2,36,1090,2.5,380,55.8,77000,6.01,-0.44,1550000,18.0,464
RENT001746,2021-08-01,2021,8,Q3,Dubai,Dubai,Business Bay,Villa,2BR,265000,277000,22100,3.3,-2.2,5.0,4.2,85.9,14.1,18.2,234,273,5.2,1120,83.0,339000,4.71,0.29,5300000,20.0,166
RENT001775,2021-08-01,2021,8,Q3,Abu Dhabi,Abu Dhabi,Corniche,Apartment,2BR,96000,90000,8000,3.3,0.4,4.2,3.28,73.4,26.6,14.2,250,192,6.1,670,59.2,145000,4.16,0.04,2300000,23.8,236
RENT001776,2021-08-01,2021,8,Q3,Abu Dhabi,Abu Dhabi,Corniche,Villa,1BR,319000,302000,26600,3.3,-0.6,4.48,3.97,79.9,20.1,22.4,38,817,1.4,1700,71.9,446000,4.36,0.12,7100000,22.3,212
RENT001755,2021-08-01,2021,8,Q3,Dubai,Dubai,Creek Harbour,Apartment,1BR,90000,91000,7500,3.3,0.4,4.37,3.41,86.3,13.7,13.4,236,185,3.8,540,68.3,135000,4.24,0.13,2050000,22.9,289
RENT001756,2021-08-01,2021,8,Q3,Dubai,Dubai,Creek Harbour,Villa,4BR,184000,179000,15300,3.3,3.4,5.15,4.65,80.9,19.1,17.9,31,828,3.4,670,73.4,179000,5.09,0.06,3550000,19.4,470
RENT001757,2021-08-01,2021,8,Q3,Dubai,Dubai,DAMAC Hills,Apartment,3BR,75000,75000,6200,3.3,-2.2,5.91,5.22,71.8,28.2,18.2,187,1025,7.7,440,85.5,137000,5.57,0.34,1250000,16.9,108
RENT001758,2021-08-01,2021,8,Q3,Dubai,Dubai,DAMAC Hills,Villa,5BR+,172000,163000,14300,3.3,3.1,4.22,3.16,89.5,10.5,19.1,213,1115,5.2,1250,84.1,384000,4.45,-0.23,4100000,23.7,176
RENT001737,2021-08-01,2021,8,Q3,Dubai,Dubai,Downtown Dubai,Apartment,3BR,114000,114000,9500,3.3,0.8,4.14,3.27,76.7,23.3,14.6,169,678,12.8,820,59.1,177000,4.4,-0.26,2750000,24.2,417
RENT001738,2021-08-01,2021,8,Q3,Dubai,Dubai,Downtown Dubai,Villa,5BR+,328000,338000,27300,3.3,1.2,4.03,2.83,84.4,15.6,12.5,91,916,15.4,2150,56.4,443000,3.93,0.1,8150000,24.8,402
RENT001743,2021-08-01,2021,8,Q3,Dubai,Dubai,Dubai Hills Estate,Apartment,3BR,119000,123000,9900,3.3,2.9,5.69,4.58,74.3,25.7,23.0,190,1042,5.9,760,78.5,218000,5.94,-0.25,2100000,17.6,391
RENT001744,2021-08-01,2021,8,Q3,Dubai,Dubai,Dubai Hills Estate,Villa,2BR,343000,327000,28600,3.3,2.1,4.56,3.5,86.0,14.0,14.9,217,1004,7.5,2310,72.5,611000,4.51,0.05,7500000,21.9,269
RENT001739,2021-08-01,2021,8,Q3,Dubai,Dubai,Dubai Marina,Apartment,2BR,92000,96000,7700,3.3,0.0,4.04,3.19,82.1,17.9,17.5,80,111,14.9,620,80.3,182000,4.46,-0.42,2300000,24.7,498
RENT001740,2021-08-01,2021,8,Q3,Dubai,Dubai,Dubai Marina,Villa,1BR,335000,341000,27900,3.3,1.4,4.16,2.99,77.8,22.2,13.7,160,796,7.0,1300,81.0,384000,4.27,-0.11,8050000,24.0,334
RENT001759,2021-08-01,2021,8,Q3,Dubai,Dubai,Dubai South,Apartment,1BR,51000,53000,4200,3.3,0.9,5.57,4.38,73.8,26.2,11.3,67,619,1.6,230,74.1,62000,6.06,-0.49,900000,18.0,501
RENT001760,2021-08-01,2021,8,Q3,Dubai,Dubai,Dubai South,Villa,2BR,138000,131000,11500,3.3,1.9,5.38,4.55,77.1,22.9,13.0,249,1094,3.6,590,56.6,122000,4.88,0.5,2550000,18.6,443
RENT001753,2021-08-01,2021,8,Q3,Dubai,Dubai,JBR,Apartment,3BR,94000,90000,7800,3.3,1.8,4.33,3.78,74.9,25.1,21.7,157,1104,16.5,550,60.4,121000,4.65,-0.32,2150000,23.1,96
RENT001754,2021-08-01,2021,8,Q3,Dubai,Dubai,JBR,Villa,1BR,368000,384000,30700,3.3,2.1,4.02,2.84,84.2,15.8,12.5,113,682,5.8,2060,81.5,613000,3.89,0.13,9150000,24.9,359
RENT001747,2021-08-01,2021,8,Q3,Dubai,Dubai,JVC,Apartment,2BR,61000,61000,5100,3.3,-2.3,4.48,3.3,90.0,10.0,16.1,68,384,6.5,330,73.1,88000,4.49,-0.01,1350000,22.3,364
RENT001748,2021-08-01,2021,8,Q3,Dubai,Dubai,JVC,Villa,2BR,126000,122000,10500,3.3,1.2,4.96,3.76,75.8,24.2,19.4,234,778,2.9,640,85.6,200000,5.39,-0.43,2550000,20.1,352
RENT001773,2021-08-01,2021,8,Q3,Abu Dhabi,Abu Dhabi,Khalifa City,Apartment,1BR,63000,65000,5200,3.3,-1.3,5.3,4.13,76.9,23.1,13.2,236,1197,6.6,280,60.9,62000,5.58,-0.28,1200000,18.9,73
RENT001774,2021-08-01,2021,8,Q3,Abu Dhabi,Abu Dhabi,Khalifa City,Villa,2BR,176000,176000,14700,3.3,2.6,4.52,3.39,77.3,22.7,20.3,194,220,2.9,780,84.7,241000,4.66,-0.14,3900000,22.1,312
RENT001749,2021-08-01,2021,8,Q3,Dubai,Dubai,MBR City,Apartment,1BR,122000,125000,10200,3.3,-1.7,4.52,3.76,84.5,15.5,16.3,30,90,5.3,650,59.1,140000,4.57,-0.05,2700000,22.1,421
RENT001750,2021-08-01,2021,8,Q3,Dubai,Dubai,MBR City,Villa,2BR,348000,334000,29000,3.3,-0.8,4.76,3.83,71.0,29.0,12.1,86,457,4.5,2550,59.0,549000,4.81,-0.05,7300000,21.0,587
RENT001779,2021-08-01,2021,8,Q3,Abu Dhabi,Abu Dhabi,Masdar City,Apartment,3BR,50000,51000,4200,3.3,-0.4,5.47,4.39,88.9,11.1,21.0,211,487,2.2,370,76.5,103000,5.78,-0.31,900000,18.3,110
RENT001780,2021-08-01,2021,8,Q3,Abu Dhabi,Abu Dhabi,Masdar City,Villa,3BR,110000,103000,9200,3.3,0.2,5.67,4.75,73.7,26.3,23.4,107,1101,4.5,570,83.2,173000,5.31,0.36,1950000,17.6,70
RENT001761,2021-08-01,2021,8,Q3,Dubai,Dubai,Meydan,Apartment,3BR,80000,79000,6700,3.3,2.6,4.42,3.22,81.6,18.4,20.4,97,967,4.1,290,65.4,69000,4.29,0.13,1800000,22.6,479
RENT001762,2021-08-01,2021,8,Q3,Dubai,Dubai,Meydan,Villa,2BR,244000,228000,20300,3.3,-0.9,5.28,4.27,79.5,20.5,19.2,216,68,3.0,1170,87.6,374000,5.66,-0.38,4600000,18.9,586
RENT001785,2021-08-01,2021,8,Q3,Sharjah,Sharjah,Muwaileh,Apartment,3BR,34000,32000,2800,3.3,-1.1,3.95,2.85,85.0,15.0,21.2,203,392,6.2,210,63.2,48000,3.51,0.44,850000,25.3,213
RENT001786,2021-08-01,2021,8,Q3,Sharjah,Sharjah,Muwaileh,Villa,2BR,65000,65000,5400,3.3,1.2,4.38,3.6,70.5,29.5,10.6,208,737,2.4,460,86.3,145000,3.96,0.42,1500000,22.8,130
RENT001741,2021-08-01,2021,8,Q3,Dubai,Dubai,Palm Jumeirah,Apartment,2BR,170000,166000,14200,3.3,-0.0,4.02,3.49,73.3,26.7,20.9,149,160,6.2,630,78.0,179000,4.3,-0.28,4250000,24.9,425
RENT001742,2021-08-01,2021,8,Q3,Dubai,Dubai,Palm Jumeirah,Villa,2BR,479000,500000,39900,3.3,-0.7,5.58,4.48,76.0,24.0,14.9,211,422,12.4,3090,84.8,956000,5.87,-0.29,8600000,17.9,530
RENT001767,2021-08-01,2021,8,Q3,Abu Dhabi,Abu Dhabi,Saadiyat Island,Apartment,1BR,145000,147000,12100,3.3,0.2,6.01,4.94,81.9,18.1,13.8,221,352,10.5,560,65.2,133000,5.54,0.47,2400000,16.6,337
RENT001768,2021-08-01,2021,8,Q3,Abu Dhabi,Abu Dhabi,Saadiyat Island,Villa,Studio,354000,371000,29500,3.3,2.7,5.69,4.55,85.1,14.9,21.4,190,111,12.4,2410,70.4,619000,5.42,0.27,6200000,17.6,161
RENT001763,2021-08-01,2021,8,Q3,Dubai,Dubai,Sports City,Apartment,1BR,49000,51000,4100,3.3,-1.6,3.95,2.85,74.5,25.5,13.3,62,546,7.0,340,82.8,103000,3.55,0.4,1250000,25.3,85
RENT001764,2021-08-01,2021,8,Q3,Dubai,Dubai,Sports City,Villa,2BR,175000,180000,14600,3.3,3.3,4.03,2.9,76.6,23.4,15.2,52,809,4.5,640,80.1,187000,3.69,0.34,4350000,24.8,456
RENT001769,2021-08-01,2021,8,Q3,Abu Dhabi,Abu Dhabi,Yas Island,Apartment,3BR,84000,78000,7000,3.3,2.1,4.04,3.27,76.0,24.0,23.9,95,64,19.1,560,59.8,122000,4.12,-0.08,2100000,24.8,259
RENT001770,2021-08-01,2021,8,Q3,Abu Dhabi,Abu Dhabi,Yas Island,Villa,3BR,242000,233000,20200,3.3,2.5,4.74,3.67,77.0,23.0,21.5,135,197,12.4,1400,71.0,363000,4.86,-0.12,5100000,21.1,323
RENT001807,2021-09-01,2021,9,Q3,Dubai,Dubai,Al Furjan,Apartment,2BR,63000,64000,5200,3.3,-2.1,5.83,5.06,70.7,29.3,13.3,12,327,4.2,340,65.9,82000,6.12,-0.29,1100000,17.2,324
RENT001808,2021-09-01,2021,9,Q3,Dubai,Dubai,Al Furjan,Villa,3BR,136000,126000,11300,3.3,-0.6,4.67,3.9,89.5,10.5,22.6,196,135,7.3,770,66.7,187000,5.13,-0.46,2900000,21.4,453
RENT001847,2021-09-01,2021,9,Q3,Ras Al Khaimah,Ras Al Khaimah,Al Hamra Village,Apartment,1BR,55000,53000,4600,3.3,-1.2,5.88,5.13,85.9,14.1,13.1,44,315,2.1,320,83.9,98000,5.73,0.15,950000,17.0,16
RENT001848,2021-09-01,2021,9,Q3,Ras Al Khaimah,Ras Al Khaimah,Al Hamra Village,Villa,1BR,167000,157000,13900,3.3,3.0,5.81,4.7,72.0,28.0,17.2,200,238,2.8,1200,62.3,273000,6.26,-0.45,2900000,17.2,118
RENT001843,2021-09-01,2021,9,Q3,Sharjah,Sharjah,Al Khan,Apartment,Studio,42000,40000,3500,3.3,0.9,4.52,3.82,85.0,15.0,16.6,104,505,1.4,270,83.9,83000,4.68,-0.16,950000,22.1,220
RENT001844,2021-09-01,2021,9,Q3,Sharjah,Sharjah,Al Khan,Villa,2BR,132000,132000,11000,3.3,1.2,4.86,4.22,75.6,24.4,13.4,112,1119,3.6,510,81.9,152000,5.35,-0.49,2700000,20.6,159
RENT001837,2021-09-01,2021,9,Q3,Sharjah,Sharjah,Al Majaz,Apartment,1BR,40000,39000,3300,3.3,1.8,3.9,2.99,84.5,15.5,19.3,178,202,7.4,290,82.5,87000,4.32,-0.42,1050000,25.7,93
RENT001838,2021-09-01,2021,9,Q3,Sharjah,Sharjah,Al Majaz,Villa,Studio,82000,79000,6800,3.3,-0.6,4.78,3.94,71.8,28.2,11.4,151,826,7.0,390,72.7,103000,5.24,-0.46,1700000,20.9,112
RENT001839,2021-09-01,2021,9,Q3,Sharjah,Sharjah,Al Nahda,Apartment,4BR,35000,35000,2900,3.3,0.2,4.3,3.11,89.7,10.3,15.2,93,1100,1.2,200,74.0,54000,4.68,-0.38,800000,23.3,109
RENT001840,2021-09-01,2021,9,Q3,Sharjah,Sharjah,Al Nahda,Villa,1BR,114000,109000,9500,3.3,2.1,5.77,4.58,80.6,19.4,17.6,90,1110,5.2,820,76.6,229000,5.58,0.19,1950000,17.3,109
RENT001827,2021-09-01,2021,9,Q3,Abu Dhabi,Abu Dhabi,Al Raha Beach,Apartment,1BR,92000,91000,7700,3.3,1.2,5.76,5.19,72.8,27.2,12.4,248,307,4.8,540,76.2,150000,6.22,-0.46,1600000,17.4,82
RENT001828,2021-09-01,2021,9,Q3,Abu Dhabi,Abu Dhabi,Al Raha Beach,Villa,3BR,162000,162000,13500,3.3,0.5,5.32,4.29,81.8,18.2,19.2,248,730,5.0,930,60.4,205000,5.44,-0.12,3050000,18.8,227
RENT001833,2021-09-01,2021,9,Q3,Abu Dhabi,Abu Dhabi,Al Reef,Apartment,2BR,57000,59000,4800,3.3,-1.6,5.61,4.53,74.5,25.5,21.6,238,865,7.3,420,75.3,115000,5.88,-0.27,1000000,17.8,242
RENT001834,2021-09-01,2021,9,Q3,Abu Dhabi,Abu Dhabi,Al Reef,Villa,4BR,139000,143000,11600,3.3,2.5,3.93,3.06,87.9,12.1,17.7,113,859,4.4,560,82.7,169000,3.65,0.28,3550000,25.5,205
RENT001821,2021-09-01,2021,9,Q3,Abu Dhabi,Abu Dhabi,Al Reem Island,Apartment,4BR,64000,66000,5300,3.3,3.0,5.32,4.39,86.6,13.4,16.5,225,1067,2.5,340,56.7,70000,5.52,-0.2,1200000,18.8,352
RENT001822,2021-09-01,2021,9,Q3,Abu Dhabi,Abu Dhabi,Al Reem Island,Villa,1BR,132000,137000,11000,3.3,2.0,4.61,3.43,80.6,19.4,18.3,90,950,1.1,950,81.7,283000,4.24,0.37,2850000,21.7,106
RENT001845,2021-09-01,2021,9,Q3,Sharjah,Sharjah,Al Taawun,Apartment,2BR,34000,33000,2800,3.3,3.3,4.32,3.78,83.0,17.0,11.0,190,240,2.1,130,76.2,36000,3.92,0.4,800000,23.1,109
RENT001846,2021-09-01,2021,9,Q3,Sharjah,Sharjah,Al Taawun,Villa,1BR,121000,114000,10100,3.3,1.7,4.4,3.62,70.2,29.8,18.2,220,184,5.8,780,65.8,187000,4.07,0.33,2750000,22.7,60
RENT001801,2021-09-01,2021,9,Q3,Dubai,Dubai,Business Bay,Apartment,1BR,79000,79000,6600,3.3,-2.0,4.1,3.32,78.4,21.6,12.9,65,53,6.5,310,63.2,72000,4.18,-0.08,1950000,24.4,492
RENT001802,2021-09-01,2021,9,Q3,Dubai,Dubai,Business Bay,Villa,Studio,178000,171000,14800,3.3,3.5,4.01,2.87,77.7,22.3,18.7,121,67,1.8,1050,72.7,279000,4.37,-0.36,4450000,24.9,474
RENT001831,2021-09-01,2021,9,Q3,Abu Dhabi,Abu Dhabi,Corniche,Apartment,2BR,97000,96000,8100,3.3,3.3,5.86,4.89,73.4,26.6,11.7,36,161,2.0,420,58.1,89000,5.54,0.32,1650000,17.1,229
RENT001832,2021-09-01,2021,9,Q3,Abu Dhabi,Abu Dhabi,Corniche,Villa,2BR,291000,300000,24200,3.3,0.8,5.32,4.51,81.3,18.7,11.2,67,753,7.5,1960,60.5,433000,5.26,0.06,5450000,18.8,353
RENT001811,2021-09-01,2021,9,Q3,Dubai,Dubai,Creek Harbour,Apartment,1BR,86000,80000,7200,3.3,0.7,5.77,4.94,70.1,29.9,23.3,58,1182,4.9,400,76.2,111000,5.6,0.17,1500000,17.3,447
RENT001812,2021-09-01,2021,9,Q3,Dubai,Dubai,Creek Harbour,Villa,3BR,263000,259000,21900,3.3,1.7,4.59,3.88,82.7,17.3,21.7,19,627,4.8,1170,81.4,348000,4.45,0.14,5700000,21.8,400
RENT001813,2021-09-01,2021,9,Q3,Dubai,Dubai,DAMAC Hills,Apartment,Studio,77000,72000,6400,3.3,-1.2,6.19,5.22,71.3,28.7,18.7,95,631,7.2,300,78.8,86000,6.51,-0.32,1250000,16.2,229
RENT001814,2021-09-01,2021,9,Q3,Dubai,Dubai,DAMAC Hills,Villa,3BR,209000,213000,17400,3.3,-1.5,4.74,3.86,75.7,24.3,14.8,198,512,2.7,1190,60.4,262000,4.28,0.46,4400000,21.1,92
RENT001793,2021-09-01,2021,9,Q3,Dubai,Dubai,Downtown Dubai,Apartment,1BR,98000,99000,8200,3.3,0.5,4.95,3.92,76.1,23.9,18.9,102,960,11.1,710,84.4,219000,5.15,-0.2,2000000,20.2,386
RENT001794,2021-09-01,2021,9,Q3,Dubai,Dubai,Downtown Dubai,Villa,4BR,349000,364000,29100,3.3,-1.1,4.11,3.17,77.8,22.2,10.9,34,251,10.1,1310,78.4,375000,3.87,0.24,8500000,24.4,566
RENT001799,2021-09-01,2021,9,Q3,Dubai,Dubai,Dubai Hills Estate,Apartment,2BR,118000,124000,9800,3.3,2.3,4.8,3.64,87.6,12.4,10.9,238,425,7.5,500,80.8,147000,5.23,-0.43,2450000,20.9,106
RENT001800,2021-09-01,2021,9,Q3,Dubai,Dubai,Dubai Hills Estate,Villa,5BR+,300000,313000,25000,3.3,1.2,5.36,4.17,82.3,17.7,22.3,83,608,5.5,2230,70.6,575000,5.82,-0.46,5600000,18.6,290
RENT001795,2021-09-01,2021,9,Q3,Dubai,Dubai,Dubai Marina,Apartment,2BR,84000,85000,7000,3.3,-1.8,4.93,4.38,84.3,15.7,20.6,93,319,19.0,440,68.0,109000,5.43,-0.5,1700000,20.3,470
RENT001796,2021-09-01,2021,9,Q3,Dubai,Dubai,Dubai Marina,Villa,1BR,155000,160000,12900,3.3,3.1,5.86,5.33,76.5,23.5,11.8,89,1098,8.2,960,70.6,247000,6.3,-0.44,2650000,17.1,408
RENT001815,2021-09-01,2021,9,Q3,Dubai,Dubai,Dubai South,Apartment,4BR,55000,52000,4600,3.3,1.8,4.53,3.43,79.5,20.5,17.5,71,1025,7.6,380,82.5,114000,4.53,0.0,1200000,22.1,379
RENT001816,2021-09-01,2021,9,Q3,Dubai,Dubai,Dubai South,Villa,2BR,183000,178000,15200,3.3,0.9,5.86,5.05,86.0,14.0,18.9,86,507,5.6,700,85.9,219000,5.38,0.48,3100000,17.1,130
RENT001809,2021-09-01,2021,9,Q3,Dubai,Dubai,JBR,Apartment,3BR,99000,98000,8200,3.3,1.2,5.71,5.19,73.0,27.0,23.5,46,267,15.1,560,87.6,179000,6.17,-0.46,1750000,17.5,307
RENT001810,2021-09-01,2021,9,Q3,Dubai,Dubai,JBR,Villa,1BR,201000,202000,16800,3.3,0.8,5.96,5.27,70.3,29.7,14.3,188,1115,18.0,1030,73.5,276000,6.06,-0.1,3400000,16.8,289
RENT001803,2021-09-01,2021,9,Q3,Dubai,Dubai,JVC,Apartment,Studio,56000,53000,4700,3.3,1.1,5.88,5.26,71.2,28.8,18.9,49,1145,1.0,220,86.5,69000,5.71,0.17,950000,17.0,337
RENT001804,2021-09-01,2021,9,Q3,Dubai,Dubai,JVC,Villa,4BR,180000,188000,15000,3.3,-1.0,4.23,3.22,77.8,22.2,23.7,181,1066,1.1,1120,55.8,228000,4.44,-0.21,4250000,23.6,220
RENT001829,2021-09-01,2021,9,Q3,Abu Dhabi,Abu Dhabi,Khalifa City,Apartment,4BR,57000,56000,4800,3.3,0.3,5.93,5.24,81.1,18.9,22.5,149,1088,6.9,300,84.7,93000,6.02,-0.09,950000,16.9,92
RENT001830,2021-09-01,2021,9,Q3,Abu Dhabi,Abu Dhabi,Khalifa City,Villa,3BR,139000,137000,11600,3.3,1.1,4.94,4.31,70.2,29.8,14.0,188,1130,8.0,820,58.1,174000,5.22,-0.28,2800000,20.2,291
RENT001805,2021-09-01,2021,9,Q3,Dubai,Dubai,MBR City,Apartment,3BR,122000,121000,10200,3.3,-2.1,5.3,4.2,87.3,12.7,13.7,183,285,4.0,710,64.5,167000,5.66,-0.36,2300000,18.9,594
RENT001806,2021-09-01,2021,9,Q3,Dubai,Dubai,MBR City,Villa,5BR+,373000,368000,31100,3.3,3.4,5.02,4.5,86.4,13.6,16.6,126,162,7.4,1820,81.2,539000,5.31,-0.29,7450000,19.9,123
RENT001835,2021-09-01,2021,9,Q3,Abu Dhabi,Abu Dhabi,Masdar City,Apartment,Studio,54000,51000,4500,3.3,-1.9,4.9,3.79,86.3,13.7,23.9,201,1007,1.1,200,75.6,55000,5.21,-0.31,1100000,20.4,133
RENT001836,2021-09-01,2021,9,Q3,Abu Dhabi,Abu Dhabi,Masdar City,Villa,4BR,119000,117000,9900,3.3,1.9,5.2,4.24,86.7,13.3,20.9,204,276,1.5,640,61.3,143000,4.95,0.25,2300000,19.2,202
RENT001817,2021-09-01,2021,9,Q3,Dubai,Dubai,Meydan,Apartment,5BR+,77000,74000,6400,3.3,1.4,4.19,3.18,75.4,24.6,11.7,49,344,2.8,450,55.6,91000,3.9,0.29,1850000,23.9,570
RENT001818,2021-09-01,2021,9,Q3,Dubai,Dubai,Meydan,Villa,3BR,292000,296000,24300,3.3,0.6,6.03,5.49,72.9,27.1,14.6,25,1104,1.7,2170,80.6,638000,5.95,0.08,4850000,16.6,573
RENT001841,2021-09-01,2021,9,Q3,Sharjah,Sharjah,Muwaileh,Apartment,1BR,35000,33000,2900,3.3,2.5,4.34,3.26,70.4,29.6,21.7,23,1009,7.0,160,85.9,50000,4.37,-0.03,800000,23.0,182
RENT001842,2021-09-01,2021,9,Q3,Sharjah,Sharjah,Muwaileh,Villa,Studio,103000,101000,8600,3.3,2.7,4.73,3.86,83.8,16.2,13.2,155,751,1.1,620,65.3,148000,4.37,0.36,2200000,21.1,193
RENT001797,2021-09-01,2021,9,Q3,Dubai,Dubai,Palm Jumeirah,Apartment,4BR,187000,173000,15600,3.3,-1.2,5.31,4.12,83.3,16.7,21.7,175,1149,5.9,780,84.8,241000,5.25,0.06,3500000,18.8,592
RENT001798,2021-09-01,2021,9,Q3,Dubai,Dubai,Palm Jumeirah,Villa,1BR,464000,449000,38700,3.3,2.3,4.42,3.49,73.5,26.5,19.1,88,320,7.6,2790,83.8,853000,4.81,-0.39,10500000,22.6,436
RENT001823,2021-09-01,2021,9,Q3,Abu Dhabi,Abu Dhabi,Saadiyat Island,Apartment,5BR+,145000,147000,12100,3.3,-1.0,5.89,5.24,85.3,14.7,11.8,211,57,5.3,710,86.6,224000,6.23,-0.34,2450000,17.0,327
RENT001824,2021-09-01,2021,9,Q3,Abu Dhabi,Abu Dhabi,Saadiyat Island,Villa,3BR,384000,355000,32000,3.3,0.5,4.39,3.88,89.7,10.3,18.1,179,1182,6.3,1630,79.6,474000,4.6,-0.21,8750000,22.8,251
RENT001819,2021-09-01,2021,9,Q3,Dubai,Dubai,Sports City,Apartment,2BR,48000,47000,4000,3.3,-0.8,3.96,3.29,70.1,29.9,13.1,36,867,2.6,190,66.3,46000,3.96,0.0,1200000,25.3,452
RENT001820,2021-09-01,2021,9,Q3,Dubai,Dubai,Sports City,Villa,Studio,103000,96000,8600,3.3,1.8,5.4,4.31,86.6,13.4,21.9,37,437,2.2,380,78.2,108000,5.1,0.3,1900000,18.5,438
RENT001825,2021-09-01,2021,9,Q3,Abu Dhabi,Abu Dhabi,Yas Island,Apartment,5BR+,82000,85000,6800,3.3,2.5,4.3,3.43,70.1,29.9,12.8,147,877,19.8,550,87.7,176000,4.02,0.28,1900000,23.2,108
RENT001826,2021-09-01,2021,9,Q3,Abu Dhabi,Abu Dhabi,Yas Island,Villa,4BR,201000,188000,16800,3.3,-1.9,5.94,5.29,82.0,18.0,20.5,37,1040,9.7,1210,77.1,341000,5.65,0.29,3400000,16.8,252
RENT001863,2021-10-01,2021,10,Q4,Dubai,Dubai,Al Furjan,Apartment,3BR,61000,62000,5100,3.3,0.7,3.94,3.2,88.2,11.8,16.6,162,633,4.5,320,87.8,103000,4.15,-0.21,1550000,25.4,375
RENT001864,2021-10-01,2021,10,Q4,Dubai,Dubai,Al Furjan,Villa,Studio,193000,189000,16100,3.3,2.8,4.14,2.99,76.0,24.0,10.1,128,968,5.5,1330,86.6,420000,3.88,0.26,4650000,24.2,499
RENT001903,2021-10-01,2021,10,Q4,Ras Al Khaimah,Ras Al Khaimah,Al Hamra Village,Apartment,2BR,55000,55000,4600,3.3,-1.1,4.51,3.32,75.3,24.7,23.4,118,710,1.3,340,70.7,88000,4.25,0.26,1200000,22.2,89
RENT001904,2021-10-01,2021,10,Q4,Ras Al Khaimah,Ras Al Khaimah,Al Hamra Village,Villa,2BR,159000,147000,13200,3.3,-1.1,6.16,5.03,79.3,20.7,23.3,101,373,6.1,1100,86.5,347000,6.5,-0.34,2600000,16.2,72
RENT001899,2021-10-01,2021,10,Q4,Sharjah,Sharjah,Al Khan,Apartment,2BR,42000,42000,3500,3.3,1.0,3.96,3.22,70.9,29.1,19.7,63,449,3.2,250,78.2,71000,4.27,-0.31,1050000,25.2,212
RENT001900,2021-10-01,2021,10,Q4,Sharjah,Sharjah,Al Khan,Villa,3BR,93000,95000,7800,3.3,1.3,4.78,3.77,83.4,16.6,15.9,59,508,2.0,480,76.6,134000,4.39,0.39,1950000,20.9,164
RENT001893,2021-10-01,2021,10,Q4,Sharjah,Sharjah,Al Majaz,Apartment,3BR,43000,43000,3600,3.3,-2.5,4.01,2.89,71.0,29.0,22.6,12,969,2.5,200,84.8,62000,3.66,0.35,1050000,25.0,128
RENT001894,2021-10-01,2021,10,Q4,Sharjah,Sharjah,Al Majaz,Villa,3BR,141000,131000,11800,3.3,1.0,4.49,3.6,75.8,24.2,14.4,143,495,5.3,830,63.3,192000,4.18,0.31,3150000,22.3,205
RENT001895,2021-10-01,2021,10,Q4,Sharjah,Sharjah,Al Nahda,Apartment,1BR,37000,36000,3100,3.3,1.9,4.05,2.88,73.4,26.6,23.6,181,227,4.0,240,72.1,63000,4.06,-0.01,900000,24.7,213
RENT001896,2021-10-01,2021,10,Q4,Sharjah,Sharjah,Al Nahda,Villa,1BR,125000,123000,10400,3.3,-1.6,5.64,4.67,80.0,20.0,20.3,147,455,6.7,780,70.1,200000,5.87,-0.23,2200000,17.7,122
RENT001883,2021-10-01,2021,10,Q4,Abu Dhabi,Abu Dhabi,Al Raha Beach,Apartment,3BR,81000,77000,6800,3.3,-0.7,5.17,4.55,83.2,16.8,16.6,94,775,2.8,440,82.6,133000,5.54,-0.37,1550000,19.4,67
RENT001884,2021-10-01,2021,10,Q4,Abu Dhabi,Abu Dhabi,Al Raha Beach,Villa,3BR,232000,231000,19300,3.3,-0.8,4.93,3.79,70.3,29.7,13.0,125,341,4.8,1080,84.6,333000,5.07,-0.14,4700000,20.3,262
RENT001889,2021-10-01,2021,10,Q4,Abu Dhabi,Abu Dhabi,Al Reef,Apartment,1BR,60000,59000,5000,3.3,-1.9,4.41,3.89,87.5,12.5,18.8,18,276,3.3,330,66.0,79000,3.98,0.43,1350000,22.7,225
RENT001890,2021-10-01,2021,10,Q4,Abu Dhabi,Abu Dhabi,Al Reef,Villa,2BR,176000,172000,14700,3.3,-1.2,4.45,3.25,88.0,12.0,14.9,13,600,2.8,1300,65.8,312000,4.84,-0.39,3950000,22.5,114
RENT001877,2021-10-01,2021,10,Q4,Abu Dhabi,Abu Dhabi,Al Reem Island,Apartment,3BR,68000,66000,5700,3.3,-2.0,5.37,4.57,80.7,19.3,22.7,22,1194,5.4,470,81.9,140000,5.57,-0.2,1250000,18.6,187
RENT001878,2021-10-01,2021,10,Q4,Abu Dhabi,Abu Dhabi,Al Reem Island,Villa,1BR,228000,238000,19000,3.3,-2.1,5.61,4.88,84.7,15.3,17.9,214,710,3.4,1690,56.5,349000,5.44,0.17,4050000,17.8,342
RENT001901,2021-10-01,2021,10,Q4,Sharjah,Sharjah,Al Taawun,Apartment,1BR,35000,36000,2900,3.3,0.9,4.31,3.55,82.9,17.1,14.1,19,453,6.2,210,77.0,59000,4.17,0.14,800000,23.2,223
RENT001902,2021-10-01,2021,10,Q4,Sharjah,Sharjah,Al Taawun,Villa,3BR,86000,87000,7200,3.3,0.1,6.21,5.71,83.8,16.2,20.2,46,89,3.8,530,63.3,122000,5.86,0.35,1400000,16.1,66
RENT001857,2021-10-01,2021,10,Q4,Dubai,Dubai,Business Bay,Apartment,4BR,84000,85000,7000,3.3,3.3,4.02,2.96,74.7,25.3,22.5,142,1040,4.4,460,62.7,105000,4.02,0.0,2100000,24.9,229
RENT001858,2021-10-01,2021,10,Q4,Dubai,Dubai,Business Bay,Villa,1BR,228000,230000,19000,3.3,1.4,4.62,3.48,80.2,19.8,11.2,249,189,1.6,1360,60.0,298000,4.76,-0.14,4950000,21.7,152
RENT001887,2021-10-01,2021,10,Q4,Abu Dhabi,Abu Dhabi,Corniche,Apartment,1BR,94000,98000,7800,3.3,-0.4,4.97,4.26,71.1,28.9,16.6,196,619,1.6,660,57.7,139000,4.84,0.13,1900000,20.1,159
RENT001888,2021-10-01,2021,10,Q4,Abu Dhabi,Abu Dhabi,Corniche,Villa,1BR,206000,199000,17200,3.3,-0.1,4.96,3.76,70.4,29.6,23.4,114,776,3.7,930,79.0,268000,4.52,0.44,4150000,20.2,310
RENT001867,2021-10-01,2021,10,Q4,Dubai,Dubai,Creek Harbour,Apartment,Studio,92000,96000,7700,3.3,-0.5,4.31,3.27,75.0,25.0,23.3,139,141,7.1,350,59.1,76000,3.92,0.39,2150000,23.2,356
RENT001868,2021-10-01,2021,10,Q4,Dubai,Dubai,Creek Harbour,Villa,1BR,249000,259000,20800,3.3,2.7,5.53,4.39,81.0,19.0,18.7,154,605,2.1,1680,61.3,376000,6.02,-0.49,4500000,18.1,389
RENT001869,2021-10-01,2021,10,Q4,Dubai,Dubai,DAMAC Hills,Apartment,1BR,78000,81000,6500,3.3,-0.4,4.53,3.76,72.6,27.4,19.6,155,750,4.7,550,81.2,163000,4.32,0.21,1700000,22.1,142
RENT001870,2021-10-01,2021,10,Q4,Dubai,Dubai,DAMAC Hills,Villa,2BR,223000,209000,18600,3.3,0.3,5.7,4.7,74.7,25.3,23.1,212,224,5.6,1120,81.9,335000,5.97,-0.27,3900000,17.6,110
RENT001849,2021-10-01,2021,10,Q4,Dubai,Dubai,Downtown Dubai,Apartment,1BR,113000,113000,9400,3.3,-1.3,5.58,4.72,70.3,29.7,23.6,139,1164,17.2,530,77.6,150000,5.33,0.25,2050000,17.9,513
RENT001850,2021-10-01,2021,10,Q4,Dubai,Dubai,Downtown Dubai,Villa,2BR,211000,210000,17600,3.3,-2.2,5.88,5.2,88.7,11.3,10.6,85,1176,19.4,1280,82.4,385000,5.61,0.27,3600000,17.0,180
RENT001855,2021-10-01,2021,10,Q4,Dubai,Dubai,Dubai Hills Estate,Apartment,1BR,112000,106000,9300,3.3,2.4,5.48,4.39,75.2,24.8,19.1,33,393,2.7,550,55.5,111000,5.43,0.05,2050000,18.2,491
RENT001856,2021-10-01,2021,10,Q4,Dubai,Dubai,Dubai Hills Estate,Villa,1BR,311000,310000,25900,3.3,2.5,4.55,3.58,82.8,17.2,22.8,189,252,2.9,1590,65.9,382000,4.8,-0.25,6850000,22.0,337
RENT001851,2021-10-01,2021,10,Q4,Dubai,Dubai,Dubai Marina,Apartment,1BR,87000,84000,7200,3.3,0.5,4.88,4.22,85.8,14.2,23.9,244,137,16.1,610,74.3,165000,4.71,0.17,1800000,20.5,572
RENT001852,2021-10-01,2021,10,Q4,Dubai,Dubai,Dubai Marina,Villa,3BR,213000,219000,17800,3.3,0.1,5.48,4.84,88.1,11.9,22.6,227,447,6.2,880,82.0,263000,5.39,0.09,3900000,18.2,455
RENT001871,2021-10-01,2021,10,Q4,Dubai,Dubai,Dubai South,Apartment,2BR,49000,51000,4100,3.3,-0.2,5.73,5.06,79.5,20.5,20.1,13,122,6.7,360,75.2,99000,5.89,-0.16,850000,17.4,412
RENT001872,2021-10-01,2021,10,Q4,Dubai,Dubai,Dubai South,Villa,5BR+,193000,193000,16100,3.3,2.7,5.23,4.41,88.6,11.4,22.7,240,1072,2.4,1260,70.0,322000,5.58,-0.35,3700000,19.1,343
RENT001865,2021-10-01,2021,10,Q4,Dubai,Dubai,JBR,Apartment,2BR,94000,95000,7800,3.3,3.0,4.53,3.49,71.1,28.9,11.6,195,715,10.6,370,67.2,91000,4.38,0.15,2050000,22.1,358
RENT001866,2021-10-01,2021,10,Q4,Dubai,Dubai,JBR,Villa,2BR,245000,230000,20400,3.3,1.7,4.33,3.2,72.9,27.1,11.7,32,234,18.7,1520,60.9,338000,4.45,-0.12,5650000,23.1,324
RENT001859,2021-10-01,2021,10,Q4,Dubai,Dubai,JVC,Apartment,1BR,56000,52000,4700,3.3,1.0,4.54,3.84,73.2,26.8,16.8,204,556,5.2,320,71.6,84000,4.15,0.39,1250000,22.0,83
RENT001860,2021-10-01,2021,10,Q4,Dubai,Dubai,JVC,Villa,1BR,180000,173000,15000,3.3,0.1,5.42,4.54,83.6,16.4,11.9,166,106,6.1,940,68.0,233000,5.91,-0.49,3300000,18.4,435
RENT001885,2021-10-01,2021,10,Q4,Abu Dhabi,Abu Dhabi,Khalifa City,Apartment,1BR,57000,56000,4800,3.3,0.1,4.77,4.23,76.6,23.4,12.6,129,483,5.9,210,62.6,48000,4.88,-0.11,1200000,21.0,179
RENT001886,2021-10-01,2021,10,Q4,Abu Dhabi,Abu Dhabi,Khalifa City,Villa,3BR,200000,204000,16700,3.3,2.8,4.16,3.05,72.1,27.9,15.3,62,568,5.0,1050,87.6,336000,3.74,0.42,4800000,24.0,170
RENT001861,2021-10-01,2021,10,Q4,Dubai,Dubai,MBR City,Apartment,4BR,122000,114000,10200,3.3,1.3,6.17,5.23,76.4,23.6,22.3,225,984,5.1,510,68.8,128000,6.43,-0.26,2000000,16.2,267
RENT001862,2021-10-01,2021,10,Q4,Dubai,Dubai,MBR City,Villa,1BR,219000,218000,18200,3.3,-1.2,5.18,4.53,73.5,26.5,10.2,187,276,6.9,970,74.2,263000,4.72,0.46,4250000,19.3,350
RENT001891,2021-10-01,2021,10,Q4,Abu Dhabi,Abu Dhabi,Masdar City,Apartment,2BR,53000,49000,4400,3.3,-1.1,4.97,4.23,74.4,25.6,13.3,102,769,7.2,220,57.8,46000,4.95,0.02,1050000,20.1,94
RENT001892,2021-10-01,2021,10,Q4,Abu Dhabi,Abu Dhabi,Masdar City,Villa,Studio,101000,106000,8400,3.3,-1.0,5.12,4.43,74.1,25.9,11.3,181,460,3.4,620,65.1,147000,4.75,0.37,1950000,19.5,114
RENT001873,2021-10-01,2021,10,Q4,Dubai,Dubai,Meydan,Apartment,3BR,85000,85000,7100,3.3,0.4,5.81,4.99,89.4,10.6,16.9,195,805,3.2,430,64.7,102000,6.27,-0.46,1450000,17.2,348
RENT001874,2021-10-01,2021,10,Q4,Dubai,Dubai,Meydan,Villa,1BR,238000,241000,19800,3.3,2.7,6.06,5.23,88.7,11.3,21.1,177,755,1.5,1260,66.4,305000,6.07,-0.01,3950000,16.5,523
RENT001897,2021-10-01,2021,10,Q4,Sharjah,Sharjah,Muwaileh,Apartment,2BR,35000,36000,2900,3.3,1.0,5.48,4.77,73.4,26.6,16.6,143,202,7.1,180,86.7,57000,5.16,0.32,650000,18.2,92
RENT001898,2021-10-01,2021,10,Q4,Sharjah,Sharjah,Muwaileh,Villa,1BR,78000,72000,6500,3.3,3.4,4.5,3.54,80.0,20.0,18.7,168,743,1.5,320,82.6,96000,4.66,-0.16,1750000,22.2,227
RENT001853,2021-10-01,2021,10,Q4,Dubai,Dubai,Palm Jumeirah,Apartment,3BR,164000,162000,13700,3.3,2.7,4.97,4.2,71.8,28.2,11.6,177,1103,15.6,720,80.5,212000,4.95,0.02,3300000,20.1,507
RENT001854,2021-10-01,2021,10,Q4,Dubai,Dubai,Palm Jumeirah,Villa,2BR,561000,524000,46800,3.3,-0.1,4.06,3.16,87.8,12.2,10.0,28,1189,7.5,2750,68.3,686000,4.56,-0.5,13850000,24.6,174
RENT001879,2021-10-01,2021,10,Q4,Abu Dhabi,Abu Dhabi,Saadiyat Island,Apartment,1BR,141000,143000,11800,3.3,-2.0,5.82,4.73,74.9,25.1,15.5,128,303,12.5,510,79.1,147000,5.69,0.13,2400000,17.2,67
RENT001880,2021-10-01,2021,10,Q4,Abu Dhabi,Abu Dhabi,Saadiyat Island,Villa,5BR+,283000,268000,23600,3.3,0.4,3.86,2.99,79.1,20.9,16.3,160,296,18.4,1240,70.8,320000,3.76,0.1,7350000,25.9,249
RENT001875,2021-10-01,2021,10,Q4,Dubai,Dubai,Sports City,Apartment,1BR,47000,44000,3900,3.3,2.9,5.18,4.01,83.7,16.3,23.8,24,703,4.7,220,78.5,63000,5.23,-0.05,900000,19.3,395
RENT001876,2021-10-01,2021,10,Q4,Dubai,Dubai,Sports City,Villa,1BR,151000,143000,12600,3.3,-2.3,3.91,3.28,84.4,15.6,13.3,188,799,1.1,700,78.5,201000,3.48,0.43,3850000,25.6,131
RENT001881,2021-10-01,2021,10,Q4,Abu Dhabi,Abu Dhabi,Yas Island,Apartment,2BR,78000,81000,6500,3.3,1.4,5.74,4.77,82.5,17.5,13.0,76,283,12.2,350,82.5,105000,5.52,0.22,1350000,17.4,331
RENT001882,2021-10-01,2021,10,Q4,Abu Dhabi,Abu Dhabi,Yas Island,Villa,1BR,244000,228000,20300,3.3,-0.8,5.12,4.09,82.5,17.5,20.6,85,303,13.8,1150,78.8,331000,5.44,-0.32,4750000,19.5,140
RENT001919,2021-11-01,2021,11,Q4,Dubai,Dubai,Al Furjan,Apartment,2BR,61000,63000,5100,3.3,3.2,5.11,4.37,75.4,24.6,17.4,116,723,4.2,360,63.3,83000,5.31,-0.2,1200000,19.6,340
RENT001920,2021-11-01,2021,11,Q4,Dubai,Dubai,Al Furjan,Villa,2BR,121000,117000,10100,3.3,2.0,6.2,5.34,73.5,26.5,14.4,129,1192,7.8,500,69.2,126000,5.76,0.44,1950000,16.1,165
RENT001959,2021-11-01,2021,11,Q4,Ras Al Khaimah,Ras Al Khaimah,Al Hamra Village,Apartment,2BR,56000,56000,4700,3.3,-0.1,5.16,4.12,73.7,26.3,17.1,248,1103,4.8,350,75.8,97000,5.29,-0.13,1100000,19.4,109
RENT001960,2021-11-01,2021,11,Q4,Ras Al Khaimah,Ras Al Khaimah,Al Hamra Village,Villa,3BR,185000,190000,15400,3.3,-2.1,4.2,3.22,83.6,16.4,21.6,152,1006,7.6,890,69.8,227000,4.56,-0.36,4400000,23.8,30
RENT001955,2021-11-01,2021,11,Q4,Sharjah,Sharjah,Al Khan,Apartment,Studio,40000,40000,3300,3.3,2.3,4.4,3.52,84.1,15.9,20.9,250,211,5.6,260,72.6,69000,3.99,0.41,900000,22.7,70
RENT001956,2021-11-01,2021,11,Q4,Sharjah,Sharjah,Al Khan,Villa,2BR,128000,129000,10700,3.3,1.2,4.79,3.67,74.9,25.1,22.4,128,1163,1.9,870,58.8,187000,4.84,-0.05,2650000,20.9,46
RENT001949,2021-11-01,2021,11,Q4,Sharjah,Sharjah,Al Majaz,Apartment,1BR,41000,41000,3400,3.3,2.8,5.6,4.79,77.6,22.4,13.6,68,1138,4.4,270,72.2,71000,5.45,0.15,750000,17.9,186
RENT001950,2021-11-01,2021,11,Q4,Sharjah,Sharjah,Al Majaz,Villa,3BR,138000,139000,11500,3.3,1.1,4.3,3.2,82.1,17.9,15.9,236,1081,6.6,550,60.2,121000,4.43,-0.13,3200000,23.2,122
RENT001951,2021-11-01,2021,11,Q4,Sharjah,Sharjah,Al Nahda,Apartment,1BR,36000,36000,3000,3.3,2.0,4.8,4.2,76.5,23.5,13.7,128,358,3.5,230,78.7,66000,4.61,0.19,750000,20.8,183
RENT001952,2021-11-01,2021,11,Q4,Sharjah,Sharjah,Al Nahda,Villa,Studio,101000,103000,8400,3.3,1.2,5.09,4.0,73.3,26.7,18.8,76,436,4.8,610,76.7,171000,5.35,-0.26,2000000,19.6,42
RENT001939,2021-11-01,2021,11,Q4,Abu Dhabi,Abu Dhabi,Al Raha Beach,Apartment,1BR,83000,81000,6900,3.3,-2.3,5.7,4.78,87.2,12.8,16.8,143,345,3.5,490,55.7,100000,5.38,0.32,1450000,17.5,234
RENT001940,2021-11-01,2021,11,Q4,Abu Dhabi,Abu Dhabi,Al Raha Beach,Villa,1BR,245000,233000,20400,3.3,-1.9,4.46,3.75,84.9,15.1,23.2,105,656,7.6,1090,86.0,342000,4.42,0.04,5500000,22.4,258
RENT001945,2021-11-01,2021,11,Q4,Abu Dhabi,Abu Dhabi,Al Reef,Apartment,Studio,61000,62000,5100,3.3,-0.7,4.42,3.91,88.8,11.2,23.6,137,709,3.0,250,58.8,54000,4.83,-0.41,1400000,22.6,336
RENT001946,2021-11-01,2021,11,Q4,Abu Dhabi,Abu Dhabi,Al Reef,Villa,1BR,154000,157000,12800,3.3,1.2,5.61,4.73,70.3,29.7,12.8,67,800,6.6,740,84.3,228000,5.86,-0.25,2750000,17.8,119
RENT001933,2021-11-01,2021,11,Q4,Abu Dhabi,Abu Dhabi,Al Reem Island,Apartment,2BR,67000,67000,5600,3.3,2.3,3.98,3.03,79.7,20.3,12.3,214,460,3.6,460,84.8,142000,3.6,0.38,1700000,25.2,253
RENT001934,2021-11-01,2021,11,Q4,Abu Dhabi,Abu Dhabi,Al Reem Island,Villa,3BR,161000,161000,13400,3.3,3.0,4.13,3.14,73.2,26.8,22.8,21,530,1.9,610,57.5,128000,4.01,0.12,3900000,24.2,256
RENT001957,2021-11-01,2021,11,Q4,Sharjah,Sharjah,Al Taawun,Apartment,2BR,35000,33000,2900,3.3,-1.6,4.14,3.48,70.4,29.6,10.6,199,783,7.5,250,75.6,69000,3.65,0.49,850000,24.1,79
RENT001958,2021-11-01,2021,11,Q4,Sharjah,Sharjah,Al Taawun,Villa,Studio,83000,84000,6900,3.3,3.3,4.7,3.87,78.0,22.0,13.6,46,393,3.6,590,74.2,160000,4.21,0.49,1750000,21.3,176
RENT001913,2021-11-01,2021,11,Q4,Dubai,Dubai,Business Bay,Apartment,1BR,84000,78000,7000,3.3,3.4,4.26,3.69,82.8,17.2,15.1,145,356,6.1,550,57.9,116000,3.77,0.49,1950000,23.5,235
RENT001914,2021-11-01,2021,11,Q4,Dubai,Dubai,Business Bay,Villa,2BR,291000,287000,24200,3.3,-2.0,5.81,5.23,83.5,16.5,15.2,126,582,5.3,1430,69.4,362000,5.73,0.08,5000000,17.2,275
RENT001943,2021-11-01,2021,11,Q4,Abu Dhabi,Abu Dhabi,Corniche,Apartment,5BR+,96000,91000,8000,3.3,0.4,4.47,3.57,82.2,17.8,18.3,187,129,3.7,610,72.4,161000,4.78,-0.31,2150000,22.4,197
RENT001944,2021-11-01,2021,11,Q4,Abu Dhabi,Abu Dhabi,Corniche,Villa,Studio,256000,261000,21300,3.3,2.2,4.09,3.5,86.3,13.7,22.8,238,1078,4.7,1450,60.5,320000,4.51,-0.42,6250000,24.4,261
RENT001923,2021-11-01,2021,11,Q4,Dubai,Dubai,Creek Harbour,Apartment,2BR,83000,87000,6900,3.3,-0.9,4.29,3.42,87.4,12.6,21.3,200,124,3.9,390,81.2,116000,4.77,-0.48,1950000,23.3,143
RENT001924,2021-11-01,2021,11,Q4,Dubai,Dubai,Creek Harbour,Villa,3BR,253000,237000,21100,3.3,-0.4,5.95,4.92,80.5,19.5,12.1,136,397,3.5,1670,71.7,437000,6.24,-0.29,4250000,16.8,351
RENT001925,2021-11-01,2021,11,Q4,Dubai,Dubai,DAMAC Hills,Apartment,1BR,75000,76000,6200,3.3,2.1,3.92,3.15,78.3,21.7,18.0,245,597,3.7,520,69.0,131000,3.89,0.03,1900000,25.5,123
RENT001926,2021-11-01,2021,11,Q4,Dubai,Dubai,DAMAC Hills,Villa,2BR,259000,242000,21600,3.3,-1.9,4.06,2.98,73.4,26.6,12.2,248,150,7.6,1230,62.6,281000,4.52,-0.46,6400000,24.7,184
RENT001905,2021-11-01,2021,11,Q4,Dubai,Dubai,Downtown Dubai,Apartment,1BR,104000,100000,8700,3.3,-1.5,4.44,3.26,71.2,28.8,10.1,196,1192,6.0,530,76.2,147000,4.82,-0.38,2350000,22.5,588
RENT001906,2021-11-01,2021,11,Q4,Dubai,Dubai,Downtown Dubai,Villa,1BR,321000,304000,26800,3.3,-2.2,4.28,3.35,80.0,20.0,12.7,170,621,6.7,1900,78.3,543000,4.29,-0.01,7500000,23.4,334
RENT001911,2021-11-01,2021,11,Q4,Dubai,Dubai,Dubai Hills Estate,Apartment,3BR,118000,109000,9800,3.3,1.7,5.55,4.89,82.1,17.9,13.6,155,546,7.1,610,81.7,182000,5.87,-0.32,2150000,18.0,549
RENT001912,2021-11-01,2021,11,Q4,Dubai,Dubai,Dubai Hills Estate,Villa,5BR+,219000,221000,18200,3.3,-1.0,5.95,5.0,79.2,20.8,22.6,199,329,6.4,1130,56.6,233000,5.52,0.43,3700000,16.8,334
RENT001907,2021-11-01,2021,11,Q4,Dubai,Dubai,Dubai Marina,Apartment,3BR,88000,85000,7300,3.3,-1.9,5.08,4.0,83.8,16.2,14.8,215,792,12.5,410,75.5,113000,4.86,0.22,1750000,19.7,285
RENT001908,2021-11-01,2021,11,Q4,Dubai,Dubai,Dubai Marina,Villa,1BR,165000,161000,13800,3.3,-1.0,4.19,3.64,83.2,16.8,22.1,143,690,10.8,780,71.4,203000,4.44,-0.25,3950000,23.9,565
RENT001927,2021-11-01,2021,11,Q4,Dubai,Dubai,Dubai South,Apartment,4BR,53000,55000,4400,3.3,-1.0,3.88,2.94,76.3,23.7,16.3,175,322,4.2,380,81.5,113000,3.47,0.41,1350000,25.7,285
RENT001928,2021-11-01,2021,11,Q4,Dubai,Dubai,Dubai South,Villa,2BR,108000,112000,9000,3.3,0.5,3.88,3.12,72.2,27.8,11.3,41,1129,3.5,590,62.2,134000,3.99,-0.11,2800000,25.8,186
RENT001921,2021-11-01,2021,11,Q4,Dubai,Dubai,JBR,Apartment,1BR,90000,85000,7500,3.3,-0.8,3.85,3.03,84.6,15.4,18.1,218,516,16.6,490,74.0,132000,3.4,0.45,2350000,26.0,130
RENT001922,2021-11-01,2021,11,Q4,Dubai,Dubai,JBR,Villa,2BR,254000,247000,21200,3.3,-1.9,4.6,3.6,76.0,24.0,16.4,119,927,16.5,960,76.8,269000,4.89,-0.29,5500000,21.7,171
RENT001915,2021-11-01,2021,11,Q4,Dubai,Dubai,JVC,Apartment,1BR,55000,53000,4600,3.3,-0.7,4.02,3.28,70.7,29.3,17.1,147,190,5.8,400,84.7,124000,4.35,-0.33,1350000,24.9,297
RENT001916,2021-11-01,2021,11,Q4,Dubai,Dubai,JVC,Villa,3BR,113000,117000,9400,3.3,3.3,4.14,3.14,71.5,28.5,11.6,173,800,2.1,620,86.9,197000,3.89,0.25,2750000,24.2,94
RENT001941,2021-11-01,2021,11,Q4,Abu Dhabi,Abu Dhabi,Khalifa City,Apartment,1BR,60000,59000,5000,3.3,-1.5,4.63,4.03,82.8,17.2,13.9,198,988,6.5,230,58.2,49000,4.36,0.27,1300000,21.6,185
RENT001942,2021-11-01,2021,11,Q4,Abu Dhabi,Abu Dhabi,Khalifa City,Villa,3BR,210000,198000,17500,3.3,3.1,4.87,4.06,70.4,29.6,16.0,124,994,7.2,1240,78.8,357000,4.94,-0.07,4300000,20.5,251
RENT001917,2021-11-01,2021,11,Q4,Dubai,Dubai,MBR City,Apartment,2BR,116000,112000,9700,3.3,2.7,4.74,3.86,70.5,29.5,18.2,35,468,8.0,540,66.9,132000,4.27,0.47,2450000,21.1,397
RENT001918,2021-11-01,2021,11,Q4,Dubai,Dubai,MBR City,Villa,1BR,394000,384000,32800,3.3,2.5,4.53,3.53,86.4,13.6,21.0,49,792,7.0,1810,64.4,425000,4.78,-0.25,8700000,22.1,202
RENT001947,2021-11-01,2021,11,Q4,Abu Dhabi,Abu Dhabi,Masdar City,Apartment,1BR,50000,48000,4200,3.3,2.0,3.96,3.44,76.8,23.2,20.7,216,656,1.7,290,59.4,63000,3.53,0.43,1250000,25.3,218
RENT001948,2021-11-01,2021,11,Q4,Abu Dhabi,Abu Dhabi,Masdar City,Villa,3BR,124000,130000,10300,3.3,0.5,5.01,4.27,77.9,22.1,12.9,192,813,6.7,780,64.6,184000,4.59,0.42,2500000,20.0,305
RENT001929,2021-11-01,2021,11,Q4,Dubai,Dubai,Meydan,Apartment,1BR,84000,77000,7000,3.3,2.8,4.44,3.27,87.1,12.9,21.3,128,548,2.4,430,75.0,118000,4.53,-0.09,1900000,22.5,287
RENT001930,2021-11-01,2021,11,Q4,Dubai,Dubai,Meydan,Villa,4BR,212000,199000,17700,3.3,1.8,3.92,3.26,81.2,18.8,16.1,79,588,5.3,1110,66.5,269000,3.44,0.48,5400000,25.5,438
RENT001953,2021-11-01,2021,11,Q4,Sharjah,Sharjah,Muwaileh,Apartment,Studio,32000,30000,2700,3.3,1.2,4.36,3.56,73.4,26.6,14.4,212,189,5.5,120,56.5,25000,4.41,-0.05,750000,23.0,70
RENT001954,2021-11-01,2021,11,Q4,Sharjah,Sharjah,Muwaileh,Villa,1BR,111000,103000,9200,3.3,-2.2,4.6,4.0,82.0,18.0,18.7,29,653,3.3,720,81.4,214000,4.61,-0.01,2400000,21.7,216
RENT001909,2021-11-01,2021,11,Q4,Dubai,Dubai,Palm Jumeirah,Apartment,1BR,186000,192000,15500,3.3,2.0,6.0,5.06,72.9,27.1,16.2,75,60,11.6,1220,55.8,248000,6.04,-0.04,3100000,16.7,288
RENT001910,2021-11-01,2021,11,Q4,Dubai,Dubai,Palm Jumeirah,Villa,3BR,553000,568000,46100,3.3,-2.0,6.16,5.52,88.2,11.8,19.8,237,1055,5.0,3510,61.3,785000,5.77,0.39,9000000,16.2,509
RENT001935,2021-11-01,2021,11,Q4,Abu Dhabi,Abu Dhabi,Saadiyat Island,Apartment,Studio,143000,148000,11900,3.3,3.0,5.36,4.5,76.9,23.1,14.4,120,989,17.3,590,61.5,132000,5.79,-0.43,2650000,18.7,112
RENT001936,2021-11-01,2021,11,Q4,Abu Dhabi,Abu Dhabi,Saadiyat Island,Villa,3BR,355000,355000,29600,3.3,1.6,3.97,3.06,73.1,26.9,18.5,125,1084,14.9,1530,82.6,461000,4.22,-0.25,8950000,25.2,242
RENT001931,2021-11-01,2021,11,Q4,Dubai,Dubai,Sports City,Apartment,5BR+,51000,51000,4200,3.3,-0.3,5.37,4.2,79.5,20.5,18.9,239,499,6.2,280,67.7,69000,5.62,-0.25,950000,18.6,82
RENT001932,2021-11-01,2021,11,Q4,Dubai,Dubai,Sports City,Villa,1BR,149000,145000,12400,3.3,0.3,5.4,4.89,72.4,27.6,20.5,120,955,5.7,960,73.0,256000,5.38,0.02,2750000,18.5,297
RENT001937,2021-11-01,2021,11,Q4,Abu Dhabi,Abu Dhabi,Yas Island,Apartment,Studio,77000,79000,6400,3.3,-0.1,6.03,5.05,75.6,24.4,10.5,44,453,8.6,430,59.6,94000,5.93,0.1,1300000,16.6,53
RENT001938,2021-11-01,2021,11,Q4,Abu Dhabi,Abu Dhabi,Yas Island,Villa,3BR,179000,168000,14900,3.3,0.9,4.63,3.82,78.6,21.4,20.2,96,544,17.9,1200,68.4,300000,4.78,-0.15,3850000,21.6,189
RENT001975,2021-12-01,2021,12,Q4,Dubai,Dubai,Al Furjan,Apartment,1BR,66000,62000,5500,3.3,1.7,4.91,4.31,76.8,23.2,14.2,95,1034,1.1,300,80.5,88000,5.18,-0.27,1350000,20.4,198
RENT001976,2021-12-01,2021,12,Q4,Dubai,Dubai,Al Furjan,Villa,3BR,160000,161000,13300,3.3,0.8,6.17,5.01,79.9,20.1,13.9,144,95,7.8,640,86.3,202000,5.77,0.4,2600000,16.2,419
RENT002015,2021-12-01,2021,12,Q4,Ras Al Khaimah,Ras Al Khaimah,Al Hamra Village,Apartment,2BR,59000,61000,4900,3.3,-2.5,4.24,3.47,86.3,13.7,22.4,174,112,5.6,270,81.3,80000,4.23,0.01,1400000,23.6,84
RENT002016,2021-12-01,2021,12,Q4,Ras Al Khaimah,Ras Al Khaimah,Al Hamra Village,Villa,1BR,183000,172000,15200,3.3,3.4,3.99,3.28,77.6,22.4,10.3,229,598,5.3,730,67.6,180000,3.93,0.06,4600000,25.1,111
RENT002011,2021-12-01,2021,12,Q4,Sharjah,Sharjah,Al Khan,Apartment,1BR,41000,43000,3400,3.3,1.2,4.36,3.84,81.1,18.9,15.9,126,340,6.7,160,56.5,33000,4.13,0.23,950000,22.9,41
RENT002012,2021-12-01,2021,12,Q4,Sharjah,Sharjah,Al Khan,Villa,1BR,105000,108000,8800,3.3,-2.2,4.07,3.39,85.0,15.0,12.7,158,1076,1.3,610,68.6,153000,4.33,-0.26,2600000,24.6,39
RENT002005,2021-12-01,2021,12,Q4,Sharjah,Sharjah,Al Majaz,Apartment,1BR,45000,44000,3800,3.3,2.3,4.18,3.46,80.0,20.0,14.7,191,825,3.6,220,62.2,50000,4.21,-0.03,1100000,23.9,228
RENT002006,2021-12-01,2021,12,Q4,Sharjah,Sharjah,Al Majaz,Villa,3BR,114000,117000,9500,3.3,-1.8,5.82,4.83,75.8,24.2,15.1,224,178,3.4,600,67.0,147000,5.36,0.46,1950000,17.2,214
RENT002007,2021-12-01,2021,12,Q4,Sharjah,Sharjah,Al Nahda,Apartment,3BR,39000,39000,3200,3.3,2.7,6.05,4.99,79.9,20.1,20.8,102,1078,3.1,170,73.0,45000,6.25,-0.2,650000,16.5,120
RENT002008,2021-12-01,2021,12,Q4,Sharjah,Sharjah,Al Nahda,Villa,2BR,81000,83000,6800,3.3,1.6,4.43,3.68,82.6,17.4,20.6,243,202,3.8,430,69.5,109000,4.43,0.0,1850000,22.6,180
RENT001995,2021-12-01,2021,12,Q4,Abu Dhabi,Abu Dhabi,Al Raha Beach,Apartment,2BR,95000,89000,7900,3.3,2.8,5.5,4.69,72.4,27.6,23.6,100,110,4.9,690,75.0,189000,5.43,0.07,1750000,18.2,233
RENT001996,2021-12-01,2021,12,Q4,Abu Dhabi,Abu Dhabi,Al Raha Beach,Villa,5BR+,204000,190000,17000,3.3,-1.7,4.21,3.66,74.8,25.2,23.3,149,862,2.6,1420,78.5,407000,4.0,0.21,4850000,23.8,152
RENT002001,2021-12-01,2021,12,Q4,Abu Dhabi,Abu Dhabi,Al Reef,Apartment,3BR,60000,57000,5000,3.3,2.3,4.64,3.86,86.9,13.1,18.6,204,970,6.4,430,63.7,100000,4.15,0.49,1300000,21.6,51
RENT002002,2021-12-01,2021,12,Q4,Abu Dhabi,Abu Dhabi,Al Reef,Villa,1BR,186000,193000,15500,3.3,-2.3,5.0,4.24,89.9,10.1,17.7,41,1053,3.7,990,71.3,258000,4.55,0.45,3700000,20.0,281
RENT001989,2021-12-01,2021,12,Q4,Abu Dhabi,Abu Dhabi,Al Reem Island,Apartment,2BR,70000,72000,5800,3.3,-0.4,6.02,4.9,73.9,26.1,19.1,34,1100,6.0,250,81.0,74000,5.53,0.49,1150000,16.6,217
RENT001990,2021-12-01,2021,12,Q4,Abu Dhabi,Abu Dhabi,Al Reem Island,Villa,2BR,145000,152000,12100,3.3,-2.4,5.69,4.51,80.4,19.6,11.0,163,881,1.2,540,57.1,113000,6.01,-0.32,2550000,17.6,149
RENT002013,2021-12-01,2021,12,Q4,Sharjah,Sharjah,Al Taawun,Apartment,1BR,38000,35000,3200,3.3,-2.1,6.15,5.51,88.6,11.4,22.1,54,199,7.6,260,76.6,73000,5.74,0.41,600000,16.3,160
RENT002014,2021-12-01,2021,12,Q4,Sharjah,Sharjah,Al Taawun,Villa,2BR,112000,114000,9300,3.3,-0.7,5.6,4.91,75.7,24.3,13.3,40,308,1.2,620,65.6,148000,5.98,-0.38,2000000,17.9,128
RENT001969,2021-12-01,2021,12,Q4,Dubai,Dubai,Business Bay,Apartment,Studio,76000,78000,6300,3.3,1.2,4.61,3.94,85.4,14.6,15.4,204,171,6.7,490,78.6,141000,4.66,-0.05,1650000,21.7,488
RENT001970,2021-12-01,2021,12,Q4,Dubai,Dubai,Business Bay,Villa,2BR,153000,150000,12800,3.3,2.4,4.44,3.88,72.2,27.8,10.4,122,78,5.6,1100,87.1,350000,4.09,0.35,3450000,22.5,347
RENT001999,2021-12-01,2021,12,Q4,Abu Dhabi,Abu Dhabi,Corniche,Apartment,3BR,100000,105000,8300,3.3,-1.8,5.28,4.15,83.0,17.0,21.2,40,183,5.8,530,73.1,141000,5.17,0.11,1900000,19.0,123
RENT002000,2021-12-01,2021,12,Q4,Abu Dhabi,Abu Dhabi,Corniche,Villa,2BR,242000,223000,20200,3.3,2.4,3.9,3.17,88.1,11.9,21.9,50,1049,1.4,1140,59.7,248000,3.7,0.2,6200000,25.7,112
RENT001979,2021-12-01,2021,12,Q4,Dubai,Dubai,Creek Harbour,Apartment,Studio,84000,79000,7000,3.3,-1.4,3.87,3.25,72.8,27.2,19.8,222,249,6.4,310,68.7,78000,4.29,-0.42,2150000,25.8,268
RENT001980,2021-12-01,2021,12,Q4,Dubai,Dubai,Creek Harbour,Villa,Studio,216000,203000,18000,3.3,-0.8,4.22,3.4,81.2,18.8,18.1,39,845,3.4,1460,78.2,417000,4.58,-0.36,5100000,23.7,292
RENT001981,2021-12-01,2021,12,Q4,Dubai,Dubai,DAMAC Hills,Apartment,5BR+,82000,83000,6800,3.3,2.9,4.64,3.68,82.3,17.7,14.4,64,83,5.1,400,68.1,99000,4.64,0.0,1750000,21.6,466
RENT001982,2021-12-01,2021,12,Q4,Dubai,Dubai,DAMAC Hills,Villa,3BR,264000,244000,22000,3.3,-0.4,4.64,4.05,73.4,26.6,15.9,177,699,1.4,1600,71.0,415000,4.55,0.09,5700000,21.6,394
RENT001961,2021-12-01,2021,12,Q4,Dubai,Dubai,Downtown Dubai,Apartment,4BR,106000,108000,8800,3.3,-1.2,4.32,3.64,81.2,18.8,17.5,98,1165,9.3,700,77.6,198000,3.9,0.42,2450000,23.2,310
RENT001962,2021-12-01,2021,12,Q4,Dubai,Dubai,Downtown Dubai,Villa,1BR,237000,221000,19800,3.3,2.6,4.45,3.53,79.8,20.2,19.9,102,69,11.3,1230,57.1,256000,4.31,0.14,5350000,22.5,261
RENT001967,2021-12-01,2021,12,Q4,Dubai,Dubai,Dubai Hills Estate,Apartment,3BR,110000,110000,9200,3.3,3.2,5.6,4.81,87.4,12.6,11.8,65,877,6.6,440,66.9,107000,5.81,-0.21,1950000,17.9,192
RENT001968,2021-12-01,2021,12,Q4,Dubai,Dubai,Dubai Hills Estate,Villa,3BR,316000,321000,26300,3.3,-1.6,4.49,3.45,80.1,19.9,15.0,48,425,1.3,1910,67.6,471000,4.34,0.15,7050000,22.3,153
RENT001963,2021-12-01,2021,12,Q4,Dubai,Dubai,Dubai Marina,Apartment,Studio,97000,91000,8100,3.3,-0.4,4.41,3.51,76.5,23.5,19.7,87,965,18.7,390,76.5,109000,4.31,0.1,2200000,22.7,378
RENT001964,2021-12-01,2021,12,Q4,Dubai,Dubai,Dubai Marina,Villa,Studio,281000,284000,23400,3.3,-0.5,5.94,5.42,85.9,14.1,21.6,247,701,11.5,1490,71.0,386000,6.09,-0.15,4750000,16.8,314
RENT001983,2021-12-01,2021,12,Q4,Dubai,Dubai,Dubai South,Apartment,1BR,55000,58000,4600,3.3,1.0,5.61,4.83,76.8,23.2,10.9,38,936,5.2,370,70.7,95000,5.24,0.37,1000000,17.8,353
RENT001984,2021-12-01,2021,12,Q4,Dubai,Dubai,Dubai South,Villa,1BR,194000,186000,16200,3.3,3.0,4.88,3.75,80.4,19.6,14.8,57,691,2.7,1080,64.0,252000,4.5,0.38,4000000,20.5,343
RENT001977,2021-12-01,2021,12,Q4,Dubai,Dubai,JBR,Apartment,3BR,93000,89000,7800,3.3,1.2,4.07,3.02,70.0,30.0,17.1,64,112,16.9,610,67.9,151000,4.09,-0.02,2300000,24.6,290
RENT001978,2021-12-01,2021,12,Q4,Dubai,Dubai,JBR,Villa,Studio,247000,251000,20600,3.3,0.1,3.97,2.79,71.6,28.4,17.9,228,403,16.5,1650,75.6,455000,4.38,-0.41,6200000,25.2,519
RENT001971,2021-12-01,2021,12,Q4,Dubai,Dubai,JVC,Apartment,1BR,62000,63000,5200,3.3,2.9,5.3,4.2,74.2,25.8,23.7,183,1031,6.5,450,73.0,120000,5.43,-0.13,1150000,18.9,578
RENT001972,2021-12-01,2021,12,Q4,Dubai,Dubai,JVC,Villa,1BR,150000,153000,12500,3.3,-1.9,3.88,3.06,75.6,24.4,22.9,204,705,7.6,920,67.4,226000,3.7,0.18,3850000,25.8,223
RENT001997,2021-12-01,2021,12,Q4,Abu Dhabi,Abu Dhabi,Khalifa City,Apartment,3BR,64000,63000,5300,3.3,-1.1,4.22,3.26,89.7,10.3,20.8,22,1024,2.9,360,68.2,90000,4.37,-0.15,1500000,23.7,270
RENT001998,2021-12-01,2021,12,Q4,Abu Dhabi,Abu Dhabi,Khalifa City,Villa,3BR,119000,111000,9900,3.3,-1.1,4.16,2.98,76.7,23.3,18.7,47,251,1.7,520,70.8,134000,4.3,-0.14,2850000,24.0,202
RENT001973,2021-12-01,2021,12,Q4,Dubai,Dubai,MBR City,Apartment,1BR,124000,117000,10300,3.3,2.9,5.36,4.36,86.1,13.9,22.5,70,577,2.8,620,83.3,189000,5.59,-0.23,2300000,18.7,226
RENT001974,2021-12-01,2021,12,Q4,Dubai,Dubai,MBR City,Villa,2BR,366000,356000,30500,3.3,-1.1,5.18,4.03,71.4,28.6,21.9,52,1058,3.3,2410,61.5,541000,5.16,0.02,7050000,19.3,324
RENT002003,2021-12-01,2021,12,Q4,Abu Dhabi,Abu Dhabi,Masdar City,Apartment,2BR,56000,56000,4700,3.3,-0.9,3.9,2.97,84.5,15.5,16.8,36,543,2.7,210,63.2,48000,4.12,-0.22,1450000,25.6,205
RENT002004,2021-12-01,2021,12,Q4,Abu Dhabi,Abu Dhabi,Masdar City,Villa,1BR,172000,169000,14300,3.3,1.7,5.77,4.75,80.2,19.8,16.6,222,1045,7.5,1200,61.7,270000,6.05,-0.28,3000000,17.3,54
RENT001985,2021-12-01,2021,12,Q4,Dubai,Dubai,Meydan,Apartment,2BR,88000,90000,7300,3.3,0.4,4.97,4.19,75.9,24.1,20.7,176,448,2.6,350,72.6,93000,4.7,0.27,1750000,20.1,207
RENT001986,2021-12-01,2021,12,Q4,Dubai,Dubai,Meydan,Villa,3BR,229000,237000,19100,3.3,-2.0,5.03,4.33,83.9,16.1,23.8,90,279,7.5,1680,76.0,466000,5.25,-0.22,4550000,19.9,560
RENT002009,2021-12-01,2021,12,Q4,Sharjah,Sharjah,Muwaileh,Apartment,1BR,34000,34000,2800,3.3,-2.2,4.45,3.9,80.3,19.7,15.1,28,1079,6.0,190,58.5,41000,4.3,0.15,750000,22.5,104
RENT002010,2021-12-01,2021,12,Q4,Sharjah,Sharjah,Muwaileh,Villa,1BR,121000,122000,10100,3.3,-0.2,4.44,3.65,78.8,21.2,19.6,214,889,6.5,530,64.4,125000,4.48,-0.04,2700000,22.5,36
RENT001965,2021-12-01,2021,12,Q4,Dubai,Dubai,Palm Jumeirah,Apartment,3BR,189000,190000,15800,3.3,-0.1,5.56,4.42,84.7,15.3,11.3,41,274,16.7,1040,70.9,269000,5.9,-0.34,3400000,18.0,96
RENT001966,2021-12-01,2021,12,Q4,Dubai,Dubai,Palm Jumeirah,Villa,4BR,446000,451000,37200,3.3,1.8,4.04,2.93,81.3,18.7,18.2,72,1074,11.2,1960,65.6,469000,4.05,-0.01,11050000,24.7,537
RENT001991,2021-12-01,2021,12,Q4,Abu Dhabi,Abu Dhabi,Saadiyat Island,Apartment,1BR,152000,151000,12700,3.3,-0.2,4.39,3.71,75.4,24.6,10.2,170,350,16.0,1020,61.2,228000,4.1,0.29,3450000,22.8,288
RENT001992,2021-12-01,2021,12,Q4,Abu Dhabi,Abu Dhabi,Saadiyat Island,Villa,1BR,416000,392000,34700,3.3,-2.4,6.05,5.04,83.3,16.7,12.1,125,202,5.5,1560,62.7,357000,5.68,0.37,6900000,16.5,293
RENT001987,2021-12-01,2021,12,Q4,Dubai,Dubai,Sports City,Apartment,3BR,53000,55000,4400,3.3,0.9,6.13,5.1,70.5,29.5,20.0,93,753,3.6,210,76.4,59000,6.13,0.0,850000,16.3,540
RENT001988,2021-12-01,2021,12,Q4,Dubai,Dubai,Sports City,Villa,1BR,94000,91000,7800,3.3,1.2,5.03,4.08,79.1,20.9,22.0,101,1022,6.4,610,86.5,193000,5.25,-0.22,1850000,19.9,336
RENT001993,2021-12-01,2021,12,Q4,Abu Dhabi,Abu Dhabi,Yas Island,Apartment,3BR,76000,71000,6300,3.3,-1.3,5.74,4.71,75.8,24.2,21.1,62,1140,7.8,420,72.9,112000,5.63,0.11,1300000,17.4,297
RENT001994,2021-12-01,2021,12,Q4,Abu Dhabi,Abu Dhabi,Yas Island,Villa,3BR,195000,184000,16200,3.3,0.3,5.86,5.07,70.6,29.4,21.9,16,1179,17.5,1210,56.8,251000,6.03,-0.17,3350000,17.1,310
RENT002031,2022-01-01,2022,1,Q1,Dubai,Dubai,Al Furjan,Apartment,1BR,74000,74000,6200,13.7,-0.6,3.88,3.32,84.2,15.8,10.9,205,1135,6.2,370,73.4,99000,3.57,0.31,1900000,25.8,274
RENT002032,2022-01-01,2022,1,Q1,Dubai,Dubai,Al Furjan,Villa,2BR,170000,166000,14200,13.7,0.1,6.04,5.2,89.4,10.6,21.0,57,1063,5.1,770,70.5,198000,5.83,0.21,2800000,16.6,170
RENT002071,2022-01-01,2022,1,Q1,Ras Al Khaimah,Ras Al Khaimah,Al Hamra Village,Apartment,Studio,65000,68000,5400,13.7,-0.6,6.0,4.83,84.1,15.9,21.7,202,306,6.3,470,80.4,138000,6.29,-0.29,1100000,16.7,85
RENT002072,2022-01-01,2022,1,Q1,Ras Al Khaimah,Ras Al Khaimah,Al Hamra Village,Villa,1BR,163000,156000,13600,13.7,-2.4,4.37,3.29,80.0,20.0,19.0,240,298,2.1,800,64.4,188000,4.13,0.24,3750000,22.9,114
RENT002067,2022-01-01,2022,1,Q1,Sharjah,Sharjah,Al Khan,Apartment,1BR,51000,47000,4200,13.7,-2.3,5.4,4.86,93.6,6.4,21.2,37,725,6.7,290,64.3,68000,5.65,-0.25,950000,18.5,110
RENT002068,2022-01-01,2022,1,Q1,Sharjah,Sharjah,Al Khan,Villa,5BR+,159000,152000,13200,13.7,-2.2,4.45,3.8,87.1,12.9,20.0,26,784,5.4,710,80.5,209000,4.4,0.05,3550000,22.5,76
RENT002061,2022-01-01,2022,1,Q1,Sharjah,Sharjah,Al Majaz,Apartment,2BR,50000,48000,4200,13.7,-0.5,3.85,3.19,85.9,14.1,16.7,221,315,4.3,290,86.0,91000,3.37,0.48,1300000,26.0,76
RENT002062,2022-01-01,2022,1,Q1,Sharjah,Sharjah,Al Majaz,Villa,2BR,123000,128000,10200,13.7,-0.6,4.35,3.17,89.0,11.0,13.3,140,279,2.4,690,72.3,182000,4.41,-0.06,2800000,23.0,154
RENT002063,2022-01-01,2022,1,Q1,Sharjah,Sharjah,Al Nahda,Apartment,Studio,49000,48000,4100,13.7,3.1,4.17,3.3,89.2,10.8,21.8,223,904,6.5,200,72.1,53000,3.86,0.31,1150000,24.0,112
RENT002064,2022-01-01,2022,1,Q1,Sharjah,Sharjah,Al Nahda,Villa,3BR,163000,163000,13600,13.7,-2.1,4.38,3.77,79.4,20.6,13.8,221,1151,7.2,610,69.3,154000,4.88,-0.5,3700000,22.8,38
RENT002051,2022-01-01,2022,1,Q1,Abu Dhabi,Abu Dhabi,Al Raha Beach,Apartment,1BR,114000,106000,9500,13.7,3.2,3.91,2.91,95.4,4.6,12.2,169,1030,2.3,810,75.9,224000,3.8,0.11,2900000,25.6,98
RENT002052,2022-01-01,2022,1,Q1,Abu Dhabi,Abu Dhabi,Al Raha Beach,Villa,2BR,207000,201000,17200,13.7,-1.0,4.12,3.57,82.4,17.6,15.4,171,177,8.0,770,79.7,224000,3.92,0.2,5050000,24.3,188
RENT002057,2022-01-01,2022,1,Q1,Abu Dhabi,Abu Dhabi,Al Reef,Apartment,2BR,75000,72000,6200,13.7,-0.4,5.23,4.12,93.0,7.0,19.5,79,1153,4.4,400,80.9,118000,5.21,0.02,1450000,19.1,192
RENT002058,2022-01-01,2022,1,Q1,Abu Dhabi,Abu Dhabi,Al Reef,Villa,1BR,185000,194000,15400,13.7,-2.2,5.35,4.39,93.7,6.3,12.1,66,188,6.8,1210,81.2,359000,5.74,-0.39,3450000,18.7,291
RENT002045,2022-01-01,2022,1,Q1,Abu Dhabi,Abu Dhabi,Al Reem Island,Apartment,2BR,82000,77000,6800,13.7,3.3,4.53,3.57,92.7,7.3,10.1,40,198,1.9,490,79.4,142000,4.79,-0.26,1800000,22.1,122
RENT002046,2022-01-01,2022,1,Q1,Abu Dhabi,Abu Dhabi,Al Reem Island,Villa,2BR,271000,252000,22600,13.7,-0.2,5.23,4.04,85.2,14.8,13.8,177,177,6.6,1740,81.3,516000,4.8,0.43,5200000,19.1,249
RENT002069,2022-01-01,2022,1,Q1,Sharjah,Sharjah,Al Taawun,Apartment,4BR,43000,43000,3600,13.7,2.5,3.87,2.77,89.2,10.8,13.0,78,404,5.8,250,55.6,51000,3.57,0.3,1100000,25.9,172
RENT002070,2022-01-01,2022,1,Q1,Sharjah,Sharjah,Al Taawun,Villa,1BR,106000,98000,8800,13.7,1.1,4.78,3.89,83.9,16.1,19.7,76,718,2.9,730,76.7,204000,4.9,-0.12,2200000,20.9,130
RENT002025,2022-01-01,2022,1,Q1,Dubai,Dubai,Business Bay,Apartment,Studio,97000,90000,8100,13.7,0.3,5.38,4.49,88.2,11.8,12.5,232,621,3.8,410,69.5,104000,5.12,0.26,1800000,18.6,539
RENT002026,2022-01-01,2022,1,Q1,Dubai,Dubai,Business Bay,Villa,4BR,264000,264000,22000,13.7,2.4,4.44,3.41,90.7,9.3,16.6,184,806,6.6,1760,74.1,476000,4.3,0.14,5950000,22.5,433
RENT002055,2022-01-01,2022,1,Q1,Abu Dhabi,Abu Dhabi,Corniche,Apartment,5BR+,109000,103000,9100,13.7,-1.3,5.62,4.59,78.1,21.9,10.4,139,1153,2.9,430,68.2,107000,5.53,0.09,1950000,17.8,58
RENT002056,2022-01-01,2022,1,Q1,Abu Dhabi,Abu Dhabi,Corniche,Villa,3BR,360000,359000,30000,13.7,0.4,4.85,4.23,85.8,14.2,14.6,148,261,6.1,2570,69.8,655000,4.67,0.18,7400000,20.6,81
RENT002035,2022-01-01,2022,1,Q1,Dubai,Dubai,Creek Harbour,Apartment,2BR,101000,101000,8400,13.7,-2.3,4.27,3.75,85.4,14.6,20.4,151,288,6.0,720,58.5,154000,4.75,-0.48,2350000,23.4,494
RENT002036,2022-01-01,2022,1,Q1,Dubai,Dubai,Creek Harbour,Villa,5BR+,341000,337000,28400,13.7,2.4,4.66,3.74,84.3,15.7,13.0,19,716,1.4,1240,81.6,369000,4.41,0.25,7300000,21.5,282
RENT002037,2022-01-01,2022,1,Q1,Dubai,Dubai,DAMAC Hills,Apartment,1BR,95000,88000,7900,13.7,1.6,4.14,3.55,95.0,5.0,22.3,47,478,1.2,410,68.8,103000,4.2,-0.06,2300000,24.1,370
RENT002038,2022-01-01,2022,1,Q1,Dubai,Dubai,DAMAC Hills,Villa,1BR,257000,240000,21400,13.7,-2.0,4.28,3.21,85.5,14.5,20.3,58,1024,5.5,1030,80.9,304000,4.49,-0.21,6000000,23.4,282
RENT002017,2022-01-01,2022,1,Q1,Dubai,Dubai,Downtown Dubai,Apartment,Studio,128000,134000,10700,13.7,-1.0,4.87,3.72,96.9,3.1,19.0,76,613,10.2,610,76.1,169000,4.85,0.02,2650000,20.5,373
RENT002018,2022-01-01,2022,1,Q1,Dubai,Dubai,Downtown Dubai,Villa,2BR,455000,423000,37900,13.7,-1.3,4.29,3.14,87.2,12.8,16.1,30,780,7.9,1670,69.4,423000,4.72,-0.43,10600000,23.3,245
RENT002023,2022-01-01,2022,1,Q1,Dubai,Dubai,Dubai Hills Estate,Apartment,1BR,143000,148000,11900,13.7,0.6,4.32,3.23,83.2,16.8,18.6,151,687,4.5,820,82.0,245000,3.9,0.42,3300000,23.2,353
RENT002024,2022-01-01,2022,1,Q1,Dubai,Dubai,Dubai Hills Estate,Villa,Studio,322000,321000,26800,13.7,1.7,4.56,3.53,94.3,5.7,23.5,15,1182,5.1,1540,74.3,418000,4.51,0.05,7050000,21.9,88
RENT002019,2022-01-01,2022,1,Q1,Dubai,Dubai,Dubai Marina,Apartment,2BR,110000,112000,9200,13.7,-2.1,4.16,3.58,90.4,9.6,21.5,27,681,18.1,540,66.6,131000,4.51,-0.35,2650000,24.0,197
RENT002020,2022-01-01,2022,1,Q1,Dubai,Dubai,Dubai Marina,Villa,2BR,222000,228000,18500,13.7,-1.2,5.53,4.65,94.7,5.3,10.0,137,337,7.4,1070,66.3,259000,5.99,-0.46,4000000,18.1,148
RENT002039,2022-01-01,2022,1,Q1,Dubai,Dubai,Dubai South,Apartment,5BR+,63000,65000,5200,13.7,2.3,5.11,4.46,93.0,7.0,10.0,239,1079,2.0,320,56.8,66000,4.83,0.28,1250000,19.6,322
RENT002040,2022-01-01,2022,1,Q1,Dubai,Dubai,Dubai South,Villa,Studio,210000,212000,17500,13.7,-0.6,3.99,3.01,87.7,12.3,19.0,169,432,2.0,1180,56.4,243000,3.51,0.48,5250000,25.0,196
RENT002033,2022-01-01,2022,1,Q1,Dubai,Dubai,JBR,Apartment,3BR,119000,112000,9900,13.7,0.3,4.2,3.52,96.8,3.2,11.8,50,848,16.9,650,82.0,195000,4.05,0.15,2850000,23.8,324
RENT002034,2022-01-01,2022,1,Q1,Dubai,Dubai,JBR,Villa,Studio,371000,353000,30900,13.7,0.1,4.17,3.58,80.5,19.5,13.1,206,1132,5.8,2390,61.7,538000,4.64,-0.47,8900000,24.0,558
RENT002027,2022-01-01,2022,1,Q1,Dubai,Dubai,JVC,Apartment,Studio,66000,64000,5500,13.7,3.2,5.31,4.79,96.7,3.3,19.4,210,946,7.0,440,59.6,96000,4.88,0.43,1250000,18.8,372
RENT002028,2022-01-01,2022,1,Q1,Dubai,Dubai,JVC,Villa,2BR,158000,165000,13200,13.7,-1.3,5.3,4.52,87.9,12.1,18.2,203,86,1.7,850,70.9,220000,5.6,-0.3,3000000,18.9,436
RENT002053,2022-01-01,2022,1,Q1,Abu Dhabi,Abu Dhabi,Khalifa City,Apartment,1BR,73000,68000,6100,13.7,-1.7,5.27,4.28,91.5,8.5,15.9,120,183,5.1,440,81.0,130000,5.05,0.22,1400000,19.0,88
RENT002054,2022-01-01,2022,1,Q1,Abu Dhabi,Abu Dhabi,Khalifa City,Villa,3BR,210000,220000,17500,13.7,-1.0,4.12,3.06,78.0,22.0,14.5,134,638,1.7,1210,65.3,288000,4.21,-0.09,5100000,24.3,90
RENT002029,2022-01-01,2022,1,Q1,Dubai,Dubai,MBR City,Apartment,2BR,140000,144000,11700,13.7,2.8,4.16,3.13,83.3,16.7,15.4,235,666,5.2,570,85.6,178000,4.34,-0.18,3350000,24.0,570
RENT002030,2022-01-01,2022,1,Q1,Dubai,Dubai,MBR City,Villa,Studio,518000,516000,43200,13.7,0.1,5.65,4.94,87.2,12.8,13.7,82,247,1.1,2110,64.2,494000,5.38,0.27,9150000,17.7,530
RENT002059,2022-01-01,2022,1,Q1,Abu Dhabi,Abu Dhabi,Masdar City,Apartment,Studio,61000,58000,5100,13.7,2.9,4.66,4.07,92.2,7.8,20.9,138,682,5.0,360,76.5,101000,4.71,-0.05,1300000,21.5,349
RENT002060,2022-01-01,2022,1,Q1,Abu Dhabi,Abu Dhabi,Masdar City,Villa,5BR+,221000,222000,18400,13.7,2.7,4.2,3.38,94.1,5.9,15.0,64,859,1.5,1200,76.4,335000,4.47,-0.27,5250000,23.8,132
RENT002041,2022-01-01,2022,1,Q1,Dubai,Dubai,Meydan,Apartment,2BR,110000,108000,9200,13.7,0.5,4.69,4.13,88.0,12.0,13.5,164,700,7.1,740,58.0,157000,4.33,0.36,2350000,21.3,232
RENT002042,2022-01-01,2022,1,Q1,Dubai,Dubai,Meydan,Villa,1BR,203000,202000,16900,13.7,-1.8,5.78,5.14,87.0,13.0,18.7,39,1034,7.1,1230,71.1,319000,6.03,-0.25,3500000,17.3,241
RENT002065,2022-01-01,2022,1,Q1,Sharjah,Sharjah,Muwaileh,Apartment,4BR,38000,39000,3200,13.7,-0.1,4.99,4.21,82.1,17.9,11.1,235,359,5.4,220,76.4,61000,5.43,-0.44,750000,20.0,236
RENT002066,2022-01-01,2022,1,Q1,Sharjah,Sharjah,Muwaileh,Villa,2BR,115000,116000,9600,13.7,1.0,3.87,2.88,85.8,14.2,11.6,183,1080,1.8,690,83.3,210000,3.65,0.22,2950000,25.8,51
RENT002021,2022-01-01,2022,1,Q1,Dubai,Dubai,Palm Jumeirah,Apartment,2BR,232000,233000,19300,13.7,1.6,5.86,5.12,91.2,8.8,22.1,62,234,9.2,1510,59.8,330000,5.64,0.22,3950000,17.1,84
RENT002022,2022-01-01,2022,1,Q1,Dubai,Dubai,Palm Jumeirah,Villa,1BR,577000,603000,48100,13.7,2.0,5.05,3.94,85.3,14.7,18.8,79,1016,8.4,2530,76.5,706000,4.81,0.24,11450000,19.8,431
RENT002047,2022-01-01,2022,1,Q1,Abu Dhabi,Abu Dhabi,Saadiyat Island,Apartment,Studio,170000,163000,14200,13.7,-0.9,4.52,3.96,87.8,12.2,17.0,78,259,17.6,1010,72.8,268000,4.07,0.45,3750000,22.1,257
RENT002048,2022-01-01,2022,1,Q1,Abu Dhabi,Abu Dhabi,Saadiyat Island,Villa,2BR,379000,379000,31600,13.7,3.3,4.09,2.92,82.1,17.9,12.4,127,777,10.9,1490,68.3,371000,4.46,-0.37,9250000,24.4,118
RENT002043,2022-01-01,2022,1,Q1,Dubai,Dubai,Sports City,Apartment,3BR,63000,64000,5200,13.7,2.7,4.07,2.95,85.2,14.8,12.2,112,636,4.5,400,63.4,93000,4.3,-0.23,1550000,24.6,487
RENT002044,2022-01-01,2022,1,Q1,Dubai,Dubai,Sports City,Villa,4BR,144000,142000,12000,13.7,3.4,4.71,3.6,86.2,13.8,18.5,143,1200,2.5,900,83.4,274000,4.49,0.22,3050000,21.2,223
RENT002049,2022-01-01,2022,1,Q1,Abu Dhabi,Abu Dhabi,Yas Island,Apartment,2BR,101000,102000,8400,13.7,1.2,4.87,3.75,96.4,3.6,21.9,99,496,12.8,480,55.9,98000,5.21,-0.34,2050000,20.5,177
RENT002050,2022-01-01,2022,1,Q1,Abu Dhabi,Abu Dhabi,Yas Island,Villa,Studio,311000,314000,25900,13.7,3.2,4.65,3.54,81.1,18.9,11.8,74,1195,12.7,1560,79.7,454000,4.98,-0.33,6700000,21.5,194
RENT002087,2022-02-01,2022,2,Q1,Dubai,Dubai,Al Furjan,Apartment,1BR,87000,86000,7200,13.7,-2.3,5.89,5.35,83.6,16.4,15.6,128,219,1.7,440,78.2,126000,5.95,-0.06,1500000,17.0,316
RENT002088,2022-02-01,2022,2,Q1,Dubai,Dubai,Al Furjan,Villa,Studio,218000,229000,18200,13.7,1.3,4.53,3.92,89.8,10.2,21.0,240,955,7.3,940,75.4,259000,4.24,0.29,4800000,22.1,337
RENT002127,2022-02-01,2022,2,Q1,Ras Al Khaimah,Ras Al Khaimah,Al Hamra Village,Apartment,3BR,67000,62000,5600,13.7,2.3,4.48,3.87,81.5,18.5,18.6,95,844,1.4,300,80.5,88000,4.31,0.17,1500000,22.3,66
RENT002128,2022-02-01,2022,2,Q1,Ras Al Khaimah,Ras Al Khaimah,Al Hamra Village,Villa,Studio,188000,189000,15700,13.7,3.4,6.11,5.25,92.2,7.8,15.6,47,344,5.7,930,79.1,269000,6.0,0.11,3050000,16.4,54
RENT002123,2022-02-01,2022,2,Q1,Sharjah,Sharjah,Al Khan,Apartment,2BR,49000,45000,4100,13.7,-1.0,4.96,3.92,91.5,8.5,16.1,209,465,1.5,360,80.9,106000,5.37,-0.41,1000000,20.2,94
RENT002124,2022-02-01,2022,2,Q1,Sharjah,Sharjah,Al Khan,Villa,3BR,149000,141000,12400,13.7,2.6,5.32,4.77,82.9,17.1,15.7,65,316,6.1,650,78.3,186000,5.74,-0.42,2800000,18.8,213
RENT002117,2022-02-01,2022,2,Q1,Sharjah,Sharjah,Al Majaz,Apartment,3BR,55000,54000,4600,13.7,1.1,4.7,3.73,94.0,6.0,19.2,54,555,3.8,270,66.9,66000,4.85,-0.15,1150000,21.3,117
RENT002118,2022-02-01,2022,2,Q1,Sharjah,Sharjah,Al Majaz,Villa,2BR,126000,130000,10500,13.7,-1.2,4.79,4.02,93.0,7.0,14.5,112,432,4.7,800,76.3,223000,4.55,0.24,2650000,20.9,61
RENT002119,2022-02-01,2022,2,Q1,Sharjah,Sharjah,Al Nahda,Apartment,3BR,49000,49000,4100,13.7,1.1,4.19,3.03,89.0,11.0,15.1,240,495,1.6,290,63.9,68000,4.56,-0.37,1150000,23.9,128
RENT002120,2022-02-01,2022,2,Q1,Sharjah,Sharjah,Al Nahda,Villa,2BR,128000,122000,10700,13.7,2.1,4.58,3.82,90.7,9.3,13.4,228,865,1.7,680,82.9,206000,4.39,0.19,2800000,21.8,115
RENT002107,2022-02-01,2022,2,Q1,Abu Dhabi,Abu Dhabi,Al Raha Beach,Apartment,1BR,111000,110000,9200,13.7,0.5,5.58,4.98,91.7,8.3,22.4,55,290,7.4,520,73.8,140000,5.28,0.3,2000000,17.9,336
RENT002108,2022-02-01,2022,2,Q1,Abu Dhabi,Abu Dhabi,Al Raha Beach,Villa,4BR,385000,361000,32100,13.7,2.4,4.74,3.65,92.0,8.0,12.9,249,433,3.3,2750,59.9,601000,5.12,-0.38,8100000,21.1,246
RENT002113,2022-02-01,2022,2,Q1,Abu Dhabi,Abu Dhabi,Al Reef,Apartment,Studio,77000,73000,6400,13.7,1.6,5.8,4.61,81.3,18.7,22.0,23,526,4.1,450,65.2,107000,6.07,-0.27,1350000,17.2,288
RENT002114,2022-02-01,2022,2,Q1,Abu Dhabi,Abu Dhabi,Al Reef,Villa,4BR,194000,193000,16200,13.7,-0.2,5.44,4.24,87.6,12.4,13.5,88,934,6.3,1350,57.2,282000,5.06,0.38,3550000,18.4,275
RENT002101,2022-02-01,2022,2,Q1,Abu Dhabi,Abu Dhabi,Al Reem Island,Apartment,5BR+,81000,75000,6800,13.7,-0.0,4.1,3.01,79.3,20.7,20.4,123,537,1.1,420,69.5,107000,4.5,-0.4,2000000,24.4,313
RENT002102,2022-02-01,2022,2,Q1,Abu Dhabi,Abu Dhabi,Al Reem Island,Villa,3BR,279000,284000,23200,13.7,-2.3,5.88,4.85,96.2,3.8,18.8,41,204,6.8,1870,68.6,468000,6.25,-0.37,4750000,17.0,288
RENT002125,2022-02-01,2022,2,Q1,Sharjah,Sharjah,Al Taawun,Apartment,3BR,44000,41000,3700,13.7,3.3,4.79,4.14,78.0,22.0,22.5,119,444,7.8,230,71.1,60000,4.3,0.49,900000,20.9,199
RENT002126,2022-02-01,2022,2,Q1,Sharjah,Sharjah,Al Taawun,Villa,2BR,138000,128000,11500,13.7,-1.1,4.75,3.99,78.8,21.2,18.3,95,1185,5.6,880,67.6,217000,4.38,0.37,2900000,21.1,144
RENT002081,2022-02-01,2022,2,Q1,Dubai,Dubai,Business Bay,Apartment,2BR,99000,92000,8200,13.7,-0.0,4.85,4.25,95.8,4.2,11.5,136,385,7.9,480,59.3,104000,5.33,-0.48,2050000,20.6,265
RENT002082,2022-02-01,2022,2,Q1,Dubai,Dubai,Business Bay,Villa,1BR,359000,353000,29900,13.7,-1.9,4.96,3.82,96.3,3.7,23.2,184,666,7.1,2320,74.1,627000,5.24,-0.28,7250000,20.2,397
RENT002111,2022-02-01,2022,2,Q1,Abu Dhabi,Abu Dhabi,Corniche,Apartment,Studio,133000,129000,11100,13.7,-1.0,4.56,3.56,82.3,17.7,17.0,103,219,5.6,910,72.4,240000,4.18,0.38,2900000,21.9,328
RENT002112,2022-02-01,2022,2,Q1,Abu Dhabi,Abu Dhabi,Corniche,Villa,3BR,222000,210000,18500,13.7,-0.1,5.8,4.74,93.2,6.8,11.2,87,366,1.7,880,75.6,243000,6.1,-0.3,3850000,17.2,307
RENT002091,2022-02-01,2022,2,Q1,Dubai,Dubai,Creek Harbour,Apartment,3BR,121000,119000,10100,13.7,3.3,5.31,4.74,91.2,8.8,21.8,78,731,6.0,800,66.6,194000,5.76,-0.45,2300000,18.8,332
RENT002092,2022-02-01,2022,2,Q1,Dubai,Dubai,Creek Harbour,Villa,1BR,296000,308000,24700,13.7,2.8,4.86,3.84,88.2,11.8,15.3,152,782,6.8,1260,73.6,338000,5.11,-0.25,6100000,20.6,398
RENT002093,2022-02-01,2022,2,Q1,Dubai,Dubai,DAMAC Hills,Apartment,2BR,94000,91000,7800,13.7,0.5,4.45,3.94,93.8,6.2,15.8,53,706,3.6,590,55.7,120000,4.81,-0.36,2100000,22.5,550
RENT002094,2022-02-01,2022,2,Q1,Dubai,Dubai,DAMAC Hills,Villa,2BR,229000,227000,19100,13.7,-2.0,4.18,3.44,84.8,15.2,17.2,83,524,1.8,910,59.0,196000,4.61,-0.43,5500000,23.9,273
RENT002073,2022-02-01,2022,2,Q1,Dubai,Dubai,Downtown Dubai,Apartment,2BR,134000,131000,11200,13.7,2.8,4.01,3.1,82.9,17.1,18.3,125,646,19.3,610,56.7,126000,3.53,0.48,3350000,24.9,576
RENT002074,2022-02-01,2022,2,Q1,Dubai,Dubai,Downtown Dubai,Villa,Studio,400000,377000,33300,13.7,-1.2,4.51,3.5,81.9,18.1,12.7,154,599,8.5,2160,60.8,479000,4.28,0.23,8850000,22.2,386
RENT002079,2022-02-01,2022,2,Q1,Dubai,Dubai,Dubai Hills Estate,Apartment,2BR,138000,134000,11500,13.7,1.5,5.89,5.27,90.0,10.0,23.0,49,139,3.2,750,74.0,203000,5.48,0.41,2350000,17.0,504
RENT002080,2022-02-01,2022,2,Q1,Dubai,Dubai,Dubai Hills Estate,Villa,1BR,262000,247000,21800,13.7,-0.5,3.85,2.73,90.2,9.8,15.1,250,154,2.2,1940,82.9,587000,4.32,-0.47,6800000,26.0,566
RENT002075,2022-02-01,2022,2,Q1,Dubai,Dubai,Dubai Marina,Apartment,Studio,111000,110000,9200,13.7,0.3,5.34,4.42,92.0,8.0,23.3,204,268,11.2,530,68.8,133000,5.81,-0.47,2100000,18.7,488
RENT002076,2022-02-01,2022,2,Q1,Dubai,Dubai,Dubai Marina,Villa,2BR,274000,272000,22800,13.7,-0.9,4.02,3.34,92.3,7.7,11.6,20,491,17.9,1620,66.6,394000,4.44,-0.42,6800000,24.9,484
RENT002095,2022-02-01,2022,2,Q1,Dubai,Dubai,Dubai South,Apartment,3BR,65000,64000,5400,13.7,3.0,4.8,3.91,80.9,19.1,15.8,249,1060,7.0,310,67.6,76000,4.46,0.34,1350000,20.8,358
RENT002096,2022-02-01,2022,2,Q1,Dubai,Dubai,Dubai South,Villa,2BR,226000,235000,18800,13.7,-0.3,5.91,5.18,84.4,15.6,10.2,174,1033,6.4,960,59.0,207000,6.01,-0.1,3850000,16.9,203
RENT002089,2022-02-01,2022,2,Q1,Dubai,Dubai,JBR,Apartment,5BR+,120000,118000,10000,13.7,3.1,3.96,2.93,82.1,17.9,19.9,10,447,15.1,710,78.6,204000,3.68,0.28,3050000,25.3,506
RENT002090,2022-02-01,2022,2,Q1,Dubai,Dubai,JBR,Villa,1BR,394000,402000,32800,13.7,3.3,3.91,3.02,80.9,19.1,15.5,159,1111,8.4,1710,70.8,442000,4.16,-0.25,10050000,25.6,581
RENT002083,2022-02-01,2022,2,Q1,Dubai,Dubai,JVC,Apartment,2BR,72000,72000,6000,13.7,1.4,5.05,4.31,91.5,8.5,20.9,228,480,1.9,300,82.1,90000,4.87,0.18,1450000,19.8,90
RENT002084,2022-02-01,2022,2,Q1,Dubai,Dubai,JVC,Villa,1BR,133000,129000,11100,13.7,2.0,5.66,4.79,78.6,21.4,10.4,208,275,5.7,530,82.3,159000,5.94,-0.28,2350000,17.7,84
RENT002109,2022-02-01,2022,2,Q1,Abu Dhabi,Abu Dhabi,Khalifa City,Apartment,4BR,80000,74000,6700,13.7,-1.6,3.91,3.08,93.9,6.1,10.2,14,310,6.0,390,64.2,91000,4.31,-0.4,2050000,25.6,214
RENT002110,2022-02-01,2022,2,Q1,Abu Dhabi,Abu Dhabi,Khalifa City,Villa,4BR,155000,145000,12900,13.7,0.2,5.48,4.29,93.7,6.3,19.6,119,982,2.4,1040,65.6,249000,5.16,0.32,2850000,18.2,223
RENT002085,2022-02-01,2022,2,Q1,Dubai,Dubai,MBR City,Apartment,4BR,159000,163000,13200,13.7,1.8,4.13,3.48,86.3,13.7,21.4,239,315,6.7,1020,82.4,307000,3.94,0.19,3850000,24.2,355
RENT002086,2022-02-01,2022,2,Q1,Dubai,Dubai,MBR City,Villa,Studio,457000,462000,38100,13.7,-0.9,4.27,3.52,94.7,5.3,10.5,75,849,3.4,2490,78.3,712000,4.33,-0.06,10700000,23.4,437
RENT002115,2022-02-01,2022,2,Q1,Abu Dhabi,Abu Dhabi,Masdar City,Apartment,2BR,70000,68000,5800,13.7,2.2,5.26,4.53,91.1,8.9,19.8,139,836,5.2,450,74.8,123000,5.35,-0.09,1350000,19.0,318
RENT002116,2022-02-01,2022,2,Q1,Abu Dhabi,Abu Dhabi,Masdar City,Villa,3BR,191000,192000,15900,13.7,0.1,6.02,5.14,92.0,8.0,14.4,86,224,3.6,1250,75.6,345000,5.87,0.15,3150000,16.6,81
RENT002097,2022-02-01,2022,2,Q1,Dubai,Dubai,Meydan,Apartment,1BR,106000,106000,8800,13.7,-0.1,4.09,2.96,89.5,10.5,17.7,108,144,6.0,510,81.3,151000,4.22,-0.13,2600000,24.5,262
RENT002098,2022-02-01,2022,2,Q1,Dubai,Dubai,Meydan,Villa,1BR,260000,265000,21700,13.7,0.1,5.16,4.32,88.9,11.1,19.5,125,404,2.9,1600,83.9,490000,4.94,0.22,5050000,19.4,276
RENT002121,2022-02-01,2022,2,Q1,Sharjah,Sharjah,Muwaileh,Apartment,Studio,42000,42000,3500,13.7,-0.1,4.27,3.17,85.2,14.8,21.3,236,696,5.5,270,82.2,81000,4.21,0.06,1000000,23.4,129
RENT002122,2022-02-01,2022,2,Q1,Sharjah,Sharjah,Muwaileh,Villa,1BR,133000,126000,11100,13.7,2.4,4.0,2.83,90.6,9.4,10.1,38,144,3.4,750,80.3,220000,3.57,0.43,3300000,25.0,222
RENT002077,2022-02-01,2022,2,Q1,Dubai,Dubai,Palm Jumeirah,Apartment,2BR,242000,223000,20200,13.7,-1.9,4.9,4.05,84.6,15.4,10.3,206,593,17.0,1380,72.8,367000,4.67,0.23,4950000,20.4,524
RENT002078,2022-02-01,2022,2,Q1,Dubai,Dubai,Palm Jumeirah,Villa,Studio,735000,753000,61200,13.7,1.1,4.42,3.34,79.7,20.3,11.3,130,622,9.5,3870,77.7,1098000,4.37,0.05,16600000,22.6,563
RENT002103,2022-02-01,2022,2,Q1,Abu Dhabi,Abu Dhabi,Saadiyat Island,Apartment,3BR,176000,169000,14700,13.7,-2.1,4.77,3.57,88.6,11.4,15.8,93,703,18.1,1270,62.9,292000,5.1,-0.33,3700000,21.0,93
RENT002104,2022-02-01,2022,2,Q1,Abu Dhabi,Abu Dhabi,Saadiyat Island,Villa,2BR,609000,612000,50800,13.7,-2.3,5.91,4.93,85.7,14.3,16.1,44,73,9.6,2660,74.9,727000,5.86,0.05,10300000,16.9,306
RENT002099,2022-02-01,2022,2,Q1,Dubai,Dubai,Sports City,Apartment,3BR,66000,62000,5500,13.7,-2.0,4.4,3.75,91.5,8.5,16.4,205,545,5.0,250,77.9,71000,4.64,-0.24,1500000,22.7,418
RENT002100,2022-02-01,2022,2,Q1,Dubai,Dubai,Sports City,Villa,4BR,215000,223000,17900,13.7,0.8,5.38,4.19,82.1,17.9,23.1,130,920,6.2,870,71.1,226000,5.36,0.02,4000000,18.6,454
RENT002105,2022-02-01,2022,2,Q1,Abu Dhabi,Abu Dhabi,Yas Island,Apartment,2BR,94000,90000,7800,13.7,-1.6,4.78,4.14,92.6,7.4,19.7,119,447,10.2,480,56.4,99000,5.07,-0.29,1950000,20.9,94
RENT002106,2022-02-01,2022,2,Q1,Abu Dhabi,Abu Dhabi,Yas Island,Villa,4BR,337000,321000,28100,13.7,-1.6,5.7,4.95,90.6,9.4,18.0,93,1126,13.3,1410,81.7,420000,5.21,0.49,5900000,17.5,265
RENT002143,2022-03-01,2022,3,Q1,Dubai,Dubai,Al Furjan,Apartment,2BR,81000,79000,6800,13.7,-0.8,4.53,3.76,90.6,9.4,12.0,56,805,3.0,520,76.0,144000,5.03,-0.5,1800000,22.1,406
RENT002144,2022-03-01,2022,3,Q1,Dubai,Dubai,Al Furjan,Villa,3BR,306000,310000,25500,13.7,2.4,6.19,5.49,83.4,16.6,17.1,21,336,2.0,1720,62.6,393000,6.25,-0.06,4950000,16.2,172
RENT002183,2022-03-01,2022,3,Q1,Ras Al Khaimah,Ras Al Khaimah,Al Hamra Village,Apartment,5BR+,73000,76000,6100,13.7,-1.1,3.99,3.02,83.5,16.5,21.8,153,954,7.0,320,60.5,71000,4.02,-0.03,1850000,25.1,117
RENT002184,2022-03-01,2022,3,Q1,Ras Al Khaimah,Ras Al Khaimah,Al Hamra Village,Villa,4BR,119000,116000,9900,13.7,-1.6,4.34,3.77,85.6,14.4,18.0,105,353,3.6,500,63.9,117000,4.13,0.21,2750000,23.0,89
RENT002179,2022-03-01,2022,3,Q1,Sharjah,Sharjah,Al Khan,Apartment,2BR,48000,45000,4000,13.7,1.2,4.59,3.81,80.3,19.7,22.2,192,726,6.1,240,87.1,76000,4.15,0.44,1050000,21.8,137
RENT002180,2022-03-01,2022,3,Q1,Sharjah,Sharjah,Al Khan,Villa,1BR,104000,105000,8700,13.7,0.1,4.38,3.72,81.6,18.4,13.9,105,561,3.2,650,77.0,183000,3.96,0.42,2350000,22.8,110
RENT002173,2022-03-01,2022,3,Q1,Sharjah,Sharjah,Al Majaz,Apartment,3BR,60000,57000,5000,13.7,-2.0,5.77,4.61,95.7,4.3,13.7,66,391,1.6,270,71.0,70000,5.43,0.34,1050000,17.3,93
RENT002174,2022-03-01,2022,3,Q1,Sharjah,Sharjah,Al Majaz,Villa,2BR,190000,196000,15800,13.7,0.5,6.01,5.22,96.3,3.7,15.8,245,1129,6.7,1350,65.4,322000,6.44,-0.43,3150000,16.6,128
RENT002175,2022-03-01,2022,3,Q1,Sharjah,Sharjah,Al Nahda,Apartment,2BR,46000,45000,3800,13.7,0.5,5.76,4.57,78.4,21.6,15.2,189,747,4.9,200,64.6,47000,5.89,-0.13,800000,17.4,69
RENT002176,2022-03-01,2022,3,Q1,Sharjah,Sharjah,Al Nahda,Villa,5BR+,103000,99000,8600,13.7,0.1,4.0,2.92,80.1,19.9,16.7,195,919,7.3,430,84.7,133000,3.65,0.35,2600000,25.0,234
RENT002163,2022-03-01,2022,3,Q1,Abu Dhabi,Abu Dhabi,Al Raha Beach,Apartment,4BR,120000,117000,10000,13.7,-0.4,4.1,3.02,87.7,12.3,10.7,128,999,7.7,790,67.9,196000,4.32,-0.22,2950000,24.4,168
RENT002164,2022-03-01,2022,3,Q1,Abu Dhabi,Abu Dhabi,Al Raha Beach,Villa,4BR,361000,348000,30100,13.7,1.8,4.31,3.31,82.0,18.0,22.9,163,389,4.9,1670,58.0,354000,4.66,-0.35,8350000,23.2,120
RENT002169,2022-03-01,2022,3,Q1,Abu Dhabi,Abu Dhabi,Al Reef,Apartment,1BR,70000,72000,5800,13.7,-1.4,4.3,3.75,83.9,16.1,18.4,223,1020,4.7,390,85.2,121000,4.55,-0.25,1650000,23.2,332
RENT002170,2022-03-01,2022,3,Q1,Abu Dhabi,Abu Dhabi,Al Reef,Villa,1BR,213000,208000,17800,13.7,-1.2,4.84,4.18,95.4,4.6,15.7,83,621,4.1,1360,69.0,343000,4.51,0.33,4400000,20.7,313
RENT002157,2022-03-01,2022,3,Q1,Abu Dhabi,Abu Dhabi,Al Reem Island,Apartment,1BR,93000,95000,7800,13.7,2.6,4.99,4.11,96.9,3.1,23.1,35,404,5.0,570,56.5,118000,5.38,-0.39,1850000,20.1,185
RENT002158,2022-03-01,2022,3,Q1,Abu Dhabi,Abu Dhabi,Al Reem Island,Villa,Studio,289000,271000,24100,13.7,0.4,3.85,3.08,88.4,11.6,13.8,89,581,3.1,1220,73.0,325000,3.96,-0.11,7500000,26.0,189
RENT002181,2022-03-01,2022,3,Q1,Sharjah,Sharjah,Al Taawun,Apartment,1BR,46000,46000,3800,13.7,2.5,4.41,3.84,96.7,3.3,22.0,11,1172,3.0,190,82.1,57000,4.15,0.26,1050000,22.7,141
RENT002182,2022-03-01,2022,3,Q1,Sharjah,Sharjah,Al Taawun,Villa,1BR,154000,146000,12800,13.7,2.2,5.58,4.95,79.1,20.9,12.0,241,168,3.4,950,78.9,274000,5.17,0.41,2750000,17.9,145
RENT002137,2022-03-01,2022,3,Q1,Dubai,Dubai,Business Bay,Apartment,3BR,106000,103000,8800,13.7,-2.4,5.35,4.46,84.2,15.8,21.3,55,501,7.8,700,58.2,149000,5.08,0.27,2000000,18.7,88
RENT002138,2022-03-01,2022,3,Q1,Dubai,Dubai,Business Bay,Villa,1BR,290000,300000,24200,13.7,-1.4,5.32,4.68,81.2,18.8,17.5,119,1102,1.7,1930,70.5,497000,5.8,-0.48,5450000,18.8,297
RENT002167,2022-03-01,2022,3,Q1,Abu Dhabi,Abu Dhabi,Corniche,Apartment,1BR,119000,124000,9900,13.7,0.5,4.61,4.01,88.2,11.8,18.8,122,942,2.6,860,74.6,234000,4.44,0.17,2600000,21.7,326
RENT002168,2022-03-01,2022,3,Q1,Abu Dhabi,Abu Dhabi,Corniche,Villa,Studio,291000,304000,24200,13.7,-2.3,5.71,5.19,84.1,15.9,22.1,40,720,3.9,1380,69.1,348000,5.83,-0.12,5100000,17.5,155
RENT002147,2022-03-01,2022,3,Q1,Dubai,Dubai,Creek Harbour,Apartment,1BR,110000,110000,9200,13.7,3.4,6.07,5.48,87.6,12.4,10.2,12,726,4.5,610,75.8,169000,5.85,0.22,1800000,16.5,167
RENT002148,2022-03-01,2022,3,Q1,Dubai,Dubai,Creek Harbour,Villa,1BR,304000,318000,25300,13.7,2.8,4.01,3.16,93.3,6.7,16.5,223,954,1.4,1870,56.0,382000,3.55,0.46,7550000,24.9,350
RENT002149,2022-03-01,2022,3,Q1,Dubai,Dubai,DAMAC Hills,Apartment,Studio,103000,100000,8600,13.7,-1.6,5.69,4.56,81.6,18.4,22.7,53,568,5.5,540,74.2,146000,5.74,-0.05,1800000,17.6,510
RENT002150,2022-03-01,2022,3,Q1,Dubai,Dubai,DAMAC Hills,Villa,4BR,203000,203000,16900,13.7,0.8,6.15,5.35,92.0,8.0,20.7,171,209,6.2,930,84.7,288000,5.92,0.23,3300000,16.3,366
RENT002129,2022-03-01,2022,3,Q1,Dubai,Dubai,Downtown Dubai,Apartment,Studio,138000,134000,11500,13.7,-1.5,5.76,4.58,90.7,9.3,17.5,53,974,18.2,500,60.1,110000,5.42,0.34,2400000,17.4,442
RENT002130,2022-03-01,2022,3,Q1,Dubai,Dubai,Downtown Dubai,Villa,1BR,301000,291000,25100,13.7,2.4,5.29,4.57,78.6,21.4,21.9,126,864,6.7,2200,56.4,453000,5.37,-0.08,5700000,18.9,344
RENT002135,2022-03-01,2022,3,Q1,Dubai,Dubai,Dubai Hills Estate,Apartment,4BR,158000,166000,13200,13.7,-0.0,6.14,5.61,94.7,5.3,19.3,49,562,1.2,640,79.8,186000,5.97,0.17,2550000,16.3,141
RENT002136,2022-03-01,2022,3,Q1,Dubai,Dubai,Dubai Hills Estate,Villa,1BR,478000,487000,39800,13.7,1.9,5.76,5.03,87.2,12.8,22.4,119,370,7.6,2210,86.0,694000,5.71,0.05,8300000,17.4,123
RENT002131,2022-03-01,2022,3,Q1,Dubai,Dubai,Dubai Marina,Apartment,2BR,118000,122000,9800,13.7,1.7,5.84,4.92,92.5,7.5,13.9,125,331,8.1,510,55.9,104000,5.9,-0.06,2000000,17.1,268
RENT002132,2022-03-01,2022,3,Q1,Dubai,Dubai,Dubai Marina,Villa,2BR,367000,358000,30600,13.7,-1.0,5.49,4.65,82.2,17.8,22.1,35,438,11.5,2600,77.0,731000,5.23,0.26,6700000,18.2,159
RENT002151,2022-03-01,2022,3,Q1,Dubai,Dubai,Dubai South,Apartment,3BR,73000,76000,6100,13.7,0.2,4.91,4.0,78.8,21.2,23.9,87,889,7.0,330,62.7,76000,5.2,-0.29,1500000,20.4,343
RENT002152,2022-03-01,2022,3,Q1,Dubai,Dubai,Dubai South,Villa,Studio,204000,192000,17000,13.7,-0.2,4.7,4.06,91.9,8.1,13.2,81,118,4.9,750,87.5,240000,5.0,-0.3,4350000,21.3,371
RENT002145,2022-03-01,2022,3,Q1,Dubai,Dubai,JBR,Apartment,1BR,126000,128000,10500,13.7,2.3,4.85,4.32,94.3,5.7,14.1,27,124,9.7,590,82.3,177000,4.84,0.01,2600000,20.6,96
RENT002146,2022-03-01,2022,3,Q1,Dubai,Dubai,JBR,Villa,3BR,269000,263000,22400,13.7,-1.3,5.48,4.79,78.2,21.8,20.6,124,1129,6.5,1780,59.8,389000,5.74,-0.26,4900000,18.2,389
RENT002139,2022-03-01,2022,3,Q1,Dubai,Dubai,JVC,Apartment,Studio,76000,76000,6300,13.7,1.5,5.3,4.45,84.2,15.8,21.5,159,162,1.0,430,84.7,133000,5.04,0.26,1450000,18.9,181
RENT002140,2022-03-01,2022,3,Q1,Dubai,Dubai,JVC,Villa,Studio,264000,273000,22000,13.7,-1.4,4.16,3.09,85.6,14.4,23.1,104,114,1.6,1190,67.8,294000,4.51,-0.35,6350000,24.1,561
RENT002165,2022-03-01,2022,3,Q1,Abu Dhabi,Abu Dhabi,Khalifa City,Apartment,3BR,78000,74000,6500,13.7,2.6,3.94,3.01,81.2,18.8,17.5,93,1176,6.1,360,78.3,103000,3.98,-0.04,2000000,25.4,200
RENT002166,2022-03-01,2022,3,Q1,Abu Dhabi,Abu Dhabi,Khalifa City,Villa,1BR,159000,148000,13200,13.7,3.0,4.53,3.67,92.2,7.8,22.9,232,641,5.8,680,58.4,145000,4.43,0.1,3500000,22.1,164
RENT002141,2022-03-01,2022,3,Q1,Dubai,Dubai,MBR City,Apartment,1BR,155000,155000,12900,13.7,0.8,4.32,3.58,85.6,14.4,16.0,55,886,7.0,860,60.2,189000,4.02,0.3,3600000,23.2,498
RENT002142,2022-03-01,2022,3,Q1,Dubai,Dubai,MBR City,Villa,1BR,339000,343000,28200,13.7,0.7,4.25,3.4,86.7,13.3,13.1,40,53,1.5,1560,76.0,433000,3.8,0.45,7950000,23.5,169
RENT002171,2022-03-01,2022,3,Q1,Abu Dhabi,Abu Dhabi,Masdar City,Apartment,Studio,67000,63000,5600,13.7,0.9,4.94,4.33,80.6,19.4,11.5,233,974,2.0,380,59.3,82000,4.89,0.05,1350000,20.2,325
RENT002172,2022-03-01,2022,3,Q1,Abu Dhabi,Abu Dhabi,Masdar City,Villa,5BR+,120000,124000,10000,13.7,2.3,5.16,4.65,78.1,21.9,16.5,132,322,5.0,470,65.2,112000,5.02,0.14,2300000,19.4,342
RENT002153,2022-03-01,2022,3,Q1,Dubai,Dubai,Meydan,Apartment,2BR,111000,116000,9200,13.7,-2.2,3.95,2.97,96.1,3.9,12.3,97,139,4.0,640,83.1,194000,3.75,0.2,2800000,25.3,185
RENT002154,2022-03-01,2022,3,Q1,Dubai,Dubai,Meydan,Villa,2BR,376000,365000,31300,13.7,3.4,4.57,3.71,87.9,12.1,13.9,163,498,7.7,1420,68.1,353000,4.38,0.19,8250000,21.9,247
RENT002177,2022-03-01,2022,3,Q1,Sharjah,Sharjah,Muwaileh,Apartment,2BR,44000,43000,3700,13.7,0.4,6.01,4.91,78.9,21.1,19.1,144,212,6.8,160,55.5,32000,5.6,0.41,750000,16.7,51
RENT002178,2022-03-01,2022,3,Q1,Sharjah,Sharjah,Muwaileh,Villa,3BR,148000,144000,12300,13.7,0.5,5.6,4.48,83.4,16.6,22.1,195,989,5.2,960,77.9,273000,6.01,-0.41,2650000,17.9,80
RENT002133,2022-03-01,2022,3,Q1,Dubai,Dubai,Palm Jumeirah,Apartment,1BR,247000,234000,20600,13.7,-2.3,4.88,3.93,82.3,17.7,17.8,163,554,7.5,1690,71.4,440000,5.2,-0.32,5050000,20.5,216
RENT002134,2022-03-01,2022,3,Q1,Dubai,Dubai,Palm Jumeirah,Villa,4BR,481000,495000,40100,13.7,-2.5,6.2,5.52,89.4,10.6,10.1,82,313,13.2,2160,73.8,582000,6.12,0.08,7750000,16.1,201
RENT002159,2022-03-01,2022,3,Q1,Abu Dhabi,Abu Dhabi,Saadiyat Island,Apartment,4BR,192000,202000,16000,13.7,1.4,5.58,4.77,93.7,6.3,18.7,93,647,16.5,890,55.6,181000,5.52,0.06,3450000,17.9,204
RENT002160,2022-03-01,2022,3,Q1,Abu Dhabi,Abu Dhabi,Saadiyat Island,Villa,1BR,479000,441000,39900,13.7,-1.0,4.85,3.68,94.5,5.5,13.4,21,373,11.6,1980,59.6,431000,5.11,-0.26,9850000,20.6,107
RENT002155,2022-03-01,2022,3,Q1,Dubai,Dubai,Sports City,Apartment,3BR,70000,65000,5800,13.7,2.0,5.51,4.41,88.2,11.8,21.6,157,797,7.8,330,60.3,73000,5.11,0.4,1250000,18.1,83
RENT002156,2022-03-01,2022,3,Q1,Dubai,Dubai,Sports City,Villa,1BR,194000,188000,16200,13.7,-1.8,4.46,3.82,87.5,12.5,21.1,177,1036,4.9,1280,86.6,405000,4.58,-0.12,4350000,22.4,470
RENT002161,2022-03-01,2022,3,Q1,Abu Dhabi,Abu Dhabi,Yas Island,Apartment,2BR,107000,105000,8900,13.7,0.5,5.12,4.56,78.4,21.6,12.6,159,1172,13.1,750,61.1,167000,5.56,-0.44,2100000,19.5,53
RENT002162,2022-03-01,2022,3,Q1,Abu Dhabi,Abu Dhabi,Yas Island,Villa,4BR,326000,342000,27200,13.7,2.2,4.97,4.13,92.5,7.5,22.7,214,764,17.1,1710,56.9,355000,5.41,-0.44,6550000,20.1,85
RENT002199,2022-04-01,2022,4,Q2,Dubai,Dubai,Al Furjan,Apartment,1BR,79000,74000,6600,13.7,-0.9,6.04,4.97,91.1,8.9,21.1,73,383,3.4,390,78.5,112000,5.58,0.46,1300000,16.6,438
RENT002200,2022-04-01,2022,4,Q2,Dubai,Dubai,Al Furjan,Villa,Studio,289000,280000,24100,13.7,1.0,3.99,2.94,84.0,16.0,16.7,155,1101,2.8,1990,55.8,405000,3.99,0.0,7250000,25.0,230
RENT002239,2022-04-01,2022,4,Q2,Ras Al Khaimah,Ras Al Khaimah,Al Hamra Village,Apartment,4BR,71000,68000,5900,13.7,0.0,4.23,3.39,83.5,16.5,23.8,174,845,1.9,310,59.6,67000,4.14,0.09,1700000,23.7,62
RENT002240,2022-04-01,2022,4,Q2,Ras Al Khaimah,Ras Al Khaimah,Al Hamra Village,Villa,Studio,188000,196000,15700,13.7,0.2,6.03,4.91,82.1,17.9,23.6,231,64,4.3,930,67.3,228000,5.73,0.3,3100000,16.6,88
RENT002235,2022-04-01,2022,4,Q2,Sharjah,Sharjah,Al Khan,Apartment,2BR,54000,52000,4500,13.7,2.0,5.58,4.68,95.5,4.5,12.2,93,669,2.8,260,69.8,66000,5.54,0.04,950000,17.9,113
RENT002236,2022-04-01,2022,4,Q2,Sharjah,Sharjah,Al Khan,Villa,3BR,135000,134000,11200,13.7,0.1,4.23,3.08,89.8,10.2,15.8,140,516,7.4,660,75.5,182000,4.24,-0.01,3200000,23.6,108
RENT002229,2022-04-01,2022,4,Q2,Sharjah,Sharjah,Al Majaz,Apartment,3BR,59000,55000,4900,13.7,3.1,4.2,3.48,78.3,21.7,17.5,26,914,3.8,300,56.1,61000,3.76,0.44,1400000,23.8,185
RENT002230,2022-04-01,2022,4,Q2,Sharjah,Sharjah,Al Majaz,Villa,3BR,127000,120000,10600,13.7,-2.4,5.34,4.84,94.9,5.1,16.5,96,144,3.3,900,81.5,268000,4.86,0.48,2400000,18.7,239
RENT002231,2022-04-01,2022,4,Q2,Sharjah,Sharjah,Al Nahda,Apartment,Studio,48000,47000,4000,13.7,-1.6,5.81,5.17,86.3,13.7,21.9,174,256,4.3,200,61.6,45000,5.39,0.42,850000,17.2,177
RENT002232,2022-04-01,2022,4,Q2,Sharjah,Sharjah,Al Nahda,Villa,2BR,161000,168000,13400,13.7,-1.0,4.88,4.27,81.4,18.6,15.7,211,409,6.9,1020,86.2,321000,5.21,-0.33,3300000,20.5,160
RENT002219,2022-04-01,2022,4,Q2,Abu Dhabi,Abu Dhabi,Al Raha Beach,Apartment,3BR,119000,124000,9900,13.7,0.5,5.32,4.39,95.9,4.1,23.2,39,766,2.3,500,64.7,118000,5.61,-0.29,2250000,18.8,354
RENT002220,2022-04-01,2022,4,Q2,Abu Dhabi,Abu Dhabi,Al Raha Beach,Villa,4BR,319000,317000,26600,13.7,2.2,4.22,3.07,78.4,21.6,10.8,152,1161,3.9,1470,86.6,465000,4.47,-0.25,7550000,23.7,219
RENT002225,2022-04-01,2022,4,Q2,Abu Dhabi,Abu Dhabi,Al Reef,Apartment,2BR,79000,74000,6600,13.7,1.0,6.0,4.81,90.2,9.8,13.5,250,821,4.2,400,59.9,87000,5.73,0.27,1300000,16.7,141
RENT002226,2022-04-01,2022,4,Q2,Abu Dhabi,Abu Dhabi,Al Reef,Villa,2BR,138000,140000,11500,13.7,-2.4,5.71,5.2,94.2,5.8,21.3,32,323,1.2,730,76.9,205000,5.57,0.14,2400000,17.5,289
RENT002213,2022-04-01,2022,4,Q2,Abu Dhabi,Abu Dhabi,Al Reem Island,Apartment,3BR,87000,85000,7200,13.7,1.7,4.22,3.2,88.4,11.6,18.9,193,450,6.2,610,56.2,125000,4.0,0.22,2050000,23.7,301
RENT002214,2022-04-01,2022,4,Q2,Abu Dhabi,Abu Dhabi,Al Reem Island,Villa,2BR,233000,232000,19400,13.7,2.6,5.82,4.96,81.7,18.3,11.7,217,486,7.0,1060,58.7,227000,5.41,0.41,4000000,17.2,104
RENT002237,2022-04-01,2022,4,Q2,Sharjah,Sharjah,Al Taawun,Apartment,2BR,48000,46000,4000,13.7,-1.4,5.8,4.88,92.1,7.9,13.6,90,979,4.4,320,60.4,71000,5.95,-0.15,850000,17.3,206
RENT002238,2022-04-01,2022,4,Q2,Sharjah,Sharjah,Al Taawun,Villa,Studio,110000,108000,9200,13.7,1.3,4.8,4.01,83.8,16.2,10.1,174,1052,6.5,480,84.8,149000,4.37,0.43,2300000,20.8,102
RENT002193,2022-04-01,2022,4,Q2,Dubai,Dubai,Business Bay,Apartment,1BR,105000,98000,8800,13.7,-1.1,4.43,3.9,92.9,7.1,12.8,141,589,1.2,390,80.4,114000,4.23,0.2,2350000,22.6,117
RENT002194,2022-04-01,2022,4,Q2,Dubai,Dubai,Business Bay,Villa,2BR,353000,365000,29400,13.7,-1.6,4.19,3.17,83.7,16.3,10.5,20,775,3.9,1430,70.5,368000,3.95,0.24,8400000,23.8,437
RENT002223,2022-04-01,2022,4,Q2,Abu Dhabi,Abu Dhabi,Corniche,Apartment,3BR,127000,130000,10600,13.7,0.0,5.12,4.37,84.1,15.9,14.9,146,939,7.5,460,67.3,113000,4.88,0.24,2500000,19.5,352
RENT002224,2022-04-01,2022,4,Q2,Abu Dhabi,Abu Dhabi,Corniche,Villa,1BR,263000,262000,21900,13.7,-1.1,4.23,3.68,86.4,13.6,20.3,64,957,7.4,1310,57.5,275000,4.7,-0.47,6200000,23.6,305
RENT002203,2022-04-01,2022,4,Q2,Dubai,Dubai,Creek Harbour,Apartment,2BR,123000,127000,10200,13.7,2.7,3.86,3.11,92.4,7.6,19.7,191,825,6.0,650,55.2,131000,3.48,0.38,3200000,25.9,322
RENT002204,2022-04-01,2022,4,Q2,Dubai,Dubai,Creek Harbour,Villa,2BR,251000,233000,20900,13.7,2.3,4.25,3.4,87.2,12.8,18.3,77,1069,1.4,1070,74.3,290000,4.55,-0.3,5900000,23.5,374
RENT002205,2022-04-01,2022,4,Q2,Dubai,Dubai,DAMAC Hills,Apartment,1BR,95000,93000,7900,13.7,2.9,5.34,4.64,96.9,3.1,12.7,204,552,1.6,530,80.0,155000,5.18,0.16,1800000,18.7,113
RENT002206,2022-04-01,2022,4,Q2,Dubai,Dubai,DAMAC Hills,Villa,4BR,219000,222000,18200,13.7,-1.6,4.05,3.43,92.0,8.0,17.5,216,557,5.1,1000,72.0,263000,4.49,-0.44,5400000,24.7,581
RENT002185,2022-04-01,2022,4,Q2,Dubai,Dubai,Downtown Dubai,Apartment,2BR,147000,141000,12200,13.7,0.1,6.02,4.93,81.0,19.0,23.8,175,499,7.3,1070,56.8,222000,6.19,-0.17,2450000,16.6,432
RENT002186,2022-04-01,2022,4,Q2,Dubai,Dubai,Downtown Dubai,Villa,3BR,290000,300000,24200,13.7,1.6,5.23,4.41,80.5,19.5,13.8,117,391,13.9,2110,64.6,498000,5.61,-0.38,5550000,19.1,122
RENT002191,2022-04-01,2022,4,Q2,Dubai,Dubai,Dubai Hills Estate,Apartment,2BR,163000,155000,13600,13.7,1.8,5.76,5.07,95.3,4.7,11.0,13,653,3.9,600,85.3,187000,5.68,0.08,2850000,17.4,577
RENT002192,2022-04-01,2022,4,Q2,Dubai,Dubai,Dubai Hills Estate,Villa,2BR,326000,320000,27200,13.7,1.4,5.18,4.4,96.8,3.2,10.2,156,414,6.5,1960,82.4,589000,5.38,-0.2,6300000,19.3,252
RENT002187,2022-04-01,2022,4,Q2,Dubai,Dubai,Dubai Marina,Apartment,1BR,126000,116000,10500,13.7,1.3,5.59,4.75,88.1,11.9,16.4,122,218,10.2,480,66.0,116000,6.04,-0.45,2250000,17.9,189
RENT002188,2022-04-01,2022,4,Q2,Dubai,Dubai,Dubai Marina,Villa,Studio,220000,211000,18300,13.7,-2.1,5.11,4.15,83.3,16.7,18.1,133,830,8.6,1090,60.3,240000,4.67,0.44,4300000,19.6,301
RENT002207,2022-04-01,2022,4,Q2,Dubai,Dubai,Dubai South,Apartment,4BR,73000,68000,6100,13.7,-0.2,5.37,4.49,87.9,12.1,19.4,179,863,4.5,450,82.2,135000,5.83,-0.46,1350000,18.6,177
RENT002208,2022-04-01,2022,4,Q2,Dubai,Dubai,Dubai South,Villa,3BR,159000,161000,13200,13.7,-2.0,4.42,3.47,84.1,15.9,12.4,238,955,3.5,1080,66.4,262000,4.42,0.0,3600000,22.6,444
RENT002201,2022-04-01,2022,4,Q2,Dubai,Dubai,JBR,Apartment,1BR,126000,130000,10500,13.7,-1.2,5.04,4.5,86.5,13.5,13.1,110,813,16.8,860,82.8,260000,4.83,0.21,2500000,19.8,331
RENT002202,2022-04-01,2022,4,Q2,Dubai,Dubai,JBR,Villa,4BR,465000,467000,38800,13.7,-0.4,5.37,4.8,82.4,17.6,14.5,110,189,9.5,2180,88.0,700000,5.27,0.1,8650000,18.6,207
RENT002195,2022-04-01,2022,4,Q2,Dubai,Dubai,JVC,Apartment,2BR,71000,69000,5900,13.7,-2.2,4.25,3.09,89.3,10.7,11.3,23,1144,3.0,300,55.5,61000,4.26,-0.01,1650000,23.5,547
RENT002196,2022-04-01,2022,4,Q2,Dubai,Dubai,JVC,Villa,1BR,160000,158000,13300,13.7,-1.0,4.15,3.51,78.5,21.5,10.1,109,917,6.1,1060,56.4,218000,4.61,-0.46,3850000,24.1,442
RENT002221,2022-04-01,2022,4,Q2,Abu Dhabi,Abu Dhabi,Khalifa City,Apartment,4BR,87000,87000,7200,13.7,-2.1,4.0,3.14,81.5,18.5,16.6,159,561,6.2,640,65.5,153000,4.0,0.0,2150000,25.0,350
RENT002222,2022-04-01,2022,4,Q2,Abu Dhabi,Abu Dhabi,Khalifa City,Villa,1BR,257000,241000,21400,13.7,-0.4,4.23,3.72,79.9,20.1,10.5,33,524,2.0,1160,81.5,345000,3.83,0.4,6050000,23.6,66
RENT002197,2022-04-01,2022,4,Q2,Dubai,Dubai,MBR City,Apartment,2BR,153000,156000,12800,13.7,1.9,5.66,4.62,82.0,18.0,17.8,221,705,5.4,960,67.0,235000,5.38,0.28,2700000,17.7,83
RENT002198,2022-04-01,2022,4,Q2,Dubai,Dubai,MBR City,Villa,1BR,282000,264000,23500,13.7,-0.7,5.3,4.5,91.3,8.7,13.4,217,171,4.9,2020,82.7,610000,5.45,-0.15,5300000,18.9,255
RENT002227,2022-04-01,2022,4,Q2,Abu Dhabi,Abu Dhabi,Masdar City,Apartment,5BR+,65000,63000,5400,13.7,1.4,4.23,3.16,89.4,10.6,10.3,23,163,4.3,230,75.1,63000,4.24,-0.01,1550000,23.7,71
RENT002228,2022-04-01,2022,4,Q2,Abu Dhabi,Abu Dhabi,Masdar City,Villa,Studio,183000,181000,15200,13.7,-0.9,5.03,4.22,82.8,17.2,12.8,240,596,5.9,940,63.0,216000,5.2,-0.17,3650000,19.9,249
RENT002209,2022-04-01,2022,4,Q2,Dubai,Dubai,Meydan,Apartment,1BR,113000,115000,9400,13.7,0.9,4.87,4.27,88.3,11.7,12.4,245,285,7.5,840,56.0,172000,4.7,0.17,2300000,20.5,138
RENT002210,2022-04-01,2022,4,Q2,Dubai,Dubai,Meydan,Villa,4BR,215000,211000,17900,13.7,-1.6,5.87,5.16,93.2,6.8,19.3,168,908,5.3,1310,59.1,283000,5.39,0.48,3650000,17.0,99
RENT002233,2022-04-01,2022,4,Q2,Sharjah,Sharjah,Muwaileh,Apartment,Studio,41000,43000,3400,13.7,0.2,4.88,4.1,82.1,17.9,20.8,139,421,1.4,220,85.3,68000,5.12,-0.24,850000,20.5,104
RENT002234,2022-04-01,2022,4,Q2,Sharjah,Sharjah,Muwaileh,Villa,1BR,89000,85000,7400,13.7,-1.8,4.71,3.95,79.6,20.4,11.3,103,148,2.1,590,57.5,124000,4.26,0.45,1900000,21.2,47
RENT002189,2022-04-01,2022,4,Q2,Dubai,Dubai,Palm Jumeirah,Apartment,5BR+,220000,226000,18300,13.7,-0.2,5.78,5.06,82.9,17.1,20.1,122,298,9.4,820,65.5,196000,5.65,0.13,3800000,17.3,108
RENT002190,2022-04-01,2022,4,Q2,Dubai,Dubai,Palm Jumeirah,Villa,5BR+,788000,819000,65700,13.7,2.6,5.58,4.5,88.4,11.6,10.7,105,83,13.0,4250,79.7,1236000,5.55,0.03,14100000,17.9,223
RENT002215,2022-04-01,2022,4,Q2,Abu Dhabi,Abu Dhabi,Saadiyat Island,Apartment,2BR,200000,185000,16700,13.7,-2.1,4.36,3.2,81.9,18.1,22.4,103,474,19.5,1300,62.5,297000,4.15,0.21,4600000,22.9,119
RENT002216,2022-04-01,2022,4,Q2,Abu Dhabi,Abu Dhabi,Saadiyat Island,Villa,Studio,506000,493000,42200,13.7,-0.7,5.41,4.22,95.3,4.7,14.7,219,188,14.7,3570,84.9,1106000,5.42,-0.01,9350000,18.5,325
RENT002211,2022-04-01,2022,4,Q2,Dubai,Dubai,Sports City,Apartment,3BR,68000,69000,5700,13.7,2.9,5.19,4.33,88.7,11.3,12.0,237,790,5.5,330,84.2,101000,5.49,-0.3,1300000,19.3,377
RENT002212,2022-04-01,2022,4,Q2,Dubai,Dubai,Sports City,Villa,Studio,134000,125000,11200,13.7,-0.6,4.71,3.86,87.2,12.8,12.6,206,443,3.7,560,86.3,176000,4.84,-0.13,2850000,21.2,423
RENT002217,2022-04-01,2022,4,Q2,Abu Dhabi,Abu Dhabi,Yas Island,Apartment,3BR,105000,110000,8800,13.7,-0.8,4.69,3.62,80.5,19.5,13.1,90,383,7.7,720,72.9,192000,4.99,-0.3,2250000,21.3,295
RENT002218,2022-04-01,2022,4,Q2,Abu Dhabi,Abu Dhabi,Yas Island,Villa,3BR,250000,248000,20800,13.7,0.0,5.48,4.63,84.7,15.3,22.9,222,1132,11.6,1130,66.1,273000,5.58,-0.1,4550000,18.2,114
RENT002255,2022-05-01,2022,5,Q2,Dubai,Dubai,Al Furjan,Apartment,1BR,82000,82000,6800,13.7,2.1,4.98,4.16,85.4,14.6,13.0,51,640,6.6,370,76.9,104000,5.13,-0.15,1650000,20.1,203
RENT002256,2022-05-01,2022,5,Q2,Dubai,Dubai,Al Furjan,Villa,Studio,157000,156000,13100,13.7,-0.8,4.47,3.74,85.7,14.3,12.3,10,867,4.6,1160,55.1,233000,4.66,-0.19,3500000,22.4,321
RENT002295,2022-05-01,2022,5,Q2,Ras Al Khaimah,Ras Al Khaimah,Al Hamra Village,Apartment,1BR,64000,59000,5300,13.7,1.4,5.19,4.18,88.2,11.8,13.5,89,889,2.5,390,67.5,96000,5.28,-0.09,1250000,19.3,54
RENT002296,2022-05-01,2022,5,Q2,Ras Al Khaimah,Ras Al Khaimah,Al Hamra Village,Villa,1BR,243000,246000,20200,13.7,-0.7,4.31,3.53,90.1,9.9,20.8,131,862,5.5,1030,69.9,263000,4.1,0.21,5650000,23.2,115
RENT002291,2022-05-01,2022,5,Q2,Sharjah,Sharjah,Al Khan,Apartment,5BR+,48000,45000,4000,13.7,-0.8,4.11,3.28,94.1,5.9,20.7,38,520,2.3,260,57.2,54000,4.58,-0.47,1150000,24.3,140
RENT002292,2022-05-01,2022,5,Q2,Sharjah,Sharjah,Al Khan,Villa,2BR,148000,139000,12300,13.7,0.7,4.93,4.12,80.0,20.0,11.6,201,318,6.9,740,85.4,231000,4.8,0.13,3000000,20.3,44
RENT002285,2022-05-01,2022,5,Q2,Sharjah,Sharjah,Al Majaz,Apartment,2BR,54000,50000,4500,13.7,0.4,4.06,3.19,96.0,4.0,21.1,187,1014,1.9,370,80.9,109000,3.58,0.48,1350000,24.7,106
RENT002286,2022-05-01,2022,5,Q2,Sharjah,Sharjah,Al Majaz,Villa,2BR,189000,174000,15800,13.7,-1.7,6.18,5.17,86.2,13.8,11.2,86,472,4.9,1320,63.7,307000,6.25,-0.07,3050000,16.2,84
RENT002287,2022-05-01,2022,5,Q2,Sharjah,Sharjah,Al Nahda,Apartment,1BR,46000,48000,3800,13.7,1.3,5.87,4.9,81.0,19.0,22.0,232,371,5.6,290,58.6,62000,5.45,0.42,800000,17.1,189
RENT002288,2022-05-01,2022,5,Q2,Sharjah,Sharjah,Al Nahda,Villa,5BR+,169000,160000,14100,13.7,3.0,5.95,5.27,90.3,9.7,19.3,216,438,5.2,810,71.2,211000,5.96,-0.01,2850000,16.8,60
RENT002275,2022-05-01,2022,5,Q2,Abu Dhabi,Abu Dhabi,Al Raha Beach,Apartment,Studio,114000,117000,9500,13.7,-0.1,5.51,4.82,83.2,16.8,15.7,100,159,7.4,730,57.8,154000,5.87,-0.36,2050000,18.2,55
RENT002276,2022-05-01,2022,5,Q2,Abu Dhabi,Abu Dhabi,Al Raha Beach,Villa,3BR,293000,281000,24400,13.7,3.2,4.44,3.83,94.6,5.4,15.9,110,181,2.9,1670,71.8,438000,4.28,0.16,6600000,22.5,308
RENT002281,2022-05-01,2022,5,Q2,Abu Dhabi,Abu Dhabi,Al Reef,Apartment,1BR,78000,81000,6500,13.7,-0.1,6.18,5.68,82.7,17.3,10.4,246,908,3.6,350,79.7,102000,5.73,0.45,1250000,16.2,209
RENT002282,2022-05-01,2022,5,Q2,Abu Dhabi,Abu Dhabi,Al Reef,Villa,5BR+,212000,213000,17700,13.7,3.3,5.62,4.73,89.0,11.0,23.5,29,220,5.9,800,65.3,191000,5.56,0.06,3750000,17.8,128
RENT002269,2022-05-01,2022,5,Q2,Abu Dhabi,Abu Dhabi,Al Reem Island,Apartment,2BR,87000,90000,7200,13.7,2.2,4.06,3.12,92.1,7.9,15.3,199,83,3.4,560,77.1,158000,4.17,-0.11,2150000,24.7,194
RENT002270,2022-05-01,2022,5,Q2,Abu Dhabi,Abu Dhabi,Al Reem Island,Villa,1BR,260000,272000,21700,13.7,1.3,4.18,3.48,90.8,9.2,11.8,234,569,6.2,1730,78.9,498000,3.83,0.35,6200000,23.9,336
RENT002293,2022-05-01,2022,5,Q2,Sharjah,Sharjah,Al Taawun,Apartment,2BR,46000,45000,3800,13.7,1.3,5.46,4.92,87.8,12.2,19.9,143,490,3.7,180,58.7,39000,5.45,0.01,850000,18.3,111
RENT002294,2022-05-01,2022,5,Q2,Sharjah,Sharjah,Al Taawun,Villa,2BR,108000,110000,9000,13.7,2.9,4.5,3.8,96.6,3.4,19.2,111,686,3.5,490,78.2,140000,4.63,-0.13,2400000,22.2,232
RENT002249,2022-05-01,2022,5,Q2,Dubai,Dubai,Business Bay,Apartment,4BR,96000,97000,8000,13.7,2.9,4.02,3.05,89.9,10.1,19.0,128,82,5.0,440,83.5,134000,4.33,-0.31,2400000,24.9,468
RENT002250,2022-05-01,2022,5,Q2,Dubai,Dubai,Business Bay,Villa,1BR,290000,280000,24200,13.7,-1.3,4.59,4.06,79.4,20.6,20.7,132,913,4.9,1360,67.1,333000,4.38,0.21,6300000,21.8,315
RENT002279,2022-05-01,2022,5,Q2,Abu Dhabi,Abu Dhabi,Corniche,Apartment,1BR,133000,139000,11100,13.7,2.5,4.36,3.3,96.8,3.2,14.6,26,692,4.9,780,56.7,161000,4.01,0.35,3050000,22.9,148
RENT002280,2022-05-01,2022,5,Q2,Abu Dhabi,Abu Dhabi,Corniche,Villa,3BR,258000,255000,21500,13.7,-1.0,3.97,3.29,81.8,18.2,15.1,229,504,2.3,1330,69.6,338000,3.83,0.14,6500000,25.2,257
RENT002259,2022-05-01,2022,5,Q2,Dubai,Dubai,Creek Harbour,Apartment,3BR,119000,124000,9900,13.7,3.5,5.45,4.56,95.5,4.5,15.4,78,757,5.4,590,67.4,145000,5.89,-0.44,2200000,18.4,433
RENT002260,2022-05-01,2022,5,Q2,Dubai,Dubai,Creek Harbour,Villa,3BR,286000,288000,23800,13.7,0.7,5.09,4.28,85.6,14.4,20.3,34,1087,7.8,1420,85.7,444000,5.4,-0.31,5600000,19.6,246
RENT002261,2022-05-01,2022,5,Q2,Dubai,Dubai,DAMAC Hills,Apartment,2BR,100000,101000,8300,13.7,0.3,6.12,4.94,89.2,10.8,16.1,209,564,1.7,680,78.0,194000,6.16,-0.04,1650000,16.4,380
RENT002262,2022-05-01,2022,5,Q2,Dubai,Dubai,DAMAC Hills,Villa,1BR,257000,264000,21400,13.7,2.6,5.18,4.57,82.3,17.7,22.5,235,236,2.0,1500,55.4,303000,5.43,-0.25,4950000,19.3,111
RENT002241,2022-05-01,2022,5,Q2,Dubai,Dubai,Downtown Dubai,Apartment,3BR,149000,151000,12400,13.7,1.0,4.26,3.07,89.9,10.1,14.6,159,1127,18.1,960,71.6,251000,4.5,-0.24,3500000,23.5,299
RENT002242,2022-05-01,2022,5,Q2,Dubai,Dubai,Downtown Dubai,Villa,2BR,451000,455000,37600,13.7,-0.3,5.43,4.9,80.0,20.0,14.9,35,649,9.7,2580,87.4,823000,4.97,0.46,8300000,18.4,124
RENT002247,2022-05-01,2022,5,Q2,Dubai,Dubai,Dubai Hills Estate,Apartment,1BR,146000,151000,12200,13.7,-2.2,3.99,3.06,92.6,7.4,19.4,89,655,6.6,560,69.1,141000,4.18,-0.19,3650000,25.1,492
RENT002248,2022-05-01,2022,5,Q2,Dubai,Dubai,Dubai Hills Estate,Villa,Studio,293000,286000,24400,13.7,3.2,5.31,4.15,92.6,7.4,20.4,13,987,1.4,2120,86.9,672000,4.95,0.36,5500000,18.8,195
RENT002243,2022-05-01,2022,5,Q2,Dubai,Dubai,Dubai Marina,Apartment,2BR,112000,117000,9300,13.7,-0.4,4.61,3.95,88.2,11.8,15.1,101,468,13.9,710,67.4,175000,4.69,-0.08,2450000,21.7,427
RENT002244,2022-05-01,2022,5,Q2,Dubai,Dubai,Dubai Marina,Villa,1BR,253000,239000,21100,13.7,3.4,5.0,4.46,89.0,11.0,11.9,143,572,19.5,1130,63.6,262000,5.43,-0.43,5050000,20.0,479
RENT002263,2022-05-01,2022,5,Q2,Dubai,Dubai,Dubai South,Apartment,2BR,72000,72000,6000,13.7,3.4,4.28,3.64,92.1,7.9,17.9,243,292,1.2,320,71.1,83000,4.51,-0.23,1700000,23.3,504
RENT002264,2022-05-01,2022,5,Q2,Dubai,Dubai,Dubai South,Villa,Studio,180000,187000,15000,13.7,-2.1,3.94,3.23,89.3,10.7,21.1,172,93,7.0,1190,85.6,372000,3.66,0.28,4550000,25.4,336
RENT002257,2022-05-01,2022,5,Q2,Dubai,Dubai,JBR,Apartment,Studio,132000,133000,11000,13.7,-0.7,5.73,4.67,78.5,21.5,18.1,22,405,6.5,920,81.4,273000,5.25,0.48,2300000,17.4,181
RENT002258,2022-05-01,2022,5,Q2,Dubai,Dubai,JBR,Villa,1BR,315000,329000,26200,13.7,0.9,4.14,3.0,79.8,20.2,22.4,162,578,12.9,1690,60.7,374000,3.91,0.23,7600000,24.2,579
RENT002251,2022-05-01,2022,5,Q2,Dubai,Dubai,JVC,Apartment,1BR,78000,74000,6500,13.7,-0.8,6.22,5.7,83.0,17.0,18.6,186,888,7.7,360,78.0,102000,6.58,-0.36,1250000,16.1,396
RENT002252,2022-05-01,2022,5,Q2,Dubai,Dubai,JVC,Villa,4BR,155000,157000,12900,13.7,1.5,4.83,3.72,95.7,4.3,10.9,56,931,6.9,930,81.5,277000,4.8,0.03,3200000,20.7,317
RENT002277,2022-05-01,2022,5,Q2,Abu Dhabi,Abu Dhabi,Khalifa City,Apartment,3BR,86000,88000,7200,13.7,1.0,4.13,3.54,94.2,5.8,18.5,25,1013,4.2,490,78.6,141000,3.97,0.16,2100000,24.2,193
RENT002278,2022-05-01,2022,5,Q2,Abu Dhabi,Abu Dhabi,Khalifa City,Villa,3BR,223000,224000,18600,13.7,1.1,3.87,3.33,89.2,10.8,22.5,151,780,4.7,1270,58.1,269000,3.37,0.5,5750000,25.8,225
RENT002253,2022-05-01,2022,5,Q2,Dubai,Dubai,MBR City,Apartment,1BR,169000,165000,14100,13.7,2.3,4.71,3.89,82.3,17.7,15.3,177,237,4.9,1150,73.1,307000,5.18,-0.47,3600000,21.2,305
RENT002254,2022-05-01,2022,5,Q2,Dubai,Dubai,MBR City,Villa,3BR,430000,433000,35800,13.7,-0.0,4.56,3.46,90.4,9.6,16.4,240,1099,3.9,2730,60.9,607000,4.48,0.08,9450000,21.9,506
RENT002283,2022-05-01,2022,5,Q2,Abu Dhabi,Abu Dhabi,Masdar City,Apartment,Studio,72000,71000,6000,13.7,-1.6,4.92,3.82,94.9,5.1,12.0,74,951,5.1,520,87.3,166000,5.24,-0.32,1450000,20.3,79
RENT002284,2022-05-01,2022,5,Q2,Abu Dhabi,Abu Dhabi,Masdar City,Villa,2BR,160000,148000,13300,13.7,3.4,5.1,4.29,95.3,4.7,13.9,49,218,7.5,1070,80.6,315000,4.78,0.32,3150000,19.6,345
RENT002265,2022-05-01,2022,5,Q2,Dubai,Dubai,Meydan,Apartment,2BR,114000,115000,9500,13.7,2.6,5.81,5.07,83.4,16.6,20.9,204,861,4.5,430,85.0,133000,5.74,0.07,1950000,17.2,531
RENT002266,2022-05-01,2022,5,Q2,Dubai,Dubai,Meydan,Villa,4BR,239000,249000,19900,13.7,0.3,5.17,4.6,85.9,14.1,23.6,23,91,1.5,1520,86.6,480000,4.99,0.18,4600000,19.3,161
RENT002289,2022-05-01,2022,5,Q2,Sharjah,Sharjah,Muwaileh,Apartment,2BR,46000,48000,3800,13.7,0.3,6.17,5.45,94.2,5.8,14.8,250,346,4.8,200,55.3,40000,6.56,-0.39,750000,16.2,232
RENT002290,2022-05-01,2022,5,Q2,Sharjah,Sharjah,Muwaileh,Villa,1BR,118000,114000,9800,13.7,3.3,4.73,4.16,88.3,11.7,22.1,33,838,6.1,430,71.1,112000,4.76,-0.03,2500000,21.1,134
RENT002245,2022-05-01,2022,5,Q2,Dubai,Dubai,Palm Jumeirah,Apartment,2BR,219000,226000,18200,13.7,0.1,4.79,4.26,94.9,5.1,14.1,246,439,6.0,1180,67.3,290000,5.25,-0.46,4550000,20.9,437
RENT002246,2022-05-01,2022,5,Q2,Dubai,Dubai,Palm Jumeirah,Villa,Studio,691000,663000,57600,13.7,-0.8,6.24,5.27,93.9,6.1,15.1,172,524,12.8,3100,57.8,654000,6.42,-0.18,11050000,16.0,408
RENT002271,2022-05-01,2022,5,Q2,Abu Dhabi,Abu Dhabi,Saadiyat Island,Apartment,1BR,172000,171000,14300,13.7,-1.2,5.98,5.21,85.2,14.8,19.4,118,591,10.5,1000,87.8,320000,5.56,0.42,2900000,16.7,64
RENT002272,2022-05-01,2022,5,Q2,Abu Dhabi,Abu Dhabi,Saadiyat Island,Villa,5BR+,342000,357000,28500,13.7,0.5,5.06,4.48,90.7,9.3,14.3,104,791,5.2,2470,59.6,537000,5.37,-0.31,6750000,19.8,238
RENT002267,2022-05-01,2022,5,Q2,Dubai,Dubai,Sports City,Apartment,4BR,66000,64000,5500,13.7,3.2,6.05,5.41,86.1,13.9,10.3,114,709,1.3,260,85.8,81000,6.08,-0.03,1100000,16.5,413
RENT002268,2022-05-01,2022,5,Q2,Dubai,Dubai,Sports City,Villa,1BR,183000,190000,15200,13.7,2.8,4.15,3.39,78.6,21.4,11.8,245,504,1.0,880,76.2,245000,4.11,0.04,4400000,24.1,116
RENT002273,2022-05-01,2022,5,Q2,Abu Dhabi,Abu Dhabi,Yas Island,Apartment,1BR,101000,94000,8400,13.7,-0.9,5.34,4.53,78.5,21.5,10.9,67,530,15.8,440,55.0,88000,5.06,0.28,1900000,18.7,112
RENT002274,2022-05-01,2022,5,Q2,Abu Dhabi,Abu Dhabi,Yas Island,Villa,3BR,270000,268000,22500,13.7,-2.3,6.09,4.9,91.4,8.6,17.4,193,371,17.7,1790,87.2,570000,5.82,0.27,4450000,16.4,118
RENT002311,2022-06-01,2022,6,Q2,Dubai,Dubai,Al Furjan,Apartment,1BR,77000,76000,6400,13.7,2.0,5.06,4.16,90.2,9.8,17.5,110,811,1.3,540,67.6,133000,4.96,0.1,1500000,19.8,581
RENT002312,2022-06-01,2022,6,Q2,Dubai,Dubai,Al Furjan,Villa,3BR,238000,245000,19800,13.7,2.2,4.18,3.1,80.3,19.7,21.0,13,747,1.1,1180,79.1,341000,4.29,-0.11,5700000,23.9,333
RENT002351,2022-06-01,2022,6,Q2,Ras Al Khaimah,Ras Al Khaimah,Al Hamra Village,Apartment,5BR+,70000,70000,5800,13.7,3.4,4.37,3.81,95.4,4.6,14.9,61,265,3.4,480,79.9,140000,4.36,0.01,1600000,22.9,23
RENT002352,2022-06-01,2022,6,Q2,Ras Al Khaimah,Ras Al Khaimah,Al Hamra Village,Villa,3BR,251000,259000,20900,13.7,2.3,4.64,3.58,86.0,14.0,19.4,72,1025,6.2,1240,76.5,346000,4.61,0.03,5400000,21.5,30
RENT002347,2022-06-01,2022,6,Q2,Sharjah,Sharjah,Al Khan,Apartment,4BR,52000,52000,4300,13.7,1.9,4.84,3.86,94.6,5.4,14.6,107,610,1.5,380,78.9,109000,5.34,-0.5,1100000,20.7,90
RENT002348,2022-06-01,2022,6,Q2,Sharjah,Sharjah,Al Khan,Villa,1BR,97000,92000,8100,13.7,-2.4,5.27,4.5,79.2,20.8,10.5,186,732,6.7,460,59.9,101000,5.47,-0.2,1850000,19.0,76
RENT002341,2022-06-01,2022,6,Q2,Sharjah,Sharjah,Al Majaz,Apartment,3BR,57000,59000,4800,13.7,1.6,4.12,3.43,93.1,6.9,12.2,119,180,4.9,370,65.4,88000,4.42,-0.3,1400000,24.3,167
RENT002342,2022-06-01,2022,6,Q2,Sharjah,Sharjah,Al Majaz,Villa,1BR,183000,183000,15200,13.7,2.1,5.89,5.23,96.4,3.6,19.5,144,777,7.6,670,76.8,188000,5.52,0.37,3100000,17.0,165
RENT002343,2022-06-01,2022,6,Q2,Sharjah,Sharjah,Al Nahda,Apartment,1BR,49000,49000,4100,13.7,-0.3,5.44,4.35,90.4,9.6,18.5,191,794,7.0,300,85.2,93000,5.26,0.18,900000,18.4,183
RENT002344,2022-06-01,2022,6,Q2,Sharjah,Sharjah,Al Nahda,Villa,1BR,101000,97000,8400,13.7,2.1,6.23,5.43,88.7,11.3,10.8,132,865,4.3,530,87.8,170000,6.38,-0.15,1600000,16.1,123
RENT002331,2022-06-01,2022,6,Q2,Abu Dhabi,Abu Dhabi,Al Raha Beach,Apartment,2BR,113000,118000,9400,13.7,0.4,5.12,4.4,96.0,4.0,21.0,19,271,1.4,760,65.6,182000,5.15,-0.03,2200000,19.5,220
RENT002332,2022-06-01,2022,6,Q2,Abu Dhabi,Abu Dhabi,Al Raha Beach,Villa,5BR+,239000,223000,19900,13.7,2.5,5.13,3.96,87.3,12.7,22.8,246,720,1.7,1130,66.3,273000,5.1,0.03,4650000,19.5,354
RENT002337,2022-06-01,2022,6,Q2,Abu Dhabi,Abu Dhabi,Al Reef,Apartment,2BR,72000,68000,6000,13.7,-1.8,4.52,3.84,82.8,17.2,21.3,213,1195,7.6,460,67.3,113000,4.68,-0.16,1600000,22.1,345
RENT002338,2022-06-01,2022,6,Q2,Abu Dhabi,Abu Dhabi,Al Reef,Villa,Studio,205000,189000,17100,13.7,0.4,5.93,5.26,89.3,10.7,23.6,35,1157,7.2,1030,66.8,251000,5.55,0.38,3450000,16.9,309
RENT002325,2022-06-01,2022,6,Q2,Abu Dhabi,Abu Dhabi,Al Reem Island,Apartment,2BR,90000,92000,7500,13.7,-0.9,4.2,3.15,79.1,20.9,23.6,106,1197,5.2,460,58.5,98000,3.99,0.21,2150000,23.8,181
RENT002326,2022-06-01,2022,6,Q2,Abu Dhabi,Abu Dhabi,Al Reem Island,Villa,5BR+,200000,187000,16700,13.7,-0.6,5.92,5.37,84.8,15.2,20.9,150,1111,1.9,1000,80.1,292000,5.82,0.1,3400000,16.9,337
RENT002349,2022-06-01,2022,6,Q2,Sharjah,Sharjah,Al Taawun,Apartment,2BR,47000,49000,3900,13.7,-2.3,5.6,4.59,79.2,20.8,18.8,106,496,1.4,180,73.2,48000,5.37,0.23,850000,17.9,231
RENT002350,2022-06-01,2022,6,Q2,Sharjah,Sharjah,Al Taawun,Villa,1BR,80000,75000,6700,13.7,0.0,5.98,4.79,93.7,6.3,18.5,139,954,6.3,370,56.4,76000,5.68,0.3,1350000,16.7,74
RENT002305,2022-06-01,2022,6,Q2,Dubai,Dubai,Business Bay,Apartment,2BR,94000,91000,7800,13.7,2.2,5.41,4.88,91.3,8.7,18.1,171,745,1.4,500,85.3,156000,4.92,0.49,1750000,18.5,160
RENT002306,2022-06-01,2022,6,Q2,Dubai,Dubai,Business Bay,Villa,2BR,290000,278000,24200,13.7,0.9,4.11,3.33,82.2,17.8,18.9,140,1057,4.8,1450,81.3,430000,4.15,-0.04,7050000,24.3,270
RENT002335,2022-06-01,2022,6,Q2,Abu Dhabi,Abu Dhabi,Corniche,Apartment,1BR,119000,112000,9900,13.7,-0.9,4.01,3.45,79.0,21.0,21.9,48,124,2.0,600,73.5,161000,3.74,0.27,2950000,25.0,351
RENT002336,2022-06-01,2022,6,Q2,Abu Dhabi,Abu Dhabi,Corniche,Villa,3BR,404000,381000,33700,13.7,0.7,4.86,3.71,95.4,4.6,15.8,189,751,3.9,1690,55.1,340000,5.15,-0.29,8300000,20.6,134
RENT002315,2022-06-01,2022,6,Q2,Dubai,Dubai,Creek Harbour,Apartment,Studio,106000,104000,8800,13.7,-1.8,5.66,4.55,93.6,6.4,21.8,55,993,3.5,520,73.8,140000,6.07,-0.41,1850000,17.7,253
RENT002316,2022-06-01,2022,6,Q2,Dubai,Dubai,Creek Harbour,Villa,3BR,370000,341000,30800,13.7,2.6,6.22,5.39,79.0,21.0,10.7,143,1089,7.7,2660,60.9,591000,6.45,-0.23,5950000,16.1,132
RENT002317,2022-06-01,2022,6,Q2,Dubai,Dubai,DAMAC Hills,Apartment,2BR,97000,95000,8100,13.7,-2.3,4.67,4.01,82.9,17.1,18.4,23,721,2.2,620,85.1,193000,4.82,-0.15,2100000,21.4,400
RENT002318,2022-06-01,2022,6,Q2,Dubai,Dubai,DAMAC Hills,Villa,1BR,166000,158000,13800,13.7,3.4,3.95,3.21,86.7,13.3,20.6,139,881,5.1,790,66.0,190000,4.01,-0.06,4200000,25.3,326
RENT002297,2022-06-01,2022,6,Q2,Dubai,Dubai,Downtown Dubai,Apartment,2BR,125000,125000,10400,13.7,2.1,5.69,4.6,88.2,11.8,13.2,175,213,18.0,750,60.0,164000,5.71,-0.02,2200000,17.6,103
RENT002298,2022-06-01,2022,6,Q2,Dubai,Dubai,Downtown Dubai,Villa,2BR,295000,297000,24600,13.7,2.9,4.67,3.91,78.5,21.5,13.0,32,927,16.9,1300,74.7,354000,4.32,0.35,6300000,21.4,357
RENT002303,2022-06-01,2022,6,Q2,Dubai,Dubai,Dubai Hills Estate,Apartment,Studio,145000,134000,12100,13.7,0.7,5.82,5.03,94.1,5.9,23.8,148,695,7.3,850,84.1,261000,5.56,0.26,2500000,17.2,572
RENT002304,2022-06-01,2022,6,Q2,Dubai,Dubai,Dubai Hills Estate,Villa,2BR,290000,279000,24200,13.7,3.4,4.1,3.39,94.2,5.8,16.6,94,892,4.0,2030,86.4,640000,3.63,0.47,7050000,24.4,415
RENT002299,2022-06-01,2022,6,Q2,Dubai,Dubai,Dubai Marina,Apartment,Studio,104000,105000,8700,13.7,-0.8,4.05,3.43,88.7,11.3,19.7,189,404,18.2,530,66.3,128000,3.98,0.07,2550000,24.7,315
RENT002300,2022-06-01,2022,6,Q2,Dubai,Dubai,Dubai Marina,Villa,2BR,359000,373000,29900,13.7,3.1,5.21,4.19,88.0,12.0,21.4,153,321,6.8,2300,87.0,730000,5.12,0.09,6900000,19.2,592
RENT002319,2022-06-01,2022,6,Q2,Dubai,Dubai,Dubai South,Apartment,1BR,69000,66000,5800,13.7,1.3,4.08,3.49,80.5,19.5,11.8,116,66,3.4,420,62.8,96000,4.1,-0.02,1700000,24.5,438
RENT002320,2022-06-01,2022,6,Q2,Dubai,Dubai,Dubai South,Villa,3BR,160000,165000,13300,13.7,1.4,5.03,4.21,83.2,16.8,13.9,133,609,5.0,870,81.8,260000,4.71,0.32,3200000,19.9,225
RENT002313,2022-06-01,2022,6,Q2,Dubai,Dubai,JBR,Apartment,1BR,121000,126000,10100,13.7,2.8,4.27,3.63,91.9,8.1,11.8,63,503,15.5,850,65.9,204000,4.14,0.13,2850000,23.4,287
RENT002314,2022-06-01,2022,6,Q2,Dubai,Dubai,JBR,Villa,3BR,303000,283000,25200,13.7,1.9,4.34,3.6,89.2,10.8,11.4,132,444,14.4,2070,56.4,426000,4.24,0.1,7000000,23.0,310
RENT002307,2022-06-01,2022,6,Q2,Dubai,Dubai,JVC,Apartment,3BR,74000,71000,6200,13.7,2.4,4.36,3.5,83.3,16.7,16.2,197,149,1.1,540,58.1,115000,3.94,0.42,1700000,22.9,205
RENT002308,2022-06-01,2022,6,Q2,Dubai,Dubai,JVC,Villa,1BR,170000,174000,14200,13.7,-0.8,3.88,3.17,87.6,12.4,10.2,42,456,5.2,880,64.6,207000,3.68,0.2,4400000,25.8,403
RENT002333,2022-06-01,2022,6,Q2,Abu Dhabi,Abu Dhabi,Khalifa City,Apartment,Studio,74000,71000,6200,13.7,1.4,4.37,3.38,87.4,12.6,22.0,192,69,3.7,340,61.6,76000,4.27,0.1,1700000,22.9,79
RENT002334,2022-06-01,2022,6,Q2,Abu Dhabi,Abu Dhabi,Khalifa City,Villa,3BR,220000,228000,18300,13.7,0.4,5.75,5.16,96.8,3.2,21.9,155,406,7.8,790,77.4,223000,6.2,-0.45,3850000,17.4,61
RENT002309,2022-06-01,2022,6,Q2,Dubai,Dubai,MBR City,Apartment,2BR,160000,161000,13300,13.7,0.8,4.57,3.53,79.6,20.4,15.5,172,189,5.7,870,68.4,217000,5.0,-0.43,3500000,21.9,430
RENT002310,2022-06-01,2022,6,Q2,Dubai,Dubai,MBR City,Villa,2BR,396000,364000,33000,13.7,0.2,4.4,3.21,94.1,5.9,15.6,70,952,3.7,1420,69.4,360000,4.15,0.25,9000000,22.7,123
RENT002339,2022-06-01,2022,6,Q2,Abu Dhabi,Abu Dhabi,Masdar City,Apartment,2BR,66000,67000,5500,13.7,0.5,3.99,3.04,95.1,4.9,11.9,193,710,5.9,330,69.1,83000,3.76,0.23,1650000,25.1,263
RENT002340,2022-06-01,2022,6,Q2,Abu Dhabi,Abu Dhabi,Masdar City,Villa,Studio,167000,174000,13900,13.7,-2.5,4.04,3.4,78.1,21.9,17.1,173,1178,4.9,640,81.9,191000,3.85,0.19,4150000,24.7,322
RENT002321,2022-06-01,2022,6,Q2,Dubai,Dubai,Meydan,Apartment,Studio,113000,112000,9400,13.7,-0.4,4.42,3.55,84.2,15.8,15.9,61,505,7.4,520,83.2,158000,3.97,0.45,2550000,22.6,373
RENT002322,2022-06-01,2022,6,Q2,Dubai,Dubai,Meydan,Villa,5BR+,278000,283000,23200,13.7,2.2,5.07,4.46,82.4,17.6,17.8,149,671,5.6,1400,73.6,376000,4.93,0.14,5500000,19.7,334
RENT002345,2022-06-01,2022,6,Q2,Sharjah,Sharjah,Muwaileh,Apartment,3BR,41000,38000,3400,13.7,0.4,4.29,3.66,85.3,14.7,16.6,74,280,6.9,180,68.9,45000,4.64,-0.35,950000,23.3,67
RENT002346,2022-06-01,2022,6,Q2,Sharjah,Sharjah,Muwaileh,Villa,3BR,122000,119000,10200,13.7,2.2,5.71,5.11,88.7,11.3,10.1,150,74,1.6,900,67.7,222000,5.53,0.18,2150000,17.5,156
RENT002301,2022-06-01,2022,6,Q2,Dubai,Dubai,Palm Jumeirah,Apartment,3BR,237000,222000,19800,13.7,-2.3,5.51,4.44,80.5,19.5,20.9,136,745,16.2,1270,69.6,323000,5.77,-0.26,4300000,18.2,99
RENT002302,2022-06-01,2022,6,Q2,Dubai,Dubai,Palm Jumeirah,Villa,Studio,481000,476000,40100,13.7,-2.4,4.94,4.09,87.4,12.6,14.1,17,717,16.1,2380,70.0,608000,5.31,-0.37,9750000,20.2,398
RENT002327,2022-06-01,2022,6,Q2,Abu Dhabi,Abu Dhabi,Saadiyat Island,Apartment,3BR,170000,171000,14200,13.7,0.9,4.16,3.38,91.2,8.8,21.7,114,804,18.8,840,55.9,171000,4.52,-0.36,4100000,24.0,184
RENT002328,2022-06-01,2022,6,Q2,Abu Dhabi,Abu Dhabi,Saadiyat Island,Villa,3BR,481000,461000,40100,13.7,0.4,4.16,3.51,85.1,14.9,12.3,47,385,13.4,2980,60.5,658000,4.09,0.07,11550000,24.1,266
RENT002323,2022-06-01,2022,6,Q2,Dubai,Dubai,Sports City,Apartment,2BR,68000,70000,5700,13.7,1.3,4.24,3.53,96.5,3.5,11.4,83,984,1.8,470,78.1,134000,4.49,-0.25,1600000,23.6,468
RENT002324,2022-06-01,2022,6,Q2,Dubai,Dubai,Sports City,Villa,Studio,221000,223000,18400,13.7,3.3,4.78,3.65,93.3,6.7,22.9,13,958,2.1,810,60.4,179000,4.95,-0.17,4600000,20.9,465
RENT002329,2022-06-01,2022,6,Q2,Abu Dhabi,Abu Dhabi,Yas Island,Apartment,1BR,98000,98000,8200,13.7,2.1,3.88,2.8,80.2,19.8,19.5,62,917,11.2,450,77.8,128000,3.79,0.09,2550000,25.8,252
RENT002330,2022-06-01,2022,6,Q2,Abu Dhabi,Abu Dhabi,Yas Island,Villa,3BR,315000,304000,26200,13.7,-0.6,3.92,3.19,89.3,10.7,15.0,86,1042,11.6,2170,77.8,616000,3.8,0.12,8050000,25.5,205
RENT002367,2022-07-01,2022,7,Q3,Dubai,Dubai,Al Furjan,Apartment,Studio,80000,74000,6700,13.7,1.8,4.85,4.01,95.2,4.8,17.2,28,184,6.0,330,86.2,104000,4.39,0.46,1650000,20.6,516
RENT002368,2022-07-01,2022,7,Q3,Dubai,Dubai,Al Furjan,Villa,5BR+,151000,141000,12600,13.7,-2.2,4.87,4.35,93.7,6.3,12.3,182,992,4.0,790,63.9,184000,4.65,0.22,3100000,20.5,216
RENT002407,2022-07-01,2022,7,Q3,Ras Al Khaimah,Ras Al Khaimah,Al Hamra Village,Apartment,2BR,66000,64000,5500,13.7,-1.9,4.18,3.08,85.1,14.9,21.0,178,745,3.1,390,73.4,104000,4.52,-0.34,1600000,23.9,75
RENT002408,2022-07-01,2022,7,Q3,Ras Al Khaimah,Ras Al Khaimah,Al Hamra Village,Villa,3BR,120000,113000,10000,13.7,-1.0,4.15,3.43,83.3,16.7,23.6,74,560,3.9,550,87.9,176000,4.32,-0.17,2900000,24.1,63
RENT002403,2022-07-01,2022,7,Q3,Sharjah,Sharjah,Al Khan,Apartment,2BR,49000,48000,4100,13.7,2.9,4.99,3.91,89.6,10.4,14.3,138,386,6.1,320,86.4,101000,5.3,-0.31,1000000,20.0,217
RENT002404,2022-07-01,2022,7,Q3,Sharjah,Sharjah,Al Khan,Villa,1BR,117000,121000,9800,13.7,1.8,4.2,3.24,90.2,9.8,16.7,100,538,4.1,550,67.5,136000,3.83,0.37,2800000,23.8,102
RENT002397,2022-07-01,2022,7,Q3,Sharjah,Sharjah,Al Majaz,Apartment,1BR,50000,47000,4200,13.7,1.5,4.24,3.13,81.8,18.2,23.1,151,702,5.1,360,60.0,79000,3.86,0.38,1200000,23.6,149
RENT002398,2022-07-01,2022,7,Q3,Sharjah,Sharjah,Al Majaz,Villa,5BR+,149000,142000,12400,13.7,-1.3,4.46,3.88,87.2,12.8,13.1,161,436,2.8,990,68.5,248000,4.17,0.29,3350000,22.4,53
RENT002399,2022-07-01,2022,7,Q3,Sharjah,Sharjah,Al Nahda,Apartment,3BR,44000,45000,3700,13.7,-2.3,3.92,3.25,89.6,10.4,13.8,68,1151,2.8,280,57.2,58000,3.48,0.44,1100000,25.5,165
RENT002400,2022-07-01,2022,7,Q3,Sharjah,Sharjah,Al Nahda,Villa,1BR,143000,149000,11900,13.7,2.1,4.63,3.86,84.5,15.5,11.8,183,765,5.6,690,69.0,174000,4.44,0.19,3100000,21.6,186
RENT002387,2022-07-01,2022,7,Q3,Abu Dhabi,Abu Dhabi,Al Raha Beach,Apartment,2BR,113000,116000,9400,13.7,-0.7,4.78,4.01,87.8,12.2,12.2,88,495,2.8,550,60.2,121000,5.22,-0.44,2350000,20.9,170
RENT002388,2022-07-01,2022,7,Q3,Abu Dhabi,Abu Dhabi,Al Raha Beach,Villa,3BR,359000,356000,29900,13.7,3.2,3.95,3.22,86.5,13.5,23.9,66,1172,1.4,2310,79.5,670000,4.4,-0.45,9100000,25.3,206
RENT002393,2022-07-01,2022,7,Q3,Abu Dhabi,Abu Dhabi,Al Reef,Apartment,1BR,69000,71000,5800,13.7,2.6,5.1,4.45,84.8,15.2,15.0,214,1061,1.1,440,65.6,105000,5.16,-0.06,1350000,19.6,88
RENT002394,2022-07-01,2022,7,Q3,Abu Dhabi,Abu Dhabi,Al Reef,Villa,1BR,198000,206000,16500,13.7,1.3,4.73,4.12,94.3,5.7,21.5,21,179,2.8,1200,78.9,346000,4.49,0.24,4200000,21.1,239
RENT002381,2022-07-01,2022,7,Q3,Abu Dhabi,Abu Dhabi,Al Reem Island,Apartment,Studio,77000,79000,6400,13.7,2.0,5.33,4.26,88.0,12.0,18.0,142,229,5.2,430,62.6,98000,4.93,0.4,1450000,18.8,353
RENT002382,2022-07-01,2022,7,Q3,Abu Dhabi,Abu Dhabi,Al Reem Island,Villa,2BR,208000,215000,17300,13.7,3.2,4.99,3.88,78.9,21.1,13.6,116,438,4.2,1160,63.4,268000,5.31,-0.32,4150000,20.1,198
RENT002405,2022-07-01,2022,7,Q3,Sharjah,Sharjah,Al Taawun,Apartment,2BR,41000,43000,3400,13.7,0.5,4.91,3.74,83.1,16.9,12.1,30,185,2.4,160,59.6,35000,5.25,-0.34,850000,20.4,32
RENT002406,2022-07-01,2022,7,Q3,Sharjah,Sharjah,Al Taawun,Villa,5BR+,130000,134000,10800,13.7,-0.7,4.0,3.25,79.9,20.1,12.5,114,96,3.0,800,82.1,240000,4.19,-0.19,3250000,25.0,91
RENT002361,2022-07-01,2022,7,Q3,Dubai,Dubai,Business Bay,Apartment,5BR+,104000,98000,8700,13.7,-2.3,5.11,3.95,84.3,15.7,10.8,229,1019,6.4,680,76.4,190000,5.26,-0.15,2050000,19.6,583
RENT002362,2022-07-01,2022,7,Q3,Dubai,Dubai,Business Bay,Villa,3BR,214000,210000,17800,13.7,0.2,5.21,4.07,85.8,14.2,18.4,31,485,4.2,1460,83.7,446000,5.07,0.14,4100000,19.2,115
RENT002391,2022-07-01,2022,7,Q3,Abu Dhabi,Abu Dhabi,Corniche,Apartment,4BR,122000,123000,10200,13.7,2.9,4.29,3.63,93.3,6.7,10.1,112,817,1.4,660,72.4,174000,4.64,-0.35,2850000,23.3,115
RENT002392,2022-07-01,2022,7,Q3,Abu Dhabi,Abu Dhabi,Corniche,Villa,4BR,234000,218000,19500,13.7,1.3,3.93,2.79,94.4,5.6,21.8,199,1056,6.9,1500,76.1,417000,4.22,-0.29,5950000,25.4,219
RENT002371,2022-07-01,2022,7,Q3,Dubai,Dubai,Creek Harbour,Apartment,1BR,107000,100000,8900,13.7,-0.5,4.97,4.05,87.4,12.6,13.1,21,441,4.7,550,84.6,170000,4.57,0.4,2150000,20.1,154
RENT002372,2022-07-01,2022,7,Q3,Dubai,Dubai,Creek Harbour,Villa,4BR,288000,273000,24000,13.7,1.9,5.33,4.58,79.5,20.5,20.2,127,792,1.7,1840,76.8,516000,4.88,0.45,5400000,18.8,571
RENT002373,2022-07-01,2022,7,Q3,Dubai,Dubai,DAMAC Hills,Apartment,2BR,87000,82000,7200,13.7,-2.0,5.43,4.52,84.5,15.5,10.5,76,1000,2.0,480,58.3,102000,5.02,0.41,1600000,18.4,492
RENT002374,2022-07-01,2022,7,Q3,Dubai,Dubai,DAMAC Hills,Villa,1BR,193000,198000,16100,13.7,1.3,4.78,3.75,95.9,4.1,11.1,175,117,7.2,1170,87.9,375000,4.93,-0.15,4050000,20.9,575
RENT002353,2022-07-01,2022,7,Q3,Dubai,Dubai,Downtown Dubai,Apartment,3BR,132000,124000,11000,13.7,-1.2,6.06,5.19,82.7,17.3,21.7,245,1093,5.6,710,64.7,168000,6.47,-0.41,2200000,16.5,126
RENT002354,2022-07-01,2022,7,Q3,Dubai,Dubai,Downtown Dubai,Villa,3BR,340000,315000,28300,13.7,1.9,5.02,4.39,84.3,15.7,19.4,95,654,6.0,1330,84.4,410000,5.42,-0.4,6750000,19.9,152
RENT002359,2022-07-01,2022,7,Q3,Dubai,Dubai,Dubai Hills Estate,Apartment,2BR,145000,151000,12100,13.7,1.7,4.23,3.2,96.5,3.5,16.5,225,991,6.4,700,68.1,174000,3.9,0.33,3450000,23.6,156
RENT002360,2022-07-01,2022,7,Q3,Dubai,Dubai,Dubai Hills Estate,Villa,3BR,269000,258000,22400,13.7,3.2,5.91,5.2,90.2,9.8,23.5,193,438,6.2,1350,70.9,349000,6.03,-0.12,4550000,16.9,382
RENT002355,2022-07-01,2022,7,Q3,Dubai,Dubai,Dubai Marina,Apartment,1BR,112000,114000,9300,13.7,0.4,5.01,4.41,91.0,9.0,17.7,243,407,14.9,510,61.9,115000,4.87,0.14,2250000,19.9,322
RENT002356,2022-07-01,2022,7,Q3,Dubai,Dubai,Dubai Marina,Villa,2BR,264000,264000,22000,13.7,3.1,5.36,4.19,82.4,17.6,18.3,234,417,16.6,1550,68.4,387000,5.07,0.29,4950000,18.7,213
RENT002375,2022-07-01,2022,7,Q3,Dubai,Dubai,Dubai South,Apartment,3BR,63000,60000,5200,13.7,-2.2,6.14,5.41,79.8,20.2,17.3,105,734,6.1,430,59.6,94000,6.11,0.03,1050000,16.3,413
RENT002376,2022-07-01,2022,7,Q3,Dubai,Dubai,Dubai South,Villa,2BR,165000,155000,13800,13.7,0.5,6.2,5.27,80.3,19.7,23.5,73,805,5.2,980,58.9,211000,5.89,0.31,2650000,16.1,340
RENT002369,2022-07-01,2022,7,Q3,Dubai,Dubai,JBR,Apartment,1BR,117000,109000,9800,13.7,2.1,4.17,3.16,89.7,10.3,21.6,200,908,7.0,640,70.2,164000,4.46,-0.29,2800000,24.0,352
RENT002370,2022-07-01,2022,7,Q3,Dubai,Dubai,JBR,Villa,3BR,405000,382000,33800,13.7,3.0,4.96,4.35,83.1,16.9,13.0,44,266,8.5,2410,86.5,761000,5.09,-0.13,8150000,20.2,372
RENT002363,2022-07-01,2022,7,Q3,Dubai,Dubai,JVC,Apartment,4BR,66000,64000,5500,13.7,-2.1,4.08,3.41,89.6,10.4,15.0,42,137,6.6,340,79.7,99000,3.98,0.1,1600000,24.5,393
RENT002364,2022-07-01,2022,7,Q3,Dubai,Dubai,JVC,Villa,2BR,251000,261000,20900,13.7,-0.0,5.39,4.33,96.0,4.0,11.6,50,723,2.4,960,56.0,196000,4.92,0.47,4650000,18.6,452
RENT002389,2022-07-01,2022,7,Q3,Abu Dhabi,Abu Dhabi,Khalifa City,Apartment,5BR+,71000,73000,5900,13.7,-1.4,5.52,4.37,88.6,11.4,17.9,173,1006,6.3,300,80.9,89000,5.8,-0.28,1300000,18.1,177
RENT002390,2022-07-01,2022,7,Q3,Abu Dhabi,Abu Dhabi,Khalifa City,Villa,3BR,158000,150000,13200,13.7,-2.4,4.21,3.16,85.3,14.7,13.8,101,873,6.7,1180,82.9,357000,4.39,-0.18,3750000,23.7,78
RENT002365,2022-07-01,2022,7,Q3,Dubai,Dubai,MBR City,Apartment,2BR,151000,149000,12600,13.7,3.2,5.77,4.96,84.8,15.2,23.4,151,108,3.3,730,56.1,149000,6.14,-0.37,2600000,17.3,529
RENT002366,2022-07-01,2022,7,Q3,Dubai,Dubai,MBR City,Villa,2BR,504000,465000,42000,13.7,3.2,5.75,5.18,88.2,11.8,15.7,129,1109,5.2,2270,77.2,640000,5.9,-0.15,8750000,17.4,590
RENT002395,2022-07-01,2022,7,Q3,Abu Dhabi,Abu Dhabi,Masdar City,Apartment,1BR,62000,59000,5200,13.7,1.5,4.19,3.52,80.9,19.1,15.0,202,494,7.6,420,59.1,91000,3.96,0.23,1500000,23.9,138
RENT002396,2022-07-01,2022,7,Q3,Abu Dhabi,Abu Dhabi,Masdar City,Villa,3BR,119000,117000,9900,13.7,-1.5,4.8,4.24,91.5,8.5,14.1,159,1177,1.7,530,57.9,112000,4.53,0.27,2500000,20.8,63
RENT002377,2022-07-01,2022,7,Q3,Dubai,Dubai,Meydan,Apartment,1BR,110000,101000,9200,13.7,2.5,5.02,4.34,79.8,20.2,20.9,179,215,6.4,820,78.3,234000,5.19,-0.17,2200000,19.9,416
RENT002378,2022-07-01,2022,7,Q3,Dubai,Dubai,Meydan,Villa,1BR,285000,268000,23800,13.7,3.4,3.9,3.27,94.9,5.1,14.9,183,180,2.1,1390,73.2,371000,4.08,-0.18,7300000,25.6,445
RENT002401,2022-07-01,2022,7,Q3,Sharjah,Sharjah,Muwaileh,Apartment,2BR,43000,42000,3600,13.7,-2.2,4.21,3.52,81.1,18.9,14.2,11,213,3.9,300,77.3,85000,4.01,0.2,1000000,23.8,179
RENT002402,2022-07-01,2022,7,Q3,Sharjah,Sharjah,Muwaileh,Villa,3BR,140000,131000,11700,13.7,3.0,4.15,3.0,84.8,15.2,10.4,215,1139,5.5,810,64.1,190000,4.53,-0.38,3400000,24.1,89
RENT002357,2022-07-01,2022,7,Q3,Dubai,Dubai,Palm Jumeirah,Apartment,2BR,199000,193000,16600,13.7,2.0,4.35,3.18,78.1,21.9,21.1,237,574,15.4,1190,59.0,256000,4.71,-0.36,4550000,23.0,423
RENT002358,2022-07-01,2022,7,Q3,Dubai,Dubai,Palm Jumeirah,Villa,2BR,443000,418000,36900,13.7,-1.3,4.16,3.04,84.6,15.4,18.8,33,666,18.7,2710,60.9,602000,3.99,0.17,10650000,24.0,562
RENT002383,2022-07-01,2022,7,Q3,Abu Dhabi,Abu Dhabi,Saadiyat Island,Apartment,1BR,179000,185000,14900,13.7,-0.5,4.05,3.48,81.1,18.9,21.9,191,1060,16.0,1140,67.2,280000,4.06,-0.01,4400000,24.7,338
RENT002384,2022-07-01,2022,7,Q3,Abu Dhabi,Abu Dhabi,Saadiyat Island,Villa,1BR,372000,343000,31000,13.7,-2.5,6.06,5.23,85.8,14.2,22.9,170,304,10.1,2210,63.7,514000,5.96,0.1,6150000,16.5,188
RENT002379,2022-07-01,2022,7,Q3,Dubai,Dubai,Sports City,Apartment,4BR,63000,61000,5200,13.7,0.0,4.48,3.4,83.4,16.6,10.8,165,165,4.1,400,84.6,124000,4.4,0.08,1400000,22.3,383
RENT002380,2022-07-01,2022,7,Q3,Dubai,Dubai,Sports City,Villa,3BR,173000,167000,14400,13.7,3.4,5.63,4.77,82.4,17.6,15.3,111,939,4.6,730,60.5,161000,5.94,-0.31,3050000,17.8,165
RENT002385,2022-07-01,2022,7,Q3,Abu Dhabi,Abu Dhabi,Yas Island,Apartment,2BR,98000,91000,8200,13.7,-1.9,5.25,4.71,89.5,10.5,14.5,247,363,13.3,480,69.0,121000,5.66,-0.41,1850000,19.1,49
RENT002386,2022-07-01,2022,7,Q3,Abu Dhabi,Abu Dhabi,Yas Island,Villa,Studio,316000,308000,26300,13.7,-1.2,5.91,4.89,89.2,10.8,21.5,12,962,16.6,1720,78.7,494000,5.41,0.5,5350000,16.9,359
RENT002423,2022-08-01,2022,8,Q3,Dubai,Dubai,Al Furjan,Apartment,3BR,69000,65000,5800,13.7,2.9,4.66,4.07,78.1,21.9,23.8,25,931,7.8,430,86.2,135000,4.78,-0.12,1500000,21.4,238
RENT002424,2022-08-01,2022,8,Q3,Dubai,Dubai,Al Furjan,Villa,1BR,226000,232000,18800,13.7,-0.5,5.02,3.95,85.7,14.3,10.3,147,913,4.9,1360,68.7,341000,5.18,-0.16,4500000,19.9,225
RENT002463,2022-08-01,2022,8,Q3,Ras Al Khaimah,Ras Al Khaimah,Al Hamra Village,Apartment,Studio,62000,62000,5200,13.7,1.4,5.5,4.73,88.1,11.9,17.6,46,214,7.1,330,65.7,79000,5.3,0.2,1150000,18.2,83
RENT002464,2022-08-01,2022,8,Q3,Ras Al Khaimah,Ras Al Khaimah,Al Hamra Village,Villa,2BR,153000,158000,12800,13.7,3.2,4.72,4.17,91.2,8.8,12.0,43,1168,1.8,1000,77.0,281000,5.06,-0.34,3250000,21.2,59
RENT002459,2022-08-01,2022,8,Q3,Sharjah,Sharjah,Al Khan,Apartment,2BR,44000,42000,3700,13.7,2.0,5.49,4.83,82.9,17.1,10.4,192,960,7.4,220,70.6,57000,5.11,0.38,800000,18.2,94
RENT002460,2022-08-01,2022,8,Q3,Sharjah,Sharjah,Al Khan,Villa,3BR,126000,119000,10500,13.7,-1.7,4.14,3.56,79.2,20.8,12.5,42,368,6.4,490,58.1,104000,4.59,-0.45,3050000,24.2,72
RENT002453,2022-08-01,2022,8,Q3,Sharjah,Sharjah,Al Majaz,Apartment,Studio,52000,55000,4300,13.7,2.6,4.67,4.06,78.9,21.1,12.0,120,723,7.3,220,81.0,65000,4.8,-0.13,1100000,21.4,225
RENT002454,2022-08-01,2022,8,Q3,Sharjah,Sharjah,Al Majaz,Villa,3BR,135000,140000,11200,13.7,2.2,4.48,3.57,85.1,14.9,20.8,74,257,2.3,930,65.0,221000,4.81,-0.33,3000000,22.3,199
RENT002455,2022-08-01,2022,8,Q3,Sharjah,Sharjah,Al Nahda,Apartment,1BR,42000,42000,3500,13.7,-0.8,4.36,3.4,85.4,14.6,15.1,190,837,1.4,270,75.8,75000,4.47,-0.11,950000,23.0,165
RENT002456,2022-08-01,2022,8,Q3,Sharjah,Sharjah,Al Nahda,Villa,1BR,128000,134000,10700,13.7,-1.3,4.52,3.88,93.6,6.4,16.5,96,200,6.2,530,79.1,153000,4.62,-0.1,2850000,22.1,76
RENT002443,2022-08-01,2022,8,Q3,Abu Dhabi,Abu Dhabi,Al Raha Beach,Apartment,5BR+,105000,103000,8800,13.7,1.5,4.98,3.83,78.6,21.4,21.0,107,956,6.9,660,57.7,139000,5.3,-0.32,2100000,20.1,128
RENT002444,2022-08-01,2022,8,Q3,Abu Dhabi,Abu Dhabi,Al Raha Beach,Villa,2BR,259000,242000,21600,13.7,0.5,4.34,3.62,94.6,5.4,16.0,65,1155,2.7,1780,87.6,569000,4.42,-0.08,5950000,23.0,129
RENT002449,2022-08-01,2022,8,Q3,Abu Dhabi,Abu Dhabi,Al Reef,Apartment,4BR,64000,67000,5300,13.7,-2.3,4.87,4.1,81.8,18.2,16.0,72,772,3.3,400,67.2,98000,4.97,-0.1,1300000,20.5,113
RENT002450,2022-08-01,2022,8,Q3,Abu Dhabi,Abu Dhabi,Al Reef,Villa,4BR,224000,219000,18700,13.7,-0.0,4.22,3.65,85.8,14.2,16.7,226,513,3.4,1000,69.4,253000,4.11,0.11,5300000,23.7,316
RENT002437,2022-08-01,2022,8,Q3,Abu Dhabi,Abu Dhabi,Al Reem Island,Apartment,4BR,77000,77000,6400,13.7,2.9,4.32,3.4,93.7,6.3,12.8,66,504,6.7,490,60.0,107000,3.99,0.33,1800000,23.2,206
RENT002438,2022-08-01,2022,8,Q3,Abu Dhabi,Abu Dhabi,Al Reem Island,Villa,4BR,180000,176000,15000,13.7,1.2,4.79,4.04,91.9,8.1,10.2,88,481,1.1,680,56.5,140000,5.25,-0.46,3750000,20.9,95
RENT002461,2022-08-01,2022,8,Q3,Sharjah,Sharjah,Al Taawun,Apartment,3BR,44000,42000,3700,13.7,2.9,5.16,3.99,93.1,6.9,18.0,121,316,3.3,190,75.8,53000,5.02,0.14,850000,19.4,100
RENT002462,2022-08-01,2022,8,Q3,Sharjah,Sharjah,Al Taawun,Villa,3BR,77000,72000,6400,13.7,0.8,4.25,3.59,92.5,7.5,12.5,123,106,4.4,370,82.0,111000,4.07,0.18,1800000,23.5,192
RENT002417,2022-08-01,2022,8,Q3,Dubai,Dubai,Business Bay,Apartment,Studio,91000,89000,7600,13.7,1.2,4.94,4.37,92.9,7.1,14.6,82,1094,5.1,520,81.6,155000,5.36,-0.42,1850000,20.2,142
RENT002418,2022-08-01,2022,8,Q3,Dubai,Dubai,Business Bay,Villa,Studio,166000,173000,13800,13.7,-0.9,5.58,4.94,81.3,18.7,11.0,103,1077,6.1,740,72.5,196000,5.82,-0.24,2950000,17.9,264
RENT002447,2022-08-01,2022,8,Q3,Abu Dhabi,Abu Dhabi,Corniche,Apartment,Studio,120000,121000,10000,13.7,-0.7,4.04,3.38,97.0,3.0,14.9,216,236,3.8,460,85.2,143000,4.14,-0.1,2950000,24.7,94
RENT002448,2022-08-01,2022,8,Q3,Abu Dhabi,Abu Dhabi,Corniche,Villa,Studio,283000,270000,23600,13.7,1.8,5.43,4.75,85.9,14.1,15.2,183,229,2.6,1510,72.4,399000,5.17,0.26,5200000,18.4,65
RENT002427,2022-08-01,2022,8,Q3,Dubai,Dubai,Creek Harbour,Apartment,5BR+,98000,96000,8200,13.7,3.0,4.24,3.62,94.6,5.4,12.4,64,953,3.8,610,67.4,150000,4.66,-0.42,2300000,23.6,341
RENT002428,2022-08-01,2022,8,Q3,Dubai,Dubai,Creek Harbour,Villa,1BR,198000,192000,16500,13.7,0.9,3.9,2.77,89.1,10.9,10.5,74,648,7.5,1400,86.0,439000,3.44,0.46,5100000,25.7,410
RENT002429,2022-08-01,2022,8,Q3,Dubai,Dubai,DAMAC Hills,Apartment,Studio,83000,83000,6900,13.7,2.1,5.68,4.63,93.4,6.6,17.8,10,1083,7.6,340,55.8,69000,5.84,-0.16,1450000,17.6,188
RENT002430,2022-08-01,2022,8,Q3,Dubai,Dubai,DAMAC Hills,Villa,2BR,300000,312000,25000,13.7,1.7,4.14,3.41,95.4,4.6,21.9,74,676,5.8,1860,66.2,449000,4.11,0.03,7250000,24.2,397
RENT002409,2022-08-01,2022,8,Q3,Dubai,Dubai,Downtown Dubai,Apartment,1BR,132000,133000,11000,13.7,0.3,6.21,5.27,79.5,20.5,13.6,220,292,9.7,960,59.4,208000,6.54,-0.33,2150000,16.1,123
RENT002410,2022-08-01,2022,8,Q3,Dubai,Dubai,Downtown Dubai,Villa,1BR,335000,320000,27900,13.7,3.0,5.21,4.69,94.0,6.0,20.1,41,365,16.8,1560,71.5,407000,5.54,-0.33,6450000,19.2,368
RENT002415,2022-08-01,2022,8,Q3,Dubai,Dubai,Dubai Hills Estate,Apartment,Studio,134000,128000,11200,13.7,-1.2,4.99,4.2,95.7,4.3,20.7,136,797,4.0,530,82.3,159000,5.34,-0.35,2700000,20.0,407
RENT002416,2022-08-01,2022,8,Q3,Dubai,Dubai,Dubai Hills Estate,Villa,1BR,320000,301000,26700,13.7,-1.7,4.56,3.61,90.4,9.6,12.8,249,413,4.7,1640,56.6,339000,4.14,0.42,7000000,21.9,200
RENT002411,2022-08-01,2022,8,Q3,Dubai,Dubai,Dubai Marina,Apartment,3BR,95000,93000,7900,13.7,-2.4,4.11,3.33,87.0,13.0,20.9,133,237,17.0,510,73.2,136000,3.88,0.23,2300000,24.3,123
RENT002412,2022-08-01,2022,8,Q3,Dubai,Dubai,Dubai Marina,Villa,3BR,219000,230000,18200,13.7,3.2,5.55,4.42,95.8,4.2,22.3,24,932,7.6,1250,61.3,280000,5.74,-0.19,3950000,18.0,272
RENT002431,2022-08-01,2022,8,Q3,Dubai,Dubai,Dubai South,Apartment,3BR,65000,63000,5400,13.7,1.5,4.53,3.87,90.6,9.4,11.0,120,1005,6.6,260,63.0,60000,4.78,-0.25,1450000,22.1,267
RENT002432,2022-08-01,2022,8,Q3,Dubai,Dubai,Dubai South,Villa,3BR,197000,195000,16400,13.7,0.8,3.98,2.78,83.4,16.6,17.8,26,1011,5.7,800,70.5,206000,4.26,-0.28,4950000,25.1,546
RENT002425,2022-08-01,2022,8,Q3,Dubai,Dubai,JBR,Apartment,3BR,109000,101000,9100,13.7,0.6,6.07,5.48,86.2,13.8,10.6,179,792,15.0,470,76.2,131000,6.29,-0.22,1800000,16.5,294
RENT002426,2022-08-01,2022,8,Q3,Dubai,Dubai,JBR,Villa,2BR,349000,339000,29100,13.7,-0.2,4.71,3.9,83.6,16.4,21.1,70,270,13.7,1430,72.8,380000,4.24,0.47,7400000,21.2,158
RENT002419,2022-08-01,2022,8,Q3,Dubai,Dubai,JVC,Apartment,3BR,64000,65000,5300,13.7,3.3,4.8,3.76,85.3,14.7,22.3,20,484,4.8,300,65.1,71000,4.53,0.27,1350000,20.9,392
RENT002420,2022-08-01,2022,8,Q3,Dubai,Dubai,JVC,Villa,3BR,213000,218000,17800,13.7,3.2,5.54,4.89,88.2,11.8,14.0,203,668,6.0,1350,73.3,361000,5.42,0.12,3850000,18.1,442
RENT002445,2022-08-01,2022,8,Q3,Abu Dhabi,Abu Dhabi,Khalifa City,Apartment,2BR,71000,67000,5900,13.7,-1.4,5.8,5.0,86.4,13.6,11.8,153,90,7.4,390,74.5,106000,5.71,0.09,1200000,17.2,271
RENT002446,2022-08-01,2022,8,Q3,Abu Dhabi,Abu Dhabi,Khalifa City,Villa,4BR,251000,256000,20900,13.7,-1.1,5.68,4.52,82.4,17.6,14.5,122,680,2.2,1090,59.6,237000,5.26,0.42,4400000,17.6,231
RENT002421,2022-08-01,2022,8,Q3,Dubai,Dubai,MBR City,Apartment,1BR,152000,144000,12700,13.7,-0.7,4.06,3.11,79.9,20.1,13.4,90,428,4.4,730,70.8,189000,4.17,-0.11,3750000,24.7,81
RENT002422,2022-08-01,2022,8,Q3,Dubai,Dubai,MBR City,Villa,Studio,254000,261000,21200,13.7,2.5,4.01,3.0,84.7,15.3,16.8,226,752,7.2,1240,77.7,352000,4.12,-0.11,6350000,24.9,363
RENT002451,2022-08-01,2022,8,Q3,Abu Dhabi,Abu Dhabi,Masdar City,Apartment,1BR,57000,55000,4800,13.7,-1.3,4.72,3.96,90.9,9.1,14.6,152,154,5.5,380,82.6,115000,4.89,-0.17,1200000,21.2,242
RENT002452,2022-08-01,2022,8,Q3,Abu Dhabi,Abu Dhabi,Masdar City,Villa,1BR,123000,120000,10200,13.7,3.1,4.87,4.03,96.3,3.7,14.2,71,531,7.9,640,80.8,189000,5.05,-0.18,2550000,20.5,86
RENT002433,2022-08-01,2022,8,Q3,Dubai,Dubai,Meydan,Apartment,Studio,91000,87000,7600,13.7,1.4,5.82,4.64,81.4,18.6,21.1,13,297,4.2,650,73.4,174000,5.51,0.31,1550000,17.2,245
RENT002434,2022-08-01,2022,8,Q3,Dubai,Dubai,Meydan,Villa,4BR,281000,291000,23400,13.7,-1.8,4.85,4.27,92.4,7.6,20.1,150,188,7.4,1450,75.1,397000,4.95,-0.1,5800000,20.6,223
RENT002457,2022-08-01,2022,8,Q3,Sharjah,Sharjah,Muwaileh,Apartment,3BR,42000,42000,3500,13.7,-0.3,3.91,3.32,92.3,7.7,19.0,10,155,1.2,270,65.9,65000,3.67,0.24,1050000,25.6,129
RENT002458,2022-08-01,2022,8,Q3,Sharjah,Sharjah,Muwaileh,Villa,2BR,136000,142000,11300,13.7,-2.3,4.62,3.64,96.0,4.0,22.2,217,200,5.9,760,73.2,203000,4.75,-0.13,2950000,21.6,77
RENT002413,2022-08-01,2022,8,Q3,Dubai,Dubai,Palm Jumeirah,Apartment,2BR,217000,203000,18100,13.7,0.1,5.01,4.09,85.4,14.6,21.5,234,724,18.6,820,63.2,189000,5.32,-0.31,4350000,20.0,132
RENT002414,2022-08-01,2022,8,Q3,Dubai,Dubai,Palm Jumeirah,Villa,Studio,711000,712000,59200,13.7,2.2,4.25,3.46,78.9,21.1,19.1,103,742,8.6,5020,62.3,1142000,4.5,-0.25,16700000,23.5,445
RENT002439,2022-08-01,2022,8,Q3,Abu Dhabi,Abu Dhabi,Saadiyat Island,Apartment,5BR+,173000,166000,14400,13.7,0.8,5.54,4.97,81.3,18.7,10.6,86,1191,16.2,820,70.5,211000,5.95,-0.41,3100000,18.1,180
RENT002440,2022-08-01,2022,8,Q3,Abu Dhabi,Abu Dhabi,Saadiyat Island,Villa,3BR,457000,467000,38100,13.7,0.2,3.92,2.88,84.5,15.5,17.8,112,772,12.8,2190,87.9,703000,3.91,0.01,11650000,25.5,221
RENT002435,2022-08-01,2022,8,Q3,Dubai,Dubai,Sports City,Apartment,Studio,56000,52000,4700,13.7,-2.0,4.89,4.15,87.7,12.3,16.6,28,61,6.6,300,75.4,83000,4.84,0.05,1150000,20.4,529
RENT002436,2022-08-01,2022,8,Q3,Dubai,Dubai,Sports City,Villa,Studio,124000,119000,10300,13.7,-2.4,4.56,4.02,92.1,7.9,17.7,85,959,1.4,590,60.7,131000,4.22,0.34,2700000,21.9,128
RENT002441,2022-08-01,2022,8,Q3,Abu Dhabi,Abu Dhabi,Yas Island,Apartment,3BR,87000,81000,7200,13.7,-1.1,6.12,5.07,86.1,13.9,12.8,160,894,9.2,330,56.0,67000,6.49,-0.37,1400000,16.3,248
RENT002442,2022-08-01,2022,8,Q3,Abu Dhabi,Abu Dhabi,Yas Island,Villa,2BR,254000,245000,21200,13.7,3.0,5.41,4.7,96.3,3.7,10.1,173,944,7.2,1690,61.6,380000,5.71,-0.3,4700000,18.5,313
RENT002479,2022-09-01,2022,9,Q3,Dubai,Dubai,Al Furjan,Apartment,3BR,74000,70000,6200,13.7,1.8,4.16,3.39,87.3,12.7,14.6,47,119,6.3,360,63.1,83000,4.23,-0.07,1800000,24.0,242
RENT002480,2022-09-01,2022,9,Q3,Dubai,Dubai,Al Furjan,Villa,3BR,215000,225000,17900,13.7,1.5,4.41,3.46,90.5,9.5,21.6,56,893,2.4,1590,77.0,447000,4.0,0.41,4850000,22.7,293
RENT002519,2022-09-01,2022,9,Q3,Ras Al Khaimah,Ras Al Khaimah,Al Hamra Village,Apartment,2BR,60000,61000,5000,13.7,3.2,4.18,3.49,86.8,13.2,13.4,164,1129,2.6,280,86.2,88000,4.14,0.04,1450000,23.9,65
RENT002520,2022-09-01,2022,9,Q3,Ras Al Khaimah,Ras Al Khaimah,Al Hamra Village,Villa,3BR,116000,109000,9700,13.7,2.4,5.04,4.11,84.0,16.0,18.6,78,808,2.9,690,84.8,214000,5.08,-0.04,2300000,19.8,57
RENT002515,2022-09-01,2022,9,Q3,Sharjah,Sharjah,Al Khan,Apartment,2BR,42000,41000,3500,13.7,-1.7,6.05,5.46,78.3,21.7,15.3,49,378,1.4,280,82.2,84000,5.9,0.15,700000,16.5,166
RENT002516,2022-09-01,2022,9,Q3,Sharjah,Sharjah,Al Khan,Villa,2BR,148000,141000,12300,13.7,1.1,4.45,3.78,90.3,9.7,16.6,248,438,2.8,660,71.8,173000,4.84,-0.39,3350000,22.5,115
RENT002509,2022-09-01,2022,9,Q3,Sharjah,Sharjah,Al Majaz,Apartment,1BR,47000,43000,3900,13.7,2.8,4.4,3.85,94.9,5.1,15.0,160,349,6.4,340,66.6,83000,4.62,-0.22,1050000,22.7,50
RENT002510,2022-09-01,2022,9,Q3,Sharjah,Sharjah,Al Majaz,Villa,1BR,151000,151000,12600,13.7,1.3,5.34,4.35,87.2,12.8,12.6,102,650,2.1,910,60.8,202000,5.4,-0.06,2850000,18.7,151
RENT002511,2022-09-01,2022,9,Q3,Sharjah,Sharjah,Al Nahda,Apartment,5BR+,45000,46000,3800,13.7,0.3,4.52,3.98,78.4,21.6,23.0,95,275,4.0,320,55.0,64000,4.75,-0.23,1000000,22.1,215
RENT002512,2022-09-01,2022,9,Q3,Sharjah,Sharjah,Al Nahda,Villa,2BR,76000,80000,6300,13.7,1.4,5.22,4.68,87.0,13.0,12.4,176,1150,7.5,500,78.3,143000,5.71,-0.49,1450000,19.2,46
RENT002499,2022-09-01,2022,9,Q3,Abu Dhabi,Abu Dhabi,Al Raha Beach,Apartment,Studio,101000,101000,8400,13.7,-2.3,4.19,3.66,89.8,10.2,21.1,142,212,1.3,640,70.7,165000,4.4,-0.21,2400000,23.9,311
RENT002500,2022-09-01,2022,9,Q3,Abu Dhabi,Abu Dhabi,Al Raha Beach,Villa,2BR,222000,206000,18500,13.7,1.1,6.03,5.0,87.4,12.6,14.6,65,412,6.0,1210,84.1,371000,6.46,-0.43,3700000,16.6,256
RENT002505,2022-09-01,2022,9,Q3,Abu Dhabi,Abu Dhabi,Al Reef,Apartment,2BR,67000,65000,5600,13.7,3.4,3.97,3.21,85.6,14.4,18.6,215,584,6.8,460,82.5,139000,4.02,-0.05,1700000,25.2,152
RENT002506,2022-09-01,2022,9,Q3,Abu Dhabi,Abu Dhabi,Al Reef,Villa,2BR,160000,156000,13300,13.7,-2.0,5.92,4.85,78.7,21.3,21.4,26,168,3.0,1100,80.8,324000,5.72,0.2,2700000,16.9,242
RENT002493,2022-09-01,2022,9,Q3,Abu Dhabi,Abu Dhabi,Al Reem Island,Apartment,2BR,80000,74000,6700,13.7,2.6,4.34,3.75,87.4,12.6,15.9,160,856,3.3,440,75.0,120000,4.71,-0.37,1850000,23.0,356
RENT002494,2022-09-01,2022,9,Q3,Abu Dhabi,Abu Dhabi,Al Reem Island,Villa,Studio,200000,192000,16700,13.7,2.7,4.25,3.12,92.5,7.5,22.9,225,888,1.5,890,63.1,205000,4.25,0.0,4700000,23.5,288
RENT002517,2022-09-01,2022,9,Q3,Sharjah,Sharjah,Al Taawun,Apartment,4BR,38000,39000,3200,13.7,-1.0,4.19,3.34,89.5,10.5,10.5,79,437,4.0,270,65.6,65000,4.57,-0.38,900000,23.9,115
RENT002518,2022-09-01,2022,9,Q3,Sharjah,Sharjah,Al Taawun,Villa,Studio,103000,105000,8600,13.7,-2.2,4.13,3.09,78.8,21.2,16.8,182,510,4.0,510,55.9,104000,3.82,0.31,2500000,24.2,106
RENT002473,2022-09-01,2022,9,Q3,Dubai,Dubai,Business Bay,Apartment,1BR,95000,91000,7900,13.7,0.5,3.91,3.0,92.1,7.9,23.6,222,112,3.9,490,70.2,126000,4.4,-0.49,2450000,25.6,559
RENT002474,2022-09-01,2022,9,Q3,Dubai,Dubai,Business Bay,Villa,2BR,245000,247000,20400,13.7,-0.6,5.42,4.56,89.4,10.6,15.8,119,1119,3.3,1180,86.9,374000,5.79,-0.37,4500000,18.5,508
RENT002503,2022-09-01,2022,9,Q3,Abu Dhabi,Abu Dhabi,Corniche,Apartment,Studio,110000,112000,9200,13.7,-0.4,4.36,3.43,83.0,17.0,19.3,82,1029,3.9,770,55.1,155000,4.51,-0.15,2500000,22.9,265
RENT002504,2022-09-01,2022,9,Q3,Abu Dhabi,Abu Dhabi,Corniche,Villa,2BR,360000,341000,30000,13.7,-0.8,5.52,4.6,88.5,11.5,12.2,68,243,6.7,1800,85.3,560000,5.27,0.25,6500000,18.1,288
RENT002483,2022-09-01,2022,9,Q3,Dubai,Dubai,Creek Harbour,Apartment,3BR,108000,110000,9000,13.7,-1.8,5.36,4.64,92.3,7.7,22.0,198,266,7.6,650,75.4,179000,5.75,-0.39,2000000,18.6,159
RENT002484,2022-09-01,2022,9,Q3,Dubai,Dubai,Creek Harbour,Villa,4BR,319000,320000,26600,13.7,-1.9,3.87,2.77,89.0,11.0,15.4,197,577,1.9,2250,58.2,478000,3.49,0.38,8250000,25.9,241
RENT002485,2022-09-01,2022,9,Q3,Dubai,Dubai,DAMAC Hills,Apartment,1BR,88000,86000,7300,13.7,0.0,4.21,3.16,90.0,10.0,21.8,215,976,4.8,350,63.4,81000,4.6,-0.39,2100000,23.8,295
RENT002486,2022-09-01,2022,9,Q3,Dubai,Dubai,DAMAC Hills,Villa,2BR,271000,284000,22600,13.7,-2.4,5.26,4.64,89.6,10.4,14.7,118,364,2.2,1680,81.0,497000,4.8,0.46,5150000,19.0,152
RENT002465,2022-09-01,2022,9,Q3,Dubai,Dubai,Downtown Dubai,Apartment,4BR,115000,118000,9600,13.7,3.2,4.11,3.39,84.6,15.4,18.3,57,211,11.9,790,80.7,233000,4.34,-0.23,2800000,24.3,194
RENT002466,2022-09-01,2022,9,Q3,Dubai,Dubai,Downtown Dubai,Villa,5BR+,303000,299000,25200,13.7,-1.4,5.63,4.61,84.2,15.8,11.8,164,163,13.2,2050,82.0,614000,5.18,0.45,5400000,17.8,595
RENT002471,2022-09-01,2022,9,Q3,Dubai,Dubai,Dubai Hills Estate,Apartment,5BR+,139000,130000,11600,13.7,2.1,6.14,5.19,85.9,14.1,20.6,190,638,7.6,650,56.3,134000,5.84,0.3,2250000,16.3,108
RENT002472,2022-09-01,2022,9,Q3,Dubai,Dubai,Dubai Hills Estate,Villa,3BR,354000,356000,29500,13.7,3.4,3.99,3.01,80.7,19.3,22.6,205,720,1.1,2150,81.1,636000,4.02,-0.03,8850000,25.0,514
RENT002467,2022-09-01,2022,9,Q3,Dubai,Dubai,Dubai Marina,Apartment,1BR,108000,110000,9000,13.7,0.7,4.04,3.29,86.9,13.1,11.7,218,529,6.5,440,65.6,105000,4.16,-0.12,2700000,24.8,398
RENT002468,2022-09-01,2022,9,Q3,Dubai,Dubai,Dubai Marina,Villa,1BR,235000,242000,19600,13.7,-1.9,6.09,5.13,91.9,8.1,19.2,18,759,6.1,1070,71.5,279000,5.61,0.48,3850000,16.4,403
RENT002487,2022-09-01,2022,9,Q3,Dubai,Dubai,Dubai South,Apartment,5BR+,62000,58000,5200,13.7,-0.4,5.26,4.25,95.3,4.7,10.4,191,623,3.8,400,61.1,89000,5.18,0.08,1200000,19.0,485
RENT002488,2022-09-01,2022,9,Q3,Dubai,Dubai,Dubai South,Villa,2BR,190000,181000,15800,13.7,3.0,4.3,3.24,89.6,10.4,10.9,242,1028,6.4,820,85.5,256000,3.93,0.37,4400000,23.3,586
RENT002481,2022-09-01,2022,9,Q3,Dubai,Dubai,JBR,Apartment,2BR,117000,117000,9800,13.7,0.1,4.16,2.99,94.3,5.7,11.4,236,916,8.8,860,75.6,237000,3.68,0.48,2800000,24.0,380
RENT002482,2022-09-01,2022,9,Q3,Dubai,Dubai,JBR,Villa,4BR,285000,281000,23800,13.7,-0.5,5.42,4.25,87.0,13.0,23.3,81,229,12.0,1700,85.0,527000,5.71,-0.29,5250000,18.4,468
RENT002475,2022-09-01,2022,9,Q3,Dubai,Dubai,JVC,Apartment,1BR,61000,57000,5100,13.7,1.1,4.77,3.91,94.2,5.8,11.1,73,913,3.8,240,78.4,69000,4.64,0.13,1300000,21.0,514
RENT002476,2022-09-01,2022,9,Q3,Dubai,Dubai,JVC,Villa,2BR,147000,137000,12200,13.7,-2.5,4.6,4.06,81.1,18.9,21.7,144,890,2.5,870,57.5,183000,4.45,0.15,3200000,21.7,347
RENT002501,2022-09-01,2022,9,Q3,Abu Dhabi,Abu Dhabi,Khalifa City,Apartment,2BR,73000,68000,6100,13.7,2.3,4.0,3.42,94.4,5.6,15.5,114,206,5.7,370,66.8,90000,4.1,-0.1,1850000,25.0,208
RENT002502,2022-09-01,2022,9,Q3,Abu Dhabi,Abu Dhabi,Khalifa City,Villa,Studio,139000,132000,11600,13.7,-0.3,4.26,3.49,95.7,4.3,20.7,127,735,7.2,820,57.6,172000,4.36,-0.1,3250000,23.5,220
RENT002477,2022-09-01,2022,9,Q3,Dubai,Dubai,MBR City,Apartment,1BR,151000,158000,12600,13.7,2.7,5.92,5.3,79.1,20.9,17.1,248,294,5.5,880,61.1,196000,5.8,0.12,2550000,16.9,493
RENT002478,2022-09-01,2022,9,Q3,Dubai,Dubai,MBR City,Villa,2BR,401000,416000,33400,13.7,3.4,4.26,3.21,82.3,17.7,19.1,201,1112,7.3,2110,65.2,502000,3.94,0.32,9400000,23.5,289
RENT002507,2022-09-01,2022,9,Q3,Abu Dhabi,Abu Dhabi,Masdar City,Apartment,2BR,62000,60000,5200,13.7,-2.2,4.65,4.14,85.6,14.4,14.5,68,921,1.5,310,65.6,74000,4.68,-0.03,1350000,21.5,53
RENT002508,2022-09-01,2022,9,Q3,Abu Dhabi,Abu Dhabi,Masdar City,Villa,2BR,146000,140000,12200,13.7,-2.2,5.63,4.65,83.3,16.7,20.4,211,127,7.2,630,81.6,188000,5.97,-0.34,2600000,17.8,96
RENT002489,2022-09-01,2022,9,Q3,Dubai,Dubai,Meydan,Apartment,1BR,89000,92000,7400,13.7,0.3,4.78,3.6,90.5,9.5,22.1,172,791,7.0,650,79.7,189000,4.31,0.47,1850000,20.9,583
RENT002490,2022-09-01,2022,9,Q3,Dubai,Dubai,Meydan,Villa,5BR+,269000,269000,22400,13.7,-0.8,5.69,4.92,95.3,4.7,12.1,138,504,3.8,1680,70.0,429000,6.14,-0.45,4750000,17.6,561
RENT002513,2022-09-01,2022,9,Q3,Sharjah,Sharjah,Muwaileh,Apartment,4BR,39000,37000,3200,13.7,-0.5,5.25,4.67,79.1,20.9,19.4,172,653,5.1,140,55.8,29000,5.65,-0.4,750000,19.0,188
RENT002514,2022-09-01,2022,9,Q3,Sharjah,Sharjah,Muwaileh,Villa,1BR,85000,88000,7100,13.7,3.2,5.52,4.65,96.1,3.9,12.9,209,835,1.4,310,63.7,72000,5.96,-0.44,1550000,18.1,74
RENT002469,2022-09-01,2022,9,Q3,Dubai,Dubai,Palm Jumeirah,Apartment,1BR,202000,195000,16800,13.7,0.1,4.36,3.53,89.2,10.8,18.1,245,511,5.5,1160,83.9,355000,4.69,-0.33,4650000,22.9,265
RENT002470,2022-09-01,2022,9,Q3,Dubai,Dubai,Palm Jumeirah,Villa,5BR+,664000,658000,55300,13.7,1.2,5.75,5.04,95.4,4.6,11.9,206,521,16.3,3280,67.5,808000,5.88,-0.13,11550000,17.4,165
RENT002495,2022-09-01,2022,9,Q3,Abu Dhabi,Abu Dhabi,Saadiyat Island,Apartment,5BR+,157000,157000,13100,13.7,-2.4,5.15,4.27,80.5,19.5,10.6,131,707,18.8,740,66.7,180000,5.49,-0.34,3050000,19.4,146
RENT002496,2022-09-01,2022,9,Q3,Abu Dhabi,Abu Dhabi,Saadiyat Island,Villa,3BR,376000,362000,31300,13.7,1.0,3.98,3.46,96.6,3.4,17.2,250,995,11.4,1350,65.3,322000,4.12,-0.14,9450000,25.1,320
RENT002491,2022-09-01,2022,9,Q3,Dubai,Dubai,Sports City,Apartment,1BR,59000,59000,4900,13.7,0.1,4.02,3.41,92.3,7.7,10.5,39,693,7.1,380,67.7,94000,4.11,-0.09,1450000,24.9,188
RENT002492,2022-09-01,2022,9,Q3,Dubai,Dubai,Sports City,Villa,Studio,160000,149000,13300,13.7,-0.1,5.72,5.02,78.7,21.3,16.0,187,1073,7.5,780,69.8,199000,5.22,0.5,2800000,17.5,257
RENT002497,2022-09-01,2022,9,Q3,Abu Dhabi,Abu Dhabi,Yas Island,Apartment,4BR,94000,94000,7800,13.7,0.9,4.0,3.3,95.5,4.5,14.8,159,711,16.6,680,64.9,161000,3.85,0.15,2350000,25.0,66
RENT002498,2022-09-01,2022,9,Q3,Abu Dhabi,Abu Dhabi,Yas Island,Villa,1BR,280000,279000,23300,13.7,-2.1,4.3,3.52,94.8,5.2,12.3,200,971,15.7,1370,72.6,363000,3.91,0.39,6500000,23.3,298
RENT002535,2022-10-01,2022,10,Q4,Dubai,Dubai,Al Furjan,Apartment,2BR,75000,77000,6200,13.7,-0.5,6.02,5.31,84.9,15.1,23.9,41,1132,6.8,310,85.9,97000,5.72,0.3,1250000,16.6,96
RENT002536,2022-10-01,2022,10,Q4,Dubai,Dubai,Al Furjan,Villa,2BR,226000,227000,18800,13.7,-0.1,4.01,3.13,89.4,10.6,14.7,108,362,4.8,1240,70.1,317000,4.43,-0.42,5650000,24.9,418
RENT002575,2022-10-01,2022,10,Q4,Ras Al Khaimah,Ras Al Khaimah,Al Hamra Village,Apartment,1BR,55000,55000,4600,13.7,1.6,4.26,3.71,86.6,13.4,12.1,86,796,3.5,220,87.4,70000,3.8,0.46,1300000,23.4,44
RENT002576,2022-10-01,2022,10,Q4,Ras Al Khaimah,Ras Al Khaimah,Al Hamra Village,Villa,Studio,170000,168000,14200,13.7,-0.9,3.92,3.29,95.5,4.5,19.1,152,1110,4.7,870,71.9,228000,3.45,0.47,4350000,25.5,102
RENT002571,2022-10-01,2022,10,Q4,Sharjah,Sharjah,Al Khan,Apartment,2BR,44000,45000,3700,13.7,2.9,4.06,3.3,79.9,20.1,16.0,230,640,5.3,230,87.6,74000,4.01,0.05,1100000,24.6,204
RENT002572,2022-10-01,2022,10,Q4,Sharjah,Sharjah,Al Khan,Villa,2BR,105000,106000,8800,13.7,-0.9,4.4,3.7,86.5,13.5,16.5,202,926,2.5,440,72.5,116000,4.75,-0.35,2400000,22.7,62
RENT002565,2022-10-01,2022,10,Q4,Sharjah,Sharjah,Al Majaz,Apartment,1BR,46000,48000,3800,13.7,-0.7,5.57,4.55,90.6,9.4,11.6,128,585,1.7,180,77.8,51000,5.63,-0.06,850000,18.0,222
RENT002566,2022-10-01,2022,10,Q4,Sharjah,Sharjah,Al Majaz,Villa,3BR,147000,153000,12200,13.7,3.3,3.85,2.94,94.3,5.7,12.0,89,386,8.0,810,63.2,187000,4.26,-0.41,3800000,26.0,41
RENT002567,2022-10-01,2022,10,Q4,Sharjah,Sharjah,Al Nahda,Apartment,2BR,45000,45000,3800,13.7,0.7,6.07,5.14,83.7,16.3,17.9,104,627,3.0,330,69.4,84000,5.76,0.31,750000,16.5,113
RENT002568,2022-10-01,2022,10,Q4,Sharjah,Sharjah,Al Nahda,Villa,3BR,126000,118000,10500,13.7,2.9,4.95,3.77,93.5,6.5,11.1,102,790,4.2,540,86.1,170000,5.4,-0.45,2550000,20.2,205
RENT002555,2022-10-01,2022,10,Q4,Abu Dhabi,Abu Dhabi,Al Raha Beach,Apartment,2BR,97000,90000,8100,13.7,-1.3,5.83,5.01,96.1,3.9,14.6,208,549,5.2,570,73.9,154000,5.43,0.4,1650000,17.2,70
RENT002556,2022-10-01,2022,10,Q4,Abu Dhabi,Abu Dhabi,Al Raha Beach,Villa,4BR,321000,316000,26800,13.7,-0.0,4.35,3.56,91.4,8.6,19.6,166,420,5.8,1560,58.9,335000,4.44,-0.09,7400000,23.0,255
RENT002561,2022-10-01,2022,10,Q4,Abu Dhabi,Abu Dhabi,Al Reef,Apartment,4BR,66000,67000,5500,13.7,3.4,5.08,4.1,82.1,17.9,16.5,150,1140,4.6,280,86.1,88000,4.92,0.16,1300000,19.7,203
RENT002562,2022-10-01,2022,10,Q4,Abu Dhabi,Abu Dhabi,Al Reef,Villa,Studio,203000,190000,16900,13.7,-0.9,4.82,3.68,84.6,15.4,10.8,42,186,1.2,1160,73.4,311000,5.1,-0.28,4200000,20.7,92
RENT002549,2022-10-01,2022,10,Q4,Abu Dhabi,Abu Dhabi,Al Reem Island,Apartment,2BR,70000,68000,5800,13.7,2.2,5.18,4.0,89.8,10.2,10.7,114,157,6.0,380,79.5,110000,4.72,0.46,1350000,19.3,178
RENT002550,2022-10-01,2022,10,Q4,Abu Dhabi,Abu Dhabi,Al Reem Island,Villa,1BR,244000,226000,20300,13.7,0.9,5.82,4.94,80.9,19.1,23.2,138,227,2.2,1370,62.2,311000,6.29,-0.47,4200000,17.2,300
RENT002573,2022-10-01,2022,10,Q4,Sharjah,Sharjah,Al Taawun,Apartment,Studio,40000,37000,3300,13.7,-0.2,4.17,3.53,82.5,17.5,20.5,71,135,4.1,210,71.2,55000,3.82,0.35,950000,24.0,145
RENT002574,2022-10-01,2022,10,Q4,Sharjah,Sharjah,Al Taawun,Villa,2BR,125000,126000,10400,13.7,2.3,5.49,4.34,93.8,6.2,21.7,24,996,5.9,660,61.7,149000,5.21,0.28,2300000,18.2,64
RENT002529,2022-10-01,2022,10,Q4,Dubai,Dubai,Business Bay,Apartment,2BR,94000,93000,7800,13.7,-1.4,4.13,3.06,80.9,19.1,22.9,126,148,7.5,540,85.2,168000,3.75,0.38,2300000,24.2,491
RENT002530,2022-10-01,2022,10,Q4,Dubai,Dubai,Business Bay,Villa,5BR+,220000,209000,18300,13.7,-2.1,4.01,3.34,95.4,4.6,12.5,197,214,6.4,1060,87.1,337000,3.88,0.13,5500000,24.9,252
RENT002559,2022-10-01,2022,10,Q4,Abu Dhabi,Abu Dhabi,Corniche,Apartment,Studio,114000,118000,9500,13.7,-0.6,4.72,4.18,87.5,12.5,14.1,155,896,2.5,800,62.6,183000,4.57,0.15,2400000,21.2,54
RENT002560,2022-10-01,2022,10,Q4,Abu Dhabi,Abu Dhabi,Corniche,Villa,3BR,328000,324000,27300,13.7,-2.2,5.46,4.36,88.1,11.9,21.5,190,145,2.9,2330,82.3,700000,5.81,-0.35,6000000,18.3,56
RENT002539,2022-10-01,2022,10,Q4,Dubai,Dubai,Creek Harbour,Apartment,3BR,107000,106000,8900,13.7,2.3,5.49,4.84,94.2,5.8,13.4,165,739,4.1,610,78.4,175000,5.86,-0.37,1950000,18.2,340
RENT002540,2022-10-01,2022,10,Q4,Dubai,Dubai,Creek Harbour,Villa,1BR,304000,318000,25300,13.7,2.5,4.0,3.38,96.0,4.0,11.4,223,278,4.9,1150,62.3,262000,4.1,-0.1,7600000,25.0,152
RENT002541,2022-10-01,2022,10,Q4,Dubai,Dubai,DAMAC Hills,Apartment,3BR,87000,85000,7200,13.7,-0.1,6.22,5.47,82.6,17.4,20.8,55,156,7.3,560,82.6,169000,5.96,0.26,1400000,16.1,570
RENT002542,2022-10-01,2022,10,Q4,Dubai,Dubai,DAMAC Hills,Villa,4BR,180000,168000,15000,13.7,-1.9,5.26,4.34,88.3,11.7,16.9,75,280,2.9,690,81.0,204000,5.0,0.26,3400000,19.0,466
RENT002521,2022-10-01,2022,10,Q4,Dubai,Dubai,Downtown Dubai,Apartment,2BR,112000,105000,9300,13.7,-2.1,5.03,4.06,92.8,7.2,16.3,50,706,18.1,590,62.0,134000,4.95,0.08,2250000,19.9,370
RENT002522,2022-10-01,2022,10,Q4,Dubai,Dubai,Downtown Dubai,Villa,3BR,338000,339000,28200,13.7,2.7,6.19,5.66,87.7,12.3,11.8,42,843,17.3,1840,74.9,503000,6.39,-0.2,5450000,16.2,435
RENT002527,2022-10-01,2022,10,Q4,Dubai,Dubai,Dubai Hills Estate,Apartment,Studio,124000,126000,10300,13.7,1.0,5.38,4.25,90.9,9.1,10.1,62,90,7.9,900,73.2,240000,4.97,0.41,2300000,18.6,479
RENT002528,2022-10-01,2022,10,Q4,Dubai,Dubai,Dubai Hills Estate,Villa,Studio,291000,273000,24200,13.7,2.6,5.51,4.81,85.5,14.5,22.4,150,119,7.7,1840,81.3,546000,5.52,-0.01,5300000,18.1,87
RENT002523,2022-10-01,2022,10,Q4,Dubai,Dubai,Dubai Marina,Apartment,1BR,99000,99000,8200,13.7,0.5,4.27,3.39,82.5,17.5,18.1,182,168,9.7,440,77.1,124000,4.65,-0.38,2300000,23.4,155
RENT002524,2022-10-01,2022,10,Q4,Dubai,Dubai,Dubai Marina,Villa,2BR,301000,294000,25100,13.7,0.5,4.36,3.48,84.1,15.9,22.1,17,573,5.2,1400,85.2,435000,4.44,-0.08,6900000,22.9,280
RENT002543,2022-10-01,2022,10,Q4,Dubai,Dubai,Dubai South,Apartment,4BR,58000,56000,4800,13.7,1.8,4.74,3.63,83.4,16.6,18.4,97,861,4.9,330,65.0,78000,4.33,0.41,1200000,21.1,214
RENT002544,2022-10-01,2022,10,Q4,Dubai,Dubai,Dubai South,Villa,5BR+,196000,199000,16300,13.7,-0.1,4.26,3.72,83.1,16.9,12.0,205,379,6.3,1340,58.4,286000,4.61,-0.35,4600000,23.5,169
RENT002537,2022-10-01,2022,10,Q4,Dubai,Dubai,JBR,Apartment,2BR,102000,98000,8500,13.7,0.1,5.92,5.09,78.2,21.8,10.9,59,231,8.5,400,65.3,95000,6.05,-0.13,1700000,16.9,335
RENT002538,2022-10-01,2022,10,Q4,Dubai,Dubai,JBR,Villa,2BR,221000,212000,18400,13.7,-0.8,5.76,4.57,85.6,14.4,18.5,239,166,18.9,1260,79.8,367000,5.89,-0.13,3850000,17.4,264
RENT002531,2022-10-01,2022,10,Q4,Dubai,Dubai,JVC,Apartment,3BR,66000,66000,5500,13.7,-1.8,4.69,3.7,80.6,19.4,13.1,121,218,6.5,350,74.4,95000,4.45,0.24,1400000,21.3,556
RENT002532,2022-10-01,2022,10,Q4,Dubai,Dubai,JVC,Villa,1BR,114000,120000,9500,13.7,0.2,3.96,3.39,80.0,20.0,22.7,47,1195,4.0,530,82.9,160000,4.1,-0.14,2900000,25.3,266
RENT002557,2022-10-01,2022,10,Q4,Abu Dhabi,Abu Dhabi,Khalifa City,Apartment,1BR,70000,67000,5800,13.7,0.8,3.9,3.35,91.1,8.9,23.5,37,330,5.6,280,67.9,69000,3.64,0.26,1800000,25.6,99
RENT002558,2022-10-01,2022,10,Q4,Abu Dhabi,Abu Dhabi,Khalifa City,Villa,1BR,185000,171000,15400,13.7,-0.6,4.16,3.22,91.9,8.1,20.0,25,85,6.2,950,68.7,238000,3.91,0.25,4450000,24.1,326
RENT002533,2022-10-01,2022,10,Q4,Dubai,Dubai,MBR City,Apartment,Studio,130000,134000,10800,13.7,0.2,5.31,4.18,92.6,7.4,18.7,246,949,3.2,510,59.0,110000,5.03,0.28,2450000,18.8,190
RENT002534,2022-10-01,2022,10,Q4,Dubai,Dubai,MBR City,Villa,3BR,475000,483000,39600,13.7,0.7,4.17,3.46,94.0,6.0,22.1,199,773,6.4,2600,66.8,634000,4.06,0.11,11400000,24.0,374
RENT002563,2022-10-01,2022,10,Q4,Abu Dhabi,Abu Dhabi,Masdar City,Apartment,3BR,58000,59000,4800,13.7,2.5,4.46,3.31,87.1,12.9,15.0,107,161,1.8,360,87.8,115000,4.46,0.0,1300000,22.4,163
RENT002564,2022-10-01,2022,10,Q4,Abu Dhabi,Abu Dhabi,Masdar City,Villa,Studio,126000,118000,10500,13.7,-0.1,4.8,3.89,81.2,18.8,16.3,33,60,6.6,680,59.2,147000,4.99,-0.19,2650000,20.9,324
RENT002545,2022-10-01,2022,10,Q4,Dubai,Dubai,Meydan,Apartment,5BR+,96000,94000,8000,13.7,1.7,6.15,5.19,91.4,8.6,12.4,202,755,4.8,590,77.1,166000,6.16,-0.01,1550000,16.3,556
RENT002546,2022-10-01,2022,10,Q4,Dubai,Dubai,Meydan,Villa,1BR,180000,166000,15000,13.7,-0.6,6.24,5.67,89.7,10.3,23.1,238,770,6.1,970,83.6,296000,6.37,-0.13,2900000,16.0,443
RENT002569,2022-10-01,2022,10,Q4,Sharjah,Sharjah,Muwaileh,Apartment,2BR,38000,38000,3200,13.7,-1.4,3.91,2.74,86.1,13.9,20.2,168,891,1.6,170,70.4,44000,3.7,0.21,950000,25.6,114
RENT002570,2022-10-01,2022,10,Q4,Sharjah,Sharjah,Muwaileh,Villa,1BR,74000,74000,6200,13.7,-2.0,4.36,3.61,92.1,7.9,16.0,185,972,5.8,340,64.2,80000,4.3,0.06,1700000,22.9,171
RENT002525,2022-10-01,2022,10,Q4,Dubai,Dubai,Palm Jumeirah,Apartment,Studio,192000,191000,16000,13.7,-1.3,5.47,4.61,81.9,18.1,23.9,55,343,10.1,1220,57.9,258000,5.81,-0.34,3500000,18.3,273
RENT002526,2022-10-01,2022,10,Q4,Dubai,Dubai,Palm Jumeirah,Villa,2BR,465000,481000,38800,13.7,0.9,5.51,4.95,84.2,15.8,15.7,121,950,8.2,2780,57.0,578000,5.76,-0.25,8450000,18.1,494
RENT002551,2022-10-01,2022,10,Q4,Abu Dhabi,Abu Dhabi,Saadiyat Island,Apartment,1BR,155000,160000,12900,13.7,-1.4,5.5,4.61,93.9,6.1,22.1,97,880,6.1,990,73.4,265000,5.29,0.21,2800000,18.2,235
RENT002552,2022-10-01,2022,10,Q4,Abu Dhabi,Abu Dhabi,Saadiyat Island,Villa,3BR,426000,444000,35500,13.7,-1.7,4.57,3.71,82.0,18.0,20.1,223,566,18.9,2600,82.2,780000,4.16,0.41,9300000,21.9,115
RENT002547,2022-10-01,2022,10,Q4,Dubai,Dubai,Sports City,Apartment,2BR,58000,58000,4800,13.7,-0.8,5.78,4.63,91.6,8.4,20.5,133,621,7.4,390,76.0,108000,5.98,-0.2,1000000,17.3,295
RENT002548,2022-10-01,2022,10,Q4,Dubai,Dubai,Sports City,Villa,1BR,105000,98000,8800,13.7,-1.6,5.18,4.64,81.2,18.8,14.5,49,987,6.7,430,76.0,119000,4.83,0.35,2050000,19.3,375
RENT002553,2022-10-01,2022,10,Q4,Abu Dhabi,Abu Dhabi,Yas Island,Apartment,3BR,89000,89000,7400,13.7,0.7,4.07,3.36,96.3,3.7,16.1,218,520,17.1,390,55.7,79000,4.56,-0.49,2200000,24.6,152
RENT002554,2022-10-01,2022,10,Q4,Abu Dhabi,Abu Dhabi,Yas Island,Villa,2BR,216000,207000,18000,13.7,0.3,5.81,4.87,92.2,7.8,19.2,128,113,6.1,1010,59.4,219000,6.18,-0.37,3700000,17.2,121
RENT002591,2022-11-01,2022,11,Q4,Dubai,Dubai,Al Furjan,Apartment,3BR,74000,74000,6200,13.7,0.8,5.58,4.53,85.3,14.7,19.5,246,311,7.5,550,69.3,139000,5.62,-0.04,1350000,17.9,196
RENT002592,2022-11-01,2022,11,Q4,Dubai,Dubai,Al Furjan,Villa,3BR,255000,240000,21200,13.7,0.7,4.9,4.09,90.1,9.9,16.9,10,1032,1.7,1880,68.6,471000,4.74,0.16,5200000,20.4,96
RENT002631,2022-11-01,2022,11,Q4,Ras Al Khaimah,Ras Al Khaimah,Al Hamra Village,Apartment,2BR,62000,60000,5200,13.7,0.3,5.19,4.27,86.1,13.9,12.6,25,990,1.7,350,59.1,76000,5.04,0.15,1200000,19.3,95
RENT002632,2022-11-01,2022,11,Q4,Ras Al Khaimah,Ras Al Khaimah,Al Hamra Village,Villa,2BR,155000,151000,12900,13.7,-1.1,4.43,3.46,81.4,18.6,18.4,169,1082,6.0,700,61.1,156000,4.92,-0.49,3500000,22.6,59
RENT002627,2022-11-01,2022,11,Q4,Sharjah,Sharjah,Al Khan,Apartment,Studio,43000,42000,3600,13.7,1.6,4.41,3.77,92.4,7.6,22.0,173,77,2.8,280,85.9,88000,4.69,-0.28,950000,22.7,126
RENT002628,2022-11-01,2022,11,Q4,Sharjah,Sharjah,Al Khan,Villa,3BR,77000,75000,6400,13.7,-1.5,4.7,3.93,88.7,11.3,21.5,166,1055,4.5,520,82.6,157000,4.6,0.1,1650000,21.3,47
RENT002621,2022-11-01,2022,11,Q4,Sharjah,Sharjah,Al Majaz,Apartment,2BR,45000,43000,3800,13.7,-0.7,4.69,3.6,84.1,15.9,14.6,160,897,1.7,230,65.7,55000,4.88,-0.19,950000,21.3,69
RENT002622,2022-11-01,2022,11,Q4,Sharjah,Sharjah,Al Majaz,Villa,2BR,113000,110000,9400,13.7,0.7,4.86,4.25,86.4,13.6,10.7,33,954,1.9,780,56.7,161000,5.32,-0.46,2350000,20.6,103
RENT002623,2022-11-01,2022,11,Q4,Sharjah,Sharjah,Al Nahda,Apartment,1BR,41000,42000,3400,13.7,3.4,5.73,4.58,87.9,12.1,17.2,224,1059,1.1,260,73.2,69000,6.19,-0.46,700000,17.4,132
RENT002624,2022-11-01,2022,11,Q4,Sharjah,Sharjah,Al Nahda,Villa,3BR,130000,135000,10800,13.7,-0.2,5.16,4.26,82.8,17.2,14.5,65,466,4.2,710,58.3,151000,5.42,-0.26,2500000,19.4,107
RENT002611,2022-11-01,2022,11,Q4,Abu Dhabi,Abu Dhabi,Al Raha Beach,Apartment,2BR,104000,107000,8700,13.7,2.3,4.22,3.59,82.5,17.5,13.3,117,796,3.1,630,73.3,169000,4.14,0.08,2450000,23.7,342
RENT002612,2022-11-01,2022,11,Q4,Abu Dhabi,Abu Dhabi,Al Raha Beach,Villa,1BR,301000,314000,25100,13.7,0.1,5.99,5.22,83.5,16.5,13.8,112,1066,4.3,1780,81.0,526000,6.01,-0.02,5050000,16.7,180
RENT002617,2022-11-01,2022,11,Q4,Abu Dhabi,Abu Dhabi,Al Reef,Apartment,2BR,63000,63000,5200,13.7,-1.9,4.11,3.54,86.6,13.4,15.7,52,180,6.3,280,85.5,87000,4.6,-0.49,1550000,24.3,277
RENT002618,2022-11-01,2022,11,Q4,Abu Dhabi,Abu Dhabi,Al Reef,Villa,1BR,184000,190000,15300,13.7,1.7,4.17,3.55,87.5,12.5,19.7,171,1006,5.2,1260,77.7,357000,4.63,-0.46,4400000,24.0,271
RENT002605,2022-11-01,2022,11,Q4,Abu Dhabi,Abu Dhabi,Al Reem Island,Apartment,1BR,76000,78000,6300,13.7,0.6,4.63,4.05,84.2,15.8,19.9,79,437,6.4,470,62.9,108000,4.86,-0.23,1650000,21.6,146
RENT002606,2022-11-01,2022,11,Q4,Abu Dhabi,Abu Dhabi,Al Reem Island,Villa,3BR,211000,214000,17600,13.7,0.5,4.77,3.89,87.3,12.7,10.0,93,563,5.6,1410,87.1,448000,4.34,0.43,4400000,21.0,251
RENT002629,2022-11-01,2022,11,Q4,Sharjah,Sharjah,Al Taawun,Apartment,4BR,43000,42000,3600,13.7,3.2,5.57,4.78,94.9,5.1,12.7,155,1199,2.1,210,79.2,61000,5.92,-0.35,750000,17.9,37
RENT002630,2022-11-01,2022,11,Q4,Sharjah,Sharjah,Al Taawun,Villa,3BR,97000,100000,8100,13.7,1.6,5.17,4.01,91.0,9.0,18.2,82,953,5.3,430,64.8,102000,4.93,0.24,1900000,19.3,32
RENT002585,2022-11-01,2022,11,Q4,Dubai,Dubai,Business Bay,Apartment,1BR,94000,95000,7800,13.7,2.1,3.9,2.73,84.9,15.1,16.5,235,659,3.4,410,62.4,93000,4.39,-0.49,2400000,25.7,531
RENT002586,2022-11-01,2022,11,Q4,Dubai,Dubai,Business Bay,Villa,3BR,187000,190000,15600,13.7,1.4,4.45,3.34,83.5,16.5,13.4,224,1164,4.4,990,65.1,235000,4.85,-0.4,4200000,22.5,273
RENT002615,2022-11-01,2022,11,Q4,Abu Dhabi,Abu Dhabi,Corniche,Apartment,Studio,119000,123000,9900,13.7,-2.0,3.97,2.87,80.1,19.9,13.9,166,567,3.4,580,71.3,151000,3.92,0.05,3000000,25.2,305
RENT002616,2022-11-01,2022,11,Q4,Abu Dhabi,Abu Dhabi,Corniche,Villa,1BR,231000,239000,19200,13.7,-1.4,5.52,4.35,95.2,4.8,15.8,206,62,7.4,1590,59.1,343000,5.53,-0.01,4200000,18.1,344
RENT002595,2022-11-01,2022,11,Q4,Dubai,Dubai,Creek Harbour,Apartment,3BR,96000,99000,8000,13.7,1.0,5.43,4.3,89.9,10.1,21.8,177,318,1.4,490,80.1,143000,5.41,0.02,1750000,18.4,318
RENT002596,2022-11-01,2022,11,Q4,Dubai,Dubai,Creek Harbour,Villa,1BR,290000,291000,24200,13.7,-0.4,4.59,3.51,88.3,11.7,16.5,215,1071,4.4,1610,55.9,328000,4.09,0.5,6300000,21.8,127
RENT002597,2022-11-01,2022,11,Q4,Dubai,Dubai,DAMAC Hills,Apartment,3BR,88000,83000,7300,13.7,-0.1,6.19,5.24,80.9,19.1,19.7,232,569,4.0,640,58.1,136000,6.05,0.14,1400000,16.2,186
RENT002598,2022-11-01,2022,11,Q4,Dubai,Dubai,DAMAC Hills,Villa,2BR,261000,255000,21800,13.7,0.5,4.94,3.95,93.6,6.4,17.0,160,1084,3.7,1220,65.5,292000,4.69,0.25,5300000,20.2,564
RENT002577,2022-11-01,2022,11,Q4,Dubai,Dubai,Downtown Dubai,Apartment,Studio,117000,110000,9800,13.7,0.8,4.81,4.19,82.2,17.8,19.0,70,493,16.9,580,81.2,172000,4.54,0.27,2450000,20.8,502
RENT002578,2022-11-01,2022,11,Q4,Dubai,Dubai,Downtown Dubai,Villa,1BR,375000,378000,31200,13.7,-2.5,4.66,3.67,89.5,10.5,12.4,162,273,14.9,2210,73.5,593000,4.32,0.34,8050000,21.5,435
RENT002583,2022-11-01,2022,11,Q4,Dubai,Dubai,Dubai Hills Estate,Apartment,4BR,140000,140000,11700,13.7,2.4,6.19,5.63,78.5,21.5,13.0,44,502,2.8,530,73.7,143000,5.69,0.5,2250000,16.1,94
RENT002584,2022-11-01,2022,11,Q4,Dubai,Dubai,Dubai Hills Estate,Villa,2BR,410000,383000,34200,13.7,2.3,4.06,2.97,85.9,14.1,11.2,131,998,4.5,1770,78.9,510000,4.29,-0.23,10100000,24.6,146
RENT002579,2022-11-01,2022,11,Q4,Dubai,Dubai,Dubai Marina,Apartment,1BR,98000,102000,8200,13.7,1.7,4.92,3.8,89.8,10.2,15.3,74,445,5.4,460,73.9,124000,5.02,-0.1,2000000,20.3,562
RENT002580,2022-11-01,2022,11,Q4,Dubai,Dubai,Dubai Marina,Villa,Studio,343000,349000,28600,13.7,-1.2,4.6,3.55,87.4,12.6,14.0,212,129,17.6,1780,72.3,470000,4.8,-0.2,7450000,21.7,224
RENT002599,2022-11-01,2022,11,Q4,Dubai,Dubai,Dubai South,Apartment,2BR,58000,57000,4800,13.7,3.5,5.09,4.45,81.5,18.5,18.4,195,374,3.8,240,58.6,51000,4.91,0.18,1150000,19.6,152
RENT002600,2022-11-01,2022,11,Q4,Dubai,Dubai,Dubai South,Villa,Studio,161000,159000,13400,13.7,-1.0,4.16,3.05,96.9,3.1,23.7,58,622,1.4,890,87.1,283000,3.92,0.24,3850000,24.0,134
RENT002593,2022-11-01,2022,11,Q4,Dubai,Dubai,JBR,Apartment,2BR,113000,107000,9400,13.7,2.8,4.39,3.75,85.2,14.8,22.8,79,508,10.3,690,81.8,206000,4.62,-0.23,2550000,22.8,352
RENT002594,2022-11-01,2022,11,Q4,Dubai,Dubai,JBR,Villa,Studio,264000,254000,22000,13.7,-1.4,5.09,3.94,92.0,8.0,11.4,131,973,9.8,1820,82.4,547000,4.87,0.22,5200000,19.6,164
RENT002587,2022-11-01,2022,11,Q4,Dubai,Dubai,JVC,Apartment,3BR,62000,61000,5200,13.7,2.2,4.08,3.48,81.7,18.3,19.5,198,559,4.2,300,79.0,87000,3.6,0.48,1500000,24.5,505
RENT002588,2022-11-01,2022,11,Q4,Dubai,Dubai,JVC,Villa,Studio,193000,186000,16100,13.7,2.2,5.3,4.18,91.4,8.6,22.5,73,318,1.6,1370,75.9,380000,5.24,0.06,3650000,18.9,439
RENT002613,2022-11-01,2022,11,Q4,Abu Dhabi,Abu Dhabi,Khalifa City,Apartment,2BR,68000,71000,5700,13.7,3.1,4.38,3.42,93.3,6.7,23.1,100,536,1.5,490,60.2,108000,4.05,0.33,1550000,22.8,277
RENT002614,2022-11-01,2022,11,Q4,Abu Dhabi,Abu Dhabi,Khalifa City,Villa,Studio,212000,222000,17700,13.7,-2.2,4.33,3.42,84.9,15.1,12.0,142,93,7.5,960,79.6,279000,4.07,0.26,4900000,23.1,354
RENT002589,2022-11-01,2022,11,Q4,Dubai,Dubai,MBR City,Apartment,1BR,133000,131000,11100,13.7,3.1,4.33,3.74,96.6,3.4,19.1,205,168,2.4,710,86.3,224000,3.86,0.47,3050000,23.1,331
RENT002590,2022-11-01,2022,11,Q4,Dubai,Dubai,MBR City,Villa,3BR,410000,414000,34200,13.7,3.4,4.06,2.98,89.3,10.7,11.4,98,715,3.5,2560,79.3,741000,3.59,0.47,10100000,24.7,418
RENT002619,2022-11-01,2022,11,Q4,Abu Dhabi,Abu Dhabi,Masdar City,Apartment,Studio,59000,59000,4900,13.7,0.4,4.83,4.09,90.9,9.1,17.1,236,816,5.4,360,66.0,87000,5.03,-0.2,1200000,20.7,177
RENT002620,2022-11-01,2022,11,Q4,Abu Dhabi,Abu Dhabi,Masdar City,Villa,1BR,122000,118000,10200,13.7,-0.1,5.2,4.12,93.4,6.6,15.3,37,964,7.8,450,79.4,130000,5.32,-0.12,2350000,19.2,126
RENT002601,2022-11-01,2022,11,Q4,Dubai,Dubai,Meydan,Apartment,1BR,99000,96000,8200,13.7,-0.3,4.18,3.61,86.3,13.7,13.0,11,563,5.1,690,87.0,219000,4.22,-0.04,2350000,23.9,141
RENT002602,2022-11-01,2022,11,Q4,Dubai,Dubai,Meydan,Villa,1BR,186000,173000,15500,13.7,-0.5,4.19,3.15,85.0,15.0,14.7,13,221,7.8,1330,72.6,352000,4.5,-0.31,4450000,23.9,481
RENT002625,2022-11-01,2022,11,Q4,Sharjah,Sharjah,Muwaileh,Apartment,3BR,40000,38000,3300,13.7,-0.4,4.14,3.58,87.5,12.5,22.7,92,298,5.1,150,81.3,45000,4.54,-0.4,950000,24.1,67
RENT002626,2022-11-01,2022,11,Q4,Sharjah,Sharjah,Muwaileh,Villa,1BR,129000,124000,10800,13.7,-0.5,4.33,3.49,82.8,17.2,21.7,181,462,2.7,520,83.5,158000,4.69,-0.36,3000000,23.1,208
RENT002581,2022-11-01,2022,11,Q4,Dubai,Dubai,Palm Jumeirah,Apartment,1BR,199000,189000,16600,13.7,-0.4,4.51,3.31,82.2,17.8,20.6,108,456,12.0,1140,58.1,242000,4.2,0.31,4400000,22.2,122
RENT002582,2022-11-01,2022,11,Q4,Dubai,Dubai,Palm Jumeirah,Villa,3BR,667000,691000,55600,13.7,2.1,3.86,3.23,88.0,12.0,21.6,109,1023,15.4,2620,77.6,742000,4.28,-0.42,17300000,25.9,205
RENT002607,2022-11-01,2022,11,Q4,Abu Dhabi,Abu Dhabi,Saadiyat Island,Apartment,3BR,151000,144000,12600,13.7,2.6,4.64,3.84,80.6,19.4,13.7,36,1027,8.1,690,79.9,201000,4.95,-0.31,3250000,21.6,153
RENT002608,2022-11-01,2022,11,Q4,Abu Dhabi,Abu Dhabi,Saadiyat Island,Villa,2BR,551000,525000,45900,13.7,1.3,3.96,2.89,79.5,20.5,23.2,238,1024,17.9,3900,70.3,1001000,3.76,0.2,13900000,25.3,229
RENT002603,2022-11-01,2022,11,Q4,Dubai,Dubai,Sports City,Apartment,1BR,60000,55000,5000,13.7,-1.4,4.38,3.75,96.0,4.0,17.1,200,823,3.8,270,84.5,83000,4.69,-0.31,1350000,22.9,84
RENT002604,2022-11-01,2022,11,Q4,Dubai,Dubai,Sports City,Villa,Studio,157000,157000,13100,13.7,1.3,3.96,3.17,94.8,5.2,11.4,117,753,6.3,720,56.5,148000,3.52,0.44,3950000,25.3,103
RENT002609,2022-11-01,2022,11,Q4,Abu Dhabi,Abu Dhabi,Yas Island,Apartment,3BR,84000,88000,7000,13.7,3.4,4.08,3.44,91.8,8.2,12.3,45,903,10.4,490,63.2,113000,4.43,-0.35,2050000,24.5,290
RENT002610,2022-11-01,2022,11,Q4,Abu Dhabi,Abu Dhabi,Yas Island,Villa,1BR,168000,169000,14000,13.7,-1.5,4.43,3.26,84.7,15.3,18.6,161,631,19.0,770,62.1,175000,4.51,-0.08,3800000,22.6,139
RENT002647,2022-12-01,2022,12,Q4,Dubai,Dubai,Al Furjan,Apartment,1BR,78000,74000,6500,13.7,0.3,3.86,3.1,95.5,4.5,20.7,12,417,2.2,340,66.1,82000,4.16,-0.3,2000000,25.9,404
RENT002648,2022-12-01,2022,12,Q4,Dubai,Dubai,Al Furjan,Villa,2BR,148000,149000,12300,13.7,0.5,4.46,3.83,81.0,19.0,15.6,62,707,4.1,560,77.5,158000,4.81,-0.35,3300000,22.4,206
RENT002687,2022-12-01,2022,12,Q4,Ras Al Khaimah,Ras Al Khaimah,Al Hamra Village,Apartment,2BR,59000,55000,4900,13.7,2.1,4.56,3.37,83.2,16.8,21.7,99,1083,1.3,380,76.2,106000,4.12,0.44,1300000,21.9,93
RENT002688,2022-12-01,2022,12,Q4,Ras Al Khaimah,Ras Al Khaimah,Al Hamra Village,Villa,4BR,207000,193000,17200,13.7,0.8,4.95,4.35,79.5,20.5,14.5,162,608,2.4,1180,74.9,323000,4.87,0.08,4200000,20.2,63
RENT002683,2022-12-01,2022,12,Q4,Sharjah,Sharjah,Al Khan,Apartment,2BR,48000,49000,4000,13.7,-1.0,4.46,3.81,88.1,11.9,20.8,60,489,5.8,300,56.8,62000,4.63,-0.17,1100000,22.4,33
RENT002684,2022-12-01,2022,12,Q4,Sharjah,Sharjah,Al Khan,Villa,3BR,139000,128000,11600,13.7,2.3,5.31,4.61,94.0,6.0,17.7,114,1081,4.9,910,84.5,281000,4.83,0.48,2600000,18.8,152
RENT002677,2022-12-01,2022,12,Q4,Sharjah,Sharjah,Al Majaz,Apartment,2BR,49000,48000,4100,13.7,-2.1,3.89,3.01,84.0,16.0,24.0,125,977,6.3,210,76.7,59000,3.54,0.35,1250000,25.7,195
RENT002678,2022-12-01,2022,12,Q4,Sharjah,Sharjah,Al Majaz,Villa,Studio,105000,101000,8800,13.7,1.4,5.88,4.96,81.3,18.7,11.4,120,1035,2.9,720,59.0,155000,5.57,0.31,1800000,17.0,227
RENT002679,2022-12-01,2022,12,Q4,Sharjah,Sharjah,Al Nahda,Apartment,3BR,44000,41000,3700,13.7,-1.5,4.87,4.32,81.2,18.8,10.3,148,538,7.8,250,57.9,53000,4.93,-0.06,900000,20.5,138
RENT002680,2022-12-01,2022,12,Q4,Sharjah,Sharjah,Al Nahda,Villa,2BR,148000,145000,12300,13.7,-1.5,4.08,3.09,84.9,15.1,18.8,137,345,4.3,540,75.8,149000,3.63,0.45,3650000,24.5,43
RENT002667,2022-12-01,2022,12,Q4,Abu Dhabi,Abu Dhabi,Al Raha Beach,Apartment,1BR,100000,99000,8300,13.7,3.4,5.59,4.9,85.2,14.8,23.8,226,534,2.5,420,74.9,115000,6.08,-0.49,1800000,17.9,321
RENT002668,2022-12-01,2022,12,Q4,Abu Dhabi,Abu Dhabi,Al Raha Beach,Villa,1BR,259000,260000,21600,13.7,2.9,3.85,2.9,82.0,18.0,17.0,42,921,4.8,1250,65.1,297000,4.28,-0.43,6750000,26.0,281
RENT002673,2022-12-01,2022,12,Q4,Abu Dhabi,Abu Dhabi,Al Reef,Apartment,3BR,72000,72000,6000,13.7,-2.5,4.6,3.66,88.6,11.4,12.1,182,291,3.6,390,75.9,108000,4.69,-0.09,1550000,21.7,264
RENT002674,2022-12-01,2022,12,Q4,Abu Dhabi,Abu Dhabi,Al Reef,Villa,4BR,216000,209000,18000,13.7,-2.4,5.89,4.93,90.0,10.0,19.5,107,257,5.3,990,72.9,263000,5.93,-0.04,3650000,17.0,359
RENT002661,2022-12-01,2022,12,Q4,Abu Dhabi,Abu Dhabi,Al Reem Island,Apartment,Studio,81000,84000,6800,13.7,3.1,4.21,3.23,84.9,15.1,14.3,151,941,3.7,450,87.1,143000,3.82,0.39,1900000,23.7,99
RENT002662,2022-12-01,2022,12,Q4,Abu Dhabi,Abu Dhabi,Al Reem Island,Villa,3BR,144000,146000,12000,13.7,1.5,6.16,5.04,90.9,9.1,20.2,230,960,5.7,780,86.2,245000,6.24,-0.08,2350000,16.2,170
RENT002685,2022-12-01,2022,12,Q4,Sharjah,Sharjah,Al Taawun,Apartment,3BR,42000,43000,3500,13.7,3.3,5.13,3.97,86.9,13.1,22.2,94,256,2.1,160,71.9,42000,4.72,0.41,800000,19.5,124
RENT002686,2022-12-01,2022,12,Q4,Sharjah,Sharjah,Al Taawun,Villa,1BR,142000,132000,11800,13.7,2.4,5.13,4.49,95.0,5.0,11.7,222,250,2.0,970,70.7,250000,5.23,-0.1,2750000,19.5,85
RENT002641,2022-12-01,2022,12,Q4,Dubai,Dubai,Business Bay,Apartment,1BR,99000,98000,8200,13.7,2.4,4.46,3.69,85.6,14.4,20.0,165,649,6.3,580,80.3,170000,4.44,0.02,2200000,22.4,237
RENT002642,2022-12-01,2022,12,Q4,Dubai,Dubai,Business Bay,Villa,2BR,271000,255000,22600,13.7,-0.9,3.92,2.84,96.5,3.5,11.8,141,329,4.7,1210,59.7,264000,4.13,-0.21,6900000,25.5,264
RENT002671,2022-12-01,2022,12,Q4,Abu Dhabi,Abu Dhabi,Corniche,Apartment,1BR,108000,101000,9000,13.7,2.6,4.5,3.79,92.3,7.7,13.1,199,451,2.5,700,59.4,152000,4.85,-0.35,2400000,22.2,125
RENT002672,2022-12-01,2022,12,Q4,Abu Dhabi,Abu Dhabi,Corniche,Villa,1BR,209000,201000,17400,13.7,-0.3,5.24,4.64,94.9,5.1,12.6,82,235,3.0,1420,73.7,382000,4.91,0.33,4000000,19.1,157
RENT002651,2022-12-01,2022,12,Q4,Dubai,Dubai,Creek Harbour,Apartment,1BR,98000,93000,8200,13.7,0.6,6.0,5.29,90.9,9.1,23.6,176,63,4.6,720,81.7,215000,6.39,-0.39,1650000,16.7,137
RENT002652,2022-12-01,2022,12,Q4,Dubai,Dubai,Creek Harbour,Villa,5BR+,353000,327000,29400,13.7,0.7,4.11,3.2,84.0,16.0,15.8,173,517,3.6,2400,62.1,544000,4.19,-0.08,8600000,24.3,154
RENT002653,2022-12-01,2022,12,Q4,Dubai,Dubai,DAMAC Hills,Apartment,2BR,85000,82000,7100,13.7,2.9,3.94,3.4,88.7,11.3,18.1,45,1031,2.2,630,82.5,190000,3.95,-0.01,2150000,25.4,397
RENT002654,2022-12-01,2022,12,Q4,Dubai,Dubai,DAMAC Hills,Villa,2BR,174000,167000,14500,13.7,1.5,4.17,3.27,95.8,4.2,17.5,35,883,5.9,1240,58.9,267000,4.5,-0.33,4150000,24.0,121
RENT002633,2022-12-01,2022,12,Q4,Dubai,Dubai,Downtown Dubai,Apartment,2BR,121000,117000,10100,13.7,3.2,5.91,5.19,96.5,3.5,19.3,54,513,6.5,700,79.8,204000,5.69,0.22,2050000,16.9,407
RENT002634,2022-12-01,2022,12,Q4,Dubai,Dubai,Downtown Dubai,Villa,1BR,274000,260000,22800,13.7,-1.1,4.88,3.83,92.7,7.3,15.6,125,700,15.8,1400,60.3,308000,5.13,-0.25,5600000,20.5,256
RENT002639,2022-12-01,2022,12,Q4,Dubai,Dubai,Dubai Hills Estate,Apartment,3BR,133000,139000,11100,13.7,3.1,5.55,4.43,91.4,8.6,22.9,136,141,5.2,920,69.1,232000,5.31,0.24,2400000,18.0,424
RENT002640,2022-12-01,2022,12,Q4,Dubai,Dubai,Dubai Hills Estate,Villa,1BR,441000,445000,36800,13.7,3.5,4.79,3.61,89.0,11.0,13.9,136,952,2.0,3190,87.4,1018000,4.63,0.16,9200000,20.9,115
RENT002635,2022-12-01,2022,12,Q4,Dubai,Dubai,Dubai Marina,Apartment,5BR+,106000,108000,8800,13.7,1.4,4.09,3.42,82.8,17.2,20.6,10,1011,9.8,770,80.1,225000,4.04,0.05,2600000,24.4,241
RENT002636,2022-12-01,2022,12,Q4,Dubai,Dubai,Dubai Marina,Villa,2BR,204000,207000,17000,13.7,3.3,4.1,3.02,96.0,4.0,18.3,172,1195,9.5,1070,71.9,281000,4.07,0.03,5000000,24.4,561
RENT002655,2022-12-01,2022,12,Q4,Dubai,Dubai,Dubai South,Apartment,5BR+,61000,56000,5100,13.7,3.0,4.1,3.58,95.0,5.0,10.8,182,1153,5.4,370,56.9,77000,3.72,0.38,1500000,24.4,263
RENT002656,2022-12-01,2022,12,Q4,Dubai,Dubai,Dubai South,Villa,4BR,174000,179000,14500,13.7,2.0,4.78,4.28,89.4,10.6,11.9,193,1136,1.2,770,59.8,168000,4.61,0.17,3650000,20.9,145
RENT002649,2022-12-01,2022,12,Q4,Dubai,Dubai,JBR,Apartment,1BR,106000,105000,8800,13.7,-1.7,4.58,4.01,86.7,13.3,12.5,230,885,18.3,470,70.9,122000,4.91,-0.33,2300000,21.8,185
RENT002650,2022-12-01,2022,12,Q4,Dubai,Dubai,JBR,Villa,1BR,334000,312000,27800,13.7,-2.0,4.96,4.39,87.3,12.7,21.0,229,349,14.1,2200,57.1,459000,5.14,-0.18,6750000,20.2,470
RENT002643,2022-12-01,2022,12,Q4,Dubai,Dubai,JVC,Apartment,2BR,64000,61000,5300,13.7,3.0,5.88,5.11,82.7,17.3,21.1,54,969,1.9,360,74.4,98000,5.96,-0.08,1100000,17.0,353
RENT002644,2022-12-01,2022,12,Q4,Dubai,Dubai,JVC,Villa,2BR,179000,179000,14900,13.7,-0.1,5.99,5.3,89.6,10.4,14.7,134,721,5.8,1300,82.8,393000,6.34,-0.35,3000000,16.7,395
RENT002669,2022-12-01,2022,12,Q4,Abu Dhabi,Abu Dhabi,Khalifa City,Apartment,1BR,70000,68000,5800,13.7,2.5,4.5,3.32,93.2,6.8,12.6,14,894,5.4,470,72.7,125000,4.97,-0.47,1550000,22.2,259
RENT002670,2022-12-01,2022,12,Q4,Abu Dhabi,Abu Dhabi,Khalifa City,Villa,1BR,154000,156000,12800,13.7,-0.7,4.33,3.34,95.6,4.4,13.2,40,205,7.2,770,57.5,162000,4.45,-0.12,3550000,23.1,195
RENT002645,2022-12-01,2022,12,Q4,Dubai,Dubai,MBR City,Apartment,5BR+,139000,129000,11600,13.7,-1.4,4.65,3.8,92.3,7.7,10.9,17,974,4.8,520,58.4,111000,4.85,-0.2,3000000,21.5,599
RENT002646,2022-12-01,2022,12,Q4,Dubai,Dubai,MBR City,Villa,Studio,401000,399000,33400,13.7,3.3,4.22,3.33,93.8,6.2,15.4,89,284,2.1,1850,74.4,502000,4.23,-0.01,9500000,23.7,433
RENT002675,2022-12-01,2022,12,Q4,Abu Dhabi,Abu Dhabi,Masdar City,Apartment,3BR,65000,64000,5400,13.7,2.9,4.15,3.24,89.2,10.8,18.6,38,1124,5.3,400,73.2,107000,4.31,-0.16,1550000,24.1,279
RENT002676,2022-12-01,2022,12,Q4,Abu Dhabi,Abu Dhabi,Masdar City,Villa,1BR,120000,124000,10000,13.7,2.5,4.95,4.07,94.0,6.0,19.8,205,189,1.7,550,57.7,116000,5.24,-0.29,2400000,20.2,344
RENT002657,2022-12-01,2022,12,Q4,Dubai,Dubai,Meydan,Apartment,3BR,98000,95000,8200,13.7,1.7,4.44,3.42,78.3,21.7,18.8,44,392,1.1,370,63.7,86000,4.1,0.34,2200000,22.5,578
RENT002658,2022-12-01,2022,12,Q4,Dubai,Dubai,Meydan,Villa,3BR,234000,218000,19500,13.7,-0.9,4.19,3.62,94.2,5.8,10.8,136,266,3.6,1290,65.8,310000,3.98,0.21,5600000,23.9,346
RENT002681,2022-12-01,2022,12,Q4,Sharjah,Sharjah,Muwaileh,Apartment,3BR,37000,38000,3100,13.7,-0.8,5.14,4.35,87.3,12.7,11.1,137,524,7.3,260,83.2,79000,5.38,-0.24,700000,19.5,141
RENT002682,2022-12-01,2022,12,Q4,Sharjah,Sharjah,Muwaileh,Villa,3BR,106000,99000,8800,13.7,-1.8,5.98,4.94,90.6,9.4,19.5,141,845,2.2,610,76.9,171000,6.21,-0.23,1750000,16.7,37
RENT002637,2022-12-01,2022,12,Q4,Dubai,Dubai,Palm Jumeirah,Apartment,3BR,199000,209000,16600,13.7,1.8,4.55,3.74,96.2,3.8,13.6,226,119,16.4,1330,84.1,408000,4.35,0.2,4350000,22.0,372
RENT002638,2022-12-01,2022,12,Q4,Dubai,Dubai,Palm Jumeirah,Villa,1BR,736000,719000,61300,13.7,-0.2,4.15,3.54,86.2,13.8,14.9,69,712,5.6,4900,60.0,1073000,3.86,0.29,17750000,24.1,98
RENT002663,2022-12-01,2022,12,Q4,Abu Dhabi,Abu Dhabi,Saadiyat Island,Apartment,2BR,158000,156000,13200,13.7,1.8,5.46,4.71,78.5,21.5,16.7,175,806,8.8,1020,73.6,274000,5.55,-0.09,2900000,18.3,236
RENT002664,2022-12-01,2022,12,Q4,Abu Dhabi,Abu Dhabi,Saadiyat Island,Villa,1BR,308000,299000,25700,13.7,2.0,5.15,4.55,82.5,17.5,19.1,103,508,12.0,1430,76.3,398000,5.5,-0.35,6000000,19.4,115
RENT002659,2022-12-01,2022,12,Q4,Dubai,Dubai,Sports City,Apartment,3BR,58000,58000,4800,13.7,1.3,5.84,4.93,83.6,16.4,10.4,141,841,6.2,410,75.4,113000,5.86,-0.02,1000000,17.1,499
RENT002660,2022-12-01,2022,12,Q4,Dubai,Dubai,Sports City,Villa,2BR,183000,183000,15200,13.7,-2.3,4.6,3.9,88.6,11.4,12.6,172,514,3.8,760,59.2,164000,4.74,-0.14,3950000,21.7,462
RENT002665,2022-12-01,2022,12,Q4,Abu Dhabi,Abu Dhabi,Yas Island,Apartment,1BR,95000,90000,7900,13.7,-0.1,4.09,3.38,82.1,17.9,13.0,191,112,11.2,530,63.0,122000,3.89,0.2,2300000,24.5,81
RENT002666,2022-12-01,2022,12,Q4,Abu Dhabi,Abu Dhabi,Yas Island,Villa,Studio,191000,178000,15900,13.7,-2.2,4.94,4.03,82.9,17.1,21.1,184,360,14.0,1120,69.4,284000,5.27,-0.33,3850000,20.2,117
RENT002703,2023-01-01,2023,1,Q1,Dubai,Dubai,Al Furjan,Apartment,Studio,84000,85000,7000,13.0,1.5,4.15,3.11,85.8,14.2,10.4,188,590,2.9,590,62.9,135000,3.82,0.33,2000000,24.1,328
RENT002704,2023-01-01,2023,1,Q1,Dubai,Dubai,Al Furjan,Villa,3BR,242000,228000,20200,13.0,-1.3,4.29,3.5,79.9,20.1,11.5,249,538,6.5,1730,55.6,351000,3.83,0.46,5650000,23.3,162
RENT002743,2023-01-01,2023,1,Q1,Ras Al Khaimah,Ras Al Khaimah,Al Hamra Village,Apartment,2BR,76000,77000,6300,13.0,3.4,4.23,3.45,87.3,12.7,22.7,176,554,7.0,530,67.6,131000,4.53,-0.3,1800000,23.6,59
RENT002744,2023-01-01,2023,1,Q1,Ras Al Khaimah,Ras Al Khaimah,Al Hamra Village,Villa,1BR,150000,147000,12500,13.0,-1.1,4.19,3.11,91.3,8.7,11.4,141,740,5.3,1070,69.3,271000,4.47,-0.28,3600000,23.9,77
RENT002739,2023-01-01,2023,1,Q1,Sharjah,Sharjah,Al Khan,Apartment,3BR,58000,57000,4800,13.0,-0.7,4.63,3.71,86.3,13.7,16.5,75,331,3.8,420,77.8,119000,4.8,-0.17,1250000,21.6,154
RENT002740,2023-01-01,2023,1,Q1,Sharjah,Sharjah,Al Khan,Villa,1BR,153000,151000,12800,13.0,3.2,6.2,5.06,91.8,8.2,21.6,212,616,7.0,640,75.3,176000,6.08,0.12,2450000,16.1,105
RENT002733,2023-01-01,2023,1,Q1,Sharjah,Sharjah,Al Majaz,Apartment,1BR,62000,65000,5200,13.0,-2.0,4.19,3.13,80.1,19.9,14.7,194,302,5.2,270,69.5,68000,4.09,0.1,1500000,23.8,142
RENT002734,2023-01-01,2023,1,Q1,Sharjah,Sharjah,Al Majaz,Villa,3BR,177000,174000,14800,13.0,-2.1,4.7,3.82,87.7,12.3,20.7,68,1129,3.9,870,74.6,237000,4.71,-0.01,3750000,21.3,125
RENT002735,2023-01-01,2023,1,Q1,Sharjah,Sharjah,Al Nahda,Apartment,2BR,55000,58000,4600,13.0,3.2,4.58,3.98,87.7,12.3,20.3,162,848,4.4,250,64.9,59000,4.28,0.3,1200000,21.8,36
RENT002736,2023-01-01,2023,1,Q1,Sharjah,Sharjah,Al Nahda,Villa,5BR+,120000,124000,10000,13.0,-0.7,3.91,3.28,93.0,7.0,18.7,68,1029,2.9,710,57.1,148000,4.33,-0.42,3050000,25.6,206
RENT002723,2023-01-01,2023,1,Q1,Abu Dhabi,Abu Dhabi,Al Raha Beach,Apartment,1BR,116000,113000,9700,13.0,3.2,5.89,4.77,83.8,16.2,20.0,211,792,2.7,590,56.8,122000,5.86,0.03,1950000,17.0,162
RENT002724,2023-01-01,2023,1,Q1,Abu Dhabi,Abu Dhabi,Al Raha Beach,Villa,Studio,341000,344000,28400,13.0,3.2,6.01,5.45,89.0,11.0,16.6,125,659,7.8,2050,65.6,491000,5.92,0.09,5650000,16.6,354
RENT002729,2023-01-01,2023,1,Q1,Abu Dhabi,Abu Dhabi,Al Reef,Apartment,3BR,81000,78000,6800,13.0,-1.4,4.39,3.59,85.6,14.4,16.3,182,982,2.1,450,81.2,133000,4.57,-0.18,1850000,22.8,226
RENT002730,2023-01-01,2023,1,Q1,Abu Dhabi,Abu Dhabi,Al Reef,Villa,Studio,191000,196000,15900,13.0,-0.5,4.68,4.01,93.9,6.1,18.6,113,210,5.9,900,67.9,223000,4.95,-0.27,4100000,21.4,299
RENT002717,2023-01-01,2023,1,Q1,Abu Dhabi,Abu Dhabi,Al Reem Island,Apartment,2BR,91000,88000,7600,13.0,0.5,5.23,4.64,81.4,18.6,19.5,150,540,4.4,570,73.4,153000,5.2,0.03,1750000,19.1,302
RENT002718,2023-01-01,2023,1,Q1,Abu Dhabi,Abu Dhabi,Al Reem Island,Villa,3BR,265000,250000,22100,13.0,2.8,5.38,4.23,78.8,21.2,13.1,191,1008,6.0,1630,81.6,485000,5.34,0.04,4900000,18.6,291
RENT002741,2023-01-01,2023,1,Q1,Sharjah,Sharjah,Al Taawun,Apartment,2BR,47000,49000,3900,13.0,0.9,5.28,4.72,82.7,17.3,22.7,143,363,6.9,320,71.9,84000,5.02,0.26,900000,18.9,40
RENT002742,2023-01-01,2023,1,Q1,Sharjah,Sharjah,Al Taawun,Villa,2BR,129000,128000,10800,13.0,-0.4,4.23,3.09,83.1,16.9,18.9,214,109,4.7,520,70.2,133000,4.55,-0.32,3050000,23.6,96
RENT002697,2023-01-01,2023,1,Q1,Dubai,Dubai,Business Bay,Apartment,Studio,118000,119000,9800,13.0,0.1,4.18,3.47,80.1,19.9,18.9,104,772,4.2,510,63.1,117000,4.16,0.02,2800000,23.9,408
RENT002698,2023-01-01,2023,1,Q1,Dubai,Dubai,Business Bay,Villa,Studio,278000,268000,23200,13.0,-1.0,5.25,4.38,94.5,5.5,14.4,150,359,3.6,1500,63.1,345000,5.49,-0.24,5300000,19.1,386
RENT002727,2023-01-01,2023,1,Q1,Abu Dhabi,Abu Dhabi,Corniche,Apartment,3BR,138000,130000,11500,13.0,1.1,3.88,3.24,90.8,9.2,13.3,165,811,6.4,1000,76.6,280000,3.8,0.08,3550000,25.7,104
RENT002728,2023-01-01,2023,1,Q1,Abu Dhabi,Abu Dhabi,Corniche,Villa,3BR,262000,260000,21800,13.0,2.2,4.26,3.25,88.6,11.4,14.9,213,611,5.6,1000,80.7,295000,4.34,-0.08,6150000,23.5,129
RENT002707,2023-01-01,2023,1,Q1,Dubai,Dubai,Creek Harbour,Apartment,3BR,122000,126000,10200,13.0,0.9,4.0,3.36,93.5,6.5,11.0,200,201,5.3,520,79.0,150000,3.72,0.28,3050000,25.0,119
RENT002708,2023-01-01,2023,1,Q1,Dubai,Dubai,Creek Harbour,Villa,3BR,238000,235000,19800,13.0,0.5,6.0,4.96,81.3,18.7,14.9,41,278,3.1,1670,58.3,355000,6.46,-0.46,3950000,16.7,361
RENT002709,2023-01-01,2023,1,Q1,Dubai,Dubai,DAMAC Hills,Apartment,4BR,99000,98000,8200,13.0,2.9,5.55,4.75,81.3,18.7,19.8,187,322,4.9,370,65.4,88000,5.67,-0.12,1800000,18.0,196
RENT002710,2023-01-01,2023,1,Q1,Dubai,Dubai,DAMAC Hills,Villa,3BR,202000,199000,16800,13.0,0.4,5.23,4.1,87.4,12.6,14.8,58,568,5.1,860,76.3,240000,5.41,-0.18,3850000,19.1,238
RENT002689,2023-01-01,2023,1,Q1,Dubai,Dubai,Downtown Dubai,Apartment,2BR,136000,130000,11300,13.0,-0.1,4.07,3.21,97.0,3.0,20.0,155,645,6.0,940,61.8,212000,4.28,-0.21,3350000,24.6,415
RENT002690,2023-01-01,2023,1,Q1,Dubai,Dubai,Downtown Dubai,Villa,2BR,326000,316000,27200,13.0,2.0,6.2,5.57,79.6,20.4,11.6,138,1051,11.5,1730,86.7,547000,6.43,-0.23,5250000,16.1,235
RENT002695,2023-01-01,2023,1,Q1,Dubai,Dubai,Dubai Hills Estate,Apartment,Studio,164000,161000,13700,13.0,-1.3,4.25,3.73,96.2,3.8,13.8,14,784,2.1,840,67.8,208000,3.91,0.34,3850000,23.5,174
RENT002696,2023-01-01,2023,1,Q1,Dubai,Dubai,Dubai Hills Estate,Villa,Studio,353000,337000,29400,13.0,3.3,5.6,4.54,93.4,6.6,17.9,216,596,5.8,2580,62.7,590000,5.45,0.15,6300000,17.9,257
RENT002691,2023-01-01,2023,1,Q1,Dubai,Dubai,Dubai Marina,Apartment,3BR,126000,123000,10500,13.0,1.2,4.51,3.41,90.5,9.5,19.6,211,691,10.3,900,73.2,240000,4.3,0.21,2800000,22.2,204
RENT002692,2023-01-01,2023,1,Q1,Dubai,Dubai,Dubai Marina,Villa,3BR,227000,223000,18900,13.0,3.1,4.3,3.59,94.8,5.2,18.3,85,1061,15.6,1510,72.8,401000,4.56,-0.26,5250000,23.2,400
RENT002711,2023-01-01,2023,1,Q1,Dubai,Dubai,Dubai South,Apartment,1BR,74000,69000,6200,13.0,0.4,4.98,4.12,96.8,3.2,13.2,190,542,1.8,400,84.1,123000,5.43,-0.45,1500000,20.1,524
RENT002712,2023-01-01,2023,1,Q1,Dubai,Dubai,Dubai South,Villa,3BR,223000,224000,18600,13.0,-2.2,4.42,3.86,84.5,15.5,13.6,141,203,6.7,930,65.4,222000,4.3,0.12,5050000,22.6,270
RENT002705,2023-01-01,2023,1,Q1,Dubai,Dubai,JBR,Apartment,1BR,128000,118000,10700,13.0,1.3,4.17,3.35,85.4,14.6,21.1,116,229,7.9,640,75.2,176000,4.28,-0.11,3050000,24.0,380
RENT002706,2023-01-01,2023,1,Q1,Dubai,Dubai,JBR,Villa,3BR,459000,440000,38200,13.0,-0.9,4.79,3.77,78.7,21.3,19.8,214,154,9.6,2110,61.1,471000,5.13,-0.34,9600000,20.9,109
RENT002699,2023-01-01,2023,1,Q1,Dubai,Dubai,JVC,Apartment,3BR,82000,76000,6800,13.0,2.1,5.81,4.74,85.2,14.8,14.0,13,710,5.4,330,66.3,80000,5.96,-0.15,1400000,17.2,81
RENT002700,2023-01-01,2023,1,Q1,Dubai,Dubai,JVC,Villa,1BR,189000,177000,15800,13.0,-2.4,4.93,3.93,82.7,17.3,14.2,178,1092,5.3,1150,59.2,248000,5.37,-0.44,3850000,20.3,340
RENT002725,2023-01-01,2023,1,Q1,Abu Dhabi,Abu Dhabi,Khalifa City,Apartment,1BR,89000,83000,7400,13.0,1.0,4.81,3.8,81.5,18.5,13.8,96,130,4.7,340,75.9,94000,4.78,0.03,1850000,20.8,175
RENT002726,2023-01-01,2023,1,Q1,Abu Dhabi,Abu Dhabi,Khalifa City,Villa,Studio,267000,261000,22200,13.0,-2.0,4.76,3.87,78.2,21.8,15.1,77,61,7.4,1960,82.5,590000,4.82,-0.06,5600000,21.0,190
RENT002701,2023-01-01,2023,1,Q1,Dubai,Dubai,MBR City,Apartment,1BR,170000,170000,14200,13.0,0.7,3.86,2.93,91.2,8.8,17.9,61,587,4.3,860,69.6,218000,4.25,-0.39,4400000,25.9,264
RENT002702,2023-01-01,2023,1,Q1,Dubai,Dubai,MBR City,Villa,3BR,493000,462000,41100,13.0,1.9,4.39,3.29,93.9,6.1,22.1,186,950,3.6,3450,62.5,787000,4.26,0.13,11250000,22.8,296
RENT002731,2023-01-01,2023,1,Q1,Abu Dhabi,Abu Dhabi,Masdar City,Apartment,1BR,70000,68000,5800,13.0,-0.7,5.76,4.75,82.6,17.4,15.0,74,1026,2.7,360,77.5,102000,5.7,0.06,1200000,17.4,88
RENT002732,2023-01-01,2023,1,Q1,Abu Dhabi,Abu Dhabi,Masdar City,Villa,2BR,128000,119000,10700,13.0,-0.9,4.61,3.67,90.9,9.1,19.8,38,909,5.4,880,82.3,264000,4.86,-0.25,2800000,21.7,229
RENT002713,2023-01-01,2023,1,Q1,Dubai,Dubai,Meydan,Apartment,2BR,121000,116000,10100,13.0,1.3,4.89,3.82,83.9,16.1,16.5,68,1017,4.9,440,83.6,134000,5.38,-0.49,2450000,20.4,542
RENT002714,2023-01-01,2023,1,Q1,Dubai,Dubai,Meydan,Villa,2BR,377000,386000,31400,13.0,2.3,3.94,2.99,82.7,17.3,15.1,223,1150,3.4,1870,73.2,500000,4.12,-0.18,9550000,25.4,328
RENT002737,2023-01-01,2023,1,Q1,Sharjah,Sharjah,Muwaileh,Apartment,2BR,48000,47000,4000,13.0,2.6,3.96,3.41,83.2,16.8,23.6,152,925,7.0,270,57.7,57000,4.24,-0.28,1200000,25.3,135
RENT002738,2023-01-01,2023,1,Q1,Sharjah,Sharjah,Muwaileh,Villa,3BR,155000,153000,12900,13.0,-0.5,4.8,3.78,95.8,4.2,20.2,21,857,5.9,680,69.0,171000,4.63,0.17,3250000,20.9,221
RENT002693,2023-01-01,2023,1,Q1,Dubai,Dubai,Palm Jumeirah,Apartment,4BR,262000,267000,21800,13.0,-0.0,3.92,3.31,83.2,16.8,23.6,230,129,6.9,1920,80.5,564000,3.43,0.49,6700000,25.5,404
RENT002694,2023-01-01,2023,1,Q1,Dubai,Dubai,Palm Jumeirah,Villa,Studio,551000,545000,45900,13.0,2.4,4.45,3.65,92.9,7.1,22.5,212,430,10.1,3710,57.7,781000,4.09,0.36,12400000,22.5,115
RENT002719,2023-01-01,2023,1,Q1,Abu Dhabi,Abu Dhabi,Saadiyat Island,Apartment,3BR,201000,205000,16800,13.0,0.5,5.26,4.27,84.8,15.2,20.6,221,335,8.8,780,56.8,162000,4.96,0.3,3800000,19.0,252
RENT002720,2023-01-01,2023,1,Q1,Abu Dhabi,Abu Dhabi,Saadiyat Island,Villa,2BR,555000,528000,46200,13.0,-2.3,4.06,3.51,87.1,12.9,10.7,196,219,16.6,3210,65.3,765000,4.03,0.03,13650000,24.6,350
RENT002715,2023-01-01,2023,1,Q1,Dubai,Dubai,Sports City,Apartment,1BR,72000,69000,6000,13.0,2.8,4.15,3.3,85.7,14.3,11.7,23,917,2.7,440,70.8,114000,4.35,-0.2,1750000,24.1,455
RENT002716,2023-01-01,2023,1,Q1,Dubai,Dubai,Sports City,Villa,1BR,135000,131000,11200,13.0,-0.1,5.42,4.43,79.2,20.8,22.5,171,837,2.7,620,72.3,164000,4.94,0.48,2500000,18.5,365
RENT002721,2023-01-01,2023,1,Q1,Abu Dhabi,Abu Dhabi,Yas Island,Apartment,Studio,108000,110000,9000,13.0,-0.1,4.68,3.69,91.1,8.9,16.1,242,841,12.5,780,78.8,224000,4.83,-0.15,2300000,21.4,212
RENT002722,2023-01-01,2023,1,Q1,Abu Dhabi,Abu Dhabi,Yas Island,Villa,2BR,328000,318000,27300,13.0,-0.3,6.07,5.15,89.4,10.6,15.8,41,663,19.7,1530,68.1,380000,6.19,-0.12,5400000,16.5,305
RENT002759,2023-02-01,2023,2,Q1,Dubai,Dubai,Al Furjan,Apartment,Studio,91000,95000,7600,13.0,-1.1,4.6,4.08,80.9,19.1,10.2,163,588,7.2,350,87.0,111000,4.87,-0.27,2000000,21.8,560
RENT002760,2023-02-01,2023,2,Q1,Dubai,Dubai,Al Furjan,Villa,3BR,242000,236000,20200,13.0,0.5,5.09,4.08,91.5,8.5,14.7,102,88,3.7,1060,67.2,260000,5.07,0.02,4750000,19.6,459
RENT002799,2023-02-01,2023,2,Q1,Ras Al Khaimah,Ras Al Khaimah,Al Hamra Village,Apartment,1BR,81000,76000,6800,13.0,-0.8,4.68,4.16,92.4,7.6,13.0,149,620,5.5,390,75.9,108000,4.8,-0.12,1750000,21.4,118
RENT002800,2023-02-01,2023,2,Q1,Ras Al Khaimah,Ras Al Khaimah,Al Hamra Village,Villa,2BR,233000,218000,19400,13.0,1.5,4.17,3.08,86.4,13.6,23.7,192,679,1.6,980,60.8,217000,4.32,-0.15,5600000,24.0,94
RENT002795,2023-02-01,2023,2,Q1,Sharjah,Sharjah,Al Khan,Apartment,2BR,55000,58000,4600,13.0,-1.0,5.63,4.99,91.8,8.2,22.1,197,1175,1.4,310,75.7,86000,5.29,0.34,1000000,17.8,230
RENT002796,2023-02-01,2023,2,Q1,Sharjah,Sharjah,Al Khan,Villa,3BR,176000,166000,14700,13.0,-1.2,4.31,3.42,88.7,11.3,21.1,40,694,4.4,1250,72.5,331000,3.88,0.43,4100000,23.2,44
RENT002789,2023-02-01,2023,2,Q1,Sharjah,Sharjah,Al Majaz,Apartment,Studio,61000,59000,5100,13.0,3.5,3.9,2.97,91.3,8.7,17.9,220,437,7.4,260,75.1,71000,3.68,0.22,1550000,25.6,190
RENT002790,2023-02-01,2023,2,Q1,Sharjah,Sharjah,Al Majaz,Villa,1BR,164000,151000,13700,13.0,0.6,5.16,4.4,96.4,3.6,23.5,145,612,4.2,1160,67.2,285000,5.48,-0.32,3200000,19.4,41
RENT002791,2023-02-01,2023,2,Q1,Sharjah,Sharjah,Al Nahda,Apartment,1BR,51000,53000,4200,13.0,0.9,5.3,4.19,82.0,18.0,18.8,90,672,4.6,250,86.1,79000,5.26,0.04,950000,18.9,77
RENT002792,2023-02-01,2023,2,Q1,Sharjah,Sharjah,Al Nahda,Villa,3BR,166000,161000,13800,13.0,-2.5,5.73,4.7,90.1,9.9,11.6,236,170,4.0,880,55.1,177000,5.54,0.19,2900000,17.5,217
RENT002779,2023-02-01,2023,2,Q1,Abu Dhabi,Abu Dhabi,Al Raha Beach,Apartment,2BR,132000,127000,11000,13.0,-1.9,4.82,4.3,93.8,6.2,23.2,14,1086,3.5,810,74.7,221000,4.34,0.48,2750000,20.7,154
RENT002780,2023-02-01,2023,2,Q1,Abu Dhabi,Abu Dhabi,Al Raha Beach,Villa,2BR,290000,287000,24200,13.0,1.7,5.88,5.02,93.0,7.0,11.9,30,967,4.2,1880,87.5,600000,6.38,-0.5,4950000,17.0,80
RENT002785,2023-02-01,2023,2,Q1,Abu Dhabi,Abu Dhabi,Al Reef,Apartment,4BR,81000,84000,6800,13.0,-2.0,4.72,4.15,89.0,11.0,19.3,32,840,1.7,340,72.4,90000,4.41,0.31,1700000,21.2,294
RENT002786,2023-02-01,2023,2,Q1,Abu Dhabi,Abu Dhabi,Al Reef,Villa,2BR,273000,268000,22800,13.0,-0.2,3.86,2.82,93.3,6.7,20.0,242,482,3.1,1230,72.3,325000,4.11,-0.25,7100000,25.9,102
RENT002773,2023-02-01,2023,2,Q1,Abu Dhabi,Abu Dhabi,Al Reem Island,Apartment,1BR,91000,95000,7600,13.0,-2.0,4.12,3.01,96.1,3.9,14.7,14,1001,6.6,560,67.2,137000,4.6,-0.48,2200000,24.3,288
RENT002774,2023-02-01,2023,2,Q1,Abu Dhabi,Abu Dhabi,Al Reem Island,Villa,3BR,315000,292000,26200,13.0,-2.5,4.53,3.38,94.1,5.9,23.6,179,594,8.0,2270,56.9,471000,4.68,-0.15,6950000,22.1,91
RENT002797,2023-02-01,2023,2,Q1,Sharjah,Sharjah,Al Taawun,Apartment,Studio,49000,49000,4100,13.0,-1.9,4.12,3.31,95.3,4.7,22.8,86,1171,4.4,360,71.8,94000,4.4,-0.28,1200000,24.3,119
RENT002798,2023-02-01,2023,2,Q1,Sharjah,Sharjah,Al Taawun,Villa,3BR,99000,102000,8200,13.0,3.0,4.8,3.98,89.9,10.1,19.6,140,874,4.1,620,55.5,126000,4.83,-0.03,2050000,20.8,121
RENT002753,2023-02-01,2023,2,Q1,Dubai,Dubai,Business Bay,Apartment,2BR,121000,120000,10100,13.0,2.4,4.01,3.16,83.5,16.5,14.6,163,404,5.9,890,86.5,281000,3.54,0.47,3000000,24.9,183
RENT002754,2023-02-01,2023,2,Q1,Dubai,Dubai,Business Bay,Villa,Studio,216000,213000,18000,13.0,-0.9,4.95,3.87,80.0,20.0,21.3,11,339,5.4,1040,55.8,212000,5.13,-0.18,4350000,20.2,270
RENT002783,2023-02-01,2023,2,Q1,Abu Dhabi,Abu Dhabi,Corniche,Apartment,4BR,130000,120000,10800,13.0,-0.0,5.91,4.81,86.9,13.1,16.7,21,731,3.7,890,60.2,196000,5.63,0.28,2200000,16.9,250
RENT002784,2023-02-01,2023,2,Q1,Abu Dhabi,Abu Dhabi,Corniche,Villa,3BR,446000,422000,37200,13.0,-2.0,5.95,4.89,92.9,7.1,15.7,156,760,5.8,3120,85.8,977000,5.83,0.12,7500000,16.8,63
RENT002763,2023-02-01,2023,2,Q1,Dubai,Dubai,Creek Harbour,Apartment,5BR+,120000,111000,10000,13.0,0.5,3.93,2.81,88.8,11.2,12.7,168,135,1.6,510,57.8,108000,4.16,-0.23,3050000,25.5,168
RENT002764,2023-02-01,2023,2,Q1,Dubai,Dubai,Creek Harbour,Villa,2BR,357000,360000,29800,13.0,2.5,4.87,3.93,79.4,20.6,22.0,91,875,6.3,2310,67.2,567000,4.73,0.14,7350000,20.5,349
RENT002765,2023-02-01,2023,2,Q1,Dubai,Dubai,DAMAC Hills,Apartment,Studio,105000,109000,8800,13.0,-2.3,6.14,5.59,83.7,16.3,10.3,176,666,1.5,540,83.4,164000,5.65,0.49,1700000,16.3,98
RENT002766,2023-02-01,2023,2,Q1,Dubai,Dubai,DAMAC Hills,Villa,3BR,263000,246000,21900,13.0,1.5,4.04,3.25,95.7,4.3,21.3,108,1167,3.8,1470,69.0,370000,4.01,0.03,6500000,24.7,189
RENT002745,2023-02-01,2023,2,Q1,Dubai,Dubai,Downtown Dubai,Apartment,1BR,144000,134000,12000,13.0,-2.0,4.88,3.68,92.9,7.1,14.7,223,405,14.6,570,68.3,142000,4.61,0.27,2950000,20.5,543
RENT002746,2023-02-01,2023,2,Q1,Dubai,Dubai,Downtown Dubai,Villa,5BR+,515000,479000,42900,13.0,2.7,5.16,4.11,85.7,14.3,16.5,97,1051,8.3,2300,80.6,677000,5.45,-0.29,10000000,19.4,548
RENT002751,2023-02-01,2023,2,Q1,Dubai,Dubai,Dubai Hills Estate,Apartment,Studio,168000,165000,14000,13.0,-1.7,5.85,4.7,80.0,20.0,17.1,210,1171,5.5,1140,64.6,269000,5.54,0.31,2850000,17.1,353
RENT002752,2023-02-01,2023,2,Q1,Dubai,Dubai,Dubai Hills Estate,Villa,Studio,494000,482000,41200,13.0,1.4,4.48,3.43,80.7,19.3,21.0,119,588,4.5,3540,79.9,1032000,4.16,0.32,11050000,22.3,447
RENT002747,2023-02-01,2023,2,Q1,Dubai,Dubai,Dubai Marina,Apartment,Studio,137000,144000,11400,13.0,-0.1,4.82,4.27,85.3,14.7,11.3,237,868,11.5,540,55.0,108000,4.96,-0.14,2850000,20.7,256
RENT002748,2023-02-01,2023,2,Q1,Dubai,Dubai,Dubai Marina,Villa,5BR+,351000,336000,29200,13.0,-1.0,5.5,4.98,90.9,9.1,21.4,176,55,16.1,1600,70.0,409000,5.0,0.5,6400000,18.2,553
RENT002767,2023-02-01,2023,2,Q1,Dubai,Dubai,Dubai South,Apartment,4BR,79000,79000,6600,13.0,2.4,6.13,5.26,83.8,16.2,10.6,212,151,5.5,370,58.5,79000,6.59,-0.46,1300000,16.3,442
RENT002768,2023-02-01,2023,2,Q1,Dubai,Dubai,Dubai South,Villa,Studio,148000,149000,12300,13.0,-2.2,5.14,4.28,88.3,11.7,13.4,38,438,3.5,540,87.7,173000,5.39,-0.25,2900000,19.4,436
RENT002761,2023-02-01,2023,2,Q1,Dubai,Dubai,JBR,Apartment,Studio,131000,122000,10900,13.0,0.9,4.23,3.51,94.9,5.1,11.5,111,690,14.1,630,75.6,174000,4.71,-0.48,3100000,23.7,408
RENT002762,2023-02-01,2023,2,Q1,Dubai,Dubai,JBR,Villa,1BR,411000,407000,34200,13.0,-1.4,4.18,3.09,92.7,7.3,21.6,199,608,11.4,2980,85.4,929000,4.57,-0.39,9850000,23.9,103
RENT002755,2023-02-01,2023,2,Q1,Dubai,Dubai,JVC,Apartment,3BR,79000,78000,6600,13.0,1.0,6.02,5.37,86.7,13.3,11.6,130,366,5.4,330,66.0,79000,6.38,-0.36,1300000,16.6,328
RENT002756,2023-02-01,2023,2,Q1,Dubai,Dubai,JVC,Villa,1BR,217000,227000,18100,13.0,-0.4,5.64,5.0,93.8,6.2,18.1,198,627,3.5,1240,63.0,285000,5.53,0.11,3850000,17.7,282
RENT002781,2023-02-01,2023,2,Q1,Abu Dhabi,Abu Dhabi,Khalifa City,Apartment,1BR,83000,82000,6900,13.0,2.2,5.24,4.6,90.6,9.4,10.9,222,1174,7.6,560,69.3,142000,5.48,-0.24,1600000,19.1,218
RENT002782,2023-02-01,2023,2,Q1,Abu Dhabi,Abu Dhabi,Khalifa City,Villa,1BR,281000,279000,23400,13.0,0.4,5.51,4.47,89.0,11.0,11.5,224,674,2.6,1420,61.2,317000,5.49,0.02,5100000,18.1,111
RENT002757,2023-02-01,2023,2,Q1,Dubai,Dubai,MBR City,Apartment,4BR,174000,171000,14500,13.0,-0.5,3.89,3.24,90.9,9.1,18.8,184,901,2.9,650,84.6,201000,3.42,0.47,4450000,25.7,360
RENT002758,2023-02-01,2023,2,Q1,Dubai,Dubai,MBR City,Villa,3BR,421000,414000,35100,13.0,-2.1,4.82,4.08,93.8,6.2,23.8,36,833,3.7,2530,76.2,704000,5.16,-0.34,8750000,20.7,110
RENT002787,2023-02-01,2023,2,Q1,Abu Dhabi,Abu Dhabi,Masdar City,Apartment,Studio,70000,65000,5800,13.0,0.0,4.29,3.39,80.2,19.8,14.5,80,528,1.1,380,62.2,86000,3.99,0.3,1650000,23.3,73
RENT002788,2023-02-01,2023,2,Q1,Abu Dhabi,Abu Dhabi,Masdar City,Villa,2BR,170000,160000,14200,13.0,-0.6,3.92,3.32,85.1,14.9,14.2,225,455,1.5,990,79.1,286000,3.46,0.46,4350000,25.5,225
RENT002769,2023-02-01,2023,2,Q1,Dubai,Dubai,Meydan,Apartment,3BR,127000,130000,10600,13.0,3.4,4.43,3.26,85.1,14.9,14.4,248,250,7.0,620,86.6,196000,4.23,0.2,2850000,22.6,586
RENT002770,2023-02-01,2023,2,Q1,Dubai,Dubai,Meydan,Villa,Studio,423000,419000,35200,13.0,1.5,4.18,3.11,79.8,20.2,11.0,248,151,6.7,2420,75.1,663000,3.99,0.19,10100000,23.9,467
RENT002793,2023-02-01,2023,2,Q1,Sharjah,Sharjah,Muwaileh,Apartment,Studio,48000,49000,4000,13.0,1.3,5.15,4.21,92.4,7.6,19.1,104,496,1.2,310,76.4,86000,5.18,-0.03,950000,19.4,130
RENT002794,2023-02-01,2023,2,Q1,Sharjah,Sharjah,Muwaileh,Villa,2BR,108000,108000,9000,13.0,1.3,4.5,3.57,95.9,4.1,22.5,163,1120,1.2,800,57.3,167000,4.09,0.41,2400000,22.2,187
RENT002749,2023-02-01,2023,2,Q1,Dubai,Dubai,Palm Jumeirah,Apartment,3BR,256000,261000,21300,13.0,0.1,4.15,3.29,94.6,5.4,12.6,65,801,9.7,920,81.1,272000,4.26,-0.11,6150000,24.1,88
RENT002750,2023-02-01,2023,2,Q1,Dubai,Dubai,Palm Jumeirah,Villa,Studio,526000,484000,43800,13.0,1.3,6.06,5.55,83.2,16.8,10.3,93,1090,5.6,2270,59.8,495000,5.61,0.45,8700000,16.5,292
RENT002775,2023-02-01,2023,2,Q1,Abu Dhabi,Abu Dhabi,Saadiyat Island,Apartment,3BR,193000,185000,16100,13.0,0.5,4.12,3.24,90.4,9.6,22.5,37,597,13.5,1240,64.4,291000,4.6,-0.48,4700000,24.3,98
RENT002776,2023-02-01,2023,2,Q1,Abu Dhabi,Abu Dhabi,Saadiyat Island,Villa,Studio,609000,617000,50800,13.0,-2.4,4.28,3.29,95.0,5.0,23.8,195,587,12.1,3510,84.9,1088000,3.94,0.34,14200000,23.3,316
RENT002771,2023-02-01,2023,2,Q1,Dubai,Dubai,Sports City,Apartment,5BR+,72000,67000,6000,13.0,2.0,4.67,3.6,92.6,7.4,19.2,172,154,2.0,520,69.1,131000,4.34,0.33,1550000,21.4,191
RENT002772,2023-02-01,2023,2,Q1,Dubai,Dubai,Sports City,Villa,3BR,148000,149000,12300,13.0,-2.1,4.5,3.73,84.7,15.3,19.6,173,1033,4.7,1030,83.6,314000,4.42,0.08,3300000,22.2,198
RENT002777,2023-02-01,2023,2,Q1,Abu Dhabi,Abu Dhabi,Yas Island,Apartment,1BR,106000,108000,8800,13.0,0.6,5.25,4.48,78.6,21.4,18.8,197,155,17.4,780,59.8,170000,5.06,0.19,2000000,19.0,64
RENT002778,2023-02-01,2023,2,Q1,Abu Dhabi,Abu Dhabi,Yas Island,Villa,1BR,397000,416000,33100,13.0,0.1,5.02,4.48,81.1,18.9,15.9,83,345,19.3,1460,65.8,351000,5.38,-0.36,7900000,19.9,304
RENT002815,2023-03-01,2023,3,Q1,Dubai,Dubai,Al Furjan,Apartment,2BR,99000,93000,8200,13.0,-0.7,3.91,3.11,86.0,14.0,23.9,178,369,5.4,440,63.4,102000,3.83,0.08,2550000,25.6,147
RENT002816,2023-03-01,2023,3,Q1,Dubai,Dubai,Al Furjan,Villa,2BR,283000,280000,23600,13.0,0.1,6.12,5.47,80.0,20.0,14.2,204,1182,5.6,1840,74.7,502000,6.5,-0.38,4650000,16.3,598
RENT002855,2023-03-01,2023,3,Q1,Ras Al Khaimah,Ras Al Khaimah,Al Hamra Village,Apartment,1BR,84000,88000,7000,13.0,0.7,4.12,3.42,89.6,10.4,18.9,222,204,2.6,430,58.4,92000,4.24,-0.12,2050000,24.3,102
RENT002856,2023-03-01,2023,3,Q1,Ras Al Khaimah,Ras Al Khaimah,Al Hamra Village,Villa,2BR,240000,225000,20000,13.0,3.3,4.77,3.8,88.3,11.7,14.6,60,700,5.2,1710,68.8,429000,4.6,0.17,5050000,21.0,73
RENT002851,2023-03-01,2023,3,Q1,Sharjah,Sharjah,Al Khan,Apartment,3BR,55000,52000,4600,13.0,2.6,4.74,4.05,93.1,6.9,19.1,120,223,1.2,310,85.5,97000,5.17,-0.43,1150000,21.1,237
RENT002852,2023-03-01,2023,3,Q1,Sharjah,Sharjah,Al Khan,Villa,1BR,125000,117000,10400,13.0,2.2,4.63,3.55,81.3,18.7,19.9,136,261,6.4,690,73.8,186000,4.96,-0.33,2700000,21.6,76
RENT002845,2023-03-01,2023,3,Q1,Sharjah,Sharjah,Al Majaz,Apartment,Studio,62000,57000,5200,13.0,-0.1,4.15,3.08,91.0,9.0,16.2,147,931,6.6,250,86.9,79000,4.35,-0.2,1500000,24.1,50
RENT002846,2023-03-01,2023,3,Q1,Sharjah,Sharjah,Al Majaz,Villa,2BR,144000,146000,12000,13.0,2.6,5.6,4.73,81.0,19.0,21.7,196,1167,4.0,1000,64.6,236000,5.72,-0.12,2550000,17.8,175
RENT002847,2023-03-01,2023,3,Q1,Sharjah,Sharjah,Al Nahda,Apartment,1BR,51000,53000,4200,13.0,2.9,4.62,3.43,90.3,9.7,21.4,166,670,1.7,370,80.8,109000,4.5,0.12,1100000,21.6,84
RENT002848,2023-03-01,2023,3,Q1,Sharjah,Sharjah,Al Nahda,Villa,5BR+,134000,137000,11200,13.0,-0.1,5.72,4.79,82.0,18.0,23.0,211,68,7.8,940,84.7,291000,6.0,-0.28,2350000,17.5,217
RENT002835,2023-03-01,2023,3,Q1,Abu Dhabi,Abu Dhabi,Al Raha Beach,Apartment,2BR,125000,123000,10400,13.0,0.4,4.38,3.66,96.9,3.1,17.3,171,1188,7.5,670,73.1,179000,4.31,0.07,2850000,22.8,227
RENT002836,2023-03-01,2023,3,Q1,Abu Dhabi,Abu Dhabi,Al Raha Beach,Villa,Studio,275000,287000,22900,13.0,3.3,3.99,3.26,92.0,8.0,14.0,240,115,4.3,1470,74.0,397000,3.89,0.1,6900000,25.0,211
RENT002841,2023-03-01,2023,3,Q1,Abu Dhabi,Abu Dhabi,Al Reef,Apartment,1BR,85000,80000,7100,13.0,-1.0,4.13,3.38,79.7,20.3,23.7,198,801,3.6,500,57.0,104000,3.66,0.47,2050000,24.2,332
RENT002842,2023-03-01,2023,3,Q1,Abu Dhabi,Abu Dhabi,Al Reef,Villa,1BR,188000,194000,15700,13.0,1.9,5.15,4.25,94.4,5.6,18.2,210,603,2.3,1050,74.0,284000,5.21,-0.06,3650000,19.4,272
RENT002829,2023-03-01,2023,3,Q1,Abu Dhabi,Abu Dhabi,Al Reem Island,Apartment,Studio,96000,94000,8000,13.0,2.7,5.14,4.16,85.4,14.6,13.6,80,768,7.8,630,70.8,163000,5.44,-0.3,1850000,19.5,148
RENT002830,2023-03-01,2023,3,Q1,Abu Dhabi,Abu Dhabi,Al Reem Island,Villa,Studio,243000,251000,20200,13.0,3.4,4.67,4.12,92.2,7.8,14.9,213,1063,6.5,1630,82.4,490000,4.26,0.41,5200000,21.4,203
RENT002853,2023-03-01,2023,3,Q1,Sharjah,Sharjah,Al Taawun,Apartment,3BR,54000,51000,4500,13.0,1.7,3.93,3.4,95.9,4.1,12.8,24,373,3.0,230,65.4,55000,4.2,-0.27,1400000,25.5,135
RENT002854,2023-03-01,2023,3,Q1,Sharjah,Sharjah,Al Taawun,Villa,3BR,93000,94000,7800,13.0,0.5,4.72,4.05,95.2,4.8,11.5,54,369,6.6,440,74.5,120000,4.89,-0.17,1950000,21.2,64
RENT002809,2023-03-01,2023,3,Q1,Dubai,Dubai,Business Bay,Apartment,3BR,121000,124000,10100,13.0,2.8,4.01,3.24,78.9,21.1,10.7,23,286,4.5,840,80.5,247000,4.41,-0.4,3000000,24.9,299
RENT002810,2023-03-01,2023,3,Q1,Dubai,Dubai,Business Bay,Villa,2BR,380000,365000,31700,13.0,-2.3,3.88,3.3,79.6,20.4,22.3,160,728,4.4,2540,69.9,648000,4.2,-0.32,9800000,25.8,385
RENT002839,2023-03-01,2023,3,Q1,Abu Dhabi,Abu Dhabi,Corniche,Apartment,Studio,142000,142000,11800,13.0,-1.7,6.15,5.16,91.6,8.4,18.7,176,777,5.8,760,58.5,162000,6.2,-0.05,2300000,16.2,283
RENT002840,2023-03-01,2023,3,Q1,Abu Dhabi,Abu Dhabi,Corniche,Villa,1BR,371000,368000,30900,13.0,-1.4,4.38,3.18,82.8,17.2,12.7,49,632,6.3,2660,55.0,534000,4.15,0.23,8450000,22.8,189
RENT002819,2023-03-01,2023,3,Q1,Dubai,Dubai,Creek Harbour,Apartment,1BR,125000,129000,10400,13.0,3.3,5.64,5.09,93.8,6.2,21.6,40,948,5.2,630,76.4,176000,5.39,0.25,2200000,17.7,243
RENT002820,2023-03-01,2023,3,Q1,Dubai,Dubai,Creek Harbour,Villa,2BR,420000,414000,35000,13.0,3.3,5.81,4.62,92.1,7.9,10.2,184,210,5.1,2500,56.9,519000,6.21,-0.4,7200000,17.2,171
RENT002821,2023-03-01,2023,3,Q1,Dubai,Dubai,DAMAC Hills,Apartment,3BR,120000,119000,10000,13.0,3.3,4.1,3.44,93.9,6.1,12.2,71,676,4.9,560,55.8,114000,3.79,0.31,2900000,24.4,296
RENT002822,2023-03-01,2023,3,Q1,Dubai,Dubai,DAMAC Hills,Villa,2BR,201000,207000,16800,13.0,-1.5,5.57,4.89,92.4,7.6,18.5,137,635,2.7,1140,69.8,290000,5.62,-0.05,3600000,18.0,430
RENT002801,2023-03-01,2023,3,Q1,Dubai,Dubai,Downtown Dubai,Apartment,5BR+,158000,164000,13200,13.0,-2.2,5.16,4.37,80.8,19.2,18.2,68,1153,6.3,720,67.7,178000,4.89,0.27,3050000,19.4,442
RENT002802,2023-03-01,2023,3,Q1,Dubai,Dubai,Downtown Dubai,Villa,2BR,375000,370000,31200,13.0,1.9,4.81,3.74,79.4,20.6,14.3,162,1054,14.7,2130,73.6,572000,4.9,-0.09,7800000,20.8,534
RENT002807,2023-03-01,2023,3,Q1,Dubai,Dubai,Dubai Hills Estate,Apartment,1BR,177000,171000,14800,13.0,-0.0,4.44,3.87,93.0,7.0,17.0,239,479,3.3,1310,80.3,384000,4.17,0.27,4000000,22.5,113
RENT002808,2023-03-01,2023,3,Q1,Dubai,Dubai,Dubai Hills Estate,Villa,1BR,296000,300000,24700,13.0,1.6,4.11,3.37,94.3,5.7,20.8,173,387,7.3,1700,78.1,485000,4.46,-0.35,7200000,24.3,416
RENT002803,2023-03-01,2023,3,Q1,Dubai,Dubai,Dubai Marina,Apartment,1BR,122000,122000,10200,13.0,-0.7,3.92,2.96,92.7,7.3,12.7,231,1147,5.5,860,87.5,275000,4.19,-0.27,3100000,25.5,288
RENT002804,2023-03-01,2023,3,Q1,Dubai,Dubai,Dubai Marina,Villa,4BR,446000,459000,37200,13.0,-0.1,4.76,3.92,93.8,6.2,23.2,188,675,11.2,2790,78.4,798000,4.74,0.02,9350000,21.0,304
RENT002823,2023-03-01,2023,3,Q1,Dubai,Dubai,Dubai South,Apartment,1BR,80000,84000,6700,13.0,-2.0,4.0,3.19,78.7,21.3,11.2,21,700,7.0,410,76.3,114000,3.62,0.38,2000000,25.0,245
RENT002824,2023-03-01,2023,3,Q1,Dubai,Dubai,Dubai South,Villa,1BR,277000,272000,23100,13.0,-2.2,4.12,3.39,94.0,6.0,20.4,25,1071,4.1,1080,75.0,296000,3.9,0.22,6750000,24.3,595
RENT002817,2023-03-01,2023,3,Q1,Dubai,Dubai,JBR,Apartment,Studio,140000,141000,11700,13.0,0.3,3.98,3.11,88.0,12.0,11.8,168,907,6.8,560,73.2,150000,4.15,-0.17,3500000,25.1,363
RENT002818,2023-03-01,2023,3,Q1,Dubai,Dubai,JBR,Villa,2BR,339000,339000,28200,13.0,2.3,4.21,3.35,79.0,21.0,22.3,200,122,11.5,1320,82.7,398000,4.34,-0.13,8050000,23.8,328
RENT002811,2023-03-01,2023,3,Q1,Dubai,Dubai,JVC,Apartment,1BR,89000,86000,7400,13.0,1.1,4.74,3.78,96.3,3.7,17.8,121,340,6.6,650,69.4,165000,4.34,0.4,1900000,21.1,97
RENT002812,2023-03-01,2023,3,Q1,Dubai,Dubai,JVC,Villa,3BR,217000,227000,18100,13.0,3.4,4.32,3.67,86.6,13.4,13.5,39,744,7.5,1200,62.0,272000,4.04,0.28,5000000,23.1,564
RENT002837,2023-03-01,2023,3,Q1,Abu Dhabi,Abu Dhabi,Khalifa City,Apartment,2BR,87000,86000,7200,13.0,1.1,4.67,3.6,89.8,10.2,20.7,226,728,2.2,640,87.2,204000,4.64,0.03,1850000,21.4,207
RENT002838,2023-03-01,2023,3,Q1,Abu Dhabi,Abu Dhabi,Khalifa City,Villa,3BR,261000,246000,21800,13.0,1.9,5.6,4.87,86.0,14.0,18.6,141,285,1.3,1680,57.5,353000,6.03,-0.43,4650000,17.8,188
RENT002813,2023-03-01,2023,3,Q1,Dubai,Dubai,MBR City,Apartment,3BR,182000,177000,15200,13.0,2.3,4.94,4.04,93.5,6.5,17.0,175,458,3.3,910,77.5,257000,5.18,-0.24,3700000,20.2,94
RENT002814,2023-03-01,2023,3,Q1,Dubai,Dubai,MBR City,Villa,Studio,403000,408000,33600,13.0,-1.3,5.66,4.83,92.4,7.6,21.8,72,506,4.4,2910,85.8,911000,5.32,0.34,7100000,17.7,534
RENT002843,2023-03-01,2023,3,Q1,Abu Dhabi,Abu Dhabi,Masdar City,Apartment,3BR,71000,69000,5900,13.0,-1.3,5.33,4.46,88.1,11.9,15.4,212,319,7.9,280,85.0,87000,5.06,0.27,1350000,18.8,327
RENT002844,2023-03-01,2023,3,Q1,Abu Dhabi,Abu Dhabi,Masdar City,Villa,2BR,217000,225000,18100,13.0,0.9,4.32,3.68,94.1,5.9,15.8,98,659,6.3,1500,80.8,442000,3.85,0.47,5000000,23.1,83
RENT002825,2023-03-01,2023,3,Q1,Dubai,Dubai,Meydan,Apartment,1BR,121000,126000,10100,13.0,2.8,4.65,3.8,81.5,18.5,19.8,190,664,2.8,670,60.6,148000,4.4,0.25,2600000,21.5,541
RENT002826,2023-03-01,2023,3,Q1,Dubai,Dubai,Meydan,Villa,4BR,332000,346000,27700,13.0,0.4,4.66,4.09,79.2,20.8,15.8,53,1096,6.0,2090,71.3,544000,4.7,-0.04,7100000,21.4,265
RENT002849,2023-03-01,2023,3,Q1,Sharjah,Sharjah,Muwaileh,Apartment,4BR,46000,48000,3800,13.0,0.8,4.81,3.8,87.5,12.5,15.0,38,433,1.7,270,74.9,74000,5.09,-0.28,950000,20.8,232
RENT002850,2023-03-01,2023,3,Q1,Sharjah,Sharjah,Muwaileh,Villa,1BR,137000,128000,11400,13.0,1.0,5.54,4.55,90.6,9.4,19.8,34,400,7.7,860,87.1,273000,5.54,0.0,2450000,18.1,157
RENT002805,2023-03-01,2023,3,Q1,Dubai,Dubai,Palm Jumeirah,Apartment,Studio,278000,266000,23200,13.0,-1.0,4.82,4.06,86.1,13.9,23.9,23,832,19.4,1260,56.8,261000,4.37,0.45,5750000,20.7,591
RENT002806,2023-03-01,2023,3,Q1,Dubai,Dubai,Palm Jumeirah,Villa,2BR,733000,710000,61100,13.0,-0.1,4.08,3.43,78.0,22.0,18.7,51,110,10.2,4000,71.9,1050000,3.62,0.46,18000000,24.5,376
RENT002831,2023-03-01,2023,3,Q1,Abu Dhabi,Abu Dhabi,Saadiyat Island,Apartment,Studio,210000,208000,17500,13.0,1.2,4.09,3.22,89.8,10.2,13.8,126,912,17.5,1220,66.3,295000,4.57,-0.48,5150000,24.5,149
RENT002832,2023-03-01,2023,3,Q1,Abu Dhabi,Abu Dhabi,Saadiyat Island,Villa,1BR,451000,432000,37600,13.0,0.8,4.63,3.95,92.4,7.6,14.5,117,771,7.4,2990,80.4,877000,4.89,-0.26,9750000,21.6,223
RENT002827,2023-03-01,2023,3,Q1,Dubai,Dubai,Sports City,Apartment,4BR,80000,80000,6700,13.0,0.4,4.18,3.04,92.1,7.9,21.6,89,903,2.7,550,63.2,127000,4.05,0.13,1900000,23.9,96
RENT002828,2023-03-01,2023,3,Q1,Dubai,Dubai,Sports City,Villa,3BR,191000,196000,15900,13.0,-1.7,3.92,2.82,91.2,8.8,10.5,187,667,4.9,770,63.9,180000,3.73,0.19,4850000,25.5,358
RENT002833,2023-03-01,2023,3,Q1,Abu Dhabi,Abu Dhabi,Yas Island,Apartment,1BR,115000,117000,9600,13.0,3.2,4.4,3.87,96.1,3.9,20.3,218,293,12.4,530,56.4,109000,4.02,0.38,2600000,22.7,51
RENT002834,2023-03-01,2023,3,Q1,Abu Dhabi,Abu Dhabi,Yas Island,Villa,3BR,230000,224000,19200,13.0,-1.1,4.59,3.7,82.7,17.3,17.7,18,767,9.4,1600,66.8,390000,5.06,-0.47,5000000,21.8,262
RENT002871,2023-04-01,2023,4,Q2,Dubai,Dubai,Al Furjan,Apartment,2BR,90000,83000,7500,13.0,2.9,4.84,4.15,79.1,20.9,21.2,69,308,7.1,520,81.3,154000,4.46,0.38,1850000,20.7,148
RENT002872,2023-04-01,2023,4,Q2,Dubai,Dubai,Al Furjan,Villa,Studio,263000,275000,21900,13.0,0.7,4.39,3.47,94.9,5.1,21.3,156,115,4.8,1810,73.8,488000,4.05,0.34,6000000,22.8,344
RENT002911,2023-04-01,2023,4,Q2,Ras Al Khaimah,Ras Al Khaimah,Al Hamra Village,Apartment,Studio,76000,77000,6300,13.0,-2.1,4.92,4.36,90.5,9.5,15.6,88,671,1.8,420,55.9,86000,5.32,-0.4,1550000,20.3,105
RENT002912,2023-04-01,2023,4,Q2,Ras Al Khaimah,Ras Al Khaimah,Al Hamra Village,Villa,3BR,269000,280000,22400,13.0,1.7,4.54,3.7,80.8,19.2,22.5,224,1167,1.0,1880,71.1,488000,4.99,-0.45,5900000,22.0,66
RENT002907,2023-04-01,2023,4,Q2,Sharjah,Sharjah,Al Khan,Apartment,3BR,59000,61000,4900,13.0,0.8,4.33,3.46,96.4,3.6,15.6,76,1057,5.5,260,63.7,60000,3.91,0.42,1350000,23.1,143
RENT002908,2023-04-01,2023,4,Q2,Sharjah,Sharjah,Al Khan,Villa,Studio,170000,175000,14200,13.0,1.5,4.59,4.05,87.5,12.5,16.8,211,249,4.9,1020,66.4,247000,4.14,0.45,3700000,21.8,170
RENT002901,2023-04-01,2023,4,Q2,Sharjah,Sharjah,Al Majaz,Apartment,1BR,65000,67000,5400,13.0,-1.0,5.11,4.27,92.4,7.6,18.2,196,302,5.7,350,72.2,92000,4.84,0.27,1250000,19.6,79
RENT002902,2023-04-01,2023,4,Q2,Sharjah,Sharjah,Al Majaz,Villa,4BR,139000,146000,11600,13.0,-1.7,4.06,3.18,81.7,18.3,23.0,12,574,2.1,940,75.3,258000,4.1,-0.04,3400000,24.6,204
RENT002903,2023-04-01,2023,4,Q2,Sharjah,Sharjah,Al Nahda,Apartment,4BR,53000,52000,4400,13.0,0.3,4.0,3.24,80.6,19.4,11.9,238,454,7.1,350,74.6,95000,4.0,0.0,1300000,25.0,68
RENT002904,2023-04-01,2023,4,Q2,Sharjah,Sharjah,Al Nahda,Villa,Studio,189000,177000,15800,13.0,1.8,6.05,5.04,91.9,8.1,12.2,124,630,6.9,1380,82.4,415000,6.51,-0.46,3100000,16.5,109
RENT002891,2023-04-01,2023,4,Q2,Abu Dhabi,Abu Dhabi,Al Raha Beach,Apartment,2BR,128000,123000,10700,13.0,-0.2,4.7,4.08,94.2,5.8,20.1,181,1010,6.0,850,65.0,202000,4.98,-0.28,2700000,21.3,286
RENT002892,2023-04-01,2023,4,Q2,Abu Dhabi,Abu Dhabi,Al Raha Beach,Villa,5BR+,312000,317000,26000,13.0,-1.9,4.92,4.22,88.2,11.8,14.3,76,1169,1.2,1280,61.2,286000,5.35,-0.43,6350000,20.3,173
RENT002897,2023-04-01,2023,4,Q2,Abu Dhabi,Abu Dhabi,Al Reef,Apartment,2BR,87000,84000,7200,13.0,0.3,5.05,4.15,90.7,9.3,21.9,239,658,6.1,410,56.6,85000,5.34,-0.29,1700000,19.8,234
RENT002898,2023-04-01,2023,4,Q2,Abu Dhabi,Abu Dhabi,Al Reef,Villa,1BR,157000,157000,13100,13.0,-2.3,5.44,4.55,81.1,18.9,12.6,132,620,3.1,1160,76.0,322000,5.55,-0.11,2900000,18.4,120
RENT002885,2023-04-01,2023,4,Q2,Abu Dhabi,Abu Dhabi,Al Reem Island,Apartment,1BR,97000,91000,8100,13.0,2.2,4.13,3.56,85.0,15.0,14.5,44,795,1.1,640,72.3,169000,4.55,-0.42,2350000,24.2,207
RENT002886,2023-04-01,2023,4,Q2,Abu Dhabi,Abu Dhabi,Al Reem Island,Villa,1BR,328000,325000,27300,13.0,3.3,5.21,4.46,84.8,15.2,17.8,137,559,2.4,1610,63.4,373000,5.2,0.01,6300000,19.2,194
RENT002909,2023-04-01,2023,4,Q2,Sharjah,Sharjah,Al Taawun,Apartment,4BR,53000,50000,4400,13.0,2.6,4.15,3.63,91.0,9.0,17.6,24,530,3.7,310,84.8,96000,4.37,-0.22,1300000,24.1,75
RENT002910,2023-04-01,2023,4,Q2,Sharjah,Sharjah,Al Taawun,Villa,2BR,145000,135000,12100,13.0,0.1,5.0,3.9,87.8,12.2,11.9,116,725,6.7,790,62.5,180000,4.9,0.1,2900000,20.0,231
RENT002865,2023-04-01,2023,4,Q2,Dubai,Dubai,Business Bay,Apartment,4BR,127000,129000,10600,13.0,0.9,4.49,3.8,79.0,21.0,19.0,238,972,6.8,460,62.5,105000,4.56,-0.07,2850000,22.3,498
RENT002866,2023-04-01,2023,4,Q2,Dubai,Dubai,Business Bay,Villa,5BR+,290000,278000,24200,13.0,1.4,4.23,3.65,86.5,13.5,11.9,105,820,3.0,1190,86.7,377000,3.88,0.35,6850000,23.6,115
RENT002895,2023-04-01,2023,4,Q2,Abu Dhabi,Abu Dhabi,Corniche,Apartment,2BR,135000,135000,11200,13.0,2.6,4.07,3.23,89.5,10.5,21.1,67,1006,7.3,990,56.6,205000,4.06,0.01,3300000,24.6,55
RENT002896,2023-04-01,2023,4,Q2,Abu Dhabi,Abu Dhabi,Corniche,Villa,2BR,465000,462000,38800,13.0,2.2,5.92,4.82,84.0,16.0,19.7,197,1106,2.7,2180,82.0,652000,6.08,-0.16,7850000,16.9,243
RENT002875,2023-04-01,2023,4,Q2,Dubai,Dubai,Creek Harbour,Apartment,4BR,126000,123000,10500,13.0,-0.4,5.97,5.26,85.6,14.4,17.8,151,1044,5.8,760,83.0,230000,6.3,-0.33,2100000,16.8,459
RENT002876,2023-04-01,2023,4,Q2,Dubai,Dubai,Creek Harbour,Villa,3BR,412000,401000,34300,13.0,-1.5,5.71,4.72,86.8,13.2,20.7,29,406,1.4,2600,82.5,783000,5.41,0.3,7200000,17.5,343
RENT002877,2023-04-01,2023,4,Q2,Dubai,Dubai,DAMAC Hills,Apartment,1BR,121000,111000,10100,13.0,-1.4,4.35,3.36,87.6,12.4,18.4,111,369,6.7,540,86.1,170000,4.12,0.23,2800000,23.0,424
RENT002878,2023-04-01,2023,4,Q2,Dubai,Dubai,DAMAC Hills,Villa,1BR,241000,253000,20100,13.0,-0.5,4.19,3.42,78.3,21.7,19.9,192,85,4.0,890,55.1,179000,4.37,-0.18,5750000,23.9,205
RENT002857,2023-04-01,2023,4,Q2,Dubai,Dubai,Downtown Dubai,Apartment,2BR,150000,144000,12500,13.0,0.1,3.98,2.94,79.6,20.4,20.1,146,579,18.2,1110,85.5,346000,3.6,0.38,3750000,25.1,296
RENT002858,2023-04-01,2023,4,Q2,Dubai,Dubai,Downtown Dubai,Villa,1BR,406000,408000,33800,13.0,3.3,4.33,3.58,94.6,5.4,18.8,51,298,15.6,2500,83.3,760000,4.31,0.02,9400000,23.1,220
RENT002863,2023-04-01,2023,4,Q2,Dubai,Dubai,Dubai Hills Estate,Apartment,3BR,183000,187000,15200,13.0,-1.5,4.76,4.16,96.9,3.1,23.7,129,202,2.7,840,76.6,235000,4.42,0.34,3850000,21.0,129
RENT002864,2023-04-01,2023,4,Q2,Dubai,Dubai,Dubai Hills Estate,Villa,2BR,426000,429000,35500,13.0,-0.1,4.89,3.86,86.2,13.8,10.1,250,794,6.3,1980,76.8,555000,4.44,0.45,8700000,20.4,533
RENT002859,2023-04-01,2023,4,Q2,Dubai,Dubai,Dubai Marina,Apartment,Studio,128000,119000,10700,13.0,1.2,5.2,4.3,83.6,16.4,20.5,21,290,7.8,900,60.3,198000,4.76,0.44,2450000,19.2,194
RENT002860,2023-04-01,2023,4,Q2,Dubai,Dubai,Dubai Marina,Villa,2BR,271000,260000,22600,13.0,-0.3,5.65,4.78,84.1,15.9,18.1,11,573,12.7,1490,63.2,344000,5.53,0.12,4800000,17.7,182
RENT002879,2023-04-01,2023,4,Q2,Dubai,Dubai,Dubai South,Apartment,1BR,73000,69000,6100,13.0,-1.0,5.65,4.74,78.2,21.8,24.0,104,742,4.5,500,62.8,115000,5.85,-0.2,1300000,17.7,407
RENT002880,2023-04-01,2023,4,Q2,Dubai,Dubai,Dubai South,Villa,2BR,263000,253000,21900,13.0,-2.2,3.91,3.13,92.9,7.1,18.6,128,68,6.9,1690,86.2,532000,4.27,-0.36,6750000,25.6,95
RENT002873,2023-04-01,2023,4,Q2,Dubai,Dubai,JBR,Apartment,Studio,134000,125000,11200,13.0,1.8,6.08,5.39,88.8,11.2,20.3,228,611,19.0,820,85.0,254000,5.59,0.49,2200000,16.5,387
RENT002874,2023-04-01,2023,4,Q2,Dubai,Dubai,JBR,Villa,1BR,438000,432000,36500,13.0,-0.5,4.04,3.17,97.0,3.0,14.2,12,478,5.2,2790,82.2,837000,3.7,0.34,10850000,24.8,331
RENT002867,2023-04-01,2023,4,Q2,Dubai,Dubai,JVC,Apartment,4BR,86000,85000,7200,13.0,0.3,5.71,4.72,80.5,19.5,14.4,36,964,7.5,540,73.2,144000,5.79,-0.08,1500000,17.5,259
RENT002868,2023-04-01,2023,4,Q2,Dubai,Dubai,JVC,Villa,1BR,154000,148000,12800,13.0,2.9,3.97,2.77,91.0,9.0,20.1,134,1022,2.9,830,65.4,198000,3.78,0.19,3900000,25.2,469
RENT002893,2023-04-01,2023,4,Q2,Abu Dhabi,Abu Dhabi,Khalifa City,Apartment,2BR,95000,91000,7900,13.0,-2.1,4.23,3.69,78.9,21.1,15.4,224,153,5.9,530,86.7,168000,3.81,0.42,2250000,23.7,125
RENT002894,2023-04-01,2023,4,Q2,Abu Dhabi,Abu Dhabi,Khalifa City,Villa,1BR,278000,265000,23200,13.0,2.2,4.26,3.11,88.8,11.2,14.3,23,131,1.2,1570,85.5,490000,4.52,-0.26,6500000,23.5,97
RENT002869,2023-04-01,2023,4,Q2,Dubai,Dubai,MBR City,Apartment,3BR,175000,171000,14600,13.0,0.5,4.66,3.63,89.6,10.4,20.6,137,203,3.0,650,63.7,151000,4.35,0.31,3750000,21.5,387
RENT002870,2023-04-01,2023,4,Q2,Dubai,Dubai,MBR City,Villa,2BR,352000,342000,29300,13.0,2.4,4.88,3.88,94.1,5.9,19.6,227,388,2.4,1800,68.0,447000,4.61,0.27,7200000,20.5,498
RENT002899,2023-04-01,2023,4,Q2,Abu Dhabi,Abu Dhabi,Masdar City,Apartment,1BR,81000,80000,6800,13.0,-1.4,5.03,3.98,94.5,5.5,18.5,250,903,2.9,420,67.7,104000,5.34,-0.31,1600000,19.9,155
RENT002900,2023-04-01,2023,4,Q2,Abu Dhabi,Abu Dhabi,Masdar City,Villa,2BR,196000,196000,16300,13.0,0.2,5.0,4.27,90.2,9.8,18.1,167,320,1.0,890,63.9,208000,5.23,-0.23,3900000,20.0,168
RENT002881,2023-04-01,2023,4,Q2,Dubai,Dubai,Meydan,Apartment,2BR,118000,116000,9800,13.0,2.7,4.53,4.01,91.3,8.7,11.0,48,729,4.9,810,60.2,178000,4.79,-0.26,2600000,22.1,450
RENT002882,2023-04-01,2023,4,Q2,Dubai,Dubai,Meydan,Villa,2BR,385000,402000,32100,13.0,2.0,4.16,3.46,90.4,9.6,23.1,102,918,2.1,2640,62.9,606000,4.28,-0.12,9250000,24.1,255
RENT002905,2023-04-01,2023,4,Q2,Sharjah,Sharjah,Muwaileh,Apartment,2BR,48000,48000,4000,13.0,-2.0,5.51,4.79,93.6,6.4,15.8,216,635,7.2,230,63.8,54000,5.4,0.11,850000,18.2,36
RENT002906,2023-04-01,2023,4,Q2,Sharjah,Sharjah,Muwaileh,Villa,3BR,161000,162000,13400,13.0,0.6,4.32,3.14,90.8,9.2,19.5,50,537,6.2,830,64.3,195000,4.67,-0.35,3750000,23.1,140
RENT002861,2023-04-01,2023,4,Q2,Dubai,Dubai,Palm Jumeirah,Apartment,2BR,257000,242000,21400,13.0,1.0,6.07,5.52,94.8,5.2,13.7,249,417,7.9,1690,76.2,470000,5.62,0.45,4250000,16.5,100
RENT002862,2023-04-01,2023,4,Q2,Dubai,Dubai,Palm Jumeirah,Villa,2BR,577000,586000,48100,13.0,2.6,5.04,4.48,95.7,4.3,13.3,148,945,10.8,2560,67.5,631000,5.29,-0.25,11450000,19.8,559
RENT002887,2023-04-01,2023,4,Q2,Abu Dhabi,Abu Dhabi,Saadiyat Island,Apartment,2BR,202000,203000,16800,13.0,-0.9,4.01,3.38,84.8,15.2,12.8,52,863,13.0,770,82.7,232000,3.74,0.27,5050000,24.9,104
RENT002888,2023-04-01,2023,4,Q2,Abu Dhabi,Abu Dhabi,Saadiyat Island,Villa,2BR,754000,782000,62800,13.0,3.4,5.62,4.87,92.1,7.9,11.6,250,435,10.3,5070,80.2,1484000,5.17,0.45,13400000,17.8,133
RENT002883,2023-04-01,2023,4,Q2,Dubai,Dubai,Sports City,Apartment,1BR,80000,77000,6700,13.0,-2.5,3.85,3.13,97.0,3.0,23.1,44,355,1.3,470,79.8,137000,3.71,0.14,2100000,26.0,288
RENT002884,2023-04-01,2023,4,Q2,Dubai,Dubai,Sports City,Villa,1BR,149000,141000,12400,13.0,1.3,4.05,3.27,89.5,10.5,13.6,133,474,6.3,930,74.4,253000,3.66,0.39,3700000,24.7,536
RENT002889,2023-04-01,2023,4,Q2,Abu Dhabi,Abu Dhabi,Yas Island,Apartment,1BR,124000,114000,10300,13.0,0.0,4.78,3.88,92.2,7.8,17.9,246,563,10.6,470,66.6,114000,4.7,0.08,2600000,20.9,355
RENT002890,2023-04-01,2023,4,Q2,Abu Dhabi,Abu Dhabi,Yas Island,Villa,2BR,318000,296000,26500,13.0,-2.0,4.72,4.21,82.3,17.7,17.1,21,408,11.2,1810,79.4,525000,4.44,0.28,6750000,21.2,247
RENT002927,2023-05-01,2023,5,Q2,Dubai,Dubai,Al Furjan,Apartment,3BR,94000,87000,7800,13.0,-0.8,4.94,4.1,88.8,11.2,20.8,180,230,3.1,670,72.4,177000,5.23,-0.29,1900000,20.2,317
RENT002928,2023-05-01,2023,5,Q2,Dubai,Dubai,Al Furjan,Villa,2BR,303000,291000,25200,13.0,3.3,4.34,3.28,95.0,5.0,19.9,86,563,4.8,1120,80.1,327000,4.58,-0.24,7000000,23.0,339
RENT002967,2023-05-01,2023,5,Q2,Ras Al Khaimah,Ras Al Khaimah,Al Hamra Village,Apartment,5BR+,84000,78000,7000,13.0,-1.0,5.4,4.46,96.0,4.0,20.3,150,660,3.9,330,68.3,82000,5.59,-0.19,1550000,18.5,119
RENT002968,2023-05-01,2023,5,Q2,Ras Al Khaimah,Ras Al Khaimah,Al Hamra Village,Villa,3BR,144000,143000,12000,13.0,3.1,3.87,2.67,95.3,4.7,21.3,124,1169,3.5,780,63.7,181000,3.51,0.36,3700000,25.8,68
RENT002963,2023-05-01,2023,5,Q2,Sharjah,Sharjah,Al Khan,Apartment,1BR,54000,53000,4500,13.0,2.7,4.04,3.31,80.3,19.7,13.4,199,379,3.4,200,64.2,47000,4.11,-0.07,1350000,24.8,33
RENT002964,2023-05-01,2023,5,Q2,Sharjah,Sharjah,Al Khan,Villa,1BR,194000,196000,16200,13.0,1.0,5.1,4.5,87.4,12.6,10.4,36,293,2.9,1160,73.8,312000,5.0,0.1,3800000,19.6,108
RENT002957,2023-05-01,2023,5,Q2,Sharjah,Sharjah,Al Majaz,Apartment,4BR,58000,54000,4800,13.0,1.3,4.63,3.63,91.9,8.1,17.5,168,907,2.1,430,78.8,124000,5.01,-0.38,1250000,21.6,218
RENT002958,2023-05-01,2023,5,Q2,Sharjah,Sharjah,Al Majaz,Villa,1BR,119000,111000,9900,13.0,-0.5,5.72,4.99,78.2,21.8,14.8,244,808,2.8,560,79.7,163000,5.51,0.21,2100000,17.5,52
RENT002959,2023-05-01,2023,5,Q2,Sharjah,Sharjah,Al Nahda,Apartment,2BR,55000,53000,4600,13.0,1.2,3.98,3.42,82.8,17.2,18.2,90,284,5.3,280,75.1,77000,3.52,0.46,1400000,25.1,177
RENT002960,2023-05-01,2023,5,Q2,Sharjah,Sharjah,Al Nahda,Villa,1BR,178000,165000,14800,13.0,-0.4,4.38,3.76,78.2,21.8,11.8,132,326,1.5,1080,66.3,261000,4.43,-0.05,4050000,22.8,233
RENT002947,2023-05-01,2023,5,Q2,Abu Dhabi,Abu Dhabi,Al Raha Beach,Apartment,1BR,134000,136000,11200,13.0,0.9,4.0,3.26,90.7,9.3,12.3,229,351,1.8,990,84.4,305000,3.72,0.28,3350000,25.0,358
RENT002948,2023-05-01,2023,5,Q2,Abu Dhabi,Abu Dhabi,Al Raha Beach,Villa,Studio,267000,257000,22200,13.0,0.6,3.98,3.35,86.3,13.7,12.5,18,335,7.6,1620,68.0,402000,4.07,-0.09,6700000,25.2,267
RENT002953,2023-05-01,2023,5,Q2,Abu Dhabi,Abu Dhabi,Al Reef,Apartment,3BR,87000,87000,7200,13.0,0.3,5.63,4.51,83.8,16.2,21.4,155,177,7.2,500,80.4,147000,5.14,0.49,1550000,17.8,257
RENT002954,2023-05-01,2023,5,Q2,Abu Dhabi,Abu Dhabi,Al Reef,Villa,2BR,250000,236000,20800,13.0,2.4,3.96,3.27,80.5,19.5,15.5,74,661,6.0,1660,69.9,424000,4.4,-0.44,6300000,25.3,202
RENT002941,2023-05-01,2023,5,Q2,Abu Dhabi,Abu Dhabi,Al Reem Island,Apartment,Studio,95000,96000,7900,13.0,3.4,3.95,3.34,88.7,11.3,12.8,52,725,1.5,480,57.3,100000,3.82,0.13,2400000,25.3,60
RENT002942,2023-05-01,2023,5,Q2,Abu Dhabi,Abu Dhabi,Al Reem Island,Villa,3BR,267000,264000,22200,13.0,-0.9,5.78,4.81,80.0,20.0,17.8,128,100,1.6,1610,84.6,497000,6.0,-0.22,4600000,17.3,261
RENT002965,2023-05-01,2023,5,Q2,Sharjah,Sharjah,Al Taawun,Apartment,2BR,48000,50000,4000,13.0,-1.4,3.96,2.83,94.1,5.9,10.1,156,96,4.5,340,63.0,78000,3.9,0.06,1200000,25.2,39
RENT002966,2023-05-01,2023,5,Q2,Sharjah,Sharjah,Al Taawun,Villa,1BR,141000,147000,11800,13.0,2.7,5.8,5.01,87.8,12.2,19.3,25,254,5.7,750,74.0,203000,5.69,0.11,2450000,17.3,224
RENT002921,2023-05-01,2023,5,Q2,Dubai,Dubai,Business Bay,Apartment,3BR,122000,117000,10200,13.0,-2.3,4.2,3.44,84.4,15.6,13.1,172,1007,7.0,470,79.4,136000,4.45,-0.25,2900000,23.8,242
RENT002922,2023-05-01,2023,5,Q2,Dubai,Dubai,Business Bay,Villa,3BR,372000,344000,31000,13.0,-0.1,5.96,4.91,79.3,20.7,10.1,64,811,7.8,2710,63.2,625000,6.26,-0.3,6250000,16.8,456
RENT002951,2023-05-01,2023,5,Q2,Abu Dhabi,Abu Dhabi,Corniche,Apartment,2BR,142000,143000,11800,13.0,2.4,4.64,4.1,82.3,17.7,23.9,14,1158,5.1,520,61.8,117000,5.03,-0.39,3050000,21.5,166
RENT002952,2023-05-01,2023,5,Q2,Abu Dhabi,Abu Dhabi,Corniche,Villa,1BR,336000,317000,28000,13.0,0.5,4.23,3.13,90.7,9.3,24.0,186,882,2.1,2390,78.5,685000,4.12,0.11,7950000,23.7,321
RENT002931,2023-05-01,2023,5,Q2,Dubai,Dubai,Creek Harbour,Apartment,1BR,125000,126000,10400,13.0,-0.6,4.31,3.59,84.7,15.3,18.8,213,301,2.2,600,60.5,132000,4.4,-0.09,2900000,23.2,256
RENT002932,2023-05-01,2023,5,Q2,Dubai,Dubai,Creek Harbour,Villa,3BR,290000,285000,24200,13.0,0.1,4.59,3.45,91.7,8.3,14.4,240,679,2.1,1150,77.0,323000,4.92,-0.33,6300000,21.8,114
RENT002933,2023-05-01,2023,5,Q2,Dubai,Dubai,DAMAC Hills,Apartment,2BR,115000,114000,9600,13.0,3.1,4.8,4.14,95.3,4.7,11.0,187,544,6.6,690,87.9,221000,4.94,-0.14,2400000,20.8,351
RENT002934,2023-05-01,2023,5,Q2,Dubai,Dubai,DAMAC Hills,Villa,Studio,349000,345000,29100,13.0,-1.7,5.48,4.54,96.9,3.1,22.3,36,132,6.5,2270,62.4,517000,5.95,-0.47,6350000,18.2,410
RENT002913,2023-05-01,2023,5,Q2,Dubai,Dubai,Downtown Dubai,Apartment,Studio,152000,159000,12700,13.0,-0.7,5.92,5.01,88.3,11.7,23.3,118,323,12.8,570,84.7,176000,6.17,-0.25,2550000,16.9,277
RENT002914,2023-05-01,2023,5,Q2,Dubai,Dubai,Downtown Dubai,Villa,Studio,358000,334000,29800,13.0,-1.7,4.04,3.07,89.4,10.6,23.2,227,202,15.2,2450,84.6,757000,3.72,0.32,8850000,24.8,457
RENT002919,2023-05-01,2023,5,Q2,Dubai,Dubai,Dubai Hills Estate,Apartment,3BR,161000,157000,13400,13.0,-2.3,4.77,3.71,80.5,19.5,23.1,164,618,6.3,950,82.0,284000,5.02,-0.25,3400000,21.0,532
RENT002920,2023-05-01,2023,5,Q2,Dubai,Dubai,Dubai Hills Estate,Villa,3BR,446000,416000,37200,13.0,1.0,6.05,4.99,83.0,17.0,13.9,50,440,2.2,3290,76.7,921000,6.51,-0.46,7350000,16.5,323
RENT002915,2023-05-01,2023,5,Q2,Dubai,Dubai,Dubai Marina,Apartment,3BR,139000,128000,11600,13.0,-0.1,3.99,3.31,85.0,15.0,12.0,64,548,18.3,560,68.6,140000,4.09,-0.1,3500000,25.1,495
RENT002916,2023-05-01,2023,5,Q2,Dubai,Dubai,Dubai Marina,Villa,2BR,288000,268000,24000,13.0,2.9,4.07,3.23,85.1,14.9,13.1,188,440,9.7,1510,59.0,325000,4.15,-0.08,7050000,24.6,117
RENT002935,2023-05-01,2023,5,Q2,Dubai,Dubai,Dubai South,Apartment,3BR,74000,68000,6200,13.0,-0.9,5.34,4.32,78.2,21.8,17.9,232,955,1.1,430,65.5,103000,5.31,0.03,1400000,18.7,564
RENT002936,2023-05-01,2023,5,Q2,Dubai,Dubai,Dubai South,Villa,1BR,224000,233000,18700,13.0,2.1,4.56,3.36,80.5,19.5,12.8,181,551,2.8,870,81.7,259000,4.3,0.26,4900000,21.9,590
RENT002929,2023-05-01,2023,5,Q2,Dubai,Dubai,JBR,Apartment,2BR,133000,133000,11100,13.0,-0.2,5.22,4.07,93.1,6.9,17.8,14,832,6.8,760,69.1,192000,4.89,0.33,2550000,19.2,469
RENT002930,2023-05-01,2023,5,Q2,Dubai,Dubai,JBR,Villa,4BR,361000,362000,30100,13.0,-1.3,4.33,3.34,81.2,18.8,21.3,33,574,20.0,2190,82.2,657000,3.97,0.36,8350000,23.1,306
RENT002923,2023-05-01,2023,5,Q2,Dubai,Dubai,JVC,Apartment,2BR,81000,81000,6800,13.0,2.7,5.6,5.1,96.8,3.2,15.6,202,582,3.0,580,87.4,185000,6.04,-0.44,1450000,17.9,138
RENT002924,2023-05-01,2023,5,Q2,Dubai,Dubai,JVC,Villa,3BR,244000,239000,20300,13.0,2.6,4.4,3.26,93.3,6.7,20.0,81,1043,4.9,1520,69.0,383000,4.11,0.29,5550000,22.7,352
RENT002949,2023-05-01,2023,5,Q2,Abu Dhabi,Abu Dhabi,Khalifa City,Apartment,1BR,95000,95000,7900,13.0,-0.0,6.17,5.3,81.0,19.0,18.3,93,197,6.3,430,81.9,129000,6.66,-0.49,1550000,16.2,155
RENT002950,2023-05-01,2023,5,Q2,Abu Dhabi,Abu Dhabi,Khalifa City,Villa,3BR,209000,213000,17400,13.0,1.2,4.5,3.43,85.9,14.1,23.0,143,348,3.4,990,68.1,246000,4.76,-0.26,4650000,22.2,176
RENT002925,2023-05-01,2023,5,Q2,Dubai,Dubai,MBR City,Apartment,3BR,174000,162000,14500,13.0,3.5,5.96,5.35,92.4,7.6,12.6,151,337,6.0,1010,56.2,207000,5.73,0.23,2900000,16.8,405
RENT002926,2023-05-01,2023,5,Q2,Dubai,Dubai,MBR City,Villa,4BR,381000,361000,31800,13.0,1.7,4.7,3.83,82.2,17.8,12.4,80,570,5.3,1450,70.3,372000,4.68,0.02,8100000,21.3,381
RENT002955,2023-05-01,2023,5,Q2,Abu Dhabi,Abu Dhabi,Masdar City,Apartment,1BR,71000,70000,5900,13.0,-2.3,5.32,4.63,90.3,9.7,14.3,32,844,3.3,480,88.0,154000,5.28,0.04,1350000,18.8,219
RENT002956,2023-05-01,2023,5,Q2,Abu Dhabi,Abu Dhabi,Masdar City,Villa,2BR,215000,219000,17900,13.0,2.6,5.2,4.42,86.8,13.2,22.6,179,315,4.3,1460,81.3,433000,5.5,-0.3,4150000,19.2,232
RENT002937,2023-05-01,2023,5,Q2,Dubai,Dubai,Meydan,Apartment,4BR,133000,134000,11100,13.0,1.8,4.58,3.71,95.2,4.8,20.9,164,285,3.7,800,80.9,236000,4.3,0.28,2900000,21.8,298
RENT002938,2023-05-01,2023,5,Q2,Dubai,Dubai,Meydan,Villa,Studio,343000,319000,28600,13.0,1.1,5.79,5.28,90.6,9.4,14.5,73,559,5.3,1870,61.1,417000,6.26,-0.47,5950000,17.3,278
RENT002961,2023-05-01,2023,5,Q2,Sharjah,Sharjah,Muwaileh,Apartment,2BR,48000,50000,4000,13.0,-0.6,5.54,4.93,83.3,16.7,17.1,195,288,5.7,200,70.2,51000,5.05,0.49,850000,18.0,209
RENT002962,2023-05-01,2023,5,Q2,Sharjah,Sharjah,Muwaileh,Villa,2BR,140000,135000,11700,13.0,1.4,3.94,3.11,93.9,6.1,17.2,218,433,7.0,530,74.2,144000,3.51,0.43,3550000,25.4,222
RENT002917,2023-05-01,2023,5,Q2,Dubai,Dubai,Palm Jumeirah,Apartment,2BR,252000,242000,21000,13.0,-0.9,3.91,2.83,81.2,18.8,23.4,14,315,18.4,1530,74.7,417000,3.96,-0.05,6450000,25.6,203
RENT002918,2023-05-01,2023,5,Q2,Dubai,Dubai,Palm Jumeirah,Villa,2BR,734000,732000,61200,13.0,-2.2,4.65,4.14,90.8,9.2,13.6,15,386,12.2,5420,80.9,1600000,4.83,-0.18,15800000,21.5,189
RENT002943,2023-05-01,2023,5,Q2,Abu Dhabi,Abu Dhabi,Saadiyat Island,Apartment,1BR,201000,191000,16800,13.0,1.4,4.55,3.71,79.8,20.2,20.2,23,314,16.9,1130,61.6,254000,4.83,-0.28,4400000,22.0,256
RENT002944,2023-05-01,2023,5,Q2,Abu Dhabi,Abu Dhabi,Saadiyat Island,Villa,4BR,552000,570000,46000,13.0,1.0,5.74,4.75,82.1,17.9,13.3,145,198,17.1,3620,87.7,1159000,5.32,0.42,9650000,17.4,298
RENT002939,2023-05-01,2023,5,Q2,Dubai,Dubai,Sports City,Apartment,2BR,76000,71000,6300,13.0,-2.3,4.55,3.45,78.7,21.3,11.8,171,325,7.2,520,60.4,115000,4.76,-0.21,1650000,22.0,290
RENT002940,2023-05-01,2023,5,Q2,Dubai,Dubai,Sports City,Villa,1BR,146000,150000,12200,13.0,-1.6,4.48,3.44,95.1,4.9,13.0,117,701,5.4,970,85.7,303000,4.13,0.35,3250000,22.3,154
RENT002945,2023-05-01,2023,5,Q2,Abu Dhabi,Abu Dhabi,Yas Island,Apartment,5BR+,110000,107000,9200,13.0,-2.3,5.68,5.11,84.8,15.2,16.0,52,270,13.0,650,56.3,134000,5.64,0.04,1950000,17.6,338
RENT002946,2023-05-01,2023,5,Q2,Abu Dhabi,Abu Dhabi,Yas Island,Villa,Studio,326000,315000,27200,13.0,2.4,5.18,4.51,96.8,3.2,21.6,126,1089,15.4,1550,82.7,468000,4.96,0.22,6300000,19.3,312
RENT002983,2023-06-01,2023,6,Q2,Dubai,Dubai,Al Furjan,Apartment,2BR,90000,85000,7500,13.0,3.1,4.85,4.16,86.1,13.9,23.1,26,942,6.5,420,80.7,124000,4.63,0.22,1850000,20.6,501
RENT002984,2023-06-01,2023,6,Q2,Dubai,Dubai,Al Furjan,Villa,2BR,184000,176000,15300,13.0,0.3,4.28,3.15,87.4,12.6,16.9,221,1115,6.3,1150,84.3,354000,4.28,0.0,4300000,23.4,114
RENT003023,2023-06-01,2023,6,Q2,Ras Al Khaimah,Ras Al Khaimah,Al Hamra Village,Apartment,1BR,81000,78000,6800,13.0,1.8,4.67,3.55,82.8,17.2,19.4,14,320,1.6,520,72.9,138000,5.08,-0.41,1750000,21.4,87
RENT003024,2023-06-01,2023,6,Q2,Ras Al Khaimah,Ras Al Khaimah,Al Hamra Village,Villa,2BR,179000,184000,14900,13.0,2.4,6.21,5.15,88.9,11.1,20.1,137,1166,2.6,900,82.2,270000,6.15,0.06,2900000,16.1,87
RENT003019,2023-06-01,2023,6,Q2,Sharjah,Sharjah,Al Khan,Apartment,2BR,58000,60000,4800,13.0,1.9,4.17,3.09,90.1,9.9,18.7,158,1092,1.2,270,71.6,71000,3.71,0.46,1400000,24.0,218
RENT003020,2023-06-01,2023,6,Q2,Sharjah,Sharjah,Al Khan,Villa,2BR,192000,181000,16000,13.0,1.6,5.13,4.43,95.0,5.0,17.5,250,62,5.7,1330,87.4,424000,4.89,0.24,3750000,19.5,32
RENT003013,2023-06-01,2023,6,Q2,Sharjah,Sharjah,Al Majaz,Apartment,2BR,62000,62000,5200,13.0,-2.1,4.83,3.92,83.4,16.6,16.9,136,1059,1.8,220,59.5,48000,4.56,0.27,1300000,20.7,198
RENT003014,2023-06-01,2023,6,Q2,Sharjah,Sharjah,Al Majaz,Villa,3BR,205000,205000,17100,13.0,-2.2,4.02,3.27,93.4,6.6,19.0,106,649,6.5,800,78.3,229000,4.21,-0.19,5100000,24.9,41
RENT003015,2023-06-01,2023,6,Q2,Sharjah,Sharjah,Al Nahda,Apartment,1BR,57000,53000,4800,13.0,0.9,5.76,4.91,89.6,10.4,22.7,235,1188,5.9,320,85.2,100000,6.0,-0.24,1000000,17.4,158
RENT003016,2023-06-01,2023,6,Q2,Sharjah,Sharjah,Al Nahda,Villa,1BR,102000,101000,8500,13.0,2.3,4.01,2.82,92.3,7.7,17.2,200,498,1.3,490,71.3,128000,4.02,-0.01,2550000,25.0,179
RENT003003,2023-06-01,2023,6,Q2,Abu Dhabi,Abu Dhabi,Al Raha Beach,Apartment,1BR,129000,121000,10800,13.0,3.4,4.18,3.63,80.7,19.3,21.2,46,354,4.3,750,60.6,166000,4.28,-0.1,3100000,23.9,352
RENT003004,2023-06-01,2023,6,Q2,Abu Dhabi,Abu Dhabi,Al Raha Beach,Villa,1BR,261000,260000,21800,13.0,2.6,5.78,4.76,96.4,3.6,13.2,155,747,2.7,1670,55.3,337000,6.04,-0.26,4500000,17.3,142
RENT003009,2023-06-01,2023,6,Q2,Abu Dhabi,Abu Dhabi,Al Reef,Apartment,2BR,86000,80000,7200,13.0,1.8,4.88,4.2,82.3,17.7,11.6,156,290,6.9,440,62.9,101000,5.04,-0.16,1750000,20.5,144
RENT003010,2023-06-01,2023,6,Q2,Abu Dhabi,Abu Dhabi,Al Reef,Villa,2BR,273000,264000,22800,13.0,2.9,4.38,3.31,85.1,14.9,19.2,186,569,4.2,1740,87.4,555000,4.86,-0.48,6250000,22.8,249
RENT002997,2023-06-01,2023,6,Q2,Abu Dhabi,Abu Dhabi,Al Reem Island,Apartment,2BR,97000,100000,8100,13.0,-1.4,4.62,3.78,85.4,14.6,20.0,108,906,3.7,430,62.9,99000,4.65,-0.03,2100000,21.7,49
RENT002998,2023-06-01,2023,6,Q2,Abu Dhabi,Abu Dhabi,Al Reem Island,Villa,3BR,321000,336000,26800,13.0,-1.3,3.89,2.76,91.2,8.8,18.5,150,689,5.7,1610,61.3,360000,3.9,-0.01,8250000,25.7,101
RENT003021,2023-06-01,2023,6,Q2,Sharjah,Sharjah,Al Taawun,Apartment,2BR,47000,44000,3900,13.0,3.4,4.09,2.98,87.8,12.2,20.6,142,1101,1.1,230,68.5,58000,4.26,-0.17,1150000,24.5,178
RENT003022,2023-06-01,2023,6,Q2,Sharjah,Sharjah,Al Taawun,Villa,1BR,155000,160000,12900,13.0,3.5,5.77,4.97,93.5,6.5,11.6,193,1036,6.5,720,56.6,149000,5.41,0.36,2700000,17.3,63
RENT002977,2023-06-01,2023,6,Q2,Dubai,Dubai,Business Bay,Apartment,3BR,123000,122000,10200,13.0,-0.3,5.41,4.6,86.5,13.5,14.8,101,793,4.5,760,67.4,187000,5.88,-0.47,2300000,18.5,412
RENT002978,2023-06-01,2023,6,Q2,Dubai,Dubai,Business Bay,Villa,1BR,227000,212000,18900,13.0,-0.4,5.3,4.71,85.0,15.0,19.5,86,124,1.6,990,57.2,207000,5.4,-0.1,4300000,18.9,420
RENT003007,2023-06-01,2023,6,Q2,Abu Dhabi,Abu Dhabi,Corniche,Apartment,4BR,138000,128000,11500,13.0,-0.1,4.14,3.45,83.9,16.1,13.2,29,914,4.8,500,55.9,102000,4.08,0.06,3350000,24.2,343
RENT003008,2023-06-01,2023,6,Q2,Abu Dhabi,Abu Dhabi,Corniche,Villa,4BR,261000,257000,21800,13.0,2.8,5.48,4.53,78.9,21.1,17.1,72,195,6.5,950,82.6,286000,5.41,0.07,4750000,18.3,317
RENT002987,2023-06-01,2023,6,Q2,Dubai,Dubai,Creek Harbour,Apartment,2BR,125000,130000,10400,13.0,1.3,4.92,4.21,94.8,5.2,13.3,99,212,4.2,890,86.7,282000,5.38,-0.46,2550000,20.3,465
RENT002988,2023-06-01,2023,6,Q2,Dubai,Dubai,Creek Harbour,Villa,1BR,380000,361000,31700,13.0,1.1,4.86,3.86,83.3,16.7,12.7,162,1110,1.7,1470,86.2,463000,4.85,0.01,7800000,20.6,380
RENT002989,2023-06-01,2023,6,Q2,Dubai,Dubai,DAMAC Hills,Apartment,2BR,104000,102000,8700,13.0,2.2,4.79,3.75,86.3,13.7,14.6,232,1079,4.2,550,59.2,119000,4.35,0.44,2150000,20.9,566
RENT002990,2023-06-01,2023,6,Q2,Dubai,Dubai,DAMAC Hills,Villa,5BR+,210000,217000,17500,13.0,2.3,4.68,4.04,85.0,15.0,17.5,158,269,5.2,1340,82.3,403000,5.17,-0.49,4500000,21.4,301
RENT002969,2023-06-01,2023,6,Q2,Dubai,Dubai,Downtown Dubai,Apartment,1BR,146000,145000,12200,13.0,1.8,4.09,3.54,86.6,13.4,17.7,163,874,17.0,820,86.4,259000,3.96,0.13,3550000,24.4,387
RENT002970,2023-06-01,2023,6,Q2,Dubai,Dubai,Downtown Dubai,Villa,2BR,257000,255000,21400,13.0,-1.7,4.39,3.84,84.0,16.0,14.0,128,1184,13.4,1090,66.9,266000,3.91,0.48,5850000,22.8,481
RENT002975,2023-06-01,2023,6,Q2,Dubai,Dubai,Dubai Hills Estate,Apartment,4BR,163000,154000,13600,13.0,-1.7,5.7,5.15,93.7,6.3,11.2,223,197,7.9,1080,66.9,264000,5.28,0.42,2850000,17.6,532
RENT002976,2023-06-01,2023,6,Q2,Dubai,Dubai,Dubai Hills Estate,Villa,1BR,416000,402000,34700,13.0,2.1,4.65,3.87,78.3,21.7,11.1,175,562,1.7,2750,62.4,626000,5.08,-0.43,8950000,21.5,369
RENT002971,2023-06-01,2023,6,Q2,Dubai,Dubai,Dubai Marina,Apartment,2BR,132000,126000,11000,13.0,1.2,5.19,4.34,78.9,21.1,19.6,152,775,11.7,770,78.3,220000,5.17,0.02,2550000,19.3,457
RENT002972,2023-06-01,2023,6,Q2,Dubai,Dubai,Dubai Marina,Villa,1BR,410000,383000,34200,13.0,2.2,4.5,3.92,93.4,6.6,17.5,86,386,8.3,2500,72.1,658000,5.0,-0.5,9100000,22.2,132
RENT002991,2023-06-01,2023,6,Q2,Dubai,Dubai,Dubai South,Apartment,3BR,71000,66000,5900,13.0,-0.0,4.35,3.81,84.6,15.4,11.4,67,971,1.5,370,55.0,74000,4.63,-0.28,1650000,23.0,91
RENT002992,2023-06-01,2023,6,Q2,Dubai,Dubai,Dubai South,Villa,2BR,159000,152000,13200,13.0,0.1,5.21,4.15,85.2,14.8,13.4,161,516,3.3,570,83.8,174000,5.3,-0.09,3050000,19.2,238
RENT002985,2023-06-01,2023,6,Q2,Dubai,Dubai,JBR,Apartment,Studio,132000,125000,11000,13.0,3.3,4.04,3.23,88.2,11.8,18.1,79,404,10.6,900,70.1,230000,4.51,-0.47,3250000,24.8,481
RENT002986,2023-06-01,2023,6,Q2,Dubai,Dubai,JBR,Villa,Studio,236000,243000,19700,13.0,0.4,4.41,3.52,86.9,13.1,10.1,95,1156,10.2,1080,62.1,245000,4.27,0.14,5350000,22.7,301
RENT002979,2023-06-01,2023,6,Q2,Dubai,Dubai,JVC,Apartment,1BR,84000,88000,7000,13.0,0.2,6.13,4.96,82.1,17.9,18.6,13,1176,5.8,440,59.0,95000,5.82,0.31,1350000,16.3,343
RENT002980,2023-06-01,2023,6,Q2,Dubai,Dubai,JVC,Villa,4BR,275000,279000,22900,13.0,-1.6,4.84,3.74,79.5,20.5,22.7,99,1021,7.2,1090,65.1,259000,5.18,-0.34,5700000,20.7,283
RENT003005,2023-06-01,2023,6,Q2,Abu Dhabi,Abu Dhabi,Khalifa City,Apartment,2BR,84000,83000,7000,13.0,2.4,4.4,3.54,85.5,14.5,12.2,237,241,6.4,410,63.5,95000,4.54,-0.14,1900000,22.7,139
RENT003006,2023-06-01,2023,6,Q2,Abu Dhabi,Abu Dhabi,Khalifa City,Villa,2BR,220000,213000,18300,13.0,-2.3,4.73,4.2,80.1,19.9,24.0,30,1160,5.3,1600,85.9,502000,4.45,0.28,4650000,21.2,294
RENT002981,2023-06-01,2023,6,Q2,Dubai,Dubai,MBR City,Apartment,1BR,175000,164000,14600,13.0,-2.3,5.6,4.85,86.0,14.0,12.6,159,534,2.2,630,87.8,202000,5.31,0.29,3100000,17.9,558
RENT002982,2023-06-01,2023,6,Q2,Dubai,Dubai,MBR City,Villa,1BR,656000,652000,54700,13.0,-1.8,4.27,3.14,78.8,21.2,22.2,247,539,5.6,2850,65.6,682000,4.76,-0.49,15350000,23.4,150
RENT003011,2023-06-01,2023,6,Q2,Abu Dhabi,Abu Dhabi,Masdar City,Apartment,2BR,78000,82000,6500,13.0,-2.4,4.21,3.49,84.1,15.9,23.2,151,147,6.9,480,73.7,129000,4.52,-0.31,1850000,23.8,322
RENT003012,2023-06-01,2023,6,Q2,Abu Dhabi,Abu Dhabi,Masdar City,Villa,Studio,164000,163000,13700,13.0,-0.4,3.86,2.97,87.6,12.4,23.5,168,1144,1.7,880,75.6,243000,4.26,-0.4,4250000,25.9,219
RENT002993,2023-06-01,2023,6,Q2,Dubai,Dubai,Meydan,Apartment,Studio,125000,130000,10400,13.0,0.2,4.17,3.37,86.3,13.7,12.2,115,140,5.6,530,85.6,166000,4.52,-0.35,3000000,24.0,88
RENT002994,2023-06-01,2023,6,Q2,Dubai,Dubai,Meydan,Villa,3BR,326000,330000,27200,13.0,3.4,5.15,4.63,88.0,12.0,11.9,231,148,8.0,2280,80.2,667000,5.43,-0.28,6350000,19.4,573
RENT003017,2023-06-01,2023,6,Q2,Sharjah,Sharjah,Muwaileh,Apartment,2BR,48000,49000,4000,13.0,-2.5,4.97,3.85,90.8,9.2,10.9,42,522,4.4,350,72.2,92000,5.07,-0.1,950000,20.1,160
RENT003018,2023-06-01,2023,6,Q2,Sharjah,Sharjah,Muwaileh,Villa,3BR,139000,128000,11600,13.0,1.2,4.27,3.17,84.1,15.9,23.9,58,58,7.3,550,72.6,146000,4.28,-0.01,3250000,23.4,126
RENT002973,2023-06-01,2023,6,Q2,Dubai,Dubai,Palm Jumeirah,Apartment,2BR,257000,253000,21400,13.0,-0.9,6.03,4.96,96.9,3.1,15.3,242,317,5.0,1700,82.4,511000,6.44,-0.41,4250000,16.6,512
RENT002974,2023-06-01,2023,6,Q2,Dubai,Dubai,Palm Jumeirah,Villa,4BR,664000,673000,55300,13.0,2.4,4.23,3.12,80.8,19.2,20.0,55,919,10.6,4590,84.1,1409000,3.86,0.37,15700000,23.6,255
RENT002999,2023-06-01,2023,6,Q2,Abu Dhabi,Abu Dhabi,Saadiyat Island,Apartment,Studio,215000,202000,17900,13.0,-1.4,4.28,3.34,94.0,6.0,16.6,109,993,17.1,1390,68.6,348000,4.47,-0.19,5000000,23.3,142
RENT003000,2023-06-01,2023,6,Q2,Abu Dhabi,Abu Dhabi,Saadiyat Island,Villa,2BR,496000,463000,41300,13.0,-0.3,4.32,3.5,97.0,3.0,20.6,64,1020,6.1,2610,71.4,680000,4.49,-0.17,11450000,23.1,136
RENT002995,2023-06-01,2023,6,Q2,Dubai,Dubai,Sports City,Apartment,2BR,74000,71000,6200,13.0,2.3,4.26,3.35,87.7,12.3,15.9,81,1140,7.8,360,66.0,87000,4.39,-0.13,1750000,23.5,183
RENT002996,2023-06-01,2023,6,Q2,Dubai,Dubai,Sports City,Villa,2BR,246000,234000,20500,13.0,-1.1,4.06,3.16,78.1,21.9,13.0,28,621,5.1,1700,78.2,485000,4.34,-0.28,6050000,24.7,102
RENT003001,2023-06-01,2023,6,Q2,Abu Dhabi,Abu Dhabi,Yas Island,Apartment,1BR,108000,103000,9000,13.0,0.5,4.28,3.18,89.1,10.9,18.3,199,1095,11.4,570,79.9,166000,4.75,-0.47,2500000,23.4,300
RENT003002,2023-06-01,2023,6,Q2,Abu Dhabi,Abu Dhabi,Yas Island,Villa,2BR,224000,218000,18700,13.0,2.9,4.61,3.55,78.7,21.3,14.7,95,784,15.1,1020,85.1,317000,4.66,-0.05,4850000,21.7,295
RENT003039,2023-07-01,2023,7,Q3,Dubai,Dubai,Al Furjan,Apartment,3BR,81000,83000,6800,13.0,1.4,4.51,3.92,87.3,12.7,21.4,116,581,5.2,560,79.4,162000,4.19,0.32,1800000,22.2,272
RENT003040,2023-07-01,2023,7,Q3,Dubai,Dubai,Al Furjan,Villa,Studio,193000,196000,16100,13.0,-1.7,6.07,5.32,93.1,6.9,16.3,249,854,2.8,730,66.3,177000,6.55,-0.48,3200000,16.5,449
RENT003079,2023-07-01,2023,7,Q3,Ras Al Khaimah,Ras Al Khaimah,Al Hamra Village,Apartment,2BR,76000,72000,6300,13.0,0.1,4.49,3.98,91.6,8.4,17.6,26,375,1.9,350,71.4,91000,4.39,0.1,1700000,22.3,102
RENT003080,2023-07-01,2023,7,Q3,Ras Al Khaimah,Ras Al Khaimah,Al Hamra Village,Villa,3BR,240000,248000,20000,13.0,-2.0,4.61,3.87,91.8,8.2,23.9,19,581,2.7,1780,69.9,454000,4.33,0.28,5200000,21.7,18
RENT003075,2023-07-01,2023,7,Q3,Sharjah,Sharjah,Al Khan,Apartment,1BR,56000,54000,4700,13.0,1.6,4.66,4.13,92.1,7.9,20.5,11,71,7.6,380,84.3,117000,4.34,0.32,1200000,21.5,113
RENT003076,2023-07-01,2023,7,Q3,Sharjah,Sharjah,Al Khan,Villa,3BR,144000,143000,12000,13.0,3.5,4.13,2.93,81.8,18.2,22.4,27,1022,4.5,1060,66.0,255000,3.65,0.48,3500000,24.2,151
RENT003069,2023-07-01,2023,7,Q3,Sharjah,Sharjah,Al Majaz,Apartment,2BR,59000,58000,4900,13.0,-0.5,5.61,4.58,87.3,12.7,14.1,122,1008,3.7,350,74.5,95000,5.38,0.23,1050000,17.8,182
RENT003070,2023-07-01,2023,7,Q3,Sharjah,Sharjah,Al Majaz,Villa,2BR,166000,165000,13800,13.0,-1.3,5.05,3.96,83.9,16.1,13.5,10,252,7.6,770,68.6,193000,4.72,0.33,3300000,19.8,89
RENT003071,2023-07-01,2023,7,Q3,Sharjah,Sharjah,Al Nahda,Apartment,2BR,50000,49000,4200,13.0,2.3,5.45,4.26,81.4,18.6,22.0,127,656,3.1,330,81.3,98000,5.77,-0.32,900000,18.4,149
RENT003072,2023-07-01,2023,7,Q3,Sharjah,Sharjah,Al Nahda,Villa,Studio,166000,154000,13800,13.0,3.4,5.65,4.73,84.6,15.4,21.6,234,780,6.8,900,68.6,225000,5.59,0.06,2950000,17.7,125
RENT003059,2023-07-01,2023,7,Q3,Abu Dhabi,Abu Dhabi,Al Raha Beach,Apartment,3BR,127000,125000,10600,13.0,-1.0,5.28,4.66,81.7,18.3,15.6,91,992,7.2,790,72.1,208000,4.87,0.41,2400000,18.9,340
RENT003060,2023-07-01,2023,7,Q3,Abu Dhabi,Abu Dhabi,Al Raha Beach,Villa,2BR,265000,252000,22100,13.0,1.1,5.75,4.97,84.7,15.3,14.0,21,615,3.3,1250,81.8,373000,5.91,-0.16,4600000,17.4,184
RENT003065,2023-07-01,2023,7,Q3,Abu Dhabi,Abu Dhabi,Al Reef,Apartment,1BR,73000,70000,6100,13.0,-0.2,5.94,5.3,81.9,18.1,22.8,89,603,5.5,460,71.5,120000,6.16,-0.22,1250000,16.8,157
RENT003066,2023-07-01,2023,7,Q3,Abu Dhabi,Abu Dhabi,Al Reef,Villa,Studio,195000,205000,16200,13.0,3.0,3.92,2.96,91.9,8.1,11.3,70,678,2.0,760,68.8,191000,3.54,0.38,5000000,25.5,216
RENT003053,2023-07-01,2023,7,Q3,Abu Dhabi,Abu Dhabi,Al Reem Island,Apartment,4BR,84000,85000,7000,13.0,2.2,4.96,4.08,90.7,9.3,10.4,179,822,2.0,600,85.2,187000,5.19,-0.23,1700000,20.2,67
RENT003054,2023-07-01,2023,7,Q3,Abu Dhabi,Abu Dhabi,Al Reem Island,Villa,2BR,167000,155000,13900,13.0,-1.5,5.2,4.59,80.5,19.5,12.3,229,722,6.3,830,59.6,181000,4.72,0.48,3200000,19.2,141
RENT003077,2023-07-01,2023,7,Q3,Sharjah,Sharjah,Al Taawun,Apartment,3BR,47000,45000,3900,13.0,-2.4,5.4,4.39,94.5,5.5,11.5,190,824,5.3,260,64.2,61000,5.84,-0.44,850000,18.5,166
RENT003078,2023-07-01,2023,7,Q3,Sharjah,Sharjah,Al Taawun,Villa,3BR,93000,96000,7800,13.0,-0.8,4.37,3.5,92.9,7.1,21.8,61,864,3.6,510,80.9,151000,4.63,-0.26,2150000,22.9,229
RENT003033,2023-07-01,2023,7,Q3,Dubai,Dubai,Business Bay,Apartment,2BR,103000,102000,8600,13.0,-1.1,5.35,4.17,83.1,16.9,18.8,156,394,7.1,530,74.3,144000,5.08,0.27,1950000,18.7,119
RENT003034,2023-07-01,2023,7,Q3,Dubai,Dubai,Business Bay,Villa,3BR,303000,314000,25200,13.0,3.1,4.15,3.54,95.1,4.9,12.3,92,197,5.4,1350,61.0,301000,4.31,-0.16,7300000,24.1,221
RENT003063,2023-07-01,2023,7,Q3,Abu Dhabi,Abu Dhabi,Corniche,Apartment,2BR,138000,129000,11500,13.0,-1.8,4.09,2.97,83.5,16.5,17.9,139,836,3.7,900,82.9,272000,3.63,0.46,3400000,24.5,278
RENT003064,2023-07-01,2023,7,Q3,Abu Dhabi,Abu Dhabi,Corniche,Villa,2BR,269000,270000,22400,13.0,-1.7,4.31,3.72,79.3,20.7,18.4,40,1035,5.9,1140,72.7,303000,4.24,0.07,6250000,23.2,215
RENT003043,2023-07-01,2023,7,Q3,Dubai,Dubai,Creek Harbour,Apartment,4BR,116000,121000,9700,13.0,-1.6,4.28,3.51,84.1,15.9,16.9,221,520,7.1,680,70.9,176000,4.53,-0.25,2700000,23.3,521
RENT003044,2023-07-01,2023,7,Q3,Dubai,Dubai,Creek Harbour,Villa,3BR,359000,336000,29900,13.0,3.0,5.95,5.32,87.2,12.8,16.3,146,1017,5.3,1680,76.8,471000,6.24,-0.29,6050000,16.8,230
RENT003045,2023-07-01,2023,7,Q3,Dubai,Dubai,DAMAC Hills,Apartment,1BR,102000,95000,8500,13.0,1.6,4.18,3.67,95.6,4.4,22.5,79,149,1.5,380,74.5,103000,3.92,0.26,2450000,23.9,388
RENT003046,2023-07-01,2023,7,Q3,Dubai,Dubai,DAMAC Hills,Villa,5BR+,217000,225000,18100,13.0,0.1,4.57,3.82,87.8,12.2,13.3,245,285,5.2,1180,64.5,278000,4.57,0.0,4750000,21.9,310
RENT003025,2023-07-01,2023,7,Q3,Dubai,Dubai,Downtown Dubai,Apartment,5BR+,152000,158000,12700,13.0,2.3,5.44,4.76,96.7,3.3,22.3,164,942,17.1,960,72.9,255000,5.8,-0.36,2800000,18.4,364
RENT003026,2023-07-01,2023,7,Q3,Dubai,Dubai,Downtown Dubai,Villa,2BR,357000,329000,29800,13.0,3.5,4.45,3.37,86.2,13.8,13.3,208,919,6.5,2360,58.2,501000,4.25,0.2,8050000,22.5,116
RENT003031,2023-07-01,2023,7,Q3,Dubai,Dubai,Dubai Hills Estate,Apartment,2BR,155000,161000,12900,13.0,-1.9,4.85,3.81,87.9,12.1,15.7,179,237,7.8,1070,87.3,341000,5.02,-0.17,3200000,20.6,262
RENT003032,2023-07-01,2023,7,Q3,Dubai,Dubai,Dubai Hills Estate,Villa,Studio,496000,502000,41300,13.0,-1.1,5.21,4.42,81.6,18.4,21.0,191,952,6.3,1830,77.6,518000,5.14,0.07,9500000,19.2,396
RENT003027,2023-07-01,2023,7,Q3,Dubai,Dubai,Dubai Marina,Apartment,1BR,117000,114000,9800,13.0,-0.1,4.12,3.11,96.6,3.4,12.5,180,568,11.1,730,67.1,179000,4.31,-0.19,2850000,24.3,171
RENT003028,2023-07-01,2023,7,Q3,Dubai,Dubai,Dubai Marina,Villa,4BR,331000,314000,27600,13.0,-2.3,3.92,3.15,78.7,21.3,10.5,146,1117,9.2,2080,77.9,591000,4.17,-0.25,8450000,25.5,145
RENT003047,2023-07-01,2023,7,Q3,Dubai,Dubai,Dubai South,Apartment,2BR,77000,74000,6400,13.0,1.5,4.04,2.95,95.2,4.8,21.8,46,539,4.4,280,60.8,62000,4.32,-0.28,1900000,24.7,189
RENT003048,2023-07-01,2023,7,Q3,Dubai,Dubai,Dubai South,Villa,4BR,198000,187000,16500,13.0,1.5,4.97,4.22,79.9,20.1,11.9,205,65,4.4,780,74.6,212000,5.37,-0.4,4000000,20.1,388
RENT003041,2023-07-01,2023,7,Q3,Dubai,Dubai,JBR,Apartment,2BR,134000,125000,11200,13.0,1.8,3.99,3.35,85.7,14.3,21.3,165,855,5.1,940,83.1,285000,3.91,0.08,3350000,25.1,407
RENT003042,2023-07-01,2023,7,Q3,Dubai,Dubai,JBR,Villa,1BR,276000,263000,23000,13.0,1.5,5.66,4.5,93.6,6.4,14.1,151,930,7.4,1830,58.9,393000,5.76,-0.1,4850000,17.7,184
RENT003035,2023-07-01,2023,7,Q3,Dubai,Dubai,JVC,Apartment,3BR,75000,76000,6200,13.0,-1.5,4.17,3.26,95.7,4.3,14.7,69,894,5.3,390,68.9,98000,3.84,0.33,1800000,24.0,173
RENT003036,2023-07-01,2023,7,Q3,Dubai,Dubai,JVC,Villa,1BR,180000,174000,15000,13.0,1.1,4.01,3.17,96.0,4.0,15.9,142,817,7.1,1200,68.8,301000,3.53,0.48,4500000,25.0,362
RENT003061,2023-07-01,2023,7,Q3,Abu Dhabi,Abu Dhabi,Khalifa City,Apartment,2BR,87000,82000,7200,13.0,-0.1,4.09,3.35,83.3,16.7,10.6,103,234,2.5,500,81.8,149000,3.81,0.28,2150000,24.5,106
RENT003062,2023-07-01,2023,7,Q3,Abu Dhabi,Abu Dhabi,Khalifa City,Villa,4BR,270000,265000,22500,13.0,-2.0,5.74,5.09,94.6,5.4,13.8,233,1014,4.6,1520,66.1,367000,5.42,0.32,4700000,17.4,218
RENT003037,2023-07-01,2023,7,Q3,Dubai,Dubai,MBR City,Apartment,4BR,161000,169000,13400,13.0,3.2,5.25,4.69,94.0,6.0,23.0,191,798,5.8,890,68.9,224000,5.19,0.06,3050000,19.1,310
RENT003038,2023-07-01,2023,7,Q3,Dubai,Dubai,MBR City,Villa,1BR,628000,623000,52300,13.0,2.6,5.05,3.94,78.4,21.6,21.7,141,1055,1.7,3650,83.3,1110000,5.11,-0.06,12450000,19.8,208
RENT003067,2023-07-01,2023,7,Q3,Abu Dhabi,Abu Dhabi,Masdar City,Apartment,2BR,69000,64000,5800,13.0,-1.6,4.03,3.33,82.0,18.0,13.0,128,320,6.1,410,71.3,107000,4.36,-0.33,1700000,24.8,251
RENT003068,2023-07-01,2023,7,Q3,Abu Dhabi,Abu Dhabi,Masdar City,Villa,5BR+,234000,241000,19500,13.0,-1.7,5.05,4.11,92.4,7.6,15.9,12,1041,3.4,1070,66.7,260000,5.12,-0.07,4650000,19.8,120
RENT003049,2023-07-01,2023,7,Q3,Dubai,Dubai,Meydan,Apartment,Studio,122000,118000,10200,13.0,2.1,6.14,5.6,91.8,8.2,15.4,29,308,2.9,680,81.0,201000,5.98,0.16,2000000,16.3,392
RENT003050,2023-07-01,2023,7,Q3,Dubai,Dubai,Meydan,Villa,4BR,310000,303000,25800,13.0,-1.2,4.54,3.99,88.3,11.7,17.3,118,922,6.1,1840,86.0,578000,4.74,-0.2,6850000,22.0,284
RENT003073,2023-07-01,2023,7,Q3,Sharjah,Sharjah,Muwaileh,Apartment,2BR,50000,47000,4200,13.0,2.9,4.4,3.4,84.8,15.2,19.7,155,194,6.6,220,67.2,54000,4.85,-0.45,1150000,22.7,219
RENT003074,2023-07-01,2023,7,Q3,Sharjah,Sharjah,Muwaileh,Villa,4BR,168000,167000,14000,13.0,0.6,4.37,3.31,87.8,12.2,24.0,108,945,1.0,1200,64.4,282000,4.83,-0.46,3850000,22.9,59
RENT003029,2023-07-01,2023,7,Q3,Dubai,Dubai,Palm Jumeirah,Apartment,4BR,227000,236000,18900,13.0,1.2,5.39,4.29,86.7,13.3,11.2,234,661,16.5,930,69.9,237000,5.06,0.33,4200000,18.6,552
RENT003030,2023-07-01,2023,7,Q3,Dubai,Dubai,Palm Jumeirah,Villa,2BR,571000,529000,47600,13.0,3.4,4.87,3.92,84.4,15.6,20.8,93,429,14.6,2170,56.2,445000,5.35,-0.48,11750000,20.5,308
RENT003055,2023-07-01,2023,7,Q3,Abu Dhabi,Abu Dhabi,Saadiyat Island,Apartment,2BR,188000,180000,15700,13.0,-2.3,4.64,4.07,83.6,16.4,16.6,60,903,10.0,680,71.6,178000,4.9,-0.26,4050000,21.6,74
RENT003056,2023-07-01,2023,7,Q3,Abu Dhabi,Abu Dhabi,Saadiyat Island,Villa,3BR,585000,613000,48800,13.0,-2.5,4.56,3.91,95.9,4.1,17.2,161,139,11.8,3920,68.6,982000,4.4,0.16,12800000,21.9,131
RENT003051,2023-07-01,2023,7,Q3,Dubai,Dubai,Sports City,Apartment,2BR,67000,66000,5600,13.0,-0.1,4.8,3.76,88.9,11.1,18.5,83,441,3.5,380,78.7,109000,4.6,0.2,1400000,20.8,509
RENT003052,2023-07-01,2023,7,Q3,Dubai,Dubai,Sports City,Villa,4BR,209000,212000,17400,13.0,-0.3,5.31,4.33,93.4,6.6,13.5,122,950,5.9,760,76.0,211000,5.79,-0.48,3950000,18.8,190
RENT003057,2023-07-01,2023,7,Q3,Abu Dhabi,Abu Dhabi,Yas Island,Apartment,4BR,108000,106000,9000,13.0,1.8,5.27,4.35,87.3,12.7,14.0,12,173,12.4,460,86.3,145000,5.57,-0.3,2050000,19.0,280
RENT003058,2023-07-01,2023,7,Q3,Abu Dhabi,Abu Dhabi,Yas Island,Villa,4BR,359000,330000,29900,13.0,-2.3,4.22,3.46,91.0,9.0,10.1,112,784,13.7,1390,74.4,377000,4.22,0.0,8500000,23.7,278
RENT003095,2023-08-01,2023,8,Q3,Dubai,Dubai,Al Furjan,Apartment,3BR,91000,90000,7600,13.0,2.1,4.71,3.65,91.6,8.4,20.1,159,189,4.0,450,65.4,107000,4.22,0.49,1950000,21.2,447
RENT003096,2023-08-01,2023,8,Q3,Dubai,Dubai,Al Furjan,Villa,1BR,275000,263000,22900,13.0,2.3,6.19,5.22,92.6,7.4,14.1,103,932,5.8,1080,65.4,258000,6.3,-0.11,4450000,16.2,213
RENT003135,2023-08-01,2023,8,Q3,Ras Al Khaimah,Ras Al Khaimah,Al Hamra Village,Apartment,2BR,68000,67000,5700,13.0,-0.4,5.09,3.9,78.8,21.2,14.7,42,435,6.6,470,64.1,110000,5.37,-0.28,1350000,19.6,89
RENT003136,2023-08-01,2023,8,Q3,Ras Al Khaimah,Ras Al Khaimah,Al Hamra Village,Villa,2BR,256000,264000,21300,13.0,2.8,5.7,4.63,90.0,10.0,22.9,49,970,6.1,1820,65.0,432000,5.25,0.45,4500000,17.5,84
RENT003131,2023-08-01,2023,8,Q3,Sharjah,Sharjah,Al Khan,Apartment,1BR,52000,53000,4300,13.0,2.1,4.64,3.49,87.3,12.7,11.0,175,1165,4.9,250,71.1,65000,4.62,0.02,1100000,21.5,113
RENT003132,2023-08-01,2023,8,Q3,Sharjah,Sharjah,Al Khan,Villa,1BR,117000,122000,9800,13.0,-1.8,4.63,3.83,91.4,8.6,10.2,208,240,6.9,770,75.4,212000,5.05,-0.42,2550000,21.6,158
RENT003125,2023-08-01,2023,8,Q3,Sharjah,Sharjah,Al Majaz,Apartment,3BR,55000,57000,4600,13.0,1.0,4.8,3.98,82.4,17.6,14.5,154,895,6.2,200,63.6,46000,4.66,0.14,1150000,20.8,41
RENT003126,2023-08-01,2023,8,Q3,Sharjah,Sharjah,Al Majaz,Villa,3BR,188000,194000,15700,13.0,-2.4,4.87,4.3,84.7,15.3,18.0,185,140,1.5,1240,87.7,397000,5.22,-0.35,3850000,20.6,195
RENT003127,2023-08-01,2023,8,Q3,Sharjah,Sharjah,Al Nahda,Apartment,1BR,47000,49000,3900,13.0,2.7,4.1,2.94,84.6,15.4,20.9,76,119,4.0,310,67.3,76000,3.96,0.14,1150000,24.4,144
RENT003128,2023-08-01,2023,8,Q3,Sharjah,Sharjah,Al Nahda,Villa,1BR,94000,89000,7800,13.0,1.7,5.4,4.86,81.0,19.0,10.9,234,845,6.6,420,85.4,131000,5.04,0.36,1750000,18.5,226
RENT003115,2023-08-01,2023,8,Q3,Abu Dhabi,Abu Dhabi,Al Raha Beach,Apartment,2BR,122000,116000,10200,13.0,-0.3,5.39,4.33,86.8,13.2,13.6,226,950,5.4,460,64.6,108000,5.69,-0.3,2250000,18.5,260
RENT003116,2023-08-01,2023,8,Q3,Abu Dhabi,Abu Dhabi,Al Raha Beach,Villa,5BR+,276000,276000,23000,13.0,0.0,4.66,4.03,90.3,9.7,15.7,35,527,6.2,1360,72.6,360000,4.99,-0.33,5900000,21.5,111
RENT003121,2023-08-01,2023,8,Q3,Abu Dhabi,Abu Dhabi,Al Reef,Apartment,2BR,81000,83000,6800,13.0,0.9,4.71,3.59,79.5,20.5,17.5,43,89,2.2,300,77.4,85000,4.72,-0.01,1700000,21.2,281
RENT003122,2023-08-01,2023,8,Q3,Abu Dhabi,Abu Dhabi,Al Reef,Villa,2BR,208000,199000,17300,13.0,-1.1,4.16,3.23,86.2,13.8,20.2,156,943,8.0,870,73.6,234000,4.2,-0.04,5000000,24.0,118
RENT003109,2023-08-01,2023,8,Q3,Abu Dhabi,Abu Dhabi,Al Reem Island,Apartment,Studio,92000,94000,7700,13.0,3.5,6.11,5.14,88.2,11.8,15.4,68,389,3.8,640,60.8,142000,5.97,0.14,1500000,16.4,265
RENT003110,2023-08-01,2023,8,Q3,Abu Dhabi,Abu Dhabi,Al Reem Island,Villa,1BR,283000,285000,23600,13.0,-2.4,3.94,3.16,90.9,9.1,18.9,205,285,3.5,1720,88.0,552000,3.62,0.32,7200000,25.4,211
RENT003133,2023-08-01,2023,8,Q3,Sharjah,Sharjah,Al Taawun,Apartment,2BR,46000,43000,3800,13.0,0.7,4.78,4.26,94.1,5.9,13.7,237,115,3.0,270,59.3,58000,4.44,0.34,950000,20.9,189
RENT003134,2023-08-01,2023,8,Q3,Sharjah,Sharjah,Al Taawun,Villa,4BR,160000,147000,13300,13.0,0.6,4.05,3.52,87.9,12.1,14.0,169,366,5.9,590,83.9,181000,3.86,0.19,3950000,24.7,166
RENT003089,2023-08-01,2023,8,Q3,Dubai,Dubai,Business Bay,Apartment,4BR,111000,108000,9200,13.0,1.0,6.12,5.16,84.4,15.6,14.4,150,1182,7.1,720,65.0,171000,5.69,0.43,1800000,16.3,315
RENT003090,2023-08-01,2023,8,Q3,Dubai,Dubai,Business Bay,Villa,2BR,307000,300000,25600,13.0,-1.2,5.57,4.61,95.9,4.1,22.6,108,152,2.0,1610,59.1,347000,5.48,0.09,5500000,18.0,299
RENT003119,2023-08-01,2023,8,Q3,Abu Dhabi,Abu Dhabi,Corniche,Apartment,3BR,132000,134000,11000,13.0,-0.3,4.25,3.19,78.4,21.6,10.5,160,952,3.9,950,80.3,278000,4.48,-0.23,3100000,23.5,82
RENT003120,2023-08-01,2023,8,Q3,Abu Dhabi,Abu Dhabi,Corniche,Villa,2BR,251000,239000,20900,13.0,-1.9,4.67,3.84,88.5,11.5,23.9,144,340,1.3,1150,55.5,233000,4.47,0.2,5400000,21.4,54
RENT003099,2023-08-01,2023,8,Q3,Dubai,Dubai,Creek Harbour,Apartment,3BR,123000,116000,10200,13.0,1.3,4.79,3.79,92.4,7.6,17.5,26,405,1.4,770,61.5,173000,5.04,-0.25,2550000,20.9,222
RENT003100,2023-08-01,2023,8,Q3,Dubai,Dubai,Creek Harbour,Villa,3BR,348000,329000,29000,13.0,-2.0,4.71,3.62,95.7,4.3,12.5,144,915,1.4,2520,74.6,686000,4.77,-0.06,7400000,21.2,80
RENT003101,2023-08-01,2023,8,Q3,Dubai,Dubai,DAMAC Hills,Apartment,Studio,102000,96000,8500,13.0,-1.7,5.45,4.32,87.2,12.8,17.2,243,505,2.4,490,84.4,151000,5.73,-0.28,1850000,18.3,503
RENT003102,2023-08-01,2023,8,Q3,Dubai,Dubai,DAMAC Hills,Villa,1BR,320000,300000,26700,13.0,3.4,4.74,4.0,92.2,7.8,11.3,17,397,3.1,1850,69.2,467000,4.83,-0.09,6750000,21.1,592
RENT003081,2023-08-01,2023,8,Q3,Dubai,Dubai,Downtown Dubai,Apartment,4BR,148000,148000,12300,13.0,-1.9,4.87,3.67,94.4,5.6,12.2,209,1068,19.6,590,73.8,159000,4.98,-0.11,3050000,20.5,352
RENT003082,2023-08-01,2023,8,Q3,Dubai,Dubai,Downtown Dubai,Villa,3BR,325000,338000,27100,13.0,-0.8,4.75,3.67,85.8,14.2,16.5,62,242,17.2,1540,73.7,414000,4.72,0.03,6850000,21.0,234
RENT003087,2023-08-01,2023,8,Q3,Dubai,Dubai,Dubai Hills Estate,Apartment,1BR,147000,149000,12200,13.0,-2.0,5.27,4.4,79.9,20.1,20.3,31,907,1.2,1010,71.5,264000,4.91,0.36,2800000,19.0,274
RENT003088,2023-08-01,2023,8,Q3,Dubai,Dubai,Dubai Hills Estate,Villa,3BR,338000,349000,28200,13.0,-1.6,5.51,4.34,88.8,11.2,17.0,226,1145,7.3,2510,64.5,591000,5.26,0.25,6150000,18.1,585
RENT003083,2023-08-01,2023,8,Q3,Dubai,Dubai,Dubai Marina,Apartment,Studio,111000,113000,9200,13.0,-2.1,4.66,3.56,81.7,18.3,15.0,45,73,5.6,430,75.2,118000,4.43,0.23,2400000,21.5,309
RENT003084,2023-08-01,2023,8,Q3,Dubai,Dubai,Dubai Marina,Villa,3BR,303000,306000,25200,13.0,2.7,4.05,3.44,87.5,12.5,16.1,148,517,19.2,2000,81.7,596000,3.77,0.28,7450000,24.7,555
RENT003103,2023-08-01,2023,8,Q3,Dubai,Dubai,Dubai South,Apartment,1BR,67000,66000,5600,13.0,0.6,3.93,2.96,89.8,10.2,19.1,129,246,5.8,470,72.9,125000,3.84,0.09,1700000,25.4,140
RENT003104,2023-08-01,2023,8,Q3,Dubai,Dubai,Dubai South,Villa,4BR,216000,210000,18000,13.0,0.1,5.88,5.26,82.5,17.5,20.5,17,519,1.6,1290,86.9,409000,5.65,0.23,3650000,17.0,228
RENT003097,2023-08-01,2023,8,Q3,Dubai,Dubai,JBR,Apartment,1BR,120000,116000,10000,13.0,1.1,4.62,4.11,82.6,17.4,19.5,233,375,10.4,770,87.1,245000,4.92,-0.3,2600000,21.6,382
RENT003098,2023-08-01,2023,8,Q3,Dubai,Dubai,JBR,Villa,2BR,293000,295000,24400,13.0,2.3,5.27,4.37,93.4,6.6,21.1,124,214,6.5,1310,70.3,336000,5.4,-0.13,5550000,19.0,347
RENT003091,2023-08-01,2023,8,Q3,Dubai,Dubai,JVC,Apartment,1BR,82000,81000,6800,13.0,2.6,4.26,3.25,78.9,21.1,13.7,153,369,1.9,600,77.3,169000,4.28,-0.02,1950000,23.5,524
RENT003092,2023-08-01,2023,8,Q3,Dubai,Dubai,JVC,Villa,4BR,250000,255000,20800,13.0,0.6,4.2,3.64,95.5,4.5,19.4,74,521,6.0,1110,66.2,268000,4.34,-0.14,5950000,23.8,527
RENT003117,2023-08-01,2023,8,Q3,Abu Dhabi,Abu Dhabi,Khalifa City,Apartment,5BR+,81000,75000,6800,13.0,1.2,4.91,3.98,90.8,9.2,11.3,93,1019,1.2,540,82.7,163000,4.49,0.42,1650000,20.4,204
RENT003118,2023-08-01,2023,8,Q3,Abu Dhabi,Abu Dhabi,Khalifa City,Villa,1BR,294000,275000,24500,13.0,0.5,5.92,4.85,80.4,19.6,17.5,96,321,3.8,1220,86.7,386000,6.27,-0.35,4950000,16.9,219
RENT003093,2023-08-01,2023,8,Q3,Dubai,Dubai,MBR City,Apartment,5BR+,169000,175000,14100,13.0,0.9,5.39,4.46,91.1,8.9,11.2,130,732,7.3,940,59.1,203000,5.08,0.31,3150000,18.5,457
RENT003094,2023-08-01,2023,8,Q3,Dubai,Dubai,MBR City,Villa,1BR,390000,396000,32500,13.0,3.5,5.64,4.5,78.2,21.8,16.9,59,910,1.1,2080,83.7,635000,5.75,-0.11,6900000,17.7,551
RENT003123,2023-08-01,2023,8,Q3,Abu Dhabi,Abu Dhabi,Masdar City,Apartment,1BR,71000,68000,5900,13.0,-0.6,5.04,4.19,89.2,10.8,20.3,123,1017,6.2,390,65.7,94000,5.34,-0.3,1400000,19.8,176
RENT003124,2023-08-01,2023,8,Q3,Abu Dhabi,Abu Dhabi,Masdar City,Villa,1BR,224000,210000,18700,13.0,0.7,4.03,3.04,83.2,16.8,18.0,23,1155,4.3,1170,69.2,296000,3.93,0.1,5550000,24.8,284
RENT003105,2023-08-01,2023,8,Q3,Dubai,Dubai,Meydan,Apartment,1BR,115000,114000,9600,13.0,1.0,4.14,3.32,85.3,14.7,19.5,141,980,5.6,800,83.7,244000,3.88,0.26,2800000,24.1,415
RENT003106,2023-08-01,2023,8,Q3,Dubai,Dubai,Meydan,Villa,Studio,238000,224000,19800,13.0,-1.5,5.29,4.66,88.3,11.7,11.9,139,856,4.1,1140,56.7,236000,5.27,0.02,4500000,18.9,482
RENT003129,2023-08-01,2023,8,Q3,Sharjah,Sharjah,Muwaileh,Apartment,2BR,44000,45000,3700,13.0,1.8,4.32,3.55,83.3,16.7,12.0,69,687,1.5,210,65.6,50000,4.6,-0.28,1000000,23.2,169
RENT003130,2023-08-01,2023,8,Q3,Sharjah,Sharjah,Muwaileh,Villa,4BR,85000,85000,7100,13.0,-0.3,4.25,3.67,92.5,7.5,15.7,248,394,4.9,330,77.5,93000,4.65,-0.4,2000000,23.5,77
RENT003085,2023-08-01,2023,8,Q3,Dubai,Dubai,Palm Jumeirah,Apartment,2BR,234000,219000,19500,13.0,1.3,4.71,4.01,94.8,5.2,17.0,14,1098,17.2,1580,73.0,421000,5.14,-0.43,4950000,21.2,245
RENT003086,2023-08-01,2023,8,Q3,Dubai,Dubai,Palm Jumeirah,Villa,3BR,686000,715000,57200,13.0,-0.4,5.2,4.56,85.1,14.9,12.8,70,488,6.8,4710,75.8,1303000,4.71,0.49,13200000,19.2,137
RENT003111,2023-08-01,2023,8,Q3,Abu Dhabi,Abu Dhabi,Saadiyat Island,Apartment,1BR,185000,178000,15400,13.0,-2.0,4.18,3.66,93.8,6.2,21.8,203,179,14.4,1280,55.0,257000,4.42,-0.24,4400000,23.9,64
RENT003112,2023-08-01,2023,8,Q3,Abu Dhabi,Abu Dhabi,Saadiyat Island,Villa,1BR,419000,423000,34900,13.0,1.0,4.72,3.56,94.1,5.9,23.1,65,969,15.3,2480,77.4,701000,4.82,-0.1,8850000,21.2,162
RENT003107,2023-08-01,2023,8,Q3,Dubai,Dubai,Sports City,Apartment,1BR,65000,62000,5400,13.0,2.1,4.04,3.0,93.6,6.4,17.6,121,99,7.4,280,77.9,80000,4.2,-0.16,1600000,24.8,86
RENT003108,2023-08-01,2023,8,Q3,Dubai,Dubai,Sports City,Villa,1BR,169000,165000,14100,13.0,3.1,4.27,3.39,91.1,8.9,24.0,233,900,7.6,1190,56.3,245000,3.77,0.5,3950000,23.4,381
RENT003113,2023-08-01,2023,8,Q3,Abu Dhabi,Abu Dhabi,Yas Island,Apartment,1BR,99000,91000,8200,13.0,-1.5,4.65,3.49,85.6,14.4,23.4,43,928,13.2,460,55.8,94000,4.39,0.26,2150000,21.5,90
RENT003114,2023-08-01,2023,8,Q3,Abu Dhabi,Abu Dhabi,Yas Island,Villa,3BR,273000,275000,22800,13.0,2.1,4.6,3.96,78.1,21.9,18.9,150,666,10.8,1460,71.3,380000,4.1,0.5,5950000,21.8,229
RENT003151,2023-09-01,2023,9,Q3,Dubai,Dubai,Al Furjan,Apartment,4BR,85000,89000,7100,13.0,-1.9,4.44,3.61,85.9,14.1,21.4,171,991,1.2,380,73.0,101000,4.33,0.11,1900000,22.5,520
RENT003152,2023-09-01,2023,9,Q3,Dubai,Dubai,Al Furjan,Villa,5BR+,239000,228000,19900,13.0,-1.8,5.64,4.97,89.1,10.9,22.6,117,638,7.6,1630,80.0,476000,5.14,0.5,4250000,17.7,195
RENT003191,2023-09-01,2023,9,Q3,Ras Al Khaimah,Ras Al Khaimah,Al Hamra Village,Apartment,1BR,65000,64000,5400,13.0,3.1,4.88,3.69,88.5,11.5,21.7,47,705,4.7,350,62.9,80000,4.85,0.03,1350000,20.5,35
RENT003192,2023-09-01,2023,9,Q3,Ras Al Khaimah,Ras Al Khaimah,Al Hamra Village,Villa,1BR,129000,126000,10800,13.0,0.6,3.99,2.91,85.5,14.5,21.8,188,394,4.3,690,87.3,220000,4.21,-0.22,3250000,25.1,38
RENT003187,2023-09-01,2023,9,Q3,Sharjah,Sharjah,Al Khan,Apartment,1BR,53000,52000,4400,13.0,2.6,4.0,3.03,89.9,10.1,15.7,124,1164,5.2,380,64.1,89000,3.65,0.35,1300000,25.0,106
RENT003188,2023-09-01,2023,9,Q3,Sharjah,Sharjah,Al Khan,Villa,1BR,117000,109000,9800,13.0,1.3,4.38,3.51,79.9,20.1,10.8,33,505,1.7,730,82.7,220000,4.61,-0.23,2650000,22.8,209
RENT003181,2023-09-01,2023,9,Q3,Sharjah,Sharjah,Al Majaz,Apartment,Studio,54000,50000,4500,13.0,0.6,4.2,3.36,84.7,15.3,19.4,164,886,4.4,380,65.1,90000,3.82,0.38,1300000,23.8,34
RENT003182,2023-09-01,2023,9,Q3,Sharjah,Sharjah,Al Majaz,Villa,5BR+,158000,149000,13200,13.0,3.3,4.31,3.29,85.2,14.8,19.9,154,246,2.5,1080,66.4,262000,4.16,0.15,3650000,23.2,210
RENT003183,2023-09-01,2023,9,Q3,Sharjah,Sharjah,Al Nahda,Apartment,2BR,49000,47000,4100,13.0,-2.5,4.32,3.72,90.8,9.2,15.2,116,781,3.7,350,85.1,109000,4.42,-0.1,1150000,23.2,224
RENT003184,2023-09-01,2023,9,Q3,Sharjah,Sharjah,Al Nahda,Villa,2BR,165000,161000,13800,13.0,-1.5,6.18,5.13,81.9,18.1,13.4,105,479,2.3,790,76.8,221000,6.37,-0.19,2650000,16.2,174
RENT003171,2023-09-01,2023,9,Q3,Abu Dhabi,Abu Dhabi,Al Raha Beach,Apartment,3BR,119000,112000,9900,13.0,-1.1,5.46,4.53,87.9,12.1,18.0,34,939,7.6,540,56.4,111000,5.4,0.06,2200000,18.3,191
RENT003172,2023-09-01,2023,9,Q3,Abu Dhabi,Abu Dhabi,Al Raha Beach,Villa,1BR,368000,379000,30700,13.0,-1.5,5.26,4.43,94.7,5.3,15.4,140,1050,1.4,1660,85.2,516000,5.11,0.15,7000000,19.0,168
RENT003177,2023-09-01,2023,9,Q3,Abu Dhabi,Abu Dhabi,Al Reef,Apartment,1BR,70000,65000,5800,13.0,1.9,4.5,3.59,85.2,14.8,10.6,73,953,5.7,300,84.6,93000,4.68,-0.18,1550000,22.2,272
RENT003178,2023-09-01,2023,9,Q3,Abu Dhabi,Abu Dhabi,Al Reef,Villa,Studio,173000,178000,14400,13.0,-1.5,6.23,5.28,90.7,9.3,14.6,49,1193,3.4,910,83.6,278000,6.49,-0.26,2800000,16.1,274
RENT003165,2023-09-01,2023,9,Q3,Abu Dhabi,Abu Dhabi,Al Reem Island,Apartment,3BR,85000,86000,7100,13.0,2.8,3.89,2.85,96.7,3.3,11.4,224,770,5.6,360,74.3,98000,3.92,-0.03,2200000,25.7,226
RENT003166,2023-09-01,2023,9,Q3,Abu Dhabi,Abu Dhabi,Al Reem Island,Villa,1BR,218000,221000,18200,13.0,3.5,4.18,3.57,86.6,13.4,21.7,108,627,3.5,810,80.3,237000,3.76,0.42,5200000,24.0,223
RENT003189,2023-09-01,2023,9,Q3,Sharjah,Sharjah,Al Taawun,Apartment,2BR,43000,42000,3600,13.0,-1.3,4.06,3.18,86.0,14.0,20.8,158,236,6.6,250,84.5,77000,4.02,0.04,1050000,24.6,171
RENT003190,2023-09-01,2023,9,Q3,Sharjah,Sharjah,Al Taawun,Villa,2BR,101000,102000,8400,13.0,3.3,4.84,3.87,83.7,16.3,19.8,60,266,2.2,540,55.8,110000,4.99,-0.15,2100000,20.7,166
RENT003145,2023-09-01,2023,9,Q3,Dubai,Dubai,Business Bay,Apartment,1BR,105000,98000,8800,13.0,-0.4,5.26,4.66,86.8,13.2,20.8,244,563,7.5,400,73.2,107000,5.75,-0.49,2000000,19.0,122
RENT003146,2023-09-01,2023,9,Q3,Dubai,Dubai,Business Bay,Villa,3BR,329000,323000,27400,13.0,1.0,4.02,2.97,89.1,10.9,21.1,99,897,5.4,2010,62.5,459000,4.34,-0.32,8200000,24.9,120
RENT003175,2023-09-01,2023,9,Q3,Abu Dhabi,Abu Dhabi,Corniche,Apartment,Studio,130000,128000,10800,13.0,-1.8,4.57,3.39,86.0,14.0,10.4,145,110,2.9,820,74.1,222000,4.65,-0.08,2850000,21.9,102
RENT003176,2023-09-01,2023,9,Q3,Abu Dhabi,Abu Dhabi,Corniche,Villa,2BR,233000,235000,19400,13.0,-1.5,3.96,2.83,94.4,5.6,17.4,73,228,7.3,940,85.5,293000,3.8,0.16,5900000,25.2,321
RENT003155,2023-09-01,2023,9,Q3,Dubai,Dubai,Creek Harbour,Apartment,1BR,106000,105000,8800,13.0,2.5,5.79,5.01,90.3,9.7,18.7,239,160,6.2,440,59.2,95000,6.13,-0.34,1850000,17.3,289
RENT003156,2023-09-01,2023,9,Q3,Dubai,Dubai,Creek Harbour,Villa,2BR,335000,342000,27900,13.0,-2.5,5.98,5.42,79.7,20.3,12.5,159,1001,1.9,2170,57.2,453000,5.52,0.46,5600000,16.7,359
RENT003157,2023-09-01,2023,9,Q3,Dubai,Dubai,DAMAC Hills,Apartment,5BR+,104000,105000,8700,13.0,-0.1,6.0,5.1,78.1,21.9,23.1,140,571,7.5,450,66.5,109000,6.15,-0.15,1750000,16.7,441
RENT003158,2023-09-01,2023,9,Q3,Dubai,Dubai,DAMAC Hills,Villa,1BR,266000,257000,22200,13.0,-0.2,4.53,3.68,89.3,10.7,18.3,23,1149,7.6,1980,81.9,592000,4.09,0.44,5850000,22.1,374
RENT003137,2023-09-01,2023,9,Q3,Dubai,Dubai,Downtown Dubai,Apartment,2BR,140000,138000,11700,13.0,-2.3,3.99,2.82,96.5,3.5,22.8,74,871,8.0,870,67.9,216000,4.42,-0.43,3500000,25.1,500
RENT003138,2023-09-01,2023,9,Q3,Dubai,Dubai,Downtown Dubai,Villa,5BR+,360000,359000,30000,13.0,0.5,4.0,3.18,86.5,13.5,11.2,190,295,12.6,1510,55.5,306000,4.12,-0.12,9000000,25.0,463
RENT003143,2023-09-01,2023,9,Q3,Dubai,Dubai,Dubai Hills Estate,Apartment,Studio,141000,134000,11800,13.0,2.5,5.07,4.05,89.2,10.8,23.8,157,285,5.7,1040,66.8,254000,5.33,-0.26,2800000,19.7,576
RENT003144,2023-09-01,2023,9,Q3,Dubai,Dubai,Dubai Hills Estate,Villa,2BR,322000,301000,26800,13.0,1.6,4.12,3.58,94.1,5.9,22.5,102,1167,1.7,1240,76.0,344000,3.9,0.22,7800000,24.3,139
RENT003139,2023-09-01,2023,9,Q3,Dubai,Dubai,Dubai Marina,Apartment,1BR,114000,116000,9500,13.0,2.7,4.43,3.87,88.2,11.8,23.8,244,907,19.7,460,85.7,144000,4.58,-0.15,2600000,22.6,315
RENT003140,2023-09-01,2023,9,Q3,Dubai,Dubai,Dubai Marina,Villa,Studio,358000,369000,29800,13.0,-1.4,4.24,3.25,93.6,6.4,19.6,82,1200,10.8,1900,72.3,501000,4.52,-0.28,8450000,23.6,549
RENT003159,2023-09-01,2023,9,Q3,Dubai,Dubai,Dubai South,Apartment,Studio,72000,72000,6000,13.0,1.0,4.68,3.86,90.6,9.4,15.8,215,328,5.7,500,66.5,121000,4.98,-0.3,1550000,21.3,83
RENT003160,2023-09-01,2023,9,Q3,Dubai,Dubai,Dubai South,Villa,3BR,195000,181000,16200,13.0,-1.8,3.85,3.09,79.7,20.3,17.6,146,546,4.5,1170,76.0,325000,3.92,-0.07,5050000,26.0,291
RENT003153,2023-09-01,2023,9,Q3,Dubai,Dubai,JBR,Apartment,1BR,118000,116000,9800,13.0,1.7,4.7,3.77,90.6,9.4,11.5,215,948,12.7,830,84.0,254000,4.52,0.18,2500000,21.3,408
RENT003154,2023-09-01,2023,9,Q3,Dubai,Dubai,JBR,Villa,Studio,290000,267000,24200,13.0,3.0,4.19,3.59,91.8,8.2,11.5,168,1056,8.5,1900,74.1,514000,4.17,0.02,6900000,23.9,475
RENT003147,2023-09-01,2023,9,Q3,Dubai,Dubai,JVC,Apartment,2BR,77000,75000,6400,13.0,1.9,5.15,4.43,89.9,10.1,18.6,99,695,7.3,420,69.5,107000,4.92,0.23,1500000,19.4,578
RENT003148,2023-09-01,2023,9,Q3,Dubai,Dubai,JVC,Villa,2BR,224000,220000,18700,13.0,1.1,4.79,4.11,89.4,10.6,10.8,198,783,1.9,1630,56.0,333000,4.46,0.33,4700000,20.9,244
RENT003173,2023-09-01,2023,9,Q3,Abu Dhabi,Abu Dhabi,Khalifa City,Apartment,2BR,75000,70000,6200,13.0,-1.1,3.92,3.25,78.7,21.3,12.2,124,1060,3.1,460,77.5,130000,4.08,-0.16,1900000,25.5,160
RENT003174,2023-09-01,2023,9,Q3,Abu Dhabi,Abu Dhabi,Khalifa City,Villa,2BR,216000,212000,18000,13.0,-2.2,4.55,3.83,96.8,3.2,24.0,48,575,5.0,970,59.0,209000,4.16,0.39,4750000,22.0,163
RENT003149,2023-09-01,2023,9,Q3,Dubai,Dubai,MBR City,Apartment,2BR,168000,170000,14000,13.0,2.8,4.86,3.8,86.4,13.6,14.8,203,659,5.4,1120,84.6,346000,5.11,-0.25,3450000,20.6,329
RENT003150,2023-09-01,2023,9,Q3,Dubai,Dubai,MBR City,Villa,2BR,408000,380000,34000,13.0,-1.1,4.85,3.98,87.8,12.2,18.0,206,89,5.6,1870,82.2,561000,5.05,-0.2,8400000,20.6,501
RENT003179,2023-09-01,2023,9,Q3,Abu Dhabi,Abu Dhabi,Masdar City,Apartment,1BR,68000,67000,5700,13.0,0.3,6.23,5.28,84.6,15.4,18.3,172,278,2.6,390,61.9,88000,6.25,-0.02,1100000,16.0,337
RENT003180,2023-09-01,2023,9,Q3,Abu Dhabi,Abu Dhabi,Masdar City,Villa,1BR,231000,237000,19200,13.0,-2.3,4.88,3.7,78.0,22.0,11.6,64,408,6.3,1190,69.5,302000,4.72,0.16,4750000,20.5,346
RENT003161,2023-09-01,2023,9,Q3,Dubai,Dubai,Meydan,Apartment,1BR,99000,97000,8200,13.0,-2.4,5.54,5.03,88.4,11.6,19.9,163,503,2.0,420,60.6,93000,5.17,0.37,1800000,18.1,577
RENT003162,2023-09-01,2023,9,Q3,Dubai,Dubai,Meydan,Villa,1BR,296000,278000,24700,13.0,2.5,6.25,5.65,89.9,10.1,17.7,83,763,6.4,1340,65.4,320000,6.33,-0.08,4750000,16.0,292
RENT003185,2023-09-01,2023,9,Q3,Sharjah,Sharjah,Muwaileh,Apartment,Studio,42000,39000,3500,13.0,2.1,3.89,3.0,84.6,15.4,16.9,199,311,2.3,210,57.9,44000,4.27,-0.38,1100000,25.7,42
RENT003186,2023-09-01,2023,9,Q3,Sharjah,Sharjah,Muwaileh,Villa,Studio,154000,150000,12800,13.0,1.6,4.05,3.17,96.3,3.7,16.0,19,829,5.7,810,74.5,220000,3.66,0.39,3800000,24.7,136
RENT003141,2023-09-01,2023,9,Q3,Dubai,Dubai,Palm Jumeirah,Apartment,3BR,225000,229000,18800,13.0,2.2,4.77,4.24,80.3,19.7,18.1,151,639,10.7,880,71.2,229000,4.46,0.31,4700000,21.0,417
RENT003142,2023-09-01,2023,9,Q3,Dubai,Dubai,Palm Jumeirah,Villa,1BR,438000,416000,36500,13.0,1.9,4.82,4.0,82.8,17.2,20.2,221,308,8.7,1630,60.2,358000,4.51,0.31,9100000,20.8,523
RENT003167,2023-09-01,2023,9,Q3,Abu Dhabi,Abu Dhabi,Saadiyat Island,Apartment,2BR,183000,186000,15200,13.0,-0.2,5.77,4.96,89.3,10.7,19.9,173,447,13.6,710,59.7,155000,6.05,-0.28,3150000,17.3,274
RENT003168,2023-09-01,2023,9,Q3,Abu Dhabi,Abu Dhabi,Saadiyat Island,Villa,2BR,341000,346000,28400,13.0,1.8,4.48,3.69,80.3,19.7,16.2,220,450,7.1,2270,82.3,682000,4.04,0.44,7600000,22.3,263
RENT003163,2023-09-01,2023,9,Q3,Dubai,Dubai,Sports City,Apartment,3BR,70000,66000,5800,13.0,1.3,4.6,4.01,81.3,18.7,22.6,117,874,7.3,330,77.2,93000,5.07,-0.47,1500000,21.8,555
RENT003164,2023-09-01,2023,9,Q3,Dubai,Dubai,Sports City,Villa,4BR,152000,141000,12700,13.0,-2.2,5.96,5.06,85.7,14.3,13.6,124,300,1.9,710,59.9,155000,6.31,-0.35,2550000,16.8,114
RENT003169,2023-09-01,2023,9,Q3,Abu Dhabi,Abu Dhabi,Yas Island,Apartment,1BR,100000,95000,8300,13.0,-2.1,4.79,3.8,94.8,5.2,20.6,124,381,10.0,680,72.9,181000,5.27,-0.48,2100000,20.9,316
RENT003170,2023-09-01,2023,9,Q3,Abu Dhabi,Abu Dhabi,Yas Island,Villa,4BR,224000,221000,18700,13.0,1.1,4.93,4.37,78.0,22.0,21.8,222,326,12.4,870,57.6,183000,4.53,0.4,4550000,20.3,59
RENT003207,2023-10-01,2023,10,Q4,Dubai,Dubai,Al Furjan,Apartment,3BR,76000,70000,6300,13.0,3.4,4.26,3.52,78.1,21.9,15.0,155,628,6.6,460,80.8,136000,4.38,-0.12,1800000,23.5,543
RENT003208,2023-10-01,2023,10,Q4,Dubai,Dubai,Al Furjan,Villa,3BR,157000,146000,13100,13.0,-1.8,4.07,3.35,81.2,18.8,13.5,55,1014,5.1,590,56.5,122000,3.81,0.26,3850000,24.5,582
RENT003247,2023-10-01,2023,10,Q4,Ras Al Khaimah,Ras Al Khaimah,Al Hamra Village,Apartment,2BR,73000,73000,6100,13.0,-1.9,3.85,2.86,83.6,16.4,17.7,137,1196,4.9,510,70.2,131000,4.28,-0.43,1900000,26.0,114
RENT003248,2023-10-01,2023,10,Q4,Ras Al Khaimah,Ras Al Khaimah,Al Hamra Village,Villa,2BR,195000,187000,16200,13.0,-2.5,5.37,4.67,95.3,4.7,22.7,171,1150,6.4,1320,74.5,359000,5.74,-0.37,3650000,18.6,101
RENT003243,2023-10-01,2023,10,Q4,Sharjah,Sharjah,Al Khan,Apartment,2BR,53000,51000,4400,13.0,1.0,4.04,3.53,84.4,15.6,20.6,87,507,3.5,260,62.1,59000,4.53,-0.49,1300000,24.8,130
RENT003244,2023-10-01,2023,10,Q4,Sharjah,Sharjah,Al Khan,Villa,2BR,105000,106000,8800,13.0,-2.4,4.58,3.6,80.6,19.4,23.2,206,247,1.6,490,56.3,101000,4.53,0.05,2300000,21.8,220
RENT003237,2023-10-01,2023,10,Q4,Sharjah,Sharjah,Al Majaz,Apartment,2BR,56000,56000,4700,13.0,1.0,5.63,4.7,93.6,6.4,17.7,116,1168,6.4,350,77.4,99000,5.48,0.15,1000000,17.8,203
RENT003238,2023-10-01,2023,10,Q4,Sharjah,Sharjah,Al Majaz,Villa,3BR,127000,121000,10600,13.0,0.6,4.19,3.27,92.1,7.9,19.7,139,560,2.6,610,63.1,140000,4.22,-0.03,3050000,23.8,203
RENT003239,2023-10-01,2023,10,Q4,Sharjah,Sharjah,Al Nahda,Apartment,3BR,47000,45000,3900,13.0,3.2,4.63,4.01,93.0,7.0,10.5,103,831,2.2,290,83.3,88000,5.02,-0.39,1000000,21.6,106
RENT003240,2023-10-01,2023,10,Q4,Sharjah,Sharjah,Al Nahda,Villa,Studio,134000,131000,11200,13.0,3.2,4.03,3.51,85.1,14.9,21.9,238,552,5.9,750,68.1,186000,4.04,-0.01,3350000,24.8,219
RENT003227,2023-10-01,2023,10,Q4,Abu Dhabi,Abu Dhabi,Al Raha Beach,Apartment,1BR,110000,101000,9200,13.0,0.1,4.84,3.96,85.9,14.1,12.9,186,933,5.0,790,78.5,226000,5.19,-0.35,2250000,20.7,192
RENT003228,2023-10-01,2023,10,Q4,Abu Dhabi,Abu Dhabi,Al Raha Beach,Villa,1BR,305000,289000,25400,13.0,3.2,4.84,3.79,82.7,17.3,11.4,210,302,7.2,2120,63.5,491000,4.98,-0.14,6300000,20.6,212
RENT003233,2023-10-01,2023,10,Q4,Abu Dhabi,Abu Dhabi,Al Reef,Apartment,3BR,71000,70000,5900,13.0,-0.9,5.77,4.92,95.2,4.8,12.0,240,678,2.4,250,76.2,70000,5.55,0.22,1250000,17.3,230
RENT003234,2023-10-01,2023,10,Q4,Abu Dhabi,Abu Dhabi,Al Reef,Villa,4BR,164000,171000,13700,13.0,3.3,3.87,3.25,85.7,14.3,13.8,128,390,5.6,1090,64.2,255000,4.31,-0.44,4250000,25.8,164
RENT003221,2023-10-01,2023,10,Q4,Abu Dhabi,Abu Dhabi,Al Reem Island,Apartment,Studio,90000,88000,7500,13.0,-1.6,4.82,3.96,81.5,18.5,13.8,232,162,2.9,510,79.6,148000,4.96,-0.14,1850000,20.8,97
RENT003222,2023-10-01,2023,10,Q4,Abu Dhabi,Abu Dhabi,Al Reem Island,Villa,1BR,183000,170000,15200,13.0,3.0,4.1,3.4,90.4,9.6,13.2,76,454,5.9,940,71.8,246000,4.36,-0.26,4450000,24.4,133
RENT003245,2023-10-01,2023,10,Q4,Sharjah,Sharjah,Al Taawun,Apartment,2BR,45000,43000,3800,13.0,2.8,4.6,3.5,84.8,15.2,17.4,189,266,4.8,300,63.3,69000,5.06,-0.46,1000000,21.8,45
RENT003246,2023-10-01,2023,10,Q4,Sharjah,Sharjah,Al Taawun,Villa,Studio,152000,157000,12700,13.0,3.4,5.18,4.25,81.4,18.6,19.4,49,123,1.4,690,68.7,173000,5.0,0.18,2950000,19.3,89
RENT003201,2023-10-01,2023,10,Q4,Dubai,Dubai,Business Bay,Apartment,Studio,105000,102000,8800,13.0,-0.4,4.28,3.7,90.0,10.0,17.3,126,920,7.1,530,78.1,151000,3.99,0.29,2450000,23.4,484
RENT003202,2023-10-01,2023,10,Q4,Dubai,Dubai,Business Bay,Villa,Studio,328000,320000,27300,13.0,2.7,3.87,3.32,89.1,10.9,19.2,96,89,3.4,1350,65.4,322000,4.3,-0.43,8450000,25.8,575
RENT003231,2023-10-01,2023,10,Q4,Abu Dhabi,Abu Dhabi,Corniche,Apartment,1BR,119000,119000,9900,13.0,-0.7,6.21,5.6,90.5,9.5,20.6,131,1047,1.4,710,72.4,188000,6.51,-0.3,1900000,16.1,179
RENT003232,2023-10-01,2023,10,Q4,Abu Dhabi,Abu Dhabi,Corniche,Villa,3BR,374000,347000,31200,13.0,1.3,4.12,3.3,81.8,18.2,18.4,180,1185,7.8,1410,71.8,370000,4.45,-0.33,9050000,24.3,231
RENT003211,2023-10-01,2023,10,Q4,Dubai,Dubai,Creek Harbour,Apartment,3BR,109000,109000,9100,13.0,1.0,4.26,3.29,96.0,4.0,13.5,50,512,3.0,670,60.4,148000,4.63,-0.37,2550000,23.5,395
RENT003212,2023-10-01,2023,10,Q4,Dubai,Dubai,Creek Harbour,Villa,3BR,341000,326000,28400,13.0,1.0,5.97,5.28,80.4,19.6,16.4,44,892,6.5,2230,64.9,528000,6.37,-0.4,5700000,16.8,91
RENT003213,2023-10-01,2023,10,Q4,Dubai,Dubai,DAMAC Hills,Apartment,2BR,97000,96000,8100,13.0,-1.7,5.24,4.51,96.2,3.8,17.1,179,717,1.2,610,80.3,179000,4.8,0.44,1850000,19.1,357
RENT003214,2023-10-01,2023,10,Q4,Dubai,Dubai,DAMAC Hills,Villa,Studio,252000,232000,21000,13.0,-1.9,5.71,5.13,92.3,7.7,18.6,68,161,3.3,1020,83.2,310000,5.35,0.36,4400000,17.5,475
RENT003193,2023-10-01,2023,10,Q4,Dubai,Dubai,Downtown Dubai,Apartment,2BR,135000,136000,11200,13.0,-0.5,3.86,3.32,96.3,3.7,21.2,160,806,17.8,990,75.1,271000,3.78,0.08,3500000,25.9,517
RENT003194,2023-10-01,2023,10,Q4,Dubai,Dubai,Downtown Dubai,Villa,Studio,385000,378000,32100,13.0,-1.1,3.86,2.99,93.0,7.0,20.0,15,430,5.9,2610,55.4,528000,3.73,0.13,10000000,25.9,219
RENT003199,2023-10-01,2023,10,Q4,Dubai,Dubai,Dubai Hills Estate,Apartment,2BR,142000,149000,11800,13.0,-1.7,5.05,4.52,79.6,20.4,23.1,15,476,4.7,520,69.4,132000,5.48,-0.43,2800000,19.8,548
RENT003200,2023-10-01,2023,10,Q4,Dubai,Dubai,Dubai Hills Estate,Villa,4BR,324000,315000,27000,13.0,3.4,3.86,2.87,80.0,20.0,17.7,75,521,1.6,2070,63.3,478000,4.21,-0.35,8400000,25.9,99
RENT003195,2023-10-01,2023,10,Q4,Dubai,Dubai,Dubai Marina,Apartment,2BR,120000,119000,10000,13.0,-1.5,5.1,4.14,89.8,10.2,14.7,33,166,11.5,570,77.7,162000,5.55,-0.45,2350000,19.6,315
RENT003196,2023-10-01,2023,10,Q4,Dubai,Dubai,Dubai Marina,Villa,2BR,342000,331000,28500,13.0,-1.5,4.34,3.65,93.8,6.2,11.3,223,1107,13.0,1680,70.6,433000,4.58,-0.24,7900000,23.1,593
RENT003215,2023-10-01,2023,10,Q4,Dubai,Dubai,Dubai South,Apartment,4BR,63000,60000,5200,13.0,1.5,4.09,2.94,79.0,21.0,18.2,202,838,1.2,380,84.9,118000,3.7,0.39,1550000,24.4,124
RENT003216,2023-10-01,2023,10,Q4,Dubai,Dubai,Dubai South,Villa,3BR,165000,169000,13800,13.0,-1.5,4.3,3.53,96.4,3.6,13.2,17,451,2.3,790,77.9,225000,4.58,-0.28,3850000,23.2,316
RENT003209,2023-10-01,2023,10,Q4,Dubai,Dubai,JBR,Apartment,3BR,116000,110000,9700,13.0,2.4,6.01,5.04,87.1,12.9,18.5,216,220,10.2,820,65.3,195000,5.85,0.16,1950000,16.6,552
RENT003210,2023-10-01,2023,10,Q4,Dubai,Dubai,JBR,Villa,2BR,222000,224000,18500,13.0,1.0,4.66,4.01,96.4,3.6,11.8,84,769,9.7,880,57.7,185000,5.01,-0.35,4750000,21.4,384
RENT003203,2023-10-01,2023,10,Q4,Dubai,Dubai,JVC,Apartment,1BR,69000,64000,5800,13.0,0.1,5.82,5.31,85.0,15.0,14.7,191,88,1.8,490,60.6,108000,6.09,-0.27,1200000,17.2,109
RENT003204,2023-10-01,2023,10,Q4,Dubai,Dubai,JVC,Villa,Studio,235000,232000,19600,13.0,1.3,5.41,4.73,80.1,19.9,23.6,52,254,4.0,1540,67.5,379000,5.54,-0.13,4350000,18.5,534
RENT003229,2023-10-01,2023,10,Q4,Abu Dhabi,Abu Dhabi,Khalifa City,Apartment,1BR,73000,72000,6100,13.0,2.4,4.13,3.42,89.3,10.7,15.9,248,893,7.9,280,55.5,57000,3.64,0.49,1750000,24.2,80
RENT003230,2023-10-01,2023,10,Q4,Abu Dhabi,Abu Dhabi,Khalifa City,Villa,Studio,174000,163000,14500,13.0,-1.8,4.15,3.06,80.5,19.5,10.4,184,826,7.3,940,62.1,213000,3.82,0.33,4200000,24.1,59
RENT003205,2023-10-01,2023,10,Q4,Dubai,Dubai,MBR City,Apartment,3BR,159000,157000,13200,13.0,-2.5,5.41,4.74,86.8,13.2,15.4,55,642,2.7,750,76.5,209000,5.47,-0.06,2950000,18.5,242
RENT003206,2023-10-01,2023,10,Q4,Dubai,Dubai,MBR City,Villa,3BR,505000,467000,42100,13.0,-2.2,5.21,4.49,88.3,11.7,15.9,152,213,1.1,2830,87.4,903000,5.33,-0.12,9700000,19.2,101
RENT003235,2023-10-01,2023,10,Q4,Abu Dhabi,Abu Dhabi,Masdar City,Apartment,1BR,67000,63000,5600,13.0,2.9,4.18,3.39,94.0,6.0,19.9,164,1045,2.6,360,79.7,105000,4.28,-0.1,1600000,23.9,204
RENT003236,2023-10-01,2023,10,Q4,Abu Dhabi,Abu Dhabi,Masdar City,Villa,1BR,139000,139000,11600,13.0,-2.2,5.6,5.04,84.9,15.1,10.4,88,1077,4.8,890,76.9,250000,5.25,0.35,2500000,17.8,103
RENT003217,2023-10-01,2023,10,Q4,Dubai,Dubai,Meydan,Apartment,1BR,104000,103000,8700,13.0,0.2,4.78,4.26,92.3,7.7,10.9,99,1067,7.2,370,63.4,86000,4.99,-0.21,2150000,20.9,472
RENT003218,2023-10-01,2023,10,Q4,Dubai,Dubai,Meydan,Villa,1BR,301000,280000,25100,13.0,-1.3,3.98,3.35,78.3,21.7,19.9,137,179,6.5,2060,60.9,458000,3.98,0.0,7550000,25.1,562
RENT003241,2023-10-01,2023,10,Q4,Sharjah,Sharjah,Muwaileh,Apartment,1BR,43000,44000,3600,13.0,-1.2,4.85,4.16,86.5,13.5,15.4,145,1154,1.1,250,75.8,69000,4.54,0.31,900000,20.6,126
RENT003242,2023-10-01,2023,10,Q4,Sharjah,Sharjah,Muwaileh,Villa,2BR,77000,75000,6400,13.0,2.7,4.05,3.5,96.2,3.8,16.8,216,273,5.6,550,72.5,146000,3.98,0.07,1900000,24.7,124
RENT003197,2023-10-01,2023,10,Q4,Dubai,Dubai,Palm Jumeirah,Apartment,3BR,232000,229000,19300,13.0,0.9,4.1,3.23,85.9,14.1,18.9,148,77,9.2,1100,65.6,263000,4.12,-0.02,5650000,24.4,559
RENT003198,2023-10-01,2023,10,Q4,Dubai,Dubai,Palm Jumeirah,Villa,3BR,571000,551000,47600,13.0,-0.8,4.54,3.61,79.5,20.5,10.5,45,440,9.5,2510,70.6,647000,4.8,-0.26,12600000,22.0,443
RENT003223,2023-10-01,2023,10,Q4,Abu Dhabi,Abu Dhabi,Saadiyat Island,Apartment,1BR,171000,159000,14200,13.0,2.4,4.32,3.27,86.6,13.4,19.1,224,998,11.4,1110,77.1,312000,4.51,-0.19,3950000,23.1,204
RENT003224,2023-10-01,2023,10,Q4,Abu Dhabi,Abu Dhabi,Saadiyat Island,Villa,1BR,585000,579000,48800,13.0,-1.2,6.04,5.43,83.0,17.0,17.9,215,563,15.8,4160,72.5,1101000,5.91,0.13,9700000,16.6,130
RENT003219,2023-10-01,2023,10,Q4,Dubai,Dubai,Sports City,Apartment,2BR,63000,62000,5200,13.0,-0.5,4.0,2.97,82.6,17.4,22.6,116,1036,7.2,340,60.8,75000,4.45,-0.45,1600000,25.0,207
RENT003220,2023-10-01,2023,10,Q4,Dubai,Dubai,Sports City,Villa,2BR,119000,110000,9900,13.0,1.7,4.3,3.58,80.8,19.2,22.3,232,1100,7.5,690,79.1,199000,3.83,0.47,2750000,23.3,406
RENT003225,2023-10-01,2023,10,Q4,Abu Dhabi,Abu Dhabi,Yas Island,Apartment,2BR,108000,113000,9000,13.0,2.7,3.88,2.83,83.9,16.1,19.5,210,357,7.1,710,85.5,222000,4.0,-0.12,2800000,25.8,73
RENT003226,2023-10-01,2023,10,Q4,Abu Dhabi,Abu Dhabi,Yas Island,Villa,3BR,312000,311000,26000,13.0,-0.9,5.71,5.02,95.9,4.1,10.1,235,183,9.1,1860,85.6,581000,5.52,0.19,5450000,17.5,235
RENT003263,2023-11-01,2023,11,Q4,Dubai,Dubai,Al Furjan,Apartment,2BR,85000,81000,7100,13.0,-0.3,6.23,5.19,91.8,8.2,18.6,51,609,7.7,550,64.8,130000,6.65,-0.42,1350000,16.1,286
RENT003264,2023-11-01,2023,11,Q4,Dubai,Dubai,Al Furjan,Villa,2BR,206000,197000,17200,13.0,-0.9,3.9,3.21,90.5,9.5,23.8,169,569,7.8,1280,77.5,362000,4.11,-0.21,5300000,25.7,381
RENT003303,2023-11-01,2023,11,Q4,Ras Al Khaimah,Ras Al Khaimah,Al Hamra Village,Apartment,3BR,65000,63000,5400,13.0,-0.5,4.56,3.79,91.9,8.1,12.2,189,136,2.9,400,57.5,84000,4.53,0.03,1400000,21.9,103
RENT003304,2023-11-01,2023,11,Q4,Ras Al Khaimah,Ras Al Khaimah,Al Hamra Village,Villa,1BR,242000,235000,20200,13.0,-2.2,5.7,4.73,85.2,14.8,19.1,96,1157,3.8,1140,66.8,278000,5.45,0.25,4250000,17.6,66
RENT003299,2023-11-01,2023,11,Q4,Sharjah,Sharjah,Al Khan,Apartment,5BR+,49000,49000,4100,13.0,1.9,5.23,4.28,82.8,17.2,23.2,221,139,2.6,280,85.2,87000,5.33,-0.1,950000,19.1,49
RENT003300,2023-11-01,2023,11,Q4,Sharjah,Sharjah,Al Khan,Villa,1BR,109000,107000,9100,13.0,1.8,4.31,3.64,78.5,21.5,12.7,81,1053,2.3,720,61.5,162000,4.02,0.29,2550000,23.2,228
RENT003293,2023-11-01,2023,11,Q4,Sharjah,Sharjah,Al Majaz,Apartment,1BR,55000,53000,4600,13.0,0.8,4.0,2.93,88.1,11.9,10.0,126,392,5.6,370,74.8,101000,3.94,0.06,1400000,25.0,182
RENT003294,2023-11-01,2023,11,Q4,Sharjah,Sharjah,Al Majaz,Villa,5BR+,128000,124000,10700,13.0,1.5,4.01,2.86,88.1,11.9,20.2,162,220,5.0,840,84.5,259000,3.91,0.1,3200000,25.0,154
RENT003295,2023-11-01,2023,11,Q4,Sharjah,Sharjah,Al Nahda,Apartment,1BR,51000,48000,4200,13.0,-0.7,4.61,3.58,94.3,5.7,16.0,52,1024,4.4,180,65.6,43000,4.3,0.31,1100000,21.7,80
RENT003296,2023-11-01,2023,11,Q4,Sharjah,Sharjah,Al Nahda,Villa,Studio,142000,137000,11800,13.0,2.5,4.78,3.85,91.9,8.1,20.7,230,799,5.7,960,66.2,232000,4.73,0.05,2950000,20.9,209
RENT003283,2023-11-01,2023,11,Q4,Abu Dhabi,Abu Dhabi,Al Raha Beach,Apartment,1BR,113000,106000,9400,13.0,-1.5,4.66,3.84,86.6,13.4,15.2,24,498,7.0,490,58.7,105000,4.42,0.24,2400000,21.5,234
RENT003284,2023-11-01,2023,11,Q4,Abu Dhabi,Abu Dhabi,Al Raha Beach,Villa,Studio,245000,251000,20400,13.0,-0.7,3.96,2.84,91.5,8.5,23.2,247,934,2.9,1540,55.5,312000,3.92,0.04,6200000,25.2,270
RENT003289,2023-11-01,2023,11,Q4,Abu Dhabi,Abu Dhabi,Al Reef,Apartment,3BR,72000,72000,6000,13.0,-0.4,3.9,3.39,83.6,16.4,16.7,103,404,2.0,400,68.8,100000,3.97,-0.07,1850000,25.6,145
RENT003290,2023-11-01,2023,11,Q4,Abu Dhabi,Abu Dhabi,Al Reef,Villa,3BR,232000,216000,19300,13.0,2.6,4.98,3.78,89.7,10.3,20.9,218,768,1.3,990,82.2,297000,5.03,-0.05,4650000,20.1,223
RENT003277,2023-11-01,2023,11,Q4,Abu Dhabi,Abu Dhabi,Al Reem Island,Apartment,Studio,80000,82000,6700,13.0,2.7,4.59,3.85,79.4,20.6,23.0,60,247,3.9,420,82.0,126000,4.91,-0.32,1750000,21.8,272
RENT003278,2023-11-01,2023,11,Q4,Abu Dhabi,Abu Dhabi,Al Reem Island,Villa,5BR+,306000,290000,25500,13.0,3.2,4.04,2.92,90.0,10.0,21.7,216,1123,3.0,2170,70.3,557000,4.29,-0.25,7550000,24.7,302
RENT003301,2023-11-01,2023,11,Q4,Sharjah,Sharjah,Al Taawun,Apartment,1BR,46000,47000,3800,13.0,1.7,5.47,4.49,84.9,15.1,15.3,41,227,7.9,280,63.7,65000,5.88,-0.41,850000,18.3,212
RENT003302,2023-11-01,2023,11,Q4,Sharjah,Sharjah,Al Taawun,Villa,3BR,91000,86000,7600,13.0,1.7,5.27,4.67,79.6,20.4,22.8,168,1042,4.1,610,87.2,194000,5.08,0.19,1750000,19.0,199
RENT003257,2023-11-01,2023,11,Q4,Dubai,Dubai,Business Bay,Apartment,2BR,98000,101000,8200,13.0,-1.8,4.74,3.68,80.6,19.4,16.0,25,1069,3.8,590,85.7,185000,4.86,-0.12,2050000,21.1,211
RENT003258,2023-11-01,2023,11,Q4,Dubai,Dubai,Business Bay,Villa,5BR+,272000,277000,22700,13.0,0.5,4.49,3.8,79.2,20.8,11.9,220,358,5.6,1740,71.4,453000,4.85,-0.36,6050000,22.3,258
RENT003287,2023-11-01,2023,11,Q4,Abu Dhabi,Abu Dhabi,Corniche,Apartment,5BR+,119000,110000,9900,13.0,-0.4,4.17,3.21,91.3,8.7,19.4,92,151,4.1,500,78.2,143000,3.96,0.21,2850000,24.0,137
RENT003288,2023-11-01,2023,11,Q4,Abu Dhabi,Abu Dhabi,Corniche,Villa,3BR,329000,307000,27400,13.0,-1.5,5.56,4.93,90.5,9.5,20.8,109,1037,5.7,1310,87.1,416000,5.53,0.03,5900000,18.0,72
RENT003267,2023-11-01,2023,11,Q4,Dubai,Dubai,Creek Harbour,Apartment,1BR,117000,118000,9800,13.0,-1.1,4.02,2.94,94.3,5.7,10.4,233,189,2.7,860,68.3,214000,3.8,0.22,2900000,24.9,534
RENT003268,2023-11-01,2023,11,Q4,Dubai,Dubai,Creek Harbour,Villa,1BR,336000,339000,28000,13.0,3.1,6.23,5.09,96.9,3.1,10.6,46,723,2.2,2030,60.9,451000,6.14,0.09,5400000,16.0,279
RENT003269,2023-11-01,2023,11,Q4,Dubai,Dubai,DAMAC Hills,Apartment,1BR,94000,97000,7800,13.0,1.7,4.63,3.51,83.2,16.8,19.5,63,146,6.9,660,66.9,161000,4.64,-0.01,2050000,21.6,313
RENT003270,2023-11-01,2023,11,Q4,Dubai,Dubai,DAMAC Hills,Villa,Studio,281000,294000,23400,13.0,0.2,4.32,3.53,79.6,20.4,18.8,17,885,6.5,1130,79.7,329000,3.95,0.37,6500000,23.1,246
RENT003249,2023-11-01,2023,11,Q4,Dubai,Dubai,Downtown Dubai,Apartment,1BR,145000,144000,12100,13.0,2.4,4.41,3.65,87.4,12.6,18.9,114,834,5.8,710,79.7,207000,4.1,0.31,3300000,22.7,198
RENT003250,2023-11-01,2023,11,Q4,Dubai,Dubai,Downtown Dubai,Villa,1BR,391000,381000,32600,13.0,-0.7,3.98,3.15,89.3,10.7,18.1,113,900,11.2,2800,70.9,725000,4.25,-0.27,9800000,25.1,143
RENT003255,2023-11-01,2023,11,Q4,Dubai,Dubai,Dubai Hills Estate,Apartment,5BR+,158000,164000,13200,13.0,2.7,4.57,3.7,94.9,5.1,13.4,96,654,7.2,1060,65.0,251000,4.19,0.38,3450000,21.9,156
RENT003256,2023-11-01,2023,11,Q4,Dubai,Dubai,Dubai Hills Estate,Villa,1BR,472000,444000,39300,13.0,1.3,5.5,4.75,92.2,7.8,17.0,132,568,3.4,1860,76.3,518000,5.61,-0.11,8600000,18.2,538
RENT003251,2023-11-01,2023,11,Q4,Dubai,Dubai,Dubai Marina,Apartment,1BR,109000,114000,9100,13.0,1.3,4.88,4.15,84.6,15.4,22.1,207,796,14.8,430,64.7,102000,5.02,-0.14,2250000,20.5,229
RENT003252,2023-11-01,2023,11,Q4,Dubai,Dubai,Dubai Marina,Villa,Studio,400000,399000,33300,13.0,-1.2,4.96,4.13,91.7,8.3,17.0,150,636,5.6,2390,80.4,701000,4.93,0.03,8050000,20.2,81
RENT003271,2023-11-01,2023,11,Q4,Dubai,Dubai,Dubai South,Apartment,2BR,67000,69000,5600,13.0,-0.9,5.2,4.41,82.5,17.5,18.6,217,567,6.8,370,84.8,115000,4.91,0.29,1300000,19.2,504
RENT003272,2023-11-01,2023,11,Q4,Dubai,Dubai,Dubai South,Villa,2BR,147000,152000,12200,13.0,-2.3,4.75,3.84,79.3,20.7,13.0,175,1026,6.2,640,79.9,187000,4.47,0.28,3100000,21.0,376
RENT003265,2023-11-01,2023,11,Q4,Dubai,Dubai,JBR,Apartment,Studio,123000,120000,10200,13.0,0.8,5.92,5.24,94.6,5.4,10.8,219,227,5.3,600,58.0,127000,5.88,0.04,2100000,16.9,448
RENT003266,2023-11-01,2023,11,Q4,Dubai,Dubai,JBR,Villa,2BR,242000,247000,20200,13.0,0.9,5.0,3.83,86.5,13.5,13.0,147,525,7.3,1240,57.2,259000,4.73,0.27,4850000,20.0,441
RENT003259,2023-11-01,2023,11,Q4,Dubai,Dubai,JVC,Apartment,2BR,72000,66000,6000,13.0,1.5,3.91,3.07,87.8,12.2,13.9,166,379,6.8,480,83.3,146000,4.14,-0.23,1850000,25.6,354
RENT003260,2023-11-01,2023,11,Q4,Dubai,Dubai,JVC,Villa,3BR,190000,181000,15800,13.0,-1.6,4.26,3.62,96.9,3.1,11.2,81,492,4.1,1100,81.2,326000,4.76,-0.5,4450000,23.5,85
RENT003285,2023-11-01,2023,11,Q4,Abu Dhabi,Abu Dhabi,Khalifa City,Apartment,Studio,74000,75000,6200,13.0,0.8,4.93,4.3,81.3,18.7,23.0,120,312,3.6,450,56.2,92000,4.46,0.47,1500000,20.3,105
RENT003286,2023-11-01,2023,11,Q4,Abu Dhabi,Abu Dhabi,Khalifa City,Villa,1BR,149000,140000,12400,13.0,3.3,4.55,3.7,82.0,18.0,10.1,229,589,3.1,1070,84.6,330000,4.46,0.09,3250000,22.0,104
RENT003261,2023-11-01,2023,11,Q4,Dubai,Dubai,MBR City,Apartment,1BR,147000,149000,12200,13.0,-0.5,5.73,4.74,85.5,14.5,11.9,237,289,4.2,660,75.3,181000,5.59,0.14,2550000,17.5,419
RENT003262,2023-11-01,2023,11,Q4,Dubai,Dubai,MBR City,Villa,5BR+,534000,539000,44500,13.0,2.9,4.34,3.42,81.5,18.5,23.1,70,583,4.9,3900,68.5,975000,4.34,0.0,12300000,23.0,326
RENT003291,2023-11-01,2023,11,Q4,Abu Dhabi,Abu Dhabi,Masdar City,Apartment,1BR,66000,69000,5500,13.0,-1.1,3.93,3.16,83.5,16.5,23.5,245,368,1.9,360,85.1,112000,3.51,0.42,1700000,25.5,185
RENT003292,2023-11-01,2023,11,Q4,Abu Dhabi,Abu Dhabi,Masdar City,Villa,4BR,130000,127000,10800,13.0,-0.1,5.01,4.4,80.3,19.7,19.5,188,776,3.7,640,80.3,188000,4.79,0.22,2600000,20.0,276
RENT003273,2023-11-01,2023,11,Q4,Dubai,Dubai,Meydan,Apartment,1BR,104000,104000,8700,13.0,3.5,4.91,3.91,89.8,10.2,13.2,179,733,1.9,490,79.1,141000,4.46,0.45,2100000,20.4,86
RENT003274,2023-11-01,2023,11,Q4,Dubai,Dubai,Meydan,Villa,2BR,223000,212000,18600,13.0,-0.9,5.06,4.44,86.0,14.0,14.3,194,833,5.8,1070,86.5,338000,5.47,-0.41,4400000,19.8,554
RENT003297,2023-11-01,2023,11,Q4,Sharjah,Sharjah,Muwaileh,Apartment,2BR,45000,45000,3800,13.0,-1.4,3.92,3.09,84.5,15.5,22.4,189,403,5.5,290,85.8,91000,3.56,0.36,1150000,25.5,154
RENT003298,2023-11-01,2023,11,Q4,Sharjah,Sharjah,Muwaileh,Villa,3BR,95000,89000,7900,13.0,0.2,4.15,3.22,83.3,16.7,18.1,82,285,5.3,410,73.2,110000,3.98,0.17,2300000,24.1,110
RENT003253,2023-11-01,2023,11,Q4,Dubai,Dubai,Palm Jumeirah,Apartment,2BR,225000,230000,18800,13.0,-2.3,5.4,4.21,90.3,9.7,15.9,63,918,12.2,950,70.1,243000,5.8,-0.4,4150000,18.5,581
RENT003254,2023-11-01,2023,11,Q4,Dubai,Dubai,Palm Jumeirah,Villa,1BR,582000,539000,48500,13.0,3.5,4.62,3.93,89.5,10.5,15.0,104,522,11.3,3750,77.1,1055000,4.53,0.09,12600000,21.6,468
RENT003279,2023-11-01,2023,11,Q4,Abu Dhabi,Abu Dhabi,Saadiyat Island,Apartment,Studio,175000,179000,14600,13.0,1.4,4.47,3.53,96.4,3.6,12.1,152,90,12.5,990,80.7,292000,4.32,0.15,3900000,22.4,166
RENT003280,2023-11-01,2023,11,Q4,Abu Dhabi,Abu Dhabi,Saadiyat Island,Villa,1BR,348000,361000,29000,13.0,0.6,4.02,3.51,90.7,9.3,17.2,238,642,7.7,1760,82.1,527000,3.92,0.1,8650000,24.9,320
RENT003275,2023-11-01,2023,11,Q4,Dubai,Dubai,Sports City,Apartment,1BR,69000,64000,5800,13.0,0.5,3.89,2.76,90.0,10.0,23.1,196,624,1.4,270,68.9,68000,3.91,-0.02,1750000,25.7,446
RENT003276,2023-11-01,2023,11,Q4,Dubai,Dubai,Sports City,Villa,5BR+,126000,120000,10500,13.0,-1.2,4.75,3.94,79.4,20.6,10.8,152,609,2.9,790,64.1,185000,5.03,-0.28,2650000,21.1,418
RENT003281,2023-11-01,2023,11,Q4,Abu Dhabi,Abu Dhabi,Yas Island,Apartment,3BR,94000,90000,7800,13.0,-0.1,5.39,4.45,91.2,8.8,22.3,33,413,10.5,400,67.9,99000,5.16,0.23,1750000,18.6,328
RENT003282,2023-11-01,2023,11,Q4,Abu Dhabi,Abu Dhabi,Yas Island,Villa,1BR,253000,264000,21100,13.0,-0.5,5.53,4.4,79.3,20.7,16.0,47,947,10.9,1540,60.1,338000,5.3,0.23,4600000,18.1,306
RENT003319,2023-12-01,2023,12,Q4,Dubai,Dubai,Al Furjan,Apartment,1BR,85000,81000,7100,13.0,-2.1,4.9,3.73,91.7,8.3,22.8,99,1199,5.5,550,85.9,172000,4.99,-0.09,1750000,20.4,434
RENT003320,2023-12-01,2023,12,Q4,Dubai,Dubai,Al Furjan,Villa,1BR,268000,256000,22300,13.0,-0.6,3.93,3.12,95.4,4.6,19.9,134,263,6.7,1790,60.8,397000,3.94,-0.01,6800000,25.4,431
RENT003359,2023-12-01,2023,12,Q4,Ras Al Khaimah,Ras Al Khaimah,Al Hamra Village,Apartment,1BR,66000,62000,5500,13.0,-2.0,5.67,4.97,87.6,12.4,15.6,191,1190,6.6,330,80.4,97000,5.21,0.46,1150000,17.6,69
RENT003360,2023-12-01,2023,12,Q4,Ras Al Khaimah,Ras Al Khaimah,Al Hamra Village,Villa,1BR,119000,124000,9900,13.0,-1.0,5.69,4.71,81.5,18.5,17.9,140,106,4.3,510,74.5,139000,5.65,0.04,2100000,17.6,57
RENT003355,2023-12-01,2023,12,Q4,Sharjah,Sharjah,Al Khan,Apartment,2BR,54000,56000,4500,13.0,0.8,4.06,3.23,94.1,5.9,19.3,239,718,1.1,300,76.4,84000,3.73,0.33,1350000,24.6,219
RENT003356,2023-12-01,2023,12,Q4,Sharjah,Sharjah,Al Khan,Villa,1BR,140000,146000,11700,13.0,-1.1,4.13,3.12,96.9,3.1,19.4,48,850,5.4,950,86.3,299000,3.92,0.21,3400000,24.2,73
RENT003349,2023-12-01,2023,12,Q4,Sharjah,Sharjah,Al Majaz,Apartment,1BR,54000,52000,4500,13.0,1.7,6.11,5.38,87.8,12.2,16.9,16,741,7.0,390,59.1,84000,6.13,-0.02,900000,16.4,62
RENT003350,2023-12-01,2023,12,Q4,Sharjah,Sharjah,Al Majaz,Villa,1BR,117000,108000,9800,13.0,-0.7,4.15,2.99,86.3,13.7,14.2,31,582,2.3,760,62.4,173000,3.83,0.32,2800000,24.1,158
RENT003351,2023-12-01,2023,12,Q4,Sharjah,Sharjah,Al Nahda,Apartment,2BR,50000,50000,4200,13.0,0.6,4.96,3.83,85.6,14.4,21.5,130,1027,2.5,260,62.8,60000,5.44,-0.48,1000000,20.2,192
RENT003352,2023-12-01,2023,12,Q4,Sharjah,Sharjah,Al Nahda,Villa,1BR,165000,160000,13800,13.0,-1.8,6.08,5.3,96.5,3.5,14.6,32,814,6.6,680,70.3,174000,6.08,0.0,2700000,16.5,53
RENT003339,2023-12-01,2023,12,Q4,Abu Dhabi,Abu Dhabi,Al Raha Beach,Apartment,3BR,108000,109000,9000,13.0,1.8,5.45,4.71,89.9,10.1,21.1,162,705,6.5,500,60.3,110000,5.41,0.04,2000000,18.3,331
RENT003340,2023-12-01,2023,12,Q4,Abu Dhabi,Abu Dhabi,Al Raha Beach,Villa,2BR,439000,411000,36600,13.0,-1.5,4.93,3.85,78.4,21.6,12.5,145,724,2.5,2430,68.9,611000,4.96,-0.03,8900000,20.3,357
RENT003345,2023-12-01,2023,12,Q4,Abu Dhabi,Abu Dhabi,Al Reef,Apartment,2BR,78000,82000,6500,13.0,0.4,6.08,5.39,95.0,5.0,22.0,115,307,2.6,310,65.2,74000,5.59,0.49,1300000,16.5,123
RENT003346,2023-12-01,2023,12,Q4,Abu Dhabi,Abu Dhabi,Al Reef,Villa,Studio,204000,212000,17000,13.0,2.5,5.41,4.33,83.0,17.0,15.3,183,753,1.3,810,73.0,216000,5.36,0.05,3750000,18.5,341
RENT003333,2023-12-01,2023,12,Q4,Abu Dhabi,Abu Dhabi,Al Reem Island,Apartment,3BR,89000,89000,7400,13.0,-0.3,4.74,3.92,80.2,19.8,13.6,147,283,4.6,480,82.5,145000,4.5,0.24,1900000,21.1,131
RENT003334,2023-12-01,2023,12,Q4,Abu Dhabi,Abu Dhabi,Al Reem Island,Villa,1BR,312000,294000,26000,13.0,-1.1,6.04,4.99,84.7,15.3,11.1,243,323,3.5,1780,72.0,468000,6.31,-0.27,5150000,16.5,55
RENT003357,2023-12-01,2023,12,Q4,Sharjah,Sharjah,Al Taawun,Apartment,2BR,46000,45000,3800,13.0,-0.2,4.27,3.49,85.6,14.4,21.3,107,111,3.3,250,60.0,55000,4.67,-0.4,1100000,23.4,181
RENT003358,2023-12-01,2023,12,Q4,Sharjah,Sharjah,Al Taawun,Villa,3BR,146000,146000,12200,13.0,-2.2,4.99,4.46,89.0,11.0,18.4,21,554,1.1,990,62.1,224000,5.12,-0.13,2950000,20.0,168
RENT003313,2023-12-01,2023,12,Q4,Dubai,Dubai,Business Bay,Apartment,4BR,99000,92000,8200,13.0,-2.3,5.44,4.48,90.9,9.1,17.2,120,1124,6.3,430,70.2,110000,5.8,-0.36,1800000,18.4,441
RENT003314,2023-12-01,2023,12,Q4,Dubai,Dubai,Business Bay,Villa,3BR,339000,331000,28200,13.0,3.3,5.7,4.74,79.8,20.2,13.3,170,1172,2.4,1320,58.8,283000,5.56,0.14,5950000,17.5,524
RENT003343,2023-12-01,2023,12,Q4,Abu Dhabi,Abu Dhabi,Corniche,Apartment,5BR+,125000,127000,10400,13.0,1.2,5.15,4.46,96.3,3.7,22.4,245,584,2.7,470,64.4,110000,5.04,0.11,2450000,19.4,343
RENT003344,2023-12-01,2023,12,Q4,Abu Dhabi,Abu Dhabi,Corniche,Villa,3BR,406000,421000,33800,13.0,0.8,5.8,4.92,84.4,15.6,17.6,42,973,4.7,2580,71.0,669000,5.53,0.27,7000000,17.3,255
RENT003323,2023-12-01,2023,12,Q4,Dubai,Dubai,Creek Harbour,Apartment,1BR,121000,113000,10100,13.0,1.1,4.82,4.27,91.3,8.7,11.0,228,635,3.1,700,73.5,188000,5.0,-0.18,2500000,20.7,316
RENT003324,2023-12-01,2023,12,Q4,Dubai,Dubai,Creek Harbour,Villa,2BR,292000,290000,24300,13.0,-0.8,4.35,3.44,81.8,18.2,21.5,215,749,7.0,1820,74.5,495000,4.09,0.26,6700000,23.0,266
RENT003325,2023-12-01,2023,12,Q4,Dubai,Dubai,DAMAC Hills,Apartment,5BR+,97000,94000,8100,13.0,1.3,4.43,3.8,88.1,11.9,23.8,81,232,1.8,450,70.6,116000,4.32,0.11,2200000,22.6,367
RENT003326,2023-12-01,2023,12,Q4,Dubai,Dubai,DAMAC Hills,Villa,2BR,302000,290000,25200,13.0,-0.7,4.0,3.01,92.6,7.4,13.8,152,366,2.7,1410,79.7,410000,3.84,0.16,7550000,25.0,186
RENT003305,2023-12-01,2023,12,Q4,Dubai,Dubai,Downtown Dubai,Apartment,4BR,145000,152000,12100,13.0,3.2,4.05,3.15,84.0,16.0,21.0,104,563,8.1,830,73.2,222000,4.18,-0.13,3600000,24.7,455
RENT003306,2023-12-01,2023,12,Q4,Dubai,Dubai,Downtown Dubai,Villa,2BR,406000,383000,33800,13.0,1.3,5.55,4.46,88.8,11.2,14.0,42,454,14.1,2830,71.4,738000,5.9,-0.35,7300000,18.0,215
RENT003311,2023-12-01,2023,12,Q4,Dubai,Dubai,Dubai Hills Estate,Apartment,1BR,156000,157000,13000,13.0,-0.5,5.59,4.63,88.0,12.0,16.5,84,950,6.5,580,60.7,129000,5.26,0.33,2800000,17.9,537
RENT003312,2023-12-01,2023,12,Q4,Dubai,Dubai,Dubai Hills Estate,Villa,1BR,280000,274000,23300,13.0,1.2,6.17,5.26,92.1,7.9,12.7,59,759,6.7,1500,71.6,392000,6.46,-0.29,4550000,16.2,590
RENT003307,2023-12-01,2023,12,Q4,Dubai,Dubai,Dubai Marina,Apartment,1BR,117000,114000,9800,13.0,1.1,5.5,4.9,79.7,20.3,14.6,131,425,18.6,460,60.5,102000,5.88,-0.38,2150000,18.2,533
RENT003308,2023-12-01,2023,12,Q4,Dubai,Dubai,Dubai Marina,Villa,4BR,303000,306000,25200,13.0,1.9,4.67,3.74,96.3,3.7,23.5,116,263,10.5,1740,65.2,414000,4.69,-0.02,6500000,21.4,131
RENT003327,2023-12-01,2023,12,Q4,Dubai,Dubai,Dubai South,Apartment,5BR+,66000,61000,5500,13.0,3.4,6.15,5.41,83.3,16.7,18.1,177,307,1.6,460,59.8,100000,6.08,0.07,1050000,16.3,488
RENT003328,2023-12-01,2023,12,Q4,Dubai,Dubai,Dubai South,Villa,Studio,170000,164000,14200,13.0,3.3,4.2,3.56,92.9,7.1,15.1,210,1080,5.4,1120,83.3,341000,3.76,0.44,4050000,23.8,552
RENT003321,2023-12-01,2023,12,Q4,Dubai,Dubai,JBR,Apartment,5BR+,124000,120000,10300,13.0,1.8,4.54,3.72,89.3,10.7,23.8,196,701,5.1,630,79.6,183000,4.18,0.36,2750000,22.0,221
RENT003322,2023-12-01,2023,12,Q4,Dubai,Dubai,JBR,Villa,2BR,340000,316000,28300,13.0,2.1,4.04,3.39,89.0,11.0,20.8,63,873,11.9,2350,69.6,597000,3.78,0.26,8400000,24.7,115
RENT003315,2023-12-01,2023,12,Q4,Dubai,Dubai,JVC,Apartment,3BR,75000,74000,6200,13.0,-1.4,4.05,3.03,79.9,20.1,10.3,67,624,3.0,410,81.0,121000,3.65,0.4,1850000,24.7,264
RENT003316,2023-12-01,2023,12,Q4,Dubai,Dubai,JVC,Villa,1BR,181000,187000,15100,13.0,2.2,4.11,3.11,81.0,19.0,23.0,87,260,4.5,840,71.6,220000,4.07,0.04,4400000,24.3,149
RENT003341,2023-12-01,2023,12,Q4,Abu Dhabi,Abu Dhabi,Khalifa City,Apartment,3BR,85000,78000,7100,13.0,1.2,4.19,3.64,94.0,6.0,13.3,153,406,1.7,410,59.0,88000,3.77,0.42,2050000,23.9,105
RENT003342,2023-12-01,2023,12,Q4,Abu Dhabi,Abu Dhabi,Khalifa City,Villa,1BR,223000,222000,18600,13.0,-0.5,5.95,5.33,79.1,20.9,20.7,156,181,3.7,1230,58.1,261000,6.26,-0.31,3750000,16.8,75
RENT003317,2023-12-01,2023,12,Q4,Dubai,Dubai,MBR City,Apartment,4BR,157000,147000,13100,13.0,-0.9,6.01,5.2,89.9,10.1,23.6,211,408,4.4,630,71.0,163000,6.12,-0.11,2600000,16.6,426
RENT003318,2023-12-01,2023,12,Q4,Dubai,Dubai,MBR City,Villa,2BR,348000,357000,29000,13.0,-2.3,4.9,4.23,88.5,11.5,22.4,91,361,3.1,2170,56.9,451000,5.24,-0.34,7100000,20.4,497
RENT003347,2023-12-01,2023,12,Q4,Abu Dhabi,Abu Dhabi,Masdar City,Apartment,3BR,67000,67000,5600,13.0,0.2,6.05,5.2,79.0,21.0,15.5,224,548,5.4,310,71.9,81000,6.38,-0.33,1100000,16.5,239
RENT003348,2023-12-01,2023,12,Q4,Abu Dhabi,Abu Dhabi,Masdar City,Villa,1BR,190000,183000,15800,13.0,2.5,3.97,3.14,81.9,18.1,14.7,29,1168,5.6,1250,68.7,313000,4.11,-0.14,4800000,25.2,325
RENT003329,2023-12-01,2023,12,Q4,Dubai,Dubai,Meydan,Apartment,2BR,112000,107000,9300,13.0,0.0,4.15,3.05,87.6,12.4,14.3,24,500,2.7,580,57.3,121000,3.98,0.17,2700000,24.1,584
RENT003330,2023-12-01,2023,12,Q4,Dubai,Dubai,Meydan,Villa,5BR+,336000,331000,28000,13.0,3.2,4.68,3.49,86.8,13.2,16.6,109,274,4.4,1480,80.0,432000,4.95,-0.27,7200000,21.4,495
RENT003353,2023-12-01,2023,12,Q4,Sharjah,Sharjah,Muwaileh,Apartment,Studio,43000,42000,3600,13.0,1.1,4.19,3.18,86.3,13.7,11.0,198,632,4.7,260,63.7,60000,4.61,-0.42,1050000,23.8,211
RENT003354,2023-12-01,2023,12,Q4,Sharjah,Sharjah,Muwaileh,Villa,2BR,160000,159000,13300,13.0,-0.5,4.29,3.52,82.6,17.4,17.9,119,579,6.9,840,60.0,184000,3.79,0.5,3750000,23.3,163
RENT003309,2023-12-01,2023,12,Q4,Dubai,Dubai,Palm Jumeirah,Apartment,1BR,216000,199000,18000,13.0,3.3,4.74,4.07,88.9,11.1,10.2,174,1058,13.9,1410,63.6,327000,4.34,0.4,4550000,21.1,212
RENT003310,2023-12-01,2023,12,Q4,Dubai,Dubai,Palm Jumeirah,Villa,2BR,483000,505000,40200,13.0,0.8,4.32,3.18,85.3,14.7,22.7,206,87,19.0,2680,81.8,800000,3.93,0.39,11200000,23.2,492
RENT003335,2023-12-01,2023,12,Q4,Abu Dhabi,Abu Dhabi,Saadiyat Island,Apartment,Studio,182000,180000,15200,13.0,-1.4,4.62,3.52,93.7,6.3,23.3,222,664,9.5,1010,58.1,214000,4.71,-0.09,3950000,21.6,187
RENT003336,2023-12-01,2023,12,Q4,Abu Dhabi,Abu Dhabi,Saadiyat Island,Villa,5BR+,516000,489000,43000,13.0,-0.9,4.78,4.25,94.0,6.0,19.6,145,779,19.4,3480,56.2,714000,4.96,-0.18,10800000,20.9,340
RENT003331,2023-12-01,2023,12,Q4,Dubai,Dubai,Sports City,Apartment,3BR,70000,73000,5800,13.0,3.3,4.01,2.93,90.2,9.8,10.1,66,478,7.6,500,71.5,130000,3.64,0.37,1750000,25.0,412
RENT003332,2023-12-01,2023,12,Q4,Dubai,Dubai,Sports City,Villa,1BR,191000,187000,15900,13.0,-1.0,5.34,4.61,96.1,3.9,13.8,86,506,3.8,850,70.9,220000,5.79,-0.45,3600000,18.7,407
RENT003337,2023-12-01,2023,12,Q4,Abu Dhabi,Abu Dhabi,Yas Island,Apartment,1BR,111000,108000,9200,13.0,0.1,4.13,3.54,80.8,19.2,19.5,250,970,6.3,590,72.2,155000,3.64,0.49,2700000,24.2,59
RENT003338,2023-12-01,2023,12,Q4,Abu Dhabi,Abu Dhabi,Yas Island,Villa,3BR,280000,268000,23300,13.0,0.3,5.17,4.4,94.9,5.1,22.1,222,634,13.9,1260,74.3,342000,5.62,-0.45,5400000,19.3,89
RENT003375,2024-01-01,2024,1,Q1,Dubai,Dubai,Al Furjan,Apartment,2BR,95000,99000,7900,13.1,-0.2,4.75,4.2,91.2,8.8,15.5,201,401,7.0,700,84.4,216000,4.54,0.21,2000000,21.1,86
RENT003376,2024-01-01,2024,1,Q1,Dubai,Dubai,Al Furjan,Villa,1BR,272000,256000,22700,13.1,2.1,5.67,4.77,89.8,10.2,23.2,43,483,7.8,1000,83.4,304000,6.08,-0.41,4800000,17.6,462
RENT003415,2024-01-01,2024,1,Q1,Ras Al Khaimah,Ras Al Khaimah,Al Hamra Village,Apartment,1BR,86000,81000,7200,13.1,3.2,4.04,3.35,93.9,6.1,22.3,143,545,6.2,440,70.9,114000,4.49,-0.45,2150000,24.7,113
RENT003416,2024-01-01,2024,1,Q1,Ras Al Khaimah,Ras Al Khaimah,Al Hamra Village,Villa,Studio,215000,209000,17900,13.1,1.0,4.73,4.12,96.7,3.3,23.5,145,1034,7.2,1420,78.0,404000,4.29,0.44,4550000,21.1,106
RENT003411,2024-01-01,2024,1,Q1,Sharjah,Sharjah,Al Khan,Apartment,3BR,66000,66000,5500,13.1,3.2,4.69,3.8,80.3,19.7,22.9,26,642,2.5,300,56.2,62000,4.29,0.4,1400000,21.3,178
RENT003412,2024-01-01,2024,1,Q1,Sharjah,Sharjah,Al Khan,Villa,2BR,209000,216000,17400,13.1,2.8,4.76,3.78,90.1,9.9,17.6,155,605,1.6,1500,62.3,341000,5.1,-0.34,4400000,21.0,77
RENT003405,2024-01-01,2024,1,Q1,Sharjah,Sharjah,Al Majaz,Apartment,4BR,66000,66000,5500,13.1,-0.3,4.18,3.64,86.0,14.0,12.2,168,893,1.2,240,71.6,63000,3.72,0.46,1600000,23.9,108
RENT003406,2024-01-01,2024,1,Q1,Sharjah,Sharjah,Al Majaz,Villa,2BR,185000,170000,15400,13.1,1.5,4.14,3.25,85.8,14.2,14.7,93,423,4.8,740,82.4,223000,4.18,-0.04,4450000,24.2,124
RENT003407,2024-01-01,2024,1,Q1,Sharjah,Sharjah,Al Nahda,Apartment,5BR+,58000,59000,4800,13.1,-0.8,4.2,3.42,87.6,12.4,10.9,10,693,5.2,260,65.7,62000,3.96,0.24,1400000,23.8,156
RENT003408,2024-01-01,2024,1,Q1,Sharjah,Sharjah,Al Nahda,Villa,Studio,172000,166000,14300,13.1,2.3,5.13,4.48,93.5,6.5,14.4,53,472,2.4,790,67.2,194000,5.35,-0.22,3350000,19.5,98
RENT003395,2024-01-01,2024,1,Q1,Abu Dhabi,Abu Dhabi,Al Raha Beach,Apartment,3BR,139000,137000,11600,13.1,-1.2,4.3,3.55,86.0,14.0,16.9,41,972,2.1,930,65.4,222000,4.62,-0.32,3250000,23.2,213
RENT003396,2024-01-01,2024,1,Q1,Abu Dhabi,Abu Dhabi,Al Raha Beach,Villa,1BR,273000,271000,22800,13.1,2.3,5.16,4.18,78.1,21.9,12.9,97,649,6.1,1270,87.9,407000,5.36,-0.2,5300000,19.4,55
RENT003401,2024-01-01,2024,1,Q1,Abu Dhabi,Abu Dhabi,Al Reef,Apartment,1BR,83000,77000,6900,13.1,1.6,4.7,3.52,90.8,9.2,17.4,186,963,3.3,430,87.5,137000,4.97,-0.27,1750000,21.3,63
RENT003402,2024-01-01,2024,1,Q1,Abu Dhabi,Abu Dhabi,Al Reef,Villa,2BR,300000,279000,25000,13.1,-1.7,5.36,4.53,90.1,9.9,23.7,107,860,8.0,1830,81.0,541000,5.68,-0.32,5600000,18.7,131
RENT003389,2024-01-01,2024,1,Q1,Abu Dhabi,Abu Dhabi,Al Reem Island,Apartment,1BR,110000,102000,9200,13.1,0.0,5.06,4.3,80.7,19.3,11.1,113,526,4.1,410,77.2,116000,5.3,-0.24,2150000,19.8,191
RENT003390,2024-01-01,2024,1,Q1,Abu Dhabi,Abu Dhabi,Al Reem Island,Villa,1BR,316000,302000,26300,13.1,1.6,4.05,3.07,79.5,20.5,16.5,155,794,7.7,2210,71.6,578000,4.34,-0.29,7800000,24.7,153
RENT003413,2024-01-01,2024,1,Q1,Sharjah,Sharjah,Al Taawun,Apartment,1BR,55000,57000,4600,13.1,-2.0,4.34,3.84,90.7,9.3,23.5,166,557,5.3,250,83.0,76000,4.15,0.19,1250000,23.0,143
RENT003414,2024-01-01,2024,1,Q1,Sharjah,Sharjah,Al Taawun,Villa,2BR,117000,117000,9800,13.1,1.7,5.2,4.19,90.8,9.2,16.8,200,1134,5.8,720,60.4,159000,4.77,0.43,2250000,19.2,96
RENT003369,2024-01-01,2024,1,Q1,Dubai,Dubai,Business Bay,Apartment,1BR,116000,119000,9700,13.1,-1.9,5.98,5.23,94.2,5.8,12.4,189,592,4.4,860,75.0,235000,5.92,0.06,1950000,16.7,179
RENT003370,2024-01-01,2024,1,Q1,Dubai,Dubai,Business Bay,Villa,Studio,385000,385000,32100,13.1,2.3,5.26,4.24,80.0,20.0,11.8,208,526,4.3,2270,62.2,515000,5.01,0.25,7300000,19.0,391
RENT003399,2024-01-01,2024,1,Q1,Abu Dhabi,Abu Dhabi,Corniche,Apartment,3BR,153000,153000,12800,13.1,-2.3,4.33,3.81,78.8,21.2,19.5,240,321,4.3,990,80.3,290000,4.0,0.33,3550000,23.1,331
RENT003400,2024-01-01,2024,1,Q1,Abu Dhabi,Abu Dhabi,Corniche,Villa,1BR,300000,304000,25000,13.1,-0.9,4.69,3.59,79.2,20.8,18.6,191,1179,7.9,1720,68.5,430000,5.13,-0.44,6400000,21.3,104
RENT003379,2024-01-01,2024,1,Q1,Dubai,Dubai,Creek Harbour,Apartment,3BR,145000,140000,12100,13.1,-1.9,5.46,4.51,83.2,16.8,15.2,204,1119,7.5,790,75.4,217000,5.67,-0.21,2650000,18.3,369
RENT003380,2024-01-01,2024,1,Q1,Dubai,Dubai,Creek Harbour,Villa,2BR,464000,475000,38700,13.1,-1.3,4.04,3.5,86.8,13.2,20.1,109,1084,1.7,2980,73.0,794000,3.93,0.11,11450000,24.7,148
RENT003381,2024-01-01,2024,1,Q1,Dubai,Dubai,DAMAC Hills,Apartment,2BR,119000,123000,9900,13.1,0.8,4.29,3.65,88.4,11.6,21.1,10,911,7.2,460,57.1,96000,4.56,-0.27,2800000,23.3,238
RENT003382,2024-01-01,2024,1,Q1,Dubai,Dubai,DAMAC Hills,Villa,1BR,276000,283000,23000,13.1,3.3,4.04,3.47,88.0,12.0,16.9,46,1100,1.4,1950,61.0,434000,4.45,-0.41,6850000,24.8,197
RENT003361,2024-01-01,2024,1,Q1,Dubai,Dubai,Downtown Dubai,Apartment,2BR,162000,162000,13500,13.1,2.0,4.12,3.21,80.3,19.7,13.6,103,255,11.6,810,76.0,225000,4.21,-0.09,3950000,24.3,494
RENT003362,2024-01-01,2024,1,Q1,Dubai,Dubai,Downtown Dubai,Villa,Studio,483000,493000,40200,13.1,-0.7,3.94,3.19,80.8,19.2,17.4,94,726,18.8,2050,82.2,615000,4.0,-0.06,12250000,25.4,312
RENT003367,2024-01-01,2024,1,Q1,Dubai,Dubai,Dubai Hills Estate,Apartment,3BR,192000,177000,16000,13.1,-2.2,4.43,3.66,79.9,20.1,11.2,86,341,4.6,780,84.7,241000,4.49,-0.06,4350000,22.6,465
RENT003368,2024-01-01,2024,1,Q1,Dubai,Dubai,Dubai Hills Estate,Villa,3BR,529000,496000,44100,13.1,1.7,5.63,4.81,88.3,11.7,20.4,184,209,6.3,2390,73.5,641000,5.97,-0.34,9400000,17.8,210
RENT003363,2024-01-01,2024,1,Q1,Dubai,Dubai,Dubai Marina,Apartment,2BR,145000,150000,12100,13.1,0.7,6.0,5.39,90.0,10.0,17.1,210,625,9.1,920,59.8,201000,6.36,-0.36,2400000,16.7,406
RENT003364,2024-01-01,2024,1,Q1,Dubai,Dubai,Dubai Marina,Villa,2BR,413000,406000,34400,13.1,-1.7,4.16,3.12,81.9,18.1,16.2,20,1136,6.1,2320,73.2,620000,3.95,0.21,9950000,24.0,472
RENT003383,2024-01-01,2024,1,Q1,Dubai,Dubai,Dubai South,Apartment,Studio,84000,87000,7000,13.1,-2.0,5.3,4.3,94.1,5.9,14.2,204,343,1.4,370,74.8,101000,5.14,0.16,1600000,18.9,86
RENT003384,2024-01-01,2024,1,Q1,Dubai,Dubai,Dubai South,Villa,5BR+,260000,256000,21700,13.1,-2.3,5.0,4.35,87.7,12.3,11.8,104,560,6.3,1850,64.1,433000,5.15,-0.15,5200000,20.0,140
RENT003377,2024-01-01,2024,1,Q1,Dubai,Dubai,JBR,Apartment,Studio,140000,132000,11700,13.1,2.4,5.09,4.32,81.8,18.2,18.0,136,721,16.3,740,59.9,162000,4.8,0.29,2750000,19.6,93
RENT003378,2024-01-01,2024,1,Q1,Dubai,Dubai,JBR,Villa,Studio,332000,333000,27700,13.1,0.6,4.98,3.97,89.2,10.8,11.6,94,627,5.0,2460,57.7,518000,4.79,0.19,6650000,20.1,513
RENT003371,2024-01-01,2024,1,Q1,Dubai,Dubai,JVC,Apartment,2BR,93000,94000,7800,13.1,-0.8,4.39,3.36,95.9,4.1,12.0,30,720,5.4,460,82.0,138000,4.26,0.13,2100000,22.8,411
RENT003372,2024-01-01,2024,1,Q1,Dubai,Dubai,JVC,Villa,2BR,285000,268000,23800,13.1,-0.8,4.75,3.89,89.1,10.9,17.2,101,298,4.8,1490,77.8,423000,4.34,0.41,6000000,21.1,310
RENT003397,2024-01-01,2024,1,Q1,Abu Dhabi,Abu Dhabi,Khalifa City,Apartment,5BR+,92000,86000,7700,13.1,-2.2,4.0,2.99,88.6,11.4,19.4,18,193,5.7,430,57.2,90000,3.52,0.48,2300000,25.0,209
RENT003398,2024-01-01,2024,1,Q1,Abu Dhabi,Abu Dhabi,Khalifa City,Villa,Studio,256000,249000,21300,13.1,-0.3,5.5,4.45,88.7,11.3,16.0,235,170,2.3,1090,57.2,228000,5.97,-0.47,4650000,18.2,237
RENT003373,2024-01-01,2024,1,Q1,Dubai,Dubai,MBR City,Apartment,1BR,188000,192000,15700,13.1,3.0,3.93,3.33,87.0,13.0,14.1,232,925,5.7,840,78.7,241000,4.24,-0.31,4800000,25.5,424
RENT003374,2024-01-01,2024,1,Q1,Dubai,Dubai,MBR City,Villa,1BR,550000,528000,45800,13.1,-1.4,4.57,3.76,87.9,12.1,14.3,155,325,2.7,2870,86.6,907000,4.34,0.23,12050000,21.9,313
RENT003403,2024-01-01,2024,1,Q1,Abu Dhabi,Abu Dhabi,Masdar City,Apartment,1BR,84000,81000,7000,13.1,1.6,5.08,4.36,96.0,4.0,18.3,126,826,7.0,330,79.5,96000,5.55,-0.47,1650000,19.7,160
RENT003404,2024-01-01,2024,1,Q1,Abu Dhabi,Abu Dhabi,Masdar City,Villa,1BR,215000,215000,17900,13.1,-0.9,5.19,4.59,89.4,10.6,17.6,224,671,3.5,1030,76.4,287000,4.92,0.27,4150000,19.3,328
RENT003385,2024-01-01,2024,1,Q1,Dubai,Dubai,Meydan,Apartment,2BR,123000,118000,10200,13.1,0.3,3.96,2.89,95.9,4.1,19.4,61,1105,5.5,750,57.5,157000,3.86,0.1,3100000,25.3,377
RENT003386,2024-01-01,2024,1,Q1,Dubai,Dubai,Meydan,Villa,1BR,417000,433000,34800,13.1,3.0,6.23,5.4,80.0,20.0,21.5,220,417,3.0,1990,67.3,489000,6.13,0.1,6700000,16.1,550
RENT003409,2024-01-01,2024,1,Q1,Sharjah,Sharjah,Muwaileh,Apartment,1BR,54000,52000,4500,13.1,-0.5,5.34,4.51,85.2,14.8,21.9,60,379,7.9,260,77.8,74000,5.75,-0.41,1000000,18.7,35
RENT003410,2024-01-01,2024,1,Q1,Sharjah,Sharjah,Muwaileh,Villa,3BR,138000,140000,11500,13.1,-2.2,5.62,4.48,86.4,13.6,13.9,195,248,5.5,730,55.1,147000,6.08,-0.46,2450000,17.8,67
RENT003365,2024-01-01,2024,1,Q1,Dubai,Dubai,Palm Jumeirah,Apartment,1BR,268000,278000,22300,13.1,2.5,4.9,3.93,85.9,14.1,13.6,98,845,11.3,1780,71.4,464000,4.43,0.47,5450000,20.4,261
RENT003366,2024-01-01,2024,1,Q1,Dubai,Dubai,Palm Jumeirah,Villa,Studio,757000,745000,63100,13.1,-1.7,5.86,4.94,92.1,7.9,10.6,123,138,9.2,5610,76.8,1573000,6.09,-0.23,12900000,17.1,535
RENT003391,2024-01-01,2024,1,Q1,Abu Dhabi,Abu Dhabi,Saadiyat Island,Apartment,3BR,231000,242000,19200,13.1,-0.7,5.49,4.66,86.6,13.4,20.8,111,361,14.1,1050,63.3,243000,5.4,0.09,4200000,18.2,124
RENT003392,2024-01-01,2024,1,Q1,Abu Dhabi,Abu Dhabi,Saadiyat Island,Villa,2BR,630000,661000,52500,13.1,-1.6,4.91,3.75,91.0,9.0,18.0,18,878,13.9,3000,75.1,822000,5.03,-0.12,12850000,20.4,246
RENT003387,2024-01-01,2024,1,Q1,Dubai,Dubai,Sports City,Apartment,5BR+,74000,74000,6200,13.1,-2.4,4.04,3.41,90.2,9.8,17.0,197,508,1.2,380,66.9,93000,3.91,0.13,1850000,24.7,222
RENT003388,2024-01-01,2024,1,Q1,Dubai,Dubai,Sports City,Villa,1BR,265000,251000,22100,13.1,-2.0,4.78,3.75,82.9,17.1,10.0,129,216,6.6,1520,60.4,335000,4.54,0.24,5550000,20.9,222
RENT003393,2024-01-01,2024,1,Q1,Abu Dhabi,Abu Dhabi,Yas Island,Apartment,2BR,133000,132000,11100,13.1,0.4,4.43,3.81,85.3,14.7,18.5,115,1166,10.4,490,55.7,100000,4.36,0.07,3000000,22.6,270
RENT003394,2024-01-01,2024,1,Q1,Abu Dhabi,Abu Dhabi,Yas Island,Villa,3BR,252000,258000,21000,13.1,0.0,3.99,2.83,89.2,10.8,23.7,87,1045,5.7,1810,72.4,478000,3.84,0.15,6300000,25.1,284
RENT003431,2024-02-01,2024,2,Q1,Dubai,Dubai,Al Furjan,Apartment,Studio,100000,93000,8300,13.1,3.3,5.14,3.99,90.4,9.6,12.1,60,485,2.0,690,62.5,157000,5.02,0.12,1950000,19.5,315
RENT003432,2024-02-01,2024,2,Q1,Dubai,Dubai,Al Furjan,Villa,4BR,217000,211000,18100,13.1,1.3,4.57,3.84,90.3,9.7,19.0,121,1006,1.8,1350,84.1,414000,4.07,0.5,4750000,21.9,314
RENT003471,2024-02-01,2024,2,Q1,Ras Al Khaimah,Ras Al Khaimah,Al Hamra Village,Apartment,2BR,80000,78000,6700,13.1,-2.1,3.97,3.44,80.8,19.2,16.8,244,155,6.9,360,74.8,98000,4.31,-0.34,2000000,25.2,108
RENT003472,2024-02-01,2024,2,Q1,Ras Al Khaimah,Ras Al Khaimah,Al Hamra Village,Villa,1BR,253000,253000,21100,13.1,1.0,5.0,4.2,89.1,10.9,19.7,142,1070,1.0,1320,72.6,350000,4.66,0.34,5050000,20.0,90
RENT003467,2024-02-01,2024,2,Q1,Sharjah,Sharjah,Al Khan,Apartment,1BR,67000,69000,5600,13.1,1.7,4.01,3.27,78.8,21.2,20.9,76,304,6.4,390,60.5,86000,3.97,0.04,1650000,24.9,102
RENT003468,2024-02-01,2024,2,Q1,Sharjah,Sharjah,Al Khan,Villa,3BR,171000,157000,14200,13.1,3.3,5.05,4.45,88.1,11.9,18.3,204,565,7.3,870,70.1,223000,5.19,-0.14,3400000,19.8,187
RENT003461,2024-02-01,2024,2,Q1,Sharjah,Sharjah,Al Majaz,Apartment,2BR,70000,73000,5800,13.1,2.0,3.99,2.97,80.3,19.7,16.7,106,137,4.4,350,84.0,107000,4.03,-0.04,1750000,25.0,41
RENT003462,2024-02-01,2024,2,Q1,Sharjah,Sharjah,Al Majaz,Villa,1BR,121000,125000,10100,13.1,0.8,3.94,2.92,85.6,14.4,11.4,172,300,3.0,650,87.3,207000,4.09,-0.15,3050000,25.4,93
RENT003463,2024-02-01,2024,2,Q1,Sharjah,Sharjah,Al Nahda,Apartment,5BR+,59000,55000,4900,13.1,2.6,4.36,3.22,93.3,6.7,12.3,127,824,6.9,220,58.2,47000,4.03,0.33,1350000,22.9,102
RENT003464,2024-02-01,2024,2,Q1,Sharjah,Sharjah,Al Nahda,Villa,1BR,127000,130000,10600,13.1,2.0,4.95,4.06,96.2,3.8,21.6,140,557,7.5,590,59.3,128000,5.0,-0.05,2550000,20.2,167
RENT003451,2024-02-01,2024,2,Q1,Abu Dhabi,Abu Dhabi,Al Raha Beach,Apartment,1BR,145000,138000,12100,13.1,0.3,5.73,4.64,83.9,16.1,22.4,72,601,1.6,980,87.4,313000,5.96,-0.23,2550000,17.4,292
RENT003452,2024-02-01,2024,2,Q1,Abu Dhabi,Abu Dhabi,Al Raha Beach,Villa,1BR,320000,331000,26700,13.1,1.8,5.1,4.56,78.5,21.5,22.2,187,146,6.6,1270,68.4,317000,5.48,-0.38,6300000,19.6,171
RENT003457,2024-02-01,2024,2,Q1,Abu Dhabi,Abu Dhabi,Al Reef,Apartment,1BR,98000,94000,8200,13.1,0.6,4.95,4.4,89.8,10.2,12.0,35,245,6.9,640,61.6,144000,4.93,0.02,2000000,20.2,147
RENT003458,2024-02-01,2024,2,Q1,Abu Dhabi,Abu Dhabi,Al Reef,Villa,2BR,304000,305000,25300,13.1,3.2,5.64,4.61,86.8,13.2,16.2,56,117,1.2,1990,63.8,463000,5.73,-0.09,5400000,17.7,300
RENT003445,2024-02-01,2024,2,Q1,Abu Dhabi,Abu Dhabi,Al Reem Island,Apartment,2BR,112000,104000,9300,13.1,0.3,6.07,5.13,83.9,16.1,13.7,227,784,2.0,690,84.5,213000,5.77,0.3,1850000,16.5,270
RENT003446,2024-02-01,2024,2,Q1,Abu Dhabi,Abu Dhabi,Al Reem Island,Villa,1BR,300000,297000,25000,13.1,0.4,5.7,4.94,94.4,5.6,10.1,238,629,7.8,1510,61.9,341000,5.55,0.15,5250000,17.5,306
RENT003469,2024-02-01,2024,2,Q1,Sharjah,Sharjah,Al Taawun,Apartment,1BR,55000,55000,4600,13.1,-0.1,5.1,3.91,93.5,6.5,15.6,242,620,7.4,330,60.4,73000,4.79,0.31,1100000,19.6,80
RENT003470,2024-02-01,2024,2,Q1,Sharjah,Sharjah,Al Taawun,Villa,1BR,116000,114000,9700,13.1,0.3,4.53,4.02,84.6,15.4,20.6,36,550,3.8,690,83.6,211000,4.86,-0.33,2550000,22.1,83
RENT003425,2024-02-01,2024,2,Q1,Dubai,Dubai,Business Bay,Apartment,2BR,131000,121000,10900,13.1,-2.3,4.87,3.91,79.8,20.2,16.5,211,1057,4.1,910,83.4,277000,4.46,0.41,2700000,20.5,305
RENT003426,2024-02-01,2024,2,Q1,Dubai,Dubai,Business Bay,Villa,3BR,390000,404000,32500,13.1,-2.3,5.36,4.74,80.8,19.2,21.5,36,446,2.9,2230,88.0,716000,5.41,-0.05,7250000,18.6,430
RENT003455,2024-02-01,2024,2,Q1,Abu Dhabi,Abu Dhabi,Corniche,Apartment,Studio,165000,171000,13800,13.1,-1.7,4.3,3.19,89.0,11.0,14.7,101,398,6.4,1070,60.8,237000,4.15,0.15,3850000,23.3,104
RENT003456,2024-02-01,2024,2,Q1,Abu Dhabi,Abu Dhabi,Corniche,Villa,4BR,467000,431000,38900,13.1,2.4,6.21,5.25,83.4,16.6,14.9,191,198,4.7,2400,59.7,523000,5.88,0.33,7500000,16.1,348
RENT003435,2024-02-01,2024,2,Q1,Dubai,Dubai,Creek Harbour,Apartment,4BR,150000,154000,12500,13.1,1.1,4.59,3.63,79.3,20.7,18.0,199,630,4.0,790,64.2,185000,4.39,0.2,3250000,21.8,189
RENT003436,2024-02-01,2024,2,Q1,Dubai,Dubai,Creek Harbour,Villa,5BR+,332000,313000,27700,13.1,0.6,4.8,4.03,85.1,14.9,20.5,151,1093,2.6,1980,55.7,403000,5.21,-0.41,6900000,20.8,146
RENT003437,2024-02-01,2024,2,Q1,Dubai,Dubai,DAMAC Hills,Apartment,Studio,126000,117000,10500,13.1,3.4,4.42,3.22,90.6,9.4,22.8,138,332,2.9,870,66.1,210000,4.09,0.33,2850000,22.6,317
RENT003438,2024-02-01,2024,2,Q1,Dubai,Dubai,DAMAC Hills,Villa,4BR,301000,281000,25100,13.1,-1.8,3.95,3.38,84.7,15.3,21.7,46,853,7.1,1820,86.8,577000,3.78,0.17,7600000,25.3,172
RENT003417,2024-02-01,2024,2,Q1,Dubai,Dubai,Downtown Dubai,Apartment,1BR,172000,165000,14300,13.1,2.2,5.21,4.17,83.6,16.4,13.2,167,900,15.0,670,82.4,202000,4.82,0.39,3300000,19.2,243
RENT003418,2024-02-01,2024,2,Q1,Dubai,Dubai,Downtown Dubai,Villa,4BR,344000,339000,28700,13.1,0.8,5.89,4.98,85.5,14.5,15.8,103,943,17.1,1570,68.9,395000,6.29,-0.4,5850000,17.0,449
RENT003423,2024-02-01,2024,2,Q1,Dubai,Dubai,Dubai Hills Estate,Apartment,Studio,197000,206000,16400,13.1,-0.1,4.19,3.28,78.1,21.9,10.3,162,85,6.3,870,64.7,205000,4.41,-0.22,4700000,23.9,416
RENT003424,2024-02-01,2024,2,Q1,Dubai,Dubai,Dubai Hills Estate,Villa,1BR,397000,411000,33100,13.1,0.4,4.84,3.71,88.1,11.9,20.0,15,1077,6.3,1740,87.3,554000,5.18,-0.34,8200000,20.7,459
RENT003419,2024-02-01,2024,2,Q1,Dubai,Dubai,Dubai Marina,Apartment,1BR,138000,132000,11500,13.1,2.8,4.47,3.44,81.2,18.8,12.6,25,984,7.5,580,78.7,167000,4.01,0.46,3100000,22.4,538
RENT003420,2024-02-01,2024,2,Q1,Dubai,Dubai,Dubai Marina,Villa,4BR,424000,431000,35300,13.1,0.4,6.2,5.25,79.4,20.6,14.8,219,1127,6.5,2390,59.0,515000,5.79,0.41,6850000,16.1,566
RENT003439,2024-02-01,2024,2,Q1,Dubai,Dubai,Dubai South,Apartment,Studio,85000,80000,7100,13.1,-0.8,4.04,3.31,97.0,3.0,16.8,227,545,4.3,430,85.4,134000,4.16,-0.12,2100000,24.8,286
RENT003440,2024-02-01,2024,2,Q1,Dubai,Dubai,Dubai South,Villa,1BR,219000,211000,18200,13.1,-2.0,5.22,4.34,80.0,20.0,22.9,81,789,4.8,910,78.6,261000,4.98,0.24,4200000,19.1,348
RENT003433,2024-02-01,2024,2,Q1,Dubai,Dubai,JBR,Apartment,5BR+,153000,154000,12800,13.1,-1.3,5.07,3.92,94.8,5.2,20.1,81,968,16.2,1090,72.1,287000,5.0,0.07,3000000,19.7,163
RENT003434,2024-02-01,2024,2,Q1,Dubai,Dubai,JBR,Villa,2BR,523000,508000,43600,13.1,-1.2,4.54,3.83,78.7,21.3,10.1,106,809,12.3,2720,60.6,602000,4.12,0.42,11500000,22.0,238
RENT003427,2024-02-01,2024,2,Q1,Dubai,Dubai,JVC,Apartment,2BR,89000,90000,7400,13.1,0.5,4.1,3.27,90.0,10.0,19.3,205,821,2.3,470,80.5,138000,4.35,-0.25,2150000,24.4,534
RENT003428,2024-02-01,2024,2,Q1,Dubai,Dubai,JVC,Villa,2BR,171000,169000,14200,13.1,2.0,4.9,4.13,93.0,7.0,13.5,171,265,5.8,1070,57.7,225000,5.39,-0.49,3500000,20.4,439
RENT003453,2024-02-01,2024,2,Q1,Abu Dhabi,Abu Dhabi,Khalifa City,Apartment,Studio,97000,98000,8100,13.1,1.1,4.32,3.45,87.4,12.6,12.0,100,216,1.2,400,70.4,103000,4.31,0.01,2250000,23.2,178
RENT003454,2024-02-01,2024,2,Q1,Abu Dhabi,Abu Dhabi,Khalifa City,Villa,Studio,299000,298000,24900,13.1,1.0,6.21,5.69,89.9,10.1,19.0,26,708,2.0,1410,81.4,419000,6.51,-0.3,4800000,16.1,102
RENT003429,2024-02-01,2024,2,Q1,Dubai,Dubai,MBR City,Apartment,4BR,193000,192000,16100,13.1,-0.0,6.2,5.18,79.7,20.3,24.0,140,570,7.9,1190,63.9,278000,5.82,0.38,3100000,16.1,114
RENT003430,2024-02-01,2024,2,Q1,Dubai,Dubai,MBR City,Villa,1BR,531000,496000,44200,13.1,-0.5,4.87,3.96,83.2,16.8,20.2,200,494,7.8,2070,71.5,540000,5.22,-0.35,10900000,20.5,374
RENT003459,2024-02-01,2024,2,Q1,Abu Dhabi,Abu Dhabi,Masdar City,Apartment,2BR,82000,86000,6800,13.1,0.8,5.04,4.26,92.5,7.5,23.8,225,765,5.3,550,84.6,170000,4.82,0.22,1650000,19.8,48
RENT003460,2024-02-01,2024,2,Q1,Abu Dhabi,Abu Dhabi,Masdar City,Villa,1BR,296000,279000,24700,13.1,1.3,6.1,5.4,88.0,12.0,12.5,137,295,5.3,1420,76.5,396000,5.98,0.12,4850000,16.4,134
RENT003441,2024-02-01,2024,2,Q1,Dubai,Dubai,Meydan,Apartment,Studio,130000,134000,10800,13.1,1.9,4.61,4.0,94.8,5.2,18.8,108,1007,4.8,500,66.1,121000,4.35,0.26,2800000,21.7,316
RENT003442,2024-02-01,2024,2,Q1,Dubai,Dubai,Meydan,Villa,Studio,377000,374000,31400,13.1,-2.0,4.04,2.84,79.6,20.4,23.0,220,188,7.1,2730,59.6,594000,4.03,0.01,9350000,24.8,558
RENT003465,2024-02-01,2024,2,Q1,Sharjah,Sharjah,Muwaileh,Apartment,4BR,51000,53000,4200,13.1,2.0,5.54,4.82,94.5,5.5,12.7,118,874,5.7,190,74.2,51000,5.69,-0.15,900000,18.0,235
RENT003466,2024-02-01,2024,2,Q1,Sharjah,Sharjah,Muwaileh,Villa,1BR,183000,175000,15200,13.1,3.3,3.95,2.89,79.1,20.9,12.0,46,479,5.6,960,71.5,251000,4.19,-0.24,4650000,25.3,155
RENT003421,2024-02-01,2024,2,Q1,Dubai,Dubai,Palm Jumeirah,Apartment,Studio,290000,275000,24200,13.1,-0.6,5.35,4.67,94.1,5.9,11.6,180,760,17.3,1430,83.8,437000,5.41,-0.06,5400000,18.7,502
RENT003422,2024-02-01,2024,2,Q1,Dubai,Dubai,Palm Jumeirah,Villa,3BR,600000,593000,50000,13.1,0.7,5.91,4.75,85.2,14.8,20.2,166,796,10.4,2890,80.0,844000,5.6,0.31,10150000,16.9,303
RENT003447,2024-02-01,2024,2,Q1,Abu Dhabi,Abu Dhabi,Saadiyat Island,Apartment,2BR,229000,239000,19100,13.1,2.3,6.1,5.33,90.0,10.0,23.5,209,465,5.2,1390,66.6,338000,6.08,0.02,3750000,16.4,349
RENT003448,2024-02-01,2024,2,Q1,Abu Dhabi,Abu Dhabi,Saadiyat Island,Villa,2BR,785000,733000,65400,13.1,0.7,4.67,4.16,88.7,11.3,10.8,208,1063,16.4,4280,58.9,920000,4.23,0.44,16800000,21.4,276
RENT003443,2024-02-01,2024,2,Q1,Dubai,Dubai,Sports City,Apartment,1BR,87000,82000,7200,13.1,-0.5,4.74,3.8,85.9,14.1,14.5,237,793,6.3,550,61.7,124000,4.74,0.0,1850000,21.1,169
RENT003444,2024-02-01,2024,2,Q1,Dubai,Dubai,Sports City,Villa,4BR,269000,251000,22400,13.1,-0.6,3.93,3.36,90.9,9.1,22.3,173,500,2.6,1600,71.0,415000,4.22,-0.29,6850000,25.5,316
RENT003449,2024-02-01,2024,2,Q1,Abu Dhabi,Abu Dhabi,Yas Island,Apartment,3BR,121000,114000,10100,13.1,3.5,5.28,4.37,79.4,20.6,18.1,88,1018,15.8,870,67.2,213000,5.33,-0.05,2300000,18.9,273
RENT003450,2024-02-01,2024,2,Q1,Abu Dhabi,Abu Dhabi,Yas Island,Villa,1BR,256000,239000,21300,13.1,-0.6,5.08,4.52,86.2,13.8,14.1,205,1179,13.3,1850,57.4,388000,4.82,0.26,5050000,19.7,241
RENT003487,2024-03-01,2024,3,Q1,Dubai,Dubai,Al Furjan,Apartment,Studio,103000,104000,8600,13.1,-0.8,4.96,3.85,88.6,11.4,12.6,208,987,1.1,510,84.0,156000,4.78,0.18,2100000,20.2,116
RENT003488,2024-03-01,2024,3,Q1,Dubai,Dubai,Al Furjan,Villa,2BR,278000,262000,23200,13.1,1.5,5.75,4.86,80.5,19.5,19.9,100,752,3.8,1100,79.6,320000,5.76,-0.01,4850000,17.4,511
RENT003527,2024-03-01,2024,3,Q1,Ras Al Khaimah,Ras Al Khaimah,Al Hamra Village,Apartment,3BR,82000,78000,6800,13.1,2.6,4.97,4.2,78.6,21.4,22.8,176,867,7.1,370,70.5,95000,5.31,-0.34,1650000,20.1,48
RENT003528,2024-03-01,2024,3,Q1,Ras Al Khaimah,Ras Al Khaimah,Al Hamra Village,Villa,1BR,188000,188000,15700,13.1,0.7,3.92,2.89,90.4,9.6,19.6,106,268,7.4,960,63.5,223000,3.73,0.19,4800000,25.5,102
RENT003523,2024-03-01,2024,3,Q1,Sharjah,Sharjah,Al Khan,Apartment,Studio,68000,71000,5700,13.1,0.9,4.54,3.47,95.7,4.3,20.0,118,462,5.2,330,60.7,73000,4.22,0.32,1500000,22.0,102
RENT003524,2024-03-01,2024,3,Q1,Sharjah,Sharjah,Al Khan,Villa,3BR,128000,130000,10700,13.1,1.6,4.92,3.79,91.0,9.0,17.3,17,1166,6.7,560,85.2,174000,4.82,0.1,2600000,20.3,171
RENT003517,2024-03-01,2024,3,Q1,Sharjah,Sharjah,Al Majaz,Apartment,1BR,70000,65000,5800,13.1,-1.9,4.04,2.97,87.5,12.5,16.2,102,191,1.3,410,59.1,88000,3.69,0.35,1750000,24.8,78
RENT003518,2024-03-01,2024,3,Q1,Sharjah,Sharjah,Al Majaz,Villa,5BR+,160000,167000,13300,13.1,0.0,5.25,4.33,88.5,11.5,19.3,121,198,6.4,1050,82.0,314000,5.53,-0.28,3050000,19.1,119
RENT003519,2024-03-01,2024,3,Q1,Sharjah,Sharjah,Al Nahda,Apartment,5BR+,58000,59000,4800,13.1,-1.6,5.2,4.25,96.2,3.8,11.6,12,847,4.2,210,76.7,59000,5.11,0.09,1100000,19.2,183
RENT003520,2024-03-01,2024,3,Q1,Sharjah,Sharjah,Al Nahda,Villa,2BR,138000,134000,11500,13.1,0.1,5.52,4.56,78.4,21.6,18.3,49,250,4.7,750,63.6,174000,5.98,-0.46,2500000,18.1,78
RENT003507,2024-03-01,2024,3,Q1,Abu Dhabi,Abu Dhabi,Al Raha Beach,Apartment,2BR,137000,142000,11400,13.1,0.3,4.37,3.37,84.2,15.8,19.1,155,953,4.6,970,67.6,239000,4.06,0.31,3150000,22.9,348
RENT003508,2024-03-01,2024,3,Q1,Abu Dhabi,Abu Dhabi,Al Raha Beach,Villa,1BR,425000,410000,35400,13.1,1.7,5.03,4.39,95.0,5.0,13.0,181,321,3.3,2800,55.7,569000,4.77,0.26,8450000,19.9,263
RENT003513,2024-03-01,2024,3,Q1,Abu Dhabi,Abu Dhabi,Al Reef,Apartment,2BR,92000,95000,7700,13.1,-0.8,4.51,4.01,87.8,12.2,14.2,220,1094,7.8,600,59.5,130000,4.52,-0.01,2050000,22.2,66
RENT003514,2024-03-01,2024,3,Q1,Abu Dhabi,Abu Dhabi,Al Reef,Villa,2BR,207000,213000,17200,13.1,1.8,6.16,5.26,83.5,16.5,14.1,102,219,2.4,1060,60.5,234000,5.94,0.22,3350000,16.2,187
RENT003501,2024-03-01,2024,3,Q1,Abu Dhabi,Abu Dhabi,Al Reem Island,Apartment,1BR,108000,113000,9000,13.1,-0.6,4.69,3.81,83.1,16.9,18.6,21,1121,6.3,700,72.0,184000,4.72,-0.03,2300000,21.3,244
RENT003502,2024-03-01,2024,3,Q1,Abu Dhabi,Abu Dhabi,Al Reem Island,Villa,5BR+,291000,279000,24200,13.1,-1.3,4.07,3.31,93.6,6.4,18.9,205,66,1.4,1980,61.7,446000,3.77,0.3,7150000,24.6,147
RENT003525,2024-03-01,2024,3,Q1,Sharjah,Sharjah,Al Taawun,Apartment,3BR,55000,52000,4600,13.1,-1.2,5.75,5.23,91.3,8.7,11.0,136,534,5.3,390,70.4,100000,5.84,-0.09,950000,17.4,221
RENT003526,2024-03-01,2024,3,Q1,Sharjah,Sharjah,Al Taawun,Villa,2BR,170000,164000,14200,13.1,-1.6,4.01,3.05,83.4,16.6,17.7,36,544,2.2,1080,79.8,315000,4.34,-0.33,4250000,24.9,40
RENT003481,2024-03-01,2024,3,Q1,Dubai,Dubai,Business Bay,Apartment,Studio,134000,132000,11200,13.1,-1.8,5.78,4.74,78.9,21.1,16.2,156,235,3.6,900,71.1,234000,5.71,0.07,2300000,17.3,278
RENT003482,2024-03-01,2024,3,Q1,Dubai,Dubai,Business Bay,Villa,1BR,359000,344000,29900,13.1,-1.6,4.58,3.86,88.7,11.3,20.3,176,683,6.5,2120,68.2,528000,4.69,-0.11,7850000,21.9,256
RENT003511,2024-03-01,2024,3,Q1,Abu Dhabi,Abu Dhabi,Corniche,Apartment,1BR,151000,145000,12600,13.1,0.5,4.36,3.29,84.5,15.5,17.8,237,324,3.9,870,56.1,178000,4.73,-0.37,3450000,23.0,128
RENT003512,2024-03-01,2024,3,Q1,Abu Dhabi,Abu Dhabi,Corniche,Villa,Studio,554000,529000,46200,13.1,1.8,4.49,3.61,80.4,19.6,13.8,239,468,7.4,2760,86.6,872000,4.57,-0.08,12350000,22.2,283
RENT003491,2024-03-01,2024,3,Q1,Dubai,Dubai,Creek Harbour,Apartment,4BR,153000,155000,12800,13.1,-1.6,6.02,5.06,89.6,10.4,13.2,223,904,7.9,1060,80.7,312000,6.39,-0.37,2550000,16.6,247
RENT003492,2024-03-01,2024,3,Q1,Dubai,Dubai,Creek Harbour,Villa,Studio,403000,413000,33600,13.1,0.3,5.33,4.66,91.4,8.6,13.2,203,64,5.4,2960,65.6,709000,5.4,-0.07,7550000,18.8,331
RENT003493,2024-03-01,2024,3,Q1,Dubai,Dubai,DAMAC Hills,Apartment,1BR,122000,113000,10200,13.1,1.9,5.46,4.46,96.9,3.1,13.4,47,100,7.3,810,81.7,242000,5.53,-0.07,2250000,18.3,362
RENT003494,2024-03-01,2024,3,Q1,Dubai,Dubai,DAMAC Hills,Villa,1BR,265000,263000,22100,13.1,1.9,5.35,4.21,84.4,15.6,23.6,98,130,3.9,1820,86.9,577000,5.03,0.32,4950000,18.7,447
RENT003473,2024-03-01,2024,3,Q1,Dubai,Dubai,Downtown Dubai,Apartment,2BR,181000,185000,15100,13.1,2.8,4.13,3.33,88.0,12.0,23.3,142,581,12.4,660,69.4,167000,4.33,-0.2,4400000,24.2,404
RENT003474,2024-03-01,2024,3,Q1,Dubai,Dubai,Downtown Dubai,Villa,3BR,410000,389000,34200,13.1,1.3,5.87,5.19,89.0,11.0,11.3,84,667,18.4,2660,78.7,764000,6.33,-0.46,7000000,17.0,334
RENT003479,2024-03-01,2024,3,Q1,Dubai,Dubai,Dubai Hills Estate,Apartment,2BR,178000,174000,14800,13.1,0.9,5.02,4.23,85.0,15.0,22.8,86,563,5.3,710,62.7,162000,5.47,-0.45,3550000,19.9,526
RENT003480,2024-03-01,2024,3,Q1,Dubai,Dubai,Dubai Hills Estate,Villa,2BR,479000,485000,39900,13.1,0.8,4.37,3.71,89.3,10.7,10.3,22,869,5.5,1750,84.9,542000,3.89,0.48,10950000,22.9,568
RENT003475,2024-03-01,2024,3,Q1,Dubai,Dubai,Dubai Marina,Apartment,1BR,139000,139000,11600,13.1,0.6,4.97,3.77,78.4,21.6,23.2,208,374,16.0,970,83.1,294000,4.51,0.46,2800000,20.1,314
RENT003476,2024-03-01,2024,3,Q1,Dubai,Dubai,Dubai Marina,Villa,3BR,343000,354000,28600,13.1,2.5,5.81,5.3,95.4,4.6,22.7,133,913,6.0,1350,85.9,423000,6.16,-0.35,5900000,17.2,167
RENT003495,2024-03-01,2024,3,Q1,Dubai,Dubai,Dubai South,Apartment,1BR,95000,97000,7900,13.1,1.2,4.62,3.94,96.9,3.1,20.7,113,145,1.0,460,87.9,148000,4.5,0.12,2050000,21.6,498
RENT003496,2024-03-01,2024,3,Q1,Dubai,Dubai,Dubai South,Villa,2BR,192000,181000,16000,13.1,-0.1,4.33,3.55,82.5,17.5,16.5,117,564,8.0,1360,86.4,429000,4.73,-0.4,4450000,23.1,294
RENT003489,2024-03-01,2024,3,Q1,Dubai,Dubai,JBR,Apartment,2BR,169000,158000,14100,13.1,0.3,4.15,3.21,87.3,12.7,11.2,141,557,5.0,810,65.5,194000,3.68,0.47,4050000,24.1,426
RENT003490,2024-03-01,2024,3,Q1,Dubai,Dubai,JBR,Villa,2BR,358000,336000,29800,13.1,-1.2,5.4,4.53,91.6,8.4,14.1,169,394,12.5,1500,77.2,423000,5.47,-0.07,6650000,18.5,143
RENT003483,2024-03-01,2024,3,Q1,Dubai,Dubai,JVC,Apartment,Studio,95000,92000,7900,13.1,-2.3,4.56,3.57,85.2,14.8,22.8,244,472,2.1,490,74.1,133000,4.66,-0.1,2100000,21.9,100
RENT003484,2024-03-01,2024,3,Q1,Dubai,Dubai,JVC,Villa,2BR,290000,293000,24200,13.1,-0.8,4.12,3.34,85.3,14.7,18.2,136,682,1.5,1660,71.0,430000,4.17,-0.05,7050000,24.3,436
RENT003509,2024-03-01,2024,3,Q1,Abu Dhabi,Abu Dhabi,Khalifa City,Apartment,1BR,99000,93000,8200,13.1,-0.9,6.23,5.72,90.8,9.2,17.0,127,1162,7.5,550,67.3,135000,5.9,0.33,1600000,16.1,269
RENT003510,2024-03-01,2024,3,Q1,Abu Dhabi,Abu Dhabi,Khalifa City,Villa,1BR,329000,320000,27400,13.1,-2.1,3.98,3.03,79.4,20.6,15.4,95,579,1.5,2340,86.2,736000,4.46,-0.48,8300000,25.2,326
RENT003485,2024-03-01,2024,3,Q1,Dubai,Dubai,MBR City,Apartment,1BR,202000,188000,16800,13.1,2.9,4.15,3.29,85.8,14.2,21.8,136,849,4.4,1420,83.3,432000,3.93,0.22,4850000,24.1,381
RENT003486,2024-03-01,2024,3,Q1,Dubai,Dubai,MBR City,Villa,4BR,562000,518000,46800,13.1,2.2,4.76,3.85,79.8,20.2,15.4,171,881,5.4,3340,77.3,942000,5.17,-0.41,11800000,21.0,451
RENT003515,2024-03-01,2024,3,Q1,Abu Dhabi,Abu Dhabi,Masdar City,Apartment,1BR,79000,82000,6600,13.1,2.0,5.56,4.63,87.5,12.5,20.4,96,844,5.0,340,58.2,72000,6.0,-0.44,1400000,18.0,49
RENT003516,2024-03-01,2024,3,Q1,Abu Dhabi,Abu Dhabi,Masdar City,Villa,1BR,254000,264000,21200,13.1,1.1,4.16,3.26,84.5,15.5,17.7,121,599,7.1,1490,68.4,372000,4.46,-0.3,6100000,24.0,317
RENT003497,2024-03-01,2024,3,Q1,Dubai,Dubai,Meydan,Apartment,2BR,145000,146000,12100,13.1,-1.7,6.05,5.52,84.7,15.3,19.4,147,517,7.3,600,74.0,162000,6.2,-0.15,2400000,16.5,184
RENT003498,2024-03-01,2024,3,Q1,Dubai,Dubai,Meydan,Villa,Studio,303000,290000,25200,13.1,-1.5,4.3,3.73,86.8,13.2,21.2,131,1133,5.6,2120,60.8,470000,4.56,-0.26,7050000,23.2,304
RENT003521,2024-03-01,2024,3,Q1,Sharjah,Sharjah,Muwaileh,Apartment,3BR,52000,54000,4300,13.1,0.7,6.11,4.91,85.2,14.8,19.7,241,477,4.7,370,63.8,86000,6.19,-0.08,850000,16.4,61
RENT003522,2024-03-01,2024,3,Q1,Sharjah,Sharjah,Muwaileh,Villa,1BR,179000,176000,14900,13.1,1.1,4.84,3.78,85.6,14.4,14.7,126,502,6.6,1210,63.7,281000,5.29,-0.45,3700000,20.7,106
RENT003477,2024-03-01,2024,3,Q1,Dubai,Dubai,Palm Jumeirah,Apartment,1BR,301000,299000,25100,13.1,0.0,3.92,2.82,83.7,16.3,16.0,105,878,14.0,1280,71.1,332000,3.89,0.03,7700000,25.5,439
RENT003478,2024-03-01,2024,3,Q1,Dubai,Dubai,Palm Jumeirah,Villa,5BR+,979000,1019000,81600,13.1,0.7,4.61,3.68,81.7,18.3,20.8,186,933,8.9,7250,77.8,2059000,4.59,0.02,21250000,21.7,304
RENT003503,2024-03-01,2024,3,Q1,Abu Dhabi,Abu Dhabi,Saadiyat Island,Apartment,2BR,241000,230000,20100,13.1,2.3,5.92,5.37,92.4,7.6,23.3,239,1106,16.8,1220,68.8,306000,6.31,-0.39,4050000,16.9,184
RENT003504,2024-03-01,2024,3,Q1,Abu Dhabi,Abu Dhabi,Saadiyat Island,Villa,2BR,650000,648000,54200,13.1,-1.5,5.2,4.04,86.0,14.0,19.8,180,236,18.9,3100,76.5,866000,5.7,-0.5,12500000,19.2,180
RENT003499,2024-03-01,2024,3,Q1,Dubai,Dubai,Sports City,Apartment,1BR,88000,82000,7300,13.1,0.4,5.86,4.97,83.6,16.4,13.3,85,405,3.6,490,86.2,154000,5.71,0.15,1500000,17.1,590
RENT003500,2024-03-01,2024,3,Q1,Dubai,Dubai,Sports City,Villa,Studio,245000,236000,20400,13.1,-1.5,3.94,3.23,81.7,18.3,13.1,181,69,5.1,1510,68.7,379000,3.84,0.1,6200000,25.4,414
RENT003505,2024-03-01,2024,3,Q1,Abu Dhabi,Abu Dhabi,Yas Island,Apartment,3BR,134000,135000,11200,13.1,1.9,4.49,3.55,94.7,5.3,20.1,216,897,16.1,770,73.6,207000,4.63,-0.14,3000000,22.3,247
RENT003506,2024-03-01,2024,3,Q1,Abu Dhabi,Abu Dhabi,Yas Island,Villa,3BR,273000,266000,22800,13.1,-2.0,6.11,5.54,88.7,11.3,15.3,89,1198,9.5,1660,57.8,350000,6.46,-0.35,4450000,16.4,222
RENT003543,2024-04-01,2024,4,Q2,Dubai,Dubai,Al Furjan,Apartment,2BR,101000,98000,8400,13.1,2.2,5.91,5.3,94.6,5.4,14.0,26,494,6.8,600,58.3,128000,5.69,0.22,1700000,16.9,492
RENT003544,2024-04-01,2024,4,Q2,Dubai,Dubai,Al Furjan,Villa,4BR,307000,303000,25600,13.1,2.4,4.13,3.25,80.5,19.5,20.6,29,534,3.3,1750,66.6,425000,4.61,-0.48,7450000,24.2,405
RENT003583,2024-04-01,2024,4,Q2,Ras Al Khaimah,Ras Al Khaimah,Al Hamra Village,Apartment,2BR,91000,87000,7600,13.1,-1.4,4.51,3.66,89.7,10.3,18.2,190,74,2.6,590,70.7,152000,4.46,0.05,2000000,22.2,22
RENT003584,2024-04-01,2024,4,Q2,Ras Al Khaimah,Ras Al Khaimah,Al Hamra Village,Villa,5BR+,318000,328000,26500,13.1,0.7,4.04,3.08,85.8,14.2,18.9,195,493,6.3,1290,55.4,261000,4.46,-0.42,7850000,24.8,73
RENT003579,2024-04-01,2024,4,Q2,Sharjah,Sharjah,Al Khan,Apartment,2BR,63000,65000,5200,13.1,-0.8,5.34,4.62,83.2,16.8,21.7,250,824,5.1,370,59.0,80000,4.93,0.41,1200000,18.7,132
RENT003580,2024-04-01,2024,4,Q2,Sharjah,Sharjah,Al Khan,Villa,2BR,192000,201000,16000,13.1,-0.6,5.3,4.68,82.5,17.5,13.4,53,1000,7.3,1230,84.6,380000,4.94,0.36,3600000,18.9,199
RENT003573,2024-04-01,2024,4,Q2,Sharjah,Sharjah,Al Majaz,Apartment,Studio,71000,67000,5900,13.1,-0.7,4.44,3.56,90.8,9.2,12.9,38,741,6.3,510,74.8,139000,4.51,-0.07,1600000,22.5,73
RENT003574,2024-04-01,2024,4,Q2,Sharjah,Sharjah,Al Majaz,Villa,4BR,174000,181000,14500,13.1,-0.9,5.78,4.99,85.2,14.8,19.8,81,257,7.6,630,66.7,153000,5.34,0.44,3000000,17.3,121
RENT003575,2024-04-01,2024,4,Q2,Sharjah,Sharjah,Al Nahda,Apartment,2BR,64000,67000,5300,13.1,-1.0,5.64,4.51,91.5,8.5,18.3,109,882,5.7,390,57.0,81000,5.86,-0.22,1150000,17.7,54
RENT003576,2024-04-01,2024,4,Q2,Sharjah,Sharjah,Al Nahda,Villa,3BR,166000,174000,13800,13.1,3.0,4.08,3.21,79.5,20.5,14.8,46,346,6.5,1220,77.2,344000,3.86,0.22,4050000,24.5,165
RENT003563,2024-04-01,2024,4,Q2,Abu Dhabi,Abu Dhabi,Al Raha Beach,Apartment,1BR,138000,130000,11500,13.1,0.4,4.89,4.11,78.2,21.8,14.0,106,146,1.3,690,60.6,153000,4.86,0.03,2800000,20.4,75
RENT003564,2024-04-01,2024,4,Q2,Abu Dhabi,Abu Dhabi,Al Raha Beach,Villa,2BR,377000,357000,31400,13.1,-1.4,6.12,5.28,84.5,15.5,14.7,82,510,3.6,1440,56.9,299000,6.56,-0.44,6150000,16.3,67
RENT003569,2024-04-01,2024,4,Q2,Abu Dhabi,Abu Dhabi,Al Reef,Apartment,2BR,98000,93000,8200,13.1,1.1,4.12,2.99,96.9,3.1,21.5,198,1200,1.6,730,87.3,233000,3.95,0.17,2400000,24.3,237
RENT003570,2024-04-01,2024,4,Q2,Abu Dhabi,Abu Dhabi,Al Reef,Villa,1BR,251000,263000,20900,13.1,-0.3,4.12,3.02,94.0,6.0,17.3,213,1071,2.3,1630,71.3,424000,3.71,0.41,6100000,24.3,306
RENT003557,2024-04-01,2024,4,Q2,Abu Dhabi,Abu Dhabi,Al Reem Island,Apartment,4BR,105000,104000,8800,13.1,1.1,4.26,3.52,92.5,7.5,11.6,11,1002,3.1,720,62.1,163000,3.94,0.32,2450000,23.5,186
RENT003558,2024-04-01,2024,4,Q2,Abu Dhabi,Abu Dhabi,Al Reem Island,Villa,3BR,364000,335000,30300,13.1,-0.3,4.82,3.68,85.4,14.6,14.9,242,302,7.2,2440,81.5,726000,4.77,0.05,7550000,20.8,293
RENT003581,2024-04-01,2024,4,Q2,Sharjah,Sharjah,Al Taawun,Apartment,3BR,60000,56000,5000,13.1,-1.3,5.89,5.0,92.7,7.3,12.2,58,419,5.4,240,60.1,53000,6.12,-0.23,1000000,17.0,117
RENT003582,2024-04-01,2024,4,Q2,Sharjah,Sharjah,Al Taawun,Villa,1BR,177000,184000,14800,13.1,2.6,5.38,4.26,82.3,17.7,22.3,39,559,6.9,640,55.2,129000,5.87,-0.49,3300000,18.6,201
RENT003537,2024-04-01,2024,4,Q2,Dubai,Dubai,Business Bay,Apartment,1BR,131000,123000,10900,13.1,-1.3,5.65,4.67,90.1,9.9,21.5,147,394,6.2,470,81.6,140000,5.65,0.0,2300000,17.7,487
RENT003538,2024-04-01,2024,4,Q2,Dubai,Dubai,Business Bay,Villa,1BR,377000,354000,31400,13.1,-0.6,4.59,3.59,86.3,13.7,14.6,185,883,1.5,2350,58.9,505000,4.44,0.15,8200000,21.8,318
RENT003567,2024-04-01,2024,4,Q2,Abu Dhabi,Abu Dhabi,Corniche,Apartment,4BR,155000,150000,12900,13.1,-1.6,6.0,5.35,78.2,21.8,21.8,141,254,3.7,1010,72.4,267000,6.0,0.0,2600000,16.7,349
RENT003568,2024-04-01,2024,4,Q2,Abu Dhabi,Abu Dhabi,Corniche,Villa,3BR,367000,338000,30600,13.1,1.8,5.81,4.98,88.9,11.1,16.6,213,320,7.3,1750,73.6,470000,6.09,-0.28,6300000,17.2,143
RENT003547,2024-04-01,2024,4,Q2,Dubai,Dubai,Creek Harbour,Apartment,1BR,139000,142000,11600,13.1,-1.7,5.63,4.59,88.1,11.9,22.6,180,895,5.4,1000,68.8,251000,5.86,-0.23,2450000,17.8,238
RENT003548,2024-04-01,2024,4,Q2,Dubai,Dubai,Creek Harbour,Villa,3BR,492000,455000,41000,13.1,-2.3,5.95,4.92,80.3,19.7,16.3,218,988,3.0,2860,81.2,848000,6.33,-0.38,8250000,16.8,302
RENT003549,2024-04-01,2024,4,Q2,Dubai,Dubai,DAMAC Hills,Apartment,1BR,136000,140000,11300,13.1,-1.7,3.85,3.05,89.1,10.9,15.9,236,113,2.6,490,71.8,128000,4.27,-0.42,3550000,26.0,314
RENT003550,2024-04-01,2024,4,Q2,Dubai,Dubai,DAMAC Hills,Villa,2BR,234000,233000,19500,13.1,0.1,5.76,4.68,87.8,12.2,11.4,176,75,7.2,1430,78.0,407000,5.87,-0.11,4050000,17.4,235
RENT003529,2024-04-01,2024,4,Q2,Dubai,Dubai,Downtown Dubai,Apartment,3BR,192000,198000,16000,13.1,0.3,3.86,2.85,90.7,9.3,21.0,124,710,18.7,1380,62.8,316000,3.63,0.23,5000000,25.9,223
RENT003530,2024-04-01,2024,4,Q2,Dubai,Dubai,Downtown Dubai,Villa,Studio,449000,432000,37400,13.1,0.8,4.23,3.5,90.5,9.5,13.2,230,109,14.5,2140,78.5,613000,3.93,0.3,10600000,23.7,526
RENT003535,2024-04-01,2024,4,Q2,Dubai,Dubai,Dubai Hills Estate,Apartment,1BR,189000,186000,15800,13.1,-1.7,3.87,2.71,93.3,6.7,16.6,243,1000,5.3,1170,77.7,332000,4.06,-0.19,4900000,25.8,100
RENT003536,2024-04-01,2024,4,Q2,Dubai,Dubai,Dubai Hills Estate,Villa,2BR,469000,447000,39100,13.1,-1.8,4.11,3.6,85.1,14.9,15.9,220,275,7.4,3000,65.4,716000,3.67,0.44,11400000,24.3,429
RENT003531,2024-04-01,2024,4,Q2,Dubai,Dubai,Dubai Marina,Apartment,1BR,140000,141000,11700,13.1,0.9,5.01,4.1,81.6,18.4,23.7,23,375,8.2,870,87.3,277000,4.88,0.13,2800000,20.0,543
RENT003532,2024-04-01,2024,4,Q2,Dubai,Dubai,Dubai Marina,Villa,5BR+,349000,322000,29100,13.1,-0.4,4.45,3.27,93.8,6.2,13.3,27,80,11.5,1540,65.4,368000,4.64,-0.19,7850000,22.5,230
RENT003551,2024-04-01,2024,4,Q2,Dubai,Dubai,Dubai South,Apartment,2BR,96000,97000,8000,13.1,2.9,5.17,4.57,92.8,7.2,12.4,28,591,4.1,660,58.1,140000,5.63,-0.46,1850000,19.3,392
RENT003552,2024-04-01,2024,4,Q2,Dubai,Dubai,Dubai South,Villa,Studio,194000,201000,16200,13.1,-2.0,5.12,4.01,80.1,19.9,17.1,168,1120,1.8,1290,84.0,396000,5.04,0.08,3800000,19.5,239
RENT003545,2024-04-01,2024,4,Q2,Dubai,Dubai,JBR,Apartment,1BR,159000,151000,13200,13.1,-0.6,6.25,5.35,83.0,17.0,16.5,169,998,14.5,830,85.3,258000,5.91,0.34,2550000,16.0,441
RENT003546,2024-04-01,2024,4,Q2,Dubai,Dubai,JBR,Villa,3BR,279000,285000,23200,13.1,2.3,4.44,3.36,86.6,13.4,18.1,88,1007,15.8,1030,81.5,306000,4.65,-0.21,6300000,22.5,236
RENT003539,2024-04-01,2024,4,Q2,Dubai,Dubai,JVC,Apartment,5BR+,102000,105000,8500,13.1,0.1,4.3,3.66,88.1,11.9,22.0,101,770,2.9,390,78.1,111000,4.22,0.08,2350000,23.3,206
RENT003540,2024-04-01,2024,4,Q2,Dubai,Dubai,JVC,Villa,1BR,241000,232000,20100,13.1,-1.5,3.87,3.33,94.8,5.2,16.7,14,829,5.4,900,61.4,202000,3.58,0.29,6250000,25.9,432
RENT003565,2024-04-01,2024,4,Q2,Abu Dhabi,Abu Dhabi,Khalifa City,Apartment,1BR,111000,108000,9200,13.1,2.1,5.04,4.2,91.2,8.8,15.4,61,519,1.0,680,60.1,149000,4.59,0.45,2200000,19.8,308
RENT003566,2024-04-01,2024,4,Q2,Abu Dhabi,Abu Dhabi,Khalifa City,Villa,3BR,219000,226000,18200,13.1,0.5,4.29,3.37,81.0,19.0,18.1,41,1181,4.9,880,68.7,221000,3.92,0.37,5100000,23.3,335
RENT003541,2024-04-01,2024,4,Q2,Dubai,Dubai,MBR City,Apartment,Studio,217000,206000,18100,13.1,-1.3,4.14,3.22,94.7,5.3,19.6,210,957,5.6,1240,87.9,398000,3.7,0.44,5250000,24.2,461
RENT003542,2024-04-01,2024,4,Q2,Dubai,Dubai,MBR City,Villa,2BR,517000,482000,43100,13.1,0.8,4.97,4.19,79.1,20.9,16.8,194,404,1.2,2730,62.2,620000,5.25,-0.28,10400000,20.1,558
RENT003571,2024-04-01,2024,4,Q2,Abu Dhabi,Abu Dhabi,Masdar City,Apartment,2BR,81000,77000,6800,13.1,-2.4,4.85,4.02,90.0,10.0,12.6,203,452,3.7,570,65.6,136000,5.13,-0.28,1650000,20.6,206
RENT003572,2024-04-01,2024,4,Q2,Abu Dhabi,Abu Dhabi,Masdar City,Villa,1BR,252000,251000,21000,13.1,2.1,4.26,3.23,91.9,8.1,19.6,200,1086,2.5,1410,65.4,337000,3.97,0.29,5900000,23.5,247
RENT003553,2024-04-01,2024,4,Q2,Dubai,Dubai,Meydan,Apartment,1BR,150000,144000,12500,13.1,2.5,4.52,3.85,91.2,8.8,14.9,42,528,6.7,620,86.7,196000,4.32,0.2,3300000,22.1,271
RENT003554,2024-04-01,2024,4,Q2,Dubai,Dubai,Meydan,Villa,1BR,324000,338000,27000,13.1,-0.9,5.56,4.52,89.7,10.3,23.5,21,1037,2.6,2250,82.2,675000,5.25,0.31,5800000,18.0,453
RENT003577,2024-04-01,2024,4,Q2,Sharjah,Sharjah,Muwaileh,Apartment,1BR,53000,54000,4400,13.1,-0.1,4.17,3.3,83.1,16.9,15.7,228,915,7.1,290,62.0,66000,3.78,0.39,1250000,24.0,79
RENT003578,2024-04-01,2024,4,Q2,Sharjah,Sharjah,Muwaileh,Villa,2BR,181000,188000,15100,13.1,3.2,5.96,4.87,82.0,18.0,10.7,229,460,6.6,1230,77.4,347000,5.83,0.13,3050000,16.8,161
RENT003533,2024-04-01,2024,4,Q2,Dubai,Dubai,Palm Jumeirah,Apartment,Studio,284000,289000,23700,13.1,1.1,5.13,4.51,85.2,14.8,22.0,138,56,17.5,1120,86.9,355000,5.22,-0.09,5550000,19.5,243
RENT003534,2024-04-01,2024,4,Q2,Dubai,Dubai,Palm Jumeirah,Villa,1BR,759000,768000,63200,13.1,-2.3,5.25,4.26,84.0,16.0,20.3,22,1172,14.1,4070,85.3,1267000,5.25,0.0,14450000,19.0,233
RENT003559,2024-04-01,2024,4,Q2,Abu Dhabi,Abu Dhabi,Saadiyat Island,Apartment,1BR,232000,225000,19300,13.1,-0.7,4.87,3.97,90.3,9.7,21.4,12,467,19.8,1340,59.3,290000,4.87,0.0,4750000,20.5,315
RENT003560,2024-04-01,2024,4,Q2,Abu Dhabi,Abu Dhabi,Saadiyat Island,Villa,3BR,546000,568000,45500,13.1,2.5,4.58,3.42,80.2,19.8,20.7,88,567,5.8,2150,69.7,547000,4.47,0.11,11900000,21.8,204
RENT003555,2024-04-01,2024,4,Q2,Dubai,Dubai,Sports City,Apartment,2BR,86000,82000,7200,13.1,0.4,4.06,3.2,89.4,10.6,10.1,223,553,6.4,340,72.7,90000,4.08,-0.02,2100000,24.6,363
RENT003556,2024-04-01,2024,4,Q2,Dubai,Dubai,Sports City,Villa,4BR,309000,322000,25800,13.1,2.9,4.71,3.71,85.5,14.5,14.5,229,333,4.1,2180,78.2,622000,5.02,-0.31,6550000,21.2,568
RENT003561,2024-04-01,2024,4,Q2,Abu Dhabi,Abu Dhabi,Yas Island,Apartment,1BR,128000,133000,10700,13.1,-1.0,5.8,4.7,87.8,12.2,14.6,21,529,16.7,640,71.5,167000,5.62,0.18,2200000,17.2,57
RENT003562,2024-04-01,2024,4,Q2,Abu Dhabi,Abu Dhabi,Yas Island,Villa,Studio,238000,236000,19800,13.1,3.0,5.02,4.23,81.4,18.6,13.4,107,324,16.9,1040,62.3,236000,5.29,-0.27,4750000,19.9,312
RENT003599,2024-05-01,2024,5,Q2,Dubai,Dubai,Al Furjan,Apartment,1BR,111000,115000,9200,13.1,2.2,5.12,4.11,83.1,16.9,10.1,73,116,4.0,440,77.6,125000,4.81,0.31,2150000,19.5,84
RENT003600,2024-05-01,2024,5,Q2,Dubai,Dubai,Al Furjan,Villa,2BR,347000,362000,28900,13.1,2.7,3.98,3.07,92.0,8.0,15.3,243,1015,2.0,2400,81.3,712000,3.98,0.0,8700000,25.1,222
RENT003639,2024-05-01,2024,5,Q2,Ras Al Khaimah,Ras Al Khaimah,Al Hamra Village,Apartment,4BR,91000,87000,7600,13.1,0.1,4.05,3.18,89.4,10.6,21.8,52,193,3.8,590,86.8,187000,3.62,0.43,2250000,24.7,64
RENT003640,2024-05-01,2024,5,Q2,Ras Al Khaimah,Ras Al Khaimah,Al Hamra Village,Villa,1BR,271000,279000,22600,13.1,-1.3,5.16,4.45,81.2,18.8,15.4,47,598,3.3,1160,77.0,326000,5.0,0.16,5250000,19.4,47
RENT003635,2024-05-01,2024,5,Q2,Sharjah,Sharjah,Al Khan,Apartment,Studio,65000,63000,5400,13.1,3.5,5.88,5.07,84.7,15.3,22.8,190,823,3.9,430,73.3,115000,5.56,0.32,1100000,17.0,148
RENT003636,2024-05-01,2024,5,Q2,Sharjah,Sharjah,Al Khan,Villa,2BR,151000,155000,12600,13.1,-1.0,4.94,4.13,92.5,7.5,13.3,32,798,7.2,610,74.8,167000,4.51,0.43,3050000,20.2,166
RENT003629,2024-05-01,2024,5,Q2,Sharjah,Sharjah,Al Majaz,Apartment,Studio,74000,72000,6200,13.1,0.1,4.3,3.75,89.3,10.7,23.0,216,883,6.2,480,71.1,125000,4.56,-0.26,1700000,23.3,152
RENT003630,2024-05-01,2024,5,Q2,Sharjah,Sharjah,Al Majaz,Villa,2BR,154000,158000,12800,13.1,-1.7,4.41,3.79,91.6,8.4,13.5,222,489,1.5,670,69.6,170000,4.52,-0.11,3500000,22.7,110
RENT003631,2024-05-01,2024,5,Q2,Sharjah,Sharjah,Al Nahda,Apartment,5BR+,65000,64000,5400,13.1,0.3,5.68,5.11,91.6,8.4,17.2,27,1110,6.0,380,60.4,84000,6.06,-0.38,1150000,17.6,92
RENT003632,2024-05-01,2024,5,Q2,Sharjah,Sharjah,Al Nahda,Villa,2BR,137000,127000,11400,13.1,-2.3,5.04,4.21,81.8,18.2,13.4,250,504,7.7,1010,65.2,240000,4.57,0.47,2700000,19.9,45
RENT003619,2024-05-01,2024,5,Q2,Abu Dhabi,Abu Dhabi,Al Raha Beach,Apartment,2BR,137000,129000,11400,13.1,-0.0,4.75,3.55,93.7,6.3,20.1,33,776,3.2,990,85.4,309000,4.98,-0.23,2900000,21.0,239
RENT003620,2024-05-01,2024,5,Q2,Abu Dhabi,Abu Dhabi,Al Raha Beach,Villa,1BR,458000,458000,38200,13.1,-0.1,5.05,4.2,79.5,20.5,23.4,135,169,2.2,1800,68.6,451000,5.12,-0.07,9100000,19.8,252
RENT003625,2024-05-01,2024,5,Q2,Abu Dhabi,Abu Dhabi,Al Reef,Apartment,2BR,98000,96000,8200,13.1,-1.0,5.32,4.25,93.5,6.5,10.7,95,215,4.3,390,55.8,79000,5.54,-0.22,1850000,18.8,349
RENT003626,2024-05-01,2024,5,Q2,Abu Dhabi,Abu Dhabi,Al Reef,Villa,1BR,233000,228000,19400,13.1,-1.1,4.41,3.5,96.1,3.9,16.4,210,604,2.4,950,59.7,207000,4.57,-0.16,5300000,22.7,264
RENT003613,2024-05-01,2024,5,Q2,Abu Dhabi,Abu Dhabi,Al Reem Island,Apartment,2BR,114000,116000,9500,13.1,1.1,5.15,4.26,87.2,12.8,17.9,112,696,3.3,530,66.6,129000,5.33,-0.18,2200000,19.4,104
RENT003614,2024-05-01,2024,5,Q2,Abu Dhabi,Abu Dhabi,Al Reem Island,Villa,4BR,243000,243000,20200,13.1,3.4,3.87,3.27,88.5,11.5,10.7,36,352,5.9,1480,86.1,465000,3.67,0.2,6300000,25.9,212
RENT003637,2024-05-01,2024,5,Q2,Sharjah,Sharjah,Al Taawun,Apartment,2BR,62000,64000,5200,13.1,-2.3,4.39,3.79,90.9,9.1,17.6,233,367,7.7,270,71.9,71000,4.56,-0.17,1400000,22.8,196
RENT003638,2024-05-01,2024,5,Q2,Sharjah,Sharjah,Al Taawun,Villa,5BR+,159000,164000,13200,13.1,2.2,3.99,2.82,91.8,8.2,20.8,189,648,1.2,610,74.8,167000,3.54,0.45,4000000,25.1,167
RENT003593,2024-05-01,2024,5,Q2,Dubai,Dubai,Business Bay,Apartment,2BR,133000,136000,11100,13.1,0.2,4.37,3.56,94.0,6.0,10.0,48,898,3.4,760,59.1,164000,3.95,0.42,3050000,22.9,394
RENT003594,2024-05-01,2024,5,Q2,Dubai,Dubai,Business Bay,Villa,1BR,382000,359000,31800,13.1,-1.8,5.01,4.23,94.5,5.5,17.4,51,480,5.1,2350,65.5,562000,5.04,-0.03,7650000,20.0,517
RENT003623,2024-05-01,2024,5,Q2,Abu Dhabi,Abu Dhabi,Corniche,Apartment,4BR,171000,162000,14200,13.1,2.5,5.31,4.79,82.7,17.3,15.0,89,1000,7.2,1130,86.5,357000,5.8,-0.49,3200000,18.8,218
RENT003624,2024-05-01,2024,5,Q2,Abu Dhabi,Abu Dhabi,Corniche,Villa,2BR,509000,522000,42400,13.1,-1.1,4.02,2.87,84.9,15.1,14.7,166,122,1.4,2340,82.8,707000,4.25,-0.23,12650000,24.9,232
RENT003603,2024-05-01,2024,5,Q2,Dubai,Dubai,Creek Harbour,Apartment,Studio,141000,143000,11800,13.1,-2.4,4.9,3.88,93.5,6.5,11.5,76,880,4.6,820,76.0,227000,4.52,0.38,2900000,20.4,339
RENT003604,2024-05-01,2024,5,Q2,Dubai,Dubai,Creek Harbour,Villa,Studio,423000,421000,35200,13.1,-0.4,3.9,3.4,80.5,19.5,22.1,46,472,3.9,1840,82.9,557000,4.16,-0.26,10850000,25.6,200
RENT003605,2024-05-01,2024,5,Q2,Dubai,Dubai,DAMAC Hills,Apartment,4BR,116000,113000,9700,13.1,-2.1,4.4,3.59,87.3,12.7,13.5,196,561,1.6,580,85.1,180000,3.96,0.44,2650000,22.7,242
RENT003606,2024-05-01,2024,5,Q2,Dubai,Dubai,DAMAC Hills,Villa,3BR,342000,334000,28500,13.1,-0.6,3.87,2.77,90.4,9.6,15.5,180,670,2.8,2170,74.1,587000,3.68,0.19,8850000,25.8,530
RENT003585,2024-05-01,2024,5,Q2,Dubai,Dubai,Downtown Dubai,Apartment,3BR,183000,188000,15200,13.1,-1.2,5.69,4.79,87.5,12.5,12.7,189,957,17.5,750,60.5,166000,5.54,0.15,3200000,17.6,142
RENT003586,2024-05-01,2024,5,Q2,Dubai,Dubai,Downtown Dubai,Villa,1BR,587000,615000,48900,13.1,-2.2,4.22,3.17,82.5,17.5,20.0,150,318,5.8,2170,84.2,667000,3.8,0.42,13950000,23.7,564
RENT003591,2024-05-01,2024,5,Q2,Dubai,Dubai,Dubai Hills Estate,Apartment,2BR,190000,193000,15800,13.1,-0.8,6.04,5.01,88.9,11.1,12.6,84,152,6.1,930,67.0,227000,6.42,-0.38,3150000,16.6,423
RENT003592,2024-05-01,2024,5,Q2,Dubai,Dubai,Dubai Hills Estate,Villa,1BR,409000,402000,34100,13.1,1.3,5.26,4.16,89.6,10.4,23.5,204,600,7.8,2500,76.0,694000,5.11,0.15,7800000,19.0,563
RENT003587,2024-05-01,2024,5,Q2,Dubai,Dubai,Dubai Marina,Apartment,1BR,139000,132000,11600,13.1,-2.1,4.28,3.77,86.2,13.8,22.9,13,489,18.6,630,60.2,138000,4.13,0.15,3250000,23.4,563
RENT003588,2024-05-01,2024,5,Q2,Dubai,Dubai,Dubai Marina,Villa,2BR,374000,354000,31200,13.1,-0.8,4.24,3.14,93.4,6.6,12.4,59,700,12.7,2130,85.9,668000,3.81,0.43,8850000,23.6,117
RENT003607,2024-05-01,2024,5,Q2,Dubai,Dubai,Dubai South,Apartment,Studio,95000,94000,7900,13.1,0.3,4.96,4.26,93.8,6.2,11.4,39,981,1.5,640,64.9,152000,5.18,-0.22,1900000,20.2,395
RENT003608,2024-05-01,2024,5,Q2,Dubai,Dubai,Dubai South,Villa,2BR,283000,273000,23600,13.1,0.1,3.85,3.17,78.3,21.7,11.5,32,452,1.8,1380,78.2,394000,3.98,-0.13,7350000,26.0,282
RENT003601,2024-05-01,2024,5,Q2,Dubai,Dubai,JBR,Apartment,1BR,161000,164000,13400,13.1,2.1,5.43,4.28,85.6,14.4,21.7,120,1087,18.6,860,62.5,196000,5.58,-0.15,2950000,18.4,228
RENT003602,2024-05-01,2024,5,Q2,Dubai,Dubai,JBR,Villa,4BR,303000,310000,25200,13.1,0.0,5.17,4.33,96.1,3.9,21.5,166,992,18.5,1920,85.2,597000,4.73,0.44,5850000,19.4,578
RENT003595,2024-05-01,2024,5,Q2,Dubai,Dubai,JVC,Apartment,3BR,90000,90000,7500,13.1,3.1,5.51,4.8,85.5,14.5,18.9,90,510,3.9,580,85.0,180000,5.12,0.39,1650000,18.2,375
RENT003596,2024-05-01,2024,5,Q2,Dubai,Dubai,JVC,Villa,2BR,279000,287000,23200,13.1,2.1,6.05,5.43,80.9,19.1,18.0,14,391,3.2,1590,72.9,423000,6.39,-0.34,4600000,16.5,455
RENT003621,2024-05-01,2024,5,Q2,Abu Dhabi,Abu Dhabi,Khalifa City,Apartment,1BR,95000,92000,7900,13.1,2.0,5.45,4.34,96.9,3.1,15.5,224,516,4.2,560,68.9,141000,5.44,0.01,1750000,18.3,156
RENT003622,2024-05-01,2024,5,Q2,Abu Dhabi,Abu Dhabi,Khalifa City,Villa,3BR,244000,227000,20300,13.1,-0.9,5.19,4.14,86.6,13.4,17.9,33,752,7.9,890,80.6,262000,5.2,-0.01,4700000,19.3,119
RENT003597,2024-05-01,2024,5,Q2,Dubai,Dubai,MBR City,Apartment,4BR,208000,211000,17300,13.1,3.2,5.73,5.1,89.6,10.4,13.9,79,586,4.9,1040,81.8,311000,5.98,-0.25,3650000,17.5,131
RENT003598,2024-05-01,2024,5,Q2,Dubai,Dubai,MBR City,Villa,2BR,636000,630000,53000,13.1,2.7,4.48,3.72,88.5,11.5,14.2,239,884,7.8,2640,80.1,772000,4.8,-0.32,14200000,22.3,92
RENT003627,2024-05-01,2024,5,Q2,Abu Dhabi,Abu Dhabi,Masdar City,Apartment,3BR,89000,89000,7400,13.1,-2.3,5.68,4.82,86.9,13.1,16.5,238,687,1.3,640,81.0,189000,5.34,0.34,1550000,17.6,157
RENT003628,2024-05-01,2024,5,Q2,Abu Dhabi,Abu Dhabi,Masdar City,Villa,2BR,308000,303000,25700,13.1,0.7,4.22,3.44,83.8,16.2,20.2,25,468,5.2,1420,64.3,333000,4.45,-0.23,7300000,23.7,147
RENT003609,2024-05-01,2024,5,Q2,Dubai,Dubai,Meydan,Apartment,4BR,129000,124000,10800,13.1,1.0,4.14,3.41,78.9,21.1,20.5,177,855,3.0,580,71.5,151000,3.67,0.47,3100000,24.2,265
RENT003610,2024-05-01,2024,5,Q2,Dubai,Dubai,Meydan,Villa,Studio,456000,441000,38000,13.1,-1.3,4.71,3.74,86.9,13.1,17.1,145,608,7.9,2840,71.2,738000,4.85,-0.14,9700000,21.2,559
RENT003633,2024-05-01,2024,5,Q2,Sharjah,Sharjah,Muwaileh,Apartment,1BR,56000,57000,4700,13.1,2.7,3.96,2.77,83.5,16.5,11.4,180,315,6.3,320,75.0,88000,4.27,-0.31,1400000,25.2,101
RENT003634,2024-05-01,2024,5,Q2,Sharjah,Sharjah,Muwaileh,Villa,2BR,119000,122000,9900,13.1,0.3,4.55,3.93,92.3,7.7,15.9,72,962,5.9,790,83.1,240000,4.95,-0.4,2600000,22.0,38
RENT003589,2024-05-01,2024,5,Q2,Dubai,Dubai,Palm Jumeirah,Apartment,1BR,310000,304000,25800,13.1,-0.6,5.86,4.91,95.6,4.4,10.6,154,375,6.3,1800,75.3,495000,6.12,-0.26,5300000,17.1,400
RENT003590,2024-05-01,2024,5,Q2,Dubai,Dubai,Palm Jumeirah,Villa,3BR,1018000,959000,84800,13.1,1.9,4.67,3.59,92.0,8.0,22.4,147,150,9.4,6890,88.0,2213000,4.82,-0.15,21800000,21.4,396
RENT003615,2024-05-01,2024,5,Q2,Abu Dhabi,Abu Dhabi,Saadiyat Island,Apartment,1BR,243000,235000,20200,13.1,0.5,3.86,2.77,78.1,21.9,11.2,31,911,19.8,1140,61.7,257000,4.07,-0.21,6300000,25.9,253
RENT003616,2024-05-01,2024,5,Q2,Abu Dhabi,Abu Dhabi,Saadiyat Island,Villa,4BR,427000,398000,35600,13.1,-2.4,5.06,4.5,88.1,11.9,13.3,74,781,15.2,2350,74.5,639000,4.96,0.1,8450000,19.8,197
RENT003611,2024-05-01,2024,5,Q2,Dubai,Dubai,Sports City,Apartment,4BR,92000,93000,7700,13.1,0.7,4.91,4.25,94.3,5.7,18.0,249,980,4.8,640,61.6,144000,4.74,0.17,1850000,20.4,396
RENT003612,2024-05-01,2024,5,Q2,Dubai,Dubai,Sports City,Villa,1BR,281000,285000,23400,13.1,-1.6,4.71,4.16,81.2,18.8,11.9,17,244,1.3,1910,65.7,458000,4.22,0.49,5950000,21.2,190
RENT003617,2024-05-01,2024,5,Q2,Abu Dhabi,Abu Dhabi,Yas Island,Apartment,2BR,125000,117000,10400,13.1,-2.1,4.49,3.56,92.2,7.8,16.0,191,737,10.3,750,83.8,229000,4.64,-0.15,2800000,22.3,182
RENT003618,2024-05-01,2024,5,Q2,Abu Dhabi,Abu Dhabi,Yas Island,Villa,2BR,313000,326000,26100,13.1,1.3,6.13,5.48,89.8,10.2,20.4,116,889,16.1,2270,55.9,463000,5.67,0.46,5100000,16.3,210
RENT003655,2024-06-01,2024,6,Q2,Dubai,Dubai,Al Furjan,Apartment,Studio,106000,108000,8800,13.1,2.8,5.63,4.69,94.6,5.4,19.1,246,461,6.0,380,77.6,108000,5.43,0.2,1900000,17.8,196
RENT003656,2024-06-01,2024,6,Q2,Dubai,Dubai,Al Furjan,Villa,2BR,172000,172000,14300,13.1,0.6,4.44,3.73,84.5,15.5,20.9,114,391,3.0,1070,67.6,264000,4.03,0.41,3900000,22.5,82
RENT003695,2024-06-01,2024,6,Q2,Ras Al Khaimah,Ras Al Khaimah,Al Hamra Village,Apartment,1BR,84000,79000,7000,13.1,2.0,4.29,3.18,78.9,21.1,13.5,107,1162,2.3,580,58.3,123000,4.48,-0.19,1950000,23.3,116
RENT003696,2024-06-01,2024,6,Q2,Ras Al Khaimah,Ras Al Khaimah,Al Hamra Village,Villa,1BR,231000,228000,19200,13.1,3.4,4.85,4.02,83.7,16.3,20.1,31,374,5.8,880,83.6,269000,4.94,-0.09,4750000,20.6,33
RENT003691,2024-06-01,2024,6,Q2,Sharjah,Sharjah,Al Khan,Apartment,1BR,68000,66000,5700,13.1,-0.3,4.9,3.77,86.9,13.1,12.9,248,1144,5.2,490,58.5,105000,5.3,-0.4,1400000,20.4,142
RENT003692,2024-06-01,2024,6,Q2,Sharjah,Sharjah,Al Khan,Villa,Studio,128000,124000,10700,13.1,2.4,5.13,4.54,90.5,9.5,12.3,133,1109,2.7,540,86.5,170000,4.89,0.24,2500000,19.5,93
RENT003685,2024-06-01,2024,6,Q2,Sharjah,Sharjah,Al Majaz,Apartment,1BR,67000,64000,5600,13.1,0.7,6.09,5.05,96.3,3.7,23.1,192,688,1.7,490,76.1,136000,6.47,-0.38,1100000,16.4,40
RENT003686,2024-06-01,2024,6,Q2,Sharjah,Sharjah,Al Majaz,Villa,1BR,201000,188000,16800,13.1,-0.3,4.43,3.88,92.6,7.4,15.5,94,89,7.6,1030,88.0,331000,4.82,-0.39,4550000,22.6,136
RENT003687,2024-06-01,2024,6,Q2,Sharjah,Sharjah,Al Nahda,Apartment,3BR,61000,57000,5100,13.1,-2.1,5.36,4.21,89.9,10.1,10.8,55,675,4.9,300,86.8,95000,5.07,0.29,1150000,18.7,146
RENT003688,2024-06-01,2024,6,Q2,Sharjah,Sharjah,Al Nahda,Villa,2BR,126000,132000,10500,13.1,2.9,5.53,4.52,95.9,4.1,18.4,236,1199,2.8,890,65.9,214000,5.71,-0.18,2300000,18.1,109
RENT003675,2024-06-01,2024,6,Q2,Abu Dhabi,Abu Dhabi,Al Raha Beach,Apartment,1BR,143000,134000,11900,13.1,2.9,6.14,5.55,86.2,13.8,23.0,248,813,2.5,680,71.6,178000,6.01,0.13,2350000,16.3,72
RENT003676,2024-06-01,2024,6,Q2,Abu Dhabi,Abu Dhabi,Al Raha Beach,Villa,1BR,240000,230000,20000,13.1,-2.3,5.72,4.92,95.8,4.2,22.9,123,923,3.1,1670,77.6,473000,5.53,0.19,4200000,17.5,73
RENT003681,2024-06-01,2024,6,Q2,Abu Dhabi,Abu Dhabi,Al Reef,Apartment,3BR,92000,92000,7700,13.1,0.2,5.07,4.36,79.7,20.3,22.3,169,1067,8.0,500,66.0,120000,5.28,-0.21,1800000,19.7,122
RENT003682,2024-06-01,2024,6,Q2,Abu Dhabi,Abu Dhabi,Al Reef,Villa,1BR,282000,269000,23500,13.1,-0.9,4.13,3.51,87.9,12.1,13.5,10,485,5.3,1920,65.4,458000,4.37,-0.24,6850000,24.2,147
RENT003669,2024-06-01,2024,6,Q2,Abu Dhabi,Abu Dhabi,Al Reem Island,Apartment,Studio,108000,111000,9000,13.1,1.4,4.61,4.04,88.9,11.1,11.3,72,1144,4.6,550,69.3,139000,4.36,0.25,2350000,21.7,286
RENT003670,2024-06-01,2024,6,Q2,Abu Dhabi,Abu Dhabi,Al Reem Island,Villa,1BR,319000,308000,26600,13.1,2.7,6.01,5.13,85.1,14.9,19.0,193,569,1.5,1790,80.0,523000,6.09,-0.08,5300000,16.6,227
RENT003693,2024-06-01,2024,6,Q2,Sharjah,Sharjah,Al Taawun,Apartment,3BR,62000,62000,5200,13.1,-0.6,5.48,4.4,85.8,14.2,11.4,67,1117,3.9,320,67.7,79000,5.14,0.34,1150000,18.2,54
RENT003694,2024-06-01,2024,6,Q2,Sharjah,Sharjah,Al Taawun,Villa,1BR,124000,129000,10300,13.1,-2.4,4.26,3.28,87.0,13.0,19.9,217,725,2.9,720,80.4,211000,4.16,0.1,2900000,23.5,229
RENT003649,2024-06-01,2024,6,Q2,Dubai,Dubai,Business Bay,Apartment,3BR,123000,124000,10200,13.1,-0.5,4.05,3.38,92.2,7.8,16.6,142,387,7.6,770,66.5,187000,4.32,-0.27,3050000,24.7,480
RENT003650,2024-06-01,2024,6,Q2,Dubai,Dubai,Business Bay,Villa,4BR,344000,322000,28700,13.1,-0.4,3.88,3.37,85.7,14.3,21.1,230,1043,7.2,2500,76.9,702000,3.44,0.44,8900000,25.8,129
RENT003679,2024-06-01,2024,6,Q2,Abu Dhabi,Abu Dhabi,Corniche,Apartment,4BR,150000,154000,12500,13.1,0.4,5.1,4.08,86.7,13.3,20.1,158,365,5.7,960,58.2,204000,5.33,-0.23,2950000,19.6,192
RENT003680,2024-06-01,2024,6,Q2,Abu Dhabi,Abu Dhabi,Corniche,Villa,Studio,344000,334000,28700,13.1,-1.9,4.86,4.04,88.5,11.5,19.4,105,721,5.3,1680,73.2,449000,4.48,0.38,7100000,20.6,320
RENT003659,2024-06-01,2024,6,Q2,Dubai,Dubai,Creek Harbour,Apartment,3BR,140000,143000,11700,13.1,1.0,4.29,3.21,78.4,21.6,17.7,243,656,7.0,690,55.3,139000,4.71,-0.42,3250000,23.3,228
RENT003660,2024-06-01,2024,6,Q2,Dubai,Dubai,Creek Harbour,Villa,1BR,354000,337000,29500,13.1,0.7,4.84,3.98,82.8,17.2,17.5,236,576,7.2,2030,62.5,463000,4.93,-0.09,7300000,20.7,480
RENT003661,2024-06-01,2024,6,Q2,Dubai,Dubai,DAMAC Hills,Apartment,1BR,131000,137000,10900,13.1,1.3,4.87,4.3,87.6,12.4,22.9,217,64,4.4,740,80.3,217000,4.4,0.47,2700000,20.5,596
RENT003662,2024-06-01,2024,6,Q2,Dubai,Dubai,DAMAC Hills,Villa,3BR,422000,399000,35200,13.1,3.0,5.52,4.41,91.6,8.4,22.1,164,187,3.5,2630,63.9,613000,5.8,-0.28,7650000,18.1,250
RENT003641,2024-06-01,2024,6,Q2,Dubai,Dubai,Downtown Dubai,Apartment,1BR,182000,179000,15200,13.1,2.9,4.16,3.14,90.3,9.7,22.7,101,259,13.6,690,58.3,147000,3.87,0.29,4400000,24.0,402
RENT003642,2024-06-01,2024,6,Q2,Dubai,Dubai,Downtown Dubai,Villa,1BR,310000,305000,25800,13.1,1.7,3.93,3.09,84.8,15.2,20.9,181,567,6.5,2260,65.2,538000,3.59,0.34,7900000,25.4,504
RENT003647,2024-06-01,2024,6,Q2,Dubai,Dubai,Dubai Hills Estate,Apartment,1BR,192000,180000,16000,13.1,3.3,3.88,2.69,94.4,5.6,15.0,17,78,7.3,1210,70.0,309000,4.19,-0.31,4950000,25.8,520
RENT003648,2024-06-01,2024,6,Q2,Dubai,Dubai,Dubai Hills Estate,Villa,2BR,376000,367000,31300,13.1,3.3,4.16,3.13,79.5,20.5,23.2,207,269,6.9,1450,65.1,345000,4.11,0.05,9050000,24.0,487
RENT003643,2024-06-01,2024,6,Q2,Dubai,Dubai,Dubai Marina,Apartment,1BR,139000,137000,11600,13.1,-0.1,5.5,4.94,85.9,14.1,11.9,151,758,6.6,640,84.2,197000,5.26,0.24,2550000,18.2,232
RENT003644,2024-06-01,2024,6,Q2,Dubai,Dubai,Dubai Marina,Villa,1BR,431000,449000,35900,13.1,3.3,4.29,3.12,88.5,11.5,13.1,45,621,11.8,3060,76.0,849000,4.54,-0.25,10050000,23.3,100
RENT003663,2024-06-01,2024,6,Q2,Dubai,Dubai,Dubai South,Apartment,Studio,80000,82000,6700,13.1,3.2,5.59,4.72,83.0,17.0,21.8,139,368,2.7,330,83.9,101000,5.18,0.41,1450000,17.9,487
RENT003664,2024-06-01,2024,6,Q2,Dubai,Dubai,Dubai South,Villa,1BR,237000,245000,19800,13.1,-0.6,5.17,4.39,86.1,13.9,20.7,43,300,2.0,1050,83.6,320000,4.76,0.41,4600000,19.3,386
RENT003657,2024-06-01,2024,6,Q2,Dubai,Dubai,JBR,Apartment,1BR,160000,166000,13300,13.1,3.2,5.51,4.54,90.5,9.5,16.1,85,222,15.3,880,82.7,266000,5.2,0.31,2900000,18.2,385
RENT003658,2024-06-01,2024,6,Q2,Dubai,Dubai,JBR,Villa,3BR,396000,390000,33000,13.1,0.5,5.85,5.18,96.9,3.1,23.5,164,237,8.9,1960,85.3,610000,6.29,-0.44,6750000,17.1,546
RENT003651,2024-06-01,2024,6,Q2,Dubai,Dubai,JVC,Apartment,1BR,88000,86000,7300,13.1,3.1,5.58,4.56,83.4,16.6,11.9,236,333,2.8,510,75.8,141000,5.1,0.48,1600000,17.9,331
RENT003652,2024-06-01,2024,6,Q2,Dubai,Dubai,JVC,Villa,Studio,173000,163000,14400,13.1,0.9,5.73,5.05,86.9,13.1,11.1,233,516,3.2,1230,55.2,248000,5.99,-0.26,3000000,17.5,196
RENT003677,2024-06-01,2024,6,Q2,Abu Dhabi,Abu Dhabi,Khalifa City,Apartment,2BR,98000,93000,8200,13.1,-0.3,5.5,4.5,81.3,18.7,23.3,27,621,1.7,400,61.6,90000,5.91,-0.41,1800000,18.2,189
RENT003678,2024-06-01,2024,6,Q2,Abu Dhabi,Abu Dhabi,Khalifa City,Villa,1BR,230000,219000,19200,13.1,-2.4,4.6,3.69,81.0,19.0,12.5,212,89,7.7,910,71.6,238000,4.16,0.44,5000000,21.8,174
RENT003653,2024-06-01,2024,6,Q2,Dubai,Dubai,MBR City,Apartment,1BR,205000,194000,17100,13.1,-0.9,4.08,3.42,94.4,5.6,10.5,15,725,5.2,1160,58.1,246000,4.39,-0.31,5050000,24.5,222
RENT003654,2024-06-01,2024,6,Q2,Dubai,Dubai,MBR City,Villa,Studio,478000,494000,39800,13.1,0.6,4.59,3.65,78.7,21.3,23.2,26,960,6.1,3370,69.1,850000,5.0,-0.41,10400000,21.8,343
RENT003683,2024-06-01,2024,6,Q2,Abu Dhabi,Abu Dhabi,Masdar City,Apartment,2BR,86000,87000,7200,13.1,2.7,4.47,3.8,95.7,4.3,23.7,50,356,7.5,340,66.7,83000,3.98,0.49,1950000,22.4,223
RENT003684,2024-06-01,2024,6,Q2,Abu Dhabi,Abu Dhabi,Masdar City,Villa,Studio,192000,195000,16000,13.1,-1.9,4.85,3.84,78.2,21.8,12.9,109,91,5.2,1120,64.0,262000,4.63,0.22,3950000,20.6,50
RENT003665,2024-06-01,2024,6,Q2,Dubai,Dubai,Meydan,Apartment,1BR,139000,130000,11600,13.1,-1.1,5.34,4.56,91.9,8.1,14.9,37,74,3.8,990,58.5,211000,5.07,0.27,2600000,18.7,447
RENT003666,2024-06-01,2024,6,Q2,Dubai,Dubai,Meydan,Villa,3BR,424000,412000,35300,13.1,2.4,5.57,4.97,93.6,6.4,21.9,245,745,5.7,1740,69.4,441000,6.04,-0.47,7600000,18.0,207
RENT003689,2024-06-01,2024,6,Q2,Sharjah,Sharjah,Muwaileh,Apartment,2BR,54000,56000,4500,13.1,2.0,3.99,3.35,92.2,7.8,13.4,179,781,2.5,330,75.0,90000,3.62,0.37,1350000,25.1,94
RENT003690,2024-06-01,2024,6,Q2,Sharjah,Sharjah,Muwaileh,Villa,3BR,188000,190000,15700,13.1,1.0,5.83,4.74,94.3,5.7,22.4,169,636,3.1,950,84.0,291000,5.86,-0.03,3250000,17.2,225
RENT003645,2024-06-01,2024,6,Q2,Dubai,Dubai,Palm Jumeirah,Apartment,5BR+,272000,273000,22700,13.1,-2.5,3.97,3.27,88.6,11.4,16.8,244,972,11.9,1850,72.1,487000,4.01,-0.04,6850000,25.2,458
RENT003646,2024-06-01,2024,6,Q2,Dubai,Dubai,Palm Jumeirah,Villa,2BR,894000,826000,74500,13.1,2.1,4.79,4.25,87.4,12.6,19.1,249,874,18.0,5770,67.5,1422000,5.27,-0.48,18650000,20.9,248
RENT003671,2024-06-01,2024,6,Q2,Abu Dhabi,Abu Dhabi,Saadiyat Island,Apartment,3BR,235000,224000,19600,13.1,-2.2,5.81,4.62,91.7,8.3,21.7,141,800,10.4,1260,80.8,372000,5.79,0.02,4050000,17.2,198
RENT003672,2024-06-01,2024,6,Q2,Abu Dhabi,Abu Dhabi,Saadiyat Island,Villa,1BR,545000,516000,45400,13.1,-1.8,3.99,2.8,80.9,19.1,14.2,95,929,6.0,2450,79.3,709000,3.87,0.12,13650000,25.1,345
RENT003667,2024-06-01,2024,6,Q2,Dubai,Dubai,Sports City,Apartment,3BR,80000,78000,6700,13.1,-0.2,3.9,3.4,82.2,17.8,12.6,87,609,3.6,400,69.7,102000,3.76,0.14,2050000,25.6,526
RENT003668,2024-06-01,2024,6,Q2,Dubai,Dubai,Sports City,Villa,2BR,282000,278000,23500,13.1,-1.0,3.93,2.76,88.3,11.7,11.9,143,68,3.8,1540,65.4,368000,4.32,-0.39,7150000,25.4,282
RENT003673,2024-06-01,2024,6,Q2,Abu Dhabi,Abu Dhabi,Yas Island,Apartment,Studio,125000,118000,10400,13.1,2.9,4.37,3.42,89.4,10.6,11.8,179,721,14.8,850,81.4,253000,4.05,0.32,2850000,22.9,356
RENT003674,2024-06-01,2024,6,Q2,Abu Dhabi,Abu Dhabi,Yas Island,Villa,1BR,294000,282000,24500,13.1,-0.5,5.93,4.99,92.6,7.4,18.5,134,654,12.0,1530,87.5,489000,5.43,0.5,4950000,16.9,218
RENT003711,2024-07-01,2024,7,Q3,Dubai,Dubai,Al Furjan,Apartment,Studio,94000,94000,7800,13.1,3.4,4.45,3.62,88.5,11.5,12.7,185,703,7.9,550,72.0,145000,4.6,-0.15,2100000,22.5,198
RENT003712,2024-07-01,2024,7,Q3,Dubai,Dubai,Al Furjan,Villa,3BR,274000,266000,22800,13.1,0.8,5.1,4.5,78.9,21.1,13.2,240,332,1.1,1690,56.0,345000,5.45,-0.35,5400000,19.6,312
RENT003751,2024-07-01,2024,7,Q3,Ras Al Khaimah,Ras Al Khaimah,Al Hamra Village,Apartment,3BR,84000,85000,7000,13.1,0.6,3.95,3.03,94.6,5.4,18.2,24,319,3.1,600,80.1,175000,4.26,-0.31,2150000,25.3,108
RENT003752,2024-07-01,2024,7,Q3,Ras Al Khaimah,Ras Al Khaimah,Al Hamra Village,Villa,3BR,218000,217000,18200,13.1,-0.1,4.72,3.54,85.1,14.9,14.5,180,83,3.2,1190,78.6,341000,4.44,0.28,4600000,21.2,108
RENT003747,2024-07-01,2024,7,Q3,Sharjah,Sharjah,Al Khan,Apartment,1BR,64000,66000,5300,13.1,-0.2,4.61,3.94,84.5,15.5,21.7,175,79,6.9,420,71.1,109000,4.88,-0.27,1400000,21.7,205
RENT003748,2024-07-01,2024,7,Q3,Sharjah,Sharjah,Al Khan,Villa,5BR+,201000,190000,16800,13.1,-1.1,4.93,4.37,78.8,21.2,19.7,31,1083,1.4,1180,81.0,349000,5.29,-0.36,4100000,20.3,142
RENT003741,2024-07-01,2024,7,Q3,Sharjah,Sharjah,Al Majaz,Apartment,3BR,65000,66000,5400,13.1,1.0,5.37,4.5,85.2,14.8,20.3,180,553,6.4,270,86.9,86000,5.5,-0.13,1200000,18.6,68
RENT003742,2024-07-01,2024,7,Q3,Sharjah,Sharjah,Al Majaz,Villa,3BR,137000,144000,11400,13.1,-1.3,5.2,4.42,81.7,18.3,23.1,231,466,3.0,510,69.3,129000,5.21,-0.01,2650000,19.2,58
RENT003743,2024-07-01,2024,7,Q3,Sharjah,Sharjah,Al Nahda,Apartment,2BR,56000,53000,4700,13.1,0.2,6.2,5.63,91.2,8.8,20.9,250,942,1.6,280,85.3,87000,6.04,0.16,900000,16.1,238
RENT003744,2024-07-01,2024,7,Q3,Sharjah,Sharjah,Al Nahda,Villa,3BR,143000,146000,11900,13.1,0.3,4.32,3.23,84.3,15.7,15.9,217,180,5.7,670,66.2,162000,4.11,0.21,3300000,23.2,160
RENT003731,2024-07-01,2024,7,Q3,Abu Dhabi,Abu Dhabi,Al Raha Beach,Apartment,1BR,145000,147000,12100,13.1,2.6,5.71,4.54,78.6,21.4,20.7,183,292,4.6,590,61.9,133000,5.87,-0.16,2550000,17.5,279
RENT003732,2024-07-01,2024,7,Q3,Abu Dhabi,Abu Dhabi,Al Raha Beach,Villa,3BR,490000,501000,40800,13.1,2.2,5.26,4.1,87.2,12.8,16.1,16,66,3.4,2690,57.8,568000,5.13,0.13,9300000,19.0,337
RENT003737,2024-07-01,2024,7,Q3,Abu Dhabi,Abu Dhabi,Al Reef,Apartment,1BR,96000,95000,8000,13.1,-1.0,3.97,3.2,96.3,3.7,16.6,157,327,6.6,420,78.1,120000,3.65,0.32,2400000,25.2,200
RENT003738,2024-07-01,2024,7,Q3,Abu Dhabi,Abu Dhabi,Al Reef,Villa,2BR,180000,172000,15000,13.1,1.6,4.61,3.8,79.4,20.6,16.2,119,650,4.7,800,60.2,176000,4.55,0.06,3900000,21.7,359
RENT003725,2024-07-01,2024,7,Q3,Abu Dhabi,Abu Dhabi,Al Reem Island,Apartment,3BR,98000,98000,8200,13.1,-1.1,4.02,3.06,96.8,3.2,19.5,162,1199,4.8,460,80.7,135000,3.9,0.12,2450000,24.9,296
RENT003726,2024-07-01,2024,7,Q3,Abu Dhabi,Abu Dhabi,Al Reem Island,Villa,2BR,259000,258000,21600,13.1,1.7,4.11,3.42,85.4,14.6,23.0,173,663,3.4,1260,75.0,345000,3.77,0.34,6300000,24.3,198
RENT003749,2024-07-01,2024,7,Q3,Sharjah,Sharjah,Al Taawun,Apartment,Studio,53000,51000,4400,13.1,-0.7,6.16,5.02,93.8,6.2,11.1,33,447,2.3,230,86.4,73000,6.03,0.13,850000,16.2,104
RENT003750,2024-07-01,2024,7,Q3,Sharjah,Sharjah,Al Taawun,Villa,2BR,196000,182000,16300,13.1,-0.1,3.99,3.17,90.9,9.1,12.3,197,714,1.7,960,76.6,268000,3.65,0.34,4900000,25.1,162
RENT003705,2024-07-01,2024,7,Q3,Dubai,Dubai,Business Bay,Apartment,1BR,115000,107000,9600,13.1,-2.5,4.48,3.68,96.7,3.3,19.8,205,326,2.9,680,87.7,218000,4.71,-0.23,2550000,22.3,138
RENT003706,2024-07-01,2024,7,Q3,Dubai,Dubai,Business Bay,Villa,Studio,347000,340000,28900,13.1,1.2,5.69,4.93,78.1,21.9,21.2,191,840,4.2,2220,82.9,672000,6.14,-0.45,6100000,17.6,211
RENT003735,2024-07-01,2024,7,Q3,Abu Dhabi,Abu Dhabi,Corniche,Apartment,1BR,152000,142000,12700,13.1,-2.2,4.87,4.2,91.1,8.9,20.6,59,1041,6.3,850,62.4,194000,5.12,-0.25,3100000,20.6,49
RENT003736,2024-07-01,2024,7,Q3,Abu Dhabi,Abu Dhabi,Corniche,Villa,4BR,445000,422000,37100,13.1,2.6,5.16,3.96,91.0,9.0,11.3,44,440,2.9,3020,65.4,721000,5.4,-0.24,8650000,19.4,120
RENT003715,2024-07-01,2024,7,Q3,Dubai,Dubai,Creek Harbour,Apartment,4BR,140000,140000,11700,13.1,1.2,4.69,4.09,90.8,9.2,15.4,30,409,3.7,810,59.0,174000,4.48,0.21,3000000,21.3,486
RENT003716,2024-07-01,2024,7,Q3,Dubai,Dubai,Creek Harbour,Villa,1BR,493000,499000,41100,13.1,0.1,4.3,3.8,79.8,20.2,14.0,22,307,5.4,1940,83.7,593000,4.04,0.26,11450000,23.2,330
RENT003717,2024-07-01,2024,7,Q3,Dubai,Dubai,DAMAC Hills,Apartment,3BR,121000,119000,10100,13.1,2.6,4.49,3.86,96.3,3.7,21.5,19,518,3.3,470,80.6,138000,4.65,-0.16,2700000,22.3,428
RENT003718,2024-07-01,2024,7,Q3,Dubai,Dubai,DAMAC Hills,Villa,1BR,227000,229000,18900,13.1,3.2,5.85,5.08,96.1,3.9,15.3,138,143,6.2,920,72.1,242000,6.08,-0.23,3900000,17.1,309
RENT003697,2024-07-01,2024,7,Q3,Dubai,Dubai,Downtown Dubai,Apartment,Studio,170000,160000,14200,13.1,-1.0,4.51,3.97,92.9,7.1,14.7,40,979,9.0,730,61.8,165000,4.97,-0.46,3750000,22.2,378
RENT003698,2024-07-01,2024,7,Q3,Dubai,Dubai,Downtown Dubai,Villa,1BR,418000,408000,34800,13.1,-0.8,4.56,3.63,90.2,9.8,19.9,66,213,16.2,2410,58.7,516000,4.6,-0.04,9150000,21.9,160
RENT003703,2024-07-01,2024,7,Q3,Dubai,Dubai,Dubai Hills Estate,Apartment,1BR,177000,171000,14800,13.1,-1.0,4.1,3.29,89.2,10.8,10.9,225,197,6.0,790,65.3,188000,4.23,-0.13,4300000,24.4,387
RENT003704,2024-07-01,2024,7,Q3,Dubai,Dubai,Dubai Hills Estate,Villa,2BR,452000,460000,37700,13.1,1.2,4.59,3.47,87.5,12.5,18.0,27,339,2.9,2000,63.6,464000,4.59,0.0,9850000,21.8,553
RENT003699,2024-07-01,2024,7,Q3,Dubai,Dubai,Dubai Marina,Apartment,2BR,136000,131000,11300,13.1,2.3,5.66,4.83,81.4,18.6,24.0,36,350,15.2,600,68.3,150000,5.3,0.36,2400000,17.7,332
RENT003700,2024-07-01,2024,7,Q3,Dubai,Dubai,Dubai Marina,Villa,2BR,259000,258000,21600,13.1,-0.8,5.14,4.39,94.9,5.1,11.0,242,367,15.4,1390,66.0,335000,4.81,0.33,5050000,19.4,363
RENT003719,2024-07-01,2024,7,Q3,Dubai,Dubai,Dubai South,Apartment,1BR,79000,78000,6600,13.1,-1.2,6.08,5.29,80.7,19.3,13.5,85,1095,2.7,480,77.1,135000,5.69,0.39,1300000,16.5,256
RENT003720,2024-07-01,2024,7,Q3,Dubai,Dubai,Dubai South,Villa,1BR,203000,193000,16900,13.1,1.7,5.95,5.15,94.0,6.0,23.3,223,678,5.1,1100,85.5,343000,6.25,-0.3,3400000,16.8,449
RENT003713,2024-07-01,2024,7,Q3,Dubai,Dubai,JBR,Apartment,Studio,162000,155000,13500,13.1,2.4,4.72,3.53,80.2,19.8,11.0,151,303,15.8,1050,75.1,288000,5.15,-0.43,3450000,21.2,474
RENT003714,2024-07-01,2024,7,Q3,Dubai,Dubai,JBR,Villa,1BR,296000,303000,24700,13.1,2.4,5.64,4.81,91.5,8.5,10.1,63,632,8.8,1230,68.9,309000,5.29,0.35,5250000,17.7,335
RENT003707,2024-07-01,2024,7,Q3,Dubai,Dubai,JVC,Apartment,1BR,86000,79000,7200,13.1,3.0,4.88,3.82,84.4,15.6,19.6,165,1128,2.5,370,56.8,77000,5.0,-0.12,1750000,20.5,593
RENT003708,2024-07-01,2024,7,Q3,Dubai,Dubai,JVC,Villa,3BR,157000,156000,13100,13.1,2.7,4.04,3.41,84.1,15.9,12.6,54,590,6.6,1000,56.5,206000,4.13,-0.09,3900000,24.8,389
RENT003733,2024-07-01,2024,7,Q3,Abu Dhabi,Abu Dhabi,Khalifa City,Apartment,2BR,103000,108000,8600,13.1,0.8,4.26,3.4,91.1,8.9,11.1,28,626,4.3,500,60.5,110000,4.31,-0.05,2400000,23.5,79
RENT003734,2024-07-01,2024,7,Q3,Abu Dhabi,Abu Dhabi,Khalifa City,Villa,5BR+,297000,289000,24800,13.1,-1.6,4.18,3.64,80.3,19.7,23.7,11,114,4.6,1850,59.8,404000,4.17,0.01,7100000,23.9,67
RENT003709,2024-07-01,2024,7,Q3,Dubai,Dubai,MBR City,Apartment,3BR,179000,173000,14900,13.1,-2.4,6.04,4.97,94.3,5.7,23.7,128,338,4.6,740,80.9,219000,6.53,-0.49,2950000,16.5,286
RENT003710,2024-07-01,2024,7,Q3,Dubai,Dubai,MBR City,Villa,Studio,640000,602000,53300,13.1,-0.3,3.94,2.75,92.3,7.7,16.3,11,1063,1.2,4380,74.1,1185000,3.47,0.47,16250000,25.4,466
RENT003739,2024-07-01,2024,7,Q3,Abu Dhabi,Abu Dhabi,Masdar City,Apartment,5BR+,76000,71000,6300,13.1,-0.3,5.86,5.08,80.7,19.3,21.3,46,458,6.4,500,59.8,109000,5.48,0.38,1300000,17.1,336
RENT003740,2024-07-01,2024,7,Q3,Abu Dhabi,Abu Dhabi,Masdar City,Villa,1BR,217000,210000,18100,13.1,1.1,4.29,3.32,88.7,11.3,16.6,250,500,6.8,1330,72.0,350000,4.17,0.12,5050000,23.3,73
RENT003721,2024-07-01,2024,7,Q3,Dubai,Dubai,Meydan,Apartment,Studio,131000,127000,10900,13.1,3.5,4.67,3.62,93.4,6.6,16.2,62,1128,5.8,850,64.7,201000,4.54,0.13,2800000,21.4,402
RENT003722,2024-07-01,2024,7,Q3,Dubai,Dubai,Meydan,Villa,3BR,389000,389000,32400,13.1,-1.9,4.35,3.76,88.5,11.5,19.0,211,995,4.2,2510,78.6,720000,4.45,-0.1,8950000,23.0,569
RENT003745,2024-07-01,2024,7,Q3,Sharjah,Sharjah,Muwaileh,Apartment,5BR+,55000,54000,4600,13.1,-2.1,5.7,4.69,87.3,12.7,17.4,201,78,2.4,260,73.7,70000,5.87,-0.17,950000,17.5,205
RENT003746,2024-07-01,2024,7,Q3,Sharjah,Sharjah,Muwaileh,Villa,2BR,101000,96000,8400,13.1,-2.0,4.07,3.23,78.5,21.5,18.8,44,847,3.0,610,86.7,193000,4.31,-0.24,2500000,24.5,141
RENT003701,2024-07-01,2024,7,Q3,Dubai,Dubai,Palm Jumeirah,Apartment,3BR,260000,266000,21700,13.1,1.2,3.95,2.79,89.3,10.7,12.7,170,1036,7.5,940,66.5,228000,3.75,0.2,6600000,25.3,538
RENT003702,2024-07-01,2024,7,Q3,Dubai,Dubai,Palm Jumeirah,Villa,3BR,812000,804000,67700,13.1,-1.6,5.35,4.23,88.1,11.9,17.7,186,521,11.2,3830,63.2,884000,4.96,0.39,15200000,18.7,127
RENT003727,2024-07-01,2024,7,Q3,Abu Dhabi,Abu Dhabi,Saadiyat Island,Apartment,3BR,224000,226000,18700,13.1,1.7,5.32,4.13,84.0,16.0,23.7,117,217,11.3,1440,56.3,296000,5.67,-0.35,4200000,18.8,245
RENT003728,2024-07-01,2024,7,Q3,Abu Dhabi,Abu Dhabi,Saadiyat Island,Villa,2BR,587000,594000,48900,13.1,1.4,5.23,4.63,84.4,15.6,10.8,91,889,9.6,3060,55.5,620000,5.43,-0.2,11200000,19.1,256
RENT003723,2024-07-01,2024,7,Q3,Dubai,Dubai,Sports City,Apartment,3BR,75000,74000,6200,13.1,3.5,3.97,2.78,79.7,20.3,10.5,49,560,4.0,280,84.0,86000,4.31,-0.34,1900000,25.2,99
RENT003724,2024-07-01,2024,7,Q3,Dubai,Dubai,Sports City,Villa,3BR,209000,213000,17400,13.1,2.6,5.1,4.6,82.7,17.3,22.0,56,974,1.5,1530,56.7,317000,5.36,-0.26,4100000,19.6,372
RENT003729,2024-07-01,2024,7,Q3,Abu Dhabi,Abu Dhabi,Yas Island,Apartment,4BR,123000,118000,10200,13.1,1.5,4.31,3.77,80.3,19.7,20.6,59,111,10.7,870,66.2,210000,4.46,-0.15,2850000,23.2,228
RENT003730,2024-07-01,2024,7,Q3,Abu Dhabi,Abu Dhabi,Yas Island,Villa,3BR,232000,242000,19300,13.1,-2.1,4.16,3.57,86.7,13.3,16.7,212,127,17.2,1540,77.3,435000,3.7,0.46,5600000,24.0,191
RENT003767,2024-08-01,2024,8,Q3,Dubai,Dubai,Al Furjan,Apartment,2BR,89000,91000,7400,13.1,-2.1,6.12,5.27,89.2,10.8,19.3,203,366,5.3,500,61.8,113000,6.58,-0.46,1450000,16.3,189
RENT003768,2024-08-01,2024,8,Q3,Dubai,Dubai,Al Furjan,Villa,4BR,227000,231000,18900,13.1,-0.7,4.64,3.82,85.3,14.7,14.4,46,733,3.2,1180,73.1,315000,4.56,0.08,4900000,21.5,460
RENT003807,2024-08-01,2024,8,Q3,Ras Al Khaimah,Ras Al Khaimah,Al Hamra Village,Apartment,4BR,75000,78000,6200,13.1,-1.9,3.92,2.79,80.5,19.5,14.6,197,538,1.8,540,59.8,118000,3.99,-0.07,1900000,25.5,22
RENT003808,2024-08-01,2024,8,Q3,Ras Al Khaimah,Ras Al Khaimah,Al Hamra Village,Villa,5BR+,268000,269000,22300,13.1,2.5,5.31,4.79,80.4,19.6,21.5,60,111,1.2,1510,85.0,468000,5.8,-0.49,5050000,18.8,102
RENT003803,2024-08-01,2024,8,Q3,Sharjah,Sharjah,Al Khan,Apartment,3BR,56000,58000,4700,13.1,-0.6,5.41,4.67,96.1,3.9,12.0,188,162,5.4,320,77.9,91000,5.83,-0.42,1050000,18.5,168
RENT003804,2024-08-01,2024,8,Q3,Sharjah,Sharjah,Al Khan,Villa,2BR,124000,129000,10300,13.1,-0.9,5.35,4.77,93.0,7.0,11.0,119,497,7.0,660,76.5,184000,5.72,-0.37,2300000,18.7,39
RENT003797,2024-08-01,2024,8,Q3,Sharjah,Sharjah,Al Majaz,Apartment,2BR,67000,65000,5600,13.1,-1.5,4.53,3.39,89.4,10.6,14.1,212,1042,3.8,330,64.1,77000,4.67,-0.14,1500000,22.1,36
RENT003798,2024-08-01,2024,8,Q3,Sharjah,Sharjah,Al Majaz,Villa,1BR,164000,161000,13700,13.1,-2.5,5.34,4.34,79.4,20.6,12.9,14,170,1.6,780,59.8,170000,4.92,0.42,3050000,18.7,205
RENT003799,2024-08-01,2024,8,Q3,Sharjah,Sharjah,Al Nahda,Apartment,3BR,56000,57000,4700,13.1,0.9,5.34,4.67,94.6,5.4,21.8,185,827,4.2,320,84.9,99000,5.07,0.27,1050000,18.7,204
RENT003800,2024-08-01,2024,8,Q3,Sharjah,Sharjah,Al Nahda,Villa,1BR,109000,109000,9100,13.1,-1.4,5.33,4.77,90.3,9.7,13.3,140,295,1.6,680,64.5,160000,4.84,0.49,2050000,18.8,35
RENT003787,2024-08-01,2024,8,Q3,Abu Dhabi,Abu Dhabi,Al Raha Beach,Apartment,1BR,136000,133000,11300,13.1,2.1,5.48,4.62,79.2,20.8,11.1,223,676,3.6,540,84.4,166000,5.68,-0.2,2500000,18.2,95
RENT003788,2024-08-01,2024,8,Q3,Abu Dhabi,Abu Dhabi,Al Raha Beach,Villa,3BR,258000,256000,21500,13.1,-0.8,6.17,5.48,89.1,10.9,23.9,127,838,3.4,1730,66.6,421000,6.56,-0.39,4200000,16.2,177
RENT003793,2024-08-01,2024,8,Q3,Abu Dhabi,Abu Dhabi,Al Reef,Apartment,2BR,85000,87000,7100,13.1,2.5,5.77,4.64,78.3,21.7,20.2,59,317,4.5,560,76.2,156000,5.53,0.24,1450000,17.3,306
RENT003794,2024-08-01,2024,8,Q3,Abu Dhabi,Abu Dhabi,Al Reef,Villa,4BR,201000,200000,16800,13.1,0.9,4.81,4.03,93.6,6.4,12.0,70,824,4.4,1420,81.2,421000,4.33,0.48,4200000,20.8,65
RENT003781,2024-08-01,2024,8,Q3,Abu Dhabi,Abu Dhabi,Al Reem Island,Apartment,1BR,94000,90000,7800,13.1,2.4,4.21,3.03,89.3,10.7,16.9,235,438,4.9,390,60.4,86000,3.92,0.29,2250000,23.7,145
RENT003782,2024-08-01,2024,8,Q3,Abu Dhabi,Abu Dhabi,Al Reem Island,Villa,4BR,188000,186000,15700,13.1,-1.1,4.52,3.43,92.9,7.1,19.8,239,827,4.9,830,59.0,179000,4.78,-0.26,4150000,22.1,205
RENT003805,2024-08-01,2024,8,Q3,Sharjah,Sharjah,Al Taawun,Apartment,4BR,50000,52000,4200,13.1,1.6,5.43,4.49,94.0,6.0,13.2,13,68,5.4,260,72.4,69000,5.62,-0.19,900000,18.4,72
RENT003806,2024-08-01,2024,8,Q3,Sharjah,Sharjah,Al Taawun,Villa,2BR,114000,110000,9500,13.1,-2.0,4.95,4.07,95.8,4.2,23.4,23,733,2.4,540,60.4,119000,5.16,-0.21,2300000,20.2,81
RENT003761,2024-08-01,2024,8,Q3,Dubai,Dubai,Business Bay,Apartment,1BR,123000,129000,10200,13.1,-2.2,4.44,3.48,87.6,12.4,14.7,177,760,7.1,840,78.7,241000,4.07,0.37,2750000,22.5,376
RENT003762,2024-08-01,2024,8,Q3,Dubai,Dubai,Business Bay,Villa,1BR,404000,421000,33700,13.1,0.6,4.25,3.15,92.2,7.8,17.1,157,804,6.6,1500,74.9,410000,4.3,-0.05,9500000,23.5,594
RENT003791,2024-08-01,2024,8,Q3,Abu Dhabi,Abu Dhabi,Corniche,Apartment,Studio,139000,129000,11600,13.1,-1.3,6.11,5.08,94.3,5.7,17.1,148,333,5.2,920,75.7,254000,5.97,0.14,2250000,16.4,215
RENT003792,2024-08-01,2024,8,Q3,Abu Dhabi,Abu Dhabi,Corniche,Villa,3BR,496000,460000,41300,13.1,0.4,5.29,4.19,79.2,20.8,20.2,199,883,5.1,2510,61.0,559000,5.78,-0.49,9350000,18.9,63
RENT003771,2024-08-01,2024,8,Q3,Dubai,Dubai,Creek Harbour,Apartment,Studio,143000,150000,11900,13.1,-0.3,4.99,4.08,93.4,6.6,13.6,237,145,5.6,700,66.2,169000,4.91,0.08,2850000,20.0,505
RENT003772,2024-08-01,2024,8,Q3,Dubai,Dubai,Creek Harbour,Villa,3BR,448000,468000,37300,13.1,-1.2,5.66,4.65,82.3,17.7,13.8,116,320,3.0,2900,58.1,615000,5.68,-0.02,7900000,17.7,284
RENT003773,2024-08-01,2024,8,Q3,Dubai,Dubai,DAMAC Hills,Apartment,1BR,112000,115000,9300,13.1,0.5,4.88,3.71,95.1,4.9,13.3,213,90,2.8,650,78.6,186000,4.77,0.11,2300000,20.5,206
RENT003774,2024-08-01,2024,8,Q3,Dubai,Dubai,DAMAC Hills,Villa,2BR,395000,384000,32900,13.1,0.3,5.65,4.94,89.7,10.3,16.3,23,984,3.1,2680,73.1,715000,5.81,-0.16,7000000,17.7,352
RENT003753,2024-08-01,2024,8,Q3,Dubai,Dubai,Downtown Dubai,Apartment,2BR,151000,153000,12600,13.1,3.4,4.13,3.22,78.1,21.9,14.9,173,306,15.5,1000,80.3,293000,3.92,0.21,3650000,24.2,429
RENT003754,2024-08-01,2024,8,Q3,Dubai,Dubai,Downtown Dubai,Villa,Studio,408000,428000,34000,13.1,0.5,4.01,2.98,85.0,15.0,14.4,10,890,5.3,2270,83.2,689000,4.26,-0.25,10150000,24.9,87
RENT003759,2024-08-01,2024,8,Q3,Dubai,Dubai,Dubai Hills Estate,Apartment,2BR,175000,182000,14600,13.1,0.8,4.16,3.4,81.4,18.6,19.4,242,826,1.8,1090,82.9,330000,3.68,0.48,4200000,24.0,309
RENT003760,2024-08-01,2024,8,Q3,Dubai,Dubai,Dubai Hills Estate,Villa,4BR,576000,582000,48000,13.1,-0.2,4.29,3.25,91.2,8.8,14.8,177,373,1.6,3570,55.1,718000,4.56,-0.27,13400000,23.3,459
RENT003755,2024-08-01,2024,8,Q3,Dubai,Dubai,Dubai Marina,Apartment,2BR,129000,129000,10800,13.1,2.1,4.86,3.87,84.0,16.0,15.6,62,318,19.8,560,84.5,173000,4.5,0.36,2650000,20.6,547
RENT003756,2024-08-01,2024,8,Q3,Dubai,Dubai,Dubai Marina,Villa,2BR,282000,280000,23500,13.1,-1.7,3.9,3.32,79.3,20.7,10.6,22,211,16.1,1840,67.5,453000,3.46,0.44,7250000,25.7,509
RENT003775,2024-08-01,2024,8,Q3,Dubai,Dubai,Dubai South,Apartment,5BR+,75000,74000,6200,13.1,-1.7,4.72,4.11,78.2,21.8,12.4,20,777,1.8,330,60.7,73000,5.06,-0.34,1600000,21.2,430
RENT003776,2024-08-01,2024,8,Q3,Dubai,Dubai,Dubai South,Villa,2BR,197000,194000,16400,13.1,2.4,6.14,5.18,87.3,12.7,10.6,243,575,4.8,1210,64.6,285000,5.82,0.32,3200000,16.3,377
RENT003769,2024-08-01,2024,8,Q3,Dubai,Dubai,JBR,Apartment,4BR,145000,138000,12100,13.1,1.3,3.94,3.2,82.6,17.4,12.9,13,406,5.9,560,68.5,140000,3.59,0.35,3700000,25.4,299
RENT003770,2024-08-01,2024,8,Q3,Dubai,Dubai,JBR,Villa,5BR+,507000,511000,42200,13.1,0.9,6.03,4.91,83.7,16.3,21.4,125,909,17.2,3140,60.1,689000,5.57,0.46,8400000,16.6,320
RENT003763,2024-08-01,2024,8,Q3,Dubai,Dubai,JVC,Apartment,Studio,87000,85000,7200,13.1,-0.1,4.79,3.93,86.2,13.8,15.6,114,72,1.9,330,77.3,93000,4.58,0.21,1800000,20.9,536
RENT003764,2024-08-01,2024,8,Q3,Dubai,Dubai,JVC,Villa,3BR,181000,182000,15100,13.1,-0.3,4.93,3.88,90.5,9.5,12.3,117,919,4.3,760,85.6,237000,5.29,-0.36,3650000,20.3,226
RENT003789,2024-08-01,2024,8,Q3,Abu Dhabi,Abu Dhabi,Khalifa City,Apartment,3BR,91000,90000,7600,13.1,-2.0,4.41,3.24,85.4,14.6,20.1,30,153,6.5,620,76.3,173000,4.22,0.19,2050000,22.7,208
RENT003790,2024-08-01,2024,8,Q3,Abu Dhabi,Abu Dhabi,Khalifa City,Villa,1BR,339000,329000,28200,13.1,1.1,4.48,3.61,96.3,3.7,15.8,181,816,7.1,2330,68.3,581000,4.59,-0.11,7550000,22.3,297
RENT003765,2024-08-01,2024,8,Q3,Dubai,Dubai,MBR City,Apartment,2BR,175000,181000,14600,13.1,-1.5,5.2,4.02,90.8,9.2,15.4,164,913,3.5,1290,73.2,345000,5.16,0.04,3350000,19.2,491
RENT003766,2024-08-01,2024,8,Q3,Dubai,Dubai,MBR City,Villa,1BR,600000,611000,50000,13.1,1.3,5.37,4.27,94.8,5.2,16.1,15,327,1.7,3240,68.0,804000,5.6,-0.23,11200000,18.6,241
RENT003795,2024-08-01,2024,8,Q3,Abu Dhabi,Abu Dhabi,Masdar City,Apartment,1BR,76000,79000,6300,13.1,1.7,3.95,3.24,93.3,6.7,12.1,250,764,3.8,540,74.2,146000,4.4,-0.45,1900000,25.3,307
RENT003796,2024-08-01,2024,8,Q3,Abu Dhabi,Abu Dhabi,Masdar City,Villa,3BR,271000,254000,22600,13.1,0.1,4.77,4.0,90.7,9.3,21.7,48,979,1.0,1130,81.4,336000,4.43,0.34,5700000,21.0,191
RENT003777,2024-08-01,2024,8,Q3,Dubai,Dubai,Meydan,Apartment,3BR,128000,128000,10700,13.1,-1.5,5.51,4.99,89.6,10.4,20.5,224,578,3.7,580,61.0,129000,5.14,0.37,2300000,18.1,290
RENT003778,2024-08-01,2024,8,Q3,Dubai,Dubai,Meydan,Villa,2BR,318000,323000,26500,13.1,0.2,5.4,4.8,80.7,19.3,13.1,86,1059,3.0,1330,82.4,400000,5.52,-0.12,5900000,18.5,400
RENT003801,2024-08-01,2024,8,Q3,Sharjah,Sharjah,Muwaileh,Apartment,3BR,49000,46000,4100,13.1,1.3,6.18,5.67,90.6,9.4,18.9,223,867,2.8,290,75.7,80000,5.86,0.32,800000,16.2,112
RENT003802,2024-08-01,2024,8,Q3,Sharjah,Sharjah,Muwaileh,Villa,3BR,112000,114000,9300,13.1,3.0,5.19,4.29,80.1,19.9,12.8,10,1051,5.8,570,72.6,151000,4.86,0.33,2150000,19.3,91
RENT003757,2024-08-01,2024,8,Q3,Dubai,Dubai,Palm Jumeirah,Apartment,2BR,257000,259000,21400,13.1,0.7,3.9,3.21,96.3,3.7,13.4,219,949,8.0,940,70.6,242000,4.34,-0.44,6600000,25.7,456
RENT003758,2024-08-01,2024,8,Q3,Dubai,Dubai,Palm Jumeirah,Villa,2BR,870000,823000,72500,13.1,-0.0,4.89,4.39,78.7,21.3,20.8,53,641,12.7,4920,57.1,1025000,4.67,0.22,17800000,20.5,208
RENT003783,2024-08-01,2024,8,Q3,Abu Dhabi,Abu Dhabi,Saadiyat Island,Apartment,3BR,220000,209000,18300,13.1,-0.8,4.84,4.04,96.5,3.5,23.8,43,333,17.7,1110,58.3,236000,4.87,-0.03,4550000,20.7,55
RENT003784,2024-08-01,2024,8,Q3,Abu Dhabi,Abu Dhabi,Saadiyat Island,Villa,1BR,723000,721000,60200,13.1,-0.8,5.49,4.41,88.0,12.0,15.8,39,696,7.6,4530,67.0,1108000,5.86,-0.37,13150000,18.2,168
RENT003779,2024-08-01,2024,8,Q3,Dubai,Dubai,Sports City,Apartment,3BR,81000,79000,6800,13.1,-1.2,6.14,5.5,94.2,5.8,15.8,94,299,5.9,470,76.1,131000,6.11,0.03,1300000,16.3,460
RENT003780,2024-08-01,2024,8,Q3,Dubai,Dubai,Sports City,Villa,2BR,210000,194000,17500,13.1,1.6,4.47,3.45,84.4,15.6,22.6,23,480,5.4,1350,62.5,308000,4.79,-0.32,4700000,22.4,174
RENT003785,2024-08-01,2024,8,Q3,Abu Dhabi,Abu Dhabi,Yas Island,Apartment,3BR,121000,126000,10100,13.1,2.2,4.7,3.59,94.1,5.9,19.3,66,360,10.9,590,56.7,122000,4.81,-0.11,2600000,21.3,232
RENT003786,2024-08-01,2024,8,Q3,Abu Dhabi,Abu Dhabi,Yas Island,Villa,5BR+,250000,251000,20800,13.1,1.2,3.98,3.22,96.5,3.5,16.3,210,424,18.6,940,63.5,218000,4.05,-0.07,6300000,25.1,290
RENT003823,2024-09-01,2024,9,Q3,Dubai,Dubai,Al Furjan,Apartment,4BR,91000,86000,7600,13.1,1.3,4.21,3.17,95.4,4.6,20.2,15,958,1.3,560,68.0,139000,4.06,0.15,2150000,23.8,568
RENT003824,2024-09-01,2024,9,Q3,Dubai,Dubai,Al Furjan,Villa,2BR,282000,262000,23500,13.1,-0.8,5.52,4.42,88.3,11.7,17.8,51,1030,4.1,1650,65.6,395000,5.94,-0.42,5100000,18.1,452
RENT003863,2024-09-01,2024,9,Q3,Ras Al Khaimah,Ras Al Khaimah,Al Hamra Village,Apartment,3BR,83000,85000,6900,13.1,2.5,4.95,3.88,90.6,9.4,15.0,68,356,7.0,600,61.0,134000,4.73,0.22,1700000,20.2,17
RENT003864,2024-09-01,2024,9,Q3,Ras Al Khaimah,Ras Al Khaimah,Al Hamra Village,Villa,2BR,141000,147000,11800,13.1,-0.0,5.87,5.16,82.3,17.7,14.6,49,273,1.5,740,77.0,208000,6.29,-0.42,2400000,17.0,81
RENT003859,2024-09-01,2024,9,Q3,Sharjah,Sharjah,Al Khan,Apartment,2BR,58000,59000,4800,13.1,1.8,5.74,5.08,83.9,16.1,21.1,92,1098,4.6,230,68.7,58000,6.1,-0.36,1000000,17.4,188
RENT003860,2024-09-01,2024,9,Q3,Sharjah,Sharjah,Al Khan,Villa,3BR,207000,212000,17200,13.1,0.4,6.1,5.02,91.0,9.0,23.5,48,886,4.0,1010,86.0,317000,6.17,-0.07,3400000,16.4,41
RENT003853,2024-09-01,2024,9,Q3,Sharjah,Sharjah,Al Majaz,Apartment,1BR,65000,60000,5400,13.1,-1.5,5.99,5.1,90.7,9.3,10.9,39,905,6.0,320,57.9,68000,6.39,-0.4,1100000,16.7,200
RENT003854,2024-09-01,2024,9,Q3,Sharjah,Sharjah,Al Majaz,Villa,5BR+,223000,233000,18600,13.1,-1.6,5.9,5.29,83.4,16.6,21.5,190,539,2.1,1100,87.5,351000,6.29,-0.39,3800000,16.9,74
RENT003855,2024-09-01,2024,9,Q3,Sharjah,Sharjah,Al Nahda,Apartment,2BR,52000,52000,4300,13.1,2.1,5.53,4.67,83.7,16.3,21.5,245,96,7.5,380,56.3,78000,5.94,-0.41,950000,18.1,154
RENT003856,2024-09-01,2024,9,Q3,Sharjah,Sharjah,Al Nahda,Villa,Studio,95000,98000,7900,13.1,0.1,4.84,3.99,86.3,13.7,13.5,213,911,6.2,670,81.4,199000,5.26,-0.42,1950000,20.6,127
RENT003843,2024-09-01,2024,9,Q3,Abu Dhabi,Abu Dhabi,Al Raha Beach,Apartment,3BR,130000,130000,10800,13.1,0.2,6.16,5.31,80.9,19.1,11.4,56,587,6.4,740,81.6,220000,5.7,0.46,2100000,16.2,154
RENT003844,2024-09-01,2024,9,Q3,Abu Dhabi,Abu Dhabi,Al Raha Beach,Villa,4BR,369000,352000,30800,13.1,-1.7,5.33,4.18,83.4,16.6,22.7,73,242,2.5,2490,63.6,578000,5.45,-0.12,6950000,18.8,87
RENT003849,2024-09-01,2024,9,Q3,Abu Dhabi,Abu Dhabi,Al Reef,Apartment,Studio,87000,80000,7200,13.1,-1.4,5.49,4.38,94.6,5.4,17.1,98,1149,4.1,560,74.3,152000,5.33,0.16,1600000,18.2,235
RENT003850,2024-09-01,2024,9,Q3,Abu Dhabi,Abu Dhabi,Al Reef,Villa,1BR,218000,217000,18200,13.1,0.6,4.5,3.82,82.8,17.2,11.9,222,1160,6.4,1160,61.4,260000,4.04,0.46,4850000,22.2,117
RENT003837,2024-09-01,2024,9,Q3,Abu Dhabi,Abu Dhabi,Al Reem Island,Apartment,3BR,103000,104000,8600,13.1,1.5,4.65,3.69,96.0,4.0,20.3,78,603,2.1,540,74.1,146000,4.83,-0.18,2200000,21.5,283
RENT003838,2024-09-01,2024,9,Q3,Abu Dhabi,Abu Dhabi,Al Reem Island,Villa,1BR,194000,184000,16200,13.1,1.7,5.69,4.78,87.8,12.2,20.4,144,269,3.8,700,71.5,183000,5.95,-0.26,3400000,17.6,271
RENT003861,2024-09-01,2024,9,Q3,Sharjah,Sharjah,Al Taawun,Apartment,2BR,55000,53000,4600,13.1,-1.3,4.39,3.67,88.9,11.1,20.5,204,356,7.4,400,79.0,115000,4.23,0.16,1250000,22.8,41
RENT003862,2024-09-01,2024,9,Q3,Sharjah,Sharjah,Al Taawun,Villa,4BR,152000,147000,12700,13.1,1.8,4.78,4.16,96.1,3.9,20.1,29,359,3.9,660,86.1,207000,4.79,-0.01,3200000,20.9,132
RENT003817,2024-09-01,2024,9,Q3,Dubai,Dubai,Business Bay,Apartment,3BR,108000,113000,9000,13.1,-1.2,4.84,4.12,89.2,10.8,13.6,27,656,6.6,550,60.6,122000,4.62,0.22,2250000,20.6,276
RENT003818,2024-09-01,2024,9,Q3,Dubai,Dubai,Business Bay,Villa,3BR,205000,214000,17100,13.1,-1.2,4.43,3.7,88.1,11.9,20.8,214,846,7.1,950,65.5,227000,3.99,0.44,4650000,22.6,256
RENT003847,2024-09-01,2024,9,Q3,Abu Dhabi,Abu Dhabi,Corniche,Apartment,2BR,149000,150000,12400,13.1,0.9,4.14,3.36,80.5,19.5,16.3,178,64,3.1,620,64.3,146000,4.15,-0.01,3600000,24.1,221
RENT003848,2024-09-01,2024,9,Q3,Abu Dhabi,Abu Dhabi,Corniche,Villa,1BR,291000,270000,24200,13.1,2.3,5.27,4.21,83.5,16.5,17.7,233,493,4.9,1120,83.7,342000,5.28,-0.01,5500000,19.0,318
RENT003827,2024-09-01,2024,9,Q3,Dubai,Dubai,Creek Harbour,Apartment,1BR,120000,120000,10000,13.1,2.2,3.93,3.29,79.9,20.1,16.9,214,1040,5.6,810,78.8,233000,3.88,0.05,3050000,25.5,241
RENT003828,2024-09-01,2024,9,Q3,Dubai,Dubai,Creek Harbour,Villa,1BR,318000,298000,26500,13.1,0.7,3.9,2.74,93.2,6.8,14.8,46,682,4.4,1250,78.6,359000,3.6,0.3,8150000,25.7,219
RENT003829,2024-09-01,2024,9,Q3,Dubai,Dubai,DAMAC Hills,Apartment,4BR,115000,118000,9600,13.1,0.8,5.21,4.49,78.4,21.6,14.2,210,133,5.3,500,79.5,145000,5.05,0.16,2200000,19.2,371
RENT003830,2024-09-01,2024,9,Q3,Dubai,Dubai,DAMAC Hills,Villa,Studio,288000,267000,24000,13.1,1.8,6.18,5.27,92.7,7.3,17.6,213,951,3.7,1820,67.2,446000,5.7,0.48,4650000,16.2,399
RENT003809,2024-09-01,2024,9,Q3,Dubai,Dubai,Downtown Dubai,Apartment,3BR,155000,143000,12900,13.1,2.5,5.98,5.28,92.1,7.9,14.1,81,831,18.3,840,67.6,207000,6.16,-0.18,2600000,16.7,499
RENT003810,2024-09-01,2024,9,Q3,Dubai,Dubai,Downtown Dubai,Villa,1BR,469000,433000,39100,13.1,3.4,5.25,4.29,84.7,15.3,17.6,92,910,9.7,2210,66.8,539000,4.83,0.42,8950000,19.0,134
RENT003815,2024-09-01,2024,9,Q3,Dubai,Dubai,Dubai Hills Estate,Apartment,3BR,156000,150000,13000,13.1,-2.3,5.69,4.72,78.4,21.6,16.5,141,201,4.3,640,60.2,141000,5.59,0.1,2750000,17.6,525
RENT003816,2024-09-01,2024,9,Q3,Dubai,Dubai,Dubai Hills Estate,Villa,2BR,356000,361000,29700,13.1,2.6,4.12,3.34,95.8,4.2,11.3,242,68,4.6,1790,75.0,490000,4.61,-0.49,8650000,24.3,80
RENT003811,2024-09-01,2024,9,Q3,Dubai,Dubai,Dubai Marina,Apartment,2BR,133000,129000,11100,13.1,-1.3,5.0,4.22,85.2,14.8,16.8,108,139,7.3,750,67.8,186000,4.97,0.03,2650000,20.0,339
RENT003812,2024-09-01,2024,9,Q3,Dubai,Dubai,Dubai Marina,Villa,2BR,253000,255000,21100,13.1,2.1,4.95,4.3,86.6,13.4,16.7,27,437,10.1,1360,71.2,353000,5.07,-0.12,5100000,20.2,231
RENT003831,2024-09-01,2024,9,Q3,Dubai,Dubai,Dubai South,Apartment,1BR,72000,70000,6000,13.1,-1.3,6.24,5.13,82.6,17.4,20.6,241,876,2.3,460,71.7,120000,6.05,0.19,1150000,16.0,546
RENT003832,2024-09-01,2024,9,Q3,Dubai,Dubai,Dubai South,Villa,2BR,253000,256000,21100,13.1,-1.7,5.49,4.95,83.6,16.4,23.4,183,535,3.8,1430,64.4,336000,5.8,-0.31,4600000,18.2,96
RENT003825,2024-09-01,2024,9,Q3,Dubai,Dubai,JBR,Apartment,Studio,135000,141000,11200,13.1,2.2,5.89,5.16,95.9,4.1,19.5,19,270,6.9,830,83.0,251000,6.13,-0.24,2300000,17.0,124
RENT003826,2024-09-01,2024,9,Q3,Dubai,Dubai,JBR,Villa,2BR,349000,360000,29100,13.1,3.4,4.72,4.04,87.0,13.0,14.2,30,1104,15.2,1950,82.2,585000,4.81,-0.09,7400000,21.2,575
RENT003819,2024-09-01,2024,9,Q3,Dubai,Dubai,JVC,Apartment,4BR,90000,93000,7500,13.1,1.4,5.61,4.84,81.8,18.2,11.4,44,638,1.3,390,61.9,88000,5.37,0.24,1600000,17.8,177
RENT003820,2024-09-01,2024,9,Q3,Dubai,Dubai,JVC,Villa,1BR,258000,262000,21500,13.1,-2.5,4.2,3.61,86.9,13.1,22.2,160,700,7.7,1770,79.2,512000,4.17,0.03,6150000,23.8,359
RENT003845,2024-09-01,2024,9,Q3,Abu Dhabi,Abu Dhabi,Khalifa City,Apartment,2BR,89000,86000,7400,13.1,1.9,5.03,3.9,79.3,20.7,15.8,171,657,2.9,340,56.0,69000,5.4,-0.37,1750000,19.9,133
RENT003846,2024-09-01,2024,9,Q3,Abu Dhabi,Abu Dhabi,Khalifa City,Villa,Studio,293000,279000,24400,13.1,3.0,5.24,4.58,90.0,10.0,16.8,109,1101,6.0,1470,71.9,386000,5.15,0.09,5600000,19.1,212
RENT003821,2024-09-01,2024,9,Q3,Dubai,Dubai,MBR City,Apartment,Studio,191000,188000,15900,13.1,3.4,3.99,3.04,94.1,5.9,19.7,94,731,1.3,1330,57.0,277000,4.19,-0.2,4800000,25.1,301
RENT003822,2024-09-01,2024,9,Q3,Dubai,Dubai,MBR City,Villa,1BR,507000,481000,42200,13.1,0.2,3.93,2.94,84.9,15.1,19.2,126,537,8.0,2750,83.0,833000,3.84,0.09,12900000,25.4,188
RENT003851,2024-09-01,2024,9,Q3,Abu Dhabi,Abu Dhabi,Masdar City,Apartment,2BR,79000,74000,6600,13.1,0.8,5.46,4.51,89.4,10.6,20.4,17,752,3.5,350,75.6,97000,5.16,0.3,1450000,18.3,248
RENT003852,2024-09-01,2024,9,Q3,Abu Dhabi,Abu Dhabi,Masdar City,Villa,2BR,194000,193000,16200,13.1,0.3,5.08,4.55,78.4,21.6,22.3,182,1066,7.1,1030,69.0,259000,4.69,0.39,3800000,19.7,260
RENT003833,2024-09-01,2024,9,Q3,Dubai,Dubai,Meydan,Apartment,2BR,125000,120000,10400,13.1,2.1,4.6,3.93,80.9,19.1,11.9,37,1060,6.5,520,64.1,122000,4.65,-0.05,2700000,21.7,86
RENT003834,2024-09-01,2024,9,Q3,Dubai,Dubai,Meydan,Villa,3BR,436000,436000,36300,13.1,-0.6,4.42,3.62,89.1,10.9,17.9,135,94,6.9,2040,81.5,607000,4.1,0.32,9850000,22.6,580
RENT003857,2024-09-01,2024,9,Q3,Sharjah,Sharjah,Muwaileh,Apartment,Studio,49000,46000,4100,13.1,2.9,4.03,3.38,81.0,19.0,21.5,207,373,3.5,180,86.6,57000,4.24,-0.21,1200000,24.8,147
RENT003858,2024-09-01,2024,9,Q3,Sharjah,Sharjah,Muwaileh,Villa,1BR,94000,93000,7800,13.1,3.0,6.15,5.57,96.3,3.7,12.0,51,1068,2.3,640,77.1,180000,5.78,0.37,1550000,16.3,147
RENT003813,2024-09-01,2024,9,Q3,Dubai,Dubai,Palm Jumeirah,Apartment,2BR,264000,266000,22000,13.1,-2.0,5.65,4.99,85.4,14.6,12.4,59,566,12.0,1470,77.4,415000,5.26,0.39,4650000,17.7,426
RENT003814,2024-09-01,2024,9,Q3,Dubai,Dubai,Palm Jumeirah,Villa,1BR,602000,613000,50200,13.1,3.2,4.14,3.54,92.9,7.1,10.2,124,413,16.8,3650,65.2,869000,3.74,0.4,14550000,24.2,265
RENT003839,2024-09-01,2024,9,Q3,Abu Dhabi,Abu Dhabi,Saadiyat Island,Apartment,4BR,196000,182000,16300,13.1,-1.8,4.75,3.81,85.3,14.7,10.1,140,205,13.4,860,72.6,228000,4.75,0.0,4100000,21.0,141
RENT003840,2024-09-01,2024,9,Q3,Abu Dhabi,Abu Dhabi,Saadiyat Island,Villa,1BR,504000,474000,42000,13.1,-1.3,5.46,4.46,95.8,4.2,18.5,139,802,6.9,2110,81.5,628000,5.08,0.38,9250000,18.3,226
RENT003835,2024-09-01,2024,9,Q3,Dubai,Dubai,Sports City,Apartment,1BR,75000,74000,6200,13.1,-2.4,5.47,4.46,95.3,4.7,22.8,87,465,2.8,400,61.3,89000,5.95,-0.48,1350000,18.3,437
RENT003836,2024-09-01,2024,9,Q3,Dubai,Dubai,Sports City,Villa,1BR,131000,136000,10900,13.1,2.0,4.38,3.68,79.5,20.5,13.6,155,1136,7.4,710,55.3,143000,4.3,0.08,3000000,22.8,286
RENT003841,2024-09-01,2024,9,Q3,Abu Dhabi,Abu Dhabi,Yas Island,Apartment,1BR,106000,103000,8800,13.1,2.7,4.35,3.49,94.5,5.5,22.5,212,630,6.8,770,83.6,235000,4.05,0.3,2450000,23.0,124
RENT003842,2024-09-01,2024,9,Q3,Abu Dhabi,Abu Dhabi,Yas Island,Villa,1BR,284000,265000,23700,13.1,0.6,4.47,3.76,87.2,12.8,22.4,163,798,17.6,1250,70.6,322000,4.63,-0.16,6350000,22.4,214
RENT003879,2024-10-01,2024,10,Q4,Dubai,Dubai,Al Furjan,Apartment,2BR,91000,89000,7600,13.1,0.8,5.59,4.41,84.7,15.3,20.7,76,955,3.8,460,83.0,139000,5.61,-0.02,1650000,17.9,356
RENT003880,2024-10-01,2024,10,Q4,Dubai,Dubai,Al Furjan,Villa,2BR,236000,247000,19700,13.1,2.8,5.35,4.68,80.9,19.1,20.2,182,461,3.5,1470,75.3,404000,5.11,0.24,4400000,18.7,478
RENT003919,2024-10-01,2024,10,Q4,Ras Al Khaimah,Ras Al Khaimah,Al Hamra Village,Apartment,2BR,71000,66000,5900,13.1,3.5,5.01,4.37,96.2,3.8,13.8,90,1131,7.9,480,63.4,111000,4.51,0.5,1400000,20.0,35
RENT003920,2024-10-01,2024,10,Q4,Ras Al Khaimah,Ras Al Khaimah,Al Hamra Village,Villa,Studio,188000,181000,15700,13.1,0.4,3.92,3.03,85.6,14.4,19.6,128,1098,1.2,980,66.2,237000,4.16,-0.24,4800000,25.5,79
RENT003915,2024-10-01,2024,10,Q4,Sharjah,Sharjah,Al Khan,Apartment,1BR,55000,53000,4600,13.1,-1.1,4.47,3.34,79.5,20.5,16.0,108,1058,3.9,370,80.5,109000,4.75,-0.28,1250000,22.4,197
RENT003916,2024-10-01,2024,10,Q4,Sharjah,Sharjah,Al Khan,Villa,1BR,116000,107000,9700,13.1,2.9,5.73,4.76,95.4,4.6,13.1,86,541,6.1,420,61.4,94000,5.91,-0.18,2000000,17.4,132
RENT003909,2024-10-01,2024,10,Q4,Sharjah,Sharjah,Al Majaz,Apartment,Studio,62000,59000,5200,13.1,3.1,4.44,3.84,86.9,13.1,11.6,125,239,1.2,260,65.8,62000,4.38,0.06,1400000,22.5,94
RENT003910,2024-10-01,2024,10,Q4,Sharjah,Sharjah,Al Majaz,Villa,1BR,172000,174000,14300,13.1,-0.3,3.96,3.32,89.4,10.6,22.1,105,777,3.6,1050,81.6,313000,4.02,-0.06,4350000,25.3,48
RENT003911,2024-10-01,2024,10,Q4,Sharjah,Sharjah,Al Nahda,Apartment,2BR,56000,59000,4700,13.1,3.5,5.49,4.54,83.3,16.7,16.9,76,965,3.3,290,72.0,76000,5.14,0.35,1000000,18.2,160
RENT003912,2024-10-01,2024,10,Q4,Sharjah,Sharjah,Al Nahda,Villa,3BR,129000,119000,10800,13.1,-2.5,3.88,3.23,91.2,8.8,12.5,200,99,6.6,500,60.6,111000,4.14,-0.26,3300000,25.7,78
RENT003899,2024-10-01,2024,10,Q4,Abu Dhabi,Abu Dhabi,Al Raha Beach,Apartment,1BR,121000,125000,10100,13.1,0.7,4.12,3.39,84.2,15.8,13.5,117,167,2.0,470,68.7,118000,4.59,-0.47,2950000,24.3,153
RENT003900,2024-10-01,2024,10,Q4,Abu Dhabi,Abu Dhabi,Al Raha Beach,Villa,5BR+,382000,395000,31800,13.1,1.5,4.42,3.65,88.2,11.8,15.5,231,773,7.0,2580,77.9,734000,4.43,-0.01,8650000,22.6,136
RENT003905,2024-10-01,2024,10,Q4,Abu Dhabi,Abu Dhabi,Al Reef,Apartment,3BR,84000,77000,7000,13.1,0.1,4.22,3.45,80.8,19.2,16.6,116,845,1.7,440,76.7,123000,4.2,0.02,2000000,23.7,157
RENT003906,2024-10-01,2024,10,Q4,Abu Dhabi,Abu Dhabi,Al Reef,Villa,2BR,165000,169000,13800,13.1,-0.5,4.38,3.38,95.8,4.2,18.5,42,586,2.9,700,55.3,141000,4.07,0.31,3750000,22.8,64
RENT003893,2024-10-01,2024,10,Q4,Abu Dhabi,Abu Dhabi,Al Reem Island,Apartment,2BR,91000,91000,7600,13.1,0.3,4.12,3.03,95.1,4.9,21.5,98,557,5.7,540,71.6,141000,4.29,-0.17,2200000,24.3,332
RENT003894,2024-10-01,2024,10,Q4,Abu Dhabi,Abu Dhabi,Al Reem Island,Villa,3BR,277000,271000,23100,13.1,3.4,4.78,3.68,85.3,14.7,12.8,99,223,6.4,1510,74.9,413000,4.42,0.36,5800000,20.9,219
RENT003917,2024-10-01,2024,10,Q4,Sharjah,Sharjah,Al Taawun,Apartment,2BR,54000,50000,4500,13.1,2.9,4.09,3.38,88.6,11.4,14.1,43,368,4.9,250,77.0,70000,3.69,0.4,1300000,24.4,195
RENT003918,2024-10-01,2024,10,Q4,Sharjah,Sharjah,Al Taawun,Villa,2BR,165000,164000,13800,13.1,-2.1,5.4,4.2,86.1,13.9,22.9,130,827,7.6,830,71.8,218000,5.74,-0.34,3050000,18.5,198
RENT003873,2024-10-01,2024,10,Q4,Dubai,Dubai,Business Bay,Apartment,2BR,112000,103000,9300,13.1,3.4,4.97,4.22,89.2,10.8,18.1,209,56,1.8,710,62.8,163000,4.94,0.03,2250000,20.1,495
RENT003874,2024-10-01,2024,10,Q4,Dubai,Dubai,Business Bay,Villa,2BR,310000,323000,25800,13.1,-2.1,4.79,4.09,90.7,9.3,14.5,146,373,6.9,2270,78.8,653000,4.81,-0.02,6450000,20.9,256
RENT003903,2024-10-01,2024,10,Q4,Abu Dhabi,Abu Dhabi,Corniche,Apartment,1BR,146000,135000,12200,13.1,-1.5,5.02,4.15,80.3,19.7,12.5,48,383,1.9,1070,83.7,327000,4.98,0.04,2900000,19.9,123
RENT003904,2024-10-01,2024,10,Q4,Abu Dhabi,Abu Dhabi,Corniche,Villa,2BR,326000,320000,27200,13.1,2.2,4.55,3.51,86.6,13.4,17.0,237,838,6.4,1910,71.2,496000,4.97,-0.42,7150000,22.0,308
RENT003883,2024-10-01,2024,10,Q4,Dubai,Dubai,Creek Harbour,Apartment,3BR,123000,126000,10200,13.1,3.0,4.64,3.64,89.5,10.5,22.0,86,543,1.0,790,56.5,163000,4.25,0.39,2650000,21.5,422
RENT003884,2024-10-01,2024,10,Q4,Dubai,Dubai,Creek Harbour,Villa,2BR,438000,457000,36500,13.1,-0.5,5.45,4.87,89.7,10.3,23.6,210,250,7.2,1900,86.0,596000,5.35,0.1,8050000,18.3,196
RENT003885,2024-10-01,2024,10,Q4,Dubai,Dubai,DAMAC Hills,Apartment,1BR,100000,103000,8300,13.1,-1.3,5.92,4.85,78.6,21.4,21.0,125,770,1.5,430,70.2,110000,5.82,0.1,1700000,16.9,570
RENT003886,2024-10-01,2024,10,Q4,Dubai,Dubai,DAMAC Hills,Villa,1BR,239000,226000,19900,13.1,1.4,5.45,4.39,83.9,16.1,17.2,221,920,6.2,1390,73.2,371000,5.15,0.3,4400000,18.3,114
RENT003865,2024-10-01,2024,10,Q4,Dubai,Dubai,Downtown Dubai,Apartment,5BR+,141000,143000,11800,13.1,-1.3,5.34,4.36,82.1,17.9,20.5,108,323,19.6,1030,75.1,282000,4.88,0.46,2650000,18.7,481
RENT003866,2024-10-01,2024,10,Q4,Dubai,Dubai,Downtown Dubai,Villa,2BR,522000,499000,43500,13.1,-1.6,4.2,3.59,88.7,11.3,17.0,70,1040,15.0,3180,68.1,790000,4.43,-0.23,12400000,23.8,242
RENT003871,2024-10-01,2024,10,Q4,Dubai,Dubai,Dubai Hills Estate,Apartment,2BR,157000,151000,13100,13.1,-2.0,5.25,4.65,86.5,13.5,21.4,85,667,5.3,960,80.0,280000,5.37,-0.12,3000000,19.0,262
RENT003872,2024-10-01,2024,10,Q4,Dubai,Dubai,Dubai Hills Estate,Villa,Studio,526000,522000,43800,13.1,-0.7,5.46,4.94,88.9,11.1,14.6,98,370,6.9,2380,76.8,667000,5.78,-0.32,9650000,18.3,440
RENT003867,2024-10-01,2024,10,Q4,Dubai,Dubai,Dubai Marina,Apartment,1BR,117000,109000,9800,13.1,0.5,4.03,2.87,78.0,22.0,12.1,221,880,10.4,650,72.3,172000,4.25,-0.22,2900000,24.8,594
RENT003868,2024-10-01,2024,10,Q4,Dubai,Dubai,Dubai Marina,Villa,1BR,247000,254000,20600,13.1,0.1,3.98,3.11,87.5,12.5,19.9,13,607,15.8,1680,61.0,374000,3.84,0.14,6200000,25.1,311
RENT003887,2024-10-01,2024,10,Q4,Dubai,Dubai,Dubai South,Apartment,2BR,70000,66000,5800,13.1,-2.0,5.9,4.73,90.3,9.7,17.8,40,916,6.0,510,71.6,133000,5.78,0.12,1200000,17.0,336
RENT003888,2024-10-01,2024,10,Q4,Dubai,Dubai,Dubai South,Villa,3BR,236000,230000,19700,13.1,2.4,5.97,4.89,88.2,11.8,10.2,12,1188,3.2,1420,87.3,452000,5.64,0.33,3950000,16.8,81
RENT003881,2024-10-01,2024,10,Q4,Dubai,Dubai,JBR,Apartment,Studio,135000,128000,11200,13.1,1.3,5.7,4.66,87.6,12.4,21.4,61,882,19.7,530,55.2,107000,5.88,-0.18,2350000,17.5,123
RENT003882,2024-10-01,2024,10,Q4,Dubai,Dubai,JBR,Villa,1BR,437000,427000,36400,13.1,1.5,3.97,3.35,96.9,3.1,13.5,100,802,6.6,1670,73.3,447000,3.67,0.3,11000000,25.2,460
RENT003875,2024-10-01,2024,10,Q4,Dubai,Dubai,JVC,Apartment,Studio,79000,77000,6600,13.1,2.8,4.17,3.1,80.0,20.0,19.0,110,660,3.0,490,84.2,151000,4.62,-0.45,1900000,24.0,553
RENT003876,2024-10-01,2024,10,Q4,Dubai,Dubai,JVC,Villa,1BR,299000,286000,24900,13.1,0.6,4.05,2.91,91.4,8.6,23.7,119,165,3.8,1960,76.1,544000,4.33,-0.28,7400000,24.7,216
RENT003901,2024-10-01,2024,10,Q4,Abu Dhabi,Abu Dhabi,Khalifa City,Apartment,3BR,93000,88000,7800,13.1,1.2,4.23,3.62,85.6,14.4,18.3,96,132,4.6,370,62.2,84000,4.49,-0.26,2200000,23.7,242
RENT003902,2024-10-01,2024,10,Q4,Abu Dhabi,Abu Dhabi,Khalifa City,Villa,4BR,215000,200000,17900,13.1,-2.0,5.74,4.61,81.1,18.9,18.4,66,267,1.8,780,59.3,169000,6.18,-0.44,3750000,17.4,205
RENT003877,2024-10-01,2024,10,Q4,Dubai,Dubai,MBR City,Apartment,2BR,188000,197000,15700,13.1,2.8,4.42,3.87,90.9,9.1,16.8,128,931,1.5,860,77.2,242000,4.89,-0.47,4250000,22.6,85
RENT003878,2024-10-01,2024,10,Q4,Dubai,Dubai,MBR City,Villa,5BR+,322000,303000,26800,13.1,1.4,3.87,3.12,82.7,17.3,13.1,231,953,6.0,2090,76.6,584000,3.84,0.03,8350000,25.9,581
RENT003907,2024-10-01,2024,10,Q4,Abu Dhabi,Abu Dhabi,Masdar City,Apartment,2BR,71000,69000,5900,13.1,-0.3,4.22,3.03,83.9,16.1,16.1,188,157,5.4,310,82.3,93000,4.66,-0.44,1700000,23.7,325
RENT003908,2024-10-01,2024,10,Q4,Abu Dhabi,Abu Dhabi,Masdar City,Villa,1BR,201000,186000,16800,13.1,1.7,4.75,3.86,86.1,13.9,13.1,84,817,4.6,1270,69.4,322000,4.46,0.29,4250000,21.0,332
RENT003889,2024-10-01,2024,10,Q4,Dubai,Dubai,Meydan,Apartment,1BR,119000,119000,9900,13.1,2.0,5.22,4.4,83.6,16.4,12.5,35,1010,7.0,630,77.6,178000,5.66,-0.44,2300000,19.2,170
RENT003890,2024-10-01,2024,10,Q4,Dubai,Dubai,Meydan,Villa,Studio,325000,312000,27100,13.1,-0.7,4.16,3.04,80.2,19.8,11.6,172,547,5.0,2050,74.9,560000,4.06,0.1,7800000,24.0,384
RENT003913,2024-10-01,2024,10,Q4,Sharjah,Sharjah,Muwaileh,Apartment,Studio,46000,43000,3800,13.1,-1.3,4.07,3.31,92.1,7.9,15.8,158,542,3.7,200,74.0,54000,4.45,-0.38,1150000,24.6,215
RENT003914,2024-10-01,2024,10,Q4,Sharjah,Sharjah,Muwaileh,Villa,Studio,124000,130000,10300,13.1,-2.1,6.12,4.96,89.9,10.1,20.8,175,852,3.7,730,70.7,188000,5.65,0.47,2050000,16.4,167
RENT003869,2024-10-01,2024,10,Q4,Dubai,Dubai,Palm Jumeirah,Apartment,3BR,251000,248000,20900,13.1,3.0,5.84,4.87,95.2,4.8,19.8,186,978,13.4,1320,87.2,420000,6.07,-0.23,4300000,17.1,109
RENT003870,2024-10-01,2024,10,Q4,Dubai,Dubai,Palm Jumeirah,Villa,1BR,725000,710000,60400,13.1,3.4,5.09,4.28,88.1,11.9,10.6,214,554,19.5,5160,57.0,1074000,4.74,0.35,14250000,19.6,517
RENT003895,2024-10-01,2024,10,Q4,Abu Dhabi,Abu Dhabi,Saadiyat Island,Apartment,5BR+,211000,209000,17600,13.1,-1.6,4.18,3.42,89.5,10.5,19.2,226,693,13.0,980,56.7,203000,4.2,-0.02,5050000,23.9,50
RENT003896,2024-10-01,2024,10,Q4,Abu Dhabi,Abu Dhabi,Saadiyat Island,Villa,5BR+,434000,427000,36200,13.1,0.1,5.38,4.41,93.7,6.3,16.7,238,736,12.8,2620,75.2,719000,5.19,0.19,8050000,18.6,83
RENT003891,2024-10-01,2024,10,Q4,Dubai,Dubai,Sports City,Apartment,2BR,72000,73000,6000,13.1,1.8,5.89,4.9,85.8,14.2,23.2,35,978,7.0,430,78.8,124000,6.05,-0.16,1200000,17.0,449
RENT003892,2024-10-01,2024,10,Q4,Dubai,Dubai,Sports City,Villa,3BR,245000,246000,20400,13.1,1.0,5.54,4.68,92.5,7.5,19.4,207,191,2.2,1770,73.8,477000,5.22,0.32,4400000,18.0,239
RENT003897,2024-10-01,2024,10,Q4,Abu Dhabi,Abu Dhabi,Yas Island,Apartment,1BR,106000,101000,8800,13.1,-1.8,5.67,4.89,90.8,9.2,15.2,229,546,19.8,580,85.2,180000,5.92,-0.25,1850000,17.6,333
RENT003898,2024-10-01,2024,10,Q4,Abu Dhabi,Abu Dhabi,Yas Island,Villa,1BR,315000,316000,26200,13.1,3.3,4.88,3.99,88.1,11.9,23.7,53,595,16.0,2010,74.9,550000,4.87,0.01,6450000,20.5,327
RENT003935,2024-11-01,2024,11,Q4,Dubai,Dubai,Al Furjan,Apartment,4BR,97000,95000,8100,13.1,1.3,4.5,3.72,94.4,5.6,19.4,199,52,6.7,700,79.9,204000,4.48,0.02,2150000,22.2,334
RENT003936,2024-11-01,2024,11,Q4,Dubai,Dubai,Al Furjan,Villa,1BR,181000,171000,15100,13.1,0.7,4.92,3.79,87.0,13.0,20.5,170,707,5.7,950,66.7,231000,4.86,0.06,3700000,20.3,512
RENT003975,2024-11-01,2024,11,Q4,Ras Al Khaimah,Ras Al Khaimah,Al Hamra Village,Apartment,1BR,82000,77000,6800,13.1,2.8,4.38,3.24,89.7,10.3,23.3,37,481,4.8,360,83.3,109000,4.23,0.15,1850000,22.8,36
RENT003976,2024-11-01,2024,11,Q4,Ras Al Khaimah,Ras Al Khaimah,Al Hamra Village,Villa,3BR,223000,231000,18600,13.1,1.0,5.3,4.2,89.6,10.4,20.9,56,125,2.7,880,68.7,221000,5.67,-0.37,4200000,18.9,109
RENT003971,2024-11-01,2024,11,Q4,Sharjah,Sharjah,Al Khan,Apartment,3BR,61000,58000,5100,13.1,1.0,4.33,3.25,80.8,19.2,21.7,71,891,5.2,400,67.7,99000,3.93,0.4,1400000,23.1,117
RENT003972,2024-11-01,2024,11,Q4,Sharjah,Sharjah,Al Khan,Villa,2BR,101000,98000,8400,13.1,1.9,3.93,2.94,83.5,16.5,18.3,25,466,7.6,730,70.2,187000,3.99,-0.06,2550000,25.4,65
RENT003965,2024-11-01,2024,11,Q4,Sharjah,Sharjah,Al Majaz,Apartment,4BR,59000,56000,4900,13.1,-2.5,5.15,4.58,95.9,4.1,19.2,160,432,3.6,210,84.8,65000,4.89,0.26,1150000,19.4,237
RENT003966,2024-11-01,2024,11,Q4,Sharjah,Sharjah,Al Majaz,Villa,1BR,142000,141000,11800,13.1,-1.9,3.86,2.77,79.0,21.0,18.1,124,143,1.9,950,72.8,252000,3.82,0.04,3700000,25.9,222
RENT003967,2024-11-01,2024,11,Q4,Sharjah,Sharjah,Al Nahda,Apartment,Studio,54000,55000,4500,13.1,0.7,5.99,5.07,78.1,21.9,19.1,43,54,1.2,310,57.0,64000,6.42,-0.43,900000,16.7,162
RENT003968,2024-11-01,2024,11,Q4,Sharjah,Sharjah,Al Nahda,Villa,2BR,114000,113000,9500,13.1,-0.4,6.03,5.13,84.9,15.1,19.2,127,384,3.1,480,77.1,135000,5.64,0.39,1900000,16.6,111
RENT003955,2024-11-01,2024,11,Q4,Abu Dhabi,Abu Dhabi,Al Raha Beach,Apartment,3BR,139000,145000,11600,13.1,0.9,5.58,4.82,87.7,12.3,12.9,114,560,4.9,990,67.2,243000,5.81,-0.23,2500000,17.9,115
RENT003956,2024-11-01,2024,11,Q4,Abu Dhabi,Abu Dhabi,Al Raha Beach,Villa,Studio,276000,280000,23000,13.1,0.6,4.43,3.23,80.7,19.3,21.0,187,389,4.1,1000,70.9,259000,4.67,-0.24,6250000,22.6,166
RENT003961,2024-11-01,2024,11,Q4,Abu Dhabi,Abu Dhabi,Al Reef,Apartment,2BR,77000,78000,6400,13.1,-1.5,5.33,4.21,88.4,11.6,16.9,160,651,7.8,280,86.3,88000,5.38,-0.05,1450000,18.7,340
RENT003962,2024-11-01,2024,11,Q4,Abu Dhabi,Abu Dhabi,Al Reef,Villa,1BR,238000,245000,19800,13.1,-0.9,5.22,4.21,95.4,4.6,12.7,172,1085,1.8,1750,65.3,417000,4.82,0.4,4550000,19.2,331
RENT003949,2024-11-01,2024,11,Q4,Abu Dhabi,Abu Dhabi,Al Reem Island,Apartment,2BR,90000,90000,7500,13.1,1.2,4.39,3.69,87.4,12.6,20.8,55,881,1.3,580,77.1,163000,3.97,0.42,2050000,22.8,216
RENT003950,2024-11-01,2024,11,Q4,Abu Dhabi,Abu Dhabi,Al Reem Island,Villa,2BR,309000,321000,25800,13.1,3.1,4.63,3.79,94.3,5.7,21.9,63,1188,1.6,1950,86.0,612000,5.05,-0.42,6700000,21.6,225
RENT003973,2024-11-01,2024,11,Q4,Sharjah,Sharjah,Al Taawun,Apartment,Studio,54000,50000,4500,13.1,-1.8,4.73,3.91,93.3,6.7,10.9,108,862,2.3,200,68.1,50000,4.72,0.01,1150000,21.1,131
RENT003974,2024-11-01,2024,11,Q4,Sharjah,Sharjah,Al Taawun,Villa,Studio,163000,165000,13600,13.1,-1.8,4.48,3.39,83.9,16.1,15.6,74,585,4.3,960,84.4,296000,4.54,-0.06,3650000,22.3,176
RENT003929,2024-11-01,2024,11,Q4,Dubai,Dubai,Business Bay,Apartment,1BR,117000,114000,9800,13.1,1.0,4.61,4.04,80.2,19.8,10.4,95,352,1.3,780,61.4,175000,4.2,0.41,2550000,21.7,342
RENT003930,2024-11-01,2024,11,Q4,Dubai,Dubai,Business Bay,Villa,Studio,210000,201000,17500,13.1,2.2,3.89,3.11,88.5,11.5,22.9,182,828,4.9,1480,72.9,394000,4.03,-0.14,5400000,25.7,575
RENT003959,2024-11-01,2024,11,Q4,Abu Dhabi,Abu Dhabi,Corniche,Apartment,3BR,142000,139000,11800,13.1,1.8,4.93,4.37,95.2,4.8,14.8,236,527,5.7,570,65.4,136000,5.05,-0.12,2900000,20.3,271
RENT003960,2024-11-01,2024,11,Q4,Abu Dhabi,Abu Dhabi,Corniche,Villa,2BR,260000,270000,21700,13.1,2.5,3.99,2.98,96.3,3.7,17.3,170,638,7.6,1520,72.2,401000,4.18,-0.19,6500000,25.1,172
RENT003939,2024-11-01,2024,11,Q4,Dubai,Dubai,Creek Harbour,Apartment,2BR,122000,114000,10200,13.1,3.1,4.07,3.08,93.2,6.8,11.2,104,217,5.8,790,63.5,183000,4.41,-0.34,3000000,24.6,158
RENT003940,2024-11-01,2024,11,Q4,Dubai,Dubai,Creek Harbour,Villa,2BR,291000,281000,24200,13.1,0.7,4.9,3.74,94.2,5.8,16.4,174,952,2.5,1880,65.2,447000,5.32,-0.42,5950000,20.4,538
RENT003941,2024-11-01,2024,11,Q4,Dubai,Dubai,DAMAC Hills,Apartment,5BR+,113000,104000,9400,13.1,0.0,5.78,5.01,90.1,9.9,14.2,195,616,3.5,540,74.8,147000,5.29,0.49,1950000,17.3,180
RENT003942,2024-11-01,2024,11,Q4,Dubai,Dubai,DAMAC Hills,Villa,2BR,263000,268000,21900,13.1,2.7,4.41,3.56,81.7,18.3,18.3,26,67,4.1,1310,66.3,317000,4.48,-0.07,5950000,22.7,415
RENT003921,2024-11-01,2024,11,Q4,Dubai,Dubai,Downtown Dubai,Apartment,1BR,142000,137000,11800,13.1,3.0,4.89,4.37,86.7,13.3,10.3,183,781,19.9,530,64.5,125000,4.39,0.5,2900000,20.5,268
RENT003922,2024-11-01,2024,11,Q4,Dubai,Dubai,Downtown Dubai,Villa,3BR,438000,445000,36500,13.1,-1.1,3.98,3.1,86.6,13.4,18.0,99,337,18.3,1970,80.5,579000,3.79,0.19,11000000,25.1,473
RENT003927,2024-11-01,2024,11,Q4,Dubai,Dubai,Dubai Hills Estate,Apartment,Studio,169000,156000,14100,13.1,2.6,4.23,3.27,92.5,7.5,16.7,34,1117,7.2,1030,63.7,239000,4.53,-0.3,4000000,23.7,296
RENT003928,2024-11-01,2024,11,Q4,Dubai,Dubai,Dubai Hills Estate,Villa,2BR,445000,467000,37100,13.1,3.4,4.33,3.67,81.9,18.1,19.8,49,478,3.9,2640,78.6,757000,3.99,0.34,10300000,23.1,199
RENT003923,2024-11-01,2024,11,Q4,Dubai,Dubai,Dubai Marina,Apartment,1BR,120000,120000,10000,13.1,1.5,5.81,5.07,95.9,4.1,11.8,241,1041,6.7,440,83.4,134000,5.73,0.08,2050000,17.2,249
RENT003924,2024-11-01,2024,11,Q4,Dubai,Dubai,Dubai Marina,Villa,3BR,360000,369000,30000,13.1,3.1,4.24,3.32,91.0,9.0,18.5,149,1089,6.0,1580,60.7,350000,3.84,0.4,8500000,23.6,397
RENT003943,2024-11-01,2024,11,Q4,Dubai,Dubai,Dubai South,Apartment,1BR,80000,82000,6700,13.1,2.4,6.16,5.08,89.8,10.2,13.5,214,734,1.2,380,76.2,106000,6.66,-0.5,1300000,16.2,500
RENT003944,2024-11-01,2024,11,Q4,Dubai,Dubai,Dubai South,Villa,1BR,206000,209000,17200,13.1,1.1,4.56,3.8,90.2,9.8,17.5,107,408,1.7,1340,57.5,281000,4.14,0.42,4500000,21.9,162
RENT003937,2024-11-01,2024,11,Q4,Dubai,Dubai,JBR,Apartment,3BR,148000,139000,12300,13.1,-1.3,5.15,4.22,81.7,18.3,16.1,92,533,11.3,830,57.1,173000,4.83,0.32,2900000,19.4,365
RENT003938,2024-11-01,2024,11,Q4,Dubai,Dubai,JBR,Villa,3BR,348000,320000,29000,13.1,-2.3,5.63,4.46,81.8,18.2,23.7,136,809,18.9,1500,77.6,425000,5.23,0.4,6200000,17.8,598
RENT003931,2024-11-01,2024,11,Q4,Dubai,Dubai,JVC,Apartment,Studio,80000,76000,6700,13.1,-2.1,5.29,4.31,80.6,19.4,11.6,178,485,7.6,290,73.5,78000,4.85,0.44,1500000,18.9,404
RENT003932,2024-11-01,2024,11,Q4,Dubai,Dubai,JVC,Villa,2BR,187000,177000,15600,13.1,-2.1,3.92,3.25,90.2,9.8,22.8,61,154,7.6,970,67.5,239000,4.06,-0.14,4750000,25.5,180
RENT003957,2024-11-01,2024,11,Q4,Abu Dhabi,Abu Dhabi,Khalifa City,Apartment,1BR,91000,90000,7600,13.1,2.8,5.3,4.11,87.4,12.6,15.1,121,788,5.4,620,56.8,129000,4.9,0.4,1700000,18.9,122
RENT003958,2024-11-01,2024,11,Q4,Abu Dhabi,Abu Dhabi,Khalifa City,Villa,1BR,277000,281000,23100,13.1,-1.4,3.89,3.12,83.9,16.1,11.3,49,875,6.4,1010,60.3,222000,4.25,-0.36,7100000,25.7,332
RENT003933,2024-11-01,2024,11,Q4,Dubai,Dubai,MBR City,Apartment,2BR,170000,160000,14200,13.1,3.0,5.88,4.75,95.1,4.9,18.7,167,422,7.0,1270,86.2,400000,5.96,-0.08,2900000,17.0,392
RENT003934,2024-11-01,2024,11,Q4,Dubai,Dubai,MBR City,Villa,5BR+,534000,541000,44500,13.1,1.5,5.08,4.58,95.6,4.4,16.3,220,256,7.3,2950,74.1,798000,5.3,-0.22,10500000,19.7,258
RENT003963,2024-11-01,2024,11,Q4,Abu Dhabi,Abu Dhabi,Masdar City,Apartment,4BR,74000,70000,6200,13.1,1.2,5.91,4.75,90.2,9.8,12.6,20,1071,1.6,280,57.9,59000,6.1,-0.19,1250000,16.9,183
RENT003964,2024-11-01,2024,11,Q4,Abu Dhabi,Abu Dhabi,Masdar City,Villa,1BR,152000,142000,12700,13.1,-0.9,4.69,4.06,90.3,9.7,17.6,46,54,1.5,640,63.1,147000,4.25,0.44,3250000,21.3,247
RENT003945,2024-11-01,2024,11,Q4,Dubai,Dubai,Meydan,Apartment,1BR,123000,126000,10200,13.1,-1.2,5.55,4.42,84.2,15.8,12.8,151,372,6.6,740,78.6,212000,5.12,0.43,2200000,18.0,577
RENT003946,2024-11-01,2024,11,Q4,Dubai,Dubai,Meydan,Villa,3BR,415000,398000,34600,13.1,-0.8,5.13,4.27,79.4,20.6,11.1,130,581,7.2,2830,68.6,709000,5.42,-0.29,8100000,19.5,188
RENT003969,2024-11-01,2024,11,Q4,Sharjah,Sharjah,Muwaileh,Apartment,1BR,50000,51000,4200,13.1,-1.5,5.05,3.97,92.3,7.7,23.2,166,845,6.2,220,69.1,55000,5.05,0.0,1000000,19.8,32
RENT003970,2024-11-01,2024,11,Q4,Sharjah,Sharjah,Muwaileh,Villa,3BR,163000,160000,13600,13.1,0.5,4.78,4.13,78.9,21.1,11.7,13,664,3.2,890,85.4,277000,4.69,0.09,3400000,20.9,206
RENT003925,2024-11-01,2024,11,Q4,Dubai,Dubai,Palm Jumeirah,Apartment,2BR,247000,232000,20600,13.1,0.9,4.72,4.16,83.5,16.5,10.4,41,274,11.0,1170,75.6,323000,5.0,-0.28,5250000,21.2,249
RENT003926,2024-11-01,2024,11,Q4,Dubai,Dubai,Palm Jumeirah,Villa,1BR,698000,710000,58200,13.1,-2.2,5.58,4.47,94.3,5.7,15.8,135,252,9.1,4200,81.3,1246000,5.17,0.41,12500000,17.9,383
RENT003951,2024-11-01,2024,11,Q4,Abu Dhabi,Abu Dhabi,Saadiyat Island,Apartment,1BR,189000,183000,15800,13.1,-1.6,3.94,3.13,92.5,7.5,10.1,31,423,11.5,1320,79.3,382000,3.85,0.09,4800000,25.4,55
RENT003952,2024-11-01,2024,11,Q4,Abu Dhabi,Abu Dhabi,Saadiyat Island,Villa,3BR,359000,368000,29900,13.1,-0.1,4.58,3.91,86.7,13.3,22.1,120,287,7.5,1480,78.5,424000,4.1,0.48,7850000,21.8,282
RENT003947,2024-11-01,2024,11,Q4,Dubai,Dubai,Sports City,Apartment,2BR,79000,76000,6600,13.1,1.2,3.87,2.93,88.3,11.7,13.6,48,589,1.4,410,55.4,83000,3.55,0.32,2050000,25.8,271
RENT003948,2024-11-01,2024,11,Q4,Dubai,Dubai,Sports City,Villa,3BR,180000,168000,15000,13.1,-2.2,4.46,3.73,92.7,7.3,16.8,21,522,4.9,660,68.9,166000,4.56,-0.1,4050000,22.4,500
RENT003953,2024-11-01,2024,11,Q4,Abu Dhabi,Abu Dhabi,Yas Island,Apartment,4BR,117000,110000,9800,13.1,1.4,4.76,4.04,91.8,8.2,11.9,86,441,11.6,450,60.5,99000,4.52,0.24,2450000,21.0,206
RENT003954,2024-11-01,2024,11,Q4,Abu Dhabi,Abu Dhabi,Yas Island,Villa,3BR,323000,330000,26900,13.1,2.4,4.16,3.04,78.1,21.9,16.5,106,700,15.3,1690,61.3,378000,3.67,0.49,7750000,24.0,257
RENT003991,2024-12-01,2024,12,Q4,Dubai,Dubai,Al Furjan,Apartment,2BR,99000,98000,8200,13.1,-1.0,5.31,4.53,80.3,19.7,14.8,102,688,6.0,390,82.9,118000,5.07,0.24,1850000,18.8,478
RENT003992,2024-12-01,2024,12,Q4,Dubai,Dubai,Al Furjan,Villa,Studio,275000,263000,22900,13.1,-1.8,4.75,3.78,85.8,14.2,10.0,213,474,2.9,1320,81.6,393000,5.05,-0.3,5800000,21.1,386
RENT004031,2024-12-01,2024,12,Q4,Ras Al Khaimah,Ras Al Khaimah,Al Hamra Village,Apartment,1BR,80000,74000,6700,13.1,-2.2,3.86,2.75,79.9,20.1,17.5,64,1061,4.6,480,77.7,136000,4.16,-0.3,2050000,25.9,91
RENT004032,2024-12-01,2024,12,Q4,Ras Al Khaimah,Ras Al Khaimah,Al Hamra Village,Villa,2BR,197000,188000,16400,13.1,3.3,4.28,3.14,86.2,13.8,17.4,158,772,1.4,1400,63.3,323000,4.73,-0.45,4600000,23.4,84
RENT004027,2024-12-01,2024,12,Q4,Sharjah,Sharjah,Al Khan,Apartment,Studio,59000,60000,4900,13.1,0.5,5.94,4.88,95.2,4.8,10.6,12,716,2.9,260,70.7,67000,6.27,-0.33,1000000,16.8,41
RENT004028,2024-12-01,2024,12,Q4,Sharjah,Sharjah,Al Khan,Villa,3BR,222000,205000,18500,13.1,-0.5,4.89,4.26,89.4,10.6,19.7,114,144,6.9,1640,55.7,333000,5.1,-0.21,4550000,20.4,175
RENT004021,2024-12-01,2024,12,Q4,Sharjah,Sharjah,Al Majaz,Apartment,3BR,61000,61000,5100,13.1,0.7,6.06,5.16,94.0,6.0,20.3,20,1047,6.7,380,61.8,86000,5.91,0.15,1000000,16.5,215
RENT004022,2024-12-01,2024,12,Q4,Sharjah,Sharjah,Al Majaz,Villa,2BR,168000,167000,14000,13.1,2.2,4.16,3.13,81.3,18.7,13.8,236,337,4.5,970,60.2,213000,3.71,0.45,4050000,24.0,118
RENT004023,2024-12-01,2024,12,Q4,Sharjah,Sharjah,Al Nahda,Apartment,2BR,53000,49000,4400,13.1,-1.6,4.12,3.19,96.4,3.6,15.8,238,908,4.0,320,62.6,73000,3.95,0.17,1300000,24.3,97
RENT004024,2024-12-01,2024,12,Q4,Sharjah,Sharjah,Al Nahda,Villa,3BR,129000,122000,10800,13.1,0.5,4.72,3.89,92.1,7.9,20.1,137,395,7.8,530,69.6,135000,4.99,-0.27,2750000,21.2,137
RENT004011,2024-12-01,2024,12,Q4,Abu Dhabi,Abu Dhabi,Al Raha Beach,Apartment,3BR,137000,135000,11400,13.1,2.6,4.3,3.64,91.2,8.8,15.2,161,105,3.0,520,66.3,126000,3.82,0.48,3200000,23.3,98
RENT004012,2024-12-01,2024,12,Q4,Abu Dhabi,Abu Dhabi,Al Raha Beach,Villa,2BR,386000,367000,32200,13.1,0.5,3.97,3.14,79.4,20.6,10.7,240,715,6.1,1880,56.8,390000,4.09,-0.12,9750000,25.2,228
RENT004017,2024-12-01,2024,12,Q4,Abu Dhabi,Abu Dhabi,Al Reef,Apartment,3BR,91000,87000,7600,13.1,2.5,4.17,3.66,96.7,3.3,14.9,10,107,7.2,600,66.0,145000,3.71,0.46,2200000,24.0,106
RENT004018,2024-12-01,2024,12,Q4,Abu Dhabi,Abu Dhabi,Al Reef,Villa,2BR,271000,266000,22600,13.1,-0.1,4.46,3.74,86.3,13.7,18.7,123,415,7.2,1540,59.0,332000,4.47,-0.01,6100000,22.4,167
RENT004005,2024-12-01,2024,12,Q4,Abu Dhabi,Abu Dhabi,Al Reem Island,Apartment,1BR,102000,99000,8500,13.1,-0.7,4.83,4.04,78.3,21.7,12.9,154,109,3.9,380,70.8,98000,5.09,-0.26,2100000,20.7,67
RENT004006,2024-12-01,2024,12,Q4,Abu Dhabi,Abu Dhabi,Al Reem Island,Villa,Studio,185000,193000,15400,13.1,3.1,4.94,3.75,90.3,9.7,15.6,118,953,1.9,1190,60.5,263000,4.61,0.33,3750000,20.3,352
RENT004029,2024-12-01,2024,12,Q4,Sharjah,Sharjah,Al Taawun,Apartment,2BR,55000,57000,4600,13.1,0.9,4.57,3.55,95.3,4.7,22.3,202,302,4.7,280,55.3,57000,4.47,0.1,1200000,21.9,193
RENT004030,2024-12-01,2024,12,Q4,Sharjah,Sharjah,Al Taawun,Villa,4BR,156000,144000,13000,13.1,2.4,6.18,4.98,79.0,21.0,13.8,225,608,5.6,1030,78.7,296000,5.83,0.35,2550000,16.2,91
RENT003985,2024-12-01,2024,12,Q4,Dubai,Dubai,Business Bay,Apartment,3BR,117000,122000,9800,13.1,3.5,4.58,3.55,83.1,16.9,12.9,143,482,1.6,820,63.3,189000,4.58,0.0,2550000,21.9,425
RENT003986,2024-12-01,2024,12,Q4,Dubai,Dubai,Business Bay,Villa,4BR,396000,400000,33000,13.1,1.4,4.58,3.51,82.1,17.9,18.7,207,92,4.2,2200,66.2,532000,4.69,-0.11,8650000,21.8,219
RENT004015,2024-12-01,2024,12,Q4,Abu Dhabi,Abu Dhabi,Corniche,Apartment,Studio,145000,136000,12100,13.1,1.2,3.98,3.06,95.2,4.8,18.7,211,503,4.9,980,80.3,287000,4.13,-0.15,3650000,25.1,341
RENT004016,2024-12-01,2024,12,Q4,Abu Dhabi,Abu Dhabi,Corniche,Villa,1BR,323000,317000,26900,13.1,1.3,5.14,4.38,81.0,19.0,10.1,192,715,7.8,1670,62.9,383000,5.25,-0.11,6300000,19.4,315
RENT003995,2024-12-01,2024,12,Q4,Dubai,Dubai,Creek Harbour,Apartment,3BR,125000,116000,10400,13.1,-2.0,4.14,3.46,85.3,14.7,23.9,58,808,4.6,470,87.2,150000,4.16,-0.02,3000000,24.1,502
RENT003996,2024-12-01,2024,12,Q4,Dubai,Dubai,Creek Harbour,Villa,1BR,448000,462000,37300,13.1,1.5,4.08,3.25,92.3,7.7,17.9,157,231,3.7,2300,73.2,615000,3.62,0.46,11000000,24.5,158
RENT003997,2024-12-01,2024,12,Q4,Dubai,Dubai,DAMAC Hills,Apartment,1BR,109000,105000,9100,13.1,1.2,5.98,5.01,95.0,5.0,18.5,58,1135,3.4,580,67.3,142000,6.04,-0.06,1800000,16.7,209
RENT003998,2024-12-01,2024,12,Q4,Dubai,Dubai,DAMAC Hills,Villa,4BR,279000,291000,23200,13.1,2.1,5.11,3.94,94.5,5.5,21.7,101,722,6.5,1390,63.5,322000,4.75,0.36,5450000,19.6,594
RENT003977,2024-12-01,2024,12,Q4,Dubai,Dubai,Downtown Dubai,Apartment,4BR,166000,161000,13800,13.1,3.1,3.92,3.19,86.4,13.6,17.8,118,90,8.4,700,84.0,215000,4.33,-0.41,4250000,25.5,326
RENT003978,2024-12-01,2024,12,Q4,Dubai,Dubai,Downtown Dubai,Villa,4BR,327000,307000,27200,13.1,3.4,4.01,3.18,89.3,10.7,18.0,81,950,16.8,1580,85.2,491000,3.55,0.46,8150000,25.0,133
RENT003983,2024-12-01,2024,12,Q4,Dubai,Dubai,Dubai Hills Estate,Apartment,1BR,164000,168000,13700,13.1,-0.6,3.93,3.26,80.1,19.9,14.1,216,125,5.0,1190,69.7,303000,4.18,-0.25,4150000,25.4,242
RENT003984,2024-12-01,2024,12,Q4,Dubai,Dubai,Dubai Hills Estate,Villa,Studio,408000,389000,34000,13.1,3.1,3.88,3.11,82.1,17.9,18.2,114,1081,2.3,2880,82.2,864000,4.16,-0.28,10500000,25.8,296
RENT003979,2024-12-01,2024,12,Q4,Dubai,Dubai,Dubai Marina,Apartment,3BR,128000,134000,10700,13.1,3.2,5.71,4.86,88.0,12.0,21.4,146,1081,18.3,900,66.9,220000,5.58,0.13,2250000,17.5,436
RENT003980,2024-12-01,2024,12,Q4,Dubai,Dubai,Dubai Marina,Villa,Studio,457000,455000,38100,13.1,2.5,5.84,4.87,88.8,11.2,16.5,188,1171,17.8,2300,80.7,677000,6.08,-0.24,7850000,17.1,297
RENT003999,2024-12-01,2024,12,Q4,Dubai,Dubai,Dubai South,Apartment,2BR,77000,73000,6400,13.1,-0.8,4.29,3.32,93.0,7.0,19.7,217,1090,1.2,530,72.3,140000,4.28,0.01,1800000,23.3,558
RENT004000,2024-12-01,2024,12,Q4,Dubai,Dubai,Dubai South,Villa,1BR,147000,137000,12200,13.1,-2.2,4.57,3.91,92.4,7.6,10.2,45,574,2.9,650,81.5,193000,4.73,-0.16,3200000,21.9,101
RENT003993,2024-12-01,2024,12,Q4,Dubai,Dubai,JBR,Apartment,5BR+,157000,161000,13100,13.1,3.1,4.42,3.88,94.9,5.1,16.7,146,307,8.7,960,66.7,234000,4.08,0.34,3550000,22.6,356
RENT003994,2024-12-01,2024,12,Q4,Dubai,Dubai,JBR,Villa,3BR,440000,429000,36700,13.1,0.5,5.07,4.28,90.7,9.3,23.0,193,827,18.7,2390,75.2,656000,4.88,0.19,8700000,19.7,292
RENT003987,2024-12-01,2024,12,Q4,Dubai,Dubai,JVC,Apartment,1BR,89000,92000,7400,13.1,-0.9,5.64,4.48,85.7,14.3,15.4,16,1090,7.5,590,61.8,133000,6.07,-0.43,1600000,17.7,391
RENT003988,2024-12-01,2024,12,Q4,Dubai,Dubai,JVC,Villa,Studio,165000,163000,13800,13.1,1.3,6.17,5.32,94.4,5.6,18.9,93,221,3.1,980,57.2,205000,5.74,0.43,2650000,16.2,444
RENT004013,2024-12-01,2024,12,Q4,Abu Dhabi,Abu Dhabi,Khalifa City,Apartment,2BR,94000,98000,7800,13.1,-1.3,4.58,3.98,88.8,11.2,21.6,57,672,6.4,520,74.8,142000,4.6,-0.02,2050000,21.8,63
RENT004014,2024-12-01,2024,12,Q4,Abu Dhabi,Abu Dhabi,Khalifa City,Villa,3BR,289000,297000,24100,13.1,-2.2,4.29,3.2,90.4,9.6,13.4,59,1179,4.5,2050,58.1,435000,4.49,-0.2,6750000,23.3,256
RENT003989,2024-12-01,2024,12,Q4,Dubai,Dubai,MBR City,Apartment,3BR,199000,207000,16600,13.1,-2.3,4.5,3.77,95.1,4.9,16.3,83,604,1.8,1140,83.9,349000,4.52,-0.02,4400000,22.2,458
RENT003990,2024-12-01,2024,12,Q4,Dubai,Dubai,MBR City,Villa,5BR+,476000,459000,39700,13.1,-0.2,3.95,2.91,85.6,14.4,14.2,24,1047,4.3,2670,56.3,549000,3.96,-0.01,12050000,25.3,286
RENT004019,2024-12-01,2024,12,Q4,Abu Dhabi,Abu Dhabi,Masdar City,Apartment,1BR,83000,82000,6900,13.1,3.0,5.52,4.51,80.3,19.7,11.0,128,608,7.8,370,64.7,87000,5.35,0.17,1500000,18.1,281
RENT004020,2024-12-01,2024,12,Q4,Abu Dhabi,Abu Dhabi,Masdar City,Villa,2BR,232000,227000,19300,13.1,1.6,4.0,3.02,89.8,10.2,19.6,207,1190,7.1,1220,85.1,379000,4.48,-0.48,5800000,25.0,340
RENT004001,2024-12-01,2024,12,Q4,Dubai,Dubai,Meydan,Apartment,1BR,122000,126000,10200,13.1,3.3,4.29,3.3,84.3,15.7,20.2,26,349,8.0,730,72.2,192000,3.84,0.45,2850000,23.3,372
RENT004002,2024-12-01,2024,12,Q4,Dubai,Dubai,Meydan,Villa,3BR,318000,313000,26500,13.1,0.3,5.56,4.46,81.0,19.0,14.5,164,230,3.2,1920,76.1,533000,5.96,-0.4,5700000,18.0,182
RENT004025,2024-12-01,2024,12,Q4,Sharjah,Sharjah,Muwaileh,Apartment,3BR,50000,49000,4200,13.1,-0.8,5.39,4.61,96.4,3.6,20.6,88,56,5.2,260,59.3,56000,5.12,0.27,950000,18.5,80
RENT004026,2024-12-01,2024,12,Q4,Sharjah,Sharjah,Muwaileh,Villa,2BR,126000,121000,10500,13.1,0.1,4.52,3.46,92.6,7.4,10.9,93,260,4.4,780,87.7,250000,4.49,0.03,2800000,22.1,229
RENT003981,2024-12-01,2024,12,Q4,Dubai,Dubai,Palm Jumeirah,Apartment,1BR,255000,251000,21200,13.1,2.2,4.65,3.63,79.9,20.1,16.7,64,174,5.5,1290,79.7,375000,4.52,0.13,5500000,21.5,417
RENT003982,2024-12-01,2024,12,Q4,Dubai,Dubai,Palm Jumeirah,Villa,1BR,696000,690000,58000,13.1,1.6,5.38,4.67,93.5,6.5,13.0,106,805,17.0,3290,67.0,805000,5.69,-0.31,12950000,18.6,355
RENT004007,2024-12-01,2024,12,Q4,Abu Dhabi,Abu Dhabi,Saadiyat Island,Apartment,Studio,225000,209000,18800,13.1,-1.5,6.0,4.93,91.8,8.2,14.7,84,561,15.5,1270,60.0,278000,6.13,-0.13,3750000,16.7,292
RENT004008,2024-12-01,2024,12,Q4,Abu Dhabi,Abu Dhabi,Saadiyat Island,Villa,2BR,466000,441000,38800,13.1,1.9,5.21,4.04,96.9,3.1,15.2,102,393,8.4,2330,77.3,657000,5.69,-0.48,8950000,19.2,253
RENT004003,2024-12-01,2024,12,Q4,Dubai,Dubai,Sports City,Apartment,3BR,71000,69000,5900,13.1,0.6,4.16,3.46,86.1,13.9,10.9,243,210,7.0,470,66.7,114000,4.65,-0.49,1700000,24.0,328
RENT004004,2024-12-01,2024,12,Q4,Dubai,Dubai,Sports City,Villa,1BR,226000,226000,18800,13.1,0.4,4.2,3.43,80.0,20.0,17.7,220,236,7.9,870,76.6,243000,4.55,-0.35,5400000,23.8,570
RENT004009,2024-12-01,2024,12,Q4,Abu Dhabi,Abu Dhabi,Yas Island,Apartment,3BR,123000,124000,10200,13.1,-1.7,4.13,3.29,78.6,21.4,13.3,213,542,17.1,700,62.9,161000,4.54,-0.41,3000000,24.2,326
RENT004010,2024-12-01,2024,12,Q4,Abu Dhabi,Abu Dhabi,Yas Island,Villa,1BR,378000,397000,31500,13.1,-0.6,4.54,3.81,80.4,19.6,15.2,109,1026,13.6,1980,67.5,488000,4.92,-0.38,8300000,22.0,124
RENT004047,2025-01-01,2025,1,Q1,Dubai,Dubai,Al Furjan,Apartment,5BR+,102000,103000,8500,5.1,3.4,3.92,2.87,82.2,17.8,21.1,116,1104,1.5,730,56.2,150000,3.55,0.37,2600000,25.5,465
RENT004048,2025-01-01,2025,1,Q1,Dubai,Dubai,Al Furjan,Villa,1BR,349000,346000,29100,5.1,-1.2,4.29,3.13,84.0,16.0,20.4,238,1120,4.3,2080,61.7,468000,4.08,0.21,8150000,23.3,317
RENT004087,2025-01-01,2025,1,Q1,Ras Al Khaimah,Ras Al Khaimah,Al Hamra Village,Apartment,2BR,89000,88000,7400,5.1,1.0,3.87,3.28,91.8,8.2,21.1,94,840,4.1,330,56.4,68000,4.12,-0.25,2300000,25.9,83
RENT004088,2025-01-01,2025,1,Q1,Ras Al Khaimah,Ras Al Khaimah,Al Hamra Village,Villa,2BR,234000,224000,19500,5.1,-0.6,3.88,3.01,79.6,20.4,16.9,64,579,1.6,1170,62.7,268000,3.91,-0.03,6050000,25.8,47
RENT004083,2025-01-01,2025,1,Q1,Sharjah,Sharjah,Al Khan,Apartment,2BR,65000,64000,5400,5.1,1.0,3.95,2.95,95.7,4.3,11.9,211,241,4.7,350,75.9,97000,4.12,-0.17,1650000,25.3,178
RENT004084,2025-01-01,2025,1,Q1,Sharjah,Sharjah,Al Khan,Villa,2BR,134000,130000,11200,5.1,0.6,4.35,3.49,78.0,22.0,18.8,11,263,4.6,610,88.0,196000,4.44,-0.09,3100000,23.0,118
RENT004077,2025-01-01,2025,1,Q1,Sharjah,Sharjah,Al Majaz,Apartment,3BR,72000,70000,6000,5.1,1.8,5.94,5.34,88.2,11.8,19.5,110,257,6.2,260,86.3,82000,5.48,0.46,1200000,16.8,93
RENT004078,2025-01-01,2025,1,Q1,Sharjah,Sharjah,Al Majaz,Villa,1BR,189000,196000,15800,5.1,0.8,5.96,5.08,95.5,4.5,23.0,150,468,5.7,820,71.2,213000,5.49,0.47,3150000,16.8,202
RENT004079,2025-01-01,2025,1,Q1,Sharjah,Sharjah,Al Nahda,Apartment,2BR,66000,65000,5500,5.1,2.0,5.46,4.83,82.6,17.4,10.7,245,1053,6.0,260,62.1,59000,5.23,0.23,1200000,18.3,180
RENT004080,2025-01-01,2025,1,Q1,Sharjah,Sharjah,Al Nahda,Villa,4BR,120000,115000,10000,5.1,3.2,5.65,4.97,96.2,3.8,20.0,164,593,7.7,460,79.5,133000,5.91,-0.26,2100000,17.7,68
RENT004067,2025-01-01,2025,1,Q1,Abu Dhabi,Abu Dhabi,Al Raha Beach,Apartment,1BR,135000,131000,11200,5.1,1.6,4.45,3.55,78.5,21.5,22.6,55,423,5.8,540,87.8,173000,4.07,0.38,3050000,22.5,52
RENT004068,2025-01-01,2025,1,Q1,Abu Dhabi,Abu Dhabi,Al Raha Beach,Villa,1BR,476000,469000,39700,5.1,1.3,4.16,3.61,86.2,13.8,13.8,174,220,1.7,3280,82.5,988000,4.32,-0.16,11450000,24.0,80
RENT004073,2025-01-01,2025,1,Q1,Abu Dhabi,Abu Dhabi,Al Reef,Apartment,2BR,94000,97000,7800,5.1,-1.1,3.88,3.19,87.5,12.5,11.7,155,1173,5.0,390,86.0,122000,4.33,-0.45,2400000,25.8,75
RENT004074,2025-01-01,2025,1,Q1,Abu Dhabi,Abu Dhabi,Al Reef,Villa,4BR,270000,261000,22500,5.1,-1.9,6.17,5.25,87.0,13.0,17.6,181,57,2.1,1580,71.5,412000,6.5,-0.33,4400000,16.2,236
RENT004061,2025-01-01,2025,1,Q1,Abu Dhabi,Abu Dhabi,Al Reem Island,Apartment,1BR,107000,110000,8900,5.1,3.5,4.06,2.87,90.6,9.4,19.1,95,156,3.1,670,87.5,214000,3.58,0.48,2650000,24.6,294
RENT004062,2025-01-01,2025,1,Q1,Abu Dhabi,Abu Dhabi,Al Reem Island,Villa,1BR,335000,338000,27900,5.1,3.5,5.83,4.65,89.3,10.7,21.4,101,297,2.8,1810,76.6,506000,5.64,0.19,5750000,17.1,352
RENT004085,2025-01-01,2025,1,Q1,Sharjah,Sharjah,Al Taawun,Apartment,2BR,54000,50000,4500,5.1,0.3,5.42,4.78,81.7,18.3,17.4,82,561,8.0,260,71.1,67000,5.55,-0.13,1000000,18.5,125
RENT004086,2025-01-01,2025,1,Q1,Sharjah,Sharjah,Al Taawun,Villa,3BR,167000,174000,13900,5.1,-1.0,5.92,5.1,94.3,5.7,17.0,17,463,7.6,900,76.6,252000,5.96,-0.04,2800000,16.9,121
RENT004041,2025-01-01,2025,1,Q1,Dubai,Dubai,Business Bay,Apartment,5BR+,136000,137000,11300,5.1,2.7,4.05,3.12,90.2,9.8,11.9,159,958,7.9,600,57.4,126000,3.63,0.42,3350000,24.7,167
RENT004042,2025-01-01,2025,1,Q1,Dubai,Dubai,Business Bay,Villa,2BR,452000,464000,37700,5.1,2.5,5.45,4.65,95.4,4.6,17.4,209,1054,6.7,2030,78.8,584000,5.36,0.09,8300000,18.3,312
RENT004071,2025-01-01,2025,1,Q1,Abu Dhabi,Abu Dhabi,Corniche,Apartment,1BR,163000,161000,13600,5.1,1.5,4.15,3.43,90.4,9.6,17.1,200,255,3.8,1200,74.5,326000,4.62,-0.47,3950000,24.1,195
RENT004072,2025-01-01,2025,1,Q1,Abu Dhabi,Abu Dhabi,Corniche,Villa,2BR,428000,449000,35700,5.1,-1.7,5.36,4.18,93.0,7.0,22.6,121,539,3.5,3000,83.3,912000,5.78,-0.42,8000000,18.7,352
RENT004051,2025-01-01,2025,1,Q1,Dubai,Dubai,Creek Harbour,Apartment,1BR,152000,147000,12700,5.1,-2.4,5.43,4.63,80.1,19.9,19.5,92,1048,6.6,720,56.7,149000,5.04,0.39,2800000,18.4,263
RENT004052,2025-01-01,2025,1,Q1,Dubai,Dubai,Creek Harbour,Villa,2BR,373000,359000,31100,5.1,0.8,4.03,3.08,80.3,19.7,18.2,164,1167,4.2,2220,83.4,676000,3.78,0.25,9250000,24.8,140
RENT004053,2025-01-01,2025,1,Q1,Dubai,Dubai,DAMAC Hills,Apartment,1BR,118000,109000,9800,5.1,0.6,4.04,3.32,85.7,14.3,12.1,248,313,3.2,680,84.8,210000,4.38,-0.34,2900000,24.7,284
RENT004054,2025-01-01,2025,1,Q1,Dubai,Dubai,DAMAC Hills,Villa,1BR,379000,368000,31600,5.1,3.1,4.07,2.96,85.5,14.5,18.0,209,1149,3.2,2380,63.6,552000,4.36,-0.29,9300000,24.6,193
RENT004033,2025-01-01,2025,1,Q1,Dubai,Dubai,Downtown Dubai,Apartment,2BR,170000,173000,14200,5.1,-1.7,4.66,3.54,88.0,12.0,10.8,117,552,16.7,800,63.6,186000,4.7,-0.04,3650000,21.5,546
RENT004034,2025-01-01,2025,1,Q1,Dubai,Dubai,Downtown Dubai,Villa,2BR,390000,406000,32500,5.1,3.3,4.32,3.7,95.5,4.5,15.0,29,1118,9.4,2010,62.6,459000,3.87,0.45,9000000,23.1,284
RENT004039,2025-01-01,2025,1,Q1,Dubai,Dubai,Dubai Hills Estate,Apartment,2BR,184000,172000,15300,5.1,1.1,4.11,2.99,89.9,10.1,17.6,95,454,5.2,710,87.9,228000,3.92,0.19,4450000,24.3,211
RENT004040,2025-01-01,2025,1,Q1,Dubai,Dubai,Dubai Hills Estate,Villa,3BR,449000,447000,37400,5.1,-2.3,3.87,3.15,88.3,11.7,15.9,201,333,5.0,2270,83.4,691000,3.55,0.32,11600000,25.8,379
RENT004035,2025-01-01,2025,1,Q1,Dubai,Dubai,Dubai Marina,Apartment,Studio,141000,141000,11800,5.1,-0.4,5.13,4.59,81.7,18.3,23.0,31,605,10.9,730,78.7,210000,4.81,0.32,2750000,19.5,85
RENT004036,2025-01-01,2025,1,Q1,Dubai,Dubai,Dubai Marina,Villa,3BR,264000,260000,22000,5.1,2.5,5.95,5.33,95.2,4.8,12.1,171,650,14.9,1870,61.4,419000,6.31,-0.36,4450000,16.8,205
RENT004055,2025-01-01,2025,1,Q1,Dubai,Dubai,Dubai South,Apartment,1BR,87000,90000,7200,5.1,0.6,5.25,4.43,86.8,13.2,20.5,210,596,3.6,370,58.4,79000,5.01,0.24,1650000,19.0,254
RENT004056,2025-01-01,2025,1,Q1,Dubai,Dubai,Dubai South,Villa,1BR,261000,249000,21800,5.1,3.1,4.42,3.87,83.3,16.7,22.4,177,834,6.5,1770,81.6,527000,4.23,0.19,5900000,22.6,314
RENT004049,2025-01-01,2025,1,Q1,Dubai,Dubai,JBR,Apartment,Studio,159000,166000,13200,5.1,3.1,4.96,4.44,86.5,13.5,12.0,131,1170,17.0,1080,72.4,285000,4.56,0.4,3200000,20.2,530
RENT004050,2025-01-01,2025,1,Q1,Dubai,Dubai,JBR,Villa,1BR,317000,298000,26400,5.1,-0.6,4.67,3.55,84.2,15.8,22.8,137,1062,12.7,1610,71.7,421000,5.11,-0.44,6800000,21.4,569
RENT004043,2025-01-01,2025,1,Q1,Dubai,Dubai,JVC,Apartment,1BR,95000,97000,7900,5.1,2.8,4.27,3.33,82.2,17.8,15.6,148,1144,2.6,680,75.5,187000,3.95,0.32,2200000,23.4,152
RENT004044,2025-01-01,2025,1,Q1,Dubai,Dubai,JVC,Villa,1BR,296000,297000,24700,5.1,3.0,3.85,2.76,86.0,14.0,17.8,116,833,3.3,2120,84.8,656000,4.12,-0.27,7700000,25.9,564
RENT004069,2025-01-01,2025,1,Q1,Abu Dhabi,Abu Dhabi,Khalifa City,Apartment,1BR,95000,97000,7900,5.1,1.7,5.15,4.37,93.9,6.1,17.8,101,882,3.4,450,65.8,108000,5.11,0.04,1850000,19.4,89
RENT004070,2025-01-01,2025,1,Q1,Abu Dhabi,Abu Dhabi,Khalifa City,Villa,1BR,183000,171000,15200,5.1,-0.1,5.57,4.78,93.0,7.0,21.6,164,835,4.9,1120,59.9,245000,5.64,-0.07,3300000,18.0,315
RENT004045,2025-01-01,2025,1,Q1,Dubai,Dubai,MBR City,Apartment,1BR,215000,218000,17900,5.1,-2.0,5.73,4.71,81.6,18.4,19.3,242,948,1.5,1600,66.8,390000,5.57,0.16,3750000,17.5,145
RENT004046,2025-01-01,2025,1,Q1,Dubai,Dubai,MBR City,Villa,3BR,510000,488000,42500,5.1,0.7,4.34,3.72,86.5,13.5,20.7,84,518,2.9,1900,58.1,403000,4.22,0.12,11750000,23.0,424
RENT004075,2025-01-01,2025,1,Q1,Abu Dhabi,Abu Dhabi,Masdar City,Apartment,1BR,90000,83000,7500,5.1,2.2,3.89,3.38,91.7,8.3,11.1,248,164,2.7,580,60.1,127000,3.55,0.34,2300000,25.7,242
RENT004076,2025-01-01,2025,1,Q1,Abu Dhabi,Abu Dhabi,Masdar City,Villa,2BR,235000,231000,19600,5.1,-0.2,6.02,5.4,94.8,5.2,21.7,196,313,6.4,920,85.5,287000,6.46,-0.44,3900000,16.6,342
RENT004057,2025-01-01,2025,1,Q1,Dubai,Dubai,Meydan,Apartment,1BR,138000,131000,11500,5.1,-0.7,5.1,4.36,91.9,8.1,17.6,18,1167,6.4,1020,62.0,231000,4.78,0.32,2700000,19.6,430
RENT004058,2025-01-01,2025,1,Q1,Dubai,Dubai,Meydan,Villa,3BR,372000,364000,31000,5.1,0.9,4.03,3.16,95.5,4.5,20.3,47,587,2.3,2680,76.9,752000,3.81,0.22,9250000,24.8,458
RENT004081,2025-01-01,2025,1,Q1,Sharjah,Sharjah,Muwaileh,Apartment,2BR,52000,48000,4300,5.1,-0.4,4.93,3.77,96.4,3.6,21.6,201,945,5.6,370,66.6,90000,5.36,-0.43,1050000,20.3,229
RENT004082,2025-01-01,2025,1,Q1,Sharjah,Sharjah,Muwaileh,Villa,4BR,149000,150000,12400,5.1,1.0,5.83,4.73,89.2,10.8,22.6,148,1191,6.3,670,68.8,168000,5.92,-0.09,2550000,17.2,113
RENT004037,2025-01-01,2025,1,Q1,Dubai,Dubai,Palm Jumeirah,Apartment,1BR,289000,282000,24100,5.1,-2.4,4.06,3.47,88.6,11.4,13.2,48,516,14.9,1560,67.5,384000,4.32,-0.26,7100000,24.6,143
RENT004038,2025-01-01,2025,1,Q1,Dubai,Dubai,Palm Jumeirah,Villa,1BR,976000,964000,81300,5.1,1.3,4.88,4.25,91.6,8.4,19.2,193,898,9.7,5640,71.1,1464000,4.68,0.2,20000000,20.5,533
RENT004063,2025-01-01,2025,1,Q1,Abu Dhabi,Abu Dhabi,Saadiyat Island,Apartment,2BR,233000,226000,19400,5.1,2.4,5.47,4.48,83.7,16.3,15.5,80,1004,11.6,1150,83.9,352000,5.23,0.24,4250000,18.3,337
RENT004064,2025-01-01,2025,1,Q1,Abu Dhabi,Abu Dhabi,Saadiyat Island,Villa,4BR,581000,547000,48400,5.1,0.0,5.39,4.38,91.2,8.8,23.9,202,738,12.7,3920,72.6,1039000,5.28,0.11,10800000,18.6,188
RENT004059,2025-01-01,2025,1,Q1,Dubai,Dubai,Sports City,Apartment,1BR,86000,86000,7200,5.1,-1.2,4.26,3.1,93.4,6.6,23.0,117,536,7.2,440,57.7,93000,4.25,0.01,2000000,23.5,494
RENT004060,2025-01-01,2025,1,Q1,Dubai,Dubai,Sports City,Villa,3BR,200000,197000,16700,5.1,3.5,4.01,2.91,87.9,12.1,10.6,155,558,6.3,1270,73.4,340000,3.94,0.07,5000000,24.9,326
RENT004065,2025-01-01,2025,1,Q1,Abu Dhabi,Abu Dhabi,Yas Island,Apartment,1BR,124000,117000,10300,5.1,-0.7,3.91,2.73,87.8,12.2,20.8,29,362,12.6,540,85.8,169000,3.68,0.23,3150000,25.5,215
RENT004066,2025-01-01,2025,1,Q1,Abu Dhabi,Abu Dhabi,Yas Island,Villa,2BR,363000,361000,30200,5.1,0.6,4.4,3.53,88.2,11.8,19.6,233,555,15.9,1460,74.6,398000,4.5,-0.1,8250000,22.7,247
RENT004103,2025-02-01,2025,2,Q1,Dubai,Dubai,Al Furjan,Apartment,3BR,107000,107000,8900,5.1,1.3,3.99,2.97,90.8,9.2,11.9,142,755,6.0,520,81.1,154000,3.84,0.15,2700000,25.1,542
RENT004104,2025-02-01,2025,2,Q1,Dubai,Dubai,Al Furjan,Villa,1BR,354000,340000,29500,5.1,1.8,5.38,4.68,84.9,15.1,21.2,125,122,2.9,1440,80.7,424000,5.26,0.12,6600000,18.6,584
RENT004143,2025-02-01,2025,2,Q1,Ras Al Khaimah,Ras Al Khaimah,Al Hamra Village,Apartment,1BR,87000,87000,7200,5.1,-0.2,5.53,5.02,96.9,3.1,19.2,203,1046,5.1,370,63.4,86000,5.87,-0.34,1550000,18.1,34
RENT004144,2025-02-01,2025,2,Q1,Ras Al Khaimah,Ras Al Khaimah,Al Hamra Village,Villa,Studio,280000,260000,23300,5.1,-0.6,5.45,4.64,84.5,15.5,20.9,16,426,4.5,1620,74.3,439000,5.47,-0.02,5150000,18.3,101
RENT004139,2025-02-01,2025,2,Q1,Sharjah,Sharjah,Al Khan,Apartment,2BR,69000,64000,5800,5.1,1.3,4.37,3.69,81.9,18.1,15.8,18,1196,2.2,280,69.2,71000,4.09,0.28,1600000,22.9,106
RENT004140,2025-02-01,2025,2,Q1,Sharjah,Sharjah,Al Khan,Villa,Studio,224000,227000,18700,5.1,-0.3,4.88,3.84,88.4,11.6,11.1,151,1159,6.2,1310,71.1,340000,4.44,0.44,4600000,20.5,230
RENT004133,2025-02-01,2025,2,Q1,Sharjah,Sharjah,Al Majaz,Apartment,Studio,70000,71000,5800,5.1,2.9,5.13,4.26,91.9,8.1,10.7,208,1079,1.4,500,67.5,123000,5.09,0.04,1350000,19.5,161
RENT004134,2025-02-01,2025,2,Q1,Sharjah,Sharjah,Al Majaz,Villa,2BR,239000,232000,19900,5.1,0.1,5.23,4.12,88.1,11.9,13.4,127,629,2.8,1500,83.9,459000,5.65,-0.42,4550000,19.1,74
RENT004135,2025-02-01,2025,2,Q1,Sharjah,Sharjah,Al Nahda,Apartment,5BR+,64000,63000,5300,5.1,-2.5,5.2,4.18,89.3,10.7,20.7,113,390,7.7,460,85.2,143000,5.0,0.2,1250000,19.2,84
RENT004136,2025-02-01,2025,2,Q1,Sharjah,Sharjah,Al Nahda,Villa,3BR,189000,187000,15800,5.1,-1.9,3.92,3.25,91.7,8.3,10.1,68,481,4.9,900,62.4,205000,3.74,0.18,4850000,25.5,101
RENT004123,2025-02-01,2025,2,Q1,Abu Dhabi,Abu Dhabi,Al Raha Beach,Apartment,2BR,157000,155000,13100,5.1,-1.3,4.43,3.42,91.6,8.4,22.3,34,573,5.0,580,63.2,134000,4.4,0.03,3550000,22.6,309
RENT004124,2025-02-01,2025,2,Q1,Abu Dhabi,Abu Dhabi,Al Raha Beach,Villa,Studio,438000,453000,36500,5.1,-0.7,5.4,4.28,80.5,19.5,10.9,229,64,3.4,2190,75.5,604000,5.71,-0.31,8100000,18.5,164
RENT004129,2025-02-01,2025,2,Q1,Abu Dhabi,Abu Dhabi,Al Reef,Apartment,1BR,104000,108000,8700,5.1,0.6,6.12,5.14,92.2,7.8,15.1,104,565,4.8,460,61.4,103000,6.15,-0.03,1700000,16.3,311
RENT004130,2025-02-01,2025,2,Q1,Abu Dhabi,Abu Dhabi,Al Reef,Villa,1BR,340000,332000,28300,5.1,-0.6,6.24,5.3,78.9,21.1,17.2,170,1102,6.9,2260,76.1,628000,6.01,0.23,5450000,16.0,176
RENT004117,2025-02-01,2025,2,Q1,Abu Dhabi,Abu Dhabi,Al Reem Island,Apartment,Studio,122000,122000,10200,5.1,1.0,5.65,4.92,87.1,12.9,10.0,133,770,6.8,440,58.1,93000,5.42,0.23,2150000,17.7,79
RENT004118,2025-02-01,2025,2,Q1,Abu Dhabi,Abu Dhabi,Al Reem Island,Villa,2BR,233000,240000,19400,5.1,2.6,4.41,3.6,92.2,7.8,18.7,209,127,1.7,1360,71.0,352000,4.68,-0.27,5300000,22.7,197
RENT004141,2025-02-01,2025,2,Q1,Sharjah,Sharjah,Al Taawun,Apartment,2BR,58000,60000,4800,5.1,0.7,4.43,3.78,87.3,12.7,16.3,229,1041,4.4,320,85.4,100000,4.57,-0.14,1300000,22.6,76
RENT004142,2025-02-01,2025,2,Q1,Sharjah,Sharjah,Al Taawun,Villa,1BR,127000,126000,10600,5.1,-1.2,4.6,3.61,92.3,7.7,20.0,129,786,4.6,770,61.0,171000,4.81,-0.21,2750000,21.7,33
RENT004097,2025-02-01,2025,2,Q1,Dubai,Dubai,Business Bay,Apartment,2BR,139000,130000,11600,5.1,-2.5,5.33,4.26,87.8,12.2,13.0,142,429,5.7,900,69.6,229000,5.35,-0.02,2600000,18.8,525
RENT004098,2025-02-01,2025,2,Q1,Dubai,Dubai,Business Bay,Villa,2BR,314000,302000,26200,5.1,1.0,4.2,3.38,88.0,12.0,22.6,153,952,2.3,2280,65.3,543000,3.76,0.44,7500000,23.8,516
RENT004127,2025-02-01,2025,2,Q1,Abu Dhabi,Abu Dhabi,Corniche,Apartment,3BR,153000,147000,12800,5.1,0.9,4.12,3.37,94.0,6.0,23.5,61,963,5.0,780,58.7,167000,3.77,0.35,3700000,24.3,180
RENT004128,2025-02-01,2025,2,Q1,Abu Dhabi,Abu Dhabi,Corniche,Villa,3BR,473000,472000,39400,5.1,2.2,6.01,5.44,85.7,14.3,13.1,116,105,1.3,3120,79.5,905000,6.3,-0.29,7850000,16.6,306
RENT004107,2025-02-01,2025,2,Q1,Dubai,Dubai,Creek Harbour,Apartment,1BR,150000,150000,12500,5.1,-1.7,4.11,3.37,93.4,6.6,13.8,190,505,6.1,710,78.2,203000,4.33,-0.22,3650000,24.3,280
RENT004108,2025-02-01,2025,2,Q1,Dubai,Dubai,Creek Harbour,Villa,Studio,412000,430000,34300,5.1,-0.3,5.24,4.16,79.2,20.8,18.2,207,887,7.9,2980,61.9,673000,4.85,0.39,7850000,19.1,418
RENT004109,2025-02-01,2025,2,Q1,Dubai,Dubai,DAMAC Hills,Apartment,Studio,125000,131000,10400,5.1,1.1,5.32,4.63,85.4,14.6,20.0,185,825,5.3,520,77.5,147000,5.69,-0.37,2350000,18.8,579
RENT004110,2025-02-01,2025,2,Q1,Dubai,Dubai,DAMAC Hills,Villa,3BR,418000,426000,34800,5.1,-1.9,5.4,4.24,85.8,14.2,12.9,235,598,7.9,2240,73.1,598000,5.52,-0.12,7750000,18.5,93
RENT004089,2025-02-01,2025,2,Q1,Dubai,Dubai,Downtown Dubai,Apartment,2BR,171000,164000,14200,5.1,-0.7,5.92,4.9,94.4,5.6,21.9,70,570,17.0,1270,66.9,310000,6.03,-0.11,2900000,16.9,290
RENT004090,2025-02-01,2025,2,Q1,Dubai,Dubai,Downtown Dubai,Villa,1BR,525000,526000,43800,5.1,-1.6,6.24,5.59,87.0,13.0,14.1,23,779,11.9,2130,80.0,622000,6.66,-0.42,8400000,16.0,116
RENT004095,2025-02-01,2025,2,Q1,Dubai,Dubai,Dubai Hills Estate,Apartment,2BR,191000,186000,15900,5.1,2.0,4.07,3.41,84.5,15.5,12.3,17,247,2.4,900,84.6,278000,3.65,0.42,4700000,24.6,431
RENT004096,2025-02-01,2025,2,Q1,Dubai,Dubai,Dubai Hills Estate,Villa,Studio,398000,416000,33200,5.1,1.2,3.88,2.88,90.6,9.4,12.4,167,383,2.3,1580,65.0,375000,3.9,-0.02,10250000,25.8,452
RENT004091,2025-02-01,2025,2,Q1,Dubai,Dubai,Dubai Marina,Apartment,1BR,161000,165000,13400,5.1,-2.1,4.59,3.96,93.8,6.2,22.5,83,1058,5.5,810,71.2,211000,4.16,0.43,3500000,21.8,409
RENT004092,2025-02-01,2025,2,Q1,Dubai,Dubai,Dubai Marina,Villa,3BR,342000,350000,28500,5.1,2.1,4.84,3.81,86.9,13.1,11.6,84,256,13.1,1500,65.4,358000,4.91,-0.07,7050000,20.7,475
RENT004111,2025-02-01,2025,2,Q1,Dubai,Dubai,Dubai South,Apartment,1BR,87000,88000,7200,5.1,-0.9,4.72,3.85,88.8,11.2,15.3,46,358,7.0,500,75.3,137000,4.85,-0.13,1850000,21.2,335
RENT004112,2025-02-01,2025,2,Q1,Dubai,Dubai,Dubai South,Villa,2BR,271000,256000,22600,5.1,1.3,6.06,5.11,95.0,5.0,12.7,107,407,3.0,1790,63.4,414000,5.62,0.44,4450000,16.5,534
RENT004105,2025-02-01,2025,2,Q1,Dubai,Dubai,JBR,Apartment,1BR,154000,154000,12800,5.1,-1.3,5.34,4.74,96.0,4.0,10.4,146,753,18.1,1090,57.8,230000,5.54,-0.2,2900000,18.7,591
RENT004106,2025-02-01,2025,2,Q1,Dubai,Dubai,JBR,Villa,5BR+,512000,515000,42700,5.1,-1.8,5.36,4.85,78.6,21.4,21.4,204,334,5.4,2490,83.2,756000,5.2,0.16,9550000,18.7,520
RENT004099,2025-02-01,2025,2,Q1,Dubai,Dubai,JVC,Apartment,2BR,90000,85000,7500,5.1,-1.6,6.18,5.34,97.0,3.0,11.6,41,966,7.4,390,72.7,103000,6.39,-0.21,1450000,16.2,154
RENT004100,2025-02-01,2025,2,Q1,Dubai,Dubai,JVC,Villa,4BR,311000,312000,25900,5.1,-1.0,5.13,4.3,84.7,15.3,14.9,76,433,3.6,1850,59.0,398000,5.49,-0.36,6050000,19.5,518
RENT004125,2025-02-01,2025,2,Q1,Abu Dhabi,Abu Dhabi,Khalifa City,Apartment,3BR,100000,98000,8300,5.1,-1.5,5.7,5.16,86.7,13.3,18.3,36,718,3.1,440,56.3,90000,5.76,-0.06,1750000,17.5,260
RENT004126,2025-02-01,2025,2,Q1,Abu Dhabi,Abu Dhabi,Khalifa City,Villa,1BR,322000,321000,26800,5.1,-2.4,5.04,3.87,84.7,15.3,15.9,40,806,4.3,2310,56.9,480000,4.81,0.23,6400000,19.9,144
RENT004101,2025-02-01,2025,2,Q1,Dubai,Dubai,MBR City,Apartment,5BR+,208000,195000,17300,5.1,0.7,5.79,4.79,96.9,3.1,11.9,110,1171,6.1,1350,87.8,433000,5.44,0.35,3600000,17.3,94
RENT004102,2025-02-01,2025,2,Q1,Dubai,Dubai,MBR City,Villa,2BR,573000,600000,47800,5.1,2.6,5.0,4.36,86.5,13.5,23.5,101,694,2.1,3080,58.0,652000,4.84,0.16,11450000,20.0,595
RENT004131,2025-02-01,2025,2,Q1,Abu Dhabi,Abu Dhabi,Masdar City,Apartment,2BR,89000,89000,7400,5.1,-2.1,3.96,2.92,85.8,14.2,16.1,183,610,8.0,330,75.5,91000,3.55,0.41,2250000,25.2,290
RENT004132,2025-02-01,2025,2,Q1,Abu Dhabi,Abu Dhabi,Masdar City,Villa,1BR,228000,229000,19000,5.1,-0.8,4.71,3.69,81.1,18.9,22.1,185,275,2.2,1140,87.5,364000,4.88,-0.17,4850000,21.2,304
RENT004113,2025-02-01,2025,2,Q1,Dubai,Dubai,Meydan,Apartment,4BR,155000,145000,12900,5.1,1.8,3.89,3.25,91.7,8.3,19.2,184,233,7.0,1050,71.4,274000,3.86,0.03,4000000,25.7,396
RENT004114,2025-02-01,2025,2,Q1,Dubai,Dubai,Meydan,Villa,2BR,402000,389000,33500,5.1,-2.3,4.21,3.51,83.5,16.5,18.4,116,1012,3.3,2250,81.9,673000,4.29,-0.08,9550000,23.8,85
RENT004137,2025-02-01,2025,2,Q1,Sharjah,Sharjah,Muwaileh,Apartment,4BR,56000,55000,4700,5.1,0.8,4.89,3.83,78.9,21.1,16.4,174,1105,7.8,370,84.0,113000,4.51,0.38,1150000,20.4,79
RENT004138,2025-02-01,2025,2,Q1,Sharjah,Sharjah,Muwaileh,Villa,2BR,136000,141000,11300,5.1,-0.2,5.05,4.51,92.6,7.4,18.1,188,68,1.1,600,74.9,164000,5.14,-0.09,2700000,19.8,205
RENT004093,2025-02-01,2025,2,Q1,Dubai,Dubai,Palm Jumeirah,Apartment,1BR,320000,322000,26700,5.1,0.1,4.74,3.77,87.4,12.6,15.2,49,141,9.2,1980,77.4,559000,4.27,0.47,6750000,21.1,123
RENT004094,2025-02-01,2025,2,Q1,Dubai,Dubai,Palm Jumeirah,Villa,2BR,652000,633000,54300,5.1,-0.6,4.15,3.26,80.1,19.9,23.1,212,178,14.6,2580,59.7,562000,4.41,-0.26,15700000,24.1,584
RENT004119,2025-02-01,2025,2,Q1,Abu Dhabi,Abu Dhabi,Saadiyat Island,Apartment,3BR,226000,232000,18800,5.1,-1.5,4.77,3.88,90.6,9.4,15.8,130,839,13.7,1130,87.0,359000,4.77,0.0,4750000,21.0,157
RENT004120,2025-02-01,2025,2,Q1,Abu Dhabi,Abu Dhabi,Saadiyat Island,Villa,Studio,590000,572000,49200,5.1,0.4,4.28,3.18,82.1,17.9,20.8,112,415,15.3,4280,68.8,1075000,4.68,-0.4,13750000,23.3,238
RENT004115,2025-02-01,2025,2,Q1,Dubai,Dubai,Sports City,Apartment,1BR,84000,86000,7000,5.1,2.4,5.03,4.16,92.4,7.6,23.2,166,464,4.8,560,72.2,148000,4.75,0.28,1650000,19.9,443
RENT004116,2025-02-01,2025,2,Q1,Dubai,Dubai,Sports City,Villa,Studio,219000,206000,18200,5.1,2.3,4.14,3.46,88.2,11.8,23.7,54,561,5.1,1280,59.6,278000,3.78,0.36,5300000,24.2,236
RENT004121,2025-02-01,2025,2,Q1,Abu Dhabi,Abu Dhabi,Yas Island,Apartment,2BR,144000,136000,12000,5.1,2.7,5.79,4.98,80.4,19.6,10.4,83,67,17.1,880,76.5,246000,5.69,0.1,2500000,17.3,158
RENT004122,2025-02-01,2025,2,Q1,Abu Dhabi,Abu Dhabi,Yas Island,Villa,4BR,244000,252000,20300,5.1,-2.0,4.19,3.38,87.2,12.8,19.5,43,557,17.0,1290,62.8,296000,3.99,0.2,5800000,23.9,181
RENT004159,2025-03-01,2025,3,Q1,Dubai,Dubai,Al Furjan,Apartment,Studio,104000,105000,8700,5.1,3.4,4.34,3.31,93.7,6.3,11.2,140,691,2.7,760,78.1,217000,4.46,-0.12,2400000,23.0,502
RENT004160,2025-03-01,2025,3,Q1,Dubai,Dubai,Al Furjan,Villa,1BR,287000,279000,23900,5.1,2.4,3.9,3.09,92.7,7.3,12.2,204,432,5.2,1790,76.4,499000,3.5,0.4,7350000,25.7,211
RENT004199,2025-03-01,2025,3,Q1,Ras Al Khaimah,Ras Al Khaimah,Al Hamra Village,Apartment,1BR,86000,83000,7200,5.1,-0.1,5.69,4.57,91.8,8.2,16.2,209,1074,6.4,380,66.0,92000,5.48,0.21,1500000,17.6,92
RENT004200,2025-03-01,2025,3,Q1,Ras Al Khaimah,Ras Al Khaimah,Al Hamra Village,Villa,2BR,338000,341000,28200,5.1,2.6,4.32,3.26,83.7,16.3,23.3,139,989,3.2,1370,55.8,279000,4.41,-0.09,7850000,23.2,64
RENT004195,2025-03-01,2025,3,Q1,Sharjah,Sharjah,Al Khan,Apartment,3BR,65000,61000,5400,5.1,-1.6,4.62,3.83,94.9,5.1,17.9,208,377,1.6,420,57.7,88000,4.31,0.31,1400000,21.7,110
RENT004196,2025-03-01,2025,3,Q1,Sharjah,Sharjah,Al Khan,Villa,3BR,176000,174000,14700,5.1,2.1,5.04,4.53,79.3,20.7,10.0,24,53,1.6,640,58.6,137000,4.72,0.32,3500000,19.8,89
RENT004189,2025-03-01,2025,3,Q1,Sharjah,Sharjah,Al Majaz,Apartment,2BR,79000,78000,6600,5.1,-1.0,5.41,4.75,83.4,16.6,16.0,103,199,5.3,380,65.7,91000,5.82,-0.41,1450000,18.5,138
RENT004190,2025-03-01,2025,3,Q1,Sharjah,Sharjah,Al Majaz,Villa,2BR,207000,202000,17200,5.1,1.2,5.33,4.78,93.7,6.3,22.9,138,666,6.9,1210,83.2,367000,5.46,-0.13,3900000,18.8,119
RENT004191,2025-03-01,2025,3,Q1,Sharjah,Sharjah,Al Nahda,Apartment,1BR,67000,70000,5600,5.1,0.3,4.59,3.45,91.7,8.3,18.5,178,235,1.5,350,71.2,91000,4.68,-0.09,1450000,21.8,148
RENT004192,2025-03-01,2025,3,Q1,Sharjah,Sharjah,Al Nahda,Villa,2BR,115000,117000,9600,5.1,1.8,5.38,4.4,87.2,12.8,15.5,241,359,6.5,650,81.6,194000,5.32,0.06,2150000,18.6,56
RENT004179,2025-03-01,2025,3,Q1,Abu Dhabi,Abu Dhabi,Al Raha Beach,Apartment,1BR,155000,157000,12900,5.1,2.6,5.54,4.57,87.4,12.6,13.2,182,616,7.8,880,66.0,212000,5.76,-0.22,2800000,18.1,227
RENT004180,2025-03-01,2025,3,Q1,Abu Dhabi,Abu Dhabi,Al Raha Beach,Villa,Studio,525000,483000,43800,5.1,3.2,3.95,3.1,82.2,17.8,13.9,199,427,7.5,2720,71.2,707000,3.64,0.31,13300000,25.3,301
RENT004185,2025-03-01,2025,3,Q1,Abu Dhabi,Abu Dhabi,Al Reef,Apartment,2BR,107000,99000,8900,5.1,1.6,4.47,3.9,91.4,8.6,17.9,230,720,3.1,790,69.3,200000,4.18,0.29,2400000,22.4,217
RENT004186,2025-03-01,2025,3,Q1,Abu Dhabi,Abu Dhabi,Al Reef,Villa,2BR,324000,337000,27000,5.1,3.1,4.87,3.81,93.6,6.4,11.9,154,1091,4.3,1760,71.5,459000,4.64,0.23,6650000,20.5,98
RENT004173,2025-03-01,2025,3,Q1,Abu Dhabi,Abu Dhabi,Al Reem Island,Apartment,2BR,108000,109000,9000,5.1,1.1,5.35,4.23,82.7,17.3,15.4,124,1135,1.3,790,62.1,179000,5.41,-0.06,2000000,18.7,336
RENT004174,2025-03-01,2025,3,Q1,Abu Dhabi,Abu Dhabi,Al Reem Island,Villa,1BR,364000,359000,30300,5.1,1.3,3.94,3.12,96.0,4.0,11.1,11,1145,5.9,1700,62.6,388000,4.41,-0.47,9250000,25.4,313
RENT004197,2025-03-01,2025,3,Q1,Sharjah,Sharjah,Al Taawun,Apartment,3BR,65000,62000,5400,5.1,2.6,5.08,4.46,95.5,4.5,12.9,146,562,7.9,280,69.7,71000,4.89,0.19,1300000,19.7,98
RENT004198,2025-03-01,2025,3,Q1,Sharjah,Sharjah,Al Taawun,Villa,1BR,148000,148000,12300,5.1,2.4,4.66,3.84,90.9,9.1,23.2,194,1167,2.5,860,62.6,197000,4.83,-0.17,3200000,21.5,153
RENT004153,2025-03-01,2025,3,Q1,Dubai,Dubai,Business Bay,Apartment,Studio,140000,134000,11700,5.1,-0.5,5.25,4.34,87.2,12.8,17.0,19,875,2.9,530,85.1,165000,5.42,-0.17,2650000,19.1,465
RENT004154,2025-03-01,2025,3,Q1,Dubai,Dubai,Business Bay,Villa,2BR,409000,377000,34100,5.1,2.0,5.86,5.09,80.8,19.2,14.3,40,813,2.3,2710,59.9,593000,5.89,-0.03,7000000,17.1,283
RENT004183,2025-03-01,2025,3,Q1,Abu Dhabi,Abu Dhabi,Corniche,Apartment,Studio,180000,180000,15000,5.1,-1.8,4.12,3.01,82.7,17.3,20.1,176,328,2.1,740,79.0,213000,3.84,0.28,4350000,24.3,50
RENT004184,2025-03-01,2025,3,Q1,Abu Dhabi,Abu Dhabi,Corniche,Villa,1BR,289000,302000,24100,5.1,-0.8,4.42,3.58,94.2,5.8,20.7,39,975,6.6,1800,76.8,505000,4.42,0.0,6550000,22.6,215
RENT004163,2025-03-01,2025,3,Q1,Dubai,Dubai,Creek Harbour,Apartment,2BR,145000,133000,12100,5.1,-0.2,5.17,3.97,79.0,21.0,13.3,45,1109,4.6,680,84.9,211000,5.17,0.0,2800000,19.4,465
RENT004164,2025-03-01,2025,3,Q1,Dubai,Dubai,Creek Harbour,Villa,2BR,552000,517000,46000,5.1,-2.2,3.96,3.1,88.7,11.3,11.0,246,232,5.4,3970,62.2,901000,4.02,-0.06,13900000,25.2,89
RENT004165,2025-03-01,2025,3,Q1,Dubai,Dubai,DAMAC Hills,Apartment,1BR,140000,147000,11700,5.1,-0.0,5.84,4.72,87.9,12.1,17.5,104,983,7.4,630,71.4,164000,5.97,-0.13,2400000,17.1,521
RENT004166,2025-03-01,2025,3,Q1,Dubai,Dubai,DAMAC Hills,Villa,3BR,272000,265000,22700,5.1,0.6,4.71,3.52,94.8,5.2,19.2,81,925,6.8,1610,56.1,330000,4.44,0.27,5750000,21.2,286
RENT004145,2025-03-01,2025,3,Q1,Dubai,Dubai,Downtown Dubai,Apartment,1BR,176000,166000,14700,5.1,-1.9,4.35,3.63,85.4,14.6,10.9,236,1169,14.3,1230,75.8,340000,4.77,-0.42,4050000,23.0,439
RENT004146,2025-03-01,2025,3,Q1,Dubai,Dubai,Downtown Dubai,Villa,2BR,471000,446000,39200,5.1,2.5,3.89,2.95,80.0,20.0,23.8,203,199,13.7,1770,67.9,439000,3.76,0.13,12100000,25.7,359
RENT004151,2025-03-01,2025,3,Q1,Dubai,Dubai,Dubai Hills Estate,Apartment,1BR,210000,208000,17500,5.1,2.2,4.55,3.91,81.2,18.8,12.1,225,1001,5.1,1260,64.8,298000,4.08,0.47,4600000,22.0,189
RENT004152,2025-03-01,2025,3,Q1,Dubai,Dubai,Dubai Hills Estate,Villa,1BR,360000,354000,30000,5.1,-2.0,3.99,3.03,78.4,21.6,16.1,76,851,5.0,2210,81.6,658000,4.0,-0.01,9050000,25.1,172
RENT004147,2025-03-01,2025,3,Q1,Dubai,Dubai,Dubai Marina,Apartment,2BR,154000,156000,12800,5.1,-1.0,5.74,4.77,79.2,20.8,17.5,131,102,12.2,700,75.2,192000,5.46,0.28,2700000,17.4,372
RENT004148,2025-03-01,2025,3,Q1,Dubai,Dubai,Dubai Marina,Villa,3BR,334000,336000,27800,5.1,0.7,5.5,4.43,78.5,21.5,14.9,172,226,7.7,1540,79.0,444000,5.2,0.3,6050000,18.2,381
RENT004167,2025-03-01,2025,3,Q1,Dubai,Dubai,Dubai South,Apartment,3BR,93000,90000,7800,5.1,-1.4,4.29,3.25,81.1,18.9,15.2,124,1091,1.5,340,84.9,105000,3.86,0.43,2150000,23.3,403
RENT004168,2025-03-01,2025,3,Q1,Dubai,Dubai,Dubai South,Villa,2BR,268000,262000,22300,5.1,-1.1,6.2,5.14,96.5,3.5,20.5,67,113,2.4,1740,68.5,435000,6.28,-0.08,4350000,16.1,479
RENT004161,2025-03-01,2025,3,Q1,Dubai,Dubai,JBR,Apartment,2BR,178000,173000,14800,5.1,-2.4,4.48,3.77,92.8,7.2,15.7,186,475,8.9,1180,64.3,277000,4.41,0.07,3950000,22.3,516
RENT004162,2025-03-01,2025,3,Q1,Dubai,Dubai,JBR,Villa,1BR,347000,364000,28900,5.1,-2.5,4.35,3.3,82.2,17.8,21.6,185,503,13.7,1900,57.8,401000,4.49,-0.14,8000000,23.0,161
RENT004155,2025-03-01,2025,3,Q1,Dubai,Dubai,JVC,Apartment,1BR,94000,92000,7800,5.1,-1.3,5.53,4.63,94.0,6.0,21.8,120,497,2.7,600,83.9,184000,5.7,-0.17,1700000,18.1,517
RENT004156,2025-03-01,2025,3,Q1,Dubai,Dubai,JVC,Villa,Studio,317000,327000,26400,5.1,-1.5,4.58,4.07,82.1,17.9,14.9,244,268,2.9,1290,80.8,380000,4.32,0.26,6950000,21.8,269
RENT004181,2025-03-01,2025,3,Q1,Abu Dhabi,Abu Dhabi,Khalifa City,Apartment,1BR,113000,111000,9400,5.1,0.7,4.0,3.4,80.1,19.9,16.4,70,621,6.9,810,86.4,255000,4.24,-0.24,2800000,25.0,138
RENT004182,2025-03-01,2025,3,Q1,Abu Dhabi,Abu Dhabi,Khalifa City,Villa,2BR,279000,269000,23200,5.1,1.5,4.11,3.04,89.5,10.5,13.9,34,143,2.5,1450,87.4,463000,3.62,0.49,6800000,24.3,248
RENT004157,2025-03-01,2025,3,Q1,Dubai,Dubai,MBR City,Apartment,2BR,203000,209000,16900,5.1,2.9,6.19,5.43,81.2,18.8,16.0,189,736,4.6,1500,60.9,333000,6.08,0.11,3300000,16.2,266
RENT004158,2025-03-01,2025,3,Q1,Dubai,Dubai,MBR City,Villa,1BR,782000,775000,65200,5.1,2.6,4.73,3.95,91.3,8.7,11.9,22,169,1.2,4980,59.3,1078000,4.51,0.22,16550000,21.2,123
RENT004187,2025-03-01,2025,3,Q1,Abu Dhabi,Abu Dhabi,Masdar City,Apartment,3BR,95000,89000,7900,5.1,-0.1,5.86,5.21,94.3,5.7,17.6,102,222,5.8,620,76.1,172000,5.75,0.11,1600000,17.1,172
RENT004188,2025-03-01,2025,3,Q1,Abu Dhabi,Abu Dhabi,Masdar City,Villa,3BR,156000,148000,13000,5.1,0.2,4.71,4.03,79.5,20.5,13.2,230,722,6.3,840,65.6,201000,4.54,0.17,3300000,21.2,279
RENT004169,2025-03-01,2025,3,Q1,Dubai,Dubai,Meydan,Apartment,2BR,157000,145000,13100,5.1,0.3,4.83,4.14,91.6,8.4,13.2,179,1048,6.9,850,59.0,183000,4.94,-0.11,3250000,20.7,460
RENT004170,2025-03-01,2025,3,Q1,Dubai,Dubai,Meydan,Villa,5BR+,377000,353000,31400,5.1,0.2,4.1,3.07,95.8,4.2,17.7,90,614,1.9,2560,86.8,811000,4.47,-0.37,9200000,24.4,225
RENT004193,2025-03-01,2025,3,Q1,Sharjah,Sharjah,Muwaileh,Apartment,2BR,59000,55000,4900,5.1,-0.6,4.47,3.32,78.3,21.7,17.9,119,870,1.9,370,78.4,106000,4.17,0.3,1300000,22.4,38
RENT004194,2025-03-01,2025,3,Q1,Sharjah,Sharjah,Muwaileh,Villa,2BR,108000,102000,9000,5.1,0.8,5.51,4.34,88.9,11.1,12.9,165,813,1.4,620,65.0,147000,5.27,0.24,1950000,18.2,64
RENT004149,2025-03-01,2025,3,Q1,Dubai,Dubai,Palm Jumeirah,Apartment,3BR,327000,303000,27200,5.1,0.7,5.09,4.54,84.9,15.1,14.9,186,222,10.0,1700,74.1,460000,4.64,0.45,6450000,19.7,533
RENT004150,2025-03-01,2025,3,Q1,Dubai,Dubai,Palm Jumeirah,Villa,2BR,599000,581000,49900,5.1,1.1,3.97,2.93,87.6,12.4,16.9,219,154,18.7,2720,72.8,723000,3.73,0.24,15100000,25.2,389
RENT004175,2025-03-01,2025,3,Q1,Abu Dhabi,Abu Dhabi,Saadiyat Island,Apartment,1BR,262000,244000,21800,5.1,2.3,4.66,3.54,93.4,6.6,17.7,135,812,6.2,950,63.5,220000,5.08,-0.42,5600000,21.5,188
RENT004176,2025-03-01,2025,3,Q1,Abu Dhabi,Abu Dhabi,Saadiyat Island,Villa,2BR,555000,534000,46200,5.1,-1.9,4.13,3.06,95.0,5.0,22.8,245,63,13.9,3740,61.4,838000,4.35,-0.22,13400000,24.2,159
RENT004171,2025-03-01,2025,3,Q1,Dubai,Dubai,Sports City,Apartment,1BR,91000,86000,7600,5.1,-0.6,4.15,3.41,85.1,14.9,11.6,148,1027,3.3,660,76.2,184000,3.81,0.34,2200000,24.1,533
RENT004172,2025-03-01,2025,3,Q1,Dubai,Dubai,Sports City,Villa,1BR,264000,252000,22000,5.1,3.4,4.41,3.51,88.9,11.1,18.3,28,903,2.6,1540,56.1,315000,3.95,0.46,6000000,22.7,223
RENT004177,2025-03-01,2025,3,Q1,Abu Dhabi,Abu Dhabi,Yas Island,Apartment,2BR,144000,145000,12000,5.1,-0.7,6.13,5.48,95.2,4.8,12.8,221,792,19.8,850,70.7,219000,6.33,-0.2,2350000,16.3,135
RENT004178,2025-03-01,2025,3,Q1,Abu Dhabi,Abu Dhabi,Yas Island,Villa,5BR+,388000,396000,32300,5.1,2.1,3.94,2.85,80.7,19.3,13.4,145,361,16.4,2330,80.6,685000,3.72,0.22,9850000,25.4,181
RENT004215,2025-04-01,2025,4,Q2,Dubai,Dubai,Al Furjan,Apartment,5BR+,107000,109000,8900,5.1,3.0,4.96,4.22,96.0,4.0,18.6,42,766,6.0,440,86.7,139000,5.42,-0.46,2150000,20.2,287
RENT004216,2025-04-01,2025,4,Q2,Dubai,Dubai,Al Furjan,Villa,3BR,351000,351000,29200,5.1,-0.0,4.31,3.48,79.3,20.7,18.8,106,683,4.9,2180,87.3,695000,4.63,-0.32,8150000,23.2,524
RENT004255,2025-04-01,2025,4,Q2,Ras Al Khaimah,Ras Al Khaimah,Al Hamra Village,Apartment,1BR,90000,92000,7500,5.1,-1.1,4.86,4.05,92.0,8.0,19.6,59,718,3.4,350,65.3,83000,4.39,0.47,1850000,20.6,112
RENT004256,2025-04-01,2025,4,Q2,Ras Al Khaimah,Ras Al Khaimah,Al Hamra Village,Villa,2BR,190000,192000,15800,5.1,-0.2,4.18,3.49,89.8,10.2,21.4,129,887,7.8,1320,67.0,323000,4.66,-0.48,4550000,23.9,34
RENT004251,2025-04-01,2025,4,Q2,Sharjah,Sharjah,Al Khan,Apartment,4BR,66000,63000,5500,5.1,-1.8,4.49,3.63,90.1,9.9,22.8,105,571,6.7,490,74.8,134000,4.37,0.12,1450000,22.3,189
RENT004252,2025-04-01,2025,4,Q2,Sharjah,Sharjah,Al Khan,Villa,3BR,131000,134000,10900,5.1,-1.7,5.05,4.14,80.5,19.5,20.0,239,1013,4.6,510,55.6,103000,5.39,-0.34,2600000,19.8,130
RENT004245,2025-04-01,2025,4,Q2,Sharjah,Sharjah,Al Majaz,Apartment,2BR,71000,68000,5900,5.1,1.7,4.93,4.38,88.1,11.9,23.2,111,560,3.5,470,72.9,125000,5.43,-0.5,1450000,20.3,219
RENT004246,2025-04-01,2025,4,Q2,Sharjah,Sharjah,Al Majaz,Villa,5BR+,210000,210000,17500,5.1,-1.8,5.04,4.15,92.1,7.9,15.8,198,149,3.8,1260,81.8,376000,5.13,-0.09,4150000,19.9,207
RENT004247,2025-04-01,2025,4,Q2,Sharjah,Sharjah,Al Nahda,Apartment,2BR,67000,70000,5600,5.1,3.5,6.18,5.24,88.3,11.7,13.6,82,695,3.2,360,73.6,97000,5.98,0.2,1100000,16.2,158
RENT004248,2025-04-01,2025,4,Q2,Sharjah,Sharjah,Al Nahda,Villa,2BR,180000,171000,15000,5.1,0.6,5.12,4.23,90.7,9.3,17.4,196,813,3.7,1200,55.0,241000,5.01,0.11,3500000,19.5,157
RENT004235,2025-04-01,2025,4,Q2,Abu Dhabi,Abu Dhabi,Al Raha Beach,Apartment,4BR,166000,171000,13800,5.1,-2.3,4.46,3.9,87.1,12.9,18.3,211,79,1.3,930,86.0,292000,4.02,0.44,3750000,22.4,154
RENT004236,2025-04-01,2025,4,Q2,Abu Dhabi,Abu Dhabi,Al Raha Beach,Villa,1BR,360000,353000,30000,5.1,2.8,5.32,4.71,84.4,15.6,19.6,232,892,3.5,1590,75.4,438000,5.79,-0.47,6750000,18.8,323
RENT004241,2025-04-01,2025,4,Q2,Abu Dhabi,Abu Dhabi,Al Reef,Apartment,3BR,106000,105000,8800,5.1,1.3,4.01,3.18,84.2,15.8,18.6,100,322,7.3,400,60.9,89000,4.17,-0.16,2650000,24.9,182
RENT004242,2025-04-01,2025,4,Q2,Abu Dhabi,Abu Dhabi,Al Reef,Villa,1BR,189000,186000,15800,5.1,-0.4,4.56,3.78,87.6,12.4,16.3,221,457,7.7,900,56.3,185000,4.25,0.31,4150000,21.9,155
RENT004229,2025-04-01,2025,4,Q2,Abu Dhabi,Abu Dhabi,Al Reem Island,Apartment,2BR,118000,124000,9800,5.1,3.4,3.93,3.03,85.3,14.7,16.5,39,597,6.3,630,69.8,161000,3.85,0.08,3000000,25.4,77
RENT004230,2025-04-01,2025,4,Q2,Abu Dhabi,Abu Dhabi,Al Reem Island,Villa,2BR,279000,262000,23200,5.1,3.5,5.28,4.57,93.5,6.5,13.6,241,1022,4.8,1730,77.8,491000,5.58,-0.3,5300000,18.9,192
RENT004253,2025-04-01,2025,4,Q2,Sharjah,Sharjah,Al Taawun,Apartment,2BR,62000,63000,5200,5.1,2.6,5.1,4.48,95.2,4.8,20.4,133,183,5.6,300,60.7,66000,4.99,0.11,1200000,19.6,148
RENT004254,2025-04-01,2025,4,Q2,Sharjah,Sharjah,Al Taawun,Villa,1BR,209000,194000,17400,5.1,-2.5,5.23,4.13,89.9,10.1,19.8,163,1101,6.7,1420,56.3,292000,5.19,0.04,4000000,19.1,107
RENT004209,2025-04-01,2025,4,Q2,Dubai,Dubai,Business Bay,Apartment,1BR,143000,134000,11900,5.1,1.3,3.86,3.17,85.4,14.6,22.3,101,917,1.9,980,57.6,206000,4.22,-0.36,3700000,25.9,259
RENT004210,2025-04-01,2025,4,Q2,Dubai,Dubai,Business Bay,Villa,2BR,392000,387000,32700,5.1,-1.2,4.49,3.36,80.8,19.2,23.9,44,344,2.7,2170,83.5,661000,4.25,0.24,8750000,22.3,398
RENT004239,2025-04-01,2025,4,Q2,Abu Dhabi,Abu Dhabi,Corniche,Apartment,2BR,168000,158000,14000,5.1,-1.0,4.79,3.75,88.5,11.5,21.7,211,1044,4.2,1130,77.9,321000,5.02,-0.23,3500000,20.9,59
RENT004240,2025-04-01,2025,4,Q2,Abu Dhabi,Abu Dhabi,Corniche,Villa,2BR,466000,444000,38800,5.1,-1.3,3.96,3.27,92.2,7.8,16.1,151,537,2.5,2870,58.5,613000,4.22,-0.26,11750000,25.3,198
RENT004219,2025-04-01,2025,4,Q2,Dubai,Dubai,Creek Harbour,Apartment,2BR,154000,161000,12800,5.1,-2.1,5.57,4.67,91.6,8.4,19.7,191,177,6.8,860,87.0,273000,5.84,-0.27,2750000,17.9,256
RENT004220,2025-04-01,2025,4,Q2,Dubai,Dubai,Creek Harbour,Villa,Studio,334000,343000,27800,5.1,1.4,5.79,4.82,97.0,3.0,16.9,108,1110,4.4,2100,75.1,576000,5.34,0.45,5750000,17.3,198
RENT004221,2025-04-01,2025,4,Q2,Dubai,Dubai,DAMAC Hills,Apartment,2BR,134000,131000,11200,5.1,2.1,4.83,3.77,90.5,9.5,21.6,105,349,3.1,660,61.2,147000,4.88,-0.05,2750000,20.7,150
RENT004222,2025-04-01,2025,4,Q2,Dubai,Dubai,DAMAC Hills,Villa,3BR,458000,440000,38200,5.1,0.4,4.23,3.69,96.1,3.9,18.1,220,457,7.1,3320,74.2,899000,4.43,-0.2,10850000,23.6,558
RENT004201,2025-04-01,2025,4,Q2,Dubai,Dubai,Downtown Dubai,Apartment,2BR,186000,173000,15500,5.1,-1.8,4.68,4.03,78.4,21.6,23.2,228,926,7.8,760,68.0,189000,4.93,-0.25,3950000,21.4,275
RENT004202,2025-04-01,2025,4,Q2,Dubai,Dubai,Downtown Dubai,Villa,3BR,538000,518000,44800,5.1,-1.6,5.01,4.13,80.8,19.2,14.5,84,628,12.3,2930,67.2,719000,5.44,-0.43,10750000,19.9,275
RENT004207,2025-04-01,2025,4,Q2,Dubai,Dubai,Dubai Hills Estate,Apartment,3BR,209000,205000,17400,5.1,1.2,4.14,3.47,82.6,17.4,10.7,48,154,5.4,1510,72.3,398000,4.08,0.06,5050000,24.1,396
RENT004208,2025-04-01,2025,4,Q2,Dubai,Dubai,Dubai Hills Estate,Villa,1BR,724000,751000,60300,5.1,2.2,6.08,5.34,90.4,9.6,15.2,228,835,6.0,3090,55.1,621000,5.87,0.21,11900000,16.5,500
RENT004203,2025-04-01,2025,4,Q2,Dubai,Dubai,Dubai Marina,Apartment,Studio,155000,160000,12900,5.1,0.4,4.04,2.92,79.6,20.4,15.1,239,968,6.4,1150,79.2,332000,3.89,0.15,3850000,24.7,99
RENT004204,2025-04-01,2025,4,Q2,Dubai,Dubai,Dubai Marina,Villa,1BR,471000,438000,39200,5.1,-2.4,4.08,3.49,95.2,4.8,21.9,20,1025,19.4,1910,61.8,431000,4.55,-0.47,11550000,24.5,567
RENT004223,2025-04-01,2025,4,Q2,Dubai,Dubai,Dubai South,Apartment,2BR,95000,93000,7900,5.1,-0.6,4.15,3.47,93.0,7.0,19.6,96,602,3.2,530,86.9,168000,3.83,0.32,2300000,24.1,399
RENT004224,2025-04-01,2025,4,Q2,Dubai,Dubai,Dubai South,Villa,2BR,220000,221000,18300,5.1,3.1,5.62,4.59,82.4,17.6,18.6,61,1145,2.7,1340,55.7,272000,6.02,-0.4,3900000,17.8,150
RENT004217,2025-04-01,2025,4,Q2,Dubai,Dubai,JBR,Apartment,Studio,176000,176000,14700,5.1,-1.7,4.31,3.37,96.1,3.9,13.3,141,544,17.6,760,77.9,216000,4.55,-0.24,4100000,23.2,292
RENT004218,2025-04-01,2025,4,Q2,Dubai,Dubai,JBR,Villa,5BR+,507000,502000,42200,5.1,-0.5,5.2,4.6,91.7,8.3,10.8,219,130,19.9,3230,58.4,689000,5.16,0.04,9750000,19.2,574
RENT004211,2025-04-01,2025,4,Q2,Dubai,Dubai,JVC,Apartment,2BR,94000,94000,7800,5.1,-0.5,5.67,4.87,91.1,8.9,16.8,86,119,4.9,690,60.6,153000,5.65,0.02,1650000,17.6,229
RENT004212,2025-04-01,2025,4,Q2,Dubai,Dubai,JVC,Villa,3BR,358000,354000,29800,5.1,-0.8,6.15,5.3,92.5,7.5,11.8,85,86,2.0,1630,73.5,437000,6.13,0.02,5800000,16.3,399
RENT004237,2025-04-01,2025,4,Q2,Abu Dhabi,Abu Dhabi,Khalifa City,Apartment,Studio,105000,100000,8800,5.1,3.4,3.91,3.16,85.8,14.2,10.3,78,981,1.6,440,60.2,97000,3.61,0.3,2700000,25.6,255
RENT004238,2025-04-01,2025,4,Q2,Abu Dhabi,Abu Dhabi,Khalifa City,Villa,1BR,323000,328000,26900,5.1,2.0,4.93,4.15,87.8,12.2,13.3,195,702,1.4,1690,84.2,519000,5.03,-0.1,6550000,20.3,127
RENT004213,2025-04-01,2025,4,Q2,Dubai,Dubai,MBR City,Apartment,2BR,219000,221000,18200,5.1,-0.4,4.59,3.56,80.0,20.0,18.7,23,410,1.4,950,71.5,248000,4.14,0.45,4750000,21.8,364
RENT004214,2025-04-01,2025,4,Q2,Dubai,Dubai,MBR City,Villa,4BR,710000,744000,59200,5.1,1.4,4.53,3.38,87.2,12.8,22.2,44,1172,7.0,2550,80.0,745000,4.7,-0.17,15700000,22.1,434
RENT004243,2025-04-01,2025,4,Q2,Abu Dhabi,Abu Dhabi,Masdar City,Apartment,1BR,84000,81000,7000,5.1,1.6,4.54,3.61,82.0,18.0,14.4,149,51,7.4,400,65.7,96000,4.83,-0.29,1850000,22.0,285
RENT004244,2025-04-01,2025,4,Q2,Abu Dhabi,Abu Dhabi,Masdar City,Villa,3BR,190000,180000,15800,5.1,-0.9,5.07,4.33,91.8,8.2,11.5,232,276,7.0,1300,71.1,337000,5.24,-0.17,3750000,19.7,182
RENT004225,2025-04-01,2025,4,Q2,Dubai,Dubai,Meydan,Apartment,Studio,150000,143000,12500,5.1,-1.4,3.98,3.39,81.2,18.8,23.6,248,486,5.0,610,64.5,144000,3.49,0.49,3750000,25.1,470
RENT004226,2025-04-01,2025,4,Q2,Dubai,Dubai,Meydan,Villa,3BR,357000,374000,29800,5.1,0.8,4.63,3.75,92.7,7.3,15.2,235,453,7.1,1880,72.6,498000,4.28,0.35,7700000,21.6,472
RENT004249,2025-04-01,2025,4,Q2,Sharjah,Sharjah,Muwaileh,Apartment,1BR,61000,62000,5100,5.1,-2.4,5.02,3.97,86.4,13.6,17.6,87,489,4.0,370,86.5,117000,5.42,-0.4,1200000,19.9,44
RENT004250,2025-04-01,2025,4,Q2,Sharjah,Sharjah,Muwaileh,Villa,3BR,204000,191000,17000,5.1,1.5,4.76,3.82,93.6,6.4,11.8,84,109,2.6,820,56.3,169000,4.31,0.45,4300000,21.0,195
RENT004205,2025-04-01,2025,4,Q2,Dubai,Dubai,Palm Jumeirah,Apartment,4BR,318000,305000,26500,5.1,3.2,4.24,3.53,79.4,20.6,12.7,188,1101,5.9,1160,66.7,282000,4.12,0.12,7500000,23.6,444
RENT004206,2025-04-01,2025,4,Q2,Dubai,Dubai,Palm Jumeirah,Villa,2BR,568000,558000,47300,5.1,3.4,5.86,4.91,84.8,15.2,18.1,230,682,9.0,3570,63.2,824000,6.06,-0.2,9700000,17.1,586
RENT004231,2025-04-01,2025,4,Q2,Abu Dhabi,Abu Dhabi,Saadiyat Island,Apartment,1BR,236000,243000,19700,5.1,0.5,5.36,4.83,90.7,9.3,14.5,109,337,7.6,990,63.2,228000,5.43,-0.07,4400000,18.6,181
RENT004232,2025-04-01,2025,4,Q2,Abu Dhabi,Abu Dhabi,Saadiyat Island,Villa,2BR,628000,589000,52300,5.1,-0.6,4.63,3.55,85.6,14.4,12.0,123,303,20.0,4130,60.2,907000,4.41,0.22,13600000,21.6,175
RENT004227,2025-04-01,2025,4,Q2,Dubai,Dubai,Sports City,Apartment,2BR,84000,80000,7000,5.1,1.5,4.32,3.46,78.4,21.6,14.8,18,652,2.6,390,57.4,82000,4.25,0.07,1950000,23.2,444
RENT004228,2025-04-01,2025,4,Q2,Dubai,Dubai,Sports City,Villa,2BR,242000,239000,20200,5.1,2.8,5.36,4.75,89.8,10.2,19.7,128,1137,7.7,1660,60.8,368000,5.48,-0.12,4500000,18.7,211
RENT004233,2025-04-01,2025,4,Q2,Abu Dhabi,Abu Dhabi,Yas Island,Apartment,2BR,138000,135000,11500,5.1,2.1,5.2,4.18,84.1,15.9,17.9,180,434,11.1,640,79.0,185000,4.88,0.32,2650000,19.2,289
RENT004234,2025-04-01,2025,4,Q2,Abu Dhabi,Abu Dhabi,Yas Island,Villa,4BR,443000,436000,36900,5.1,0.4,5.94,4.8,89.7,10.3,15.2,160,486,15.6,2160,68.0,536000,6.15,-0.21,7450000,16.8,338
RENT004271,2025-05-01,2025,5,Q2,Dubai,Dubai,Al Furjan,Apartment,1BR,114000,107000,9500,5.1,0.2,5.45,4.34,93.6,6.4,10.9,78,988,6.6,500,83.9,153000,5.33,0.12,2100000,18.3,469
RENT004272,2025-05-01,2025,5,Q2,Dubai,Dubai,Al Furjan,Villa,3BR,197000,191000,16400,5.1,-0.4,4.39,3.68,89.7,10.3,13.4,188,877,1.6,1370,82.3,412000,4.24,0.15,4500000,22.8,518
RENT004311,2025-05-01,2025,5,Q2,Ras Al Khaimah,Ras Al Khaimah,Al Hamra Village,Apartment,2BR,94000,98000,7800,5.1,3.0,4.23,3.33,92.3,7.7,14.4,244,364,6.7,620,85.8,194000,3.96,0.27,2200000,23.6,42
RENT004312,2025-05-01,2025,5,Q2,Ras Al Khaimah,Ras Al Khaimah,Al Hamra Village,Villa,1BR,274000,278000,22800,5.1,2.5,5.03,4.27,87.5,12.5,23.6,148,1165,4.9,1620,72.6,429000,5.5,-0.47,5450000,19.9,102
RENT004307,2025-05-01,2025,5,Q2,Sharjah,Sharjah,Al Khan,Apartment,5BR+,65000,68000,5400,5.1,1.2,3.98,2.78,81.6,18.4,20.0,231,872,3.5,430,55.6,87000,4.39,-0.41,1650000,25.1,73
RENT004308,2025-05-01,2025,5,Q2,Sharjah,Sharjah,Al Khan,Villa,4BR,161000,156000,13400,5.1,-0.1,4.57,3.89,91.9,8.1,20.5,20,945,5.0,780,63.2,180000,4.66,-0.09,3500000,21.9,207
RENT004301,2025-05-01,2025,5,Q2,Sharjah,Sharjah,Al Majaz,Apartment,2BR,78000,80000,6500,5.1,0.6,5.92,5.16,93.0,7.0,15.6,175,810,7.4,300,70.9,78000,5.5,0.42,1300000,16.9,68
RENT004302,2025-05-01,2025,5,Q2,Sharjah,Sharjah,Al Majaz,Villa,Studio,248000,231000,20700,5.1,-0.7,4.49,3.8,89.7,10.3,22.6,82,527,7.2,1630,64.9,386000,4.27,0.22,5500000,22.3,97
RENT004303,2025-05-01,2025,5,Q2,Sharjah,Sharjah,Al Nahda,Apartment,2BR,62000,59000,5200,5.1,-1.0,4.64,3.46,81.6,18.4,21.0,126,239,3.1,450,67.8,111000,4.78,-0.14,1350000,21.6,204
RENT004304,2025-05-01,2025,5,Q2,Sharjah,Sharjah,Al Nahda,Villa,3BR,217000,219000,18100,5.1,1.2,4.02,3.31,84.2,15.8,16.7,158,470,1.2,870,65.5,208000,3.79,0.23,5400000,24.9,203
RENT004291,2025-05-01,2025,5,Q2,Abu Dhabi,Abu Dhabi,Al Raha Beach,Apartment,2BR,147000,147000,12200,5.1,-2.3,4.8,4.24,96.1,3.9,22.5,91,251,5.0,780,59.1,168000,5.07,-0.27,3050000,20.8,104
RENT004292,2025-05-01,2025,5,Q2,Abu Dhabi,Abu Dhabi,Al Raha Beach,Villa,2BR,306000,309000,25500,5.1,3.5,4.09,3.25,84.0,16.0,11.7,62,560,2.3,1250,71.4,326000,3.64,0.45,7450000,24.4,261
RENT004297,2025-05-01,2025,5,Q2,Abu Dhabi,Abu Dhabi,Al Reef,Apartment,Studio,104000,101000,8700,5.1,-0.5,4.18,3.47,94.0,6.0,17.3,188,313,5.8,550,79.2,159000,3.98,0.2,2500000,23.9,237
RENT004298,2025-05-01,2025,5,Q2,Abu Dhabi,Abu Dhabi,Al Reef,Villa,Studio,315000,310000,26200,5.1,3.1,5.66,4.52,78.7,21.3,12.4,190,80,3.5,1990,66.8,485000,5.62,0.04,5550000,17.7,346
RENT004285,2025-05-01,2025,5,Q2,Abu Dhabi,Abu Dhabi,Al Reem Island,Apartment,2BR,120000,112000,10000,5.1,2.7,5.18,4.22,90.5,9.5,14.7,163,607,1.6,450,57.6,95000,4.85,0.33,2300000,19.3,262
RENT004286,2025-05-01,2025,5,Q2,Abu Dhabi,Abu Dhabi,Al Reem Island,Villa,1BR,303000,283000,25200,5.1,-1.9,3.96,2.76,93.5,6.5,17.9,243,643,7.6,1100,72.1,289000,3.65,0.31,7650000,25.2,140
RENT004309,2025-05-01,2025,5,Q2,Sharjah,Sharjah,Al Taawun,Apartment,1BR,64000,60000,5300,5.1,1.8,4.74,4.01,86.5,13.5,19.1,138,123,6.2,350,75.3,96000,4.83,-0.09,1350000,21.1,125
RENT004310,2025-05-01,2025,5,Q2,Sharjah,Sharjah,Al Taawun,Villa,4BR,182000,174000,15200,5.1,-2.3,5.32,4.66,94.6,5.4,21.3,79,435,6.6,1110,71.7,290000,5.71,-0.39,3400000,18.8,84
RENT004265,2025-05-01,2025,5,Q2,Dubai,Dubai,Business Bay,Apartment,1BR,138000,128000,11500,5.1,3.3,6.16,5.51,89.3,10.7,21.6,190,296,5.5,880,86.6,278000,6.4,-0.24,2250000,16.2,409
RENT004266,2025-05-01,2025,5,Q2,Dubai,Dubai,Business Bay,Villa,Studio,301000,289000,25100,5.1,0.9,5.4,4.22,80.3,19.7,22.6,163,924,1.8,2050,81.1,607000,5.65,-0.25,5600000,18.5,199
RENT004295,2025-05-01,2025,5,Q2,Abu Dhabi,Abu Dhabi,Corniche,Apartment,3BR,167000,175000,13900,5.1,-2.2,4.76,3.8,94.9,5.1,22.2,122,183,2.1,1240,86.3,391000,4.62,0.14,3500000,21.0,90
RENT004296,2025-05-01,2025,5,Q2,Abu Dhabi,Abu Dhabi,Corniche,Villa,2BR,369000,347000,30800,5.1,-1.5,3.92,3.35,87.9,12.1,19.4,158,153,7.4,2700,62.6,617000,3.63,0.29,9400000,25.5,163
RENT004275,2025-05-01,2025,5,Q2,Dubai,Dubai,Creek Harbour,Apartment,2BR,146000,143000,12200,5.1,0.4,4.36,3.52,80.6,19.4,13.3,235,831,3.3,630,76.5,176000,4.23,0.13,3350000,22.9,319
RENT004276,2025-05-01,2025,5,Q2,Dubai,Dubai,Creek Harbour,Villa,3BR,366000,357000,30500,5.1,-0.3,5.42,4.27,88.3,11.7,12.9,224,963,7.0,2520,78.5,722000,5.22,0.2,6750000,18.4,281
RENT004277,2025-05-01,2025,5,Q2,Dubai,Dubai,DAMAC Hills,Apartment,3BR,127000,122000,10600,5.1,-0.4,4.91,4.33,82.4,17.6,17.0,187,687,5.9,570,78.9,164000,5.13,-0.22,2600000,20.4,245
RENT004278,2025-05-01,2025,5,Q2,Dubai,Dubai,DAMAC Hills,Villa,3BR,433000,455000,36100,5.1,-2.1,6.01,5.15,83.3,16.7,10.6,113,806,4.5,3100,69.0,781000,6.42,-0.41,7200000,16.6,139
RENT004257,2025-05-01,2025,5,Q2,Dubai,Dubai,Downtown Dubai,Apartment,2BR,181000,168000,15100,5.1,0.2,5.24,4.58,83.1,16.9,10.9,172,1099,19.6,1270,57.1,265000,5.02,0.22,3450000,19.1,318
RENT004258,2025-05-01,2025,5,Q2,Dubai,Dubai,Downtown Dubai,Villa,Studio,482000,485000,40200,5.1,-2.5,4.16,3.24,95.8,4.2,23.3,44,806,12.6,3510,86.8,1112000,4.18,-0.02,11600000,24.1,306
RENT004263,2025-05-01,2025,5,Q2,Dubai,Dubai,Dubai Hills Estate,Apartment,2BR,206000,211000,17200,5.1,-1.8,4.62,3.45,87.4,12.6,15.8,102,74,5.9,950,84.1,292000,4.2,0.42,4450000,21.6,277
RENT004264,2025-05-01,2025,5,Q2,Dubai,Dubai,Dubai Hills Estate,Villa,2BR,570000,574000,47500,5.1,-1.3,4.68,3.97,81.5,18.5,12.6,214,1068,1.7,4220,73.5,1132000,4.6,0.08,12200000,21.4,282
RENT004259,2025-05-01,2025,5,Q2,Dubai,Dubai,Dubai Marina,Apartment,4BR,151000,155000,12600,5.1,0.5,4.54,3.87,80.4,19.6,14.0,148,489,7.6,1090,85.9,342000,4.8,-0.26,3350000,22.0,407
RENT004260,2025-05-01,2025,5,Q2,Dubai,Dubai,Dubai Marina,Villa,Studio,384000,356000,32000,5.1,0.7,4.29,3.43,83.4,16.6,13.1,128,549,5.0,2830,57.1,590000,4.51,-0.22,8950000,23.3,459
RENT004279,2025-05-01,2025,5,Q2,Dubai,Dubai,Dubai South,Apartment,1BR,92000,89000,7700,5.1,2.4,4.58,3.94,94.2,5.8,20.5,139,1088,4.1,580,72.3,153000,4.44,0.14,2000000,21.8,521
RENT004280,2025-05-01,2025,5,Q2,Dubai,Dubai,Dubai South,Villa,2BR,169000,175000,14100,5.1,-0.4,4.38,3.61,85.1,14.9,13.2,237,262,2.7,820,82.2,246000,3.96,0.42,3850000,22.8,465
RENT004273,2025-05-01,2025,5,Q2,Dubai,Dubai,JBR,Apartment,Studio,184000,173000,15300,5.1,1.5,6.08,5.03,86.9,13.1,10.2,15,1021,5.3,1180,68.4,295000,5.73,0.35,3000000,16.4,586
RENT004274,2025-05-01,2025,5,Q2,Dubai,Dubai,JBR,Villa,2BR,354000,339000,29500,5.1,2.8,4.8,4.06,79.9,20.1,18.9,214,1084,19.4,2460,58.4,524000,4.58,0.22,7400000,20.8,259
RENT004267,2025-05-01,2025,5,Q2,Dubai,Dubai,JVC,Apartment,1BR,105000,99000,8800,5.1,-0.8,4.36,3.68,91.0,9.0,18.6,145,146,7.1,770,75.3,212000,3.96,0.4,2400000,22.9,208
RENT004268,2025-05-01,2025,5,Q2,Dubai,Dubai,JVC,Villa,4BR,219000,224000,18200,5.1,-2.1,3.95,3.31,83.5,16.5,20.7,159,56,3.4,1150,71.5,300000,4.36,-0.41,5550000,25.3,304
RENT004293,2025-05-01,2025,5,Q2,Abu Dhabi,Abu Dhabi,Khalifa City,Apartment,2BR,104000,107000,8700,5.1,2.2,4.78,4.19,87.3,12.7,10.3,22,138,3.6,660,82.6,199000,5.08,-0.3,2200000,20.9,201
RENT004294,2025-05-01,2025,5,Q2,Abu Dhabi,Abu Dhabi,Khalifa City,Villa,1BR,337000,350000,28100,5.1,1.0,5.71,5.06,96.0,4.0,11.1,14,96,2.2,2340,71.7,612000,5.38,0.33,5900000,17.5,148
RENT004269,2025-05-01,2025,5,Q2,Dubai,Dubai,MBR City,Apartment,4BR,227000,235000,18900,5.1,-0.5,5.28,4.1,96.2,3.8,24.0,90,347,2.4,1130,72.6,299000,5.0,0.28,4300000,18.9,327
RENT004270,2025-05-01,2025,5,Q2,Dubai,Dubai,MBR City,Villa,1BR,548000,514000,45700,5.1,-1.8,4.05,2.91,87.2,12.8,23.1,95,651,4.0,3530,61.3,790000,4.5,-0.45,13550000,24.7,491
RENT004299,2025-05-01,2025,5,Q2,Abu Dhabi,Abu Dhabi,Masdar City,Apartment,3BR,92000,94000,7700,5.1,-1.2,4.28,3.5,82.3,17.7,19.7,142,646,7.2,640,56.2,131000,4.64,-0.36,2150000,23.4,127
RENT004300,2025-05-01,2025,5,Q2,Abu Dhabi,Abu Dhabi,Masdar City,Villa,1BR,225000,224000,18800,5.1,0.2,5.55,4.55,79.4,20.6,17.4,123,546,3.9,1280,61.6,288000,5.66,-0.11,4050000,18.0,169
RENT004281,2025-05-01,2025,5,Q2,Dubai,Dubai,Meydan,Apartment,3BR,158000,165000,13200,5.1,0.6,4.6,3.52,78.4,21.6,10.1,242,430,7.9,1130,70.4,290000,4.15,0.45,3450000,21.7,446
RENT004282,2025-05-01,2025,5,Q2,Dubai,Dubai,Meydan,Villa,2BR,485000,509000,40400,5.1,3.4,4.3,3.28,90.2,9.8,20.7,149,902,5.1,3460,68.2,861000,4.38,-0.08,11250000,23.2,230
RENT004305,2025-05-01,2025,5,Q2,Sharjah,Sharjah,Muwaileh,Apartment,3BR,63000,63000,5200,5.1,-0.3,4.45,3.81,96.7,3.3,19.9,151,521,7.5,350,76.5,98000,4.46,-0.01,1400000,22.4,177
RENT004306,2025-05-01,2025,5,Q2,Sharjah,Sharjah,Muwaileh,Villa,Studio,121000,125000,10100,5.1,0.7,4.08,3.14,86.5,13.5,11.3,174,1134,7.4,460,66.6,112000,4.03,0.05,2950000,24.5,157
RENT004261,2025-05-01,2025,5,Q2,Dubai,Dubai,Palm Jumeirah,Apartment,3BR,303000,300000,25200,5.1,-2.0,5.12,4.46,96.0,4.0,16.9,131,222,15.2,1540,83.0,467000,4.63,0.49,5900000,19.5,456
RENT004262,2025-05-01,2025,5,Q2,Dubai,Dubai,Palm Jumeirah,Villa,4BR,907000,845000,75600,5.1,-1.3,5.52,4.8,80.3,19.7,12.7,222,185,11.1,4490,70.6,1157000,5.75,-0.23,16450000,18.1,592
RENT004287,2025-05-01,2025,5,Q2,Abu Dhabi,Abu Dhabi,Saadiyat Island,Apartment,1BR,237000,221000,19800,5.1,1.2,6.19,5.45,79.8,20.2,16.7,162,1119,14.9,1310,58.0,277000,6.03,0.16,3850000,16.2,224
RENT004288,2025-05-01,2025,5,Q2,Abu Dhabi,Abu Dhabi,Saadiyat Island,Villa,2BR,687000,658000,57200,5.1,-2.0,4.96,4.04,86.5,13.5,16.6,199,288,5.7,2690,64.6,634000,4.95,0.01,13850000,20.1,291
RENT004283,2025-05-01,2025,5,Q2,Dubai,Dubai,Sports City,Apartment,1BR,88000,85000,7300,5.1,-1.3,4.59,4.06,94.2,5.8,11.3,241,1177,3.9,420,73.1,112000,5.02,-0.43,1900000,21.8,242
RENT004284,2025-05-01,2025,5,Q2,Dubai,Dubai,Sports City,Villa,1BR,291000,303000,24200,5.1,-2.3,4.31,3.11,88.4,11.6,17.8,200,1045,3.9,1750,72.1,461000,3.91,0.4,6750000,23.2,523
RENT004289,2025-05-01,2025,5,Q2,Abu Dhabi,Abu Dhabi,Yas Island,Apartment,2BR,136000,139000,11300,5.1,-0.9,5.75,5.0,85.9,14.1,16.8,194,501,11.5,750,78.8,216000,6.24,-0.49,2350000,17.4,176
RENT004290,2025-05-01,2025,5,Q2,Abu Dhabi,Abu Dhabi,Yas Island,Villa,2BR,357000,335000,29800,5.1,0.6,5.42,4.26,86.3,13.7,15.8,168,1007,7.1,2320,72.5,614000,5.42,0.0,6600000,18.4,207
RENT004327,2025-06-01,2025,6,Q2,Dubai,Dubai,Al Furjan,Apartment,1BR,115000,109000,9600,5.1,1.1,3.89,3.28,82.1,17.9,22.2,216,108,3.9,460,59.1,99000,4.1,-0.21,2950000,25.7,88
RENT004328,2025-06-01,2025,6,Q2,Dubai,Dubai,Al Furjan,Villa,2BR,205000,209000,17100,5.1,2.5,4.26,3.25,86.6,13.4,21.2,85,715,4.4,940,65.7,225000,4.2,0.06,4800000,23.5,221
RENT004367,2025-06-01,2025,6,Q2,Ras Al Khaimah,Ras Al Khaimah,Al Hamra Village,Apartment,3BR,87000,85000,7200,5.1,2.4,5.48,4.7,88.0,12.0,17.6,197,304,6.9,540,67.3,133000,5.72,-0.24,1600000,18.2,55
RENT004368,2025-06-01,2025,6,Q2,Ras Al Khaimah,Ras Al Khaimah,Al Hamra Village,Villa,2BR,266000,272000,22200,5.1,2.2,4.71,4.17,87.1,12.9,17.7,192,139,2.8,1700,85.6,531000,4.54,0.17,5650000,21.2,38
RENT004363,2025-06-01,2025,6,Q2,Sharjah,Sharjah,Al Khan,Apartment,Studio,68000,66000,5700,5.1,1.0,5.25,4.3,86.0,14.0,16.4,56,632,3.7,300,68.4,75000,5.39,-0.14,1300000,19.1,63
RENT004364,2025-06-01,2025,6,Q2,Sharjah,Sharjah,Al Khan,Villa,1BR,168000,176000,14000,5.1,2.7,5.94,4.76,87.4,12.6,20.9,81,261,2.9,750,63.3,173000,5.83,0.11,2850000,16.8,187
RENT004357,2025-06-01,2025,6,Q2,Sharjah,Sharjah,Al Majaz,Apartment,1BR,75000,70000,6200,5.1,0.2,6.06,5.3,87.1,12.9,20.6,161,948,7.9,540,87.9,173000,5.67,0.39,1250000,16.5,57
RENT004358,2025-06-01,2025,6,Q2,Sharjah,Sharjah,Al Majaz,Villa,3BR,141000,135000,11800,5.1,-2.1,5.57,4.67,85.9,14.1,23.7,91,1193,3.9,750,87.1,238000,5.49,0.08,2550000,17.9,214
RENT004359,2025-06-01,2025,6,Q2,Sharjah,Sharjah,Al Nahda,Apartment,2BR,60000,58000,5000,5.1,0.2,4.42,3.55,92.6,7.4,10.7,151,898,1.0,240,78.3,69000,4.06,0.36,1350000,22.6,90
RENT004360,2025-06-01,2025,6,Q2,Sharjah,Sharjah,Al Nahda,Villa,Studio,213000,215000,17800,5.1,1.4,4.42,3.53,78.6,21.4,18.9,186,649,2.5,1270,61.4,285000,4.55,-0.13,4800000,22.6,209
RENT004347,2025-06-01,2025,6,Q2,Abu Dhabi,Abu Dhabi,Al Raha Beach,Apartment,4BR,153000,155000,12800,5.1,-0.5,5.0,4.0,88.1,11.9,22.2,63,967,3.2,1100,68.3,274000,4.72,0.28,3050000,20.0,181
RENT004348,2025-06-01,2025,6,Q2,Abu Dhabi,Abu Dhabi,Al Raha Beach,Villa,4BR,337000,342000,28100,5.1,-1.5,4.01,2.84,87.5,12.5,14.5,106,736,7.1,2060,63.2,475000,3.67,0.34,8400000,25.0,159
RENT004353,2025-06-01,2025,6,Q2,Abu Dhabi,Abu Dhabi,Al Reef,Apartment,2BR,92000,90000,7700,5.1,2.7,4.79,3.89,92.3,7.7,21.8,161,1062,3.1,590,64.1,138000,4.87,-0.08,1900000,20.9,162
RENT004354,2025-06-01,2025,6,Q2,Abu Dhabi,Abu Dhabi,Al Reef,Villa,1BR,315000,303000,26200,5.1,-0.3,4.65,3.91,85.0,15.0,21.3,117,1025,5.5,1970,73.5,529000,4.75,-0.1,6800000,21.5,306
RENT004341,2025-06-01,2025,6,Q2,Abu Dhabi,Abu Dhabi,Al Reem Island,Apartment,1BR,117000,114000,9800,5.1,1.5,5.98,4.79,90.2,9.8,16.5,232,342,7.4,610,58.8,131000,6.21,-0.23,1950000,16.7,71
RENT004342,2025-06-01,2025,6,Q2,Abu Dhabi,Abu Dhabi,Al Reem Island,Villa,1BR,410000,427000,34200,5.1,-1.5,4.44,3.76,91.4,8.6,23.9,178,216,1.6,1540,55.9,314000,4.71,-0.27,9250000,22.5,94
RENT004365,2025-06-01,2025,6,Q2,Sharjah,Sharjah,Al Taawun,Apartment,1BR,59000,62000,4900,5.1,-2.4,3.98,3.48,88.4,11.6,19.6,95,99,7.2,340,58.5,73000,3.97,0.01,1500000,25.1,133
RENT004366,2025-06-01,2025,6,Q2,Sharjah,Sharjah,Al Taawun,Villa,4BR,127000,130000,10600,5.1,1.2,5.91,4.97,79.6,20.4,17.9,79,916,5.4,770,85.4,240000,6.18,-0.27,2150000,16.9,92
RENT004321,2025-06-01,2025,6,Q2,Dubai,Dubai,Business Bay,Apartment,2BR,145000,149000,12100,5.1,-2.1,5.68,4.89,78.8,21.2,12.9,184,169,4.0,720,57.5,151000,5.59,0.09,2550000,17.6,264
RENT004322,2025-06-01,2025,6,Q2,Dubai,Dubai,Business Bay,Villa,Studio,345000,324000,28800,5.1,2.4,4.27,3.75,89.1,10.9,11.5,74,317,3.8,2030,82.1,608000,4.6,-0.33,8100000,23.4,80
RENT004351,2025-06-01,2025,6,Q2,Abu Dhabi,Abu Dhabi,Corniche,Apartment,4BR,179000,170000,14900,5.1,0.2,4.54,3.88,94.3,5.7,13.3,122,307,7.9,1050,55.9,214000,4.64,-0.1,3950000,22.1,81
RENT004352,2025-06-01,2025,6,Q2,Abu Dhabi,Abu Dhabi,Corniche,Villa,4BR,456000,456000,38000,5.1,-0.8,4.44,3.78,96.2,3.8,19.6,38,394,4.9,1930,67.0,472000,4.25,0.19,10300000,22.5,159
RENT004331,2025-06-01,2025,6,Q2,Dubai,Dubai,Creek Harbour,Apartment,3BR,145000,151000,12100,5.1,1.2,4.73,3.72,81.6,18.4,22.7,237,1046,1.3,520,72.7,138000,4.98,-0.25,3050000,21.2,255
RENT004332,2025-06-01,2025,6,Q2,Dubai,Dubai,Creek Harbour,Villa,4BR,388000,399000,32300,5.1,-1.1,4.71,3.51,83.3,16.7,13.6,235,932,6.8,1410,71.6,368000,5.18,-0.47,8250000,21.2,591
RENT004333,2025-06-01,2025,6,Q2,Dubai,Dubai,DAMAC Hills,Apartment,Studio,124000,129000,10300,5.1,3.2,4.68,4.15,89.5,10.5,18.0,150,1074,4.0,880,73.0,234000,4.31,0.37,2650000,21.4,406
RENT004334,2025-06-01,2025,6,Q2,Dubai,Dubai,DAMAC Hills,Villa,2BR,353000,369000,29400,5.1,0.7,4.75,3.87,89.6,10.4,18.4,226,137,1.3,1300,74.8,355000,4.42,0.33,7400000,21.0,189
RENT004313,2025-06-01,2025,6,Q2,Dubai,Dubai,Downtown Dubai,Apartment,Studio,176000,162000,14700,5.1,-1.5,4.55,3.47,97.0,3.0,13.8,108,121,19.0,1000,55.0,201000,4.51,0.04,3850000,22.0,92
RENT004314,2025-06-01,2025,6,Q2,Dubai,Dubai,Downtown Dubai,Villa,1BR,539000,550000,44900,5.1,-2.0,4.01,3.32,95.3,4.7,16.0,104,302,17.3,2240,78.6,643000,4.14,-0.13,13450000,24.9,476
RENT004319,2025-06-01,2025,6,Q2,Dubai,Dubai,Dubai Hills Estate,Apartment,2BR,198000,207000,16500,5.1,1.9,4.0,2.82,91.6,8.4,17.3,223,1051,6.3,750,78.8,216000,3.93,0.07,4950000,25.0,585
RENT004320,2025-06-01,2025,6,Q2,Dubai,Dubai,Dubai Hills Estate,Villa,1BR,494000,498000,41200,5.1,-0.1,5.6,4.79,93.0,7.0,12.2,227,438,1.3,3010,84.2,925000,5.13,0.47,8800000,17.8,320
RENT004315,2025-06-01,2025,6,Q2,Dubai,Dubai,Dubai Marina,Apartment,2BR,139000,141000,11600,5.1,-1.6,5.21,4.07,82.8,17.2,22.6,119,122,16.4,850,61.3,190000,5.56,-0.35,2650000,19.2,188
RENT004316,2025-06-01,2025,6,Q2,Dubai,Dubai,Dubai Marina,Villa,Studio,393000,410000,32800,5.1,2.7,5.02,4.39,83.1,16.9,16.1,206,221,9.8,2630,55.5,533000,5.29,-0.27,7850000,19.9,345
RENT004335,2025-06-01,2025,6,Q2,Dubai,Dubai,Dubai South,Apartment,4BR,91000,90000,7600,5.1,0.6,5.0,4.37,85.0,15.0,19.8,154,565,2.9,460,79.1,133000,5.17,-0.17,1800000,20.0,236
RENT004336,2025-06-01,2025,6,Q2,Dubai,Dubai,Dubai South,Villa,5BR+,271000,274000,22600,5.1,-2.1,5.34,4.33,79.1,20.9,11.8,235,270,3.7,1590,63.0,366000,5.56,-0.22,5050000,18.7,178
RENT004329,2025-06-01,2025,6,Q2,Dubai,Dubai,JBR,Apartment,5BR+,168000,158000,14000,5.1,3.1,4.53,3.99,90.2,9.8,16.0,124,837,15.2,860,81.2,255000,4.28,0.25,3700000,22.1,470
RENT004330,2025-06-01,2025,6,Q2,Dubai,Dubai,JBR,Villa,1BR,472000,461000,39300,5.1,0.6,3.95,3.32,85.8,14.2,10.0,20,869,18.2,2580,84.9,800000,3.78,0.17,11950000,25.3,304
RENT004323,2025-06-01,2025,6,Q2,Dubai,Dubai,JVC,Apartment,2BR,101000,95000,8400,5.1,0.3,4.96,3.84,92.4,7.6,15.9,117,863,1.2,700,70.4,180000,4.93,0.03,2050000,20.2,288
RENT004324,2025-06-01,2025,6,Q2,Dubai,Dubai,JVC,Villa,3BR,330000,338000,27500,5.1,-0.4,4.68,4.03,87.5,12.5,16.2,21,530,1.3,1270,86.8,402000,4.82,-0.14,7050000,21.3,267
RENT004349,2025-06-01,2025,6,Q2,Abu Dhabi,Abu Dhabi,Khalifa City,Apartment,2BR,102000,96000,8500,5.1,-1.9,5.91,5.36,78.2,21.8,23.9,75,1092,1.2,510,74.8,139000,6.34,-0.43,1750000,16.9,98
RENT004350,2025-06-01,2025,6,Q2,Abu Dhabi,Abu Dhabi,Khalifa City,Villa,1BR,328000,337000,27300,5.1,2.0,4.15,3.06,90.3,9.7,11.3,158,416,1.6,2020,67.5,498000,4.03,0.12,7900000,24.1,125
RENT004325,2025-06-01,2025,6,Q2,Dubai,Dubai,MBR City,Apartment,5BR+,223000,226000,18600,5.1,1.4,4.51,3.37,93.7,6.3,10.8,193,680,3.9,1650,70.6,425000,4.9,-0.39,4950000,22.2,208
RENT004326,2025-06-01,2025,6,Q2,Dubai,Dubai,MBR City,Villa,4BR,453000,422000,37800,5.1,3.3,5.5,4.49,86.6,13.4,18.2,127,758,6.7,1680,55.8,342000,5.91,-0.41,8250000,18.2,418
RENT004355,2025-06-01,2025,6,Q2,Abu Dhabi,Abu Dhabi,Masdar City,Apartment,3BR,90000,89000,7500,5.1,1.4,4.58,4.07,79.3,20.7,20.2,129,196,1.8,410,85.5,128000,4.12,0.46,1950000,21.8,108
RENT004356,2025-06-01,2025,6,Q2,Abu Dhabi,Abu Dhabi,Masdar City,Villa,1BR,268000,265000,22300,5.1,-0.3,5.53,4.45,87.3,12.7,19.5,64,1054,1.1,1840,84.7,569000,5.39,0.14,4850000,18.1,165
RENT004337,2025-06-01,2025,6,Q2,Dubai,Dubai,Meydan,Apartment,2BR,153000,148000,12800,5.1,1.5,5.85,5.27,84.6,15.4,17.8,88,698,6.3,740,88.0,238000,5.41,0.44,2600000,17.1,569
RENT004338,2025-06-01,2025,6,Q2,Dubai,Dubai,Meydan,Villa,Studio,338000,345000,28200,5.1,2.4,5.3,4.79,96.4,3.6,14.8,162,1103,5.1,1460,60.1,320000,5.22,0.08,6350000,18.9,517
RENT004361,2025-06-01,2025,6,Q2,Sharjah,Sharjah,Muwaileh,Apartment,1BR,53000,50000,4400,5.1,0.2,4.73,3.86,79.6,20.4,21.4,149,356,1.8,390,73.4,104000,5.01,-0.28,1100000,21.1,191
RENT004362,2025-06-01,2025,6,Q2,Sharjah,Sharjah,Muwaileh,Villa,2BR,177000,174000,14800,5.1,0.3,4.68,3.88,82.9,17.1,12.8,184,536,2.2,800,67.1,196000,4.79,-0.11,3800000,21.4,191
RENT004317,2025-06-01,2025,6,Q2,Dubai,Dubai,Palm Jumeirah,Apartment,2BR,304000,301000,25300,5.1,0.1,3.91,3.36,82.5,17.5,14.7,30,960,15.5,1710,67.6,422000,3.48,0.43,7750000,25.6,476
RENT004318,2025-06-01,2025,6,Q2,Dubai,Dubai,Palm Jumeirah,Villa,4BR,757000,769000,63100,5.1,-1.2,5.38,4.44,91.3,8.7,19.1,50,1054,17.1,3430,76.7,960000,5.6,-0.22,14050000,18.6,396
RENT004343,2025-06-01,2025,6,Q2,Abu Dhabi,Abu Dhabi,Saadiyat Island,Apartment,1BR,254000,242000,21200,5.1,2.7,4.36,3.62,80.4,19.6,23.5,182,640,16.1,1890,67.7,467000,3.95,0.41,5800000,22.9,253
RENT004344,2025-06-01,2025,6,Q2,Abu Dhabi,Abu Dhabi,Saadiyat Island,Villa,1BR,832000,856000,69300,5.1,2.2,4.56,3.72,88.0,12.0,12.2,43,869,8.0,3510,66.0,846000,4.49,0.07,18250000,21.9,82
RENT004339,2025-06-01,2025,6,Q2,Dubai,Dubai,Sports City,Apartment,1BR,89000,91000,7400,5.1,1.8,5.51,4.32,88.1,11.9,12.1,216,482,2.7,360,61.8,81000,5.78,-0.27,1600000,18.1,121
RENT004340,2025-06-01,2025,6,Q2,Dubai,Dubai,Sports City,Villa,1BR,235000,225000,19600,5.1,2.3,4.33,3.28,82.5,17.5,22.8,36,708,7.9,1260,69.0,317000,3.85,0.48,5450000,23.1,412
RENT004345,2025-06-01,2025,6,Q2,Abu Dhabi,Abu Dhabi,Yas Island,Apartment,2BR,139000,146000,11600,5.1,2.2,4.52,3.82,82.2,17.8,17.6,12,1107,12.2,570,86.4,180000,4.93,-0.41,3100000,22.1,96
RENT004346,2025-06-01,2025,6,Q2,Abu Dhabi,Abu Dhabi,Yas Island,Villa,3BR,419000,437000,34900,5.1,1.5,5.54,4.37,78.2,21.8,10.0,161,81,9.6,2600,87.2,828000,5.97,-0.43,7550000,18.0,258
RENT004383,2025-07-01,2025,7,Q3,Dubai,Dubai,Al Furjan,Apartment,1BR,104000,103000,8700,5.1,-2.2,4.0,3.23,88.9,11.1,20.4,116,279,3.4,490,67.8,121000,4.33,-0.33,2600000,25.0,124
RENT004384,2025-07-01,2025,7,Q3,Dubai,Dubai,Al Furjan,Villa,2BR,307000,299000,25600,5.1,0.3,4.15,3.14,80.5,19.5,20.1,193,969,1.0,1420,76.4,396000,4.1,0.05,7400000,24.1,363
RENT004423,2025-07-01,2025,7,Q3,Ras Al Khaimah,Ras Al Khaimah,Al Hamra Village,Apartment,2BR,89000,90000,7400,5.1,3.1,5.05,4.25,85.0,15.0,13.4,150,433,7.6,540,72.3,143000,4.56,0.49,1750000,19.8,95
RENT004424,2025-07-01,2025,7,Q3,Ras Al Khaimah,Ras Al Khaimah,Al Hamra Village,Villa,1BR,165000,168000,13800,5.1,-1.1,3.96,3.45,91.7,8.3,12.4,213,946,1.8,760,80.0,222000,4.14,-0.18,4150000,25.3,51
RENT004419,2025-07-01,2025,7,Q3,Sharjah,Sharjah,Al Khan,Apartment,1BR,68000,63000,5700,5.1,2.3,4.31,3.62,94.6,5.4,19.0,249,803,3.6,290,76.8,81000,4.19,0.12,1600000,23.2,221
RENT004420,2025-07-01,2025,7,Q3,Sharjah,Sharjah,Al Khan,Villa,2BR,207000,196000,17200,5.1,1.3,4.65,4.0,92.0,8.0,20.3,138,971,4.5,800,66.1,193000,4.9,-0.25,4450000,21.5,110
RENT004413,2025-07-01,2025,7,Q3,Sharjah,Sharjah,Al Majaz,Apartment,1BR,72000,71000,6000,5.1,-0.0,4.42,3.31,88.7,11.3,14.3,192,500,7.1,340,70.7,88000,4.44,-0.02,1650000,22.6,56
RENT004414,2025-07-01,2025,7,Q3,Sharjah,Sharjah,Al Majaz,Villa,1BR,192000,199000,16000,5.1,1.3,4.24,3.72,93.0,7.0,23.6,43,68,2.6,1210,78.9,348000,4.61,-0.37,4500000,23.6,65
RENT004415,2025-07-01,2025,7,Q3,Sharjah,Sharjah,Al Nahda,Apartment,1BR,62000,61000,5200,5.1,0.2,5.51,4.39,81.0,19.0,13.3,188,1061,6.6,420,56.0,86000,5.87,-0.36,1100000,18.1,84
RENT004416,2025-07-01,2025,7,Q3,Sharjah,Sharjah,Al Nahda,Villa,4BR,173000,167000,14400,5.1,-2.2,3.93,2.87,89.7,10.3,15.1,76,275,3.2,1220,81.8,364000,3.94,-0.01,4400000,25.4,236
RENT004403,2025-07-01,2025,7,Q3,Abu Dhabi,Abu Dhabi,Al Raha Beach,Apartment,1BR,155000,147000,12900,5.1,0.4,4.4,3.37,81.8,18.2,22.0,143,873,3.7,610,62.6,139000,4.44,-0.04,3500000,22.7,151
RENT004404,2025-07-01,2025,7,Q3,Abu Dhabi,Abu Dhabi,Al Raha Beach,Villa,5BR+,296000,300000,24700,5.1,1.2,5.52,4.51,94.1,5.9,22.1,51,348,7.6,1810,80.5,532000,5.81,-0.29,5350000,18.1,186
RENT004409,2025-07-01,2025,7,Q3,Abu Dhabi,Abu Dhabi,Al Reef,Apartment,3BR,98000,91000,8200,5.1,-2.4,5.16,4.3,90.6,9.4,18.4,85,249,5.0,700,78.5,201000,4.75,0.41,1900000,19.4,163
RENT004410,2025-07-01,2025,7,Q3,Abu Dhabi,Abu Dhabi,Al Reef,Villa,3BR,305000,315000,25400,5.1,0.8,4.18,3.01,85.9,14.1,16.1,97,1104,7.4,1800,64.7,425000,4.04,0.14,7300000,23.9,265
RENT004397,2025-07-01,2025,7,Q3,Abu Dhabi,Abu Dhabi,Al Reem Island,Apartment,2BR,103000,101000,8600,5.1,0.7,6.0,5.35,80.6,19.4,16.5,227,123,6.3,640,76.5,179000,5.53,0.47,1700000,16.7,333
RENT004398,2025-07-01,2025,7,Q3,Abu Dhabi,Abu Dhabi,Al Reem Island,Villa,5BR+,219000,204000,18200,5.1,2.3,5.56,4.88,85.9,14.1,16.6,246,511,1.8,1390,62.3,316000,5.21,0.35,3950000,18.0,250
RENT004421,2025-07-01,2025,7,Q3,Sharjah,Sharjah,Al Taawun,Apartment,1BR,62000,64000,5200,5.1,2.6,5.78,4.91,94.2,5.8,23.3,51,274,6.5,350,81.1,104000,5.77,0.01,1050000,17.3,39
RENT004422,2025-07-01,2025,7,Q3,Sharjah,Sharjah,Al Taawun,Villa,1BR,119000,111000,9900,5.1,-1.0,5.53,5.0,81.4,18.6,15.2,244,230,6.6,810,66.5,197000,5.35,0.18,2150000,18.1,214
RENT004377,2025-07-01,2025,7,Q3,Dubai,Dubai,Business Bay,Apartment,Studio,140000,147000,11700,5.1,-2.1,4.03,3.5,87.7,12.3,11.4,134,1166,5.9,700,72.7,186000,3.66,0.37,3500000,24.8,306
RENT004378,2025-07-01,2025,7,Q3,Dubai,Dubai,Business Bay,Villa,2BR,273000,282000,22800,5.1,3.5,5.57,4.37,94.4,5.6,10.5,85,258,5.9,1990,77.1,560000,5.58,-0.01,4900000,17.9,476
RENT004407,2025-07-01,2025,7,Q3,Abu Dhabi,Abu Dhabi,Corniche,Apartment,1BR,157000,165000,13100,5.1,3.2,4.84,4.03,95.8,4.2,12.5,146,787,6.4,690,66.4,167000,4.53,0.31,3250000,20.7,296
RENT004408,2025-07-01,2025,7,Q3,Abu Dhabi,Abu Dhabi,Corniche,Villa,3BR,571000,593000,47600,5.1,-1.6,5.0,4.29,89.6,10.4,15.2,186,286,5.1,3450,80.5,1014000,4.57,0.43,11400000,20.0,102
RENT004387,2025-07-01,2025,7,Q3,Dubai,Dubai,Creek Harbour,Apartment,3BR,152000,141000,12700,5.1,2.1,4.93,4.2,86.5,13.5,19.8,94,508,3.6,760,75.3,209000,4.75,0.18,3100000,20.3,486
RENT004388,2025-07-01,2025,7,Q3,Dubai,Dubai,Creek Harbour,Villa,5BR+,339000,330000,28200,5.1,1.8,5.41,4.23,92.9,7.1,22.4,86,737,4.7,2450,81.3,727000,5.46,-0.05,6250000,18.5,360
RENT004389,2025-07-01,2025,7,Q3,Dubai,Dubai,DAMAC Hills,Apartment,2BR,131000,133000,10900,5.1,1.4,4.89,4.1,79.9,20.1,12.1,173,83,4.6,970,75.5,267000,5.27,-0.38,2700000,20.4,93
RENT004390,2025-07-01,2025,7,Q3,Dubai,Dubai,DAMAC Hills,Villa,Studio,369000,370000,30800,5.1,-2.1,6.08,5.0,88.8,11.2,23.5,133,339,3.4,2600,72.8,691000,6.04,0.04,6050000,16.4,445
RENT004369,2025-07-01,2025,7,Q3,Dubai,Dubai,Downtown Dubai,Apartment,1BR,178000,180000,14800,5.1,2.3,5.85,5.25,80.3,19.7,22.0,83,628,11.5,810,62.1,184000,5.51,0.34,3050000,17.1,377
RENT004370,2025-07-01,2025,7,Q3,Dubai,Dubai,Downtown Dubai,Villa,3BR,533000,506000,44400,5.1,0.2,3.9,3.14,87.2,12.8,12.6,77,902,7.5,3660,80.2,1071000,3.98,-0.08,13700000,25.7,372
RENT004375,2025-07-01,2025,7,Q3,Dubai,Dubai,Dubai Hills Estate,Apartment,4BR,190000,194000,15800,5.1,-1.7,3.96,2.98,84.6,15.4,23.3,189,625,2.1,1000,63.8,233000,4.41,-0.45,4800000,25.2,147
RENT004376,2025-07-01,2025,7,Q3,Dubai,Dubai,Dubai Hills Estate,Villa,1BR,387000,389000,32200,5.1,2.1,5.54,4.94,83.4,16.6,15.2,51,1135,2.1,2450,85.7,766000,5.66,-0.12,7000000,18.0,361
RENT004371,2025-07-01,2025,7,Q3,Dubai,Dubai,Dubai Marina,Apartment,1BR,156000,146000,13000,5.1,-0.4,4.54,3.59,82.2,17.8,23.9,204,1173,5.5,1080,68.6,270000,4.76,-0.22,3450000,22.0,233
RENT004372,2025-07-01,2025,7,Q3,Dubai,Dubai,Dubai Marina,Villa,1BR,321000,303000,26800,5.1,0.4,5.67,4.85,81.1,18.9,11.6,246,1178,11.3,2040,85.8,639000,5.9,-0.23,5650000,17.6,525
RENT004391,2025-07-01,2025,7,Q3,Dubai,Dubai,Dubai South,Apartment,2BR,88000,83000,7300,5.1,-0.1,5.49,4.3,95.0,5.0,18.8,143,1167,3.7,630,76.4,176000,5.25,0.24,1600000,18.2,204
RENT004392,2025-07-01,2025,7,Q3,Dubai,Dubai,Dubai South,Villa,3BR,266000,272000,22200,5.1,1.9,5.72,5.22,92.6,7.4,12.8,98,393,4.5,1200,83.9,367000,5.27,0.45,4650000,17.5,363
RENT004385,2025-07-01,2025,7,Q3,Dubai,Dubai,JBR,Apartment,1BR,159000,165000,13200,5.1,-0.3,4.14,3.29,89.6,10.4,23.1,249,937,16.7,930,75.4,256000,4.64,-0.5,3850000,24.2,191
RENT004386,2025-07-01,2025,7,Q3,Dubai,Dubai,JBR,Villa,2BR,540000,556000,45000,5.1,3.0,4.55,3.91,88.4,11.6,23.6,241,129,14.5,2930,85.2,911000,4.99,-0.44,11850000,22.0,143
RENT004379,2025-07-01,2025,7,Q3,Dubai,Dubai,JVC,Apartment,1BR,98000,92000,8200,5.1,-2.5,4.49,3.61,79.5,20.5,14.7,80,270,4.8,730,63.6,169000,4.31,0.18,2200000,22.3,476
RENT004380,2025-07-01,2025,7,Q3,Dubai,Dubai,JVC,Villa,4BR,227000,238000,18900,5.1,1.3,4.02,3.46,93.0,7.0,12.1,74,888,1.9,1560,84.6,482000,4.33,-0.31,5650000,24.9,524
RENT004405,2025-07-01,2025,7,Q3,Abu Dhabi,Abu Dhabi,Khalifa City,Apartment,2BR,98000,95000,8200,5.1,0.5,5.43,4.54,85.1,14.9,14.1,36,1037,4.8,640,60.4,141000,5.82,-0.39,1800000,18.4,69
RENT004406,2025-07-01,2025,7,Q3,Abu Dhabi,Abu Dhabi,Khalifa City,Villa,Studio,197000,191000,16400,5.1,-0.9,4.14,3.56,92.1,7.9,19.0,235,620,6.4,1010,62.1,229000,3.86,0.28,4750000,24.1,182
RENT004381,2025-07-01,2025,7,Q3,Dubai,Dubai,MBR City,Apartment,Studio,212000,211000,17700,5.1,0.4,4.5,3.89,91.0,9.0,14.2,120,1147,5.9,1330,87.0,422000,4.51,-0.01,4700000,22.2,117
RENT004382,2025-07-01,2025,7,Q3,Dubai,Dubai,MBR City,Villa,1BR,416000,419000,34700,5.1,2.5,5.59,5.04,85.0,15.0,12.0,195,397,1.3,1560,77.9,444000,5.13,0.46,7450000,17.9,406
RENT004411,2025-07-01,2025,7,Q3,Abu Dhabi,Abu Dhabi,Masdar City,Apartment,1BR,87000,89000,7200,5.1,1.3,5.09,4.38,82.5,17.5,23.6,239,670,2.2,330,74.3,89000,5.18,-0.09,1700000,19.6,85
RENT004412,2025-07-01,2025,7,Q3,Abu Dhabi,Abu Dhabi,Masdar City,Villa,3BR,211000,214000,17600,5.1,0.7,4.03,3.2,79.6,20.4,15.2,201,53,4.7,1110,84.0,340000,3.61,0.42,5250000,24.8,335
RENT004393,2025-07-01,2025,7,Q3,Dubai,Dubai,Meydan,Apartment,3BR,142000,144000,11800,5.1,-1.4,4.29,3.7,91.1,8.9,10.8,108,1139,3.4,610,65.9,147000,4.04,0.25,3300000,23.3,204
RENT004394,2025-07-01,2025,7,Q3,Dubai,Dubai,Meydan,Villa,3BR,265000,257000,22100,5.1,1.2,4.74,4.01,90.6,9.4,15.1,146,523,3.4,960,87.2,306000,4.94,-0.2,5600000,21.1,390
RENT004417,2025-07-01,2025,7,Q3,Sharjah,Sharjah,Muwaileh,Apartment,1BR,59000,60000,4900,5.1,0.2,4.73,3.8,78.7,21.3,14.6,80,620,5.8,280,60.4,62000,4.5,0.23,1250000,21.1,192
RENT004418,2025-07-01,2025,7,Q3,Sharjah,Sharjah,Muwaileh,Villa,2BR,171000,161000,14200,5.1,0.8,4.56,3.69,94.4,5.6,22.8,124,778,2.9,890,71.4,232000,4.48,0.08,3750000,21.9,186
RENT004373,2025-07-01,2025,7,Q3,Dubai,Dubai,Palm Jumeirah,Apartment,3BR,277000,275000,23100,5.1,-2.0,5.62,4.44,92.9,7.1,12.6,47,876,16.0,1610,87.7,515000,5.81,-0.19,4950000,17.8,399
RENT004374,2025-07-01,2025,7,Q3,Dubai,Dubai,Palm Jumeirah,Villa,Studio,1025000,1028000,85400,5.1,-1.7,4.61,3.76,83.2,16.8,17.6,57,559,16.1,5450,60.3,1200000,4.53,0.08,22200000,21.7,459
RENT004399,2025-07-01,2025,7,Q3,Abu Dhabi,Abu Dhabi,Saadiyat Island,Apartment,1BR,222000,231000,18500,5.1,-0.4,4.84,4.18,92.2,7.8,22.6,234,902,11.0,1360,75.8,376000,4.67,0.17,4600000,20.7,262
RENT004400,2025-07-01,2025,7,Q3,Abu Dhabi,Abu Dhabi,Saadiyat Island,Villa,1BR,784000,751000,65300,5.1,-0.7,3.96,2.83,97.0,3.0,13.1,38,790,16.1,4390,80.9,1296000,3.77,0.19,19800000,25.3,233
RENT004395,2025-07-01,2025,7,Q3,Dubai,Dubai,Sports City,Apartment,2BR,83000,87000,6900,5.1,-1.1,3.89,2.77,87.0,13.0,22.7,167,962,5.7,450,55.3,91000,3.82,0.07,2150000,25.7,296
RENT004396,2025-07-01,2025,7,Q3,Dubai,Dubai,Sports City,Villa,3BR,232000,242000,19300,5.1,-1.9,3.96,2.95,85.4,14.6,14.5,47,110,6.0,1060,65.0,251000,4.17,-0.21,5850000,25.2,255
RENT004401,2025-07-01,2025,7,Q3,Abu Dhabi,Abu Dhabi,Yas Island,Apartment,3BR,124000,130000,10300,5.1,2.6,5.6,4.62,79.4,20.6,12.0,171,569,8.4,550,64.6,130000,5.86,-0.26,2200000,17.9,211
RENT004402,2025-07-01,2025,7,Q3,Abu Dhabi,Abu Dhabi,Yas Island,Villa,4BR,428000,411000,35700,5.1,3.2,4.77,3.76,96.0,4.0,18.9,241,450,18.3,1770,70.6,456000,4.58,0.19,8950000,20.9,185
RENT004439,2025-08-01,2025,8,Q3,Dubai,Dubai,Al Furjan,Apartment,2BR,106000,108000,8800,5.1,0.8,4.42,3.89,88.0,12.0,21.1,123,124,5.1,590,71.1,153000,4.89,-0.47,2400000,22.6,308
RENT004440,2025-08-01,2025,8,Q3,Dubai,Dubai,Al Furjan,Villa,4BR,350000,359000,29200,5.1,2.4,4.4,3.86,96.8,3.2,12.5,102,380,1.8,1980,71.7,518000,4.78,-0.38,7950000,22.7,314
RENT004479,2025-08-01,2025,8,Q3,Ras Al Khaimah,Ras Al Khaimah,Al Hamra Village,Apartment,3BR,87000,82000,7200,5.1,3.3,5.35,4.26,80.6,19.4,13.9,111,1079,5.1,400,70.8,103000,5.81,-0.46,1650000,18.7,89
RENT004480,2025-08-01,2025,8,Q3,Ras Al Khaimah,Ras Al Khaimah,Al Hamra Village,Villa,4BR,212000,204000,17700,5.1,3.3,5.9,4.94,85.2,14.8,23.9,191,280,2.7,1430,73.7,385000,5.89,0.01,3600000,17.0,36
RENT004475,2025-08-01,2025,8,Q3,Sharjah,Sharjah,Al Khan,Apartment,1BR,62000,62000,5200,5.1,-2.4,3.92,2.75,91.9,8.1,19.3,23,188,5.5,380,66.2,92000,3.67,0.25,1600000,25.5,144
RENT004476,2025-08-01,2025,8,Q3,Sharjah,Sharjah,Al Khan,Villa,1BR,202000,196000,16800,5.1,2.8,4.1,3.36,94.9,5.1,18.1,129,606,5.8,1280,71.5,334000,3.76,0.34,4950000,24.4,45
RENT004469,2025-08-01,2025,8,Q3,Sharjah,Sharjah,Al Majaz,Apartment,3BR,69000,69000,5800,5.1,3.2,5.79,5.17,83.6,16.4,10.4,121,305,5.1,300,71.6,78000,5.36,0.43,1200000,17.3,100
RENT004470,2025-08-01,2025,8,Q3,Sharjah,Sharjah,Al Majaz,Villa,1BR,182000,175000,15200,5.1,1.4,4.41,3.85,93.1,6.9,10.8,184,309,6.4,1320,63.9,308000,4.75,-0.34,4150000,22.7,170
RENT004471,2025-08-01,2025,8,Q3,Sharjah,Sharjah,Al Nahda,Apartment,2BR,59000,57000,4900,5.1,0.4,5.38,4.54,89.1,10.9,20.3,136,693,4.8,220,82.0,66000,5.73,-0.35,1100000,18.6,225
RENT004472,2025-08-01,2025,8,Q3,Sharjah,Sharjah,Al Nahda,Villa,2BR,168000,164000,14000,5.1,2.8,5.02,4.17,82.9,17.1,21.4,61,409,2.8,1160,65.9,279000,5.5,-0.48,3350000,19.9,184
RENT004459,2025-08-01,2025,8,Q3,Abu Dhabi,Abu Dhabi,Al Raha Beach,Apartment,1BR,146000,149000,12200,5.1,-0.7,4.86,3.67,91.6,8.4,15.1,104,327,5.2,700,77.7,199000,4.8,0.06,3000000,20.6,262
RENT004460,2025-08-01,2025,8,Q3,Abu Dhabi,Abu Dhabi,Al Raha Beach,Villa,5BR+,338000,329000,28200,5.1,3.0,4.65,3.55,89.2,10.8,17.8,39,356,7.1,1580,81.1,468000,4.82,-0.17,7250000,21.5,263
RENT004465,2025-08-01,2025,8,Q3,Abu Dhabi,Abu Dhabi,Al Reef,Apartment,Studio,87000,85000,7200,5.1,-1.7,3.92,3.03,96.5,3.5,13.4,56,795,7.4,460,82.9,139000,3.46,0.46,2200000,25.5,359
RENT004466,2025-08-01,2025,8,Q3,Abu Dhabi,Abu Dhabi,Al Reef,Villa,1BR,230000,235000,19200,5.1,-2.3,5.96,5.28,84.2,15.8,23.3,238,1154,2.0,1330,78.0,379000,5.77,0.19,3850000,16.8,112
RENT004453,2025-08-01,2025,8,Q3,Abu Dhabi,Abu Dhabi,Al Reem Island,Apartment,3BR,107000,111000,8900,5.1,2.7,4.05,3.07,95.8,4.2,17.3,171,89,2.3,680,75.1,186000,3.7,0.35,2650000,24.7,330
RENT004454,2025-08-01,2025,8,Q3,Abu Dhabi,Abu Dhabi,Al Reem Island,Villa,2BR,225000,214000,18800,5.1,1.9,5.1,4.58,89.4,10.6,17.5,218,718,8.0,1520,57.0,316000,4.93,0.17,4400000,19.6,135
RENT004477,2025-08-01,2025,8,Q3,Sharjah,Sharjah,Al Taawun,Apartment,Studio,56000,56000,4700,5.1,-2.3,6.22,5.49,81.8,18.2,12.3,240,155,5.3,330,71.5,86000,6.35,-0.13,900000,16.1,115
RENT004478,2025-08-01,2025,8,Q3,Sharjah,Sharjah,Al Taawun,Villa,1BR,169000,159000,14100,5.1,-1.8,3.97,2.99,84.6,15.4,19.2,146,316,3.3,1000,84.4,308000,4.13,-0.16,4250000,25.2,195
RENT004433,2025-08-01,2025,8,Q3,Dubai,Dubai,Business Bay,Apartment,2BR,132000,137000,11000,5.1,2.3,5.2,4.55,91.5,8.5,13.7,234,479,7.3,770,82.8,233000,5.25,-0.05,2550000,19.2,550
RENT004434,2025-08-01,2025,8,Q3,Dubai,Dubai,Business Bay,Villa,3BR,414000,423000,34500,5.1,0.2,4.86,4.07,90.3,9.7,10.8,116,795,7.8,2860,80.9,845000,4.87,-0.01,8500000,20.6,387
RENT004463,2025-08-01,2025,8,Q3,Abu Dhabi,Abu Dhabi,Corniche,Apartment,3BR,158000,164000,13200,5.1,0.8,4.2,3.21,82.3,17.7,12.6,165,1001,6.1,980,77.8,278000,3.72,0.48,3750000,23.8,311
RENT004464,2025-08-01,2025,8,Q3,Abu Dhabi,Abu Dhabi,Corniche,Villa,2BR,412000,426000,34300,5.1,1.8,3.93,2.8,78.5,21.5,13.6,185,648,3.3,1960,72.1,516000,3.77,0.16,10500000,25.5,218
RENT004443,2025-08-01,2025,8,Q3,Dubai,Dubai,Creek Harbour,Apartment,1BR,138000,132000,11500,5.1,-0.4,3.91,3.07,92.6,7.4,23.9,28,839,4.9,660,64.4,155000,3.96,-0.05,3550000,25.6,204
RENT004444,2025-08-01,2025,8,Q3,Dubai,Dubai,Creek Harbour,Villa,5BR+,411000,403000,34200,5.1,1.1,4.11,3.07,80.3,19.7,16.3,208,505,3.2,2710,68.5,678000,4.23,-0.12,10000000,24.4,494
RENT004445,2025-08-01,2025,8,Q3,Dubai,Dubai,DAMAC Hills,Apartment,4BR,111000,103000,9200,5.1,0.2,4.98,4.39,91.1,8.9,14.3,171,121,2.1,520,64.1,122000,5.1,-0.12,2250000,20.1,386
RENT004446,2025-08-01,2025,8,Q3,Dubai,Dubai,DAMAC Hills,Villa,1BR,321000,299000,26800,5.1,3.0,4.69,3.51,88.3,11.7,12.4,106,50,1.5,1710,67.6,422000,4.86,-0.17,6850000,21.3,107
RENT004425,2025-08-01,2025,8,Q3,Dubai,Dubai,Downtown Dubai,Apartment,Studio,170000,161000,14200,5.1,1.1,4.55,3.57,87.0,13.0,17.9,170,961,17.2,650,67.9,161000,4.23,0.32,3750000,22.0,395
RENT004426,2025-08-01,2025,8,Q3,Dubai,Dubai,Downtown Dubai,Villa,1BR,316000,292000,26300,5.1,0.5,5.38,4.35,80.4,19.6,21.9,20,185,16.1,1660,86.9,527000,5.72,-0.34,5850000,18.6,476
RENT004431,2025-08-01,2025,8,Q3,Dubai,Dubai,Dubai Hills Estate,Apartment,1BR,181000,180000,15100,5.1,0.5,3.96,2.84,87.9,12.1,11.7,38,454,6.4,720,61.9,163000,3.7,0.26,4600000,25.3,175
RENT004432,2025-08-01,2025,8,Q3,Dubai,Dubai,Dubai Hills Estate,Villa,Studio,506000,521000,42200,5.1,2.1,5.86,4.87,89.5,10.5,14.7,89,1108,3.6,3380,73.2,903000,6.27,-0.41,8650000,17.1,108
RENT004427,2025-08-01,2025,8,Q3,Dubai,Dubai,Dubai Marina,Apartment,1BR,149000,151000,12400,5.1,-2.0,4.52,3.35,82.9,17.1,12.4,192,660,7.7,750,78.2,214000,4.88,-0.36,3300000,22.1,335
RENT004428,2025-08-01,2025,8,Q3,Dubai,Dubai,Dubai Marina,Villa,2BR,476000,454000,39700,5.1,2.8,5.73,4.8,81.8,18.2,19.5,23,1055,19.8,3150,71.4,821000,5.24,0.49,8300000,17.5,482
RENT004447,2025-08-01,2025,8,Q3,Dubai,Dubai,Dubai South,Apartment,3BR,87000,82000,7200,5.1,-0.3,5.16,4.45,91.3,8.7,13.7,184,428,5.2,340,62.0,77000,5.54,-0.38,1700000,19.4,124
RENT004448,2025-08-01,2025,8,Q3,Dubai,Dubai,Dubai South,Villa,2BR,301000,295000,25100,5.1,1.8,5.55,4.81,93.4,6.6,10.6,232,893,6.8,2160,62.1,490000,5.62,-0.07,5450000,18.0,344
RENT004441,2025-08-01,2025,8,Q3,Dubai,Dubai,JBR,Apartment,2BR,161000,162000,13400,5.1,1.2,6.14,5.07,83.7,16.3,22.9,47,1116,14.4,950,77.0,267000,6.63,-0.49,2600000,16.3,553
RENT004442,2025-08-01,2025,8,Q3,Dubai,Dubai,JBR,Villa,3BR,477000,499000,39800,5.1,1.1,5.22,4.45,95.7,4.3,22.2,159,104,17.0,3210,87.3,1023000,5.5,-0.28,9150000,19.1,538
RENT004435,2025-08-01,2025,8,Q3,Dubai,Dubai,JVC,Apartment,Studio,84000,86000,7000,5.1,1.1,4.39,3.26,94.8,5.2,13.4,199,747,1.6,320,82.9,97000,4.43,-0.04,1900000,22.8,237
RENT004436,2025-08-01,2025,8,Q3,Dubai,Dubai,JVC,Villa,5BR+,264000,271000,22000,5.1,1.4,5.07,4.06,83.8,16.2,23.2,160,65,1.4,1610,82.4,484000,5.21,-0.14,5200000,19.7,150
RENT004461,2025-08-01,2025,8,Q3,Abu Dhabi,Abu Dhabi,Khalifa City,Apartment,1BR,102000,95000,8500,5.1,2.1,5.7,4.55,78.3,21.7,15.1,81,691,5.3,670,86.7,212000,5.26,0.44,1800000,17.6,65
RENT004462,2025-08-01,2025,8,Q3,Abu Dhabi,Abu Dhabi,Khalifa City,Villa,3BR,304000,312000,25300,5.1,2.1,4.09,3.42,89.6,10.4,21.3,198,1150,4.4,2140,58.0,453000,3.67,0.42,7450000,24.5,281
RENT004437,2025-08-01,2025,8,Q3,Dubai,Dubai,MBR City,Apartment,Studio,205000,212000,17100,5.1,-0.4,5.53,4.77,79.3,20.7,17.0,38,941,6.7,1480,87.4,472000,5.95,-0.42,3700000,18.1,210
RENT004438,2025-08-01,2025,8,Q3,Dubai,Dubai,MBR City,Villa,4BR,569000,584000,47400,5.1,1.0,4.09,3.49,94.6,5.4,11.7,236,630,1.2,3270,70.2,838000,3.86,0.23,13900000,24.4,344
RENT004467,2025-08-01,2025,8,Q3,Abu Dhabi,Abu Dhabi,Masdar City,Apartment,3BR,84000,84000,7000,5.1,2.7,5.17,4.3,96.8,3.2,21.7,78,696,8.0,410,78.9,118000,4.84,0.33,1600000,19.3,153
RENT004468,2025-08-01,2025,8,Q3,Abu Dhabi,Abu Dhabi,Masdar City,Villa,1BR,257000,260000,21400,5.1,0.3,4.91,3.88,82.5,17.5,14.4,201,541,6.3,920,64.2,216000,4.71,0.2,5250000,20.4,259
RENT004449,2025-08-01,2025,8,Q3,Dubai,Dubai,Meydan,Apartment,4BR,134000,132000,11200,5.1,1.1,5.27,4.74,82.4,17.6,10.1,218,490,3.0,950,70.1,243000,5.33,-0.06,2550000,19.0,384
RENT004450,2025-08-01,2025,8,Q3,Dubai,Dubai,Meydan,Villa,Studio,420000,419000,35000,5.1,1.9,5.08,4.33,79.3,20.7,11.7,202,1080,2.1,1830,87.4,584000,5.41,-0.33,8250000,19.7,515
RENT004473,2025-08-01,2025,8,Q3,Sharjah,Sharjah,Muwaileh,Apartment,3BR,53000,52000,4400,5.1,-1.3,4.16,3.36,80.6,19.4,19.2,138,746,7.1,360,75.4,99000,3.71,0.45,1300000,24.1,90
RENT004474,2025-08-01,2025,8,Q3,Sharjah,Sharjah,Muwaileh,Villa,3BR,159000,159000,13200,5.1,3.3,3.99,3.42,91.6,8.4,10.3,190,1162,6.0,600,77.3,169000,4.15,-0.16,4000000,25.0,100
RENT004429,2025-08-01,2025,8,Q3,Dubai,Dubai,Palm Jumeirah,Apartment,2BR,298000,280000,24800,5.1,-1.2,3.9,3.17,93.1,6.9,13.2,197,691,16.9,1110,67.4,273000,3.96,-0.06,7650000,25.6,558
RENT004430,2025-08-01,2025,8,Q3,Dubai,Dubai,Palm Jumeirah,Villa,1BR,909000,878000,75800,5.1,-1.0,4.63,3.69,85.0,15.0,12.9,150,895,8.1,5790,79.6,1682000,4.82,-0.19,19650000,21.6,504
RENT004455,2025-08-01,2025,8,Q3,Abu Dhabi,Abu Dhabi,Saadiyat Island,Apartment,2BR,225000,215000,18800,5.1,0.9,5.1,3.97,87.1,12.9,12.2,96,1155,17.0,1050,58.8,225000,4.92,0.18,4400000,19.6,130
RENT004456,2025-08-01,2025,8,Q3,Abu Dhabi,Abu Dhabi,Saadiyat Island,Villa,2BR,673000,649000,56100,5.1,-0.3,4.51,3.6,95.8,4.2,16.3,135,1006,9.5,3630,64.4,853000,4.88,-0.37,14900000,22.2,170
RENT004451,2025-08-01,2025,8,Q3,Dubai,Dubai,Sports City,Apartment,2BR,84000,83000,7000,5.1,0.6,4.24,3.71,93.9,6.1,15.3,148,171,4.5,550,75.3,151000,4.44,-0.2,2000000,23.6,376
RENT004452,2025-08-01,2025,8,Q3,Dubai,Dubai,Sports City,Villa,1BR,225000,230000,18800,5.1,-2.0,4.2,3.47,92.2,7.8,16.0,103,138,7.9,1240,78.2,354000,4.18,0.02,5350000,23.8,238
RENT004457,2025-08-01,2025,8,Q3,Abu Dhabi,Abu Dhabi,Yas Island,Apartment,3BR,128000,127000,10700,5.1,-0.5,4.59,3.83,92.3,7.7,13.9,193,866,18.7,560,77.4,158000,4.33,0.26,2800000,21.8,110
RENT004458,2025-08-01,2025,8,Q3,Abu Dhabi,Abu Dhabi,Yas Island,Villa,2BR,348000,357000,29000,5.1,0.3,4.32,3.44,85.5,14.5,11.5,47,583,5.7,2550,80.2,746000,3.83,0.49,8050000,23.1,295
RENT004495,2025-09-01,2025,9,Q3,Dubai,Dubai,Al Furjan,Apartment,1BR,97000,93000,8100,5.1,2.9,5.21,4.14,79.9,20.1,22.7,179,1151,3.1,480,86.2,151000,4.85,0.36,1850000,19.2,345
RENT004496,2025-09-01,2025,9,Q3,Dubai,Dubai,Al Furjan,Villa,1BR,252000,262000,21000,5.1,-1.6,5.01,4.5,92.6,7.4,14.8,76,1126,7.1,1600,77.5,453000,4.94,0.07,5050000,20.0,560
RENT004535,2025-09-01,2025,9,Q3,Ras Al Khaimah,Ras Al Khaimah,Al Hamra Village,Apartment,3BR,78000,78000,6500,5.1,0.4,5.81,4.87,78.1,21.9,15.6,124,633,1.3,370,56.2,76000,5.67,0.14,1350000,17.2,95
RENT004536,2025-09-01,2025,9,Q3,Ras Al Khaimah,Ras Al Khaimah,Al Hamra Village,Villa,2BR,154000,152000,12800,5.1,-2.0,4.36,3.79,90.1,9.9,23.3,131,1015,2.4,580,68.0,144000,4.23,0.13,3550000,23.0,50
RENT004531,2025-09-01,2025,9,Q3,Sharjah,Sharjah,Al Khan,Apartment,2BR,60000,59000,5000,5.1,2.2,6.08,5.34,78.3,21.7,13.2,236,364,5.4,390,61.6,88000,5.87,0.21,1000000,16.5,32
RENT004532,2025-09-01,2025,9,Q3,Sharjah,Sharjah,Al Khan,Villa,1BR,171000,166000,14200,5.1,-0.7,5.53,4.37,79.6,20.4,12.9,201,806,7.0,1090,64.7,257000,5.04,0.49,3100000,18.1,162
RENT004525,2025-09-01,2025,9,Q3,Sharjah,Sharjah,Al Majaz,Apartment,2BR,65000,68000,5400,5.1,-0.1,5.61,4.46,79.1,20.9,22.3,76,863,1.8,460,68.0,114000,5.34,0.27,1150000,17.8,40
RENT004526,2025-09-01,2025,9,Q3,Sharjah,Sharjah,Al Majaz,Villa,2BR,232000,226000,19300,5.1,2.1,5.37,4.29,92.2,7.8,12.1,132,451,2.4,1020,85.9,320000,5.36,0.01,4300000,18.6,165
RENT004527,2025-09-01,2025,9,Q3,Sharjah,Sharjah,Al Nahda,Apartment,3BR,61000,61000,5100,5.1,1.1,4.05,2.92,82.4,17.6,13.1,38,368,4.9,330,74.0,89000,4.12,-0.07,1500000,24.7,237
RENT004528,2025-09-01,2025,9,Q3,Sharjah,Sharjah,Al Nahda,Villa,Studio,115000,120000,9600,5.1,-2.3,3.95,3.22,86.5,13.5,11.9,195,181,7.8,740,78.7,213000,3.79,0.16,2900000,25.3,100
RENT004515,2025-09-01,2025,9,Q3,Abu Dhabi,Abu Dhabi,Al Raha Beach,Apartment,4BR,142000,139000,11800,5.1,0.7,3.87,2.71,93.6,6.4,11.8,81,810,3.1,830,65.7,199000,4.14,-0.27,3650000,25.8,180
RENT004516,2025-09-01,2025,9,Q3,Abu Dhabi,Abu Dhabi,Al Raha Beach,Villa,2BR,269000,250000,22400,5.1,3.4,4.86,4.31,80.8,19.2,12.1,95,784,3.1,1930,57.2,403000,5.35,-0.49,5550000,20.6,231
RENT004521,2025-09-01,2025,9,Q3,Abu Dhabi,Abu Dhabi,Al Reef,Apartment,2BR,81000,82000,6800,5.1,0.5,4.13,3.56,89.0,11.0,15.8,16,756,7.9,470,71.1,122000,4.15,-0.02,1950000,24.2,122
RENT004522,2025-09-01,2025,9,Q3,Abu Dhabi,Abu Dhabi,Al Reef,Villa,5BR+,220000,206000,18300,5.1,3.2,6.23,5.24,81.1,18.9,10.4,173,1097,7.8,1190,84.3,366000,5.81,0.42,3550000,16.0,65
RENT004509,2025-09-01,2025,9,Q3,Abu Dhabi,Abu Dhabi,Al Reem Island,Apartment,2BR,102000,100000,8500,5.1,0.5,4.3,3.13,89.7,10.3,22.3,125,349,5.9,410,80.6,121000,4.66,-0.36,2350000,23.2,224
RENT004510,2025-09-01,2025,9,Q3,Abu Dhabi,Abu Dhabi,Al Reem Island,Villa,3BR,300000,296000,25000,5.1,2.8,4.34,3.3,96.0,4.0,21.7,236,1117,3.0,1920,72.1,505000,4.54,-0.2,6900000,23.1,295
RENT004533,2025-09-01,2025,9,Q3,Sharjah,Sharjah,Al Taawun,Apartment,2BR,55000,53000,4600,5.1,-1.3,6.18,5.67,89.0,11.0,14.6,89,942,4.9,360,55.2,73000,6.17,0.01,900000,16.2,165
RENT004534,2025-09-01,2025,9,Q3,Sharjah,Sharjah,Al Taawun,Villa,5BR+,157000,148000,13100,5.1,0.2,4.51,3.5,84.3,15.7,18.6,174,806,7.2,590,66.6,143000,4.46,0.05,3500000,22.2,191
RENT004489,2025-09-01,2025,9,Q3,Dubai,Dubai,Business Bay,Apartment,1BR,130000,131000,10800,5.1,0.2,4.75,3.61,86.5,13.5,20.7,203,999,3.0,920,62.9,211000,4.97,-0.22,2750000,21.0,485
RENT004490,2025-09-01,2025,9,Q3,Dubai,Dubai,Business Bay,Villa,3BR,371000,349000,30900,5.1,-2.2,5.12,4.54,85.9,14.1,11.6,243,845,6.0,2750,72.3,726000,5.13,-0.01,7250000,19.5,314
RENT004519,2025-09-01,2025,9,Q3,Abu Dhabi,Abu Dhabi,Corniche,Apartment,2BR,159000,164000,13200,5.1,1.4,4.83,4.05,85.8,14.2,22.5,166,1133,1.2,680,69.9,173000,5.15,-0.32,3300000,20.7,342
RENT004520,2025-09-01,2025,9,Q3,Abu Dhabi,Abu Dhabi,Corniche,Villa,1BR,490000,500000,40800,5.1,0.4,5.09,4.16,89.7,10.3,12.8,190,1169,4.0,2190,83.2,665000,5.24,-0.15,9650000,19.6,233
RENT004499,2025-09-01,2025,9,Q3,Dubai,Dubai,Creek Harbour,Apartment,4BR,141000,133000,11800,5.1,0.6,5.58,4.62,79.5,20.5,21.1,101,1096,4.7,880,68.7,221000,5.98,-0.4,2500000,17.9,375
RENT004500,2025-09-01,2025,9,Q3,Dubai,Dubai,Creek Harbour,Villa,1BR,362000,352000,30200,5.1,1.4,5.74,4.67,79.7,20.3,15.1,45,425,6.8,2260,80.8,667000,5.88,-0.14,6300000,17.4,363
RENT004501,2025-09-01,2025,9,Q3,Dubai,Dubai,DAMAC Hills,Apartment,1BR,121000,126000,10100,5.1,0.6,4.88,3.87,81.3,18.7,20.3,36,1086,4.6,450,69.6,114000,5.18,-0.3,2500000,20.5,550
RENT004502,2025-09-01,2025,9,Q3,Dubai,Dubai,DAMAC Hills,Villa,1BR,258000,264000,21500,5.1,0.2,5.5,4.68,80.1,19.9,21.1,16,884,3.4,1550,60.2,341000,5.51,-0.01,4700000,18.2,108
RENT004481,2025-09-01,2025,9,Q3,Dubai,Dubai,Downtown Dubai,Apartment,1BR,175000,182000,14600,5.1,0.3,5.57,4.61,90.0,10.0,18.3,71,977,9.5,930,59.3,201000,5.78,-0.21,3150000,18.0,539
RENT004482,2025-09-01,2025,9,Q3,Dubai,Dubai,Downtown Dubai,Villa,Studio,451000,465000,37600,5.1,0.6,5.68,4.51,85.4,14.6,13.1,79,234,9.7,2480,70.9,642000,5.88,-0.2,7950000,17.6,186
RENT004487,2025-09-01,2025,9,Q3,Dubai,Dubai,Dubai Hills Estate,Apartment,2BR,184000,187000,15300,5.1,-1.6,4.33,3.42,81.3,18.7,21.3,227,1188,3.3,1010,72.1,266000,3.93,0.4,4250000,23.1,221
RENT004488,2025-09-01,2025,9,Q3,Dubai,Dubai,Dubai Hills Estate,Villa,4BR,393000,370000,32800,5.1,-0.9,5.6,4.86,86.1,13.9,11.2,141,1051,1.4,1710,65.4,408000,5.94,-0.34,7000000,17.8,556
RENT004483,2025-09-01,2025,9,Q3,Dubai,Dubai,Dubai Marina,Apartment,5BR+,126000,125000,10500,5.1,-1.6,5.76,4.75,87.8,12.2,16.8,231,1111,14.7,800,73.1,213000,6.14,-0.38,2200000,17.4,561
RENT004484,2025-09-01,2025,9,Q3,Dubai,Dubai,Dubai Marina,Villa,3BR,375000,383000,31200,5.1,2.3,4.47,3.94,96.1,3.9,18.3,247,1126,5.8,2600,56.2,533000,4.79,-0.32,8400000,22.4,378
RENT004503,2025-09-01,2025,9,Q3,Dubai,Dubai,Dubai South,Apartment,Studio,82000,77000,6800,5.1,-2.0,4.53,3.99,79.7,20.3,22.5,137,421,2.0,480,56.4,99000,4.63,-0.1,1800000,22.1,153
RENT004504,2025-09-01,2025,9,Q3,Dubai,Dubai,Dubai South,Villa,3BR,188000,179000,15700,5.1,0.6,4.71,3.77,78.3,21.7,23.1,67,1192,6.4,740,55.3,149000,4.49,0.22,4000000,21.3,423
RENT004497,2025-09-01,2025,9,Q3,Dubai,Dubai,JBR,Apartment,1BR,154000,147000,12800,5.1,2.6,6.05,5.55,86.6,13.4,22.6,60,1186,7.3,1050,78.3,300000,5.8,0.25,2550000,16.5,437
RENT004498,2025-09-01,2025,9,Q3,Dubai,Dubai,JBR,Villa,2BR,466000,473000,38800,5.1,0.4,5.92,4.95,83.4,16.6,17.0,131,626,9.2,3020,61.2,675000,5.62,0.3,7850000,16.9,287
RENT004491,2025-09-01,2025,9,Q3,Dubai,Dubai,JVC,Apartment,4BR,91000,92000,7600,5.1,-1.1,5.9,4.98,82.4,17.6,18.4,141,356,4.2,530,84.0,162000,5.73,0.17,1550000,17.0,328
RENT004492,2025-09-01,2025,9,Q3,Dubai,Dubai,JVC,Villa,5BR+,166000,164000,13800,5.1,-1.7,4.7,4.05,92.6,7.4,16.8,247,1090,3.4,710,78.8,204000,4.92,-0.22,3550000,21.3,564
RENT004517,2025-09-01,2025,9,Q3,Abu Dhabi,Abu Dhabi,Khalifa City,Apartment,1BR,102000,96000,8500,5.1,-1.3,5.57,5.06,91.5,8.5,16.7,107,315,4.3,480,72.5,127000,5.63,-0.06,1850000,17.9,192
RENT004518,2025-09-01,2025,9,Q3,Abu Dhabi,Abu Dhabi,Khalifa City,Villa,4BR,217000,202000,18100,5.1,-2.1,4.87,4.15,86.8,13.2,16.6,162,188,6.3,1450,67.2,356000,4.64,0.23,4450000,20.5,101
RENT004493,2025-09-01,2025,9,Q3,Dubai,Dubai,MBR City,Apartment,2BR,201000,201000,16800,5.1,-1.4,6.01,5.38,85.1,14.9,14.7,163,409,3.4,870,67.5,214000,5.7,0.31,3350000,16.6,97
RENT004494,2025-09-01,2025,9,Q3,Dubai,Dubai,MBR City,Villa,2BR,601000,563000,50100,5.1,-1.6,5.64,4.96,85.7,14.3,12.2,145,707,6.3,3110,72.7,825000,5.35,0.29,10650000,17.7,584
RENT004523,2025-09-01,2025,9,Q3,Abu Dhabi,Abu Dhabi,Masdar City,Apartment,Studio,76000,71000,6300,5.1,-1.0,4.43,3.42,81.4,18.6,20.1,53,921,5.4,470,55.7,96000,4.51,-0.08,1700000,22.6,329
RENT004524,2025-09-01,2025,9,Q3,Abu Dhabi,Abu Dhabi,Masdar City,Villa,Studio,268000,258000,22300,5.1,2.8,4.08,3.25,91.1,8.9,11.6,87,353,4.8,1690,77.4,477000,4.18,-0.1,6550000,24.5,202
RENT004505,2025-09-01,2025,9,Q3,Dubai,Dubai,Meydan,Apartment,4BR,123000,129000,10200,5.1,1.8,4.41,3.63,93.5,6.5,16.9,91,1086,3.8,510,58.5,109000,4.68,-0.27,2800000,22.7,322
RENT004506,2025-09-01,2025,9,Q3,Dubai,Dubai,Meydan,Villa,2BR,383000,392000,31900,5.1,2.2,4.41,3.6,87.3,12.7,18.6,122,1037,7.8,2450,85.9,768000,3.94,0.47,8700000,22.7,505
RENT004529,2025-09-01,2025,9,Q3,Sharjah,Sharjah,Muwaileh,Apartment,4BR,55000,52000,4600,5.1,-0.4,4.36,3.22,93.2,6.8,11.8,174,357,2.2,320,76.4,89000,4.56,-0.2,1250000,22.9,101
RENT004530,2025-09-01,2025,9,Q3,Sharjah,Sharjah,Muwaileh,Villa,3BR,110000,107000,9200,5.1,-2.2,4.05,3.12,89.9,10.1,15.0,186,1089,4.6,740,68.1,184000,4.22,-0.17,2700000,24.7,236
RENT004485,2025-09-01,2025,9,Q3,Dubai,Dubai,Palm Jumeirah,Apartment,2BR,279000,262000,23200,5.1,2.4,5.94,5.26,81.5,18.5,11.5,172,161,11.5,2040,61.8,460000,5.73,0.21,4700000,16.8,237
RENT004486,2025-09-01,2025,9,Q3,Dubai,Dubai,Palm Jumeirah,Villa,5BR+,609000,584000,50800,5.1,-1.5,4.91,4.28,86.8,13.2,17.8,98,131,11.0,3380,68.0,839000,4.54,0.37,12400000,20.4,196
RENT004511,2025-09-01,2025,9,Q3,Abu Dhabi,Abu Dhabi,Saadiyat Island,Apartment,2BR,207000,199000,17200,5.1,0.6,4.87,4.18,84.2,15.8,15.2,220,1048,7.8,1510,58.4,322000,4.63,0.24,4250000,20.5,185
RENT004512,2025-09-01,2025,9,Q3,Abu Dhabi,Abu Dhabi,Saadiyat Island,Villa,4BR,764000,719000,63700,5.1,-0.0,4.31,3.8,92.1,7.9,23.7,185,899,10.9,3450,78.1,983000,4.44,-0.13,17700000,23.2,264
RENT004507,2025-09-01,2025,9,Q3,Dubai,Dubai,Sports City,Apartment,5BR+,79000,75000,6600,5.1,0.3,4.68,3.49,83.0,17.0,18.5,18,568,4.3,360,67.0,88000,4.86,-0.18,1700000,21.4,329
RENT004508,2025-09-01,2025,9,Q3,Dubai,Dubai,Sports City,Villa,Studio,239000,251000,19900,5.1,2.3,5.51,4.97,96.8,3.2,23.1,51,722,6.6,1700,81.7,507000,5.43,0.08,4350000,18.1,98
RENT004513,2025-09-01,2025,9,Q3,Abu Dhabi,Abu Dhabi,Yas Island,Apartment,2BR,114000,107000,9500,5.1,-2.0,4.04,2.94,87.8,12.2,19.5,206,586,5.4,840,87.8,269000,3.76,0.28,2800000,24.8,251
RENT004514,2025-09-01,2025,9,Q3,Abu Dhabi,Abu Dhabi,Yas Island,Villa,3BR,384000,384000,32000,5.1,2.0,4.18,3.35,93.0,7.0,21.1,197,381,15.3,2850,79.0,822000,4.48,-0.3,9200000,23.9,273
RENT004551,2025-10-01,2025,10,Q4,Dubai,Dubai,Al Furjan,Apartment,2BR,91000,89000,7600,5.1,1.3,5.83,5.16,79.8,20.2,23.1,214,430,4.1,360,78.2,103000,5.72,0.11,1550000,17.2,517
RENT004552,2025-10-01,2025,10,Q4,Dubai,Dubai,Al Furjan,Villa,2BR,232000,244000,19300,5.1,-2.4,5.04,4.01,91.7,8.3,16.2,231,942,6.2,1460,58.7,313000,4.68,0.36,4600000,19.8,323
RENT004591,2025-10-01,2025,10,Q4,Ras Al Khaimah,Ras Al Khaimah,Al Hamra Village,Apartment,2BR,80000,81000,6700,5.1,2.3,5.86,5.02,81.9,18.1,14.7,95,1153,4.7,590,80.7,174000,5.38,0.48,1350000,17.1,24
RENT004592,2025-10-01,2025,10,Q4,Ras Al Khaimah,Ras Al Khaimah,Al Hamra Village,Villa,1BR,216000,221000,18000,5.1,0.6,5.2,4.42,81.1,18.9,17.2,142,1189,3.7,970,85.4,302000,4.96,0.24,4150000,19.2,96
RENT004587,2025-10-01,2025,10,Q4,Sharjah,Sharjah,Al Khan,Apartment,2BR,57000,56000,4800,5.1,2.8,5.57,4.55,93.4,6.6,16.4,47,757,3.7,220,63.7,51000,5.18,0.39,1000000,18.0,146
RENT004588,2025-10-01,2025,10,Q4,Sharjah,Sharjah,Al Khan,Villa,5BR+,164000,170000,13700,5.1,0.4,4.36,3.76,82.8,17.2,11.5,43,466,3.5,870,77.3,245000,4.51,-0.15,3750000,22.9,75
RENT004581,2025-10-01,2025,10,Q4,Sharjah,Sharjah,Al Majaz,Apartment,2BR,64000,61000,5300,5.1,1.9,3.94,3.22,96.9,3.1,20.5,50,690,4.3,410,64.5,97000,4.4,-0.46,1600000,25.4,232
RENT004582,2025-10-01,2025,10,Q4,Sharjah,Sharjah,Al Majaz,Villa,2BR,160000,154000,13300,5.1,3.3,4.44,3.44,92.3,7.7,16.0,197,216,1.2,930,87.4,297000,4.19,0.25,3600000,22.5,64
RENT004583,2025-10-01,2025,10,Q4,Sharjah,Sharjah,Al Nahda,Apartment,2BR,56000,52000,4700,5.1,1.0,6.11,5.0,78.7,21.3,17.4,202,595,4.6,240,85.3,75000,6.45,-0.34,900000,16.4,183
RENT004584,2025-10-01,2025,10,Q4,Sharjah,Sharjah,Al Nahda,Villa,2BR,136000,127000,11300,5.1,-1.1,5.81,4.79,89.8,10.2,18.6,102,998,1.8,500,62.1,113000,6.05,-0.24,2350000,17.2,182
RENT004571,2025-10-01,2025,10,Q4,Abu Dhabi,Abu Dhabi,Al Raha Beach,Apartment,1BR,130000,123000,10800,5.1,3.4,5.34,4.21,93.3,6.7,14.4,159,1025,1.2,750,71.2,195000,5.11,0.23,2450000,18.7,172
RENT004572,2025-10-01,2025,10,Q4,Abu Dhabi,Abu Dhabi,Al Raha Beach,Villa,2BR,382000,389000,31800,5.1,2.3,5.82,5.15,89.0,11.0,15.6,119,307,2.4,1690,84.7,522000,5.68,0.14,6550000,17.2,102
RENT004577,2025-10-01,2025,10,Q4,Abu Dhabi,Abu Dhabi,Al Reef,Apartment,2BR,82000,76000,6800,5.1,1.2,4.97,4.12,87.0,13.0,19.1,222,693,6.1,460,82.4,138000,5.43,-0.46,1650000,20.1,160
RENT004578,2025-10-01,2025,10,Q4,Abu Dhabi,Abu Dhabi,Al Reef,Villa,2BR,221000,227000,18400,5.1,2.8,4.4,3.62,84.4,15.6,17.9,35,840,7.8,1420,56.4,292000,4.74,-0.34,5000000,22.7,232
RENT004565,2025-10-01,2025,10,Q4,Abu Dhabi,Abu Dhabi,Al Reem Island,Apartment,4BR,102000,107000,8500,5.1,-0.4,3.87,2.76,84.5,15.5,23.7,20,658,4.5,750,57.3,157000,4.24,-0.37,2650000,25.9,157
RENT004566,2025-10-01,2025,10,Q4,Abu Dhabi,Abu Dhabi,Al Reem Island,Villa,3BR,354000,352000,29500,5.1,-2.3,5.14,4.61,78.9,21.1,11.1,206,413,7.0,1480,75.1,406000,5.58,-0.44,6900000,19.5,317
RENT004589,2025-10-01,2025,10,Q4,Sharjah,Sharjah,Al Taawun,Apartment,1BR,50000,51000,4200,5.1,1.3,4.33,3.38,85.0,15.0,17.2,13,978,3.6,310,63.1,71000,4.2,0.13,1150000,23.1,115
RENT004590,2025-10-01,2025,10,Q4,Sharjah,Sharjah,Al Taawun,Villa,3BR,129000,120000,10800,5.1,-1.1,4.76,4.21,84.0,16.0,22.5,230,1002,1.6,730,79.3,211000,4.64,0.12,2700000,21.0,53
RENT004545,2025-10-01,2025,10,Q4,Dubai,Dubai,Business Bay,Apartment,5BR+,129000,122000,10800,5.1,0.8,4.3,3.76,89.2,10.8,16.8,83,1040,1.7,570,64.8,135000,4.74,-0.44,3000000,23.2,467
RENT004546,2025-10-01,2025,10,Q4,Dubai,Dubai,Business Bay,Villa,1BR,437000,421000,36400,5.1,3.4,4.78,3.78,88.4,11.6,14.9,93,753,4.0,1770,68.2,441000,4.96,-0.18,9150000,20.9,507
RENT004575,2025-10-01,2025,10,Q4,Abu Dhabi,Abu Dhabi,Corniche,Apartment,1BR,156000,152000,13000,5.1,0.3,4.22,3.65,95.5,4.5,10.2,51,584,2.5,950,86.8,301000,4.37,-0.15,3700000,23.7,268
RENT004576,2025-10-01,2025,10,Q4,Abu Dhabi,Abu Dhabi,Corniche,Villa,2BR,391000,381000,32600,5.1,3.0,4.75,3.59,84.9,15.1,14.6,192,1156,1.4,2570,61.7,579000,5.04,-0.29,8250000,21.0,233
RENT004555,2025-10-01,2025,10,Q4,Dubai,Dubai,Creek Harbour,Apartment,1BR,135000,136000,11200,5.1,-0.9,5.63,5.03,80.6,19.4,20.5,239,1068,4.0,850,80.3,249000,5.67,-0.04,2400000,17.8,289
RENT004556,2025-10-01,2025,10,Q4,Dubai,Dubai,Creek Harbour,Villa,3BR,453000,435000,37800,5.1,1.2,5.08,3.98,93.7,6.3,13.5,222,957,7.0,3250,71.3,846000,4.69,0.39,8950000,19.7,228
RENT004557,2025-10-01,2025,10,Q4,Dubai,Dubai,DAMAC Hills,Apartment,5BR+,104000,109000,8700,5.1,3.5,4.79,3.77,96.6,3.4,15.0,84,108,2.2,710,71.0,184000,4.71,0.08,2150000,20.9,371
RENT004558,2025-10-01,2025,10,Q4,Dubai,Dubai,DAMAC Hills,Villa,2BR,306000,301000,25500,5.1,-0.3,5.91,5.24,96.6,3.4,16.2,175,300,3.8,1150,87.8,369000,6.04,-0.13,5200000,16.9,166
RENT004537,2025-10-01,2025,10,Q4,Dubai,Dubai,Downtown Dubai,Apartment,1BR,150000,140000,12500,5.1,0.7,4.95,3.81,95.3,4.7,10.6,107,399,19.3,630,87.0,200000,4.82,0.13,3050000,20.2,109
RENT004538,2025-10-01,2025,10,Q4,Dubai,Dubai,Downtown Dubai,Villa,3BR,365000,338000,30400,5.1,-0.1,5.06,4.1,78.4,21.6,20.7,34,1140,15.3,1600,64.3,376000,5.07,-0.01,7200000,19.8,394
RENT004543,2025-10-01,2025,10,Q4,Dubai,Dubai,Dubai Hills Estate,Apartment,3BR,164000,151000,13700,5.1,1.8,5.06,4.11,81.4,18.6,11.2,233,124,3.6,670,75.7,185000,4.68,0.38,3250000,19.8,370
RENT004544,2025-10-01,2025,10,Q4,Dubai,Dubai,Dubai Hills Estate,Villa,2BR,576000,581000,48000,5.1,2.5,5.25,4.14,92.7,7.3,16.4,84,504,1.8,2940,86.3,926000,4.87,0.38,10950000,19.0,557
RENT004539,2025-10-01,2025,10,Q4,Dubai,Dubai,Dubai Marina,Apartment,3BR,134000,138000,11200,5.1,1.4,4.39,3.59,84.8,15.2,22.0,175,551,15.3,840,64.0,196000,4.16,0.23,3050000,22.8,599
RENT004540,2025-10-01,2025,10,Q4,Dubai,Dubai,Dubai Marina,Villa,2BR,326000,310000,27200,5.1,-0.5,5.32,4.29,91.9,8.1,14.0,103,1072,14.7,2350,78.0,669000,5.78,-0.46,6100000,18.8,242
RENT004559,2025-10-01,2025,10,Q4,Dubai,Dubai,Dubai South,Apartment,1BR,85000,79000,7100,5.1,1.6,6.06,5.1,95.5,4.5,21.5,205,1002,2.7,510,78.5,146000,5.97,0.09,1400000,16.5,343
RENT004560,2025-10-01,2025,10,Q4,Dubai,Dubai,Dubai South,Villa,2BR,262000,263000,21800,5.1,-1.5,4.6,3.42,84.6,15.4,13.9,243,575,5.4,1210,83.4,368000,4.63,-0.03,5700000,21.8,511
RENT004553,2025-10-01,2025,10,Q4,Dubai,Dubai,JBR,Apartment,2BR,142000,140000,11800,5.1,1.1,3.85,2.8,90.0,10.0,17.4,88,829,16.9,1000,85.7,313000,3.98,-0.13,3700000,26.0,331
RENT004554,2025-10-01,2025,10,Q4,Dubai,Dubai,JBR,Villa,3BR,277000,265000,23100,5.1,-2.0,4.92,4.25,96.3,3.7,20.6,39,65,12.7,1250,55.2,252000,5.27,-0.35,5650000,20.3,539
RENT004547,2025-10-01,2025,10,Q4,Dubai,Dubai,JVC,Apartment,2BR,91000,91000,7600,5.1,1.9,5.2,4.24,86.9,13.1,12.7,187,984,5.7,650,82.5,196000,4.94,0.26,1750000,19.2,479
RENT004548,2025-10-01,2025,10,Q4,Dubai,Dubai,JVC,Villa,3BR,188000,189000,15700,5.1,1.0,5.4,4.5,94.8,5.2,14.6,111,76,6.2,680,56.9,141000,5.82,-0.42,3500000,18.5,574
RENT004573,2025-10-01,2025,10,Q4,Abu Dhabi,Abu Dhabi,Khalifa City,Apartment,Studio,92000,94000,7700,5.1,-0.2,4.6,3.97,94.0,6.0,15.0,61,591,4.2,680,73.9,183000,4.18,0.42,2000000,21.8,95
RENT004574,2025-10-01,2025,10,Q4,Abu Dhabi,Abu Dhabi,Khalifa City,Villa,4BR,198000,185000,16500,5.1,-2.0,5.74,4.78,96.4,3.6,20.3,166,645,3.5,990,67.9,245000,6.08,-0.34,3450000,17.4,92
RENT004549,2025-10-01,2025,10,Q4,Dubai,Dubai,MBR City,Apartment,2BR,188000,180000,15700,5.1,-1.3,6.11,4.94,87.8,12.2,20.5,73,591,2.7,1370,72.9,365000,6.31,-0.2,3100000,16.4,574
RENT004550,2025-10-01,2025,10,Q4,Dubai,Dubai,MBR City,Villa,1BR,346000,355000,28800,5.1,0.7,3.93,3.2,93.6,6.4,14.1,52,322,5.5,1600,63.0,368000,3.69,0.24,8800000,25.5,550
RENT004579,2025-10-01,2025,10,Q4,Abu Dhabi,Abu Dhabi,Masdar City,Apartment,2BR,75000,70000,6200,5.1,1.3,4.25,3.1,96.9,3.1,19.9,14,1057,5.2,330,68.9,83000,4.17,0.08,1750000,23.5,205
RENT004580,2025-10-01,2025,10,Q4,Abu Dhabi,Abu Dhabi,Masdar City,Villa,3BR,244000,249000,20300,5.1,0.7,4.25,3.17,91.1,8.9,14.3,236,955,1.2,1430,84.6,442000,4.46,-0.21,5750000,23.5,159
RENT004561,2025-10-01,2025,10,Q4,Dubai,Dubai,Meydan,Apartment,3BR,127000,118000,10600,5.1,-2.0,4.01,3.05,96.1,3.9,15.3,111,1165,1.7,510,80.4,150000,4.24,-0.23,3150000,25.0,170
RENT004562,2025-10-01,2025,10,Q4,Dubai,Dubai,Meydan,Villa,2BR,290000,300000,24200,5.1,-2.1,5.97,4.92,95.2,4.8,22.7,145,897,5.1,1050,60.6,232000,6.31,-0.34,4850000,16.8,255
RENT004585,2025-10-01,2025,10,Q4,Sharjah,Sharjah,Muwaileh,Apartment,Studio,49000,48000,4100,5.1,0.5,5.13,4.22,91.6,8.4,14.8,176,986,2.8,360,81.2,107000,4.88,0.25,950000,19.5,152
RENT004586,2025-10-01,2025,10,Q4,Sharjah,Sharjah,Muwaileh,Villa,Studio,144000,137000,12000,5.1,0.3,5.82,5.09,86.8,13.2,14.6,95,355,2.3,920,68.5,230000,5.78,0.04,2450000,17.2,38
RENT004541,2025-10-01,2025,10,Q4,Dubai,Dubai,Palm Jumeirah,Apartment,3BR,284000,281000,23700,5.1,3.0,4.64,3.76,83.7,16.3,19.8,165,81,16.6,1140,67.7,282000,4.74,-0.1,6100000,21.5,578
RENT004542,2025-10-01,2025,10,Q4,Dubai,Dubai,Palm Jumeirah,Villa,1BR,870000,829000,72500,5.1,2.2,4.4,3.38,89.9,10.1,23.1,141,580,8.3,4060,72.2,1070000,4.62,-0.22,19750000,22.7,260
RENT004567,2025-10-01,2025,10,Q4,Abu Dhabi,Abu Dhabi,Saadiyat Island,Apartment,2BR,204000,197000,17000,5.1,0.8,4.97,4.21,87.9,12.1,20.5,187,1134,10.4,1210,87.6,387000,5.3,-0.33,4100000,20.1,76
RENT004568,2025-10-01,2025,10,Q4,Abu Dhabi,Abu Dhabi,Saadiyat Island,Villa,1BR,530000,539000,44200,5.1,2.6,4.47,3.35,96.3,3.7,12.6,40,851,19.6,3390,57.4,710000,4.4,0.07,11850000,22.4,200
RENT004563,2025-10-01,2025,10,Q4,Dubai,Dubai,Sports City,Apartment,1BR,76000,73000,6300,5.1,1.8,4.3,3.71,85.6,14.4,15.6,137,185,6.6,420,82.1,126000,4.69,-0.39,1750000,23.2,521
RENT004564,2025-10-01,2025,10,Q4,Dubai,Dubai,Sports City,Villa,2BR,162000,161000,13500,5.1,3.0,6.18,5.37,82.1,17.9,23.4,55,768,6.1,1150,85.5,359000,5.73,0.45,2600000,16.2,318
RENT004569,2025-10-01,2025,10,Q4,Abu Dhabi,Abu Dhabi,Yas Island,Apartment,3BR,117000,108000,9800,5.1,2.0,5.31,4.12,88.6,11.4,22.3,244,684,6.2,810,58.6,173000,5.24,0.07,2200000,18.8,281
RENT004570,2025-10-01,2025,10,Q4,Abu Dhabi,Abu Dhabi,Yas Island,Villa,2BR,230000,240000,19200,5.1,-0.2,3.89,2.77,81.7,18.3,12.8,234,382,8.1,1310,70.4,337000,3.99,-0.1,5900000,25.7,356
RENT004607,2025-11-01,2025,11,Q4,Dubai,Dubai,Al Furjan,Apartment,1BR,94000,94000,7800,5.1,0.0,5.67,4.59,83.0,17.0,12.2,217,91,5.5,470,63.4,109000,5.67,0.0,1650000,17.6,341
RENT004608,2025-11-01,2025,11,Q4,Dubai,Dubai,Al Furjan,Villa,1BR,230000,226000,19200,5.1,1.7,4.25,3.17,89.1,10.9,11.3,227,1160,3.5,1240,60.8,275000,3.83,0.42,5400000,23.5,250
RENT004647,2025-11-01,2025,11,Q4,Ras Al Khaimah,Ras Al Khaimah,Al Hamra Village,Apartment,Studio,76000,77000,6300,5.1,2.3,5.16,4.47,93.9,6.1,18.3,31,55,2.1,530,61.1,118000,5.19,-0.03,1450000,19.4,55
RENT004648,2025-11-01,2025,11,Q4,Ras Al Khaimah,Ras Al Khaimah,Al Hamra Village,Villa,3BR,187000,179000,15600,5.1,-1.0,4.56,3.73,80.1,19.9,20.3,51,846,1.2,1140,81.9,341000,4.99,-0.43,4100000,21.9,60
RENT004643,2025-11-01,2025,11,Q4,Sharjah,Sharjah,Al Khan,Apartment,2BR,64000,65000,5300,5.1,2.0,6.06,4.89,85.8,14.2,15.0,155,111,1.1,450,58.2,96000,6.43,-0.37,1050000,16.5,200
RENT004644,2025-11-01,2025,11,Q4,Sharjah,Sharjah,Al Khan,Villa,1BR,110000,103000,9200,5.1,0.0,5.17,4.59,89.0,11.0,23.3,242,936,2.8,450,83.3,137000,5.23,-0.06,2150000,19.3,40
RENT004637,2025-11-01,2025,11,Q4,Sharjah,Sharjah,Al Majaz,Apartment,1BR,64000,64000,5300,5.1,-0.2,5.09,4.26,90.7,9.3,21.5,200,476,3.2,370,67.1,91000,5.34,-0.25,1250000,19.7,209
RENT004638,2025-11-01,2025,11,Q4,Sharjah,Sharjah,Al Majaz,Villa,1BR,194000,183000,16200,5.1,3.3,5.9,5.24,96.6,3.4,17.6,130,379,1.3,1370,55.9,280000,6.07,-0.17,3300000,17.0,190
RENT004639,2025-11-01,2025,11,Q4,Sharjah,Sharjah,Al Nahda,Apartment,3BR,55000,53000,4600,5.1,0.3,4.32,3.22,82.4,17.6,18.7,134,917,1.7,230,68.6,58000,4.03,0.29,1250000,23.1,67
RENT004640,2025-11-01,2025,11,Q4,Sharjah,Sharjah,Al Nahda,Villa,1BR,167000,163000,13900,5.1,1.0,5.92,4.9,80.5,19.5,21.9,75,685,2.1,1120,80.6,329000,6.26,-0.34,2800000,16.9,172
RENT004627,2025-11-01,2025,11,Q4,Abu Dhabi,Abu Dhabi,Al Raha Beach,Apartment,2BR,127000,128000,10600,5.1,0.6,3.9,3.09,90.1,9.9,21.3,182,315,5.4,540,70.4,139000,3.46,0.44,3250000,25.6,290
RENT004628,2025-11-01,2025,11,Q4,Abu Dhabi,Abu Dhabi,Al Raha Beach,Villa,Studio,490000,466000,40800,5.1,-1.5,6.18,5.08,81.7,18.3,15.7,206,461,3.9,2720,72.4,719000,6.14,0.04,7900000,16.2,153
RENT004633,2025-11-01,2025,11,Q4,Abu Dhabi,Abu Dhabi,Al Reef,Apartment,1BR,89000,84000,7400,5.1,-2.5,4.49,3.71,82.3,17.7,23.5,101,364,7.8,650,80.1,190000,4.77,-0.28,2000000,22.3,253
RENT004634,2025-11-01,2025,11,Q4,Abu Dhabi,Abu Dhabi,Al Reef,Villa,1BR,249000,250000,20800,5.1,1.4,5.14,4.4,82.4,17.6,22.5,80,1011,7.5,1470,73.1,392000,5.26,-0.12,4850000,19.5,72
RENT004621,2025-11-01,2025,11,Q4,Abu Dhabi,Abu Dhabi,Al Reem Island,Apartment,2BR,100000,94000,8300,5.1,1.5,4.47,3.8,93.8,6.2,18.1,42,1021,4.6,530,59.2,115000,4.45,0.02,2250000,22.4,132
RENT004622,2025-11-01,2025,11,Q4,Abu Dhabi,Abu Dhabi,Al Reem Island,Villa,1BR,353000,352000,29400,5.1,0.6,6.11,5.22,80.4,19.6,23.3,231,638,7.0,1680,87.0,533000,6.49,-0.38,5800000,16.4,333
RENT004645,2025-11-01,2025,11,Q4,Sharjah,Sharjah,Al Taawun,Apartment,2BR,54000,53000,4500,5.1,2.8,4.31,3.77,93.0,7.0,14.3,111,419,1.9,200,62.7,46000,3.84,0.47,1250000,23.2,91
RENT004646,2025-11-01,2025,11,Q4,Sharjah,Sharjah,Al Taawun,Villa,2BR,101000,104000,8400,5.1,-1.4,5.05,4.09,88.3,11.7,22.2,31,87,4.3,480,68.1,119000,4.71,0.34,2000000,19.8,45
RENT004601,2025-11-01,2025,11,Q4,Dubai,Dubai,Business Bay,Apartment,1BR,117000,119000,9800,5.1,1.2,3.94,3.43,89.9,10.1,10.3,173,333,6.6,530,87.3,169000,3.78,0.16,2950000,25.4,552
RENT004602,2025-11-01,2025,11,Q4,Dubai,Dubai,Business Bay,Villa,Studio,344000,343000,28700,5.1,-1.8,5.31,4.65,83.7,16.3,18.0,119,714,4.8,2460,62.2,558000,5.34,-0.03,6500000,18.8,460
RENT004631,2025-11-01,2025,11,Q4,Abu Dhabi,Abu Dhabi,Corniche,Apartment,2BR,150000,146000,12500,5.1,2.5,4.05,3.53,82.3,17.7,22.8,50,461,2.7,540,75.7,149000,3.57,0.48,3700000,24.7,124
RENT004632,2025-11-01,2025,11,Q4,Abu Dhabi,Abu Dhabi,Corniche,Villa,2BR,387000,376000,32200,5.1,-1.2,4.32,3.63,88.3,11.7,13.1,42,686,2.7,2350,55.4,475000,4.49,-0.17,8950000,23.2,93
RENT004611,2025-11-01,2025,11,Q4,Dubai,Dubai,Creek Harbour,Apartment,3BR,144000,134000,12000,5.1,1.6,5.13,4.01,91.8,8.2,22.9,21,1111,6.6,770,82.0,230000,4.72,0.41,2800000,19.5,175
RENT004612,2025-11-01,2025,11,Q4,Dubai,Dubai,Creek Harbour,Villa,1BR,431000,420000,35900,5.1,-2.4,5.08,3.88,90.1,9.9,17.2,231,325,4.6,2220,68.2,553000,5.4,-0.32,8500000,19.7,563
RENT004613,2025-11-01,2025,11,Q4,Dubai,Dubai,DAMAC Hills,Apartment,Studio,110000,111000,9200,5.1,-0.5,5.01,4.04,82.5,17.5,21.5,107,811,5.3,420,80.4,123000,5.34,-0.33,2200000,20.0,381
RENT004614,2025-11-01,2025,11,Q4,Dubai,Dubai,DAMAC Hills,Villa,2BR,265000,252000,22100,5.1,-0.9,5.45,4.94,81.2,18.8,18.6,181,500,5.1,1290,60.0,283000,5.75,-0.3,4850000,18.4,229
RENT004593,2025-11-01,2025,11,Q4,Dubai,Dubai,Downtown Dubai,Apartment,2BR,154000,147000,12800,5.1,-1.9,4.1,3.34,80.8,19.2,15.0,194,110,13.8,770,85.8,241000,4.44,-0.34,3750000,24.4,305
RENT004594,2025-11-01,2025,11,Q4,Dubai,Dubai,Downtown Dubai,Villa,Studio,472000,452000,39300,5.1,1.7,3.98,3.42,94.3,5.7,13.4,45,403,7.7,3460,83.5,1055000,4.15,-0.17,11850000,25.1,384
RENT004599,2025-11-01,2025,11,Q4,Dubai,Dubai,Dubai Hills Estate,Apartment,5BR+,188000,195000,15700,5.1,-1.7,3.94,3.3,85.0,15.0,16.8,143,701,2.6,950,68.5,238000,4.0,-0.06,4750000,25.4,333
RENT004600,2025-11-01,2025,11,Q4,Dubai,Dubai,Dubai Hills Estate,Villa,3BR,536000,499000,44700,5.1,0.0,3.94,3.29,83.3,16.7,16.5,114,52,5.2,3830,86.7,1212000,3.85,0.09,13600000,25.4,381
RENT004595,2025-11-01,2025,11,Q4,Dubai,Dubai,Dubai Marina,Apartment,2BR,135000,125000,11200,5.1,2.5,4.7,3.51,95.0,5.0,16.0,139,453,8.8,910,57.2,190000,4.82,-0.12,2850000,21.3,131
RENT004596,2025-11-01,2025,11,Q4,Dubai,Dubai,Dubai Marina,Villa,1BR,304000,284000,25300,5.1,1.2,5.09,4.01,81.5,18.5,11.3,131,156,14.8,2240,77.0,630000,5.38,-0.29,5950000,19.7,354
RENT004615,2025-11-01,2025,11,Q4,Dubai,Dubai,Dubai South,Apartment,3BR,83000,78000,6900,5.1,3.2,4.4,3.85,90.6,9.4,23.0,26,630,6.4,430,57.5,90000,4.24,0.16,1900000,22.7,303
RENT004616,2025-11-01,2025,11,Q4,Dubai,Dubai,Dubai South,Villa,1BR,213000,200000,17800,5.1,-1.6,4.25,3.4,92.7,7.3,15.8,124,346,3.9,1170,68.1,291000,4.16,0.09,5000000,23.5,531
RENT004609,2025-11-01,2025,11,Q4,Dubai,Dubai,JBR,Apartment,5BR+,144000,135000,12000,5.1,0.5,5.5,4.78,91.4,8.6,21.2,113,964,12.6,960,59.6,209000,5.44,0.06,2600000,18.2,430
RENT004610,2025-11-01,2025,11,Q4,Dubai,Dubai,JBR,Villa,2BR,340000,352000,28300,5.1,2.1,5.19,4.33,91.4,8.6,12.0,247,1102,19.5,1350,68.1,336000,5.23,-0.04,6550000,19.3,448
RENT004603,2025-11-01,2025,11,Q4,Dubai,Dubai,JVC,Apartment,3BR,92000,87000,7700,5.1,-0.0,4.88,4.32,87.5,12.5,10.4,97,392,5.0,540,66.0,130000,4.45,0.43,1900000,20.5,292
RENT004604,2025-11-01,2025,11,Q4,Dubai,Dubai,JVC,Villa,3BR,199000,196000,16600,5.1,1.7,5.07,3.96,86.9,13.1,19.8,103,986,5.1,920,72.4,243000,5.31,-0.24,3900000,19.7,218
RENT004629,2025-11-01,2025,11,Q4,Abu Dhabi,Abu Dhabi,Khalifa City,Apartment,2BR,101000,97000,8400,5.1,1.1,5.97,4.99,91.6,8.4,19.1,215,555,6.1,680,80.0,199000,5.54,0.43,1700000,16.7,254
RENT004630,2025-11-01,2025,11,Q4,Abu Dhabi,Abu Dhabi,Khalifa City,Villa,5BR+,325000,300000,27100,5.1,-0.2,5.35,4.56,86.3,13.7,15.5,106,88,4.3,2130,63.1,491000,5.72,-0.37,6050000,18.7,166
RENT004605,2025-11-01,2025,11,Q4,Dubai,Dubai,MBR City,Apartment,4BR,197000,183000,16400,5.1,2.3,4.67,3.98,93.4,6.6,18.8,109,760,4.5,1050,79.8,306000,4.2,0.47,4200000,21.4,214
RENT004606,2025-11-01,2025,11,Q4,Dubai,Dubai,MBR City,Villa,1BR,450000,461000,37500,5.1,1.4,5.87,5.2,79.0,21.0,11.3,175,539,7.2,2260,64.3,530000,6.37,-0.5,7650000,17.0,389
RENT004635,2025-11-01,2025,11,Q4,Abu Dhabi,Abu Dhabi,Masdar City,Apartment,Studio,77000,76000,6400,5.1,2.0,5.99,4.84,80.0,20.0,19.6,242,896,2.6,550,81.9,164000,5.55,0.44,1300000,16.7,141
RENT004636,2025-11-01,2025,11,Q4,Abu Dhabi,Abu Dhabi,Masdar City,Villa,1BR,268000,264000,22300,5.1,-1.9,5.78,4.72,79.6,20.4,16.2,206,427,3.3,1850,77.2,521000,5.46,0.32,4650000,17.3,238
RENT004617,2025-11-01,2025,11,Q4,Dubai,Dubai,Meydan,Apartment,1BR,129000,132000,10800,5.1,1.2,6.04,4.88,93.5,6.5,10.5,156,934,3.7,530,55.6,108000,5.89,0.15,2150000,16.5,328
RENT004618,2025-11-01,2025,11,Q4,Dubai,Dubai,Meydan,Villa,5BR+,360000,371000,30000,5.1,-2.1,6.11,5.12,82.6,17.4,23.2,165,324,4.3,1380,79.6,401000,6.28,-0.17,5900000,16.4,418
RENT004641,2025-11-01,2025,11,Q4,Sharjah,Sharjah,Muwaileh,Apartment,3BR,49000,46000,4100,5.1,2.0,5.44,4.71,84.3,15.7,15.1,226,815,5.1,280,87.3,89000,5.38,0.06,900000,18.4,177
RENT004642,2025-11-01,2025,11,Q4,Sharjah,Sharjah,Muwaileh,Villa,4BR,141000,141000,11800,5.1,3.2,5.62,4.99,90.4,9.6,18.9,88,281,6.9,630,75.8,174000,5.45,0.17,2500000,17.8,71
RENT004597,2025-11-01,2025,11,Q4,Dubai,Dubai,Palm Jumeirah,Apartment,2BR,276000,282000,23000,5.1,-1.7,4.62,3.93,86.4,13.6,18.1,241,994,12.8,1290,78.0,367000,4.85,-0.23,5950000,21.6,381
RENT004598,2025-11-01,2025,11,Q4,Dubai,Dubai,Palm Jumeirah,Villa,1BR,489000,490000,40800,5.1,3.4,6.04,5.38,92.0,8.0,12.1,94,445,12.6,3220,79.6,936000,6.08,-0.04,8100000,16.6,456
RENT004623,2025-11-01,2025,11,Q4,Abu Dhabi,Abu Dhabi,Saadiyat Island,Apartment,2BR,213000,199000,17800,5.1,1.2,6.09,5.42,82.9,17.1,17.6,25,503,14.6,1470,80.8,434000,6.56,-0.47,3500000,16.4,120
RENT004624,2025-11-01,2025,11,Q4,Abu Dhabi,Abu Dhabi,Saadiyat Island,Villa,1BR,594000,574000,49500,5.1,-0.4,4.13,3.27,79.9,20.1,17.7,52,788,13.8,4200,85.5,1311000,4.41,-0.28,14400000,24.2,207
RENT004619,2025-11-01,2025,11,Q4,Dubai,Dubai,Sports City,Apartment,1BR,75000,76000,6200,5.1,-2.3,5.99,5.46,80.4,19.6,11.2,138,247,5.0,280,63.9,65000,6.46,-0.47,1250000,16.7,420
RENT004620,2025-11-01,2025,11,Q4,Dubai,Dubai,Sports City,Villa,Studio,202000,191000,16800,5.1,-2.1,4.95,3.93,83.2,16.8,13.8,40,1150,7.3,1460,86.6,461000,4.65,0.3,4100000,20.2,142
RENT004625,2025-11-01,2025,11,Q4,Abu Dhabi,Abu Dhabi,Yas Island,Apartment,1BR,113000,111000,9400,5.1,0.8,4.24,3.66,87.1,12.9,23.5,29,611,18.5,690,67.6,170000,4.45,-0.21,2650000,23.6,280
RENT004626,2025-11-01,2025,11,Q4,Abu Dhabi,Abu Dhabi,Yas Island,Villa,4BR,278000,264000,23200,5.1,3.4,5.41,4.4,84.8,15.2,13.6,12,450,6.2,1950,77.8,554000,5.89,-0.48,5150000,18.5,147
RENT004663,2025-12-01,2025,12,Q4,Dubai,Dubai,Al Furjan,Apartment,1BR,95000,96000,7900,5.1,0.1,4.06,3.23,96.1,3.9,11.5,177,123,1.1,490,76.1,136000,4.42,-0.36,2350000,24.6,551
RENT004664,2025-12-01,2025,12,Q4,Dubai,Dubai,Al Furjan,Villa,2BR,258000,263000,21500,5.1,-0.4,5.06,4.17,90.0,10.0,11.9,66,501,4.4,1700,83.3,517000,5.35,-0.29,5100000,19.8,509
RENT004703,2025-12-01,2025,12,Q4,Ras Al Khaimah,Ras Al Khaimah,Al Hamra Village,Apartment,2BR,80000,78000,6700,5.1,-2.4,3.86,3.28,88.1,11.9,22.0,145,733,4.4,380,80.1,111000,3.9,-0.04,2050000,25.9,44
RENT004704,2025-12-01,2025,12,Q4,Ras Al Khaimah,Ras Al Khaimah,Al Hamra Village,Villa,1BR,212000,220000,17700,5.1,2.6,4.59,3.58,79.0,21.0,22.4,73,1183,4.6,1370,61.1,306000,4.64,-0.05,4600000,21.8,72
RENT004699,2025-12-01,2025,12,Q4,Sharjah,Sharjah,Al Khan,Apartment,1BR,66000,66000,5500,5.1,2.3,4.07,2.94,94.2,5.8,15.8,134,91,6.5,420,75.8,116000,4.12,-0.05,1600000,24.5,157
RENT004700,2025-12-01,2025,12,Q4,Sharjah,Sharjah,Al Khan,Villa,2BR,203000,187000,16900,5.1,3.0,4.95,3.94,96.9,3.1,17.4,177,410,1.8,1240,80.9,366000,4.52,0.43,4100000,20.2,206
RENT004693,2025-12-01,2025,12,Q4,Sharjah,Sharjah,Al Majaz,Apartment,3BR,71000,73000,5900,5.1,2.4,4.0,3.19,82.2,17.8,19.5,167,178,2.6,380,62.7,87000,3.96,0.04,1800000,25.0,34
RENT004694,2025-12-01,2025,12,Q4,Sharjah,Sharjah,Al Majaz,Villa,1BR,181000,177000,15100,5.1,-0.0,4.26,3.59,93.7,6.3,18.6,77,567,5.5,740,79.7,215000,4.38,-0.12,4250000,23.5,66
RENT004695,2025-12-01,2025,12,Q4,Sharjah,Sharjah,Al Nahda,Apartment,2BR,62000,58000,5200,5.1,2.2,4.42,3.47,83.7,16.3,14.8,234,508,5.4,410,68.8,103000,4.72,-0.3,1400000,22.6,89
RENT004696,2025-12-01,2025,12,Q4,Sharjah,Sharjah,Al Nahda,Villa,1BR,134000,123000,11200,5.1,1.9,5.77,4.93,95.2,4.8,16.0,34,172,7.7,510,73.8,137000,6.04,-0.27,2300000,17.3,194
RENT004683,2025-12-01,2025,12,Q4,Abu Dhabi,Abu Dhabi,Al Raha Beach,Apartment,3BR,140000,139000,11700,5.1,2.7,5.67,5.1,85.0,15.0,15.0,224,940,7.2,530,69.0,133000,5.53,0.14,2450000,17.6,185
RENT004684,2025-12-01,2025,12,Q4,Abu Dhabi,Abu Dhabi,Al Raha Beach,Villa,1BR,276000,277000,23000,5.1,1.7,5.27,4.47,86.7,13.3,15.5,26,627,5.9,1280,64.8,303000,4.8,0.47,5250000,19.0,325
RENT004689,2025-12-01,2025,12,Q4,Abu Dhabi,Abu Dhabi,Al Reef,Apartment,3BR,84000,77000,7000,5.1,-0.8,5.76,5.08,81.2,18.8,15.8,168,824,1.8,560,60.7,124000,5.31,0.45,1450000,17.4,70
RENT004690,2025-12-01,2025,12,Q4,Abu Dhabi,Abu Dhabi,Al Reef,Villa,2BR,221000,207000,18400,5.1,0.0,5.16,4.15,89.3,10.7,18.0,29,1110,6.6,890,80.6,262000,4.95,0.21,4300000,19.4,147
RENT004677,2025-12-01,2025,12,Q4,Abu Dhabi,Abu Dhabi,Al Reem Island,Apartment,4BR,102000,98000,8500,5.1,0.4,4.77,3.76,81.9,18.1,16.3,21,366,7.7,420,77.5,119000,4.72,0.05,2150000,21.0,310
RENT004678,2025-12-01,2025,12,Q4,Abu Dhabi,Abu Dhabi,Al Reem Island,Villa,1BR,319000,334000,26600,5.1,0.9,4.66,3.98,82.1,17.9,18.2,56,359,5.1,1580,73.7,425000,4.25,0.41,6850000,21.5,116
RENT004701,2025-12-01,2025,12,Q4,Sharjah,Sharjah,Al Taawun,Apartment,3BR,59000,58000,4900,5.1,3.5,4.52,3.58,92.3,7.7,10.7,46,1192,5.3,360,62.6,82000,4.51,0.01,1300000,22.1,151
RENT004702,2025-12-01,2025,12,Q4,Sharjah,Sharjah,Al Taawun,Villa,2BR,111000,104000,9200,5.1,3.5,4.99,4.4,95.0,5.0,10.1,59,851,5.2,460,76.5,128000,4.55,0.44,2250000,20.1,158
RENT004657,2025-12-01,2025,12,Q4,Dubai,Dubai,Business Bay,Apartment,1BR,134000,130000,11200,5.1,-1.7,5.39,4.78,86.7,13.3,21.3,85,1086,7.0,950,65.3,226000,5.02,0.37,2500000,18.6,107
RENT004658,2025-12-01,2025,12,Q4,Dubai,Dubai,Business Bay,Villa,2BR,380000,355000,31700,5.1,-2.5,4.65,3.76,80.9,19.1,14.1,181,1051,2.5,2420,63.4,560000,4.78,-0.13,8200000,21.5,577
RENT004687,2025-12-01,2025,12,Q4,Abu Dhabi,Abu Dhabi,Corniche,Apartment,3BR,154000,147000,12800,5.1,-1.5,6.05,5.33,91.5,8.5,16.8,14,1021,8.0,1090,81.4,324000,6.18,-0.13,2550000,16.5,259
RENT004688,2025-12-01,2025,12,Q4,Abu Dhabi,Abu Dhabi,Corniche,Villa,1BR,336000,327000,28000,5.1,-2.4,4.99,3.83,92.1,7.9,11.6,47,96,3.7,1830,62.2,415000,4.74,0.25,6750000,20.0,223
RENT004667,2025-12-01,2025,12,Q4,Dubai,Dubai,Creek Harbour,Apartment,2BR,139000,133000,11600,5.1,1.4,4.57,3.74,90.8,9.2,23.6,45,1009,1.5,960,85.4,299000,4.53,0.04,3050000,21.9,85
RENT004668,2025-12-01,2025,12,Q4,Dubai,Dubai,Creek Harbour,Villa,1BR,329000,310000,27400,5.1,-1.5,4.42,3.36,83.2,16.8,11.4,179,340,5.1,1340,68.5,335000,4.07,0.35,7450000,22.6,364
RENT004669,2025-12-01,2025,12,Q4,Dubai,Dubai,DAMAC Hills,Apartment,1BR,117000,108000,9800,5.1,1.4,4.71,4.13,93.0,7.0,12.9,130,339,7.7,460,83.5,140000,5.14,-0.43,2500000,21.2,492
RENT004670,2025-12-01,2025,12,Q4,Dubai,Dubai,DAMAC Hills,Villa,2BR,404000,391000,33700,5.1,2.0,3.97,2.98,83.1,16.9,15.3,11,408,5.5,1660,72.3,438000,3.6,0.37,10150000,25.2,461
RENT004649,2025-12-01,2025,12,Q4,Dubai,Dubai,Downtown Dubai,Apartment,1BR,164000,167000,13700,5.1,-2.5,4.13,3.38,85.5,14.5,13.7,15,141,18.9,920,74.4,250000,4.12,0.01,3950000,24.2,84
RENT004650,2025-12-01,2025,12,Q4,Dubai,Dubai,Downtown Dubai,Villa,Studio,328000,342000,27300,5.1,0.3,4.58,3.98,82.7,17.3,13.8,190,1175,6.0,1780,68.8,447000,4.21,0.37,7150000,21.8,142
RENT004655,2025-12-01,2025,12,Q4,Dubai,Dubai,Dubai Hills Estate,Apartment,2BR,183000,190000,15200,5.1,2.3,4.07,3.01,88.5,11.5,16.0,161,83,7.1,1280,66.4,310000,4.21,-0.14,4500000,24.6,160
RENT004656,2025-12-01,2025,12,Q4,Dubai,Dubai,Dubai Hills Estate,Villa,1BR,492000,482000,41000,5.1,2.1,5.6,4.69,96.6,3.4,14.1,90,1166,4.3,1850,83.5,564000,5.76,-0.16,8800000,17.8,315
RENT004651,2025-12-01,2025,12,Q4,Dubai,Dubai,Dubai Marina,Apartment,3BR,142000,144000,11800,5.1,3.0,5.65,4.96,95.2,4.8,20.8,82,542,6.3,960,81.7,286000,5.78,-0.13,2500000,17.7,483
RENT004652,2025-12-01,2025,12,Q4,Dubai,Dubai,Dubai Marina,Villa,3BR,328000,344000,27300,5.1,2.1,4.26,3.23,94.9,5.1,15.0,54,212,15.8,1760,78.2,502000,4.23,0.03,7700000,23.5,559
RENT004671,2025-12-01,2025,12,Q4,Dubai,Dubai,Dubai South,Apartment,2BR,84000,79000,7000,5.1,2.6,6.01,5.07,91.3,8.7,19.7,244,229,1.6,350,83.7,107000,6.03,-0.02,1400000,16.6,209
RENT004672,2025-12-01,2025,12,Q4,Dubai,Dubai,Dubai South,Villa,Studio,164000,160000,13700,5.1,-1.9,4.13,3.01,80.6,19.4,11.6,191,134,5.2,690,59.8,151000,3.96,0.17,3950000,24.2,445
RENT004665,2025-12-01,2025,12,Q4,Dubai,Dubai,JBR,Apartment,3BR,158000,162000,13200,5.1,0.1,3.95,2.8,88.2,11.8,12.0,136,194,12.5,760,59.6,165000,3.71,0.24,4000000,25.3,461
RENT004666,2025-12-01,2025,12,Q4,Dubai,Dubai,JBR,Villa,1BR,379000,356000,31600,5.1,1.8,4.7,4.04,87.0,13.0,19.8,175,747,9.1,2640,63.7,614000,5.06,-0.36,8050000,21.3,509
RENT004659,2025-12-01,2025,12,Q4,Dubai,Dubai,JVC,Apartment,2BR,91000,93000,7600,5.1,3.3,4.57,3.88,83.7,16.3,22.7,51,397,2.9,470,66.9,115000,4.43,0.14,2000000,21.9,431
RENT004660,2025-12-01,2025,12,Q4,Dubai,Dubai,JVC,Villa,1BR,170000,167000,14200,5.1,1.4,5.65,4.6,88.1,11.9,11.1,29,415,7.7,770,70.3,198000,5.89,-0.24,3000000,17.7,429
RENT004685,2025-12-01,2025,12,Q4,Abu Dhabi,Abu Dhabi,Khalifa City,Apartment,3BR,93000,92000,7800,5.1,2.2,4.37,3.52,85.1,14.9,14.2,190,400,7.8,470,75.1,129000,3.88,0.49,2150000,22.9,80
RENT004686,2025-12-01,2025,12,Q4,Abu Dhabi,Abu Dhabi,Khalifa City,Villa,3BR,280000,274000,23300,5.1,-0.7,5.21,4.08,84.8,15.2,22.3,201,559,4.0,1340,61.9,303000,5.5,-0.29,5350000,19.2,237
RENT004661,2025-12-01,2025,12,Q4,Dubai,Dubai,MBR City,Apartment,3BR,190000,199000,15800,5.1,1.8,4.34,3.75,90.6,9.4,18.5,133,434,2.1,770,64.2,180000,4.59,-0.25,4400000,23.1,364
RENT004662,2025-12-01,2025,12,Q4,Dubai,Dubai,MBR City,Villa,1BR,545000,544000,45400,5.1,2.7,5.57,5.0,83.5,16.5,19.2,69,211,2.9,2630,75.7,727000,5.9,-0.33,9800000,18.0,417
RENT004691,2025-12-01,2025,12,Q4,Abu Dhabi,Abu Dhabi,Masdar City,Apartment,2BR,85000,86000,7100,5.1,1.4,4.84,4.23,80.4,19.6,12.9,124,1192,4.7,610,62.9,140000,4.73,0.11,1750000,20.6,90
RENT004692,2025-12-01,2025,12,Q4,Abu Dhabi,Abu Dhabi,Masdar City,Villa,1BR,173000,160000,14400,5.1,-1.7,5.5,4.35,87.4,12.6,20.9,82,550,7.9,1090,80.3,319000,5.96,-0.46,3150000,18.2,251
RENT004673,2025-12-01,2025,12,Q4,Dubai,Dubai,Meydan,Apartment,Studio,138000,127000,11500,5.1,0.7,4.64,3.53,84.8,15.2,16.7,69,1146,3.8,810,56.4,167000,4.31,0.33,2950000,21.6,177
RENT004674,2025-12-01,2025,12,Q4,Dubai,Dubai,Meydan,Villa,4BR,440000,408000,36700,5.1,1.1,5.54,5.03,88.4,11.6,20.6,241,523,2.6,2460,62.4,560000,5.85,-0.31,7950000,18.0,470
RENT004697,2025-12-01,2025,12,Q4,Sharjah,Sharjah,Muwaileh,Apartment,Studio,49000,46000,4100,5.1,2.8,4.46,3.37,94.9,5.1,10.9,12,294,6.9,200,76.8,56000,4.6,-0.14,1100000,22.4,169
RENT004698,2025-12-01,2025,12,Q4,Sharjah,Sharjah,Muwaileh,Villa,1BR,141000,145000,11800,5.1,1.5,4.4,3.54,86.6,13.4,12.1,233,529,7.9,530,65.1,126000,4.04,0.36,3200000,22.7,126
RENT004653,2025-12-01,2025,12,Q4,Dubai,Dubai,Palm Jumeirah,Apartment,2BR,294000,299000,24500,5.1,-0.9,5.77,4.79,91.2,8.8,13.3,243,394,9.5,1560,72.5,413000,5.6,0.17,5100000,17.3,386
RENT004654,2025-12-01,2025,12,Q4,Dubai,Dubai,Palm Jumeirah,Villa,4BR,528000,551000,44000,5.1,-2.2,4.35,3.17,81.7,18.3,21.0,16,1181,18.1,3020,59.7,658000,4.13,0.22,12150000,23.0,322
RENT004679,2025-12-01,2025,12,Q4,Abu Dhabi,Abu Dhabi,Saadiyat Island,Apartment,4BR,239000,227000,19900,5.1,1.1,3.89,3.18,86.4,13.6,18.7,161,890,17.0,1660,67.6,410000,3.71,0.18,6150000,25.7,172
RENT004680,2025-12-01,2025,12,Q4,Abu Dhabi,Abu Dhabi,Saadiyat Island,Villa,4BR,393000,398000,32800,5.1,1.0,3.91,2.75,78.6,21.4,21.6,50,1148,11.1,1900,58.7,407000,4.05,-0.14,10050000,25.6,282
RENT004675,2025-12-01,2025,12,Q4,Dubai,Dubai,Sports City,Apartment,2BR,85000,87000,7100,5.1,0.2,5.16,4.13,90.0,10.0,19.1,159,227,3.8,360,77.2,101000,5.3,-0.14,1650000,19.4,483
RENT004676,2025-12-01,2025,12,Q4,Dubai,Dubai,Sports City,Villa,1BR,152000,158000,12700,5.1,-0.6,6.24,5.14,83.5,16.5,17.8,17,842,6.0,1060,82.7,320000,6.34,-0.1,2450000,16.0,305
RENT004681,2025-12-01,2025,12,Q4,Abu Dhabi,Abu Dhabi,Yas Island,Apartment,2BR,123000,119000,10200,5.1,0.6,6.02,5.4,83.0,17.0,12.8,202,851,9.1,530,81.8,158000,6.2,-0.18,2050000,16.6,176
RENT004682,2025-12-01,2025,12,Q4,Abu Dhabi,Abu Dhabi,Yas Island,Villa,Studio,363000,369000,30200,5.1,0.4,4.95,3.77,94.7,5.3,11.1,24,69,7.1,1700,56.6,351000,4.6,0.35,7350000,20.2,299
RENT004719,2026-01-01,2026,1,Q1,Dubai,Dubai,Al Furjan,Apartment,4BR,106000,104000,8800,2.1,-1.4,5.19,4.05,79.8,20.2,17.9,20,1149,3.3,570,81.7,170000,5.15,0.04,2050000,19.3,555
RENT004720,2026-01-01,2026,1,Q1,Dubai,Dubai,Al Furjan,Villa,5BR+,280000,260000,23300,2.1,2.7,5.94,4.82,95.2,4.8,22.8,196,352,3.2,1160,80.6,341000,5.59,0.35,4700000,16.8,383
RENT004759,2026-01-01,2026,1,Q1,Ras Al Khaimah,Ras Al Khaimah,Al Hamra Village,Apartment,5BR+,95000,87000,7900,2.1,2.2,4.71,3.79,90.2,9.8,20.7,120,1068,3.9,440,63.6,102000,4.71,0.0,2000000,21.2,113
RENT004760,2026-01-01,2026,1,Q1,Ras Al Khaimah,Ras Al Khaimah,Al Hamra Village,Villa,2BR,181000,183000,15100,2.1,2.3,5.23,4.25,96.4,3.6,12.1,199,409,5.9,820,85.7,257000,5.35,-0.12,3450000,19.1,103
RENT004755,2026-01-01,2026,1,Q1,Sharjah,Sharjah,Al Khan,Apartment,2BR,69000,66000,5800,2.1,-0.3,4.03,2.93,87.7,12.3,17.3,47,636,7.5,500,81.4,149000,4.14,-0.11,1700000,24.8,94
RENT004756,2026-01-01,2026,1,Q1,Sharjah,Sharjah,Al Khan,Villa,3BR,214000,220000,17800,2.1,-0.6,4.22,3.63,91.0,9.0,18.7,245,614,1.4,960,86.4,303000,4.66,-0.44,5050000,23.7,89
RENT004749,2026-01-01,2026,1,Q1,Sharjah,Sharjah,Al Majaz,Apartment,Studio,72000,68000,6000,2.1,-2.4,4.36,3.37,94.5,5.5,13.0,192,801,7.3,420,56.8,87000,4.64,-0.28,1650000,23.0,88
RENT004750,2026-01-01,2026,1,Q1,Sharjah,Sharjah,Al Majaz,Villa,Studio,193000,198000,16100,2.1,-0.1,5.26,4.29,95.8,4.2,18.9,223,1154,3.6,750,79.2,217000,5.32,-0.06,3650000,19.0,191
RENT004751,2026-01-01,2026,1,Q1,Sharjah,Sharjah,Al Nahda,Apartment,2BR,65000,61000,5400,2.1,1.7,4.3,3.53,89.8,10.2,22.1,30,1015,1.5,330,84.7,102000,4.54,-0.24,1500000,23.3,132
RENT004752,2026-01-01,2026,1,Q1,Sharjah,Sharjah,Al Nahda,Villa,1BR,155000,151000,12900,2.1,0.6,4.33,3.43,79.4,20.6,20.7,218,166,2.9,640,86.5,202000,3.85,0.48,3600000,23.1,95
RENT004739,2026-01-01,2026,1,Q1,Abu Dhabi,Abu Dhabi,Al Raha Beach,Apartment,3BR,156000,163000,13000,2.1,1.6,5.41,4.5,90.7,9.3,20.0,104,643,2.9,990,67.7,245000,5.89,-0.48,2900000,18.5,127
RENT004740,2026-01-01,2026,1,Q1,Abu Dhabi,Abu Dhabi,Al Raha Beach,Villa,1BR,283000,261000,23600,2.1,2.0,4.61,3.79,78.8,21.2,15.0,114,489,1.1,1130,67.5,278000,4.73,-0.12,6150000,21.7,319
RENT004745,2026-01-01,2026,1,Q1,Abu Dhabi,Abu Dhabi,Al Reef,Apartment,1BR,101000,102000,8400,2.1,0.5,4.3,3.33,95.0,5.0,11.8,168,822,6.7,750,56.0,153000,4.57,-0.27,2350000,23.2,200
RENT004746,2026-01-01,2026,1,Q1,Abu Dhabi,Abu Dhabi,Al Reef,Villa,Studio,235000,241000,19600,2.1,-2.5,5.03,4.07,89.1,10.9,21.1,192,765,3.1,860,77.6,244000,4.73,0.3,4700000,19.9,74
RENT004733,2026-01-01,2026,1,Q1,Abu Dhabi,Abu Dhabi,Al Reem Island,Apartment,5BR+,116000,115000,9700,2.1,-1.2,4.03,3.2,78.7,21.3,14.4,167,275,6.2,670,76.1,186000,3.91,0.12,2900000,24.8,240
RENT004734,2026-01-01,2026,1,Q1,Abu Dhabi,Abu Dhabi,Al Reem Island,Villa,2BR,289000,272000,24100,2.1,-1.8,4.13,3.2,81.2,18.8,16.4,113,805,3.4,1640,55.1,330000,3.9,0.23,7000000,24.2,110
RENT004757,2026-01-01,2026,1,Q1,Sharjah,Sharjah,Al Taawun,Apartment,2BR,64000,60000,5300,2.1,-0.9,5.9,4.8,97.0,3.0,21.1,199,945,6.5,310,61.7,70000,6.01,-0.11,1100000,16.9,117
RENT004758,2026-01-01,2026,1,Q1,Sharjah,Sharjah,Al Taawun,Villa,Studio,171000,162000,14200,2.1,0.3,6.2,5.14,93.9,6.1,19.0,174,178,5.4,950,79.0,274000,5.73,0.47,2750000,16.1,82
RENT004713,2026-01-01,2026,1,Q1,Dubai,Dubai,Business Bay,Apartment,2BR,142000,137000,11800,2.1,2.0,5.53,4.93,96.7,3.3,23.5,161,178,3.0,610,72.5,161000,5.51,0.02,2550000,18.1,112
RENT004714,2026-01-01,2026,1,Q1,Dubai,Dubai,Business Bay,Villa,1BR,423000,440000,35200,2.1,-1.5,4.75,4.18,85.1,14.9,11.5,143,112,7.0,2850,63.4,660000,5.1,-0.35,8900000,21.1,81
RENT004743,2026-01-01,2026,1,Q1,Abu Dhabi,Abu Dhabi,Corniche,Apartment,2BR,158000,150000,13200,2.1,2.3,4.1,3.02,95.6,4.4,18.0,205,641,3.2,780,82.0,233000,4.37,-0.27,3850000,24.4,87
RENT004744,2026-01-01,2026,1,Q1,Abu Dhabi,Abu Dhabi,Corniche,Villa,3BR,418000,420000,34800,2.1,-0.4,4.95,4.17,84.5,15.5,22.2,29,229,2.7,2220,71.6,580000,5.45,-0.5,8450000,20.2,147
RENT004723,2026-01-01,2026,1,Q1,Dubai,Dubai,Creek Harbour,Apartment,5BR+,142000,145000,11800,2.1,0.2,5.56,4.84,87.5,12.5,15.0,43,486,7.8,830,55.3,168000,5.54,0.02,2550000,18.0,251
RENT004724,2026-01-01,2026,1,Q1,Dubai,Dubai,Creek Harbour,Villa,2BR,399000,414000,33200,2.1,-2.4,6.02,5.42,92.7,7.3,12.5,14,899,4.3,1470,85.9,461000,5.7,0.32,6650000,16.6,411
RENT004725,2026-01-01,2026,1,Q1,Dubai,Dubai,DAMAC Hills,Apartment,1BR,126000,124000,10500,2.1,-0.2,4.58,3.63,78.8,21.2,16.1,40,761,6.3,690,61.8,156000,4.54,0.04,2750000,21.8,167
RENT004726,2026-01-01,2026,1,Q1,Dubai,Dubai,DAMAC Hills,Villa,Studio,444000,425000,37000,2.1,-0.5,5.05,4.22,81.9,18.1,17.2,50,567,5.0,3090,71.5,806000,4.62,0.43,8800000,19.8,299
RENT004705,2026-01-01,2026,1,Q1,Dubai,Dubai,Downtown Dubai,Apartment,1BR,174000,180000,14500,2.1,0.4,6.07,4.91,88.7,11.3,18.6,30,237,8.5,1100,68.7,276000,6.17,-0.1,2850000,16.5,263
RENT004706,2026-01-01,2026,1,Q1,Dubai,Dubai,Downtown Dubai,Villa,1BR,414000,427000,34500,2.1,2.8,4.16,3.11,84.4,15.6,19.9,226,933,17.1,2370,55.9,484000,4.53,-0.37,9950000,24.0,161
RENT004711,2026-01-01,2026,1,Q1,Dubai,Dubai,Dubai Hills Estate,Apartment,3BR,203000,208000,16900,2.1,3.1,5.67,5.01,80.4,19.6,22.6,169,719,5.3,1050,73.9,283000,5.65,0.02,3600000,17.6,372
RENT004712,2026-01-01,2026,1,Q1,Dubai,Dubai,Dubai Hills Estate,Villa,3BR,625000,588000,52100,2.1,0.7,4.15,3.57,89.8,10.2,21.0,30,523,7.4,3810,81.1,1128000,4.08,0.07,15050000,24.1,525
RENT004707,2026-01-01,2026,1,Q1,Dubai,Dubai,Dubai Marina,Apartment,1BR,158000,150000,13200,2.1,0.6,5.84,4.83,81.1,18.9,10.8,36,990,13.5,620,81.0,183000,6.33,-0.49,2700000,17.1,332
RENT004708,2026-01-01,2026,1,Q1,Dubai,Dubai,Dubai Marina,Villa,Studio,468000,466000,39000,2.1,-0.9,4.18,3.53,81.0,19.0,14.5,214,363,15.5,2560,85.7,801000,4.0,0.18,11200000,23.9,494
RENT004727,2026-01-01,2026,1,Q1,Dubai,Dubai,Dubai South,Apartment,1BR,91000,88000,7600,2.1,-1.1,5.12,4.29,95.1,4.9,10.5,232,1061,2.8,510,71.5,133000,5.6,-0.48,1800000,19.5,279
RENT004728,2026-01-01,2026,1,Q1,Dubai,Dubai,Dubai South,Villa,Studio,282000,286000,23500,2.1,0.9,3.9,3.34,83.4,16.6,19.5,246,293,6.2,1760,86.5,556000,3.52,0.38,7250000,25.7,228
RENT004721,2026-01-01,2026,1,Q1,Dubai,Dubai,JBR,Apartment,2BR,158000,146000,13200,2.1,-1.8,4.22,3.19,96.3,3.7,21.1,243,660,11.2,870,60.2,191000,4.1,0.12,3750000,23.7,150
RENT004722,2026-01-01,2026,1,Q1,Dubai,Dubai,JBR,Villa,1BR,558000,538000,46500,2.1,0.2,5.13,4.26,89.3,10.7,10.9,30,119,13.8,2240,80.5,658000,5.62,-0.49,10850000,19.5,85
RENT004715,2026-01-01,2026,1,Q1,Dubai,Dubai,JVC,Apartment,5BR+,92000,87000,7700,2.1,-1.2,5.38,4.27,87.4,12.6,15.1,24,1055,2.4,670,61.9,151000,5.38,0.0,1700000,18.6,589
RENT004716,2026-01-01,2026,1,Q1,Dubai,Dubai,JVC,Villa,1BR,309000,322000,25800,2.1,0.5,4.88,3.76,87.6,12.4,22.2,95,363,6.4,1750,68.3,436000,5.36,-0.48,6350000,20.5,376
RENT004741,2026-01-01,2026,1,Q1,Abu Dhabi,Abu Dhabi,Khalifa City,Apartment,3BR,111000,105000,9200,2.1,0.0,5.39,4.28,86.7,13.3,17.2,188,884,7.4,570,87.9,183000,5.81,-0.42,2050000,18.5,347
RENT004742,2026-01-01,2026,1,Q1,Abu Dhabi,Abu Dhabi,Khalifa City,Villa,3BR,285000,272000,23800,2.1,-2.4,5.08,4.55,86.9,13.1,13.1,145,942,2.1,1450,78.0,413000,4.9,0.18,5600000,19.7,247
RENT004717,2026-01-01,2026,1,Q1,Dubai,Dubai,MBR City,Apartment,1BR,197000,205000,16400,2.1,2.4,4.52,3.62,81.8,18.2,10.8,182,318,3.4,1230,79.7,358000,4.04,0.48,4350000,22.1,263
RENT004718,2026-01-01,2026,1,Q1,Dubai,Dubai,MBR City,Villa,3BR,511000,496000,42600,2.1,0.7,4.11,3.55,89.4,10.6,13.1,42,685,7.3,1990,74.6,542000,3.62,0.49,12400000,24.3,203
RENT004747,2026-01-01,2026,1,Q1,Abu Dhabi,Abu Dhabi,Masdar City,Apartment,2BR,83000,77000,6900,2.1,1.4,5.38,4.54,94.4,5.6,16.6,67,1105,3.5,440,86.7,139000,4.97,0.41,1550000,18.6,251
RENT004748,2026-01-01,2026,1,Q1,Abu Dhabi,Abu Dhabi,Masdar City,Villa,1BR,184000,174000,15300,2.1,1.2,5.92,5.42,84.4,15.6,22.4,196,104,5.0,870,62.8,199000,5.48,0.44,3100000,16.9,200
RENT004729,2026-01-01,2026,1,Q1,Dubai,Dubai,Meydan,Apartment,3BR,132000,135000,11000,2.1,-1.9,4.12,3.57,96.6,3.4,11.4,128,1197,3.0,540,59.3,117000,3.62,0.5,3200000,24.3,418
RENT004730,2026-01-01,2026,1,Q1,Dubai,Dubai,Meydan,Villa,4BR,467000,475000,38900,2.1,-1.9,5.84,5.25,79.5,20.5,18.8,11,936,6.6,2120,87.0,673000,5.7,0.14,8000000,17.1,582
RENT004753,2026-01-01,2026,1,Q1,Sharjah,Sharjah,Muwaileh,Apartment,1BR,57000,54000,4800,2.1,-1.7,4.13,2.97,92.2,7.8,15.3,145,1141,6.5,230,78.0,65000,3.97,0.16,1400000,24.2,138
RENT004754,2026-01-01,2026,1,Q1,Sharjah,Sharjah,Muwaileh,Villa,Studio,134000,129000,11200,2.1,-1.4,4.63,3.9,80.5,19.5,14.7,244,518,7.1,780,57.0,162000,5.08,-0.45,2900000,21.6,196
RENT004709,2026-01-01,2026,1,Q1,Dubai,Dubai,Palm Jumeirah,Apartment,2BR,304000,295000,25300,2.1,-0.8,5.12,4.54,84.0,16.0,13.2,118,823,10.6,1420,78.6,407000,4.66,0.46,5950000,19.5,590
RENT004710,2026-01-01,2026,1,Q1,Dubai,Dubai,Palm Jumeirah,Villa,4BR,760000,776000,63300,2.1,1.1,5.53,4.71,94.0,6.0,11.4,204,763,9.4,3410,56.2,699000,5.14,0.39,13750000,18.1,258
RENT004735,2026-01-01,2026,1,Q1,Abu Dhabi,Abu Dhabi,Saadiyat Island,Apartment,2BR,254000,242000,21200,2.1,1.7,5.38,4.25,85.3,14.7,12.6,89,1139,18.7,1360,70.7,351000,5.3,0.08,4700000,18.6,73
RENT004736,2026-01-01,2026,1,Q1,Abu Dhabi,Abu Dhabi,Saadiyat Island,Villa,2BR,785000,761000,65400,2.1,2.0,5.02,4.52,85.8,14.2,20.1,126,843,16.9,2830,61.5,635000,5.4,-0.38,15650000,19.9,209
RENT004731,2026-01-01,2026,1,Q1,Dubai,Dubai,Sports City,Apartment,2BR,87000,89000,7200,2.1,-0.0,4.48,3.52,94.3,5.7,23.1,42,601,6.3,310,69.8,79000,4.45,0.03,1950000,22.3,115
RENT004732,2026-01-01,2026,1,Q1,Dubai,Dubai,Sports City,Villa,Studio,280000,270000,23300,2.1,1.2,4.4,3.8,92.6,7.4,13.0,178,338,4.9,1560,67.8,386000,4.89,-0.49,6350000,22.7,159
RENT004737,2026-01-01,2026,1,Q1,Abu Dhabi,Abu Dhabi,Yas Island,Apartment,3BR,126000,131000,10500,2.1,1.8,4.9,3.85,83.7,16.3,18.3,161,324,13.3,770,87.9,247000,4.86,0.04,2550000,20.4,300
RENT004738,2026-01-01,2026,1,Q1,Abu Dhabi,Abu Dhabi,Yas Island,Villa,2BR,340000,331000,28300,2.1,2.4,6.14,5.39,96.5,3.5,11.3,182,732,9.3,1510,64.4,355000,5.68,0.46,5550000,16.3,242
RENT004775,2026-02-01,2026,2,Q1,Dubai,Dubai,Al Furjan,Apartment,2BR,116000,122000,9700,2.1,2.2,4.3,3.42,79.0,21.0,10.2,70,474,5.9,760,63.9,177000,3.98,0.32,2700000,23.3,328
RENT004776,2026-02-01,2026,2,Q1,Dubai,Dubai,Al Furjan,Villa,2BR,243000,236000,20200,2.1,0.5,4.6,3.47,83.2,16.8,15.4,134,685,7.8,1630,82.5,491000,4.51,0.09,5300000,21.7,339
RENT004815,2026-02-01,2026,2,Q1,Ras Al Khaimah,Ras Al Khaimah,Al Hamra Village,Apartment,4BR,90000,87000,7500,2.1,2.6,4.15,3.07,78.4,21.6,21.5,243,71,7.4,460,59.7,100000,4.5,-0.35,2150000,24.1,30
RENT004816,2026-02-01,2026,2,Q1,Ras Al Khaimah,Ras Al Khaimah,Al Hamra Village,Villa,1BR,226000,220000,18800,2.1,-1.9,4.25,3.42,91.2,8.8,12.2,236,970,6.2,1040,59.1,224000,4.08,0.17,5300000,23.5,84
RENT004811,2026-02-01,2026,2,Q1,Sharjah,Sharjah,Al Khan,Apartment,1BR,69000,64000,5800,2.1,-0.3,5.24,4.43,88.0,12.0,20.9,140,389,6.6,460,76.6,129000,5.67,-0.43,1300000,19.1,181
RENT004812,2026-02-01,2026,2,Q1,Sharjah,Sharjah,Al Khan,Villa,3BR,149000,147000,12400,2.1,2.4,4.76,4.02,90.5,9.5,15.8,190,1025,4.5,860,60.3,189000,4.83,-0.07,3150000,21.0,225
RENT004805,2026-02-01,2026,2,Q1,Sharjah,Sharjah,Al Majaz,Apartment,2BR,73000,68000,6100,2.1,-0.4,4.29,3.17,92.8,7.2,19.0,237,905,6.3,400,55.1,80000,3.8,0.49,1700000,23.3,238
RENT004806,2026-02-01,2026,2,Q1,Sharjah,Sharjah,Al Majaz,Villa,3BR,134000,137000,11200,2.1,0.1,4.11,3.21,83.1,16.9,16.9,240,775,7.1,780,63.9,182000,4.26,-0.15,3250000,24.4,81
RENT004807,2026-02-01,2026,2,Q1,Sharjah,Sharjah,Al Nahda,Apartment,3BR,69000,71000,5800,2.1,-1.9,4.72,4.2,84.0,16.0,19.0,122,733,1.1,440,58.3,94000,5.12,-0.4,1450000,21.2,96
RENT004808,2026-02-01,2026,2,Q1,Sharjah,Sharjah,Al Nahda,Villa,3BR,177000,183000,14800,2.1,-1.7,3.9,3.02,89.2,10.8,18.2,13,518,3.7,660,56.6,136000,3.99,-0.09,4550000,25.7,190
RENT004795,2026-02-01,2026,2,Q1,Abu Dhabi,Abu Dhabi,Al Raha Beach,Apartment,2BR,150000,155000,12500,2.1,-1.5,5.32,4.63,79.7,20.3,17.9,11,508,5.0,960,76.6,268000,5.0,0.32,2800000,18.8,256
RENT004796,2026-02-01,2026,2,Q1,Abu Dhabi,Abu Dhabi,Al Raha Beach,Villa,Studio,402000,409000,33500,2.1,2.8,4.19,3.08,93.9,6.1,23.6,179,521,7.7,1660,62.9,381000,4.62,-0.43,9600000,23.9,259
RENT004801,2026-02-01,2026,2,Q1,Abu Dhabi,Abu Dhabi,Al Reef,Apartment,2BR,95000,89000,7900,2.1,-1.0,5.48,4.84,78.8,21.2,21.7,108,590,3.7,580,79.3,168000,5.49,-0.01,1750000,18.2,63
RENT004802,2026-02-01,2026,2,Q1,Abu Dhabi,Abu Dhabi,Al Reef,Villa,2BR,320000,322000,26700,2.1,-0.3,3.87,2.99,79.3,20.7,16.4,141,321,1.7,1970,82.8,595000,4.35,-0.48,8250000,25.8,125
RENT004789,2026-02-01,2026,2,Q1,Abu Dhabi,Abu Dhabi,Al Reem Island,Apartment,1BR,116000,112000,9700,2.1,0.9,4.59,3.76,90.6,9.4,12.3,38,445,5.2,580,69.3,147000,4.1,0.49,2550000,21.8,273
RENT004790,2026-02-01,2026,2,Q1,Abu Dhabi,Abu Dhabi,Al Reem Island,Villa,1BR,345000,348000,28800,2.1,3.5,4.63,3.75,95.7,4.3,16.1,101,647,3.4,1730,76.5,483000,4.86,-0.23,7450000,21.6,340
RENT004813,2026-02-01,2026,2,Q1,Sharjah,Sharjah,Al Taawun,Apartment,1BR,57000,53000,4800,2.1,0.8,5.96,5.3,82.6,17.4,23.5,189,1019,6.6,240,65.8,58000,5.83,0.13,950000,16.8,98
RENT004814,2026-02-01,2026,2,Q1,Sharjah,Sharjah,Al Taawun,Villa,3BR,181000,186000,15100,2.1,-1.4,4.73,3.76,80.0,20.0,21.4,160,214,6.6,1330,73.0,354000,4.39,0.34,3800000,21.1,84
RENT004769,2026-02-01,2026,2,Q1,Dubai,Dubai,Business Bay,Apartment,1BR,144000,147000,12000,2.1,-0.8,4.32,3.66,79.2,20.8,14.7,209,93,3.2,640,83.3,195000,4.18,0.14,3350000,23.2,162
RENT004770,2026-02-01,2026,2,Q1,Dubai,Dubai,Business Bay,Villa,2BR,256000,252000,21300,2.1,-0.8,6.22,5.66,92.8,7.2,22.6,107,97,4.9,1370,56.6,283000,6.43,-0.21,4100000,16.1,294
RENT004799,2026-02-01,2026,2,Q1,Abu Dhabi,Abu Dhabi,Corniche,Apartment,2BR,167000,164000,13900,2.1,3.1,5.86,4.71,80.5,19.5,17.8,160,808,2.9,670,68.4,167000,6.21,-0.35,2850000,17.1,173
RENT004800,2026-02-01,2026,2,Q1,Abu Dhabi,Abu Dhabi,Corniche,Villa,3BR,601000,565000,50100,2.1,-0.9,4.73,3.83,86.6,13.4,17.8,152,371,3.7,4050,83.2,1230000,4.72,0.01,12700000,21.1,99
RENT004779,2026-02-01,2026,2,Q1,Dubai,Dubai,Creek Harbour,Apartment,2BR,160000,167000,13300,2.1,3.0,4.78,4.14,91.2,8.8,11.9,66,332,5.1,730,61.0,163000,4.49,0.29,3350000,20.9,426
RENT004780,2026-02-01,2026,2,Q1,Dubai,Dubai,Creek Harbour,Villa,1BR,402000,380000,33500,2.1,3.3,5.38,4.86,94.1,5.9,17.7,237,705,4.8,2910,82.1,872000,5.14,0.24,7450000,18.6,510
RENT004781,2026-02-01,2026,2,Q1,Dubai,Dubai,DAMAC Hills,Apartment,3BR,120000,125000,10000,2.1,-0.7,4.52,3.32,90.6,9.4,18.9,41,482,1.7,760,78.3,217000,4.2,0.32,2650000,22.1,228
RENT004782,2026-02-01,2026,2,Q1,Dubai,Dubai,DAMAC Hills,Villa,1BR,311000,314000,25900,2.1,0.3,4.98,3.95,87.9,12.1,19.8,30,725,7.7,1260,87.7,403000,4.69,0.29,6250000,20.1,555
RENT004761,2026-02-01,2026,2,Q1,Dubai,Dubai,Downtown Dubai,Apartment,3BR,179000,180000,14900,2.1,1.6,4.43,3.44,84.4,15.6,10.8,184,472,12.3,790,77.9,225000,4.42,0.01,4050000,22.6,296
RENT004762,2026-02-01,2026,2,Q1,Dubai,Dubai,Downtown Dubai,Villa,1BR,365000,383000,30400,2.1,0.6,5.75,4.92,91.8,8.2,15.0,140,876,12.2,2410,72.8,640000,6.2,-0.45,6350000,17.4,543
RENT004767,2026-02-01,2026,2,Q1,Dubai,Dubai,Dubai Hills Estate,Apartment,4BR,194000,192000,16200,2.1,-1.4,6.19,5.1,78.2,21.8,15.3,168,323,3.5,1260,75.8,349000,6.04,0.15,3150000,16.1,122
RENT004768,2026-02-01,2026,2,Q1,Dubai,Dubai,Dubai Hills Estate,Villa,2BR,338000,320000,28200,2.1,0.3,4.66,4.15,90.5,9.5,22.9,134,767,3.8,1310,75.0,359000,4.92,-0.26,7250000,21.5,190
RENT004763,2026-02-01,2026,2,Q1,Dubai,Dubai,Dubai Marina,Apartment,3BR,151000,143000,12600,2.1,-1.7,5.64,4.81,92.8,7.2,23.4,225,58,16.3,880,63.1,203000,5.82,-0.18,2700000,17.7,498
RENT004764,2026-02-01,2026,2,Q1,Dubai,Dubai,Dubai Marina,Villa,Studio,484000,478000,40300,2.1,1.9,4.88,3.77,90.9,9.1,20.3,100,434,11.1,2060,73.4,552000,5.34,-0.46,9900000,20.5,225
RENT004783,2026-02-01,2026,2,Q1,Dubai,Dubai,Dubai South,Apartment,2BR,98000,94000,8200,2.1,3.2,4.75,3.81,96.7,3.3,12.6,197,648,3.2,590,70.3,151000,4.98,-0.23,2050000,21.1,302
RENT004784,2026-02-01,2026,2,Q1,Dubai,Dubai,Dubai South,Villa,3BR,313000,323000,26100,2.1,2.4,4.67,3.67,86.4,13.6,12.5,118,643,3.2,1830,80.4,537000,4.56,0.11,6700000,21.4,165
RENT004777,2026-02-01,2026,2,Q1,Dubai,Dubai,JBR,Apartment,2BR,177000,175000,14800,2.1,-2.2,6.11,4.94,81.2,18.8,18.3,12,1115,9.7,1020,67.9,253000,6.28,-0.17,2900000,16.4,244
RENT004778,2026-02-01,2026,2,Q1,Dubai,Dubai,JBR,Villa,3BR,451000,446000,37600,2.1,-1.7,5.62,4.99,93.2,6.8,11.6,111,1037,16.5,2990,87.9,959000,6.06,-0.44,8000000,17.8,275
RENT004771,2026-02-01,2026,2,Q1,Dubai,Dubai,JVC,Apartment,4BR,98000,101000,8200,2.1,0.1,5.9,5.22,81.7,18.3,15.0,140,895,7.4,530,69.9,135000,5.57,0.33,1650000,16.9,153
RENT004772,2026-02-01,2026,2,Q1,Dubai,Dubai,JVC,Villa,1BR,186000,179000,15500,2.1,2.4,3.9,3.11,84.2,15.8,15.3,158,684,3.6,670,76.1,186000,3.88,0.02,4750000,25.6,375
RENT004797,2026-02-01,2026,2,Q1,Abu Dhabi,Abu Dhabi,Khalifa City,Apartment,1BR,115000,109000,9600,2.1,2.7,4.24,3.04,85.8,14.2,22.4,201,922,6.9,730,83.7,223000,3.98,0.26,2700000,23.6,175
RENT004798,2026-02-01,2026,2,Q1,Abu Dhabi,Abu Dhabi,Khalifa City,Villa,2BR,311000,321000,25900,2.1,-2.0,4.29,3.52,93.5,6.5,13.2,170,547,3.0,1410,82.1,423000,4.09,0.2,7250000,23.3,172
RENT004773,2026-02-01,2026,2,Q1,Dubai,Dubai,MBR City,Apartment,1BR,215000,198000,17900,2.1,-1.6,4.72,3.71,90.9,9.1,10.5,224,1087,1.3,1170,75.0,320000,4.84,-0.12,4550000,21.2,309
RENT004774,2026-02-01,2026,2,Q1,Dubai,Dubai,MBR City,Villa,Studio,629000,624000,52400,2.1,3.3,5.51,5.01,87.9,12.1,14.9,77,645,1.1,3990,87.4,1273000,5.94,-0.43,11400000,18.1,397
RENT004803,2026-02-01,2026,2,Q1,Abu Dhabi,Abu Dhabi,Masdar City,Apartment,1BR,93000,89000,7800,2.1,-2.0,4.53,3.98,88.1,11.9,22.0,207,1108,4.4,420,55.1,84000,4.87,-0.34,2050000,22.1,304
RENT004804,2026-02-01,2026,2,Q1,Abu Dhabi,Abu Dhabi,Masdar City,Villa,3BR,215000,221000,17900,2.1,1.4,4.79,4.06,92.9,7.1,23.2,143,628,6.4,910,79.1,263000,4.4,0.39,4500000,20.9,114
RENT004785,2026-02-01,2026,2,Q1,Dubai,Dubai,Meydan,Apartment,4BR,158000,163000,13200,2.1,0.0,5.07,4.52,89.8,10.2,18.4,132,104,1.4,900,75.3,247000,5.45,-0.38,3100000,19.7,459
RENT004786,2026-02-01,2026,2,Q1,Dubai,Dubai,Meydan,Villa,Studio,355000,355000,29600,2.1,-1.6,6.22,5.53,94.9,5.1,10.6,209,389,5.4,1890,81.5,562000,6.58,-0.36,5700000,16.1,531
RENT004809,2026-02-01,2026,2,Q1,Sharjah,Sharjah,Muwaileh,Apartment,2BR,59000,57000,4900,2.1,1.9,5.61,5.01,86.8,13.2,20.3,166,784,1.9,330,77.3,93000,6.09,-0.48,1050000,17.8,59
RENT004810,2026-02-01,2026,2,Q1,Sharjah,Sharjah,Muwaileh,Villa,2BR,146000,138000,12200,2.1,-0.6,4.33,3.66,88.2,11.8,23.2,139,860,1.2,920,82.1,276000,4.55,-0.22,3350000,23.1,97
RENT004765,2026-02-01,2026,2,Q1,Dubai,Dubai,Palm Jumeirah,Apartment,Studio,325000,337000,27100,2.1,-2.0,6.12,5.39,81.8,18.2,18.1,21,522,16.7,1600,75.5,441000,6.37,-0.25,5300000,16.3,361
RENT004766,2026-02-01,2026,2,Q1,Dubai,Dubai,Palm Jumeirah,Villa,3BR,869000,862000,72400,2.1,-0.3,4.05,2.91,86.0,14.0,16.1,125,1090,10.3,5140,70.6,1325000,4.4,-0.35,21450000,24.7,589
RENT004791,2026-02-01,2026,2,Q1,Abu Dhabi,Abu Dhabi,Saadiyat Island,Apartment,1BR,234000,233000,19500,2.1,3.2,5.4,4.46,93.2,6.8,11.7,19,643,17.2,1230,60.1,270000,5.55,-0.15,4350000,18.5,167
RENT004792,2026-02-01,2026,2,Q1,Abu Dhabi,Abu Dhabi,Saadiyat Island,Villa,3BR,766000,784000,63800,2.1,0.3,4.42,3.89,95.1,4.9,18.8,137,323,18.4,2930,77.0,823000,4.21,0.21,17300000,22.6,358
RENT004787,2026-02-01,2026,2,Q1,Dubai,Dubai,Sports City,Apartment,1BR,91000,90000,7600,2.1,-0.1,4.71,3.64,82.4,17.6,17.9,56,331,6.9,590,87.2,188000,4.3,0.41,1950000,21.2,492
RENT004788,2026-02-01,2026,2,Q1,Dubai,Dubai,Sports City,Villa,2BR,178000,179000,14800,2.1,-1.0,4.91,3.95,84.6,15.4,21.2,121,916,2.8,1300,82.2,390000,4.8,0.11,3650000,20.4,248
RENT004793,2026-02-01,2026,2,Q1,Abu Dhabi,Abu Dhabi,Yas Island,Apartment,4BR,130000,124000,10800,2.1,-0.0,5.14,4.09,85.7,14.3,14.8,166,356,9.9,660,66.2,159000,5.55,-0.41,2550000,19.4,246
RENT004794,2026-02-01,2026,2,Q1,Abu Dhabi,Abu Dhabi,Yas Island,Villa,2BR,431000,422000,35900,2.1,-0.7,5.13,4.07,88.5,11.5,15.5,98,678,15.2,1790,55.5,363000,4.67,0.46,8400000,19.5,195
RENT004831,2026-03-01,2026,3,Q1,Dubai,Dubai,Al Furjan,Apartment,1BR,120000,115000,10000,2.1,2.1,4.66,3.72,83.1,16.9,14.7,51,1055,6.1,730,77.0,205000,5.1,-0.44,2550000,21.4,270
RENT004832,2026-03-01,2026,3,Q1,Dubai,Dubai,Al Furjan,Villa,2BR,207000,207000,17200,2.1,-1.2,4.54,3.67,89.6,10.4,15.9,37,1011,7.9,810,84.0,248000,4.81,-0.27,4550000,22.0,159
RENT004871,2026-03-01,2026,3,Q1,Ras Al Khaimah,Ras Al Khaimah,Al Hamra Village,Apartment,1BR,94000,91000,7800,2.1,-1.7,5.83,5.3,91.9,8.1,23.6,216,323,1.6,360,86.3,113000,6.13,-0.3,1600000,17.2,34
RENT004872,2026-03-01,2026,3,Q1,Ras Al Khaimah,Ras Al Khaimah,Al Hamra Village,Villa,Studio,291000,294000,24200,2.1,2.1,3.87,2.94,92.7,7.3,19.0,53,870,3.5,2010,80.2,588000,3.49,0.38,7500000,25.8,32
RENT004867,2026-03-01,2026,3,Q1,Sharjah,Sharjah,Al Khan,Apartment,2BR,71000,74000,5900,2.1,-1.1,5.99,4.8,91.2,8.8,18.5,87,746,4.8,310,79.9,90000,5.67,0.32,1200000,16.7,39
RENT004868,2026-03-01,2026,3,Q1,Sharjah,Sharjah,Al Khan,Villa,2BR,142000,146000,11800,2.1,1.3,4.33,3.55,90.5,9.5,22.3,63,1095,6.9,780,78.7,224000,4.52,-0.19,3300000,23.1,146
RENT004861,2026-03-01,2026,3,Q1,Sharjah,Sharjah,Al Majaz,Apartment,4BR,77000,73000,6400,2.1,3.3,5.46,4.79,96.6,3.4,22.7,215,195,3.9,350,66.3,85000,5.11,0.35,1400000,18.3,208
RENT004862,2026-03-01,2026,3,Q1,Sharjah,Sharjah,Al Majaz,Villa,1BR,275000,271000,22900,2.1,2.0,3.97,3.23,81.2,18.8,14.4,158,539,7.2,1030,57.0,214000,3.82,0.15,6900000,25.2,176
RENT004863,2026-03-01,2026,3,Q1,Sharjah,Sharjah,Al Nahda,Apartment,2BR,71000,69000,5900,2.1,0.4,4.81,3.93,82.6,17.4,17.5,202,251,2.7,300,60.3,66000,4.57,0.24,1500000,20.8,178
RENT004864,2026-03-01,2026,3,Q1,Sharjah,Sharjah,Al Nahda,Villa,4BR,175000,169000,14600,2.1,-2.1,4.92,3.92,86.9,13.1,21.8,16,224,4.3,1040,79.1,300000,4.92,0.0,3550000,20.3,139
RENT004851,2026-03-01,2026,3,Q1,Abu Dhabi,Abu Dhabi,Al Raha Beach,Apartment,2BR,156000,149000,13000,2.1,0.9,3.94,3.24,84.8,15.2,12.4,249,1010,1.5,600,60.1,132000,4.26,-0.32,3950000,25.4,189
RENT004852,2026-03-01,2026,3,Q1,Abu Dhabi,Abu Dhabi,Al Raha Beach,Villa,2BR,370000,357000,30800,2.1,-0.1,3.97,3.11,85.2,14.8,23.6,42,528,7.6,1960,67.1,480000,4.17,-0.2,9350000,25.2,282
RENT004857,2026-03-01,2026,3,Q1,Abu Dhabi,Abu Dhabi,Al Reef,Apartment,4BR,95000,94000,7900,2.1,-0.0,4.42,3.76,82.9,17.1,11.3,217,245,2.5,580,79.9,169000,4.69,-0.27,2150000,22.6,119
RENT004858,2026-03-01,2026,3,Q1,Abu Dhabi,Abu Dhabi,Al Reef,Villa,3BR,365000,376000,30400,2.1,-1.3,5.44,4.28,97.0,3.0,23.6,210,759,6.8,2620,65.0,622000,5.23,0.21,6700000,18.4,256
RENT004845,2026-03-01,2026,3,Q1,Abu Dhabi,Abu Dhabi,Al Reem Island,Apartment,2BR,112000,107000,9300,2.1,0.4,4.07,2.97,94.6,5.4,12.7,194,842,3.3,810,55.6,164000,3.93,0.14,2750000,24.6,224
RENT004846,2026-03-01,2026,3,Q1,Abu Dhabi,Abu Dhabi,Al Reem Island,Villa,4BR,239000,242000,19900,2.1,-1.6,4.16,3.13,91.6,8.4,18.6,71,1148,2.7,1050,64.8,248000,3.76,0.4,5750000,24.0,337
RENT004869,2026-03-01,2026,3,Q1,Sharjah,Sharjah,Al Taawun,Apartment,2BR,68000,71000,5700,2.1,-1.8,5.73,5.08,89.3,10.7,15.5,146,696,2.8,360,64.0,84000,6.17,-0.44,1200000,17.4,64
RENT004870,2026-03-01,2026,3,Q1,Sharjah,Sharjah,Al Taawun,Villa,1BR,182000,189000,15200,2.1,0.1,4.05,3.37,79.1,20.9,14.0,228,283,5.9,660,64.7,156000,3.69,0.36,4500000,24.7,233
RENT004825,2026-03-01,2026,3,Q1,Dubai,Dubai,Business Bay,Apartment,4BR,147000,145000,12200,2.1,-1.8,5.33,4.56,82.9,17.1,13.7,94,646,6.8,710,72.5,188000,5.42,-0.09,2750000,18.7,332
RENT004826,2026-03-01,2026,3,Q1,Dubai,Dubai,Business Bay,Villa,3BR,301000,291000,25100,2.1,-0.8,6.08,5.2,96.0,4.0,14.3,231,325,2.0,1510,61.1,337000,6.51,-0.43,4950000,16.4,100
RENT004855,2026-03-01,2026,3,Q1,Abu Dhabi,Abu Dhabi,Corniche,Apartment,Studio,180000,167000,15000,2.1,1.8,6.24,5.06,88.0,12.0,19.3,224,1038,7.1,800,77.7,227000,6.25,-0.01,2900000,16.0,124
RENT004856,2026-03-01,2026,3,Q1,Abu Dhabi,Abu Dhabi,Corniche,Villa,1BR,499000,516000,41600,2.1,-0.8,4.53,3.72,96.1,3.9,17.6,127,402,6.3,2080,74.5,566000,4.45,0.08,11000000,22.1,305
RENT004835,2026-03-01,2026,3,Q1,Dubai,Dubai,Creek Harbour,Apartment,1BR,151000,146000,12600,2.1,-0.4,5.26,4.71,96.9,3.1,22.7,178,492,5.9,1080,61.0,240000,5.07,0.19,2850000,19.0,118
RENT004836,2026-03-01,2026,3,Q1,Dubai,Dubai,Creek Harbour,Villa,Studio,404000,400000,33700,2.1,-1.9,4.16,3.56,95.9,4.1,20.3,227,50,5.1,1570,78.5,450000,4.29,-0.13,9700000,24.0,221
RENT004837,2026-03-01,2026,3,Q1,Dubai,Dubai,DAMAC Hills,Apartment,5BR+,132000,137000,11000,2.1,-1.1,4.86,3.75,85.7,14.3,14.8,201,320,6.5,910,61.4,204000,4.5,0.36,2700000,20.6,346
RENT004838,2026-03-01,2026,3,Q1,Dubai,Dubai,DAMAC Hills,Villa,3BR,306000,297000,25500,2.1,2.8,5.16,4.15,81.7,18.3,22.5,63,913,1.7,2220,72.0,583000,5.64,-0.48,5950000,19.4,534
RENT004817,2026-03-01,2026,3,Q1,Dubai,Dubai,Downtown Dubai,Apartment,1BR,180000,181000,15000,2.1,0.6,4.14,3.39,89.4,10.6,19.0,14,83,17.3,1100,60.0,241000,3.93,0.21,4350000,24.2,192
RENT004818,2026-03-01,2026,3,Q1,Dubai,Dubai,Downtown Dubai,Villa,3BR,540000,531000,45000,2.1,0.5,4.25,3.61,81.3,18.7,17.3,247,1154,8.9,2690,68.2,670000,4.46,-0.21,12700000,23.5,270
RENT004823,2026-03-01,2026,3,Q1,Dubai,Dubai,Dubai Hills Estate,Apartment,1BR,197000,197000,16400,2.1,0.5,4.35,3.42,94.8,5.2,15.5,15,525,7.6,1390,66.1,335000,4.21,0.14,4550000,23.0,254
RENT004824,2026-03-01,2026,3,Q1,Dubai,Dubai,Dubai Hills Estate,Villa,1BR,450000,468000,37500,2.1,0.4,3.9,2.77,78.4,21.6,10.9,185,498,3.7,2460,78.8,708000,4.03,-0.13,11550000,25.6,229
RENT004819,2026-03-01,2026,3,Q1,Dubai,Dubai,Dubai Marina,Apartment,Studio,156000,145000,13000,2.1,2.0,5.55,4.44,92.6,7.4,23.8,11,619,8.1,1120,62.6,256000,5.92,-0.37,2800000,18.0,124
RENT004820,2026-03-01,2026,3,Q1,Dubai,Dubai,Dubai Marina,Villa,3BR,360000,357000,30000,2.1,-2.4,4.19,3.01,82.9,17.1,21.6,28,943,19.0,2550,62.1,578000,3.84,0.35,8600000,23.8,429
RENT004839,2026-03-01,2026,3,Q1,Dubai,Dubai,Dubai South,Apartment,Studio,99000,103000,8200,2.1,1.6,5.21,4.58,83.3,16.7,18.0,148,532,4.2,500,79.3,145000,4.93,0.28,1900000,19.2,234
RENT004840,2026-03-01,2026,3,Q1,Dubai,Dubai,Dubai South,Villa,3BR,326000,327000,27200,2.1,2.8,4.79,4.15,94.5,5.5,11.9,14,488,4.5,1370,71.6,358000,4.38,0.41,6800000,20.9,267
RENT004833,2026-03-01,2026,3,Q1,Dubai,Dubai,JBR,Apartment,1BR,179000,171000,14900,2.1,-1.9,4.14,2.96,87.3,12.7,15.1,18,477,17.7,940,63.0,216000,4.41,-0.27,4300000,24.1,155
RENT004834,2026-03-01,2026,3,Q1,Dubai,Dubai,JBR,Villa,Studio,483000,498000,40200,2.1,-0.1,4.44,3.26,94.6,5.4,18.3,222,347,8.0,3510,77.4,992000,4.37,0.07,10850000,22.5,561
RENT004827,2026-03-01,2026,3,Q1,Dubai,Dubai,JVC,Apartment,2BR,106000,98000,8800,2.1,-1.9,4.04,3.25,92.4,7.6,14.9,42,713,3.2,420,64.6,99000,4.41,-0.37,2600000,24.8,204
RENT004828,2026-03-01,2026,3,Q1,Dubai,Dubai,JVC,Villa,5BR+,205000,204000,17100,2.1,0.2,4.99,4.27,94.1,5.9,22.2,177,170,2.6,880,66.4,213000,4.61,0.38,4100000,20.1,559
RENT004853,2026-03-01,2026,3,Q1,Abu Dhabi,Abu Dhabi,Khalifa City,Apartment,2BR,104000,100000,8700,2.1,-0.3,4.59,3.53,82.2,17.8,21.8,212,589,3.3,560,82.5,169000,4.29,0.3,2250000,21.8,128
RENT004854,2026-03-01,2026,3,Q1,Abu Dhabi,Abu Dhabi,Khalifa City,Villa,4BR,265000,254000,22100,2.1,0.6,5.59,4.79,83.5,16.5,11.0,76,481,8.0,1560,64.9,370000,5.61,-0.02,4750000,17.9,149
RENT004829,2026-03-01,2026,3,Q1,Dubai,Dubai,MBR City,Apartment,1BR,225000,221000,18800,2.1,0.1,5.11,4.22,89.8,10.2,14.4,28,1111,1.1,1370,76.9,385000,4.88,0.23,4400000,19.6,548
RENT004830,2026-03-01,2026,3,Q1,Dubai,Dubai,MBR City,Villa,5BR+,730000,702000,60800,2.1,-2.5,6.18,5.64,89.7,10.3,14.6,14,311,6.1,2700,62.1,612000,6.5,-0.32,11800000,16.2,236
RENT004859,2026-03-01,2026,3,Q1,Abu Dhabi,Abu Dhabi,Masdar City,Apartment,2BR,98000,91000,8200,2.1,2.4,4.53,3.74,91.7,8.3,22.4,24,257,6.1,410,57.2,86000,4.35,0.18,2150000,22.1,109
RENT004860,2026-03-01,2026,3,Q1,Abu Dhabi,Abu Dhabi,Masdar City,Villa,Studio,259000,256000,21600,2.1,-2.2,4.71,3.56,95.4,4.6,19.2,37,411,2.7,1040,72.1,274000,5.11,-0.4,5500000,21.2,198
RENT004841,2026-03-01,2026,3,Q1,Dubai,Dubai,Meydan,Apartment,2BR,151000,141000,12600,2.1,1.6,4.41,3.62,78.7,21.3,17.6,132,761,4.1,810,66.2,196000,4.42,-0.01,3450000,22.7,507
RENT004842,2026-03-01,2026,3,Q1,Dubai,Dubai,Meydan,Villa,1BR,456000,462000,38000,2.1,1.1,5.49,4.63,95.1,4.9,17.3,117,403,3.9,2940,85.2,914000,5.5,-0.01,8300000,18.2,433
RENT004865,2026-03-01,2026,3,Q1,Sharjah,Sharjah,Muwaileh,Apartment,3BR,56000,53000,4700,2.1,3.0,3.89,3.12,82.9,17.1,13.8,123,500,3.1,310,60.3,68000,4.38,-0.49,1450000,25.7,218
RENT004866,2026-03-01,2026,3,Q1,Sharjah,Sharjah,Muwaileh,Villa,2BR,207000,195000,17200,2.1,1.4,4.03,3.4,84.3,15.7,19.6,239,78,3.5,1310,61.5,294000,4.45,-0.42,5150000,24.8,128
RENT004821,2026-03-01,2026,3,Q1,Dubai,Dubai,Palm Jumeirah,Apartment,4BR,294000,297000,24500,2.1,-2.0,5.2,4.63,86.3,13.7,17.2,152,678,14.9,1210,59.6,263000,4.87,0.33,5650000,19.2,102
RENT004822,2026-03-01,2026,3,Q1,Dubai,Dubai,Palm Jumeirah,Villa,2BR,1173000,1217000,97800,2.1,0.8,4.8,4.12,89.6,10.4,18.4,64,649,6.2,5660,56.8,1173000,4.8,0.0,24450000,20.9,310
RENT004847,2026-03-01,2026,3,Q1,Abu Dhabi,Abu Dhabi,Saadiyat Island,Apartment,Studio,242000,239000,20200,2.1,1.9,5.24,4.33,93.1,6.9,15.4,235,229,13.0,870,59.5,189000,5.32,-0.08,4600000,19.1,95
RENT004848,2026-03-01,2026,3,Q1,Abu Dhabi,Abu Dhabi,Saadiyat Island,Villa,2BR,643000,656000,53600,2.1,1.0,5.32,4.78,79.4,20.6,12.2,99,891,16.3,2990,76.8,838000,5.23,0.09,12100000,18.8,322
RENT004843,2026-03-01,2026,3,Q1,Dubai,Dubai,Sports City,Apartment,2BR,91000,91000,7600,2.1,-2.1,4.45,3.91,84.7,15.3,12.2,212,836,1.5,590,66.9,144000,4.04,0.41,2050000,22.4,194
RENT004844,2026-03-01,2026,3,Q1,Dubai,Dubai,Sports City,Villa,Studio,233000,237000,19400,2.1,1.4,3.85,3.03,86.5,13.5,18.6,92,99,6.3,1560,62.7,357000,3.91,-0.06,6050000,26.0,440
RENT004849,2026-03-01,2026,3,Q1,Abu Dhabi,Abu Dhabi,Yas Island,Apartment,2BR,131000,136000,10900,2.1,-2.5,4.34,3.24,78.2,21.8,13.2,194,547,10.3,850,69.6,216000,4.18,0.16,3000000,23.1,266
RENT004850,2026-03-01,2026,3,Q1,Abu Dhabi,Abu Dhabi,Yas Island,Villa,2BR,318000,303000,26500,2.1,-1.0,4.24,3.48,88.6,11.4,21.1,186,1015,15.6,1750,82.0,524000,4.71,-0.47,7500000,23.6,91
RENT004887,2026-04-01,2026,4,Q2,Dubai,Dubai,Al Furjan,Apartment,2BR,118000,121000,9800,2.1,0.3,4.24,3.13,87.3,12.7,21.9,170,944,6.0,640,80.5,188000,3.81,0.43,2800000,23.6,579
RENT004888,2026-04-01,2026,4,Q2,Dubai,Dubai,Al Furjan,Villa,2BR,383000,354000,31900,2.1,-0.1,4.06,2.92,83.8,16.2,14.5,206,609,6.4,1760,74.0,475000,4.02,0.04,9400000,24.6,144
RENT004927,2026-04-01,2026,4,Q2,Ras Al Khaimah,Ras Al Khaimah,Al Hamra Village,Apartment,Studio,92000,89000,7700,2.1,2.4,4.07,3.43,89.9,10.1,18.3,237,105,7.3,350,87.0,111000,4.31,-0.24,2250000,24.5,97
RENT004928,2026-04-01,2026,4,Q2,Ras Al Khaimah,Ras Al Khaimah,Al Hamra Village,Villa,2BR,171000,160000,14200,2.1,0.5,4.98,4.43,79.5,20.5,13.9,99,1145,2.2,910,57.5,191000,4.72,0.26,3450000,20.1,107
RENT004923,2026-04-01,2026,4,Q2,Sharjah,Sharjah,Al Khan,Apartment,3BR,77000,75000,6400,2.1,-1.7,4.25,3.27,84.6,15.4,12.3,130,1164,3.7,280,65.0,66000,4.74,-0.49,1800000,23.5,223
RENT004924,2026-04-01,2026,4,Q2,Sharjah,Sharjah,Al Khan,Villa,Studio,208000,214000,17300,2.1,3.1,4.85,4.19,93.2,6.8,12.9,74,170,5.4,1390,73.4,372000,4.91,-0.06,4300000,20.6,122
RENT004917,2026-04-01,2026,4,Q2,Sharjah,Sharjah,Al Majaz,Apartment,Studio,78000,74000,6500,2.1,-0.5,4.99,3.87,90.7,9.3,11.2,231,515,2.3,360,84.9,112000,5.11,-0.12,1550000,20.1,72
RENT004918,2026-04-01,2026,4,Q2,Sharjah,Sharjah,Al Majaz,Villa,2BR,214000,215000,17800,2.1,2.2,5.39,4.61,90.4,9.6,14.5,159,801,3.8,1210,65.7,290000,5.77,-0.38,3950000,18.6,202
RENT004919,2026-04-01,2026,4,Q2,Sharjah,Sharjah,Al Nahda,Apartment,2BR,65000,65000,5400,2.1,0.7,4.2,3.56,84.5,15.5,20.4,73,1098,4.9,450,77.8,128000,3.93,0.27,1550000,23.8,118
RENT004920,2026-04-01,2026,4,Q2,Sharjah,Sharjah,Al Nahda,Villa,1BR,154000,157000,12800,2.1,3.5,4.68,3.96,96.4,3.6,21.5,167,387,6.9,1110,79.3,321000,4.22,0.46,3300000,21.4,206
RENT004907,2026-04-01,2026,4,Q2,Abu Dhabi,Abu Dhabi,Al Raha Beach,Apartment,4BR,159000,152000,13200,2.1,-2.2,5.92,5.21,82.8,17.2,17.1,220,877,5.3,1170,74.6,319000,6.36,-0.44,2700000,16.9,264
RENT004908,2026-04-01,2026,4,Q2,Abu Dhabi,Abu Dhabi,Al Raha Beach,Villa,1BR,474000,442000,39500,2.1,1.9,4.2,3.26,79.8,20.2,12.7,182,1053,6.7,1940,59.1,418000,4.4,-0.2,11300000,23.8,166
RENT004913,2026-04-01,2026,4,Q2,Abu Dhabi,Abu Dhabi,Al Reef,Apartment,1BR,108000,112000,9000,2.1,-1.3,5.19,4.5,94.0,6.0,14.0,179,147,1.2,660,85.7,206000,4.85,0.34,2100000,19.3,79
RENT004914,2026-04-01,2026,4,Q2,Abu Dhabi,Abu Dhabi,Al Reef,Villa,Studio,343000,322000,28600,2.1,-1.3,3.89,3.14,80.1,19.9,13.1,11,740,3.7,1750,86.5,553000,4.08,-0.19,8850000,25.7,317
RENT004901,2026-04-01,2026,4,Q2,Abu Dhabi,Abu Dhabi,Al Reem Island,Apartment,5BR+,118000,122000,9800,2.1,3.4,4.21,3.36,79.4,20.6,18.3,171,95,1.2,630,86.4,199000,3.73,0.48,2800000,23.8,248
RENT004902,2026-04-01,2026,4,Q2,Abu Dhabi,Abu Dhabi,Al Reem Island,Villa,2BR,344000,347000,28700,2.1,1.9,4.68,4.16,93.8,6.2,16.3,102,231,3.6,1580,73.4,423000,4.88,-0.2,7350000,21.4,271
RENT004925,2026-04-01,2026,4,Q2,Sharjah,Sharjah,Al Taawun,Apartment,Studio,59000,62000,4900,2.1,-1.3,5.12,4.0,81.9,18.1,21.6,173,792,5.6,290,78.1,83000,5.5,-0.38,1150000,19.5,140
RENT004926,2026-04-01,2026,4,Q2,Sharjah,Sharjah,Al Taawun,Villa,2BR,156000,160000,13000,2.1,-0.8,4.0,2.96,80.1,19.9,21.8,142,649,1.8,720,57.1,150000,3.74,0.26,3900000,25.0,164
RENT004881,2026-04-01,2026,4,Q2,Dubai,Dubai,Business Bay,Apartment,2BR,142000,147000,11800,2.1,0.4,5.91,5.02,93.5,6.5,17.8,199,384,2.4,810,55.7,165000,5.49,0.42,2400000,16.9,123
RENT004882,2026-04-01,2026,4,Q2,Dubai,Dubai,Business Bay,Villa,5BR+,376000,380000,31300,2.1,-1.9,5.45,4.54,79.1,20.9,22.3,227,834,5.9,1410,87.7,451000,5.34,0.11,6900000,18.4,132
RENT004911,2026-04-01,2026,4,Q2,Abu Dhabi,Abu Dhabi,Corniche,Apartment,3BR,185000,171000,15400,2.1,1.2,4.98,4.3,91.6,8.4,22.7,214,476,5.6,1030,72.6,273000,4.61,0.37,3700000,20.1,267
RENT004912,2026-04-01,2026,4,Q2,Abu Dhabi,Abu Dhabi,Corniche,Villa,2BR,326000,314000,27200,2.1,-1.1,5.9,4.91,83.1,16.9,23.7,195,377,5.3,1700,83.0,515000,5.49,0.41,5500000,16.9,280
RENT004891,2026-04-01,2026,4,Q2,Dubai,Dubai,Creek Harbour,Apartment,1BR,168000,171000,14000,2.1,0.9,3.88,2.86,85.9,14.1,22.0,188,377,6.7,1180,69.8,301000,3.92,-0.04,4350000,25.8,525
RENT004892,2026-04-01,2026,4,Q2,Dubai,Dubai,Creek Harbour,Villa,1BR,502000,501000,41800,2.1,3.2,5.94,4.96,93.2,6.8,11.8,171,199,7.5,3210,64.8,759000,5.74,0.2,8450000,16.8,264
RENT004893,2026-04-01,2026,4,Q2,Dubai,Dubai,DAMAC Hills,Apartment,2BR,126000,125000,10500,2.1,0.6,4.31,3.17,84.2,15.8,12.6,38,1016,2.7,560,72.7,149000,4.37,-0.06,2900000,23.2,393
RENT004894,2026-04-01,2026,4,Q2,Dubai,Dubai,DAMAC Hills,Villa,1BR,386000,378000,32200,2.1,-0.9,3.92,3.02,96.9,3.1,10.3,217,1175,2.2,2810,69.8,716000,3.97,-0.05,9850000,25.5,577
RENT004873,2026-04-01,2026,4,Q2,Dubai,Dubai,Downtown Dubai,Apartment,1BR,196000,188000,16300,2.1,3.3,5.95,5.42,79.8,20.2,15.3,83,175,12.2,1140,76.4,318000,5.56,0.39,3300000,16.8,526
RENT004874,2026-04-01,2026,4,Q2,Dubai,Dubai,Downtown Dubai,Villa,Studio,464000,460000,38700,2.1,0.8,5.84,5.07,83.1,16.9,15.6,117,355,8.9,3020,84.0,926000,6.18,-0.34,7950000,17.1,222
RENT004879,2026-04-01,2026,4,Q2,Dubai,Dubai,Dubai Hills Estate,Apartment,4BR,201000,210000,16800,2.1,3.1,6.13,4.98,78.2,21.8,19.9,170,55,2.7,950,75.5,262000,6.45,-0.32,3300000,16.3,424
RENT004880,2026-04-01,2026,4,Q2,Dubai,Dubai,Dubai Hills Estate,Villa,2BR,393000,372000,32800,2.1,1.7,4.25,3.05,93.0,7.0,17.5,224,789,7.4,2550,65.7,612000,4.12,0.13,9250000,23.5,525
RENT004875,2026-04-01,2026,4,Q2,Dubai,Dubai,Dubai Marina,Apartment,2BR,166000,167000,13800,2.1,-1.6,5.35,4.56,78.8,21.2,18.5,54,829,16.4,720,73.8,194000,5.55,-0.2,3100000,18.7,109
RENT004876,2026-04-01,2026,4,Q2,Dubai,Dubai,Dubai Marina,Villa,2BR,592000,549000,49300,2.1,2.5,4.17,3.43,94.1,5.9,13.9,14,644,6.0,2510,84.2,771000,3.98,0.19,14200000,24.0,420
RENT004895,2026-04-01,2026,4,Q2,Dubai,Dubai,Dubai South,Apartment,2BR,95000,90000,7900,2.1,-0.3,4.44,3.82,84.1,15.9,18.3,50,134,4.8,500,67.1,122000,4.7,-0.26,2150000,22.5,201
RENT004896,2026-04-01,2026,4,Q2,Dubai,Dubai,Dubai South,Villa,4BR,256000,240000,21300,2.1,-0.3,4.72,3.96,86.4,13.6,19.1,117,415,1.3,1000,61.5,224000,4.8,-0.08,5450000,21.2,494
RENT004889,2026-04-01,2026,4,Q2,Dubai,Dubai,JBR,Apartment,2BR,186000,182000,15500,2.1,2.3,5.21,4.2,95.5,4.5,17.3,171,980,12.7,1190,64.0,278000,5.04,0.17,3550000,19.2,426
RENT004890,2026-04-01,2026,4,Q2,Dubai,Dubai,JBR,Villa,3BR,427000,423000,35600,2.1,-0.6,4.72,3.83,93.2,6.8,22.6,20,696,9.2,2840,81.5,845000,4.34,0.38,9050000,21.2,525
RENT004883,2026-04-01,2026,4,Q2,Dubai,Dubai,JVC,Apartment,Studio,107000,106000,8900,2.1,3.3,3.86,2.9,83.7,16.3,12.8,96,598,7.9,550,80.8,162000,3.52,0.34,2750000,25.9,448
RENT004884,2026-04-01,2026,4,Q2,Dubai,Dubai,JVC,Villa,2BR,297000,300000,24800,2.1,0.7,5.78,4.92,83.9,16.1,18.8,132,325,7.9,1450,80.1,424000,5.31,0.47,5150000,17.3,478
RENT004909,2026-04-01,2026,4,Q2,Abu Dhabi,Abu Dhabi,Khalifa City,Apartment,Studio,112000,106000,9300,2.1,-1.6,3.97,3.09,89.8,10.2,19.7,86,976,1.2,610,74.7,166000,3.54,0.43,2800000,25.2,292
RENT004910,2026-04-01,2026,4,Q2,Abu Dhabi,Abu Dhabi,Khalifa City,Villa,3BR,266000,277000,22200,2.1,-1.6,4.28,3.28,93.3,6.7,11.5,69,982,3.8,1430,58.1,303000,3.93,0.35,6200000,23.4,254
RENT004885,2026-04-01,2026,4,Q2,Dubai,Dubai,MBR City,Apartment,Studio,209000,218000,17400,2.1,-0.3,5.07,4.18,83.7,16.3,15.0,110,1090,5.5,1430,70.0,365000,5.38,-0.31,4100000,19.7,394
RENT004886,2026-04-01,2026,4,Q2,Dubai,Dubai,MBR City,Villa,1BR,482000,476000,40200,2.1,1.3,4.08,3.11,93.8,6.2,10.4,113,434,6.8,2740,60.6,606000,3.7,0.38,11850000,24.5,169
RENT004915,2026-04-01,2026,4,Q2,Abu Dhabi,Abu Dhabi,Masdar City,Apartment,3BR,95000,92000,7900,2.1,3.4,4.62,3.66,86.0,14.0,10.6,148,505,4.7,490,68.5,123000,4.28,0.34,2050000,21.6,152
RENT004916,2026-04-01,2026,4,Q2,Abu Dhabi,Abu Dhabi,Masdar City,Villa,2BR,175000,184000,14600,2.1,1.7,5.0,4.4,89.2,10.8,12.9,220,1027,7.5,920,83.0,279000,5.39,-0.39,3500000,20.0,94
RENT004897,2026-04-01,2026,4,Q2,Dubai,Dubai,Meydan,Apartment,Studio,155000,151000,12900,2.1,-1.3,4.47,3.42,79.6,20.4,11.6,51,663,5.9,810,71.2,211000,4.33,0.14,3450000,22.4,285
RENT004898,2026-04-01,2026,4,Q2,Dubai,Dubai,Meydan,Villa,3BR,385000,401000,32100,2.1,2.8,4.73,4.22,88.6,11.4,21.3,130,1111,1.7,1570,76.8,440000,5.12,-0.39,8150000,21.1,526
RENT004921,2026-04-01,2026,4,Q2,Sharjah,Sharjah,Muwaileh,Apartment,2BR,59000,59000,4900,2.1,0.1,4.05,3.48,79.2,20.8,18.9,56,1135,6.3,210,63.9,49000,3.97,0.08,1450000,24.7,178
RENT004922,2026-04-01,2026,4,Q2,Sharjah,Sharjah,Muwaileh,Villa,1BR,181000,171000,15100,2.1,-0.7,4.69,3.58,85.4,14.6,20.2,235,103,7.6,890,66.0,214000,4.33,0.36,3850000,21.3,235
RENT004877,2026-04-01,2026,4,Q2,Dubai,Dubai,Palm Jumeirah,Apartment,3BR,327000,328000,27200,2.1,-0.1,4.18,3.24,90.6,9.4,13.8,81,199,6.7,1980,65.7,475000,3.75,0.43,7800000,23.9,184
RENT004878,2026-04-01,2026,4,Q2,Dubai,Dubai,Palm Jumeirah,Villa,1BR,1053000,1075000,87800,2.1,3.4,4.12,3.6,87.1,12.9,17.2,68,763,15.6,5000,79.5,1451000,3.65,0.47,25550000,24.3,152
RENT004903,2026-04-01,2026,4,Q2,Abu Dhabi,Abu Dhabi,Saadiyat Island,Apartment,Studio,251000,254000,20900,2.1,-1.5,6.2,5.17,78.2,21.8,19.0,39,434,19.9,1790,59.9,391000,5.9,0.3,4050000,16.1,71
RENT004904,2026-04-01,2026,4,Q2,Abu Dhabi,Abu Dhabi,Saadiyat Island,Villa,1BR,823000,801000,68600,2.1,0.3,4.38,3.54,82.0,18.0,13.1,102,1078,17.7,6030,64.8,1426000,4.7,-0.32,18800000,22.8,246
RENT004899,2026-04-01,2026,4,Q2,Dubai,Dubai,Sports City,Apartment,2BR,96000,98000,8000,2.1,-1.2,4.22,3.24,85.9,14.1,16.4,24,94,3.9,600,85.6,187000,4.39,-0.17,2300000,23.7,511
RENT004900,2026-04-01,2026,4,Q2,Dubai,Dubai,Sports City,Villa,2BR,219000,205000,18200,2.1,3.4,5.0,3.83,80.3,19.7,11.4,199,1075,1.4,860,62.4,196000,4.76,0.24,4400000,20.0,98
RENT004905,2026-04-01,2026,4,Q2,Abu Dhabi,Abu Dhabi,Yas Island,Apartment,3BR,153000,155000,12800,2.1,0.2,5.11,4.14,82.8,17.2,13.7,108,994,14.6,820,87.4,262000,4.66,0.45,3000000,19.6,270
RENT004906,2026-04-01,2026,4,Q2,Abu Dhabi,Abu Dhabi,Yas Island,Villa,Studio,454000,476000,37800,2.1,-1.7,5.4,4.6,95.5,4.5,21.7,248,534,10.5,2910,71.9,764000,5.67,-0.27,8400000,18.5,342
RENT004943,2026-05-01,2026,5,Q2,Dubai,Dubai,Al Furjan,Apartment,1BR,111000,115000,9200,2.1,1.0,5.47,4.9,94.9,5.1,17.7,217,600,3.9,450,65.5,108000,5.73,-0.26,2050000,18.3,258
RENT004944,2026-05-01,2026,5,Q2,Dubai,Dubai,Al Furjan,Villa,4BR,376000,381000,31300,2.1,1.8,5.61,5.01,86.9,13.1,10.8,31,474,1.8,2500,83.7,764000,5.46,0.15,6700000,17.8,390
RENT004983,2026-05-01,2026,5,Q2,Ras Al Khaimah,Ras Al Khaimah,Al Hamra Village,Apartment,1BR,99000,99000,8200,2.1,-1.1,5.53,4.57,89.9,10.1,12.1,168,1084,1.2,370,65.2,88000,5.65,-0.12,1800000,18.1,98
RENT004984,2026-05-01,2026,5,Q2,Ras Al Khaimah,Ras Al Khaimah,Al Hamra Village,Villa,1BR,280000,281000,23300,2.1,-0.4,5.8,4.9,96.9,3.1,19.4,39,420,4.1,1300,76.2,362000,5.39,0.41,4850000,17.3,70
RENT004979,2026-05-01,2026,5,Q2,Sharjah,Sharjah,Al Khan,Apartment,1BR,68000,67000,5700,2.1,-2.5,3.88,2.77,90.0,10.0,20.7,129,603,6.5,320,85.2,100000,3.83,0.05,1750000,25.8,190
RENT004980,2026-05-01,2026,5,Q2,Sharjah,Sharjah,Al Khan,Villa,4BR,248000,256000,20700,2.1,0.0,5.0,4.22,95.7,4.3,19.9,108,956,3.2,1600,71.6,418000,5.39,-0.39,4950000,20.0,184
RENT004973,2026-05-01,2026,5,Q2,Sharjah,Sharjah,Al Majaz,Apartment,1BR,71000,68000,5900,2.1,3.4,4.39,3.49,80.3,19.7,20.4,54,154,7.3,330,87.8,106000,3.95,0.44,1600000,22.8,143
RENT004974,2026-05-01,2026,5,Q2,Sharjah,Sharjah,Al Majaz,Villa,2BR,260000,241000,21700,2.1,-2.2,5.66,4.59,94.0,6.0,10.8,205,196,4.1,1790,60.9,398000,5.88,-0.22,4600000,17.7,121
RENT004975,2026-05-01,2026,5,Q2,Sharjah,Sharjah,Al Nahda,Apartment,2BR,62000,60000,5200,2.1,1.6,4.82,3.76,85.7,14.3,14.7,182,963,3.4,270,84.3,83000,4.88,-0.06,1300000,20.7,153
RENT004976,2026-05-01,2026,5,Q2,Sharjah,Sharjah,Al Nahda,Villa,2BR,136000,125000,11300,2.1,2.7,3.95,3.08,78.4,21.6,22.3,203,825,2.2,720,65.7,173000,4.0,-0.05,3450000,25.3,69
RENT004963,2026-05-01,2026,5,Q2,Abu Dhabi,Abu Dhabi,Al Raha Beach,Apartment,4BR,149000,150000,12400,2.1,0.1,4.08,3.45,85.6,14.4,15.7,20,179,3.0,750,58.8,161000,4.14,-0.06,3650000,24.5,343
RENT004964,2026-05-01,2026,5,Q2,Abu Dhabi,Abu Dhabi,Al Raha Beach,Villa,1BR,321000,296000,26800,2.1,-2.4,4.3,3.24,92.0,8.0,11.9,236,614,2.5,2290,59.0,493000,4.5,-0.2,7450000,23.2,344
RENT004969,2026-05-01,2026,5,Q2,Abu Dhabi,Abu Dhabi,Al Reef,Apartment,4BR,103000,103000,8600,2.1,1.6,3.92,3.07,82.5,17.5,17.4,61,830,3.4,730,74.4,198000,3.42,0.5,2650000,25.5,159
RENT004970,2026-05-01,2026,5,Q2,Abu Dhabi,Abu Dhabi,Al Reef,Villa,4BR,329000,314000,27400,2.1,0.2,4.07,3.12,97.0,3.0,16.1,82,1182,1.3,1680,68.7,421000,4.2,-0.13,8100000,24.6,248
RENT004957,2026-05-01,2026,5,Q2,Abu Dhabi,Abu Dhabi,Al Reem Island,Apartment,4BR,113000,107000,9400,2.1,-1.4,4.14,3.24,92.8,7.2,15.0,83,640,5.5,480,57.9,101000,3.92,0.22,2750000,24.1,108
RENT004958,2026-05-01,2026,5,Q2,Abu Dhabi,Abu Dhabi,Al Reem Island,Villa,3BR,391000,373000,32600,2.1,1.2,4.48,3.88,87.2,12.8,12.2,92,989,2.9,2910,85.6,909000,4.06,0.42,8750000,22.3,305
RENT004981,2026-05-01,2026,5,Q2,Sharjah,Sharjah,Al Taawun,Apartment,1BR,62000,60000,5200,2.1,1.2,5.57,4.8,86.0,14.0,17.5,156,839,7.8,430,71.2,112000,5.28,0.29,1100000,18.0,190
RENT004982,2026-05-01,2026,5,Q2,Sharjah,Sharjah,Al Taawun,Villa,2BR,181000,181000,15100,2.1,1.0,5.53,4.59,85.3,14.7,22.2,173,499,7.1,950,74.7,259000,5.88,-0.35,3250000,18.1,35
RENT004937,2026-05-01,2026,5,Q2,Dubai,Dubai,Business Bay,Apartment,2BR,153000,159000,12800,2.1,-0.5,4.84,3.95,79.7,20.3,11.1,244,1176,1.0,1090,61.9,246000,5.27,-0.43,3150000,20.7,187
RENT004938,2026-05-01,2026,5,Q2,Dubai,Dubai,Business Bay,Villa,1BR,390000,379000,32500,2.1,-1.7,4.22,3.65,85.6,14.4,19.8,134,569,4.2,1600,82.1,479000,4.29,-0.07,9250000,23.7,451
RENT004967,2026-05-01,2026,5,Q2,Abu Dhabi,Abu Dhabi,Corniche,Apartment,Studio,176000,167000,14700,2.1,1.5,4.52,3.41,92.3,7.7,20.0,10,615,5.7,870,63.4,201000,4.03,0.49,3900000,22.1,210
RENT004968,2026-05-01,2026,5,Q2,Abu Dhabi,Abu Dhabi,Corniche,Villa,1BR,359000,349000,29900,2.1,0.2,4.29,3.68,82.4,17.6,16.9,217,319,6.6,1520,55.9,310000,4.77,-0.48,8350000,23.3,269
RENT004947,2026-05-01,2026,5,Q2,Dubai,Dubai,Creek Harbour,Apartment,1BR,154000,154000,12800,2.1,2.1,4.78,3.6,83.6,16.4,11.3,166,895,2.7,670,68.3,167000,4.72,0.06,3200000,20.9,350
RENT004948,2026-05-01,2026,5,Q2,Dubai,Dubai,Creek Harbour,Villa,2BR,298000,309000,24800,2.1,3.1,4.07,3.43,92.2,7.8,13.6,248,1011,4.2,1450,60.2,319000,3.66,0.41,7300000,24.6,543
RENT004949,2026-05-01,2026,5,Q2,Dubai,Dubai,DAMAC Hills,Apartment,1BR,128000,120000,10700,2.1,1.4,5.43,4.78,91.5,8.5,20.2,43,317,5.9,470,78.5,135000,5.37,0.06,2350000,18.4,111
RENT004950,2026-05-01,2026,5,Q2,Dubai,Dubai,DAMAC Hills,Villa,1BR,385000,385000,32100,2.1,2.9,5.11,4.56,86.2,13.8,23.1,108,358,2.0,2750,73.2,735000,5.26,-0.15,7550000,19.6,125
RENT004929,2026-05-01,2026,5,Q2,Dubai,Dubai,Downtown Dubai,Apartment,1BR,201000,185000,16800,2.1,3.5,4.12,3.24,91.0,9.0,11.6,56,840,14.2,1480,79.3,428000,4.57,-0.45,4900000,24.3,539
RENT004930,2026-05-01,2026,5,Q2,Dubai,Dubai,Downtown Dubai,Villa,1BR,702000,736000,58500,2.1,2.6,5.29,4.7,96.5,3.5,21.1,105,1167,13.7,4100,85.0,1272000,5.28,0.01,13250000,18.9,587
RENT004935,2026-05-01,2026,5,Q2,Dubai,Dubai,Dubai Hills Estate,Apartment,4BR,217000,212000,18100,2.1,-1.0,4.38,3.61,89.8,10.2,22.2,107,585,6.5,1100,55.9,224000,4.78,-0.4,4950000,22.8,542
RENT004936,2026-05-01,2026,5,Q2,Dubai,Dubai,Dubai Hills Estate,Villa,3BR,510000,514000,42500,2.1,3.1,4.13,3.28,86.8,13.2,16.4,227,887,5.0,2170,75.0,594000,4.51,-0.38,12350000,24.2,497
RENT004931,2026-05-01,2026,5,Q2,Dubai,Dubai,Dubai Marina,Apartment,Studio,163000,163000,13600,2.1,1.7,5.11,4.38,83.1,16.9,20.3,141,942,8.1,1190,55.4,241000,5.32,-0.21,3200000,19.6,180
RENT004932,2026-05-01,2026,5,Q2,Dubai,Dubai,Dubai Marina,Villa,Studio,354000,367000,29500,2.1,3.0,3.87,3.3,95.2,4.8,11.0,26,985,11.5,2200,70.0,562000,3.71,0.16,9150000,25.8,195
RENT004951,2026-05-01,2026,5,Q2,Dubai,Dubai,Dubai South,Apartment,3BR,96000,94000,8000,2.1,-0.8,4.01,3.06,80.3,19.7,22.8,244,1188,6.8,370,66.8,90000,4.03,-0.02,2400000,24.9,471
RENT004952,2026-05-01,2026,5,Q2,Dubai,Dubai,Dubai South,Villa,Studio,292000,301000,24300,2.1,2.6,5.85,5.15,85.3,14.7,20.4,213,1086,6.3,1140,56.4,235000,5.46,0.39,5000000,17.1,480
RENT004945,2026-05-01,2026,5,Q2,Dubai,Dubai,JBR,Apartment,1BR,173000,179000,14400,2.1,0.8,4.31,3.56,84.6,15.4,23.7,230,947,7.6,1070,80.6,315000,4.26,0.05,4000000,23.2,357
RENT004946,2026-05-01,2026,5,Q2,Dubai,Dubai,JBR,Villa,4BR,611000,564000,50900,2.1,0.4,4.51,3.93,81.6,18.4,16.3,212,649,6.5,2350,68.0,583000,4.85,-0.34,13550000,22.2,386
RENT004939,2026-05-01,2026,5,Q2,Dubai,Dubai,JVC,Apartment,1BR,102000,103000,8500,2.1,1.3,5.65,4.85,94.5,5.5,21.5,127,1069,6.8,530,88.0,170000,5.8,-0.15,1800000,17.7,470
RENT004940,2026-05-01,2026,5,Q2,Dubai,Dubai,JVC,Villa,2BR,283000,281000,23600,2.1,-1.2,3.93,3.28,84.9,15.1,19.3,140,1116,2.5,1520,56.8,315000,4.28,-0.35,7200000,25.4,266
RENT004965,2026-05-01,2026,5,Q2,Abu Dhabi,Abu Dhabi,Khalifa City,Apartment,2BR,112000,105000,9300,2.1,1.6,5.01,4.13,87.2,12.8,18.1,18,862,6.7,460,81.0,136000,5.04,-0.03,2250000,19.9,314
RENT004966,2026-05-01,2026,5,Q2,Abu Dhabi,Abu Dhabi,Khalifa City,Villa,Studio,219000,208000,18200,2.1,0.4,4.07,3.48,79.2,20.8,14.6,189,584,1.7,1090,78.5,312000,4.53,-0.46,5400000,24.6,149
RENT004941,2026-05-01,2026,5,Q2,Dubai,Dubai,MBR City,Apartment,4BR,238000,248000,19800,2.1,-0.8,4.17,3.39,90.0,10.0,21.8,60,417,1.2,1330,66.3,322000,4.28,-0.11,5700000,24.0,342
RENT004942,2026-05-01,2026,5,Q2,Dubai,Dubai,MBR City,Villa,1BR,624000,650000,52000,2.1,1.6,4.42,3.64,82.1,17.9,12.3,193,1086,5.8,2660,65.8,639000,4.51,-0.09,14100000,22.6,241
RENT004971,2026-05-01,2026,5,Q2,Abu Dhabi,Abu Dhabi,Masdar City,Apartment,1BR,87000,86000,7200,2.1,2.0,5.58,4.94,84.0,16.0,23.5,246,178,2.9,360,76.5,101000,5.73,-0.15,1550000,17.9,275
RENT004972,2026-05-01,2026,5,Q2,Abu Dhabi,Abu Dhabi,Masdar City,Villa,5BR+,244000,241000,20300,2.1,0.9,4.82,4.07,80.8,19.2,22.0,173,214,5.4,980,81.1,290000,4.97,-0.15,5050000,20.7,159
RENT004953,2026-05-01,2026,5,Q2,Dubai,Dubai,Meydan,Apartment,4BR,156000,150000,13000,2.1,1.0,5.83,4.84,87.1,12.9,21.9,148,621,1.4,670,82.8,202000,5.39,0.44,2650000,17.1,349
RENT004954,2026-05-01,2026,5,Q2,Dubai,Dubai,Meydan,Villa,2BR,313000,323000,26100,2.1,0.3,5.83,5.15,81.0,19.0,11.8,168,362,5.7,1320,66.3,319000,5.85,-0.02,5350000,17.2,297
RENT004977,2026-05-01,2026,5,Q2,Sharjah,Sharjah,Muwaileh,Apartment,4BR,64000,66000,5300,2.1,2.6,4.08,3.02,85.9,14.1,10.5,227,579,3.6,420,68.3,105000,4.14,-0.06,1550000,24.5,93
RENT004978,2026-05-01,2026,5,Q2,Sharjah,Sharjah,Muwaileh,Villa,3BR,121000,127000,10100,2.1,0.7,5.79,4.74,84.0,16.0,22.6,135,810,6.7,650,64.6,153000,5.52,0.27,2100000,17.3,217
RENT004933,2026-05-01,2026,5,Q2,Dubai,Dubai,Palm Jumeirah,Apartment,5BR+,300000,313000,25000,2.1,-1.5,4.04,3.21,89.5,10.5,18.5,170,1013,11.1,1390,74.7,379000,4.24,-0.2,7450000,24.8,316
RENT004934,2026-05-01,2026,5,Q2,Dubai,Dubai,Palm Jumeirah,Villa,1BR,566000,522000,47200,2.1,0.2,5.78,4.84,93.7,6.3,22.5,27,1011,5.0,3380,58.2,718000,5.71,0.07,9800000,17.3,269
RENT004959,2026-05-01,2026,5,Q2,Abu Dhabi,Abu Dhabi,Saadiyat Island,Apartment,1BR,263000,273000,21900,2.1,0.9,4.53,3.55,79.1,20.9,22.6,117,86,13.7,1310,61.2,293000,4.48,0.05,5800000,22.1,266
RENT004960,2026-05-01,2026,5,Q2,Abu Dhabi,Abu Dhabi,Saadiyat Island,Villa,Studio,727000,738000,60600,2.1,-2.2,4.43,3.74,80.9,19.1,21.1,181,993,6.0,3620,87.7,1159000,4.73,-0.3,16400000,22.6,239
RENT004955,2026-05-01,2026,5,Q2,Dubai,Dubai,Sports City,Apartment,1BR,85000,88000,7100,2.1,-0.5,5.65,4.81,93.4,6.6,20.8,194,662,2.7,630,69.2,159000,5.38,0.27,1500000,17.7,167
RENT004956,2026-05-01,2026,5,Q2,Dubai,Dubai,Sports City,Villa,1BR,213000,205000,17800,2.1,-1.6,4.82,3.78,78.2,21.8,21.0,121,381,4.9,980,55.0,197000,4.98,-0.16,4400000,20.7,286
RENT004961,2026-05-01,2026,5,Q2,Abu Dhabi,Abu Dhabi,Yas Island,Apartment,1BR,152000,146000,12700,2.1,1.8,4.66,3.62,90.4,9.6,19.8,131,71,10.9,730,59.7,159000,5.15,-0.49,3250000,21.4,260
RENT004962,2026-05-01,2026,5,Q2,Abu Dhabi,Abu Dhabi,Yas Island,Villa,2BR,412000,388000,34300,2.1,-0.2,4.37,3.67,89.9,10.1,10.4,145,482,15.5,1480,59.7,322000,4.24,0.13,9450000,22.9,274
