date,year,month,quarter,state,petrol_price_inr,diesel_price_inr,cng_price_inr,rbi_repo_rate_pct,india_gdp_growth_pct,india_cpi_pct,usd_inr_rate,consumer_confidence_index,diwali_month,navratri_month,eid_month,financial_year_end,budget_month,new_model_launches,gst_rate_pct,bs6_norms_active,ev_subsidy_active
2019-01-01,2019,1,Q1,Andaman & Nicobar Island,70.29,62.76,42.17,6.25,6.5,4.76,70.42,72,0,0,0,0,0,6,43.0,0,0
2019-01-01,2019,1,Q1,Andhra Pradesh,70.29,62.76,42.17,6.25,6.5,4.76,70.42,72,0,0,0,0,0,6,43.0,0,0
2019-01-01,2019,1,Q1,Arunachal Pradesh,70.29,62.76,42.17,6.25,6.5,4.76,70.42,72,0,0,0,0,0,6,43.0,0,0
2019-01-01,2019,1,Q1,Assam,70.29,62.76,42.17,6.25,6.5,4.76,70.42,72,0,0,0,0,0,6,43.0,0,0
2019-01-01,2019,1,Q1,Bihar,70.29,62.76,42.17,6.25,6.5,4.76,70.42,72,0,0,0,0,0,6,43.0,0,0
2019-01-01,2019,1,Q1,Chandigarh,70.29,62.76,42.17,6.25,6.5,4.76,70.42,72,0,0,0,0,0,6,43.0,0,0
2019-01-01,2019,1,Q1,Chhattisgarh,70.29,62.76,42.17,6.25,6.5,4.76,70.42,72,0,0,0,0,0,6,43.0,0,0
2019-01-01,2019,1,Q1,Dadra and Nagar Haveli,70.29,62.76,42.17,6.25,6.5,4.76,70.42,72,0,0,0,0,0,6,43.0,0,0
2019-01-01,2019,1,Q1,Daman and Diu,70.29,62.76,42.17,6.25,6.5,4.76,70.42,72,0,0,0,0,0,6,43.0,0,0
2019-01-01,2019,1,Q1,Delhi,70.29,62.76,42.17,6.25,6.5,4.76,70.42,72,0,0,0,0,0,6,43.0,0,0
2019-01-01,2019,1,Q1,Goa,70.29,62.76,42.17,6.25,6.5,4.76,70.42,72,0,0,0,0,0,6,43.0,0,0
2019-01-01,2019,1,Q1,Gujarat,70.29,62.76,42.17,6.25,6.5,4.76,70.42,72,0,0,0,0,0,6,43.0,0,0
2019-01-01,2019,1,Q1,Haryana,70.29,62.76,42.17,6.25,6.5,4.76,70.42,72,0,0,0,0,0,6,43.0,0,0
2019-01-01,2019,1,Q1,Himachal Pradesh,70.29,62.76,42.17,6.25,6.5,4.76,70.42,72,0,0,0,0,0,6,43.0,0,0
2019-01-01,2019,1,Q1,Jammu and Kashmir,70.29,62.76,42.17,6.25,6.5,4.76,70.42,72,0,0,0,0,0,6,43.0,0,0
2019-01-01,2019,1,Q1,Jharkhand,70.29,62.76,42.17,6.25,6.5,4.76,70.42,72,0,0,0,0,0,6,43.0,0,0
2019-01-01,2019,1,Q1,Karnataka,70.29,62.76,42.17,6.25,6.5,4.76,70.42,72,0,0,0,0,0,6,43.0,0,0
2019-01-01,2019,1,Q1,Kerala,70.29,62.76,42.17,6.25,6.5,4.76,70.42,72,0,0,0,0,0,6,43.0,0,0
2019-01-01,2019,1,Q1,Ladakh,70.29,62.76,42.17,6.25,6.5,4.76,70.42,72,0,0,0,0,0,6,43.0,0,0
2019-01-01,2019,1,Q1,Lakshadweep,70.29,62.76,42.17,6.25,6.5,4.76,70.42,72,0,0,0,0,0,6,43.0,0,0
2019-01-01,2019,1,Q1,Madhya Pradesh,70.29,62.76,42.17,6.25,6.5,4.76,70.42,72,0,0,0,0,0,6,43.0,0,0
2019-01-01,2019,1,Q1,Maharashtra,70.29,62.76,42.17,6.25,6.5,4.76,70.42,72,0,0,0,0,0,6,43.0,0,0
2019-01-01,2019,1,Q1,Manipur,70.29,62.76,42.17,6.25,6.5,4.76,70.42,72,0,0,0,0,0,6,43.0,0,0
2019-01-01,2019,1,Q1,Meghalaya,70.29,62.76,42.17,6.25,6.5,4.76,70.42,72,0,0,0,0,0,6,43.0,0,0
2019-01-01,2019,1,Q1,Mizoram,70.29,62.76,42.17,6.25,6.5,4.76,70.42,72,0,0,0,0,0,6,43.0,0,0
2019-01-01,2019,1,Q1,Nagaland,70.29,62.76,42.17,6.25,6.5,4.76,70.42,72,0,0,0,0,0,6,43.0,0,0
2019-01-01,2019,1,Q1,Odisha,70.29,62.76,42.17,6.25,6.5,4.76,70.42,72,0,0,0,0,0,6,43.0,0,0
2019-01-01,2019,1,Q1,Puducherry,70.29,62.76,42.17,6.25,6.5,4.76,70.42,72,0,0,0,0,0,6,43.0,0,0
2019-01-01,2019,1,Q1,Punjab,70.29,62.76,42.17,6.25,6.5,4.76,70.42,72,0,0,0,0,0,6,43.0,0,0
2019-01-01,2019,1,Q1,Rajasthan,70.29,62.76,42.17,6.25,6.5,4.76,70.42,72,0,0,0,0,0,6,43.0,0,0
2019-01-01,2019,1,Q1,Sikkim,70.29,62.76,42.17,6.25,6.5,4.76,70.42,72,0,0,0,0,0,6,43.0,0,0
2019-01-01,2019,1,Q1,Tamil Nadu,70.29,62.76,42.17,6.25,6.5,4.76,70.42,72,0,0,0,0,0,6,43.0,0,0
2019-01-01,2019,1,Q1,Telangana,70.29,62.76,42.17,6.25,6.5,4.76,70.42,72,0,0,0,0,0,6,43.0,0,0
2019-01-01,2019,1,Q1,Tripura,70.29,62.76,42.17,6.25,6.5,4.76,70.42,72,0,0,0,0,0,6,43.0,0,0
2019-01-01,2019,1,Q1,Uttar Pradesh,70.29,62.76,42.17,6.25,6.5,4.76,70.42,72,0,0,0,0,0,6,43.0,0,0
2019-01-01,2019,1,Q1,Uttarakhand,70.29,62.76,42.17,6.25,6.5,4.76,70.42,72,0,0,0,0,0,6,43.0,0,0
2019-01-01,2019,1,Q1,West Bengal,70.29,62.76,42.17,6.25,6.5,4.76,70.42,72,0,0,0,0,0,6,43.0,0,0
2019-01-01,2019,1,Q1,All India,70.29,62.76,42.17,6.25,6.5,4.76,70.42,72,0,0,0,0,0,6,43.0,0,0
2019-02-01,2019,2,Q1,Andaman & Nicobar Island,70.48,63.0,42.29,6.25,6.5,4.76,70.42,72,0,0,0,0,1,6,43.0,0,0
2019-02-01,2019,2,Q1,Andhra Pradesh,70.48,63.0,42.29,6.25,6.5,4.76,70.42,72,0,0,0,0,1,6,43.0,0,0
2019-02-01,2019,2,Q1,Arunachal Pradesh,70.48,63.0,42.29,6.25,6.5,4.76,70.42,72,0,0,0,0,1,6,43.0,0,0
2019-02-01,2019,2,Q1,Assam,70.48,63.0,42.29,6.25,6.5,4.76,70.42,72,0,0,0,0,1,6,43.0,0,0
2019-02-01,2019,2,Q1,Bihar,70.48,63.0,42.29,6.25,6.5,4.76,70.42,72,0,0,0,0,1,6,43.0,0,0
2019-02-01,2019,2,Q1,Chandigarh,70.48,63.0,42.29,6.25,6.5,4.76,70.42,72,0,0,0,0,1,6,43.0,0,0
2019-02-01,2019,2,Q1,Chhattisgarh,70.48,63.0,42.29,6.25,6.5,4.76,70.42,72,0,0,0,0,1,6,43.0,0,0
2019-02-01,2019,2,Q1,Dadra and Nagar Haveli,70.48,63.0,42.29,6.25,6.5,4.76,70.42,72,0,0,0,0,1,6,43.0,0,0
2019-02-01,2019,2,Q1,Daman and Diu,70.48,63.0,42.29,6.25,6.5,4.76,70.42,72,0,0,0,0,1,6,43.0,0,0
2019-02-01,2019,2,Q1,Delhi,70.48,63.0,42.29,6.25,6.5,4.76,70.42,72,0,0,0,0,1,6,43.0,0,0
2019-02-01,2019,2,Q1,Goa,70.48,63.0,42.29,6.25,6.5,4.76,70.42,72,0,0,0,0,1,6,43.0,0,0
2019-02-01,2019,2,Q1,Gujarat,70.48,63.0,42.29,6.25,6.5,4.76,70.42,72,0,0,0,0,1,6,43.0,0,0
2019-02-01,2019,2,Q1,Haryana,70.48,63.0,42.29,6.25,6.5,4.76,70.42,72,0,0,0,0,1,6,43.0,0,0
2019-02-01,2019,2,Q1,Himachal Pradesh,70.48,63.0,42.29,6.25,6.5,4.76,70.42,72,0,0,0,0,1,6,43.0,0,0
2019-02-01,2019,2,Q1,Jammu and Kashmir,70.48,63.0,42.29,6.25,6.5,4.76,70.42,72,0,0,0,0,1,6,43.0,0,0
2019-02-01,2019,2,Q1,Jharkhand,70.48,63.0,42.29,6.25,6.5,4.76,70.42,72,0,0,0,0,1,6,43.0,0,0
2019-02-01,2019,2,Q1,Karnataka,70.48,63.0,42.29,6.25,6.5,4.76,70.42,72,0,0,0,0,1,6,43.0,0,0
2019-02-01,2019,2,Q1,Kerala,70.48,63.0,42.29,6.25,6.5,4.76,70.42,72,0,0,0,0,1,6,43.0,0,0
2019-02-01,2019,2,Q1,Ladakh,70.48,63.0,42.29,6.25,6.5,4.76,70.42,72,0,0,0,0,1,6,43.0,0,0
2019-02-01,2019,2,Q1,Lakshadweep,70.48,63.0,42.29,6.25,6.5,4.76,70.42,72,0,0,0,0,1,6,43.0,0,0
2019-02-01,2019,2,Q1,Madhya Pradesh,70.48,63.0,42.29,6.25,6.5,4.76,70.42,72,0,0,0,0,1,6,43.0,0,0
2019-02-01,2019,2,Q1,Maharashtra,70.48,63.0,42.29,6.25,6.5,4.76,70.42,72,0,0,0,0,1,6,43.0,0,0
2019-02-01,2019,2,Q1,Manipur,70.48,63.0,42.29,6.25,6.5,4.76,70.42,72,0,0,0,0,1,6,43.0,0,0
2019-02-01,2019,2,Q1,Meghalaya,70.48,63.0,42.29,6.25,6.5,4.76,70.42,72,0,0,0,0,1,6,43.0,0,0
2019-02-01,2019,2,Q1,Mizoram,70.48,63.0,42.29,6.25,6.5,4.76,70.42,72,0,0,0,0,1,6,43.0,0,0
2019-02-01,2019,2,Q1,Nagaland,70.48,63.0,42.29,6.25,6.5,4.76,70.42,72,0,0,0,0,1,6,43.0,0,0
2019-02-01,2019,2,Q1,Odisha,70.48,63.0,42.29,6.25,6.5,4.76,70.42,72,0,0,0,0,1,6,43.0,0,0
2019-02-01,2019,2,Q1,Puducherry,70.48,63.0,42.29,6.25,6.5,4.76,70.42,72,0,0,0,0,1,6,43.0,0,0
2019-02-01,2019,2,Q1,Punjab,70.48,63.0,42.29,6.25,6.5,4.76,70.42,72,0,0,0,0,1,6,43.0,0,0
2019-02-01,2019,2,Q1,Rajasthan,70.48,63.0,42.29,6.25,6.5,4.76,70.42,72,0,0,0,0,1,6,43.0,0,0
2019-02-01,2019,2,Q1,Sikkim,70.48,63.0,42.29,6.25,6.5,4.76,70.42,72,0,0,0,0,1,6,43.0,0,0
2019-02-01,2019,2,Q1,Tamil Nadu,70.48,63.0,42.29,6.25,6.5,4.76,70.42,72,0,0,0,0,1,6,43.0,0,0
2019-02-01,2019,2,Q1,Telangana,70.48,63.0,42.29,6.25,6.5,4.76,70.42,72,0,0,0,0,1,6,43.0,0,0
2019-02-01,2019,2,Q1,Tripura,70.48,63.0,42.29,6.25,6.5,4.76,70.42,72,0,0,0,0,1,6,43.0,0,0
2019-02-01,2019,2,Q1,Uttar Pradesh,70.48,63.0,42.29,6.25,6.5,4.76,70.42,72,0,0,0,0,1,6,43.0,0,0
2019-02-01,2019,2,Q1,Uttarakhand,70.48,63.0,42.29,6.25,6.5,4.76,70.42,72,0,0,0,0,1,6,43.0,0,0
2019-02-01,2019,2,Q1,West Bengal,70.48,63.0,42.29,6.25,6.5,4.76,70.42,72,0,0,0,0,1,6,43.0,0,0
2019-02-01,2019,2,Q1,All India,70.48,63.0,42.29,6.25,6.5,4.76,70.42,72,0,0,0,0,1,6,43.0,0,0
2019-03-01,2019,3,Q1,Andaman & Nicobar Island,71.05,63.65,42.63,6.25,6.5,4.76,70.42,72,0,0,0,1,0,3,43.0,0,0
2019-03-01,2019,3,Q1,Andhra Pradesh,71.05,63.65,42.63,6.25,6.5,4.76,70.42,72,0,0,0,1,0,3,43.0,0,0
2019-03-01,2019,3,Q1,Arunachal Pradesh,71.05,63.65,42.63,6.25,6.5,4.76,70.42,72,0,0,0,1,0,3,43.0,0,0
2019-03-01,2019,3,Q1,Assam,71.05,63.65,42.63,6.25,6.5,4.76,70.42,72,0,0,0,1,0,3,43.0,0,0
2019-03-01,2019,3,Q1,Bihar,71.05,63.65,42.63,6.25,6.5,4.76,70.42,72,0,0,0,1,0,3,43.0,0,0
2019-03-01,2019,3,Q1,Chandigarh,71.05,63.65,42.63,6.25,6.5,4.76,70.42,72,0,0,0,1,0,3,43.0,0,0
2019-03-01,2019,3,Q1,Chhattisgarh,71.05,63.65,42.63,6.25,6.5,4.76,70.42,72,0,0,0,1,0,3,43.0,0,0
2019-03-01,2019,3,Q1,Dadra and Nagar Haveli,71.05,63.65,42.63,6.25,6.5,4.76,70.42,72,0,0,0,1,0,3,43.0,0,0
2019-03-01,2019,3,Q1,Daman and Diu,71.05,63.65,42.63,6.25,6.5,4.76,70.42,72,0,0,0,1,0,3,43.0,0,0
2019-03-01,2019,3,Q1,Delhi,71.05,63.65,42.63,6.25,6.5,4.76,70.42,72,0,0,0,1,0,3,43.0,0,0
2019-03-01,2019,3,Q1,Goa,71.05,63.65,42.63,6.25,6.5,4.76,70.42,72,0,0,0,1,0,3,43.0,0,0
2019-03-01,2019,3,Q1,Gujarat,71.05,63.65,42.63,6.25,6.5,4.76,70.42,72,0,0,0,1,0,3,43.0,0,0
2019-03-01,2019,3,Q1,Haryana,71.05,63.65,42.63,6.25,6.5,4.76,70.42,72,0,0,0,1,0,3,43.0,0,0
2019-03-01,2019,3,Q1,Himachal Pradesh,71.05,63.65,42.63,6.25,6.5,4.76,70.42,72,0,0,0,1,0,3,43.0,0,0
2019-03-01,2019,3,Q1,Jammu and Kashmir,71.05,63.65,42.63,6.25,6.5,4.76,70.42,72,0,0,0,1,0,3,43.0,0,0
2019-03-01,2019,3,Q1,Jharkhand,71.05,63.65,42.63,6.25,6.5,4.76,70.42,72,0,0,0,1,0,3,43.0,0,0
2019-03-01,2019,3,Q1,Karnataka,71.05,63.65,42.63,6.25,6.5,4.76,70.42,72,0,0,0,1,0,3,43.0,0,0
2019-03-01,2019,3,Q1,Kerala,71.05,63.65,42.63,6.25,6.5,4.76,70.42,72,0,0,0,1,0,3,43.0,0,0
2019-03-01,2019,3,Q1,Ladakh,71.05,63.65,42.63,6.25,6.5,4.76,70.42,72,0,0,0,1,0,3,43.0,0,0
2019-03-01,2019,3,Q1,Lakshadweep,71.05,63.65,42.63,6.25,6.5,4.76,70.42,72,0,0,0,1,0,3,43.0,0,0
2019-03-01,2019,3,Q1,Madhya Pradesh,71.05,63.65,42.63,6.25,6.5,4.76,70.42,72,0,0,0,1,0,3,43.0,0,0
2019-03-01,2019,3,Q1,Maharashtra,71.05,63.65,42.63,6.25,6.5,4.76,70.42,72,0,0,0,1,0,3,43.0,0,0
2019-03-01,2019,3,Q1,Manipur,71.05,63.65,42.63,6.25,6.5,4.76,70.42,72,0,0,0,1,0,3,43.0,0,0
2019-03-01,2019,3,Q1,Meghalaya,71.05,63.65,42.63,6.25,6.5,4.76,70.42,72,0,0,0,1,0,3,43.0,0,0
2019-03-01,2019,3,Q1,Mizoram,71.05,63.65,42.63,6.25,6.5,4.76,70.42,72,0,0,0,1,0,3,43.0,0,0
2019-03-01,2019,3,Q1,Nagaland,71.05,63.65,42.63,6.25,6.5,4.76,70.42,72,0,0,0,1,0,3,43.0,0,0
2019-03-01,2019,3,Q1,Odisha,71.05,63.65,42.63,6.25,6.5,4.76,70.42,72,0,0,0,1,0,3,43.0,0,0
2019-03-01,2019,3,Q1,Puducherry,71.05,63.65,42.63,6.25,6.5,4.76,70.42,72,0,0,0,1,0,3,43.0,0,0
2019-03-01,2019,3,Q1,Punjab,71.05,63.65,42.63,6.25,6.5,4.76,70.42,72,0,0,0,1,0,3,43.0,0,0
2019-03-01,2019,3,Q1,Rajasthan,71.05,63.65,42.63,6.25,6.5,4.76,70.42,72,0,0,0,1,0,3,43.0,0,0
2019-03-01,2019,3,Q1,Sikkim,71.05,63.65,42.63,6.25,6.5,4.76,70.42,72,0,0,0,1,0,3,43.0,0,0
2019-03-01,2019,3,Q1,Tamil Nadu,71.05,63.65,42.63,6.25,6.5,4.76,70.42,72,0,0,0,1,0,3,43.0,0,0
2019-03-01,2019,3,Q1,Telangana,71.05,63.65,42.63,6.25,6.5,4.76,70.42,72,0,0,0,1,0,3,43.0,0,0
2019-03-01,2019,3,Q1,Tripura,71.05,63.65,42.63,6.25,6.5,4.76,70.42,72,0,0,0,1,0,3,43.0,0,0
2019-03-01,2019,3,Q1,Uttar Pradesh,71.05,63.65,42.63,6.25,6.5,4.76,70.42,72,0,0,0,1,0,3,43.0,0,0
2019-03-01,2019,3,Q1,Uttarakhand,71.05,63.65,42.63,6.25,6.5,4.76,70.42,72,0,0,0,1,0,3,43.0,0,0
2019-03-01,2019,3,Q1,West Bengal,71.05,63.65,42.63,6.25,6.5,4.76,70.42,72,0,0,0,1,0,3,43.0,0,0
2019-03-01,2019,3,Q1,All India,71.05,63.65,42.63,6.25,6.5,4.76,70.42,72,0,0,0,1,0,3,43.0,0,0
2019-04-01,2019,4,Q2,Andaman & Nicobar Island,73.42,65.0,44.05,6.25,6.5,4.76,70.42,72,0,0,1,0,0,3,43.0,0,1
2019-04-01,2019,4,Q2,Andhra Pradesh,73.42,65.0,44.05,6.25,6.5,4.76,70.42,72,0,0,1,0,0,3,43.0,0,1
2019-04-01,2019,4,Q2,Arunachal Pradesh,73.42,65.0,44.05,6.25,6.5,4.76,70.42,72,0,0,1,0,0,3,43.0,0,1
2019-04-01,2019,4,Q2,Assam,73.42,65.0,44.05,6.25,6.5,4.76,70.42,72,0,0,1,0,0,3,43.0,0,1
2019-04-01,2019,4,Q2,Bihar,73.42,65.0,44.05,6.25,6.5,4.76,70.42,72,0,0,1,0,0,3,43.0,0,1
2019-04-01,2019,4,Q2,Chandigarh,73.42,65.0,44.05,6.25,6.5,4.76,70.42,72,0,0,1,0,0,3,43.0,0,1
2019-04-01,2019,4,Q2,Chhattisgarh,73.42,65.0,44.05,6.25,6.5,4.76,70.42,72,0,0,1,0,0,3,43.0,0,1
2019-04-01,2019,4,Q2,Dadra and Nagar Haveli,73.42,65.0,44.05,6.25,6.5,4.76,70.42,72,0,0,1,0,0,3,43.0,0,1
2019-04-01,2019,4,Q2,Daman and Diu,73.42,65.0,44.05,6.25,6.5,4.76,70.42,72,0,0,1,0,0,3,43.0,0,1
2019-04-01,2019,4,Q2,Delhi,73.42,65.0,44.05,6.25,6.5,4.76,70.42,72,0,0,1,0,0,3,43.0,0,1
2019-04-01,2019,4,Q2,Goa,73.42,65.0,44.05,6.25,6.5,4.76,70.42,72,0,0,1,0,0,3,43.0,0,1
2019-04-01,2019,4,Q2,Gujarat,73.42,65.0,44.05,6.25,6.5,4.76,70.42,72,0,0,1,0,0,3,43.0,0,1
2019-04-01,2019,4,Q2,Haryana,73.42,65.0,44.05,6.25,6.5,4.76,70.42,72,0,0,1,0,0,3,43.0,0,1
2019-04-01,2019,4,Q2,Himachal Pradesh,73.42,65.0,44.05,6.25,6.5,4.76,70.42,72,0,0,1,0,0,3,43.0,0,1
2019-04-01,2019,4,Q2,Jammu and Kashmir,73.42,65.0,44.05,6.25,6.5,4.76,70.42,72,0,0,1,0,0,3,43.0,0,1
2019-04-01,2019,4,Q2,Jharkhand,73.42,65.0,44.05,6.25,6.5,4.76,70.42,72,0,0,1,0,0,3,43.0,0,1
2019-04-01,2019,4,Q2,Karnataka,73.42,65.0,44.05,6.25,6.5,4.76,70.42,72,0,0,1,0,0,3,43.0,0,1
2019-04-01,2019,4,Q2,Kerala,73.42,65.0,44.05,6.25,6.5,4.76,70.42,72,0,0,1,0,0,3,43.0,0,1
2019-04-01,2019,4,Q2,Ladakh,73.42,65.0,44.05,6.25,6.5,4.76,70.42,72,0,0,1,0,0,3,43.0,0,1
2019-04-01,2019,4,Q2,Lakshadweep,73.42,65.0,44.05,6.25,6.5,4.76,70.42,72,0,0,1,0,0,3,43.0,0,1
2019-04-01,2019,4,Q2,Madhya Pradesh,73.42,65.0,44.05,6.25,6.5,4.76,70.42,72,0,0,1,0,0,3,43.0,0,1
2019-04-01,2019,4,Q2,Maharashtra,73.42,65.0,44.05,6.25,6.5,4.76,70.42,72,0,0,1,0,0,3,43.0,0,1
2019-04-01,2019,4,Q2,Manipur,73.42,65.0,44.05,6.25,6.5,4.76,70.42,72,0,0,1,0,0,3,43.0,0,1
2019-04-01,2019,4,Q2,Meghalaya,73.42,65.0,44.05,6.25,6.5,4.76,70.42,72,0,0,1,0,0,3,43.0,0,1
2019-04-01,2019,4,Q2,Mizoram,73.42,65.0,44.05,6.25,6.5,4.76,70.42,72,0,0,1,0,0,3,43.0,0,1
2019-04-01,2019,4,Q2,Nagaland,73.42,65.0,44.05,6.25,6.5,4.76,70.42,72,0,0,1,0,0,3,43.0,0,1
2019-04-01,2019,4,Q2,Odisha,73.42,65.0,44.05,6.25,6.5,4.76,70.42,72,0,0,1,0,0,3,43.0,0,1
2019-04-01,2019,4,Q2,Puducherry,73.42,65.0,44.05,6.25,6.5,4.76,70.42,72,0,0,1,0,0,3,43.0,0,1
2019-04-01,2019,4,Q2,Punjab,73.42,65.0,44.05,6.25,6.5,4.76,70.42,72,0,0,1,0,0,3,43.0,0,1
2019-04-01,2019,4,Q2,Rajasthan,73.42,65.0,44.05,6.25,6.5,4.76,70.42,72,0,0,1,0,0,3,43.0,0,1
2019-04-01,2019,4,Q2,Sikkim,73.42,65.0,44.05,6.25,6.5,4.76,70.42,72,0,0,1,0,0,3,43.0,0,1
2019-04-01,2019,4,Q2,Tamil Nadu,73.42,65.0,44.05,6.25,6.5,4.76,70.42,72,0,0,1,0,0,3,43.0,0,1
2019-04-01,2019,4,Q2,Telangana,73.42,65.0,44.05,6.25,6.5,4.76,70.42,72,0,0,1,0,0,3,43.0,0,1
2019-04-01,2019,4,Q2,Tripura,73.42,65.0,44.05,6.25,6.5,4.76,70.42,72,0,0,1,0,0,3,43.0,0,1
2019-04-01,2019,4,Q2,Uttar Pradesh,73.42,65.0,44.05,6.25,6.5,4.76,70.42,72,0,0,1,0,0,3,43.0,0,1
2019-04-01,2019,4,Q2,Uttarakhand,73.42,65.0,44.05,6.25,6.5,4.76,70.42,72,0,0,1,0,0,3,43.0,0,1
2019-04-01,2019,4,Q2,West Bengal,73.42,65.0,44.05,6.25,6.5,4.76,70.42,72,0,0,1,0,0,3,43.0,0,1
2019-04-01,2019,4,Q2,All India,73.42,65.0,44.05,6.25,6.5,4.76,70.42,72,0,0,1,0,0,3,43.0,0,1
2019-05-01,2019,5,Q2,Andaman & Nicobar Island,72.9,65.72,43.74,6.25,6.5,4.76,70.42,72,0,0,1,0,0,3,43.0,0,1
2019-05-01,2019,5,Q2,Andhra Pradesh,72.9,65.72,43.74,6.25,6.5,4.76,70.42,72,0,0,1,0,0,3,43.0,0,1
2019-05-01,2019,5,Q2,Arunachal Pradesh,72.9,65.72,43.74,6.25,6.5,4.76,70.42,72,0,0,1,0,0,3,43.0,0,1
2019-05-01,2019,5,Q2,Assam,72.9,65.72,43.74,6.25,6.5,4.76,70.42,72,0,0,1,0,0,3,43.0,0,1
2019-05-01,2019,5,Q2,Bihar,72.9,65.72,43.74,6.25,6.5,4.76,70.42,72,0,0,1,0,0,3,43.0,0,1
2019-05-01,2019,5,Q2,Chandigarh,72.9,65.72,43.74,6.25,6.5,4.76,70.42,72,0,0,1,0,0,3,43.0,0,1
2019-05-01,2019,5,Q2,Chhattisgarh,72.9,65.72,43.74,6.25,6.5,4.76,70.42,72,0,0,1,0,0,3,43.0,0,1
2019-05-01,2019,5,Q2,Dadra and Nagar Haveli,72.9,65.72,43.74,6.25,6.5,4.76,70.42,72,0,0,1,0,0,3,43.0,0,1
2019-05-01,2019,5,Q2,Daman and Diu,72.9,65.72,43.74,6.25,6.5,4.76,70.42,72,0,0,1,0,0,3,43.0,0,1
2019-05-01,2019,5,Q2,Delhi,72.9,65.72,43.74,6.25,6.5,4.76,70.42,72,0,0,1,0,0,3,43.0,0,1
2019-05-01,2019,5,Q2,Goa,72.9,65.72,43.74,6.25,6.5,4.76,70.42,72,0,0,1,0,0,3,43.0,0,1
2019-05-01,2019,5,Q2,Gujarat,72.9,65.72,43.74,6.25,6.5,4.76,70.42,72,0,0,1,0,0,3,43.0,0,1
2019-05-01,2019,5,Q2,Haryana,72.9,65.72,43.74,6.25,6.5,4.76,70.42,72,0,0,1,0,0,3,43.0,0,1
2019-05-01,2019,5,Q2,Himachal Pradesh,72.9,65.72,43.74,6.25,6.5,4.76,70.42,72,0,0,1,0,0,3,43.0,0,1
2019-05-01,2019,5,Q2,Jammu and Kashmir,72.9,65.72,43.74,6.25,6.5,4.76,70.42,72,0,0,1,0,0,3,43.0,0,1
2019-05-01,2019,5,Q2,Jharkhand,72.9,65.72,43.74,6.25,6.5,4.76,70.42,72,0,0,1,0,0,3,43.0,0,1
2019-05-01,2019,5,Q2,Karnataka,72.9,65.72,43.74,6.25,6.5,4.76,70.42,72,0,0,1,0,0,3,43.0,0,1
2019-05-01,2019,5,Q2,Kerala,72.9,65.72,43.74,6.25,6.5,4.76,70.42,72,0,0,1,0,0,3,43.0,0,1
2019-05-01,2019,5,Q2,Ladakh,72.9,65.72,43.74,6.25,6.5,4.76,70.42,72,0,0,1,0,0,3,43.0,0,1
2019-05-01,2019,5,Q2,Lakshadweep,72.9,65.72,43.74,6.25,6.5,4.76,70.42,72,0,0,1,0,0,3,43.0,0,1
2019-05-01,2019,5,Q2,Madhya Pradesh,72.9,65.72,43.74,6.25,6.5,4.76,70.42,72,0,0,1,0,0,3,43.0,0,1
2019-05-01,2019,5,Q2,Maharashtra,72.9,65.72,43.74,6.25,6.5,4.76,70.42,72,0,0,1,0,0,3,43.0,0,1
2019-05-01,2019,5,Q2,Manipur,72.9,65.72,43.74,6.25,6.5,4.76,70.42,72,0,0,1,0,0,3,43.0,0,1
2019-05-01,2019,5,Q2,Meghalaya,72.9,65.72,43.74,6.25,6.5,4.76,70.42,72,0,0,1,0,0,3,43.0,0,1
2019-05-01,2019,5,Q2,Mizoram,72.9,65.72,43.74,6.25,6.5,4.76,70.42,72,0,0,1,0,0,3,43.0,0,1
2019-05-01,2019,5,Q2,Nagaland,72.9,65.72,43.74,6.25,6.5,4.76,70.42,72,0,0,1,0,0,3,43.0,0,1
2019-05-01,2019,5,Q2,Odisha,72.9,65.72,43.74,6.25,6.5,4.76,70.42,72,0,0,1,0,0,3,43.0,0,1
2019-05-01,2019,5,Q2,Puducherry,72.9,65.72,43.74,6.25,6.5,4.76,70.42,72,0,0,1,0,0,3,43.0,0,1
2019-05-01,2019,5,Q2,Punjab,72.9,65.72,43.74,6.25,6.5,4.76,70.42,72,0,0,1,0,0,3,43.0,0,1
2019-05-01,2019,5,Q2,Rajasthan,72.9,65.72,43.74,6.25,6.5,4.76,70.42,72,0,0,1,0,0,3,43.0,0,1
2019-05-01,2019,5,Q2,Sikkim,72.9,65.72,43.74,6.25,6.5,4.76,70.42,72,0,0,1,0,0,3,43.0,0,1
2019-05-01,2019,5,Q2,Tamil Nadu,72.9,65.72,43.74,6.25,6.5,4.76,70.42,72,0,0,1,0,0,3,43.0,0,1
2019-05-01,2019,5,Q2,Telangana,72.9,65.72,43.74,6.25,6.5,4.76,70.42,72,0,0,1,0,0,3,43.0,0,1
2019-05-01,2019,5,Q2,Tripura,72.9,65.72,43.74,6.25,6.5,4.76,70.42,72,0,0,1,0,0,3,43.0,0,1
2019-05-01,2019,5,Q2,Uttar Pradesh,72.9,65.72,43.74,6.25,6.5,4.76,70.42,72,0,0,1,0,0,3,43.0,0,1
2019-05-01,2019,5,Q2,Uttarakhand,72.9,65.72,43.74,6.25,6.5,4.76,70.42,72,0,0,1,0,0,3,43.0,0,1
2019-05-01,2019,5,Q2,West Bengal,72.9,65.72,43.74,6.25,6.5,4.76,70.42,72,0,0,1,0,0,3,43.0,0,1
2019-05-01,2019,5,Q2,All India,72.9,65.72,43.74,6.25,6.5,4.76,70.42,72,0,0,1,0,0,3,43.0,0,1
2019-06-01,2019,6,Q2,Andaman & Nicobar Island,71.78,64.42,43.07,6.25,6.5,4.76,70.42,72,0,0,0,0,0,3,43.0,0,1
2019-06-01,2019,6,Q2,Andhra Pradesh,71.78,64.42,43.07,6.25,6.5,4.76,70.42,72,0,0,0,0,0,3,43.0,0,1
2019-06-01,2019,6,Q2,Arunachal Pradesh,71.78,64.42,43.07,6.25,6.5,4.76,70.42,72,0,0,0,0,0,3,43.0,0,1
2019-06-01,2019,6,Q2,Assam,71.78,64.42,43.07,6.25,6.5,4.76,70.42,72,0,0,0,0,0,3,43.0,0,1
2019-06-01,2019,6,Q2,Bihar,71.78,64.42,43.07,6.25,6.5,4.76,70.42,72,0,0,0,0,0,3,43.0,0,1
2019-06-01,2019,6,Q2,Chandigarh,71.78,64.42,43.07,6.25,6.5,4.76,70.42,72,0,0,0,0,0,3,43.0,0,1
2019-06-01,2019,6,Q2,Chhattisgarh,71.78,64.42,43.07,6.25,6.5,4.76,70.42,72,0,0,0,0,0,3,43.0,0,1
2019-06-01,2019,6,Q2,Dadra and Nagar Haveli,71.78,64.42,43.07,6.25,6.5,4.76,70.42,72,0,0,0,0,0,3,43.0,0,1
2019-06-01,2019,6,Q2,Daman and Diu,71.78,64.42,43.07,6.25,6.5,4.76,70.42,72,0,0,0,0,0,3,43.0,0,1
2019-06-01,2019,6,Q2,Delhi,71.78,64.42,43.07,6.25,6.5,4.76,70.42,72,0,0,0,0,0,3,43.0,0,1
2019-06-01,2019,6,Q2,Goa,71.78,64.42,43.07,6.25,6.5,4.76,70.42,72,0,0,0,0,0,3,43.0,0,1
2019-06-01,2019,6,Q2,Gujarat,71.78,64.42,43.07,6.25,6.5,4.76,70.42,72,0,0,0,0,0,3,43.0,0,1
2019-06-01,2019,6,Q2,Haryana,71.78,64.42,43.07,6.25,6.5,4.76,70.42,72,0,0,0,0,0,3,43.0,0,1
2019-06-01,2019,6,Q2,Himachal Pradesh,71.78,64.42,43.07,6.25,6.5,4.76,70.42,72,0,0,0,0,0,3,43.0,0,1
2019-06-01,2019,6,Q2,Jammu and Kashmir,71.78,64.42,43.07,6.25,6.5,4.76,70.42,72,0,0,0,0,0,3,43.0,0,1
2019-06-01,2019,6,Q2,Jharkhand,71.78,64.42,43.07,6.25,6.5,4.76,70.42,72,0,0,0,0,0,3,43.0,0,1
2019-06-01,2019,6,Q2,Karnataka,71.78,64.42,43.07,6.25,6.5,4.76,70.42,72,0,0,0,0,0,3,43.0,0,1
2019-06-01,2019,6,Q2,Kerala,71.78,64.42,43.07,6.25,6.5,4.76,70.42,72,0,0,0,0,0,3,43.0,0,1
2019-06-01,2019,6,Q2,Ladakh,71.78,64.42,43.07,6.25,6.5,4.76,70.42,72,0,0,0,0,0,3,43.0,0,1
2019-06-01,2019,6,Q2,Lakshadweep,71.78,64.42,43.07,6.25,6.5,4.76,70.42,72,0,0,0,0,0,3,43.0,0,1
2019-06-01,2019,6,Q2,Madhya Pradesh,71.78,64.42,43.07,6.25,6.5,4.76,70.42,72,0,0,0,0,0,3,43.0,0,1
2019-06-01,2019,6,Q2,Maharashtra,71.78,64.42,43.07,6.25,6.5,4.76,70.42,72,0,0,0,0,0,3,43.0,0,1
2019-06-01,2019,6,Q2,Manipur,71.78,64.42,43.07,6.25,6.5,4.76,70.42,72,0,0,0,0,0,3,43.0,0,1
2019-06-01,2019,6,Q2,Meghalaya,71.78,64.42,43.07,6.25,6.5,4.76,70.42,72,0,0,0,0,0,3,43.0,0,1
2019-06-01,2019,6,Q2,Mizoram,71.78,64.42,43.07,6.25,6.5,4.76,70.42,72,0,0,0,0,0,3,43.0,0,1
2019-06-01,2019,6,Q2,Nagaland,71.78,64.42,43.07,6.25,6.5,4.76,70.42,72,0,0,0,0,0,3,43.0,0,1
2019-06-01,2019,6,Q2,Odisha,71.78,64.42,43.07,6.25,6.5,4.76,70.42,72,0,0,0,0,0,3,43.0,0,1
2019-06-01,2019,6,Q2,Puducherry,71.78,64.42,43.07,6.25,6.5,4.76,70.42,72,0,0,0,0,0,3,43.0,0,1
2019-06-01,2019,6,Q2,Punjab,71.78,64.42,43.07,6.25,6.5,4.76,70.42,72,0,0,0,0,0,3,43.0,0,1
2019-06-01,2019,6,Q2,Rajasthan,71.78,64.42,43.07,6.25,6.5,4.76,70.42,72,0,0,0,0,0,3,43.0,0,1
2019-06-01,2019,6,Q2,Sikkim,71.78,64.42,43.07,6.25,6.5,4.76,70.42,72,0,0,0,0,0,3,43.0,0,1
2019-06-01,2019,6,Q2,Tamil Nadu,71.78,64.42,43.07,6.25,6.5,4.76,70.42,72,0,0,0,0,0,3,43.0,0,1
2019-06-01,2019,6,Q2,Telangana,71.78,64.42,43.07,6.25,6.5,4.76,70.42,72,0,0,0,0,0,3,43.0,0,1
2019-06-01,2019,6,Q2,Tripura,71.78,64.42,43.07,6.25,6.5,4.76,70.42,72,0,0,0,0,0,3,43.0,0,1
2019-06-01,2019,6,Q2,Uttar Pradesh,71.78,64.42,43.07,6.25,6.5,4.76,70.42,72,0,0,0,0,0,3,43.0,0,1
2019-06-01,2019,6,Q2,Uttarakhand,71.78,64.42,43.07,6.25,6.5,4.76,70.42,72,0,0,0,0,0,3,43.0,0,1
2019-06-01,2019,6,Q2,West Bengal,71.78,64.42,43.07,6.25,6.5,4.76,70.42,72,0,0,0,0,0,3,43.0,0,1
2019-06-01,2019,6,Q2,All India,71.78,64.42,43.07,6.25,6.5,4.76,70.42,72,0,0,0,0,0,3,43.0,0,1
2019-07-01,2019,7,Q3,Andaman & Nicobar Island,72.53,65.37,43.52,6.25,6.5,4.76,70.42,72,0,0,0,0,0,3,43.0,0,1
2019-07-01,2019,7,Q3,Andhra Pradesh,72.53,65.37,43.52,6.25,6.5,4.76,70.42,72,0,0,0,0,0,3,43.0,0,1
2019-07-01,2019,7,Q3,Arunachal Pradesh,72.53,65.37,43.52,6.25,6.5,4.76,70.42,72,0,0,0,0,0,3,43.0,0,1
2019-07-01,2019,7,Q3,Assam,72.53,65.37,43.52,6.25,6.5,4.76,70.42,72,0,0,0,0,0,3,43.0,0,1
2019-07-01,2019,7,Q3,Bihar,72.53,65.37,43.52,6.25,6.5,4.76,70.42,72,0,0,0,0,0,3,43.0,0,1
2019-07-01,2019,7,Q3,Chandigarh,72.53,65.37,43.52,6.25,6.5,4.76,70.42,72,0,0,0,0,0,3,43.0,0,1
2019-07-01,2019,7,Q3,Chhattisgarh,72.53,65.37,43.52,6.25,6.5,4.76,70.42,72,0,0,0,0,0,3,43.0,0,1
2019-07-01,2019,7,Q3,Dadra and Nagar Haveli,72.53,65.37,43.52,6.25,6.5,4.76,70.42,72,0,0,0,0,0,3,43.0,0,1
2019-07-01,2019,7,Q3,Daman and Diu,72.53,65.37,43.52,6.25,6.5,4.76,70.42,72,0,0,0,0,0,3,43.0,0,1
2019-07-01,2019,7,Q3,Delhi,72.53,65.37,43.52,6.25,6.5,4.76,70.42,72,0,0,0,0,0,3,43.0,0,1
2019-07-01,2019,7,Q3,Goa,72.53,65.37,43.52,6.25,6.5,4.76,70.42,72,0,0,0,0,0,3,43.0,0,1
2019-07-01,2019,7,Q3,Gujarat,72.53,65.37,43.52,6.25,6.5,4.76,70.42,72,0,0,0,0,0,3,43.0,0,1
2019-07-01,2019,7,Q3,Haryana,72.53,65.37,43.52,6.25,6.5,4.76,70.42,72,0,0,0,0,0,3,43.0,0,1
2019-07-01,2019,7,Q3,Himachal Pradesh,72.53,65.37,43.52,6.25,6.5,4.76,70.42,72,0,0,0,0,0,3,43.0,0,1
2019-07-01,2019,7,Q3,Jammu and Kashmir,72.53,65.37,43.52,6.25,6.5,4.76,70.42,72,0,0,0,0,0,3,43.0,0,1
2019-07-01,2019,7,Q3,Jharkhand,72.53,65.37,43.52,6.25,6.5,4.76,70.42,72,0,0,0,0,0,3,43.0,0,1
2019-07-01,2019,7,Q3,Karnataka,72.53,65.37,43.52,6.25,6.5,4.76,70.42,72,0,0,0,0,0,3,43.0,0,1
2019-07-01,2019,7,Q3,Kerala,72.53,65.37,43.52,6.25,6.5,4.76,70.42,72,0,0,0,0,0,3,43.0,0,1
2019-07-01,2019,7,Q3,Ladakh,72.53,65.37,43.52,6.25,6.5,4.76,70.42,72,0,0,0,0,0,3,43.0,0,1
2019-07-01,2019,7,Q3,Lakshadweep,72.53,65.37,43.52,6.25,6.5,4.76,70.42,72,0,0,0,0,0,3,43.0,0,1
2019-07-01,2019,7,Q3,Madhya Pradesh,72.53,65.37,43.52,6.25,6.5,4.76,70.42,72,0,0,0,0,0,3,43.0,0,1
2019-07-01,2019,7,Q3,Maharashtra,72.53,65.37,43.52,6.25,6.5,4.76,70.42,72,0,0,0,0,0,3,43.0,0,1
2019-07-01,2019,7,Q3,Manipur,72.53,65.37,43.52,6.25,6.5,4.76,70.42,72,0,0,0,0,0,3,43.0,0,1
2019-07-01,2019,7,Q3,Meghalaya,72.53,65.37,43.52,6.25,6.5,4.76,70.42,72,0,0,0,0,0,3,43.0,0,1
2019-07-01,2019,7,Q3,Mizoram,72.53,65.37,43.52,6.25,6.5,4.76,70.42,72,0,0,0,0,0,3,43.0,0,1
2019-07-01,2019,7,Q3,Nagaland,72.53,65.37,43.52,6.25,6.5,4.76,70.42,72,0,0,0,0,0,3,43.0,0,1
2019-07-01,2019,7,Q3,Odisha,72.53,65.37,43.52,6.25,6.5,4.76,70.42,72,0,0,0,0,0,3,43.0,0,1
2019-07-01,2019,7,Q3,Puducherry,72.53,65.37,43.52,6.25,6.5,4.76,70.42,72,0,0,0,0,0,3,43.0,0,1
2019-07-01,2019,7,Q3,Punjab,72.53,65.37,43.52,6.25,6.5,4.76,70.42,72,0,0,0,0,0,3,43.0,0,1
2019-07-01,2019,7,Q3,Rajasthan,72.53,65.37,43.52,6.25,6.5,4.76,70.42,72,0,0,0,0,0,3,43.0,0,1
2019-07-01,2019,7,Q3,Sikkim,72.53,65.37,43.52,6.25,6.5,4.76,70.42,72,0,0,0,0,0,3,43.0,0,1
2019-07-01,2019,7,Q3,Tamil Nadu,72.53,65.37,43.52,6.25,6.5,4.76,70.42,72,0,0,0,0,0,3,43.0,0,1
2019-07-01,2019,7,Q3,Telangana,72.53,65.37,43.52,6.25,6.5,4.76,70.42,72,0,0,0,0,0,3,43.0,0,1
2019-07-01,2019,7,Q3,Tripura,72.53,65.37,43.52,6.25,6.5,4.76,70.42,72,0,0,0,0,0,3,43.0,0,1
2019-07-01,2019,7,Q3,Uttar Pradesh,72.53,65.37,43.52,6.25,6.5,4.76,70.42,72,0,0,0,0,0,3,43.0,0,1
2019-07-01,2019,7,Q3,Uttarakhand,72.53,65.37,43.52,6.25,6.5,4.76,70.42,72,0,0,0,0,0,3,43.0,0,1
2019-07-01,2019,7,Q3,West Bengal,72.53,65.37,43.52,6.25,6.5,4.76,70.42,72,0,0,0,0,0,3,43.0,0,1
2019-07-01,2019,7,Q3,All India,72.53,65.37,43.52,6.25,6.5,4.76,70.42,72,0,0,0,0,0,3,43.0,0,1
2019-08-01,2019,8,Q3,Andaman & Nicobar Island,73.5,66.13,44.1,6.25,6.5,4.76,70.42,72,0,0,0,0,0,3,43.0,0,1
2019-08-01,2019,8,Q3,Andhra Pradesh,73.5,66.13,44.1,6.25,6.5,4.76,70.42,72,0,0,0,0,0,3,43.0,0,1
2019-08-01,2019,8,Q3,Arunachal Pradesh,73.5,66.13,44.1,6.25,6.5,4.76,70.42,72,0,0,0,0,0,3,43.0,0,1
2019-08-01,2019,8,Q3,Assam,73.5,66.13,44.1,6.25,6.5,4.76,70.42,72,0,0,0,0,0,3,43.0,0,1
2019-08-01,2019,8,Q3,Bihar,73.5,66.13,44.1,6.25,6.5,4.76,70.42,72,0,0,0,0,0,3,43.0,0,1
2019-08-01,2019,8,Q3,Chandigarh,73.5,66.13,44.1,6.25,6.5,4.76,70.42,72,0,0,0,0,0,3,43.0,0,1
2019-08-01,2019,8,Q3,Chhattisgarh,73.5,66.13,44.1,6.25,6.5,4.76,70.42,72,0,0,0,0,0,3,43.0,0,1
2019-08-01,2019,8,Q3,Dadra and Nagar Haveli,73.5,66.13,44.1,6.25,6.5,4.76,70.42,72,0,0,0,0,0,3,43.0,0,1
2019-08-01,2019,8,Q3,Daman and Diu,73.5,66.13,44.1,6.25,6.5,4.76,70.42,72,0,0,0,0,0,3,43.0,0,1
2019-08-01,2019,8,Q3,Delhi,73.5,66.13,44.1,6.25,6.5,4.76,70.42,72,0,0,0,0,0,3,43.0,0,1
2019-08-01,2019,8,Q3,Goa,73.5,66.13,44.1,6.25,6.5,4.76,70.42,72,0,0,0,0,0,3,43.0,0,1
2019-08-01,2019,8,Q3,Gujarat,73.5,66.13,44.1,6.25,6.5,4.76,70.42,72,0,0,0,0,0,3,43.0,0,1
2019-08-01,2019,8,Q3,Haryana,73.5,66.13,44.1,6.25,6.5,4.76,70.42,72,0,0,0,0,0,3,43.0,0,1
2019-08-01,2019,8,Q3,Himachal Pradesh,73.5,66.13,44.1,6.25,6.5,4.76,70.42,72,0,0,0,0,0,3,43.0,0,1
2019-08-01,2019,8,Q3,Jammu and Kashmir,73.5,66.13,44.1,6.25,6.5,4.76,70.42,72,0,0,0,0,0,3,43.0,0,1
2019-08-01,2019,8,Q3,Jharkhand,73.5,66.13,44.1,6.25,6.5,4.76,70.42,72,0,0,0,0,0,3,43.0,0,1
2019-08-01,2019,8,Q3,Karnataka,73.5,66.13,44.1,6.25,6.5,4.76,70.42,72,0,0,0,0,0,3,43.0,0,1
2019-08-01,2019,8,Q3,Kerala,73.5,66.13,44.1,6.25,6.5,4.76,70.42,72,0,0,0,0,0,3,43.0,0,1
2019-08-01,2019,8,Q3,Ladakh,73.5,66.13,44.1,6.25,6.5,4.76,70.42,72,0,0,0,0,0,3,43.0,0,1
2019-08-01,2019,8,Q3,Lakshadweep,73.5,66.13,44.1,6.25,6.5,4.76,70.42,72,0,0,0,0,0,3,43.0,0,1
2019-08-01,2019,8,Q3,Madhya Pradesh,73.5,66.13,44.1,6.25,6.5,4.76,70.42,72,0,0,0,0,0,3,43.0,0,1
2019-08-01,2019,8,Q3,Maharashtra,73.5,66.13,44.1,6.25,6.5,4.76,70.42,72,0,0,0,0,0,3,43.0,0,1
2019-08-01,2019,8,Q3,Manipur,73.5,66.13,44.1,6.25,6.5,4.76,70.42,72,0,0,0,0,0,3,43.0,0,1
2019-08-01,2019,8,Q3,Meghalaya,73.5,66.13,44.1,6.25,6.5,4.76,70.42,72,0,0,0,0,0,3,43.0,0,1
2019-08-01,2019,8,Q3,Mizoram,73.5,66.13,44.1,6.25,6.5,4.76,70.42,72,0,0,0,0,0,3,43.0,0,1
2019-08-01,2019,8,Q3,Nagaland,73.5,66.13,44.1,6.25,6.5,4.76,70.42,72,0,0,0,0,0,3,43.0,0,1
2019-08-01,2019,8,Q3,Odisha,73.5,66.13,44.1,6.25,6.5,4.76,70.42,72,0,0,0,0,0,3,43.0,0,1
2019-08-01,2019,8,Q3,Puducherry,73.5,66.13,44.1,6.25,6.5,4.76,70.42,72,0,0,0,0,0,3,43.0,0,1
2019-08-01,2019,8,Q3,Punjab,73.5,66.13,44.1,6.25,6.5,4.76,70.42,72,0,0,0,0,0,3,43.0,0,1
2019-08-01,2019,8,Q3,Rajasthan,73.5,66.13,44.1,6.25,6.5,4.76,70.42,72,0,0,0,0,0,3,43.0,0,1
2019-08-01,2019,8,Q3,Sikkim,73.5,66.13,44.1,6.25,6.5,4.76,70.42,72,0,0,0,0,0,3,43.0,0,1
2019-08-01,2019,8,Q3,Tamil Nadu,73.5,66.13,44.1,6.25,6.5,4.76,70.42,72,0,0,0,0,0,3,43.0,0,1
2019-08-01,2019,8,Q3,Telangana,73.5,66.13,44.1,6.25,6.5,4.76,70.42,72,0,0,0,0,0,3,43.0,0,1
2019-08-01,2019,8,Q3,Tripura,73.5,66.13,44.1,6.25,6.5,4.76,70.42,72,0,0,0,0,0,3,43.0,0,1
2019-08-01,2019,8,Q3,Uttar Pradesh,73.5,66.13,44.1,6.25,6.5,4.76,70.42,72,0,0,0,0,0,3,43.0,0,1
2019-08-01,2019,8,Q3,Uttarakhand,73.5,66.13,44.1,6.25,6.5,4.76,70.42,72,0,0,0,0,0,3,43.0,0,1
2019-08-01,2019,8,Q3,West Bengal,73.5,66.13,44.1,6.25,6.5,4.76,70.42,72,0,0,0,0,0,3,43.0,0,1
2019-08-01,2019,8,Q3,All India,73.5,66.13,44.1,6.25,6.5,4.76,70.42,72,0,0,0,0,0,3,43.0,0,1
2019-09-01,2019,9,Q3,Andaman & Nicobar Island,74.02,67.28,44.41,6.25,6.5,4.76,70.42,72,0,0,0,0,0,5,43.0,0,1
2019-09-01,2019,9,Q3,Andhra Pradesh,74.02,67.28,44.41,6.25,6.5,4.76,70.42,72,0,0,0,0,0,5,43.0,0,1
2019-09-01,2019,9,Q3,Arunachal Pradesh,74.02,67.28,44.41,6.25,6.5,4.76,70.42,72,0,0,0,0,0,5,43.0,0,1
2019-09-01,2019,9,Q3,Assam,74.02,67.28,44.41,6.25,6.5,4.76,70.42,72,0,0,0,0,0,5,43.0,0,1
2019-09-01,2019,9,Q3,Bihar,74.02,67.28,44.41,6.25,6.5,4.76,70.42,72,0,0,0,0,0,5,43.0,0,1
2019-09-01,2019,9,Q3,Chandigarh,74.02,67.28,44.41,6.25,6.5,4.76,70.42,72,0,0,0,0,0,5,43.0,0,1
2019-09-01,2019,9,Q3,Chhattisgarh,74.02,67.28,44.41,6.25,6.5,4.76,70.42,72,0,0,0,0,0,5,43.0,0,1
2019-09-01,2019,9,Q3,Dadra and Nagar Haveli,74.02,67.28,44.41,6.25,6.5,4.76,70.42,72,0,0,0,0,0,5,43.0,0,1
2019-09-01,2019,9,Q3,Daman and Diu,74.02,67.28,44.41,6.25,6.5,4.76,70.42,72,0,0,0,0,0,5,43.0,0,1
2019-09-01,2019,9,Q3,Delhi,74.02,67.28,44.41,6.25,6.5,4.76,70.42,72,0,0,0,0,0,5,43.0,0,1
2019-09-01,2019,9,Q3,Goa,74.02,67.28,44.41,6.25,6.5,4.76,70.42,72,0,0,0,0,0,5,43.0,0,1
2019-09-01,2019,9,Q3,Gujarat,74.02,67.28,44.41,6.25,6.5,4.76,70.42,72,0,0,0,0,0,5,43.0,0,1
2019-09-01,2019,9,Q3,Haryana,74.02,67.28,44.41,6.25,6.5,4.76,70.42,72,0,0,0,0,0,5,43.0,0,1
2019-09-01,2019,9,Q3,Himachal Pradesh,74.02,67.28,44.41,6.25,6.5,4.76,70.42,72,0,0,0,0,0,5,43.0,0,1
2019-09-01,2019,9,Q3,Jammu and Kashmir,74.02,67.28,44.41,6.25,6.5,4.76,70.42,72,0,0,0,0,0,5,43.0,0,1
2019-09-01,2019,9,Q3,Jharkhand,74.02,67.28,44.41,6.25,6.5,4.76,70.42,72,0,0,0,0,0,5,43.0,0,1
2019-09-01,2019,9,Q3,Karnataka,74.02,67.28,44.41,6.25,6.5,4.76,70.42,72,0,0,0,0,0,5,43.0,0,1
2019-09-01,2019,9,Q3,Kerala,74.02,67.28,44.41,6.25,6.5,4.76,70.42,72,0,0,0,0,0,5,43.0,0,1
2019-09-01,2019,9,Q3,Ladakh,74.02,67.28,44.41,6.25,6.5,4.76,70.42,72,0,0,0,0,0,5,43.0,0,1
2019-09-01,2019,9,Q3,Lakshadweep,74.02,67.28,44.41,6.25,6.5,4.76,70.42,72,0,0,0,0,0,5,43.0,0,1
2019-09-01,2019,9,Q3,Madhya Pradesh,74.02,67.28,44.41,6.25,6.5,4.76,70.42,72,0,0,0,0,0,5,43.0,0,1
2019-09-01,2019,9,Q3,Maharashtra,74.02,67.28,44.41,6.25,6.5,4.76,70.42,72,0,0,0,0,0,5,43.0,0,1
2019-09-01,2019,9,Q3,Manipur,74.02,67.28,44.41,6.25,6.5,4.76,70.42,72,0,0,0,0,0,5,43.0,0,1
2019-09-01,2019,9,Q3,Meghalaya,74.02,67.28,44.41,6.25,6.5,4.76,70.42,72,0,0,0,0,0,5,43.0,0,1
2019-09-01,2019,9,Q3,Mizoram,74.02,67.28,44.41,6.25,6.5,4.76,70.42,72,0,0,0,0,0,5,43.0,0,1
2019-09-01,2019,9,Q3,Nagaland,74.02,67.28,44.41,6.25,6.5,4.76,70.42,72,0,0,0,0,0,5,43.0,0,1
2019-09-01,2019,9,Q3,Odisha,74.02,67.28,44.41,6.25,6.5,4.76,70.42,72,0,0,0,0,0,5,43.0,0,1
2019-09-01,2019,9,Q3,Puducherry,74.02,67.28,44.41,6.25,6.5,4.76,70.42,72,0,0,0,0,0,5,43.0,0,1
2019-09-01,2019,9,Q3,Punjab,74.02,67.28,44.41,6.25,6.5,4.76,70.42,72,0,0,0,0,0,5,43.0,0,1
2019-09-01,2019,9,Q3,Rajasthan,74.02,67.28,44.41,6.25,6.5,4.76,70.42,72,0,0,0,0,0,5,43.0,0,1
2019-09-01,2019,9,Q3,Sikkim,74.02,67.28,44.41,6.25,6.5,4.76,70.42,72,0,0,0,0,0,5,43.0,0,1
2019-09-01,2019,9,Q3,Tamil Nadu,74.02,67.28,44.41,6.25,6.5,4.76,70.42,72,0,0,0,0,0,5,43.0,0,1
2019-09-01,2019,9,Q3,Telangana,74.02,67.28,44.41,6.25,6.5,4.76,70.42,72,0,0,0,0,0,5,43.0,0,1
2019-09-01,2019,9,Q3,Tripura,74.02,67.28,44.41,6.25,6.5,4.76,70.42,72,0,0,0,0,0,5,43.0,0,1
2019-09-01,2019,9,Q3,Uttar Pradesh,74.02,67.28,44.41,6.25,6.5,4.76,70.42,72,0,0,0,0,0,5,43.0,0,1
2019-09-01,2019,9,Q3,Uttarakhand,74.02,67.28,44.41,6.25,6.5,4.76,70.42,72,0,0,0,0,0,5,43.0,0,1
2019-09-01,2019,9,Q3,West Bengal,74.02,67.28,44.41,6.25,6.5,4.76,70.42,72,0,0,0,0,0,5,43.0,0,1
2019-09-01,2019,9,Q3,All India,74.02,67.28,44.41,6.25,6.5,4.76,70.42,72,0,0,0,0,0,5,43.0,0,1
2019-10-01,2019,10,Q4,Andaman & Nicobar Island,73.8,67.37,44.28,6.25,6.5,4.76,70.42,72,1,1,0,0,0,5,43.0,0,1
2019-10-01,2019,10,Q4,Andhra Pradesh,73.8,67.37,44.28,6.25,6.5,4.76,70.42,72,1,1,0,0,0,5,43.0,0,1
2019-10-01,2019,10,Q4,Arunachal Pradesh,73.8,67.37,44.28,6.25,6.5,4.76,70.42,72,1,1,0,0,0,5,43.0,0,1
2019-10-01,2019,10,Q4,Assam,73.8,67.37,44.28,6.25,6.5,4.76,70.42,72,1,1,0,0,0,5,43.0,0,1
2019-10-01,2019,10,Q4,Bihar,73.8,67.37,44.28,6.25,6.5,4.76,70.42,72,1,1,0,0,0,5,43.0,0,1
2019-10-01,2019,10,Q4,Chandigarh,73.8,67.37,44.28,6.25,6.5,4.76,70.42,72,1,1,0,0,0,5,43.0,0,1
2019-10-01,2019,10,Q4,Chhattisgarh,73.8,67.37,44.28,6.25,6.5,4.76,70.42,72,1,1,0,0,0,5,43.0,0,1
2019-10-01,2019,10,Q4,Dadra and Nagar Haveli,73.8,67.37,44.28,6.25,6.5,4.76,70.42,72,1,1,0,0,0,5,43.0,0,1
2019-10-01,2019,10,Q4,Daman and Diu,73.8,67.37,44.28,6.25,6.5,4.76,70.42,72,1,1,0,0,0,5,43.0,0,1
2019-10-01,2019,10,Q4,Delhi,73.8,67.37,44.28,6.25,6.5,4.76,70.42,72,1,1,0,0,0,5,43.0,0,1
2019-10-01,2019,10,Q4,Goa,73.8,67.37,44.28,6.25,6.5,4.76,70.42,72,1,1,0,0,0,5,43.0,0,1
2019-10-01,2019,10,Q4,Gujarat,73.8,67.37,44.28,6.25,6.5,4.76,70.42,72,1,1,0,0,0,5,43.0,0,1
2019-10-01,2019,10,Q4,Haryana,73.8,67.37,44.28,6.25,6.5,4.76,70.42,72,1,1,0,0,0,5,43.0,0,1
2019-10-01,2019,10,Q4,Himachal Pradesh,73.8,67.37,44.28,6.25,6.5,4.76,70.42,72,1,1,0,0,0,5,43.0,0,1
2019-10-01,2019,10,Q4,Jammu and Kashmir,73.8,67.37,44.28,6.25,6.5,4.76,70.42,72,1,1,0,0,0,5,43.0,0,1
2019-10-01,2019,10,Q4,Jharkhand,73.8,67.37,44.28,6.25,6.5,4.76,70.42,72,1,1,0,0,0,5,43.0,0,1
2019-10-01,2019,10,Q4,Karnataka,73.8,67.37,44.28,6.25,6.5,4.76,70.42,72,1,1,0,0,0,5,43.0,0,1
2019-10-01,2019,10,Q4,Kerala,73.8,67.37,44.28,6.25,6.5,4.76,70.42,72,1,1,0,0,0,5,43.0,0,1
2019-10-01,2019,10,Q4,Ladakh,73.8,67.37,44.28,6.25,6.5,4.76,70.42,72,1,1,0,0,0,5,43.0,0,1
2019-10-01,2019,10,Q4,Lakshadweep,73.8,67.37,44.28,6.25,6.5,4.76,70.42,72,1,1,0,0,0,5,43.0,0,1
2019-10-01,2019,10,Q4,Madhya Pradesh,73.8,67.37,44.28,6.25,6.5,4.76,70.42,72,1,1,0,0,0,5,43.0,0,1
2019-10-01,2019,10,Q4,Maharashtra,73.8,67.37,44.28,6.25,6.5,4.76,70.42,72,1,1,0,0,0,5,43.0,0,1
2019-10-01,2019,10,Q4,Manipur,73.8,67.37,44.28,6.25,6.5,4.76,70.42,72,1,1,0,0,0,5,43.0,0,1
2019-10-01,2019,10,Q4,Meghalaya,73.8,67.37,44.28,6.25,6.5,4.76,70.42,72,1,1,0,0,0,5,43.0,0,1
2019-10-01,2019,10,Q4,Mizoram,73.8,67.37,44.28,6.25,6.5,4.76,70.42,72,1,1,0,0,0,5,43.0,0,1
2019-10-01,2019,10,Q4,Nagaland,73.8,67.37,44.28,6.25,6.5,4.76,70.42,72,1,1,0,0,0,5,43.0,0,1
2019-10-01,2019,10,Q4,Odisha,73.8,67.37,44.28,6.25,6.5,4.76,70.42,72,1,1,0,0,0,5,43.0,0,1
2019-10-01,2019,10,Q4,Puducherry,73.8,67.37,44.28,6.25,6.5,4.76,70.42,72,1,1,0,0,0,5,43.0,0,1
2019-10-01,2019,10,Q4,Punjab,73.8,67.37,44.28,6.25,6.5,4.76,70.42,72,1,1,0,0,0,5,43.0,0,1
2019-10-01,2019,10,Q4,Rajasthan,73.8,67.37,44.28,6.25,6.5,4.76,70.42,72,1,1,0,0,0,5,43.0,0,1
2019-10-01,2019,10,Q4,Sikkim,73.8,67.37,44.28,6.25,6.5,4.76,70.42,72,1,1,0,0,0,5,43.0,0,1
2019-10-01,2019,10,Q4,Tamil Nadu,73.8,67.37,44.28,6.25,6.5,4.76,70.42,72,1,1,0,0,0,5,43.0,0,1
2019-10-01,2019,10,Q4,Telangana,73.8,67.37,44.28,6.25,6.5,4.76,70.42,72,1,1,0,0,0,5,43.0,0,1
2019-10-01,2019,10,Q4,Tripura,73.8,67.37,44.28,6.25,6.5,4.76,70.42,72,1,1,0,0,0,5,43.0,0,1
2019-10-01,2019,10,Q4,Uttar Pradesh,73.8,67.37,44.28,6.25,6.5,4.76,70.42,72,1,1,0,0,0,5,43.0,0,1
2019-10-01,2019,10,Q4,Uttarakhand,73.8,67.37,44.28,6.25,6.5,4.76,70.42,72,1,1,0,0,0,5,43.0,0,1
2019-10-01,2019,10,Q4,West Bengal,73.8,67.37,44.28,6.25,6.5,4.76,70.42,72,1,1,0,0,0,5,43.0,0,1
2019-10-01,2019,10,Q4,All India,73.8,67.37,44.28,6.25,6.5,4.76,70.42,72,1,1,0,0,0,5,43.0,0,1
2019-11-01,2019,11,Q4,Andaman & Nicobar Island,74.5,68.14,44.7,6.25,6.5,4.76,70.42,72,1,0,0,0,0,3,43.0,0,1
2019-11-01,2019,11,Q4,Andhra Pradesh,74.5,68.14,44.7,6.25,6.5,4.76,70.42,72,1,0,0,0,0,3,43.0,0,1
2019-11-01,2019,11,Q4,Arunachal Pradesh,74.5,68.14,44.7,6.25,6.5,4.76,70.42,72,1,0,0,0,0,3,43.0,0,1
2019-11-01,2019,11,Q4,Assam,74.5,68.14,44.7,6.25,6.5,4.76,70.42,72,1,0,0,0,0,3,43.0,0,1
2019-11-01,2019,11,Q4,Bihar,74.5,68.14,44.7,6.25,6.5,4.76,70.42,72,1,0,0,0,0,3,43.0,0,1
2019-11-01,2019,11,Q4,Chandigarh,74.5,68.14,44.7,6.25,6.5,4.76,70.42,72,1,0,0,0,0,3,43.0,0,1
2019-11-01,2019,11,Q4,Chhattisgarh,74.5,68.14,44.7,6.25,6.5,4.76,70.42,72,1,0,0,0,0,3,43.0,0,1
2019-11-01,2019,11,Q4,Dadra and Nagar Haveli,74.5,68.14,44.7,6.25,6.5,4.76,70.42,72,1,0,0,0,0,3,43.0,0,1
2019-11-01,2019,11,Q4,Daman and Diu,74.5,68.14,44.7,6.25,6.5,4.76,70.42,72,1,0,0,0,0,3,43.0,0,1
2019-11-01,2019,11,Q4,Delhi,74.5,68.14,44.7,6.25,6.5,4.76,70.42,72,1,0,0,0,0,3,43.0,0,1
2019-11-01,2019,11,Q4,Goa,74.5,68.14,44.7,6.25,6.5,4.76,70.42,72,1,0,0,0,0,3,43.0,0,1
2019-11-01,2019,11,Q4,Gujarat,74.5,68.14,44.7,6.25,6.5,4.76,70.42,72,1,0,0,0,0,3,43.0,0,1
2019-11-01,2019,11,Q4,Haryana,74.5,68.14,44.7,6.25,6.5,4.76,70.42,72,1,0,0,0,0,3,43.0,0,1
2019-11-01,2019,11,Q4,Himachal Pradesh,74.5,68.14,44.7,6.25,6.5,4.76,70.42,72,1,0,0,0,0,3,43.0,0,1
2019-11-01,2019,11,Q4,Jammu and Kashmir,74.5,68.14,44.7,6.25,6.5,4.76,70.42,72,1,0,0,0,0,3,43.0,0,1
2019-11-01,2019,11,Q4,Jharkhand,74.5,68.14,44.7,6.25,6.5,4.76,70.42,72,1,0,0,0,0,3,43.0,0,1
2019-11-01,2019,11,Q4,Karnataka,74.5,68.14,44.7,6.25,6.5,4.76,70.42,72,1,0,0,0,0,3,43.0,0,1
2019-11-01,2019,11,Q4,Kerala,74.5,68.14,44.7,6.25,6.5,4.76,70.42,72,1,0,0,0,0,3,43.0,0,1
2019-11-01,2019,11,Q4,Ladakh,74.5,68.14,44.7,6.25,6.5,4.76,70.42,72,1,0,0,0,0,3,43.0,0,1
2019-11-01,2019,11,Q4,Lakshadweep,74.5,68.14,44.7,6.25,6.5,4.76,70.42,72,1,0,0,0,0,3,43.0,0,1
2019-11-01,2019,11,Q4,Madhya Pradesh,74.5,68.14,44.7,6.25,6.5,4.76,70.42,72,1,0,0,0,0,3,43.0,0,1
2019-11-01,2019,11,Q4,Maharashtra,74.5,68.14,44.7,6.25,6.5,4.76,70.42,72,1,0,0,0,0,3,43.0,0,1
2019-11-01,2019,11,Q4,Manipur,74.5,68.14,44.7,6.25,6.5,4.76,70.42,72,1,0,0,0,0,3,43.0,0,1
2019-11-01,2019,11,Q4,Meghalaya,74.5,68.14,44.7,6.25,6.5,4.76,70.42,72,1,0,0,0,0,3,43.0,0,1
2019-11-01,2019,11,Q4,Mizoram,74.5,68.14,44.7,6.25,6.5,4.76,70.42,72,1,0,0,0,0,3,43.0,0,1
2019-11-01,2019,11,Q4,Nagaland,74.5,68.14,44.7,6.25,6.5,4.76,70.42,72,1,0,0,0,0,3,43.0,0,1
2019-11-01,2019,11,Q4,Odisha,74.5,68.14,44.7,6.25,6.5,4.76,70.42,72,1,0,0,0,0,3,43.0,0,1
2019-11-01,2019,11,Q4,Puducherry,74.5,68.14,44.7,6.25,6.5,4.76,70.42,72,1,0,0,0,0,3,43.0,0,1
2019-11-01,2019,11,Q4,Punjab,74.5,68.14,44.7,6.25,6.5,4.76,70.42,72,1,0,0,0,0,3,43.0,0,1
2019-11-01,2019,11,Q4,Rajasthan,74.5,68.14,44.7,6.25,6.5,4.76,70.42,72,1,0,0,0,0,3,43.0,0,1
2019-11-01,2019,11,Q4,Sikkim,74.5,68.14,44.7,6.25,6.5,4.76,70.42,72,1,0,0,0,0,3,43.0,0,1
2019-11-01,2019,11,Q4,Tamil Nadu,74.5,68.14,44.7,6.25,6.5,4.76,70.42,72,1,0,0,0,0,3,43.0,0,1
2019-11-01,2019,11,Q4,Telangana,74.5,68.14,44.7,6.25,6.5,4.76,70.42,72,1,0,0,0,0,3,43.0,0,1
2019-11-01,2019,11,Q4,Tripura,74.5,68.14,44.7,6.25,6.5,4.76,70.42,72,1,0,0,0,0,3,43.0,0,1
2019-11-01,2019,11,Q4,Uttar Pradesh,74.5,68.14,44.7,6.25,6.5,4.76,70.42,72,1,0,0,0,0,3,43.0,0,1
2019-11-01,2019,11,Q4,Uttarakhand,74.5,68.14,44.7,6.25,6.5,4.76,70.42,72,1,0,0,0,0,3,43.0,0,1
2019-11-01,2019,11,Q4,West Bengal,74.5,68.14,44.7,6.25,6.5,4.76,70.42,72,1,0,0,0,0,3,43.0,0,1
2019-11-01,2019,11,Q4,All India,74.5,68.14,44.7,6.25,6.5,4.76,70.42,72,1,0,0,0,0,3,43.0,0,1
2019-12-01,2019,12,Q4,Andaman & Nicobar Island,75.13,68.6,45.08,6.25,6.5,4.76,70.42,72,0,0,0,0,0,3,43.0,0,1
2019-12-01,2019,12,Q4,Andhra Pradesh,75.13,68.6,45.08,6.25,6.5,4.76,70.42,72,0,0,0,0,0,3,43.0,0,1
2019-12-01,2019,12,Q4,Arunachal Pradesh,75.13,68.6,45.08,6.25,6.5,4.76,70.42,72,0,0,0,0,0,3,43.0,0,1
2019-12-01,2019,12,Q4,Assam,75.13,68.6,45.08,6.25,6.5,4.76,70.42,72,0,0,0,0,0,3,43.0,0,1
2019-12-01,2019,12,Q4,Bihar,75.13,68.6,45.08,6.25,6.5,4.76,70.42,72,0,0,0,0,0,3,43.0,0,1
2019-12-01,2019,12,Q4,Chandigarh,75.13,68.6,45.08,6.25,6.5,4.76,70.42,72,0,0,0,0,0,3,43.0,0,1
2019-12-01,2019,12,Q4,Chhattisgarh,75.13,68.6,45.08,6.25,6.5,4.76,70.42,72,0,0,0,0,0,3,43.0,0,1
2019-12-01,2019,12,Q4,Dadra and Nagar Haveli,75.13,68.6,45.08,6.25,6.5,4.76,70.42,72,0,0,0,0,0,3,43.0,0,1
2019-12-01,2019,12,Q4,Daman and Diu,75.13,68.6,45.08,6.25,6.5,4.76,70.42,72,0,0,0,0,0,3,43.0,0,1
2019-12-01,2019,12,Q4,Delhi,75.13,68.6,45.08,6.25,6.5,4.76,70.42,72,0,0,0,0,0,3,43.0,0,1
2019-12-01,2019,12,Q4,Goa,75.13,68.6,45.08,6.25,6.5,4.76,70.42,72,0,0,0,0,0,3,43.0,0,1
2019-12-01,2019,12,Q4,Gujarat,75.13,68.6,45.08,6.25,6.5,4.76,70.42,72,0,0,0,0,0,3,43.0,0,1
2019-12-01,2019,12,Q4,Haryana,75.13,68.6,45.08,6.25,6.5,4.76,70.42,72,0,0,0,0,0,3,43.0,0,1
2019-12-01,2019,12,Q4,Himachal Pradesh,75.13,68.6,45.08,6.25,6.5,4.76,70.42,72,0,0,0,0,0,3,43.0,0,1
2019-12-01,2019,12,Q4,Jammu and Kashmir,75.13,68.6,45.08,6.25,6.5,4.76,70.42,72,0,0,0,0,0,3,43.0,0,1
2019-12-01,2019,12,Q4,Jharkhand,75.13,68.6,45.08,6.25,6.5,4.76,70.42,72,0,0,0,0,0,3,43.0,0,1
2019-12-01,2019,12,Q4,Karnataka,75.13,68.6,45.08,6.25,6.5,4.76,70.42,72,0,0,0,0,0,3,43.0,0,1
2019-12-01,2019,12,Q4,Kerala,75.13,68.6,45.08,6.25,6.5,4.76,70.42,72,0,0,0,0,0,3,43.0,0,1
2019-12-01,2019,12,Q4,Ladakh,75.13,68.6,45.08,6.25,6.5,4.76,70.42,72,0,0,0,0,0,3,43.0,0,1
2019-12-01,2019,12,Q4,Lakshadweep,75.13,68.6,45.08,6.25,6.5,4.76,70.42,72,0,0,0,0,0,3,43.0,0,1
2019-12-01,2019,12,Q4,Madhya Pradesh,75.13,68.6,45.08,6.25,6.5,4.76,70.42,72,0,0,0,0,0,3,43.0,0,1
2019-12-01,2019,12,Q4,Maharashtra,75.13,68.6,45.08,6.25,6.5,4.76,70.42,72,0,0,0,0,0,3,43.0,0,1
2019-12-01,2019,12,Q4,Manipur,75.13,68.6,45.08,6.25,6.5,4.76,70.42,72,0,0,0,0,0,3,43.0,0,1
2019-12-01,2019,12,Q4,Meghalaya,75.13,68.6,45.08,6.25,6.5,4.76,70.42,72,0,0,0,0,0,3,43.0,0,1
2019-12-01,2019,12,Q4,Mizoram,75.13,68.6,45.08,6.25,6.5,4.76,70.42,72,0,0,0,0,0,3,43.0,0,1
2019-12-01,2019,12,Q4,Nagaland,75.13,68.6,45.08,6.25,6.5,4.76,70.42,72,0,0,0,0,0,3,43.0,0,1
2019-12-01,2019,12,Q4,Odisha,75.13,68.6,45.08,6.25,6.5,4.76,70.42,72,0,0,0,0,0,3,43.0,0,1
2019-12-01,2019,12,Q4,Puducherry,75.13,68.6,45.08,6.25,6.5,4.76,70.42,72,0,0,0,0,0,3,43.0,0,1
2019-12-01,2019,12,Q4,Punjab,75.13,68.6,45.08,6.25,6.5,4.76,70.42,72,0,0,0,0,0,3,43.0,0,1
2019-12-01,2019,12,Q4,Rajasthan,75.13,68.6,45.08,6.25,6.5,4.76,70.42,72,0,0,0,0,0,3,43.0,0,1
2019-12-01,2019,12,Q4,Sikkim,75.13,68.6,45.08,6.25,6.5,4.76,70.42,72,0,0,0,0,0,3,43.0,0,1
2019-12-01,2019,12,Q4,Tamil Nadu,75.13,68.6,45.08,6.25,6.5,4.76,70.42,72,0,0,0,0,0,3,43.0,0,1
2019-12-01,2019,12,Q4,Telangana,75.13,68.6,45.08,6.25,6.5,4.76,70.42,72,0,0,0,0,0,3,43.0,0,1
2019-12-01,2019,12,Q4,Tripura,75.13,68.6,45.08,6.25,6.5,4.76,70.42,72,0,0,0,0,0,3,43.0,0,1
2019-12-01,2019,12,Q4,Uttar Pradesh,75.13,68.6,45.08,6.25,6.5,4.76,70.42,72,0,0,0,0,0,3,43.0,0,1
2019-12-01,2019,12,Q4,Uttarakhand,75.13,68.6,45.08,6.25,6.5,4.76,70.42,72,0,0,0,0,0,3,43.0,0,1
2019-12-01,2019,12,Q4,West Bengal,75.13,68.6,45.08,6.25,6.5,4.76,70.42,72,0,0,0,0,0,3,43.0,0,1
2019-12-01,2019,12,Q4,All India,75.13,68.6,45.08,6.25,6.5,4.76,70.42,72,0,0,0,0,0,3,43.0,0,1
2020-01-01,2020,1,Q1,Andaman & Nicobar Island,75.36,68.97,45.22,4.0,-5.8,6.62,74.18,55,0,0,0,0,0,6,43.0,0,1
2020-01-01,2020,1,Q1,Andhra Pradesh,75.36,68.97,45.22,4.0,-5.8,6.62,74.18,55,0,0,0,0,0,6,43.0,0,1
2020-01-01,2020,1,Q1,Arunachal Pradesh,75.36,68.97,45.22,4.0,-5.8,6.62,74.18,55,0,0,0,0,0,6,43.0,0,1
2020-01-01,2020,1,Q1,Assam,75.36,68.97,45.22,4.0,-5.8,6.62,74.18,55,0,0,0,0,0,6,43.0,0,1
2020-01-01,2020,1,Q1,Bihar,75.36,68.97,45.22,4.0,-5.8,6.62,74.18,55,0,0,0,0,0,6,43.0,0,1
2020-01-01,2020,1,Q1,Chandigarh,75.36,68.97,45.22,4.0,-5.8,6.62,74.18,55,0,0,0,0,0,6,43.0,0,1
2020-01-01,2020,1,Q1,Chhattisgarh,75.36,68.97,45.22,4.0,-5.8,6.62,74.18,55,0,0,0,0,0,6,43.0,0,1
2020-01-01,2020,1,Q1,Dadra and Nagar Haveli,75.36,68.97,45.22,4.0,-5.8,6.62,74.18,55,0,0,0,0,0,6,43.0,0,1
2020-01-01,2020,1,Q1,Daman and Diu,75.36,68.97,45.22,4.0,-5.8,6.62,74.18,55,0,0,0,0,0,6,43.0,0,1
2020-01-01,2020,1,Q1,Delhi,75.36,68.97,45.22,4.0,-5.8,6.62,74.18,55,0,0,0,0,0,6,43.0,0,1
2020-01-01,2020,1,Q1,Goa,75.36,68.97,45.22,4.0,-5.8,6.62,74.18,55,0,0,0,0,0,6,43.0,0,1
2020-01-01,2020,1,Q1,Gujarat,75.36,68.97,45.22,4.0,-5.8,6.62,74.18,55,0,0,0,0,0,6,43.0,0,1
2020-01-01,2020,1,Q1,Haryana,75.36,68.97,45.22,4.0,-5.8,6.62,74.18,55,0,0,0,0,0,6,43.0,0,1
2020-01-01,2020,1,Q1,Himachal Pradesh,75.36,68.97,45.22,4.0,-5.8,6.62,74.18,55,0,0,0,0,0,6,43.0,0,1
2020-01-01,2020,1,Q1,Jammu and Kashmir,75.36,68.97,45.22,4.0,-5.8,6.62,74.18,55,0,0,0,0,0,6,43.0,0,1
2020-01-01,2020,1,Q1,Jharkhand,75.36,68.97,45.22,4.0,-5.8,6.62,74.18,55,0,0,0,0,0,6,43.0,0,1
2020-01-01,2020,1,Q1,Karnataka,75.36,68.97,45.22,4.0,-5.8,6.62,74.18,55,0,0,0,0,0,6,43.0,0,1
2020-01-01,2020,1,Q1,Kerala,75.36,68.97,45.22,4.0,-5.8,6.62,74.18,55,0,0,0,0,0,6,43.0,0,1
2020-01-01,2020,1,Q1,Ladakh,75.36,68.97,45.22,4.0,-5.8,6.62,74.18,55,0,0,0,0,0,6,43.0,0,1
2020-01-01,2020,1,Q1,Lakshadweep,75.36,68.97,45.22,4.0,-5.8,6.62,74.18,55,0,0,0,0,0,6,43.0,0,1
2020-01-01,2020,1,Q1,Madhya Pradesh,75.36,68.97,45.22,4.0,-5.8,6.62,74.18,55,0,0,0,0,0,6,43.0,0,1
2020-01-01,2020,1,Q1,Maharashtra,75.36,68.97,45.22,4.0,-5.8,6.62,74.18,55,0,0,0,0,0,6,43.0,0,1
2020-01-01,2020,1,Q1,Manipur,75.36,68.97,45.22,4.0,-5.8,6.62,74.18,55,0,0,0,0,0,6,43.0,0,1
2020-01-01,2020,1,Q1,Meghalaya,75.36,68.97,45.22,4.0,-5.8,6.62,74.18,55,0,0,0,0,0,6,43.0,0,1
2020-01-01,2020,1,Q1,Mizoram,75.36,68.97,45.22,4.0,-5.8,6.62,74.18,55,0,0,0,0,0,6,43.0,0,1
2020-01-01,2020,1,Q1,Nagaland,75.36,68.97,45.22,4.0,-5.8,6.62,74.18,55,0,0,0,0,0,6,43.0,0,1
2020-01-01,2020,1,Q1,Odisha,75.36,68.97,45.22,4.0,-5.8,6.62,74.18,55,0,0,0,0,0,6,43.0,0,1
2020-01-01,2020,1,Q1,Puducherry,75.36,68.97,45.22,4.0,-5.8,6.62,74.18,55,0,0,0,0,0,6,43.0,0,1
2020-01-01,2020,1,Q1,Punjab,75.36,68.97,45.22,4.0,-5.8,6.62,74.18,55,0,0,0,0,0,6,43.0,0,1
2020-01-01,2020,1,Q1,Rajasthan,75.36,68.97,45.22,4.0,-5.8,6.62,74.18,55,0,0,0,0,0,6,43.0,0,1
2020-01-01,2020,1,Q1,Sikkim,75.36,68.97,45.22,4.0,-5.8,6.62,74.18,55,0,0,0,0,0,6,43.0,0,1
2020-01-01,2020,1,Q1,Tamil Nadu,75.36,68.97,45.22,4.0,-5.8,6.62,74.18,55,0,0,0,0,0,6,43.0,0,1
2020-01-01,2020,1,Q1,Telangana,75.36,68.97,45.22,4.0,-5.8,6.62,74.18,55,0,0,0,0,0,6,43.0,0,1
2020-01-01,2020,1,Q1,Tripura,75.36,68.97,45.22,4.0,-5.8,6.62,74.18,55,0,0,0,0,0,6,43.0,0,1
2020-01-01,2020,1,Q1,Uttar Pradesh,75.36,68.97,45.22,4.0,-5.8,6.62,74.18,55,0,0,0,0,0,6,43.0,0,1
2020-01-01,2020,1,Q1,Uttarakhand,75.36,68.97,45.22,4.0,-5.8,6.62,74.18,55,0,0,0,0,0,6,43.0,0,1
2020-01-01,2020,1,Q1,West Bengal,75.36,68.97,45.22,4.0,-5.8,6.62,74.18,55,0,0,0,0,0,6,43.0,0,1
2020-01-01,2020,1,Q1,All India,75.36,68.97,45.22,4.0,-5.8,6.62,74.18,55,0,0,0,0,0,6,43.0,0,1
2020-02-01,2020,2,Q1,Andaman & Nicobar Island,75.59,68.97,45.35,4.0,-5.8,6.62,74.18,55,0,0,0,0,1,6,43.0,0,1
2020-02-01,2020,2,Q1,Andhra Pradesh,75.59,68.97,45.35,4.0,-5.8,6.62,74.18,55,0,0,0,0,1,6,43.0,0,1
2020-02-01,2020,2,Q1,Arunachal Pradesh,75.59,68.97,45.35,4.0,-5.8,6.62,74.18,55,0,0,0,0,1,6,43.0,0,1
2020-02-01,2020,2,Q1,Assam,75.59,68.97,45.35,4.0,-5.8,6.62,74.18,55,0,0,0,0,1,6,43.0,0,1
2020-02-01,2020,2,Q1,Bihar,75.59,68.97,45.35,4.0,-5.8,6.62,74.18,55,0,0,0,0,1,6,43.0,0,1
2020-02-01,2020,2,Q1,Chandigarh,75.59,68.97,45.35,4.0,-5.8,6.62,74.18,55,0,0,0,0,1,6,43.0,0,1
2020-02-01,2020,2,Q1,Chhattisgarh,75.59,68.97,45.35,4.0,-5.8,6.62,74.18,55,0,0,0,0,1,6,43.0,0,1
2020-02-01,2020,2,Q1,Dadra and Nagar Haveli,75.59,68.97,45.35,4.0,-5.8,6.62,74.18,55,0,0,0,0,1,6,43.0,0,1
2020-02-01,2020,2,Q1,Daman and Diu,75.59,68.97,45.35,4.0,-5.8,6.62,74.18,55,0,0,0,0,1,6,43.0,0,1
2020-02-01,2020,2,Q1,Delhi,75.59,68.97,45.35,4.0,-5.8,6.62,74.18,55,0,0,0,0,1,6,43.0,0,1
2020-02-01,2020,2,Q1,Goa,75.59,68.97,45.35,4.0,-5.8,6.62,74.18,55,0,0,0,0,1,6,43.0,0,1
2020-02-01,2020,2,Q1,Gujarat,75.59,68.97,45.35,4.0,-5.8,6.62,74.18,55,0,0,0,0,1,6,43.0,0,1
2020-02-01,2020,2,Q1,Haryana,75.59,68.97,45.35,4.0,-5.8,6.62,74.18,55,0,0,0,0,1,6,43.0,0,1
2020-02-01,2020,2,Q1,Himachal Pradesh,75.59,68.97,45.35,4.0,-5.8,6.62,74.18,55,0,0,0,0,1,6,43.0,0,1
2020-02-01,2020,2,Q1,Jammu and Kashmir,75.59,68.97,45.35,4.0,-5.8,6.62,74.18,55,0,0,0,0,1,6,43.0,0,1
2020-02-01,2020,2,Q1,Jharkhand,75.59,68.97,45.35,4.0,-5.8,6.62,74.18,55,0,0,0,0,1,6,43.0,0,1
2020-02-01,2020,2,Q1,Karnataka,75.59,68.97,45.35,4.0,-5.8,6.62,74.18,55,0,0,0,0,1,6,43.0,0,1
2020-02-01,2020,2,Q1,Kerala,75.59,68.97,45.35,4.0,-5.8,6.62,74.18,55,0,0,0,0,1,6,43.0,0,1
2020-02-01,2020,2,Q1,Ladakh,75.59,68.97,45.35,4.0,-5.8,6.62,74.18,55,0,0,0,0,1,6,43.0,0,1
2020-02-01,2020,2,Q1,Lakshadweep,75.59,68.97,45.35,4.0,-5.8,6.62,74.18,55,0,0,0,0,1,6,43.0,0,1
2020-02-01,2020,2,Q1,Madhya Pradesh,75.59,68.97,45.35,4.0,-5.8,6.62,74.18,55,0,0,0,0,1,6,43.0,0,1
2020-02-01,2020,2,Q1,Maharashtra,75.59,68.97,45.35,4.0,-5.8,6.62,74.18,55,0,0,0,0,1,6,43.0,0,1
2020-02-01,2020,2,Q1,Manipur,75.59,68.97,45.35,4.0,-5.8,6.62,74.18,55,0,0,0,0,1,6,43.0,0,1
2020-02-01,2020,2,Q1,Meghalaya,75.59,68.97,45.35,4.0,-5.8,6.62,74.18,55,0,0,0,0,1,6,43.0,0,1
2020-02-01,2020,2,Q1,Mizoram,75.59,68.97,45.35,4.0,-5.8,6.62,74.18,55,0,0,0,0,1,6,43.0,0,1
2020-02-01,2020,2,Q1,Nagaland,75.59,68.97,45.35,4.0,-5.8,6.62,74.18,55,0,0,0,0,1,6,43.0,0,1
2020-02-01,2020,2,Q1,Odisha,75.59,68.97,45.35,4.0,-5.8,6.62,74.18,55,0,0,0,0,1,6,43.0,0,1
2020-02-01,2020,2,Q1,Puducherry,75.59,68.97,45.35,4.0,-5.8,6.62,74.18,55,0,0,0,0,1,6,43.0,0,1
2020-02-01,2020,2,Q1,Punjab,75.59,68.97,45.35,4.0,-5.8,6.62,74.18,55,0,0,0,0,1,6,43.0,0,1
2020-02-01,2020,2,Q1,Rajasthan,75.59,68.97,45.35,4.0,-5.8,6.62,74.18,55,0,0,0,0,1,6,43.0,0,1
2020-02-01,2020,2,Q1,Sikkim,75.59,68.97,45.35,4.0,-5.8,6.62,74.18,55,0,0,0,0,1,6,43.0,0,1
2020-02-01,2020,2,Q1,Tamil Nadu,75.59,68.97,45.35,4.0,-5.8,6.62,74.18,55,0,0,0,0,1,6,43.0,0,1
2020-02-01,2020,2,Q1,Telangana,75.59,68.97,45.35,4.0,-5.8,6.62,74.18,55,0,0,0,0,1,6,43.0,0,1
2020-02-01,2020,2,Q1,Tripura,75.59,68.97,45.35,4.0,-5.8,6.62,74.18,55,0,0,0,0,1,6,43.0,0,1
2020-02-01,2020,2,Q1,Uttar Pradesh,75.59,68.97,45.35,4.0,-5.8,6.62,74.18,55,0,0,0,0,1,6,43.0,0,1
2020-02-01,2020,2,Q1,Uttarakhand,75.59,68.97,45.35,4.0,-5.8,6.62,74.18,55,0,0,0,0,1,6,43.0,0,1
2020-02-01,2020,2,Q1,West Bengal,75.59,68.97,45.35,4.0,-5.8,6.62,74.18,55,0,0,0,0,1,6,43.0,0,1
2020-02-01,2020,2,Q1,All India,75.59,68.97,45.35,4.0,-5.8,6.62,74.18,55,0,0,0,0,1,6,43.0,0,1
2020-03-01,2020,3,Q1,Andaman & Nicobar Island,69.59,62.29,41.75,4.0,-5.8,6.62,74.18,55,0,0,0,1,0,3,43.0,0,1
2020-03-01,2020,3,Q1,Andhra Pradesh,69.59,62.29,41.75,4.0,-5.8,6.62,74.18,55,0,0,0,1,0,3,43.0,0,1
2020-03-01,2020,3,Q1,Arunachal Pradesh,69.59,62.29,41.75,4.0,-5.8,6.62,74.18,55,0,0,0,1,0,3,43.0,0,1
2020-03-01,2020,3,Q1,Assam,69.59,62.29,41.75,4.0,-5.8,6.62,74.18,55,0,0,0,1,0,3,43.0,0,1
2020-03-01,2020,3,Q1,Bihar,69.59,62.29,41.75,4.0,-5.8,6.62,74.18,55,0,0,0,1,0,3,43.0,0,1
2020-03-01,2020,3,Q1,Chandigarh,69.59,62.29,41.75,4.0,-5.8,6.62,74.18,55,0,0,0,1,0,3,43.0,0,1
2020-03-01,2020,3,Q1,Chhattisgarh,69.59,62.29,41.75,4.0,-5.8,6.62,74.18,55,0,0,0,1,0,3,43.0,0,1
2020-03-01,2020,3,Q1,Dadra and Nagar Haveli,69.59,62.29,41.75,4.0,-5.8,6.62,74.18,55,0,0,0,1,0,3,43.0,0,1
2020-03-01,2020,3,Q1,Daman and Diu,69.59,62.29,41.75,4.0,-5.8,6.62,74.18,55,0,0,0,1,0,3,43.0,0,1
2020-03-01,2020,3,Q1,Delhi,69.59,62.29,41.75,4.0,-5.8,6.62,74.18,55,0,0,0,1,0,3,43.0,0,1
2020-03-01,2020,3,Q1,Goa,69.59,62.29,41.75,4.0,-5.8,6.62,74.18,55,0,0,0,1,0,3,43.0,0,1
2020-03-01,2020,3,Q1,Gujarat,69.59,62.29,41.75,4.0,-5.8,6.62,74.18,55,0,0,0,1,0,3,43.0,0,1
2020-03-01,2020,3,Q1,Haryana,69.59,62.29,41.75,4.0,-5.8,6.62,74.18,55,0,0,0,1,0,3,43.0,0,1
2020-03-01,2020,3,Q1,Himachal Pradesh,69.59,62.29,41.75,4.0,-5.8,6.62,74.18,55,0,0,0,1,0,3,43.0,0,1
2020-03-01,2020,3,Q1,Jammu and Kashmir,69.59,62.29,41.75,4.0,-5.8,6.62,74.18,55,0,0,0,1,0,3,43.0,0,1
2020-03-01,2020,3,Q1,Jharkhand,69.59,62.29,41.75,4.0,-5.8,6.62,74.18,55,0,0,0,1,0,3,43.0,0,1
2020-03-01,2020,3,Q1,Karnataka,69.59,62.29,41.75,4.0,-5.8,6.62,74.18,55,0,0,0,1,0,3,43.0,0,1
2020-03-01,2020,3,Q1,Kerala,69.59,62.29,41.75,4.0,-5.8,6.62,74.18,55,0,0,0,1,0,3,43.0,0,1
2020-03-01,2020,3,Q1,Ladakh,69.59,62.29,41.75,4.0,-5.8,6.62,74.18,55,0,0,0,1,0,3,43.0,0,1
2020-03-01,2020,3,Q1,Lakshadweep,69.59,62.29,41.75,4.0,-5.8,6.62,74.18,55,0,0,0,1,0,3,43.0,0,1
2020-03-01,2020,3,Q1,Madhya Pradesh,69.59,62.29,41.75,4.0,-5.8,6.62,74.18,55,0,0,0,1,0,3,43.0,0,1
2020-03-01,2020,3,Q1,Maharashtra,69.59,62.29,41.75,4.0,-5.8,6.62,74.18,55,0,0,0,1,0,3,43.0,0,1
2020-03-01,2020,3,Q1,Manipur,69.59,62.29,41.75,4.0,-5.8,6.62,74.18,55,0,0,0,1,0,3,43.0,0,1
2020-03-01,2020,3,Q1,Meghalaya,69.59,62.29,41.75,4.0,-5.8,6.62,74.18,55,0,0,0,1,0,3,43.0,0,1
2020-03-01,2020,3,Q1,Mizoram,69.59,62.29,41.75,4.0,-5.8,6.62,74.18,55,0,0,0,1,0,3,43.0,0,1
2020-03-01,2020,3,Q1,Nagaland,69.59,62.29,41.75,4.0,-5.8,6.62,74.18,55,0,0,0,1,0,3,43.0,0,1
2020-03-01,2020,3,Q1,Odisha,69.59,62.29,41.75,4.0,-5.8,6.62,74.18,55,0,0,0,1,0,3,43.0,0,1
2020-03-01,2020,3,Q1,Puducherry,69.59,62.29,41.75,4.0,-5.8,6.62,74.18,55,0,0,0,1,0,3,43.0,0,1
2020-03-01,2020,3,Q1,Punjab,69.59,62.29,41.75,4.0,-5.8,6.62,74.18,55,0,0,0,1,0,3,43.0,0,1
2020-03-01,2020,3,Q1,Rajasthan,69.59,62.29,41.75,4.0,-5.8,6.62,74.18,55,0,0,0,1,0,3,43.0,0,1
2020-03-01,2020,3,Q1,Sikkim,69.59,62.29,41.75,4.0,-5.8,6.62,74.18,55,0,0,0,1,0,3,43.0,0,1
2020-03-01,2020,3,Q1,Tamil Nadu,69.59,62.29,41.75,4.0,-5.8,6.62,74.18,55,0,0,0,1,0,3,43.0,0,1
2020-03-01,2020,3,Q1,Telangana,69.59,62.29,41.75,4.0,-5.8,6.62,74.18,55,0,0,0,1,0,3,43.0,0,1
2020-03-01,2020,3,Q1,Tripura,69.59,62.29,41.75,4.0,-5.8,6.62,74.18,55,0,0,0,1,0,3,43.0,0,1
2020-03-01,2020,3,Q1,Uttar Pradesh,69.59,62.29,41.75,4.0,-5.8,6.62,74.18,55,0,0,0,1,0,3,43.0,0,1
2020-03-01,2020,3,Q1,Uttarakhand,69.59,62.29,41.75,4.0,-5.8,6.62,74.18,55,0,0,0,1,0,3,43.0,0,1
2020-03-01,2020,3,Q1,West Bengal,69.59,62.29,41.75,4.0,-5.8,6.62,74.18,55,0,0,0,1,0,3,43.0,0,1
2020-03-01,2020,3,Q1,All India,69.59,62.29,41.75,4.0,-5.8,6.62,74.18,55,0,0,0,1,0,3,43.0,0,1
2020-04-01,2020,4,Q2,Andaman & Nicobar Island,69.59,62.29,41.75,4.0,-5.8,6.62,74.18,55,0,0,1,0,0,3,43.0,1,1
2020-04-01,2020,4,Q2,Andhra Pradesh,69.59,62.29,41.75,4.0,-5.8,6.62,74.18,55,0,0,1,0,0,3,43.0,1,1
2020-04-01,2020,4,Q2,Arunachal Pradesh,69.59,62.29,41.75,4.0,-5.8,6.62,74.18,55,0,0,1,0,0,3,43.0,1,1
2020-04-01,2020,4,Q2,Assam,69.59,62.29,41.75,4.0,-5.8,6.62,74.18,55,0,0,1,0,0,3,43.0,1,1
2020-04-01,2020,4,Q2,Bihar,69.59,62.29,41.75,4.0,-5.8,6.62,74.18,55,0,0,1,0,0,3,43.0,1,1
2020-04-01,2020,4,Q2,Chandigarh,69.59,62.29,41.75,4.0,-5.8,6.62,74.18,55,0,0,1,0,0,3,43.0,1,1
2020-04-01,2020,4,Q2,Chhattisgarh,69.59,62.29,41.75,4.0,-5.8,6.62,74.18,55,0,0,1,0,0,3,43.0,1,1
2020-04-01,2020,4,Q2,Dadra and Nagar Haveli,69.59,62.29,41.75,4.0,-5.8,6.62,74.18,55,0,0,1,0,0,3,43.0,1,1
2020-04-01,2020,4,Q2,Daman and Diu,69.59,62.29,41.75,4.0,-5.8,6.62,74.18,55,0,0,1,0,0,3,43.0,1,1
2020-04-01,2020,4,Q2,Delhi,69.59,62.29,41.75,4.0,-5.8,6.62,74.18,55,0,0,1,0,0,3,43.0,1,1
2020-04-01,2020,4,Q2,Goa,69.59,62.29,41.75,4.0,-5.8,6.62,74.18,55,0,0,1,0,0,3,43.0,1,1
2020-04-01,2020,4,Q2,Gujarat,69.59,62.29,41.75,4.0,-5.8,6.62,74.18,55,0,0,1,0,0,3,43.0,1,1
2020-04-01,2020,4,Q2,Haryana,69.59,62.29,41.75,4.0,-5.8,6.62,74.18,55,0,0,1,0,0,3,43.0,1,1
2020-04-01,2020,4,Q2,Himachal Pradesh,69.59,62.29,41.75,4.0,-5.8,6.62,74.18,55,0,0,1,0,0,3,43.0,1,1
2020-04-01,2020,4,Q2,Jammu and Kashmir,69.59,62.29,41.75,4.0,-5.8,6.62,74.18,55,0,0,1,0,0,3,43.0,1,1
2020-04-01,2020,4,Q2,Jharkhand,69.59,62.29,41.75,4.0,-5.8,6.62,74.18,55,0,0,1,0,0,3,43.0,1,1
2020-04-01,2020,4,Q2,Karnataka,69.59,62.29,41.75,4.0,-5.8,6.62,74.18,55,0,0,1,0,0,3,43.0,1,1
2020-04-01,2020,4,Q2,Kerala,69.59,62.29,41.75,4.0,-5.8,6.62,74.18,55,0,0,1,0,0,3,43.0,1,1
2020-04-01,2020,4,Q2,Ladakh,69.59,62.29,41.75,4.0,-5.8,6.62,74.18,55,0,0,1,0,0,3,43.0,1,1
2020-04-01,2020,4,Q2,Lakshadweep,69.59,62.29,41.75,4.0,-5.8,6.62,74.18,55,0,0,1,0,0,3,43.0,1,1
2020-04-01,2020,4,Q2,Madhya Pradesh,69.59,62.29,41.75,4.0,-5.8,6.62,74.18,55,0,0,1,0,0,3,43.0,1,1
2020-04-01,2020,4,Q2,Maharashtra,69.59,62.29,41.75,4.0,-5.8,6.62,74.18,55,0,0,1,0,0,3,43.0,1,1
2020-04-01,2020,4,Q2,Manipur,69.59,62.29,41.75,4.0,-5.8,6.62,74.18,55,0,0,1,0,0,3,43.0,1,1
2020-04-01,2020,4,Q2,Meghalaya,69.59,62.29,41.75,4.0,-5.8,6.62,74.18,55,0,0,1,0,0,3,43.0,1,1
2020-04-01,2020,4,Q2,Mizoram,69.59,62.29,41.75,4.0,-5.8,6.62,74.18,55,0,0,1,0,0,3,43.0,1,1
2020-04-01,2020,4,Q2,Nagaland,69.59,62.29,41.75,4.0,-5.8,6.62,74.18,55,0,0,1,0,0,3,43.0,1,1
2020-04-01,2020,4,Q2,Odisha,69.59,62.29,41.75,4.0,-5.8,6.62,74.18,55,0,0,1,0,0,3,43.0,1,1
2020-04-01,2020,4,Q2,Puducherry,69.59,62.29,41.75,4.0,-5.8,6.62,74.18,55,0,0,1,0,0,3,43.0,1,1
2020-04-01,2020,4,Q2,Punjab,69.59,62.29,41.75,4.0,-5.8,6.62,74.18,55,0,0,1,0,0,3,43.0,1,1
2020-04-01,2020,4,Q2,Rajasthan,69.59,62.29,41.75,4.0,-5.8,6.62,74.18,55,0,0,1,0,0,3,43.0,1,1
2020-04-01,2020,4,Q2,Sikkim,69.59,62.29,41.75,4.0,-5.8,6.62,74.18,55,0,0,1,0,0,3,43.0,1,1
2020-04-01,2020,4,Q2,Tamil Nadu,69.59,62.29,41.75,4.0,-5.8,6.62,74.18,55,0,0,1,0,0,3,43.0,1,1
2020-04-01,2020,4,Q2,Telangana,69.59,62.29,41.75,4.0,-5.8,6.62,74.18,55,0,0,1,0,0,3,43.0,1,1
2020-04-01,2020,4,Q2,Tripura,69.59,62.29,41.75,4.0,-5.8,6.62,74.18,55,0,0,1,0,0,3,43.0,1,1
2020-04-01,2020,4,Q2,Uttar Pradesh,69.59,62.29,41.75,4.0,-5.8,6.62,74.18,55,0,0,1,0,0,3,43.0,1,1
2020-04-01,2020,4,Q2,Uttarakhand,69.59,62.29,41.75,4.0,-5.8,6.62,74.18,55,0,0,1,0,0,3,43.0,1,1
2020-04-01,2020,4,Q2,West Bengal,69.59,62.29,41.75,4.0,-5.8,6.62,74.18,55,0,0,1,0,0,3,43.0,1,1
2020-04-01,2020,4,Q2,All India,69.59,62.29,41.75,4.0,-5.8,6.62,74.18,55,0,0,1,0,0,3,43.0,1,1
2020-05-01,2020,5,Q2,Andaman & Nicobar Island,71.26,64.13,42.76,4.0,-5.8,6.62,74.18,55,0,0,1,0,0,3,43.0,1,1
2020-05-01,2020,5,Q2,Andhra Pradesh,71.26,64.13,42.76,4.0,-5.8,6.62,74.18,55,0,0,1,0,0,3,43.0,1,1
2020-05-01,2020,5,Q2,Arunachal Pradesh,71.26,64.13,42.76,4.0,-5.8,6.62,74.18,55,0,0,1,0,0,3,43.0,1,1
2020-05-01,2020,5,Q2,Assam,71.26,64.13,42.76,4.0,-5.8,6.62,74.18,55,0,0,1,0,0,3,43.0,1,1
2020-05-01,2020,5,Q2,Bihar,71.26,64.13,42.76,4.0,-5.8,6.62,74.18,55,0,0,1,0,0,3,43.0,1,1
2020-05-01,2020,5,Q2,Chandigarh,71.26,64.13,42.76,4.0,-5.8,6.62,74.18,55,0,0,1,0,0,3,43.0,1,1
2020-05-01,2020,5,Q2,Chhattisgarh,71.26,64.13,42.76,4.0,-5.8,6.62,74.18,55,0,0,1,0,0,3,43.0,1,1
2020-05-01,2020,5,Q2,Dadra and Nagar Haveli,71.26,64.13,42.76,4.0,-5.8,6.62,74.18,55,0,0,1,0,0,3,43.0,1,1
2020-05-01,2020,5,Q2,Daman and Diu,71.26,64.13,42.76,4.0,-5.8,6.62,74.18,55,0,0,1,0,0,3,43.0,1,1
2020-05-01,2020,5,Q2,Delhi,71.26,64.13,42.76,4.0,-5.8,6.62,74.18,55,0,0,1,0,0,3,43.0,1,1
2020-05-01,2020,5,Q2,Goa,71.26,64.13,42.76,4.0,-5.8,6.62,74.18,55,0,0,1,0,0,3,43.0,1,1
2020-05-01,2020,5,Q2,Gujarat,71.26,64.13,42.76,4.0,-5.8,6.62,74.18,55,0,0,1,0,0,3,43.0,1,1
2020-05-01,2020,5,Q2,Haryana,71.26,64.13,42.76,4.0,-5.8,6.62,74.18,55,0,0,1,0,0,3,43.0,1,1
2020-05-01,2020,5,Q2,Himachal Pradesh,71.26,64.13,42.76,4.0,-5.8,6.62,74.18,55,0,0,1,0,0,3,43.0,1,1
2020-05-01,2020,5,Q2,Jammu and Kashmir,71.26,64.13,42.76,4.0,-5.8,6.62,74.18,55,0,0,1,0,0,3,43.0,1,1
2020-05-01,2020,5,Q2,Jharkhand,71.26,64.13,42.76,4.0,-5.8,6.62,74.18,55,0,0,1,0,0,3,43.0,1,1
2020-05-01,2020,5,Q2,Karnataka,71.26,64.13,42.76,4.0,-5.8,6.62,74.18,55,0,0,1,0,0,3,43.0,1,1
2020-05-01,2020,5,Q2,Kerala,71.26,64.13,42.76,4.0,-5.8,6.62,74.18,55,0,0,1,0,0,3,43.0,1,1
2020-05-01,2020,5,Q2,Ladakh,71.26,64.13,42.76,4.0,-5.8,6.62,74.18,55,0,0,1,0,0,3,43.0,1,1
2020-05-01,2020,5,Q2,Lakshadweep,71.26,64.13,42.76,4.0,-5.8,6.62,74.18,55,0,0,1,0,0,3,43.0,1,1
2020-05-01,2020,5,Q2,Madhya Pradesh,71.26,64.13,42.76,4.0,-5.8,6.62,74.18,55,0,0,1,0,0,3,43.0,1,1
2020-05-01,2020,5,Q2,Maharashtra,71.26,64.13,42.76,4.0,-5.8,6.62,74.18,55,0,0,1,0,0,3,43.0,1,1
2020-05-01,2020,5,Q2,Manipur,71.26,64.13,42.76,4.0,-5.8,6.62,74.18,55,0,0,1,0,0,3,43.0,1,1
2020-05-01,2020,5,Q2,Meghalaya,71.26,64.13,42.76,4.0,-5.8,6.62,74.18,55,0,0,1,0,0,3,43.0,1,1
2020-05-01,2020,5,Q2,Mizoram,71.26,64.13,42.76,4.0,-5.8,6.62,74.18,55,0,0,1,0,0,3,43.0,1,1
2020-05-01,2020,5,Q2,Nagaland,71.26,64.13,42.76,4.0,-5.8,6.62,74.18,55,0,0,1,0,0,3,43.0,1,1
2020-05-01,2020,5,Q2,Odisha,71.26,64.13,42.76,4.0,-5.8,6.62,74.18,55,0,0,1,0,0,3,43.0,1,1
2020-05-01,2020,5,Q2,Puducherry,71.26,64.13,42.76,4.0,-5.8,6.62,74.18,55,0,0,1,0,0,3,43.0,1,1
2020-05-01,2020,5,Q2,Punjab,71.26,64.13,42.76,4.0,-5.8,6.62,74.18,55,0,0,1,0,0,3,43.0,1,1
2020-05-01,2020,5,Q2,Rajasthan,71.26,64.13,42.76,4.0,-5.8,6.62,74.18,55,0,0,1,0,0,3,43.0,1,1
2020-05-01,2020,5,Q2,Sikkim,71.26,64.13,42.76,4.0,-5.8,6.62,74.18,55,0,0,1,0,0,3,43.0,1,1
2020-05-01,2020,5,Q2,Tamil Nadu,71.26,64.13,42.76,4.0,-5.8,6.62,74.18,55,0,0,1,0,0,3,43.0,1,1
2020-05-01,2020,5,Q2,Telangana,71.26,64.13,42.76,4.0,-5.8,6.62,74.18,55,0,0,1,0,0,3,43.0,1,1
2020-05-01,2020,5,Q2,Tripura,71.26,64.13,42.76,4.0,-5.8,6.62,74.18,55,0,0,1,0,0,3,43.0,1,1
2020-05-01,2020,5,Q2,Uttar Pradesh,71.26,64.13,42.76,4.0,-5.8,6.62,74.18,55,0,0,1,0,0,3,43.0,1,1
2020-05-01,2020,5,Q2,Uttarakhand,71.26,64.13,42.76,4.0,-5.8,6.62,74.18,55,0,0,1,0,0,3,43.0,1,1
2020-05-01,2020,5,Q2,West Bengal,71.26,64.13,42.76,4.0,-5.8,6.62,74.18,55,0,0,1,0,0,3,43.0,1,1
2020-05-01,2020,5,Q2,All India,71.26,64.13,42.76,4.0,-5.8,6.62,74.18,55,0,0,1,0,0,3,43.0,1,1
2020-06-01,2020,6,Q2,Andaman & Nicobar Island,80.43,72.73,48.26,4.0,-5.8,6.62,74.18,55,0,0,0,0,0,3,43.0,1,1
2020-06-01,2020,6,Q2,Andhra Pradesh,80.43,72.73,48.26,4.0,-5.8,6.62,74.18,55,0,0,0,0,0,3,43.0,1,1
2020-06-01,2020,6,Q2,Arunachal Pradesh,80.43,72.73,48.26,4.0,-5.8,6.62,74.18,55,0,0,0,0,0,3,43.0,1,1
2020-06-01,2020,6,Q2,Assam,80.43,72.73,48.26,4.0,-5.8,6.62,74.18,55,0,0,0,0,0,3,43.0,1,1
2020-06-01,2020,6,Q2,Bihar,80.43,72.73,48.26,4.0,-5.8,6.62,74.18,55,0,0,0,0,0,3,43.0,1,1
2020-06-01,2020,6,Q2,Chandigarh,80.43,72.73,48.26,4.0,-5.8,6.62,74.18,55,0,0,0,0,0,3,43.0,1,1
2020-06-01,2020,6,Q2,Chhattisgarh,80.43,72.73,48.26,4.0,-5.8,6.62,74.18,55,0,0,0,0,0,3,43.0,1,1
2020-06-01,2020,6,Q2,Dadra and Nagar Haveli,80.43,72.73,48.26,4.0,-5.8,6.62,74.18,55,0,0,0,0,0,3,43.0,1,1
2020-06-01,2020,6,Q2,Daman and Diu,80.43,72.73,48.26,4.0,-5.8,6.62,74.18,55,0,0,0,0,0,3,43.0,1,1
2020-06-01,2020,6,Q2,Delhi,80.43,72.73,48.26,4.0,-5.8,6.62,74.18,55,0,0,0,0,0,3,43.0,1,1
2020-06-01,2020,6,Q2,Goa,80.43,72.73,48.26,4.0,-5.8,6.62,74.18,55,0,0,0,0,0,3,43.0,1,1
2020-06-01,2020,6,Q2,Gujarat,80.43,72.73,48.26,4.0,-5.8,6.62,74.18,55,0,0,0,0,0,3,43.0,1,1
2020-06-01,2020,6,Q2,Haryana,80.43,72.73,48.26,4.0,-5.8,6.62,74.18,55,0,0,0,0,0,3,43.0,1,1
2020-06-01,2020,6,Q2,Himachal Pradesh,80.43,72.73,48.26,4.0,-5.8,6.62,74.18,55,0,0,0,0,0,3,43.0,1,1
2020-06-01,2020,6,Q2,Jammu and Kashmir,80.43,72.73,48.26,4.0,-5.8,6.62,74.18,55,0,0,0,0,0,3,43.0,1,1
2020-06-01,2020,6,Q2,Jharkhand,80.43,72.73,48.26,4.0,-5.8,6.62,74.18,55,0,0,0,0,0,3,43.0,1,1
2020-06-01,2020,6,Q2,Karnataka,80.43,72.73,48.26,4.0,-5.8,6.62,74.18,55,0,0,0,0,0,3,43.0,1,1
2020-06-01,2020,6,Q2,Kerala,80.43,72.73,48.26,4.0,-5.8,6.62,74.18,55,0,0,0,0,0,3,43.0,1,1
2020-06-01,2020,6,Q2,Ladakh,80.43,72.73,48.26,4.0,-5.8,6.62,74.18,55,0,0,0,0,0,3,43.0,1,1
2020-06-01,2020,6,Q2,Lakshadweep,80.43,72.73,48.26,4.0,-5.8,6.62,74.18,55,0,0,0,0,0,3,43.0,1,1
2020-06-01,2020,6,Q2,Madhya Pradesh,80.43,72.73,48.26,4.0,-5.8,6.62,74.18,55,0,0,0,0,0,3,43.0,1,1
2020-06-01,2020,6,Q2,Maharashtra,80.43,72.73,48.26,4.0,-5.8,6.62,74.18,55,0,0,0,0,0,3,43.0,1,1
2020-06-01,2020,6,Q2,Manipur,80.43,72.73,48.26,4.0,-5.8,6.62,74.18,55,0,0,0,0,0,3,43.0,1,1
2020-06-01,2020,6,Q2,Meghalaya,80.43,72.73,48.26,4.0,-5.8,6.62,74.18,55,0,0,0,0,0,3,43.0,1,1
2020-06-01,2020,6,Q2,Mizoram,80.43,72.73,48.26,4.0,-5.8,6.62,74.18,55,0,0,0,0,0,3,43.0,1,1
2020-06-01,2020,6,Q2,Nagaland,80.43,72.73,48.26,4.0,-5.8,6.62,74.18,55,0,0,0,0,0,3,43.0,1,1
2020-06-01,2020,6,Q2,Odisha,80.43,72.73,48.26,4.0,-5.8,6.62,74.18,55,0,0,0,0,0,3,43.0,1,1
2020-06-01,2020,6,Q2,Puducherry,80.43,72.73,48.26,4.0,-5.8,6.62,74.18,55,0,0,0,0,0,3,43.0,1,1
2020-06-01,2020,6,Q2,Punjab,80.43,72.73,48.26,4.0,-5.8,6.62,74.18,55,0,0,0,0,0,3,43.0,1,1
2020-06-01,2020,6,Q2,Rajasthan,80.43,72.73,48.26,4.0,-5.8,6.62,74.18,55,0,0,0,0,0,3,43.0,1,1
2020-06-01,2020,6,Q2,Sikkim,80.43,72.73,48.26,4.0,-5.8,6.62,74.18,55,0,0,0,0,0,3,43.0,1,1
2020-06-01,2020,6,Q2,Tamil Nadu,80.43,72.73,48.26,4.0,-5.8,6.62,74.18,55,0,0,0,0,0,3,43.0,1,1
2020-06-01,2020,6,Q2,Telangana,80.43,72.73,48.26,4.0,-5.8,6.62,74.18,55,0,0,0,0,0,3,43.0,1,1
2020-06-01,2020,6,Q2,Tripura,80.43,72.73,48.26,4.0,-5.8,6.62,74.18,55,0,0,0,0,0,3,43.0,1,1
2020-06-01,2020,6,Q2,Uttar Pradesh,80.43,72.73,48.26,4.0,-5.8,6.62,74.18,55,0,0,0,0,0,3,43.0,1,1
2020-06-01,2020,6,Q2,Uttarakhand,80.43,72.73,48.26,4.0,-5.8,6.62,74.18,55,0,0,0,0,0,3,43.0,1,1
2020-06-01,2020,6,Q2,West Bengal,80.43,72.73,48.26,4.0,-5.8,6.62,74.18,55,0,0,0,0,0,3,43.0,1,1
2020-06-01,2020,6,Q2,All India,80.43,72.73,48.26,4.0,-5.8,6.62,74.18,55,0,0,0,0,0,3,43.0,1,1
2020-07-01,2020,7,Q3,Andaman & Nicobar Island,80.43,72.73,48.26,4.0,-5.8,6.62,74.18,55,0,0,0,0,0,3,43.0,1,1
2020-07-01,2020,7,Q3,Andhra Pradesh,80.43,72.73,48.26,4.0,-5.8,6.62,74.18,55,0,0,0,0,0,3,43.0,1,1
2020-07-01,2020,7,Q3,Arunachal Pradesh,80.43,72.73,48.26,4.0,-5.8,6.62,74.18,55,0,0,0,0,0,3,43.0,1,1
2020-07-01,2020,7,Q3,Assam,80.43,72.73,48.26,4.0,-5.8,6.62,74.18,55,0,0,0,0,0,3,43.0,1,1
2020-07-01,2020,7,Q3,Bihar,80.43,72.73,48.26,4.0,-5.8,6.62,74.18,55,0,0,0,0,0,3,43.0,1,1
2020-07-01,2020,7,Q3,Chandigarh,80.43,72.73,48.26,4.0,-5.8,6.62,74.18,55,0,0,0,0,0,3,43.0,1,1
2020-07-01,2020,7,Q3,Chhattisgarh,80.43,72.73,48.26,4.0,-5.8,6.62,74.18,55,0,0,0,0,0,3,43.0,1,1
2020-07-01,2020,7,Q3,Dadra and Nagar Haveli,80.43,72.73,48.26,4.0,-5.8,6.62,74.18,55,0,0,0,0,0,3,43.0,1,1
2020-07-01,2020,7,Q3,Daman and Diu,80.43,72.73,48.26,4.0,-5.8,6.62,74.18,55,0,0,0,0,0,3,43.0,1,1
2020-07-01,2020,7,Q3,Delhi,80.43,72.73,48.26,4.0,-5.8,6.62,74.18,55,0,0,0,0,0,3,43.0,1,1
2020-07-01,2020,7,Q3,Goa,80.43,72.73,48.26,4.0,-5.8,6.62,74.18,55,0,0,0,0,0,3,43.0,1,1
2020-07-01,2020,7,Q3,Gujarat,80.43,72.73,48.26,4.0,-5.8,6.62,74.18,55,0,0,0,0,0,3,43.0,1,1
2020-07-01,2020,7,Q3,Haryana,80.43,72.73,48.26,4.0,-5.8,6.62,74.18,55,0,0,0,0,0,3,43.0,1,1
2020-07-01,2020,7,Q3,Himachal Pradesh,80.43,72.73,48.26,4.0,-5.8,6.62,74.18,55,0,0,0,0,0,3,43.0,1,1
2020-07-01,2020,7,Q3,Jammu and Kashmir,80.43,72.73,48.26,4.0,-5.8,6.62,74.18,55,0,0,0,0,0,3,43.0,1,1
2020-07-01,2020,7,Q3,Jharkhand,80.43,72.73,48.26,4.0,-5.8,6.62,74.18,55,0,0,0,0,0,3,43.0,1,1
2020-07-01,2020,7,Q3,Karnataka,80.43,72.73,48.26,4.0,-5.8,6.62,74.18,55,0,0,0,0,0,3,43.0,1,1
2020-07-01,2020,7,Q3,Kerala,80.43,72.73,48.26,4.0,-5.8,6.62,74.18,55,0,0,0,0,0,3,43.0,1,1
2020-07-01,2020,7,Q3,Ladakh,80.43,72.73,48.26,4.0,-5.8,6.62,74.18,55,0,0,0,0,0,3,43.0,1,1
2020-07-01,2020,7,Q3,Lakshadweep,80.43,72.73,48.26,4.0,-5.8,6.62,74.18,55,0,0,0,0,0,3,43.0,1,1
2020-07-01,2020,7,Q3,Madhya Pradesh,80.43,72.73,48.26,4.0,-5.8,6.62,74.18,55,0,0,0,0,0,3,43.0,1,1
2020-07-01,2020,7,Q3,Maharashtra,80.43,72.73,48.26,4.0,-5.8,6.62,74.18,55,0,0,0,0,0,3,43.0,1,1
2020-07-01,2020,7,Q3,Manipur,80.43,72.73,48.26,4.0,-5.8,6.62,74.18,55,0,0,0,0,0,3,43.0,1,1
2020-07-01,2020,7,Q3,Meghalaya,80.43,72.73,48.26,4.0,-5.8,6.62,74.18,55,0,0,0,0,0,3,43.0,1,1
2020-07-01,2020,7,Q3,Mizoram,80.43,72.73,48.26,4.0,-5.8,6.62,74.18,55,0,0,0,0,0,3,43.0,1,1
2020-07-01,2020,7,Q3,Nagaland,80.43,72.73,48.26,4.0,-5.8,6.62,74.18,55,0,0,0,0,0,3,43.0,1,1
2020-07-01,2020,7,Q3,Odisha,80.43,72.73,48.26,4.0,-5.8,6.62,74.18,55,0,0,0,0,0,3,43.0,1,1
2020-07-01,2020,7,Q3,Puducherry,80.43,72.73,48.26,4.0,-5.8,6.62,74.18,55,0,0,0,0,0,3,43.0,1,1
2020-07-01,2020,7,Q3,Punjab,80.43,72.73,48.26,4.0,-5.8,6.62,74.18,55,0,0,0,0,0,3,43.0,1,1
2020-07-01,2020,7,Q3,Rajasthan,80.43,72.73,48.26,4.0,-5.8,6.62,74.18,55,0,0,0,0,0,3,43.0,1,1
2020-07-01,2020,7,Q3,Sikkim,80.43,72.73,48.26,4.0,-5.8,6.62,74.18,55,0,0,0,0,0,3,43.0,1,1
2020-07-01,2020,7,Q3,Tamil Nadu,80.43,72.73,48.26,4.0,-5.8,6.62,74.18,55,0,0,0,0,0,3,43.0,1,1
2020-07-01,2020,7,Q3,Telangana,80.43,72.73,48.26,4.0,-5.8,6.62,74.18,55,0,0,0,0,0,3,43.0,1,1
2020-07-01,2020,7,Q3,Tripura,80.43,72.73,48.26,4.0,-5.8,6.62,74.18,55,0,0,0,0,0,3,43.0,1,1
2020-07-01,2020,7,Q3,Uttar Pradesh,80.43,72.73,48.26,4.0,-5.8,6.62,74.18,55,0,0,0,0,0,3,43.0,1,1
2020-07-01,2020,7,Q3,Uttarakhand,80.43,72.73,48.26,4.0,-5.8,6.62,74.18,55,0,0,0,0,0,3,43.0,1,1
2020-07-01,2020,7,Q3,West Bengal,80.43,72.73,48.26,4.0,-5.8,6.62,74.18,55,0,0,0,0,0,3,43.0,1,1
2020-07-01,2020,7,Q3,All India,80.43,72.73,48.26,4.0,-5.8,6.62,74.18,55,0,0,0,0,0,3,43.0,1,1
2020-08-01,2020,8,Q3,Andaman & Nicobar Island,82.58,74.68,49.55,4.0,-5.8,6.62,74.18,55,0,0,0,0,0,3,43.0,1,1
2020-08-01,2020,8,Q3,Andhra Pradesh,82.58,74.68,49.55,4.0,-5.8,6.62,74.18,55,0,0,0,0,0,3,43.0,1,1
2020-08-01,2020,8,Q3,Arunachal Pradesh,82.58,74.68,49.55,4.0,-5.8,6.62,74.18,55,0,0,0,0,0,3,43.0,1,1
2020-08-01,2020,8,Q3,Assam,82.58,74.68,49.55,4.0,-5.8,6.62,74.18,55,0,0,0,0,0,3,43.0,1,1
2020-08-01,2020,8,Q3,Bihar,82.58,74.68,49.55,4.0,-5.8,6.62,74.18,55,0,0,0,0,0,3,43.0,1,1
2020-08-01,2020,8,Q3,Chandigarh,82.58,74.68,49.55,4.0,-5.8,6.62,74.18,55,0,0,0,0,0,3,43.0,1,1
2020-08-01,2020,8,Q3,Chhattisgarh,82.58,74.68,49.55,4.0,-5.8,6.62,74.18,55,0,0,0,0,0,3,43.0,1,1
2020-08-01,2020,8,Q3,Dadra and Nagar Haveli,82.58,74.68,49.55,4.0,-5.8,6.62,74.18,55,0,0,0,0,0,3,43.0,1,1
2020-08-01,2020,8,Q3,Daman and Diu,82.58,74.68,49.55,4.0,-5.8,6.62,74.18,55,0,0,0,0,0,3,43.0,1,1
2020-08-01,2020,8,Q3,Delhi,82.58,74.68,49.55,4.0,-5.8,6.62,74.18,55,0,0,0,0,0,3,43.0,1,1
2020-08-01,2020,8,Q3,Goa,82.58,74.68,49.55,4.0,-5.8,6.62,74.18,55,0,0,0,0,0,3,43.0,1,1
2020-08-01,2020,8,Q3,Gujarat,82.58,74.68,49.55,4.0,-5.8,6.62,74.18,55,0,0,0,0,0,3,43.0,1,1
2020-08-01,2020,8,Q3,Haryana,82.58,74.68,49.55,4.0,-5.8,6.62,74.18,55,0,0,0,0,0,3,43.0,1,1
2020-08-01,2020,8,Q3,Himachal Pradesh,82.58,74.68,49.55,4.0,-5.8,6.62,74.18,55,0,0,0,0,0,3,43.0,1,1
2020-08-01,2020,8,Q3,Jammu and Kashmir,82.58,74.68,49.55,4.0,-5.8,6.62,74.18,55,0,0,0,0,0,3,43.0,1,1
2020-08-01,2020,8,Q3,Jharkhand,82.58,74.68,49.55,4.0,-5.8,6.62,74.18,55,0,0,0,0,0,3,43.0,1,1
2020-08-01,2020,8,Q3,Karnataka,82.58,74.68,49.55,4.0,-5.8,6.62,74.18,55,0,0,0,0,0,3,43.0,1,1
2020-08-01,2020,8,Q3,Kerala,82.58,74.68,49.55,4.0,-5.8,6.62,74.18,55,0,0,0,0,0,3,43.0,1,1
2020-08-01,2020,8,Q3,Ladakh,82.58,74.68,49.55,4.0,-5.8,6.62,74.18,55,0,0,0,0,0,3,43.0,1,1
2020-08-01,2020,8,Q3,Lakshadweep,82.58,74.68,49.55,4.0,-5.8,6.62,74.18,55,0,0,0,0,0,3,43.0,1,1
2020-08-01,2020,8,Q3,Madhya Pradesh,82.58,74.68,49.55,4.0,-5.8,6.62,74.18,55,0,0,0,0,0,3,43.0,1,1
2020-08-01,2020,8,Q3,Maharashtra,82.58,74.68,49.55,4.0,-5.8,6.62,74.18,55,0,0,0,0,0,3,43.0,1,1
2020-08-01,2020,8,Q3,Manipur,82.58,74.68,49.55,4.0,-5.8,6.62,74.18,55,0,0,0,0,0,3,43.0,1,1
2020-08-01,2020,8,Q3,Meghalaya,82.58,74.68,49.55,4.0,-5.8,6.62,74.18,55,0,0,0,0,0,3,43.0,1,1
2020-08-01,2020,8,Q3,Mizoram,82.58,74.68,49.55,4.0,-5.8,6.62,74.18,55,0,0,0,0,0,3,43.0,1,1
2020-08-01,2020,8,Q3,Nagaland,82.58,74.68,49.55,4.0,-5.8,6.62,74.18,55,0,0,0,0,0,3,43.0,1,1
2020-08-01,2020,8,Q3,Odisha,82.58,74.68,49.55,4.0,-5.8,6.62,74.18,55,0,0,0,0,0,3,43.0,1,1
2020-08-01,2020,8,Q3,Puducherry,82.58,74.68,49.55,4.0,-5.8,6.62,74.18,55,0,0,0,0,0,3,43.0,1,1
2020-08-01,2020,8,Q3,Punjab,82.58,74.68,49.55,4.0,-5.8,6.62,74.18,55,0,0,0,0,0,3,43.0,1,1
2020-08-01,2020,8,Q3,Rajasthan,82.58,74.68,49.55,4.0,-5.8,6.62,74.18,55,0,0,0,0,0,3,43.0,1,1
2020-08-01,2020,8,Q3,Sikkim,82.58,74.68,49.55,4.0,-5.8,6.62,74.18,55,0,0,0,0,0,3,43.0,1,1
2020-08-01,2020,8,Q3,Tamil Nadu,82.58,74.68,49.55,4.0,-5.8,6.62,74.18,55,0,0,0,0,0,3,43.0,1,1
2020-08-01,2020,8,Q3,Telangana,82.58,74.68,49.55,4.0,-5.8,6.62,74.18,55,0,0,0,0,0,3,43.0,1,1
2020-08-01,2020,8,Q3,Tripura,82.58,74.68,49.55,4.0,-5.8,6.62,74.18,55,0,0,0,0,0,3,43.0,1,1
2020-08-01,2020,8,Q3,Uttar Pradesh,82.58,74.68,49.55,4.0,-5.8,6.62,74.18,55,0,0,0,0,0,3,43.0,1,1
2020-08-01,2020,8,Q3,Uttarakhand,82.58,74.68,49.55,4.0,-5.8,6.62,74.18,55,0,0,0,0,0,3,43.0,1,1
2020-08-01,2020,8,Q3,West Bengal,82.58,74.68,49.55,4.0,-5.8,6.62,74.18,55,0,0,0,0,0,3,43.0,1,1
2020-08-01,2020,8,Q3,All India,82.58,74.68,49.55,4.0,-5.8,6.62,74.18,55,0,0,0,0,0,3,43.0,1,1
2020-09-01,2020,9,Q3,Andaman & Nicobar Island,83.17,74.68,49.9,4.0,-5.8,6.62,74.18,55,0,0,0,0,0,5,43.0,1,1
2020-09-01,2020,9,Q3,Andhra Pradesh,83.17,74.68,49.9,4.0,-5.8,6.62,74.18,55,0,0,0,0,0,5,43.0,1,1
2020-09-01,2020,9,Q3,Arunachal Pradesh,83.17,74.68,49.9,4.0,-5.8,6.62,74.18,55,0,0,0,0,0,5,43.0,1,1
2020-09-01,2020,9,Q3,Assam,83.17,74.68,49.9,4.0,-5.8,6.62,74.18,55,0,0,0,0,0,5,43.0,1,1
2020-09-01,2020,9,Q3,Bihar,83.17,74.68,49.9,4.0,-5.8,6.62,74.18,55,0,0,0,0,0,5,43.0,1,1
2020-09-01,2020,9,Q3,Chandigarh,83.17,74.68,49.9,4.0,-5.8,6.62,74.18,55,0,0,0,0,0,5,43.0,1,1
2020-09-01,2020,9,Q3,Chhattisgarh,83.17,74.68,49.9,4.0,-5.8,6.62,74.18,55,0,0,0,0,0,5,43.0,1,1
2020-09-01,2020,9,Q3,Dadra and Nagar Haveli,83.17,74.68,49.9,4.0,-5.8,6.62,74.18,55,0,0,0,0,0,5,43.0,1,1
2020-09-01,2020,9,Q3,Daman and Diu,83.17,74.68,49.9,4.0,-5.8,6.62,74.18,55,0,0,0,0,0,5,43.0,1,1
2020-09-01,2020,9,Q3,Delhi,83.17,74.68,49.9,4.0,-5.8,6.62,74.18,55,0,0,0,0,0,5,43.0,1,1
2020-09-01,2020,9,Q3,Goa,83.17,74.68,49.9,4.0,-5.8,6.62,74.18,55,0,0,0,0,0,5,43.0,1,1
2020-09-01,2020,9,Q3,Gujarat,83.17,74.68,49.9,4.0,-5.8,6.62,74.18,55,0,0,0,0,0,5,43.0,1,1
2020-09-01,2020,9,Q3,Haryana,83.17,74.68,49.9,4.0,-5.8,6.62,74.18,55,0,0,0,0,0,5,43.0,1,1
2020-09-01,2020,9,Q3,Himachal Pradesh,83.17,74.68,49.9,4.0,-5.8,6.62,74.18,55,0,0,0,0,0,5,43.0,1,1
2020-09-01,2020,9,Q3,Jammu and Kashmir,83.17,74.68,49.9,4.0,-5.8,6.62,74.18,55,0,0,0,0,0,5,43.0,1,1
2020-09-01,2020,9,Q3,Jharkhand,83.17,74.68,49.9,4.0,-5.8,6.62,74.18,55,0,0,0,0,0,5,43.0,1,1
2020-09-01,2020,9,Q3,Karnataka,83.17,74.68,49.9,4.0,-5.8,6.62,74.18,55,0,0,0,0,0,5,43.0,1,1
2020-09-01,2020,9,Q3,Kerala,83.17,74.68,49.9,4.0,-5.8,6.62,74.18,55,0,0,0,0,0,5,43.0,1,1
2020-09-01,2020,9,Q3,Ladakh,83.17,74.68,49.9,4.0,-5.8,6.62,74.18,55,0,0,0,0,0,5,43.0,1,1
2020-09-01,2020,9,Q3,Lakshadweep,83.17,74.68,49.9,4.0,-5.8,6.62,74.18,55,0,0,0,0,0,5,43.0,1,1
2020-09-01,2020,9,Q3,Madhya Pradesh,83.17,74.68,49.9,4.0,-5.8,6.62,74.18,55,0,0,0,0,0,5,43.0,1,1
2020-09-01,2020,9,Q3,Maharashtra,83.17,74.68,49.9,4.0,-5.8,6.62,74.18,55,0,0,0,0,0,5,43.0,1,1
2020-09-01,2020,9,Q3,Manipur,83.17,74.68,49.9,4.0,-5.8,6.62,74.18,55,0,0,0,0,0,5,43.0,1,1
2020-09-01,2020,9,Q3,Meghalaya,83.17,74.68,49.9,4.0,-5.8,6.62,74.18,55,0,0,0,0,0,5,43.0,1,1
2020-09-01,2020,9,Q3,Mizoram,83.17,74.68,49.9,4.0,-5.8,6.62,74.18,55,0,0,0,0,0,5,43.0,1,1
2020-09-01,2020,9,Q3,Nagaland,83.17,74.68,49.9,4.0,-5.8,6.62,74.18,55,0,0,0,0,0,5,43.0,1,1
2020-09-01,2020,9,Q3,Odisha,83.17,74.68,49.9,4.0,-5.8,6.62,74.18,55,0,0,0,0,0,5,43.0,1,1
2020-09-01,2020,9,Q3,Puducherry,83.17,74.68,49.9,4.0,-5.8,6.62,74.18,55,0,0,0,0,0,5,43.0,1,1
2020-09-01,2020,9,Q3,Punjab,83.17,74.68,49.9,4.0,-5.8,6.62,74.18,55,0,0,0,0,0,5,43.0,1,1
2020-09-01,2020,9,Q3,Rajasthan,83.17,74.68,49.9,4.0,-5.8,6.62,74.18,55,0,0,0,0,0,5,43.0,1,1
2020-09-01,2020,9,Q3,Sikkim,83.17,74.68,49.9,4.0,-5.8,6.62,74.18,55,0,0,0,0,0,5,43.0,1,1
2020-09-01,2020,9,Q3,Tamil Nadu,83.17,74.68,49.9,4.0,-5.8,6.62,74.18,55,0,0,0,0,0,5,43.0,1,1
2020-09-01,2020,9,Q3,Telangana,83.17,74.68,49.9,4.0,-5.8,6.62,74.18,55,0,0,0,0,0,5,43.0,1,1
2020-09-01,2020,9,Q3,Tripura,83.17,74.68,49.9,4.0,-5.8,6.62,74.18,55,0,0,0,0,0,5,43.0,1,1
2020-09-01,2020,9,Q3,Uttar Pradesh,83.17,74.68,49.9,4.0,-5.8,6.62,74.18,55,0,0,0,0,0,5,43.0,1,1
2020-09-01,2020,9,Q3,Uttarakhand,83.17,74.68,49.9,4.0,-5.8,6.62,74.18,55,0,0,0,0,0,5,43.0,1,1
2020-09-01,2020,9,Q3,West Bengal,83.17,74.68,49.9,4.0,-5.8,6.62,74.18,55,0,0,0,0,0,5,43.0,1,1
2020-09-01,2020,9,Q3,All India,83.17,74.68,49.9,4.0,-5.8,6.62,74.18,55,0,0,0,0,0,5,43.0,1,1
2020-10-01,2020,10,Q4,Andaman & Nicobar Island,83.29,74.68,49.97,4.0,-5.8,6.62,74.18,55,1,1,0,0,0,5,43.0,1,1
2020-10-01,2020,10,Q4,Andhra Pradesh,83.29,74.68,49.97,4.0,-5.8,6.62,74.18,55,1,1,0,0,0,5,43.0,1,1
2020-10-01,2020,10,Q4,Arunachal Pradesh,83.29,74.68,49.97,4.0,-5.8,6.62,74.18,55,1,1,0,0,0,5,43.0,1,1
2020-10-01,2020,10,Q4,Assam,83.29,74.68,49.97,4.0,-5.8,6.62,74.18,55,1,1,0,0,0,5,43.0,1,1
2020-10-01,2020,10,Q4,Bihar,83.29,74.68,49.97,4.0,-5.8,6.62,74.18,55,1,1,0,0,0,5,43.0,1,1
2020-10-01,2020,10,Q4,Chandigarh,83.29,74.68,49.97,4.0,-5.8,6.62,74.18,55,1,1,0,0,0,5,43.0,1,1
2020-10-01,2020,10,Q4,Chhattisgarh,83.29,74.68,49.97,4.0,-5.8,6.62,74.18,55,1,1,0,0,0,5,43.0,1,1
2020-10-01,2020,10,Q4,Dadra and Nagar Haveli,83.29,74.68,49.97,4.0,-5.8,6.62,74.18,55,1,1,0,0,0,5,43.0,1,1
2020-10-01,2020,10,Q4,Daman and Diu,83.29,74.68,49.97,4.0,-5.8,6.62,74.18,55,1,1,0,0,0,5,43.0,1,1
2020-10-01,2020,10,Q4,Delhi,83.29,74.68,49.97,4.0,-5.8,6.62,74.18,55,1,1,0,0,0,5,43.0,1,1
2020-10-01,2020,10,Q4,Goa,83.29,74.68,49.97,4.0,-5.8,6.62,74.18,55,1,1,0,0,0,5,43.0,1,1
2020-10-01,2020,10,Q4,Gujarat,83.29,74.68,49.97,4.0,-5.8,6.62,74.18,55,1,1,0,0,0,5,43.0,1,1
2020-10-01,2020,10,Q4,Haryana,83.29,74.68,49.97,4.0,-5.8,6.62,74.18,55,1,1,0,0,0,5,43.0,1,1
2020-10-01,2020,10,Q4,Himachal Pradesh,83.29,74.68,49.97,4.0,-5.8,6.62,74.18,55,1,1,0,0,0,5,43.0,1,1
2020-10-01,2020,10,Q4,Jammu and Kashmir,83.29,74.68,49.97,4.0,-5.8,6.62,74.18,55,1,1,0,0,0,5,43.0,1,1
2020-10-01,2020,10,Q4,Jharkhand,83.29,74.68,49.97,4.0,-5.8,6.62,74.18,55,1,1,0,0,0,5,43.0,1,1
2020-10-01,2020,10,Q4,Karnataka,83.29,74.68,49.97,4.0,-5.8,6.62,74.18,55,1,1,0,0,0,5,43.0,1,1
2020-10-01,2020,10,Q4,Kerala,83.29,74.68,49.97,4.0,-5.8,6.62,74.18,55,1,1,0,0,0,5,43.0,1,1
2020-10-01,2020,10,Q4,Ladakh,83.29,74.68,49.97,4.0,-5.8,6.62,74.18,55,1,1,0,0,0,5,43.0,1,1
2020-10-01,2020,10,Q4,Lakshadweep,83.29,74.68,49.97,4.0,-5.8,6.62,74.18,55,1,1,0,0,0,5,43.0,1,1
2020-10-01,2020,10,Q4,Madhya Pradesh,83.29,74.68,49.97,4.0,-5.8,6.62,74.18,55,1,1,0,0,0,5,43.0,1,1
2020-10-01,2020,10,Q4,Maharashtra,83.29,74.68,49.97,4.0,-5.8,6.62,74.18,55,1,1,0,0,0,5,43.0,1,1
2020-10-01,2020,10,Q4,Manipur,83.29,74.68,49.97,4.0,-5.8,6.62,74.18,55,1,1,0,0,0,5,43.0,1,1
2020-10-01,2020,10,Q4,Meghalaya,83.29,74.68,49.97,4.0,-5.8,6.62,74.18,55,1,1,0,0,0,5,43.0,1,1
2020-10-01,2020,10,Q4,Mizoram,83.29,74.68,49.97,4.0,-5.8,6.62,74.18,55,1,1,0,0,0,5,43.0,1,1
2020-10-01,2020,10,Q4,Nagaland,83.29,74.68,49.97,4.0,-5.8,6.62,74.18,55,1,1,0,0,0,5,43.0,1,1
2020-10-01,2020,10,Q4,Odisha,83.29,74.68,49.97,4.0,-5.8,6.62,74.18,55,1,1,0,0,0,5,43.0,1,1
2020-10-01,2020,10,Q4,Puducherry,83.29,74.68,49.97,4.0,-5.8,6.62,74.18,55,1,1,0,0,0,5,43.0,1,1
2020-10-01,2020,10,Q4,Punjab,83.29,74.68,49.97,4.0,-5.8,6.62,74.18,55,1,1,0,0,0,5,43.0,1,1
2020-10-01,2020,10,Q4,Rajasthan,83.29,74.68,49.97,4.0,-5.8,6.62,74.18,55,1,1,0,0,0,5,43.0,1,1
2020-10-01,2020,10,Q4,Sikkim,83.29,74.68,49.97,4.0,-5.8,6.62,74.18,55,1,1,0,0,0,5,43.0,1,1
2020-10-01,2020,10,Q4,Tamil Nadu,83.29,74.68,49.97,4.0,-5.8,6.62,74.18,55,1,1,0,0,0,5,43.0,1,1
2020-10-01,2020,10,Q4,Telangana,83.29,74.68,49.97,4.0,-5.8,6.62,74.18,55,1,1,0,0,0,5,43.0,1,1
2020-10-01,2020,10,Q4,Tripura,83.29,74.68,49.97,4.0,-5.8,6.62,74.18,55,1,1,0,0,0,5,43.0,1,1
2020-10-01,2020,10,Q4,Uttar Pradesh,83.29,74.68,49.97,4.0,-5.8,6.62,74.18,55,1,1,0,0,0,5,43.0,1,1
2020-10-01,2020,10,Q4,Uttarakhand,83.29,74.68,49.97,4.0,-5.8,6.62,74.18,55,1,1,0,0,0,5,43.0,1,1
2020-10-01,2020,10,Q4,West Bengal,83.29,74.68,49.97,4.0,-5.8,6.62,74.18,55,1,1,0,0,0,5,43.0,1,1
2020-10-01,2020,10,Q4,All India,83.29,74.68,49.97,4.0,-5.8,6.62,74.18,55,1,1,0,0,0,5,43.0,1,1
2020-11-01,2020,11,Q4,Andaman & Nicobar Island,84.41,75.62,50.65,4.0,-5.8,6.62,74.18,55,1,0,0,0,0,3,43.0,1,1
2020-11-01,2020,11,Q4,Andhra Pradesh,84.41,75.62,50.65,4.0,-5.8,6.62,74.18,55,1,0,0,0,0,3,43.0,1,1
2020-11-01,2020,11,Q4,Arunachal Pradesh,84.41,75.62,50.65,4.0,-5.8,6.62,74.18,55,1,0,0,0,0,3,43.0,1,1
2020-11-01,2020,11,Q4,Assam,84.41,75.62,50.65,4.0,-5.8,6.62,74.18,55,1,0,0,0,0,3,43.0,1,1
2020-11-01,2020,11,Q4,Bihar,84.41,75.62,50.65,4.0,-5.8,6.62,74.18,55,1,0,0,0,0,3,43.0,1,1
2020-11-01,2020,11,Q4,Chandigarh,84.41,75.62,50.65,4.0,-5.8,6.62,74.18,55,1,0,0,0,0,3,43.0,1,1
2020-11-01,2020,11,Q4,Chhattisgarh,84.41,75.62,50.65,4.0,-5.8,6.62,74.18,55,1,0,0,0,0,3,43.0,1,1
2020-11-01,2020,11,Q4,Dadra and Nagar Haveli,84.41,75.62,50.65,4.0,-5.8,6.62,74.18,55,1,0,0,0,0,3,43.0,1,1
2020-11-01,2020,11,Q4,Daman and Diu,84.41,75.62,50.65,4.0,-5.8,6.62,74.18,55,1,0,0,0,0,3,43.0,1,1
2020-11-01,2020,11,Q4,Delhi,84.41,75.62,50.65,4.0,-5.8,6.62,74.18,55,1,0,0,0,0,3,43.0,1,1
2020-11-01,2020,11,Q4,Goa,84.41,75.62,50.65,4.0,-5.8,6.62,74.18,55,1,0,0,0,0,3,43.0,1,1
2020-11-01,2020,11,Q4,Gujarat,84.41,75.62,50.65,4.0,-5.8,6.62,74.18,55,1,0,0,0,0,3,43.0,1,1
2020-11-01,2020,11,Q4,Haryana,84.41,75.62,50.65,4.0,-5.8,6.62,74.18,55,1,0,0,0,0,3,43.0,1,1
2020-11-01,2020,11,Q4,Himachal Pradesh,84.41,75.62,50.65,4.0,-5.8,6.62,74.18,55,1,0,0,0,0,3,43.0,1,1
2020-11-01,2020,11,Q4,Jammu and Kashmir,84.41,75.62,50.65,4.0,-5.8,6.62,74.18,55,1,0,0,0,0,3,43.0,1,1
2020-11-01,2020,11,Q4,Jharkhand,84.41,75.62,50.65,4.0,-5.8,6.62,74.18,55,1,0,0,0,0,3,43.0,1,1
2020-11-01,2020,11,Q4,Karnataka,84.41,75.62,50.65,4.0,-5.8,6.62,74.18,55,1,0,0,0,0,3,43.0,1,1
2020-11-01,2020,11,Q4,Kerala,84.41,75.62,50.65,4.0,-5.8,6.62,74.18,55,1,0,0,0,0,3,43.0,1,1
2020-11-01,2020,11,Q4,Ladakh,84.41,75.62,50.65,4.0,-5.8,6.62,74.18,55,1,0,0,0,0,3,43.0,1,1
2020-11-01,2020,11,Q4,Lakshadweep,84.41,75.62,50.65,4.0,-5.8,6.62,74.18,55,1,0,0,0,0,3,43.0,1,1
2020-11-01,2020,11,Q4,Madhya Pradesh,84.41,75.62,50.65,4.0,-5.8,6.62,74.18,55,1,0,0,0,0,3,43.0,1,1
2020-11-01,2020,11,Q4,Maharashtra,84.41,75.62,50.65,4.0,-5.8,6.62,74.18,55,1,0,0,0,0,3,43.0,1,1
2020-11-01,2020,11,Q4,Manipur,84.41,75.62,50.65,4.0,-5.8,6.62,74.18,55,1,0,0,0,0,3,43.0,1,1
2020-11-01,2020,11,Q4,Meghalaya,84.41,75.62,50.65,4.0,-5.8,6.62,74.18,55,1,0,0,0,0,3,43.0,1,1
2020-11-01,2020,11,Q4,Mizoram,84.41,75.62,50.65,4.0,-5.8,6.62,74.18,55,1,0,0,0,0,3,43.0,1,1
2020-11-01,2020,11,Q4,Nagaland,84.41,75.62,50.65,4.0,-5.8,6.62,74.18,55,1,0,0,0,0,3,43.0,1,1
2020-11-01,2020,11,Q4,Odisha,84.41,75.62,50.65,4.0,-5.8,6.62,74.18,55,1,0,0,0,0,3,43.0,1,1
2020-11-01,2020,11,Q4,Puducherry,84.41,75.62,50.65,4.0,-5.8,6.62,74.18,55,1,0,0,0,0,3,43.0,1,1
2020-11-01,2020,11,Q4,Punjab,84.41,75.62,50.65,4.0,-5.8,6.62,74.18,55,1,0,0,0,0,3,43.0,1,1
2020-11-01,2020,11,Q4,Rajasthan,84.41,75.62,50.65,4.0,-5.8,6.62,74.18,55,1,0,0,0,0,3,43.0,1,1
2020-11-01,2020,11,Q4,Sikkim,84.41,75.62,50.65,4.0,-5.8,6.62,74.18,55,1,0,0,0,0,3,43.0,1,1
2020-11-01,2020,11,Q4,Tamil Nadu,84.41,75.62,50.65,4.0,-5.8,6.62,74.18,55,1,0,0,0,0,3,43.0,1,1
2020-11-01,2020,11,Q4,Telangana,84.41,75.62,50.65,4.0,-5.8,6.62,74.18,55,1,0,0,0,0,3,43.0,1,1
2020-11-01,2020,11,Q4,Tripura,84.41,75.62,50.65,4.0,-5.8,6.62,74.18,55,1,0,0,0,0,3,43.0,1,1
2020-11-01,2020,11,Q4,Uttar Pradesh,84.41,75.62,50.65,4.0,-5.8,6.62,74.18,55,1,0,0,0,0,3,43.0,1,1
2020-11-01,2020,11,Q4,Uttarakhand,84.41,75.62,50.65,4.0,-5.8,6.62,74.18,55,1,0,0,0,0,3,43.0,1,1
2020-11-01,2020,11,Q4,West Bengal,84.41,75.62,50.65,4.0,-5.8,6.62,74.18,55,1,0,0,0,0,3,43.0,1,1
2020-11-01,2020,11,Q4,All India,84.41,75.62,50.65,4.0,-5.8,6.62,74.18,55,1,0,0,0,0,3,43.0,1,1
2020-12-01,2020,12,Q4,Andaman & Nicobar Island,84.2,75.62,50.52,4.0,-5.8,6.62,74.18,55,0,0,0,0,0,3,43.0,1,1
2020-12-01,2020,12,Q4,Andhra Pradesh,84.2,75.62,50.52,4.0,-5.8,6.62,74.18,55,0,0,0,0,0,3,43.0,1,1
2020-12-01,2020,12,Q4,Arunachal Pradesh,84.2,75.62,50.52,4.0,-5.8,6.62,74.18,55,0,0,0,0,0,3,43.0,1,1
2020-12-01,2020,12,Q4,Assam,84.2,75.62,50.52,4.0,-5.8,6.62,74.18,55,0,0,0,0,0,3,43.0,1,1
2020-12-01,2020,12,Q4,Bihar,84.2,75.62,50.52,4.0,-5.8,6.62,74.18,55,0,0,0,0,0,3,43.0,1,1
2020-12-01,2020,12,Q4,Chandigarh,84.2,75.62,50.52,4.0,-5.8,6.62,74.18,55,0,0,0,0,0,3,43.0,1,1
2020-12-01,2020,12,Q4,Chhattisgarh,84.2,75.62,50.52,4.0,-5.8,6.62,74.18,55,0,0,0,0,0,3,43.0,1,1
2020-12-01,2020,12,Q4,Dadra and Nagar Haveli,84.2,75.62,50.52,4.0,-5.8,6.62,74.18,55,0,0,0,0,0,3,43.0,1,1
2020-12-01,2020,12,Q4,Daman and Diu,84.2,75.62,50.52,4.0,-5.8,6.62,74.18,55,0,0,0,0,0,3,43.0,1,1
2020-12-01,2020,12,Q4,Delhi,84.2,75.62,50.52,4.0,-5.8,6.62,74.18,55,0,0,0,0,0,3,43.0,1,1
2020-12-01,2020,12,Q4,Goa,84.2,75.62,50.52,4.0,-5.8,6.62,74.18,55,0,0,0,0,0,3,43.0,1,1
2020-12-01,2020,12,Q4,Gujarat,84.2,75.62,50.52,4.0,-5.8,6.62,74.18,55,0,0,0,0,0,3,43.0,1,1
2020-12-01,2020,12,Q4,Haryana,84.2,75.62,50.52,4.0,-5.8,6.62,74.18,55,0,0,0,0,0,3,43.0,1,1
2020-12-01,2020,12,Q4,Himachal Pradesh,84.2,75.62,50.52,4.0,-5.8,6.62,74.18,55,0,0,0,0,0,3,43.0,1,1
2020-12-01,2020,12,Q4,Jammu and Kashmir,84.2,75.62,50.52,4.0,-5.8,6.62,74.18,55,0,0,0,0,0,3,43.0,1,1
2020-12-01,2020,12,Q4,Jharkhand,84.2,75.62,50.52,4.0,-5.8,6.62,74.18,55,0,0,0,0,0,3,43.0,1,1
2020-12-01,2020,12,Q4,Karnataka,84.2,75.62,50.52,4.0,-5.8,6.62,74.18,55,0,0,0,0,0,3,43.0,1,1
2020-12-01,2020,12,Q4,Kerala,84.2,75.62,50.52,4.0,-5.8,6.62,74.18,55,0,0,0,0,0,3,43.0,1,1
2020-12-01,2020,12,Q4,Ladakh,84.2,75.62,50.52,4.0,-5.8,6.62,74.18,55,0,0,0,0,0,3,43.0,1,1
2020-12-01,2020,12,Q4,Lakshadweep,84.2,75.62,50.52,4.0,-5.8,6.62,74.18,55,0,0,0,0,0,3,43.0,1,1
2020-12-01,2020,12,Q4,Madhya Pradesh,84.2,75.62,50.52,4.0,-5.8,6.62,74.18,55,0,0,0,0,0,3,43.0,1,1
2020-12-01,2020,12,Q4,Maharashtra,84.2,75.62,50.52,4.0,-5.8,6.62,74.18,55,0,0,0,0,0,3,43.0,1,1
2020-12-01,2020,12,Q4,Manipur,84.2,75.62,50.52,4.0,-5.8,6.62,74.18,55,0,0,0,0,0,3,43.0,1,1
2020-12-01,2020,12,Q4,Meghalaya,84.2,75.62,50.52,4.0,-5.8,6.62,74.18,55,0,0,0,0,0,3,43.0,1,1
2020-12-01,2020,12,Q4,Mizoram,84.2,75.62,50.52,4.0,-5.8,6.62,74.18,55,0,0,0,0,0,3,43.0,1,1
2020-12-01,2020,12,Q4,Nagaland,84.2,75.62,50.52,4.0,-5.8,6.62,74.18,55,0,0,0,0,0,3,43.0,1,1
2020-12-01,2020,12,Q4,Odisha,84.2,75.62,50.52,4.0,-5.8,6.62,74.18,55,0,0,0,0,0,3,43.0,1,1
2020-12-01,2020,12,Q4,Puducherry,84.2,75.62,50.52,4.0,-5.8,6.62,74.18,55,0,0,0,0,0,3,43.0,1,1
2020-12-01,2020,12,Q4,Punjab,84.2,75.62,50.52,4.0,-5.8,6.62,74.18,55,0,0,0,0,0,3,43.0,1,1
2020-12-01,2020,12,Q4,Rajasthan,84.2,75.62,50.52,4.0,-5.8,6.62,74.18,55,0,0,0,0,0,3,43.0,1,1
2020-12-01,2020,12,Q4,Sikkim,84.2,75.62,50.52,4.0,-5.8,6.62,74.18,55,0,0,0,0,0,3,43.0,1,1
2020-12-01,2020,12,Q4,Tamil Nadu,84.2,75.62,50.52,4.0,-5.8,6.62,74.18,55,0,0,0,0,0,3,43.0,1,1
2020-12-01,2020,12,Q4,Telangana,84.2,75.62,50.52,4.0,-5.8,6.62,74.18,55,0,0,0,0,0,3,43.0,1,1
2020-12-01,2020,12,Q4,Tripura,84.2,75.62,50.52,4.0,-5.8,6.62,74.18,55,0,0,0,0,0,3,43.0,1,1
2020-12-01,2020,12,Q4,Uttar Pradesh,84.2,75.62,50.52,4.0,-5.8,6.62,74.18,55,0,0,0,0,0,3,43.0,1,1
2020-12-01,2020,12,Q4,Uttarakhand,84.2,75.62,50.52,4.0,-5.8,6.62,74.18,55,0,0,0,0,0,3,43.0,1,1
2020-12-01,2020,12,Q4,West Bengal,84.2,75.62,50.52,4.0,-5.8,6.62,74.18,55,0,0,0,0,0,3,43.0,1,1
2020-12-01,2020,12,Q4,All India,84.2,75.62,50.52,4.0,-5.8,6.62,74.18,55,0,0,0,0,0,3,43.0,1,1
2021-01-01,2021,1,Q1,Andaman & Nicobar Island,84.2,75.62,50.52,4.0,8.7,5.13,73.92,58,0,0,0,0,0,6,43.0,1,1
2021-01-01,2021,1,Q1,Andhra Pradesh,84.2,75.62,50.52,4.0,8.7,5.13,73.92,58,0,0,0,0,0,6,43.0,1,1
2021-01-01,2021,1,Q1,Arunachal Pradesh,84.2,75.62,50.52,4.0,8.7,5.13,73.92,58,0,0,0,0,0,6,43.0,1,1
2021-01-01,2021,1,Q1,Assam,84.2,75.62,50.52,4.0,8.7,5.13,73.92,58,0,0,0,0,0,6,43.0,1,1
2021-01-01,2021,1,Q1,Bihar,84.2,75.62,50.52,4.0,8.7,5.13,73.92,58,0,0,0,0,0,6,43.0,1,1
2021-01-01,2021,1,Q1,Chandigarh,84.2,75.62,50.52,4.0,8.7,5.13,73.92,58,0,0,0,0,0,6,43.0,1,1
2021-01-01,2021,1,Q1,Chhattisgarh,84.2,75.62,50.52,4.0,8.7,5.13,73.92,58,0,0,0,0,0,6,43.0,1,1
2021-01-01,2021,1,Q1,Dadra and Nagar Haveli,84.2,75.62,50.52,4.0,8.7,5.13,73.92,58,0,0,0,0,0,6,43.0,1,1
2021-01-01,2021,1,Q1,Daman and Diu,84.2,75.62,50.52,4.0,8.7,5.13,73.92,58,0,0,0,0,0,6,43.0,1,1
2021-01-01,2021,1,Q1,Delhi,84.2,75.62,50.52,4.0,8.7,5.13,73.92,58,0,0,0,0,0,6,43.0,1,1
2021-01-01,2021,1,Q1,Goa,84.2,75.62,50.52,4.0,8.7,5.13,73.92,58,0,0,0,0,0,6,43.0,1,1
2021-01-01,2021,1,Q1,Gujarat,84.2,75.62,50.52,4.0,8.7,5.13,73.92,58,0,0,0,0,0,6,43.0,1,1
2021-01-01,2021,1,Q1,Haryana,84.2,75.62,50.52,4.0,8.7,5.13,73.92,58,0,0,0,0,0,6,43.0,1,1
2021-01-01,2021,1,Q1,Himachal Pradesh,84.2,75.62,50.52,4.0,8.7,5.13,73.92,58,0,0,0,0,0,6,43.0,1,1
2021-01-01,2021,1,Q1,Jammu and Kashmir,84.2,75.62,50.52,4.0,8.7,5.13,73.92,58,0,0,0,0,0,6,43.0,1,1
2021-01-01,2021,1,Q1,Jharkhand,84.2,75.62,50.52,4.0,8.7,5.13,73.92,58,0,0,0,0,0,6,43.0,1,1
2021-01-01,2021,1,Q1,Karnataka,84.2,75.62,50.52,4.0,8.7,5.13,73.92,58,0,0,0,0,0,6,43.0,1,1
2021-01-01,2021,1,Q1,Kerala,84.2,75.62,50.52,4.0,8.7,5.13,73.92,58,0,0,0,0,0,6,43.0,1,1
2021-01-01,2021,1,Q1,Ladakh,84.2,75.62,50.52,4.0,8.7,5.13,73.92,58,0,0,0,0,0,6,43.0,1,1
2021-01-01,2021,1,Q1,Lakshadweep,84.2,75.62,50.52,4.0,8.7,5.13,73.92,58,0,0,0,0,0,6,43.0,1,1
2021-01-01,2021,1,Q1,Madhya Pradesh,84.2,75.62,50.52,4.0,8.7,5.13,73.92,58,0,0,0,0,0,6,43.0,1,1
2021-01-01,2021,1,Q1,Maharashtra,84.2,75.62,50.52,4.0,8.7,5.13,73.92,58,0,0,0,0,0,6,43.0,1,1
2021-01-01,2021,1,Q1,Manipur,84.2,75.62,50.52,4.0,8.7,5.13,73.92,58,0,0,0,0,0,6,43.0,1,1
2021-01-01,2021,1,Q1,Meghalaya,84.2,75.62,50.52,4.0,8.7,5.13,73.92,58,0,0,0,0,0,6,43.0,1,1
2021-01-01,2021,1,Q1,Mizoram,84.2,75.62,50.52,4.0,8.7,5.13,73.92,58,0,0,0,0,0,6,43.0,1,1
2021-01-01,2021,1,Q1,Nagaland,84.2,75.62,50.52,4.0,8.7,5.13,73.92,58,0,0,0,0,0,6,43.0,1,1
2021-01-01,2021,1,Q1,Odisha,84.2,75.62,50.52,4.0,8.7,5.13,73.92,58,0,0,0,0,0,6,43.0,1,1
2021-01-01,2021,1,Q1,Puducherry,84.2,75.62,50.52,4.0,8.7,5.13,73.92,58,0,0,0,0,0,6,43.0,1,1
2021-01-01,2021,1,Q1,Punjab,84.2,75.62,50.52,4.0,8.7,5.13,73.92,58,0,0,0,0,0,6,43.0,1,1
2021-01-01,2021,1,Q1,Rajasthan,84.2,75.62,50.52,4.0,8.7,5.13,73.92,58,0,0,0,0,0,6,43.0,1,1
2021-01-01,2021,1,Q1,Sikkim,84.2,75.62,50.52,4.0,8.7,5.13,73.92,58,0,0,0,0,0,6,43.0,1,1
2021-01-01,2021,1,Q1,Tamil Nadu,84.2,75.62,50.52,4.0,8.7,5.13,73.92,58,0,0,0,0,0,6,43.0,1,1
2021-01-01,2021,1,Q1,Telangana,84.2,75.62,50.52,4.0,8.7,5.13,73.92,58,0,0,0,0,0,6,43.0,1,1
2021-01-01,2021,1,Q1,Tripura,84.2,75.62,50.52,4.0,8.7,5.13,73.92,58,0,0,0,0,0,6,43.0,1,1
2021-01-01,2021,1,Q1,Uttar Pradesh,84.2,75.62,50.52,4.0,8.7,5.13,73.92,58,0,0,0,0,0,6,43.0,1,1
2021-01-01,2021,1,Q1,Uttarakhand,84.2,75.62,50.52,4.0,8.7,5.13,73.92,58,0,0,0,0,0,6,43.0,1,1
2021-01-01,2021,1,Q1,West Bengal,84.2,75.62,50.52,4.0,8.7,5.13,73.92,58,0,0,0,0,0,6,43.0,1,1
2021-01-01,2021,1,Q1,All India,84.2,75.62,50.52,4.0,8.7,5.13,73.92,58,0,0,0,0,0,6,43.0,1,1
2021-02-01,2021,2,Q1,Andaman & Nicobar Island,87.67,77.82,52.6,4.0,8.7,5.13,73.92,58,0,0,0,0,1,6,43.0,1,1
2021-02-01,2021,2,Q1,Andhra Pradesh,87.67,77.82,52.6,4.0,8.7,5.13,73.92,58,0,0,0,0,1,6,43.0,1,1
2021-02-01,2021,2,Q1,Arunachal Pradesh,87.67,77.82,52.6,4.0,8.7,5.13,73.92,58,0,0,0,0,1,6,43.0,1,1
2021-02-01,2021,2,Q1,Assam,87.67,77.82,52.6,4.0,8.7,5.13,73.92,58,0,0,0,0,1,6,43.0,1,1
2021-02-01,2021,2,Q1,Bihar,87.67,77.82,52.6,4.0,8.7,5.13,73.92,58,0,0,0,0,1,6,43.0,1,1
2021-02-01,2021,2,Q1,Chandigarh,87.67,77.82,52.6,4.0,8.7,5.13,73.92,58,0,0,0,0,1,6,43.0,1,1
2021-02-01,2021,2,Q1,Chhattisgarh,87.67,77.82,52.6,4.0,8.7,5.13,73.92,58,0,0,0,0,1,6,43.0,1,1
2021-02-01,2021,2,Q1,Dadra and Nagar Haveli,87.67,77.82,52.6,4.0,8.7,5.13,73.92,58,0,0,0,0,1,6,43.0,1,1
2021-02-01,2021,2,Q1,Daman and Diu,87.67,77.82,52.6,4.0,8.7,5.13,73.92,58,0,0,0,0,1,6,43.0,1,1
2021-02-01,2021,2,Q1,Delhi,87.67,77.82,52.6,4.0,8.7,5.13,73.92,58,0,0,0,0,1,6,43.0,1,1
2021-02-01,2021,2,Q1,Goa,87.67,77.82,52.6,4.0,8.7,5.13,73.92,58,0,0,0,0,1,6,43.0,1,1
2021-02-01,2021,2,Q1,Gujarat,87.67,77.82,52.6,4.0,8.7,5.13,73.92,58,0,0,0,0,1,6,43.0,1,1
2021-02-01,2021,2,Q1,Haryana,87.67,77.82,52.6,4.0,8.7,5.13,73.92,58,0,0,0,0,1,6,43.0,1,1
2021-02-01,2021,2,Q1,Himachal Pradesh,87.67,77.82,52.6,4.0,8.7,5.13,73.92,58,0,0,0,0,1,6,43.0,1,1
2021-02-01,2021,2,Q1,Jammu and Kashmir,87.67,77.82,52.6,4.0,8.7,5.13,73.92,58,0,0,0,0,1,6,43.0,1,1
2021-02-01,2021,2,Q1,Jharkhand,87.67,77.82,52.6,4.0,8.7,5.13,73.92,58,0,0,0,0,1,6,43.0,1,1
2021-02-01,2021,2,Q1,Karnataka,87.67,77.82,52.6,4.0,8.7,5.13,73.92,58,0,0,0,0,1,6,43.0,1,1
2021-02-01,2021,2,Q1,Kerala,87.67,77.82,52.6,4.0,8.7,5.13,73.92,58,0,0,0,0,1,6,43.0,1,1
2021-02-01,2021,2,Q1,Ladakh,87.67,77.82,52.6,4.0,8.7,5.13,73.92,58,0,0,0,0,1,6,43.0,1,1
2021-02-01,2021,2,Q1,Lakshadweep,87.67,77.82,52.6,4.0,8.7,5.13,73.92,58,0,0,0,0,1,6,43.0,1,1
2021-02-01,2021,2,Q1,Madhya Pradesh,87.67,77.82,52.6,4.0,8.7,5.13,73.92,58,0,0,0,0,1,6,43.0,1,1
2021-02-01,2021,2,Q1,Maharashtra,87.67,77.82,52.6,4.0,8.7,5.13,73.92,58,0,0,0,0,1,6,43.0,1,1
2021-02-01,2021,2,Q1,Manipur,87.67,77.82,52.6,4.0,8.7,5.13,73.92,58,0,0,0,0,1,6,43.0,1,1
2021-02-01,2021,2,Q1,Meghalaya,87.67,77.82,52.6,4.0,8.7,5.13,73.92,58,0,0,0,0,1,6,43.0,1,1
2021-02-01,2021,2,Q1,Mizoram,87.67,77.82,52.6,4.0,8.7,5.13,73.92,58,0,0,0,0,1,6,43.0,1,1
2021-02-01,2021,2,Q1,Nagaland,87.67,77.82,52.6,4.0,8.7,5.13,73.92,58,0,0,0,0,1,6,43.0,1,1
2021-02-01,2021,2,Q1,Odisha,87.67,77.82,52.6,4.0,8.7,5.13,73.92,58,0,0,0,0,1,6,43.0,1,1
2021-02-01,2021,2,Q1,Puducherry,87.67,77.82,52.6,4.0,8.7,5.13,73.92,58,0,0,0,0,1,6,43.0,1,1
2021-02-01,2021,2,Q1,Punjab,87.67,77.82,52.6,4.0,8.7,5.13,73.92,58,0,0,0,0,1,6,43.0,1,1
2021-02-01,2021,2,Q1,Rajasthan,87.67,77.82,52.6,4.0,8.7,5.13,73.92,58,0,0,0,0,1,6,43.0,1,1
2021-02-01,2021,2,Q1,Sikkim,87.67,77.82,52.6,4.0,8.7,5.13,73.92,58,0,0,0,0,1,6,43.0,1,1
2021-02-01,2021,2,Q1,Tamil Nadu,87.67,77.82,52.6,4.0,8.7,5.13,73.92,58,0,0,0,0,1,6,43.0,1,1
2021-02-01,2021,2,Q1,Telangana,87.67,77.82,52.6,4.0,8.7,5.13,73.92,58,0,0,0,0,1,6,43.0,1,1
2021-02-01,2021,2,Q1,Tripura,87.67,77.82,52.6,4.0,8.7,5.13,73.92,58,0,0,0,0,1,6,43.0,1,1
2021-02-01,2021,2,Q1,Uttar Pradesh,87.67,77.82,52.6,4.0,8.7,5.13,73.92,58,0,0,0,0,1,6,43.0,1,1
2021-02-01,2021,2,Q1,Uttarakhand,87.67,77.82,52.6,4.0,8.7,5.13,73.92,58,0,0,0,0,1,6,43.0,1,1
2021-02-01,2021,2,Q1,West Bengal,87.67,77.82,52.6,4.0,8.7,5.13,73.92,58,0,0,0,0,1,6,43.0,1,1
2021-02-01,2021,2,Q1,All India,87.67,77.82,52.6,4.0,8.7,5.13,73.92,58,0,0,0,0,1,6,43.0,1,1
2021-03-01,2021,3,Q1,Andaman & Nicobar Island,90.56,80.87,54.34,4.0,8.7,5.13,73.92,58,0,0,0,1,0,3,43.0,1,1
2021-03-01,2021,3,Q1,Andhra Pradesh,90.56,80.87,54.34,4.0,8.7,5.13,73.92,58,0,0,0,1,0,3,43.0,1,1
2021-03-01,2021,3,Q1,Arunachal Pradesh,90.56,80.87,54.34,4.0,8.7,5.13,73.92,58,0,0,0,1,0,3,43.0,1,1
2021-03-01,2021,3,Q1,Assam,90.56,80.87,54.34,4.0,8.7,5.13,73.92,58,0,0,0,1,0,3,43.0,1,1
2021-03-01,2021,3,Q1,Bihar,90.56,80.87,54.34,4.0,8.7,5.13,73.92,58,0,0,0,1,0,3,43.0,1,1
2021-03-01,2021,3,Q1,Chandigarh,90.56,80.87,54.34,4.0,8.7,5.13,73.92,58,0,0,0,1,0,3,43.0,1,1
2021-03-01,2021,3,Q1,Chhattisgarh,90.56,80.87,54.34,4.0,8.7,5.13,73.92,58,0,0,0,1,0,3,43.0,1,1
2021-03-01,2021,3,Q1,Dadra and Nagar Haveli,90.56,80.87,54.34,4.0,8.7,5.13,73.92,58,0,0,0,1,0,3,43.0,1,1
2021-03-01,2021,3,Q1,Daman and Diu,90.56,80.87,54.34,4.0,8.7,5.13,73.92,58,0,0,0,1,0,3,43.0,1,1
2021-03-01,2021,3,Q1,Delhi,90.56,80.87,54.34,4.0,8.7,5.13,73.92,58,0,0,0,1,0,3,43.0,1,1
2021-03-01,2021,3,Q1,Goa,90.56,80.87,54.34,4.0,8.7,5.13,73.92,58,0,0,0,1,0,3,43.0,1,1
2021-03-01,2021,3,Q1,Gujarat,90.56,80.87,54.34,4.0,8.7,5.13,73.92,58,0,0,0,1,0,3,43.0,1,1
2021-03-01,2021,3,Q1,Haryana,90.56,80.87,54.34,4.0,8.7,5.13,73.92,58,0,0,0,1,0,3,43.0,1,1
2021-03-01,2021,3,Q1,Himachal Pradesh,90.56,80.87,54.34,4.0,8.7,5.13,73.92,58,0,0,0,1,0,3,43.0,1,1
2021-03-01,2021,3,Q1,Jammu and Kashmir,90.56,80.87,54.34,4.0,8.7,5.13,73.92,58,0,0,0,1,0,3,43.0,1,1
2021-03-01,2021,3,Q1,Jharkhand,90.56,80.87,54.34,4.0,8.7,5.13,73.92,58,0,0,0,1,0,3,43.0,1,1
2021-03-01,2021,3,Q1,Karnataka,90.56,80.87,54.34,4.0,8.7,5.13,73.92,58,0,0,0,1,0,3,43.0,1,1
2021-03-01,2021,3,Q1,Kerala,90.56,80.87,54.34,4.0,8.7,5.13,73.92,58,0,0,0,1,0,3,43.0,1,1
2021-03-01,2021,3,Q1,Ladakh,90.56,80.87,54.34,4.0,8.7,5.13,73.92,58,0,0,0,1,0,3,43.0,1,1
2021-03-01,2021,3,Q1,Lakshadweep,90.56,80.87,54.34,4.0,8.7,5.13,73.92,58,0,0,0,1,0,3,43.0,1,1
2021-03-01,2021,3,Q1,Madhya Pradesh,90.56,80.87,54.34,4.0,8.7,5.13,73.92,58,0,0,0,1,0,3,43.0,1,1
2021-03-01,2021,3,Q1,Maharashtra,90.56,80.87,54.34,4.0,8.7,5.13,73.92,58,0,0,0,1,0,3,43.0,1,1
2021-03-01,2021,3,Q1,Manipur,90.56,80.87,54.34,4.0,8.7,5.13,73.92,58,0,0,0,1,0,3,43.0,1,1
2021-03-01,2021,3,Q1,Meghalaya,90.56,80.87,54.34,4.0,8.7,5.13,73.92,58,0,0,0,1,0,3,43.0,1,1
2021-03-01,2021,3,Q1,Mizoram,90.56,80.87,54.34,4.0,8.7,5.13,73.92,58,0,0,0,1,0,3,43.0,1,1
2021-03-01,2021,3,Q1,Nagaland,90.56,80.87,54.34,4.0,8.7,5.13,73.92,58,0,0,0,1,0,3,43.0,1,1
2021-03-01,2021,3,Q1,Odisha,90.56,80.87,54.34,4.0,8.7,5.13,73.92,58,0,0,0,1,0,3,43.0,1,1
2021-03-01,2021,3,Q1,Puducherry,90.56,80.87,54.34,4.0,8.7,5.13,73.92,58,0,0,0,1,0,3,43.0,1,1
2021-03-01,2021,3,Q1,Punjab,90.56,80.87,54.34,4.0,8.7,5.13,73.92,58,0,0,0,1,0,3,43.0,1,1
2021-03-01,2021,3,Q1,Rajasthan,90.56,80.87,54.34,4.0,8.7,5.13,73.92,58,0,0,0,1,0,3,43.0,1,1
2021-03-01,2021,3,Q1,Sikkim,90.56,80.87,54.34,4.0,8.7,5.13,73.92,58,0,0,0,1,0,3,43.0,1,1
2021-03-01,2021,3,Q1,Tamil Nadu,90.56,80.87,54.34,4.0,8.7,5.13,73.92,58,0,0,0,1,0,3,43.0,1,1
2021-03-01,2021,3,Q1,Telangana,90.56,80.87,54.34,4.0,8.7,5.13,73.92,58,0,0,0,1,0,3,43.0,1,1
2021-03-01,2021,3,Q1,Tripura,90.56,80.87,54.34,4.0,8.7,5.13,73.92,58,0,0,0,1,0,3,43.0,1,1
2021-03-01,2021,3,Q1,Uttar Pradesh,90.56,80.87,54.34,4.0,8.7,5.13,73.92,58,0,0,0,1,0,3,43.0,1,1
2021-03-01,2021,3,Q1,Uttarakhand,90.56,80.87,54.34,4.0,8.7,5.13,73.92,58,0,0,0,1,0,3,43.0,1,1
2021-03-01,2021,3,Q1,West Bengal,90.56,80.87,54.34,4.0,8.7,5.13,73.92,58,0,0,0,1,0,3,43.0,1,1
2021-03-01,2021,3,Q1,All India,90.56,80.87,54.34,4.0,8.7,5.13,73.92,58,0,0,0,1,0,3,43.0,1,1
2021-04-01,2021,4,Q2,Andaman & Nicobar Island,91.17,81.47,54.7,4.0,8.7,5.13,73.92,58,0,0,1,0,0,3,43.0,1,1
2021-04-01,2021,4,Q2,Andhra Pradesh,91.17,81.47,54.7,4.0,8.7,5.13,73.92,58,0,0,1,0,0,3,43.0,1,1
2021-04-01,2021,4,Q2,Arunachal Pradesh,91.17,81.47,54.7,4.0,8.7,5.13,73.92,58,0,0,1,0,0,3,43.0,1,1
2021-04-01,2021,4,Q2,Assam,91.17,81.47,54.7,4.0,8.7,5.13,73.92,58,0,0,1,0,0,3,43.0,1,1
2021-04-01,2021,4,Q2,Bihar,91.17,81.47,54.7,4.0,8.7,5.13,73.92,58,0,0,1,0,0,3,43.0,1,1
2021-04-01,2021,4,Q2,Chandigarh,91.17,81.47,54.7,4.0,8.7,5.13,73.92,58,0,0,1,0,0,3,43.0,1,1
2021-04-01,2021,4,Q2,Chhattisgarh,91.17,81.47,54.7,4.0,8.7,5.13,73.92,58,0,0,1,0,0,3,43.0,1,1
2021-04-01,2021,4,Q2,Dadra and Nagar Haveli,91.17,81.47,54.7,4.0,8.7,5.13,73.92,58,0,0,1,0,0,3,43.0,1,1
2021-04-01,2021,4,Q2,Daman and Diu,91.17,81.47,54.7,4.0,8.7,5.13,73.92,58,0,0,1,0,0,3,43.0,1,1
2021-04-01,2021,4,Q2,Delhi,91.17,81.47,54.7,4.0,8.7,5.13,73.92,58,0,0,1,0,0,3,43.0,1,1
2021-04-01,2021,4,Q2,Goa,91.17,81.47,54.7,4.0,8.7,5.13,73.92,58,0,0,1,0,0,3,43.0,1,1
2021-04-01,2021,4,Q2,Gujarat,91.17,81.47,54.7,4.0,8.7,5.13,73.92,58,0,0,1,0,0,3,43.0,1,1
2021-04-01,2021,4,Q2,Haryana,91.17,81.47,54.7,4.0,8.7,5.13,73.92,58,0,0,1,0,0,3,43.0,1,1
2021-04-01,2021,4,Q2,Himachal Pradesh,91.17,81.47,54.7,4.0,8.7,5.13,73.92,58,0,0,1,0,0,3,43.0,1,1
2021-04-01,2021,4,Q2,Jammu and Kashmir,91.17,81.47,54.7,4.0,8.7,5.13,73.92,58,0,0,1,0,0,3,43.0,1,1
2021-04-01,2021,4,Q2,Jharkhand,91.17,81.47,54.7,4.0,8.7,5.13,73.92,58,0,0,1,0,0,3,43.0,1,1
2021-04-01,2021,4,Q2,Karnataka,91.17,81.47,54.7,4.0,8.7,5.13,73.92,58,0,0,1,0,0,3,43.0,1,1
2021-04-01,2021,4,Q2,Kerala,91.17,81.47,54.7,4.0,8.7,5.13,73.92,58,0,0,1,0,0,3,43.0,1,1
2021-04-01,2021,4,Q2,Ladakh,91.17,81.47,54.7,4.0,8.7,5.13,73.92,58,0,0,1,0,0,3,43.0,1,1
2021-04-01,2021,4,Q2,Lakshadweep,91.17,81.47,54.7,4.0,8.7,5.13,73.92,58,0,0,1,0,0,3,43.0,1,1
2021-04-01,2021,4,Q2,Madhya Pradesh,91.17,81.47,54.7,4.0,8.7,5.13,73.92,58,0,0,1,0,0,3,43.0,1,1
2021-04-01,2021,4,Q2,Maharashtra,91.17,81.47,54.7,4.0,8.7,5.13,73.92,58,0,0,1,0,0,3,43.0,1,1
2021-04-01,2021,4,Q2,Manipur,91.17,81.47,54.7,4.0,8.7,5.13,73.92,58,0,0,1,0,0,3,43.0,1,1
2021-04-01,2021,4,Q2,Meghalaya,91.17,81.47,54.7,4.0,8.7,5.13,73.92,58,0,0,1,0,0,3,43.0,1,1
2021-04-01,2021,4,Q2,Mizoram,91.17,81.47,54.7,4.0,8.7,5.13,73.92,58,0,0,1,0,0,3,43.0,1,1
2021-04-01,2021,4,Q2,Nagaland,91.17,81.47,54.7,4.0,8.7,5.13,73.92,58,0,0,1,0,0,3,43.0,1,1
2021-04-01,2021,4,Q2,Odisha,91.17,81.47,54.7,4.0,8.7,5.13,73.92,58,0,0,1,0,0,3,43.0,1,1
2021-04-01,2021,4,Q2,Puducherry,91.17,81.47,54.7,4.0,8.7,5.13,73.92,58,0,0,1,0,0,3,43.0,1,1
2021-04-01,2021,4,Q2,Punjab,91.17,81.47,54.7,4.0,8.7,5.13,73.92,58,0,0,1,0,0,3,43.0,1,1
2021-04-01,2021,4,Q2,Rajasthan,91.17,81.47,54.7,4.0,8.7,5.13,73.92,58,0,0,1,0,0,3,43.0,1,1
2021-04-01,2021,4,Q2,Sikkim,91.17,81.47,54.7,4.0,8.7,5.13,73.92,58,0,0,1,0,0,3,43.0,1,1
2021-04-01,2021,4,Q2,Tamil Nadu,91.17,81.47,54.7,4.0,8.7,5.13,73.92,58,0,0,1,0,0,3,43.0,1,1
2021-04-01,2021,4,Q2,Telangana,91.17,81.47,54.7,4.0,8.7,5.13,73.92,58,0,0,1,0,0,3,43.0,1,1
2021-04-01,2021,4,Q2,Tripura,91.17,81.47,54.7,4.0,8.7,5.13,73.92,58,0,0,1,0,0,3,43.0,1,1
2021-04-01,2021,4,Q2,Uttar Pradesh,91.17,81.47,54.7,4.0,8.7,5.13,73.92,58,0,0,1,0,0,3,43.0,1,1
2021-04-01,2021,4,Q2,Uttarakhand,91.17,81.47,54.7,4.0,8.7,5.13,73.92,58,0,0,1,0,0,3,43.0,1,1
2021-04-01,2021,4,Q2,West Bengal,91.17,81.47,54.7,4.0,8.7,5.13,73.92,58,0,0,1,0,0,3,43.0,1,1
2021-04-01,2021,4,Q2,All India,91.17,81.47,54.7,4.0,8.7,5.13,73.92,58,0,0,1,0,0,3,43.0,1,1
2021-05-01,2021,5,Q2,Andaman & Nicobar Island,92.58,82.71,55.55,4.0,8.7,5.13,73.92,58,0,0,1,0,0,3,43.0,1,1
2021-05-01,2021,5,Q2,Andhra Pradesh,92.58,82.71,55.55,4.0,8.7,5.13,73.92,58,0,0,1,0,0,3,43.0,1,1
2021-05-01,2021,5,Q2,Arunachal Pradesh,92.58,82.71,55.55,4.0,8.7,5.13,73.92,58,0,0,1,0,0,3,43.0,1,1
2021-05-01,2021,5,Q2,Assam,92.58,82.71,55.55,4.0,8.7,5.13,73.92,58,0,0,1,0,0,3,43.0,1,1
2021-05-01,2021,5,Q2,Bihar,92.58,82.71,55.55,4.0,8.7,5.13,73.92,58,0,0,1,0,0,3,43.0,1,1
2021-05-01,2021,5,Q2,Chandigarh,92.58,82.71,55.55,4.0,8.7,5.13,73.92,58,0,0,1,0,0,3,43.0,1,1
2021-05-01,2021,5,Q2,Chhattisgarh,92.58,82.71,55.55,4.0,8.7,5.13,73.92,58,0,0,1,0,0,3,43.0,1,1
2021-05-01,2021,5,Q2,Dadra and Nagar Haveli,92.58,82.71,55.55,4.0,8.7,5.13,73.92,58,0,0,1,0,0,3,43.0,1,1
2021-05-01,2021,5,Q2,Daman and Diu,92.58,82.71,55.55,4.0,8.7,5.13,73.92,58,0,0,1,0,0,3,43.0,1,1
2021-05-01,2021,5,Q2,Delhi,92.58,82.71,55.55,4.0,8.7,5.13,73.92,58,0,0,1,0,0,3,43.0,1,1
2021-05-01,2021,5,Q2,Goa,92.58,82.71,55.55,4.0,8.7,5.13,73.92,58,0,0,1,0,0,3,43.0,1,1
2021-05-01,2021,5,Q2,Gujarat,92.58,82.71,55.55,4.0,8.7,5.13,73.92,58,0,0,1,0,0,3,43.0,1,1
2021-05-01,2021,5,Q2,Haryana,92.58,82.71,55.55,4.0,8.7,5.13,73.92,58,0,0,1,0,0,3,43.0,1,1
2021-05-01,2021,5,Q2,Himachal Pradesh,92.58,82.71,55.55,4.0,8.7,5.13,73.92,58,0,0,1,0,0,3,43.0,1,1
2021-05-01,2021,5,Q2,Jammu and Kashmir,92.58,82.71,55.55,4.0,8.7,5.13,73.92,58,0,0,1,0,0,3,43.0,1,1
2021-05-01,2021,5,Q2,Jharkhand,92.58,82.71,55.55,4.0,8.7,5.13,73.92,58,0,0,1,0,0,3,43.0,1,1
2021-05-01,2021,5,Q2,Karnataka,92.58,82.71,55.55,4.0,8.7,5.13,73.92,58,0,0,1,0,0,3,43.0,1,1
2021-05-01,2021,5,Q2,Kerala,92.58,82.71,55.55,4.0,8.7,5.13,73.92,58,0,0,1,0,0,3,43.0,1,1
2021-05-01,2021,5,Q2,Ladakh,92.58,82.71,55.55,4.0,8.7,5.13,73.92,58,0,0,1,0,0,3,43.0,1,1
2021-05-01,2021,5,Q2,Lakshadweep,92.58,82.71,55.55,4.0,8.7,5.13,73.92,58,0,0,1,0,0,3,43.0,1,1
2021-05-01,2021,5,Q2,Madhya Pradesh,92.58,82.71,55.55,4.0,8.7,5.13,73.92,58,0,0,1,0,0,3,43.0,1,1
2021-05-01,2021,5,Q2,Maharashtra,92.58,82.71,55.55,4.0,8.7,5.13,73.92,58,0,0,1,0,0,3,43.0,1,1
2021-05-01,2021,5,Q2,Manipur,92.58,82.71,55.55,4.0,8.7,5.13,73.92,58,0,0,1,0,0,3,43.0,1,1
2021-05-01,2021,5,Q2,Meghalaya,92.58,82.71,55.55,4.0,8.7,5.13,73.92,58,0,0,1,0,0,3,43.0,1,1
2021-05-01,2021,5,Q2,Mizoram,92.58,82.71,55.55,4.0,8.7,5.13,73.92,58,0,0,1,0,0,3,43.0,1,1
2021-05-01,2021,5,Q2,Nagaland,92.58,82.71,55.55,4.0,8.7,5.13,73.92,58,0,0,1,0,0,3,43.0,1,1
2021-05-01,2021,5,Q2,Odisha,92.58,82.71,55.55,4.0,8.7,5.13,73.92,58,0,0,1,0,0,3,43.0,1,1
2021-05-01,2021,5,Q2,Puducherry,92.58,82.71,55.55,4.0,8.7,5.13,73.92,58,0,0,1,0,0,3,43.0,1,1
2021-05-01,2021,5,Q2,Punjab,92.58,82.71,55.55,4.0,8.7,5.13,73.92,58,0,0,1,0,0,3,43.0,1,1
2021-05-01,2021,5,Q2,Rajasthan,92.58,82.71,55.55,4.0,8.7,5.13,73.92,58,0,0,1,0,0,3,43.0,1,1
2021-05-01,2021,5,Q2,Sikkim,92.58,82.71,55.55,4.0,8.7,5.13,73.92,58,0,0,1,0,0,3,43.0,1,1
2021-05-01,2021,5,Q2,Tamil Nadu,92.58,82.71,55.55,4.0,8.7,5.13,73.92,58,0,0,1,0,0,3,43.0,1,1
2021-05-01,2021,5,Q2,Telangana,92.58,82.71,55.55,4.0,8.7,5.13,73.92,58,0,0,1,0,0,3,43.0,1,1
2021-05-01,2021,5,Q2,Tripura,92.58,82.71,55.55,4.0,8.7,5.13,73.92,58,0,0,1,0,0,3,43.0,1,1
2021-05-01,2021,5,Q2,Uttar Pradesh,92.58,82.71,55.55,4.0,8.7,5.13,73.92,58,0,0,1,0,0,3,43.0,1,1
2021-05-01,2021,5,Q2,Uttarakhand,92.58,82.71,55.55,4.0,8.7,5.13,73.92,58,0,0,1,0,0,3,43.0,1,1
2021-05-01,2021,5,Q2,West Bengal,92.58,82.71,55.55,4.0,8.7,5.13,73.92,58,0,0,1,0,0,3,43.0,1,1
2021-05-01,2021,5,Q2,All India,92.58,82.71,55.55,4.0,8.7,5.13,73.92,58,0,0,1,0,0,3,43.0,1,1
2021-06-01,2021,6,Q2,Andaman & Nicobar Island,96.72,86.67,58.03,4.0,8.7,5.13,73.92,58,0,0,0,0,0,3,43.0,1,1
2021-06-01,2021,6,Q2,Andhra Pradesh,96.72,86.67,58.03,4.0,8.7,5.13,73.92,58,0,0,0,0,0,3,43.0,1,1
2021-06-01,2021,6,Q2,Arunachal Pradesh,96.72,86.67,58.03,4.0,8.7,5.13,73.92,58,0,0,0,0,0,3,43.0,1,1
2021-06-01,2021,6,Q2,Assam,96.72,86.67,58.03,4.0,8.7,5.13,73.92,58,0,0,0,0,0,3,43.0,1,1
2021-06-01,2021,6,Q2,Bihar,96.72,86.67,58.03,4.0,8.7,5.13,73.92,58,0,0,0,0,0,3,43.0,1,1
2021-06-01,2021,6,Q2,Chandigarh,96.72,86.67,58.03,4.0,8.7,5.13,73.92,58,0,0,0,0,0,3,43.0,1,1
2021-06-01,2021,6,Q2,Chhattisgarh,96.72,86.67,58.03,4.0,8.7,5.13,73.92,58,0,0,0,0,0,3,43.0,1,1
2021-06-01,2021,6,Q2,Dadra and Nagar Haveli,96.72,86.67,58.03,4.0,8.7,5.13,73.92,58,0,0,0,0,0,3,43.0,1,1
2021-06-01,2021,6,Q2,Daman and Diu,96.72,86.67,58.03,4.0,8.7,5.13,73.92,58,0,0,0,0,0,3,43.0,1,1
2021-06-01,2021,6,Q2,Delhi,96.72,86.67,58.03,4.0,8.7,5.13,73.92,58,0,0,0,0,0,3,43.0,1,1
2021-06-01,2021,6,Q2,Goa,96.72,86.67,58.03,4.0,8.7,5.13,73.92,58,0,0,0,0,0,3,43.0,1,1
2021-06-01,2021,6,Q2,Gujarat,96.72,86.67,58.03,4.0,8.7,5.13,73.92,58,0,0,0,0,0,3,43.0,1,1
2021-06-01,2021,6,Q2,Haryana,96.72,86.67,58.03,4.0,8.7,5.13,73.92,58,0,0,0,0,0,3,43.0,1,1
2021-06-01,2021,6,Q2,Himachal Pradesh,96.72,86.67,58.03,4.0,8.7,5.13,73.92,58,0,0,0,0,0,3,43.0,1,1
2021-06-01,2021,6,Q2,Jammu and Kashmir,96.72,86.67,58.03,4.0,8.7,5.13,73.92,58,0,0,0,0,0,3,43.0,1,1
2021-06-01,2021,6,Q2,Jharkhand,96.72,86.67,58.03,4.0,8.7,5.13,73.92,58,0,0,0,0,0,3,43.0,1,1
2021-06-01,2021,6,Q2,Karnataka,96.72,86.67,58.03,4.0,8.7,5.13,73.92,58,0,0,0,0,0,3,43.0,1,1
2021-06-01,2021,6,Q2,Kerala,96.72,86.67,58.03,4.0,8.7,5.13,73.92,58,0,0,0,0,0,3,43.0,1,1
2021-06-01,2021,6,Q2,Ladakh,96.72,86.67,58.03,4.0,8.7,5.13,73.92,58,0,0,0,0,0,3,43.0,1,1
2021-06-01,2021,6,Q2,Lakshadweep,96.72,86.67,58.03,4.0,8.7,5.13,73.92,58,0,0,0,0,0,3,43.0,1,1
2021-06-01,2021,6,Q2,Madhya Pradesh,96.72,86.67,58.03,4.0,8.7,5.13,73.92,58,0,0,0,0,0,3,43.0,1,1
2021-06-01,2021,6,Q2,Maharashtra,96.72,86.67,58.03,4.0,8.7,5.13,73.92,58,0,0,0,0,0,3,43.0,1,1
2021-06-01,2021,6,Q2,Manipur,96.72,86.67,58.03,4.0,8.7,5.13,73.92,58,0,0,0,0,0,3,43.0,1,1
2021-06-01,2021,6,Q2,Meghalaya,96.72,86.67,58.03,4.0,8.7,5.13,73.92,58,0,0,0,0,0,3,43.0,1,1
2021-06-01,2021,6,Q2,Mizoram,96.72,86.67,58.03,4.0,8.7,5.13,73.92,58,0,0,0,0,0,3,43.0,1,1
2021-06-01,2021,6,Q2,Nagaland,96.72,86.67,58.03,4.0,8.7,5.13,73.92,58,0,0,0,0,0,3,43.0,1,1
2021-06-01,2021,6,Q2,Odisha,96.72,86.67,58.03,4.0,8.7,5.13,73.92,58,0,0,0,0,0,3,43.0,1,1
2021-06-01,2021,6,Q2,Puducherry,96.72,86.67,58.03,4.0,8.7,5.13,73.92,58,0,0,0,0,0,3,43.0,1,1
2021-06-01,2021,6,Q2,Punjab,96.72,86.67,58.03,4.0,8.7,5.13,73.92,58,0,0,0,0,0,3,43.0,1,1
2021-06-01,2021,6,Q2,Rajasthan,96.72,86.67,58.03,4.0,8.7,5.13,73.92,58,0,0,0,0,0,3,43.0,1,1
2021-06-01,2021,6,Q2,Sikkim,96.72,86.67,58.03,4.0,8.7,5.13,73.92,58,0,0,0,0,0,3,43.0,1,1
2021-06-01,2021,6,Q2,Tamil Nadu,96.72,86.67,58.03,4.0,8.7,5.13,73.92,58,0,0,0,0,0,3,43.0,1,1
2021-06-01,2021,6,Q2,Telangana,96.72,86.67,58.03,4.0,8.7,5.13,73.92,58,0,0,0,0,0,3,43.0,1,1
2021-06-01,2021,6,Q2,Tripura,96.72,86.67,58.03,4.0,8.7,5.13,73.92,58,0,0,0,0,0,3,43.0,1,1
2021-06-01,2021,6,Q2,Uttar Pradesh,96.72,86.67,58.03,4.0,8.7,5.13,73.92,58,0,0,0,0,0,3,43.0,1,1
2021-06-01,2021,6,Q2,Uttarakhand,96.72,86.67,58.03,4.0,8.7,5.13,73.92,58,0,0,0,0,0,3,43.0,1,1
2021-06-01,2021,6,Q2,West Bengal,96.72,86.67,58.03,4.0,8.7,5.13,73.92,58,0,0,0,0,0,3,43.0,1,1
2021-06-01,2021,6,Q2,All India,96.72,86.67,58.03,4.0,8.7,5.13,73.92,58,0,0,0,0,0,3,43.0,1,1
2021-07-01,2021,7,Q3,Andaman & Nicobar Island,101.84,89.87,61.1,4.0,8.7,5.13,73.92,58,0,0,0,0,0,3,43.0,1,1
2021-07-01,2021,7,Q3,Andhra Pradesh,101.84,89.87,61.1,4.0,8.7,5.13,73.92,58,0,0,0,0,0,3,43.0,1,1
2021-07-01,2021,7,Q3,Arunachal Pradesh,101.84,89.87,61.1,4.0,8.7,5.13,73.92,58,0,0,0,0,0,3,43.0,1,1
2021-07-01,2021,7,Q3,Assam,101.84,89.87,61.1,4.0,8.7,5.13,73.92,58,0,0,0,0,0,3,43.0,1,1
2021-07-01,2021,7,Q3,Bihar,101.84,89.87,61.1,4.0,8.7,5.13,73.92,58,0,0,0,0,0,3,43.0,1,1
2021-07-01,2021,7,Q3,Chandigarh,101.84,89.87,61.1,4.0,8.7,5.13,73.92,58,0,0,0,0,0,3,43.0,1,1
2021-07-01,2021,7,Q3,Chhattisgarh,101.84,89.87,61.1,4.0,8.7,5.13,73.92,58,0,0,0,0,0,3,43.0,1,1
2021-07-01,2021,7,Q3,Dadra and Nagar Haveli,101.84,89.87,61.1,4.0,8.7,5.13,73.92,58,0,0,0,0,0,3,43.0,1,1
2021-07-01,2021,7,Q3,Daman and Diu,101.84,89.87,61.1,4.0,8.7,5.13,73.92,58,0,0,0,0,0,3,43.0,1,1
2021-07-01,2021,7,Q3,Delhi,101.84,89.87,61.1,4.0,8.7,5.13,73.92,58,0,0,0,0,0,3,43.0,1,1
2021-07-01,2021,7,Q3,Goa,101.84,89.87,61.1,4.0,8.7,5.13,73.92,58,0,0,0,0,0,3,43.0,1,1
2021-07-01,2021,7,Q3,Gujarat,101.84,89.87,61.1,4.0,8.7,5.13,73.92,58,0,0,0,0,0,3,43.0,1,1
2021-07-01,2021,7,Q3,Haryana,101.84,89.87,61.1,4.0,8.7,5.13,73.92,58,0,0,0,0,0,3,43.0,1,1
2021-07-01,2021,7,Q3,Himachal Pradesh,101.84,89.87,61.1,4.0,8.7,5.13,73.92,58,0,0,0,0,0,3,43.0,1,1
2021-07-01,2021,7,Q3,Jammu and Kashmir,101.84,89.87,61.1,4.0,8.7,5.13,73.92,58,0,0,0,0,0,3,43.0,1,1
2021-07-01,2021,7,Q3,Jharkhand,101.84,89.87,61.1,4.0,8.7,5.13,73.92,58,0,0,0,0,0,3,43.0,1,1
2021-07-01,2021,7,Q3,Karnataka,101.84,89.87,61.1,4.0,8.7,5.13,73.92,58,0,0,0,0,0,3,43.0,1,1
2021-07-01,2021,7,Q3,Kerala,101.84,89.87,61.1,4.0,8.7,5.13,73.92,58,0,0,0,0,0,3,43.0,1,1
2021-07-01,2021,7,Q3,Ladakh,101.84,89.87,61.1,4.0,8.7,5.13,73.92,58,0,0,0,0,0,3,43.0,1,1
2021-07-01,2021,7,Q3,Lakshadweep,101.84,89.87,61.1,4.0,8.7,5.13,73.92,58,0,0,0,0,0,3,43.0,1,1
2021-07-01,2021,7,Q3,Madhya Pradesh,101.84,89.87,61.1,4.0,8.7,5.13,73.92,58,0,0,0,0,0,3,43.0,1,1
2021-07-01,2021,7,Q3,Maharashtra,101.84,89.87,61.1,4.0,8.7,5.13,73.92,58,0,0,0,0,0,3,43.0,1,1
2021-07-01,2021,7,Q3,Manipur,101.84,89.87,61.1,4.0,8.7,5.13,73.92,58,0,0,0,0,0,3,43.0,1,1
2021-07-01,2021,7,Q3,Meghalaya,101.84,89.87,61.1,4.0,8.7,5.13,73.92,58,0,0,0,0,0,3,43.0,1,1
2021-07-01,2021,7,Q3,Mizoram,101.84,89.87,61.1,4.0,8.7,5.13,73.92,58,0,0,0,0,0,3,43.0,1,1
2021-07-01,2021,7,Q3,Nagaland,101.84,89.87,61.1,4.0,8.7,5.13,73.92,58,0,0,0,0,0,3,43.0,1,1
2021-07-01,2021,7,Q3,Odisha,101.84,89.87,61.1,4.0,8.7,5.13,73.92,58,0,0,0,0,0,3,43.0,1,1
2021-07-01,2021,7,Q3,Puducherry,101.84,89.87,61.1,4.0,8.7,5.13,73.92,58,0,0,0,0,0,3,43.0,1,1
2021-07-01,2021,7,Q3,Punjab,101.84,89.87,61.1,4.0,8.7,5.13,73.92,58,0,0,0,0,0,3,43.0,1,1
2021-07-01,2021,7,Q3,Rajasthan,101.84,89.87,61.1,4.0,8.7,5.13,73.92,58,0,0,0,0,0,3,43.0,1,1
2021-07-01,2021,7,Q3,Sikkim,101.84,89.87,61.1,4.0,8.7,5.13,73.92,58,0,0,0,0,0,3,43.0,1,1
2021-07-01,2021,7,Q3,Tamil Nadu,101.84,89.87,61.1,4.0,8.7,5.13,73.92,58,0,0,0,0,0,3,43.0,1,1
2021-07-01,2021,7,Q3,Telangana,101.84,89.87,61.1,4.0,8.7,5.13,73.92,58,0,0,0,0,0,3,43.0,1,1
2021-07-01,2021,7,Q3,Tripura,101.84,89.87,61.1,4.0,8.7,5.13,73.92,58,0,0,0,0,0,3,43.0,1,1
2021-07-01,2021,7,Q3,Uttar Pradesh,101.84,89.87,61.1,4.0,8.7,5.13,73.92,58,0,0,0,0,0,3,43.0,1,1
2021-07-01,2021,7,Q3,Uttarakhand,101.84,89.87,61.1,4.0,8.7,5.13,73.92,58,0,0,0,0,0,3,43.0,1,1
2021-07-01,2021,7,Q3,West Bengal,101.84,89.87,61.1,4.0,8.7,5.13,73.92,58,0,0,0,0,0,3,43.0,1,1
2021-07-01,2021,7,Q3,All India,101.84,89.87,61.1,4.0,8.7,5.13,73.92,58,0,0,0,0,0,3,43.0,1,1
2021-08-01,2021,8,Q3,Andaman & Nicobar Island,101.84,89.87,61.1,4.0,8.7,5.13,73.92,58,0,0,0,0,0,3,43.0,1,1
2021-08-01,2021,8,Q3,Andhra Pradesh,101.84,89.87,61.1,4.0,8.7,5.13,73.92,58,0,0,0,0,0,3,43.0,1,1
2021-08-01,2021,8,Q3,Arunachal Pradesh,101.84,89.87,61.1,4.0,8.7,5.13,73.92,58,0,0,0,0,0,3,43.0,1,1
2021-08-01,2021,8,Q3,Assam,101.84,89.87,61.1,4.0,8.7,5.13,73.92,58,0,0,0,0,0,3,43.0,1,1
2021-08-01,2021,8,Q3,Bihar,101.84,89.87,61.1,4.0,8.7,5.13,73.92,58,0,0,0,0,0,3,43.0,1,1
2021-08-01,2021,8,Q3,Chandigarh,101.84,89.87,61.1,4.0,8.7,5.13,73.92,58,0,0,0,0,0,3,43.0,1,1
2021-08-01,2021,8,Q3,Chhattisgarh,101.84,89.87,61.1,4.0,8.7,5.13,73.92,58,0,0,0,0,0,3,43.0,1,1
2021-08-01,2021,8,Q3,Dadra and Nagar Haveli,101.84,89.87,61.1,4.0,8.7,5.13,73.92,58,0,0,0,0,0,3,43.0,1,1
2021-08-01,2021,8,Q3,Daman and Diu,101.84,89.87,61.1,4.0,8.7,5.13,73.92,58,0,0,0,0,0,3,43.0,1,1
2021-08-01,2021,8,Q3,Delhi,101.84,89.87,61.1,4.0,8.7,5.13,73.92,58,0,0,0,0,0,3,43.0,1,1
2021-08-01,2021,8,Q3,Goa,101.84,89.87,61.1,4.0,8.7,5.13,73.92,58,0,0,0,0,0,3,43.0,1,1
2021-08-01,2021,8,Q3,Gujarat,101.84,89.87,61.1,4.0,8.7,5.13,73.92,58,0,0,0,0,0,3,43.0,1,1
2021-08-01,2021,8,Q3,Haryana,101.84,89.87,61.1,4.0,8.7,5.13,73.92,58,0,0,0,0,0,3,43.0,1,1
2021-08-01,2021,8,Q3,Himachal Pradesh,101.84,89.87,61.1,4.0,8.7,5.13,73.92,58,0,0,0,0,0,3,43.0,1,1
2021-08-01,2021,8,Q3,Jammu and Kashmir,101.84,89.87,61.1,4.0,8.7,5.13,73.92,58,0,0,0,0,0,3,43.0,1,1
2021-08-01,2021,8,Q3,Jharkhand,101.84,89.87,61.1,4.0,8.7,5.13,73.92,58,0,0,0,0,0,3,43.0,1,1
2021-08-01,2021,8,Q3,Karnataka,101.84,89.87,61.1,4.0,8.7,5.13,73.92,58,0,0,0,0,0,3,43.0,1,1
2021-08-01,2021,8,Q3,Kerala,101.84,89.87,61.1,4.0,8.7,5.13,73.92,58,0,0,0,0,0,3,43.0,1,1
2021-08-01,2021,8,Q3,Ladakh,101.84,89.87,61.1,4.0,8.7,5.13,73.92,58,0,0,0,0,0,3,43.0,1,1
2021-08-01,2021,8,Q3,Lakshadweep,101.84,89.87,61.1,4.0,8.7,5.13,73.92,58,0,0,0,0,0,3,43.0,1,1
2021-08-01,2021,8,Q3,Madhya Pradesh,101.84,89.87,61.1,4.0,8.7,5.13,73.92,58,0,0,0,0,0,3,43.0,1,1
2021-08-01,2021,8,Q3,Maharashtra,101.84,89.87,61.1,4.0,8.7,5.13,73.92,58,0,0,0,0,0,3,43.0,1,1
2021-08-01,2021,8,Q3,Manipur,101.84,89.87,61.1,4.0,8.7,5.13,73.92,58,0,0,0,0,0,3,43.0,1,1
2021-08-01,2021,8,Q3,Meghalaya,101.84,89.87,61.1,4.0,8.7,5.13,73.92,58,0,0,0,0,0,3,43.0,1,1
2021-08-01,2021,8,Q3,Mizoram,101.84,89.87,61.1,4.0,8.7,5.13,73.92,58,0,0,0,0,0,3,43.0,1,1
2021-08-01,2021,8,Q3,Nagaland,101.84,89.87,61.1,4.0,8.7,5.13,73.92,58,0,0,0,0,0,3,43.0,1,1
2021-08-01,2021,8,Q3,Odisha,101.84,89.87,61.1,4.0,8.7,5.13,73.92,58,0,0,0,0,0,3,43.0,1,1
2021-08-01,2021,8,Q3,Puducherry,101.84,89.87,61.1,4.0,8.7,5.13,73.92,58,0,0,0,0,0,3,43.0,1,1
2021-08-01,2021,8,Q3,Punjab,101.84,89.87,61.1,4.0,8.7,5.13,73.92,58,0,0,0,0,0,3,43.0,1,1
2021-08-01,2021,8,Q3,Rajasthan,101.84,89.87,61.1,4.0,8.7,5.13,73.92,58,0,0,0,0,0,3,43.0,1,1
2021-08-01,2021,8,Q3,Sikkim,101.84,89.87,61.1,4.0,8.7,5.13,73.92,58,0,0,0,0,0,3,43.0,1,1
2021-08-01,2021,8,Q3,Tamil Nadu,101.84,89.87,61.1,4.0,8.7,5.13,73.92,58,0,0,0,0,0,3,43.0,1,1
2021-08-01,2021,8,Q3,Telangana,101.84,89.87,61.1,4.0,8.7,5.13,73.92,58,0,0,0,0,0,3,43.0,1,1
2021-08-01,2021,8,Q3,Tripura,101.84,89.87,61.1,4.0,8.7,5.13,73.92,58,0,0,0,0,0,3,43.0,1,1
2021-08-01,2021,8,Q3,Uttar Pradesh,101.84,89.87,61.1,4.0,8.7,5.13,73.92,58,0,0,0,0,0,3,43.0,1,1
2021-08-01,2021,8,Q3,Uttarakhand,101.84,89.87,61.1,4.0,8.7,5.13,73.92,58,0,0,0,0,0,3,43.0,1,1
2021-08-01,2021,8,Q3,West Bengal,101.84,89.87,61.1,4.0,8.7,5.13,73.92,58,0,0,0,0,0,3,43.0,1,1
2021-08-01,2021,8,Q3,All India,101.84,89.87,61.1,4.0,8.7,5.13,73.92,58,0,0,0,0,0,3,43.0,1,1
2021-09-01,2021,9,Q3,Andaman & Nicobar Island,101.84,89.87,61.1,4.0,8.7,5.13,73.92,58,0,0,0,0,0,5,43.0,1,1
2021-09-01,2021,9,Q3,Andhra Pradesh,101.84,89.87,61.1,4.0,8.7,5.13,73.92,58,0,0,0,0,0,5,43.0,1,1
2021-09-01,2021,9,Q3,Arunachal Pradesh,101.84,89.87,61.1,4.0,8.7,5.13,73.92,58,0,0,0,0,0,5,43.0,1,1
2021-09-01,2021,9,Q3,Assam,101.84,89.87,61.1,4.0,8.7,5.13,73.92,58,0,0,0,0,0,5,43.0,1,1
2021-09-01,2021,9,Q3,Bihar,101.84,89.87,61.1,4.0,8.7,5.13,73.92,58,0,0,0,0,0,5,43.0,1,1
2021-09-01,2021,9,Q3,Chandigarh,101.84,89.87,61.1,4.0,8.7,5.13,73.92,58,0,0,0,0,0,5,43.0,1,1
2021-09-01,2021,9,Q3,Chhattisgarh,101.84,89.87,61.1,4.0,8.7,5.13,73.92,58,0,0,0,0,0,5,43.0,1,1
2021-09-01,2021,9,Q3,Dadra and Nagar Haveli,101.84,89.87,61.1,4.0,8.7,5.13,73.92,58,0,0,0,0,0,5,43.0,1,1
2021-09-01,2021,9,Q3,Daman and Diu,101.84,89.87,61.1,4.0,8.7,5.13,73.92,58,0,0,0,0,0,5,43.0,1,1
2021-09-01,2021,9,Q3,Delhi,101.84,89.87,61.1,4.0,8.7,5.13,73.92,58,0,0,0,0,0,5,43.0,1,1
2021-09-01,2021,9,Q3,Goa,101.84,89.87,61.1,4.0,8.7,5.13,73.92,58,0,0,0,0,0,5,43.0,1,1
2021-09-01,2021,9,Q3,Gujarat,101.84,89.87,61.1,4.0,8.7,5.13,73.92,58,0,0,0,0,0,5,43.0,1,1
2021-09-01,2021,9,Q3,Haryana,101.84,89.87,61.1,4.0,8.7,5.13,73.92,58,0,0,0,0,0,5,43.0,1,1
2021-09-01,2021,9,Q3,Himachal Pradesh,101.84,89.87,61.1,4.0,8.7,5.13,73.92,58,0,0,0,0,0,5,43.0,1,1
2021-09-01,2021,9,Q3,Jammu and Kashmir,101.84,89.87,61.1,4.0,8.7,5.13,73.92,58,0,0,0,0,0,5,43.0,1,1
2021-09-01,2021,9,Q3,Jharkhand,101.84,89.87,61.1,4.0,8.7,5.13,73.92,58,0,0,0,0,0,5,43.0,1,1
2021-09-01,2021,9,Q3,Karnataka,101.84,89.87,61.1,4.0,8.7,5.13,73.92,58,0,0,0,0,0,5,43.0,1,1
2021-09-01,2021,9,Q3,Kerala,101.84,89.87,61.1,4.0,8.7,5.13,73.92,58,0,0,0,0,0,5,43.0,1,1
2021-09-01,2021,9,Q3,Ladakh,101.84,89.87,61.1,4.0,8.7,5.13,73.92,58,0,0,0,0,0,5,43.0,1,1
2021-09-01,2021,9,Q3,Lakshadweep,101.84,89.87,61.1,4.0,8.7,5.13,73.92,58,0,0,0,0,0,5,43.0,1,1
2021-09-01,2021,9,Q3,Madhya Pradesh,101.84,89.87,61.1,4.0,8.7,5.13,73.92,58,0,0,0,0,0,5,43.0,1,1
2021-09-01,2021,9,Q3,Maharashtra,101.84,89.87,61.1,4.0,8.7,5.13,73.92,58,0,0,0,0,0,5,43.0,1,1
2021-09-01,2021,9,Q3,Manipur,101.84,89.87,61.1,4.0,8.7,5.13,73.92,58,0,0,0,0,0,5,43.0,1,1
2021-09-01,2021,9,Q3,Meghalaya,101.84,89.87,61.1,4.0,8.7,5.13,73.92,58,0,0,0,0,0,5,43.0,1,1
2021-09-01,2021,9,Q3,Mizoram,101.84,89.87,61.1,4.0,8.7,5.13,73.92,58,0,0,0,0,0,5,43.0,1,1
2021-09-01,2021,9,Q3,Nagaland,101.84,89.87,61.1,4.0,8.7,5.13,73.92,58,0,0,0,0,0,5,43.0,1,1
2021-09-01,2021,9,Q3,Odisha,101.84,89.87,61.1,4.0,8.7,5.13,73.92,58,0,0,0,0,0,5,43.0,1,1
2021-09-01,2021,9,Q3,Puducherry,101.84,89.87,61.1,4.0,8.7,5.13,73.92,58,0,0,0,0,0,5,43.0,1,1
2021-09-01,2021,9,Q3,Punjab,101.84,89.87,61.1,4.0,8.7,5.13,73.92,58,0,0,0,0,0,5,43.0,1,1
2021-09-01,2021,9,Q3,Rajasthan,101.84,89.87,61.1,4.0,8.7,5.13,73.92,58,0,0,0,0,0,5,43.0,1,1
2021-09-01,2021,9,Q3,Sikkim,101.84,89.87,61.1,4.0,8.7,5.13,73.92,58,0,0,0,0,0,5,43.0,1,1
2021-09-01,2021,9,Q3,Tamil Nadu,101.84,89.87,61.1,4.0,8.7,5.13,73.92,58,0,0,0,0,0,5,43.0,1,1
2021-09-01,2021,9,Q3,Telangana,101.84,89.87,61.1,4.0,8.7,5.13,73.92,58,0,0,0,0,0,5,43.0,1,1
2021-09-01,2021,9,Q3,Tripura,101.84,89.87,61.1,4.0,8.7,5.13,73.92,58,0,0,0,0,0,5,43.0,1,1
2021-09-01,2021,9,Q3,Uttar Pradesh,101.84,89.87,61.1,4.0,8.7,5.13,73.92,58,0,0,0,0,0,5,43.0,1,1
2021-09-01,2021,9,Q3,Uttarakhand,101.84,89.87,61.1,4.0,8.7,5.13,73.92,58,0,0,0,0,0,5,43.0,1,1
2021-09-01,2021,9,Q3,West Bengal,101.84,89.87,61.1,4.0,8.7,5.13,73.92,58,0,0,0,0,0,5,43.0,1,1
2021-09-01,2021,9,Q3,All India,101.84,89.87,61.1,4.0,8.7,5.13,73.92,58,0,0,0,0,0,5,43.0,1,1
2021-10-01,2021,10,Q4,Andaman & Nicobar Island,103.97,91.8,62.38,4.0,8.7,5.13,73.92,58,1,1,0,0,0,5,43.0,1,1
2021-10-01,2021,10,Q4,Andhra Pradesh,103.97,91.8,62.38,4.0,8.7,5.13,73.92,58,1,1,0,0,0,5,43.0,1,1
2021-10-01,2021,10,Q4,Arunachal Pradesh,103.97,91.8,62.38,4.0,8.7,5.13,73.92,58,1,1,0,0,0,5,43.0,1,1
2021-10-01,2021,10,Q4,Assam,103.97,91.8,62.38,4.0,8.7,5.13,73.92,58,1,1,0,0,0,5,43.0,1,1
2021-10-01,2021,10,Q4,Bihar,103.97,91.8,62.38,4.0,8.7,5.13,73.92,58,1,1,0,0,0,5,43.0,1,1
2021-10-01,2021,10,Q4,Chandigarh,103.97,91.8,62.38,4.0,8.7,5.13,73.92,58,1,1,0,0,0,5,43.0,1,1
2021-10-01,2021,10,Q4,Chhattisgarh,103.97,91.8,62.38,4.0,8.7,5.13,73.92,58,1,1,0,0,0,5,43.0,1,1
2021-10-01,2021,10,Q4,Dadra and Nagar Haveli,103.97,91.8,62.38,4.0,8.7,5.13,73.92,58,1,1,0,0,0,5,43.0,1,1
2021-10-01,2021,10,Q4,Daman and Diu,103.97,91.8,62.38,4.0,8.7,5.13,73.92,58,1,1,0,0,0,5,43.0,1,1
2021-10-01,2021,10,Q4,Delhi,103.97,91.8,62.38,4.0,8.7,5.13,73.92,58,1,1,0,0,0,5,43.0,1,1
2021-10-01,2021,10,Q4,Goa,103.97,91.8,62.38,4.0,8.7,5.13,73.92,58,1,1,0,0,0,5,43.0,1,1
2021-10-01,2021,10,Q4,Gujarat,103.97,91.8,62.38,4.0,8.7,5.13,73.92,58,1,1,0,0,0,5,43.0,1,1
2021-10-01,2021,10,Q4,Haryana,103.97,91.8,62.38,4.0,8.7,5.13,73.92,58,1,1,0,0,0,5,43.0,1,1
2021-10-01,2021,10,Q4,Himachal Pradesh,103.97,91.8,62.38,4.0,8.7,5.13,73.92,58,1,1,0,0,0,5,43.0,1,1
2021-10-01,2021,10,Q4,Jammu and Kashmir,103.97,91.8,62.38,4.0,8.7,5.13,73.92,58,1,1,0,0,0,5,43.0,1,1
2021-10-01,2021,10,Q4,Jharkhand,103.97,91.8,62.38,4.0,8.7,5.13,73.92,58,1,1,0,0,0,5,43.0,1,1
2021-10-01,2021,10,Q4,Karnataka,103.97,91.8,62.38,4.0,8.7,5.13,73.92,58,1,1,0,0,0,5,43.0,1,1
2021-10-01,2021,10,Q4,Kerala,103.97,91.8,62.38,4.0,8.7,5.13,73.92,58,1,1,0,0,0,5,43.0,1,1
2021-10-01,2021,10,Q4,Ladakh,103.97,91.8,62.38,4.0,8.7,5.13,73.92,58,1,1,0,0,0,5,43.0,1,1
2021-10-01,2021,10,Q4,Lakshadweep,103.97,91.8,62.38,4.0,8.7,5.13,73.92,58,1,1,0,0,0,5,43.0,1,1
2021-10-01,2021,10,Q4,Madhya Pradesh,103.97,91.8,62.38,4.0,8.7,5.13,73.92,58,1,1,0,0,0,5,43.0,1,1
2021-10-01,2021,10,Q4,Maharashtra,103.97,91.8,62.38,4.0,8.7,5.13,73.92,58,1,1,0,0,0,5,43.0,1,1
2021-10-01,2021,10,Q4,Manipur,103.97,91.8,62.38,4.0,8.7,5.13,73.92,58,1,1,0,0,0,5,43.0,1,1
2021-10-01,2021,10,Q4,Meghalaya,103.97,91.8,62.38,4.0,8.7,5.13,73.92,58,1,1,0,0,0,5,43.0,1,1
2021-10-01,2021,10,Q4,Mizoram,103.97,91.8,62.38,4.0,8.7,5.13,73.92,58,1,1,0,0,0,5,43.0,1,1
2021-10-01,2021,10,Q4,Nagaland,103.97,91.8,62.38,4.0,8.7,5.13,73.92,58,1,1,0,0,0,5,43.0,1,1
2021-10-01,2021,10,Q4,Odisha,103.97,91.8,62.38,4.0,8.7,5.13,73.92,58,1,1,0,0,0,5,43.0,1,1
2021-10-01,2021,10,Q4,Puducherry,103.97,91.8,62.38,4.0,8.7,5.13,73.92,58,1,1,0,0,0,5,43.0,1,1
2021-10-01,2021,10,Q4,Punjab,103.97,91.8,62.38,4.0,8.7,5.13,73.92,58,1,1,0,0,0,5,43.0,1,1
2021-10-01,2021,10,Q4,Rajasthan,103.97,91.8,62.38,4.0,8.7,5.13,73.92,58,1,1,0,0,0,5,43.0,1,1
2021-10-01,2021,10,Q4,Sikkim,103.97,91.8,62.38,4.0,8.7,5.13,73.92,58,1,1,0,0,0,5,43.0,1,1
2021-10-01,2021,10,Q4,Tamil Nadu,103.97,91.8,62.38,4.0,8.7,5.13,73.92,58,1,1,0,0,0,5,43.0,1,1
2021-10-01,2021,10,Q4,Telangana,103.97,91.8,62.38,4.0,8.7,5.13,73.92,58,1,1,0,0,0,5,43.0,1,1
2021-10-01,2021,10,Q4,Tripura,103.97,91.8,62.38,4.0,8.7,5.13,73.92,58,1,1,0,0,0,5,43.0,1,1
2021-10-01,2021,10,Q4,Uttar Pradesh,103.97,91.8,62.38,4.0,8.7,5.13,73.92,58,1,1,0,0,0,5,43.0,1,1
2021-10-01,2021,10,Q4,Uttarakhand,103.97,91.8,62.38,4.0,8.7,5.13,73.92,58,1,1,0,0,0,5,43.0,1,1
2021-10-01,2021,10,Q4,West Bengal,103.97,91.8,62.38,4.0,8.7,5.13,73.92,58,1,1,0,0,0,5,43.0,1,1
2021-10-01,2021,10,Q4,All India,103.97,91.8,62.38,4.0,8.7,5.13,73.92,58,1,1,0,0,0,5,43.0,1,1
2021-11-01,2021,11,Q4,Andaman & Nicobar Island,95.41,86.67,57.25,4.0,8.7,5.13,73.92,58,1,0,0,0,0,3,43.0,1,1
2021-11-01,2021,11,Q4,Andhra Pradesh,95.41,86.67,57.25,4.0,8.7,5.13,73.92,58,1,0,0,0,0,3,43.0,1,1
2021-11-01,2021,11,Q4,Arunachal Pradesh,95.41,86.67,57.25,4.0,8.7,5.13,73.92,58,1,0,0,0,0,3,43.0,1,1
2021-11-01,2021,11,Q4,Assam,95.41,86.67,57.25,4.0,8.7,5.13,73.92,58,1,0,0,0,0,3,43.0,1,1
2021-11-01,2021,11,Q4,Bihar,95.41,86.67,57.25,4.0,8.7,5.13,73.92,58,1,0,0,0,0,3,43.0,1,1
2021-11-01,2021,11,Q4,Chandigarh,95.41,86.67,57.25,4.0,8.7,5.13,73.92,58,1,0,0,0,0,3,43.0,1,1
2021-11-01,2021,11,Q4,Chhattisgarh,95.41,86.67,57.25,4.0,8.7,5.13,73.92,58,1,0,0,0,0,3,43.0,1,1
2021-11-01,2021,11,Q4,Dadra and Nagar Haveli,95.41,86.67,57.25,4.0,8.7,5.13,73.92,58,1,0,0,0,0,3,43.0,1,1
2021-11-01,2021,11,Q4,Daman and Diu,95.41,86.67,57.25,4.0,8.7,5.13,73.92,58,1,0,0,0,0,3,43.0,1,1
2021-11-01,2021,11,Q4,Delhi,95.41,86.67,57.25,4.0,8.7,5.13,73.92,58,1,0,0,0,0,3,43.0,1,1
2021-11-01,2021,11,Q4,Goa,95.41,86.67,57.25,4.0,8.7,5.13,73.92,58,1,0,0,0,0,3,43.0,1,1
2021-11-01,2021,11,Q4,Gujarat,95.41,86.67,57.25,4.0,8.7,5.13,73.92,58,1,0,0,0,0,3,43.0,1,1
2021-11-01,2021,11,Q4,Haryana,95.41,86.67,57.25,4.0,8.7,5.13,73.92,58,1,0,0,0,0,3,43.0,1,1
2021-11-01,2021,11,Q4,Himachal Pradesh,95.41,86.67,57.25,4.0,8.7,5.13,73.92,58,1,0,0,0,0,3,43.0,1,1
2021-11-01,2021,11,Q4,Jammu and Kashmir,95.41,86.67,57.25,4.0,8.7,5.13,73.92,58,1,0,0,0,0,3,43.0,1,1
2021-11-01,2021,11,Q4,Jharkhand,95.41,86.67,57.25,4.0,8.7,5.13,73.92,58,1,0,0,0,0,3,43.0,1,1
2021-11-01,2021,11,Q4,Karnataka,95.41,86.67,57.25,4.0,8.7,5.13,73.92,58,1,0,0,0,0,3,43.0,1,1
2021-11-01,2021,11,Q4,Kerala,95.41,86.67,57.25,4.0,8.7,5.13,73.92,58,1,0,0,0,0,3,43.0,1,1
2021-11-01,2021,11,Q4,Ladakh,95.41,86.67,57.25,4.0,8.7,5.13,73.92,58,1,0,0,0,0,3,43.0,1,1
2021-11-01,2021,11,Q4,Lakshadweep,95.41,86.67,57.25,4.0,8.7,5.13,73.92,58,1,0,0,0,0,3,43.0,1,1
2021-11-01,2021,11,Q4,Madhya Pradesh,95.41,86.67,57.25,4.0,8.7,5.13,73.92,58,1,0,0,0,0,3,43.0,1,1
2021-11-01,2021,11,Q4,Maharashtra,95.41,86.67,57.25,4.0,8.7,5.13,73.92,58,1,0,0,0,0,3,43.0,1,1
2021-11-01,2021,11,Q4,Manipur,95.41,86.67,57.25,4.0,8.7,5.13,73.92,58,1,0,0,0,0,3,43.0,1,1
2021-11-01,2021,11,Q4,Meghalaya,95.41,86.67,57.25,4.0,8.7,5.13,73.92,58,1,0,0,0,0,3,43.0,1,1
2021-11-01,2021,11,Q4,Mizoram,95.41,86.67,57.25,4.0,8.7,5.13,73.92,58,1,0,0,0,0,3,43.0,1,1
2021-11-01,2021,11,Q4,Nagaland,95.41,86.67,57.25,4.0,8.7,5.13,73.92,58,1,0,0,0,0,3,43.0,1,1
2021-11-01,2021,11,Q4,Odisha,95.41,86.67,57.25,4.0,8.7,5.13,73.92,58,1,0,0,0,0,3,43.0,1,1
2021-11-01,2021,11,Q4,Puducherry,95.41,86.67,57.25,4.0,8.7,5.13,73.92,58,1,0,0,0,0,3,43.0,1,1
2021-11-01,2021,11,Q4,Punjab,95.41,86.67,57.25,4.0,8.7,5.13,73.92,58,1,0,0,0,0,3,43.0,1,1
2021-11-01,2021,11,Q4,Rajasthan,95.41,86.67,57.25,4.0,8.7,5.13,73.92,58,1,0,0,0,0,3,43.0,1,1
2021-11-01,2021,11,Q4,Sikkim,95.41,86.67,57.25,4.0,8.7,5.13,73.92,58,1,0,0,0,0,3,43.0,1,1
2021-11-01,2021,11,Q4,Tamil Nadu,95.41,86.67,57.25,4.0,8.7,5.13,73.92,58,1,0,0,0,0,3,43.0,1,1
2021-11-01,2021,11,Q4,Telangana,95.41,86.67,57.25,4.0,8.7,5.13,73.92,58,1,0,0,0,0,3,43.0,1,1
2021-11-01,2021,11,Q4,Tripura,95.41,86.67,57.25,4.0,8.7,5.13,73.92,58,1,0,0,0,0,3,43.0,1,1
2021-11-01,2021,11,Q4,Uttar Pradesh,95.41,86.67,57.25,4.0,8.7,5.13,73.92,58,1,0,0,0,0,3,43.0,1,1
2021-11-01,2021,11,Q4,Uttarakhand,95.41,86.67,57.25,4.0,8.7,5.13,73.92,58,1,0,0,0,0,3,43.0,1,1
2021-11-01,2021,11,Q4,West Bengal,95.41,86.67,57.25,4.0,8.7,5.13,73.92,58,1,0,0,0,0,3,43.0,1,1
2021-11-01,2021,11,Q4,All India,95.41,86.67,57.25,4.0,8.7,5.13,73.92,58,1,0,0,0,0,3,43.0,1,1
2021-12-01,2021,12,Q4,Andaman & Nicobar Island,95.41,86.67,57.25,4.0,8.7,5.13,73.92,58,0,0,0,0,0,3,43.0,1,1
2021-12-01,2021,12,Q4,Andhra Pradesh,95.41,86.67,57.25,4.0,8.7,5.13,73.92,58,0,0,0,0,0,3,43.0,1,1
2021-12-01,2021,12,Q4,Arunachal Pradesh,95.41,86.67,57.25,4.0,8.7,5.13,73.92,58,0,0,0,0,0,3,43.0,1,1
2021-12-01,2021,12,Q4,Assam,95.41,86.67,57.25,4.0,8.7,5.13,73.92,58,0,0,0,0,0,3,43.0,1,1
2021-12-01,2021,12,Q4,Bihar,95.41,86.67,57.25,4.0,8.7,5.13,73.92,58,0,0,0,0,0,3,43.0,1,1
2021-12-01,2021,12,Q4,Chandigarh,95.41,86.67,57.25,4.0,8.7,5.13,73.92,58,0,0,0,0,0,3,43.0,1,1
2021-12-01,2021,12,Q4,Chhattisgarh,95.41,86.67,57.25,4.0,8.7,5.13,73.92,58,0,0,0,0,0,3,43.0,1,1
2021-12-01,2021,12,Q4,Dadra and Nagar Haveli,95.41,86.67,57.25,4.0,8.7,5.13,73.92,58,0,0,0,0,0,3,43.0,1,1
2021-12-01,2021,12,Q4,Daman and Diu,95.41,86.67,57.25,4.0,8.7,5.13,73.92,58,0,0,0,0,0,3,43.0,1,1
2021-12-01,2021,12,Q4,Delhi,95.41,86.67,57.25,4.0,8.7,5.13,73.92,58,0,0,0,0,0,3,43.0,1,1
2021-12-01,2021,12,Q4,Goa,95.41,86.67,57.25,4.0,8.7,5.13,73.92,58,0,0,0,0,0,3,43.0,1,1
2021-12-01,2021,12,Q4,Gujarat,95.41,86.67,57.25,4.0,8.7,5.13,73.92,58,0,0,0,0,0,3,43.0,1,1
2021-12-01,2021,12,Q4,Haryana,95.41,86.67,57.25,4.0,8.7,5.13,73.92,58,0,0,0,0,0,3,43.0,1,1
2021-12-01,2021,12,Q4,Himachal Pradesh,95.41,86.67,57.25,4.0,8.7,5.13,73.92,58,0,0,0,0,0,3,43.0,1,1
2021-12-01,2021,12,Q4,Jammu and Kashmir,95.41,86.67,57.25,4.0,8.7,5.13,73.92,58,0,0,0,0,0,3,43.0,1,1
2021-12-01,2021,12,Q4,Jharkhand,95.41,86.67,57.25,4.0,8.7,5.13,73.92,58,0,0,0,0,0,3,43.0,1,1
2021-12-01,2021,12,Q4,Karnataka,95.41,86.67,57.25,4.0,8.7,5.13,73.92,58,0,0,0,0,0,3,43.0,1,1
2021-12-01,2021,12,Q4,Kerala,95.41,86.67,57.25,4.0,8.7,5.13,73.92,58,0,0,0,0,0,3,43.0,1,1
2021-12-01,2021,12,Q4,Ladakh,95.41,86.67,57.25,4.0,8.7,5.13,73.92,58,0,0,0,0,0,3,43.0,1,1
2021-12-01,2021,12,Q4,Lakshadweep,95.41,86.67,57.25,4.0,8.7,5.13,73.92,58,0,0,0,0,0,3,43.0,1,1
2021-12-01,2021,12,Q4,Madhya Pradesh,95.41,86.67,57.25,4.0,8.7,5.13,73.92,58,0,0,0,0,0,3,43.0,1,1
2021-12-01,2021,12,Q4,Maharashtra,95.41,86.67,57.25,4.0,8.7,5.13,73.92,58,0,0,0,0,0,3,43.0,1,1
2021-12-01,2021,12,Q4,Manipur,95.41,86.67,57.25,4.0,8.7,5.13,73.92,58,0,0,0,0,0,3,43.0,1,1
2021-12-01,2021,12,Q4,Meghalaya,95.41,86.67,57.25,4.0,8.7,5.13,73.92,58,0,0,0,0,0,3,43.0,1,1
2021-12-01,2021,12,Q4,Mizoram,95.41,86.67,57.25,4.0,8.7,5.13,73.92,58,0,0,0,0,0,3,43.0,1,1
2021-12-01,2021,12,Q4,Nagaland,95.41,86.67,57.25,4.0,8.7,5.13,73.92,58,0,0,0,0,0,3,43.0,1,1
2021-12-01,2021,12,Q4,Odisha,95.41,86.67,57.25,4.0,8.7,5.13,73.92,58,0,0,0,0,0,3,43.0,1,1
2021-12-01,2021,12,Q4,Puducherry,95.41,86.67,57.25,4.0,8.7,5.13,73.92,58,0,0,0,0,0,3,43.0,1,1
2021-12-01,2021,12,Q4,Punjab,95.41,86.67,57.25,4.0,8.7,5.13,73.92,58,0,0,0,0,0,3,43.0,1,1
2021-12-01,2021,12,Q4,Rajasthan,95.41,86.67,57.25,4.0,8.7,5.13,73.92,58,0,0,0,0,0,3,43.0,1,1
2021-12-01,2021,12,Q4,Sikkim,95.41,86.67,57.25,4.0,8.7,5.13,73.92,58,0,0,0,0,0,3,43.0,1,1
2021-12-01,2021,12,Q4,Tamil Nadu,95.41,86.67,57.25,4.0,8.7,5.13,73.92,58,0,0,0,0,0,3,43.0,1,1
2021-12-01,2021,12,Q4,Telangana,95.41,86.67,57.25,4.0,8.7,5.13,73.92,58,0,0,0,0,0,3,43.0,1,1
2021-12-01,2021,12,Q4,Tripura,95.41,86.67,57.25,4.0,8.7,5.13,73.92,58,0,0,0,0,0,3,43.0,1,1
2021-12-01,2021,12,Q4,Uttar Pradesh,95.41,86.67,57.25,4.0,8.7,5.13,73.92,58,0,0,0,0,0,3,43.0,1,1
2021-12-01,2021,12,Q4,Uttarakhand,95.41,86.67,57.25,4.0,8.7,5.13,73.92,58,0,0,0,0,0,3,43.0,1,1
2021-12-01,2021,12,Q4,West Bengal,95.41,86.67,57.25,4.0,8.7,5.13,73.92,58,0,0,0,0,0,3,43.0,1,1
2021-12-01,2021,12,Q4,All India,95.41,86.67,57.25,4.0,8.7,5.13,73.92,58,0,0,0,0,0,3,43.0,1,1
2022-01-01,2022,1,Q1,Andaman & Nicobar Island,95.41,86.67,57.25,6.25,7.2,6.7,78.6,64,0,0,0,0,0,6,43.0,1,1
2022-01-01,2022,1,Q1,Andhra Pradesh,95.41,86.67,57.25,6.25,7.2,6.7,78.6,64,0,0,0,0,0,6,43.0,1,1
2022-01-01,2022,1,Q1,Arunachal Pradesh,95.41,86.67,57.25,6.25,7.2,6.7,78.6,64,0,0,0,0,0,6,43.0,1,1
2022-01-01,2022,1,Q1,Assam,95.41,86.67,57.25,6.25,7.2,6.7,78.6,64,0,0,0,0,0,6,43.0,1,1
2022-01-01,2022,1,Q1,Bihar,95.41,86.67,57.25,6.25,7.2,6.7,78.6,64,0,0,0,0,0,6,43.0,1,1
2022-01-01,2022,1,Q1,Chandigarh,95.41,86.67,57.25,6.25,7.2,6.7,78.6,64,0,0,0,0,0,6,43.0,1,1
2022-01-01,2022,1,Q1,Chhattisgarh,95.41,86.67,57.25,6.25,7.2,6.7,78.6,64,0,0,0,0,0,6,43.0,1,1
2022-01-01,2022,1,Q1,Dadra and Nagar Haveli,95.41,86.67,57.25,6.25,7.2,6.7,78.6,64,0,0,0,0,0,6,43.0,1,1
2022-01-01,2022,1,Q1,Daman and Diu,95.41,86.67,57.25,6.25,7.2,6.7,78.6,64,0,0,0,0,0,6,43.0,1,1
2022-01-01,2022,1,Q1,Delhi,95.41,86.67,57.25,6.25,7.2,6.7,78.6,64,0,0,0,0,0,6,43.0,1,1
2022-01-01,2022,1,Q1,Goa,95.41,86.67,57.25,6.25,7.2,6.7,78.6,64,0,0,0,0,0,6,43.0,1,1
2022-01-01,2022,1,Q1,Gujarat,95.41,86.67,57.25,6.25,7.2,6.7,78.6,64,0,0,0,0,0,6,43.0,1,1
2022-01-01,2022,1,Q1,Haryana,95.41,86.67,57.25,6.25,7.2,6.7,78.6,64,0,0,0,0,0,6,43.0,1,1
2022-01-01,2022,1,Q1,Himachal Pradesh,95.41,86.67,57.25,6.25,7.2,6.7,78.6,64,0,0,0,0,0,6,43.0,1,1
2022-01-01,2022,1,Q1,Jammu and Kashmir,95.41,86.67,57.25,6.25,7.2,6.7,78.6,64,0,0,0,0,0,6,43.0,1,1
2022-01-01,2022,1,Q1,Jharkhand,95.41,86.67,57.25,6.25,7.2,6.7,78.6,64,0,0,0,0,0,6,43.0,1,1
2022-01-01,2022,1,Q1,Karnataka,95.41,86.67,57.25,6.25,7.2,6.7,78.6,64,0,0,0,0,0,6,43.0,1,1
2022-01-01,2022,1,Q1,Kerala,95.41,86.67,57.25,6.25,7.2,6.7,78.6,64,0,0,0,0,0,6,43.0,1,1
2022-01-01,2022,1,Q1,Ladakh,95.41,86.67,57.25,6.25,7.2,6.7,78.6,64,0,0,0,0,0,6,43.0,1,1
2022-01-01,2022,1,Q1,Lakshadweep,95.41,86.67,57.25,6.25,7.2,6.7,78.6,64,0,0,0,0,0,6,43.0,1,1
2022-01-01,2022,1,Q1,Madhya Pradesh,95.41,86.67,57.25,6.25,7.2,6.7,78.6,64,0,0,0,0,0,6,43.0,1,1
2022-01-01,2022,1,Q1,Maharashtra,95.41,86.67,57.25,6.25,7.2,6.7,78.6,64,0,0,0,0,0,6,43.0,1,1
2022-01-01,2022,1,Q1,Manipur,95.41,86.67,57.25,6.25,7.2,6.7,78.6,64,0,0,0,0,0,6,43.0,1,1
2022-01-01,2022,1,Q1,Meghalaya,95.41,86.67,57.25,6.25,7.2,6.7,78.6,64,0,0,0,0,0,6,43.0,1,1
2022-01-01,2022,1,Q1,Mizoram,95.41,86.67,57.25,6.25,7.2,6.7,78.6,64,0,0,0,0,0,6,43.0,1,1
2022-01-01,2022,1,Q1,Nagaland,95.41,86.67,57.25,6.25,7.2,6.7,78.6,64,0,0,0,0,0,6,43.0,1,1
2022-01-01,2022,1,Q1,Odisha,95.41,86.67,57.25,6.25,7.2,6.7,78.6,64,0,0,0,0,0,6,43.0,1,1
2022-01-01,2022,1,Q1,Puducherry,95.41,86.67,57.25,6.25,7.2,6.7,78.6,64,0,0,0,0,0,6,43.0,1,1
2022-01-01,2022,1,Q1,Punjab,95.41,86.67,57.25,6.25,7.2,6.7,78.6,64,0,0,0,0,0,6,43.0,1,1
2022-01-01,2022,1,Q1,Rajasthan,95.41,86.67,57.25,6.25,7.2,6.7,78.6,64,0,0,0,0,0,6,43.0,1,1
2022-01-01,2022,1,Q1,Sikkim,95.41,86.67,57.25,6.25,7.2,6.7,78.6,64,0,0,0,0,0,6,43.0,1,1
2022-01-01,2022,1,Q1,Tamil Nadu,95.41,86.67,57.25,6.25,7.2,6.7,78.6,64,0,0,0,0,0,6,43.0,1,1
2022-01-01,2022,1,Q1,Telangana,95.41,86.67,57.25,6.25,7.2,6.7,78.6,64,0,0,0,0,0,6,43.0,1,1
2022-01-01,2022,1,Q1,Tripura,95.41,86.67,57.25,6.25,7.2,6.7,78.6,64,0,0,0,0,0,6,43.0,1,1
2022-01-01,2022,1,Q1,Uttar Pradesh,95.41,86.67,57.25,6.25,7.2,6.7,78.6,64,0,0,0,0,0,6,43.0,1,1
2022-01-01,2022,1,Q1,Uttarakhand,95.41,86.67,57.25,6.25,7.2,6.7,78.6,64,0,0,0,0,0,6,43.0,1,1
2022-01-01,2022,1,Q1,West Bengal,95.41,86.67,57.25,6.25,7.2,6.7,78.6,64,0,0,0,0,0,6,43.0,1,1
2022-01-01,2022,1,Q1,All India,95.41,86.67,57.25,6.25,7.2,6.7,78.6,64,0,0,0,0,0,6,43.0,1,1
2022-02-01,2022,2,Q1,Andaman & Nicobar Island,95.41,86.67,57.25,6.25,7.2,6.7,78.6,64,0,0,0,0,1,6,43.0,1,1
2022-02-01,2022,2,Q1,Andhra Pradesh,95.41,86.67,57.25,6.25,7.2,6.7,78.6,64,0,0,0,0,1,6,43.0,1,1
2022-02-01,2022,2,Q1,Arunachal Pradesh,95.41,86.67,57.25,6.25,7.2,6.7,78.6,64,0,0,0,0,1,6,43.0,1,1
2022-02-01,2022,2,Q1,Assam,95.41,86.67,57.25,6.25,7.2,6.7,78.6,64,0,0,0,0,1,6,43.0,1,1
2022-02-01,2022,2,Q1,Bihar,95.41,86.67,57.25,6.25,7.2,6.7,78.6,64,0,0,0,0,1,6,43.0,1,1
2022-02-01,2022,2,Q1,Chandigarh,95.41,86.67,57.25,6.25,7.2,6.7,78.6,64,0,0,0,0,1,6,43.0,1,1
2022-02-01,2022,2,Q1,Chhattisgarh,95.41,86.67,57.25,6.25,7.2,6.7,78.6,64,0,0,0,0,1,6,43.0,1,1
2022-02-01,2022,2,Q1,Dadra and Nagar Haveli,95.41,86.67,57.25,6.25,7.2,6.7,78.6,64,0,0,0,0,1,6,43.0,1,1
2022-02-01,2022,2,Q1,Daman and Diu,95.41,86.67,57.25,6.25,7.2,6.7,78.6,64,0,0,0,0,1,6,43.0,1,1
2022-02-01,2022,2,Q1,Delhi,95.41,86.67,57.25,6.25,7.2,6.7,78.6,64,0,0,0,0,1,6,43.0,1,1
2022-02-01,2022,2,Q1,Goa,95.41,86.67,57.25,6.25,7.2,6.7,78.6,64,0,0,0,0,1,6,43.0,1,1
2022-02-01,2022,2,Q1,Gujarat,95.41,86.67,57.25,6.25,7.2,6.7,78.6,64,0,0,0,0,1,6,43.0,1,1
2022-02-01,2022,2,Q1,Haryana,95.41,86.67,57.25,6.25,7.2,6.7,78.6,64,0,0,0,0,1,6,43.0,1,1
2022-02-01,2022,2,Q1,Himachal Pradesh,95.41,86.67,57.25,6.25,7.2,6.7,78.6,64,0,0,0,0,1,6,43.0,1,1
2022-02-01,2022,2,Q1,Jammu and Kashmir,95.41,86.67,57.25,6.25,7.2,6.7,78.6,64,0,0,0,0,1,6,43.0,1,1
2022-02-01,2022,2,Q1,Jharkhand,95.41,86.67,57.25,6.25,7.2,6.7,78.6,64,0,0,0,0,1,6,43.0,1,1
2022-02-01,2022,2,Q1,Karnataka,95.41,86.67,57.25,6.25,7.2,6.7,78.6,64,0,0,0,0,1,6,43.0,1,1
2022-02-01,2022,2,Q1,Kerala,95.41,86.67,57.25,6.25,7.2,6.7,78.6,64,0,0,0,0,1,6,43.0,1,1
2022-02-01,2022,2,Q1,Ladakh,95.41,86.67,57.25,6.25,7.2,6.7,78.6,64,0,0,0,0,1,6,43.0,1,1
2022-02-01,2022,2,Q1,Lakshadweep,95.41,86.67,57.25,6.25,7.2,6.7,78.6,64,0,0,0,0,1,6,43.0,1,1
2022-02-01,2022,2,Q1,Madhya Pradesh,95.41,86.67,57.25,6.25,7.2,6.7,78.6,64,0,0,0,0,1,6,43.0,1,1
2022-02-01,2022,2,Q1,Maharashtra,95.41,86.67,57.25,6.25,7.2,6.7,78.6,64,0,0,0,0,1,6,43.0,1,1
2022-02-01,2022,2,Q1,Manipur,95.41,86.67,57.25,6.25,7.2,6.7,78.6,64,0,0,0,0,1,6,43.0,1,1
2022-02-01,2022,2,Q1,Meghalaya,95.41,86.67,57.25,6.25,7.2,6.7,78.6,64,0,0,0,0,1,6,43.0,1,1
2022-02-01,2022,2,Q1,Mizoram,95.41,86.67,57.25,6.25,7.2,6.7,78.6,64,0,0,0,0,1,6,43.0,1,1
2022-02-01,2022,2,Q1,Nagaland,95.41,86.67,57.25,6.25,7.2,6.7,78.6,64,0,0,0,0,1,6,43.0,1,1
2022-02-01,2022,2,Q1,Odisha,95.41,86.67,57.25,6.25,7.2,6.7,78.6,64,0,0,0,0,1,6,43.0,1,1
2022-02-01,2022,2,Q1,Puducherry,95.41,86.67,57.25,6.25,7.2,6.7,78.6,64,0,0,0,0,1,6,43.0,1,1
2022-02-01,2022,2,Q1,Punjab,95.41,86.67,57.25,6.25,7.2,6.7,78.6,64,0,0,0,0,1,6,43.0,1,1
2022-02-01,2022,2,Q1,Rajasthan,95.41,86.67,57.25,6.25,7.2,6.7,78.6,64,0,0,0,0,1,6,43.0,1,1
2022-02-01,2022,2,Q1,Sikkim,95.41,86.67,57.25,6.25,7.2,6.7,78.6,64,0,0,0,0,1,6,43.0,1,1
2022-02-01,2022,2,Q1,Tamil Nadu,95.41,86.67,57.25,6.25,7.2,6.7,78.6,64,0,0,0,0,1,6,43.0,1,1
2022-02-01,2022,2,Q1,Telangana,95.41,86.67,57.25,6.25,7.2,6.7,78.6,64,0,0,0,0,1,6,43.0,1,1
2022-02-01,2022,2,Q1,Tripura,95.41,86.67,57.25,6.25,7.2,6.7,78.6,64,0,0,0,0,1,6,43.0,1,1
2022-02-01,2022,2,Q1,Uttar Pradesh,95.41,86.67,57.25,6.25,7.2,6.7,78.6,64,0,0,0,0,1,6,43.0,1,1
2022-02-01,2022,2,Q1,Uttarakhand,95.41,86.67,57.25,6.25,7.2,6.7,78.6,64,0,0,0,0,1,6,43.0,1,1
2022-02-01,2022,2,Q1,West Bengal,95.41,86.67,57.25,6.25,7.2,6.7,78.6,64,0,0,0,0,1,6,43.0,1,1
2022-02-01,2022,2,Q1,All India,95.41,86.67,57.25,6.25,7.2,6.7,78.6,64,0,0,0,0,1,6,43.0,1,1
2022-03-01,2022,3,Q1,Andaman & Nicobar Island,95.41,86.67,57.25,6.25,7.2,6.7,78.6,64,0,0,0,1,0,3,43.0,1,1
2022-03-01,2022,3,Q1,Andhra Pradesh,95.41,86.67,57.25,6.25,7.2,6.7,78.6,64,0,0,0,1,0,3,43.0,1,1
2022-03-01,2022,3,Q1,Arunachal Pradesh,95.41,86.67,57.25,6.25,7.2,6.7,78.6,64,0,0,0,1,0,3,43.0,1,1
2022-03-01,2022,3,Q1,Assam,95.41,86.67,57.25,6.25,7.2,6.7,78.6,64,0,0,0,1,0,3,43.0,1,1
2022-03-01,2022,3,Q1,Bihar,95.41,86.67,57.25,6.25,7.2,6.7,78.6,64,0,0,0,1,0,3,43.0,1,1
2022-03-01,2022,3,Q1,Chandigarh,95.41,86.67,57.25,6.25,7.2,6.7,78.6,64,0,0,0,1,0,3,43.0,1,1
2022-03-01,2022,3,Q1,Chhattisgarh,95.41,86.67,57.25,6.25,7.2,6.7,78.6,64,0,0,0,1,0,3,43.0,1,1
2022-03-01,2022,3,Q1,Dadra and Nagar Haveli,95.41,86.67,57.25,6.25,7.2,6.7,78.6,64,0,0,0,1,0,3,43.0,1,1
2022-03-01,2022,3,Q1,Daman and Diu,95.41,86.67,57.25,6.25,7.2,6.7,78.6,64,0,0,0,1,0,3,43.0,1,1
2022-03-01,2022,3,Q1,Delhi,95.41,86.67,57.25,6.25,7.2,6.7,78.6,64,0,0,0,1,0,3,43.0,1,1
2022-03-01,2022,3,Q1,Goa,95.41,86.67,57.25,6.25,7.2,6.7,78.6,64,0,0,0,1,0,3,43.0,1,1
2022-03-01,2022,3,Q1,Gujarat,95.41,86.67,57.25,6.25,7.2,6.7,78.6,64,0,0,0,1,0,3,43.0,1,1
2022-03-01,2022,3,Q1,Haryana,95.41,86.67,57.25,6.25,7.2,6.7,78.6,64,0,0,0,1,0,3,43.0,1,1
2022-03-01,2022,3,Q1,Himachal Pradesh,95.41,86.67,57.25,6.25,7.2,6.7,78.6,64,0,0,0,1,0,3,43.0,1,1
2022-03-01,2022,3,Q1,Jammu and Kashmir,95.41,86.67,57.25,6.25,7.2,6.7,78.6,64,0,0,0,1,0,3,43.0,1,1
2022-03-01,2022,3,Q1,Jharkhand,95.41,86.67,57.25,6.25,7.2,6.7,78.6,64,0,0,0,1,0,3,43.0,1,1
2022-03-01,2022,3,Q1,Karnataka,95.41,86.67,57.25,6.25,7.2,6.7,78.6,64,0,0,0,1,0,3,43.0,1,1
2022-03-01,2022,3,Q1,Kerala,95.41,86.67,57.25,6.25,7.2,6.7,78.6,64,0,0,0,1,0,3,43.0,1,1
2022-03-01,2022,3,Q1,Ladakh,95.41,86.67,57.25,6.25,7.2,6.7,78.6,64,0,0,0,1,0,3,43.0,1,1
2022-03-01,2022,3,Q1,Lakshadweep,95.41,86.67,57.25,6.25,7.2,6.7,78.6,64,0,0,0,1,0,3,43.0,1,1
2022-03-01,2022,3,Q1,Madhya Pradesh,95.41,86.67,57.25,6.25,7.2,6.7,78.6,64,0,0,0,1,0,3,43.0,1,1
2022-03-01,2022,3,Q1,Maharashtra,95.41,86.67,57.25,6.25,7.2,6.7,78.6,64,0,0,0,1,0,3,43.0,1,1
2022-03-01,2022,3,Q1,Manipur,95.41,86.67,57.25,6.25,7.2,6.7,78.6,64,0,0,0,1,0,3,43.0,1,1
2022-03-01,2022,3,Q1,Meghalaya,95.41,86.67,57.25,6.25,7.2,6.7,78.6,64,0,0,0,1,0,3,43.0,1,1
2022-03-01,2022,3,Q1,Mizoram,95.41,86.67,57.25,6.25,7.2,6.7,78.6,64,0,0,0,1,0,3,43.0,1,1
2022-03-01,2022,3,Q1,Nagaland,95.41,86.67,57.25,6.25,7.2,6.7,78.6,64,0,0,0,1,0,3,43.0,1,1
2022-03-01,2022,3,Q1,Odisha,95.41,86.67,57.25,6.25,7.2,6.7,78.6,64,0,0,0,1,0,3,43.0,1,1
2022-03-01,2022,3,Q1,Puducherry,95.41,86.67,57.25,6.25,7.2,6.7,78.6,64,0,0,0,1,0,3,43.0,1,1
2022-03-01,2022,3,Q1,Punjab,95.41,86.67,57.25,6.25,7.2,6.7,78.6,64,0,0,0,1,0,3,43.0,1,1
2022-03-01,2022,3,Q1,Rajasthan,95.41,86.67,57.25,6.25,7.2,6.7,78.6,64,0,0,0,1,0,3,43.0,1,1
2022-03-01,2022,3,Q1,Sikkim,95.41,86.67,57.25,6.25,7.2,6.7,78.6,64,0,0,0,1,0,3,43.0,1,1
2022-03-01,2022,3,Q1,Tamil Nadu,95.41,86.67,57.25,6.25,7.2,6.7,78.6,64,0,0,0,1,0,3,43.0,1,1
2022-03-01,2022,3,Q1,Telangana,95.41,86.67,57.25,6.25,7.2,6.7,78.6,64,0,0,0,1,0,3,43.0,1,1
2022-03-01,2022,3,Q1,Tripura,95.41,86.67,57.25,6.25,7.2,6.7,78.6,64,0,0,0,1,0,3,43.0,1,1
2022-03-01,2022,3,Q1,Uttar Pradesh,95.41,86.67,57.25,6.25,7.2,6.7,78.6,64,0,0,0,1,0,3,43.0,1,1
2022-03-01,2022,3,Q1,Uttarakhand,95.41,86.67,57.25,6.25,7.2,6.7,78.6,64,0,0,0,1,0,3,43.0,1,1
2022-03-01,2022,3,Q1,West Bengal,95.41,86.67,57.25,6.25,7.2,6.7,78.6,64,0,0,0,1,0,3,43.0,1,1
2022-03-01,2022,3,Q1,All India,95.41,86.67,57.25,6.25,7.2,6.7,78.6,64,0,0,0,1,0,3,43.0,1,1
2022-04-01,2022,4,Q2,Andaman & Nicobar Island,105.41,96.67,63.25,6.25,7.2,6.7,78.6,64,0,0,1,0,0,3,43.0,1,1
2022-04-01,2022,4,Q2,Andhra Pradesh,105.41,96.67,63.25,6.25,7.2,6.7,78.6,64,0,0,1,0,0,3,43.0,1,1
2022-04-01,2022,4,Q2,Arunachal Pradesh,105.41,96.67,63.25,6.25,7.2,6.7,78.6,64,0,0,1,0,0,3,43.0,1,1
2022-04-01,2022,4,Q2,Assam,105.41,96.67,63.25,6.25,7.2,6.7,78.6,64,0,0,1,0,0,3,43.0,1,1
2022-04-01,2022,4,Q2,Bihar,105.41,96.67,63.25,6.25,7.2,6.7,78.6,64,0,0,1,0,0,3,43.0,1,1
2022-04-01,2022,4,Q2,Chandigarh,105.41,96.67,63.25,6.25,7.2,6.7,78.6,64,0,0,1,0,0,3,43.0,1,1
2022-04-01,2022,4,Q2,Chhattisgarh,105.41,96.67,63.25,6.25,7.2,6.7,78.6,64,0,0,1,0,0,3,43.0,1,1
2022-04-01,2022,4,Q2,Dadra and Nagar Haveli,105.41,96.67,63.25,6.25,7.2,6.7,78.6,64,0,0,1,0,0,3,43.0,1,1
2022-04-01,2022,4,Q2,Daman and Diu,105.41,96.67,63.25,6.25,7.2,6.7,78.6,64,0,0,1,0,0,3,43.0,1,1
2022-04-01,2022,4,Q2,Delhi,105.41,96.67,63.25,6.25,7.2,6.7,78.6,64,0,0,1,0,0,3,43.0,1,1
2022-04-01,2022,4,Q2,Goa,105.41,96.67,63.25,6.25,7.2,6.7,78.6,64,0,0,1,0,0,3,43.0,1,1
2022-04-01,2022,4,Q2,Gujarat,105.41,96.67,63.25,6.25,7.2,6.7,78.6,64,0,0,1,0,0,3,43.0,1,1
2022-04-01,2022,4,Q2,Haryana,105.41,96.67,63.25,6.25,7.2,6.7,78.6,64,0,0,1,0,0,3,43.0,1,1
2022-04-01,2022,4,Q2,Himachal Pradesh,105.41,96.67,63.25,6.25,7.2,6.7,78.6,64,0,0,1,0,0,3,43.0,1,1
2022-04-01,2022,4,Q2,Jammu and Kashmir,105.41,96.67,63.25,6.25,7.2,6.7,78.6,64,0,0,1,0,0,3,43.0,1,1
2022-04-01,2022,4,Q2,Jharkhand,105.41,96.67,63.25,6.25,7.2,6.7,78.6,64,0,0,1,0,0,3,43.0,1,1
2022-04-01,2022,4,Q2,Karnataka,105.41,96.67,63.25,6.25,7.2,6.7,78.6,64,0,0,1,0,0,3,43.0,1,1
2022-04-01,2022,4,Q2,Kerala,105.41,96.67,63.25,6.25,7.2,6.7,78.6,64,0,0,1,0,0,3,43.0,1,1
2022-04-01,2022,4,Q2,Ladakh,105.41,96.67,63.25,6.25,7.2,6.7,78.6,64,0,0,1,0,0,3,43.0,1,1
2022-04-01,2022,4,Q2,Lakshadweep,105.41,96.67,63.25,6.25,7.2,6.7,78.6,64,0,0,1,0,0,3,43.0,1,1
2022-04-01,2022,4,Q2,Madhya Pradesh,105.41,96.67,63.25,6.25,7.2,6.7,78.6,64,0,0,1,0,0,3,43.0,1,1
2022-04-01,2022,4,Q2,Maharashtra,105.41,96.67,63.25,6.25,7.2,6.7,78.6,64,0,0,1,0,0,3,43.0,1,1
2022-04-01,2022,4,Q2,Manipur,105.41,96.67,63.25,6.25,7.2,6.7,78.6,64,0,0,1,0,0,3,43.0,1,1
2022-04-01,2022,4,Q2,Meghalaya,105.41,96.67,63.25,6.25,7.2,6.7,78.6,64,0,0,1,0,0,3,43.0,1,1
2022-04-01,2022,4,Q2,Mizoram,105.41,96.67,63.25,6.25,7.2,6.7,78.6,64,0,0,1,0,0,3,43.0,1,1
2022-04-01,2022,4,Q2,Nagaland,105.41,96.67,63.25,6.25,7.2,6.7,78.6,64,0,0,1,0,0,3,43.0,1,1
2022-04-01,2022,4,Q2,Odisha,105.41,96.67,63.25,6.25,7.2,6.7,78.6,64,0,0,1,0,0,3,43.0,1,1
2022-04-01,2022,4,Q2,Puducherry,105.41,96.67,63.25,6.25,7.2,6.7,78.6,64,0,0,1,0,0,3,43.0,1,1
2022-04-01,2022,4,Q2,Punjab,105.41,96.67,63.25,6.25,7.2,6.7,78.6,64,0,0,1,0,0,3,43.0,1,1
2022-04-01,2022,4,Q2,Rajasthan,105.41,96.67,63.25,6.25,7.2,6.7,78.6,64,0,0,1,0,0,3,43.0,1,1
2022-04-01,2022,4,Q2,Sikkim,105.41,96.67,63.25,6.25,7.2,6.7,78.6,64,0,0,1,0,0,3,43.0,1,1
2022-04-01,2022,4,Q2,Tamil Nadu,105.41,96.67,63.25,6.25,7.2,6.7,78.6,64,0,0,1,0,0,3,43.0,1,1
2022-04-01,2022,4,Q2,Telangana,105.41,96.67,63.25,6.25,7.2,6.7,78.6,64,0,0,1,0,0,3,43.0,1,1
2022-04-01,2022,4,Q2,Tripura,105.41,96.67,63.25,6.25,7.2,6.7,78.6,64,0,0,1,0,0,3,43.0,1,1
2022-04-01,2022,4,Q2,Uttar Pradesh,105.41,96.67,63.25,6.25,7.2,6.7,78.6,64,0,0,1,0,0,3,43.0,1,1
2022-04-01,2022,4,Q2,Uttarakhand,105.41,96.67,63.25,6.25,7.2,6.7,78.6,64,0,0,1,0,0,3,43.0,1,1
2022-04-01,2022,4,Q2,West Bengal,105.41,96.67,63.25,6.25,7.2,6.7,78.6,64,0,0,1,0,0,3,43.0,1,1
2022-04-01,2022,4,Q2,All India,105.41,96.67,63.25,6.25,7.2,6.7,78.6,64,0,0,1,0,0,3,43.0,1,1
2022-05-01,2022,5,Q2,Andaman & Nicobar Island,105.41,96.67,63.25,6.25,7.2,6.7,78.6,64,0,0,1,0,0,3,43.0,1,1
2022-05-01,2022,5,Q2,Andhra Pradesh,105.41,96.67,63.25,6.25,7.2,6.7,78.6,64,0,0,1,0,0,3,43.0,1,1
2022-05-01,2022,5,Q2,Arunachal Pradesh,105.41,96.67,63.25,6.25,7.2,6.7,78.6,64,0,0,1,0,0,3,43.0,1,1
2022-05-01,2022,5,Q2,Assam,105.41,96.67,63.25,6.25,7.2,6.7,78.6,64,0,0,1,0,0,3,43.0,1,1
2022-05-01,2022,5,Q2,Bihar,105.41,96.67,63.25,6.25,7.2,6.7,78.6,64,0,0,1,0,0,3,43.0,1,1
2022-05-01,2022,5,Q2,Chandigarh,105.41,96.67,63.25,6.25,7.2,6.7,78.6,64,0,0,1,0,0,3,43.0,1,1
2022-05-01,2022,5,Q2,Chhattisgarh,105.41,96.67,63.25,6.25,7.2,6.7,78.6,64,0,0,1,0,0,3,43.0,1,1
2022-05-01,2022,5,Q2,Dadra and Nagar Haveli,105.41,96.67,63.25,6.25,7.2,6.7,78.6,64,0,0,1,0,0,3,43.0,1,1
2022-05-01,2022,5,Q2,Daman and Diu,105.41,96.67,63.25,6.25,7.2,6.7,78.6,64,0,0,1,0,0,3,43.0,1,1
2022-05-01,2022,5,Q2,Delhi,105.41,96.67,63.25,6.25,7.2,6.7,78.6,64,0,0,1,0,0,3,43.0,1,1
2022-05-01,2022,5,Q2,Goa,105.41,96.67,63.25,6.25,7.2,6.7,78.6,64,0,0,1,0,0,3,43.0,1,1
2022-05-01,2022,5,Q2,Gujarat,105.41,96.67,63.25,6.25,7.2,6.7,78.6,64,0,0,1,0,0,3,43.0,1,1
2022-05-01,2022,5,Q2,Haryana,105.41,96.67,63.25,6.25,7.2,6.7,78.6,64,0,0,1,0,0,3,43.0,1,1
2022-05-01,2022,5,Q2,Himachal Pradesh,105.41,96.67,63.25,6.25,7.2,6.7,78.6,64,0,0,1,0,0,3,43.0,1,1
2022-05-01,2022,5,Q2,Jammu and Kashmir,105.41,96.67,63.25,6.25,7.2,6.7,78.6,64,0,0,1,0,0,3,43.0,1,1
2022-05-01,2022,5,Q2,Jharkhand,105.41,96.67,63.25,6.25,7.2,6.7,78.6,64,0,0,1,0,0,3,43.0,1,1
2022-05-01,2022,5,Q2,Karnataka,105.41,96.67,63.25,6.25,7.2,6.7,78.6,64,0,0,1,0,0,3,43.0,1,1
2022-05-01,2022,5,Q2,Kerala,105.41,96.67,63.25,6.25,7.2,6.7,78.6,64,0,0,1,0,0,3,43.0,1,1
2022-05-01,2022,5,Q2,Ladakh,105.41,96.67,63.25,6.25,7.2,6.7,78.6,64,0,0,1,0,0,3,43.0,1,1
2022-05-01,2022,5,Q2,Lakshadweep,105.41,96.67,63.25,6.25,7.2,6.7,78.6,64,0,0,1,0,0,3,43.0,1,1
2022-05-01,2022,5,Q2,Madhya Pradesh,105.41,96.67,63.25,6.25,7.2,6.7,78.6,64,0,0,1,0,0,3,43.0,1,1
2022-05-01,2022,5,Q2,Maharashtra,105.41,96.67,63.25,6.25,7.2,6.7,78.6,64,0,0,1,0,0,3,43.0,1,1
2022-05-01,2022,5,Q2,Manipur,105.41,96.67,63.25,6.25,7.2,6.7,78.6,64,0,0,1,0,0,3,43.0,1,1
2022-05-01,2022,5,Q2,Meghalaya,105.41,96.67,63.25,6.25,7.2,6.7,78.6,64,0,0,1,0,0,3,43.0,1,1
2022-05-01,2022,5,Q2,Mizoram,105.41,96.67,63.25,6.25,7.2,6.7,78.6,64,0,0,1,0,0,3,43.0,1,1
2022-05-01,2022,5,Q2,Nagaland,105.41,96.67,63.25,6.25,7.2,6.7,78.6,64,0,0,1,0,0,3,43.0,1,1
2022-05-01,2022,5,Q2,Odisha,105.41,96.67,63.25,6.25,7.2,6.7,78.6,64,0,0,1,0,0,3,43.0,1,1
2022-05-01,2022,5,Q2,Puducherry,105.41,96.67,63.25,6.25,7.2,6.7,78.6,64,0,0,1,0,0,3,43.0,1,1
2022-05-01,2022,5,Q2,Punjab,105.41,96.67,63.25,6.25,7.2,6.7,78.6,64,0,0,1,0,0,3,43.0,1,1
2022-05-01,2022,5,Q2,Rajasthan,105.41,96.67,63.25,6.25,7.2,6.7,78.6,64,0,0,1,0,0,3,43.0,1,1
2022-05-01,2022,5,Q2,Sikkim,105.41,96.67,63.25,6.25,7.2,6.7,78.6,64,0,0,1,0,0,3,43.0,1,1
2022-05-01,2022,5,Q2,Tamil Nadu,105.41,96.67,63.25,6.25,7.2,6.7,78.6,64,0,0,1,0,0,3,43.0,1,1
2022-05-01,2022,5,Q2,Telangana,105.41,96.67,63.25,6.25,7.2,6.7,78.6,64,0,0,1,0,0,3,43.0,1,1
2022-05-01,2022,5,Q2,Tripura,105.41,96.67,63.25,6.25,7.2,6.7,78.6,64,0,0,1,0,0,3,43.0,1,1
2022-05-01,2022,5,Q2,Uttar Pradesh,105.41,96.67,63.25,6.25,7.2,6.7,78.6,64,0,0,1,0,0,3,43.0,1,1
2022-05-01,2022,5,Q2,Uttarakhand,105.41,96.67,63.25,6.25,7.2,6.7,78.6,64,0,0,1,0,0,3,43.0,1,1
2022-05-01,2022,5,Q2,West Bengal,105.41,96.67,63.25,6.25,7.2,6.7,78.6,64,0,0,1,0,0,3,43.0,1,1
2022-05-01,2022,5,Q2,All India,105.41,96.67,63.25,6.25,7.2,6.7,78.6,64,0,0,1,0,0,3,43.0,1,1
2022-06-01,2022,6,Q2,Andaman & Nicobar Island,96.72,89.62,58.03,6.25,7.2,6.7,78.6,64,0,0,0,0,0,3,43.0,1,1
2022-06-01,2022,6,Q2,Andhra Pradesh,96.72,89.62,58.03,6.25,7.2,6.7,78.6,64,0,0,0,0,0,3,43.0,1,1
2022-06-01,2022,6,Q2,Arunachal Pradesh,96.72,89.62,58.03,6.25,7.2,6.7,78.6,64,0,0,0,0,0,3,43.0,1,1
2022-06-01,2022,6,Q2,Assam,96.72,89.62,58.03,6.25,7.2,6.7,78.6,64,0,0,0,0,0,3,43.0,1,1
2022-06-01,2022,6,Q2,Bihar,96.72,89.62,58.03,6.25,7.2,6.7,78.6,64,0,0,0,0,0,3,43.0,1,1
2022-06-01,2022,6,Q2,Chandigarh,96.72,89.62,58.03,6.25,7.2,6.7,78.6,64,0,0,0,0,0,3,43.0,1,1
2022-06-01,2022,6,Q2,Chhattisgarh,96.72,89.62,58.03,6.25,7.2,6.7,78.6,64,0,0,0,0,0,3,43.0,1,1
2022-06-01,2022,6,Q2,Dadra and Nagar Haveli,96.72,89.62,58.03,6.25,7.2,6.7,78.6,64,0,0,0,0,0,3,43.0,1,1
2022-06-01,2022,6,Q2,Daman and Diu,96.72,89.62,58.03,6.25,7.2,6.7,78.6,64,0,0,0,0,0,3,43.0,1,1
2022-06-01,2022,6,Q2,Delhi,96.72,89.62,58.03,6.25,7.2,6.7,78.6,64,0,0,0,0,0,3,43.0,1,1
2022-06-01,2022,6,Q2,Goa,96.72,89.62,58.03,6.25,7.2,6.7,78.6,64,0,0,0,0,0,3,43.0,1,1
2022-06-01,2022,6,Q2,Gujarat,96.72,89.62,58.03,6.25,7.2,6.7,78.6,64,0,0,0,0,0,3,43.0,1,1
2022-06-01,2022,6,Q2,Haryana,96.72,89.62,58.03,6.25,7.2,6.7,78.6,64,0,0,0,0,0,3,43.0,1,1
2022-06-01,2022,6,Q2,Himachal Pradesh,96.72,89.62,58.03,6.25,7.2,6.7,78.6,64,0,0,0,0,0,3,43.0,1,1
2022-06-01,2022,6,Q2,Jammu and Kashmir,96.72,89.62,58.03,6.25,7.2,6.7,78.6,64,0,0,0,0,0,3,43.0,1,1
2022-06-01,2022,6,Q2,Jharkhand,96.72,89.62,58.03,6.25,7.2,6.7,78.6,64,0,0,0,0,0,3,43.0,1,1
2022-06-01,2022,6,Q2,Karnataka,96.72,89.62,58.03,6.25,7.2,6.7,78.6,64,0,0,0,0,0,3,43.0,1,1
2022-06-01,2022,6,Q2,Kerala,96.72,89.62,58.03,6.25,7.2,6.7,78.6,64,0,0,0,0,0,3,43.0,1,1
2022-06-01,2022,6,Q2,Ladakh,96.72,89.62,58.03,6.25,7.2,6.7,78.6,64,0,0,0,0,0,3,43.0,1,1
2022-06-01,2022,6,Q2,Lakshadweep,96.72,89.62,58.03,6.25,7.2,6.7,78.6,64,0,0,0,0,0,3,43.0,1,1
2022-06-01,2022,6,Q2,Madhya Pradesh,96.72,89.62,58.03,6.25,7.2,6.7,78.6,64,0,0,0,0,0,3,43.0,1,1
2022-06-01,2022,6,Q2,Maharashtra,96.72,89.62,58.03,6.25,7.2,6.7,78.6,64,0,0,0,0,0,3,43.0,1,1
2022-06-01,2022,6,Q2,Manipur,96.72,89.62,58.03,6.25,7.2,6.7,78.6,64,0,0,0,0,0,3,43.0,1,1
2022-06-01,2022,6,Q2,Meghalaya,96.72,89.62,58.03,6.25,7.2,6.7,78.6,64,0,0,0,0,0,3,43.0,1,1
2022-06-01,2022,6,Q2,Mizoram,96.72,89.62,58.03,6.25,7.2,6.7,78.6,64,0,0,0,0,0,3,43.0,1,1
2022-06-01,2022,6,Q2,Nagaland,96.72,89.62,58.03,6.25,7.2,6.7,78.6,64,0,0,0,0,0,3,43.0,1,1
2022-06-01,2022,6,Q2,Odisha,96.72,89.62,58.03,6.25,7.2,6.7,78.6,64,0,0,0,0,0,3,43.0,1,1
2022-06-01,2022,6,Q2,Puducherry,96.72,89.62,58.03,6.25,7.2,6.7,78.6,64,0,0,0,0,0,3,43.0,1,1
2022-06-01,2022,6,Q2,Punjab,96.72,89.62,58.03,6.25,7.2,6.7,78.6,64,0,0,0,0,0,3,43.0,1,1
2022-06-01,2022,6,Q2,Rajasthan,96.72,89.62,58.03,6.25,7.2,6.7,78.6,64,0,0,0,0,0,3,43.0,1,1
2022-06-01,2022,6,Q2,Sikkim,96.72,89.62,58.03,6.25,7.2,6.7,78.6,64,0,0,0,0,0,3,43.0,1,1
2022-06-01,2022,6,Q2,Tamil Nadu,96.72,89.62,58.03,6.25,7.2,6.7,78.6,64,0,0,0,0,0,3,43.0,1,1
2022-06-01,2022,6,Q2,Telangana,96.72,89.62,58.03,6.25,7.2,6.7,78.6,64,0,0,0,0,0,3,43.0,1,1
2022-06-01,2022,6,Q2,Tripura,96.72,89.62,58.03,6.25,7.2,6.7,78.6,64,0,0,0,0,0,3,43.0,1,1
2022-06-01,2022,6,Q2,Uttar Pradesh,96.72,89.62,58.03,6.25,7.2,6.7,78.6,64,0,0,0,0,0,3,43.0,1,1
2022-06-01,2022,6,Q2,Uttarakhand,96.72,89.62,58.03,6.25,7.2,6.7,78.6,64,0,0,0,0,0,3,43.0,1,1
2022-06-01,2022,6,Q2,West Bengal,96.72,89.62,58.03,6.25,7.2,6.7,78.6,64,0,0,0,0,0,3,43.0,1,1
2022-06-01,2022,6,Q2,All India,96.72,89.62,58.03,6.25,7.2,6.7,78.6,64,0,0,0,0,0,3,43.0,1,1
2022-07-01,2022,7,Q3,Andaman & Nicobar Island,96.72,89.62,58.03,6.25,7.2,6.7,78.6,64,0,0,0,0,0,3,43.0,1,1
2022-07-01,2022,7,Q3,Andhra Pradesh,96.72,89.62,58.03,6.25,7.2,6.7,78.6,64,0,0,0,0,0,3,43.0,1,1
2022-07-01,2022,7,Q3,Arunachal Pradesh,96.72,89.62,58.03,6.25,7.2,6.7,78.6,64,0,0,0,0,0,3,43.0,1,1
2022-07-01,2022,7,Q3,Assam,96.72,89.62,58.03,6.25,7.2,6.7,78.6,64,0,0,0,0,0,3,43.0,1,1
2022-07-01,2022,7,Q3,Bihar,96.72,89.62,58.03,6.25,7.2,6.7,78.6,64,0,0,0,0,0,3,43.0,1,1
2022-07-01,2022,7,Q3,Chandigarh,96.72,89.62,58.03,6.25,7.2,6.7,78.6,64,0,0,0,0,0,3,43.0,1,1
2022-07-01,2022,7,Q3,Chhattisgarh,96.72,89.62,58.03,6.25,7.2,6.7,78.6,64,0,0,0,0,0,3,43.0,1,1
2022-07-01,2022,7,Q3,Dadra and Nagar Haveli,96.72,89.62,58.03,6.25,7.2,6.7,78.6,64,0,0,0,0,0,3,43.0,1,1
2022-07-01,2022,7,Q3,Daman and Diu,96.72,89.62,58.03,6.25,7.2,6.7,78.6,64,0,0,0,0,0,3,43.0,1,1
2022-07-01,2022,7,Q3,Delhi,96.72,89.62,58.03,6.25,7.2,6.7,78.6,64,0,0,0,0,0,3,43.0,1,1
2022-07-01,2022,7,Q3,Goa,96.72,89.62,58.03,6.25,7.2,6.7,78.6,64,0,0,0,0,0,3,43.0,1,1
2022-07-01,2022,7,Q3,Gujarat,96.72,89.62,58.03,6.25,7.2,6.7,78.6,64,0,0,0,0,0,3,43.0,1,1
2022-07-01,2022,7,Q3,Haryana,96.72,89.62,58.03,6.25,7.2,6.7,78.6,64,0,0,0,0,0,3,43.0,1,1
2022-07-01,2022,7,Q3,Himachal Pradesh,96.72,89.62,58.03,6.25,7.2,6.7,78.6,64,0,0,0,0,0,3,43.0,1,1
2022-07-01,2022,7,Q3,Jammu and Kashmir,96.72,89.62,58.03,6.25,7.2,6.7,78.6,64,0,0,0,0,0,3,43.0,1,1
2022-07-01,2022,7,Q3,Jharkhand,96.72,89.62,58.03,6.25,7.2,6.7,78.6,64,0,0,0,0,0,3,43.0,1,1
2022-07-01,2022,7,Q3,Karnataka,96.72,89.62,58.03,6.25,7.2,6.7,78.6,64,0,0,0,0,0,3,43.0,1,1
2022-07-01,2022,7,Q3,Kerala,96.72,89.62,58.03,6.25,7.2,6.7,78.6,64,0,0,0,0,0,3,43.0,1,1
2022-07-01,2022,7,Q3,Ladakh,96.72,89.62,58.03,6.25,7.2,6.7,78.6,64,0,0,0,0,0,3,43.0,1,1
2022-07-01,2022,7,Q3,Lakshadweep,96.72,89.62,58.03,6.25,7.2,6.7,78.6,64,0,0,0,0,0,3,43.0,1,1
2022-07-01,2022,7,Q3,Madhya Pradesh,96.72,89.62,58.03,6.25,7.2,6.7,78.6,64,0,0,0,0,0,3,43.0,1,1
2022-07-01,2022,7,Q3,Maharashtra,96.72,89.62,58.03,6.25,7.2,6.7,78.6,64,0,0,0,0,0,3,43.0,1,1
2022-07-01,2022,7,Q3,Manipur,96.72,89.62,58.03,6.25,7.2,6.7,78.6,64,0,0,0,0,0,3,43.0,1,1
2022-07-01,2022,7,Q3,Meghalaya,96.72,89.62,58.03,6.25,7.2,6.7,78.6,64,0,0,0,0,0,3,43.0,1,1
2022-07-01,2022,7,Q3,Mizoram,96.72,89.62,58.03,6.25,7.2,6.7,78.6,64,0,0,0,0,0,3,43.0,1,1
2022-07-01,2022,7,Q3,Nagaland,96.72,89.62,58.03,6.25,7.2,6.7,78.6,64,0,0,0,0,0,3,43.0,1,1
2022-07-01,2022,7,Q3,Odisha,96.72,89.62,58.03,6.25,7.2,6.7,78.6,64,0,0,0,0,0,3,43.0,1,1
2022-07-01,2022,7,Q3,Puducherry,96.72,89.62,58.03,6.25,7.2,6.7,78.6,64,0,0,0,0,0,3,43.0,1,1
2022-07-01,2022,7,Q3,Punjab,96.72,89.62,58.03,6.25,7.2,6.7,78.6,64,0,0,0,0,0,3,43.0,1,1
2022-07-01,2022,7,Q3,Rajasthan,96.72,89.62,58.03,6.25,7.2,6.7,78.6,64,0,0,0,0,0,3,43.0,1,1
2022-07-01,2022,7,Q3,Sikkim,96.72,89.62,58.03,6.25,7.2,6.7,78.6,64,0,0,0,0,0,3,43.0,1,1
2022-07-01,2022,7,Q3,Tamil Nadu,96.72,89.62,58.03,6.25,7.2,6.7,78.6,64,0,0,0,0,0,3,43.0,1,1
2022-07-01,2022,7,Q3,Telangana,96.72,89.62,58.03,6.25,7.2,6.7,78.6,64,0,0,0,0,0,3,43.0,1,1
2022-07-01,2022,7,Q3,Tripura,96.72,89.62,58.03,6.25,7.2,6.7,78.6,64,0,0,0,0,0,3,43.0,1,1
2022-07-01,2022,7,Q3,Uttar Pradesh,96.72,89.62,58.03,6.25,7.2,6.7,78.6,64,0,0,0,0,0,3,43.0,1,1
2022-07-01,2022,7,Q3,Uttarakhand,96.72,89.62,58.03,6.25,7.2,6.7,78.6,64,0,0,0,0,0,3,43.0,1,1
2022-07-01,2022,7,Q3,West Bengal,96.72,89.62,58.03,6.25,7.2,6.7,78.6,64,0,0,0,0,0,3,43.0,1,1
2022-07-01,2022,7,Q3,All India,96.72,89.62,58.03,6.25,7.2,6.7,78.6,64,0,0,0,0,0,3,43.0,1,1
2022-08-01,2022,8,Q3,Andaman & Nicobar Island,96.72,89.62,58.03,6.25,7.2,6.7,78.6,64,0,0,0,0,0,3,43.0,1,1
2022-08-01,2022,8,Q3,Andhra Pradesh,96.72,89.62,58.03,6.25,7.2,6.7,78.6,64,0,0,0,0,0,3,43.0,1,1
2022-08-01,2022,8,Q3,Arunachal Pradesh,96.72,89.62,58.03,6.25,7.2,6.7,78.6,64,0,0,0,0,0,3,43.0,1,1
2022-08-01,2022,8,Q3,Assam,96.72,89.62,58.03,6.25,7.2,6.7,78.6,64,0,0,0,0,0,3,43.0,1,1
2022-08-01,2022,8,Q3,Bihar,96.72,89.62,58.03,6.25,7.2,6.7,78.6,64,0,0,0,0,0,3,43.0,1,1
2022-08-01,2022,8,Q3,Chandigarh,96.72,89.62,58.03,6.25,7.2,6.7,78.6,64,0,0,0,0,0,3,43.0,1,1
2022-08-01,2022,8,Q3,Chhattisgarh,96.72,89.62,58.03,6.25,7.2,6.7,78.6,64,0,0,0,0,0,3,43.0,1,1
2022-08-01,2022,8,Q3,Dadra and Nagar Haveli,96.72,89.62,58.03,6.25,7.2,6.7,78.6,64,0,0,0,0,0,3,43.0,1,1
2022-08-01,2022,8,Q3,Daman and Diu,96.72,89.62,58.03,6.25,7.2,6.7,78.6,64,0,0,0,0,0,3,43.0,1,1
2022-08-01,2022,8,Q3,Delhi,96.72,89.62,58.03,6.25,7.2,6.7,78.6,64,0,0,0,0,0,3,43.0,1,1
2022-08-01,2022,8,Q3,Goa,96.72,89.62,58.03,6.25,7.2,6.7,78.6,64,0,0,0,0,0,3,43.0,1,1
2022-08-01,2022,8,Q3,Gujarat,96.72,89.62,58.03,6.25,7.2,6.7,78.6,64,0,0,0,0,0,3,43.0,1,1
2022-08-01,2022,8,Q3,Haryana,96.72,89.62,58.03,6.25,7.2,6.7,78.6,64,0,0,0,0,0,3,43.0,1,1
2022-08-01,2022,8,Q3,Himachal Pradesh,96.72,89.62,58.03,6.25,7.2,6.7,78.6,64,0,0,0,0,0,3,43.0,1,1
2022-08-01,2022,8,Q3,Jammu and Kashmir,96.72,89.62,58.03,6.25,7.2,6.7,78.6,64,0,0,0,0,0,3,43.0,1,1
2022-08-01,2022,8,Q3,Jharkhand,96.72,89.62,58.03,6.25,7.2,6.7,78.6,64,0,0,0,0,0,3,43.0,1,1
2022-08-01,2022,8,Q3,Karnataka,96.72,89.62,58.03,6.25,7.2,6.7,78.6,64,0,0,0,0,0,3,43.0,1,1
2022-08-01,2022,8,Q3,Kerala,96.72,89.62,58.03,6.25,7.2,6.7,78.6,64,0,0,0,0,0,3,43.0,1,1
2022-08-01,2022,8,Q3,Ladakh,96.72,89.62,58.03,6.25,7.2,6.7,78.6,64,0,0,0,0,0,3,43.0,1,1
2022-08-01,2022,8,Q3,Lakshadweep,96.72,89.62,58.03,6.25,7.2,6.7,78.6,64,0,0,0,0,0,3,43.0,1,1
2022-08-01,2022,8,Q3,Madhya Pradesh,96.72,89.62,58.03,6.25,7.2,6.7,78.6,64,0,0,0,0,0,3,43.0,1,1
2022-08-01,2022,8,Q3,Maharashtra,96.72,89.62,58.03,6.25,7.2,6.7,78.6,64,0,0,0,0,0,3,43.0,1,1
2022-08-01,2022,8,Q3,Manipur,96.72,89.62,58.03,6.25,7.2,6.7,78.6,64,0,0,0,0,0,3,43.0,1,1
2022-08-01,2022,8,Q3,Meghalaya,96.72,89.62,58.03,6.25,7.2,6.7,78.6,64,0,0,0,0,0,3,43.0,1,1
2022-08-01,2022,8,Q3,Mizoram,96.72,89.62,58.03,6.25,7.2,6.7,78.6,64,0,0,0,0,0,3,43.0,1,1
2022-08-01,2022,8,Q3,Nagaland,96.72,89.62,58.03,6.25,7.2,6.7,78.6,64,0,0,0,0,0,3,43.0,1,1
2022-08-01,2022,8,Q3,Odisha,96.72,89.62,58.03,6.25,7.2,6.7,78.6,64,0,0,0,0,0,3,43.0,1,1
2022-08-01,2022,8,Q3,Puducherry,96.72,89.62,58.03,6.25,7.2,6.7,78.6,64,0,0,0,0,0,3,43.0,1,1
2022-08-01,2022,8,Q3,Punjab,96.72,89.62,58.03,6.25,7.2,6.7,78.6,64,0,0,0,0,0,3,43.0,1,1
2022-08-01,2022,8,Q3,Rajasthan,96.72,89.62,58.03,6.25,7.2,6.7,78.6,64,0,0,0,0,0,3,43.0,1,1
2022-08-01,2022,8,Q3,Sikkim,96.72,89.62,58.03,6.25,7.2,6.7,78.6,64,0,0,0,0,0,3,43.0,1,1
2022-08-01,2022,8,Q3,Tamil Nadu,96.72,89.62,58.03,6.25,7.2,6.7,78.6,64,0,0,0,0,0,3,43.0,1,1
2022-08-01,2022,8,Q3,Telangana,96.72,89.62,58.03,6.25,7.2,6.7,78.6,64,0,0,0,0,0,3,43.0,1,1
2022-08-01,2022,8,Q3,Tripura,96.72,89.62,58.03,6.25,7.2,6.7,78.6,64,0,0,0,0,0,3,43.0,1,1
2022-08-01,2022,8,Q3,Uttar Pradesh,96.72,89.62,58.03,6.25,7.2,6.7,78.6,64,0,0,0,0,0,3,43.0,1,1
2022-08-01,2022,8,Q3,Uttarakhand,96.72,89.62,58.03,6.25,7.2,6.7,78.6,64,0,0,0,0,0,3,43.0,1,1
2022-08-01,2022,8,Q3,West Bengal,96.72,89.62,58.03,6.25,7.2,6.7,78.6,64,0,0,0,0,0,3,43.0,1,1
2022-08-01,2022,8,Q3,All India,96.72,89.62,58.03,6.25,7.2,6.7,78.6,64,0,0,0,0,0,3,43.0,1,1
2022-09-01,2022,9,Q3,Andaman & Nicobar Island,96.72,89.62,58.03,6.25,7.2,6.7,78.6,64,0,0,0,0,0,5,43.0,1,1
2022-09-01,2022,9,Q3,Andhra Pradesh,96.72,89.62,58.03,6.25,7.2,6.7,78.6,64,0,0,0,0,0,5,43.0,1,1
2022-09-01,2022,9,Q3,Arunachal Pradesh,96.72,89.62,58.03,6.25,7.2,6.7,78.6,64,0,0,0,0,0,5,43.0,1,1
2022-09-01,2022,9,Q3,Assam,96.72,89.62,58.03,6.25,7.2,6.7,78.6,64,0,0,0,0,0,5,43.0,1,1
2022-09-01,2022,9,Q3,Bihar,96.72,89.62,58.03,6.25,7.2,6.7,78.6,64,0,0,0,0,0,5,43.0,1,1
2022-09-01,2022,9,Q3,Chandigarh,96.72,89.62,58.03,6.25,7.2,6.7,78.6,64,0,0,0,0,0,5,43.0,1,1
2022-09-01,2022,9,Q3,Chhattisgarh,96.72,89.62,58.03,6.25,7.2,6.7,78.6,64,0,0,0,0,0,5,43.0,1,1
2022-09-01,2022,9,Q3,Dadra and Nagar Haveli,96.72,89.62,58.03,6.25,7.2,6.7,78.6,64,0,0,0,0,0,5,43.0,1,1
2022-09-01,2022,9,Q3,Daman and Diu,96.72,89.62,58.03,6.25,7.2,6.7,78.6,64,0,0,0,0,0,5,43.0,1,1
2022-09-01,2022,9,Q3,Delhi,96.72,89.62,58.03,6.25,7.2,6.7,78.6,64,0,0,0,0,0,5,43.0,1,1
2022-09-01,2022,9,Q3,Goa,96.72,89.62,58.03,6.25,7.2,6.7,78.6,64,0,0,0,0,0,5,43.0,1,1
2022-09-01,2022,9,Q3,Gujarat,96.72,89.62,58.03,6.25,7.2,6.7,78.6,64,0,0,0,0,0,5,43.0,1,1
2022-09-01,2022,9,Q3,Haryana,96.72,89.62,58.03,6.25,7.2,6.7,78.6,64,0,0,0,0,0,5,43.0,1,1
2022-09-01,2022,9,Q3,Himachal Pradesh,96.72,89.62,58.03,6.25,7.2,6.7,78.6,64,0,0,0,0,0,5,43.0,1,1
2022-09-01,2022,9,Q3,Jammu and Kashmir,96.72,89.62,58.03,6.25,7.2,6.7,78.6,64,0,0,0,0,0,5,43.0,1,1
2022-09-01,2022,9,Q3,Jharkhand,96.72,89.62,58.03,6.25,7.2,6.7,78.6,64,0,0,0,0,0,5,43.0,1,1
2022-09-01,2022,9,Q3,Karnataka,96.72,89.62,58.03,6.25,7.2,6.7,78.6,64,0,0,0,0,0,5,43.0,1,1
2022-09-01,2022,9,Q3,Kerala,96.72,89.62,58.03,6.25,7.2,6.7,78.6,64,0,0,0,0,0,5,43.0,1,1
2022-09-01,2022,9,Q3,Ladakh,96.72,89.62,58.03,6.25,7.2,6.7,78.6,64,0,0,0,0,0,5,43.0,1,1
2022-09-01,2022,9,Q3,Lakshadweep,96.72,89.62,58.03,6.25,7.2,6.7,78.6,64,0,0,0,0,0,5,43.0,1,1
2022-09-01,2022,9,Q3,Madhya Pradesh,96.72,89.62,58.03,6.25,7.2,6.7,78.6,64,0,0,0,0,0,5,43.0,1,1
2022-09-01,2022,9,Q3,Maharashtra,96.72,89.62,58.03,6.25,7.2,6.7,78.6,64,0,0,0,0,0,5,43.0,1,1
2022-09-01,2022,9,Q3,Manipur,96.72,89.62,58.03,6.25,7.2,6.7,78.6,64,0,0,0,0,0,5,43.0,1,1
2022-09-01,2022,9,Q3,Meghalaya,96.72,89.62,58.03,6.25,7.2,6.7,78.6,64,0,0,0,0,0,5,43.0,1,1
2022-09-01,2022,9,Q3,Mizoram,96.72,89.62,58.03,6.25,7.2,6.7,78.6,64,0,0,0,0,0,5,43.0,1,1
2022-09-01,2022,9,Q3,Nagaland,96.72,89.62,58.03,6.25,7.2,6.7,78.6,64,0,0,0,0,0,5,43.0,1,1
2022-09-01,2022,9,Q3,Odisha,96.72,89.62,58.03,6.25,7.2,6.7,78.6,64,0,0,0,0,0,5,43.0,1,1
2022-09-01,2022,9,Q3,Puducherry,96.72,89.62,58.03,6.25,7.2,6.7,78.6,64,0,0,0,0,0,5,43.0,1,1
2022-09-01,2022,9,Q3,Punjab,96.72,89.62,58.03,6.25,7.2,6.7,78.6,64,0,0,0,0,0,5,43.0,1,1
2022-09-01,2022,9,Q3,Rajasthan,96.72,89.62,58.03,6.25,7.2,6.7,78.6,64,0,0,0,0,0,5,43.0,1,1
2022-09-01,2022,9,Q3,Sikkim,96.72,89.62,58.03,6.25,7.2,6.7,78.6,64,0,0,0,0,0,5,43.0,1,1
2022-09-01,2022,9,Q3,Tamil Nadu,96.72,89.62,58.03,6.25,7.2,6.7,78.6,64,0,0,0,0,0,5,43.0,1,1
2022-09-01,2022,9,Q3,Telangana,96.72,89.62,58.03,6.25,7.2,6.7,78.6,64,0,0,0,0,0,5,43.0,1,1
2022-09-01,2022,9,Q3,Tripura,96.72,89.62,58.03,6.25,7.2,6.7,78.6,64,0,0,0,0,0,5,43.0,1,1
2022-09-01,2022,9,Q3,Uttar Pradesh,96.72,89.62,58.03,6.25,7.2,6.7,78.6,64,0,0,0,0,0,5,43.0,1,1
2022-09-01,2022,9,Q3,Uttarakhand,96.72,89.62,58.03,6.25,7.2,6.7,78.6,64,0,0,0,0,0,5,43.0,1,1
2022-09-01,2022,9,Q3,West Bengal,96.72,89.62,58.03,6.25,7.2,6.7,78.6,64,0,0,0,0,0,5,43.0,1,1
2022-09-01,2022,9,Q3,All India,96.72,89.62,58.03,6.25,7.2,6.7,78.6,64,0,0,0,0,0,5,43.0,1,1
2022-10-01,2022,10,Q4,Andaman & Nicobar Island,96.72,89.62,58.03,6.25,7.2,6.7,78.6,64,1,1,0,0,0,5,43.0,1,1
2022-10-01,2022,10,Q4,Andhra Pradesh,96.72,89.62,58.03,6.25,7.2,6.7,78.6,64,1,1,0,0,0,5,43.0,1,1
2022-10-01,2022,10,Q4,Arunachal Pradesh,96.72,89.62,58.03,6.25,7.2,6.7,78.6,64,1,1,0,0,0,5,43.0,1,1
2022-10-01,2022,10,Q4,Assam,96.72,89.62,58.03,6.25,7.2,6.7,78.6,64,1,1,0,0,0,5,43.0,1,1
2022-10-01,2022,10,Q4,Bihar,96.72,89.62,58.03,6.25,7.2,6.7,78.6,64,1,1,0,0,0,5,43.0,1,1
2022-10-01,2022,10,Q4,Chandigarh,96.72,89.62,58.03,6.25,7.2,6.7,78.6,64,1,1,0,0,0,5,43.0,1,1
2022-10-01,2022,10,Q4,Chhattisgarh,96.72,89.62,58.03,6.25,7.2,6.7,78.6,64,1,1,0,0,0,5,43.0,1,1
2022-10-01,2022,10,Q4,Dadra and Nagar Haveli,96.72,89.62,58.03,6.25,7.2,6.7,78.6,64,1,1,0,0,0,5,43.0,1,1
2022-10-01,2022,10,Q4,Daman and Diu,96.72,89.62,58.03,6.25,7.2,6.7,78.6,64,1,1,0,0,0,5,43.0,1,1
2022-10-01,2022,10,Q4,Delhi,96.72,89.62,58.03,6.25,7.2,6.7,78.6,64,1,1,0,0,0,5,43.0,1,1
2022-10-01,2022,10,Q4,Goa,96.72,89.62,58.03,6.25,7.2,6.7,78.6,64,1,1,0,0,0,5,43.0,1,1
2022-10-01,2022,10,Q4,Gujarat,96.72,89.62,58.03,6.25,7.2,6.7,78.6,64,1,1,0,0,0,5,43.0,1,1
2022-10-01,2022,10,Q4,Haryana,96.72,89.62,58.03,6.25,7.2,6.7,78.6,64,1,1,0,0,0,5,43.0,1,1
2022-10-01,2022,10,Q4,Himachal Pradesh,96.72,89.62,58.03,6.25,7.2,6.7,78.6,64,1,1,0,0,0,5,43.0,1,1
2022-10-01,2022,10,Q4,Jammu and Kashmir,96.72,89.62,58.03,6.25,7.2,6.7,78.6,64,1,1,0,0,0,5,43.0,1,1
2022-10-01,2022,10,Q4,Jharkhand,96.72,89.62,58.03,6.25,7.2,6.7,78.6,64,1,1,0,0,0,5,43.0,1,1
2022-10-01,2022,10,Q4,Karnataka,96.72,89.62,58.03,6.25,7.2,6.7,78.6,64,1,1,0,0,0,5,43.0,1,1
2022-10-01,2022,10,Q4,Kerala,96.72,89.62,58.03,6.25,7.2,6.7,78.6,64,1,1,0,0,0,5,43.0,1,1
2022-10-01,2022,10,Q4,Ladakh,96.72,89.62,58.03,6.25,7.2,6.7,78.6,64,1,1,0,0,0,5,43.0,1,1
2022-10-01,2022,10,Q4,Lakshadweep,96.72,89.62,58.03,6.25,7.2,6.7,78.6,64,1,1,0,0,0,5,43.0,1,1
2022-10-01,2022,10,Q4,Madhya Pradesh,96.72,89.62,58.03,6.25,7.2,6.7,78.6,64,1,1,0,0,0,5,43.0,1,1
2022-10-01,2022,10,Q4,Maharashtra,96.72,89.62,58.03,6.25,7.2,6.7,78.6,64,1,1,0,0,0,5,43.0,1,1
2022-10-01,2022,10,Q4,Manipur,96.72,89.62,58.03,6.25,7.2,6.7,78.6,64,1,1,0,0,0,5,43.0,1,1
2022-10-01,2022,10,Q4,Meghalaya,96.72,89.62,58.03,6.25,7.2,6.7,78.6,64,1,1,0,0,0,5,43.0,1,1
2022-10-01,2022,10,Q4,Mizoram,96.72,89.62,58.03,6.25,7.2,6.7,78.6,64,1,1,0,0,0,5,43.0,1,1
2022-10-01,2022,10,Q4,Nagaland,96.72,89.62,58.03,6.25,7.2,6.7,78.6,64,1,1,0,0,0,5,43.0,1,1
2022-10-01,2022,10,Q4,Odisha,96.72,89.62,58.03,6.25,7.2,6.7,78.6,64,1,1,0,0,0,5,43.0,1,1
2022-10-01,2022,10,Q4,Puducherry,96.72,89.62,58.03,6.25,7.2,6.7,78.6,64,1,1,0,0,0,5,43.0,1,1
2022-10-01,2022,10,Q4,Punjab,96.72,89.62,58.03,6.25,7.2,6.7,78.6,64,1,1,0,0,0,5,43.0,1,1
2022-10-01,2022,10,Q4,Rajasthan,96.72,89.62,58.03,6.25,7.2,6.7,78.6,64,1,1,0,0,0,5,43.0,1,1
2022-10-01,2022,10,Q4,Sikkim,96.72,89.62,58.03,6.25,7.2,6.7,78.6,64,1,1,0,0,0,5,43.0,1,1
2022-10-01,2022,10,Q4,Tamil Nadu,96.72,89.62,58.03,6.25,7.2,6.7,78.6,64,1,1,0,0,0,5,43.0,1,1
2022-10-01,2022,10,Q4,Telangana,96.72,89.62,58.03,6.25,7.2,6.7,78.6,64,1,1,0,0,0,5,43.0,1,1
2022-10-01,2022,10,Q4,Tripura,96.72,89.62,58.03,6.25,7.2,6.7,78.6,64,1,1,0,0,0,5,43.0,1,1
2022-10-01,2022,10,Q4,Uttar Pradesh,96.72,89.62,58.03,6.25,7.2,6.7,78.6,64,1,1,0,0,0,5,43.0,1,1
2022-10-01,2022,10,Q4,Uttarakhand,96.72,89.62,58.03,6.25,7.2,6.7,78.6,64,1,1,0,0,0,5,43.0,1,1
2022-10-01,2022,10,Q4,West Bengal,96.72,89.62,58.03,6.25,7.2,6.7,78.6,64,1,1,0,0,0,5,43.0,1,1
2022-10-01,2022,10,Q4,All India,96.72,89.62,58.03,6.25,7.2,6.7,78.6,64,1,1,0,0,0,5,43.0,1,1
2022-11-01,2022,11,Q4,Andaman & Nicobar Island,96.72,89.62,58.03,6.25,7.2,6.7,78.6,64,1,0,0,0,0,3,43.0,1,1
2022-11-01,2022,11,Q4,Andhra Pradesh,96.72,89.62,58.03,6.25,7.2,6.7,78.6,64,1,0,0,0,0,3,43.0,1,1
2022-11-01,2022,11,Q4,Arunachal Pradesh,96.72,89.62,58.03,6.25,7.2,6.7,78.6,64,1,0,0,0,0,3,43.0,1,1
2022-11-01,2022,11,Q4,Assam,96.72,89.62,58.03,6.25,7.2,6.7,78.6,64,1,0,0,0,0,3,43.0,1,1
2022-11-01,2022,11,Q4,Bihar,96.72,89.62,58.03,6.25,7.2,6.7,78.6,64,1,0,0,0,0,3,43.0,1,1
2022-11-01,2022,11,Q4,Chandigarh,96.72,89.62,58.03,6.25,7.2,6.7,78.6,64,1,0,0,0,0,3,43.0,1,1
2022-11-01,2022,11,Q4,Chhattisgarh,96.72,89.62,58.03,6.25,7.2,6.7,78.6,64,1,0,0,0,0,3,43.0,1,1
2022-11-01,2022,11,Q4,Dadra and Nagar Haveli,96.72,89.62,58.03,6.25,7.2,6.7,78.6,64,1,0,0,0,0,3,43.0,1,1
2022-11-01,2022,11,Q4,Daman and Diu,96.72,89.62,58.03,6.25,7.2,6.7,78.6,64,1,0,0,0,0,3,43.0,1,1
2022-11-01,2022,11,Q4,Delhi,96.72,89.62,58.03,6.25,7.2,6.7,78.6,64,1,0,0,0,0,3,43.0,1,1
2022-11-01,2022,11,Q4,Goa,96.72,89.62,58.03,6.25,7.2,6.7,78.6,64,1,0,0,0,0,3,43.0,1,1
2022-11-01,2022,11,Q4,Gujarat,96.72,89.62,58.03,6.25,7.2,6.7,78.6,64,1,0,0,0,0,3,43.0,1,1
2022-11-01,2022,11,Q4,Haryana,96.72,89.62,58.03,6.25,7.2,6.7,78.6,64,1,0,0,0,0,3,43.0,1,1
2022-11-01,2022,11,Q4,Himachal Pradesh,96.72,89.62,58.03,6.25,7.2,6.7,78.6,64,1,0,0,0,0,3,43.0,1,1
2022-11-01,2022,11,Q4,Jammu and Kashmir,96.72,89.62,58.03,6.25,7.2,6.7,78.6,64,1,0,0,0,0,3,43.0,1,1
2022-11-01,2022,11,Q4,Jharkhand,96.72,89.62,58.03,6.25,7.2,6.7,78.6,64,1,0,0,0,0,3,43.0,1,1
2022-11-01,2022,11,Q4,Karnataka,96.72,89.62,58.03,6.25,7.2,6.7,78.6,64,1,0,0,0,0,3,43.0,1,1
2022-11-01,2022,11,Q4,Kerala,96.72,89.62,58.03,6.25,7.2,6.7,78.6,64,1,0,0,0,0,3,43.0,1,1
2022-11-01,2022,11,Q4,Ladakh,96.72,89.62,58.03,6.25,7.2,6.7,78.6,64,1,0,0,0,0,3,43.0,1,1
2022-11-01,2022,11,Q4,Lakshadweep,96.72,89.62,58.03,6.25,7.2,6.7,78.6,64,1,0,0,0,0,3,43.0,1,1
2022-11-01,2022,11,Q4,Madhya Pradesh,96.72,89.62,58.03,6.25,7.2,6.7,78.6,64,1,0,0,0,0,3,43.0,1,1
2022-11-01,2022,11,Q4,Maharashtra,96.72,89.62,58.03,6.25,7.2,6.7,78.6,64,1,0,0,0,0,3,43.0,1,1
2022-11-01,2022,11,Q4,Manipur,96.72,89.62,58.03,6.25,7.2,6.7,78.6,64,1,0,0,0,0,3,43.0,1,1
2022-11-01,2022,11,Q4,Meghalaya,96.72,89.62,58.03,6.25,7.2,6.7,78.6,64,1,0,0,0,0,3,43.0,1,1
2022-11-01,2022,11,Q4,Mizoram,96.72,89.62,58.03,6.25,7.2,6.7,78.6,64,1,0,0,0,0,3,43.0,1,1
2022-11-01,2022,11,Q4,Nagaland,96.72,89.62,58.03,6.25,7.2,6.7,78.6,64,1,0,0,0,0,3,43.0,1,1
2022-11-01,2022,11,Q4,Odisha,96.72,89.62,58.03,6.25,7.2,6.7,78.6,64,1,0,0,0,0,3,43.0,1,1
2022-11-01,2022,11,Q4,Puducherry,96.72,89.62,58.03,6.25,7.2,6.7,78.6,64,1,0,0,0,0,3,43.0,1,1
2022-11-01,2022,11,Q4,Punjab,96.72,89.62,58.03,6.25,7.2,6.7,78.6,64,1,0,0,0,0,3,43.0,1,1
2022-11-01,2022,11,Q4,Rajasthan,96.72,89.62,58.03,6.25,7.2,6.7,78.6,64,1,0,0,0,0,3,43.0,1,1
2022-11-01,2022,11,Q4,Sikkim,96.72,89.62,58.03,6.25,7.2,6.7,78.6,64,1,0,0,0,0,3,43.0,1,1
2022-11-01,2022,11,Q4,Tamil Nadu,96.72,89.62,58.03,6.25,7.2,6.7,78.6,64,1,0,0,0,0,3,43.0,1,1
2022-11-01,2022,11,Q4,Telangana,96.72,89.62,58.03,6.25,7.2,6.7,78.6,64,1,0,0,0,0,3,43.0,1,1
2022-11-01,2022,11,Q4,Tripura,96.72,89.62,58.03,6.25,7.2,6.7,78.6,64,1,0,0,0,0,3,43.0,1,1
2022-11-01,2022,11,Q4,Uttar Pradesh,96.72,89.62,58.03,6.25,7.2,6.7,78.6,64,1,0,0,0,0,3,43.0,1,1
2022-11-01,2022,11,Q4,Uttarakhand,96.72,89.62,58.03,6.25,7.2,6.7,78.6,64,1,0,0,0,0,3,43.0,1,1
2022-11-01,2022,11,Q4,West Bengal,96.72,89.62,58.03,6.25,7.2,6.7,78.6,64,1,0,0,0,0,3,43.0,1,1
2022-11-01,2022,11,Q4,All India,96.72,89.62,58.03,6.25,7.2,6.7,78.6,64,1,0,0,0,0,3,43.0,1,1
2022-12-01,2022,12,Q4,Andaman & Nicobar Island,96.72,89.62,58.03,6.25,7.2,6.7,78.6,64,0,0,0,0,0,3,43.0,1,1
2022-12-01,2022,12,Q4,Andhra Pradesh,96.72,89.62,58.03,6.25,7.2,6.7,78.6,64,0,0,0,0,0,3,43.0,1,1
2022-12-01,2022,12,Q4,Arunachal Pradesh,96.72,89.62,58.03,6.25,7.2,6.7,78.6,64,0,0,0,0,0,3,43.0,1,1
2022-12-01,2022,12,Q4,Assam,96.72,89.62,58.03,6.25,7.2,6.7,78.6,64,0,0,0,0,0,3,43.0,1,1
2022-12-01,2022,12,Q4,Bihar,96.72,89.62,58.03,6.25,7.2,6.7,78.6,64,0,0,0,0,0,3,43.0,1,1
2022-12-01,2022,12,Q4,Chandigarh,96.72,89.62,58.03,6.25,7.2,6.7,78.6,64,0,0,0,0,0,3,43.0,1,1
2022-12-01,2022,12,Q4,Chhattisgarh,96.72,89.62,58.03,6.25,7.2,6.7,78.6,64,0,0,0,0,0,3,43.0,1,1
2022-12-01,2022,12,Q4,Dadra and Nagar Haveli,96.72,89.62,58.03,6.25,7.2,6.7,78.6,64,0,0,0,0,0,3,43.0,1,1
2022-12-01,2022,12,Q4,Daman and Diu,96.72,89.62,58.03,6.25,7.2,6.7,78.6,64,0,0,0,0,0,3,43.0,1,1
2022-12-01,2022,12,Q4,Delhi,96.72,89.62,58.03,6.25,7.2,6.7,78.6,64,0,0,0,0,0,3,43.0,1,1
2022-12-01,2022,12,Q4,Goa,96.72,89.62,58.03,6.25,7.2,6.7,78.6,64,0,0,0,0,0,3,43.0,1,1
2022-12-01,2022,12,Q4,Gujarat,96.72,89.62,58.03,6.25,7.2,6.7,78.6,64,0,0,0,0,0,3,43.0,1,1
2022-12-01,2022,12,Q4,Haryana,96.72,89.62,58.03,6.25,7.2,6.7,78.6,64,0,0,0,0,0,3,43.0,1,1
2022-12-01,2022,12,Q4,Himachal Pradesh,96.72,89.62,58.03,6.25,7.2,6.7,78.6,64,0,0,0,0,0,3,43.0,1,1
2022-12-01,2022,12,Q4,Jammu and Kashmir,96.72,89.62,58.03,6.25,7.2,6.7,78.6,64,0,0,0,0,0,3,43.0,1,1
2022-12-01,2022,12,Q4,Jharkhand,96.72,89.62,58.03,6.25,7.2,6.7,78.6,64,0,0,0,0,0,3,43.0,1,1
2022-12-01,2022,12,Q4,Karnataka,96.72,89.62,58.03,6.25,7.2,6.7,78.6,64,0,0,0,0,0,3,43.0,1,1
2022-12-01,2022,12,Q4,Kerala,96.72,89.62,58.03,6.25,7.2,6.7,78.6,64,0,0,0,0,0,3,43.0,1,1
2022-12-01,2022,12,Q4,Ladakh,96.72,89.62,58.03,6.25,7.2,6.7,78.6,64,0,0,0,0,0,3,43.0,1,1
2022-12-01,2022,12,Q4,Lakshadweep,96.72,89.62,58.03,6.25,7.2,6.7,78.6,64,0,0,0,0,0,3,43.0,1,1
2022-12-01,2022,12,Q4,Madhya Pradesh,96.72,89.62,58.03,6.25,7.2,6.7,78.6,64,0,0,0,0,0,3,43.0,1,1
2022-12-01,2022,12,Q4,Maharashtra,96.72,89.62,58.03,6.25,7.2,6.7,78.6,64,0,0,0,0,0,3,43.0,1,1
2022-12-01,2022,12,Q4,Manipur,96.72,89.62,58.03,6.25,7.2,6.7,78.6,64,0,0,0,0,0,3,43.0,1,1
2022-12-01,2022,12,Q4,Meghalaya,96.72,89.62,58.03,6.25,7.2,6.7,78.6,64,0,0,0,0,0,3,43.0,1,1
2022-12-01,2022,12,Q4,Mizoram,96.72,89.62,58.03,6.25,7.2,6.7,78.6,64,0,0,0,0,0,3,43.0,1,1
2022-12-01,2022,12,Q4,Nagaland,96.72,89.62,58.03,6.25,7.2,6.7,78.6,64,0,0,0,0,0,3,43.0,1,1
2022-12-01,2022,12,Q4,Odisha,96.72,89.62,58.03,6.25,7.2,6.7,78.6,64,0,0,0,0,0,3,43.0,1,1
2022-12-01,2022,12,Q4,Puducherry,96.72,89.62,58.03,6.25,7.2,6.7,78.6,64,0,0,0,0,0,3,43.0,1,1
2022-12-01,2022,12,Q4,Punjab,96.72,89.62,58.03,6.25,7.2,6.7,78.6,64,0,0,0,0,0,3,43.0,1,1
2022-12-01,2022,12,Q4,Rajasthan,96.72,89.62,58.03,6.25,7.2,6.7,78.6,64,0,0,0,0,0,3,43.0,1,1
2022-12-01,2022,12,Q4,Sikkim,96.72,89.62,58.03,6.25,7.2,6.7,78.6,64,0,0,0,0,0,3,43.0,1,1
2022-12-01,2022,12,Q4,Tamil Nadu,96.72,89.62,58.03,6.25,7.2,6.7,78.6,64,0,0,0,0,0,3,43.0,1,1
2022-12-01,2022,12,Q4,Telangana,96.72,89.62,58.03,6.25,7.2,6.7,78.6,64,0,0,0,0,0,3,43.0,1,1
2022-12-01,2022,12,Q4,Tripura,96.72,89.62,58.03,6.25,7.2,6.7,78.6,64,0,0,0,0,0,3,43.0,1,1
2022-12-01,2022,12,Q4,Uttar Pradesh,96.72,89.62,58.03,6.25,7.2,6.7,78.6,64,0,0,0,0,0,3,43.0,1,1
2022-12-01,2022,12,Q4,Uttarakhand,96.72,89.62,58.03,6.25,7.2,6.7,78.6,64,0,0,0,0,0,3,43.0,1,1
2022-12-01,2022,12,Q4,West Bengal,96.72,89.62,58.03,6.25,7.2,6.7,78.6,64,0,0,0,0,0,3,43.0,1,1
2022-12-01,2022,12,Q4,All India,96.72,89.62,58.03,6.25,7.2,6.7,78.6,64,0,0,0,0,0,3,43.0,1,1
2023-01-01,2023,1,Q1,Andaman & Nicobar Island,96.72,89.62,58.03,6.5,8.2,5.65,83.16,70,0,0,0,0,0,6,43.0,1,1
2023-01-01,2023,1,Q1,Andhra Pradesh,96.72,89.62,58.03,6.5,8.2,5.65,83.16,70,0,0,0,0,0,6,43.0,1,1
2023-01-01,2023,1,Q1,Arunachal Pradesh,96.72,89.62,58.03,6.5,8.2,5.65,83.16,70,0,0,0,0,0,6,43.0,1,1
2023-01-01,2023,1,Q1,Assam,96.72,89.62,58.03,6.5,8.2,5.65,83.16,70,0,0,0,0,0,6,43.0,1,1
2023-01-01,2023,1,Q1,Bihar,96.72,89.62,58.03,6.5,8.2,5.65,83.16,70,0,0,0,0,0,6,43.0,1,1
2023-01-01,2023,1,Q1,Chandigarh,96.72,89.62,58.03,6.5,8.2,5.65,83.16,70,0,0,0,0,0,6,43.0,1,1
2023-01-01,2023,1,Q1,Chhattisgarh,96.72,89.62,58.03,6.5,8.2,5.65,83.16,70,0,0,0,0,0,6,43.0,1,1
2023-01-01,2023,1,Q1,Dadra and Nagar Haveli,96.72,89.62,58.03,6.5,8.2,5.65,83.16,70,0,0,0,0,0,6,43.0,1,1
2023-01-01,2023,1,Q1,Daman and Diu,96.72,89.62,58.03,6.5,8.2,5.65,83.16,70,0,0,0,0,0,6,43.0,1,1
2023-01-01,2023,1,Q1,Delhi,96.72,89.62,58.03,6.5,8.2,5.65,83.16,70,0,0,0,0,0,6,43.0,1,1
2023-01-01,2023,1,Q1,Goa,96.72,89.62,58.03,6.5,8.2,5.65,83.16,70,0,0,0,0,0,6,43.0,1,1
2023-01-01,2023,1,Q1,Gujarat,96.72,89.62,58.03,6.5,8.2,5.65,83.16,70,0,0,0,0,0,6,43.0,1,1
2023-01-01,2023,1,Q1,Haryana,96.72,89.62,58.03,6.5,8.2,5.65,83.16,70,0,0,0,0,0,6,43.0,1,1
2023-01-01,2023,1,Q1,Himachal Pradesh,96.72,89.62,58.03,6.5,8.2,5.65,83.16,70,0,0,0,0,0,6,43.0,1,1
2023-01-01,2023,1,Q1,Jammu and Kashmir,96.72,89.62,58.03,6.5,8.2,5.65,83.16,70,0,0,0,0,0,6,43.0,1,1
2023-01-01,2023,1,Q1,Jharkhand,96.72,89.62,58.03,6.5,8.2,5.65,83.16,70,0,0,0,0,0,6,43.0,1,1
2023-01-01,2023,1,Q1,Karnataka,96.72,89.62,58.03,6.5,8.2,5.65,83.16,70,0,0,0,0,0,6,43.0,1,1
2023-01-01,2023,1,Q1,Kerala,96.72,89.62,58.03,6.5,8.2,5.65,83.16,70,0,0,0,0,0,6,43.0,1,1
2023-01-01,2023,1,Q1,Ladakh,96.72,89.62,58.03,6.5,8.2,5.65,83.16,70,0,0,0,0,0,6,43.0,1,1
2023-01-01,2023,1,Q1,Lakshadweep,96.72,89.62,58.03,6.5,8.2,5.65,83.16,70,0,0,0,0,0,6,43.0,1,1
2023-01-01,2023,1,Q1,Madhya Pradesh,96.72,89.62,58.03,6.5,8.2,5.65,83.16,70,0,0,0,0,0,6,43.0,1,1
2023-01-01,2023,1,Q1,Maharashtra,96.72,89.62,58.03,6.5,8.2,5.65,83.16,70,0,0,0,0,0,6,43.0,1,1
2023-01-01,2023,1,Q1,Manipur,96.72,89.62,58.03,6.5,8.2,5.65,83.16,70,0,0,0,0,0,6,43.0,1,1
2023-01-01,2023,1,Q1,Meghalaya,96.72,89.62,58.03,6.5,8.2,5.65,83.16,70,0,0,0,0,0,6,43.0,1,1
2023-01-01,2023,1,Q1,Mizoram,96.72,89.62,58.03,6.5,8.2,5.65,83.16,70,0,0,0,0,0,6,43.0,1,1
2023-01-01,2023,1,Q1,Nagaland,96.72,89.62,58.03,6.5,8.2,5.65,83.16,70,0,0,0,0,0,6,43.0,1,1
2023-01-01,2023,1,Q1,Odisha,96.72,89.62,58.03,6.5,8.2,5.65,83.16,70,0,0,0,0,0,6,43.0,1,1
2023-01-01,2023,1,Q1,Puducherry,96.72,89.62,58.03,6.5,8.2,5.65,83.16,70,0,0,0,0,0,6,43.0,1,1
2023-01-01,2023,1,Q1,Punjab,96.72,89.62,58.03,6.5,8.2,5.65,83.16,70,0,0,0,0,0,6,43.0,1,1
2023-01-01,2023,1,Q1,Rajasthan,96.72,89.62,58.03,6.5,8.2,5.65,83.16,70,0,0,0,0,0,6,43.0,1,1
2023-01-01,2023,1,Q1,Sikkim,96.72,89.62,58.03,6.5,8.2,5.65,83.16,70,0,0,0,0,0,6,43.0,1,1
2023-01-01,2023,1,Q1,Tamil Nadu,96.72,89.62,58.03,6.5,8.2,5.65,83.16,70,0,0,0,0,0,6,43.0,1,1
2023-01-01,2023,1,Q1,Telangana,96.72,89.62,58.03,6.5,8.2,5.65,83.16,70,0,0,0,0,0,6,43.0,1,1
2023-01-01,2023,1,Q1,Tripura,96.72,89.62,58.03,6.5,8.2,5.65,83.16,70,0,0,0,0,0,6,43.0,1,1
2023-01-01,2023,1,Q1,Uttar Pradesh,96.72,89.62,58.03,6.5,8.2,5.65,83.16,70,0,0,0,0,0,6,43.0,1,1
2023-01-01,2023,1,Q1,Uttarakhand,96.72,89.62,58.03,6.5,8.2,5.65,83.16,70,0,0,0,0,0,6,43.0,1,1
2023-01-01,2023,1,Q1,West Bengal,96.72,89.62,58.03,6.5,8.2,5.65,83.16,70,0,0,0,0,0,6,43.0,1,1
2023-01-01,2023,1,Q1,All India,96.72,89.62,58.03,6.5,8.2,5.65,83.16,70,0,0,0,0,0,6,43.0,1,1
2023-02-01,2023,2,Q1,Andaman & Nicobar Island,96.72,89.62,58.03,6.5,8.2,5.65,83.16,70,0,0,0,0,1,6,43.0,1,1
2023-02-01,2023,2,Q1,Andhra Pradesh,96.72,89.62,58.03,6.5,8.2,5.65,83.16,70,0,0,0,0,1,6,43.0,1,1
2023-02-01,2023,2,Q1,Arunachal Pradesh,96.72,89.62,58.03,6.5,8.2,5.65,83.16,70,0,0,0,0,1,6,43.0,1,1
2023-02-01,2023,2,Q1,Assam,96.72,89.62,58.03,6.5,8.2,5.65,83.16,70,0,0,0,0,1,6,43.0,1,1
2023-02-01,2023,2,Q1,Bihar,96.72,89.62,58.03,6.5,8.2,5.65,83.16,70,0,0,0,0,1,6,43.0,1,1
2023-02-01,2023,2,Q1,Chandigarh,96.72,89.62,58.03,6.5,8.2,5.65,83.16,70,0,0,0,0,1,6,43.0,1,1
2023-02-01,2023,2,Q1,Chhattisgarh,96.72,89.62,58.03,6.5,8.2,5.65,83.16,70,0,0,0,0,1,6,43.0,1,1
2023-02-01,2023,2,Q1,Dadra and Nagar Haveli,96.72,89.62,58.03,6.5,8.2,5.65,83.16,70,0,0,0,0,1,6,43.0,1,1
2023-02-01,2023,2,Q1,Daman and Diu,96.72,89.62,58.03,6.5,8.2,5.65,83.16,70,0,0,0,0,1,6,43.0,1,1
2023-02-01,2023,2,Q1,Delhi,96.72,89.62,58.03,6.5,8.2,5.65,83.16,70,0,0,0,0,1,6,43.0,1,1
2023-02-01,2023,2,Q1,Goa,96.72,89.62,58.03,6.5,8.2,5.65,83.16,70,0,0,0,0,1,6,43.0,1,1
2023-02-01,2023,2,Q1,Gujarat,96.72,89.62,58.03,6.5,8.2,5.65,83.16,70,0,0,0,0,1,6,43.0,1,1
2023-02-01,2023,2,Q1,Haryana,96.72,89.62,58.03,6.5,8.2,5.65,83.16,70,0,0,0,0,1,6,43.0,1,1
2023-02-01,2023,2,Q1,Himachal Pradesh,96.72,89.62,58.03,6.5,8.2,5.65,83.16,70,0,0,0,0,1,6,43.0,1,1
2023-02-01,2023,2,Q1,Jammu and Kashmir,96.72,89.62,58.03,6.5,8.2,5.65,83.16,70,0,0,0,0,1,6,43.0,1,1
2023-02-01,2023,2,Q1,Jharkhand,96.72,89.62,58.03,6.5,8.2,5.65,83.16,70,0,0,0,0,1,6,43.0,1,1
2023-02-01,2023,2,Q1,Karnataka,96.72,89.62,58.03,6.5,8.2,5.65,83.16,70,0,0,0,0,1,6,43.0,1,1
2023-02-01,2023,2,Q1,Kerala,96.72,89.62,58.03,6.5,8.2,5.65,83.16,70,0,0,0,0,1,6,43.0,1,1
2023-02-01,2023,2,Q1,Ladakh,96.72,89.62,58.03,6.5,8.2,5.65,83.16,70,0,0,0,0,1,6,43.0,1,1
2023-02-01,2023,2,Q1,Lakshadweep,96.72,89.62,58.03,6.5,8.2,5.65,83.16,70,0,0,0,0,1,6,43.0,1,1
2023-02-01,2023,2,Q1,Madhya Pradesh,96.72,89.62,58.03,6.5,8.2,5.65,83.16,70,0,0,0,0,1,6,43.0,1,1
2023-02-01,2023,2,Q1,Maharashtra,96.72,89.62,58.03,6.5,8.2,5.65,83.16,70,0,0,0,0,1,6,43.0,1,1
2023-02-01,2023,2,Q1,Manipur,96.72,89.62,58.03,6.5,8.2,5.65,83.16,70,0,0,0,0,1,6,43.0,1,1
2023-02-01,2023,2,Q1,Meghalaya,96.72,89.62,58.03,6.5,8.2,5.65,83.16,70,0,0,0,0,1,6,43.0,1,1
2023-02-01,2023,2,Q1,Mizoram,96.72,89.62,58.03,6.5,8.2,5.65,83.16,70,0,0,0,0,1,6,43.0,1,1
2023-02-01,2023,2,Q1,Nagaland,96.72,89.62,58.03,6.5,8.2,5.65,83.16,70,0,0,0,0,1,6,43.0,1,1
2023-02-01,2023,2,Q1,Odisha,96.72,89.62,58.03,6.5,8.2,5.65,83.16,70,0,0,0,0,1,6,43.0,1,1
2023-02-01,2023,2,Q1,Puducherry,96.72,89.62,58.03,6.5,8.2,5.65,83.16,70,0,0,0,0,1,6,43.0,1,1
2023-02-01,2023,2,Q1,Punjab,96.72,89.62,58.03,6.5,8.2,5.65,83.16,70,0,0,0,0,1,6,43.0,1,1
2023-02-01,2023,2,Q1,Rajasthan,96.72,89.62,58.03,6.5,8.2,5.65,83.16,70,0,0,0,0,1,6,43.0,1,1
2023-02-01,2023,2,Q1,Sikkim,96.72,89.62,58.03,6.5,8.2,5.65,83.16,70,0,0,0,0,1,6,43.0,1,1
2023-02-01,2023,2,Q1,Tamil Nadu,96.72,89.62,58.03,6.5,8.2,5.65,83.16,70,0,0,0,0,1,6,43.0,1,1
2023-02-01,2023,2,Q1,Telangana,96.72,89.62,58.03,6.5,8.2,5.65,83.16,70,0,0,0,0,1,6,43.0,1,1
2023-02-01,2023,2,Q1,Tripura,96.72,89.62,58.03,6.5,8.2,5.65,83.16,70,0,0,0,0,1,6,43.0,1,1
2023-02-01,2023,2,Q1,Uttar Pradesh,96.72,89.62,58.03,6.5,8.2,5.65,83.16,70,0,0,0,0,1,6,43.0,1,1
2023-02-01,2023,2,Q1,Uttarakhand,96.72,89.62,58.03,6.5,8.2,5.65,83.16,70,0,0,0,0,1,6,43.0,1,1
2023-02-01,2023,2,Q1,West Bengal,96.72,89.62,58.03,6.5,8.2,5.65,83.16,70,0,0,0,0,1,6,43.0,1,1
2023-02-01,2023,2,Q1,All India,96.72,89.62,58.03,6.5,8.2,5.65,83.16,70,0,0,0,0,1,6,43.0,1,1
2023-03-01,2023,3,Q1,Andaman & Nicobar Island,96.72,89.62,58.03,6.5,8.2,5.65,83.16,70,0,0,0,1,0,3,43.0,1,1
2023-03-01,2023,3,Q1,Andhra Pradesh,96.72,89.62,58.03,6.5,8.2,5.65,83.16,70,0,0,0,1,0,3,43.0,1,1
2023-03-01,2023,3,Q1,Arunachal Pradesh,96.72,89.62,58.03,6.5,8.2,5.65,83.16,70,0,0,0,1,0,3,43.0,1,1
2023-03-01,2023,3,Q1,Assam,96.72,89.62,58.03,6.5,8.2,5.65,83.16,70,0,0,0,1,0,3,43.0,1,1
2023-03-01,2023,3,Q1,Bihar,96.72,89.62,58.03,6.5,8.2,5.65,83.16,70,0,0,0,1,0,3,43.0,1,1
2023-03-01,2023,3,Q1,Chandigarh,96.72,89.62,58.03,6.5,8.2,5.65,83.16,70,0,0,0,1,0,3,43.0,1,1
2023-03-01,2023,3,Q1,Chhattisgarh,96.72,89.62,58.03,6.5,8.2,5.65,83.16,70,0,0,0,1,0,3,43.0,1,1
2023-03-01,2023,3,Q1,Dadra and Nagar Haveli,96.72,89.62,58.03,6.5,8.2,5.65,83.16,70,0,0,0,1,0,3,43.0,1,1
2023-03-01,2023,3,Q1,Daman and Diu,96.72,89.62,58.03,6.5,8.2,5.65,83.16,70,0,0,0,1,0,3,43.0,1,1
2023-03-01,2023,3,Q1,Delhi,96.72,89.62,58.03,6.5,8.2,5.65,83.16,70,0,0,0,1,0,3,43.0,1,1
2023-03-01,2023,3,Q1,Goa,96.72,89.62,58.03,6.5,8.2,5.65,83.16,70,0,0,0,1,0,3,43.0,1,1
2023-03-01,2023,3,Q1,Gujarat,96.72,89.62,58.03,6.5,8.2,5.65,83.16,70,0,0,0,1,0,3,43.0,1,1
2023-03-01,2023,3,Q1,Haryana,96.72,89.62,58.03,6.5,8.2,5.65,83.16,70,0,0,0,1,0,3,43.0,1,1
2023-03-01,2023,3,Q1,Himachal Pradesh,96.72,89.62,58.03,6.5,8.2,5.65,83.16,70,0,0,0,1,0,3,43.0,1,1
2023-03-01,2023,3,Q1,Jammu and Kashmir,96.72,89.62,58.03,6.5,8.2,5.65,83.16,70,0,0,0,1,0,3,43.0,1,1
2023-03-01,2023,3,Q1,Jharkhand,96.72,89.62,58.03,6.5,8.2,5.65,83.16,70,0,0,0,1,0,3,43.0,1,1
2023-03-01,2023,3,Q1,Karnataka,96.72,89.62,58.03,6.5,8.2,5.65,83.16,70,0,0,0,1,0,3,43.0,1,1
2023-03-01,2023,3,Q1,Kerala,96.72,89.62,58.03,6.5,8.2,5.65,83.16,70,0,0,0,1,0,3,43.0,1,1
2023-03-01,2023,3,Q1,Ladakh,96.72,89.62,58.03,6.5,8.2,5.65,83.16,70,0,0,0,1,0,3,43.0,1,1
2023-03-01,2023,3,Q1,Lakshadweep,96.72,89.62,58.03,6.5,8.2,5.65,83.16,70,0,0,0,1,0,3,43.0,1,1
2023-03-01,2023,3,Q1,Madhya Pradesh,96.72,89.62,58.03,6.5,8.2,5.65,83.16,70,0,0,0,1,0,3,43.0,1,1
2023-03-01,2023,3,Q1,Maharashtra,96.72,89.62,58.03,6.5,8.2,5.65,83.16,70,0,0,0,1,0,3,43.0,1,1
2023-03-01,2023,3,Q1,Manipur,96.72,89.62,58.03,6.5,8.2,5.65,83.16,70,0,0,0,1,0,3,43.0,1,1
2023-03-01,2023,3,Q1,Meghalaya,96.72,89.62,58.03,6.5,8.2,5.65,83.16,70,0,0,0,1,0,3,43.0,1,1
2023-03-01,2023,3,Q1,Mizoram,96.72,89.62,58.03,6.5,8.2,5.65,83.16,70,0,0,0,1,0,3,43.0,1,1
2023-03-01,2023,3,Q1,Nagaland,96.72,89.62,58.03,6.5,8.2,5.65,83.16,70,0,0,0,1,0,3,43.0,1,1
2023-03-01,2023,3,Q1,Odisha,96.72,89.62,58.03,6.5,8.2,5.65,83.16,70,0,0,0,1,0,3,43.0,1,1
2023-03-01,2023,3,Q1,Puducherry,96.72,89.62,58.03,6.5,8.2,5.65,83.16,70,0,0,0,1,0,3,43.0,1,1
2023-03-01,2023,3,Q1,Punjab,96.72,89.62,58.03,6.5,8.2,5.65,83.16,70,0,0,0,1,0,3,43.0,1,1
2023-03-01,2023,3,Q1,Rajasthan,96.72,89.62,58.03,6.5,8.2,5.65,83.16,70,0,0,0,1,0,3,43.0,1,1
2023-03-01,2023,3,Q1,Sikkim,96.72,89.62,58.03,6.5,8.2,5.65,83.16,70,0,0,0,1,0,3,43.0,1,1
2023-03-01,2023,3,Q1,Tamil Nadu,96.72,89.62,58.03,6.5,8.2,5.65,83.16,70,0,0,0,1,0,3,43.0,1,1
2023-03-01,2023,3,Q1,Telangana,96.72,89.62,58.03,6.5,8.2,5.65,83.16,70,0,0,0,1,0,3,43.0,1,1
2023-03-01,2023,3,Q1,Tripura,96.72,89.62,58.03,6.5,8.2,5.65,83.16,70,0,0,0,1,0,3,43.0,1,1
2023-03-01,2023,3,Q1,Uttar Pradesh,96.72,89.62,58.03,6.5,8.2,5.65,83.16,70,0,0,0,1,0,3,43.0,1,1
2023-03-01,2023,3,Q1,Uttarakhand,96.72,89.62,58.03,6.5,8.2,5.65,83.16,70,0,0,0,1,0,3,43.0,1,1
2023-03-01,2023,3,Q1,West Bengal,96.72,89.62,58.03,6.5,8.2,5.65,83.16,70,0,0,0,1,0,3,43.0,1,1
2023-03-01,2023,3,Q1,All India,96.72,89.62,58.03,6.5,8.2,5.65,83.16,70,0,0,0,1,0,3,43.0,1,1
2023-04-01,2023,4,Q2,Andaman & Nicobar Island,96.72,89.62,58.03,6.5,8.2,5.65,83.16,70,0,0,1,0,0,3,43.0,1,1
2023-04-01,2023,4,Q2,Andhra Pradesh,96.72,89.62,58.03,6.5,8.2,5.65,83.16,70,0,0,1,0,0,3,43.0,1,1
2023-04-01,2023,4,Q2,Arunachal Pradesh,96.72,89.62,58.03,6.5,8.2,5.65,83.16,70,0,0,1,0,0,3,43.0,1,1
2023-04-01,2023,4,Q2,Assam,96.72,89.62,58.03,6.5,8.2,5.65,83.16,70,0,0,1,0,0,3,43.0,1,1
2023-04-01,2023,4,Q2,Bihar,96.72,89.62,58.03,6.5,8.2,5.65,83.16,70,0,0,1,0,0,3,43.0,1,1
2023-04-01,2023,4,Q2,Chandigarh,96.72,89.62,58.03,6.5,8.2,5.65,83.16,70,0,0,1,0,0,3,43.0,1,1
2023-04-01,2023,4,Q2,Chhattisgarh,96.72,89.62,58.03,6.5,8.2,5.65,83.16,70,0,0,1,0,0,3,43.0,1,1
2023-04-01,2023,4,Q2,Dadra and Nagar Haveli,96.72,89.62,58.03,6.5,8.2,5.65,83.16,70,0,0,1,0,0,3,43.0,1,1
2023-04-01,2023,4,Q2,Daman and Diu,96.72,89.62,58.03,6.5,8.2,5.65,83.16,70,0,0,1,0,0,3,43.0,1,1
2023-04-01,2023,4,Q2,Delhi,96.72,89.62,58.03,6.5,8.2,5.65,83.16,70,0,0,1,0,0,3,43.0,1,1
2023-04-01,2023,4,Q2,Goa,96.72,89.62,58.03,6.5,8.2,5.65,83.16,70,0,0,1,0,0,3,43.0,1,1
2023-04-01,2023,4,Q2,Gujarat,96.72,89.62,58.03,6.5,8.2,5.65,83.16,70,0,0,1,0,0,3,43.0,1,1
2023-04-01,2023,4,Q2,Haryana,96.72,89.62,58.03,6.5,8.2,5.65,83.16,70,0,0,1,0,0,3,43.0,1,1
2023-04-01,2023,4,Q2,Himachal Pradesh,96.72,89.62,58.03,6.5,8.2,5.65,83.16,70,0,0,1,0,0,3,43.0,1,1
2023-04-01,2023,4,Q2,Jammu and Kashmir,96.72,89.62,58.03,6.5,8.2,5.65,83.16,70,0,0,1,0,0,3,43.0,1,1
2023-04-01,2023,4,Q2,Jharkhand,96.72,89.62,58.03,6.5,8.2,5.65,83.16,70,0,0,1,0,0,3,43.0,1,1
2023-04-01,2023,4,Q2,Karnataka,96.72,89.62,58.03,6.5,8.2,5.65,83.16,70,0,0,1,0,0,3,43.0,1,1
2023-04-01,2023,4,Q2,Kerala,96.72,89.62,58.03,6.5,8.2,5.65,83.16,70,0,0,1,0,0,3,43.0,1,1
2023-04-01,2023,4,Q2,Ladakh,96.72,89.62,58.03,6.5,8.2,5.65,83.16,70,0,0,1,0,0,3,43.0,1,1
2023-04-01,2023,4,Q2,Lakshadweep,96.72,89.62,58.03,6.5,8.2,5.65,83.16,70,0,0,1,0,0,3,43.0,1,1
2023-04-01,2023,4,Q2,Madhya Pradesh,96.72,89.62,58.03,6.5,8.2,5.65,83.16,70,0,0,1,0,0,3,43.0,1,1
2023-04-01,2023,4,Q2,Maharashtra,96.72,89.62,58.03,6.5,8.2,5.65,83.16,70,0,0,1,0,0,3,43.0,1,1
2023-04-01,2023,4,Q2,Manipur,96.72,89.62,58.03,6.5,8.2,5.65,83.16,70,0,0,1,0,0,3,43.0,1,1
2023-04-01,2023,4,Q2,Meghalaya,96.72,89.62,58.03,6.5,8.2,5.65,83.16,70,0,0,1,0,0,3,43.0,1,1
2023-04-01,2023,4,Q2,Mizoram,96.72,89.62,58.03,6.5,8.2,5.65,83.16,70,0,0,1,0,0,3,43.0,1,1
2023-04-01,2023,4,Q2,Nagaland,96.72,89.62,58.03,6.5,8.2,5.65,83.16,70,0,0,1,0,0,3,43.0,1,1
2023-04-01,2023,4,Q2,Odisha,96.72,89.62,58.03,6.5,8.2,5.65,83.16,70,0,0,1,0,0,3,43.0,1,1
2023-04-01,2023,4,Q2,Puducherry,96.72,89.62,58.03,6.5,8.2,5.65,83.16,70,0,0,1,0,0,3,43.0,1,1
2023-04-01,2023,4,Q2,Punjab,96.72,89.62,58.03,6.5,8.2,5.65,83.16,70,0,0,1,0,0,3,43.0,1,1
2023-04-01,2023,4,Q2,Rajasthan,96.72,89.62,58.03,6.5,8.2,5.65,83.16,70,0,0,1,0,0,3,43.0,1,1
2023-04-01,2023,4,Q2,Sikkim,96.72,89.62,58.03,6.5,8.2,5.65,83.16,70,0,0,1,0,0,3,43.0,1,1
2023-04-01,2023,4,Q2,Tamil Nadu,96.72,89.62,58.03,6.5,8.2,5.65,83.16,70,0,0,1,0,0,3,43.0,1,1
2023-04-01,2023,4,Q2,Telangana,96.72,89.62,58.03,6.5,8.2,5.65,83.16,70,0,0,1,0,0,3,43.0,1,1
2023-04-01,2023,4,Q2,Tripura,96.72,89.62,58.03,6.5,8.2,5.65,83.16,70,0,0,1,0,0,3,43.0,1,1
2023-04-01,2023,4,Q2,Uttar Pradesh,96.72,89.62,58.03,6.5,8.2,5.65,83.16,70,0,0,1,0,0,3,43.0,1,1
2023-04-01,2023,4,Q2,Uttarakhand,96.72,89.62,58.03,6.5,8.2,5.65,83.16,70,0,0,1,0,0,3,43.0,1,1
2023-04-01,2023,4,Q2,West Bengal,96.72,89.62,58.03,6.5,8.2,5.65,83.16,70,0,0,1,0,0,3,43.0,1,1
2023-04-01,2023,4,Q2,All India,96.72,89.62,58.03,6.5,8.2,5.65,83.16,70,0,0,1,0,0,3,43.0,1,1
2023-05-01,2023,5,Q2,Andaman & Nicobar Island,96.72,89.62,58.03,6.5,8.2,5.65,83.16,70,0,0,1,0,0,3,43.0,1,1
2023-05-01,2023,5,Q2,Andhra Pradesh,96.72,89.62,58.03,6.5,8.2,5.65,83.16,70,0,0,1,0,0,3,43.0,1,1
2023-05-01,2023,5,Q2,Arunachal Pradesh,96.72,89.62,58.03,6.5,8.2,5.65,83.16,70,0,0,1,0,0,3,43.0,1,1
2023-05-01,2023,5,Q2,Assam,96.72,89.62,58.03,6.5,8.2,5.65,83.16,70,0,0,1,0,0,3,43.0,1,1
2023-05-01,2023,5,Q2,Bihar,96.72,89.62,58.03,6.5,8.2,5.65,83.16,70,0,0,1,0,0,3,43.0,1,1
2023-05-01,2023,5,Q2,Chandigarh,96.72,89.62,58.03,6.5,8.2,5.65,83.16,70,0,0,1,0,0,3,43.0,1,1
2023-05-01,2023,5,Q2,Chhattisgarh,96.72,89.62,58.03,6.5,8.2,5.65,83.16,70,0,0,1,0,0,3,43.0,1,1
2023-05-01,2023,5,Q2,Dadra and Nagar Haveli,96.72,89.62,58.03,6.5,8.2,5.65,83.16,70,0,0,1,0,0,3,43.0,1,1
2023-05-01,2023,5,Q2,Daman and Diu,96.72,89.62,58.03,6.5,8.2,5.65,83.16,70,0,0,1,0,0,3,43.0,1,1
2023-05-01,2023,5,Q2,Delhi,96.72,89.62,58.03,6.5,8.2,5.65,83.16,70,0,0,1,0,0,3,43.0,1,1
2023-05-01,2023,5,Q2,Goa,96.72,89.62,58.03,6.5,8.2,5.65,83.16,70,0,0,1,0,0,3,43.0,1,1
2023-05-01,2023,5,Q2,Gujarat,96.72,89.62,58.03,6.5,8.2,5.65,83.16,70,0,0,1,0,0,3,43.0,1,1
2023-05-01,2023,5,Q2,Haryana,96.72,89.62,58.03,6.5,8.2,5.65,83.16,70,0,0,1,0,0,3,43.0,1,1
2023-05-01,2023,5,Q2,Himachal Pradesh,96.72,89.62,58.03,6.5,8.2,5.65,83.16,70,0,0,1,0,0,3,43.0,1,1
2023-05-01,2023,5,Q2,Jammu and Kashmir,96.72,89.62,58.03,6.5,8.2,5.65,83.16,70,0,0,1,0,0,3,43.0,1,1
2023-05-01,2023,5,Q2,Jharkhand,96.72,89.62,58.03,6.5,8.2,5.65,83.16,70,0,0,1,0,0,3,43.0,1,1
2023-05-01,2023,5,Q2,Karnataka,96.72,89.62,58.03,6.5,8.2,5.65,83.16,70,0,0,1,0,0,3,43.0,1,1
2023-05-01,2023,5,Q2,Kerala,96.72,89.62,58.03,6.5,8.2,5.65,83.16,70,0,0,1,0,0,3,43.0,1,1
2023-05-01,2023,5,Q2,Ladakh,96.72,89.62,58.03,6.5,8.2,5.65,83.16,70,0,0,1,0,0,3,43.0,1,1
2023-05-01,2023,5,Q2,Lakshadweep,96.72,89.62,58.03,6.5,8.2,5.65,83.16,70,0,0,1,0,0,3,43.0,1,1
2023-05-01,2023,5,Q2,Madhya Pradesh,96.72,89.62,58.03,6.5,8.2,5.65,83.16,70,0,0,1,0,0,3,43.0,1,1
2023-05-01,2023,5,Q2,Maharashtra,96.72,89.62,58.03,6.5,8.2,5.65,83.16,70,0,0,1,0,0,3,43.0,1,1
2023-05-01,2023,5,Q2,Manipur,96.72,89.62,58.03,6.5,8.2,5.65,83.16,70,0,0,1,0,0,3,43.0,1,1
2023-05-01,2023,5,Q2,Meghalaya,96.72,89.62,58.03,6.5,8.2,5.65,83.16,70,0,0,1,0,0,3,43.0,1,1
2023-05-01,2023,5,Q2,Mizoram,96.72,89.62,58.03,6.5,8.2,5.65,83.16,70,0,0,1,0,0,3,43.0,1,1
2023-05-01,2023,5,Q2,Nagaland,96.72,89.62,58.03,6.5,8.2,5.65,83.16,70,0,0,1,0,0,3,43.0,1,1
2023-05-01,2023,5,Q2,Odisha,96.72,89.62,58.03,6.5,8.2,5.65,83.16,70,0,0,1,0,0,3,43.0,1,1
2023-05-01,2023,5,Q2,Puducherry,96.72,89.62,58.03,6.5,8.2,5.65,83.16,70,0,0,1,0,0,3,43.0,1,1
2023-05-01,2023,5,Q2,Punjab,96.72,89.62,58.03,6.5,8.2,5.65,83.16,70,0,0,1,0,0,3,43.0,1,1
2023-05-01,2023,5,Q2,Rajasthan,96.72,89.62,58.03,6.5,8.2,5.65,83.16,70,0,0,1,0,0,3,43.0,1,1
2023-05-01,2023,5,Q2,Sikkim,96.72,89.62,58.03,6.5,8.2,5.65,83.16,70,0,0,1,0,0,3,43.0,1,1
2023-05-01,2023,5,Q2,Tamil Nadu,96.72,89.62,58.03,6.5,8.2,5.65,83.16,70,0,0,1,0,0,3,43.0,1,1
2023-05-01,2023,5,Q2,Telangana,96.72,89.62,58.03,6.5,8.2,5.65,83.16,70,0,0,1,0,0,3,43.0,1,1
2023-05-01,2023,5,Q2,Tripura,96.72,89.62,58.03,6.5,8.2,5.65,83.16,70,0,0,1,0,0,3,43.0,1,1
2023-05-01,2023,5,Q2,Uttar Pradesh,96.72,89.62,58.03,6.5,8.2,5.65,83.16,70,0,0,1,0,0,3,43.0,1,1
2023-05-01,2023,5,Q2,Uttarakhand,96.72,89.62,58.03,6.5,8.2,5.65,83.16,70,0,0,1,0,0,3,43.0,1,1
2023-05-01,2023,5,Q2,West Bengal,96.72,89.62,58.03,6.5,8.2,5.65,83.16,70,0,0,1,0,0,3,43.0,1,1
2023-05-01,2023,5,Q2,All India,96.72,89.62,58.03,6.5,8.2,5.65,83.16,70,0,0,1,0,0,3,43.0,1,1
2023-06-01,2023,6,Q2,Andaman & Nicobar Island,96.72,89.62,58.03,6.5,8.2,5.65,83.16,70,0,0,0,0,0,3,43.0,1,1
2023-06-01,2023,6,Q2,Andhra Pradesh,96.72,89.62,58.03,6.5,8.2,5.65,83.16,70,0,0,0,0,0,3,43.0,1,1
2023-06-01,2023,6,Q2,Arunachal Pradesh,96.72,89.62,58.03,6.5,8.2,5.65,83.16,70,0,0,0,0,0,3,43.0,1,1
2023-06-01,2023,6,Q2,Assam,96.72,89.62,58.03,6.5,8.2,5.65,83.16,70,0,0,0,0,0,3,43.0,1,1
2023-06-01,2023,6,Q2,Bihar,96.72,89.62,58.03,6.5,8.2,5.65,83.16,70,0,0,0,0,0,3,43.0,1,1
2023-06-01,2023,6,Q2,Chandigarh,96.72,89.62,58.03,6.5,8.2,5.65,83.16,70,0,0,0,0,0,3,43.0,1,1
2023-06-01,2023,6,Q2,Chhattisgarh,96.72,89.62,58.03,6.5,8.2,5.65,83.16,70,0,0,0,0,0,3,43.0,1,1
2023-06-01,2023,6,Q2,Dadra and Nagar Haveli,96.72,89.62,58.03,6.5,8.2,5.65,83.16,70,0,0,0,0,0,3,43.0,1,1
2023-06-01,2023,6,Q2,Daman and Diu,96.72,89.62,58.03,6.5,8.2,5.65,83.16,70,0,0,0,0,0,3,43.0,1,1
2023-06-01,2023,6,Q2,Delhi,96.72,89.62,58.03,6.5,8.2,5.65,83.16,70,0,0,0,0,0,3,43.0,1,1
2023-06-01,2023,6,Q2,Goa,96.72,89.62,58.03,6.5,8.2,5.65,83.16,70,0,0,0,0,0,3,43.0,1,1
2023-06-01,2023,6,Q2,Gujarat,96.72,89.62,58.03,6.5,8.2,5.65,83.16,70,0,0,0,0,0,3,43.0,1,1
2023-06-01,2023,6,Q2,Haryana,96.72,89.62,58.03,6.5,8.2,5.65,83.16,70,0,0,0,0,0,3,43.0,1,1
2023-06-01,2023,6,Q2,Himachal Pradesh,96.72,89.62,58.03,6.5,8.2,5.65,83.16,70,0,0,0,0,0,3,43.0,1,1
2023-06-01,2023,6,Q2,Jammu and Kashmir,96.72,89.62,58.03,6.5,8.2,5.65,83.16,70,0,0,0,0,0,3,43.0,1,1
2023-06-01,2023,6,Q2,Jharkhand,96.72,89.62,58.03,6.5,8.2,5.65,83.16,70,0,0,0,0,0,3,43.0,1,1
2023-06-01,2023,6,Q2,Karnataka,96.72,89.62,58.03,6.5,8.2,5.65,83.16,70,0,0,0,0,0,3,43.0,1,1
2023-06-01,2023,6,Q2,Kerala,96.72,89.62,58.03,6.5,8.2,5.65,83.16,70,0,0,0,0,0,3,43.0,1,1
2023-06-01,2023,6,Q2,Ladakh,96.72,89.62,58.03,6.5,8.2,5.65,83.16,70,0,0,0,0,0,3,43.0,1,1
2023-06-01,2023,6,Q2,Lakshadweep,96.72,89.62,58.03,6.5,8.2,5.65,83.16,70,0,0,0,0,0,3,43.0,1,1
2023-06-01,2023,6,Q2,Madhya Pradesh,96.72,89.62,58.03,6.5,8.2,5.65,83.16,70,0,0,0,0,0,3,43.0,1,1
2023-06-01,2023,6,Q2,Maharashtra,96.72,89.62,58.03,6.5,8.2,5.65,83.16,70,0,0,0,0,0,3,43.0,1,1
2023-06-01,2023,6,Q2,Manipur,96.72,89.62,58.03,6.5,8.2,5.65,83.16,70,0,0,0,0,0,3,43.0,1,1
2023-06-01,2023,6,Q2,Meghalaya,96.72,89.62,58.03,6.5,8.2,5.65,83.16,70,0,0,0,0,0,3,43.0,1,1
2023-06-01,2023,6,Q2,Mizoram,96.72,89.62,58.03,6.5,8.2,5.65,83.16,70,0,0,0,0,0,3,43.0,1,1
2023-06-01,2023,6,Q2,Nagaland,96.72,89.62,58.03,6.5,8.2,5.65,83.16,70,0,0,0,0,0,3,43.0,1,1
2023-06-01,2023,6,Q2,Odisha,96.72,89.62,58.03,6.5,8.2,5.65,83.16,70,0,0,0,0,0,3,43.0,1,1
2023-06-01,2023,6,Q2,Puducherry,96.72,89.62,58.03,6.5,8.2,5.65,83.16,70,0,0,0,0,0,3,43.0,1,1
2023-06-01,2023,6,Q2,Punjab,96.72,89.62,58.03,6.5,8.2,5.65,83.16,70,0,0,0,0,0,3,43.0,1,1
2023-06-01,2023,6,Q2,Rajasthan,96.72,89.62,58.03,6.5,8.2,5.65,83.16,70,0,0,0,0,0,3,43.0,1,1
2023-06-01,2023,6,Q2,Sikkim,96.72,89.62,58.03,6.5,8.2,5.65,83.16,70,0,0,0,0,0,3,43.0,1,1
2023-06-01,2023,6,Q2,Tamil Nadu,96.72,89.62,58.03,6.5,8.2,5.65,83.16,70,0,0,0,0,0,3,43.0,1,1
2023-06-01,2023,6,Q2,Telangana,96.72,89.62,58.03,6.5,8.2,5.65,83.16,70,0,0,0,0,0,3,43.0,1,1
2023-06-01,2023,6,Q2,Tripura,96.72,89.62,58.03,6.5,8.2,5.65,83.16,70,0,0,0,0,0,3,43.0,1,1
2023-06-01,2023,6,Q2,Uttar Pradesh,96.72,89.62,58.03,6.5,8.2,5.65,83.16,70,0,0,0,0,0,3,43.0,1,1
2023-06-01,2023,6,Q2,Uttarakhand,96.72,89.62,58.03,6.5,8.2,5.65,83.16,70,0,0,0,0,0,3,43.0,1,1
2023-06-01,2023,6,Q2,West Bengal,96.72,89.62,58.03,6.5,8.2,5.65,83.16,70,0,0,0,0,0,3,43.0,1,1
2023-06-01,2023,6,Q2,All India,96.72,89.62,58.03,6.5,8.2,5.65,83.16,70,0,0,0,0,0,3,43.0,1,1
2023-07-01,2023,7,Q3,Andaman & Nicobar Island,96.72,89.62,58.03,6.5,8.2,5.65,83.16,70,0,0,0,0,0,3,43.0,1,1
2023-07-01,2023,7,Q3,Andhra Pradesh,96.72,89.62,58.03,6.5,8.2,5.65,83.16,70,0,0,0,0,0,3,43.0,1,1
2023-07-01,2023,7,Q3,Arunachal Pradesh,96.72,89.62,58.03,6.5,8.2,5.65,83.16,70,0,0,0,0,0,3,43.0,1,1
2023-07-01,2023,7,Q3,Assam,96.72,89.62,58.03,6.5,8.2,5.65,83.16,70,0,0,0,0,0,3,43.0,1,1
2023-07-01,2023,7,Q3,Bihar,96.72,89.62,58.03,6.5,8.2,5.65,83.16,70,0,0,0,0,0,3,43.0,1,1
2023-07-01,2023,7,Q3,Chandigarh,96.72,89.62,58.03,6.5,8.2,5.65,83.16,70,0,0,0,0,0,3,43.0,1,1
2023-07-01,2023,7,Q3,Chhattisgarh,96.72,89.62,58.03,6.5,8.2,5.65,83.16,70,0,0,0,0,0,3,43.0,1,1
2023-07-01,2023,7,Q3,Dadra and Nagar Haveli,96.72,89.62,58.03,6.5,8.2,5.65,83.16,70,0,0,0,0,0,3,43.0,1,1
2023-07-01,2023,7,Q3,Daman and Diu,96.72,89.62,58.03,6.5,8.2,5.65,83.16,70,0,0,0,0,0,3,43.0,1,1
2023-07-01,2023,7,Q3,Delhi,96.72,89.62,58.03,6.5,8.2,5.65,83.16,70,0,0,0,0,0,3,43.0,1,1
2023-07-01,2023,7,Q3,Goa,96.72,89.62,58.03,6.5,8.2,5.65,83.16,70,0,0,0,0,0,3,43.0,1,1
2023-07-01,2023,7,Q3,Gujarat,96.72,89.62,58.03,6.5,8.2,5.65,83.16,70,0,0,0,0,0,3,43.0,1,1
2023-07-01,2023,7,Q3,Haryana,96.72,89.62,58.03,6.5,8.2,5.65,83.16,70,0,0,0,0,0,3,43.0,1,1
2023-07-01,2023,7,Q3,Himachal Pradesh,96.72,89.62,58.03,6.5,8.2,5.65,83.16,70,0,0,0,0,0,3,43.0,1,1
2023-07-01,2023,7,Q3,Jammu and Kashmir,96.72,89.62,58.03,6.5,8.2,5.65,83.16,70,0,0,0,0,0,3,43.0,1,1
2023-07-01,2023,7,Q3,Jharkhand,96.72,89.62,58.03,6.5,8.2,5.65,83.16,70,0,0,0,0,0,3,43.0,1,1
2023-07-01,2023,7,Q3,Karnataka,96.72,89.62,58.03,6.5,8.2,5.65,83.16,70,0,0,0,0,0,3,43.0,1,1
2023-07-01,2023,7,Q3,Kerala,96.72,89.62,58.03,6.5,8.2,5.65,83.16,70,0,0,0,0,0,3,43.0,1,1
2023-07-01,2023,7,Q3,Ladakh,96.72,89.62,58.03,6.5,8.2,5.65,83.16,70,0,0,0,0,0,3,43.0,1,1
2023-07-01,2023,7,Q3,Lakshadweep,96.72,89.62,58.03,6.5,8.2,5.65,83.16,70,0,0,0,0,0,3,43.0,1,1
2023-07-01,2023,7,Q3,Madhya Pradesh,96.72,89.62,58.03,6.5,8.2,5.65,83.16,70,0,0,0,0,0,3,43.0,1,1
2023-07-01,2023,7,Q3,Maharashtra,96.72,89.62,58.03,6.5,8.2,5.65,83.16,70,0,0,0,0,0,3,43.0,1,1
2023-07-01,2023,7,Q3,Manipur,96.72,89.62,58.03,6.5,8.2,5.65,83.16,70,0,0,0,0,0,3,43.0,1,1
2023-07-01,2023,7,Q3,Meghalaya,96.72,89.62,58.03,6.5,8.2,5.65,83.16,70,0,0,0,0,0,3,43.0,1,1
2023-07-01,2023,7,Q3,Mizoram,96.72,89.62,58.03,6.5,8.2,5.65,83.16,70,0,0,0,0,0,3,43.0,1,1
2023-07-01,2023,7,Q3,Nagaland,96.72,89.62,58.03,6.5,8.2,5.65,83.16,70,0,0,0,0,0,3,43.0,1,1
2023-07-01,2023,7,Q3,Odisha,96.72,89.62,58.03,6.5,8.2,5.65,83.16,70,0,0,0,0,0,3,43.0,1,1
2023-07-01,2023,7,Q3,Puducherry,96.72,89.62,58.03,6.5,8.2,5.65,83.16,70,0,0,0,0,0,3,43.0,1,1
2023-07-01,2023,7,Q3,Punjab,96.72,89.62,58.03,6.5,8.2,5.65,83.16,70,0,0,0,0,0,3,43.0,1,1
2023-07-01,2023,7,Q3,Rajasthan,96.72,89.62,58.03,6.5,8.2,5.65,83.16,70,0,0,0,0,0,3,43.0,1,1
2023-07-01,2023,7,Q3,Sikkim,96.72,89.62,58.03,6.5,8.2,5.65,83.16,70,0,0,0,0,0,3,43.0,1,1
2023-07-01,2023,7,Q3,Tamil Nadu,96.72,89.62,58.03,6.5,8.2,5.65,83.16,70,0,0,0,0,0,3,43.0,1,1
2023-07-01,2023,7,Q3,Telangana,96.72,89.62,58.03,6.5,8.2,5.65,83.16,70,0,0,0,0,0,3,43.0,1,1
2023-07-01,2023,7,Q3,Tripura,96.72,89.62,58.03,6.5,8.2,5.65,83.16,70,0,0,0,0,0,3,43.0,1,1
2023-07-01,2023,7,Q3,Uttar Pradesh,96.72,89.62,58.03,6.5,8.2,5.65,83.16,70,0,0,0,0,0,3,43.0,1,1
2023-07-01,2023,7,Q3,Uttarakhand,96.72,89.62,58.03,6.5,8.2,5.65,83.16,70,0,0,0,0,0,3,43.0,1,1
2023-07-01,2023,7,Q3,West Bengal,96.72,89.62,58.03,6.5,8.2,5.65,83.16,70,0,0,0,0,0,3,43.0,1,1
2023-07-01,2023,7,Q3,All India,96.72,89.62,58.03,6.5,8.2,5.65,83.16,70,0,0,0,0,0,3,43.0,1,1
2023-08-01,2023,8,Q3,Andaman & Nicobar Island,96.72,89.62,58.03,6.5,8.2,5.65,83.16,70,0,0,0,0,0,3,43.0,1,1
2023-08-01,2023,8,Q3,Andhra Pradesh,96.72,89.62,58.03,6.5,8.2,5.65,83.16,70,0,0,0,0,0,3,43.0,1,1
2023-08-01,2023,8,Q3,Arunachal Pradesh,96.72,89.62,58.03,6.5,8.2,5.65,83.16,70,0,0,0,0,0,3,43.0,1,1
2023-08-01,2023,8,Q3,Assam,96.72,89.62,58.03,6.5,8.2,5.65,83.16,70,0,0,0,0,0,3,43.0,1,1
2023-08-01,2023,8,Q3,Bihar,96.72,89.62,58.03,6.5,8.2,5.65,83.16,70,0,0,0,0,0,3,43.0,1,1
2023-08-01,2023,8,Q3,Chandigarh,96.72,89.62,58.03,6.5,8.2,5.65,83.16,70,0,0,0,0,0,3,43.0,1,1
2023-08-01,2023,8,Q3,Chhattisgarh,96.72,89.62,58.03,6.5,8.2,5.65,83.16,70,0,0,0,0,0,3,43.0,1,1
2023-08-01,2023,8,Q3,Dadra and Nagar Haveli,96.72,89.62,58.03,6.5,8.2,5.65,83.16,70,0,0,0,0,0,3,43.0,1,1
2023-08-01,2023,8,Q3,Daman and Diu,96.72,89.62,58.03,6.5,8.2,5.65,83.16,70,0,0,0,0,0,3,43.0,1,1
2023-08-01,2023,8,Q3,Delhi,96.72,89.62,58.03,6.5,8.2,5.65,83.16,70,0,0,0,0,0,3,43.0,1,1
2023-08-01,2023,8,Q3,Goa,96.72,89.62,58.03,6.5,8.2,5.65,83.16,70,0,0,0,0,0,3,43.0,1,1
2023-08-01,2023,8,Q3,Gujarat,96.72,89.62,58.03,6.5,8.2,5.65,83.16,70,0,0,0,0,0,3,43.0,1,1
2023-08-01,2023,8,Q3,Haryana,96.72,89.62,58.03,6.5,8.2,5.65,83.16,70,0,0,0,0,0,3,43.0,1,1
2023-08-01,2023,8,Q3,Himachal Pradesh,96.72,89.62,58.03,6.5,8.2,5.65,83.16,70,0,0,0,0,0,3,43.0,1,1
2023-08-01,2023,8,Q3,Jammu and Kashmir,96.72,89.62,58.03,6.5,8.2,5.65,83.16,70,0,0,0,0,0,3,43.0,1,1
2023-08-01,2023,8,Q3,Jharkhand,96.72,89.62,58.03,6.5,8.2,5.65,83.16,70,0,0,0,0,0,3,43.0,1,1
2023-08-01,2023,8,Q3,Karnataka,96.72,89.62,58.03,6.5,8.2,5.65,83.16,70,0,0,0,0,0,3,43.0,1,1
2023-08-01,2023,8,Q3,Kerala,96.72,89.62,58.03,6.5,8.2,5.65,83.16,70,0,0,0,0,0,3,43.0,1,1
2023-08-01,2023,8,Q3,Ladakh,96.72,89.62,58.03,6.5,8.2,5.65,83.16,70,0,0,0,0,0,3,43.0,1,1
2023-08-01,2023,8,Q3,Lakshadweep,96.72,89.62,58.03,6.5,8.2,5.65,83.16,70,0,0,0,0,0,3,43.0,1,1
2023-08-01,2023,8,Q3,Madhya Pradesh,96.72,89.62,58.03,6.5,8.2,5.65,83.16,70,0,0,0,0,0,3,43.0,1,1
2023-08-01,2023,8,Q3,Maharashtra,96.72,89.62,58.03,6.5,8.2,5.65,83.16,70,0,0,0,0,0,3,43.0,1,1
2023-08-01,2023,8,Q3,Manipur,96.72,89.62,58.03,6.5,8.2,5.65,83.16,70,0,0,0,0,0,3,43.0,1,1
2023-08-01,2023,8,Q3,Meghalaya,96.72,89.62,58.03,6.5,8.2,5.65,83.16,70,0,0,0,0,0,3,43.0,1,1
2023-08-01,2023,8,Q3,Mizoram,96.72,89.62,58.03,6.5,8.2,5.65,83.16,70,0,0,0,0,0,3,43.0,1,1
2023-08-01,2023,8,Q3,Nagaland,96.72,89.62,58.03,6.5,8.2,5.65,83.16,70,0,0,0,0,0,3,43.0,1,1
2023-08-01,2023,8,Q3,Odisha,96.72,89.62,58.03,6.5,8.2,5.65,83.16,70,0,0,0,0,0,3,43.0,1,1
2023-08-01,2023,8,Q3,Puducherry,96.72,89.62,58.03,6.5,8.2,5.65,83.16,70,0,0,0,0,0,3,43.0,1,1
2023-08-01,2023,8,Q3,Punjab,96.72,89.62,58.03,6.5,8.2,5.65,83.16,70,0,0,0,0,0,3,43.0,1,1
2023-08-01,2023,8,Q3,Rajasthan,96.72,89.62,58.03,6.5,8.2,5.65,83.16,70,0,0,0,0,0,3,43.0,1,1
2023-08-01,2023,8,Q3,Sikkim,96.72,89.62,58.03,6.5,8.2,5.65,83.16,70,0,0,0,0,0,3,43.0,1,1
2023-08-01,2023,8,Q3,Tamil Nadu,96.72,89.62,58.03,6.5,8.2,5.65,83.16,70,0,0,0,0,0,3,43.0,1,1
2023-08-01,2023,8,Q3,Telangana,96.72,89.62,58.03,6.5,8.2,5.65,83.16,70,0,0,0,0,0,3,43.0,1,1
2023-08-01,2023,8,Q3,Tripura,96.72,89.62,58.03,6.5,8.2,5.65,83.16,70,0,0,0,0,0,3,43.0,1,1
2023-08-01,2023,8,Q3,Uttar Pradesh,96.72,89.62,58.03,6.5,8.2,5.65,83.16,70,0,0,0,0,0,3,43.0,1,1
2023-08-01,2023,8,Q3,Uttarakhand,96.72,89.62,58.03,6.5,8.2,5.65,83.16,70,0,0,0,0,0,3,43.0,1,1
2023-08-01,2023,8,Q3,West Bengal,96.72,89.62,58.03,6.5,8.2,5.65,83.16,70,0,0,0,0,0,3,43.0,1,1
2023-08-01,2023,8,Q3,All India,96.72,89.62,58.03,6.5,8.2,5.65,83.16,70,0,0,0,0,0,3,43.0,1,1
2023-09-01,2023,9,Q3,Andaman & Nicobar Island,96.72,89.62,58.03,6.5,8.2,5.65,83.16,70,0,0,0,0,0,5,43.0,1,1
2023-09-01,2023,9,Q3,Andhra Pradesh,96.72,89.62,58.03,6.5,8.2,5.65,83.16,70,0,0,0,0,0,5,43.0,1,1
2023-09-01,2023,9,Q3,Arunachal Pradesh,96.72,89.62,58.03,6.5,8.2,5.65,83.16,70,0,0,0,0,0,5,43.0,1,1
2023-09-01,2023,9,Q3,Assam,96.72,89.62,58.03,6.5,8.2,5.65,83.16,70,0,0,0,0,0,5,43.0,1,1
2023-09-01,2023,9,Q3,Bihar,96.72,89.62,58.03,6.5,8.2,5.65,83.16,70,0,0,0,0,0,5,43.0,1,1
2023-09-01,2023,9,Q3,Chandigarh,96.72,89.62,58.03,6.5,8.2,5.65,83.16,70,0,0,0,0,0,5,43.0,1,1
2023-09-01,2023,9,Q3,Chhattisgarh,96.72,89.62,58.03,6.5,8.2,5.65,83.16,70,0,0,0,0,0,5,43.0,1,1
2023-09-01,2023,9,Q3,Dadra and Nagar Haveli,96.72,89.62,58.03,6.5,8.2,5.65,83.16,70,0,0,0,0,0,5,43.0,1,1
2023-09-01,2023,9,Q3,Daman and Diu,96.72,89.62,58.03,6.5,8.2,5.65,83.16,70,0,0,0,0,0,5,43.0,1,1
2023-09-01,2023,9,Q3,Delhi,96.72,89.62,58.03,6.5,8.2,5.65,83.16,70,0,0,0,0,0,5,43.0,1,1
2023-09-01,2023,9,Q3,Goa,96.72,89.62,58.03,6.5,8.2,5.65,83.16,70,0,0,0,0,0,5,43.0,1,1
2023-09-01,2023,9,Q3,Gujarat,96.72,89.62,58.03,6.5,8.2,5.65,83.16,70,0,0,0,0,0,5,43.0,1,1
2023-09-01,2023,9,Q3,Haryana,96.72,89.62,58.03,6.5,8.2,5.65,83.16,70,0,0,0,0,0,5,43.0,1,1
2023-09-01,2023,9,Q3,Himachal Pradesh,96.72,89.62,58.03,6.5,8.2,5.65,83.16,70,0,0,0,0,0,5,43.0,1,1
2023-09-01,2023,9,Q3,Jammu and Kashmir,96.72,89.62,58.03,6.5,8.2,5.65,83.16,70,0,0,0,0,0,5,43.0,1,1
2023-09-01,2023,9,Q3,Jharkhand,96.72,89.62,58.03,6.5,8.2,5.65,83.16,70,0,0,0,0,0,5,43.0,1,1
2023-09-01,2023,9,Q3,Karnataka,96.72,89.62,58.03,6.5,8.2,5.65,83.16,70,0,0,0,0,0,5,43.0,1,1
2023-09-01,2023,9,Q3,Kerala,96.72,89.62,58.03,6.5,8.2,5.65,83.16,70,0,0,0,0,0,5,43.0,1,1
2023-09-01,2023,9,Q3,Ladakh,96.72,89.62,58.03,6.5,8.2,5.65,83.16,70,0,0,0,0,0,5,43.0,1,1
2023-09-01,2023,9,Q3,Lakshadweep,96.72,89.62,58.03,6.5,8.2,5.65,83.16,70,0,0,0,0,0,5,43.0,1,1
2023-09-01,2023,9,Q3,Madhya Pradesh,96.72,89.62,58.03,6.5,8.2,5.65,83.16,70,0,0,0,0,0,5,43.0,1,1
2023-09-01,2023,9,Q3,Maharashtra,96.72,89.62,58.03,6.5,8.2,5.65,83.16,70,0,0,0,0,0,5,43.0,1,1
2023-09-01,2023,9,Q3,Manipur,96.72,89.62,58.03,6.5,8.2,5.65,83.16,70,0,0,0,0,0,5,43.0,1,1
2023-09-01,2023,9,Q3,Meghalaya,96.72,89.62,58.03,6.5,8.2,5.65,83.16,70,0,0,0,0,0,5,43.0,1,1
2023-09-01,2023,9,Q3,Mizoram,96.72,89.62,58.03,6.5,8.2,5.65,83.16,70,0,0,0,0,0,5,43.0,1,1
2023-09-01,2023,9,Q3,Nagaland,96.72,89.62,58.03,6.5,8.2,5.65,83.16,70,0,0,0,0,0,5,43.0,1,1
2023-09-01,2023,9,Q3,Odisha,96.72,89.62,58.03,6.5,8.2,5.65,83.16,70,0,0,0,0,0,5,43.0,1,1
2023-09-01,2023,9,Q3,Puducherry,96.72,89.62,58.03,6.5,8.2,5.65,83.16,70,0,0,0,0,0,5,43.0,1,1
2023-09-01,2023,9,Q3,Punjab,96.72,89.62,58.03,6.5,8.2,5.65,83.16,70,0,0,0,0,0,5,43.0,1,1
2023-09-01,2023,9,Q3,Rajasthan,96.72,89.62,58.03,6.5,8.2,5.65,83.16,70,0,0,0,0,0,5,43.0,1,1
2023-09-01,2023,9,Q3,Sikkim,96.72,89.62,58.03,6.5,8.2,5.65,83.16,70,0,0,0,0,0,5,43.0,1,1
2023-09-01,2023,9,Q3,Tamil Nadu,96.72,89.62,58.03,6.5,8.2,5.65,83.16,70,0,0,0,0,0,5,43.0,1,1
2023-09-01,2023,9,Q3,Telangana,96.72,89.62,58.03,6.5,8.2,5.65,83.16,70,0,0,0,0,0,5,43.0,1,1
2023-09-01,2023,9,Q3,Tripura,96.72,89.62,58.03,6.5,8.2,5.65,83.16,70,0,0,0,0,0,5,43.0,1,1
2023-09-01,2023,9,Q3,Uttar Pradesh,96.72,89.62,58.03,6.5,8.2,5.65,83.16,70,0,0,0,0,0,5,43.0,1,1
2023-09-01,2023,9,Q3,Uttarakhand,96.72,89.62,58.03,6.5,8.2,5.65,83.16,70,0,0,0,0,0,5,43.0,1,1
2023-09-01,2023,9,Q3,West Bengal,96.72,89.62,58.03,6.5,8.2,5.65,83.16,70,0,0,0,0,0,5,43.0,1,1
2023-09-01,2023,9,Q3,All India,96.72,89.62,58.03,6.5,8.2,5.65,83.16,70,0,0,0,0,0,5,43.0,1,1
2023-10-01,2023,10,Q4,Andaman & Nicobar Island,96.72,89.62,58.03,6.5,8.2,5.65,83.16,70,1,1,0,0,0,5,43.0,1,1
2023-10-01,2023,10,Q4,Andhra Pradesh,96.72,89.62,58.03,6.5,8.2,5.65,83.16,70,1,1,0,0,0,5,43.0,1,1
2023-10-01,2023,10,Q4,Arunachal Pradesh,96.72,89.62,58.03,6.5,8.2,5.65,83.16,70,1,1,0,0,0,5,43.0,1,1
2023-10-01,2023,10,Q4,Assam,96.72,89.62,58.03,6.5,8.2,5.65,83.16,70,1,1,0,0,0,5,43.0,1,1
2023-10-01,2023,10,Q4,Bihar,96.72,89.62,58.03,6.5,8.2,5.65,83.16,70,1,1,0,0,0,5,43.0,1,1
2023-10-01,2023,10,Q4,Chandigarh,96.72,89.62,58.03,6.5,8.2,5.65,83.16,70,1,1,0,0,0,5,43.0,1,1
2023-10-01,2023,10,Q4,Chhattisgarh,96.72,89.62,58.03,6.5,8.2,5.65,83.16,70,1,1,0,0,0,5,43.0,1,1
2023-10-01,2023,10,Q4,Dadra and Nagar Haveli,96.72,89.62,58.03,6.5,8.2,5.65,83.16,70,1,1,0,0,0,5,43.0,1,1
2023-10-01,2023,10,Q4,Daman and Diu,96.72,89.62,58.03,6.5,8.2,5.65,83.16,70,1,1,0,0,0,5,43.0,1,1
2023-10-01,2023,10,Q4,Delhi,96.72,89.62,58.03,6.5,8.2,5.65,83.16,70,1,1,0,0,0,5,43.0,1,1
2023-10-01,2023,10,Q4,Goa,96.72,89.62,58.03,6.5,8.2,5.65,83.16,70,1,1,0,0,0,5,43.0,1,1
2023-10-01,2023,10,Q4,Gujarat,96.72,89.62,58.03,6.5,8.2,5.65,83.16,70,1,1,0,0,0,5,43.0,1,1
2023-10-01,2023,10,Q4,Haryana,96.72,89.62,58.03,6.5,8.2,5.65,83.16,70,1,1,0,0,0,5,43.0,1,1
2023-10-01,2023,10,Q4,Himachal Pradesh,96.72,89.62,58.03,6.5,8.2,5.65,83.16,70,1,1,0,0,0,5,43.0,1,1
2023-10-01,2023,10,Q4,Jammu and Kashmir,96.72,89.62,58.03,6.5,8.2,5.65,83.16,70,1,1,0,0,0,5,43.0,1,1
2023-10-01,2023,10,Q4,Jharkhand,96.72,89.62,58.03,6.5,8.2,5.65,83.16,70,1,1,0,0,0,5,43.0,1,1
2023-10-01,2023,10,Q4,Karnataka,96.72,89.62,58.03,6.5,8.2,5.65,83.16,70,1,1,0,0,0,5,43.0,1,1
2023-10-01,2023,10,Q4,Kerala,96.72,89.62,58.03,6.5,8.2,5.65,83.16,70,1,1,0,0,0,5,43.0,1,1
2023-10-01,2023,10,Q4,Ladakh,96.72,89.62,58.03,6.5,8.2,5.65,83.16,70,1,1,0,0,0,5,43.0,1,1
2023-10-01,2023,10,Q4,Lakshadweep,96.72,89.62,58.03,6.5,8.2,5.65,83.16,70,1,1,0,0,0,5,43.0,1,1
2023-10-01,2023,10,Q4,Madhya Pradesh,96.72,89.62,58.03,6.5,8.2,5.65,83.16,70,1,1,0,0,0,5,43.0,1,1
2023-10-01,2023,10,Q4,Maharashtra,96.72,89.62,58.03,6.5,8.2,5.65,83.16,70,1,1,0,0,0,5,43.0,1,1
2023-10-01,2023,10,Q4,Manipur,96.72,89.62,58.03,6.5,8.2,5.65,83.16,70,1,1,0,0,0,5,43.0,1,1
2023-10-01,2023,10,Q4,Meghalaya,96.72,89.62,58.03,6.5,8.2,5.65,83.16,70,1,1,0,0,0,5,43.0,1,1
2023-10-01,2023,10,Q4,Mizoram,96.72,89.62,58.03,6.5,8.2,5.65,83.16,70,1,1,0,0,0,5,43.0,1,1
2023-10-01,2023,10,Q4,Nagaland,96.72,89.62,58.03,6.5,8.2,5.65,83.16,70,1,1,0,0,0,5,43.0,1,1
2023-10-01,2023,10,Q4,Odisha,96.72,89.62,58.03,6.5,8.2,5.65,83.16,70,1,1,0,0,0,5,43.0,1,1
2023-10-01,2023,10,Q4,Puducherry,96.72,89.62,58.03,6.5,8.2,5.65,83.16,70,1,1,0,0,0,5,43.0,1,1
2023-10-01,2023,10,Q4,Punjab,96.72,89.62,58.03,6.5,8.2,5.65,83.16,70,1,1,0,0,0,5,43.0,1,1
2023-10-01,2023,10,Q4,Rajasthan,96.72,89.62,58.03,6.5,8.2,5.65,83.16,70,1,1,0,0,0,5,43.0,1,1
2023-10-01,2023,10,Q4,Sikkim,96.72,89.62,58.03,6.5,8.2,5.65,83.16,70,1,1,0,0,0,5,43.0,1,1
2023-10-01,2023,10,Q4,Tamil Nadu,96.72,89.62,58.03,6.5,8.2,5.65,83.16,70,1,1,0,0,0,5,43.0,1,1
2023-10-01,2023,10,Q4,Telangana,96.72,89.62,58.03,6.5,8.2,5.65,83.16,70,1,1,0,0,0,5,43.0,1,1
2023-10-01,2023,10,Q4,Tripura,96.72,89.62,58.03,6.5,8.2,5.65,83.16,70,1,1,0,0,0,5,43.0,1,1
2023-10-01,2023,10,Q4,Uttar Pradesh,96.72,89.62,58.03,6.5,8.2,5.65,83.16,70,1,1,0,0,0,5,43.0,1,1
2023-10-01,2023,10,Q4,Uttarakhand,96.72,89.62,58.03,6.5,8.2,5.65,83.16,70,1,1,0,0,0,5,43.0,1,1
2023-10-01,2023,10,Q4,West Bengal,96.72,89.62,58.03,6.5,8.2,5.65,83.16,70,1,1,0,0,0,5,43.0,1,1
2023-10-01,2023,10,Q4,All India,96.72,89.62,58.03,6.5,8.2,5.65,83.16,70,1,1,0,0,0,5,43.0,1,1
2023-11-01,2023,11,Q4,Andaman & Nicobar Island,96.72,89.62,58.03,6.5,8.2,5.65,83.16,70,1,0,0,0,0,3,43.0,1,1
2023-11-01,2023,11,Q4,Andhra Pradesh,96.72,89.62,58.03,6.5,8.2,5.65,83.16,70,1,0,0,0,0,3,43.0,1,1
2023-11-01,2023,11,Q4,Arunachal Pradesh,96.72,89.62,58.03,6.5,8.2,5.65,83.16,70,1,0,0,0,0,3,43.0,1,1
2023-11-01,2023,11,Q4,Assam,96.72,89.62,58.03,6.5,8.2,5.65,83.16,70,1,0,0,0,0,3,43.0,1,1
2023-11-01,2023,11,Q4,Bihar,96.72,89.62,58.03,6.5,8.2,5.65,83.16,70,1,0,0,0,0,3,43.0,1,1
2023-11-01,2023,11,Q4,Chandigarh,96.72,89.62,58.03,6.5,8.2,5.65,83.16,70,1,0,0,0,0,3,43.0,1,1
2023-11-01,2023,11,Q4,Chhattisgarh,96.72,89.62,58.03,6.5,8.2,5.65,83.16,70,1,0,0,0,0,3,43.0,1,1
2023-11-01,2023,11,Q4,Dadra and Nagar Haveli,96.72,89.62,58.03,6.5,8.2,5.65,83.16,70,1,0,0,0,0,3,43.0,1,1
2023-11-01,2023,11,Q4,Daman and Diu,96.72,89.62,58.03,6.5,8.2,5.65,83.16,70,1,0,0,0,0,3,43.0,1,1
2023-11-01,2023,11,Q4,Delhi,96.72,89.62,58.03,6.5,8.2,5.65,83.16,70,1,0,0,0,0,3,43.0,1,1
2023-11-01,2023,11,Q4,Goa,96.72,89.62,58.03,6.5,8.2,5.65,83.16,70,1,0,0,0,0,3,43.0,1,1
2023-11-01,2023,11,Q4,Gujarat,96.72,89.62,58.03,6.5,8.2,5.65,83.16,70,1,0,0,0,0,3,43.0,1,1
2023-11-01,2023,11,Q4,Haryana,96.72,89.62,58.03,6.5,8.2,5.65,83.16,70,1,0,0,0,0,3,43.0,1,1
2023-11-01,2023,11,Q4,Himachal Pradesh,96.72,89.62,58.03,6.5,8.2,5.65,83.16,70,1,0,0,0,0,3,43.0,1,1
2023-11-01,2023,11,Q4,Jammu and Kashmir,96.72,89.62,58.03,6.5,8.2,5.65,83.16,70,1,0,0,0,0,3,43.0,1,1
2023-11-01,2023,11,Q4,Jharkhand,96.72,89.62,58.03,6.5,8.2,5.65,83.16,70,1,0,0,0,0,3,43.0,1,1
2023-11-01,2023,11,Q4,Karnataka,96.72,89.62,58.03,6.5,8.2,5.65,83.16,70,1,0,0,0,0,3,43.0,1,1
2023-11-01,2023,11,Q4,Kerala,96.72,89.62,58.03,6.5,8.2,5.65,83.16,70,1,0,0,0,0,3,43.0,1,1
2023-11-01,2023,11,Q4,Ladakh,96.72,89.62,58.03,6.5,8.2,5.65,83.16,70,1,0,0,0,0,3,43.0,1,1
2023-11-01,2023,11,Q4,Lakshadweep,96.72,89.62,58.03,6.5,8.2,5.65,83.16,70,1,0,0,0,0,3,43.0,1,1
2023-11-01,2023,11,Q4,Madhya Pradesh,96.72,89.62,58.03,6.5,8.2,5.65,83.16,70,1,0,0,0,0,3,43.0,1,1
2023-11-01,2023,11,Q4,Maharashtra,96.72,89.62,58.03,6.5,8.2,5.65,83.16,70,1,0,0,0,0,3,43.0,1,1
2023-11-01,2023,11,Q4,Manipur,96.72,89.62,58.03,6.5,8.2,5.65,83.16,70,1,0,0,0,0,3,43.0,1,1
2023-11-01,2023,11,Q4,Meghalaya,96.72,89.62,58.03,6.5,8.2,5.65,83.16,70,1,0,0,0,0,3,43.0,1,1
2023-11-01,2023,11,Q4,Mizoram,96.72,89.62,58.03,6.5,8.2,5.65,83.16,70,1,0,0,0,0,3,43.0,1,1
2023-11-01,2023,11,Q4,Nagaland,96.72,89.62,58.03,6.5,8.2,5.65,83.16,70,1,0,0,0,0,3,43.0,1,1
2023-11-01,2023,11,Q4,Odisha,96.72,89.62,58.03,6.5,8.2,5.65,83.16,70,1,0,0,0,0,3,43.0,1,1
2023-11-01,2023,11,Q4,Puducherry,96.72,89.62,58.03,6.5,8.2,5.65,83.16,70,1,0,0,0,0,3,43.0,1,1
2023-11-01,2023,11,Q4,Punjab,96.72,89.62,58.03,6.5,8.2,5.65,83.16,70,1,0,0,0,0,3,43.0,1,1
2023-11-01,2023,11,Q4,Rajasthan,96.72,89.62,58.03,6.5,8.2,5.65,83.16,70,1,0,0,0,0,3,43.0,1,1
2023-11-01,2023,11,Q4,Sikkim,96.72,89.62,58.03,6.5,8.2,5.65,83.16,70,1,0,0,0,0,3,43.0,1,1
2023-11-01,2023,11,Q4,Tamil Nadu,96.72,89.62,58.03,6.5,8.2,5.65,83.16,70,1,0,0,0,0,3,43.0,1,1
2023-11-01,2023,11,Q4,Telangana,96.72,89.62,58.03,6.5,8.2,5.65,83.16,70,1,0,0,0,0,3,43.0,1,1
2023-11-01,2023,11,Q4,Tripura,96.72,89.62,58.03,6.5,8.2,5.65,83.16,70,1,0,0,0,0,3,43.0,1,1
2023-11-01,2023,11,Q4,Uttar Pradesh,96.72,89.62,58.03,6.5,8.2,5.65,83.16,70,1,0,0,0,0,3,43.0,1,1
2023-11-01,2023,11,Q4,Uttarakhand,96.72,89.62,58.03,6.5,8.2,5.65,83.16,70,1,0,0,0,0,3,43.0,1,1
2023-11-01,2023,11,Q4,West Bengal,96.72,89.62,58.03,6.5,8.2,5.65,83.16,70,1,0,0,0,0,3,43.0,1,1
2023-11-01,2023,11,Q4,All India,96.72,89.62,58.03,6.5,8.2,5.65,83.16,70,1,0,0,0,0,3,43.0,1,1
2023-12-01,2023,12,Q4,Andaman & Nicobar Island,96.72,89.62,58.03,6.5,8.2,5.65,83.16,70,0,0,0,0,0,3,43.0,1,1
2023-12-01,2023,12,Q4,Andhra Pradesh,96.72,89.62,58.03,6.5,8.2,5.65,83.16,70,0,0,0,0,0,3,43.0,1,1
2023-12-01,2023,12,Q4,Arunachal Pradesh,96.72,89.62,58.03,6.5,8.2,5.65,83.16,70,0,0,0,0,0,3,43.0,1,1
2023-12-01,2023,12,Q4,Assam,96.72,89.62,58.03,6.5,8.2,5.65,83.16,70,0,0,0,0,0,3,43.0,1,1
2023-12-01,2023,12,Q4,Bihar,96.72,89.62,58.03,6.5,8.2,5.65,83.16,70,0,0,0,0,0,3,43.0,1,1
2023-12-01,2023,12,Q4,Chandigarh,96.72,89.62,58.03,6.5,8.2,5.65,83.16,70,0,0,0,0,0,3,43.0,1,1
2023-12-01,2023,12,Q4,Chhattisgarh,96.72,89.62,58.03,6.5,8.2,5.65,83.16,70,0,0,0,0,0,3,43.0,1,1
2023-12-01,2023,12,Q4,Dadra and Nagar Haveli,96.72,89.62,58.03,6.5,8.2,5.65,83.16,70,0,0,0,0,0,3,43.0,1,1
2023-12-01,2023,12,Q4,Daman and Diu,96.72,89.62,58.03,6.5,8.2,5.65,83.16,70,0,0,0,0,0,3,43.0,1,1
2023-12-01,2023,12,Q4,Delhi,96.72,89.62,58.03,6.5,8.2,5.65,83.16,70,0,0,0,0,0,3,43.0,1,1
2023-12-01,2023,12,Q4,Goa,96.72,89.62,58.03,6.5,8.2,5.65,83.16,70,0,0,0,0,0,3,43.0,1,1
2023-12-01,2023,12,Q4,Gujarat,96.72,89.62,58.03,6.5,8.2,5.65,83.16,70,0,0,0,0,0,3,43.0,1,1
2023-12-01,2023,12,Q4,Haryana,96.72,89.62,58.03,6.5,8.2,5.65,83.16,70,0,0,0,0,0,3,43.0,1,1
2023-12-01,2023,12,Q4,Himachal Pradesh,96.72,89.62,58.03,6.5,8.2,5.65,83.16,70,0,0,0,0,0,3,43.0,1,1
2023-12-01,2023,12,Q4,Jammu and Kashmir,96.72,89.62,58.03,6.5,8.2,5.65,83.16,70,0,0,0,0,0,3,43.0,1,1
2023-12-01,2023,12,Q4,Jharkhand,96.72,89.62,58.03,6.5,8.2,5.65,83.16,70,0,0,0,0,0,3,43.0,1,1
2023-12-01,2023,12,Q4,Karnataka,96.72,89.62,58.03,6.5,8.2,5.65,83.16,70,0,0,0,0,0,3,43.0,1,1
2023-12-01,2023,12,Q4,Kerala,96.72,89.62,58.03,6.5,8.2,5.65,83.16,70,0,0,0,0,0,3,43.0,1,1
2023-12-01,2023,12,Q4,Ladakh,96.72,89.62,58.03,6.5,8.2,5.65,83.16,70,0,0,0,0,0,3,43.0,1,1
2023-12-01,2023,12,Q4,Lakshadweep,96.72,89.62,58.03,6.5,8.2,5.65,83.16,70,0,0,0,0,0,3,43.0,1,1
2023-12-01,2023,12,Q4,Madhya Pradesh,96.72,89.62,58.03,6.5,8.2,5.65,83.16,70,0,0,0,0,0,3,43.0,1,1
2023-12-01,2023,12,Q4,Maharashtra,96.72,89.62,58.03,6.5,8.2,5.65,83.16,70,0,0,0,0,0,3,43.0,1,1
2023-12-01,2023,12,Q4,Manipur,96.72,89.62,58.03,6.5,8.2,5.65,83.16,70,0,0,0,0,0,3,43.0,1,1
2023-12-01,2023,12,Q4,Meghalaya,96.72,89.62,58.03,6.5,8.2,5.65,83.16,70,0,0,0,0,0,3,43.0,1,1
2023-12-01,2023,12,Q4,Mizoram,96.72,89.62,58.03,6.5,8.2,5.65,83.16,70,0,0,0,0,0,3,43.0,1,1
2023-12-01,2023,12,Q4,Nagaland,96.72,89.62,58.03,6.5,8.2,5.65,83.16,70,0,0,0,0,0,3,43.0,1,1
2023-12-01,2023,12,Q4,Odisha,96.72,89.62,58.03,6.5,8.2,5.65,83.16,70,0,0,0,0,0,3,43.0,1,1
2023-12-01,2023,12,Q4,Puducherry,96.72,89.62,58.03,6.5,8.2,5.65,83.16,70,0,0,0,0,0,3,43.0,1,1
2023-12-01,2023,12,Q4,Punjab,96.72,89.62,58.03,6.5,8.2,5.65,83.16,70,0,0,0,0,0,3,43.0,1,1
2023-12-01,2023,12,Q4,Rajasthan,96.72,89.62,58.03,6.5,8.2,5.65,83.16,70,0,0,0,0,0,3,43.0,1,1
2023-12-01,2023,12,Q4,Sikkim,96.72,89.62,58.03,6.5,8.2,5.65,83.16,70,0,0,0,0,0,3,43.0,1,1
2023-12-01,2023,12,Q4,Tamil Nadu,96.72,89.62,58.03,6.5,8.2,5.65,83.16,70,0,0,0,0,0,3,43.0,1,1
2023-12-01,2023,12,Q4,Telangana,96.72,89.62,58.03,6.5,8.2,5.65,83.16,70,0,0,0,0,0,3,43.0,1,1
2023-12-01,2023,12,Q4,Tripura,96.72,89.62,58.03,6.5,8.2,5.65,83.16,70,0,0,0,0,0,3,43.0,1,1
2023-12-01,2023,12,Q4,Uttar Pradesh,96.72,89.62,58.03,6.5,8.2,5.65,83.16,70,0,0,0,0,0,3,43.0,1,1
2023-12-01,2023,12,Q4,Uttarakhand,96.72,89.62,58.03,6.5,8.2,5.65,83.16,70,0,0,0,0,0,3,43.0,1,1
2023-12-01,2023,12,Q4,West Bengal,96.72,89.62,58.03,6.5,8.2,5.65,83.16,70,0,0,0,0,0,3,43.0,1,1
2023-12-01,2023,12,Q4,All India,96.72,89.62,58.03,6.5,8.2,5.65,83.16,70,0,0,0,0,0,3,43.0,1,1
2024-01-01,2024,1,Q1,Andaman & Nicobar Island,94.77,87.62,56.86,6.5,8.2,4.85,83.95,73,0,0,0,0,0,6,43.0,1,1
2024-01-01,2024,1,Q1,Andhra Pradesh,94.77,87.62,56.86,6.5,8.2,4.85,83.95,73,0,0,0,0,0,6,43.0,1,1
2024-01-01,2024,1,Q1,Arunachal Pradesh,94.77,87.62,56.86,6.5,8.2,4.85,83.95,73,0,0,0,0,0,6,43.0,1,1
2024-01-01,2024,1,Q1,Assam,94.77,87.62,56.86,6.5,8.2,4.85,83.95,73,0,0,0,0,0,6,43.0,1,1
2024-01-01,2024,1,Q1,Bihar,94.77,87.62,56.86,6.5,8.2,4.85,83.95,73,0,0,0,0,0,6,43.0,1,1
2024-01-01,2024,1,Q1,Chandigarh,94.77,87.62,56.86,6.5,8.2,4.85,83.95,73,0,0,0,0,0,6,43.0,1,1
2024-01-01,2024,1,Q1,Chhattisgarh,94.77,87.62,56.86,6.5,8.2,4.85,83.95,73,0,0,0,0,0,6,43.0,1,1
2024-01-01,2024,1,Q1,Dadra and Nagar Haveli,94.77,87.62,56.86,6.5,8.2,4.85,83.95,73,0,0,0,0,0,6,43.0,1,1
2024-01-01,2024,1,Q1,Daman and Diu,94.77,87.62,56.86,6.5,8.2,4.85,83.95,73,0,0,0,0,0,6,43.0,1,1
2024-01-01,2024,1,Q1,Delhi,94.77,87.62,56.86,6.5,8.2,4.85,83.95,73,0,0,0,0,0,6,43.0,1,1
2024-01-01,2024,1,Q1,Goa,94.77,87.62,56.86,6.5,8.2,4.85,83.95,73,0,0,0,0,0,6,43.0,1,1
2024-01-01,2024,1,Q1,Gujarat,94.77,87.62,56.86,6.5,8.2,4.85,83.95,73,0,0,0,0,0,6,43.0,1,1
2024-01-01,2024,1,Q1,Haryana,94.77,87.62,56.86,6.5,8.2,4.85,83.95,73,0,0,0,0,0,6,43.0,1,1
2024-01-01,2024,1,Q1,Himachal Pradesh,94.77,87.62,56.86,6.5,8.2,4.85,83.95,73,0,0,0,0,0,6,43.0,1,1
2024-01-01,2024,1,Q1,Jammu and Kashmir,94.77,87.62,56.86,6.5,8.2,4.85,83.95,73,0,0,0,0,0,6,43.0,1,1
2024-01-01,2024,1,Q1,Jharkhand,94.77,87.62,56.86,6.5,8.2,4.85,83.95,73,0,0,0,0,0,6,43.0,1,1
2024-01-01,2024,1,Q1,Karnataka,94.77,87.62,56.86,6.5,8.2,4.85,83.95,73,0,0,0,0,0,6,43.0,1,1
2024-01-01,2024,1,Q1,Kerala,94.77,87.62,56.86,6.5,8.2,4.85,83.95,73,0,0,0,0,0,6,43.0,1,1
2024-01-01,2024,1,Q1,Ladakh,94.77,87.62,56.86,6.5,8.2,4.85,83.95,73,0,0,0,0,0,6,43.0,1,1
2024-01-01,2024,1,Q1,Lakshadweep,94.77,87.62,56.86,6.5,8.2,4.85,83.95,73,0,0,0,0,0,6,43.0,1,1
2024-01-01,2024,1,Q1,Madhya Pradesh,94.77,87.62,56.86,6.5,8.2,4.85,83.95,73,0,0,0,0,0,6,43.0,1,1
2024-01-01,2024,1,Q1,Maharashtra,94.77,87.62,56.86,6.5,8.2,4.85,83.95,73,0,0,0,0,0,6,43.0,1,1
2024-01-01,2024,1,Q1,Manipur,94.77,87.62,56.86,6.5,8.2,4.85,83.95,73,0,0,0,0,0,6,43.0,1,1
2024-01-01,2024,1,Q1,Meghalaya,94.77,87.62,56.86,6.5,8.2,4.85,83.95,73,0,0,0,0,0,6,43.0,1,1
2024-01-01,2024,1,Q1,Mizoram,94.77,87.62,56.86,6.5,8.2,4.85,83.95,73,0,0,0,0,0,6,43.0,1,1
2024-01-01,2024,1,Q1,Nagaland,94.77,87.62,56.86,6.5,8.2,4.85,83.95,73,0,0,0,0,0,6,43.0,1,1
2024-01-01,2024,1,Q1,Odisha,94.77,87.62,56.86,6.5,8.2,4.85,83.95,73,0,0,0,0,0,6,43.0,1,1
2024-01-01,2024,1,Q1,Puducherry,94.77,87.62,56.86,6.5,8.2,4.85,83.95,73,0,0,0,0,0,6,43.0,1,1
2024-01-01,2024,1,Q1,Punjab,94.77,87.62,56.86,6.5,8.2,4.85,83.95,73,0,0,0,0,0,6,43.0,1,1
2024-01-01,2024,1,Q1,Rajasthan,94.77,87.62,56.86,6.5,8.2,4.85,83.95,73,0,0,0,0,0,6,43.0,1,1
2024-01-01,2024,1,Q1,Sikkim,94.77,87.62,56.86,6.5,8.2,4.85,83.95,73,0,0,0,0,0,6,43.0,1,1
2024-01-01,2024,1,Q1,Tamil Nadu,94.77,87.62,56.86,6.5,8.2,4.85,83.95,73,0,0,0,0,0,6,43.0,1,1
2024-01-01,2024,1,Q1,Telangana,94.77,87.62,56.86,6.5,8.2,4.85,83.95,73,0,0,0,0,0,6,43.0,1,1
2024-01-01,2024,1,Q1,Tripura,94.77,87.62,56.86,6.5,8.2,4.85,83.95,73,0,0,0,0,0,6,43.0,1,1
2024-01-01,2024,1,Q1,Uttar Pradesh,94.77,87.62,56.86,6.5,8.2,4.85,83.95,73,0,0,0,0,0,6,43.0,1,1
2024-01-01,2024,1,Q1,Uttarakhand,94.77,87.62,56.86,6.5,8.2,4.85,83.95,73,0,0,0,0,0,6,43.0,1,1
2024-01-01,2024,1,Q1,West Bengal,94.77,87.62,56.86,6.5,8.2,4.85,83.95,73,0,0,0,0,0,6,43.0,1,1
2024-01-01,2024,1,Q1,All India,94.77,87.62,56.86,6.5,8.2,4.85,83.95,73,0,0,0,0,0,6,43.0,1,1
2024-02-01,2024,2,Q1,Andaman & Nicobar Island,94.77,87.62,56.86,6.5,8.2,4.85,83.95,73,0,0,0,0,1,6,43.0,1,1
2024-02-01,2024,2,Q1,Andhra Pradesh,94.77,87.62,56.86,6.5,8.2,4.85,83.95,73,0,0,0,0,1,6,43.0,1,1
2024-02-01,2024,2,Q1,Arunachal Pradesh,94.77,87.62,56.86,6.5,8.2,4.85,83.95,73,0,0,0,0,1,6,43.0,1,1
2024-02-01,2024,2,Q1,Assam,94.77,87.62,56.86,6.5,8.2,4.85,83.95,73,0,0,0,0,1,6,43.0,1,1
2024-02-01,2024,2,Q1,Bihar,94.77,87.62,56.86,6.5,8.2,4.85,83.95,73,0,0,0,0,1,6,43.0,1,1
2024-02-01,2024,2,Q1,Chandigarh,94.77,87.62,56.86,6.5,8.2,4.85,83.95,73,0,0,0,0,1,6,43.0,1,1
2024-02-01,2024,2,Q1,Chhattisgarh,94.77,87.62,56.86,6.5,8.2,4.85,83.95,73,0,0,0,0,1,6,43.0,1,1
2024-02-01,2024,2,Q1,Dadra and Nagar Haveli,94.77,87.62,56.86,6.5,8.2,4.85,83.95,73,0,0,0,0,1,6,43.0,1,1
2024-02-01,2024,2,Q1,Daman and Diu,94.77,87.62,56.86,6.5,8.2,4.85,83.95,73,0,0,0,0,1,6,43.0,1,1
2024-02-01,2024,2,Q1,Delhi,94.77,87.62,56.86,6.5,8.2,4.85,83.95,73,0,0,0,0,1,6,43.0,1,1
2024-02-01,2024,2,Q1,Goa,94.77,87.62,56.86,6.5,8.2,4.85,83.95,73,0,0,0,0,1,6,43.0,1,1
2024-02-01,2024,2,Q1,Gujarat,94.77,87.62,56.86,6.5,8.2,4.85,83.95,73,0,0,0,0,1,6,43.0,1,1
2024-02-01,2024,2,Q1,Haryana,94.77,87.62,56.86,6.5,8.2,4.85,83.95,73,0,0,0,0,1,6,43.0,1,1
2024-02-01,2024,2,Q1,Himachal Pradesh,94.77,87.62,56.86,6.5,8.2,4.85,83.95,73,0,0,0,0,1,6,43.0,1,1
2024-02-01,2024,2,Q1,Jammu and Kashmir,94.77,87.62,56.86,6.5,8.2,4.85,83.95,73,0,0,0,0,1,6,43.0,1,1
2024-02-01,2024,2,Q1,Jharkhand,94.77,87.62,56.86,6.5,8.2,4.85,83.95,73,0,0,0,0,1,6,43.0,1,1
2024-02-01,2024,2,Q1,Karnataka,94.77,87.62,56.86,6.5,8.2,4.85,83.95,73,0,0,0,0,1,6,43.0,1,1
2024-02-01,2024,2,Q1,Kerala,94.77,87.62,56.86,6.5,8.2,4.85,83.95,73,0,0,0,0,1,6,43.0,1,1
2024-02-01,2024,2,Q1,Ladakh,94.77,87.62,56.86,6.5,8.2,4.85,83.95,73,0,0,0,0,1,6,43.0,1,1
2024-02-01,2024,2,Q1,Lakshadweep,94.77,87.62,56.86,6.5,8.2,4.85,83.95,73,0,0,0,0,1,6,43.0,1,1
2024-02-01,2024,2,Q1,Madhya Pradesh,94.77,87.62,56.86,6.5,8.2,4.85,83.95,73,0,0,0,0,1,6,43.0,1,1
2024-02-01,2024,2,Q1,Maharashtra,94.77,87.62,56.86,6.5,8.2,4.85,83.95,73,0,0,0,0,1,6,43.0,1,1
2024-02-01,2024,2,Q1,Manipur,94.77,87.62,56.86,6.5,8.2,4.85,83.95,73,0,0,0,0,1,6,43.0,1,1
2024-02-01,2024,2,Q1,Meghalaya,94.77,87.62,56.86,6.5,8.2,4.85,83.95,73,0,0,0,0,1,6,43.0,1,1
2024-02-01,2024,2,Q1,Mizoram,94.77,87.62,56.86,6.5,8.2,4.85,83.95,73,0,0,0,0,1,6,43.0,1,1
2024-02-01,2024,2,Q1,Nagaland,94.77,87.62,56.86,6.5,8.2,4.85,83.95,73,0,0,0,0,1,6,43.0,1,1
2024-02-01,2024,2,Q1,Odisha,94.77,87.62,56.86,6.5,8.2,4.85,83.95,73,0,0,0,0,1,6,43.0,1,1
2024-02-01,2024,2,Q1,Puducherry,94.77,87.62,56.86,6.5,8.2,4.85,83.95,73,0,0,0,0,1,6,43.0,1,1
2024-02-01,2024,2,Q1,Punjab,94.77,87.62,56.86,6.5,8.2,4.85,83.95,73,0,0,0,0,1,6,43.0,1,1
2024-02-01,2024,2,Q1,Rajasthan,94.77,87.62,56.86,6.5,8.2,4.85,83.95,73,0,0,0,0,1,6,43.0,1,1
2024-02-01,2024,2,Q1,Sikkim,94.77,87.62,56.86,6.5,8.2,4.85,83.95,73,0,0,0,0,1,6,43.0,1,1
2024-02-01,2024,2,Q1,Tamil Nadu,94.77,87.62,56.86,6.5,8.2,4.85,83.95,73,0,0,0,0,1,6,43.0,1,1
2024-02-01,2024,2,Q1,Telangana,94.77,87.62,56.86,6.5,8.2,4.85,83.95,73,0,0,0,0,1,6,43.0,1,1
2024-02-01,2024,2,Q1,Tripura,94.77,87.62,56.86,6.5,8.2,4.85,83.95,73,0,0,0,0,1,6,43.0,1,1
2024-02-01,2024,2,Q1,Uttar Pradesh,94.77,87.62,56.86,6.5,8.2,4.85,83.95,73,0,0,0,0,1,6,43.0,1,1
2024-02-01,2024,2,Q1,Uttarakhand,94.77,87.62,56.86,6.5,8.2,4.85,83.95,73,0,0,0,0,1,6,43.0,1,1
2024-02-01,2024,2,Q1,West Bengal,94.77,87.62,56.86,6.5,8.2,4.85,83.95,73,0,0,0,0,1,6,43.0,1,1
2024-02-01,2024,2,Q1,All India,94.77,87.62,56.86,6.5,8.2,4.85,83.95,73,0,0,0,0,1,6,43.0,1,1
2024-03-01,2024,3,Q1,Andaman & Nicobar Island,94.77,87.62,56.86,6.5,8.2,4.85,83.95,73,0,0,0,1,0,3,43.0,1,1
2024-03-01,2024,3,Q1,Andhra Pradesh,94.77,87.62,56.86,6.5,8.2,4.85,83.95,73,0,0,0,1,0,3,43.0,1,1
2024-03-01,2024,3,Q1,Arunachal Pradesh,94.77,87.62,56.86,6.5,8.2,4.85,83.95,73,0,0,0,1,0,3,43.0,1,1
2024-03-01,2024,3,Q1,Assam,94.77,87.62,56.86,6.5,8.2,4.85,83.95,73,0,0,0,1,0,3,43.0,1,1
2024-03-01,2024,3,Q1,Bihar,94.77,87.62,56.86,6.5,8.2,4.85,83.95,73,0,0,0,1,0,3,43.0,1,1
2024-03-01,2024,3,Q1,Chandigarh,94.77,87.62,56.86,6.5,8.2,4.85,83.95,73,0,0,0,1,0,3,43.0,1,1
2024-03-01,2024,3,Q1,Chhattisgarh,94.77,87.62,56.86,6.5,8.2,4.85,83.95,73,0,0,0,1,0,3,43.0,1,1
2024-03-01,2024,3,Q1,Dadra and Nagar Haveli,94.77,87.62,56.86,6.5,8.2,4.85,83.95,73,0,0,0,1,0,3,43.0,1,1
2024-03-01,2024,3,Q1,Daman and Diu,94.77,87.62,56.86,6.5,8.2,4.85,83.95,73,0,0,0,1,0,3,43.0,1,1
2024-03-01,2024,3,Q1,Delhi,94.77,87.62,56.86,6.5,8.2,4.85,83.95,73,0,0,0,1,0,3,43.0,1,1
2024-03-01,2024,3,Q1,Goa,94.77,87.62,56.86,6.5,8.2,4.85,83.95,73,0,0,0,1,0,3,43.0,1,1
2024-03-01,2024,3,Q1,Gujarat,94.77,87.62,56.86,6.5,8.2,4.85,83.95,73,0,0,0,1,0,3,43.0,1,1
2024-03-01,2024,3,Q1,Haryana,94.77,87.62,56.86,6.5,8.2,4.85,83.95,73,0,0,0,1,0,3,43.0,1,1
2024-03-01,2024,3,Q1,Himachal Pradesh,94.77,87.62,56.86,6.5,8.2,4.85,83.95,73,0,0,0,1,0,3,43.0,1,1
2024-03-01,2024,3,Q1,Jammu and Kashmir,94.77,87.62,56.86,6.5,8.2,4.85,83.95,73,0,0,0,1,0,3,43.0,1,1
2024-03-01,2024,3,Q1,Jharkhand,94.77,87.62,56.86,6.5,8.2,4.85,83.95,73,0,0,0,1,0,3,43.0,1,1
2024-03-01,2024,3,Q1,Karnataka,94.77,87.62,56.86,6.5,8.2,4.85,83.95,73,0,0,0,1,0,3,43.0,1,1
2024-03-01,2024,3,Q1,Kerala,94.77,87.62,56.86,6.5,8.2,4.85,83.95,73,0,0,0,1,0,3,43.0,1,1
2024-03-01,2024,3,Q1,Ladakh,94.77,87.62,56.86,6.5,8.2,4.85,83.95,73,0,0,0,1,0,3,43.0,1,1
2024-03-01,2024,3,Q1,Lakshadweep,94.77,87.62,56.86,6.5,8.2,4.85,83.95,73,0,0,0,1,0,3,43.0,1,1
2024-03-01,2024,3,Q1,Madhya Pradesh,94.77,87.62,56.86,6.5,8.2,4.85,83.95,73,0,0,0,1,0,3,43.0,1,1
2024-03-01,2024,3,Q1,Maharashtra,94.77,87.62,56.86,6.5,8.2,4.85,83.95,73,0,0,0,1,0,3,43.0,1,1
2024-03-01,2024,3,Q1,Manipur,94.77,87.62,56.86,6.5,8.2,4.85,83.95,73,0,0,0,1,0,3,43.0,1,1
2024-03-01,2024,3,Q1,Meghalaya,94.77,87.62,56.86,6.5,8.2,4.85,83.95,73,0,0,0,1,0,3,43.0,1,1
2024-03-01,2024,3,Q1,Mizoram,94.77,87.62,56.86,6.5,8.2,4.85,83.95,73,0,0,0,1,0,3,43.0,1,1
2024-03-01,2024,3,Q1,Nagaland,94.77,87.62,56.86,6.5,8.2,4.85,83.95,73,0,0,0,1,0,3,43.0,1,1
2024-03-01,2024,3,Q1,Odisha,94.77,87.62,56.86,6.5,8.2,4.85,83.95,73,0,0,0,1,0,3,43.0,1,1
2024-03-01,2024,3,Q1,Puducherry,94.77,87.62,56.86,6.5,8.2,4.85,83.95,73,0,0,0,1,0,3,43.0,1,1
2024-03-01,2024,3,Q1,Punjab,94.77,87.62,56.86,6.5,8.2,4.85,83.95,73,0,0,0,1,0,3,43.0,1,1
2024-03-01,2024,3,Q1,Rajasthan,94.77,87.62,56.86,6.5,8.2,4.85,83.95,73,0,0,0,1,0,3,43.0,1,1
2024-03-01,2024,3,Q1,Sikkim,94.77,87.62,56.86,6.5,8.2,4.85,83.95,73,0,0,0,1,0,3,43.0,1,1
2024-03-01,2024,3,Q1,Tamil Nadu,94.77,87.62,56.86,6.5,8.2,4.85,83.95,73,0,0,0,1,0,3,43.0,1,1
2024-03-01,2024,3,Q1,Telangana,94.77,87.62,56.86,6.5,8.2,4.85,83.95,73,0,0,0,1,0,3,43.0,1,1
2024-03-01,2024,3,Q1,Tripura,94.77,87.62,56.86,6.5,8.2,4.85,83.95,73,0,0,0,1,0,3,43.0,1,1
2024-03-01,2024,3,Q1,Uttar Pradesh,94.77,87.62,56.86,6.5,8.2,4.85,83.95,73,0,0,0,1,0,3,43.0,1,1
2024-03-01,2024,3,Q1,Uttarakhand,94.77,87.62,56.86,6.5,8.2,4.85,83.95,73,0,0,0,1,0,3,43.0,1,1
2024-03-01,2024,3,Q1,West Bengal,94.77,87.62,56.86,6.5,8.2,4.85,83.95,73,0,0,0,1,0,3,43.0,1,1
2024-03-01,2024,3,Q1,All India,94.77,87.62,56.86,6.5,8.2,4.85,83.95,73,0,0,0,1,0,3,43.0,1,1
2024-04-01,2024,4,Q2,Andaman & Nicobar Island,94.77,87.62,56.86,6.5,8.2,4.85,83.95,73,0,0,1,0,0,3,43.0,1,1
2024-04-01,2024,4,Q2,Andhra Pradesh,94.77,87.62,56.86,6.5,8.2,4.85,83.95,73,0,0,1,0,0,3,43.0,1,1
2024-04-01,2024,4,Q2,Arunachal Pradesh,94.77,87.62,56.86,6.5,8.2,4.85,83.95,73,0,0,1,0,0,3,43.0,1,1
2024-04-01,2024,4,Q2,Assam,94.77,87.62,56.86,6.5,8.2,4.85,83.95,73,0,0,1,0,0,3,43.0,1,1
2024-04-01,2024,4,Q2,Bihar,94.77,87.62,56.86,6.5,8.2,4.85,83.95,73,0,0,1,0,0,3,43.0,1,1
2024-04-01,2024,4,Q2,Chandigarh,94.77,87.62,56.86,6.5,8.2,4.85,83.95,73,0,0,1,0,0,3,43.0,1,1
2024-04-01,2024,4,Q2,Chhattisgarh,94.77,87.62,56.86,6.5,8.2,4.85,83.95,73,0,0,1,0,0,3,43.0,1,1
2024-04-01,2024,4,Q2,Dadra and Nagar Haveli,94.77,87.62,56.86,6.5,8.2,4.85,83.95,73,0,0,1,0,0,3,43.0,1,1
2024-04-01,2024,4,Q2,Daman and Diu,94.77,87.62,56.86,6.5,8.2,4.85,83.95,73,0,0,1,0,0,3,43.0,1,1
2024-04-01,2024,4,Q2,Delhi,94.77,87.62,56.86,6.5,8.2,4.85,83.95,73,0,0,1,0,0,3,43.0,1,1
2024-04-01,2024,4,Q2,Goa,94.77,87.62,56.86,6.5,8.2,4.85,83.95,73,0,0,1,0,0,3,43.0,1,1
2024-04-01,2024,4,Q2,Gujarat,94.77,87.62,56.86,6.5,8.2,4.85,83.95,73,0,0,1,0,0,3,43.0,1,1
2024-04-01,2024,4,Q2,Haryana,94.77,87.62,56.86,6.5,8.2,4.85,83.95,73,0,0,1,0,0,3,43.0,1,1
2024-04-01,2024,4,Q2,Himachal Pradesh,94.77,87.62,56.86,6.5,8.2,4.85,83.95,73,0,0,1,0,0,3,43.0,1,1
2024-04-01,2024,4,Q2,Jammu and Kashmir,94.77,87.62,56.86,6.5,8.2,4.85,83.95,73,0,0,1,0,0,3,43.0,1,1
2024-04-01,2024,4,Q2,Jharkhand,94.77,87.62,56.86,6.5,8.2,4.85,83.95,73,0,0,1,0,0,3,43.0,1,1
2024-04-01,2024,4,Q2,Karnataka,94.77,87.62,56.86,6.5,8.2,4.85,83.95,73,0,0,1,0,0,3,43.0,1,1
2024-04-01,2024,4,Q2,Kerala,94.77,87.62,56.86,6.5,8.2,4.85,83.95,73,0,0,1,0,0,3,43.0,1,1
2024-04-01,2024,4,Q2,Ladakh,94.77,87.62,56.86,6.5,8.2,4.85,83.95,73,0,0,1,0,0,3,43.0,1,1
2024-04-01,2024,4,Q2,Lakshadweep,94.77,87.62,56.86,6.5,8.2,4.85,83.95,73,0,0,1,0,0,3,43.0,1,1
2024-04-01,2024,4,Q2,Madhya Pradesh,94.77,87.62,56.86,6.5,8.2,4.85,83.95,73,0,0,1,0,0,3,43.0,1,1
2024-04-01,2024,4,Q2,Maharashtra,94.77,87.62,56.86,6.5,8.2,4.85,83.95,73,0,0,1,0,0,3,43.0,1,1
2024-04-01,2024,4,Q2,Manipur,94.77,87.62,56.86,6.5,8.2,4.85,83.95,73,0,0,1,0,0,3,43.0,1,1
2024-04-01,2024,4,Q2,Meghalaya,94.77,87.62,56.86,6.5,8.2,4.85,83.95,73,0,0,1,0,0,3,43.0,1,1
2024-04-01,2024,4,Q2,Mizoram,94.77,87.62,56.86,6.5,8.2,4.85,83.95,73,0,0,1,0,0,3,43.0,1,1
2024-04-01,2024,4,Q2,Nagaland,94.77,87.62,56.86,6.5,8.2,4.85,83.95,73,0,0,1,0,0,3,43.0,1,1
2024-04-01,2024,4,Q2,Odisha,94.77,87.62,56.86,6.5,8.2,4.85,83.95,73,0,0,1,0,0,3,43.0,1,1
2024-04-01,2024,4,Q2,Puducherry,94.77,87.62,56.86,6.5,8.2,4.85,83.95,73,0,0,1,0,0,3,43.0,1,1
2024-04-01,2024,4,Q2,Punjab,94.77,87.62,56.86,6.5,8.2,4.85,83.95,73,0,0,1,0,0,3,43.0,1,1
2024-04-01,2024,4,Q2,Rajasthan,94.77,87.62,56.86,6.5,8.2,4.85,83.95,73,0,0,1,0,0,3,43.0,1,1
2024-04-01,2024,4,Q2,Sikkim,94.77,87.62,56.86,6.5,8.2,4.85,83.95,73,0,0,1,0,0,3,43.0,1,1
2024-04-01,2024,4,Q2,Tamil Nadu,94.77,87.62,56.86,6.5,8.2,4.85,83.95,73,0,0,1,0,0,3,43.0,1,1
2024-04-01,2024,4,Q2,Telangana,94.77,87.62,56.86,6.5,8.2,4.85,83.95,73,0,0,1,0,0,3,43.0,1,1
2024-04-01,2024,4,Q2,Tripura,94.77,87.62,56.86,6.5,8.2,4.85,83.95,73,0,0,1,0,0,3,43.0,1,1
2024-04-01,2024,4,Q2,Uttar Pradesh,94.77,87.62,56.86,6.5,8.2,4.85,83.95,73,0,0,1,0,0,3,43.0,1,1
2024-04-01,2024,4,Q2,Uttarakhand,94.77,87.62,56.86,6.5,8.2,4.85,83.95,73,0,0,1,0,0,3,43.0,1,1
2024-04-01,2024,4,Q2,West Bengal,94.77,87.62,56.86,6.5,8.2,4.85,83.95,73,0,0,1,0,0,3,43.0,1,1
2024-04-01,2024,4,Q2,All India,94.77,87.62,56.86,6.5,8.2,4.85,83.95,73,0,0,1,0,0,3,43.0,1,1
2024-05-01,2024,5,Q2,Andaman & Nicobar Island,94.77,87.62,56.86,6.5,8.2,4.85,83.95,73,0,0,1,0,0,3,43.0,1,1
2024-05-01,2024,5,Q2,Andhra Pradesh,94.77,87.62,56.86,6.5,8.2,4.85,83.95,73,0,0,1,0,0,3,43.0,1,1
2024-05-01,2024,5,Q2,Arunachal Pradesh,94.77,87.62,56.86,6.5,8.2,4.85,83.95,73,0,0,1,0,0,3,43.0,1,1
2024-05-01,2024,5,Q2,Assam,94.77,87.62,56.86,6.5,8.2,4.85,83.95,73,0,0,1,0,0,3,43.0,1,1
2024-05-01,2024,5,Q2,Bihar,94.77,87.62,56.86,6.5,8.2,4.85,83.95,73,0,0,1,0,0,3,43.0,1,1
2024-05-01,2024,5,Q2,Chandigarh,94.77,87.62,56.86,6.5,8.2,4.85,83.95,73,0,0,1,0,0,3,43.0,1,1
2024-05-01,2024,5,Q2,Chhattisgarh,94.77,87.62,56.86,6.5,8.2,4.85,83.95,73,0,0,1,0,0,3,43.0,1,1
2024-05-01,2024,5,Q2,Dadra and Nagar Haveli,94.77,87.62,56.86,6.5,8.2,4.85,83.95,73,0,0,1,0,0,3,43.0,1,1
2024-05-01,2024,5,Q2,Daman and Diu,94.77,87.62,56.86,6.5,8.2,4.85,83.95,73,0,0,1,0,0,3,43.0,1,1
2024-05-01,2024,5,Q2,Delhi,94.77,87.62,56.86,6.5,8.2,4.85,83.95,73,0,0,1,0,0,3,43.0,1,1
2024-05-01,2024,5,Q2,Goa,94.77,87.62,56.86,6.5,8.2,4.85,83.95,73,0,0,1,0,0,3,43.0,1,1
2024-05-01,2024,5,Q2,Gujarat,94.77,87.62,56.86,6.5,8.2,4.85,83.95,73,0,0,1,0,0,3,43.0,1,1
2024-05-01,2024,5,Q2,Haryana,94.77,87.62,56.86,6.5,8.2,4.85,83.95,73,0,0,1,0,0,3,43.0,1,1
2024-05-01,2024,5,Q2,Himachal Pradesh,94.77,87.62,56.86,6.5,8.2,4.85,83.95,73,0,0,1,0,0,3,43.0,1,1
2024-05-01,2024,5,Q2,Jammu and Kashmir,94.77,87.62,56.86,6.5,8.2,4.85,83.95,73,0,0,1,0,0,3,43.0,1,1
2024-05-01,2024,5,Q2,Jharkhand,94.77,87.62,56.86,6.5,8.2,4.85,83.95,73,0,0,1,0,0,3,43.0,1,1
2024-05-01,2024,5,Q2,Karnataka,94.77,87.62,56.86,6.5,8.2,4.85,83.95,73,0,0,1,0,0,3,43.0,1,1
2024-05-01,2024,5,Q2,Kerala,94.77,87.62,56.86,6.5,8.2,4.85,83.95,73,0,0,1,0,0,3,43.0,1,1
2024-05-01,2024,5,Q2,Ladakh,94.77,87.62,56.86,6.5,8.2,4.85,83.95,73,0,0,1,0,0,3,43.0,1,1
2024-05-01,2024,5,Q2,Lakshadweep,94.77,87.62,56.86,6.5,8.2,4.85,83.95,73,0,0,1,0,0,3,43.0,1,1
2024-05-01,2024,5,Q2,Madhya Pradesh,94.77,87.62,56.86,6.5,8.2,4.85,83.95,73,0,0,1,0,0,3,43.0,1,1
2024-05-01,2024,5,Q2,Maharashtra,94.77,87.62,56.86,6.5,8.2,4.85,83.95,73,0,0,1,0,0,3,43.0,1,1
2024-05-01,2024,5,Q2,Manipur,94.77,87.62,56.86,6.5,8.2,4.85,83.95,73,0,0,1,0,0,3,43.0,1,1
2024-05-01,2024,5,Q2,Meghalaya,94.77,87.62,56.86,6.5,8.2,4.85,83.95,73,0,0,1,0,0,3,43.0,1,1
2024-05-01,2024,5,Q2,Mizoram,94.77,87.62,56.86,6.5,8.2,4.85,83.95,73,0,0,1,0,0,3,43.0,1,1
2024-05-01,2024,5,Q2,Nagaland,94.77,87.62,56.86,6.5,8.2,4.85,83.95,73,0,0,1,0,0,3,43.0,1,1
2024-05-01,2024,5,Q2,Odisha,94.77,87.62,56.86,6.5,8.2,4.85,83.95,73,0,0,1,0,0,3,43.0,1,1
2024-05-01,2024,5,Q2,Puducherry,94.77,87.62,56.86,6.5,8.2,4.85,83.95,73,0,0,1,0,0,3,43.0,1,1
2024-05-01,2024,5,Q2,Punjab,94.77,87.62,56.86,6.5,8.2,4.85,83.95,73,0,0,1,0,0,3,43.0,1,1
2024-05-01,2024,5,Q2,Rajasthan,94.77,87.62,56.86,6.5,8.2,4.85,83.95,73,0,0,1,0,0,3,43.0,1,1
2024-05-01,2024,5,Q2,Sikkim,94.77,87.62,56.86,6.5,8.2,4.85,83.95,73,0,0,1,0,0,3,43.0,1,1
2024-05-01,2024,5,Q2,Tamil Nadu,94.77,87.62,56.86,6.5,8.2,4.85,83.95,73,0,0,1,0,0,3,43.0,1,1
2024-05-01,2024,5,Q2,Telangana,94.77,87.62,56.86,6.5,8.2,4.85,83.95,73,0,0,1,0,0,3,43.0,1,1
2024-05-01,2024,5,Q2,Tripura,94.77,87.62,56.86,6.5,8.2,4.85,83.95,73,0,0,1,0,0,3,43.0,1,1
2024-05-01,2024,5,Q2,Uttar Pradesh,94.77,87.62,56.86,6.5,8.2,4.85,83.95,73,0,0,1,0,0,3,43.0,1,1
2024-05-01,2024,5,Q2,Uttarakhand,94.77,87.62,56.86,6.5,8.2,4.85,83.95,73,0,0,1,0,0,3,43.0,1,1
2024-05-01,2024,5,Q2,West Bengal,94.77,87.62,56.86,6.5,8.2,4.85,83.95,73,0,0,1,0,0,3,43.0,1,1
2024-05-01,2024,5,Q2,All India,94.77,87.62,56.86,6.5,8.2,4.85,83.95,73,0,0,1,0,0,3,43.0,1,1
2024-06-01,2024,6,Q2,Andaman & Nicobar Island,94.77,87.62,56.86,6.5,8.2,4.85,83.95,73,0,0,0,0,0,3,43.0,1,1
2024-06-01,2024,6,Q2,Andhra Pradesh,94.77,87.62,56.86,6.5,8.2,4.85,83.95,73,0,0,0,0,0,3,43.0,1,1
2024-06-01,2024,6,Q2,Arunachal Pradesh,94.77,87.62,56.86,6.5,8.2,4.85,83.95,73,0,0,0,0,0,3,43.0,1,1
2024-06-01,2024,6,Q2,Assam,94.77,87.62,56.86,6.5,8.2,4.85,83.95,73,0,0,0,0,0,3,43.0,1,1
2024-06-01,2024,6,Q2,Bihar,94.77,87.62,56.86,6.5,8.2,4.85,83.95,73,0,0,0,0,0,3,43.0,1,1
2024-06-01,2024,6,Q2,Chandigarh,94.77,87.62,56.86,6.5,8.2,4.85,83.95,73,0,0,0,0,0,3,43.0,1,1
2024-06-01,2024,6,Q2,Chhattisgarh,94.77,87.62,56.86,6.5,8.2,4.85,83.95,73,0,0,0,0,0,3,43.0,1,1
2024-06-01,2024,6,Q2,Dadra and Nagar Haveli,94.77,87.62,56.86,6.5,8.2,4.85,83.95,73,0,0,0,0,0,3,43.0,1,1
2024-06-01,2024,6,Q2,Daman and Diu,94.77,87.62,56.86,6.5,8.2,4.85,83.95,73,0,0,0,0,0,3,43.0,1,1
2024-06-01,2024,6,Q2,Delhi,94.77,87.62,56.86,6.5,8.2,4.85,83.95,73,0,0,0,0,0,3,43.0,1,1
2024-06-01,2024,6,Q2,Goa,94.77,87.62,56.86,6.5,8.2,4.85,83.95,73,0,0,0,0,0,3,43.0,1,1
2024-06-01,2024,6,Q2,Gujarat,94.77,87.62,56.86,6.5,8.2,4.85,83.95,73,0,0,0,0,0,3,43.0,1,1
2024-06-01,2024,6,Q2,Haryana,94.77,87.62,56.86,6.5,8.2,4.85,83.95,73,0,0,0,0,0,3,43.0,1,1
2024-06-01,2024,6,Q2,Himachal Pradesh,94.77,87.62,56.86,6.5,8.2,4.85,83.95,73,0,0,0,0,0,3,43.0,1,1
2024-06-01,2024,6,Q2,Jammu and Kashmir,94.77,87.62,56.86,6.5,8.2,4.85,83.95,73,0,0,0,0,0,3,43.0,1,1
2024-06-01,2024,6,Q2,Jharkhand,94.77,87.62,56.86,6.5,8.2,4.85,83.95,73,0,0,0,0,0,3,43.0,1,1
2024-06-01,2024,6,Q2,Karnataka,94.77,87.62,56.86,6.5,8.2,4.85,83.95,73,0,0,0,0,0,3,43.0,1,1
2024-06-01,2024,6,Q2,Kerala,94.77,87.62,56.86,6.5,8.2,4.85,83.95,73,0,0,0,0,0,3,43.0,1,1
2024-06-01,2024,6,Q2,Ladakh,94.77,87.62,56.86,6.5,8.2,4.85,83.95,73,0,0,0,0,0,3,43.0,1,1
2024-06-01,2024,6,Q2,Lakshadweep,94.77,87.62,56.86,6.5,8.2,4.85,83.95,73,0,0,0,0,0,3,43.0,1,1
2024-06-01,2024,6,Q2,Madhya Pradesh,94.77,87.62,56.86,6.5,8.2,4.85,83.95,73,0,0,0,0,0,3,43.0,1,1
2024-06-01,2024,6,Q2,Maharashtra,94.77,87.62,56.86,6.5,8.2,4.85,83.95,73,0,0,0,0,0,3,43.0,1,1
2024-06-01,2024,6,Q2,Manipur,94.77,87.62,56.86,6.5,8.2,4.85,83.95,73,0,0,0,0,0,3,43.0,1,1
2024-06-01,2024,6,Q2,Meghalaya,94.77,87.62,56.86,6.5,8.2,4.85,83.95,73,0,0,0,0,0,3,43.0,1,1
2024-06-01,2024,6,Q2,Mizoram,94.77,87.62,56.86,6.5,8.2,4.85,83.95,73,0,0,0,0,0,3,43.0,1,1
2024-06-01,2024,6,Q2,Nagaland,94.77,87.62,56.86,6.5,8.2,4.85,83.95,73,0,0,0,0,0,3,43.0,1,1
2024-06-01,2024,6,Q2,Odisha,94.77,87.62,56.86,6.5,8.2,4.85,83.95,73,0,0,0,0,0,3,43.0,1,1
2024-06-01,2024,6,Q2,Puducherry,94.77,87.62,56.86,6.5,8.2,4.85,83.95,73,0,0,0,0,0,3,43.0,1,1
2024-06-01,2024,6,Q2,Punjab,94.77,87.62,56.86,6.5,8.2,4.85,83.95,73,0,0,0,0,0,3,43.0,1,1
2024-06-01,2024,6,Q2,Rajasthan,94.77,87.62,56.86,6.5,8.2,4.85,83.95,73,0,0,0,0,0,3,43.0,1,1
2024-06-01,2024,6,Q2,Sikkim,94.77,87.62,56.86,6.5,8.2,4.85,83.95,73,0,0,0,0,0,3,43.0,1,1
2024-06-01,2024,6,Q2,Tamil Nadu,94.77,87.62,56.86,6.5,8.2,4.85,83.95,73,0,0,0,0,0,3,43.0,1,1
2024-06-01,2024,6,Q2,Telangana,94.77,87.62,56.86,6.5,8.2,4.85,83.95,73,0,0,0,0,0,3,43.0,1,1
2024-06-01,2024,6,Q2,Tripura,94.77,87.62,56.86,6.5,8.2,4.85,83.95,73,0,0,0,0,0,3,43.0,1,1
2024-06-01,2024,6,Q2,Uttar Pradesh,94.77,87.62,56.86,6.5,8.2,4.85,83.95,73,0,0,0,0,0,3,43.0,1,1
2024-06-01,2024,6,Q2,Uttarakhand,94.77,87.62,56.86,6.5,8.2,4.85,83.95,73,0,0,0,0,0,3,43.0,1,1
2024-06-01,2024,6,Q2,West Bengal,94.77,87.62,56.86,6.5,8.2,4.85,83.95,73,0,0,0,0,0,3,43.0,1,1
2024-06-01,2024,6,Q2,All India,94.77,87.62,56.86,6.5,8.2,4.85,83.95,73,0,0,0,0,0,3,43.0,1,1
2024-07-01,2024,7,Q3,Andaman & Nicobar Island,94.77,87.62,56.86,6.5,8.2,4.85,83.95,73,0,0,0,0,0,3,43.0,1,1
2024-07-01,2024,7,Q3,Andhra Pradesh,94.77,87.62,56.86,6.5,8.2,4.85,83.95,73,0,0,0,0,0,3,43.0,1,1
2024-07-01,2024,7,Q3,Arunachal Pradesh,94.77,87.62,56.86,6.5,8.2,4.85,83.95,73,0,0,0,0,0,3,43.0,1,1
2024-07-01,2024,7,Q3,Assam,94.77,87.62,56.86,6.5,8.2,4.85,83.95,73,0,0,0,0,0,3,43.0,1,1
2024-07-01,2024,7,Q3,Bihar,94.77,87.62,56.86,6.5,8.2,4.85,83.95,73,0,0,0,0,0,3,43.0,1,1
2024-07-01,2024,7,Q3,Chandigarh,94.77,87.62,56.86,6.5,8.2,4.85,83.95,73,0,0,0,0,0,3,43.0,1,1
2024-07-01,2024,7,Q3,Chhattisgarh,94.77,87.62,56.86,6.5,8.2,4.85,83.95,73,0,0,0,0,0,3,43.0,1,1
2024-07-01,2024,7,Q3,Dadra and Nagar Haveli,94.77,87.62,56.86,6.5,8.2,4.85,83.95,73,0,0,0,0,0,3,43.0,1,1
2024-07-01,2024,7,Q3,Daman and Diu,94.77,87.62,56.86,6.5,8.2,4.85,83.95,73,0,0,0,0,0,3,43.0,1,1
2024-07-01,2024,7,Q3,Delhi,94.77,87.62,56.86,6.5,8.2,4.85,83.95,73,0,0,0,0,0,3,43.0,1,1
2024-07-01,2024,7,Q3,Goa,94.77,87.62,56.86,6.5,8.2,4.85,83.95,73,0,0,0,0,0,3,43.0,1,1
2024-07-01,2024,7,Q3,Gujarat,94.77,87.62,56.86,6.5,8.2,4.85,83.95,73,0,0,0,0,0,3,43.0,1,1
2024-07-01,2024,7,Q3,Haryana,94.77,87.62,56.86,6.5,8.2,4.85,83.95,73,0,0,0,0,0,3,43.0,1,1
2024-07-01,2024,7,Q3,Himachal Pradesh,94.77,87.62,56.86,6.5,8.2,4.85,83.95,73,0,0,0,0,0,3,43.0,1,1
2024-07-01,2024,7,Q3,Jammu and Kashmir,94.77,87.62,56.86,6.5,8.2,4.85,83.95,73,0,0,0,0,0,3,43.0,1,1
2024-07-01,2024,7,Q3,Jharkhand,94.77,87.62,56.86,6.5,8.2,4.85,83.95,73,0,0,0,0,0,3,43.0,1,1
2024-07-01,2024,7,Q3,Karnataka,94.77,87.62,56.86,6.5,8.2,4.85,83.95,73,0,0,0,0,0,3,43.0,1,1
2024-07-01,2024,7,Q3,Kerala,94.77,87.62,56.86,6.5,8.2,4.85,83.95,73,0,0,0,0,0,3,43.0,1,1
2024-07-01,2024,7,Q3,Ladakh,94.77,87.62,56.86,6.5,8.2,4.85,83.95,73,0,0,0,0,0,3,43.0,1,1
2024-07-01,2024,7,Q3,Lakshadweep,94.77,87.62,56.86,6.5,8.2,4.85,83.95,73,0,0,0,0,0,3,43.0,1,1
2024-07-01,2024,7,Q3,Madhya Pradesh,94.77,87.62,56.86,6.5,8.2,4.85,83.95,73,0,0,0,0,0,3,43.0,1,1
2024-07-01,2024,7,Q3,Maharashtra,94.77,87.62,56.86,6.5,8.2,4.85,83.95,73,0,0,0,0,0,3,43.0,1,1
2024-07-01,2024,7,Q3,Manipur,94.77,87.62,56.86,6.5,8.2,4.85,83.95,73,0,0,0,0,0,3,43.0,1,1
2024-07-01,2024,7,Q3,Meghalaya,94.77,87.62,56.86,6.5,8.2,4.85,83.95,73,0,0,0,0,0,3,43.0,1,1
2024-07-01,2024,7,Q3,Mizoram,94.77,87.62,56.86,6.5,8.2,4.85,83.95,73,0,0,0,0,0,3,43.0,1,1
2024-07-01,2024,7,Q3,Nagaland,94.77,87.62,56.86,6.5,8.2,4.85,83.95,73,0,0,0,0,0,3,43.0,1,1
2024-07-01,2024,7,Q3,Odisha,94.77,87.62,56.86,6.5,8.2,4.85,83.95,73,0,0,0,0,0,3,43.0,1,1
2024-07-01,2024,7,Q3,Puducherry,94.77,87.62,56.86,6.5,8.2,4.85,83.95,73,0,0,0,0,0,3,43.0,1,1
2024-07-01,2024,7,Q3,Punjab,94.77,87.62,56.86,6.5,8.2,4.85,83.95,73,0,0,0,0,0,3,43.0,1,1
2024-07-01,2024,7,Q3,Rajasthan,94.77,87.62,56.86,6.5,8.2,4.85,83.95,73,0,0,0,0,0,3,43.0,1,1
2024-07-01,2024,7,Q3,Sikkim,94.77,87.62,56.86,6.5,8.2,4.85,83.95,73,0,0,0,0,0,3,43.0,1,1
2024-07-01,2024,7,Q3,Tamil Nadu,94.77,87.62,56.86,6.5,8.2,4.85,83.95,73,0,0,0,0,0,3,43.0,1,1
2024-07-01,2024,7,Q3,Telangana,94.77,87.62,56.86,6.5,8.2,4.85,83.95,73,0,0,0,0,0,3,43.0,1,1
2024-07-01,2024,7,Q3,Tripura,94.77,87.62,56.86,6.5,8.2,4.85,83.95,73,0,0,0,0,0,3,43.0,1,1
2024-07-01,2024,7,Q3,Uttar Pradesh,94.77,87.62,56.86,6.5,8.2,4.85,83.95,73,0,0,0,0,0,3,43.0,1,1
2024-07-01,2024,7,Q3,Uttarakhand,94.77,87.62,56.86,6.5,8.2,4.85,83.95,73,0,0,0,0,0,3,43.0,1,1
2024-07-01,2024,7,Q3,West Bengal,94.77,87.62,56.86,6.5,8.2,4.85,83.95,73,0,0,0,0,0,3,43.0,1,1
2024-07-01,2024,7,Q3,All India,94.77,87.62,56.86,6.5,8.2,4.85,83.95,73,0,0,0,0,0,3,43.0,1,1
2024-08-01,2024,8,Q3,Andaman & Nicobar Island,94.77,87.62,56.86,6.5,8.2,4.85,83.95,73,0,0,0,0,0,3,43.0,1,1
2024-08-01,2024,8,Q3,Andhra Pradesh,94.77,87.62,56.86,6.5,8.2,4.85,83.95,73,0,0,0,0,0,3,43.0,1,1
2024-08-01,2024,8,Q3,Arunachal Pradesh,94.77,87.62,56.86,6.5,8.2,4.85,83.95,73,0,0,0,0,0,3,43.0,1,1
2024-08-01,2024,8,Q3,Assam,94.77,87.62,56.86,6.5,8.2,4.85,83.95,73,0,0,0,0,0,3,43.0,1,1
2024-08-01,2024,8,Q3,Bihar,94.77,87.62,56.86,6.5,8.2,4.85,83.95,73,0,0,0,0,0,3,43.0,1,1
2024-08-01,2024,8,Q3,Chandigarh,94.77,87.62,56.86,6.5,8.2,4.85,83.95,73,0,0,0,0,0,3,43.0,1,1
2024-08-01,2024,8,Q3,Chhattisgarh,94.77,87.62,56.86,6.5,8.2,4.85,83.95,73,0,0,0,0,0,3,43.0,1,1
2024-08-01,2024,8,Q3,Dadra and Nagar Haveli,94.77,87.62,56.86,6.5,8.2,4.85,83.95,73,0,0,0,0,0,3,43.0,1,1
2024-08-01,2024,8,Q3,Daman and Diu,94.77,87.62,56.86,6.5,8.2,4.85,83.95,73,0,0,0,0,0,3,43.0,1,1
2024-08-01,2024,8,Q3,Delhi,94.77,87.62,56.86,6.5,8.2,4.85,83.95,73,0,0,0,0,0,3,43.0,1,1
2024-08-01,2024,8,Q3,Goa,94.77,87.62,56.86,6.5,8.2,4.85,83.95,73,0,0,0,0,0,3,43.0,1,1
2024-08-01,2024,8,Q3,Gujarat,94.77,87.62,56.86,6.5,8.2,4.85,83.95,73,0,0,0,0,0,3,43.0,1,1
2024-08-01,2024,8,Q3,Haryana,94.77,87.62,56.86,6.5,8.2,4.85,83.95,73,0,0,0,0,0,3,43.0,1,1
2024-08-01,2024,8,Q3,Himachal Pradesh,94.77,87.62,56.86,6.5,8.2,4.85,83.95,73,0,0,0,0,0,3,43.0,1,1
2024-08-01,2024,8,Q3,Jammu and Kashmir,94.77,87.62,56.86,6.5,8.2,4.85,83.95,73,0,0,0,0,0,3,43.0,1,1
2024-08-01,2024,8,Q3,Jharkhand,94.77,87.62,56.86,6.5,8.2,4.85,83.95,73,0,0,0,0,0,3,43.0,1,1
2024-08-01,2024,8,Q3,Karnataka,94.77,87.62,56.86,6.5,8.2,4.85,83.95,73,0,0,0,0,0,3,43.0,1,1
2024-08-01,2024,8,Q3,Kerala,94.77,87.62,56.86,6.5,8.2,4.85,83.95,73,0,0,0,0,0,3,43.0,1,1
2024-08-01,2024,8,Q3,Ladakh,94.77,87.62,56.86,6.5,8.2,4.85,83.95,73,0,0,0,0,0,3,43.0,1,1
2024-08-01,2024,8,Q3,Lakshadweep,94.77,87.62,56.86,6.5,8.2,4.85,83.95,73,0,0,0,0,0,3,43.0,1,1
2024-08-01,2024,8,Q3,Madhya Pradesh,94.77,87.62,56.86,6.5,8.2,4.85,83.95,73,0,0,0,0,0,3,43.0,1,1
2024-08-01,2024,8,Q3,Maharashtra,94.77,87.62,56.86,6.5,8.2,4.85,83.95,73,0,0,0,0,0,3,43.0,1,1
2024-08-01,2024,8,Q3,Manipur,94.77,87.62,56.86,6.5,8.2,4.85,83.95,73,0,0,0,0,0,3,43.0,1,1
2024-08-01,2024,8,Q3,Meghalaya,94.77,87.62,56.86,6.5,8.2,4.85,83.95,73,0,0,0,0,0,3,43.0,1,1
2024-08-01,2024,8,Q3,Mizoram,94.77,87.62,56.86,6.5,8.2,4.85,83.95,73,0,0,0,0,0,3,43.0,1,1
2024-08-01,2024,8,Q3,Nagaland,94.77,87.62,56.86,6.5,8.2,4.85,83.95,73,0,0,0,0,0,3,43.0,1,1
2024-08-01,2024,8,Q3,Odisha,94.77,87.62,56.86,6.5,8.2,4.85,83.95,73,0,0,0,0,0,3,43.0,1,1
2024-08-01,2024,8,Q3,Puducherry,94.77,87.62,56.86,6.5,8.2,4.85,83.95,73,0,0,0,0,0,3,43.0,1,1
2024-08-01,2024,8,Q3,Punjab,94.77,87.62,56.86,6.5,8.2,4.85,83.95,73,0,0,0,0,0,3,43.0,1,1
2024-08-01,2024,8,Q3,Rajasthan,94.77,87.62,56.86,6.5,8.2,4.85,83.95,73,0,0,0,0,0,3,43.0,1,1
2024-08-01,2024,8,Q3,Sikkim,94.77,87.62,56.86,6.5,8.2,4.85,83.95,73,0,0,0,0,0,3,43.0,1,1
2024-08-01,2024,8,Q3,Tamil Nadu,94.77,87.62,56.86,6.5,8.2,4.85,83.95,73,0,0,0,0,0,3,43.0,1,1
2024-08-01,2024,8,Q3,Telangana,94.77,87.62,56.86,6.5,8.2,4.85,83.95,73,0,0,0,0,0,3,43.0,1,1
2024-08-01,2024,8,Q3,Tripura,94.77,87.62,56.86,6.5,8.2,4.85,83.95,73,0,0,0,0,0,3,43.0,1,1
2024-08-01,2024,8,Q3,Uttar Pradesh,94.77,87.62,56.86,6.5,8.2,4.85,83.95,73,0,0,0,0,0,3,43.0,1,1
2024-08-01,2024,8,Q3,Uttarakhand,94.77,87.62,56.86,6.5,8.2,4.85,83.95,73,0,0,0,0,0,3,43.0,1,1
2024-08-01,2024,8,Q3,West Bengal,94.77,87.62,56.86,6.5,8.2,4.85,83.95,73,0,0,0,0,0,3,43.0,1,1
2024-08-01,2024,8,Q3,All India,94.77,87.62,56.86,6.5,8.2,4.85,83.95,73,0,0,0,0,0,3,43.0,1,1
2024-09-01,2024,9,Q3,Andaman & Nicobar Island,94.77,87.62,56.86,6.5,8.2,4.85,83.95,73,0,0,0,0,0,5,43.0,1,1
2024-09-01,2024,9,Q3,Andhra Pradesh,94.77,87.62,56.86,6.5,8.2,4.85,83.95,73,0,0,0,0,0,5,43.0,1,1
2024-09-01,2024,9,Q3,Arunachal Pradesh,94.77,87.62,56.86,6.5,8.2,4.85,83.95,73,0,0,0,0,0,5,43.0,1,1
2024-09-01,2024,9,Q3,Assam,94.77,87.62,56.86,6.5,8.2,4.85,83.95,73,0,0,0,0,0,5,43.0,1,1
2024-09-01,2024,9,Q3,Bihar,94.77,87.62,56.86,6.5,8.2,4.85,83.95,73,0,0,0,0,0,5,43.0,1,1
2024-09-01,2024,9,Q3,Chandigarh,94.77,87.62,56.86,6.5,8.2,4.85,83.95,73,0,0,0,0,0,5,43.0,1,1
2024-09-01,2024,9,Q3,Chhattisgarh,94.77,87.62,56.86,6.5,8.2,4.85,83.95,73,0,0,0,0,0,5,43.0,1,1
2024-09-01,2024,9,Q3,Dadra and Nagar Haveli,94.77,87.62,56.86,6.5,8.2,4.85,83.95,73,0,0,0,0,0,5,43.0,1,1
2024-09-01,2024,9,Q3,Daman and Diu,94.77,87.62,56.86,6.5,8.2,4.85,83.95,73,0,0,0,0,0,5,43.0,1,1
2024-09-01,2024,9,Q3,Delhi,94.77,87.62,56.86,6.5,8.2,4.85,83.95,73,0,0,0,0,0,5,43.0,1,1
2024-09-01,2024,9,Q3,Goa,94.77,87.62,56.86,6.5,8.2,4.85,83.95,73,0,0,0,0,0,5,43.0,1,1
2024-09-01,2024,9,Q3,Gujarat,94.77,87.62,56.86,6.5,8.2,4.85,83.95,73,0,0,0,0,0,5,43.0,1,1
2024-09-01,2024,9,Q3,Haryana,94.77,87.62,56.86,6.5,8.2,4.85,83.95,73,0,0,0,0,0,5,43.0,1,1
2024-09-01,2024,9,Q3,Himachal Pradesh,94.77,87.62,56.86,6.5,8.2,4.85,83.95,73,0,0,0,0,0,5,43.0,1,1
2024-09-01,2024,9,Q3,Jammu and Kashmir,94.77,87.62,56.86,6.5,8.2,4.85,83.95,73,0,0,0,0,0,5,43.0,1,1
2024-09-01,2024,9,Q3,Jharkhand,94.77,87.62,56.86,6.5,8.2,4.85,83.95,73,0,0,0,0,0,5,43.0,1,1
2024-09-01,2024,9,Q3,Karnataka,94.77,87.62,56.86,6.5,8.2,4.85,83.95,73,0,0,0,0,0,5,43.0,1,1
2024-09-01,2024,9,Q3,Kerala,94.77,87.62,56.86,6.5,8.2,4.85,83.95,73,0,0,0,0,0,5,43.0,1,1
2024-09-01,2024,9,Q3,Ladakh,94.77,87.62,56.86,6.5,8.2,4.85,83.95,73,0,0,0,0,0,5,43.0,1,1
2024-09-01,2024,9,Q3,Lakshadweep,94.77,87.62,56.86,6.5,8.2,4.85,83.95,73,0,0,0,0,0,5,43.0,1,1
2024-09-01,2024,9,Q3,Madhya Pradesh,94.77,87.62,56.86,6.5,8.2,4.85,83.95,73,0,0,0,0,0,5,43.0,1,1
2024-09-01,2024,9,Q3,Maharashtra,94.77,87.62,56.86,6.5,8.2,4.85,83.95,73,0,0,0,0,0,5,43.0,1,1
2024-09-01,2024,9,Q3,Manipur,94.77,87.62,56.86,6.5,8.2,4.85,83.95,73,0,0,0,0,0,5,43.0,1,1
2024-09-01,2024,9,Q3,Meghalaya,94.77,87.62,56.86,6.5,8.2,4.85,83.95,73,0,0,0,0,0,5,43.0,1,1
2024-09-01,2024,9,Q3,Mizoram,94.77,87.62,56.86,6.5,8.2,4.85,83.95,73,0,0,0,0,0,5,43.0,1,1
2024-09-01,2024,9,Q3,Nagaland,94.77,87.62,56.86,6.5,8.2,4.85,83.95,73,0,0,0,0,0,5,43.0,1,1
2024-09-01,2024,9,Q3,Odisha,94.77,87.62,56.86,6.5,8.2,4.85,83.95,73,0,0,0,0,0,5,43.0,1,1
2024-09-01,2024,9,Q3,Puducherry,94.77,87.62,56.86,6.5,8.2,4.85,83.95,73,0,0,0,0,0,5,43.0,1,1
2024-09-01,2024,9,Q3,Punjab,94.77,87.62,56.86,6.5,8.2,4.85,83.95,73,0,0,0,0,0,5,43.0,1,1
2024-09-01,2024,9,Q3,Rajasthan,94.77,87.62,56.86,6.5,8.2,4.85,83.95,73,0,0,0,0,0,5,43.0,1,1
2024-09-01,2024,9,Q3,Sikkim,94.77,87.62,56.86,6.5,8.2,4.85,83.95,73,0,0,0,0,0,5,43.0,1,1
2024-09-01,2024,9,Q3,Tamil Nadu,94.77,87.62,56.86,6.5,8.2,4.85,83.95,73,0,0,0,0,0,5,43.0,1,1
2024-09-01,2024,9,Q3,Telangana,94.77,87.62,56.86,6.5,8.2,4.85,83.95,73,0,0,0,0,0,5,43.0,1,1
2024-09-01,2024,9,Q3,Tripura,94.77,87.62,56.86,6.5,8.2,4.85,83.95,73,0,0,0,0,0,5,43.0,1,1
2024-09-01,2024,9,Q3,Uttar Pradesh,94.77,87.62,56.86,6.5,8.2,4.85,83.95,73,0,0,0,0,0,5,43.0,1,1
2024-09-01,2024,9,Q3,Uttarakhand,94.77,87.62,56.86,6.5,8.2,4.85,83.95,73,0,0,0,0,0,5,43.0,1,1
2024-09-01,2024,9,Q3,West Bengal,94.77,87.62,56.86,6.5,8.2,4.85,83.95,73,0,0,0,0,0,5,43.0,1,1
2024-09-01,2024,9,Q3,All India,94.77,87.62,56.86,6.5,8.2,4.85,83.95,73,0,0,0,0,0,5,43.0,1,1
2024-10-01,2024,10,Q4,Andaman & Nicobar Island,94.77,87.62,56.86,6.5,8.2,4.85,83.95,73,1,1,0,0,0,5,43.0,1,1
2024-10-01,2024,10,Q4,Andhra Pradesh,94.77,87.62,56.86,6.5,8.2,4.85,83.95,73,1,1,0,0,0,5,43.0,1,1
2024-10-01,2024,10,Q4,Arunachal Pradesh,94.77,87.62,56.86,6.5,8.2,4.85,83.95,73,1,1,0,0,0,5,43.0,1,1
2024-10-01,2024,10,Q4,Assam,94.77,87.62,56.86,6.5,8.2,4.85,83.95,73,1,1,0,0,0,5,43.0,1,1
2024-10-01,2024,10,Q4,Bihar,94.77,87.62,56.86,6.5,8.2,4.85,83.95,73,1,1,0,0,0,5,43.0,1,1
2024-10-01,2024,10,Q4,Chandigarh,94.77,87.62,56.86,6.5,8.2,4.85,83.95,73,1,1,0,0,0,5,43.0,1,1
2024-10-01,2024,10,Q4,Chhattisgarh,94.77,87.62,56.86,6.5,8.2,4.85,83.95,73,1,1,0,0,0,5,43.0,1,1
2024-10-01,2024,10,Q4,Dadra and Nagar Haveli,94.77,87.62,56.86,6.5,8.2,4.85,83.95,73,1,1,0,0,0,5,43.0,1,1
2024-10-01,2024,10,Q4,Daman and Diu,94.77,87.62,56.86,6.5,8.2,4.85,83.95,73,1,1,0,0,0,5,43.0,1,1
2024-10-01,2024,10,Q4,Delhi,94.77,87.62,56.86,6.5,8.2,4.85,83.95,73,1,1,0,0,0,5,43.0,1,1
2024-10-01,2024,10,Q4,Goa,94.77,87.62,56.86,6.5,8.2,4.85,83.95,73,1,1,0,0,0,5,43.0,1,1
2024-10-01,2024,10,Q4,Gujarat,94.77,87.62,56.86,6.5,8.2,4.85,83.95,73,1,1,0,0,0,5,43.0,1,1
2024-10-01,2024,10,Q4,Haryana,94.77,87.62,56.86,6.5,8.2,4.85,83.95,73,1,1,0,0,0,5,43.0,1,1
2024-10-01,2024,10,Q4,Himachal Pradesh,94.77,87.62,56.86,6.5,8.2,4.85,83.95,73,1,1,0,0,0,5,43.0,1,1
2024-10-01,2024,10,Q4,Jammu and Kashmir,94.77,87.62,56.86,6.5,8.2,4.85,83.95,73,1,1,0,0,0,5,43.0,1,1
2024-10-01,2024,10,Q4,Jharkhand,94.77,87.62,56.86,6.5,8.2,4.85,83.95,73,1,1,0,0,0,5,43.0,1,1
2024-10-01,2024,10,Q4,Karnataka,94.77,87.62,56.86,6.5,8.2,4.85,83.95,73,1,1,0,0,0,5,43.0,1,1
2024-10-01,2024,10,Q4,Kerala,94.77,87.62,56.86,6.5,8.2,4.85,83.95,73,1,1,0,0,0,5,43.0,1,1
2024-10-01,2024,10,Q4,Ladakh,94.77,87.62,56.86,6.5,8.2,4.85,83.95,73,1,1,0,0,0,5,43.0,1,1
2024-10-01,2024,10,Q4,Lakshadweep,94.77,87.62,56.86,6.5,8.2,4.85,83.95,73,1,1,0,0,0,5,43.0,1,1
2024-10-01,2024,10,Q4,Madhya Pradesh,94.77,87.62,56.86,6.5,8.2,4.85,83.95,73,1,1,0,0,0,5,43.0,1,1
2024-10-01,2024,10,Q4,Maharashtra,94.77,87.62,56.86,6.5,8.2,4.85,83.95,73,1,1,0,0,0,5,43.0,1,1
2024-10-01,2024,10,Q4,Manipur,94.77,87.62,56.86,6.5,8.2,4.85,83.95,73,1,1,0,0,0,5,43.0,1,1
2024-10-01,2024,10,Q4,Meghalaya,94.77,87.62,56.86,6.5,8.2,4.85,83.95,73,1,1,0,0,0,5,43.0,1,1
2024-10-01,2024,10,Q4,Mizoram,94.77,87.62,56.86,6.5,8.2,4.85,83.95,73,1,1,0,0,0,5,43.0,1,1
2024-10-01,2024,10,Q4,Nagaland,94.77,87.62,56.86,6.5,8.2,4.85,83.95,73,1,1,0,0,0,5,43.0,1,1
2024-10-01,2024,10,Q4,Odisha,94.77,87.62,56.86,6.5,8.2,4.85,83.95,73,1,1,0,0,0,5,43.0,1,1
2024-10-01,2024,10,Q4,Puducherry,94.77,87.62,56.86,6.5,8.2,4.85,83.95,73,1,1,0,0,0,5,43.0,1,1
2024-10-01,2024,10,Q4,Punjab,94.77,87.62,56.86,6.5,8.2,4.85,83.95,73,1,1,0,0,0,5,43.0,1,1
2024-10-01,2024,10,Q4,Rajasthan,94.77,87.62,56.86,6.5,8.2,4.85,83.95,73,1,1,0,0,0,5,43.0,1,1
2024-10-01,2024,10,Q4,Sikkim,94.77,87.62,56.86,6.5,8.2,4.85,83.95,73,1,1,0,0,0,5,43.0,1,1
2024-10-01,2024,10,Q4,Tamil Nadu,94.77,87.62,56.86,6.5,8.2,4.85,83.95,73,1,1,0,0,0,5,43.0,1,1
2024-10-01,2024,10,Q4,Telangana,94.77,87.62,56.86,6.5,8.2,4.85,83.95,73,1,1,0,0,0,5,43.0,1,1
2024-10-01,2024,10,Q4,Tripura,94.77,87.62,56.86,6.5,8.2,4.85,83.95,73,1,1,0,0,0,5,43.0,1,1
2024-10-01,2024,10,Q4,Uttar Pradesh,94.77,87.62,56.86,6.5,8.2,4.85,83.95,73,1,1,0,0,0,5,43.0,1,1
2024-10-01,2024,10,Q4,Uttarakhand,94.77,87.62,56.86,6.5,8.2,4.85,83.95,73,1,1,0,0,0,5,43.0,1,1
2024-10-01,2024,10,Q4,West Bengal,94.77,87.62,56.86,6.5,8.2,4.85,83.95,73,1,1,0,0,0,5,43.0,1,1
2024-10-01,2024,10,Q4,All India,94.77,87.62,56.86,6.5,8.2,4.85,83.95,73,1,1,0,0,0,5,43.0,1,1
2024-11-01,2024,11,Q4,Andaman & Nicobar Island,94.77,87.62,56.86,6.5,8.2,4.85,83.95,73,1,0,0,0,0,3,43.0,1,1
2024-11-01,2024,11,Q4,Andhra Pradesh,94.77,87.62,56.86,6.5,8.2,4.85,83.95,73,1,0,0,0,0,3,43.0,1,1
2024-11-01,2024,11,Q4,Arunachal Pradesh,94.77,87.62,56.86,6.5,8.2,4.85,83.95,73,1,0,0,0,0,3,43.0,1,1
2024-11-01,2024,11,Q4,Assam,94.77,87.62,56.86,6.5,8.2,4.85,83.95,73,1,0,0,0,0,3,43.0,1,1
2024-11-01,2024,11,Q4,Bihar,94.77,87.62,56.86,6.5,8.2,4.85,83.95,73,1,0,0,0,0,3,43.0,1,1
2024-11-01,2024,11,Q4,Chandigarh,94.77,87.62,56.86,6.5,8.2,4.85,83.95,73,1,0,0,0,0,3,43.0,1,1
2024-11-01,2024,11,Q4,Chhattisgarh,94.77,87.62,56.86,6.5,8.2,4.85,83.95,73,1,0,0,0,0,3,43.0,1,1
2024-11-01,2024,11,Q4,Dadra and Nagar Haveli,94.77,87.62,56.86,6.5,8.2,4.85,83.95,73,1,0,0,0,0,3,43.0,1,1
2024-11-01,2024,11,Q4,Daman and Diu,94.77,87.62,56.86,6.5,8.2,4.85,83.95,73,1,0,0,0,0,3,43.0,1,1
2024-11-01,2024,11,Q4,Delhi,94.77,87.62,56.86,6.5,8.2,4.85,83.95,73,1,0,0,0,0,3,43.0,1,1
2024-11-01,2024,11,Q4,Goa,94.77,87.62,56.86,6.5,8.2,4.85,83.95,73,1,0,0,0,0,3,43.0,1,1
2024-11-01,2024,11,Q4,Gujarat,94.77,87.62,56.86,6.5,8.2,4.85,83.95,73,1,0,0,0,0,3,43.0,1,1
2024-11-01,2024,11,Q4,Haryana,94.77,87.62,56.86,6.5,8.2,4.85,83.95,73,1,0,0,0,0,3,43.0,1,1
2024-11-01,2024,11,Q4,Himachal Pradesh,94.77,87.62,56.86,6.5,8.2,4.85,83.95,73,1,0,0,0,0,3,43.0,1,1
2024-11-01,2024,11,Q4,Jammu and Kashmir,94.77,87.62,56.86,6.5,8.2,4.85,83.95,73,1,0,0,0,0,3,43.0,1,1
2024-11-01,2024,11,Q4,Jharkhand,94.77,87.62,56.86,6.5,8.2,4.85,83.95,73,1,0,0,0,0,3,43.0,1,1
2024-11-01,2024,11,Q4,Karnataka,94.77,87.62,56.86,6.5,8.2,4.85,83.95,73,1,0,0,0,0,3,43.0,1,1
2024-11-01,2024,11,Q4,Kerala,94.77,87.62,56.86,6.5,8.2,4.85,83.95,73,1,0,0,0,0,3,43.0,1,1
2024-11-01,2024,11,Q4,Ladakh,94.77,87.62,56.86,6.5,8.2,4.85,83.95,73,1,0,0,0,0,3,43.0,1,1
2024-11-01,2024,11,Q4,Lakshadweep,94.77,87.62,56.86,6.5,8.2,4.85,83.95,73,1,0,0,0,0,3,43.0,1,1
2024-11-01,2024,11,Q4,Madhya Pradesh,94.77,87.62,56.86,6.5,8.2,4.85,83.95,73,1,0,0,0,0,3,43.0,1,1
2024-11-01,2024,11,Q4,Maharashtra,94.77,87.62,56.86,6.5,8.2,4.85,83.95,73,1,0,0,0,0,3,43.0,1,1
2024-11-01,2024,11,Q4,Manipur,94.77,87.62,56.86,6.5,8.2,4.85,83.95,73,1,0,0,0,0,3,43.0,1,1
2024-11-01,2024,11,Q4,Meghalaya,94.77,87.62,56.86,6.5,8.2,4.85,83.95,73,1,0,0,0,0,3,43.0,1,1
2024-11-01,2024,11,Q4,Mizoram,94.77,87.62,56.86,6.5,8.2,4.85,83.95,73,1,0,0,0,0,3,43.0,1,1
2024-11-01,2024,11,Q4,Nagaland,94.77,87.62,56.86,6.5,8.2,4.85,83.95,73,1,0,0,0,0,3,43.0,1,1
2024-11-01,2024,11,Q4,Odisha,94.77,87.62,56.86,6.5,8.2,4.85,83.95,73,1,0,0,0,0,3,43.0,1,1
2024-11-01,2024,11,Q4,Puducherry,94.77,87.62,56.86,6.5,8.2,4.85,83.95,73,1,0,0,0,0,3,43.0,1,1
2024-11-01,2024,11,Q4,Punjab,94.77,87.62,56.86,6.5,8.2,4.85,83.95,73,1,0,0,0,0,3,43.0,1,1
2024-11-01,2024,11,Q4,Rajasthan,94.77,87.62,56.86,6.5,8.2,4.85,83.95,73,1,0,0,0,0,3,43.0,1,1
2024-11-01,2024,11,Q4,Sikkim,94.77,87.62,56.86,6.5,8.2,4.85,83.95,73,1,0,0,0,0,3,43.0,1,1
2024-11-01,2024,11,Q4,Tamil Nadu,94.77,87.62,56.86,6.5,8.2,4.85,83.95,73,1,0,0,0,0,3,43.0,1,1
2024-11-01,2024,11,Q4,Telangana,94.77,87.62,56.86,6.5,8.2,4.85,83.95,73,1,0,0,0,0,3,43.0,1,1
2024-11-01,2024,11,Q4,Tripura,94.77,87.62,56.86,6.5,8.2,4.85,83.95,73,1,0,0,0,0,3,43.0,1,1
2024-11-01,2024,11,Q4,Uttar Pradesh,94.77,87.62,56.86,6.5,8.2,4.85,83.95,73,1,0,0,0,0,3,43.0,1,1
2024-11-01,2024,11,Q4,Uttarakhand,94.77,87.62,56.86,6.5,8.2,4.85,83.95,73,1,0,0,0,0,3,43.0,1,1
2024-11-01,2024,11,Q4,West Bengal,94.77,87.62,56.86,6.5,8.2,4.85,83.95,73,1,0,0,0,0,3,43.0,1,1
2024-11-01,2024,11,Q4,All India,94.77,87.62,56.86,6.5,8.2,4.85,83.95,73,1,0,0,0,0,3,43.0,1,1
2024-12-01,2024,12,Q4,Andaman & Nicobar Island,94.77,87.62,56.86,6.5,8.2,4.85,83.95,73,0,0,0,0,0,3,43.0,1,1
2024-12-01,2024,12,Q4,Andhra Pradesh,94.77,87.62,56.86,6.5,8.2,4.85,83.95,73,0,0,0,0,0,3,43.0,1,1
2024-12-01,2024,12,Q4,Arunachal Pradesh,94.77,87.62,56.86,6.5,8.2,4.85,83.95,73,0,0,0,0,0,3,43.0,1,1
2024-12-01,2024,12,Q4,Assam,94.77,87.62,56.86,6.5,8.2,4.85,83.95,73,0,0,0,0,0,3,43.0,1,1
2024-12-01,2024,12,Q4,Bihar,94.77,87.62,56.86,6.5,8.2,4.85,83.95,73,0,0,0,0,0,3,43.0,1,1
2024-12-01,2024,12,Q4,Chandigarh,94.77,87.62,56.86,6.5,8.2,4.85,83.95,73,0,0,0,0,0,3,43.0,1,1
2024-12-01,2024,12,Q4,Chhattisgarh,94.77,87.62,56.86,6.5,8.2,4.85,83.95,73,0,0,0,0,0,3,43.0,1,1
2024-12-01,2024,12,Q4,Dadra and Nagar Haveli,94.77,87.62,56.86,6.5,8.2,4.85,83.95,73,0,0,0,0,0,3,43.0,1,1
2024-12-01,2024,12,Q4,Daman and Diu,94.77,87.62,56.86,6.5,8.2,4.85,83.95,73,0,0,0,0,0,3,43.0,1,1
2024-12-01,2024,12,Q4,Delhi,94.77,87.62,56.86,6.5,8.2,4.85,83.95,73,0,0,0,0,0,3,43.0,1,1
2024-12-01,2024,12,Q4,Goa,94.77,87.62,56.86,6.5,8.2,4.85,83.95,73,0,0,0,0,0,3,43.0,1,1
2024-12-01,2024,12,Q4,Gujarat,94.77,87.62,56.86,6.5,8.2,4.85,83.95,73,0,0,0,0,0,3,43.0,1,1
2024-12-01,2024,12,Q4,Haryana,94.77,87.62,56.86,6.5,8.2,4.85,83.95,73,0,0,0,0,0,3,43.0,1,1
2024-12-01,2024,12,Q4,Himachal Pradesh,94.77,87.62,56.86,6.5,8.2,4.85,83.95,73,0,0,0,0,0,3,43.0,1,1
2024-12-01,2024,12,Q4,Jammu and Kashmir,94.77,87.62,56.86,6.5,8.2,4.85,83.95,73,0,0,0,0,0,3,43.0,1,1
2024-12-01,2024,12,Q4,Jharkhand,94.77,87.62,56.86,6.5,8.2,4.85,83.95,73,0,0,0,0,0,3,43.0,1,1
2024-12-01,2024,12,Q4,Karnataka,94.77,87.62,56.86,6.5,8.2,4.85,83.95,73,0,0,0,0,0,3,43.0,1,1
2024-12-01,2024,12,Q4,Kerala,94.77,87.62,56.86,6.5,8.2,4.85,83.95,73,0,0,0,0,0,3,43.0,1,1
2024-12-01,2024,12,Q4,Ladakh,94.77,87.62,56.86,6.5,8.2,4.85,83.95,73,0,0,0,0,0,3,43.0,1,1
2024-12-01,2024,12,Q4,Lakshadweep,94.77,87.62,56.86,6.5,8.2,4.85,83.95,73,0,0,0,0,0,3,43.0,1,1
2024-12-01,2024,12,Q4,Madhya Pradesh,94.77,87.62,56.86,6.5,8.2,4.85,83.95,73,0,0,0,0,0,3,43.0,1,1
2024-12-01,2024,12,Q4,Maharashtra,94.77,87.62,56.86,6.5,8.2,4.85,83.95,73,0,0,0,0,0,3,43.0,1,1
2024-12-01,2024,12,Q4,Manipur,94.77,87.62,56.86,6.5,8.2,4.85,83.95,73,0,0,0,0,0,3,43.0,1,1
2024-12-01,2024,12,Q4,Meghalaya,94.77,87.62,56.86,6.5,8.2,4.85,83.95,73,0,0,0,0,0,3,43.0,1,1
2024-12-01,2024,12,Q4,Mizoram,94.77,87.62,56.86,6.5,8.2,4.85,83.95,73,0,0,0,0,0,3,43.0,1,1
2024-12-01,2024,12,Q4,Nagaland,94.77,87.62,56.86,6.5,8.2,4.85,83.95,73,0,0,0,0,0,3,43.0,1,1
2024-12-01,2024,12,Q4,Odisha,94.77,87.62,56.86,6.5,8.2,4.85,83.95,73,0,0,0,0,0,3,43.0,1,1
2024-12-01,2024,12,Q4,Puducherry,94.77,87.62,56.86,6.5,8.2,4.85,83.95,73,0,0,0,0,0,3,43.0,1,1
2024-12-01,2024,12,Q4,Punjab,94.77,87.62,56.86,6.5,8.2,4.85,83.95,73,0,0,0,0,0,3,43.0,1,1
2024-12-01,2024,12,Q4,Rajasthan,94.77,87.62,56.86,6.5,8.2,4.85,83.95,73,0,0,0,0,0,3,43.0,1,1
2024-12-01,2024,12,Q4,Sikkim,94.77,87.62,56.86,6.5,8.2,4.85,83.95,73,0,0,0,0,0,3,43.0,1,1
2024-12-01,2024,12,Q4,Tamil Nadu,94.77,87.62,56.86,6.5,8.2,4.85,83.95,73,0,0,0,0,0,3,43.0,1,1
2024-12-01,2024,12,Q4,Telangana,94.77,87.62,56.86,6.5,8.2,4.85,83.95,73,0,0,0,0,0,3,43.0,1,1
2024-12-01,2024,12,Q4,Tripura,94.77,87.62,56.86,6.5,8.2,4.85,83.95,73,0,0,0,0,0,3,43.0,1,1
2024-12-01,2024,12,Q4,Uttar Pradesh,94.77,87.62,56.86,6.5,8.2,4.85,83.95,73,0,0,0,0,0,3,43.0,1,1
2024-12-01,2024,12,Q4,Uttarakhand,94.77,87.62,56.86,6.5,8.2,4.85,83.95,73,0,0,0,0,0,3,43.0,1,1
2024-12-01,2024,12,Q4,West Bengal,94.77,87.62,56.86,6.5,8.2,4.85,83.95,73,0,0,0,0,0,3,43.0,1,1
2024-12-01,2024,12,Q4,All India,94.77,87.62,56.86,6.5,8.2,4.85,83.95,73,0,0,0,0,0,3,43.0,1,1
2025-01-01,2025,1,Q1,Andaman & Nicobar Island,94.77,87.62,56.86,6.25,6.8,4.5,85.5,74,0,0,0,0,0,6,43.0,1,1
2025-01-01,2025,1,Q1,Andhra Pradesh,94.77,87.62,56.86,6.25,6.8,4.5,85.5,74,0,0,0,0,0,6,43.0,1,1
2025-01-01,2025,1,Q1,Arunachal Pradesh,94.77,87.62,56.86,6.25,6.8,4.5,85.5,74,0,0,0,0,0,6,43.0,1,1
2025-01-01,2025,1,Q1,Assam,94.77,87.62,56.86,6.25,6.8,4.5,85.5,74,0,0,0,0,0,6,43.0,1,1
2025-01-01,2025,1,Q1,Bihar,94.77,87.62,56.86,6.25,6.8,4.5,85.5,74,0,0,0,0,0,6,43.0,1,1
2025-01-01,2025,1,Q1,Chandigarh,94.77,87.62,56.86,6.25,6.8,4.5,85.5,74,0,0,0,0,0,6,43.0,1,1
2025-01-01,2025,1,Q1,Chhattisgarh,94.77,87.62,56.86,6.25,6.8,4.5,85.5,74,0,0,0,0,0,6,43.0,1,1
2025-01-01,2025,1,Q1,Dadra and Nagar Haveli,94.77,87.62,56.86,6.25,6.8,4.5,85.5,74,0,0,0,0,0,6,43.0,1,1
2025-01-01,2025,1,Q1,Daman and Diu,94.77,87.62,56.86,6.25,6.8,4.5,85.5,74,0,0,0,0,0,6,43.0,1,1
2025-01-01,2025,1,Q1,Delhi,94.77,87.62,56.86,6.25,6.8,4.5,85.5,74,0,0,0,0,0,6,43.0,1,1
2025-01-01,2025,1,Q1,Goa,94.77,87.62,56.86,6.25,6.8,4.5,85.5,74,0,0,0,0,0,6,43.0,1,1
2025-01-01,2025,1,Q1,Gujarat,94.77,87.62,56.86,6.25,6.8,4.5,85.5,74,0,0,0,0,0,6,43.0,1,1
2025-01-01,2025,1,Q1,Haryana,94.77,87.62,56.86,6.25,6.8,4.5,85.5,74,0,0,0,0,0,6,43.0,1,1
2025-01-01,2025,1,Q1,Himachal Pradesh,94.77,87.62,56.86,6.25,6.8,4.5,85.5,74,0,0,0,0,0,6,43.0,1,1
2025-01-01,2025,1,Q1,Jammu and Kashmir,94.77,87.62,56.86,6.25,6.8,4.5,85.5,74,0,0,0,0,0,6,43.0,1,1
2025-01-01,2025,1,Q1,Jharkhand,94.77,87.62,56.86,6.25,6.8,4.5,85.5,74,0,0,0,0,0,6,43.0,1,1
2025-01-01,2025,1,Q1,Karnataka,94.77,87.62,56.86,6.25,6.8,4.5,85.5,74,0,0,0,0,0,6,43.0,1,1
2025-01-01,2025,1,Q1,Kerala,94.77,87.62,56.86,6.25,6.8,4.5,85.5,74,0,0,0,0,0,6,43.0,1,1
2025-01-01,2025,1,Q1,Ladakh,94.77,87.62,56.86,6.25,6.8,4.5,85.5,74,0,0,0,0,0,6,43.0,1,1
2025-01-01,2025,1,Q1,Lakshadweep,94.77,87.62,56.86,6.25,6.8,4.5,85.5,74,0,0,0,0,0,6,43.0,1,1
2025-01-01,2025,1,Q1,Madhya Pradesh,94.77,87.62,56.86,6.25,6.8,4.5,85.5,74,0,0,0,0,0,6,43.0,1,1
2025-01-01,2025,1,Q1,Maharashtra,94.77,87.62,56.86,6.25,6.8,4.5,85.5,74,0,0,0,0,0,6,43.0,1,1
2025-01-01,2025,1,Q1,Manipur,94.77,87.62,56.86,6.25,6.8,4.5,85.5,74,0,0,0,0,0,6,43.0,1,1
2025-01-01,2025,1,Q1,Meghalaya,94.77,87.62,56.86,6.25,6.8,4.5,85.5,74,0,0,0,0,0,6,43.0,1,1
2025-01-01,2025,1,Q1,Mizoram,94.77,87.62,56.86,6.25,6.8,4.5,85.5,74,0,0,0,0,0,6,43.0,1,1
2025-01-01,2025,1,Q1,Nagaland,94.77,87.62,56.86,6.25,6.8,4.5,85.5,74,0,0,0,0,0,6,43.0,1,1
2025-01-01,2025,1,Q1,Odisha,94.77,87.62,56.86,6.25,6.8,4.5,85.5,74,0,0,0,0,0,6,43.0,1,1
2025-01-01,2025,1,Q1,Puducherry,94.77,87.62,56.86,6.25,6.8,4.5,85.5,74,0,0,0,0,0,6,43.0,1,1
2025-01-01,2025,1,Q1,Punjab,94.77,87.62,56.86,6.25,6.8,4.5,85.5,74,0,0,0,0,0,6,43.0,1,1
2025-01-01,2025,1,Q1,Rajasthan,94.77,87.62,56.86,6.25,6.8,4.5,85.5,74,0,0,0,0,0,6,43.0,1,1
2025-01-01,2025,1,Q1,Sikkim,94.77,87.62,56.86,6.25,6.8,4.5,85.5,74,0,0,0,0,0,6,43.0,1,1
2025-01-01,2025,1,Q1,Tamil Nadu,94.77,87.62,56.86,6.25,6.8,4.5,85.5,74,0,0,0,0,0,6,43.0,1,1
2025-01-01,2025,1,Q1,Telangana,94.77,87.62,56.86,6.25,6.8,4.5,85.5,74,0,0,0,0,0,6,43.0,1,1
2025-01-01,2025,1,Q1,Tripura,94.77,87.62,56.86,6.25,6.8,4.5,85.5,74,0,0,0,0,0,6,43.0,1,1
2025-01-01,2025,1,Q1,Uttar Pradesh,94.77,87.62,56.86,6.25,6.8,4.5,85.5,74,0,0,0,0,0,6,43.0,1,1
2025-01-01,2025,1,Q1,Uttarakhand,94.77,87.62,56.86,6.25,6.8,4.5,85.5,74,0,0,0,0,0,6,43.0,1,1
2025-01-01,2025,1,Q1,West Bengal,94.77,87.62,56.86,6.25,6.8,4.5,85.5,74,0,0,0,0,0,6,43.0,1,1
2025-01-01,2025,1,Q1,All India,94.77,87.62,56.86,6.25,6.8,4.5,85.5,74,0,0,0,0,0,6,43.0,1,1
2025-02-01,2025,2,Q1,Andaman & Nicobar Island,94.77,87.62,56.86,6.25,6.8,4.5,85.5,74,0,0,0,0,1,6,43.0,1,1
2025-02-01,2025,2,Q1,Andhra Pradesh,94.77,87.62,56.86,6.25,6.8,4.5,85.5,74,0,0,0,0,1,6,43.0,1,1
2025-02-01,2025,2,Q1,Arunachal Pradesh,94.77,87.62,56.86,6.25,6.8,4.5,85.5,74,0,0,0,0,1,6,43.0,1,1
2025-02-01,2025,2,Q1,Assam,94.77,87.62,56.86,6.25,6.8,4.5,85.5,74,0,0,0,0,1,6,43.0,1,1
2025-02-01,2025,2,Q1,Bihar,94.77,87.62,56.86,6.25,6.8,4.5,85.5,74,0,0,0,0,1,6,43.0,1,1
2025-02-01,2025,2,Q1,Chandigarh,94.77,87.62,56.86,6.25,6.8,4.5,85.5,74,0,0,0,0,1,6,43.0,1,1
2025-02-01,2025,2,Q1,Chhattisgarh,94.77,87.62,56.86,6.25,6.8,4.5,85.5,74,0,0,0,0,1,6,43.0,1,1
2025-02-01,2025,2,Q1,Dadra and Nagar Haveli,94.77,87.62,56.86,6.25,6.8,4.5,85.5,74,0,0,0,0,1,6,43.0,1,1
2025-02-01,2025,2,Q1,Daman and Diu,94.77,87.62,56.86,6.25,6.8,4.5,85.5,74,0,0,0,0,1,6,43.0,1,1
2025-02-01,2025,2,Q1,Delhi,94.77,87.62,56.86,6.25,6.8,4.5,85.5,74,0,0,0,0,1,6,43.0,1,1
2025-02-01,2025,2,Q1,Goa,94.77,87.62,56.86,6.25,6.8,4.5,85.5,74,0,0,0,0,1,6,43.0,1,1
2025-02-01,2025,2,Q1,Gujarat,94.77,87.62,56.86,6.25,6.8,4.5,85.5,74,0,0,0,0,1,6,43.0,1,1
2025-02-01,2025,2,Q1,Haryana,94.77,87.62,56.86,6.25,6.8,4.5,85.5,74,0,0,0,0,1,6,43.0,1,1
2025-02-01,2025,2,Q1,Himachal Pradesh,94.77,87.62,56.86,6.25,6.8,4.5,85.5,74,0,0,0,0,1,6,43.0,1,1
2025-02-01,2025,2,Q1,Jammu and Kashmir,94.77,87.62,56.86,6.25,6.8,4.5,85.5,74,0,0,0,0,1,6,43.0,1,1
2025-02-01,2025,2,Q1,Jharkhand,94.77,87.62,56.86,6.25,6.8,4.5,85.5,74,0,0,0,0,1,6,43.0,1,1
2025-02-01,2025,2,Q1,Karnataka,94.77,87.62,56.86,6.25,6.8,4.5,85.5,74,0,0,0,0,1,6,43.0,1,1
2025-02-01,2025,2,Q1,Kerala,94.77,87.62,56.86,6.25,6.8,4.5,85.5,74,0,0,0,0,1,6,43.0,1,1
2025-02-01,2025,2,Q1,Ladakh,94.77,87.62,56.86,6.25,6.8,4.5,85.5,74,0,0,0,0,1,6,43.0,1,1
2025-02-01,2025,2,Q1,Lakshadweep,94.77,87.62,56.86,6.25,6.8,4.5,85.5,74,0,0,0,0,1,6,43.0,1,1
2025-02-01,2025,2,Q1,Madhya Pradesh,94.77,87.62,56.86,6.25,6.8,4.5,85.5,74,0,0,0,0,1,6,43.0,1,1
2025-02-01,2025,2,Q1,Maharashtra,94.77,87.62,56.86,6.25,6.8,4.5,85.5,74,0,0,0,0,1,6,43.0,1,1
2025-02-01,2025,2,Q1,Manipur,94.77,87.62,56.86,6.25,6.8,4.5,85.5,74,0,0,0,0,1,6,43.0,1,1
2025-02-01,2025,2,Q1,Meghalaya,94.77,87.62,56.86,6.25,6.8,4.5,85.5,74,0,0,0,0,1,6,43.0,1,1
2025-02-01,2025,2,Q1,Mizoram,94.77,87.62,56.86,6.25,6.8,4.5,85.5,74,0,0,0,0,1,6,43.0,1,1
2025-02-01,2025,2,Q1,Nagaland,94.77,87.62,56.86,6.25,6.8,4.5,85.5,74,0,0,0,0,1,6,43.0,1,1
2025-02-01,2025,2,Q1,Odisha,94.77,87.62,56.86,6.25,6.8,4.5,85.5,74,0,0,0,0,1,6,43.0,1,1
2025-02-01,2025,2,Q1,Puducherry,94.77,87.62,56.86,6.25,6.8,4.5,85.5,74,0,0,0,0,1,6,43.0,1,1
2025-02-01,2025,2,Q1,Punjab,94.77,87.62,56.86,6.25,6.8,4.5,85.5,74,0,0,0,0,1,6,43.0,1,1
2025-02-01,2025,2,Q1,Rajasthan,94.77,87.62,56.86,6.25,6.8,4.5,85.5,74,0,0,0,0,1,6,43.0,1,1
2025-02-01,2025,2,Q1,Sikkim,94.77,87.62,56.86,6.25,6.8,4.5,85.5,74,0,0,0,0,1,6,43.0,1,1
2025-02-01,2025,2,Q1,Tamil Nadu,94.77,87.62,56.86,6.25,6.8,4.5,85.5,74,0,0,0,0,1,6,43.0,1,1
2025-02-01,2025,2,Q1,Telangana,94.77,87.62,56.86,6.25,6.8,4.5,85.5,74,0,0,0,0,1,6,43.0,1,1
2025-02-01,2025,2,Q1,Tripura,94.77,87.62,56.86,6.25,6.8,4.5,85.5,74,0,0,0,0,1,6,43.0,1,1
2025-02-01,2025,2,Q1,Uttar Pradesh,94.77,87.62,56.86,6.25,6.8,4.5,85.5,74,0,0,0,0,1,6,43.0,1,1
2025-02-01,2025,2,Q1,Uttarakhand,94.77,87.62,56.86,6.25,6.8,4.5,85.5,74,0,0,0,0,1,6,43.0,1,1
2025-02-01,2025,2,Q1,West Bengal,94.77,87.62,56.86,6.25,6.8,4.5,85.5,74,0,0,0,0,1,6,43.0,1,1
2025-02-01,2025,2,Q1,All India,94.77,87.62,56.86,6.25,6.8,4.5,85.5,74,0,0,0,0,1,6,43.0,1,1
2025-03-01,2025,3,Q1,Andaman & Nicobar Island,94.77,87.62,56.86,6.25,6.8,4.5,85.5,74,0,0,0,1,0,3,43.0,1,1
2025-03-01,2025,3,Q1,Andhra Pradesh,94.77,87.62,56.86,6.25,6.8,4.5,85.5,74,0,0,0,1,0,3,43.0,1,1
2025-03-01,2025,3,Q1,Arunachal Pradesh,94.77,87.62,56.86,6.25,6.8,4.5,85.5,74,0,0,0,1,0,3,43.0,1,1
2025-03-01,2025,3,Q1,Assam,94.77,87.62,56.86,6.25,6.8,4.5,85.5,74,0,0,0,1,0,3,43.0,1,1
2025-03-01,2025,3,Q1,Bihar,94.77,87.62,56.86,6.25,6.8,4.5,85.5,74,0,0,0,1,0,3,43.0,1,1
2025-03-01,2025,3,Q1,Chandigarh,94.77,87.62,56.86,6.25,6.8,4.5,85.5,74,0,0,0,1,0,3,43.0,1,1
2025-03-01,2025,3,Q1,Chhattisgarh,94.77,87.62,56.86,6.25,6.8,4.5,85.5,74,0,0,0,1,0,3,43.0,1,1
2025-03-01,2025,3,Q1,Dadra and Nagar Haveli,94.77,87.62,56.86,6.25,6.8,4.5,85.5,74,0,0,0,1,0,3,43.0,1,1
2025-03-01,2025,3,Q1,Daman and Diu,94.77,87.62,56.86,6.25,6.8,4.5,85.5,74,0,0,0,1,0,3,43.0,1,1
2025-03-01,2025,3,Q1,Delhi,94.77,87.62,56.86,6.25,6.8,4.5,85.5,74,0,0,0,1,0,3,43.0,1,1
2025-03-01,2025,3,Q1,Goa,94.77,87.62,56.86,6.25,6.8,4.5,85.5,74,0,0,0,1,0,3,43.0,1,1
2025-03-01,2025,3,Q1,Gujarat,94.77,87.62,56.86,6.25,6.8,4.5,85.5,74,0,0,0,1,0,3,43.0,1,1
2025-03-01,2025,3,Q1,Haryana,94.77,87.62,56.86,6.25,6.8,4.5,85.5,74,0,0,0,1,0,3,43.0,1,1
2025-03-01,2025,3,Q1,Himachal Pradesh,94.77,87.62,56.86,6.25,6.8,4.5,85.5,74,0,0,0,1,0,3,43.0,1,1
2025-03-01,2025,3,Q1,Jammu and Kashmir,94.77,87.62,56.86,6.25,6.8,4.5,85.5,74,0,0,0,1,0,3,43.0,1,1
2025-03-01,2025,3,Q1,Jharkhand,94.77,87.62,56.86,6.25,6.8,4.5,85.5,74,0,0,0,1,0,3,43.0,1,1
2025-03-01,2025,3,Q1,Karnataka,94.77,87.62,56.86,6.25,6.8,4.5,85.5,74,0,0,0,1,0,3,43.0,1,1
2025-03-01,2025,3,Q1,Kerala,94.77,87.62,56.86,6.25,6.8,4.5,85.5,74,0,0,0,1,0,3,43.0,1,1
2025-03-01,2025,3,Q1,Ladakh,94.77,87.62,56.86,6.25,6.8,4.5,85.5,74,0,0,0,1,0,3,43.0,1,1
2025-03-01,2025,3,Q1,Lakshadweep,94.77,87.62,56.86,6.25,6.8,4.5,85.5,74,0,0,0,1,0,3,43.0,1,1
2025-03-01,2025,3,Q1,Madhya Pradesh,94.77,87.62,56.86,6.25,6.8,4.5,85.5,74,0,0,0,1,0,3,43.0,1,1
2025-03-01,2025,3,Q1,Maharashtra,94.77,87.62,56.86,6.25,6.8,4.5,85.5,74,0,0,0,1,0,3,43.0,1,1
2025-03-01,2025,3,Q1,Manipur,94.77,87.62,56.86,6.25,6.8,4.5,85.5,74,0,0,0,1,0,3,43.0,1,1
2025-03-01,2025,3,Q1,Meghalaya,94.77,87.62,56.86,6.25,6.8,4.5,85.5,74,0,0,0,1,0,3,43.0,1,1
2025-03-01,2025,3,Q1,Mizoram,94.77,87.62,56.86,6.25,6.8,4.5,85.5,74,0,0,0,1,0,3,43.0,1,1
2025-03-01,2025,3,Q1,Nagaland,94.77,87.62,56.86,6.25,6.8,4.5,85.5,74,0,0,0,1,0,3,43.0,1,1
2025-03-01,2025,3,Q1,Odisha,94.77,87.62,56.86,6.25,6.8,4.5,85.5,74,0,0,0,1,0,3,43.0,1,1
2025-03-01,2025,3,Q1,Puducherry,94.77,87.62,56.86,6.25,6.8,4.5,85.5,74,0,0,0,1,0,3,43.0,1,1
2025-03-01,2025,3,Q1,Punjab,94.77,87.62,56.86,6.25,6.8,4.5,85.5,74,0,0,0,1,0,3,43.0,1,1
2025-03-01,2025,3,Q1,Rajasthan,94.77,87.62,56.86,6.25,6.8,4.5,85.5,74,0,0,0,1,0,3,43.0,1,1
2025-03-01,2025,3,Q1,Sikkim,94.77,87.62,56.86,6.25,6.8,4.5,85.5,74,0,0,0,1,0,3,43.0,1,1
2025-03-01,2025,3,Q1,Tamil Nadu,94.77,87.62,56.86,6.25,6.8,4.5,85.5,74,0,0,0,1,0,3,43.0,1,1
2025-03-01,2025,3,Q1,Telangana,94.77,87.62,56.86,6.25,6.8,4.5,85.5,74,0,0,0,1,0,3,43.0,1,1
2025-03-01,2025,3,Q1,Tripura,94.77,87.62,56.86,6.25,6.8,4.5,85.5,74,0,0,0,1,0,3,43.0,1,1
2025-03-01,2025,3,Q1,Uttar Pradesh,94.77,87.62,56.86,6.25,6.8,4.5,85.5,74,0,0,0,1,0,3,43.0,1,1
2025-03-01,2025,3,Q1,Uttarakhand,94.77,87.62,56.86,6.25,6.8,4.5,85.5,74,0,0,0,1,0,3,43.0,1,1
2025-03-01,2025,3,Q1,West Bengal,94.77,87.62,56.86,6.25,6.8,4.5,85.5,74,0,0,0,1,0,3,43.0,1,1
2025-03-01,2025,3,Q1,All India,94.77,87.62,56.86,6.25,6.8,4.5,85.5,74,0,0,0,1,0,3,43.0,1,1
2025-04-01,2025,4,Q2,Andaman & Nicobar Island,94.77,87.62,56.86,6.25,6.8,4.5,85.5,74,0,0,1,0,0,3,43.0,1,1
2025-04-01,2025,4,Q2,Andhra Pradesh,94.77,87.62,56.86,6.25,6.8,4.5,85.5,74,0,0,1,0,0,3,43.0,1,1
2025-04-01,2025,4,Q2,Arunachal Pradesh,94.77,87.62,56.86,6.25,6.8,4.5,85.5,74,0,0,1,0,0,3,43.0,1,1
2025-04-01,2025,4,Q2,Assam,94.77,87.62,56.86,6.25,6.8,4.5,85.5,74,0,0,1,0,0,3,43.0,1,1
2025-04-01,2025,4,Q2,Bihar,94.77,87.62,56.86,6.25,6.8,4.5,85.5,74,0,0,1,0,0,3,43.0,1,1
2025-04-01,2025,4,Q2,Chandigarh,94.77,87.62,56.86,6.25,6.8,4.5,85.5,74,0,0,1,0,0,3,43.0,1,1
2025-04-01,2025,4,Q2,Chhattisgarh,94.77,87.62,56.86,6.25,6.8,4.5,85.5,74,0,0,1,0,0,3,43.0,1,1
2025-04-01,2025,4,Q2,Dadra and Nagar Haveli,94.77,87.62,56.86,6.25,6.8,4.5,85.5,74,0,0,1,0,0,3,43.0,1,1
2025-04-01,2025,4,Q2,Daman and Diu,94.77,87.62,56.86,6.25,6.8,4.5,85.5,74,0,0,1,0,0,3,43.0,1,1
2025-04-01,2025,4,Q2,Delhi,94.77,87.62,56.86,6.25,6.8,4.5,85.5,74,0,0,1,0,0,3,43.0,1,1
2025-04-01,2025,4,Q2,Goa,94.77,87.62,56.86,6.25,6.8,4.5,85.5,74,0,0,1,0,0,3,43.0,1,1
2025-04-01,2025,4,Q2,Gujarat,94.77,87.62,56.86,6.25,6.8,4.5,85.5,74,0,0,1,0,0,3,43.0,1,1
2025-04-01,2025,4,Q2,Haryana,94.77,87.62,56.86,6.25,6.8,4.5,85.5,74,0,0,1,0,0,3,43.0,1,1
2025-04-01,2025,4,Q2,Himachal Pradesh,94.77,87.62,56.86,6.25,6.8,4.5,85.5,74,0,0,1,0,0,3,43.0,1,1
2025-04-01,2025,4,Q2,Jammu and Kashmir,94.77,87.62,56.86,6.25,6.8,4.5,85.5,74,0,0,1,0,0,3,43.0,1,1
2025-04-01,2025,4,Q2,Jharkhand,94.77,87.62,56.86,6.25,6.8,4.5,85.5,74,0,0,1,0,0,3,43.0,1,1
2025-04-01,2025,4,Q2,Karnataka,94.77,87.62,56.86,6.25,6.8,4.5,85.5,74,0,0,1,0,0,3,43.0,1,1
2025-04-01,2025,4,Q2,Kerala,94.77,87.62,56.86,6.25,6.8,4.5,85.5,74,0,0,1,0,0,3,43.0,1,1
2025-04-01,2025,4,Q2,Ladakh,94.77,87.62,56.86,6.25,6.8,4.5,85.5,74,0,0,1,0,0,3,43.0,1,1
2025-04-01,2025,4,Q2,Lakshadweep,94.77,87.62,56.86,6.25,6.8,4.5,85.5,74,0,0,1,0,0,3,43.0,1,1
2025-04-01,2025,4,Q2,Madhya Pradesh,94.77,87.62,56.86,6.25,6.8,4.5,85.5,74,0,0,1,0,0,3,43.0,1,1
2025-04-01,2025,4,Q2,Maharashtra,94.77,87.62,56.86,6.25,6.8,4.5,85.5,74,0,0,1,0,0,3,43.0,1,1
2025-04-01,2025,4,Q2,Manipur,94.77,87.62,56.86,6.25,6.8,4.5,85.5,74,0,0,1,0,0,3,43.0,1,1
2025-04-01,2025,4,Q2,Meghalaya,94.77,87.62,56.86,6.25,6.8,4.5,85.5,74,0,0,1,0,0,3,43.0,1,1
2025-04-01,2025,4,Q2,Mizoram,94.77,87.62,56.86,6.25,6.8,4.5,85.5,74,0,0,1,0,0,3,43.0,1,1
2025-04-01,2025,4,Q2,Nagaland,94.77,87.62,56.86,6.25,6.8,4.5,85.5,74,0,0,1,0,0,3,43.0,1,1
2025-04-01,2025,4,Q2,Odisha,94.77,87.62,56.86,6.25,6.8,4.5,85.5,74,0,0,1,0,0,3,43.0,1,1
2025-04-01,2025,4,Q2,Puducherry,94.77,87.62,56.86,6.25,6.8,4.5,85.5,74,0,0,1,0,0,3,43.0,1,1
2025-04-01,2025,4,Q2,Punjab,94.77,87.62,56.86,6.25,6.8,4.5,85.5,74,0,0,1,0,0,3,43.0,1,1
2025-04-01,2025,4,Q2,Rajasthan,94.77,87.62,56.86,6.25,6.8,4.5,85.5,74,0,0,1,0,0,3,43.0,1,1
2025-04-01,2025,4,Q2,Sikkim,94.77,87.62,56.86,6.25,6.8,4.5,85.5,74,0,0,1,0,0,3,43.0,1,1
2025-04-01,2025,4,Q2,Tamil Nadu,94.77,87.62,56.86,6.25,6.8,4.5,85.5,74,0,0,1,0,0,3,43.0,1,1
2025-04-01,2025,4,Q2,Telangana,94.77,87.62,56.86,6.25,6.8,4.5,85.5,74,0,0,1,0,0,3,43.0,1,1
2025-04-01,2025,4,Q2,Tripura,94.77,87.62,56.86,6.25,6.8,4.5,85.5,74,0,0,1,0,0,3,43.0,1,1
2025-04-01,2025,4,Q2,Uttar Pradesh,94.77,87.62,56.86,6.25,6.8,4.5,85.5,74,0,0,1,0,0,3,43.0,1,1
2025-04-01,2025,4,Q2,Uttarakhand,94.77,87.62,56.86,6.25,6.8,4.5,85.5,74,0,0,1,0,0,3,43.0,1,1
2025-04-01,2025,4,Q2,West Bengal,94.77,87.62,56.86,6.25,6.8,4.5,85.5,74,0,0,1,0,0,3,43.0,1,1
2025-04-01,2025,4,Q2,All India,94.77,87.62,56.86,6.25,6.8,4.5,85.5,74,0,0,1,0,0,3,43.0,1,1
2025-05-01,2025,5,Q2,Andaman & Nicobar Island,94.77,87.62,56.86,6.25,6.8,4.5,85.5,74,0,0,1,0,0,3,43.0,1,1
2025-05-01,2025,5,Q2,Andhra Pradesh,94.77,87.62,56.86,6.25,6.8,4.5,85.5,74,0,0,1,0,0,3,43.0,1,1
2025-05-01,2025,5,Q2,Arunachal Pradesh,94.77,87.62,56.86,6.25,6.8,4.5,85.5,74,0,0,1,0,0,3,43.0,1,1
2025-05-01,2025,5,Q2,Assam,94.77,87.62,56.86,6.25,6.8,4.5,85.5,74,0,0,1,0,0,3,43.0,1,1
2025-05-01,2025,5,Q2,Bihar,94.77,87.62,56.86,6.25,6.8,4.5,85.5,74,0,0,1,0,0,3,43.0,1,1
2025-05-01,2025,5,Q2,Chandigarh,94.77,87.62,56.86,6.25,6.8,4.5,85.5,74,0,0,1,0,0,3,43.0,1,1
2025-05-01,2025,5,Q2,Chhattisgarh,94.77,87.62,56.86,6.25,6.8,4.5,85.5,74,0,0,1,0,0,3,43.0,1,1
2025-05-01,2025,5,Q2,Dadra and Nagar Haveli,94.77,87.62,56.86,6.25,6.8,4.5,85.5,74,0,0,1,0,0,3,43.0,1,1
2025-05-01,2025,5,Q2,Daman and Diu,94.77,87.62,56.86,6.25,6.8,4.5,85.5,74,0,0,1,0,0,3,43.0,1,1
2025-05-01,2025,5,Q2,Delhi,94.77,87.62,56.86,6.25,6.8,4.5,85.5,74,0,0,1,0,0,3,43.0,1,1
2025-05-01,2025,5,Q2,Goa,94.77,87.62,56.86,6.25,6.8,4.5,85.5,74,0,0,1,0,0,3,43.0,1,1
2025-05-01,2025,5,Q2,Gujarat,94.77,87.62,56.86,6.25,6.8,4.5,85.5,74,0,0,1,0,0,3,43.0,1,1
2025-05-01,2025,5,Q2,Haryana,94.77,87.62,56.86,6.25,6.8,4.5,85.5,74,0,0,1,0,0,3,43.0,1,1
2025-05-01,2025,5,Q2,Himachal Pradesh,94.77,87.62,56.86,6.25,6.8,4.5,85.5,74,0,0,1,0,0,3,43.0,1,1
2025-05-01,2025,5,Q2,Jammu and Kashmir,94.77,87.62,56.86,6.25,6.8,4.5,85.5,74,0,0,1,0,0,3,43.0,1,1
2025-05-01,2025,5,Q2,Jharkhand,94.77,87.62,56.86,6.25,6.8,4.5,85.5,74,0,0,1,0,0,3,43.0,1,1
2025-05-01,2025,5,Q2,Karnataka,94.77,87.62,56.86,6.25,6.8,4.5,85.5,74,0,0,1,0,0,3,43.0,1,1
2025-05-01,2025,5,Q2,Kerala,94.77,87.62,56.86,6.25,6.8,4.5,85.5,74,0,0,1,0,0,3,43.0,1,1
2025-05-01,2025,5,Q2,Ladakh,94.77,87.62,56.86,6.25,6.8,4.5,85.5,74,0,0,1,0,0,3,43.0,1,1
2025-05-01,2025,5,Q2,Lakshadweep,94.77,87.62,56.86,6.25,6.8,4.5,85.5,74,0,0,1,0,0,3,43.0,1,1
2025-05-01,2025,5,Q2,Madhya Pradesh,94.77,87.62,56.86,6.25,6.8,4.5,85.5,74,0,0,1,0,0,3,43.0,1,1
2025-05-01,2025,5,Q2,Maharashtra,94.77,87.62,56.86,6.25,6.8,4.5,85.5,74,0,0,1,0,0,3,43.0,1,1
2025-05-01,2025,5,Q2,Manipur,94.77,87.62,56.86,6.25,6.8,4.5,85.5,74,0,0,1,0,0,3,43.0,1,1
2025-05-01,2025,5,Q2,Meghalaya,94.77,87.62,56.86,6.25,6.8,4.5,85.5,74,0,0,1,0,0,3,43.0,1,1
2025-05-01,2025,5,Q2,Mizoram,94.77,87.62,56.86,6.25,6.8,4.5,85.5,74,0,0,1,0,0,3,43.0,1,1
2025-05-01,2025,5,Q2,Nagaland,94.77,87.62,56.86,6.25,6.8,4.5,85.5,74,0,0,1,0,0,3,43.0,1,1
2025-05-01,2025,5,Q2,Odisha,94.77,87.62,56.86,6.25,6.8,4.5,85.5,74,0,0,1,0,0,3,43.0,1,1
2025-05-01,2025,5,Q2,Puducherry,94.77,87.62,56.86,6.25,6.8,4.5,85.5,74,0,0,1,0,0,3,43.0,1,1
2025-05-01,2025,5,Q2,Punjab,94.77,87.62,56.86,6.25,6.8,4.5,85.5,74,0,0,1,0,0,3,43.0,1,1
2025-05-01,2025,5,Q2,Rajasthan,94.77,87.62,56.86,6.25,6.8,4.5,85.5,74,0,0,1,0,0,3,43.0,1,1
2025-05-01,2025,5,Q2,Sikkim,94.77,87.62,56.86,6.25,6.8,4.5,85.5,74,0,0,1,0,0,3,43.0,1,1
2025-05-01,2025,5,Q2,Tamil Nadu,94.77,87.62,56.86,6.25,6.8,4.5,85.5,74,0,0,1,0,0,3,43.0,1,1
2025-05-01,2025,5,Q2,Telangana,94.77,87.62,56.86,6.25,6.8,4.5,85.5,74,0,0,1,0,0,3,43.0,1,1
2025-05-01,2025,5,Q2,Tripura,94.77,87.62,56.86,6.25,6.8,4.5,85.5,74,0,0,1,0,0,3,43.0,1,1
2025-05-01,2025,5,Q2,Uttar Pradesh,94.77,87.62,56.86,6.25,6.8,4.5,85.5,74,0,0,1,0,0,3,43.0,1,1
2025-05-01,2025,5,Q2,Uttarakhand,94.77,87.62,56.86,6.25,6.8,4.5,85.5,74,0,0,1,0,0,3,43.0,1,1
2025-05-01,2025,5,Q2,West Bengal,94.77,87.62,56.86,6.25,6.8,4.5,85.5,74,0,0,1,0,0,3,43.0,1,1
2025-05-01,2025,5,Q2,All India,94.77,87.62,56.86,6.25,6.8,4.5,85.5,74,0,0,1,0,0,3,43.0,1,1
2025-06-01,2025,6,Q2,Andaman & Nicobar Island,94.77,87.62,56.86,6.25,6.8,4.5,85.5,74,0,0,0,0,0,3,43.0,1,1
2025-06-01,2025,6,Q2,Andhra Pradesh,94.77,87.62,56.86,6.25,6.8,4.5,85.5,74,0,0,0,0,0,3,43.0,1,1
2025-06-01,2025,6,Q2,Arunachal Pradesh,94.77,87.62,56.86,6.25,6.8,4.5,85.5,74,0,0,0,0,0,3,43.0,1,1
2025-06-01,2025,6,Q2,Assam,94.77,87.62,56.86,6.25,6.8,4.5,85.5,74,0,0,0,0,0,3,43.0,1,1
2025-06-01,2025,6,Q2,Bihar,94.77,87.62,56.86,6.25,6.8,4.5,85.5,74,0,0,0,0,0,3,43.0,1,1
2025-06-01,2025,6,Q2,Chandigarh,94.77,87.62,56.86,6.25,6.8,4.5,85.5,74,0,0,0,0,0,3,43.0,1,1
2025-06-01,2025,6,Q2,Chhattisgarh,94.77,87.62,56.86,6.25,6.8,4.5,85.5,74,0,0,0,0,0,3,43.0,1,1
2025-06-01,2025,6,Q2,Dadra and Nagar Haveli,94.77,87.62,56.86,6.25,6.8,4.5,85.5,74,0,0,0,0,0,3,43.0,1,1
2025-06-01,2025,6,Q2,Daman and Diu,94.77,87.62,56.86,6.25,6.8,4.5,85.5,74,0,0,0,0,0,3,43.0,1,1
2025-06-01,2025,6,Q2,Delhi,94.77,87.62,56.86,6.25,6.8,4.5,85.5,74,0,0,0,0,0,3,43.0,1,1
2025-06-01,2025,6,Q2,Goa,94.77,87.62,56.86,6.25,6.8,4.5,85.5,74,0,0,0,0,0,3,43.0,1,1
2025-06-01,2025,6,Q2,Gujarat,94.77,87.62,56.86,6.25,6.8,4.5,85.5,74,0,0,0,0,0,3,43.0,1,1
2025-06-01,2025,6,Q2,Haryana,94.77,87.62,56.86,6.25,6.8,4.5,85.5,74,0,0,0,0,0,3,43.0,1,1
2025-06-01,2025,6,Q2,Himachal Pradesh,94.77,87.62,56.86,6.25,6.8,4.5,85.5,74,0,0,0,0,0,3,43.0,1,1
2025-06-01,2025,6,Q2,Jammu and Kashmir,94.77,87.62,56.86,6.25,6.8,4.5,85.5,74,0,0,0,0,0,3,43.0,1,1
2025-06-01,2025,6,Q2,Jharkhand,94.77,87.62,56.86,6.25,6.8,4.5,85.5,74,0,0,0,0,0,3,43.0,1,1
2025-06-01,2025,6,Q2,Karnataka,94.77,87.62,56.86,6.25,6.8,4.5,85.5,74,0,0,0,0,0,3,43.0,1,1
2025-06-01,2025,6,Q2,Kerala,94.77,87.62,56.86,6.25,6.8,4.5,85.5,74,0,0,0,0,0,3,43.0,1,1
2025-06-01,2025,6,Q2,Ladakh,94.77,87.62,56.86,6.25,6.8,4.5,85.5,74,0,0,0,0,0,3,43.0,1,1
2025-06-01,2025,6,Q2,Lakshadweep,94.77,87.62,56.86,6.25,6.8,4.5,85.5,74,0,0,0,0,0,3,43.0,1,1
2025-06-01,2025,6,Q2,Madhya Pradesh,94.77,87.62,56.86,6.25,6.8,4.5,85.5,74,0,0,0,0,0,3,43.0,1,1
2025-06-01,2025,6,Q2,Maharashtra,94.77,87.62,56.86,6.25,6.8,4.5,85.5,74,0,0,0,0,0,3,43.0,1,1
2025-06-01,2025,6,Q2,Manipur,94.77,87.62,56.86,6.25,6.8,4.5,85.5,74,0,0,0,0,0,3,43.0,1,1
2025-06-01,2025,6,Q2,Meghalaya,94.77,87.62,56.86,6.25,6.8,4.5,85.5,74,0,0,0,0,0,3,43.0,1,1
2025-06-01,2025,6,Q2,Mizoram,94.77,87.62,56.86,6.25,6.8,4.5,85.5,74,0,0,0,0,0,3,43.0,1,1
2025-06-01,2025,6,Q2,Nagaland,94.77,87.62,56.86,6.25,6.8,4.5,85.5,74,0,0,0,0,0,3,43.0,1,1
2025-06-01,2025,6,Q2,Odisha,94.77,87.62,56.86,6.25,6.8,4.5,85.5,74,0,0,0,0,0,3,43.0,1,1
2025-06-01,2025,6,Q2,Puducherry,94.77,87.62,56.86,6.25,6.8,4.5,85.5,74,0,0,0,0,0,3,43.0,1,1
2025-06-01,2025,6,Q2,Punjab,94.77,87.62,56.86,6.25,6.8,4.5,85.5,74,0,0,0,0,0,3,43.0,1,1
2025-06-01,2025,6,Q2,Rajasthan,94.77,87.62,56.86,6.25,6.8,4.5,85.5,74,0,0,0,0,0,3,43.0,1,1
2025-06-01,2025,6,Q2,Sikkim,94.77,87.62,56.86,6.25,6.8,4.5,85.5,74,0,0,0,0,0,3,43.0,1,1
2025-06-01,2025,6,Q2,Tamil Nadu,94.77,87.62,56.86,6.25,6.8,4.5,85.5,74,0,0,0,0,0,3,43.0,1,1
2025-06-01,2025,6,Q2,Telangana,94.77,87.62,56.86,6.25,6.8,4.5,85.5,74,0,0,0,0,0,3,43.0,1,1
2025-06-01,2025,6,Q2,Tripura,94.77,87.62,56.86,6.25,6.8,4.5,85.5,74,0,0,0,0,0,3,43.0,1,1
2025-06-01,2025,6,Q2,Uttar Pradesh,94.77,87.62,56.86,6.25,6.8,4.5,85.5,74,0,0,0,0,0,3,43.0,1,1
2025-06-01,2025,6,Q2,Uttarakhand,94.77,87.62,56.86,6.25,6.8,4.5,85.5,74,0,0,0,0,0,3,43.0,1,1
2025-06-01,2025,6,Q2,West Bengal,94.77,87.62,56.86,6.25,6.8,4.5,85.5,74,0,0,0,0,0,3,43.0,1,1
2025-06-01,2025,6,Q2,All India,94.77,87.62,56.86,6.25,6.8,4.5,85.5,74,0,0,0,0,0,3,43.0,1,1
2025-07-01,2025,7,Q3,Andaman & Nicobar Island,94.77,87.62,56.86,6.25,6.8,4.5,85.5,74,0,0,0,0,0,3,43.0,1,1
2025-07-01,2025,7,Q3,Andhra Pradesh,94.77,87.62,56.86,6.25,6.8,4.5,85.5,74,0,0,0,0,0,3,43.0,1,1
2025-07-01,2025,7,Q3,Arunachal Pradesh,94.77,87.62,56.86,6.25,6.8,4.5,85.5,74,0,0,0,0,0,3,43.0,1,1
2025-07-01,2025,7,Q3,Assam,94.77,87.62,56.86,6.25,6.8,4.5,85.5,74,0,0,0,0,0,3,43.0,1,1
2025-07-01,2025,7,Q3,Bihar,94.77,87.62,56.86,6.25,6.8,4.5,85.5,74,0,0,0,0,0,3,43.0,1,1
2025-07-01,2025,7,Q3,Chandigarh,94.77,87.62,56.86,6.25,6.8,4.5,85.5,74,0,0,0,0,0,3,43.0,1,1
2025-07-01,2025,7,Q3,Chhattisgarh,94.77,87.62,56.86,6.25,6.8,4.5,85.5,74,0,0,0,0,0,3,43.0,1,1
2025-07-01,2025,7,Q3,Dadra and Nagar Haveli,94.77,87.62,56.86,6.25,6.8,4.5,85.5,74,0,0,0,0,0,3,43.0,1,1
2025-07-01,2025,7,Q3,Daman and Diu,94.77,87.62,56.86,6.25,6.8,4.5,85.5,74,0,0,0,0,0,3,43.0,1,1
2025-07-01,2025,7,Q3,Delhi,94.77,87.62,56.86,6.25,6.8,4.5,85.5,74,0,0,0,0,0,3,43.0,1,1
2025-07-01,2025,7,Q3,Goa,94.77,87.62,56.86,6.25,6.8,4.5,85.5,74,0,0,0,0,0,3,43.0,1,1
2025-07-01,2025,7,Q3,Gujarat,94.77,87.62,56.86,6.25,6.8,4.5,85.5,74,0,0,0,0,0,3,43.0,1,1
2025-07-01,2025,7,Q3,Haryana,94.77,87.62,56.86,6.25,6.8,4.5,85.5,74,0,0,0,0,0,3,43.0,1,1
2025-07-01,2025,7,Q3,Himachal Pradesh,94.77,87.62,56.86,6.25,6.8,4.5,85.5,74,0,0,0,0,0,3,43.0,1,1
2025-07-01,2025,7,Q3,Jammu and Kashmir,94.77,87.62,56.86,6.25,6.8,4.5,85.5,74,0,0,0,0,0,3,43.0,1,1
2025-07-01,2025,7,Q3,Jharkhand,94.77,87.62,56.86,6.25,6.8,4.5,85.5,74,0,0,0,0,0,3,43.0,1,1
2025-07-01,2025,7,Q3,Karnataka,94.77,87.62,56.86,6.25,6.8,4.5,85.5,74,0,0,0,0,0,3,43.0,1,1
2025-07-01,2025,7,Q3,Kerala,94.77,87.62,56.86,6.25,6.8,4.5,85.5,74,0,0,0,0,0,3,43.0,1,1
2025-07-01,2025,7,Q3,Ladakh,94.77,87.62,56.86,6.25,6.8,4.5,85.5,74,0,0,0,0,0,3,43.0,1,1
2025-07-01,2025,7,Q3,Lakshadweep,94.77,87.62,56.86,6.25,6.8,4.5,85.5,74,0,0,0,0,0,3,43.0,1,1
2025-07-01,2025,7,Q3,Madhya Pradesh,94.77,87.62,56.86,6.25,6.8,4.5,85.5,74,0,0,0,0,0,3,43.0,1,1
2025-07-01,2025,7,Q3,Maharashtra,94.77,87.62,56.86,6.25,6.8,4.5,85.5,74,0,0,0,0,0,3,43.0,1,1
2025-07-01,2025,7,Q3,Manipur,94.77,87.62,56.86,6.25,6.8,4.5,85.5,74,0,0,0,0,0,3,43.0,1,1
2025-07-01,2025,7,Q3,Meghalaya,94.77,87.62,56.86,6.25,6.8,4.5,85.5,74,0,0,0,0,0,3,43.0,1,1
2025-07-01,2025,7,Q3,Mizoram,94.77,87.62,56.86,6.25,6.8,4.5,85.5,74,0,0,0,0,0,3,43.0,1,1
2025-07-01,2025,7,Q3,Nagaland,94.77,87.62,56.86,6.25,6.8,4.5,85.5,74,0,0,0,0,0,3,43.0,1,1
2025-07-01,2025,7,Q3,Odisha,94.77,87.62,56.86,6.25,6.8,4.5,85.5,74,0,0,0,0,0,3,43.0,1,1
2025-07-01,2025,7,Q3,Puducherry,94.77,87.62,56.86,6.25,6.8,4.5,85.5,74,0,0,0,0,0,3,43.0,1,1
2025-07-01,2025,7,Q3,Punjab,94.77,87.62,56.86,6.25,6.8,4.5,85.5,74,0,0,0,0,0,3,43.0,1,1
2025-07-01,2025,7,Q3,Rajasthan,94.77,87.62,56.86,6.25,6.8,4.5,85.5,74,0,0,0,0,0,3,43.0,1,1
2025-07-01,2025,7,Q3,Sikkim,94.77,87.62,56.86,6.25,6.8,4.5,85.5,74,0,0,0,0,0,3,43.0,1,1
2025-07-01,2025,7,Q3,Tamil Nadu,94.77,87.62,56.86,6.25,6.8,4.5,85.5,74,0,0,0,0,0,3,43.0,1,1
2025-07-01,2025,7,Q3,Telangana,94.77,87.62,56.86,6.25,6.8,4.5,85.5,74,0,0,0,0,0,3,43.0,1,1
2025-07-01,2025,7,Q3,Tripura,94.77,87.62,56.86,6.25,6.8,4.5,85.5,74,0,0,0,0,0,3,43.0,1,1
2025-07-01,2025,7,Q3,Uttar Pradesh,94.77,87.62,56.86,6.25,6.8,4.5,85.5,74,0,0,0,0,0,3,43.0,1,1
2025-07-01,2025,7,Q3,Uttarakhand,94.77,87.62,56.86,6.25,6.8,4.5,85.5,74,0,0,0,0,0,3,43.0,1,1
2025-07-01,2025,7,Q3,West Bengal,94.77,87.62,56.86,6.25,6.8,4.5,85.5,74,0,0,0,0,0,3,43.0,1,1
2025-07-01,2025,7,Q3,All India,94.77,87.62,56.86,6.25,6.8,4.5,85.5,74,0,0,0,0,0,3,43.0,1,1
2025-08-01,2025,8,Q3,Andaman & Nicobar Island,94.77,87.62,56.86,6.25,6.8,4.5,85.5,74,0,0,0,0,0,3,43.0,1,1
2025-08-01,2025,8,Q3,Andhra Pradesh,94.77,87.62,56.86,6.25,6.8,4.5,85.5,74,0,0,0,0,0,3,43.0,1,1
2025-08-01,2025,8,Q3,Arunachal Pradesh,94.77,87.62,56.86,6.25,6.8,4.5,85.5,74,0,0,0,0,0,3,43.0,1,1
2025-08-01,2025,8,Q3,Assam,94.77,87.62,56.86,6.25,6.8,4.5,85.5,74,0,0,0,0,0,3,43.0,1,1
2025-08-01,2025,8,Q3,Bihar,94.77,87.62,56.86,6.25,6.8,4.5,85.5,74,0,0,0,0,0,3,43.0,1,1
2025-08-01,2025,8,Q3,Chandigarh,94.77,87.62,56.86,6.25,6.8,4.5,85.5,74,0,0,0,0,0,3,43.0,1,1
2025-08-01,2025,8,Q3,Chhattisgarh,94.77,87.62,56.86,6.25,6.8,4.5,85.5,74,0,0,0,0,0,3,43.0,1,1
2025-08-01,2025,8,Q3,Dadra and Nagar Haveli,94.77,87.62,56.86,6.25,6.8,4.5,85.5,74,0,0,0,0,0,3,43.0,1,1
2025-08-01,2025,8,Q3,Daman and Diu,94.77,87.62,56.86,6.25,6.8,4.5,85.5,74,0,0,0,0,0,3,43.0,1,1
2025-08-01,2025,8,Q3,Delhi,94.77,87.62,56.86,6.25,6.8,4.5,85.5,74,0,0,0,0,0,3,43.0,1,1
2025-08-01,2025,8,Q3,Goa,94.77,87.62,56.86,6.25,6.8,4.5,85.5,74,0,0,0,0,0,3,43.0,1,1
2025-08-01,2025,8,Q3,Gujarat,94.77,87.62,56.86,6.25,6.8,4.5,85.5,74,0,0,0,0,0,3,43.0,1,1
2025-08-01,2025,8,Q3,Haryana,94.77,87.62,56.86,6.25,6.8,4.5,85.5,74,0,0,0,0,0,3,43.0,1,1
2025-08-01,2025,8,Q3,Himachal Pradesh,94.77,87.62,56.86,6.25,6.8,4.5,85.5,74,0,0,0,0,0,3,43.0,1,1
2025-08-01,2025,8,Q3,Jammu and Kashmir,94.77,87.62,56.86,6.25,6.8,4.5,85.5,74,0,0,0,0,0,3,43.0,1,1
2025-08-01,2025,8,Q3,Jharkhand,94.77,87.62,56.86,6.25,6.8,4.5,85.5,74,0,0,0,0,0,3,43.0,1,1
2025-08-01,2025,8,Q3,Karnataka,94.77,87.62,56.86,6.25,6.8,4.5,85.5,74,0,0,0,0,0,3,43.0,1,1
2025-08-01,2025,8,Q3,Kerala,94.77,87.62,56.86,6.25,6.8,4.5,85.5,74,0,0,0,0,0,3,43.0,1,1
2025-08-01,2025,8,Q3,Ladakh,94.77,87.62,56.86,6.25,6.8,4.5,85.5,74,0,0,0,0,0,3,43.0,1,1
2025-08-01,2025,8,Q3,Lakshadweep,94.77,87.62,56.86,6.25,6.8,4.5,85.5,74,0,0,0,0,0,3,43.0,1,1
2025-08-01,2025,8,Q3,Madhya Pradesh,94.77,87.62,56.86,6.25,6.8,4.5,85.5,74,0,0,0,0,0,3,43.0,1,1
2025-08-01,2025,8,Q3,Maharashtra,94.77,87.62,56.86,6.25,6.8,4.5,85.5,74,0,0,0,0,0,3,43.0,1,1
2025-08-01,2025,8,Q3,Manipur,94.77,87.62,56.86,6.25,6.8,4.5,85.5,74,0,0,0,0,0,3,43.0,1,1
2025-08-01,2025,8,Q3,Meghalaya,94.77,87.62,56.86,6.25,6.8,4.5,85.5,74,0,0,0,0,0,3,43.0,1,1
2025-08-01,2025,8,Q3,Mizoram,94.77,87.62,56.86,6.25,6.8,4.5,85.5,74,0,0,0,0,0,3,43.0,1,1
2025-08-01,2025,8,Q3,Nagaland,94.77,87.62,56.86,6.25,6.8,4.5,85.5,74,0,0,0,0,0,3,43.0,1,1
2025-08-01,2025,8,Q3,Odisha,94.77,87.62,56.86,6.25,6.8,4.5,85.5,74,0,0,0,0,0,3,43.0,1,1
2025-08-01,2025,8,Q3,Puducherry,94.77,87.62,56.86,6.25,6.8,4.5,85.5,74,0,0,0,0,0,3,43.0,1,1
2025-08-01,2025,8,Q3,Punjab,94.77,87.62,56.86,6.25,6.8,4.5,85.5,74,0,0,0,0,0,3,43.0,1,1
2025-08-01,2025,8,Q3,Rajasthan,94.77,87.62,56.86,6.25,6.8,4.5,85.5,74,0,0,0,0,0,3,43.0,1,1
2025-08-01,2025,8,Q3,Sikkim,94.77,87.62,56.86,6.25,6.8,4.5,85.5,74,0,0,0,0,0,3,43.0,1,1
2025-08-01,2025,8,Q3,Tamil Nadu,94.77,87.62,56.86,6.25,6.8,4.5,85.5,74,0,0,0,0,0,3,43.0,1,1
2025-08-01,2025,8,Q3,Telangana,94.77,87.62,56.86,6.25,6.8,4.5,85.5,74,0,0,0,0,0,3,43.0,1,1
2025-08-01,2025,8,Q3,Tripura,94.77,87.62,56.86,6.25,6.8,4.5,85.5,74,0,0,0,0,0,3,43.0,1,1
2025-08-01,2025,8,Q3,Uttar Pradesh,94.77,87.62,56.86,6.25,6.8,4.5,85.5,74,0,0,0,0,0,3,43.0,1,1
2025-08-01,2025,8,Q3,Uttarakhand,94.77,87.62,56.86,6.25,6.8,4.5,85.5,74,0,0,0,0,0,3,43.0,1,1
2025-08-01,2025,8,Q3,West Bengal,94.77,87.62,56.86,6.25,6.8,4.5,85.5,74,0,0,0,0,0,3,43.0,1,1
2025-08-01,2025,8,Q3,All India,94.77,87.62,56.86,6.25,6.8,4.5,85.5,74,0,0,0,0,0,3,43.0,1,1
2025-09-01,2025,9,Q3,Andaman & Nicobar Island,94.77,87.62,56.86,6.25,6.8,4.5,85.5,74,0,0,0,0,0,5,43.0,1,1
2025-09-01,2025,9,Q3,Andhra Pradesh,94.77,87.62,56.86,6.25,6.8,4.5,85.5,74,0,0,0,0,0,5,43.0,1,1
2025-09-01,2025,9,Q3,Arunachal Pradesh,94.77,87.62,56.86,6.25,6.8,4.5,85.5,74,0,0,0,0,0,5,43.0,1,1
2025-09-01,2025,9,Q3,Assam,94.77,87.62,56.86,6.25,6.8,4.5,85.5,74,0,0,0,0,0,5,43.0,1,1
2025-09-01,2025,9,Q3,Bihar,94.77,87.62,56.86,6.25,6.8,4.5,85.5,74,0,0,0,0,0,5,43.0,1,1
2025-09-01,2025,9,Q3,Chandigarh,94.77,87.62,56.86,6.25,6.8,4.5,85.5,74,0,0,0,0,0,5,43.0,1,1
2025-09-01,2025,9,Q3,Chhattisgarh,94.77,87.62,56.86,6.25,6.8,4.5,85.5,74,0,0,0,0,0,5,43.0,1,1
2025-09-01,2025,9,Q3,Dadra and Nagar Haveli,94.77,87.62,56.86,6.25,6.8,4.5,85.5,74,0,0,0,0,0,5,43.0,1,1
2025-09-01,2025,9,Q3,Daman and Diu,94.77,87.62,56.86,6.25,6.8,4.5,85.5,74,0,0,0,0,0,5,43.0,1,1
2025-09-01,2025,9,Q3,Delhi,94.77,87.62,56.86,6.25,6.8,4.5,85.5,74,0,0,0,0,0,5,43.0,1,1
2025-09-01,2025,9,Q3,Goa,94.77,87.62,56.86,6.25,6.8,4.5,85.5,74,0,0,0,0,0,5,43.0,1,1
2025-09-01,2025,9,Q3,Gujarat,94.77,87.62,56.86,6.25,6.8,4.5,85.5,74,0,0,0,0,0,5,43.0,1,1
2025-09-01,2025,9,Q3,Haryana,94.77,87.62,56.86,6.25,6.8,4.5,85.5,74,0,0,0,0,0,5,43.0,1,1
2025-09-01,2025,9,Q3,Himachal Pradesh,94.77,87.62,56.86,6.25,6.8,4.5,85.5,74,0,0,0,0,0,5,43.0,1,1
2025-09-01,2025,9,Q3,Jammu and Kashmir,94.77,87.62,56.86,6.25,6.8,4.5,85.5,74,0,0,0,0,0,5,43.0,1,1
2025-09-01,2025,9,Q3,Jharkhand,94.77,87.62,56.86,6.25,6.8,4.5,85.5,74,0,0,0,0,0,5,43.0,1,1
2025-09-01,2025,9,Q3,Karnataka,94.77,87.62,56.86,6.25,6.8,4.5,85.5,74,0,0,0,0,0,5,43.0,1,1
2025-09-01,2025,9,Q3,Kerala,94.77,87.62,56.86,6.25,6.8,4.5,85.5,74,0,0,0,0,0,5,43.0,1,1
2025-09-01,2025,9,Q3,Ladakh,94.77,87.62,56.86,6.25,6.8,4.5,85.5,74,0,0,0,0,0,5,43.0,1,1
2025-09-01,2025,9,Q3,Lakshadweep,94.77,87.62,56.86,6.25,6.8,4.5,85.5,74,0,0,0,0,0,5,43.0,1,1
2025-09-01,2025,9,Q3,Madhya Pradesh,94.77,87.62,56.86,6.25,6.8,4.5,85.5,74,0,0,0,0,0,5,43.0,1,1
2025-09-01,2025,9,Q3,Maharashtra,94.77,87.62,56.86,6.25,6.8,4.5,85.5,74,0,0,0,0,0,5,43.0,1,1
2025-09-01,2025,9,Q3,Manipur,94.77,87.62,56.86,6.25,6.8,4.5,85.5,74,0,0,0,0,0,5,43.0,1,1
2025-09-01,2025,9,Q3,Meghalaya,94.77,87.62,56.86,6.25,6.8,4.5,85.5,74,0,0,0,0,0,5,43.0,1,1
2025-09-01,2025,9,Q3,Mizoram,94.77,87.62,56.86,6.25,6.8,4.5,85.5,74,0,0,0,0,0,5,43.0,1,1
2025-09-01,2025,9,Q3,Nagaland,94.77,87.62,56.86,6.25,6.8,4.5,85.5,74,0,0,0,0,0,5,43.0,1,1
2025-09-01,2025,9,Q3,Odisha,94.77,87.62,56.86,6.25,6.8,4.5,85.5,74,0,0,0,0,0,5,43.0,1,1
2025-09-01,2025,9,Q3,Puducherry,94.77,87.62,56.86,6.25,6.8,4.5,85.5,74,0,0,0,0,0,5,43.0,1,1
2025-09-01,2025,9,Q3,Punjab,94.77,87.62,56.86,6.25,6.8,4.5,85.5,74,0,0,0,0,0,5,43.0,1,1
2025-09-01,2025,9,Q3,Rajasthan,94.77,87.62,56.86,6.25,6.8,4.5,85.5,74,0,0,0,0,0,5,43.0,1,1
2025-09-01,2025,9,Q3,Sikkim,94.77,87.62,56.86,6.25,6.8,4.5,85.5,74,0,0,0,0,0,5,43.0,1,1
2025-09-01,2025,9,Q3,Tamil Nadu,94.77,87.62,56.86,6.25,6.8,4.5,85.5,74,0,0,0,0,0,5,43.0,1,1
2025-09-01,2025,9,Q3,Telangana,94.77,87.62,56.86,6.25,6.8,4.5,85.5,74,0,0,0,0,0,5,43.0,1,1
2025-09-01,2025,9,Q3,Tripura,94.77,87.62,56.86,6.25,6.8,4.5,85.5,74,0,0,0,0,0,5,43.0,1,1
2025-09-01,2025,9,Q3,Uttar Pradesh,94.77,87.62,56.86,6.25,6.8,4.5,85.5,74,0,0,0,0,0,5,43.0,1,1
2025-09-01,2025,9,Q3,Uttarakhand,94.77,87.62,56.86,6.25,6.8,4.5,85.5,74,0,0,0,0,0,5,43.0,1,1
2025-09-01,2025,9,Q3,West Bengal,94.77,87.62,56.86,6.25,6.8,4.5,85.5,74,0,0,0,0,0,5,43.0,1,1
2025-09-01,2025,9,Q3,All India,94.77,87.62,56.86,6.25,6.8,4.5,85.5,74,0,0,0,0,0,5,43.0,1,1
2025-10-01,2025,10,Q4,Andaman & Nicobar Island,94.77,87.62,56.86,6.25,6.8,4.5,85.5,74,1,1,0,0,0,5,43.0,1,1
2025-10-01,2025,10,Q4,Andhra Pradesh,94.77,87.62,56.86,6.25,6.8,4.5,85.5,74,1,1,0,0,0,5,43.0,1,1
2025-10-01,2025,10,Q4,Arunachal Pradesh,94.77,87.62,56.86,6.25,6.8,4.5,85.5,74,1,1,0,0,0,5,43.0,1,1
2025-10-01,2025,10,Q4,Assam,94.77,87.62,56.86,6.25,6.8,4.5,85.5,74,1,1,0,0,0,5,43.0,1,1
2025-10-01,2025,10,Q4,Bihar,94.77,87.62,56.86,6.25,6.8,4.5,85.5,74,1,1,0,0,0,5,43.0,1,1
2025-10-01,2025,10,Q4,Chandigarh,94.77,87.62,56.86,6.25,6.8,4.5,85.5,74,1,1,0,0,0,5,43.0,1,1
2025-10-01,2025,10,Q4,Chhattisgarh,94.77,87.62,56.86,6.25,6.8,4.5,85.5,74,1,1,0,0,0,5,43.0,1,1
2025-10-01,2025,10,Q4,Dadra and Nagar Haveli,94.77,87.62,56.86,6.25,6.8,4.5,85.5,74,1,1,0,0,0,5,43.0,1,1
2025-10-01,2025,10,Q4,Daman and Diu,94.77,87.62,56.86,6.25,6.8,4.5,85.5,74,1,1,0,0,0,5,43.0,1,1
2025-10-01,2025,10,Q4,Delhi,94.77,87.62,56.86,6.25,6.8,4.5,85.5,74,1,1,0,0,0,5,43.0,1,1
2025-10-01,2025,10,Q4,Goa,94.77,87.62,56.86,6.25,6.8,4.5,85.5,74,1,1,0,0,0,5,43.0,1,1
2025-10-01,2025,10,Q4,Gujarat,94.77,87.62,56.86,6.25,6.8,4.5,85.5,74,1,1,0,0,0,5,43.0,1,1
2025-10-01,2025,10,Q4,Haryana,94.77,87.62,56.86,6.25,6.8,4.5,85.5,74,1,1,0,0,0,5,43.0,1,1
2025-10-01,2025,10,Q4,Himachal Pradesh,94.77,87.62,56.86,6.25,6.8,4.5,85.5,74,1,1,0,0,0,5,43.0,1,1
2025-10-01,2025,10,Q4,Jammu and Kashmir,94.77,87.62,56.86,6.25,6.8,4.5,85.5,74,1,1,0,0,0,5,43.0,1,1
2025-10-01,2025,10,Q4,Jharkhand,94.77,87.62,56.86,6.25,6.8,4.5,85.5,74,1,1,0,0,0,5,43.0,1,1
2025-10-01,2025,10,Q4,Karnataka,94.77,87.62,56.86,6.25,6.8,4.5,85.5,74,1,1,0,0,0,5,43.0,1,1
2025-10-01,2025,10,Q4,Kerala,94.77,87.62,56.86,6.25,6.8,4.5,85.5,74,1,1,0,0,0,5,43.0,1,1
2025-10-01,2025,10,Q4,Ladakh,94.77,87.62,56.86,6.25,6.8,4.5,85.5,74,1,1,0,0,0,5,43.0,1,1
2025-10-01,2025,10,Q4,Lakshadweep,94.77,87.62,56.86,6.25,6.8,4.5,85.5,74,1,1,0,0,0,5,43.0,1,1
2025-10-01,2025,10,Q4,Madhya Pradesh,94.77,87.62,56.86,6.25,6.8,4.5,85.5,74,1,1,0,0,0,5,43.0,1,1
2025-10-01,2025,10,Q4,Maharashtra,94.77,87.62,56.86,6.25,6.8,4.5,85.5,74,1,1,0,0,0,5,43.0,1,1
2025-10-01,2025,10,Q4,Manipur,94.77,87.62,56.86,6.25,6.8,4.5,85.5,74,1,1,0,0,0,5,43.0,1,1
2025-10-01,2025,10,Q4,Meghalaya,94.77,87.62,56.86,6.25,6.8,4.5,85.5,74,1,1,0,0,0,5,43.0,1,1
2025-10-01,2025,10,Q4,Mizoram,94.77,87.62,56.86,6.25,6.8,4.5,85.5,74,1,1,0,0,0,5,43.0,1,1
2025-10-01,2025,10,Q4,Nagaland,94.77,87.62,56.86,6.25,6.8,4.5,85.5,74,1,1,0,0,0,5,43.0,1,1
2025-10-01,2025,10,Q4,Odisha,94.77,87.62,56.86,6.25,6.8,4.5,85.5,74,1,1,0,0,0,5,43.0,1,1
2025-10-01,2025,10,Q4,Puducherry,94.77,87.62,56.86,6.25,6.8,4.5,85.5,74,1,1,0,0,0,5,43.0,1,1
2025-10-01,2025,10,Q4,Punjab,94.77,87.62,56.86,6.25,6.8,4.5,85.5,74,1,1,0,0,0,5,43.0,1,1
2025-10-01,2025,10,Q4,Rajasthan,94.77,87.62,56.86,6.25,6.8,4.5,85.5,74,1,1,0,0,0,5,43.0,1,1
2025-10-01,2025,10,Q4,Sikkim,94.77,87.62,56.86,6.25,6.8,4.5,85.5,74,1,1,0,0,0,5,43.0,1,1
2025-10-01,2025,10,Q4,Tamil Nadu,94.77,87.62,56.86,6.25,6.8,4.5,85.5,74,1,1,0,0,0,5,43.0,1,1
2025-10-01,2025,10,Q4,Telangana,94.77,87.62,56.86,6.25,6.8,4.5,85.5,74,1,1,0,0,0,5,43.0,1,1
2025-10-01,2025,10,Q4,Tripura,94.77,87.62,56.86,6.25,6.8,4.5,85.5,74,1,1,0,0,0,5,43.0,1,1
2025-10-01,2025,10,Q4,Uttar Pradesh,94.77,87.62,56.86,6.25,6.8,4.5,85.5,74,1,1,0,0,0,5,43.0,1,1
2025-10-01,2025,10,Q4,Uttarakhand,94.77,87.62,56.86,6.25,6.8,4.5,85.5,74,1,1,0,0,0,5,43.0,1,1
2025-10-01,2025,10,Q4,West Bengal,94.77,87.62,56.86,6.25,6.8,4.5,85.5,74,1,1,0,0,0,5,43.0,1,1
2025-10-01,2025,10,Q4,All India,94.77,87.62,56.86,6.25,6.8,4.5,85.5,74,1,1,0,0,0,5,43.0,1,1
2025-11-01,2025,11,Q4,Andaman & Nicobar Island,94.77,87.62,56.86,6.25,6.8,4.5,85.5,74,1,0,0,0,0,3,43.0,1,1
2025-11-01,2025,11,Q4,Andhra Pradesh,94.77,87.62,56.86,6.25,6.8,4.5,85.5,74,1,0,0,0,0,3,43.0,1,1
2025-11-01,2025,11,Q4,Arunachal Pradesh,94.77,87.62,56.86,6.25,6.8,4.5,85.5,74,1,0,0,0,0,3,43.0,1,1
2025-11-01,2025,11,Q4,Assam,94.77,87.62,56.86,6.25,6.8,4.5,85.5,74,1,0,0,0,0,3,43.0,1,1
2025-11-01,2025,11,Q4,Bihar,94.77,87.62,56.86,6.25,6.8,4.5,85.5,74,1,0,0,0,0,3,43.0,1,1
2025-11-01,2025,11,Q4,Chandigarh,94.77,87.62,56.86,6.25,6.8,4.5,85.5,74,1,0,0,0,0,3,43.0,1,1
2025-11-01,2025,11,Q4,Chhattisgarh,94.77,87.62,56.86,6.25,6.8,4.5,85.5,74,1,0,0,0,0,3,43.0,1,1
2025-11-01,2025,11,Q4,Dadra and Nagar Haveli,94.77,87.62,56.86,6.25,6.8,4.5,85.5,74,1,0,0,0,0,3,43.0,1,1
2025-11-01,2025,11,Q4,Daman and Diu,94.77,87.62,56.86,6.25,6.8,4.5,85.5,74,1,0,0,0,0,3,43.0,1,1
2025-11-01,2025,11,Q4,Delhi,94.77,87.62,56.86,6.25,6.8,4.5,85.5,74,1,0,0,0,0,3,43.0,1,1
2025-11-01,2025,11,Q4,Goa,94.77,87.62,56.86,6.25,6.8,4.5,85.5,74,1,0,0,0,0,3,43.0,1,1
2025-11-01,2025,11,Q4,Gujarat,94.77,87.62,56.86,6.25,6.8,4.5,85.5,74,1,0,0,0,0,3,43.0,1,1
2025-11-01,2025,11,Q4,Haryana,94.77,87.62,56.86,6.25,6.8,4.5,85.5,74,1,0,0,0,0,3,43.0,1,1
2025-11-01,2025,11,Q4,Himachal Pradesh,94.77,87.62,56.86,6.25,6.8,4.5,85.5,74,1,0,0,0,0,3,43.0,1,1
2025-11-01,2025,11,Q4,Jammu and Kashmir,94.77,87.62,56.86,6.25,6.8,4.5,85.5,74,1,0,0,0,0,3,43.0,1,1
2025-11-01,2025,11,Q4,Jharkhand,94.77,87.62,56.86,6.25,6.8,4.5,85.5,74,1,0,0,0,0,3,43.0,1,1
2025-11-01,2025,11,Q4,Karnataka,94.77,87.62,56.86,6.25,6.8,4.5,85.5,74,1,0,0,0,0,3,43.0,1,1
2025-11-01,2025,11,Q4,Kerala,94.77,87.62,56.86,6.25,6.8,4.5,85.5,74,1,0,0,0,0,3,43.0,1,1
2025-11-01,2025,11,Q4,Ladakh,94.77,87.62,56.86,6.25,6.8,4.5,85.5,74,1,0,0,0,0,3,43.0,1,1
2025-11-01,2025,11,Q4,Lakshadweep,94.77,87.62,56.86,6.25,6.8,4.5,85.5,74,1,0,0,0,0,3,43.0,1,1
2025-11-01,2025,11,Q4,Madhya Pradesh,94.77,87.62,56.86,6.25,6.8,4.5,85.5,74,1,0,0,0,0,3,43.0,1,1
2025-11-01,2025,11,Q4,Maharashtra,94.77,87.62,56.86,6.25,6.8,4.5,85.5,74,1,0,0,0,0,3,43.0,1,1
2025-11-01,2025,11,Q4,Manipur,94.77,87.62,56.86,6.25,6.8,4.5,85.5,74,1,0,0,0,0,3,43.0,1,1
2025-11-01,2025,11,Q4,Meghalaya,94.77,87.62,56.86,6.25,6.8,4.5,85.5,74,1,0,0,0,0,3,43.0,1,1
2025-11-01,2025,11,Q4,Mizoram,94.77,87.62,56.86,6.25,6.8,4.5,85.5,74,1,0,0,0,0,3,43.0,1,1
2025-11-01,2025,11,Q4,Nagaland,94.77,87.62,56.86,6.25,6.8,4.5,85.5,74,1,0,0,0,0,3,43.0,1,1
2025-11-01,2025,11,Q4,Odisha,94.77,87.62,56.86,6.25,6.8,4.5,85.5,74,1,0,0,0,0,3,43.0,1,1
2025-11-01,2025,11,Q4,Puducherry,94.77,87.62,56.86,6.25,6.8,4.5,85.5,74,1,0,0,0,0,3,43.0,1,1
2025-11-01,2025,11,Q4,Punjab,94.77,87.62,56.86,6.25,6.8,4.5,85.5,74,1,0,0,0,0,3,43.0,1,1
2025-11-01,2025,11,Q4,Rajasthan,94.77,87.62,56.86,6.25,6.8,4.5,85.5,74,1,0,0,0,0,3,43.0,1,1
2025-11-01,2025,11,Q4,Sikkim,94.77,87.62,56.86,6.25,6.8,4.5,85.5,74,1,0,0,0,0,3,43.0,1,1
2025-11-01,2025,11,Q4,Tamil Nadu,94.77,87.62,56.86,6.25,6.8,4.5,85.5,74,1,0,0,0,0,3,43.0,1,1
2025-11-01,2025,11,Q4,Telangana,94.77,87.62,56.86,6.25,6.8,4.5,85.5,74,1,0,0,0,0,3,43.0,1,1
2025-11-01,2025,11,Q4,Tripura,94.77,87.62,56.86,6.25,6.8,4.5,85.5,74,1,0,0,0,0,3,43.0,1,1
2025-11-01,2025,11,Q4,Uttar Pradesh,94.77,87.62,56.86,6.25,6.8,4.5,85.5,74,1,0,0,0,0,3,43.0,1,1
2025-11-01,2025,11,Q4,Uttarakhand,94.77,87.62,56.86,6.25,6.8,4.5,85.5,74,1,0,0,0,0,3,43.0,1,1
2025-11-01,2025,11,Q4,West Bengal,94.77,87.62,56.86,6.25,6.8,4.5,85.5,74,1,0,0,0,0,3,43.0,1,1
2025-11-01,2025,11,Q4,All India,94.77,87.62,56.86,6.25,6.8,4.5,85.5,74,1,0,0,0,0,3,43.0,1,1
2025-12-01,2025,12,Q4,Andaman & Nicobar Island,94.77,87.62,56.86,6.25,6.8,4.5,85.5,74,0,0,0,0,0,3,43.0,1,1
2025-12-01,2025,12,Q4,Andhra Pradesh,94.77,87.62,56.86,6.25,6.8,4.5,85.5,74,0,0,0,0,0,3,43.0,1,1
2025-12-01,2025,12,Q4,Arunachal Pradesh,94.77,87.62,56.86,6.25,6.8,4.5,85.5,74,0,0,0,0,0,3,43.0,1,1
2025-12-01,2025,12,Q4,Assam,94.77,87.62,56.86,6.25,6.8,4.5,85.5,74,0,0,0,0,0,3,43.0,1,1
2025-12-01,2025,12,Q4,Bihar,94.77,87.62,56.86,6.25,6.8,4.5,85.5,74,0,0,0,0,0,3,43.0,1,1
2025-12-01,2025,12,Q4,Chandigarh,94.77,87.62,56.86,6.25,6.8,4.5,85.5,74,0,0,0,0,0,3,43.0,1,1
2025-12-01,2025,12,Q4,Chhattisgarh,94.77,87.62,56.86,6.25,6.8,4.5,85.5,74,0,0,0,0,0,3,43.0,1,1
2025-12-01,2025,12,Q4,Dadra and Nagar Haveli,94.77,87.62,56.86,6.25,6.8,4.5,85.5,74,0,0,0,0,0,3,43.0,1,1
2025-12-01,2025,12,Q4,Daman and Diu,94.77,87.62,56.86,6.25,6.8,4.5,85.5,74,0,0,0,0,0,3,43.0,1,1
2025-12-01,2025,12,Q4,Delhi,94.77,87.62,56.86,6.25,6.8,4.5,85.5,74,0,0,0,0,0,3,43.0,1,1
2025-12-01,2025,12,Q4,Goa,94.77,87.62,56.86,6.25,6.8,4.5,85.5,74,0,0,0,0,0,3,43.0,1,1
2025-12-01,2025,12,Q4,Gujarat,94.77,87.62,56.86,6.25,6.8,4.5,85.5,74,0,0,0,0,0,3,43.0,1,1
2025-12-01,2025,12,Q4,Haryana,94.77,87.62,56.86,6.25,6.8,4.5,85.5,74,0,0,0,0,0,3,43.0,1,1
2025-12-01,2025,12,Q4,Himachal Pradesh,94.77,87.62,56.86,6.25,6.8,4.5,85.5,74,0,0,0,0,0,3,43.0,1,1
2025-12-01,2025,12,Q4,Jammu and Kashmir,94.77,87.62,56.86,6.25,6.8,4.5,85.5,74,0,0,0,0,0,3,43.0,1,1
2025-12-01,2025,12,Q4,Jharkhand,94.77,87.62,56.86,6.25,6.8,4.5,85.5,74,0,0,0,0,0,3,43.0,1,1
2025-12-01,2025,12,Q4,Karnataka,94.77,87.62,56.86,6.25,6.8,4.5,85.5,74,0,0,0,0,0,3,43.0,1,1
2025-12-01,2025,12,Q4,Kerala,94.77,87.62,56.86,6.25,6.8,4.5,85.5,74,0,0,0,0,0,3,43.0,1,1
2025-12-01,2025,12,Q4,Ladakh,94.77,87.62,56.86,6.25,6.8,4.5,85.5,74,0,0,0,0,0,3,43.0,1,1
2025-12-01,2025,12,Q4,Lakshadweep,94.77,87.62,56.86,6.25,6.8,4.5,85.5,74,0,0,0,0,0,3,43.0,1,1
2025-12-01,2025,12,Q4,Madhya Pradesh,94.77,87.62,56.86,6.25,6.8,4.5,85.5,74,0,0,0,0,0,3,43.0,1,1
2025-12-01,2025,12,Q4,Maharashtra,94.77,87.62,56.86,6.25,6.8,4.5,85.5,74,0,0,0,0,0,3,43.0,1,1
2025-12-01,2025,12,Q4,Manipur,94.77,87.62,56.86,6.25,6.8,4.5,85.5,74,0,0,0,0,0,3,43.0,1,1
2025-12-01,2025,12,Q4,Meghalaya,94.77,87.62,56.86,6.25,6.8,4.5,85.5,74,0,0,0,0,0,3,43.0,1,1
2025-12-01,2025,12,Q4,Mizoram,94.77,87.62,56.86,6.25,6.8,4.5,85.5,74,0,0,0,0,0,3,43.0,1,1
2025-12-01,2025,12,Q4,Nagaland,94.77,87.62,56.86,6.25,6.8,4.5,85.5,74,0,0,0,0,0,3,43.0,1,1
2025-12-01,2025,12,Q4,Odisha,94.77,87.62,56.86,6.25,6.8,4.5,85.5,74,0,0,0,0,0,3,43.0,1,1
2025-12-01,2025,12,Q4,Puducherry,94.77,87.62,56.86,6.25,6.8,4.5,85.5,74,0,0,0,0,0,3,43.0,1,1
2025-12-01,2025,12,Q4,Punjab,94.77,87.62,56.86,6.25,6.8,4.5,85.5,74,0,0,0,0,0,3,43.0,1,1
2025-12-01,2025,12,Q4,Rajasthan,94.77,87.62,56.86,6.25,6.8,4.5,85.5,74,0,0,0,0,0,3,43.0,1,1
2025-12-01,2025,12,Q4,Sikkim,94.77,87.62,56.86,6.25,6.8,4.5,85.5,74,0,0,0,0,0,3,43.0,1,1
2025-12-01,2025,12,Q4,Tamil Nadu,94.77,87.62,56.86,6.25,6.8,4.5,85.5,74,0,0,0,0,0,3,43.0,1,1
2025-12-01,2025,12,Q4,Telangana,94.77,87.62,56.86,6.25,6.8,4.5,85.5,74,0,0,0,0,0,3,43.0,1,1
2025-12-01,2025,12,Q4,Tripura,94.77,87.62,56.86,6.25,6.8,4.5,85.5,74,0,0,0,0,0,3,43.0,1,1
2025-12-01,2025,12,Q4,Uttar Pradesh,94.77,87.62,56.86,6.25,6.8,4.5,85.5,74,0,0,0,0,0,3,43.0,1,1
2025-12-01,2025,12,Q4,Uttarakhand,94.77,87.62,56.86,6.25,6.8,4.5,85.5,74,0,0,0,0,0,3,43.0,1,1
2025-12-01,2025,12,Q4,West Bengal,94.77,87.62,56.86,6.25,6.8,4.5,85.5,74,0,0,0,0,0,3,43.0,1,1
2025-12-01,2025,12,Q4,All India,94.77,87.62,56.86,6.25,6.8,4.5,85.5,74,0,0,0,0,0,3,43.0,1,1
2026-01-01,2026,1,Q1,Andaman & Nicobar Island,94.77,87.62,56.86,6.0,7.0,4.3,86.0,75,0,0,0,0,0,6,43.0,1,1
2026-01-01,2026,1,Q1,Andhra Pradesh,94.77,87.62,56.86,6.0,7.0,4.3,86.0,75,0,0,0,0,0,6,43.0,1,1
2026-01-01,2026,1,Q1,Arunachal Pradesh,94.77,87.62,56.86,6.0,7.0,4.3,86.0,75,0,0,0,0,0,6,43.0,1,1
2026-01-01,2026,1,Q1,Assam,94.77,87.62,56.86,6.0,7.0,4.3,86.0,75,0,0,0,0,0,6,43.0,1,1
2026-01-01,2026,1,Q1,Bihar,94.77,87.62,56.86,6.0,7.0,4.3,86.0,75,0,0,0,0,0,6,43.0,1,1
2026-01-01,2026,1,Q1,Chandigarh,94.77,87.62,56.86,6.0,7.0,4.3,86.0,75,0,0,0,0,0,6,43.0,1,1
2026-01-01,2026,1,Q1,Chhattisgarh,94.77,87.62,56.86,6.0,7.0,4.3,86.0,75,0,0,0,0,0,6,43.0,1,1
2026-01-01,2026,1,Q1,Dadra and Nagar Haveli,94.77,87.62,56.86,6.0,7.0,4.3,86.0,75,0,0,0,0,0,6,43.0,1,1
2026-01-01,2026,1,Q1,Daman and Diu,94.77,87.62,56.86,6.0,7.0,4.3,86.0,75,0,0,0,0,0,6,43.0,1,1
2026-01-01,2026,1,Q1,Delhi,94.77,87.62,56.86,6.0,7.0,4.3,86.0,75,0,0,0,0,0,6,43.0,1,1
2026-01-01,2026,1,Q1,Goa,94.77,87.62,56.86,6.0,7.0,4.3,86.0,75,0,0,0,0,0,6,43.0,1,1
2026-01-01,2026,1,Q1,Gujarat,94.77,87.62,56.86,6.0,7.0,4.3,86.0,75,0,0,0,0,0,6,43.0,1,1
2026-01-01,2026,1,Q1,Haryana,94.77,87.62,56.86,6.0,7.0,4.3,86.0,75,0,0,0,0,0,6,43.0,1,1
2026-01-01,2026,1,Q1,Himachal Pradesh,94.77,87.62,56.86,6.0,7.0,4.3,86.0,75,0,0,0,0,0,6,43.0,1,1
2026-01-01,2026,1,Q1,Jammu and Kashmir,94.77,87.62,56.86,6.0,7.0,4.3,86.0,75,0,0,0,0,0,6,43.0,1,1
2026-01-01,2026,1,Q1,Jharkhand,94.77,87.62,56.86,6.0,7.0,4.3,86.0,75,0,0,0,0,0,6,43.0,1,1
2026-01-01,2026,1,Q1,Karnataka,94.77,87.62,56.86,6.0,7.0,4.3,86.0,75,0,0,0,0,0,6,43.0,1,1
2026-01-01,2026,1,Q1,Kerala,94.77,87.62,56.86,6.0,7.0,4.3,86.0,75,0,0,0,0,0,6,43.0,1,1
2026-01-01,2026,1,Q1,Ladakh,94.77,87.62,56.86,6.0,7.0,4.3,86.0,75,0,0,0,0,0,6,43.0,1,1
2026-01-01,2026,1,Q1,Lakshadweep,94.77,87.62,56.86,6.0,7.0,4.3,86.0,75,0,0,0,0,0,6,43.0,1,1
2026-01-01,2026,1,Q1,Madhya Pradesh,94.77,87.62,56.86,6.0,7.0,4.3,86.0,75,0,0,0,0,0,6,43.0,1,1
2026-01-01,2026,1,Q1,Maharashtra,94.77,87.62,56.86,6.0,7.0,4.3,86.0,75,0,0,0,0,0,6,43.0,1,1
2026-01-01,2026,1,Q1,Manipur,94.77,87.62,56.86,6.0,7.0,4.3,86.0,75,0,0,0,0,0,6,43.0,1,1
2026-01-01,2026,1,Q1,Meghalaya,94.77,87.62,56.86,6.0,7.0,4.3,86.0,75,0,0,0,0,0,6,43.0,1,1
2026-01-01,2026,1,Q1,Mizoram,94.77,87.62,56.86,6.0,7.0,4.3,86.0,75,0,0,0,0,0,6,43.0,1,1
2026-01-01,2026,1,Q1,Nagaland,94.77,87.62,56.86,6.0,7.0,4.3,86.0,75,0,0,0,0,0,6,43.0,1,1
2026-01-01,2026,1,Q1,Odisha,94.77,87.62,56.86,6.0,7.0,4.3,86.0,75,0,0,0,0,0,6,43.0,1,1
2026-01-01,2026,1,Q1,Puducherry,94.77,87.62,56.86,6.0,7.0,4.3,86.0,75,0,0,0,0,0,6,43.0,1,1
2026-01-01,2026,1,Q1,Punjab,94.77,87.62,56.86,6.0,7.0,4.3,86.0,75,0,0,0,0,0,6,43.0,1,1
2026-01-01,2026,1,Q1,Rajasthan,94.77,87.62,56.86,6.0,7.0,4.3,86.0,75,0,0,0,0,0,6,43.0,1,1
2026-01-01,2026,1,Q1,Sikkim,94.77,87.62,56.86,6.0,7.0,4.3,86.0,75,0,0,0,0,0,6,43.0,1,1
2026-01-01,2026,1,Q1,Tamil Nadu,94.77,87.62,56.86,6.0,7.0,4.3,86.0,75,0,0,0,0,0,6,43.0,1,1
2026-01-01,2026,1,Q1,Telangana,94.77,87.62,56.86,6.0,7.0,4.3,86.0,75,0,0,0,0,0,6,43.0,1,1
2026-01-01,2026,1,Q1,Tripura,94.77,87.62,56.86,6.0,7.0,4.3,86.0,75,0,0,0,0,0,6,43.0,1,1
2026-01-01,2026,1,Q1,Uttar Pradesh,94.77,87.62,56.86,6.0,7.0,4.3,86.0,75,0,0,0,0,0,6,43.0,1,1
2026-01-01,2026,1,Q1,Uttarakhand,94.77,87.62,56.86,6.0,7.0,4.3,86.0,75,0,0,0,0,0,6,43.0,1,1
2026-01-01,2026,1,Q1,West Bengal,94.77,87.62,56.86,6.0,7.0,4.3,86.0,75,0,0,0,0,0,6,43.0,1,1
2026-01-01,2026,1,Q1,All India,94.77,87.62,56.86,6.0,7.0,4.3,86.0,75,0,0,0,0,0,6,43.0,1,1
2026-02-01,2026,2,Q1,Andaman & Nicobar Island,94.77,87.62,56.86,6.0,7.0,4.3,86.0,75,0,0,0,0,1,6,43.0,1,1
2026-02-01,2026,2,Q1,Andhra Pradesh,94.77,87.62,56.86,6.0,7.0,4.3,86.0,75,0,0,0,0,1,6,43.0,1,1
2026-02-01,2026,2,Q1,Arunachal Pradesh,94.77,87.62,56.86,6.0,7.0,4.3,86.0,75,0,0,0,0,1,6,43.0,1,1
2026-02-01,2026,2,Q1,Assam,94.77,87.62,56.86,6.0,7.0,4.3,86.0,75,0,0,0,0,1,6,43.0,1,1
2026-02-01,2026,2,Q1,Bihar,94.77,87.62,56.86,6.0,7.0,4.3,86.0,75,0,0,0,0,1,6,43.0,1,1
2026-02-01,2026,2,Q1,Chandigarh,94.77,87.62,56.86,6.0,7.0,4.3,86.0,75,0,0,0,0,1,6,43.0,1,1
2026-02-01,2026,2,Q1,Chhattisgarh,94.77,87.62,56.86,6.0,7.0,4.3,86.0,75,0,0,0,0,1,6,43.0,1,1
2026-02-01,2026,2,Q1,Dadra and Nagar Haveli,94.77,87.62,56.86,6.0,7.0,4.3,86.0,75,0,0,0,0,1,6,43.0,1,1
2026-02-01,2026,2,Q1,Daman and Diu,94.77,87.62,56.86,6.0,7.0,4.3,86.0,75,0,0,0,0,1,6,43.0,1,1
2026-02-01,2026,2,Q1,Delhi,94.77,87.62,56.86,6.0,7.0,4.3,86.0,75,0,0,0,0,1,6,43.0,1,1
2026-02-01,2026,2,Q1,Goa,94.77,87.62,56.86,6.0,7.0,4.3,86.0,75,0,0,0,0,1,6,43.0,1,1
2026-02-01,2026,2,Q1,Gujarat,94.77,87.62,56.86,6.0,7.0,4.3,86.0,75,0,0,0,0,1,6,43.0,1,1
2026-02-01,2026,2,Q1,Haryana,94.77,87.62,56.86,6.0,7.0,4.3,86.0,75,0,0,0,0,1,6,43.0,1,1
2026-02-01,2026,2,Q1,Himachal Pradesh,94.77,87.62,56.86,6.0,7.0,4.3,86.0,75,0,0,0,0,1,6,43.0,1,1
2026-02-01,2026,2,Q1,Jammu and Kashmir,94.77,87.62,56.86,6.0,7.0,4.3,86.0,75,0,0,0,0,1,6,43.0,1,1
2026-02-01,2026,2,Q1,Jharkhand,94.77,87.62,56.86,6.0,7.0,4.3,86.0,75,0,0,0,0,1,6,43.0,1,1
2026-02-01,2026,2,Q1,Karnataka,94.77,87.62,56.86,6.0,7.0,4.3,86.0,75,0,0,0,0,1,6,43.0,1,1
2026-02-01,2026,2,Q1,Kerala,94.77,87.62,56.86,6.0,7.0,4.3,86.0,75,0,0,0,0,1,6,43.0,1,1
2026-02-01,2026,2,Q1,Ladakh,94.77,87.62,56.86,6.0,7.0,4.3,86.0,75,0,0,0,0,1,6,43.0,1,1
2026-02-01,2026,2,Q1,Lakshadweep,94.77,87.62,56.86,6.0,7.0,4.3,86.0,75,0,0,0,0,1,6,43.0,1,1
2026-02-01,2026,2,Q1,Madhya Pradesh,94.77,87.62,56.86,6.0,7.0,4.3,86.0,75,0,0,0,0,1,6,43.0,1,1
2026-02-01,2026,2,Q1,Maharashtra,94.77,87.62,56.86,6.0,7.0,4.3,86.0,75,0,0,0,0,1,6,43.0,1,1
2026-02-01,2026,2,Q1,Manipur,94.77,87.62,56.86,6.0,7.0,4.3,86.0,75,0,0,0,0,1,6,43.0,1,1
2026-02-01,2026,2,Q1,Meghalaya,94.77,87.62,56.86,6.0,7.0,4.3,86.0,75,0,0,0,0,1,6,43.0,1,1
2026-02-01,2026,2,Q1,Mizoram,94.77,87.62,56.86,6.0,7.0,4.3,86.0,75,0,0,0,0,1,6,43.0,1,1
2026-02-01,2026,2,Q1,Nagaland,94.77,87.62,56.86,6.0,7.0,4.3,86.0,75,0,0,0,0,1,6,43.0,1,1
2026-02-01,2026,2,Q1,Odisha,94.77,87.62,56.86,6.0,7.0,4.3,86.0,75,0,0,0,0,1,6,43.0,1,1
2026-02-01,2026,2,Q1,Puducherry,94.77,87.62,56.86,6.0,7.0,4.3,86.0,75,0,0,0,0,1,6,43.0,1,1
2026-02-01,2026,2,Q1,Punjab,94.77,87.62,56.86,6.0,7.0,4.3,86.0,75,0,0,0,0,1,6,43.0,1,1
2026-02-01,2026,2,Q1,Rajasthan,94.77,87.62,56.86,6.0,7.0,4.3,86.0,75,0,0,0,0,1,6,43.0,1,1
2026-02-01,2026,2,Q1,Sikkim,94.77,87.62,56.86,6.0,7.0,4.3,86.0,75,0,0,0,0,1,6,43.0,1,1
2026-02-01,2026,2,Q1,Tamil Nadu,94.77,87.62,56.86,6.0,7.0,4.3,86.0,75,0,0,0,0,1,6,43.0,1,1
2026-02-01,2026,2,Q1,Telangana,94.77,87.62,56.86,6.0,7.0,4.3,86.0,75,0,0,0,0,1,6,43.0,1,1
2026-02-01,2026,2,Q1,Tripura,94.77,87.62,56.86,6.0,7.0,4.3,86.0,75,0,0,0,0,1,6,43.0,1,1
2026-02-01,2026,2,Q1,Uttar Pradesh,94.77,87.62,56.86,6.0,7.0,4.3,86.0,75,0,0,0,0,1,6,43.0,1,1
2026-02-01,2026,2,Q1,Uttarakhand,94.77,87.62,56.86,6.0,7.0,4.3,86.0,75,0,0,0,0,1,6,43.0,1,1
2026-02-01,2026,2,Q1,West Bengal,94.77,87.62,56.86,6.0,7.0,4.3,86.0,75,0,0,0,0,1,6,43.0,1,1
2026-02-01,2026,2,Q1,All India,94.77,87.62,56.86,6.0,7.0,4.3,86.0,75,0,0,0,0,1,6,43.0,1,1
2026-03-01,2026,3,Q1,Andaman & Nicobar Island,94.77,87.62,56.86,6.0,7.0,4.3,86.0,75,0,0,0,1,0,3,43.0,1,1
2026-03-01,2026,3,Q1,Andhra Pradesh,94.77,87.62,56.86,6.0,7.0,4.3,86.0,75,0,0,0,1,0,3,43.0,1,1
2026-03-01,2026,3,Q1,Arunachal Pradesh,94.77,87.62,56.86,6.0,7.0,4.3,86.0,75,0,0,0,1,0,3,43.0,1,1
2026-03-01,2026,3,Q1,Assam,94.77,87.62,56.86,6.0,7.0,4.3,86.0,75,0,0,0,1,0,3,43.0,1,1
2026-03-01,2026,3,Q1,Bihar,94.77,87.62,56.86,6.0,7.0,4.3,86.0,75,0,0,0,1,0,3,43.0,1,1
2026-03-01,2026,3,Q1,Chandigarh,94.77,87.62,56.86,6.0,7.0,4.3,86.0,75,0,0,0,1,0,3,43.0,1,1
2026-03-01,2026,3,Q1,Chhattisgarh,94.77,87.62,56.86,6.0,7.0,4.3,86.0,75,0,0,0,1,0,3,43.0,1,1
2026-03-01,2026,3,Q1,Dadra and Nagar Haveli,94.77,87.62,56.86,6.0,7.0,4.3,86.0,75,0,0,0,1,0,3,43.0,1,1
2026-03-01,2026,3,Q1,Daman and Diu,94.77,87.62,56.86,6.0,7.0,4.3,86.0,75,0,0,0,1,0,3,43.0,1,1
2026-03-01,2026,3,Q1,Delhi,94.77,87.62,56.86,6.0,7.0,4.3,86.0,75,0,0,0,1,0,3,43.0,1,1
2026-03-01,2026,3,Q1,Goa,94.77,87.62,56.86,6.0,7.0,4.3,86.0,75,0,0,0,1,0,3,43.0,1,1
2026-03-01,2026,3,Q1,Gujarat,94.77,87.62,56.86,6.0,7.0,4.3,86.0,75,0,0,0,1,0,3,43.0,1,1
2026-03-01,2026,3,Q1,Haryana,94.77,87.62,56.86,6.0,7.0,4.3,86.0,75,0,0,0,1,0,3,43.0,1,1
2026-03-01,2026,3,Q1,Himachal Pradesh,94.77,87.62,56.86,6.0,7.0,4.3,86.0,75,0,0,0,1,0,3,43.0,1,1
2026-03-01,2026,3,Q1,Jammu and Kashmir,94.77,87.62,56.86,6.0,7.0,4.3,86.0,75,0,0,0,1,0,3,43.0,1,1
2026-03-01,2026,3,Q1,Jharkhand,94.77,87.62,56.86,6.0,7.0,4.3,86.0,75,0,0,0,1,0,3,43.0,1,1
2026-03-01,2026,3,Q1,Karnataka,94.77,87.62,56.86,6.0,7.0,4.3,86.0,75,0,0,0,1,0,3,43.0,1,1
2026-03-01,2026,3,Q1,Kerala,94.77,87.62,56.86,6.0,7.0,4.3,86.0,75,0,0,0,1,0,3,43.0,1,1
2026-03-01,2026,3,Q1,Ladakh,94.77,87.62,56.86,6.0,7.0,4.3,86.0,75,0,0,0,1,0,3,43.0,1,1
2026-03-01,2026,3,Q1,Lakshadweep,94.77,87.62,56.86,6.0,7.0,4.3,86.0,75,0,0,0,1,0,3,43.0,1,1
2026-03-01,2026,3,Q1,Madhya Pradesh,94.77,87.62,56.86,6.0,7.0,4.3,86.0,75,0,0,0,1,0,3,43.0,1,1
2026-03-01,2026,3,Q1,Maharashtra,94.77,87.62,56.86,6.0,7.0,4.3,86.0,75,0,0,0,1,0,3,43.0,1,1
2026-03-01,2026,3,Q1,Manipur,94.77,87.62,56.86,6.0,7.0,4.3,86.0,75,0,0,0,1,0,3,43.0,1,1
2026-03-01,2026,3,Q1,Meghalaya,94.77,87.62,56.86,6.0,7.0,4.3,86.0,75,0,0,0,1,0,3,43.0,1,1
2026-03-01,2026,3,Q1,Mizoram,94.77,87.62,56.86,6.0,7.0,4.3,86.0,75,0,0,0,1,0,3,43.0,1,1
2026-03-01,2026,3,Q1,Nagaland,94.77,87.62,56.86,6.0,7.0,4.3,86.0,75,0,0,0,1,0,3,43.0,1,1
2026-03-01,2026,3,Q1,Odisha,94.77,87.62,56.86,6.0,7.0,4.3,86.0,75,0,0,0,1,0,3,43.0,1,1
2026-03-01,2026,3,Q1,Puducherry,94.77,87.62,56.86,6.0,7.0,4.3,86.0,75,0,0,0,1,0,3,43.0,1,1
2026-03-01,2026,3,Q1,Punjab,94.77,87.62,56.86,6.0,7.0,4.3,86.0,75,0,0,0,1,0,3,43.0,1,1
2026-03-01,2026,3,Q1,Rajasthan,94.77,87.62,56.86,6.0,7.0,4.3,86.0,75,0,0,0,1,0,3,43.0,1,1
2026-03-01,2026,3,Q1,Sikkim,94.77,87.62,56.86,6.0,7.0,4.3,86.0,75,0,0,0,1,0,3,43.0,1,1
2026-03-01,2026,3,Q1,Tamil Nadu,94.77,87.62,56.86,6.0,7.0,4.3,86.0,75,0,0,0,1,0,3,43.0,1,1
2026-03-01,2026,3,Q1,Telangana,94.77,87.62,56.86,6.0,7.0,4.3,86.0,75,0,0,0,1,0,3,43.0,1,1
2026-03-01,2026,3,Q1,Tripura,94.77,87.62,56.86,6.0,7.0,4.3,86.0,75,0,0,0,1,0,3,43.0,1,1
2026-03-01,2026,3,Q1,Uttar Pradesh,94.77,87.62,56.86,6.0,7.0,4.3,86.0,75,0,0,0,1,0,3,43.0,1,1
2026-03-01,2026,3,Q1,Uttarakhand,94.77,87.62,56.86,6.0,7.0,4.3,86.0,75,0,0,0,1,0,3,43.0,1,1
2026-03-01,2026,3,Q1,West Bengal,94.77,87.62,56.86,6.0,7.0,4.3,86.0,75,0,0,0,1,0,3,43.0,1,1
2026-03-01,2026,3,Q1,All India,94.77,87.62,56.86,6.0,7.0,4.3,86.0,75,0,0,0,1,0,3,43.0,1,1
2026-04-01,2026,4,Q2,Andaman & Nicobar Island,94.77,87.62,56.86,6.0,7.0,4.3,86.0,75,0,0,1,0,0,3,43.0,1,1
2026-04-01,2026,4,Q2,Andhra Pradesh,94.77,87.62,56.86,6.0,7.0,4.3,86.0,75,0,0,1,0,0,3,43.0,1,1
2026-04-01,2026,4,Q2,Arunachal Pradesh,94.77,87.62,56.86,6.0,7.0,4.3,86.0,75,0,0,1,0,0,3,43.0,1,1
2026-04-01,2026,4,Q2,Assam,94.77,87.62,56.86,6.0,7.0,4.3,86.0,75,0,0,1,0,0,3,43.0,1,1
2026-04-01,2026,4,Q2,Bihar,94.77,87.62,56.86,6.0,7.0,4.3,86.0,75,0,0,1,0,0,3,43.0,1,1
2026-04-01,2026,4,Q2,Chandigarh,94.77,87.62,56.86,6.0,7.0,4.3,86.0,75,0,0,1,0,0,3,43.0,1,1
2026-04-01,2026,4,Q2,Chhattisgarh,94.77,87.62,56.86,6.0,7.0,4.3,86.0,75,0,0,1,0,0,3,43.0,1,1
2026-04-01,2026,4,Q2,Dadra and Nagar Haveli,94.77,87.62,56.86,6.0,7.0,4.3,86.0,75,0,0,1,0,0,3,43.0,1,1
2026-04-01,2026,4,Q2,Daman and Diu,94.77,87.62,56.86,6.0,7.0,4.3,86.0,75,0,0,1,0,0,3,43.0,1,1
2026-04-01,2026,4,Q2,Delhi,94.77,87.62,56.86,6.0,7.0,4.3,86.0,75,0,0,1,0,0,3,43.0,1,1
2026-04-01,2026,4,Q2,Goa,94.77,87.62,56.86,6.0,7.0,4.3,86.0,75,0,0,1,0,0,3,43.0,1,1
2026-04-01,2026,4,Q2,Gujarat,94.77,87.62,56.86,6.0,7.0,4.3,86.0,75,0,0,1,0,0,3,43.0,1,1
2026-04-01,2026,4,Q2,Haryana,94.77,87.62,56.86,6.0,7.0,4.3,86.0,75,0,0,1,0,0,3,43.0,1,1
2026-04-01,2026,4,Q2,Himachal Pradesh,94.77,87.62,56.86,6.0,7.0,4.3,86.0,75,0,0,1,0,0,3,43.0,1,1
2026-04-01,2026,4,Q2,Jammu and Kashmir,94.77,87.62,56.86,6.0,7.0,4.3,86.0,75,0,0,1,0,0,3,43.0,1,1
2026-04-01,2026,4,Q2,Jharkhand,94.77,87.62,56.86,6.0,7.0,4.3,86.0,75,0,0,1,0,0,3,43.0,1,1
2026-04-01,2026,4,Q2,Karnataka,94.77,87.62,56.86,6.0,7.0,4.3,86.0,75,0,0,1,0,0,3,43.0,1,1
2026-04-01,2026,4,Q2,Kerala,94.77,87.62,56.86,6.0,7.0,4.3,86.0,75,0,0,1,0,0,3,43.0,1,1
2026-04-01,2026,4,Q2,Ladakh,94.77,87.62,56.86,6.0,7.0,4.3,86.0,75,0,0,1,0,0,3,43.0,1,1
2026-04-01,2026,4,Q2,Lakshadweep,94.77,87.62,56.86,6.0,7.0,4.3,86.0,75,0,0,1,0,0,3,43.0,1,1
2026-04-01,2026,4,Q2,Madhya Pradesh,94.77,87.62,56.86,6.0,7.0,4.3,86.0,75,0,0,1,0,0,3,43.0,1,1
2026-04-01,2026,4,Q2,Maharashtra,94.77,87.62,56.86,6.0,7.0,4.3,86.0,75,0,0,1,0,0,3,43.0,1,1
2026-04-01,2026,4,Q2,Manipur,94.77,87.62,56.86,6.0,7.0,4.3,86.0,75,0,0,1,0,0,3,43.0,1,1
2026-04-01,2026,4,Q2,Meghalaya,94.77,87.62,56.86,6.0,7.0,4.3,86.0,75,0,0,1,0,0,3,43.0,1,1
2026-04-01,2026,4,Q2,Mizoram,94.77,87.62,56.86,6.0,7.0,4.3,86.0,75,0,0,1,0,0,3,43.0,1,1
2026-04-01,2026,4,Q2,Nagaland,94.77,87.62,56.86,6.0,7.0,4.3,86.0,75,0,0,1,0,0,3,43.0,1,1
2026-04-01,2026,4,Q2,Odisha,94.77,87.62,56.86,6.0,7.0,4.3,86.0,75,0,0,1,0,0,3,43.0,1,1
2026-04-01,2026,4,Q2,Puducherry,94.77,87.62,56.86,6.0,7.0,4.3,86.0,75,0,0,1,0,0,3,43.0,1,1
2026-04-01,2026,4,Q2,Punjab,94.77,87.62,56.86,6.0,7.0,4.3,86.0,75,0,0,1,0,0,3,43.0,1,1
2026-04-01,2026,4,Q2,Rajasthan,94.77,87.62,56.86,6.0,7.0,4.3,86.0,75,0,0,1,0,0,3,43.0,1,1
2026-04-01,2026,4,Q2,Sikkim,94.77,87.62,56.86,6.0,7.0,4.3,86.0,75,0,0,1,0,0,3,43.0,1,1
2026-04-01,2026,4,Q2,Tamil Nadu,94.77,87.62,56.86,6.0,7.0,4.3,86.0,75,0,0,1,0,0,3,43.0,1,1
2026-04-01,2026,4,Q2,Telangana,94.77,87.62,56.86,6.0,7.0,4.3,86.0,75,0,0,1,0,0,3,43.0,1,1
2026-04-01,2026,4,Q2,Tripura,94.77,87.62,56.86,6.0,7.0,4.3,86.0,75,0,0,1,0,0,3,43.0,1,1
2026-04-01,2026,4,Q2,Uttar Pradesh,94.77,87.62,56.86,6.0,7.0,4.3,86.0,75,0,0,1,0,0,3,43.0,1,1
2026-04-01,2026,4,Q2,Uttarakhand,94.77,87.62,56.86,6.0,7.0,4.3,86.0,75,0,0,1,0,0,3,43.0,1,1
2026-04-01,2026,4,Q2,West Bengal,94.77,87.62,56.86,6.0,7.0,4.3,86.0,75,0,0,1,0,0,3,43.0,1,1
2026-04-01,2026,4,Q2,All India,94.77,87.62,56.86,6.0,7.0,4.3,86.0,75,0,0,1,0,0,3,43.0,1,1
2026-05-01,2026,5,Q2,Andaman & Nicobar Island,94.77,87.62,56.86,6.0,7.0,4.3,86.0,75,0,0,1,0,0,3,43.0,1,1
2026-05-01,2026,5,Q2,Andhra Pradesh,94.77,87.62,56.86,6.0,7.0,4.3,86.0,75,0,0,1,0,0,3,43.0,1,1
2026-05-01,2026,5,Q2,Arunachal Pradesh,94.77,87.62,56.86,6.0,7.0,4.3,86.0,75,0,0,1,0,0,3,43.0,1,1
2026-05-01,2026,5,Q2,Assam,94.77,87.62,56.86,6.0,7.0,4.3,86.0,75,0,0,1,0,0,3,43.0,1,1
2026-05-01,2026,5,Q2,Bihar,94.77,87.62,56.86,6.0,7.0,4.3,86.0,75,0,0,1,0,0,3,43.0,1,1
2026-05-01,2026,5,Q2,Chandigarh,94.77,87.62,56.86,6.0,7.0,4.3,86.0,75,0,0,1,0,0,3,43.0,1,1
2026-05-01,2026,5,Q2,Chhattisgarh,94.77,87.62,56.86,6.0,7.0,4.3,86.0,75,0,0,1,0,0,3,43.0,1,1
2026-05-01,2026,5,Q2,Dadra and Nagar Haveli,94.77,87.62,56.86,6.0,7.0,4.3,86.0,75,0,0,1,0,0,3,43.0,1,1
2026-05-01,2026,5,Q2,Daman and Diu,94.77,87.62,56.86,6.0,7.0,4.3,86.0,75,0,0,1,0,0,3,43.0,1,1
2026-05-01,2026,5,Q2,Delhi,94.77,87.62,56.86,6.0,7.0,4.3,86.0,75,0,0,1,0,0,3,43.0,1,1
2026-05-01,2026,5,Q2,Goa,94.77,87.62,56.86,6.0,7.0,4.3,86.0,75,0,0,1,0,0,3,43.0,1,1
2026-05-01,2026,5,Q2,Gujarat,94.77,87.62,56.86,6.0,7.0,4.3,86.0,75,0,0,1,0,0,3,43.0,1,1
2026-05-01,2026,5,Q2,Haryana,94.77,87.62,56.86,6.0,7.0,4.3,86.0,75,0,0,1,0,0,3,43.0,1,1
2026-05-01,2026,5,Q2,Himachal Pradesh,94.77,87.62,56.86,6.0,7.0,4.3,86.0,75,0,0,1,0,0,3,43.0,1,1
2026-05-01,2026,5,Q2,Jammu and Kashmir,94.77,87.62,56.86,6.0,7.0,4.3,86.0,75,0,0,1,0,0,3,43.0,1,1
2026-05-01,2026,5,Q2,Jharkhand,94.77,87.62,56.86,6.0,7.0,4.3,86.0,75,0,0,1,0,0,3,43.0,1,1
2026-05-01,2026,5,Q2,Karnataka,94.77,87.62,56.86,6.0,7.0,4.3,86.0,75,0,0,1,0,0,3,43.0,1,1
2026-05-01,2026,5,Q2,Kerala,94.77,87.62,56.86,6.0,7.0,4.3,86.0,75,0,0,1,0,0,3,43.0,1,1
2026-05-01,2026,5,Q2,Ladakh,94.77,87.62,56.86,6.0,7.0,4.3,86.0,75,0,0,1,0,0,3,43.0,1,1
2026-05-01,2026,5,Q2,Lakshadweep,94.77,87.62,56.86,6.0,7.0,4.3,86.0,75,0,0,1,0,0,3,43.0,1,1
2026-05-01,2026,5,Q2,Madhya Pradesh,94.77,87.62,56.86,6.0,7.0,4.3,86.0,75,0,0,1,0,0,3,43.0,1,1
2026-05-01,2026,5,Q2,Maharashtra,94.77,87.62,56.86,6.0,7.0,4.3,86.0,75,0,0,1,0,0,3,43.0,1,1
2026-05-01,2026,5,Q2,Manipur,94.77,87.62,56.86,6.0,7.0,4.3,86.0,75,0,0,1,0,0,3,43.0,1,1
2026-05-01,2026,5,Q2,Meghalaya,94.77,87.62,56.86,6.0,7.0,4.3,86.0,75,0,0,1,0,0,3,43.0,1,1
2026-05-01,2026,5,Q2,Mizoram,94.77,87.62,56.86,6.0,7.0,4.3,86.0,75,0,0,1,0,0,3,43.0,1,1
2026-05-01,2026,5,Q2,Nagaland,94.77,87.62,56.86,6.0,7.0,4.3,86.0,75,0,0,1,0,0,3,43.0,1,1
2026-05-01,2026,5,Q2,Odisha,94.77,87.62,56.86,6.0,7.0,4.3,86.0,75,0,0,1,0,0,3,43.0,1,1
2026-05-01,2026,5,Q2,Puducherry,94.77,87.62,56.86,6.0,7.0,4.3,86.0,75,0,0,1,0,0,3,43.0,1,1
2026-05-01,2026,5,Q2,Punjab,94.77,87.62,56.86,6.0,7.0,4.3,86.0,75,0,0,1,0,0,3,43.0,1,1
2026-05-01,2026,5,Q2,Rajasthan,94.77,87.62,56.86,6.0,7.0,4.3,86.0,75,0,0,1,0,0,3,43.0,1,1
2026-05-01,2026,5,Q2,Sikkim,94.77,87.62,56.86,6.0,7.0,4.3,86.0,75,0,0,1,0,0,3,43.0,1,1
2026-05-01,2026,5,Q2,Tamil Nadu,94.77,87.62,56.86,6.0,7.0,4.3,86.0,75,0,0,1,0,0,3,43.0,1,1
2026-05-01,2026,5,Q2,Telangana,94.77,87.62,56.86,6.0,7.0,4.3,86.0,75,0,0,1,0,0,3,43.0,1,1
2026-05-01,2026,5,Q2,Tripura,94.77,87.62,56.86,6.0,7.0,4.3,86.0,75,0,0,1,0,0,3,43.0,1,1
2026-05-01,2026,5,Q2,Uttar Pradesh,94.77,87.62,56.86,6.0,7.0,4.3,86.0,75,0,0,1,0,0,3,43.0,1,1
2026-05-01,2026,5,Q2,Uttarakhand,94.77,87.62,56.86,6.0,7.0,4.3,86.0,75,0,0,1,0,0,3,43.0,1,1
2026-05-01,2026,5,Q2,West Bengal,94.77,87.62,56.86,6.0,7.0,4.3,86.0,75,0,0,1,0,0,3,43.0,1,1
2026-05-01,2026,5,Q2,All India,94.77,87.62,56.86,6.0,7.0,4.3,86.0,75,0,0,1,0,0,3,43.0,1,1
2026-06-01,2026,6,Q2,Andaman & Nicobar Island,94.77,87.62,56.86,6.0,7.0,4.3,86.0,75,0,0,0,0,0,3,43.0,1,1
2026-06-01,2026,6,Q2,Andhra Pradesh,94.77,87.62,56.86,6.0,7.0,4.3,86.0,75,0,0,0,0,0,3,43.0,1,1
2026-06-01,2026,6,Q2,Arunachal Pradesh,94.77,87.62,56.86,6.0,7.0,4.3,86.0,75,0,0,0,0,0,3,43.0,1,1
2026-06-01,2026,6,Q2,Assam,94.77,87.62,56.86,6.0,7.0,4.3,86.0,75,0,0,0,0,0,3,43.0,1,1
2026-06-01,2026,6,Q2,Bihar,94.77,87.62,56.86,6.0,7.0,4.3,86.0,75,0,0,0,0,0,3,43.0,1,1
2026-06-01,2026,6,Q2,Chandigarh,94.77,87.62,56.86,6.0,7.0,4.3,86.0,75,0,0,0,0,0,3,43.0,1,1
2026-06-01,2026,6,Q2,Chhattisgarh,94.77,87.62,56.86,6.0,7.0,4.3,86.0,75,0,0,0,0,0,3,43.0,1,1
2026-06-01,2026,6,Q2,Dadra and Nagar Haveli,94.77,87.62,56.86,6.0,7.0,4.3,86.0,75,0,0,0,0,0,3,43.0,1,1
2026-06-01,2026,6,Q2,Daman and Diu,94.77,87.62,56.86,6.0,7.0,4.3,86.0,75,0,0,0,0,0,3,43.0,1,1
2026-06-01,2026,6,Q2,Delhi,94.77,87.62,56.86,6.0,7.0,4.3,86.0,75,0,0,0,0,0,3,43.0,1,1
2026-06-01,2026,6,Q2,Goa,94.77,87.62,56.86,6.0,7.0,4.3,86.0,75,0,0,0,0,0,3,43.0,1,1
2026-06-01,2026,6,Q2,Gujarat,94.77,87.62,56.86,6.0,7.0,4.3,86.0,75,0,0,0,0,0,3,43.0,1,1
2026-06-01,2026,6,Q2,Haryana,94.77,87.62,56.86,6.0,7.0,4.3,86.0,75,0,0,0,0,0,3,43.0,1,1
2026-06-01,2026,6,Q2,Himachal Pradesh,94.77,87.62,56.86,6.0,7.0,4.3,86.0,75,0,0,0,0,0,3,43.0,1,1
2026-06-01,2026,6,Q2,Jammu and Kashmir,94.77,87.62,56.86,6.0,7.0,4.3,86.0,75,0,0,0,0,0,3,43.0,1,1
2026-06-01,2026,6,Q2,Jharkhand,94.77,87.62,56.86,6.0,7.0,4.3,86.0,75,0,0,0,0,0,3,43.0,1,1
2026-06-01,2026,6,Q2,Karnataka,94.77,87.62,56.86,6.0,7.0,4.3,86.0,75,0,0,0,0,0,3,43.0,1,1
2026-06-01,2026,6,Q2,Kerala,94.77,87.62,56.86,6.0,7.0,4.3,86.0,75,0,0,0,0,0,3,43.0,1,1
2026-06-01,2026,6,Q2,Ladakh,94.77,87.62,56.86,6.0,7.0,4.3,86.0,75,0,0,0,0,0,3,43.0,1,1
2026-06-01,2026,6,Q2,Lakshadweep,94.77,87.62,56.86,6.0,7.0,4.3,86.0,75,0,0,0,0,0,3,43.0,1,1
2026-06-01,2026,6,Q2,Madhya Pradesh,94.77,87.62,56.86,6.0,7.0,4.3,86.0,75,0,0,0,0,0,3,43.0,1,1
2026-06-01,2026,6,Q2,Maharashtra,94.77,87.62,56.86,6.0,7.0,4.3,86.0,75,0,0,0,0,0,3,43.0,1,1
2026-06-01,2026,6,Q2,Manipur,94.77,87.62,56.86,6.0,7.0,4.3,86.0,75,0,0,0,0,0,3,43.0,1,1
2026-06-01,2026,6,Q2,Meghalaya,94.77,87.62,56.86,6.0,7.0,4.3,86.0,75,0,0,0,0,0,3,43.0,1,1
2026-06-01,2026,6,Q2,Mizoram,94.77,87.62,56.86,6.0,7.0,4.3,86.0,75,0,0,0,0,0,3,43.0,1,1
2026-06-01,2026,6,Q2,Nagaland,94.77,87.62,56.86,6.0,7.0,4.3,86.0,75,0,0,0,0,0,3,43.0,1,1
2026-06-01,2026,6,Q2,Odisha,94.77,87.62,56.86,6.0,7.0,4.3,86.0,75,0,0,0,0,0,3,43.0,1,1
2026-06-01,2026,6,Q2,Puducherry,94.77,87.62,56.86,6.0,7.0,4.3,86.0,75,0,0,0,0,0,3,43.0,1,1
2026-06-01,2026,6,Q2,Punjab,94.77,87.62,56.86,6.0,7.0,4.3,86.0,75,0,0,0,0,0,3,43.0,1,1
2026-06-01,2026,6,Q2,Rajasthan,94.77,87.62,56.86,6.0,7.0,4.3,86.0,75,0,0,0,0,0,3,43.0,1,1
2026-06-01,2026,6,Q2,Sikkim,94.77,87.62,56.86,6.0,7.0,4.3,86.0,75,0,0,0,0,0,3,43.0,1,1
2026-06-01,2026,6,Q2,Tamil Nadu,94.77,87.62,56.86,6.0,7.0,4.3,86.0,75,0,0,0,0,0,3,43.0,1,1
2026-06-01,2026,6,Q2,Telangana,94.77,87.62,56.86,6.0,7.0,4.3,86.0,75,0,0,0,0,0,3,43.0,1,1
2026-06-01,2026,6,Q2,Tripura,94.77,87.62,56.86,6.0,7.0,4.3,86.0,75,0,0,0,0,0,3,43.0,1,1
2026-06-01,2026,6,Q2,Uttar Pradesh,94.77,87.62,56.86,6.0,7.0,4.3,86.0,75,0,0,0,0,0,3,43.0,1,1
2026-06-01,2026,6,Q2,Uttarakhand,94.77,87.62,56.86,6.0,7.0,4.3,86.0,75,0,0,0,0,0,3,43.0,1,1
2026-06-01,2026,6,Q2,West Bengal,94.77,87.62,56.86,6.0,7.0,4.3,86.0,75,0,0,0,0,0,3,43.0,1,1
2026-06-01,2026,6,Q2,All India,94.77,87.62,56.86,6.0,7.0,4.3,86.0,75,0,0,0,0,0,3,43.0,1,1
